# Blender 4.4.3
# www.blender.org
mtllib CONE.mtl
o CONE
v 59.726482 -1.659456 -6.011733
v 59.712036 -1.659456 -5.715945
v 59.605469 -1.659456 -5.664454
v 59.416248 -1.659456 -5.730389
v 59.430695 -1.659456 -6.026177
v 59.537262 -1.659456 -6.077668
v 59.560825 -1.049802 -5.926781
v 59.519272 -1.049802 -5.863807
v 59.533306 -1.049802 -5.834756
v 59.581905 -1.049802 -5.815341
v 59.623459 -1.049802 -5.878314
v 59.609425 -1.049802 -5.907366
v 59.430695 -1.625180 -6.026177
v 59.537262 -1.625180 -6.077668
v 59.472023 -1.604772 -5.980604
v 59.547283 -1.604772 -6.016967
v 59.534264 -1.049802 -5.913948
v 59.364758 -1.659456 -5.836959
v 59.416248 -1.625180 -5.730389
v 59.364758 -1.625180 -5.836959
v 59.461823 -1.604772 -5.771718
v 59.425457 -1.604772 -5.846978
v 59.712036 -1.625180 -5.715945
v 59.605469 -1.625180 -5.664454
v 59.670708 -1.604772 -5.761518
v 59.595448 -1.604772 -5.725154
v 59.608467 -1.049802 -5.828174
v 59.777973 -1.659456 -5.905162
v 59.726482 -1.625180 -6.011733
v 59.777973 -1.625180 -5.905162
v 59.680908 -1.604772 -5.970404
v 59.717274 -1.604772 -5.895144
v 59.704742 -1.659456 -5.041345
v 59.410885 -1.659456 -5.078047
v 59.367573 -1.659456 -5.188196
v 59.447586 -1.659456 -5.371904
v 59.741444 -1.659456 -5.335202
v 59.784756 -1.659456 -5.225053
v 59.632523 -1.049802 -5.212936
v 59.572857 -1.049802 -5.259118
v 59.542831 -1.049802 -5.247311
v 59.519806 -1.049802 -5.200313
v 59.579472 -1.049802 -5.154131
v 59.609497 -1.049802 -5.165938
v 59.741444 -1.625179 -5.335202
v 59.784756 -1.625179 -5.225053
v 59.692886 -1.604772 -5.297426
v 59.723473 -1.604772 -5.219639
v 59.621727 -1.049802 -5.240388
v 59.557735 -1.659456 -5.415215
v 59.447586 -1.625179 -5.371904
v 59.557735 -1.625179 -5.415215
v 59.485363 -1.604772 -5.323345
v 59.563148 -1.604772 -5.353931
v 59.410885 -1.625179 -5.078047
v 59.367573 -1.625179 -5.188196
v 59.459442 -1.604772 -5.115823
v 59.428856 -1.604772 -5.193610
v 59.530602 -1.049802 -5.172861
v 59.594593 -1.659456 -4.998034
v 59.704742 -1.625179 -5.041345
v 59.594593 -1.625179 -4.998034
v 59.666965 -1.604772 -5.089904
v 59.589180 -1.604772 -5.059318
v 59.776104 -1.655550 6.767077
v 59.504807 -1.655550 6.885803
v 59.411263 -1.655550 6.813292
v 59.386082 -1.655550 6.614504
v 59.657379 -1.655550 6.495779
v 59.750923 -1.655550 6.568289
v 59.626297 -1.045896 6.656549
v 59.551411 -1.045896 6.647370
v 59.531643 -1.045896 6.672871
v 59.535889 -1.045896 6.725033
v 59.610775 -1.045896 6.734211
v 59.630543 -1.045896 6.708710
v 59.657379 -1.621271 6.495779
v 59.750923 -1.621271 6.568289
v 59.634968 -1.600865 6.553072
v 59.701027 -1.600865 6.604280
v 59.602982 -1.045896 6.638477
v 59.458591 -1.655550 6.520958
v 59.386082 -1.621271 6.614504
v 59.458591 -1.621271 6.520958
v 59.443375 -1.600865 6.636917
v 59.494583 -1.600865 6.570855
v 59.504807 -1.621271 6.885803
v 59.411263 -1.621271 6.813292
v 59.527218 -1.600865 6.828509
v 59.461159 -1.600865 6.777301
v 59.559204 -1.045896 6.743104
v 59.703594 -1.655550 6.860623
v 59.776104 -1.621271 6.767077
v 59.703594 -1.621271 6.860623
v 59.718811 -1.600865 6.744665
v 59.667603 -1.600865 6.810727
v 59.726482 -1.613015 7.199979
v 59.712036 -1.613015 7.495767
v 59.605469 -1.613015 7.547258
v 59.416248 -1.613015 7.481323
v 59.430695 -1.613015 7.185535
v 59.537262 -1.613015 7.134044
v 59.560825 -1.003361 7.284931
v 59.519272 -1.003361 7.347905
v 59.533306 -1.003361 7.376956
v 59.581905 -1.003361 7.396371
v 59.623459 -1.003361 7.333397
v 59.609425 -1.003361 7.304346
v 59.430695 -1.578737 7.185535
v 59.537262 -1.578737 7.134044
v 59.472023 -1.558330 7.231108
v 59.547283 -1.558330 7.194745
v 59.534264 -1.003361 7.297764
v 59.364758 -1.613015 7.374753
v 59.416248 -1.578737 7.481323
v 59.364758 -1.578737 7.374753
v 59.461823 -1.558330 7.439994
v 59.425457 -1.558330 7.364734
v 59.712036 -1.578737 7.495767
v 59.605469 -1.578737 7.547258
v 59.670708 -1.558330 7.450194
v 59.595448 -1.558330 7.486557
v 59.608467 -1.003361 7.383538
v 59.777973 -1.613015 7.306550
v 59.726482 -1.578737 7.199979
v 59.777973 -1.578737 7.306550
v 59.680908 -1.558330 7.241308
v 59.717274 -1.558330 7.316568
v 59.704742 -1.585862 8.170367
v 59.410885 -1.585862 8.133665
v 59.367573 -1.585862 8.023517
v 59.447586 -1.585862 7.839808
v 59.741444 -1.585862 7.876511
v 59.784756 -1.585862 7.986659
v 59.632523 -0.976208 7.998776
v 59.572857 -0.976208 7.952595
v 59.542831 -0.976208 7.964402
v 59.519806 -0.976208 8.011399
v 59.579472 -0.976208 8.057581
v 59.609497 -0.976208 8.045774
v 59.741444 -1.551584 7.876511
v 59.784756 -1.551584 7.986659
v 59.692886 -1.531177 7.914286
v 59.723473 -1.531177 7.992074
v 59.621727 -0.976208 7.971324
v 59.557735 -1.585862 7.796498
v 59.447586 -1.551584 7.839808
v 59.557735 -1.551584 7.796498
v 59.485363 -1.531177 7.888367
v 59.563148 -1.531177 7.857781
v 59.410885 -1.551584 8.133665
v 59.367573 -1.551584 8.023517
v 59.459442 -1.531177 8.095889
v 59.428856 -1.531177 8.018103
v 59.530602 -0.976208 8.038852
v 59.594593 -1.585862 8.213678
v 59.704742 -1.551584 8.170367
v 59.594593 -1.551584 8.213678
v 59.666965 -1.531177 8.121809
v 59.589180 -1.531177 8.152394
v -67.642899 -1.667842 -18.897379
v -67.657341 -1.667842 -18.601593
v -67.763908 -1.667842 -18.550100
v -67.953125 -1.667842 -18.616037
v -67.938683 -1.667842 -18.911823
v -67.832115 -1.667842 -18.963316
v -67.808556 -1.058188 -18.812429
v -67.850105 -1.058188 -18.749454
v -67.836067 -1.058188 -18.720404
v -67.787468 -1.058188 -18.700987
v -67.745918 -1.058188 -18.763962
v -67.759956 -1.058188 -18.793013
v -67.938683 -1.633564 -18.911823
v -67.832115 -1.633564 -18.963316
v -67.897354 -1.613157 -18.866251
v -67.822098 -1.613157 -18.902615
v -67.835114 -1.058188 -18.799595
v -68.004616 -1.667842 -18.722607
v -67.953125 -1.633564 -18.616037
v -68.004616 -1.633564 -18.722607
v -67.907555 -1.613157 -18.657366
v -67.943916 -1.613157 -18.732626
v -67.657341 -1.633564 -18.601593
v -67.763908 -1.633564 -18.550100
v -67.698669 -1.613157 -18.647165
v -67.773926 -1.613157 -18.610802
v -67.760910 -1.058188 -18.713821
v -67.591408 -1.667842 -18.790810
v -67.642899 -1.633564 -18.897379
v -67.591408 -1.633564 -18.790810
v -67.688469 -1.613157 -18.856050
v -67.652107 -1.613157 -18.780790
v -67.593109 -1.667842 -19.330145
v -67.864410 -1.667842 -19.211418
v -67.957954 -1.667842 -19.283930
v -67.983139 -1.667842 -19.482718
v -67.711838 -1.667842 -19.601444
v -67.618294 -1.667842 -19.528933
v -67.742920 -1.058188 -19.440674
v -67.817810 -1.058188 -19.449852
v -67.837578 -1.058188 -19.424351
v -67.833328 -1.058188 -19.372189
v -67.758438 -1.058188 -19.363010
v -67.738670 -1.058188 -19.388512
v -67.711838 -1.633564 -19.601444
v -67.618294 -1.633564 -19.528933
v -67.734253 -1.613157 -19.544149
v -67.668190 -1.613157 -19.492943
v -67.766235 -1.058188 -19.458746
v -67.910622 -1.667842 -19.576263
v -67.983139 -1.633564 -19.482718
v -67.910622 -1.633564 -19.576263
v -67.925842 -1.613157 -19.460304
v -67.874634 -1.613157 -19.526367
v -67.864410 -1.633564 -19.211418
v -67.957954 -1.633564 -19.283930
v -67.841995 -1.613157 -19.268713
v -67.908058 -1.613157 -19.319920
v -67.810013 -1.058188 -19.354116
v -67.665627 -1.667842 -19.236599
v -67.593109 -1.633564 -19.330145
v -67.665627 -1.633564 -19.236599
v -67.650406 -1.613157 -19.352558
v -67.701614 -1.613157 -19.286495
v -187.988983 0.011884 -5.455712
v -188.260284 0.011884 -5.336987
v -188.353821 0.011884 -5.409498
v -188.378998 0.011884 -5.608286
v -188.107697 0.011884 -5.727011
v -188.014160 0.011884 -5.654500
v -188.138794 0.621539 -5.566241
v -188.213669 0.621539 -5.575419
v -188.233444 0.621539 -5.549919
v -188.229187 0.621539 -5.497757
v -188.154312 0.621539 -5.488579
v -188.134537 0.621539 -5.514080
v -188.107697 0.046162 -5.727011
v -188.014160 0.046162 -5.654500
v -188.130112 0.066569 -5.669717
v -188.064056 0.066569 -5.618510
v -188.162094 0.621539 -5.584313
v -188.306488 0.011884 -5.701831
v -188.378998 0.046162 -5.608286
v -188.306488 0.046162 -5.701831
v -188.321701 0.066569 -5.585873
v -188.270508 0.066569 -5.651935
v -188.260284 0.046162 -5.336987
v -188.353821 0.046162 -5.409498
v -188.237869 0.066569 -5.394281
v -188.303925 0.066569 -5.445488
v -188.205887 0.621539 -5.479685
v -188.061493 0.011884 -5.362167
v -187.988983 0.046162 -5.455712
v -188.061493 0.046162 -5.362167
v -188.046280 0.066569 -5.478125
v -188.097473 0.066569 -5.412063
v -188.018860 -0.000376 -5.121539
v -188.033310 -0.000376 -4.825751
v -188.139877 -0.000376 -4.774260
v -188.329102 -0.000376 -4.840195
v -188.314651 -0.000376 -5.135983
v -188.208084 -0.000376 -5.187474
v -188.184525 0.609279 -5.036587
v -188.226074 0.609279 -4.973613
v -188.212036 0.609279 -4.944562
v -188.163437 0.609279 -4.925147
v -188.121887 0.609279 -4.988121
v -188.135925 0.609279 -5.017172
v -188.314651 0.033902 -5.135983
v -188.208084 0.033902 -5.187474
v -188.273331 0.054309 -5.090410
v -188.198059 0.054309 -5.126773
v -188.211090 0.609279 -5.023754
v -188.380585 -0.000376 -4.946765
v -188.329102 0.033902 -4.840195
v -188.380585 0.033902 -4.946765
v -188.283524 0.054309 -4.881524
v -188.319885 0.054309 -4.956784
v -188.033310 0.033902 -4.825751
v -188.139877 0.033902 -4.774260
v -188.074631 0.054309 -4.871324
v -188.149902 0.054309 -4.834960
v -188.136871 0.609279 -4.937980
v -187.967377 -0.000376 -5.014968
v -188.018860 0.033902 -5.121539
v -187.967377 0.033902 -5.014968
v -188.064438 0.054309 -5.080210
v -188.028076 0.054309 -5.004950
v -188.009216 0.011884 -5.949460
v -188.280518 0.011884 -5.830735
v -188.374054 0.011884 -5.903245
v -188.399231 0.011884 -6.102034
v -188.127930 0.011884 -6.220759
v -188.034393 0.011884 -6.148248
v -188.159027 0.621539 -6.059989
v -188.233902 0.621539 -6.069167
v -188.253677 0.621539 -6.043666
v -188.249420 0.621539 -5.991505
v -188.174545 0.621539 -5.982327
v -188.154770 0.621539 -6.007827
v -188.127930 0.046162 -6.220759
v -188.034393 0.046162 -6.148248
v -188.150345 0.066569 -6.163465
v -188.084290 0.066569 -6.112257
v -188.182327 0.621539 -6.078061
v -188.326721 0.011884 -6.195579
v -188.399231 0.046162 -6.102034
v -188.326721 0.046162 -6.195579
v -188.341934 0.066569 -6.079621
v -188.290741 0.066569 -6.145683
v -188.280518 0.046162 -5.830735
v -188.374054 0.046162 -5.903245
v -188.258102 0.066569 -5.888029
v -188.324158 0.066569 -5.939236
v -188.226120 0.621539 -5.973433
v -188.081726 0.011884 -5.855915
v -188.009216 0.046162 -5.949460
v -188.081726 0.046162 -5.855915
v -188.066513 0.066569 -5.971873
v -188.117706 0.066569 -5.905811
v 293.637085 -3.306681 -5.121539
v 293.622650 -3.306681 -4.825750
v 293.516052 -3.306681 -4.774260
v 293.326843 -3.306681 -4.840195
v 293.341278 -3.306681 -5.135983
v 293.447876 -3.306681 -5.187473
v 293.471436 -2.697026 -5.036587
v 293.429871 -2.697026 -4.973613
v 293.443909 -2.697026 -4.944562
v 293.492493 -2.697026 -4.925147
v 293.534058 -2.697026 -4.988121
v 293.520020 -2.697026 -5.017172
v 293.341278 -3.272403 -5.135983
v 293.447876 -3.272403 -5.187473
v 293.382629 -3.251997 -5.090410
v 293.457886 -3.251997 -5.126772
v 293.444855 -2.697026 -5.023754
v 293.275360 -3.306681 -4.946764
v 293.326843 -3.272403 -4.840195
v 293.275360 -3.272403 -4.946764
v 293.372406 -3.251997 -4.881524
v 293.336060 -3.251997 -4.956783
v 293.622650 -3.272403 -4.825750
v 293.516052 -3.272403 -4.774260
v 293.581299 -3.251997 -4.871324
v 293.506042 -3.251997 -4.834960
v 293.519073 -2.697026 -4.937980
v 293.688568 -3.306681 -5.014967
v 293.637085 -3.272403 -5.121539
v 293.688568 -3.272403 -5.014967
v 293.591522 -3.251997 -5.080210
v 293.627869 -3.251997 -5.004950
v 293.646729 -3.301569 -5.949460
v 293.375427 -3.301569 -5.830735
v 293.281891 -3.301569 -5.903244
v 293.256714 -3.301569 -6.102034
v 293.528015 -3.301569 -6.220758
v 293.621552 -3.301569 -6.148248
v 293.496918 -2.691916 -6.059989
v 293.422028 -2.691916 -6.069167
v 293.402283 -2.691916 -6.043666
v 293.406525 -2.691916 -5.991505
v 293.481415 -2.691916 -5.982327
v 293.501160 -2.691916 -6.007827
v 293.528015 -3.267292 -6.220758
v 293.621552 -3.267292 -6.148248
v 293.505585 -3.246885 -6.163465
v 293.571655 -3.246885 -6.112257
v 293.473602 -2.691916 -6.078061
v 293.329224 -3.301569 -6.195579
v 293.256714 -3.267292 -6.102034
v 293.329224 -3.267292 -6.195579
v 293.313995 -3.246885 -6.079620
v 293.365204 -3.246885 -6.145682
v 293.375427 -3.267292 -5.830735
v 293.281891 -3.267292 -5.903244
v 293.397858 -3.246885 -5.888029
v 293.331787 -3.246885 -5.939236
v 293.429840 -2.691916 -5.973433
v 293.574219 -3.301569 -5.855915
v 293.646729 -3.267292 -5.949460
v 293.574219 -3.267292 -5.855915
v 293.589447 -3.246885 -5.971872
v 293.538239 -3.246885 -5.905810
v 293.666931 -3.301569 -5.455711
v 293.395630 -3.301569 -5.336987
v 293.302094 -3.301569 -5.409498
v 293.276917 -3.301569 -5.608285
v 293.548218 -3.301569 -5.727011
v 293.641754 -3.301569 -5.654500
v 293.517120 -2.691916 -5.566241
v 293.442230 -2.691916 -5.575419
v 293.422485 -2.691916 -5.549919
v 293.426727 -2.691916 -5.497757
v 293.501617 -2.691916 -5.488579
v 293.521362 -2.691916 -5.514080
v 293.548218 -3.267292 -5.727011
v 293.641754 -3.267292 -5.654500
v 293.525787 -3.246885 -5.669716
v 293.591858 -3.246885 -5.618509
v 293.493805 -2.691916 -5.584313
v 293.349426 -3.301569 -5.701830
v 293.276917 -3.267292 -5.608285
v 293.349426 -3.267292 -5.701830
v 293.334198 -3.246885 -5.585873
v 293.385406 -3.246885 -5.651935
v 293.395630 -3.267292 -5.336987
v 293.302094 -3.267292 -5.409498
v 293.418060 -3.246885 -5.394280
v 293.351990 -3.246885 -5.445487
v 293.450043 -2.691916 -5.479685
v 293.594421 -3.301569 -5.362166
v 293.666931 -3.267292 -5.455711
v 293.594421 -3.267292 -5.362166
v 293.609650 -3.246885 -5.478125
v 293.558441 -3.246885 -5.412063
v -187.995468 19.552858 -434.427521
v -188.009918 19.552858 -434.131714
v -188.116486 19.552858 -434.080231
v -188.305710 19.552858 -434.146149
v -188.291260 19.552858 -434.441956
v -188.184692 19.552858 -434.493439
v -188.161133 20.162514 -434.342560
v -188.202682 20.162514 -434.279572
v -188.188644 20.162514 -434.250519
v -188.140045 20.162514 -434.231110
v -188.098495 20.162514 -434.294098
v -188.112534 20.162514 -434.323151
v -188.291260 19.587137 -434.441956
v -188.184692 19.587137 -434.493439
v -188.249939 19.607544 -434.396393
v -188.174667 19.607544 -434.432739
v -188.187698 20.162514 -434.329712
v -188.357193 19.552858 -434.252747
v -188.305710 19.587137 -434.146149
v -188.357193 19.587137 -434.252747
v -188.260132 19.607544 -434.187500
v -188.296494 19.607544 -434.262756
v -188.009918 19.587137 -434.131714
v -188.116486 19.587137 -434.080231
v -188.051239 19.607544 -434.177277
v -188.126511 19.607544 -434.140930
v -188.113480 20.162514 -434.243958
v -187.943985 19.552858 -434.320923
v -187.995468 19.587137 -434.427521
v -187.943985 19.587137 -434.320923
v -188.041046 19.607544 -434.386169
v -188.004684 19.607544 -434.310913
v -165.620590 17.528896 -417.143585
v -165.891891 17.528896 -417.024872
v -165.985428 17.528896 -417.097382
v -166.010605 17.528896 -417.296173
v -165.739304 17.528896 -417.414886
v -165.645767 17.528896 -417.342377
v -165.770401 18.138552 -417.254120
v -165.845276 18.138552 -417.263306
v -165.865051 18.138552 -417.237793
v -165.860794 18.138552 -417.185638
v -165.785919 18.138552 -417.176453
v -165.766144 18.138552 -417.201965
v -165.739304 17.563175 -417.414886
v -165.645767 17.563175 -417.342377
v -165.761719 17.583582 -417.357605
v -165.695663 17.583582 -417.306396
v -165.793701 18.138552 -417.272186
v -165.938095 17.528896 -417.389709
v -166.010605 17.563175 -417.296173
v -165.938095 17.563175 -417.389709
v -165.953308 17.583582 -417.273743
v -165.902115 17.583582 -417.339813
v -165.891891 17.563175 -417.024872
v -165.985428 17.563175 -417.097382
v -165.869476 17.583582 -417.082153
v -165.935532 17.583582 -417.133362
v -165.837494 18.138552 -417.167572
v -165.693100 17.528896 -417.050049
v -165.620590 17.563175 -417.143585
v -165.693100 17.563175 -417.050049
v -165.677887 17.583582 -417.166016
v -165.729080 17.583582 -417.099945
v -165.966187 17.528898 -416.723938
v -166.237488 17.528898 -416.605225
v -166.331024 17.528898 -416.677734
v -166.356201 17.528896 -416.876526
v -166.084900 17.528896 -416.995239
v -165.991364 17.528896 -416.922729
v -166.115997 18.138554 -416.834473
v -166.190872 18.138554 -416.843658
v -166.210648 18.138554 -416.818146
v -166.206390 18.138554 -416.765991
v -166.131516 18.138554 -416.756805
v -166.111740 18.138554 -416.782318
v -166.084900 17.563175 -416.995239
v -165.991364 17.563175 -416.922729
v -166.107315 17.583582 -416.937958
v -166.041260 17.583582 -416.886749
v -166.139297 18.138552 -416.852539
v -166.283691 17.528896 -416.970062
v -166.356201 17.563175 -416.876526
v -166.283691 17.563175 -416.970062
v -166.298904 17.583582 -416.854095
v -166.247711 17.583582 -416.920166
v -166.237488 17.563177 -416.605225
v -166.331024 17.563177 -416.677734
v -166.215073 17.583584 -416.662506
v -166.281128 17.583584 -416.713715
v -166.183090 18.138554 -416.747925
v -166.038696 17.528898 -416.630402
v -165.966187 17.563177 -416.723938
v -166.038696 17.563177 -416.630402
v -166.023483 17.583584 -416.746368
v -166.074677 17.583584 -416.680298
v -254.881012 19.426620 -327.281555
v -255.152313 19.426620 -327.162842
v -255.245850 19.426620 -327.235352
v -255.271027 19.426620 -327.434143
v -254.999725 19.426620 -327.552856
v -254.906189 19.426620 -327.480347
v -255.030823 20.036276 -327.392090
v -255.105698 20.036276 -327.401276
v -255.125473 20.036276 -327.375763
v -255.121216 20.036276 -327.323608
v -255.046341 20.036276 -327.314423
v -255.026566 20.036276 -327.339935
v -254.999725 19.460899 -327.552856
v -254.906189 19.460899 -327.480347
v -255.022141 19.481306 -327.495575
v -254.956085 19.481306 -327.444366
v -255.054123 20.036276 -327.410156
v -255.198517 19.426620 -327.527679
v -255.271027 19.460899 -327.434143
v -255.198517 19.460899 -327.527679
v -255.213730 19.481306 -327.411713
v -255.162537 19.481306 -327.477783
v -255.152313 19.460899 -327.162842
v -255.245850 19.460899 -327.235352
v -255.129898 19.481306 -327.220123
v -255.195953 19.481306 -327.271332
v -255.097916 20.036276 -327.305542
v -254.953522 19.426620 -327.188019
v -254.881012 19.460899 -327.281555
v -254.953522 19.460899 -327.188019
v -254.938309 19.481306 -327.303986
v -254.989502 19.481306 -327.237915
v -286.428223 14.861590 -228.638901
v -286.699524 14.861590 -228.520187
v -286.793060 14.861590 -228.592697
v -286.818237 14.861590 -228.791489
v -286.546936 14.861590 -228.910202
v -286.453400 14.861590 -228.837692
v -286.578033 15.471245 -228.749435
v -286.652924 15.471245 -228.758621
v -286.672668 15.471245 -228.733109
v -286.668427 15.471245 -228.680954
v -286.593536 15.471245 -228.671768
v -286.573792 15.471245 -228.697281
v -286.546936 14.895868 -228.910202
v -286.453400 14.895868 -228.837692
v -286.569366 14.916275 -228.852905
v -286.503296 14.916275 -228.801712
v -286.601349 15.471245 -228.767502
v -286.745728 14.861590 -228.885025
v -286.818237 14.895868 -228.791489
v -286.745728 14.895868 -228.885025
v -286.760956 14.916275 -228.769073
v -286.709747 14.916275 -228.835129
v -286.699524 14.895868 -228.520187
v -286.793060 14.895868 -228.592697
v -286.677094 14.916275 -228.577484
v -286.743164 14.916275 -228.628677
v -286.645111 15.471245 -228.662888
v -286.500732 14.861590 -228.545364
v -286.428223 14.895868 -228.638901
v -286.500732 14.895868 -228.545364
v -286.485504 14.916275 -228.661316
v -286.536713 14.916275 -228.595261
v -276.335876 15.732271 -243.885208
v -276.607178 15.732271 -243.766495
v -276.700714 15.732271 -243.839005
v -276.725891 15.732271 -244.037796
v -276.454590 15.732271 -244.156509
v -276.361053 15.732271 -244.084000
v -276.485687 16.341925 -243.995743
v -276.560577 16.341925 -244.004929
v -276.580322 16.341925 -243.979416
v -276.576080 16.341925 -243.927261
v -276.501190 16.341925 -243.918076
v -276.481445 16.341925 -243.943588
v -276.454590 15.766549 -244.156509
v -276.361053 15.766549 -244.084000
v -276.477020 15.786956 -244.099213
v -276.410950 15.786956 -244.048019
v -276.509003 16.341925 -244.013809
v -276.653381 15.732271 -244.131332
v -276.725891 15.766549 -244.037796
v -276.653381 15.766549 -244.131332
v -276.668610 15.786956 -244.015381
v -276.617401 15.786956 -244.081436
v -276.607178 15.766549 -243.766495
v -276.700714 15.766549 -243.839005
v -276.584747 15.786956 -243.823792
v -276.650818 15.786956 -243.874985
v -276.552765 16.341925 -243.909195
v -276.408386 15.732271 -243.791672
v -276.335876 15.766549 -243.885208
v -276.408386 15.766549 -243.791672
v -276.393158 15.786956 -243.907623
v -276.444366 15.786956 -243.841568
v -268.232574 17.119284 -269.046661
v -268.503876 17.119284 -268.927948
v -268.597412 17.119284 -269.000458
v -268.622589 17.119284 -269.199249
v -268.351288 17.119284 -269.317963
v -268.257751 17.119284 -269.245453
v -268.382385 17.728939 -269.157196
v -268.457275 17.728939 -269.166382
v -268.477020 17.728939 -269.140869
v -268.472778 17.728939 -269.088715
v -268.397888 17.728939 -269.079529
v -268.378143 17.728939 -269.105042
v -268.351288 17.153563 -269.317963
v -268.257751 17.153563 -269.245453
v -268.373718 17.173969 -269.260681
v -268.307648 17.173969 -269.209473
v -268.405701 17.728939 -269.175262
v -268.550079 17.119284 -269.292786
v -268.622589 17.153563 -269.199249
v -268.550079 17.153563 -269.292786
v -268.565308 17.173969 -269.176819
v -268.514099 17.173969 -269.242889
v -268.503876 17.153563 -268.927948
v -268.597412 17.153563 -269.000458
v -268.481445 17.173969 -268.985229
v -268.547516 17.173969 -269.036438
v -268.449463 17.728939 -269.070648
v -268.305084 17.119284 -268.953125
v -268.232574 17.153563 -269.046661
v -268.305084 17.153563 -268.953125
v -268.289856 17.173969 -269.069092
v -268.341064 17.173969 -269.003021
v 545.828125 -3.268650 -159.418839
v 545.813721 -3.268650 -159.123047
v 545.707153 -3.268650 -159.071564
v 545.517944 -3.268650 -159.137497
v 545.532349 -3.268650 -159.433289
v 545.638916 -3.268650 -159.484772
v 545.662476 -2.658996 -159.333893
v 545.620911 -2.658996 -159.270920
v 545.634949 -2.658996 -159.241867
v 545.683594 -2.658996 -159.222443
v 545.725159 -2.658996 -159.285416
v 545.711121 -2.658996 -159.314468
v 545.532349 -3.234372 -159.433289
v 545.638916 -3.234372 -159.484772
v 545.573669 -3.213965 -159.387711
v 545.648926 -3.213965 -159.424072
v 545.635925 -2.658996 -159.321060
v 545.466431 -3.268650 -159.244064
v 545.517944 -3.234372 -159.137497
v 545.466431 -3.234372 -159.244064
v 545.563477 -3.213965 -159.178818
v 545.527100 -3.213965 -159.254089
v 545.813721 -3.234372 -159.123047
v 545.707153 -3.234372 -159.071564
v 545.772400 -3.213965 -159.168625
v 545.697144 -3.213965 -159.132263
v 545.710144 -2.658996 -159.235275
v 545.879639 -3.268650 -159.312271
v 545.828125 -3.234372 -159.418839
v 545.879639 -3.234372 -159.312271
v 545.782593 -3.213965 -159.377518
v 545.818970 -3.213965 -159.302246
v 544.215332 -3.268649 -149.809952
v 544.200928 -3.268649 -149.514160
v 544.094360 -3.268649 -149.462677
v 543.905151 -3.268649 -149.528610
v 543.919556 -3.268649 -149.824402
v 544.026123 -3.268649 -149.875885
v 544.049683 -2.658995 -149.725006
v 544.008118 -2.658995 -149.662033
v 544.022156 -2.658995 -149.632980
v 544.070801 -2.658995 -149.613556
v 544.112366 -2.658995 -149.676529
v 544.098328 -2.658995 -149.705582
v 543.919556 -3.234371 -149.824402
v 544.026123 -3.234371 -149.875885
v 543.960876 -3.213964 -149.778824
v 544.036133 -3.213964 -149.815186
v 544.023132 -2.658995 -149.712173
v 543.853638 -3.268649 -149.635178
v 543.905151 -3.234371 -149.528610
v 543.853638 -3.234371 -149.635178
v 543.950684 -3.213964 -149.569931
v 543.914307 -3.213964 -149.645203
v 544.200928 -3.234371 -149.514160
v 544.094360 -3.234371 -149.462677
v 544.159607 -3.213964 -149.559738
v 544.084351 -3.213964 -149.523376
v 544.097351 -2.658995 -149.626389
v 544.266846 -3.268649 -149.703384
v 544.215332 -3.234371 -149.809952
v 544.266846 -3.234371 -149.703384
v 544.169800 -3.213964 -149.768631
v 544.206177 -3.213964 -149.693359
v 536.064270 -3.268649 -144.558167
v 536.049866 -3.268649 -144.262375
v 535.943298 -3.268649 -144.210892
v 535.754089 -3.268649 -144.276825
v 535.768494 -3.268649 -144.572617
v 535.875061 -3.268649 -144.624100
v 535.898621 -2.658995 -144.473221
v 535.857056 -2.658995 -144.410248
v 535.871094 -2.658995 -144.381195
v 535.919739 -2.658995 -144.361771
v 535.961304 -2.658995 -144.424744
v 535.947266 -2.658995 -144.453796
v 535.768494 -3.234371 -144.572617
v 535.875061 -3.234371 -144.624100
v 535.809814 -3.213964 -144.527039
v 535.885071 -3.213964 -144.563400
v 535.872070 -2.658995 -144.460388
v 535.702576 -3.268649 -144.383392
v 535.754089 -3.234371 -144.276825
v 535.702576 -3.234371 -144.383392
v 535.799622 -3.213964 -144.318146
v 535.763245 -3.213964 -144.393417
v 536.049866 -3.234371 -144.262375
v 535.943298 -3.234371 -144.210892
v 536.008545 -3.213964 -144.307953
v 535.933289 -3.213964 -144.271591
v 535.946289 -2.658995 -144.374603
v 536.115784 -3.268649 -144.451599
v 536.064270 -3.234371 -144.558167
v 536.115784 -3.234371 -144.451599
v 536.018738 -3.213964 -144.516846
v 536.055115 -3.213964 -144.441574
v 521.817017 -3.268647 -124.867447
v 521.802612 -3.268647 -124.571663
v 521.696045 -3.268647 -124.520172
v 521.506836 -3.268647 -124.586105
v 521.521240 -3.268647 -124.881889
v 521.627808 -3.268647 -124.933380
v 521.651367 -2.658993 -124.782494
v 521.609802 -2.658993 -124.719521
v 521.623840 -2.658993 -124.690468
v 521.672485 -2.658993 -124.671059
v 521.714050 -2.658993 -124.734032
v 521.700012 -2.658993 -124.763084
v 521.521240 -3.234370 -124.881889
v 521.627808 -3.234370 -124.933380
v 521.562561 -3.213963 -124.836319
v 521.637817 -3.213963 -124.872681
v 521.624817 -2.658993 -124.769661
v 521.455322 -3.268647 -124.692673
v 521.506836 -3.234369 -124.586105
v 521.455322 -3.234369 -124.692673
v 521.552368 -3.213962 -124.627434
v 521.515991 -3.213962 -124.702690
v 521.802612 -3.234369 -124.571663
v 521.696045 -3.234369 -124.520172
v 521.761292 -3.213962 -124.617233
v 521.686035 -3.213962 -124.580872
v 521.699036 -2.658993 -124.683891
v 521.868530 -3.268647 -124.760880
v 521.817017 -3.234370 -124.867447
v 521.868530 -3.234370 -124.760880
v 521.771484 -3.213963 -124.826118
v 521.807861 -3.213963 -124.750862
v -52.213223 -1.667842 -18.849262
v -52.227669 -1.667842 -18.553476
v -52.334236 -1.667842 -18.501984
v -52.523457 -1.667842 -18.567921
v -52.509010 -1.667842 -18.863707
v -52.402443 -1.667842 -18.915199
v -52.378880 -1.058188 -18.764313
v -52.420433 -1.058188 -18.701338
v -52.406399 -1.058188 -18.672287
v -52.357800 -1.058188 -18.652870
v -52.316246 -1.058188 -18.715845
v -52.330280 -1.058188 -18.744896
v -52.509010 -1.633564 -18.863707
v -52.402443 -1.633564 -18.915199
v -52.467682 -1.613157 -18.818134
v -52.392422 -1.613157 -18.854498
v -52.405441 -1.058188 -18.751478
v -52.574947 -1.667842 -18.674490
v -52.523457 -1.633564 -18.567921
v -52.574947 -1.633564 -18.674490
v -52.477882 -1.613157 -18.609249
v -52.514248 -1.613157 -18.684509
v -52.227669 -1.633564 -18.553476
v -52.334236 -1.633564 -18.501984
v -52.268997 -1.613157 -18.599049
v -52.344257 -1.613157 -18.562685
v -52.331238 -1.058188 -18.665705
v -52.161732 -1.667842 -18.742693
v -52.213223 -1.633564 -18.849262
v -52.161732 -1.633564 -18.742693
v -52.258797 -1.613157 -18.807934
v -52.222431 -1.613157 -18.732674
v -52.163441 -1.667842 -19.282028
v -52.434738 -1.667842 -19.163301
v -52.528282 -1.667842 -19.235813
v -52.553463 -1.667842 -19.434601
v -52.282166 -1.667842 -19.553328
v -52.188622 -1.667842 -19.480816
v -52.313248 -1.058188 -19.392557
v -52.388134 -1.058188 -19.401735
v -52.407902 -1.058188 -19.376234
v -52.403656 -1.058188 -19.324072
v -52.328770 -1.058188 -19.314894
v -52.309002 -1.058188 -19.340395
v -52.282166 -1.633564 -19.553328
v -52.188622 -1.633564 -19.480816
v -52.304577 -1.613157 -19.496033
v -52.238518 -1.613157 -19.444826
v -52.336563 -1.058188 -19.410629
v -52.480953 -1.667842 -19.528147
v -52.553463 -1.633564 -19.434601
v -52.480953 -1.633564 -19.528147
v -52.496170 -1.613157 -19.412188
v -52.444962 -1.613157 -19.478251
v -52.434738 -1.633564 -19.163301
v -52.528282 -1.633564 -19.235813
v -52.412327 -1.613157 -19.220596
v -52.478386 -1.613157 -19.271803
v -52.380341 -1.058188 -19.306000
v -52.235950 -1.667842 -19.188482
v -52.163441 -1.633564 -19.282028
v -52.235950 -1.633564 -19.188482
v -52.220734 -1.613157 -19.304440
v -52.271942 -1.613157 -19.238379
v 507.819336 -3.268660 -286.602112
v 507.804901 -3.268660 -286.306305
v 507.698303 -3.268660 -286.254822
v 507.509094 -3.268660 -286.320740
v 507.523529 -3.268660 -286.616547
v 507.630127 -3.268660 -286.668030
v 507.653687 -2.659006 -286.517151
v 507.612122 -2.659006 -286.454163
v 507.626160 -2.659006 -286.425110
v 507.674744 -2.659006 -286.405701
v 507.716309 -2.659006 -286.468689
v 507.702271 -2.659006 -286.497742
v 507.523529 -3.234382 -286.616547
v 507.630127 -3.234382 -286.668030
v 507.564880 -3.213975 -286.570984
v 507.640137 -3.213975 -286.607330
v 507.627106 -2.659006 -286.504303
v 507.457611 -3.268660 -286.427338
v 507.509094 -3.234382 -286.320740
v 507.457611 -3.234382 -286.427338
v 507.554657 -3.213975 -286.362091
v 507.518311 -3.213975 -286.437347
v 507.804901 -3.234382 -286.306305
v 507.698303 -3.234382 -286.254822
v 507.763550 -3.213975 -286.351868
v 507.688293 -3.213975 -286.315521
v 507.701324 -2.659006 -286.418549
v 507.870819 -3.268660 -286.495514
v 507.819336 -3.234382 -286.602112
v 507.870819 -3.234382 -286.495514
v 507.773773 -3.213975 -286.560760
v 507.810120 -3.213975 -286.485504
v 505.674011 -2.784508 -346.657684
v 505.659576 -2.784508 -346.361877
v 505.552979 -2.784508 -346.310394
v 505.363770 -2.784508 -346.376312
v 505.378204 -2.784508 -346.672119
v 505.484802 -2.784508 -346.723602
v 505.508362 -2.174854 -346.572723
v 505.466797 -2.174854 -346.509735
v 505.480835 -2.174854 -346.480682
v 505.529419 -2.174854 -346.461273
v 505.570984 -2.174854 -346.524261
v 505.556946 -2.174854 -346.553314
v 505.378204 -2.750231 -346.672119
v 505.484802 -2.750231 -346.723602
v 505.419556 -2.729824 -346.626556
v 505.494812 -2.729824 -346.662903
v 505.481781 -2.174854 -346.559875
v 505.312286 -2.784508 -346.482910
v 505.363770 -2.750231 -346.376312
v 505.312286 -2.750231 -346.482910
v 505.409332 -2.729824 -346.417664
v 505.372986 -2.729824 -346.492920
v 505.659576 -2.750231 -346.361877
v 505.552979 -2.750231 -346.310394
v 505.618225 -2.729824 -346.407440
v 505.542969 -2.729824 -346.371094
v 505.556000 -2.174854 -346.474121
v 505.725494 -2.784508 -346.551086
v 505.674011 -2.750231 -346.657684
v 505.725494 -2.750231 -346.551086
v 505.628448 -2.729824 -346.616333
v 505.664795 -2.729824 -346.541077
v 511.102264 -2.355388 -356.945801
v 511.087830 -2.355388 -356.649994
v 510.981232 -2.355388 -356.598511
v 510.792023 -2.355388 -356.664429
v 510.806458 -2.355388 -356.960236
v 510.913055 -2.355388 -357.011719
v 510.936615 -1.745734 -356.860840
v 510.895050 -1.745734 -356.797852
v 510.909088 -1.745734 -356.768799
v 510.957672 -1.745734 -356.749390
v 510.999237 -1.745734 -356.812378
v 510.985199 -1.745734 -356.841431
v 510.806458 -2.321110 -356.960236
v 510.913055 -2.321110 -357.011719
v 510.847809 -2.300703 -356.914673
v 510.923065 -2.300703 -356.951019
v 510.910034 -1.745734 -356.847992
v 510.740540 -2.355388 -356.771027
v 510.792023 -2.321110 -356.664429
v 510.740540 -2.321110 -356.771027
v 510.837585 -2.300703 -356.705780
v 510.801239 -2.300703 -356.781036
v 511.087830 -2.321110 -356.649994
v 510.981232 -2.321110 -356.598511
v 511.046478 -2.300703 -356.695557
v 510.971222 -2.300703 -356.659210
v 510.984253 -1.745734 -356.762238
v 511.153748 -2.355388 -356.839203
v 511.102264 -2.321110 -356.945801
v 511.153748 -2.321110 -356.839203
v 511.056702 -2.300703 -356.904449
v 511.093048 -2.300703 -356.829193
v 506.670135 -3.110265 -335.867828
v 506.655701 -3.110265 -335.572021
v 506.549103 -3.110265 -335.520538
v 506.359894 -3.110265 -335.586456
v 506.374329 -3.110265 -335.882263
v 506.480927 -3.110265 -335.933746
v 506.504486 -2.500611 -335.782867
v 506.462921 -2.500611 -335.719879
v 506.476959 -2.500611 -335.690826
v 506.525543 -2.500611 -335.671417
v 506.567108 -2.500611 -335.734406
v 506.553070 -2.500611 -335.763458
v 506.374329 -3.075987 -335.882263
v 506.480927 -3.075987 -335.933746
v 506.415680 -3.055580 -335.836700
v 506.490936 -3.055580 -335.873047
v 506.477905 -2.500611 -335.770020
v 506.308411 -3.110265 -335.693054
v 506.359894 -3.075987 -335.586456
v 506.308411 -3.075987 -335.693054
v 506.405457 -3.055580 -335.627808
v 506.369110 -3.055580 -335.703064
v 506.655701 -3.075987 -335.572021
v 506.549103 -3.075987 -335.520538
v 506.614349 -3.055580 -335.617584
v 506.539093 -3.055580 -335.581238
v 506.552124 -2.500611 -335.684265
v 506.721619 -3.110265 -335.761230
v 506.670135 -3.075987 -335.867828
v 506.721619 -3.075987 -335.761230
v 506.624573 -3.055580 -335.826477
v 506.660919 -3.055580 -335.751221
v 378.597839 -3.306680 7.234548
v 378.583405 -3.306680 7.530334
v 378.476807 -3.306680 7.581827
v 378.287598 -3.306680 7.515891
v 378.302032 -3.306680 7.220102
v 378.408630 -3.306680 7.168612
v 378.432190 -2.697026 7.319498
v 378.390625 -2.697026 7.382472
v 378.404663 -2.697026 7.411523
v 378.453247 -2.697026 7.430939
v 378.494812 -2.697026 7.367965
v 378.480774 -2.697026 7.338913
v 378.302032 -3.272403 7.220102
v 378.408630 -3.272403 7.168612
v 378.343384 -3.251996 7.265676
v 378.418640 -3.251996 7.229312
v 378.405609 -2.697026 7.332331
v 378.236115 -3.306680 7.409320
v 378.287598 -3.272403 7.515891
v 378.236115 -3.272403 7.409320
v 378.333160 -3.251996 7.474562
v 378.296814 -3.251996 7.399302
v 378.583405 -3.272403 7.530334
v 378.476807 -3.272403 7.581827
v 378.542053 -3.251996 7.484763
v 378.466797 -3.251996 7.521125
v 378.479828 -2.697026 7.418106
v 378.649323 -3.306680 7.341117
v 378.597839 -3.272403 7.234548
v 378.649323 -3.272403 7.341117
v 378.552277 -3.251996 7.275877
v 378.588623 -3.251996 7.351137
v 318.798920 -3.301569 6.195896
v 318.527618 -3.301569 6.314620
v 318.434082 -3.301569 6.242110
v 318.408905 -3.301569 6.043323
v 318.680206 -3.301569 5.924596
v 318.773743 -3.301569 5.997108
v 318.649109 -2.691915 6.085366
v 318.574219 -2.691915 6.076188
v 318.554474 -2.691915 6.101689
v 318.558716 -2.691915 6.153851
v 318.633606 -2.691915 6.163029
v 318.653351 -2.691915 6.137528
v 318.680206 -3.267291 5.924596
v 318.773743 -3.267291 5.997108
v 318.657776 -3.246884 5.981891
v 318.723846 -3.246884 6.033099
v 318.625793 -2.691915 6.067295
v 318.481415 -3.301569 5.949777
v 318.408905 -3.267291 6.043323
v 318.481415 -3.267291 5.949777
v 318.466187 -3.246884 6.065734
v 318.517395 -3.246884 5.999672
v 318.527618 -3.267291 6.314620
v 318.434082 -3.267291 6.242110
v 318.550049 -3.246884 6.257328
v 318.483978 -3.246884 6.206120
v 318.582031 -2.691915 6.171922
v 318.726410 -3.301569 6.289442
v 318.798920 -3.267291 6.195896
v 318.726410 -3.267291 6.289442
v 318.741638 -3.246884 6.173482
v 318.690430 -3.246884 6.239544
v 318.789917 -3.301569 6.852589
v 318.518616 -3.301569 6.971313
v 318.425079 -3.301569 6.898802
v 318.399902 -3.301569 6.700015
v 318.671204 -3.301569 6.581289
v 318.764740 -3.301569 6.653800
v 318.640106 -2.691915 6.742059
v 318.565216 -2.691915 6.732881
v 318.545471 -2.691915 6.758381
v 318.549713 -2.691915 6.810543
v 318.624603 -2.691915 6.819721
v 318.644348 -2.691915 6.794220
v 318.671204 -3.267291 6.581289
v 318.764740 -3.267291 6.653800
v 318.648773 -3.246884 6.638584
v 318.714844 -3.246884 6.689790
v 318.616791 -2.691915 6.723987
v 318.472412 -3.301569 6.606470
v 318.399902 -3.267291 6.700015
v 318.472412 -3.267291 6.606470
v 318.457184 -3.246884 6.722427
v 318.508392 -3.246884 6.656365
v 318.518616 -3.267291 6.971313
v 318.425079 -3.267291 6.898802
v 318.541046 -3.246884 6.914020
v 318.474976 -3.246884 6.862813
v 318.573029 -2.691915 6.828615
v 318.717407 -3.301569 6.946134
v 318.789917 -3.267291 6.852589
v 318.717407 -3.267291 6.946134
v 318.732635 -3.246884 6.830175
v 318.681427 -3.246884 6.896237
v 394.618073 -3.306680 6.512824
v 394.603638 -3.306680 6.808610
v 394.497040 -3.306680 6.860103
v 394.307831 -3.306680 6.794167
v 394.322266 -3.306680 6.498378
v 394.428864 -3.306680 6.446887
v 394.452423 -2.697026 6.597774
v 394.410858 -2.697026 6.660748
v 394.424896 -2.697026 6.689799
v 394.473480 -2.697026 6.709215
v 394.515045 -2.697026 6.646241
v 394.501007 -2.697026 6.617189
v 394.322266 -3.272403 6.498378
v 394.428864 -3.272403 6.446887
v 394.363617 -3.251996 6.543952
v 394.438873 -3.251996 6.507588
v 394.425842 -2.697026 6.610607
v 394.256348 -3.306680 6.687596
v 394.307831 -3.272403 6.794167
v 394.256348 -3.272403 6.687596
v 394.353394 -3.251996 6.752838
v 394.317047 -3.251996 6.677577
v 394.603638 -3.272403 6.808610
v 394.497040 -3.272403 6.860103
v 394.562286 -3.251996 6.763039
v 394.487030 -3.251996 6.799401
v 394.500061 -2.697026 6.696382
v 394.669556 -3.306680 6.619393
v 394.618073 -3.272403 6.512824
v 394.669556 -3.272403 6.619393
v 394.572510 -3.251996 6.554152
v 394.608856 -3.251996 6.629413
v 345.620636 -3.306680 7.346180
v 345.606201 -3.306680 7.641968
v 345.499603 -3.306680 7.693460
v 345.310394 -3.306680 7.627524
v 345.324829 -3.306680 7.331737
v 345.431427 -3.306680 7.280245
v 345.454987 -2.697026 7.431132
v 345.413422 -2.697026 7.494106
v 345.427460 -2.697026 7.523157
v 345.476044 -2.697026 7.542572
v 345.517609 -2.697026 7.479599
v 345.503571 -2.697026 7.450547
v 345.324829 -3.272403 7.331737
v 345.431427 -3.272403 7.280245
v 345.366180 -3.251996 7.377309
v 345.441437 -3.251996 7.340947
v 345.428406 -2.697026 7.443965
v 345.258911 -3.306680 7.520955
v 345.310394 -3.272403 7.627524
v 345.258911 -3.272403 7.520955
v 345.355957 -3.251996 7.586195
v 345.319611 -3.251996 7.510935
v 345.606201 -3.272403 7.641968
v 345.499603 -3.272403 7.693460
v 345.564850 -3.251996 7.596395
v 345.489594 -3.251996 7.632760
v 345.502625 -2.697026 7.529739
v 345.672119 -3.306680 7.452752
v 345.620636 -3.272403 7.346180
v 345.672119 -3.272403 7.452752
v 345.575073 -3.251996 7.387509
v 345.611420 -3.251996 7.462770
v 424.450714 11.103737 -497.628387
v 424.436279 11.103737 -497.332581
v 424.329681 11.103737 -497.281097
v 424.140472 11.103737 -497.347015
v 424.154907 11.103737 -497.642822
v 424.261505 11.103737 -497.694305
v 424.285065 11.713390 -497.543427
v 424.243500 11.713390 -497.480438
v 424.257538 11.713390 -497.451385
v 424.306122 11.713390 -497.431976
v 424.347687 11.713390 -497.494965
v 424.333649 11.713390 -497.524017
v 424.154907 11.138015 -497.642822
v 424.261505 11.138015 -497.694305
v 424.196259 11.158422 -497.597260
v 424.271515 11.158422 -497.633606
v 424.258484 11.713390 -497.530579
v 424.088989 11.103737 -497.453613
v 424.140472 11.138015 -497.347015
v 424.088989 11.138015 -497.453613
v 424.186035 11.158422 -497.388367
v 424.149689 11.158422 -497.463623
v 424.436279 11.138015 -497.332581
v 424.329681 11.138015 -497.281097
v 424.394928 11.158422 -497.378143
v 424.319672 11.158422 -497.341797
v 424.332703 11.713390 -497.444824
v 424.502197 11.103737 -497.521790
v 424.450714 11.138015 -497.628387
v 424.502197 11.138015 -497.521790
v 424.405151 11.158422 -497.587036
v 424.441498 11.158422 -497.511780
v 450.742157 9.653200 -516.319824
v 450.727722 9.653200 -516.024048
v 450.621124 9.653200 -515.972534
v 450.431915 9.653200 -516.038452
v 450.446350 9.653200 -516.334229
v 450.552948 9.653200 -516.385742
v 450.576508 10.262855 -516.234863
v 450.534943 10.262855 -516.171875
v 450.548981 10.262855 -516.142822
v 450.597565 10.262855 -516.123413
v 450.639130 10.262855 -516.186401
v 450.625092 10.262855 -516.215454
v 450.446350 9.687478 -516.334229
v 450.552948 9.687478 -516.385742
v 450.487701 9.707885 -516.288696
v 450.562958 9.707885 -516.325073
v 450.549927 10.262855 -516.222046
v 450.380432 9.653200 -516.145020
v 450.431915 9.687478 -516.038452
v 450.380432 9.687478 -516.145020
v 450.477478 9.707885 -516.079773
v 450.441132 9.707885 -516.155029
v 450.727722 9.687478 -516.024048
v 450.621124 9.687478 -515.972534
v 450.686371 9.707885 -516.069580
v 450.611115 9.707885 -516.033203
v 450.624146 10.262855 -516.136230
v 450.793640 9.653200 -516.213257
v 450.742157 9.687478 -516.319824
v 450.793640 9.687478 -516.213257
v 450.696594 9.707885 -516.278503
v 450.732941 9.707885 -516.203247
v 521.817749 -1.624761 -392.088715
v 521.962219 -1.624761 -392.347198
v 522.080566 -1.624761 -392.345947
v 522.220703 -1.624761 -392.202728
v 522.076233 -1.624761 -391.944244
v 521.957886 -1.624761 -391.945496
v 522.003906 -1.015106 -392.091125
v 522.069092 -1.015106 -392.129059
v 522.069458 -1.015106 -392.161316
v 522.034546 -1.015106 -392.200317
v 521.969360 -1.015106 -392.162384
v 521.968994 -1.015106 -392.130127
v 522.076233 -1.590483 -391.944244
v 521.957886 -1.590483 -391.945496
v 522.059509 -1.570076 -392.003418
v 521.975891 -1.570076 -392.004333
v 522.033386 -1.015106 -392.090820
v 522.219421 -1.624761 -392.084381
v 522.220703 -1.590483 -392.202728
v 522.219421 -1.590483 -392.084381
v 522.161499 -1.570076 -392.185974
v 522.160645 -1.570076 -392.102417
v 521.962219 -1.590483 -392.347198
v 522.080566 -1.590483 -392.345947
v 521.978943 -1.570076 -392.288025
v 522.062561 -1.570076 -392.287109
v 522.005066 -1.015106 -392.200623
v 521.819031 -1.624761 -392.207062
v 521.817749 -1.590483 -392.088715
v 521.819031 -1.590483 -392.207062
v 521.876953 -1.570076 -392.105469
v 521.877808 -1.570076 -392.189026
v -266.389587 20.129873 -418.000916
v -266.660889 20.129873 -417.882202
v -266.754425 20.129873 -417.954712
v -266.779602 20.129873 -418.153503
v -266.508301 20.129873 -418.272217
v -266.414764 20.129873 -418.199707
v -266.539398 20.739529 -418.111450
v -266.614288 20.739529 -418.120636
v -266.634033 20.739529 -418.095123
v -266.629791 20.739529 -418.042969
v -266.554901 20.739529 -418.033783
v -266.535156 20.739529 -418.059296
v -266.508301 20.164152 -418.272217
v -266.414764 20.164152 -418.199707
v -266.530731 20.184559 -418.214935
v -266.464661 20.184559 -418.163727
v -266.562714 20.739529 -418.129517
v -266.707092 20.129873 -418.247040
v -266.779602 20.164152 -418.153503
v -266.707092 20.164152 -418.247040
v -266.722321 20.184559 -418.131073
v -266.671112 20.184559 -418.197144
v -266.660889 20.164152 -417.882202
v -266.754425 20.164152 -417.954712
v -266.638458 20.184559 -417.939484
v -266.704529 20.184559 -417.990692
v -266.606476 20.739529 -418.024902
v -266.462097 20.129873 -417.907379
v -266.389587 20.164152 -418.000916
v -266.462097 20.164152 -417.907379
v -266.446869 20.184559 -418.023346
v -266.498077 20.184559 -417.957275
v -258.695282 20.129875 -400.120941
v -258.509705 20.129875 -399.890137
v -258.555206 20.129875 -399.780884
v -258.740509 20.129875 -399.704559
v -258.926086 20.129875 -399.935364
v -258.880585 20.129875 -400.044617
v -258.762787 20.739531 -399.947418
v -258.752045 20.739531 -399.872742
v -258.722260 20.739531 -399.860321
v -258.673004 20.739531 -399.878082
v -258.683746 20.739531 -399.952759
v -258.713531 20.739531 -399.965179
v -258.926086 20.164154 -399.935364
v -258.880585 20.164154 -400.044617
v -258.864899 20.184561 -399.928711
v -258.832764 20.184561 -400.005859
v -258.774109 20.739531 -399.920197
v -258.849762 20.129875 -399.750061
v -258.740509 20.164154 -399.704559
v -258.849762 20.164154 -399.750061
v -258.733856 20.184561 -399.765747
v -258.811005 20.184561 -399.797882
v -258.509705 20.164154 -399.890137
v -258.555206 20.164154 -399.780884
v -258.570892 20.184561 -399.896790
v -258.603027 20.184561 -399.819641
v -258.661682 20.739531 -399.905304
v -258.586029 20.129875 -400.075439
v -258.695282 20.164154 -400.120941
v -258.586029 20.164154 -400.075439
v -258.701935 20.184561 -400.059753
v -258.624786 20.184561 -400.027618
v -256.124786 20.129877 -387.704590
v -256.396088 20.129877 -387.585876
v -256.489624 20.129877 -387.658386
v -256.514801 20.129877 -387.857178
v -256.243500 20.129877 -387.975891
v -256.149963 20.129877 -387.903381
v -256.274597 20.739532 -387.815125
v -256.349487 20.739532 -387.824310
v -256.369232 20.739532 -387.798798
v -256.364990 20.739532 -387.746643
v -256.290100 20.739532 -387.737457
v -256.270355 20.739532 -387.762970
v -256.243500 20.164156 -387.975891
v -256.149963 20.164156 -387.903381
v -256.265930 20.184563 -387.918610
v -256.199860 20.184563 -387.867401
v -256.297913 20.739532 -387.833191
v -256.442291 20.129877 -387.950714
v -256.514801 20.164156 -387.857178
v -256.442291 20.164156 -387.950714
v -256.457520 20.184563 -387.834747
v -256.406311 20.184563 -387.900818
v -256.396088 20.164156 -387.585876
v -256.489624 20.164156 -387.658386
v -256.373657 20.184563 -387.643158
v -256.439728 20.184563 -387.694366
v -256.341675 20.739532 -387.728577
v -256.197296 20.129877 -387.611053
v -256.124786 20.164156 -387.704590
v -256.197296 20.164156 -387.611053
v -256.182068 20.184563 -387.727020
v -256.233276 20.184563 -387.660950
v -265.241547 20.129875 -415.441284
v -264.947754 20.129875 -415.404205
v -264.904572 20.129875 -415.294006
v -264.984833 20.129875 -415.110413
v -265.278625 20.129875 -415.147491
v -265.321808 20.129875 -415.257690
v -265.169556 20.739531 -415.269592
v -265.109955 20.739531 -415.223358
v -265.079895 20.739531 -415.235107
v -265.056824 20.739531 -415.282104
v -265.116425 20.739531 -415.328339
v -265.146484 20.739531 -415.316589
v -265.278625 20.164154 -415.147491
v -265.321808 20.164154 -415.257690
v -265.230011 20.184561 -415.185181
v -265.260498 20.184561 -415.263031
v -265.158783 20.739531 -415.242126
v -265.095032 20.129875 -415.067230
v -264.984833 20.164154 -415.110413
v -265.095032 20.164154 -415.067230
v -265.022522 20.184561 -415.159027
v -265.100372 20.184561 -415.128540
v -264.947754 20.164154 -415.404205
v -264.904572 20.164154 -415.294006
v -264.996368 20.184561 -415.366516
v -264.965881 20.184561 -415.288666
v -265.067596 20.739531 -415.309570
v -265.131348 20.129875 -415.484467
v -265.241547 20.164154 -415.441284
v -265.131348 20.164154 -415.484467
v -265.203857 20.184561 -415.392670
v -265.126007 20.184561 -415.423157
v -262.976746 20.129875 -411.985657
v -263.248047 20.129875 -411.866943
v -263.341583 20.129875 -411.939453
v -263.366760 20.129875 -412.138245
v -263.095459 20.129875 -412.256958
v -263.001923 20.129875 -412.184448
v -263.126556 20.739531 -412.096191
v -263.201447 20.739531 -412.105377
v -263.221191 20.739531 -412.079865
v -263.216949 20.739531 -412.027710
v -263.142059 20.739531 -412.018524
v -263.122314 20.739531 -412.044037
v -263.095459 20.164154 -412.256958
v -263.001923 20.164154 -412.184448
v -263.117889 20.184561 -412.199677
v -263.051819 20.184561 -412.148468
v -263.149872 20.739531 -412.114258
v -263.294250 20.129875 -412.231781
v -263.366760 20.164154 -412.138245
v -263.294250 20.164154 -412.231781
v -263.309479 20.184561 -412.115814
v -263.258270 20.184561 -412.181885
v -263.248047 20.164154 -411.866943
v -263.341583 20.164154 -411.939453
v -263.225616 20.184561 -411.924225
v -263.291687 20.184561 -411.975433
v -263.193634 20.739531 -412.009644
v -263.049255 20.129875 -411.892120
v -262.976746 20.164154 -411.985657
v -263.049255 20.164154 -411.892120
v -263.034027 20.184561 -412.008087
v -263.085236 20.184561 -411.942017
v -256.495697 20.129875 -391.862457
v -256.433411 20.129875 -392.151978
v -256.319916 20.129875 -392.185486
v -256.143890 20.129875 -392.089691
v -256.206177 20.129875 -391.800171
v -256.319672 20.129875 -391.766663
v -256.318420 20.739531 -391.919373
v -256.267212 20.739531 -391.974762
v -256.276337 20.739531 -392.005707
v -256.321167 20.739531 -392.032776
v -256.372375 20.739531 -391.977386
v -256.363251 20.739531 -391.946442
v -256.206177 20.164154 -391.800171
v -256.319672 20.164154 -391.766663
v -256.239563 20.184561 -391.851868
v -256.319702 20.184561 -391.828186
v -256.290131 20.739531 -391.927734
v -256.110382 20.129875 -391.976196
v -256.143890 20.164154 -392.089691
v -256.110382 20.164154 -391.976196
v -256.195587 20.184561 -392.056305
v -256.171906 20.184561 -391.976166
v -256.433411 20.164154 -392.151978
v -256.319916 20.164154 -392.185486
v -256.400024 20.184561 -392.100281
v -256.319885 20.184561 -392.123962
v -256.349457 20.739531 -392.024414
v -256.529205 20.129875 -391.975952
v -256.495697 20.164154 -391.862457
v -256.529205 20.164154 -391.975952
v -256.444000 20.184561 -391.895844
v -256.467682 20.184561 -391.975983
v -257.380402 20.129875 -396.008362
v -257.500763 20.129875 -395.737793
v -257.618744 20.129875 -395.728302
v -257.771332 20.129875 -395.858154
v -257.650970 20.129875 -396.128723
v -257.532990 20.129875 -396.138214
v -257.565552 20.739531 -395.989014
v -257.627075 20.739531 -395.945312
v -257.624481 20.739531 -395.913177
v -257.586182 20.739531 -395.877502
v -257.524658 20.739531 -395.921204
v -257.527252 20.739531 -395.953339
v -257.650970 20.164154 -396.128723
v -257.532990 20.164154 -396.138214
v -257.628906 20.184561 -396.071289
v -257.545593 20.184561 -396.078003
v -257.594971 20.739531 -395.986664
v -257.780823 20.129875 -395.976135
v -257.771332 20.164154 -395.858154
v -257.780823 20.164154 -395.976135
v -257.713898 20.184561 -395.880219
v -257.720612 20.184561 -395.963531
v -257.500763 20.164154 -395.737793
v -257.618744 20.164154 -395.728302
v -257.522827 20.184561 -395.795227
v -257.606140 20.184561 -395.788513
v -257.556763 20.739531 -395.879852
v -257.370911 20.129875 -395.890381
v -257.380402 20.164154 -396.008362
v -257.370911 20.164154 -395.890381
v -257.437836 20.184561 -395.986298
v -257.431122 20.184561 -395.902985
v -266.345703 20.129873 -417.769348
v -266.617004 20.129873 -417.650635
v -266.710541 20.129873 -417.723145
v -266.735718 20.129873 -417.921936
v -266.464417 20.129873 -418.040649
v -266.370880 20.129873 -417.968140
v -266.495514 20.739529 -417.879883
v -266.570404 20.739529 -417.889069
v -266.590149 20.739529 -417.863556
v -266.585907 20.739529 -417.811401
v -266.511017 20.739529 -417.802216
v -266.491272 20.739529 -417.827728
v -266.464417 20.164152 -418.040649
v -266.370880 20.164152 -417.968140
v -266.486847 20.184559 -417.983368
v -266.420776 20.184559 -417.932159
v -266.518829 20.739529 -417.897949
v -266.663208 20.129873 -418.015472
v -266.735718 20.164152 -417.921936
v -266.663208 20.164152 -418.015472
v -266.678436 20.184559 -417.899506
v -266.627228 20.184559 -417.965576
v -266.617004 20.164152 -417.650635
v -266.710541 20.164152 -417.723145
v -266.594574 20.184559 -417.707916
v -266.660645 20.184559 -417.759125
v -266.562592 20.739529 -417.793335
v -266.418213 20.129873 -417.675812
v -266.345703 20.164152 -417.769348
v -266.418213 20.164152 -417.675812
v -266.402985 20.184559 -417.791779
v -266.454193 20.184559 -417.725708
v -259.893311 20.129875 -404.417847
v -260.164612 20.129875 -404.299133
v -260.258148 20.129875 -404.371643
v -260.283325 20.129875 -404.570435
v -260.012024 20.129875 -404.689148
v -259.918488 20.129875 -404.616638
v -260.043121 20.739531 -404.528381
v -260.118011 20.739531 -404.537567
v -260.137756 20.739531 -404.512054
v -260.133514 20.739531 -404.459900
v -260.058624 20.739531 -404.450714
v -260.038879 20.739531 -404.476227
v -260.012024 20.164154 -404.689148
v -259.918488 20.164154 -404.616638
v -260.034454 20.184561 -404.631866
v -259.968384 20.184561 -404.580658
v -260.066437 20.739531 -404.546448
v -260.210815 20.129875 -404.663971
v -260.283325 20.164154 -404.570435
v -260.210815 20.164154 -404.663971
v -260.226044 20.184561 -404.548004
v -260.174835 20.184561 -404.614075
v -260.164612 20.164154 -404.299133
v -260.258148 20.164154 -404.371643
v -260.142181 20.184561 -404.356415
v -260.208252 20.184561 -404.407623
v -260.110199 20.739531 -404.441833
v -259.965820 20.129875 -404.324310
v -259.893311 20.164154 -404.417847
v -259.965820 20.164154 -404.324310
v -259.950592 20.184561 -404.440277
v -260.001801 20.184561 -404.374207
v -261.477081 20.129875 -407.939972
v -261.759125 20.129875 -408.030304
v -261.781342 20.129875 -408.146576
v -261.668793 20.129875 -408.312347
v -261.386749 20.129875 -408.222015
v -261.364532 20.129875 -408.105743
v -261.516388 20.739531 -408.121948
v -261.566498 20.739531 -408.178375
v -261.598175 20.739531 -408.172302
v -261.629486 20.739531 -408.130371
v -261.579376 20.739531 -408.073944
v -261.547699 20.739531 -408.080017
v -261.386749 20.164154 -408.222015
v -261.364532 20.164154 -408.105743
v -261.441467 20.184561 -408.193848
v -261.425751 20.184561 -408.111755
v -261.521912 20.739531 -408.150940
v -261.552521 20.129875 -408.334564
v -261.668793 20.164154 -408.312347
v -261.552521 20.164154 -408.334564
v -261.640625 20.184561 -408.257629
v -261.558533 20.184561 -408.273346
v -261.759125 20.164154 -408.030304
v -261.781342 20.164154 -408.146576
v -261.704407 20.184561 -408.058472
v -261.720123 20.184561 -408.140564
v -261.623962 20.739531 -408.101379
v -261.593353 20.129875 -407.917755
v -261.477081 20.164154 -407.939972
v -261.593353 20.164154 -407.917755
v -261.505249 20.184561 -407.994690
v -261.587341 20.184561 -407.978973
v -253.860718 20.129877 -387.704590
v -254.132019 20.129877 -387.585876
v -254.225555 20.129877 -387.658386
v -254.250732 20.129877 -387.857178
v -253.979431 20.129877 -387.975891
v -253.885895 20.129877 -387.903381
v -254.010529 20.739532 -387.815125
v -254.085403 20.739532 -387.824310
v -254.105179 20.739532 -387.798798
v -254.100922 20.739532 -387.746643
v -254.026047 20.739532 -387.737457
v -254.006271 20.739532 -387.762970
v -253.979431 20.164156 -387.975891
v -253.885895 20.164156 -387.903381
v -254.001846 20.184563 -387.918610
v -253.935791 20.184563 -387.867401
v -254.033829 20.739532 -387.833191
v -254.178223 20.129877 -387.950714
v -254.250732 20.164156 -387.857178
v -254.178223 20.164156 -387.950714
v -254.193436 20.184563 -387.834747
v -254.142242 20.184563 -387.900818
v -254.132019 20.164156 -387.585876
v -254.225555 20.164156 -387.658386
v -254.109604 20.184563 -387.643158
v -254.175659 20.184563 -387.694366
v -254.077621 20.739532 -387.728577
v -253.933228 20.129877 -387.611053
v -253.860718 20.164156 -387.704590
v -253.933228 20.164156 -387.611053
v -253.918015 20.184563 -387.727020
v -253.969208 20.184563 -387.660950
v -250.198151 20.129877 -387.704590
v -250.469452 20.129877 -387.585876
v -250.562988 20.129877 -387.658386
v -250.588165 20.129877 -387.857178
v -250.316864 20.129877 -387.975891
v -250.223328 20.129877 -387.903381
v -250.347961 20.739532 -387.815125
v -250.422836 20.739532 -387.824310
v -250.442612 20.739532 -387.798798
v -250.438354 20.739532 -387.746643
v -250.363480 20.739532 -387.737457
v -250.343704 20.739532 -387.762970
v -250.316864 20.164156 -387.975891
v -250.223328 20.164156 -387.903381
v -250.339279 20.184563 -387.918610
v -250.273224 20.184563 -387.867401
v -250.371262 20.739532 -387.833191
v -250.515656 20.129877 -387.950714
v -250.588165 20.164156 -387.857178
v -250.515656 20.164156 -387.950714
v -250.530869 20.184563 -387.834747
v -250.479675 20.184563 -387.900818
v -250.469452 20.164156 -387.585876
v -250.562988 20.164156 -387.658386
v -250.447037 20.184563 -387.643158
v -250.513092 20.184563 -387.694366
v -250.415054 20.739532 -387.728577
v -250.270660 20.129877 -387.611053
v -250.198151 20.164156 -387.704590
v -250.270660 20.164156 -387.611053
v -250.255447 20.184563 -387.727020
v -250.306641 20.184563 -387.660950
v -247.003738 20.129877 -387.704590
v -247.275040 20.129877 -387.585876
v -247.368576 20.129877 -387.658386
v -247.393753 20.129877 -387.857178
v -247.122452 20.129877 -387.975891
v -247.028915 20.129877 -387.903381
v -247.153549 20.739532 -387.815125
v -247.228424 20.739532 -387.824310
v -247.248199 20.739532 -387.798798
v -247.243942 20.739532 -387.746643
v -247.169067 20.739532 -387.737457
v -247.149292 20.739532 -387.762970
v -247.122452 20.164156 -387.975891
v -247.028915 20.164156 -387.903381
v -247.144867 20.184563 -387.918610
v -247.078812 20.184563 -387.867401
v -247.176849 20.739532 -387.833191
v -247.321243 20.129877 -387.950714
v -247.393753 20.164156 -387.857178
v -247.321243 20.164156 -387.950714
v -247.336456 20.184563 -387.834747
v -247.285263 20.184563 -387.900818
v -247.275040 20.164156 -387.585876
v -247.368576 20.164156 -387.658386
v -247.252625 20.184563 -387.643158
v -247.318680 20.184563 -387.694366
v -247.220642 20.739532 -387.728577
v -247.076248 20.129877 -387.611053
v -247.003738 20.164156 -387.704590
v -247.076248 20.164156 -387.611053
v -247.061035 20.184563 -387.727020
v -247.112228 20.184563 -387.660950
v -243.984634 20.129877 -387.704590
v -244.255936 20.129877 -387.585876
v -244.349472 20.129877 -387.658386
v -244.374649 20.129877 -387.857178
v -244.103348 20.129877 -387.975891
v -244.009811 20.129877 -387.903381
v -244.134445 20.739532 -387.815125
v -244.209320 20.739532 -387.824310
v -244.229095 20.739532 -387.798798
v -244.224838 20.739532 -387.746643
v -244.149963 20.739532 -387.737457
v -244.130188 20.739532 -387.762970
v -244.103348 20.164156 -387.975891
v -244.009811 20.164156 -387.903381
v -244.125763 20.184563 -387.918610
v -244.059708 20.184563 -387.867401
v -244.157745 20.739532 -387.833191
v -244.302139 20.129877 -387.950714
v -244.374649 20.164156 -387.857178
v -244.302139 20.164156 -387.950714
v -244.317352 20.184563 -387.834747
v -244.266159 20.184563 -387.900818
v -244.255936 20.164156 -387.585876
v -244.349472 20.164156 -387.658386
v -244.233521 20.184563 -387.643158
v -244.299576 20.184563 -387.694366
v -244.201538 20.739532 -387.728577
v -244.057144 20.129877 -387.611053
v -243.984634 20.164156 -387.704590
v -244.057144 20.164156 -387.611053
v -244.041931 20.184563 -387.727020
v -244.093124 20.184563 -387.660950
v 173.112732 -1.261539 -8.973382
v 172.818878 -1.261539 -9.010084
v 172.775574 -1.261539 -9.120233
v 172.855591 -1.261539 -9.303941
v 173.149445 -1.261539 -9.267239
v 173.192749 -1.261539 -9.157090
v 173.040512 -0.651884 -9.144973
v 172.980850 -0.651884 -9.191154
v 172.950836 -0.651884 -9.179348
v 172.927811 -0.651884 -9.132350
v 172.987473 -0.651884 -9.086168
v 173.017487 -0.651884 -9.097975
v 173.149445 -1.227261 -9.267239
v 173.192749 -1.227261 -9.157090
v 173.100876 -1.206854 -9.229463
v 173.131470 -1.206854 -9.151676
v 173.029724 -0.651884 -9.172425
v 172.965729 -1.261539 -9.347252
v 172.855591 -1.227261 -9.303941
v 172.965729 -1.227261 -9.347252
v 172.893356 -1.206854 -9.255383
v 172.971146 -1.206854 -9.285968
v 172.818878 -1.227261 -9.010084
v 172.775574 -1.227261 -9.120233
v 172.867447 -1.206854 -9.047860
v 172.836853 -1.206854 -9.125647
v 172.938599 -0.651884 -9.104897
v 173.002594 -1.261539 -8.930071
v 173.112732 -1.227261 -8.973382
v 173.002594 -1.227261 -8.930071
v 173.074966 -1.206854 -9.021940
v 172.997177 -1.206854 -8.991355
v 173.134369 -1.261539 -9.943754
v 173.119919 -1.261539 -9.647966
v 173.013351 -1.261539 -9.596476
v 172.824142 -1.261539 -9.662411
v 172.838577 -1.261539 -9.958199
v 172.945145 -1.261539 -10.009690
v 172.968704 -0.651884 -9.858803
v 172.927155 -0.651884 -9.795830
v 172.941193 -0.651884 -9.766778
v 172.989792 -0.651884 -9.747362
v 173.031342 -0.651884 -9.810336
v 173.017303 -0.651884 -9.839388
v 172.838577 -1.227261 -9.958199
v 172.945145 -1.227261 -10.009690
v 172.879913 -1.206854 -9.912626
v 172.955170 -1.206854 -9.948989
v 172.942154 -0.651884 -9.845970
v 172.772644 -1.261539 -9.768981
v 172.824142 -1.227261 -9.662411
v 172.772644 -1.227261 -9.768981
v 172.869705 -1.206854 -9.703740
v 172.833344 -1.206854 -9.779000
v 173.119919 -1.227261 -9.647966
v 173.013351 -1.227261 -9.596476
v 173.078598 -1.206854 -9.693540
v 173.003342 -1.206854 -9.657176
v 173.016357 -0.651884 -9.760196
v 173.185867 -1.261539 -9.837185
v 173.134369 -1.227261 -9.943754
v 173.185867 -1.227261 -9.837184
v 173.088791 -1.206854 -9.902426
v 173.125153 -1.206854 -9.827166
v 173.184158 -1.261539 -10.376534
v 172.912857 -1.261539 -10.257809
v 172.819305 -1.261539 -10.330320
v 172.794128 -1.261539 -10.529108
v 173.065430 -1.261539 -10.647833
v 173.158966 -1.261539 -10.575322
v 173.034348 -0.651884 -10.487063
v 172.959457 -0.651884 -10.496242
v 172.939697 -0.651884 -10.470740
v 172.943939 -0.651884 -10.418579
v 173.018829 -0.651884 -10.409401
v 173.038589 -0.651884 -10.434901
v 173.065430 -1.227261 -10.647833
v 173.158966 -1.227261 -10.575322
v 173.043015 -1.206854 -10.590539
v 173.109070 -1.206854 -10.539331
v 173.011032 -0.651884 -10.505135
v 172.866638 -1.261539 -10.622653
v 172.794128 -1.227261 -10.529108
v 172.866638 -1.227261 -10.622653
v 172.851425 -1.206854 -10.506695
v 172.902634 -1.206854 -10.572757
v 172.912857 -1.227261 -10.257809
v 172.819305 -1.227261 -10.330320
v 172.935272 -1.206854 -10.315103
v 172.869202 -1.206854 -10.366310
v 172.967255 -0.651884 -10.400507
v 173.111649 -1.261539 -10.282990
v 173.184158 -1.227261 -10.376534
v 173.111649 -1.227261 -10.282990
v 173.126862 -1.206854 -10.398947
v 173.075653 -1.206854 -10.332886
v -67.378372 -1.261539 -10.376534
v -67.649673 -1.261539 -10.257809
v -67.743217 -1.261539 -10.330319
v -67.768402 -1.261539 -10.529108
v -67.497101 -1.261539 -10.647833
v -67.403557 -1.261539 -10.575322
v -67.528183 -0.651884 -10.487062
v -67.603073 -0.651884 -10.496242
v -67.622841 -0.651884 -10.470740
v -67.618591 -0.651884 -10.418579
v -67.543701 -0.651884 -10.409400
v -67.523933 -0.651884 -10.434901
v -67.497101 -1.227261 -10.647833
v -67.403557 -1.227261 -10.575322
v -67.519516 -1.206854 -10.590539
v -67.453453 -1.206854 -10.539331
v -67.551498 -0.651884 -10.505135
v -67.695885 -1.261539 -10.622653
v -67.768402 -1.227261 -10.529108
v -67.695885 -1.227261 -10.622653
v -67.711105 -1.206854 -10.506695
v -67.659897 -1.206854 -10.572757
v -67.649673 -1.227261 -10.257809
v -67.743217 -1.227261 -10.330319
v -67.627258 -1.206854 -10.315103
v -67.693321 -1.206854 -10.366310
v -67.595276 -0.651884 -10.400507
v -67.450890 -1.261539 -10.282989
v -67.378372 -1.227261 -10.376534
v -67.450890 -1.227261 -10.282989
v -67.435669 -1.206854 -10.398947
v -67.486877 -1.206854 -10.332885
v -67.428146 -1.261539 -9.943755
v -67.442589 -1.261539 -9.647967
v -67.549164 -1.261539 -9.596476
v -67.738380 -1.261539 -9.662412
v -67.723930 -1.261539 -9.958200
v -67.617363 -1.261539 -10.009690
v -67.593803 -0.651884 -9.858804
v -67.635353 -0.651884 -9.795830
v -67.621323 -0.651884 -9.766778
v -67.572723 -0.651884 -9.747363
v -67.531166 -0.651884 -9.810337
v -67.545204 -0.651884 -9.839388
v -67.723930 -1.227261 -9.958200
v -67.617363 -1.227261 -10.009690
v -67.682602 -1.206854 -9.912626
v -67.607346 -1.206854 -9.948990
v -67.620361 -0.651884 -9.845970
v -67.789871 -1.261539 -9.768982
v -67.738380 -1.227261 -9.662412
v -67.789871 -1.227261 -9.768982
v -67.692802 -1.206854 -9.703740
v -67.729172 -1.206854 -9.779000
v -67.442589 -1.227261 -9.647967
v -67.549164 -1.227261 -9.596476
v -67.483917 -1.206854 -9.693540
v -67.559181 -1.206854 -9.657177
v -67.546158 -0.651884 -9.760196
v -67.376656 -1.261539 -9.837185
v -67.428146 -1.227261 -9.943755
v -67.376656 -1.227261 -9.837185
v -67.473717 -1.206854 -9.902426
v -67.437355 -1.206854 -9.827166
v -67.449890 -1.261539 -8.973383
v -67.743752 -1.261539 -9.010084
v -67.787064 -1.261539 -9.120234
v -67.707047 -1.261539 -9.303942
v -67.413193 -1.261539 -9.267240
v -67.369881 -1.261539 -9.157091
v -67.522118 -0.651884 -9.144974
v -67.581779 -0.651884 -9.191155
v -67.611801 -0.651884 -9.179348
v -67.634827 -0.651884 -9.132351
v -67.575165 -0.651884 -9.086169
v -67.545135 -0.651884 -9.097976
v -67.413193 -1.227261 -9.267240
v -67.369881 -1.227261 -9.157091
v -67.461754 -1.206854 -9.229464
v -67.431168 -1.206854 -9.151676
v -67.532906 -0.651884 -9.172425
v -67.596901 -1.261539 -9.347252
v -67.707047 -1.227261 -9.303942
v -67.596901 -1.227261 -9.347252
v -67.669273 -1.206854 -9.255383
v -67.591484 -1.206854 -9.285969
v -67.743752 -1.227261 -9.010084
v -67.787064 -1.227261 -9.120234
v -67.695190 -1.206854 -9.047860
v -67.725777 -1.206854 -9.125648
v -67.624031 -0.651884 -9.104898
v -67.560043 -1.261539 -8.930072
v -67.449890 -1.227261 -8.973383
v -67.560043 -1.227261 -8.930072
v -67.487671 -1.206854 -9.021941
v -67.565460 -1.206854 -8.991355
v 59.776104 -1.659456 -6.444497
v 59.504807 -1.659456 -6.325772
v 59.411263 -1.659456 -6.398283
v 59.386082 -1.659456 -6.597071
v 59.657379 -1.659456 -6.715796
v 59.750923 -1.659456 -6.643285
v 59.626297 -1.049802 -6.555026
v 59.551411 -1.049802 -6.564204
v 59.531643 -1.049802 -6.538703
v 59.535889 -1.049802 -6.486542
v 59.610775 -1.049802 -6.477364
v 59.630543 -1.049802 -6.502864
v 59.657379 -1.625180 -6.715796
v 59.750923 -1.625180 -6.643285
v 59.634968 -1.604772 -6.658502
v 59.701027 -1.604772 -6.607295
v 59.602982 -1.049802 -6.573098
v 59.458591 -1.659456 -6.690616
v 59.386082 -1.625180 -6.597071
v 59.458591 -1.625180 -6.690616
v 59.443375 -1.604772 -6.574658
v 59.494583 -1.604772 -6.640720
v 59.504807 -1.625180 -6.325772
v 59.411263 -1.625180 -6.398283
v 59.527218 -1.604772 -6.383066
v 59.461159 -1.604772 -6.434273
v 59.559204 -1.049802 -6.468470
v 59.703594 -1.659456 -6.350952
v 59.776104 -1.625180 -6.444497
v 59.703594 -1.625180 -6.350952
v 59.718811 -1.604772 -6.466910
v 59.667603 -1.604772 -6.400848
vn -0.0000 -1.0000 -0.0000
vn -0.0000 1.0000 -0.0000
vn -0.4351 -0.0000 -0.9004
vn -0.0239 0.9488 -0.3150
vn -0.2320 0.9488 -0.2145
vn -0.2450 0.9482 -0.2024
vn -0.0064 0.9482 -0.3177
vn -0.4298 0.1550 -0.8895
vn -0.9004 -0.0000 0.4350
vn -0.3150 0.9488 0.0239
vn -0.2145 0.9488 0.2319
vn -0.2024 0.9482 0.2450
vn -0.3177 0.9482 0.0064
vn -0.8883 0.1632 0.4292
vn -0.8884 0.1632 0.4292
vn 0.4351 -0.0000 0.9004
vn 0.0239 0.9488 0.3150
vn 0.2320 0.9488 0.2145
vn 0.2450 0.9482 0.2025
vn 0.0064 0.9482 0.3177
vn 0.4298 0.1550 0.8895
vn 0.4298 0.1551 0.8895
vn 0.4297 0.1551 0.8895
vn 0.9004 -0.0000 -0.4350
vn 0.3150 0.9488 -0.0239
vn 0.2145 0.9488 -0.2319
vn 0.2024 0.9482 -0.2450
vn 0.3177 0.9482 -0.0064
vn 0.8883 0.1632 -0.4292
vn 0.8884 0.1632 -0.4292
vn -0.9443 -0.0000 -0.3291
vn 0.3291 -0.0000 -0.9443
vn -0.9470 0.1515 -0.2832
vn -0.9453 0.1504 -0.2896
vn -0.9353 0.1444 -0.3230
vn -0.9345 0.1439 -0.3256
vn 0.3673 0.1405 -0.9194
vn 0.3610 0.1416 -0.9217
vn 0.3280 0.1475 -0.9331
vn 0.3254 0.1480 -0.9339
vn -0.3291 -0.0000 0.9443
vn -0.3290 -0.0000 0.9443
vn -0.3673 0.1405 0.9194
vn -0.3610 0.1416 0.9218
vn -0.3280 0.1475 0.9331
vn -0.3254 0.1480 0.9339
vn 0.9443 -0.0000 0.3291
vn 0.9470 0.1515 0.2832
vn 0.9452 0.1504 0.2896
vn 0.9353 0.1444 0.3230
vn 0.9345 0.1439 0.3256
vn 0.9306 -0.0000 -0.3659
vn 0.3159 0.9488 -0.0001
vn 0.2314 0.9488 -0.2151
vn 0.2203 0.9482 -0.2290
vn 0.3173 0.9482 0.0176
vn 0.9194 0.1551 -0.3615
vn 0.9194 0.1550 -0.3615
vn -0.3659 -0.0000 -0.9306
vn -0.0001 0.9488 -0.3159
vn -0.2151 0.9488 -0.2314
vn -0.2290 0.9482 -0.2203
vn 0.0176 0.9482 -0.3173
vn -0.3610 0.1632 -0.9182
vn -0.3611 0.1632 -0.9182
vn -0.9306 -0.0000 0.3659
vn -0.3159 0.9488 0.0001
vn -0.2314 0.9488 0.2151
vn -0.2203 0.9482 0.2290
vn -0.3173 0.9482 -0.0176
vn -0.9194 0.1550 0.3615
vn 0.3659 -0.0000 0.9306
vn 0.0001 0.9488 0.3159
vn 0.2151 0.9488 0.2314
vn 0.2290 0.9482 0.2203
vn -0.0176 0.9482 0.3173
vn 0.3610 0.1632 0.9182
vn 0.3993 -0.0000 -0.9168
vn 0.9168 -0.0000 0.3993
vn 0.3538 0.1515 -0.9230
vn 0.3601 0.1504 -0.9207
vn 0.3926 0.1444 -0.9083
vn 0.3951 0.1439 -0.9073
vn 0.8891 0.1405 0.4356
vn 0.8919 0.1416 0.4295
vn 0.9057 0.1476 0.3974
vn 0.9067 0.1480 0.3949
vn -0.9168 -0.0000 -0.3993
vn -0.8891 0.1405 -0.4356
vn -0.8919 0.1416 -0.4295
vn -0.9057 0.1476 -0.3974
vn -0.9067 0.1480 -0.3949
vn -0.3993 -0.0000 0.9168
vn -0.3537 0.1515 0.9230
vn -0.3601 0.1504 0.9207
vn -0.3926 0.1444 0.9083
vn -0.3951 0.1439 0.9073
vn 0.6126 -0.0000 -0.7904
vn 0.2715 0.9488 -0.1616
vn 0.0889 0.9488 -0.3032
vn 0.0722 0.9482 -0.3095
vn 0.2817 0.9482 -0.1471
vn 0.6052 0.1551 -0.7808
vn 0.6052 0.1550 -0.7808
vn -0.7904 -0.0000 -0.6126
vn -0.1616 0.9488 -0.2714
vn -0.3032 0.9488 -0.0889
vn -0.3095 0.9482 -0.0722
vn -0.1471 0.9482 -0.2816
vn -0.7798 0.1632 -0.6044
vn -0.6126 -0.0000 0.7904
vn -0.6127 -0.0000 0.7904
vn -0.2715 0.9488 0.1616
vn -0.0889 0.9488 0.3032
vn -0.0722 0.9482 0.3095
vn -0.2817 0.9482 0.1471
vn -0.6053 0.1551 0.7808
vn -0.6052 0.1550 0.7808
vn 0.7904 -0.0000 0.6126
vn 0.1616 0.9488 0.2714
vn 0.3032 0.9488 0.0888
vn 0.3095 0.9482 0.0722
vn 0.1471 0.9482 0.2817
vn 0.7798 0.1632 0.6044
vn 0.7798 0.1632 0.6045
vn -0.1257 -0.0000 -0.9921
vn 0.9921 -0.0000 -0.1257
vn -0.1680 0.1515 -0.9741
vn -0.1614 0.1504 -0.9754
vn -0.1271 0.1444 -0.9813
vn -0.1244 0.1439 -0.9817
vn 0.9868 0.1405 -0.0803
vn 0.9861 0.1416 -0.0870
vn 0.9816 0.1475 -0.1216
vn 0.9811 0.1480 -0.1243
vn -0.9921 -0.0000 0.1257
vn -0.9868 0.1405 0.0803
vn -0.9861 0.1416 0.0870
vn -0.9816 0.1475 0.1216
vn -0.9811 0.1480 0.1243
vn 0.1257 -0.0000 0.9921
vn 0.1680 0.1515 0.9741
vn 0.1614 0.1504 0.9754
vn 0.1271 0.1444 0.9813
vn 0.1244 0.1439 0.9817
vn -0.4350 -0.0000 -0.9004
vn 0.2450 0.9482 0.2024
vn 0.3290 -0.0000 -0.9443
vn -0.9452 0.1504 -0.2896
vn 0.3610 0.1416 -0.9218
vn -0.3673 0.1404 0.9194
vn 0.9453 0.1504 0.2896
vn -0.9194 0.1550 0.3616
vn 0.3611 0.1632 0.9182
vn 0.3537 0.1515 -0.9230
vn 0.8891 0.1404 0.4356
vn -0.3538 0.1515 0.9230
vn -0.2319 0.9488 -0.2145
vn -0.4298 0.1551 -0.8895
vn -0.9004 -0.0000 0.4351
vn -0.2145 0.9488 0.2320
vn -0.2025 0.9482 0.2450
vn -0.8883 0.1632 0.4293
vn 0.9004 -0.0000 -0.4351
vn 0.2146 0.9488 -0.2320
vn 0.2025 0.9482 -0.2450
vn -0.9443 -0.0000 -0.3290
vn 0.3674 0.1404 -0.9194
vn 0.3280 0.1476 -0.9331
vn -0.3674 0.1404 0.9194
vn -0.3610 0.1416 0.9217
vn -0.3280 0.1476 0.9331
vn 0.9443 -0.0000 0.3290
vn 0.6127 -0.0000 -0.7903
vn 0.2714 0.9488 -0.1617
vn 0.6053 0.1551 -0.7808
vn -0.7903 -0.0000 -0.6127
vn -0.3031 0.9488 -0.0888
vn -0.3094 0.9482 -0.0722
vn -0.1471 0.9482 -0.2817
vn -0.7797 0.1633 -0.6044
vn -0.6127 -0.0000 0.7903
vn -0.2715 0.9488 0.1617
vn -0.6052 0.1551 0.7808
vn 0.7903 -0.0000 0.6127
vn 0.3031 0.9488 0.0888
vn 0.3094 0.9482 0.0722
vn 0.7797 0.1633 0.6044
vn -0.1270 0.1444 -0.9813
vn -0.1243 0.1439 -0.9818
vn 0.9868 0.1404 -0.0804
vn 0.9861 0.1416 -0.0871
vn -0.9868 0.1404 0.0804
vn -0.9861 0.1416 0.0871
vn 0.1681 0.1515 0.9741
vn 0.1615 0.1503 0.9754
vn 0.1270 0.1444 0.9813
vn 0.1243 0.1439 0.9817
vn 0.0723 0.9482 -0.3095
vn 0.2815 0.9482 -0.1471
vn 0.6054 0.1551 -0.7806
vn 0.6055 0.1551 -0.7806
vn -0.1617 0.9488 -0.2715
vn -0.1472 0.9481 -0.2817
vn -0.7798 0.1631 -0.6043
vn -0.7799 0.1631 -0.6043
vn -0.7796 0.1633 -0.6046
vn -0.6053 0.1550 0.7808
vn -0.6055 0.1550 0.7806
vn 0.1617 0.9488 0.2715
vn 0.1473 0.9481 0.2818
vn 0.7798 0.1632 0.6043
vn 0.7796 0.1633 0.6046
vn 0.9921 -0.0000 -0.1256
vn -0.1243 0.1439 -0.9817
vn 0.9868 0.1404 -0.0805
vn 0.9861 0.1416 -0.0872
vn 0.9812 0.1480 -0.1242
vn -0.9921 -0.0000 0.1256
vn -0.9868 0.1406 0.0805
vn -0.9861 0.1417 0.0872
vn -0.9812 0.1480 0.1242
vn 0.1680 0.1516 0.9741
vn -0.2449 0.9482 -0.2024
vn -0.0063 0.9482 -0.3177
vn -0.4297 0.1551 -0.8895
vn -0.4297 0.1549 -0.8896
vn -0.3176 0.9482 0.0064
vn 0.2319 0.9488 0.2145
vn 0.2449 0.9482 0.2024
vn 0.0063 0.9482 0.3177
vn 0.4297 0.1549 0.8896
vn 0.3149 0.9488 -0.0239
vn 0.2024 0.9482 -0.2449
vn 0.3176 0.9482 -0.0064
vn 0.8883 0.1631 -0.4293
vn -0.9471 0.1515 -0.2830
vn -0.9453 0.1504 -0.2895
vn -0.9353 0.1443 -0.3230
vn 0.3673 0.1404 -0.9194
vn 0.9471 0.1515 0.2830
vn 0.9453 0.1503 0.2895
vn 0.6054 0.1550 -0.7806
vn 0.6055 0.1550 -0.7806
vn -0.1473 0.9481 -0.2817
vn -0.7798 0.1632 -0.6043
vn -0.7797 0.1633 -0.6046
vn -0.2714 0.9488 0.1616
vn -0.0723 0.9482 0.3095
vn -0.2815 0.9482 0.1471
vn 0.3095 0.9481 0.0722
vn 0.1473 0.9481 0.2817
vn 0.7799 0.1631 0.6043
vn 0.7796 0.1632 0.6046
vn 0.9868 0.1403 -0.0805
vn 0.9861 0.1415 -0.0872
vn -0.9868 0.1403 0.0805
vn -0.9861 0.1415 0.0872
vn -0.4350 -0.0000 -0.9005
vn -0.4298 0.1549 -0.8895
vn -0.4295 0.1553 -0.8896
vn -0.2024 0.9482 0.2449
vn -0.3176 0.9482 0.0062
vn -0.8884 0.1631 0.4291
vn -0.8883 0.1633 0.4293
vn 0.4350 -0.0000 0.9005
vn 0.4295 0.1553 0.8896
vn 0.3175 0.9482 -0.0064
vn 0.8884 0.1631 -0.4291
vn 0.8883 0.1632 -0.4293
vn -0.9471 0.1516 -0.2830
vn -0.9453 0.1505 -0.2895
vn -0.9353 0.1444 -0.3231
vn -0.9345 0.1440 -0.3257
vn 0.3674 0.1406 -0.9194
vn 0.3611 0.1414 -0.9217
vn 0.3280 0.1477 -0.9331
vn 0.3254 0.1481 -0.9339
vn -0.3674 0.1405 0.9194
vn -0.3611 0.1417 0.9217
vn 0.9453 0.1504 0.2895
vn 0.9353 0.1444 0.3231
vn 0.9345 0.1439 0.3257
vn 0.2716 0.9487 -0.1617
vn 0.2820 0.9481 -0.1472
vn 0.6052 0.1548 -0.7809
vn -0.3033 0.9487 -0.0890
vn -0.1469 0.9482 -0.2815
vn -0.7798 0.1631 -0.6044
vn -0.7798 0.1631 -0.6045
vn -0.7800 0.1635 -0.6040
vn -0.7800 0.1636 -0.6040
vn -0.2818 0.9481 0.1471
vn 0.3031 0.9488 0.0889
vn 0.1470 0.9482 0.2815
vn 0.7798 0.1631 0.6044
vn 0.7800 0.1634 0.6041
vn 0.7800 0.1634 0.6040
vn -0.1680 0.1514 -0.9741
vn -0.1614 0.1503 -0.9754
vn 0.9868 0.1406 -0.0802
vn 0.9861 0.1417 -0.0870
vn 0.9815 0.1477 -0.1216
vn 0.9811 0.1481 -0.1243
vn -0.9868 0.1404 0.0803
vn -0.9815 0.1476 0.1216
vn -0.9811 0.1481 0.1243
vn 0.1244 0.1439 0.9818
vn 0.2714 0.9488 -0.1616
vn 0.0888 0.9488 -0.3031
vn 0.2817 0.9482 -0.1472
vn -0.1616 0.9488 -0.2715
vn -0.3095 0.9481 -0.0723
vn -0.7800 0.1634 -0.6040
vn -0.7801 0.1634 -0.6040
vn -0.2715 0.9487 0.1617
vn -0.0722 0.9481 0.3095
vn -0.2818 0.9481 0.1472
vn 0.3032 0.9488 0.0889
vn 0.1470 0.9482 0.2816
vn 0.7801 0.1632 0.6041
vn 0.7801 0.1635 0.6040
vn 0.9868 0.1404 -0.0803
vn 0.9815 0.1476 -0.1216
vn -0.9815 0.1477 0.1216
vn -0.9811 0.1482 0.1243
vn -0.4349 -0.0000 -0.9005
vn -0.0239 0.9488 -0.3151
vn -0.2320 0.9488 -0.2146
vn -0.2450 0.9481 -0.2025
vn -0.0064 0.9481 -0.3178
vn -0.4296 0.1550 -0.8896
vn -0.4292 0.1550 -0.8898
vn -0.9005 -0.0000 0.4349
vn -0.3151 0.9487 0.0239
vn -0.2145 0.9488 0.2318
vn -0.3178 0.9481 0.0064
vn -0.8885 0.1630 0.4289
vn -0.8882 0.1633 0.4294
vn -0.8882 0.1633 0.4295
vn 0.4349 -0.0000 0.9005
vn 0.0239 0.9488 0.3151
vn 0.2320 0.9488 0.2146
vn 0.2449 0.9482 0.2025
vn 0.0063 0.9481 0.3178
vn 0.4301 0.1550 0.8894
vn 0.4293 0.1550 0.8898
vn 0.4292 0.1550 0.8898
vn 0.9006 -0.0000 -0.4347
vn 0.3151 0.9488 -0.0239
vn 0.3178 0.9481 -0.0064
vn 0.8885 0.1630 -0.4289
vn 0.8882 0.1632 -0.4294
vn 0.8882 0.1633 -0.4295
vn 0.3288 -0.0000 -0.9444
vn -0.9470 0.1516 -0.2833
vn -0.9452 0.1505 -0.2897
vn -0.9353 0.1445 -0.3230
vn -0.9345 0.1440 -0.3256
vn 0.3672 0.1406 -0.9194
vn 0.3608 0.1417 -0.9218
vn 0.3275 0.1476 -0.9333
vn 0.3248 0.1480 -0.9341
vn -0.3288 -0.0000 0.9444
vn -0.3672 0.1406 0.9194
vn -0.3609 0.1417 0.9218
vn -0.3278 0.1475 0.9332
vn -0.3252 0.1480 0.9340
vn 0.9353 0.1445 0.3231
vn 0.9344 0.1440 0.3257
vn -0.0000 1.0000 -0.0001
vn 0.6129 -0.0000 -0.7902
vn 0.6129 -0.0000 -0.7901
vn 0.6048 0.1551 -0.7811
vn 0.6048 0.1551 -0.7812
vn 0.6058 0.1549 -0.7804
vn 0.6059 0.1549 -0.7803
vn -0.3031 0.9488 -0.0889
vn -0.1472 0.9482 -0.2816
vn -0.7800 0.1631 -0.6041
vn -0.2816 0.9482 0.1471
vn -0.6052 0.1550 0.7809
vn -0.6048 0.1552 0.7811
vn -0.6047 0.1552 0.7812
vn 0.7902 -0.0000 0.6128
vn 0.7905 -0.0000 0.6124
vn 0.7904 -0.0000 0.6125
vn 0.7902 -0.0000 0.6129
vn 0.3030 0.9488 0.0889
vn 0.7800 0.1632 0.6041
vn 0.7798 0.1630 0.6044
vn -0.1258 -0.0000 -0.9921
vn -0.1255 -0.0000 -0.9921
vn -0.1672 0.1515 -0.9742
vn -0.1607 0.1504 -0.9755
vn -0.1269 0.1444 -0.9814
vn -0.1242 0.1439 -0.9818
vn 0.9868 0.1405 -0.0805
vn 0.9861 0.1417 -0.0872
vn -0.9868 0.1405 0.0805
vn -0.9816 0.1476 0.1216
vn 0.1258 -0.0000 0.9921
vn 0.1255 -0.0000 0.9921
vn 0.1672 0.1515 0.9742
vn 0.1607 0.1504 0.9755
vn 0.1269 0.1444 0.9814
vn 0.1242 0.1439 0.9818
vn -0.0000 1.0000 0.0001
vn 0.2716 0.9488 -0.1616
vn 0.0723 0.9481 -0.3095
vn 0.2818 0.9481 -0.1471
vn 0.6056 0.1550 -0.7805
vn -0.7904 -0.0000 -0.6125
vn -0.7902 -0.0000 -0.6129
vn -0.7902 -0.0000 -0.6128
vn -0.7905 -0.0000 -0.6124
vn -0.3032 0.9488 -0.0888
vn -0.3096 0.9481 -0.0722
vn -0.7798 0.1633 -0.6044
vn -0.6060 0.1550 0.7803
vn -0.6060 0.1550 0.7802
vn -0.6048 0.1551 0.7811
vn -0.6047 0.1551 0.7812
vn 0.1472 0.9481 0.2817
vn -0.1682 0.1515 -0.9740
vn -0.1616 0.1504 -0.9753
vn -0.1273 0.1444 -0.9813
vn -0.1246 0.1440 -0.9817
vn 0.9868 0.1404 -0.0806
vn -0.9868 0.1404 0.0806
vn -0.9861 0.1416 0.0872
vn 0.1682 0.1515 0.9740
vn 0.1617 0.1504 0.9753
vn 0.1276 0.1444 0.9813
vn 0.1250 0.1439 0.9817
vn 0.2816 0.9482 -0.1471
vn 0.6056 0.1551 -0.7805
vn 0.6058 0.1550 -0.7803
vn 0.6059 0.1550 -0.7803
vn -0.2716 0.9487 0.1617
vn -0.0723 0.9481 0.3095
vn 0.1618 0.9487 0.2715
vn -0.1617 0.1504 -0.9753
vn 0.9868 0.1405 -0.0806
vn 0.1682 0.1514 0.9741
vn 0.1617 0.1503 0.9753
vn 0.1273 0.1444 0.9813
vn 0.1246 0.1440 0.9817
vn 0.6128 -0.0000 -0.7903
vn 0.2715 0.9487 -0.1617
vn 0.0888 0.9488 -0.3032
vn 0.2819 0.9481 -0.1472
vn 0.6053 0.1551 -0.7807
vn 0.6051 0.1551 -0.7809
vn -0.3033 0.9487 -0.0889
vn -0.3095 0.9482 -0.0723
vn -0.1470 0.9482 -0.2817
vn -0.7797 0.1632 -0.6045
vn -0.7799 0.1634 -0.6042
vn -0.6128 -0.0000 0.7903
vn -0.0888 0.9488 0.3032
vn -0.2817 0.9481 0.1472
vn -0.6051 0.1551 0.7809
vn 0.1615 0.9488 0.2715
vn 0.3032 0.9488 0.0890
vn 0.3094 0.9482 0.0723
vn 0.1469 0.9482 0.2816
vn 0.7797 0.1631 0.6045
vn 0.7797 0.1631 0.6046
vn 0.7802 0.1631 0.6039
vn 0.7803 0.1631 0.6038
vn -0.1256 -0.0000 -0.9921
vn -0.1677 0.1515 -0.9741
vn -0.1612 0.1504 -0.9754
vn -0.1246 0.1439 -0.9817
vn 0.1256 -0.0000 0.9921
vn 0.1677 0.1515 0.9741
vn 0.1612 0.1504 0.9754
vn 0.1244 0.1440 0.9817
vn 0.6045 0.1552 -0.7813
vn 0.6045 0.1553 -0.7814
vn -0.1470 0.9482 -0.2816
vn -0.7797 0.1631 -0.6046
vn -0.7802 0.1633 -0.6039
vn -0.7802 0.1633 -0.6038
vn -0.2819 0.9481 0.1472
vn -0.6056 0.1551 0.7805
vn 0.1615 0.9488 0.2714
vn 0.1468 0.9483 0.2815
vn 0.7802 0.1633 0.6039
vn 0.7802 0.1633 0.6038
vn -0.1608 0.1504 -0.9755
vn -0.1272 0.1444 -0.9813
vn 0.9868 0.1404 -0.0802
vn 0.9861 0.1416 -0.0869
vn -0.9861 0.1417 0.0870
vn 0.1608 0.1504 0.9755
vn 0.1272 0.1444 0.9813
vn 0.1246 0.1439 0.9817
vn 0.2713 0.9488 -0.1616
vn 0.2813 0.9483 -0.1471
vn 0.6047 0.1551 -0.7812
vn 0.6047 0.1552 -0.7812
vn -0.1472 0.9482 -0.2817
vn -0.7799 0.1632 -0.6042
vn -0.7803 0.1629 -0.6039
vn -0.7803 0.1629 -0.6038
vn -0.2713 0.9488 0.1617
vn -0.2815 0.9482 0.1472
vn -0.6056 0.1550 0.7805
vn 0.3033 0.9488 0.0888
vn 0.3096 0.9481 0.0722
vn 0.1472 0.9482 0.2817
vn 0.7799 0.1632 0.6042
vn 0.7803 0.1629 0.6039
vn 0.7803 0.1629 0.6038
vn 0.9861 0.1415 -0.0869
vn 0.9812 0.1479 -0.1243
vn -0.9868 0.1404 0.0802
vn -0.9861 0.1415 0.0869
vn -0.9812 0.1479 0.1243
vn 0.1269 0.1444 0.9813
vn 0.1242 0.1440 0.9818
vn -0.2320 0.9488 -0.2144
vn -0.0065 0.9482 -0.3177
vn -0.4297 0.1552 -0.8895
vn -0.4297 0.1552 -0.8896
vn -0.4308 0.1547 -0.8891
vn -0.4309 0.1547 -0.8891
vn -0.9003 -0.0000 0.4352
vn -0.9004 -0.0000 0.4352
vn -0.3149 0.9488 0.0240
vn -0.2146 0.9488 0.2320
vn -0.3174 0.9483 0.0065
vn -0.8882 0.1632 0.4294
vn -0.8882 0.1632 0.4295
vn 0.0240 0.9488 0.3150
vn 0.2321 0.9488 0.2144
vn 0.2452 0.9481 0.2024
vn 0.0066 0.9481 0.3179
vn 0.4297 0.1553 0.8895
vn 0.4296 0.1553 0.8895
vn 0.4301 0.1548 0.8894
vn 0.4301 0.1547 0.8894
vn 0.9003 -0.0000 -0.4352
vn 0.9004 -0.0000 -0.4352
vn 0.3150 0.9488 -0.0240
vn 0.2145 0.9487 -0.2321
vn 0.2025 0.9481 -0.2450
vn 0.3175 0.9482 -0.0065
vn 0.8884 0.1633 -0.4291
vn -0.9443 -0.0000 -0.3289
vn -0.9444 -0.0000 -0.3289
vn -0.9469 0.1512 -0.2837
vn -0.9452 0.1501 -0.2901
vn -0.9345 0.1439 -0.3257
vn 0.3610 0.1417 -0.9217
vn 0.3279 0.1475 -0.9331
vn 0.3253 0.1479 -0.9340
vn -0.3674 0.1406 0.9194
vn -0.3610 0.1417 0.9217
vn -0.3279 0.1475 0.9331
vn -0.3253 0.1479 0.9340
vn 0.9443 -0.0000 0.3289
vn 0.9444 -0.0000 0.3289
vn 0.9469 0.1512 0.2838
vn 0.9451 0.1501 0.2902
vn 0.9353 0.1443 0.3231
vn 0.9345 0.1438 0.3256
vn -0.0064 0.9481 -0.3179
vn -0.4305 0.1543 -0.8893
vn -0.4310 0.1542 -0.8891
vn -0.3148 0.9489 0.0241
vn -0.2146 0.9487 0.2321
vn -0.2026 0.9481 0.2451
vn -0.3172 0.9483 0.0066
vn -0.8884 0.1632 0.4291
vn 0.2320 0.9488 0.2144
vn 0.0065 0.9482 0.3177
vn 0.4297 0.1552 0.8896
vn 0.3151 0.9488 -0.0240
vn 0.8884 0.1632 -0.4291
vn 0.3292 -0.0000 -0.9443
vn -0.9469 0.1514 -0.2837
vn -0.9451 0.1503 -0.2901
vn -0.9353 0.1442 -0.3231
vn -0.9345 0.1437 -0.3257
vn 0.3674 0.1408 -0.9193
vn 0.3610 0.1419 -0.9217
vn 0.3277 0.1474 -0.9332
vn 0.3251 0.1478 -0.9341
vn -0.3292 -0.0000 0.9443
vn -0.3674 0.1408 0.9193
vn -0.3610 0.1419 0.9217
vn -0.3277 0.1474 0.9332
vn -0.3251 0.1478 0.9341
vn 0.9469 0.1514 0.2837
vn 0.9451 0.1503 0.2901
vn -0.0239 0.9488 -0.3149
vn -0.2319 0.9488 -0.2146
vn -0.0063 0.9482 -0.3175
vn -0.4299 0.1549 -0.8895
vn -0.4299 0.1548 -0.8895
vn -0.4294 0.1552 -0.8897
vn -0.4293 0.1552 -0.8897
vn -0.3153 0.9487 0.0240
vn -0.2025 0.9481 0.2451
vn -0.3182 0.9480 0.0063
vn -0.8883 0.1631 0.4294
vn -0.8884 0.1631 0.4292
vn 0.2319 0.9488 0.2146
vn 0.4299 0.1549 0.8895
vn 0.4299 0.1548 0.8895
vn 0.4294 0.1552 0.8897
vn 0.4293 0.1552 0.8897
vn 0.3153 0.9487 -0.0240
vn 0.2145 0.9488 -0.2320
vn 0.3182 0.9480 -0.0064
vn 0.8883 0.1631 -0.4294
vn 0.8884 0.1631 -0.4292
vn -0.9469 0.1516 -0.2835
vn -0.9452 0.1504 -0.2899
vn 0.3670 0.1401 -0.9196
vn 0.3607 0.1413 -0.9219
vn 0.3254 0.1482 -0.9339
vn -0.3670 0.1401 0.9196
vn -0.3607 0.1413 0.9219
vn -0.3280 0.1477 0.9331
vn -0.3254 0.1482 0.9339
vn 0.9469 0.1518 0.2835
vn 0.9451 0.1507 0.2899
vn 0.9345 0.1440 0.3257
vn -0.4353 -0.0000 -0.9003
vn -0.4352 -0.0000 -0.9003
vn -0.2321 0.9488 -0.2144
vn -0.2451 0.9481 -0.2024
vn -0.4297 0.1550 -0.8896
vn -0.4301 0.1544 -0.8895
vn -0.4302 0.1543 -0.8895
vn -0.3150 0.9488 0.0240
vn -0.3176 0.9482 0.0066
vn -0.8883 0.1632 0.4294
vn 0.2451 0.9481 0.2024
vn 0.0065 0.9481 0.3178
vn 0.4297 0.1552 0.8895
vn 0.4308 0.1547 0.8891
vn 0.4304 0.1547 0.8893
vn 0.2146 0.9487 -0.2321
vn 0.2025 0.9481 -0.2451
vn 0.8882 0.1634 -0.4294
vn 0.8882 0.1633 -0.4294
vn 0.3669 0.1408 -0.9195
vn 0.3607 0.1419 -0.9218
vn 0.3280 0.1474 -0.9331
vn 0.3254 0.1478 -0.9339
vn -0.3669 0.1408 0.9195
vn -0.3607 0.1419 0.9218
vn -0.3280 0.1474 0.9331
vn -0.3254 0.1478 0.9339
vn 0.9470 0.1513 0.2835
vn 0.9452 0.1502 0.2899
vn 0.9345 0.1438 0.3257
vn -0.4299 0.1551 -0.8895
vn -0.3177 0.9482 0.0063
vn 0.4299 0.1551 0.8895
vn 0.3177 0.9482 -0.0063
vn 0.3674 0.1405 -0.9194
vn -0.3255 0.1480 0.9339
vn 0.2715 0.9488 -0.1617
vn -0.1679 0.1515 -0.9741
vn 0.1679 0.1515 0.9741
vn -0.4344 -0.0000 -0.9007
vn -0.4346 -0.0000 -0.9006
vn -0.2321 0.9487 -0.2146
vn -0.0063 0.9482 -0.3176
vn -0.4316 0.1553 -0.8886
vn -0.4319 0.1553 -0.8885
vn -0.9005 -0.0000 0.4348
vn -0.3148 0.9489 0.0239
vn -0.2143 0.9488 0.2320
vn -0.3174 0.9483 0.0064
vn 0.4348 -0.0000 0.9005
vn 0.4352 -0.0000 0.9003
vn 0.2448 0.9482 0.2024
vn 0.0063 0.9482 0.3176
vn 0.4292 0.1549 0.8898
vn 0.4291 0.1549 0.8899
vn 0.4303 0.1554 0.8892
vn 0.4304 0.1554 0.8891
vn 0.3175 0.9482 -0.0062
vn 0.8882 0.1632 -0.4295
vn 0.8883 0.1633 -0.4293
vn 0.8883 0.1633 -0.4294
vn 0.3289 -0.0000 -0.9444
vn -0.9472 0.1515 -0.2827
vn -0.9454 0.1503 -0.2892
vn -0.9345 0.1438 -0.3257
vn 0.3611 0.1416 -0.9217
vn 0.3284 0.1476 -0.9329
vn 0.3258 0.1480 -0.9338
vn -0.3289 -0.0000 0.9444
vn -0.3674 0.1402 0.9194
vn -0.3611 0.1414 0.9217
vn -0.3284 0.1476 0.9329
vn -0.3258 0.1480 0.9338
vn 0.9471 0.1516 0.2830
vn 0.9354 0.1443 0.3230
vn -0.4348 -0.0000 -0.9005
vn -0.2320 0.9487 -0.2146
vn -0.2449 0.9482 -0.2025
vn -0.0064 0.9482 -0.3175
vn -0.4291 0.1551 -0.8899
vn -0.4290 0.1551 -0.8899
vn -0.9005 -0.0000 0.4350
vn -0.9006 -0.0000 0.4347
vn -0.3148 0.9488 0.0239
vn -0.3173 0.9483 0.0064
vn -0.8885 0.1631 0.4290
vn -0.8886 0.1629 0.4288
vn 0.2318 0.9488 0.2146
vn 0.2448 0.9482 0.2025
vn 0.4290 0.1551 0.8899
vn 0.9005 -0.0000 -0.4348
vn 0.9005 -0.0000 -0.4349
vn 0.8885 0.1631 -0.4290
vn 0.8886 0.1630 -0.4288
vn -0.9469 0.1520 -0.2832
vn -0.9452 0.1508 -0.2897
vn -0.9352 0.1445 -0.3232
vn -0.9344 0.1440 -0.3258
vn 0.3674 0.1402 -0.9194
vn 0.3610 0.1414 -0.9218
vn 0.3278 0.1476 -0.9332
vn 0.3251 0.1481 -0.9340
vn -0.3610 0.1417 0.9218
vn -0.3278 0.1476 0.9332
vn -0.3251 0.1481 0.9340
vn 0.9470 0.1518 0.2832
vn 0.9452 0.1506 0.2897
vn 0.9351 0.1445 0.3235
vn -0.4304 0.1546 -0.8893
vn -0.4305 0.1545 -0.8893
vn -0.3152 0.9487 0.0238
vn -0.2025 0.9482 0.2449
vn -0.3180 0.9481 0.0062
vn -0.8883 0.1633 0.4292
vn -0.8882 0.1634 0.4294
vn 0.0239 0.9487 0.3152
vn 0.2318 0.9488 0.2144
vn 0.0063 0.9481 0.3180
vn 0.4292 0.1552 0.8898
vn 0.4291 0.1552 0.8898
vn 0.4317 0.1545 0.8887
vn 0.4320 0.1544 0.8886
vn 0.2144 0.9488 -0.2318
vn 0.2024 0.9482 -0.2448
vn 0.3176 0.9482 -0.0063
vn 0.8883 0.1633 -0.4292
vn 0.3284 0.1475 -0.9330
vn 0.3258 0.1479 -0.9338
vn -0.3611 0.1416 0.9217
vn -0.3284 0.1475 0.9330
vn -0.3258 0.1479 0.9338
vn 0.9471 0.1514 0.2830
vn 0.9453 0.1502 0.2895
vn 0.9353 0.1443 0.3229
vn -0.2318 0.9489 -0.2144
vn -0.2448 0.9482 -0.2024
vn -0.4296 0.1552 -0.8896
vn -0.4290 0.1547 -0.8899
vn -0.4290 0.1547 -0.8900
vn -0.3153 0.9487 0.0239
vn -0.2146 0.9488 0.2318
vn -0.2025 0.9482 0.2448
vn -0.3181 0.9480 0.0063
vn -0.8886 0.1631 0.4287
vn 0.4346 -0.0000 0.9006
vn 0.4344 -0.0000 0.9007
vn 0.2318 0.9488 0.2145
vn 0.0063 0.9481 0.3179
vn 0.4301 0.1551 0.8893
vn 0.4302 0.1551 0.8893
vn 0.4291 0.1547 0.8899
vn 0.4290 0.1547 0.8900
vn 0.2025 0.9482 -0.2449
vn 0.8886 0.1631 -0.4287
vn 0.8885 0.1629 -0.4289
vn -0.9470 0.1515 -0.2833
vn -0.9452 0.1504 -0.2897
vn -0.9353 0.1445 -0.3231
vn 0.3609 0.1416 -0.9218
vn 0.3274 0.1475 -0.9333
vn -0.3610 0.1414 0.9218
vn 0.9352 0.1445 0.3232
vn 0.9344 0.1441 0.3258
vn -0.0064 0.9482 -0.3176
vn -0.4295 0.1550 -0.8896
vn -0.4295 0.1551 -0.8896
vn -0.3149 0.9488 0.0239
vn -0.2144 0.9488 0.2320
vn 0.4350 -0.0000 0.9004
vn 0.4298 0.1549 0.8895
vn 0.4295 0.1550 0.8896
vn 0.4295 0.1551 0.8896
vn 0.8883 0.1631 -0.4292
vn 0.3611 0.1417 -0.9217
vn 0.9453 0.1505 0.2895
vn 0.0889 0.9488 -0.3031
vn 0.0722 0.9482 -0.3094
vn 0.6052 0.1552 -0.7808
vn -0.1617 0.9487 -0.2715
vn -0.3094 0.9482 -0.0723
vn -0.1473 0.9481 -0.2818
vn -0.7797 0.1634 -0.6044
vn -0.7801 0.1630 -0.6041
vn -0.7801 0.1630 -0.6040
vn -0.2713 0.9488 0.1616
vn -0.0889 0.9488 0.3031
vn -0.0722 0.9482 0.3094
vn -0.2814 0.9482 0.1470
vn -0.6052 0.1552 0.7808
vn 0.7798 0.1633 0.6044
vn 0.7801 0.1628 0.6041
vn 0.7802 0.1628 0.6040
vn -0.1244 0.1440 -0.9817
vn 0.9816 0.1474 -0.1216
vn -0.9869 0.1402 0.0803
vn -0.9861 0.1414 0.0870
vn 0.0722 0.9481 -0.3095
vn 0.2818 0.9481 -0.1472
vn -0.7801 0.1632 -0.6041
vn -0.7801 0.1632 -0.6040
vn 0.7798 0.1631 0.6045
vn 0.7801 0.1631 0.6041
vn 0.7800 0.1636 0.6040
vn -0.1244 0.1439 -0.9818
vn -0.2319 0.9488 -0.2144
vn -0.2446 0.9483 -0.2024
vn -0.4295 0.1551 -0.8897
vn -0.3151 0.9488 0.0239
vn -0.3178 0.9481 0.0063
vn -0.8884 0.1633 0.4291
vn -0.8884 0.1633 0.4290
vn 0.4295 0.1551 0.8897
vn 0.3152 0.9487 -0.0239
vn 0.3180 0.9481 -0.0063
vn 0.8884 0.1633 -0.4290
vn -0.9471 0.1514 -0.2830
vn -0.9453 0.1503 -0.2895
vn 0.9471 0.1513 0.2830
vn -0.2318 0.9488 -0.2145
vn -0.2447 0.9482 -0.2024
vn -0.4298 0.1552 -0.8895
vn -0.4296 0.1547 -0.8897
vn -0.4295 0.1549 -0.8897
vn 0.2317 0.9488 0.2145
vn 0.2146 0.9487 -0.2320
vn -0.9353 0.1443 -0.3231
vn -0.2316 0.9489 -0.2144
vn -0.4302 0.1552 -0.8893
vn -0.4277 0.1548 -0.8905
vn -0.4275 0.1548 -0.8907
vn -0.2144 0.9488 0.2319
vn -0.3179 0.9481 0.0063
vn -0.8884 0.1632 0.4290
vn -0.8888 0.1628 0.4283
vn -0.8889 0.1627 0.4282
vn 0.0239 0.9488 0.3149
vn 0.0064 0.9482 0.3176
vn 0.4295 0.1552 0.8896
vn 0.4304 0.1546 0.8893
vn 0.4305 0.1545 0.8893
vn 0.9007 -0.0000 -0.4345
vn 0.9006 -0.0000 -0.4346
vn 0.3151 0.9487 -0.0239
vn -0.9452 0.1504 -0.2898
vn -0.9352 0.1444 -0.3233
vn -0.9345 0.1438 -0.3255
vn 0.3665 0.1405 -0.9197
vn 0.3603 0.1417 -0.9220
vn 0.3278 0.1474 -0.9332
vn 0.3252 0.1479 -0.9340
vn -0.3293 -0.0000 0.9442
vn -0.3680 0.1404 0.9192
vn -0.3617 0.1416 0.9215
vn -0.3277 0.1475 0.9332
vn -0.3251 0.1480 0.9340
vn 0.9444 -0.0000 0.3288
vn 0.9470 0.1515 0.2831
vn -0.0239 0.9487 -0.3152
vn -0.0064 0.9481 -0.3180
vn -0.4301 0.1551 -0.8894
vn -0.4302 0.1551 -0.8893
vn -0.4277 0.1552 -0.8905
vn -0.4275 0.1552 -0.8906
vn -0.3152 0.9487 0.0239
vn -0.2147 0.9487 0.2320
vn -0.2025 0.9481 0.2450
vn -0.3180 0.9481 0.0063
vn -0.8881 0.1635 0.4297
vn -0.8880 0.1635 0.4297
vn 0.0241 0.9487 0.3152
vn 0.2317 0.9489 0.2144
vn 0.2447 0.9482 0.2024
vn 0.2146 0.9488 -0.2319
vn -0.9444 -0.0000 -0.3288
vn -0.9473 0.1512 -0.2824
vn -0.9455 0.1501 -0.2890
vn 0.3664 0.1405 -0.9198
vn 0.3283 0.1475 -0.9330
vn -0.3682 0.1404 0.9191
vn -0.3618 0.1416 0.9214
vn -0.3285 0.1475 0.9329
vn 0.9453 0.1503 0.2894
vn 0.9354 0.1443 0.3228
vn 0.9346 0.1438 0.3254
vn -0.0104 -0.0000 0.9999
vn -0.0108 -0.0000 0.9999
vn -0.0107 -0.0000 0.9999
vn -0.0103 -0.0000 0.9999
vn -0.1187 0.9488 0.2929
vn 0.1124 0.9488 0.2953
vn 0.1295 0.9481 0.2904
vn -0.1356 0.9481 0.2875
vn -0.0104 0.1551 0.9878
vn -0.0110 0.1552 0.9878
vn -0.0111 0.1552 0.9878
vn 0.9999 -0.0000 0.0108
vn 0.2930 0.9487 0.1188
vn 0.2949 0.9489 -0.1122
vn 0.2901 0.9482 -0.1293
vn 0.2880 0.9480 0.1357
vn 0.9866 0.1631 0.0101
vn 0.9865 0.1631 0.0111
vn 0.9865 0.1631 0.0112
vn 0.0104 -0.0000 -0.9999
vn 0.0108 -0.0000 -0.9999
vn 0.0107 -0.0000 -0.9999
vn 0.0103 -0.0000 -0.9999
vn 0.1187 0.9488 -0.2928
vn -0.1123 0.9488 -0.2953
vn -0.1295 0.9481 -0.2903
vn 0.1357 0.9481 -0.2875
vn 0.0104 0.1551 -0.9878
vn 0.0094 0.1548 -0.9879
vn 0.0093 0.1548 -0.9879
vn -0.9999 -0.0000 -0.0108
vn -0.2931 0.9487 -0.1188
vn -0.2949 0.9489 0.1124
vn -0.2902 0.9482 0.1294
vn -0.2882 0.9479 -0.1356
vn -0.9865 0.1632 -0.0101
vn -0.9865 0.1631 -0.0111
vn -0.9865 0.1631 -0.0112
vn 0.6994 -0.0000 0.7147
vn 0.6995 -0.0000 0.7146
vn -0.7149 -0.0000 0.6992
vn -0.7147 -0.0000 0.6995
vn -0.7146 -0.0000 0.6995
vn 0.7223 0.1515 0.6748
vn 0.7178 0.1504 0.6798
vn 0.6941 0.1446 0.7053
vn 0.6922 0.1441 0.7072
vn -0.7376 0.1404 0.6605
vn -0.7330 0.1416 0.6653
vn -0.7088 0.1475 0.6898
vn -0.7069 0.1480 0.6916
vn 0.7148 -0.0000 -0.6994
vn 0.7147 -0.0000 -0.6995
vn 0.7146 -0.0000 -0.6995
vn 0.7375 0.1410 -0.6604
vn 0.7330 0.1420 -0.6653
vn 0.7088 0.1476 -0.6898
vn 0.7069 0.1480 -0.6916
vn -0.6994 -0.0000 -0.7147
vn -0.6995 -0.0000 -0.7146
vn -0.7223 0.1516 -0.6748
vn -0.7178 0.1505 -0.6798
vn -0.6941 0.1446 -0.7053
vn -0.6922 0.1441 -0.7072
vn 0.2821 0.9480 -0.1472
vn 0.6046 0.1551 -0.7813
vn 0.6045 0.1551 -0.7814
vn -0.1617 0.9488 -0.2714
vn -0.7797 0.1631 -0.6045
vn -0.7802 0.1635 -0.6038
vn -0.2717 0.9487 0.1617
vn -0.2820 0.9481 0.1472
vn 0.1616 0.9488 0.2715
vn 0.3093 0.9482 0.0722
vn 0.1471 0.9482 0.2816
vn 0.7797 0.1632 0.6045
vn -0.9815 0.1477 0.1217
vn -0.9811 0.1482 0.1244
vn -0.9232 -0.0000 -0.3844
vn -0.9231 -0.0000 -0.3845
vn -0.2269 0.9488 -0.2196
vn -0.3158 0.9488 -0.0065
vn -0.3174 0.9482 0.0112
vn -0.2155 0.9483 -0.2332
vn -0.9120 0.1550 -0.3798
vn -0.9120 0.1550 -0.3799
vn -0.9122 0.1549 -0.3794
vn -0.3845 -0.0000 0.9231
vn -0.3842 -0.0000 0.9233
vn -0.3842 -0.0000 0.9232
vn -0.3846 -0.0000 0.9231
vn -0.2196 0.9488 0.2269
vn -0.0065 0.9488 0.3158
vn 0.0112 0.9482 0.3175
vn -0.2333 0.9482 0.2156
vn -0.3787 0.1632 0.9110
vn -0.3786 0.1632 0.9111
vn -0.3811 0.1632 0.9100
vn -0.3813 0.1632 0.9099
vn 0.9232 -0.0000 0.3844
vn 0.9231 -0.0000 0.3845
vn 0.2269 0.9489 0.2195
vn 0.3158 0.9488 0.0065
vn 0.3175 0.9482 -0.0112
vn 0.2155 0.9483 0.2331
vn 0.9120 0.1550 0.3798
vn 0.9120 0.1549 0.3799
vn 0.9121 0.1550 0.3794
vn 0.9122 0.1550 0.3794
vn 0.3845 -0.0000 -0.9231
vn 0.3842 -0.0000 -0.9233
vn 0.3842 -0.0000 -0.9232
vn 0.3846 -0.0000 -0.9231
vn 0.2196 0.9488 -0.2270
vn 0.0065 0.9488 -0.3158
vn -0.0112 0.9482 -0.3175
vn 0.2333 0.9482 -0.2156
vn 0.3792 0.1631 -0.9108
vn 0.3791 0.1631 -0.9108
vn 0.3798 0.1633 -0.9105
vn 0.3799 0.1633 -0.9105
vn -0.9247 -0.0000 0.3808
vn -0.9246 -0.0000 0.3808
vn -0.9246 -0.0000 0.3809
vn -0.3809 -0.0000 -0.9246
vn -0.3807 -0.0000 -0.9247
vn -0.8961 0.1515 0.4171
vn -0.8991 0.1504 0.4111
vn -0.9139 0.1444 0.3794
vn -0.9150 0.1439 0.3769
vn -0.3368 0.1405 -0.9310
vn -0.3428 0.1417 -0.9287
vn -0.3739 0.1475 -0.9156
vn -0.3763 0.1480 -0.9146
vn 0.3809 -0.0000 0.9246
vn 0.3807 -0.0000 0.9247
vn 0.3377 0.1404 0.9307
vn 0.3436 0.1416 0.9284
vn 0.3737 0.1475 0.9158
vn 0.3760 0.1480 0.9147
vn 0.9246 -0.0000 -0.3809
vn 0.9247 -0.0000 -0.3808
vn 0.8963 0.1514 -0.4167
vn 0.8993 0.1503 -0.4108
vn 0.9138 0.1445 -0.3795
vn 0.9149 0.1440 -0.3771
vn -0.1618 0.9488 -0.2715
vn -0.1474 0.9481 -0.2817
vn -0.7797 0.1634 -0.6045
vn -0.7796 0.1634 -0.6045
vn -0.7802 0.1630 -0.6039
vn -0.2817 0.9481 0.1471
vn -0.6059 0.1549 0.7803
vn -0.6046 0.1551 0.7813
vn -0.6045 0.1551 0.7814
vn 0.7797 0.1633 0.6045
vn 0.7802 0.1629 0.6039
vn 0.9815 0.1475 -0.1216
vn -0.9311 -0.0000 0.3648
vn -0.9310 -0.0000 0.3649
vn -0.3159 0.9488 -0.0003
vn -0.2316 0.9488 0.2148
vn -0.2206 0.9482 0.2287
vn -0.3173 0.9481 -0.0180
vn -0.9198 0.1550 0.3604
vn -0.9199 0.1548 0.3604
vn 0.3646 -0.0000 0.9312
vn 0.3652 -0.0000 0.9309
vn 0.3651 -0.0000 0.9310
vn 0.3644 -0.0000 0.9312
vn -0.0004 0.9489 0.3157
vn 0.2147 0.9488 0.2317
vn 0.2287 0.9482 0.2205
vn -0.0181 0.9483 0.3170
vn 0.3595 0.1631 0.9188
vn 0.3597 0.1630 0.9187
vn 0.9311 -0.0000 -0.3648
vn 0.9310 -0.0000 -0.3649
vn 0.3159 0.9488 0.0004
vn 0.2316 0.9488 -0.2149
vn 0.2205 0.9482 -0.2288
vn 0.3173 0.9481 0.0181
vn 0.9198 0.1550 -0.3604
vn 0.9196 0.1551 -0.3610
vn -0.3648 -0.0000 -0.9311
vn 0.0004 0.9488 -0.3158
vn -0.2146 0.9488 -0.2317
vn -0.2286 0.9482 -0.2206
vn 0.0180 0.9482 -0.3171
vn -0.3600 0.1632 -0.9186
vn -0.3601 0.1632 -0.9185
vn -0.3584 0.1629 -0.9192
vn -0.3582 0.1629 -0.9193
vn -0.4005 -0.0000 0.9163
vn -0.9163 -0.0000 -0.4005
vn -0.3544 0.1516 0.9227
vn -0.3607 0.1504 0.9205
vn -0.3936 0.1444 0.9079
vn -0.3962 0.1439 0.9068
vn -0.8886 0.1406 -0.4366
vn -0.8914 0.1417 -0.4304
vn -0.9053 0.1475 -0.3984
vn -0.9063 0.1479 -0.3959
vn 0.9162 -0.0000 0.4006
vn 0.9163 -0.0000 0.4005
vn 0.8888 0.1405 0.4362
vn 0.8916 0.1416 0.4301
vn 0.9053 0.1475 0.3984
vn 0.9063 0.1480 0.3959
vn 0.4005 -0.0000 -0.9163
vn 0.4007 -0.0000 -0.9162
vn 0.3544 0.1516 -0.9227
vn 0.3607 0.1504 -0.9205
vn 0.3936 0.1444 -0.9079
vn 0.3962 0.1439 -0.9068
vn 0.2716 0.9488 -0.1617
vn 0.0889 0.9487 -0.3033
vn 0.0722 0.9481 -0.3096
vn 0.6059 0.1551 -0.7803
vn 0.6046 0.1552 -0.7813
vn -0.6129 -0.0000 0.7901
vn -0.6129 -0.0000 0.7902
vn -0.2716 0.9487 0.1616
vn -0.2820 0.9481 0.1471
vn 0.7797 0.1632 0.6046
vn -0.1682 0.1514 -0.9741
vn -0.1617 0.1503 -0.9753
vn -0.1276 0.1444 -0.9813
vn -0.1250 0.1439 -0.9817
vn 0.2831 -0.0000 0.9591
vn -0.0276 0.9488 0.3146
vn 0.1940 0.9488 0.2494
vn 0.2088 0.9482 0.2394
vn -0.0453 0.9482 0.3143
vn 0.2802 0.1551 0.9473
vn 0.2800 0.1549 0.9474
vn 0.2799 0.1549 0.9474
vn 0.9591 -0.0000 -0.2831
vn 0.9590 -0.0000 -0.2832
vn 0.9591 -0.0000 -0.2832
vn 0.9591 -0.0000 -0.2830
vn 0.3147 0.9488 0.0275
vn 0.2493 0.9488 -0.1940
vn 0.2395 0.9482 -0.2089
vn 0.3145 0.9482 0.0453
vn 0.9462 0.1631 -0.2795
vn 0.9462 0.1634 -0.2794
vn -0.2831 -0.0000 -0.9591
vn 0.0275 0.9488 -0.3146
vn -0.1938 0.9489 -0.2493
vn -0.2087 0.9482 -0.2394
vn 0.0452 0.9482 -0.3144
vn -0.2796 0.1551 -0.9475
vn -0.2799 0.1547 -0.9475
vn -0.9591 -0.0000 0.2831
vn -0.9590 -0.0000 0.2832
vn -0.9591 -0.0000 0.2832
vn -0.9591 -0.0000 0.2830
vn -0.3147 0.9488 -0.0275
vn -0.2492 0.9488 0.1939
vn -0.2394 0.9482 0.2088
vn -0.3146 0.9481 -0.0453
vn -0.9461 0.1632 0.2796
vn -0.9461 0.1632 0.2797
vn -0.9463 0.1632 0.2790
vn -0.9464 0.1632 0.2789
vn 0.8784 -0.0000 0.4780
vn 0.8783 -0.0000 0.4781
vn -0.4779 -0.0000 0.8784
vn -0.4781 -0.0000 0.8783
vn 0.8885 0.1516 0.4331
vn 0.8857 0.1504 0.4392
vn 0.8705 0.1443 0.4706
vn 0.8692 0.1438 0.4730
vn -0.5123 0.1404 0.8472
vn -0.5064 0.1416 0.8506
vn -0.4752 0.1475 0.8674
vn -0.4727 0.1480 0.8687
vn 0.4779 -0.0000 -0.8784
vn 0.4781 -0.0000 -0.8783
vn 0.5116 0.1406 -0.8477
vn 0.5057 0.1418 -0.8510
vn 0.4751 0.1475 -0.8675
vn 0.4727 0.1480 -0.8687
vn -0.8784 -0.0000 -0.4780
vn -0.8783 -0.0000 -0.4781
vn -0.8885 0.1516 -0.4331
vn -0.8857 0.1504 -0.4392
vn -0.8705 0.1443 -0.4706
vn -0.8692 0.1438 -0.4730
vn -0.0800 -0.0000 -0.9968
vn -0.0804 -0.0000 -0.9968
vn -0.0803 -0.0000 -0.9968
vn -0.0799 -0.0000 -0.9968
vn 0.0915 0.9488 -0.3024
vn -0.1387 0.9488 -0.2838
vn -0.1553 0.9482 -0.2773
vn 0.1088 0.9482 -0.2986
vn -0.0799 0.1549 -0.9847
vn -0.0776 0.1551 -0.9849
vn -0.0773 0.1551 -0.9849
vn -0.9968 -0.0000 0.0802
vn -0.3024 0.9488 -0.0915
vn -0.2840 0.9487 0.1388
vn -0.2774 0.9481 0.1553
vn -0.2985 0.9482 -0.1088
vn -0.9834 0.1632 0.0793
vn -0.9834 0.1631 0.0794
vn 0.0800 -0.0000 0.9968
vn 0.0804 -0.0000 0.9968
vn 0.0803 -0.0000 0.9968
vn 0.0799 -0.0000 0.9968
vn -0.0916 0.9488 0.3024
vn 0.1387 0.9488 0.2839
vn 0.1553 0.9481 0.2774
vn -0.1088 0.9482 0.2986
vn 0.0793 0.1550 0.9847
vn 0.0792 0.1549 0.9848
vn 0.0792 0.1548 0.9848
vn 0.9968 -0.0000 -0.0802
vn 0.3024 0.9488 0.0915
vn 0.2840 0.9487 -0.1387
vn 0.2773 0.9481 -0.1552
vn 0.2985 0.9482 0.1088
vn 0.9834 0.1632 -0.0793
vn 0.9834 0.1632 -0.0794
vn -0.7615 -0.0000 -0.6481
vn -0.7617 -0.0000 -0.6480
vn 0.6481 -0.0000 -0.7615
vn 0.6480 -0.0000 -0.7616
vn 0.6480 -0.0000 -0.7617
vn -0.7808 0.1515 -0.6062
vn -0.7768 0.1503 -0.6116
vn -0.7554 0.1443 -0.6392
vn -0.7537 0.1438 -0.6413
vn 0.6744 0.1402 -0.7249
vn 0.6695 0.1414 -0.7292
vn 0.6433 0.1476 -0.7512
vn 0.6413 0.1480 -0.7529
vn -0.6481 -0.0000 0.7615
vn -0.6480 -0.0000 0.7616
vn -0.6480 -0.0000 0.7617
vn -0.6750 0.1404 0.7244
vn -0.6699 0.1416 0.7288
vn -0.6432 0.1476 0.7514
vn -0.6410 0.1481 0.7531
vn 0.7616 -0.0000 0.6480
vn 0.7616 -0.0000 0.6481
vn 0.7808 0.1514 0.6062
vn 0.7768 0.1503 0.6116
vn 0.7554 0.1443 0.6392
vn 0.7537 0.1439 0.6413
vn 0.0888 0.9488 -0.3033
vn 0.2820 0.9481 -0.1471
vn -0.1472 0.9482 -0.2815
vn -0.7802 0.1631 -0.6039
vn -0.7803 0.1631 -0.6038
vn -0.0889 0.9487 0.3033
vn -0.0722 0.9481 0.3096
vn -0.6055 0.1551 0.7806
vn -0.6046 0.1550 0.7813
vn -0.6045 0.1550 0.7814
vn 0.3031 0.9488 0.0890
vn 0.9815 0.1477 -0.1217
vn 0.9811 0.1481 -0.1244
vn -0.0889 0.9488 0.3033
vn 0.9822 -0.0000 -0.1877
vn 0.9822 -0.0000 -0.1876
vn 0.3105 0.9488 0.0582
vn 0.2670 0.9488 -0.1685
vn 0.2588 0.9482 -0.1843
vn 0.3085 0.9482 0.0757
vn 0.9703 0.1550 -0.1857
vn 0.9704 0.1553 -0.1850
vn -0.1879 -0.0000 -0.9822
vn -0.1875 -0.0000 -0.9823
vn -0.1876 -0.0000 -0.9822
vn -0.1880 -0.0000 -0.9822
vn 0.0582 0.9488 -0.3106
vn -0.1687 0.9488 -0.2670
vn -0.1844 0.9482 -0.2588
vn 0.0758 0.9481 -0.3088
vn -0.1862 0.1630 -0.9689
vn -0.1863 0.1630 -0.9689
vn -0.1851 0.1635 -0.9690
vn -0.1850 0.1636 -0.9690
vn -0.9822 -0.0000 0.1876
vn -0.3106 0.9488 -0.0582
vn -0.2671 0.9488 0.1685
vn -0.2588 0.9482 0.1843
vn -0.3087 0.9482 -0.0758
vn -0.9703 0.1551 0.1857
vn -0.9703 0.1550 0.1857
vn -0.9704 0.1553 0.1850
vn 0.1875 -0.0000 0.9823
vn -0.0582 0.9487 0.3106
vn 0.1686 0.9488 0.2670
vn 0.1844 0.9482 0.2588
vn -0.0757 0.9481 0.3089
vn 0.1862 0.1630 0.9689
vn 0.1863 0.1630 0.9689
vn 0.1852 0.1633 0.9690
vn 0.1850 0.1634 0.9691
vn 0.5618 -0.0000 -0.8273
vn 0.8274 -0.0000 0.5616
vn 0.8273 -0.0000 0.5617
vn 0.5181 0.1513 -0.8418
vn 0.5239 0.1502 -0.8384
vn 0.5537 0.1444 -0.8201
vn 0.5560 0.1439 -0.8186
vn 0.7935 0.1404 0.5922
vn 0.7973 0.1416 0.5867
vn 0.8166 0.1476 0.5580
vn 0.8181 0.1481 0.5558
vn -0.8273 -0.0000 -0.5617
vn -0.7935 0.1403 -0.5922
vn -0.7973 0.1415 -0.5867
vn -0.8166 0.1476 -0.5580
vn -0.8181 0.1481 -0.5558
vn -0.5616 -0.0000 0.8274
vn -0.5617 -0.0000 0.8273
vn -0.5618 -0.0000 0.8273
vn -0.5181 0.1513 0.8418
vn -0.5239 0.1502 0.8384
vn -0.5537 0.1444 0.8201
vn -0.5560 0.1439 0.8186
vn -0.1473 0.9482 -0.2816
vn -0.7798 0.1630 -0.6044
vn -0.2816 0.9482 0.1470
vn -0.0000 1.0000 0.0002
vn -0.0000 1.0000 -0.0002
vn -0.9868 0.1405 0.0806
vn -0.3095 0.9481 -0.0722
vn -0.2716 0.9488 0.1616
vn -0.0888 0.9488 0.3033
vn -0.6048 0.1550 0.7811
vn -0.6047 0.1550 0.7812
vn 0.1617 0.9488 0.2714
vn 0.1472 0.9482 0.2816
vn 0.7798 0.1634 0.6044
vn -0.1273 0.1445 -0.9813
vn 0.9812 0.1479 -0.1242
vn 0.2819 0.9481 -0.1470
vn -0.1471 0.9482 -0.2815
vn -0.2819 0.9481 0.1471
vn 0.9868 0.1407 -0.0806
vn 0.9860 0.1418 -0.0872
vn -0.9868 0.1407 0.0806
vn -0.9860 0.1418 0.0872
vn 0.2817 0.9482 -0.1470
vn -0.3030 0.9488 -0.0889
vn -0.2819 0.9481 0.1470
vn -0.6060 0.1549 0.7803
vn -0.6060 0.1549 0.7802
vn 0.9307 -0.0000 -0.3659
vn 0.9194 0.1550 -0.3616
vn 0.9194 0.1551 -0.3614
vn 0.9195 0.1551 -0.3613
vn -0.3660 -0.0000 -0.9306
vn -0.2151 0.9488 -0.2315
vn 0.0176 0.9482 -0.3172
vn -0.3611 0.1632 -0.9181
vn -0.9307 -0.0000 0.3659
vn -0.3160 0.9488 0.0001
vn -0.2313 0.9488 0.2151
vn -0.3174 0.9481 -0.0176
vn -0.9194 0.1550 0.3614
vn -0.9195 0.1550 0.3613
vn 0.3660 -0.0000 0.9306
vn 0.2151 0.9488 0.2315
vn -0.0177 0.9482 0.3173
vn 0.3611 0.1632 0.9181
vn 0.3537 0.1514 -0.9230
vn 0.3600 0.1503 -0.9208
vn 0.3952 0.1440 -0.9073
vn 0.9057 0.1475 0.3974
vn -0.8919 0.1417 -0.4295
vn -0.9057 0.1475 -0.3974
vn -0.0064 0.9482 -0.3178
vn -0.4299 0.1550 -0.8895
vn 0.9004 0.0005 -0.4351
vn 0.9004 0.0001 -0.4351
vn 0.9004 0.0006 -0.4351
vn 0.9353 0.1443 0.3230
vn -0.7797 0.1632 -0.6044
vn 0.9868 0.1403 -0.0803
vn 0.9861 0.1415 -0.0870
vn -0.9861 0.1416 0.0869
vn -0.9816 0.1476 0.1215
vn 0.6127 -0.0000 -0.7904
vn -0.7798 0.1632 -0.6045
vn -0.2714 0.9488 0.1617
vn -0.9868 0.1405 0.0804
vn -0.9812 0.1480 0.1243
vn 0.4297 0.1550 0.8896
vn 0.9195 0.1550 -0.3613
vn -0.3611 0.1631 -0.9182
vn 0.3659 -0.0000 0.9307
vn 0.3610 0.1631 0.9182
vn 0.8892 0.1405 0.4355
vn 0.8919 0.1416 0.4294
vn -0.3952 0.1439 0.9073
vt 0.295600 1.000499
vt 0.045600 1.000499
vt -0.045600 1.000499
vt 0.795600 1.000499
vt 0.545600 1.000499
vt 0.454400 1.000499
vt 0.458125 1.999501
vt 0.700384 1.999501
vt 0.799615 1.999501
vt -0.041875 1.999501
vt 0.200384 1.999501
vt 0.299616 1.999501
vt 0.545600 1.063535
vt 0.454400 1.063535
vt 0.545600 1.101063
vt 0.454400 1.101063
vt 0.541875 1.999501
vt 0.704400 1.000499
vt 0.795600 1.063535
vt 0.704400 1.063535
vt 0.795600 1.101063
vt 0.704400 1.101063
vt 0.045600 1.063535
vt -0.045600 1.063535
vt 0.045600 1.101063
vt -0.045600 1.101063
vt 0.041875 1.999501
vt 0.204400 1.000499
vt 0.295600 1.063535
vt 0.204400 1.063535
vt 0.295600 1.101063
vt 0.204400 1.101063
vt 0.958125 1.999501
vt 0.954400 1.000499
vt 0.954400 1.063535
vt 0.954400 1.101063
s 1
usemtl CONEA.066
f 1/1/1 2/2/1 3/3/1
f 4/4/1 5/5/1 6/6/1
f 7/7/2 8/8/2 9/9/2
f 10/10/2 11/11/2 12/12/2
f 6/6/3 5/5/3 13/13/3
f 13/13/3 14/14/3 6/6/3
f 14/14/4 13/13/5 15/15/6
f 15/15/6 16/16/7 14/14/4
f 16/16/8 15/15/8 17/17/8
f 17/17/8 7/7/8 16/16/8
f 18/18/9 4/4/9 19/19/9
f 19/19/9 20/20/9 18/18/9
f 20/20/10 19/19/11 21/21/12
f 21/21/12 22/22/13 20/20/10
f 22/22/14 21/21/14 9/9/15
f 9/9/15 8/8/15 22/22/14
f 3/3/16 2/2/16 23/23/16
f 23/23/16 24/24/16 3/3/16
f 24/24/17 23/23/18 25/25/19
f 25/25/19 26/26/20 24/24/17
f 26/26/21 25/25/21 27/27/22
f 27/27/22 10/10/23 26/26/21
f 28/28/24 1/1/24 29/29/24
f 29/29/24 30/30/24 28/28/24
f 30/30/25 29/29/26 31/31/27
f 31/31/27 32/32/28 30/30/25
f 32/32/29 31/31/29 12/12/30
f 12/12/30 11/11/30 32/32/29
f 1/1/1 28/28/1 2/2/1
f 4/4/1 18/18/1 5/5/1
f 7/7/2 17/17/2 8/8/2
f 10/10/2 27/27/2 11/11/2
f 6/6/1 1/1/1 4/4/1
f 3/3/1 4/4/1 1/1/1
f 12/12/2 7/7/2 10/10/2
f 9/9/2 10/33/2 7/7/2
f 5/5/31 18/18/31 13/13/31
f 20/20/31 13/13/31 18/18/31
f 1/1/32 6/6/32 29/29/32
f 14/14/32 29/29/32 6/6/32
f 13/13/5 20/20/10 15/15/6
f 22/22/13 15/15/6 20/20/10
f 29/29/26 14/14/4 31/31/27
f 16/16/7 31/31/27 14/14/4
f 8/8/33 17/17/34 22/22/35
f 15/15/36 22/22/35 17/17/34
f 7/7/37 12/12/38 16/16/39
f 31/31/40 16/16/39 12/12/38
f 4/4/41 3/34/42 19/19/41
f 24/35/42 19/19/41 3/34/42
f 19/19/11 24/35/17 21/21/12
f 26/36/20 21/21/12 24/35/17
f 10/33/43 9/9/44 26/36/45
f 21/21/46 26/36/45 9/9/44
f 2/2/47 28/28/47 23/23/47
f 30/30/47 23/23/47 28/28/47
f 23/23/18 30/30/25 25/25/19
f 32/32/28 25/25/19 30/30/25
f 11/11/48 27/27/49 32/32/50
f 25/25/51 32/32/50 27/27/49
f 33/1/1 34/2/1 35/3/1
f 36/4/1 37/5/1 38/6/1
f 39/7/2 40/8/2 41/9/2
f 42/10/2 43/11/2 44/12/2
f 38/6/52 37/5/52 45/13/52
f 45/13/52 46/14/52 38/6/52
f 46/14/53 45/13/54 47/15/55
f 47/15/55 48/16/56 46/14/53
f 48/16/57 47/15/57 49/17/58
f 49/17/58 39/7/58 48/16/57
f 50/18/59 36/4/59 51/19/59
f 51/19/59 52/20/59 50/18/59
f 52/20/60 51/19/61 53/21/62
f 53/21/62 54/22/63 52/20/60
f 54/22/64 53/21/64 41/9/65
f 41/9/65 40/8/65 54/22/64
f 35/3/66 34/2/66 55/23/66
f 55/23/66 56/24/66 35/3/66
f 56/24/67 55/23/68 57/25/69
f 57/25/69 58/26/70 56/24/67
f 58/26/71 57/25/71 59/27/71
f 59/27/71 42/10/71 58/26/71
f 60/28/72 33/1/72 61/29/72
f 61/29/72 62/30/72 60/28/72
f 62/30/73 61/29/74 63/31/75
f 63/31/75 64/32/76 62/30/73
f 64/32/77 63/31/77 44/12/77
f 44/12/77 43/11/77 64/32/77
f 33/1/1 60/28/1 34/2/1
f 36/4/1 50/18/1 37/5/1
f 39/7/2 49/17/2 40/8/2
f 42/10/2 59/27/2 43/11/2
f 38/6/1 33/1/1 36/4/1
f 35/3/1 36/4/1 33/1/1
f 44/12/2 39/7/2 42/10/2
f 41/9/2 42/33/2 39/7/2
f 37/5/78 50/18/78 45/13/78
f 52/20/78 45/13/78 50/18/78
f 33/1/79 38/6/79 61/29/79
f 46/14/79 61/29/79 38/6/79
f 45/13/54 52/20/60 47/15/55
f 54/22/63 47/15/55 52/20/60
f 61/29/74 46/14/53 63/31/75
f 48/16/56 63/31/75 46/14/53
f 40/8/80 49/17/81 54/22/82
f 47/15/83 54/22/82 49/17/81
f 39/7/84 44/12/85 48/16/86
f 63/31/87 48/16/86 44/12/85
f 36/4/88 35/34/88 51/19/88
f 56/35/88 51/19/88 35/34/88
f 51/19/61 56/35/67 53/21/62
f 58/36/70 53/21/62 56/35/67
f 42/33/89 41/9/90 58/36/91
f 53/21/92 58/36/91 41/9/90
f 34/2/93 60/28/93 55/23/93
f 62/30/93 55/23/93 60/28/93
f 55/23/68 62/30/73 57/25/69
f 64/32/76 57/25/69 62/30/73
f 43/11/94 59/27/95 64/32/96
f 57/25/97 64/32/96 59/27/95
f 65/1/1 66/2/1 67/3/1
f 68/4/1 69/5/1 70/6/1
f 71/7/2 72/8/2 73/9/2
f 74/10/2 75/11/2 76/12/2
f 70/6/98 69/5/98 77/13/98
f 77/13/98 78/14/98 70/6/98
f 78/14/99 77/13/100 79/15/101
f 79/15/101 80/16/102 78/14/99
f 80/16/103 79/15/103 81/17/104
f 81/17/104 71/7/104 80/16/103
f 82/18/105 68/4/105 83/19/105
f 83/19/105 84/20/105 82/18/105
f 84/20/106 83/19/107 85/21/108
f 85/21/108 86/22/109 84/20/106
f 86/22/110 85/21/110 73/9/110
f 73/9/110 72/8/110 86/22/110
f 67/3/111 66/2/112 87/23/112
f 87/23/112 88/24/111 67/3/111
f 88/24/113 87/23/114 89/25/115
f 89/25/115 90/26/116 88/24/113
f 90/26/117 89/25/117 91/27/118
f 91/27/118 74/10/118 90/26/117
f 92/28/119 65/1/119 93/29/119
f 93/29/119 94/30/119 92/28/119
f 94/30/120 93/29/121 95/31/122
f 95/31/122 96/32/123 94/30/120
f 96/32/124 95/31/124 76/12/125
f 76/12/125 75/11/125 96/32/124
f 65/1/1 92/28/1 66/2/1
f 68/4/1 82/18/1 69/5/1
f 71/7/2 81/17/2 72/8/2
f 74/10/2 91/27/2 75/11/2
f 70/6/1 65/1/1 68/4/1
f 67/3/1 68/4/1 65/1/1
f 76/12/2 71/7/2 74/10/2
f 73/9/2 74/33/2 71/7/2
f 69/5/126 82/18/126 77/13/126
f 84/20/126 77/13/126 82/18/126
f 65/1/127 70/6/127 93/29/127
f 78/14/127 93/29/127 70/6/127
f 77/13/100 84/20/106 79/15/101
f 86/22/109 79/15/101 84/20/106
f 93/29/121 78/14/99 95/31/122
f 80/16/102 95/31/122 78/14/99
f 72/8/128 81/17/129 86/22/130
f 79/15/131 86/22/130 81/17/129
f 71/7/132 76/12/133 80/16/134
f 95/31/135 80/16/134 76/12/133
f 68/4/136 67/34/136 83/19/136
f 88/35/136 83/19/136 67/34/136
f 83/19/107 88/35/113 85/21/108
f 90/36/116 85/21/108 88/35/113
f 74/33/137 73/9/138 90/36/139
f 85/21/140 90/36/139 73/9/138
f 66/2/141 92/28/141 87/23/141
f 94/30/141 87/23/141 92/28/141
f 87/23/114 94/30/120 89/25/115
f 96/32/123 89/25/115 94/30/120
f 75/11/142 91/27/143 96/32/144
f 89/25/145 96/32/144 91/27/143
f 97/1/1 98/2/1 99/3/1
f 100/4/1 101/5/1 102/6/1
f 103/7/2 104/8/2 105/9/2
f 106/10/2 107/11/2 108/12/2
f 102/6/3 101/5/146 109/13/3
f 109/13/3 110/14/3 102/6/3
f 110/14/4 109/13/5 111/15/6
f 111/15/6 112/16/7 110/14/4
f 112/16/8 111/15/8 113/17/8
f 113/17/8 103/7/8 112/16/8
f 114/18/9 100/4/9 115/19/9
f 115/19/9 116/20/9 114/18/9
f 116/20/10 115/19/11 117/21/12
f 117/21/12 118/22/13 116/20/10
f 118/22/14 117/21/14 105/9/15
f 105/9/15 104/8/15 118/22/14
f 99/3/16 98/2/16 119/23/16
f 119/23/16 120/24/16 99/3/16
f 120/24/17 119/23/18 121/25/147
f 121/25/147 122/26/20 120/24/17
f 122/26/21 121/25/21 123/27/21
f 123/27/21 106/10/21 122/26/21
f 124/28/24 97/1/24 125/29/24
f 125/29/24 126/30/24 124/28/24
f 126/30/25 125/29/26 127/31/27
f 127/31/27 128/32/28 126/30/25
f 128/32/29 127/31/29 108/12/30
f 108/12/30 107/11/30 128/32/29
f 97/1/1 124/28/1 98/2/1
f 100/4/1 114/18/1 101/5/1
f 103/7/2 113/17/2 104/8/2
f 106/10/2 123/27/2 107/11/2
f 102/6/1 97/1/1 100/4/1
f 99/3/1 100/4/1 97/1/1
f 108/12/2 103/7/2 106/10/2
f 105/9/2 106/33/2 103/7/2
f 101/5/31 114/18/31 109/13/31
f 116/20/31 109/13/31 114/18/31
f 97/1/32 102/6/148 125/29/32
f 110/14/148 125/29/32 102/6/148
f 109/13/5 116/20/10 111/15/6
f 118/22/13 111/15/6 116/20/10
f 125/29/26 110/14/4 127/31/27
f 112/16/7 127/31/27 110/14/4
f 104/8/33 113/17/149 118/22/35
f 111/15/36 118/22/35 113/17/149
f 103/7/37 108/12/150 112/16/39
f 127/31/40 112/16/39 108/12/150
f 100/4/42 99/34/41 115/19/42
f 120/35/41 115/19/42 99/34/41
f 115/19/11 120/35/17 117/21/12
f 122/36/20 117/21/12 120/35/17
f 106/33/151 105/9/44 122/36/45
f 117/21/46 122/36/45 105/9/44
f 98/2/47 124/28/47 119/23/47
f 126/30/47 119/23/47 124/28/47
f 119/23/18 126/30/25 121/25/147
f 128/32/28 121/25/147 126/30/25
f 107/11/48 123/27/152 128/32/50
f 121/25/51 128/32/50 123/27/152
f 129/1/1 130/2/1 131/3/1
f 132/4/1 133/5/1 134/6/1
f 135/7/2 136/8/2 137/9/2
f 138/10/2 139/11/2 140/12/2
f 134/6/52 133/5/52 141/13/52
f 141/13/52 142/14/52 134/6/52
f 142/14/53 141/13/54 143/15/55
f 143/15/55 144/16/56 142/14/53
f 144/16/58 143/15/58 145/17/58
f 145/17/58 135/7/58 144/16/58
f 146/18/59 132/4/59 147/19/59
f 147/19/59 148/20/59 146/18/59
f 148/20/60 147/19/61 149/21/62
f 149/21/62 150/22/63 148/20/60
f 150/22/64 149/21/64 137/9/65
f 137/9/65 136/8/65 150/22/64
f 131/3/66 130/2/66 151/23/66
f 151/23/66 152/24/66 131/3/66
f 152/24/67 151/23/68 153/25/69
f 153/25/69 154/26/70 152/24/67
f 154/26/71 153/25/71 155/27/153
f 155/27/153 138/10/153 154/26/71
f 156/28/72 129/1/72 157/29/72
f 157/29/72 158/30/72 156/28/72
f 158/30/73 157/29/74 159/31/75
f 159/31/75 160/32/76 158/30/73
f 160/32/77 159/31/77 140/12/154
f 140/12/154 139/11/154 160/32/77
f 129/1/1 156/28/1 130/2/1
f 132/4/1 146/18/1 133/5/1
f 135/7/2 145/17/2 136/8/2
f 138/10/2 155/27/2 139/11/2
f 134/6/1 129/1/1 132/4/1
f 131/3/1 132/4/1 129/1/1
f 140/12/2 135/7/2 138/10/2
f 137/9/2 138/33/2 135/7/2
f 133/5/78 146/18/78 141/13/78
f 148/20/78 141/13/78 146/18/78
f 129/1/79 134/6/79 157/29/79
f 142/14/79 157/29/79 134/6/79
f 141/13/54 148/20/60 143/15/55
f 150/22/63 143/15/55 148/20/60
f 157/29/74 142/14/53 159/31/75
f 144/16/56 159/31/75 142/14/53
f 136/8/155 145/17/81 150/22/82
f 143/15/83 150/22/82 145/17/81
f 135/7/156 140/12/85 144/16/86
f 159/31/87 144/16/86 140/12/85
f 132/4/88 131/34/88 147/19/88
f 152/35/88 147/19/88 131/34/88
f 147/19/61 152/35/67 149/21/62
f 154/36/70 149/21/62 152/35/67
f 138/33/89 137/9/90 154/36/91
f 149/21/92 154/36/91 137/9/90
f 130/2/93 156/28/93 151/23/93
f 158/30/93 151/23/93 156/28/93
f 151/23/68 158/30/73 153/25/69
f 160/32/76 153/25/69 158/30/73
f 139/11/157 155/27/95 160/32/96
f 153/25/97 160/32/96 155/27/95
f 161/1/1 162/2/1 163/3/1
f 164/4/1 165/5/1 166/6/1
f 167/7/2 168/8/2 169/9/2
f 170/10/2 171/11/2 172/12/2
f 166/6/3 165/5/146 173/13/146
f 173/13/146 174/14/3 166/6/3
f 174/14/4 173/13/158 175/15/6
f 175/15/6 176/16/7 174/14/4
f 176/16/8 175/15/8 177/17/159
f 177/17/159 167/7/159 176/16/8
f 178/18/160 164/4/9 179/19/9
f 179/19/9 180/20/160 178/18/160
f 180/20/10 179/19/161 181/21/162
f 181/21/162 182/22/13 180/20/10
f 182/22/14 181/21/14 169/9/163
f 169/9/163 168/8/163 182/22/14
f 163/3/16 162/2/16 183/23/16
f 183/23/16 184/24/16 163/3/16
f 184/24/17 183/23/18 185/25/147
f 185/25/147 186/26/20 184/24/17
f 186/26/21 185/25/21 187/27/22
f 187/27/22 170/10/22 186/26/21
f 188/28/24 161/1/24 189/29/24
f 189/29/24 190/30/164 188/28/24
f 190/30/25 189/29/165 191/31/166
f 191/31/166 192/32/28 190/30/25
f 192/32/29 191/31/29 172/12/29
f 172/12/29 171/11/29 192/32/29
f 161/1/1 188/28/1 162/2/1
f 164/4/1 178/18/1 165/5/1
f 167/7/2 177/17/2 168/8/2
f 170/10/2 187/27/2 171/11/2
f 166/6/1 161/1/1 164/4/1
f 163/3/1 164/4/1 161/1/1
f 172/12/2 167/7/2 170/10/2
f 169/9/2 170/33/2 167/7/2
f 165/5/31 178/18/167 173/13/167
f 180/20/167 173/13/167 178/18/167
f 161/1/32 166/6/32 189/29/32
f 174/14/32 189/29/32 166/6/32
f 173/13/158 180/20/10 175/15/6
f 182/22/13 175/15/6 180/20/10
f 189/29/165 174/14/4 191/31/166
f 176/16/7 191/31/166 174/14/4
f 168/8/33 177/17/34 182/22/35
f 175/15/36 182/22/35 177/17/34
f 167/7/168 172/12/38 176/16/169
f 191/31/40 176/16/169 172/12/38
f 164/4/41 163/34/41 179/19/41
f 184/35/41 179/19/41 163/34/41
f 179/19/161 184/35/17 181/21/162
f 186/36/20 181/21/162 184/35/17
f 170/33/170 169/9/171 186/36/172
f 181/21/46 186/36/172 169/9/171
f 162/2/47 188/28/173 183/23/47
f 190/30/173 183/23/47 188/28/173
f 183/23/18 190/30/25 185/25/147
f 192/32/28 185/25/147 190/30/25
f 171/11/48 187/27/152 192/32/50
f 185/25/51 192/32/50 187/27/152
f 193/1/1 194/2/1 195/3/1
f 196/4/1 197/5/1 198/6/1
f 199/7/2 200/8/2 201/9/2
f 202/10/2 203/11/2 204/12/2
f 198/6/174 197/5/98 205/13/98
f 205/13/98 206/14/174 198/6/174
f 206/14/175 205/13/100 207/15/101
f 207/15/101 208/16/102 206/14/175
f 208/16/103 207/15/103 209/17/176
f 209/17/176 199/7/176 208/16/103
f 210/18/177 196/4/177 211/19/177
f 211/19/177 212/20/177 210/18/177
f 212/20/106 211/19/178 213/21/179
f 213/21/179 214/22/180 212/20/106
f 214/22/110 213/21/110 201/9/110
f 201/9/110 200/8/181 214/22/110
f 195/3/182 194/2/111 215/23/111
f 215/23/111 216/24/182 195/3/182
f 216/24/183 215/23/114 217/25/115
f 217/25/115 218/26/116 216/24/183
f 218/26/184 217/25/184 219/27/117
f 219/27/117 202/10/117 218/26/184
f 220/28/185 193/1/185 221/29/185
f 221/29/185 222/30/185 220/28/185
f 222/30/120 221/29/186 223/31/187
f 223/31/187 224/32/123 222/30/120
f 224/32/124 223/31/124 204/12/124
f 204/12/124 203/11/188 224/32/124
f 193/1/1 220/28/1 194/2/1
f 196/4/1 210/18/1 197/5/1
f 199/7/2 209/17/2 200/8/2
f 202/10/2 219/27/2 203/11/2
f 198/6/1 193/1/1 196/4/1
f 195/3/1 196/4/1 193/1/1
f 204/12/2 199/7/2 202/10/2
f 201/9/2 202/33/2 199/7/2
f 197/5/126 210/18/126 205/13/126
f 212/20/126 205/13/126 210/18/126
f 193/1/127 198/6/127 221/29/127
f 206/14/127 221/29/127 198/6/127
f 205/13/100 212/20/106 207/15/101
f 214/22/180 207/15/101 212/20/106
f 221/29/186 206/14/175 223/31/187
f 208/16/102 223/31/187 206/14/175
f 200/8/128 209/17/129 214/22/189
f 207/15/190 214/22/189 209/17/129
f 199/7/191 204/12/192 208/16/134
f 223/31/135 208/16/134 204/12/192
f 196/4/136 195/34/136 211/19/136
f 216/35/136 211/19/136 195/34/136
f 211/19/178 216/35/183 213/21/179
f 218/36/116 213/21/179 216/35/183
f 202/33/193 201/9/194 218/36/139
f 213/21/140 218/36/139 201/9/194
f 194/2/141 220/28/141 215/23/141
f 222/30/141 215/23/141 220/28/141
f 215/23/114 222/30/120 217/25/115
f 224/32/123 217/25/115 222/30/120
f 203/11/195 219/27/196 224/32/197
f 217/25/198 224/32/197 219/27/196
f 225/1/1 226/2/1 227/3/1
f 228/4/1 229/5/1 230/6/1
f 231/7/2 232/8/2 233/9/2
f 234/10/2 235/11/2 236/12/2
f 230/6/174 229/5/174 237/13/174
f 237/13/174 238/14/174 230/6/174
f 238/14/175 237/13/100 239/15/199
f 239/15/199 240/16/200 238/14/175
f 240/16/176 239/15/176 241/17/201
f 241/17/201 231/7/202 240/16/176
f 242/18/105 228/4/105 243/19/105
f 243/19/105 244/20/105 242/18/105
f 244/20/203 243/19/178 245/21/179
f 245/21/179 246/22/204 244/20/203
f 246/22/205 245/21/206 233/9/207
f 233/9/207 232/8/207 246/22/205
f 227/3/182 226/2/182 247/23/182
f 247/23/182 248/24/182 227/3/182
f 248/24/113 247/23/114 249/25/115
f 249/25/115 250/26/116 248/24/113
f 250/26/208 249/25/208 251/27/209
f 251/27/209 234/10/209 250/26/208
f 252/28/119 225/1/119 253/29/119
f 253/29/119 254/30/119 252/28/119
f 254/30/210 253/29/186 255/31/187
f 255/31/187 256/32/211 254/30/210
f 256/32/212 255/31/212 236/12/213
f 236/12/213 235/11/213 256/32/212
f 225/1/1 252/28/1 226/2/1
f 228/4/1 242/18/1 229/5/1
f 231/7/2 241/17/2 232/8/2
f 234/10/2 251/27/2 235/11/2
f 230/6/1 225/1/1 228/4/1
f 227/3/1 228/4/1 225/1/1
f 236/12/2 231/7/2 234/10/2
f 233/9/2 234/33/2 231/7/2
f 229/5/126 242/18/126 237/13/126
f 244/20/126 237/13/126 242/18/126
f 225/1/214 230/6/214 253/29/214
f 238/14/214 253/29/214 230/6/214
f 237/13/100 244/20/203 239/15/199
f 246/22/204 239/15/199 244/20/203
f 253/29/186 238/14/175 255/31/187
f 240/16/200 255/31/187 238/14/175
f 232/8/128 241/17/129 246/22/189
f 239/15/215 246/22/189 241/17/129
f 231/7/216 236/12/217 240/16/134
f 255/31/218 240/16/134 236/12/217
f 228/4/219 227/34/219 243/19/219
f 248/35/219 243/19/219 227/34/219
f 243/19/178 248/35/113 245/21/179
f 250/36/116 245/21/179 248/35/113
f 234/33/220 233/9/221 250/36/139
f 245/21/222 250/36/139 233/9/221
f 226/2/141 252/28/141 247/23/141
f 254/30/141 247/23/141 252/28/141
f 247/23/114 254/30/210 249/25/115
f 256/32/211 249/25/115 254/30/210
f 235/11/223 251/27/143 256/32/197
f 249/25/198 256/32/197 251/27/143
f 257/1/1 258/2/1 259/3/1
f 260/4/1 261/5/1 262/6/1
f 263/7/2 264/8/2 265/9/2
f 266/10/2 267/11/2 268/12/2
f 262/6/3 261/5/3 269/13/3
f 269/13/3 270/14/3 262/6/3
f 270/14/4 269/13/158 271/15/224
f 271/15/224 272/16/225 270/14/4
f 272/16/226 271/15/226 273/17/227
f 273/17/227 263/7/227 272/16/226
f 274/18/9 260/4/9 275/19/9
f 275/19/9 276/20/9 274/18/9
f 276/20/10 275/19/11 277/21/12
f 277/21/12 278/22/228 276/20/10
f 278/22/14 277/21/14 265/9/163
f 265/9/163 264/8/163 278/22/14
f 259/3/16 258/2/16 279/23/16
f 279/23/16 280/24/16 259/3/16
f 280/24/17 279/23/229 281/25/230
f 281/25/230 282/26/231 280/24/17
f 282/26/23 281/25/23 283/27/232
f 283/27/232 266/10/232 282/26/23
f 284/28/24 257/1/24 285/29/24
f 285/29/24 286/30/24 284/28/24
f 286/30/233 285/29/26 287/31/234
f 287/31/234 288/32/235 286/30/233
f 288/32/29 287/31/29 268/12/236
f 268/12/236 267/11/236 288/32/29
f 257/1/1 284/28/1 258/2/1
f 260/4/1 274/18/1 261/5/1
f 263/7/2 273/17/2 264/8/2
f 266/10/2 283/27/2 267/11/2
f 262/6/1 257/1/1 260/4/1
f 259/3/1 260/4/1 257/1/1
f 268/12/2 263/7/2 266/10/2
f 265/9/2 266/33/2 263/7/2
f 261/5/167 274/18/167 269/13/167
f 276/20/167 269/13/167 274/18/167
f 257/1/148 262/6/148 285/29/148
f 270/14/148 285/29/148 262/6/148
f 269/13/158 276/20/10 271/15/224
f 278/22/228 271/15/224 276/20/10
f 285/29/26 270/14/4 287/31/234
f 272/16/225 287/31/234 270/14/4
f 264/8/237 273/17/238 278/22/239
f 271/15/36 278/22/239 273/17/238
f 263/7/240 268/12/150 272/16/39
f 287/31/40 272/16/39 268/12/150
f 260/4/42 259/34/42 275/19/42
f 280/35/42 275/19/42 259/34/42
f 275/19/11 280/35/17 277/21/12
f 282/36/231 277/21/12 280/35/17
f 266/33/151 265/9/44 282/36/172
f 277/21/46 282/36/172 265/9/44
f 258/2/173 284/28/173 279/23/173
f 286/30/173 279/23/173 284/28/173
f 279/23/229 286/30/233 281/25/230
f 288/32/235 281/25/230 286/30/233
f 267/11/241 283/27/242 288/32/50
f 281/25/51 288/32/50 283/27/242
f 289/1/1 290/2/1 291/3/1
f 292/4/1 293/5/1 294/6/1
f 295/7/2 296/8/2 297/9/2
f 298/10/2 299/11/2 300/12/2
f 294/6/174 293/5/174 301/13/174
f 301/13/174 302/14/174 294/6/174
f 302/14/175 301/13/100 303/15/199
f 303/15/199 304/16/200 302/14/175
f 304/16/176 303/15/176 305/17/243
f 305/17/243 295/7/244 304/16/176
f 306/18/105 292/4/105 307/19/105
f 307/19/105 308/20/105 306/18/105
f 308/20/203 307/19/178 309/21/179
f 309/21/179 310/22/245 308/20/203
f 310/22/246 309/21/246 297/9/247
f 297/9/247 296/8/207 310/22/246
f 291/3/182 290/2/182 311/23/182
f 311/23/182 312/24/182 291/3/182
f 312/24/248 311/23/114 313/25/249
f 313/25/249 314/26/250 312/24/248
f 314/26/208 313/25/208 315/27/209
f 315/27/209 298/10/209 314/26/208
f 316/28/119 289/1/119 317/29/119
f 317/29/119 318/30/119 316/28/119
f 318/30/210 317/29/121 319/31/251
f 319/31/251 320/32/252 318/30/210
f 320/32/253 319/31/253 300/12/254
f 300/12/254 299/11/254 320/32/253
f 289/1/1 316/28/1 290/2/1
f 292/4/1 306/18/1 293/5/1
f 295/7/2 305/17/2 296/8/2
f 298/10/2 315/27/2 299/11/2
f 294/6/1 289/1/1 292/4/1
f 291/3/1 292/4/1 289/1/1
f 300/12/2 295/7/2 298/10/2
f 297/9/2 298/33/2 295/7/2
f 293/5/126 306/18/126 301/13/126
f 308/20/126 301/13/126 306/18/126
f 289/1/214 294/6/214 317/29/214
f 302/14/214 317/29/214 294/6/214
f 301/13/100 308/20/203 303/15/199
f 310/22/245 303/15/199 308/20/203
f 317/29/121 302/14/175 319/31/251
f 304/16/200 319/31/251 302/14/175
f 296/8/128 305/17/129 310/22/189
f 303/15/215 310/22/189 305/17/129
f 295/7/255 300/12/256 304/16/134
f 319/31/218 304/16/134 300/12/256
f 292/4/219 291/34/219 307/19/219
f 312/35/219 307/19/219 291/34/219
f 307/19/178 312/35/248 309/21/179
f 314/36/250 309/21/179 312/35/248
f 298/33/257 297/9/258 314/36/139
f 309/21/222 314/36/139 297/9/258
f 290/2/141 316/28/141 311/23/141
f 318/30/141 311/23/141 316/28/141
f 311/23/114 318/30/210 313/25/249
f 320/32/252 313/25/249 318/30/210
f 299/11/142 315/27/143 320/32/197
f 313/25/198 320/32/197 315/27/143
f 321/1/1 322/2/1 323/3/1
f 324/4/1 325/5/1 326/6/1
f 327/7/2 328/8/2 329/9/2
f 330/10/2 331/11/2 332/12/2
f 326/6/259 325/5/259 333/13/259
f 333/13/259 334/14/259 326/6/259
f 334/14/4 333/13/158 335/15/224
f 335/15/224 336/16/7 334/14/4
f 336/16/260 335/15/260 337/17/261
f 337/17/261 327/7/261 336/16/260
f 338/18/9 324/4/9 339/19/9
f 339/19/9 340/20/9 338/18/9
f 340/20/10 339/19/11 341/21/262
f 341/21/262 342/22/263 340/20/10
f 342/22/264 341/21/264 329/9/14
f 329/9/14 328/8/265 342/22/264
f 323/3/266 322/2/266 343/23/266
f 343/23/266 344/24/266 323/3/266
f 344/24/17 343/23/18 345/25/147
f 345/25/147 346/26/20 344/24/17
f 346/26/21 345/25/21 347/27/267
f 347/27/267 330/10/267 346/26/21
f 348/28/24 321/1/24 349/29/24
f 349/29/24 350/30/24 348/28/24
f 350/30/233 349/29/26 351/31/234
f 351/31/234 352/32/268 350/30/233
f 352/32/269 351/31/269 332/12/29
f 332/12/29 331/11/270 352/32/269
f 321/1/1 348/28/1 322/2/1
f 324/4/1 338/18/1 325/5/1
f 327/7/2 337/17/2 328/8/2
f 330/10/2 347/27/2 331/11/2
f 326/6/1 321/1/1 324/4/1
f 323/3/1 324/4/1 321/1/1
f 332/12/2 327/7/2 330/10/2
f 329/9/2 330/33/2 327/7/2
f 325/5/167 338/18/167 333/13/167
f 340/20/167 333/13/167 338/18/167
f 321/1/32 326/6/32 349/29/32
f 334/14/32 349/29/32 326/6/32
f 333/13/158 340/20/10 335/15/224
f 342/22/263 335/15/224 340/20/10
f 349/29/26 334/14/4 351/31/234
f 336/16/7 351/31/234 334/14/4
f 328/8/271 337/17/272 342/22/273
f 335/15/274 342/22/273 337/17/272
f 327/7/275 332/12/276 336/16/277
f 351/31/278 336/16/277 332/12/276
f 324/4/41 323/34/41 339/19/41
f 344/35/41 339/19/41 323/34/41
f 339/19/11 344/35/17 341/21/262
f 346/36/20 341/21/262 344/35/17
f 330/33/279 329/9/280 346/36/172
f 341/21/46 346/36/172 329/9/280
f 322/2/173 348/28/173 343/23/173
f 350/30/173 343/23/173 348/28/173
f 343/23/18 350/30/233 345/25/147
f 352/32/268 345/25/147 350/30/233
f 331/11/241 347/27/281 352/32/282
f 345/25/283 352/32/282 347/27/281
f 353/1/1 354/2/1 355/3/1
f 356/4/1 357/5/1 358/6/1
f 359/7/2 360/8/2 361/9/2
f 362/10/2 363/11/2 364/12/2
f 358/6/174 357/5/174 365/13/174
f 365/13/174 366/14/174 358/6/174
f 366/14/284 365/13/100 367/15/101
f 367/15/101 368/16/285 366/14/284
f 368/16/103 367/15/103 369/17/103
f 369/17/103 359/7/286 368/16/103
f 370/18/105 356/4/105 371/19/105
f 371/19/105 372/20/105 370/18/105
f 372/20/106 371/19/287 373/21/108
f 373/21/108 374/22/288 372/20/106
f 374/22/289 373/21/290 361/9/291
f 361/9/291 360/8/292 374/22/289
f 355/3/182 354/2/182 375/23/182
f 375/23/182 376/24/182 355/3/182
f 376/24/113 375/23/114 377/25/115
f 377/25/115 378/26/293 376/24/113
f 378/26/184 377/25/184 379/27/184
f 379/27/184 362/10/184 378/26/184
f 380/28/119 353/1/119 381/29/119
f 381/29/119 382/30/119 380/28/119
f 382/30/120 381/29/294 383/31/187
f 383/31/187 384/32/295 382/30/120
f 384/32/296 383/31/296 364/12/297
f 364/12/297 363/11/298 384/32/296
f 353/1/1 380/28/1 354/2/1
f 356/4/1 370/18/1 357/5/1
f 359/7/2 369/17/2 360/8/2
f 362/10/2 379/27/2 363/11/2
f 358/6/1 353/1/1 356/4/1
f 355/3/1 356/4/1 353/1/1
f 364/12/2 359/7/2 362/10/2
f 361/9/2 362/33/2 359/7/2
f 357/5/126 370/18/126 365/13/126
f 372/20/126 365/13/126 370/18/126
f 353/1/214 358/6/214 381/29/214
f 366/14/214 381/29/214 358/6/214
f 365/13/100 372/20/106 367/15/101
f 374/22/288 367/15/101 372/20/106
f 381/29/294 366/14/284 383/31/187
f 368/16/285 383/31/187 366/14/284
f 360/8/299 369/17/300 374/22/130
f 367/15/131 374/22/130 369/17/300
f 359/7/301 364/12/302 368/16/303
f 383/31/304 368/16/303 364/12/302
f 356/4/219 355/34/219 371/19/219
f 376/35/219 371/19/219 355/34/219
f 371/19/287 376/35/113 373/21/108
f 378/36/293 373/21/108 376/35/113
f 362/33/305 361/9/138 378/36/306
f 373/21/307 378/36/306 361/9/138
f 354/2/141 380/28/141 375/23/141
f 382/30/141 375/23/141 380/28/141
f 375/23/114 382/30/120 377/25/115
f 384/32/295 377/25/115 382/30/120
f 363/11/142 379/27/143 384/32/144
f 377/25/308 384/32/144 379/27/143
f 385/1/1 386/2/1 387/3/1
f 388/4/1 389/5/1 390/6/1
f 391/7/2 392/8/2 393/9/2
f 394/10/2 395/11/2 396/12/2
f 390/6/174 389/5/174 397/13/174
f 397/13/174 398/14/174 390/6/174
f 398/14/309 397/13/310 399/15/101
f 399/15/101 400/16/311 398/14/309
f 400/16/103 399/15/103 401/17/104
f 401/17/104 391/7/104 400/16/103
f 402/18/105 388/4/105 403/19/105
f 403/19/105 404/20/105 402/18/105
f 404/20/312 403/19/107 405/21/313
f 405/21/313 406/22/109 404/20/312
f 406/22/289 405/21/289 393/9/314
f 393/9/314 392/8/315 406/22/289
f 387/3/182 386/2/182 407/23/182
f 407/23/182 408/24/182 387/3/182
f 408/24/316 407/23/114 409/25/317
f 409/25/317 410/26/318 408/24/316
f 410/26/184 409/25/184 411/27/118
f 411/27/118 394/10/118 410/26/184
f 412/28/119 385/1/119 413/29/119
f 413/29/119 414/30/119 412/28/119
f 414/30/120 413/29/319 415/31/122
f 415/31/122 416/32/320 414/30/120
f 416/32/296 415/31/296 396/12/321
f 396/12/321 395/11/322 416/32/296
f 385/1/1 412/28/1 386/2/1
f 388/4/1 402/18/1 389/5/1
f 391/7/2 401/17/2 392/8/2
f 394/10/2 411/27/2 395/11/2
f 390/6/1 385/1/1 388/4/1
f 387/3/1 388/4/1 385/1/1
f 396/12/2 391/7/2 394/10/2
f 393/9/2 394/33/2 391/7/2
f 389/5/126 402/18/126 397/13/126
f 404/20/126 397/13/126 402/18/126
f 385/1/214 390/6/214 413/29/214
f 398/14/214 413/29/214 390/6/214
f 397/13/310 404/20/312 399/15/101
f 406/22/109 399/15/101 404/20/312
f 413/29/319 398/14/309 415/31/122
f 400/16/311 415/31/122 398/14/309
f 392/8/128 401/17/129 406/22/130
f 399/15/131 406/22/130 401/17/129
f 391/7/323 396/12/133 400/16/324
f 415/31/304 400/16/324 396/12/133
f 388/4/219 387/34/219 403/19/219
f 408/35/219 403/19/219 387/34/219
f 403/19/107 408/35/316 405/21/313
f 410/36/318 405/21/313 408/35/316
f 394/33/305 393/9/138 410/36/325
f 405/21/326 410/36/325 393/9/138
f 386/2/141 412/28/141 407/23/141
f 414/30/141 407/23/141 412/28/141
f 407/23/114 414/30/120 409/25/317
f 416/32/320 409/25/317 414/30/120
f 395/11/142 411/27/143 416/32/144
f 409/25/145 416/32/144 411/27/143
f 417/1/1 418/2/1 419/3/1
f 420/4/1 421/5/1 422/6/1
f 423/7/2 424/8/2 425/9/2
f 426/10/2 427/11/2 428/12/2
f 422/6/327 421/5/327 429/13/327
f 429/13/327 430/14/327 422/6/327
f 430/14/328 429/13/329 431/15/330
f 431/15/330 432/16/331 430/14/328
f 432/16/332 431/15/332 433/17/333
f 433/17/333 423/7/333 432/16/332
f 434/18/334 420/4/334 435/19/334
f 435/19/334 436/20/334 434/18/334
f 436/20/335 435/19/336 437/21/262
f 437/21/262 438/22/337 436/20/335
f 438/22/338 437/21/338 425/9/339
f 425/9/339 424/8/340 438/22/338
f 419/3/341 418/2/341 439/23/341
f 439/23/341 440/24/341 419/3/341
f 440/24/342 439/23/343 441/25/344
f 441/25/344 442/26/345 440/24/342
f 442/26/346 441/25/346 443/27/347
f 443/27/347 426/10/348 442/26/346
f 444/28/24 417/1/349 445/29/349
f 445/29/349 446/30/24 444/28/24
f 446/30/350 445/29/26 447/31/234
f 447/31/234 448/32/351 446/30/350
f 448/32/352 447/31/352 428/12/353
f 428/12/353 427/11/354 448/32/352
f 417/1/1 444/28/1 418/2/1
f 420/4/1 434/18/1 421/5/1
f 423/7/2 433/17/2 424/8/2
f 426/10/2 443/27/2 427/11/2
f 422/6/1 417/1/1 420/4/1
f 419/3/1 420/4/1 417/1/1
f 428/12/2 423/7/2 426/10/2
f 425/9/2 426/33/2 423/7/2
f 421/5/167 434/18/31 429/13/167
f 436/20/31 429/13/167 434/18/31
f 417/1/355 422/6/148 445/29/355
f 430/14/148 445/29/355 422/6/148
f 429/13/329 436/20/335 431/15/330
f 438/22/337 431/15/330 436/20/335
f 445/29/26 430/14/328 447/31/234
f 432/16/331 447/31/234 430/14/328
f 424/8/356 433/17/357 438/22/358
f 431/15/359 438/22/358 433/17/357
f 423/7/360 428/12/361 432/16/362
f 447/31/363 432/16/362 428/12/361
f 420/4/41 419/34/364 435/19/42
f 440/35/364 435/19/42 419/34/364
f 435/19/336 440/35/342 437/21/262
f 442/36/345 437/21/262 440/35/342
f 426/33/365 425/9/366 442/36/367
f 437/21/368 442/36/367 425/9/366
f 418/2/173 444/28/47 439/23/173
f 446/30/47 439/23/173 444/28/47
f 439/23/343 446/30/350 441/25/344
f 448/32/351 441/25/344 446/30/350
f 427/11/241 443/27/281 448/32/369
f 441/25/370 448/32/369 443/27/281
f 449/1/1 450/2/1 451/3/1
f 452/4/1 453/5/1 454/6/1
f 455/7/2 456/8/371 457/9/2
f 458/10/2 459/11/2 460/12/2
f 454/6/372 453/5/98 461/13/174
f 461/13/174 462/14/373 454/6/372
f 462/14/99 461/13/100 463/15/101
f 463/15/101 464/16/102 462/14/99
f 464/16/374 463/15/375 465/17/376
f 465/17/376 455/7/377 464/16/374
f 466/18/177 452/4/177 467/19/177
f 467/19/177 468/20/177 466/18/177
f 468/20/106 467/19/378 469/21/179
f 469/21/179 470/22/379 468/20/106
f 470/22/380 469/21/380 457/9/289
f 457/9/289 456/8/289 470/22/380
f 451/3/111 450/2/111 471/23/111
f 471/23/111 472/24/111 451/3/111
f 472/24/248 471/23/114 473/25/115
f 473/25/115 474/26/381 472/24/248
f 474/26/382 473/25/118 475/27/383
f 475/27/383 458/10/384 474/26/382
f 476/28/385 449/1/386 477/29/387
f 477/29/387 478/30/388 476/28/385
f 478/30/120 477/29/389 479/31/187
f 479/31/187 480/32/252 478/30/120
f 480/32/390 479/31/390 460/12/391
f 460/12/391 459/11/391 480/32/390
f 449/1/1 476/28/1 450/2/1
f 452/4/1 466/18/1 453/5/1
f 455/7/2 465/17/2 456/8/371
f 458/10/2 475/27/2 459/11/2
f 454/6/1 449/1/1 452/4/1
f 451/3/1 452/4/1 449/1/1
f 460/12/2 455/7/2 458/10/2
f 457/9/2 458/33/2 455/7/2
f 453/5/392 466/18/393 461/13/392
f 468/20/393 461/13/392 466/18/393
f 449/1/214 454/6/127 477/29/214
f 462/14/127 477/29/214 454/6/127
f 461/13/100 468/20/106 463/15/101
f 470/22/379 463/15/101 468/20/106
f 477/29/389 462/14/99 479/31/187
f 464/16/102 479/31/187 462/14/99
f 456/8/394 465/17/395 470/22/396
f 463/15/397 470/22/396 465/17/395
f 455/7/398 460/12/399 464/16/134
f 479/31/218 464/16/134 460/12/399
f 452/4/219 451/34/219 467/19/219
f 472/35/219 467/19/219 451/34/219
f 467/19/378 472/35/248 469/21/179
f 474/36/381 469/21/179 472/35/248
f 458/33/400 457/9/221 474/36/401
f 469/21/222 474/36/401 457/9/221
f 450/2/402 476/28/403 471/23/402
f 478/30/403 471/23/402 476/28/403
f 471/23/114 478/30/120 473/25/115
f 480/32/252 473/25/115 478/30/120
f 459/11/404 475/27/405 480/32/406
f 473/25/407 480/32/406 475/27/405
f 481/1/1 482/2/1 483/3/1
f 484/4/1 485/5/1 486/6/1
f 487/7/2 488/8/371 489/9/2
f 490/10/2 491/11/408 492/12/2
f 486/6/98 485/5/98 493/13/98
f 493/13/98 494/14/98 486/6/98
f 494/14/409 493/13/100 495/15/410
f 495/15/410 496/16/411 494/14/409
f 496/16/412 495/15/412 497/17/377
f 497/17/377 487/7/377 496/16/412
f 498/18/413 484/4/414 499/19/415
f 499/19/415 500/20/416 498/18/413
f 500/20/203 499/19/417 501/21/418
f 501/21/418 502/22/204 500/20/203
f 502/22/110 501/21/110 489/9/419
f 489/9/419 488/8/419 502/22/110
f 483/3/111 482/2/111 503/23/111
f 503/23/111 504/24/111 483/3/111
f 504/24/113 503/23/114 505/25/115
f 505/25/115 506/26/381 504/24/113
f 506/26/420 505/25/421 507/27/422
f 507/27/422 490/10/423 506/26/420
f 508/28/387 481/1/388 509/29/385
f 509/29/385 510/30/386 508/28/387
f 510/30/210 509/29/186 511/31/187
f 511/31/187 512/32/424 510/30/210
f 512/32/124 511/31/124 492/12/124
f 492/12/124 491/11/124 512/32/124
f 481/1/1 508/28/1 482/2/1
f 484/4/1 498/18/1 485/5/1
f 487/7/2 497/17/2 488/8/371
f 490/10/2 507/27/2 491/11/408
f 486/6/1 481/1/1 484/4/1
f 483/3/1 484/4/1 481/1/1
f 492/12/2 487/7/2 490/10/2
f 489/9/2 490/33/2 487/7/2
f 485/5/393 498/18/392 493/13/393
f 500/20/392 493/13/393 498/18/392
f 481/1/214 486/6/214 509/29/214
f 494/14/214 509/29/214 486/6/214
f 493/13/100 500/20/203 495/15/410
f 502/22/204 495/15/410 500/20/203
f 509/29/186 494/14/409 511/31/187
f 496/16/411 511/31/187 494/14/409
f 488/8/425 497/17/426 502/22/427
f 495/15/428 502/22/427 497/17/426
f 487/7/429 492/12/217 496/16/324
f 511/31/135 496/16/324 492/12/217
f 484/4/219 483/34/219 499/19/219
f 504/35/219 499/19/219 483/34/219
f 499/19/417 504/35/113 501/21/418
f 506/36/381 501/21/418 504/35/113
f 490/33/430 489/9/431 506/36/401
f 501/21/222 506/36/401 489/9/431
f 482/2/403 508/28/402 503/23/403
f 510/30/402 503/23/403 508/28/402
f 503/23/114 510/30/210 505/25/115
f 512/32/424 505/25/115 510/30/210
f 491/11/432 507/27/433 512/32/434
f 505/25/435 512/32/434 507/27/433
f 513/1/1 514/2/1 515/3/1
f 516/4/1 517/5/1 518/6/1
f 519/7/2 520/8/2 521/9/2
f 522/10/2 523/11/2 524/12/2
f 518/6/98 517/5/98 525/13/98
f 525/13/98 526/14/98 518/6/98
f 526/14/99 525/13/100 527/15/410
f 527/15/410 528/16/436 526/14/99
f 528/16/437 527/15/437 529/17/438
f 529/17/438 519/7/439 528/16/437
f 530/18/413 516/4/414 531/19/415
f 531/19/415 532/20/416 530/18/413
f 532/20/203 531/19/178 533/21/179
f 533/21/179 534/22/245 532/20/203
f 534/22/110 533/21/110 521/9/110
f 521/9/110 520/8/110 534/22/110
f 515/3/111 514/2/111 535/23/111
f 535/23/111 536/24/111 515/3/111
f 536/24/440 535/23/114 537/25/441
f 537/25/441 538/26/293 536/24/440
f 538/26/420 537/25/421 539/27/383
f 539/27/383 522/10/384 538/26/420
f 540/28/387 513/1/388 541/29/385
f 541/29/385 542/30/386 540/28/387
f 542/30/442 541/29/186 543/31/187
f 543/31/187 544/32/211 542/30/442
f 544/32/124 543/31/124 524/12/124
f 524/12/124 523/11/124 544/32/124
f 513/1/1 540/28/1 514/2/1
f 516/4/1 530/18/1 517/5/1
f 519/7/2 529/17/2 520/8/2
f 522/10/2 539/27/2 523/11/2
f 518/6/1 513/1/1 516/4/1
f 515/3/1 516/4/1 513/1/1
f 524/12/2 519/7/2 522/10/2
f 521/9/2 522/33/2 519/7/2
f 517/5/393 530/18/392 525/13/393
f 532/20/392 525/13/393 530/18/392
f 513/1/214 518/6/214 541/29/214
f 526/14/214 541/29/214 518/6/214
f 525/13/100 532/20/203 527/15/410
f 534/22/245 527/15/410 532/20/203
f 541/29/186 526/14/99 543/31/187
f 528/16/436 543/31/187 526/14/99
f 520/8/425 529/17/443 534/22/427
f 527/15/428 534/22/427 529/17/443
f 519/7/444 524/12/399 528/16/134
f 543/31/218 528/16/134 524/12/399
f 516/4/219 515/34/219 531/19/219
f 536/35/219 531/19/219 515/34/219
f 531/19/178 536/35/440 533/21/179
f 538/36/293 533/21/179 536/35/440
f 522/33/430 521/9/431 538/36/401
f 533/21/222 538/36/401 521/9/431
f 514/2/403 540/28/402 535/23/403
f 542/30/402 535/23/403 540/28/402
f 535/23/114 542/30/442 537/25/441
f 544/32/211 537/25/441 542/30/442
f 523/11/445 539/27/446 544/32/447
f 537/25/448 544/32/447 539/27/446
f 545/1/1 546/2/1 547/3/1
f 548/4/1 549/5/1 550/6/1
f 551/7/2 552/8/2 553/9/2
f 554/10/2 555/11/2 556/12/2
f 550/6/174 549/5/174 557/13/174
f 557/13/174 558/14/449 550/6/174
f 558/14/450 557/13/451 559/15/101
f 559/15/101 560/16/452 558/14/450
f 560/16/453 559/15/453 561/17/454
f 561/17/454 551/7/454 560/16/453
f 562/18/177 548/4/177 563/19/177
f 563/19/177 564/20/177 562/18/177
f 564/20/312 563/19/455 565/21/456
f 565/21/456 566/22/457 564/20/312
f 566/22/458 565/21/458 553/9/459
f 553/9/459 552/8/459 566/22/458
f 547/3/182 546/2/182 567/23/182
f 567/23/182 568/24/460 547/3/182
f 568/24/183 567/23/461 569/25/317
f 569/25/317 570/26/462 568/24/183
f 570/26/117 569/25/117 571/27/463
f 571/27/463 554/10/463 570/26/117
f 572/28/185 545/1/185 573/29/185
f 573/29/185 574/30/185 572/28/185
f 574/30/464 573/29/465 575/31/466
f 575/31/466 576/32/467 574/30/464
f 576/32/468 575/31/469 556/12/470
f 556/12/470 555/11/471 576/32/468
f 545/1/1 572/28/1 546/2/1
f 548/4/1 562/18/1 549/5/1
f 551/7/2 561/17/2 552/8/2
f 554/10/2 571/27/2 555/11/2
f 550/6/1 545/1/1 548/4/1
f 547/3/1 548/4/1 545/1/1
f 556/12/2 551/7/2 554/10/2
f 553/9/2 554/33/2 551/7/2
f 549/5/126 562/18/126 557/13/126
f 564/20/472 557/13/126 562/18/126
f 545/1/214 550/6/214 573/29/214
f 558/14/214 573/29/214 550/6/214
f 557/13/451 564/20/312 559/15/101
f 566/22/457 559/15/101 564/20/312
f 573/29/465 558/14/450 575/31/466
f 560/16/452 575/31/466 558/14/450
f 552/8/473 561/17/474 566/22/427
f 559/15/475 566/22/427 561/17/474
f 551/7/132 556/12/133 560/16/303
f 575/31/304 560/16/303 556/12/133
f 548/4/219 547/34/219 563/19/219
f 568/35/219 563/19/219 547/34/219
f 563/19/455 568/35/183 565/21/456
f 570/36/462 565/21/456 568/35/183
f 554/33/137 553/9/138 570/36/306
f 565/21/140 570/36/306 553/9/138
f 546/2/141 572/28/141 567/23/141
f 574/30/476 567/23/141 572/28/141
f 567/23/461 574/30/464 569/25/317
f 576/32/467 569/25/317 574/30/464
f 555/11/477 571/27/478 576/32/144
f 569/25/479 576/32/144 571/27/478
f 577/1/1 578/2/1 579/3/1
f 580/4/1 581/5/1 582/6/1
f 583/7/2 584/8/2 585/9/2
f 586/10/2 587/11/2 588/12/2
f 582/6/98 581/5/98 589/13/98
f 589/13/98 590/14/98 582/6/98
f 590/14/309 589/13/451 591/15/101
f 591/15/101 592/16/102 590/14/309
f 592/16/244 591/15/244 593/17/480
f 593/17/480 583/7/481 592/16/244
f 594/18/177 580/4/414 595/19/414
f 595/19/414 596/20/177 594/18/177
f 596/20/312 595/19/107 597/21/108
f 597/21/108 598/22/482 596/20/312
f 598/22/458 597/21/483 585/9/484
f 585/9/484 584/8/485 598/22/458
f 579/3/111 578/2/111 599/23/111
f 599/23/111 600/24/111 579/3/111
f 600/24/440 599/23/461 601/25/115
f 601/25/115 602/26/486 600/24/440
f 602/26/463 601/25/463 603/27/487
f 603/27/487 586/10/487 602/26/463
f 604/28/185 577/1/185 605/29/185
f 605/29/185 606/30/185 604/28/185
f 606/30/488 605/29/465 607/31/466
f 607/31/466 608/32/489 606/30/488
f 608/32/468 607/31/469 588/12/490
f 588/12/490 587/11/491 608/32/468
f 577/1/1 604/28/1 578/2/1
f 580/4/1 594/18/1 581/5/1
f 583/7/2 593/17/408 584/8/2
f 586/10/2 603/27/371 587/11/2
f 582/6/1 577/1/1 580/4/1
f 579/3/1 580/4/1 577/1/1
f 588/12/2 583/7/2 586/10/2
f 585/9/2 586/33/2 583/7/2
f 581/5/393 594/18/392 589/13/393
f 596/20/392 589/13/393 594/18/392
f 577/1/214 582/6/127 605/29/214
f 590/14/127 605/29/214 582/6/127
f 589/13/451 596/20/312 591/15/101
f 598/22/482 591/15/101 596/20/312
f 605/29/465 590/14/309 607/31/466
f 592/16/102 607/31/466 590/14/309
f 584/8/394 593/17/492 598/22/493
f 591/15/475 598/22/493 593/17/492
f 583/7/494 588/12/495 592/16/324
f 607/31/304 592/16/324 588/12/495
f 580/4/219 579/34/219 595/19/219
f 600/35/219 595/19/219 579/34/219
f 595/19/107 600/35/440 597/21/108
f 602/36/486 597/21/108 600/35/440
f 586/33/137 585/9/496 602/36/306
f 597/21/307 602/36/306 585/9/496
f 578/2/402 604/28/403 599/23/402
f 606/30/403 599/23/402 604/28/403
f 599/23/461 606/30/488 601/25/115
f 608/32/489 601/25/115 606/30/488
f 587/11/404 603/27/497 608/32/498
f 601/25/499 608/32/498 603/27/497
f 609/1/1 610/2/1 611/3/1
f 612/4/1 613/5/1 614/6/1
f 615/7/2 616/8/2 617/9/2
f 618/10/2 619/11/2 620/12/2
f 614/6/98 613/5/98 621/13/98
f 621/13/98 622/14/98 614/6/98
f 622/14/500 621/13/100 623/15/101
f 623/15/101 624/16/501 622/14/500
f 624/16/502 623/15/503 625/17/244
f 625/17/244 615/7/412 624/16/502
f 626/18/177 612/4/177 627/19/177
f 627/19/177 628/20/177 626/18/177
f 628/20/106 627/19/378 629/21/179
f 629/21/179 630/22/504 628/20/106
f 630/22/505 629/21/505 617/9/506
f 617/9/506 616/8/507 630/22/505
f 611/3/111 610/2/111 631/23/111
f 631/23/111 632/24/111 611/3/111
f 632/24/508 631/23/114 633/25/115
f 633/25/115 634/26/509 632/24/508
f 634/26/423 633/25/423 635/27/209
f 635/27/209 618/10/510 634/26/423
f 636/28/185 609/1/185 637/29/185
f 637/29/185 638/30/185 636/28/185
f 638/30/120 637/29/511 639/31/512
f 639/31/512 640/32/513 638/30/120
f 640/32/514 639/31/514 620/12/515
f 620/12/515 619/11/516 640/32/514
f 609/1/1 636/28/1 610/2/1
f 612/4/1 626/18/1 613/5/1
f 615/7/2 625/17/408 616/8/2
f 618/10/2 635/27/371 619/11/2
f 614/6/1 609/1/1 612/4/1
f 611/3/1 612/4/1 609/1/1
f 620/12/2 615/7/2 618/10/2
f 617/9/2 618/33/2 615/7/2
f 613/5/392 626/18/393 621/13/392
f 628/20/393 621/13/392 626/18/393
f 609/1/214 614/6/214 637/29/214
f 622/14/214 637/29/214 614/6/214
f 621/13/100 628/20/106 623/15/101
f 630/22/504 623/15/101 628/20/106
f 637/29/511 622/14/500 639/31/512
f 624/16/501 639/31/512 622/14/500
f 616/8/394 625/17/395 630/22/396
f 623/15/397 630/22/396 625/17/395
f 615/7/494 620/12/517 624/16/134
f 639/31/518 624/16/134 620/12/517
f 612/4/219 611/34/219 627/19/219
f 632/35/219 627/19/219 611/34/219
f 627/19/378 632/35/508 629/21/179
f 634/36/509 629/21/179 632/35/508
f 618/33/519 617/9/520 634/36/139
f 629/21/521 634/36/139 617/9/520
f 610/2/402 636/28/403 631/23/402
f 638/30/403 631/23/402 636/28/403
f 631/23/114 638/30/120 633/25/115
f 640/32/513 633/25/115 638/30/120
f 619/11/404 635/27/405 640/32/522
f 633/25/523 640/32/522 635/27/405
f 641/1/1 642/2/1 643/3/1
f 644/4/1 645/5/1 646/6/1
f 647/7/2 648/8/2 649/9/2
f 650/10/2 651/11/2 652/12/2
f 646/6/327 645/5/3 653/13/3
f 653/13/3 654/14/327 646/6/327
f 654/14/4 653/13/524 655/15/6
f 655/15/6 656/16/525 654/14/4
f 656/16/526 655/15/527 657/17/528
f 657/17/528 647/7/529 656/16/526
f 658/18/530 644/4/530 659/19/530
f 659/19/530 660/20/531 658/18/530
f 660/20/532 659/19/533 661/21/162
f 661/21/162 662/22/534 660/20/532
f 662/22/163 661/21/163 649/9/535
f 649/9/535 648/8/536 662/22/163
f 643/3/16 642/2/341 663/23/341
f 663/23/341 664/24/16 643/3/16
f 664/24/537 663/23/538 665/25/539
f 665/25/539 666/26/540 664/24/537
f 666/26/541 665/25/542 667/27/543
f 667/27/543 650/10/544 666/26/541
f 668/28/545 641/1/546 669/29/545
f 669/29/545 670/30/545 668/28/545
f 670/30/547 669/29/548 671/31/549
f 671/31/549 672/32/550 670/30/547
f 672/32/29 671/31/270 652/12/551
f 652/12/551 651/11/551 672/32/29
f 641/1/1 668/28/1 642/2/1
f 644/4/1 658/18/1 645/5/1
f 647/7/2 657/17/2 648/8/2
f 650/10/2 667/27/2 651/11/2
f 646/6/1 641/1/1 644/4/1
f 643/3/1 644/4/1 641/1/1
f 652/12/2 647/7/2 650/10/2
f 649/9/2 650/33/2 647/7/2
f 645/5/167 658/18/552 653/13/167
f 660/20/553 653/13/167 658/18/552
f 641/1/32 646/6/148 669/29/32
f 654/14/148 669/29/32 646/6/148
f 653/13/524 660/20/532 655/15/6
f 662/22/534 655/15/6 660/20/532
f 669/29/548 654/14/4 671/31/549
f 656/16/525 671/31/549 654/14/4
f 648/8/554 657/17/555 662/22/273
f 655/15/556 662/22/273 657/17/555
f 647/7/275 652/12/557 656/16/558
f 671/31/559 656/16/558 652/12/557
f 644/4/41 643/34/41 659/19/41
f 664/35/41 659/19/41 643/34/41
f 659/19/533 664/35/537 661/21/162
f 666/36/540 661/21/162 664/35/537
f 650/33/560 649/9/561 666/36/562
f 661/21/563 666/36/562 649/9/561
f 642/2/173 668/28/564 663/23/173
f 670/30/565 663/23/173 668/28/564
f 663/23/538 670/30/547 665/25/539
f 672/32/550 665/25/539 670/30/547
f 651/11/566 667/27/567 672/32/568
f 665/25/569 672/32/568 667/27/567
f 673/1/1 674/2/1 675/3/1
f 676/4/1 677/5/1 678/6/1
f 679/7/2 680/8/2 681/9/2
f 682/10/2 683/11/2 684/12/2
f 678/6/3 677/5/327 685/13/327
f 685/13/327 686/14/3 678/6/3
f 686/14/328 685/13/5 687/15/224
f 687/15/224 688/16/570 686/14/328
f 688/16/527 687/15/527 689/17/571
f 689/17/571 679/7/572 688/16/527
f 690/18/530 676/4/530 691/19/530
f 691/19/530 692/20/530 690/18/530
f 692/20/573 691/19/574 693/21/575
f 693/21/575 694/22/576 692/20/573
f 694/22/577 693/21/264 681/9/339
f 681/9/339 680/8/339 694/22/577
f 675/3/341 674/2/16 695/23/16
f 695/23/16 696/24/341 675/3/341
f 696/24/17 695/23/578 697/25/147
f 697/25/147 698/26/579 696/24/17
f 698/26/580 697/25/580 699/27/543
f 699/27/543 682/10/544 698/26/580
f 700/28/545 673/1/545 701/29/545
f 701/29/545 702/30/546 700/28/545
f 702/30/581 701/29/165 703/31/549
f 703/31/549 704/32/28 702/30/581
f 704/32/29 703/31/270 684/12/582
f 684/12/582 683/11/582 704/32/29
f 673/1/1 700/28/1 674/2/1
f 676/4/1 690/18/1 677/5/1
f 679/7/2 689/17/2 680/8/2
f 682/10/2 699/27/2 683/11/2
f 678/6/1 673/1/1 676/4/1
f 675/3/1 676/4/1 673/1/1
f 684/12/2 679/7/2 682/10/2
f 681/9/2 682/33/2 679/7/2
f 677/5/167 690/18/553 685/13/167
f 692/20/553 685/13/167 690/18/553
f 673/1/583 678/6/148 701/29/583
f 686/14/148 701/29/583 678/6/148
f 685/13/5 692/20/573 687/15/224
f 694/22/576 687/15/224 692/20/573
f 701/29/165 686/14/328 703/31/549
f 688/16/570 703/31/549 686/14/328
f 680/8/584 689/17/585 694/22/586
f 687/15/587 694/22/586 689/17/585
f 679/7/588 684/12/589 688/16/590
f 703/31/591 688/16/590 684/12/589
f 676/4/592 675/34/42 691/19/592
f 696/35/42 691/19/592 675/34/42
f 691/19/574 696/35/17 693/21/575
f 698/36/579 693/21/575 696/35/17
f 682/33/593 681/9/594 698/36/595
f 693/21/596 698/36/595 681/9/594
f 674/2/173 700/28/173 695/23/173
f 702/30/173 695/23/173 700/28/173
f 695/23/578 702/30/581 697/25/147
f 704/32/28 697/25/147 702/30/581
f 683/11/597 699/27/598 704/32/282
f 697/25/283 704/32/282 699/27/598
f 705/1/1 706/2/1 707/3/1
f 708/4/1 709/5/1 710/6/1
f 711/7/2 712/8/2 713/9/2
f 714/10/2 715/11/2 716/12/2
f 710/6/327 709/5/3 717/13/3
f 717/13/3 718/14/327 710/6/327
f 718/14/599 717/13/600 719/15/224
f 719/15/224 720/16/601 718/14/599
f 720/16/602 719/15/603 721/17/604
f 721/17/604 711/7/605 720/16/602
f 722/18/530 708/4/530 723/19/530
f 723/19/530 724/20/531 722/18/530
f 724/20/606 723/19/574 725/21/607
f 725/21/607 726/22/608 724/20/606
f 726/22/609 725/21/609 713/9/610
f 713/9/610 712/8/264 726/22/609
f 707/3/16 706/2/341 727/23/341
f 727/23/341 728/24/16 707/3/16
f 728/24/342 727/23/611 729/25/344
f 729/25/344 730/26/231 728/24/342
f 730/26/612 729/25/613 731/27/614
f 731/27/614 714/10/615 730/26/612
f 732/28/545 705/1/545 733/29/545
f 733/29/545 734/30/545 732/28/545
f 734/30/616 733/29/617 735/31/549
f 735/31/549 736/32/618 734/30/616
f 736/32/619 735/31/619 716/12/620
f 716/12/620 715/11/269 736/32/619
f 705/1/1 732/28/1 706/2/1
f 708/4/1 722/18/1 709/5/1
f 711/7/2 721/17/2 712/8/2
f 714/10/2 731/27/2 715/11/2
f 710/6/1 705/1/1 708/4/1
f 707/3/1 708/4/1 705/1/1
f 716/12/2 711/7/2 714/10/2
f 713/9/2 714/33/2 711/7/2
f 709/5/553 722/18/167 717/13/552
f 724/20/167 717/13/552 722/18/167
f 705/1/32 710/6/32 733/29/32
f 718/14/32 733/29/32 710/6/32
f 717/13/600 724/20/606 719/15/224
f 726/22/608 719/15/224 724/20/606
f 733/29/617 718/14/599 735/31/549
f 720/16/601 735/31/549 718/14/599
f 712/8/621 721/17/622 726/22/273
f 719/15/556 726/22/273 721/17/622
f 711/7/623 716/12/624 720/16/277
f 735/31/625 720/16/277 716/12/624
f 708/4/42 707/34/592 723/19/42
f 728/35/592 723/19/42 707/34/592
f 723/19/574 728/35/342 725/21/607
f 730/36/231 725/21/607 728/35/342
f 714/33/626 713/9/627 730/36/628
f 725/21/629 730/36/628 713/9/627
f 706/2/565 732/28/173 727/23/564
f 734/30/173 727/23/564 732/28/173
f 727/23/611 734/30/616 729/25/344
f 736/32/618 729/25/344 734/30/616
f 715/11/630 731/27/631 736/32/369
f 729/25/632 736/32/369 731/27/631
f 737/1/1 738/2/1 739/3/1
f 740/4/1 741/5/1 742/6/1
f 743/7/2 744/8/2 745/9/2
f 746/10/2 747/11/2 748/12/2
f 742/6/146 741/5/633 749/13/634
f 749/13/634 750/14/327 742/6/146
f 750/14/599 749/13/635 751/15/636
f 751/15/636 752/16/525 750/14/599
f 752/16/637 751/15/637 753/17/638
f 753/17/638 743/7/639 752/16/637
f 754/18/530 740/4/530 755/19/530
f 755/19/530 756/20/530 754/18/530
f 756/20/640 755/19/161 757/21/162
f 757/21/162 758/22/641 756/20/640
f 758/22/642 757/21/642 745/9/577
f 745/9/577 744/8/577 758/22/642
f 739/3/16 738/2/16 759/23/16
f 759/23/16 760/24/16 739/3/16
f 760/24/537 759/23/538 761/25/643
f 761/25/643 762/26/644 760/24/537
f 762/26/645 761/25/580 763/27/646
f 763/27/646 746/10/647 762/26/645
f 764/28/545 737/1/545 765/29/545
f 765/29/545 766/30/545 764/28/545
f 766/30/547 765/29/648 767/31/649
f 767/31/649 768/32/550 766/30/547
f 768/32/650 767/31/650 748/12/651
f 748/12/651 747/11/651 768/32/650
f 737/1/1 764/28/1 738/2/1
f 740/4/1 754/18/1 741/5/1
f 743/7/2 753/17/2 744/8/2
f 746/10/2 763/27/2 747/11/2
f 742/6/1 737/1/1 740/4/1
f 739/3/1 740/4/1 737/1/1
f 748/12/2 743/7/2 746/10/2
f 745/9/2 746/33/2 743/7/2
f 741/5/167 754/18/167 749/13/167
f 756/20/167 749/13/167 754/18/167
f 737/1/32 742/6/32 765/29/32
f 750/14/32 765/29/32 742/6/32
f 749/13/635 756/20/640 751/15/636
f 758/22/641 751/15/636 756/20/640
f 765/29/648 750/14/599 767/31/649
f 752/16/525 767/31/649 750/14/599
f 744/8/554 753/17/555 758/22/239
f 751/15/36 758/22/239 753/17/555
f 743/7/652 748/12/653 752/16/654
f 767/31/655 752/16/654 748/12/653
f 740/4/41 739/34/41 755/19/41
f 760/35/41 755/19/41 739/34/41
f 755/19/161 760/35/537 757/21/162
f 762/36/644 757/21/162 760/35/537
f 746/33/656 745/9/657 762/36/658
f 757/21/659 762/36/658 745/9/657
f 738/2/173 764/28/173 759/23/173
f 766/30/173 759/23/173 764/28/173
f 759/23/538 766/30/547 761/25/643
f 768/32/550 761/25/643 766/30/547
f 747/11/660 763/27/661 768/32/568
f 761/25/662 768/32/568 763/27/661
f 769/1/1 770/2/1 771/3/1
f 772/4/1 773/5/1 774/6/1
f 775/7/2 776/8/2 777/9/2
f 778/10/2 779/11/2 780/12/2
f 774/6/3 773/5/3 781/13/3
f 781/13/3 782/14/3 774/6/3
f 782/14/4 781/13/158 783/15/6
f 783/15/6 784/16/7 782/14/4
f 784/16/8 783/15/8 785/17/663
f 785/17/663 775/7/663 784/16/8
f 786/18/9 772/4/160 787/19/9
f 787/19/9 788/20/9 786/18/9
f 788/20/10 787/19/11 789/21/12
f 789/21/12 790/22/664 788/20/10
f 790/22/14 789/21/14 777/9/15
f 777/9/15 776/8/15 790/22/14
f 771/3/16 770/2/16 791/23/16
f 791/23/16 792/24/16 771/3/16
f 792/24/17 791/23/229 793/25/147
f 793/25/147 794/26/20 792/24/17
f 794/26/21 793/25/21 795/27/665
f 795/27/665 778/10/665 794/26/21
f 796/28/24 769/1/164 797/29/24
f 797/29/24 798/30/24 796/28/24
f 798/30/25 797/29/26 799/31/27
f 799/31/27 800/32/666 798/30/25
f 800/32/29 799/31/29 780/12/30
f 780/12/30 779/11/30 800/32/29
f 769/1/1 796/28/1 770/2/1
f 772/4/1 786/18/1 773/5/1
f 775/7/2 785/17/2 776/8/2
f 778/10/2 795/27/2 779/11/2
f 774/6/1 769/1/1 772/4/1
f 771/3/1 772/4/1 769/1/1
f 780/12/2 775/7/2 778/10/2
f 777/9/2 778/33/2 775/7/2
f 773/5/31 786/18/31 781/13/31
f 788/20/31 781/13/31 786/18/31
f 769/1/148 774/6/32 797/29/32
f 782/14/32 797/29/32 774/6/32
f 781/13/158 788/20/10 783/15/6
f 790/22/664 783/15/6 788/20/10
f 797/29/26 782/14/4 799/31/27
f 784/16/7 799/31/27 782/14/4
f 776/8/33 785/17/34 790/22/273
f 783/15/556 790/22/273 785/17/34
f 775/7/667 780/12/38 784/16/39
f 799/31/40 784/16/39 780/12/38
f 772/4/42 771/34/41 787/19/41
f 792/35/41 787/19/41 771/34/41
f 787/19/11 792/35/17 789/21/12
f 794/36/20 789/21/12 792/35/17
f 778/33/170 777/9/171 794/36/45
f 789/21/668 794/36/45 777/9/171
f 770/2/47 796/28/47 791/23/47
f 798/30/47 791/23/47 796/28/47
f 791/23/229 798/30/25 793/25/147
f 800/32/666 793/25/147 798/30/25
f 779/11/48 795/27/152 800/32/282
f 793/25/283 800/32/282 795/27/152
f 801/1/1 802/2/1 803/3/1
f 804/4/1 805/5/1 806/6/1
f 807/7/2 808/8/2 809/9/2
f 810/10/2 811/11/2 812/12/2
f 806/6/98 805/5/174 813/13/174
f 813/13/174 814/14/98 806/6/98
f 814/14/669 813/13/100 815/15/101
f 815/15/101 816/16/102 814/14/669
f 816/16/176 815/15/176 817/17/104
f 817/17/104 807/7/104 816/16/176
f 818/18/105 804/4/105 819/19/105
f 819/19/105 820/20/105 818/18/105
f 820/20/106 819/19/107 821/21/108
f 821/21/108 822/22/180 820/20/106
f 822/22/110 821/21/110 809/9/110
f 809/9/110 808/8/110 822/22/110
f 803/3/111 802/2/182 823/23/182
f 823/23/182 824/24/111 803/3/111
f 824/24/248 823/23/461 825/25/115
f 825/25/115 826/26/116 824/24/248
f 826/26/118 825/25/118 827/27/118
f 827/27/118 810/10/118 826/26/118
f 828/28/119 801/1/119 829/29/119
f 829/29/119 830/30/119 828/28/119
f 830/30/120 829/29/121 831/31/122
f 831/31/122 832/32/123 830/30/120
f 832/32/124 831/31/124 812/12/124
f 812/12/124 811/11/124 832/32/124
f 801/1/1 828/28/1 802/2/1
f 804/4/1 818/18/1 805/5/1
f 807/7/2 817/17/2 808/8/2
f 810/10/2 827/27/2 811/11/2
f 806/6/1 801/1/1 804/4/1
f 803/3/1 804/4/1 801/1/1
f 812/12/2 807/7/2 810/10/2
f 809/9/2 810/33/2 807/7/2
f 805/5/126 818/18/126 813/13/126
f 820/20/126 813/13/126 818/18/126
f 801/1/127 806/6/127 829/29/127
f 814/14/127 829/29/127 806/6/127
f 813/13/100 820/20/106 815/15/101
f 822/22/180 815/15/101 820/20/106
f 829/29/121 814/14/669 831/31/122
f 816/16/102 831/31/122 814/14/669
f 808/8/670 817/17/129 822/22/130
f 815/15/131 822/22/130 817/17/129
f 807/7/132 812/12/133 816/16/134
f 831/31/135 816/16/134 812/12/133
f 804/4/136 803/34/136 819/19/136
f 824/35/136 819/19/136 803/34/136
f 819/19/107 824/35/248 821/21/108
f 826/36/116 821/21/108 824/35/248
f 810/33/305 809/9/138 826/36/306
f 821/21/140 826/36/306 809/9/138
f 802/2/141 828/28/141 823/23/141
f 830/30/141 823/23/141 828/28/141
f 823/23/461 830/30/120 825/25/115
f 832/32/123 825/25/115 830/30/120
f 811/11/671 827/27/143 832/32/144
f 825/25/145 832/32/144 827/27/143
f 833/1/1 834/2/1 835/3/1
f 836/4/1 837/5/1 838/6/1
f 839/7/2 840/8/2 841/9/2
f 842/10/2 843/11/2 844/12/2
f 838/6/3 837/5/672 845/13/673
f 845/13/673 846/14/634 838/6/3
f 846/14/4 845/13/674 847/15/330
f 847/15/330 848/16/675 846/14/4
f 848/16/637 847/15/637 849/17/676
f 849/17/676 839/7/677 848/16/637
f 850/18/334 836/4/678 851/19/678
f 851/19/678 852/20/334 850/18/334
f 852/20/679 851/19/680 853/21/262
f 853/21/262 854/22/681 852/20/679
f 854/22/340 853/21/340 841/9/15
f 841/9/15 840/8/264 854/22/340
f 835/3/16 834/2/682 855/23/341
f 855/23/341 856/24/683 835/3/16
f 856/24/17 855/23/229 857/25/684
f 857/25/684 858/26/685 856/24/17
f 858/26/686 857/25/687 859/27/688
f 859/27/688 842/10/689 858/26/686
f 860/28/349 833/1/24 861/29/24
f 861/29/24 862/30/349 860/28/349
f 862/30/233 861/29/165 863/31/234
f 863/31/234 864/32/690 862/30/233
f 864/32/353 863/31/691 844/12/692
f 844/12/692 843/11/693 864/32/353
f 833/1/1 860/28/1 834/2/1
f 836/4/1 850/18/1 837/5/1
f 839/7/2 849/17/2 840/8/2
f 842/10/2 859/27/2 843/11/2
f 838/6/1 833/1/1 836/4/1
f 835/3/1 836/4/1 833/1/1
f 844/12/2 839/7/2 842/10/2
f 841/9/2 842/33/2 839/7/2
f 837/5/553 850/18/167 845/13/552
f 852/20/167 845/13/552 850/18/167
f 833/1/355 838/6/32 861/29/694
f 846/14/32 861/29/694 838/6/32
f 845/13/674 852/20/679 847/15/330
f 854/22/681 847/15/330 852/20/679
f 861/29/165 846/14/4 863/31/234
f 848/16/675 863/31/234 846/14/4
f 840/8/695 849/17/696 854/22/239
f 847/15/697 854/22/239 849/17/696
f 839/7/37 844/12/698 848/16/699
f 863/31/700 848/16/699 844/12/698
f 836/4/364 835/34/41 851/19/701
f 856/35/41 851/19/701 835/34/41
f 851/19/680 856/35/17 853/21/262
f 858/36/685 853/21/262 856/35/17
f 842/33/702 841/9/703 858/36/704
f 853/21/705 858/36/704 841/9/703
f 834/2/173 860/28/173 855/23/173
f 862/30/173 855/23/173 860/28/173
f 855/23/229 862/30/233 857/25/684
f 864/32/690 857/25/684 862/30/233
f 843/11/706 859/27/281 864/32/707
f 857/25/569 864/32/707 859/27/281
f 865/1/1 866/2/1 867/3/1
f 868/4/1 869/5/1 870/6/1
f 871/7/2 872/8/2 873/9/2
f 874/10/2 875/11/2 876/12/2
f 870/6/327 869/5/634 877/13/3
f 877/13/3 878/14/708 870/6/327
f 878/14/599 877/13/709 879/15/710
f 879/15/710 880/16/711 878/14/599
f 880/16/637 879/15/8 881/17/712
f 881/17/712 871/7/713 880/16/637
f 882/18/714 868/4/715 883/19/715
f 883/19/715 884/20/9 882/18/714
f 884/20/716 883/19/11 885/21/262
f 885/21/262 886/22/717 884/20/716
f 886/22/718 885/21/718 873/9/719
f 873/9/719 872/8/719 886/22/718
f 867/3/341 866/2/683 887/23/16
f 887/23/16 888/24/682 867/3/341
f 888/24/342 887/23/720 889/25/721
f 889/25/721 890/26/231 888/24/342
f 890/26/543 889/25/543 891/27/722
f 891/27/722 874/10/722 890/26/543
f 892/28/24 865/1/723 893/29/724
f 893/29/724 894/30/24 892/28/24
f 894/30/25 893/29/26 895/31/234
f 895/31/234 896/32/666 894/30/25
f 896/32/725 895/31/725 876/12/726
f 876/12/726 875/11/726 896/32/725
f 865/1/1 892/28/1 866/2/1
f 868/4/1 882/18/1 869/5/1
f 871/7/2 881/17/2 872/8/2
f 874/10/2 891/27/2 875/11/2
f 870/6/1 865/1/1 868/4/1
f 867/3/1 868/4/1 865/1/1
f 876/12/2 871/7/2 874/10/2
f 873/9/2 874/33/2 871/7/2
f 869/5/167 882/18/167 877/13/167
f 884/20/167 877/13/167 882/18/167
f 865/1/32 870/6/32 893/29/32
f 878/14/32 893/29/32 870/6/32
f 877/13/709 884/20/716 879/15/710
f 886/22/717 879/15/710 884/20/716
f 893/29/26 878/14/599 895/31/234
f 880/16/711 895/31/234 878/14/599
f 872/8/727 881/17/728 886/22/729
f 879/15/730 886/22/729 881/17/728
f 871/7/731 876/12/732 880/16/733
f 895/31/734 880/16/733 876/12/732
f 868/4/364 867/34/41 883/19/701
f 888/35/41 883/19/701 867/34/41
f 883/19/11 888/35/342 885/21/262
f 890/36/231 885/21/262 888/35/342
f 874/33/43 873/9/735 890/36/736
f 885/21/737 890/36/736 873/9/735
f 866/2/173 892/28/173 887/23/173
f 894/30/173 887/23/173 892/28/173
f 887/23/720 894/30/25 889/25/721
f 896/32/666 889/25/721 894/30/25
f 875/11/738 891/27/739 896/32/740
f 889/25/632 896/32/740 891/27/739
f 897/1/1 898/2/1 899/3/1
f 900/4/1 901/5/1 902/6/1
f 903/7/2 904/8/2 905/9/2
f 906/10/2 907/11/2 908/12/2
f 902/6/3 901/5/672 909/13/673
f 909/13/673 910/14/634 902/6/3
f 910/14/4 909/13/158 911/15/224
f 911/15/224 912/16/225 910/14/4
f 912/16/527 911/15/527 913/17/741
f 913/17/741 903/7/742 912/16/527
f 914/18/334 900/4/9 915/19/9
f 915/19/9 916/20/678 914/18/334
f 916/20/743 915/19/11 917/21/744
f 917/21/744 918/22/745 916/20/743
f 918/22/746 917/21/746 905/9/747
f 905/9/747 904/8/747 918/22/746
f 899/3/16 898/2/682 919/23/341
f 919/23/341 920/24/683 899/3/16
f 920/24/748 919/23/749 921/25/230
f 921/25/230 922/26/750 920/24/748
f 922/26/751 921/25/752 923/27/753
f 923/27/753 906/10/754 922/26/751
f 924/28/349 897/1/24 925/29/24
f 925/29/24 926/30/349 924/28/349
f 926/30/233 925/29/755 927/31/756
f 927/31/756 928/32/757 926/30/233
f 928/32/650 927/31/758 908/12/582
f 908/12/582 907/11/354 928/32/650
f 897/1/1 924/28/1 898/2/1
f 900/4/1 914/18/1 901/5/1
f 903/7/2 913/17/2 904/8/2
f 906/10/2 923/27/2 907/11/2
f 902/6/1 897/1/1 900/4/1
f 899/3/1 900/4/1 897/1/1
f 908/12/2 903/7/2 906/10/2
f 905/9/2 906/33/2 903/7/2
f 901/5/553 914/18/167 909/13/552
f 916/20/167 909/13/552 914/18/167
f 897/1/32 902/6/694 925/29/32
f 910/14/355 925/29/32 902/6/694
f 909/13/158 916/20/743 911/15/224
f 918/22/745 911/15/224 916/20/743
f 925/29/755 910/14/4 927/31/756
f 912/16/225 927/31/756 910/14/4
f 904/8/695 913/17/696 918/22/35
f 911/15/556 918/22/35 913/17/696
f 903/7/37 908/12/698 912/16/759
f 927/31/760 912/16/759 908/12/698
f 900/4/41 899/34/41 915/19/41
f 920/35/41 915/19/41 899/34/41
f 915/19/11 920/35/748 917/21/744
f 922/36/750 917/21/744 920/35/748
f 906/33/43 905/9/761 922/36/762
f 917/21/763 922/36/762 905/9/761
f 898/2/173 924/28/173 919/23/173
f 926/30/173 919/23/173 924/28/173
f 919/23/749 926/30/233 921/25/230
f 928/32/757 921/25/230 926/30/233
f 907/11/764 923/27/765 928/32/766
f 921/25/51 928/32/766 923/27/765
f 929/1/1 930/2/1 931/3/1
f 932/4/1 933/5/1 934/6/1
f 935/7/2 936/8/2 937/9/2
f 938/10/2 939/11/2 940/12/2
f 934/6/327 933/5/634 941/13/3
f 941/13/3 942/14/708 934/6/327
f 942/14/328 941/13/767 943/15/768
f 943/15/768 944/16/331 942/14/328
f 944/16/769 943/15/527 945/17/770
f 945/17/770 935/7/771 944/16/769
f 946/18/9 932/4/678 947/19/334
f 947/19/334 948/20/9 946/18/9
f 948/20/772 947/19/773 949/21/774
f 949/21/774 950/22/775 948/20/772
f 950/22/776 949/21/776 937/9/339
f 937/9/339 936/8/264 950/22/776
f 931/3/777 930/2/683 951/23/16
f 951/23/16 952/24/778 931/3/777
f 952/24/342 951/23/779 953/25/684
f 953/25/684 954/26/780 952/24/342
f 954/26/781 953/25/782 955/27/783
f 955/27/783 938/10/784 954/26/781
f 956/28/24 929/1/723 957/29/724
f 957/29/724 958/30/24 956/28/24
f 958/30/350 957/29/165 959/31/785
f 959/31/785 960/32/666 958/30/350
f 960/32/786 959/31/786 940/12/269
f 940/12/269 939/11/787 960/32/786
f 929/1/1 956/28/1 930/2/1
f 932/4/1 946/18/1 933/5/1
f 935/7/2 945/17/2 936/8/2
f 938/10/2 955/27/2 939/11/2
f 934/6/1 929/1/1 932/4/1
f 931/3/1 932/4/1 929/1/1
f 940/12/2 935/7/2 938/10/2
f 937/9/2 938/33/2 935/7/2
f 933/5/167 946/18/552 941/13/167
f 948/20/553 941/13/167 946/18/552
f 929/1/32 934/6/32 957/29/32
f 942/14/32 957/29/32 934/6/32
f 941/13/767 948/20/772 943/15/768
f 950/22/775 943/15/768 948/20/772
f 957/29/165 942/14/328 959/31/785
f 944/16/331 959/31/785 942/14/328
f 936/8/788 945/17/789 950/22/790
f 943/15/274 950/22/790 945/17/789
f 935/7/37 940/12/791 944/16/792
f 959/31/363 944/16/792 940/12/791
f 932/4/41 931/34/701 947/19/41
f 952/35/364 947/19/41 931/34/701
f 947/19/773 952/35/342 949/21/774
f 954/36/780 949/21/774 952/35/342
f 938/33/702 937/9/793 954/36/736
f 949/21/737 954/36/736 937/9/793
f 930/2/565 956/28/173 951/23/564
f 958/30/173 951/23/564 956/28/173
f 951/23/779 958/30/350 953/25/684
f 960/32/666 953/25/684 958/30/350
f 939/11/764 955/27/242 960/32/794
f 953/25/795 960/32/794 955/27/242
f 961/1/1 962/2/1 963/3/1
f 964/4/1 965/5/1 966/6/1
f 967/7/2 968/8/2 969/9/2
f 970/10/2 971/11/2 972/12/2
f 966/6/259 965/5/259 973/13/259
f 973/13/259 974/14/259 966/6/259
f 974/14/599 973/13/5 975/15/6
f 975/15/6 976/16/796 974/14/599
f 976/16/260 975/15/260 977/17/797
f 977/17/797 967/7/798 976/16/260
f 978/18/9 964/4/9 979/19/9
f 979/19/9 980/20/9 978/18/9
f 980/20/799 979/19/800 981/21/12
f 981/21/12 982/22/228 980/20/799
f 982/22/577 981/21/577 969/9/14
f 969/9/14 968/8/163 982/22/577
f 963/3/801 962/2/801 983/23/801
f 983/23/801 984/24/801 963/3/801
f 984/24/342 983/23/229 985/25/344
f 985/25/344 986/26/20 984/24/342
f 986/26/802 985/25/802 987/27/803
f 987/27/803 970/10/804 986/26/802
f 988/28/24 961/1/24 989/29/24
f 989/29/24 990/30/24 988/28/24
f 990/30/25 989/29/26 991/31/234
f 991/31/234 992/32/666 990/30/25
f 992/32/269 991/31/269 972/12/805
f 972/12/805 971/11/270 992/32/269
f 961/1/1 988/28/1 962/2/1
f 964/4/1 978/18/1 965/5/1
f 967/7/2 977/17/2 968/8/2
f 970/10/2 987/27/2 971/11/2
f 966/6/1 961/1/1 964/4/1
f 963/3/1 964/4/1 961/1/1
f 972/12/2 967/7/2 970/10/2
f 969/9/2 970/33/2 967/7/2
f 965/5/167 978/18/167 973/13/167
f 980/20/167 973/13/167 978/18/167
f 961/1/32 966/6/32 989/29/32
f 974/14/32 989/29/32 966/6/32
f 973/13/5 980/20/799 975/15/6
f 982/22/228 975/15/6 980/20/799
f 989/29/26 974/14/599 991/31/234
f 976/16/796 991/31/234 974/14/599
f 968/8/271 977/17/272 982/22/273
f 975/15/556 982/22/273 977/17/272
f 967/7/667 972/12/806 976/16/169
f 991/31/40 976/16/169 972/12/806
f 964/4/41 963/34/41 979/19/41
f 984/35/41 979/19/41 963/34/41
f 979/19/800 984/35/342 981/21/12
f 986/36/20 981/21/12 984/35/342
f 970/33/279 969/9/761 986/36/45
f 981/21/46 986/36/45 969/9/761
f 962/2/173 988/28/173 983/23/173
f 990/30/173 983/23/173 988/28/173
f 983/23/229 990/30/25 985/25/344
f 992/32/666 985/25/344 990/30/25
f 971/11/706 987/27/807 992/32/282
f 985/25/283 992/32/282 987/27/807
f 993/1/1 994/2/1 995/3/1
f 996/4/1 997/5/1 998/6/1
f 999/7/2 1000/8/2 1001/9/2
f 1002/10/2 1003/11/2 1004/12/2
f 998/6/174 997/5/174 1005/13/174
f 1005/13/174 1006/14/174 998/6/174
f 1006/14/175 1005/13/808 1007/15/809
f 1007/15/809 1008/16/200 1006/14/175
f 1008/16/104 1007/15/104 1009/17/103
f 1009/17/103 999/7/810 1008/16/104
f 1010/18/105 996/4/105 1011/19/105
f 1011/19/105 1012/20/105 1010/18/105
f 1012/20/811 1011/19/178 1013/21/812
f 1013/21/812 1014/22/813 1012/20/811
f 1014/22/419 1013/21/814 1001/9/815
f 1001/9/815 1000/8/816 1014/22/419
f 995/3/182 994/2/182 1015/23/182
f 1015/23/182 1016/24/182 995/3/182
f 1016/24/817 1015/23/818 1017/25/819
f 1017/25/819 1018/26/820 1016/24/817
f 1018/26/118 1017/25/118 1019/27/184
f 1019/27/184 1002/10/821 1018/26/118
f 1020/28/119 993/1/119 1021/29/119
f 1021/29/119 1022/30/119 1020/28/119
f 1022/30/210 1021/29/121 1023/31/251
f 1023/31/251 1024/32/211 1022/30/210
f 1024/32/822 1023/31/188 1004/12/823
f 1004/12/823 1003/11/824 1024/32/822
f 993/1/1 1020/28/1 994/2/1
f 996/4/1 1010/18/1 997/5/1
f 999/7/2 1009/17/2 1000/8/2
f 1002/10/2 1019/27/2 1003/11/2
f 998/6/1 993/1/1 996/4/1
f 995/3/1 996/4/1 993/1/1
f 1004/12/2 999/7/2 1002/10/2
f 1001/9/2 1002/33/2 999/7/2
f 997/5/126 1010/18/126 1005/13/126
f 1012/20/126 1005/13/126 1010/18/126
f 993/1/214 998/6/214 1021/29/214
f 1006/14/214 1021/29/214 998/6/214
f 1005/13/808 1012/20/811 1007/15/809
f 1014/22/813 1007/15/809 1012/20/811
f 1021/29/121 1006/14/175 1023/31/251
f 1008/16/200 1023/31/251 1006/14/175
f 1000/8/128 1009/17/129 1014/22/130
f 1007/15/825 1014/22/130 1009/17/129
f 999/7/323 1004/12/133 1008/16/826
f 1023/31/518 1008/16/826 1004/12/133
f 996/4/219 995/34/219 1011/19/219
f 1016/35/219 1011/19/219 995/34/219
f 1011/19/178 1016/35/817 1013/21/812
f 1018/36/820 1013/21/812 1016/35/817
f 1002/33/827 1001/9/828 1018/36/139
f 1013/21/140 1018/36/139 1001/9/828
f 994/2/141 1020/28/141 1015/23/141
f 1022/30/141 1015/23/141 1020/28/141
f 1015/23/818 1022/30/210 1017/25/819
f 1024/32/211 1017/25/819 1022/30/210
f 1003/11/142 1019/27/143 1024/32/144
f 1017/25/145 1024/32/144 1019/27/143
f 1025/1/1 1026/2/1 1027/3/1
f 1028/4/1 1029/5/1 1030/6/1
f 1031/7/2 1032/8/2 1033/9/2
f 1034/10/2 1035/11/2 1036/12/2
f 1030/6/174 1029/5/174 1037/13/174
f 1037/13/174 1038/14/174 1030/6/174
f 1038/14/450 1037/13/100 1039/15/829
f 1039/15/829 1040/16/830 1038/14/450
f 1040/16/103 1039/15/103 1041/17/103
f 1041/17/103 1031/7/103 1040/16/103
f 1042/18/105 1028/4/105 1043/19/105
f 1043/19/105 1044/20/105 1042/18/105
f 1044/20/106 1043/19/107 1045/21/108
f 1045/21/108 1046/22/482 1044/20/106
f 1046/22/110 1045/21/110 1033/9/831
f 1033/9/831 1032/8/832 1046/22/110
f 1027/3/182 1026/2/182 1047/23/182
f 1047/23/182 1048/24/182 1027/3/182
f 1048/24/316 1047/23/114 1049/25/317
f 1049/25/317 1050/26/318 1048/24/316
f 1050/26/821 1049/25/821 1051/27/821
f 1051/27/821 1034/10/184 1050/26/821
f 1052/28/119 1025/1/119 1053/29/119
f 1053/29/119 1054/30/119 1052/28/119
f 1054/30/120 1053/29/319 1055/31/122
f 1055/31/122 1056/32/320 1054/30/120
f 1056/32/296 1055/31/833 1036/12/834
f 1036/12/834 1035/11/835 1056/32/296
f 1025/1/1 1052/28/1 1026/2/1
f 1028/4/1 1042/18/1 1029/5/1
f 1031/7/2 1041/17/2 1032/8/2
f 1034/10/2 1051/27/2 1035/11/2
f 1030/6/1 1025/1/1 1028/4/1
f 1027/3/1 1028/4/1 1025/1/1
f 1036/12/2 1031/7/2 1034/10/2
f 1033/9/2 1034/33/2 1031/7/2
f 1029/5/126 1042/18/126 1037/13/126
f 1044/20/126 1037/13/126 1042/18/126
f 1025/1/214 1030/6/214 1053/29/214
f 1038/14/214 1053/29/214 1030/6/214
f 1037/13/100 1044/20/106 1039/15/829
f 1046/22/482 1039/15/829 1044/20/106
f 1053/29/319 1038/14/450 1055/31/122
f 1040/16/830 1055/31/122 1038/14/450
f 1032/8/128 1041/17/129 1046/22/130
f 1039/15/836 1046/22/130 1041/17/129
f 1031/7/323 1036/12/133 1040/16/324
f 1055/31/304 1040/16/324 1036/12/133
f 1028/4/219 1027/34/219 1043/19/219
f 1048/35/219 1043/19/219 1027/34/219
f 1043/19/107 1048/35/316 1045/21/108
f 1050/36/318 1045/21/108 1048/35/316
f 1034/33/305 1033/9/138 1050/36/325
f 1045/21/326 1050/36/325 1033/9/138
f 1026/2/141 1052/28/141 1047/23/141
f 1054/30/141 1047/23/141 1052/28/141
f 1047/23/114 1054/30/120 1049/25/317
f 1056/32/320 1049/25/317 1054/30/120
f 1035/11/142 1051/27/143 1056/32/144
f 1049/25/308 1056/32/144 1051/27/143
f 1057/1/1 1058/2/1 1059/3/1
f 1060/4/1 1061/5/1 1062/6/1
f 1063/7/2 1064/8/2 1065/9/2
f 1066/10/2 1067/11/2 1068/12/2
f 1062/6/259 1061/5/259 1069/13/259
f 1069/13/259 1070/14/259 1062/6/259
f 1070/14/4 1069/13/837 1071/15/838
f 1071/15/838 1072/16/331 1070/14/4
f 1072/16/159 1071/15/159 1073/17/798
f 1073/17/798 1063/7/839 1072/16/159
f 1074/18/9 1060/4/9 1075/19/9
f 1075/19/9 1076/20/9 1074/18/9
f 1076/20/840 1075/19/533 1077/21/744
f 1077/21/744 1078/22/841 1076/20/840
f 1078/22/842 1077/21/843 1065/9/14
f 1065/9/14 1064/8/163 1078/22/842
f 1059/3/801 1058/2/801 1079/23/801
f 1079/23/801 1080/24/801 1059/3/801
f 1080/24/17 1079/23/229 1081/25/230
f 1081/25/230 1082/26/20 1080/24/17
f 1082/26/22 1081/25/22 1083/27/804
f 1083/27/804 1066/10/844 1082/26/22
f 1084/28/24 1057/1/24 1085/29/24
f 1085/29/24 1086/30/24 1084/28/24
f 1086/30/845 1085/29/26 1087/31/785
f 1087/31/785 1088/32/846 1086/30/845
f 1088/32/551 1087/31/847 1068/12/29
f 1068/12/29 1067/11/29 1088/32/551
f 1057/1/1 1084/28/1 1058/2/1
f 1060/4/1 1074/18/1 1061/5/1
f 1063/7/2 1073/17/2 1064/8/2
f 1066/10/2 1083/27/2 1067/11/2
f 1062/6/1 1057/1/1 1060/4/1
f 1059/3/1 1060/4/1 1057/1/1
f 1068/12/2 1063/7/2 1066/10/2
f 1065/9/2 1066/33/2 1063/7/2
f 1061/5/167 1074/18/167 1069/13/167
f 1076/20/167 1069/13/167 1074/18/167
f 1057/1/32 1062/6/32 1085/29/32
f 1070/14/32 1085/29/32 1062/6/32
f 1069/13/837 1076/20/840 1071/15/838
f 1078/22/841 1071/15/838 1076/20/840
f 1085/29/26 1070/14/4 1087/31/785
f 1072/16/331 1087/31/785 1070/14/4
f 1064/8/848 1073/17/849 1078/22/273
f 1071/15/556 1078/22/273 1073/17/849
f 1063/7/667 1068/12/698 1072/16/39
f 1087/31/40 1072/16/39 1068/12/698
f 1060/4/41 1059/34/41 1075/19/41
f 1080/35/41 1075/19/41 1059/34/41
f 1075/19/533 1080/35/17 1077/21/744
f 1082/36/20 1077/21/744 1080/35/17
f 1066/33/702 1065/9/703 1082/36/172
f 1077/21/46 1082/36/172 1065/9/703
f 1058/2/173 1084/28/173 1079/23/173
f 1086/30/173 1079/23/173 1084/28/173
f 1079/23/229 1086/30/845 1081/25/230
f 1088/32/846 1081/25/230 1086/30/845
f 1067/11/850 1083/27/765 1088/32/282
f 1081/25/632 1088/32/282 1083/27/765
f 1089/1/1 1090/2/1 1091/3/1
f 1092/4/1 1093/5/1 1094/6/1
f 1095/7/2 1096/8/2 1097/9/2
f 1098/10/2 1099/11/2 1100/12/2
f 1094/6/259 1093/5/259 1101/13/259
f 1101/13/259 1102/14/259 1094/6/259
f 1102/14/4 1101/13/851 1103/15/852
f 1103/15/852 1104/16/7 1102/14/4
f 1104/16/853 1103/15/853 1105/17/854
f 1105/17/854 1095/7/855 1104/16/853
f 1106/18/9 1092/4/9 1107/19/9
f 1107/19/9 1108/20/9 1106/18/9
f 1108/20/10 1107/19/11 1109/21/262
f 1109/21/262 1110/22/841 1108/20/10
f 1110/22/842 1109/21/843 1097/9/14
f 1097/9/14 1096/8/14 1110/22/842
f 1091/3/266 1090/2/801 1111/23/801
f 1111/23/801 1112/24/266 1091/3/266
f 1112/24/17 1111/23/856 1113/25/684
f 1113/25/684 1114/26/685 1112/24/17
f 1114/26/22 1113/25/22 1115/27/804
f 1115/27/804 1098/10/804 1114/26/22
f 1116/28/24 1089/1/24 1117/29/24
f 1117/29/24 1118/30/24 1116/28/24
f 1118/30/845 1117/29/857 1119/31/549
f 1119/31/549 1120/32/846 1118/30/845
f 1120/32/551 1119/31/847 1100/12/29
f 1100/12/29 1099/11/805 1120/32/551
f 1089/1/1 1116/28/1 1090/2/1
f 1092/4/1 1106/18/1 1093/5/1
f 1095/7/2 1105/17/2 1096/8/2
f 1098/10/2 1115/27/2 1099/11/2
f 1094/6/1 1089/1/1 1092/4/1
f 1091/3/1 1092/4/1 1089/1/1
f 1100/12/2 1095/7/2 1098/10/2
f 1097/9/2 1098/33/2 1095/7/2
f 1093/5/167 1106/18/167 1101/13/167
f 1108/20/167 1101/13/167 1106/18/167
f 1089/1/32 1094/6/32 1117/29/32
f 1102/14/32 1117/29/32 1094/6/32
f 1101/13/851 1108/20/10 1103/15/852
f 1110/22/841 1103/15/852 1108/20/10
f 1117/29/857 1102/14/4 1119/31/549
f 1104/16/7 1119/31/549 1102/14/4
f 1096/8/848 1105/17/849 1110/22/858
f 1103/15/556 1110/22/858 1105/17/849
f 1095/7/667 1100/12/698 1104/16/39
f 1119/31/40 1104/16/39 1100/12/698
f 1092/4/41 1091/34/41 1107/19/41
f 1112/35/41 1107/19/41 1091/34/41
f 1107/19/11 1112/35/17 1109/21/262
f 1114/36/685 1109/21/262 1112/35/17
f 1098/33/279 1097/9/761 1114/36/45
f 1109/21/46 1114/36/45 1097/9/761
f 1090/2/173 1116/28/173 1111/23/173
f 1118/30/173 1111/23/173 1116/28/173
f 1111/23/856 1118/30/845 1113/25/684
f 1120/32/846 1113/25/684 1118/30/845
f 1099/11/764 1115/27/242 1120/32/282
f 1113/25/283 1120/32/282 1115/27/242
f 1121/1/1 1122/2/1 1123/3/1
f 1124/4/1 1125/5/1 1126/6/1
f 1127/7/2 1128/8/2 1129/9/2
f 1130/10/2 1131/11/2 1132/12/2
f 1126/6/673 1125/5/634 1133/13/3
f 1133/13/3 1134/14/672 1126/6/673
f 1134/14/4 1133/13/859 1135/15/838
f 1135/15/838 1136/16/525 1134/14/4
f 1136/16/860 1135/15/860 1137/17/861
f 1137/17/861 1127/7/862 1136/16/860
f 1138/18/334 1124/4/678 1139/19/678
f 1139/19/678 1140/20/334 1138/18/334
f 1140/20/10 1139/19/863 1141/21/262
f 1141/21/262 1142/22/864 1140/20/10
f 1142/22/746 1141/21/865 1129/9/866
f 1129/9/866 1128/8/867 1142/22/746
f 1123/3/16 1122/2/778 1143/23/777
f 1143/23/777 1144/24/683 1123/3/16
f 1144/24/868 1143/23/749 1145/25/684
f 1145/25/684 1146/26/869 1144/24/868
f 1146/26/870 1145/25/751 1147/27/871
f 1147/27/871 1130/10/872 1146/26/870
f 1148/28/164 1121/1/873 1149/29/874
f 1149/29/874 1150/30/545 1148/28/164
f 1150/30/875 1149/29/26 1151/31/234
f 1151/31/234 1152/32/846 1150/30/875
f 1152/32/786 1151/31/758 1132/12/354
f 1132/12/354 1131/11/354 1152/32/786
f 1121/1/1 1148/28/1 1122/2/1
f 1124/4/1 1138/18/1 1125/5/1
f 1127/7/2 1137/17/2 1128/8/2
f 1130/10/2 1147/27/2 1131/11/2
f 1126/6/1 1121/1/1 1124/4/1
f 1123/3/1 1124/4/1 1121/1/1
f 1132/12/2 1127/7/2 1130/10/2
f 1129/9/2 1130/33/2 1127/7/2
f 1125/5/167 1138/18/167 1133/13/167
f 1140/20/167 1133/13/167 1138/18/167
f 1121/1/355 1126/6/355 1149/29/355
f 1134/14/355 1149/29/355 1126/6/355
f 1133/13/859 1140/20/10 1135/15/838
f 1142/22/864 1135/15/838 1140/20/10
f 1149/29/26 1134/14/4 1151/31/234
f 1136/16/525 1151/31/234 1134/14/4
f 1128/8/848 1137/17/876 1142/22/877
f 1135/15/878 1142/22/877 1137/17/876
f 1127/7/879 1132/12/880 1136/16/881
f 1151/31/882 1136/16/881 1132/12/880
f 1124/4/364 1123/34/883 1139/19/701
f 1144/35/883 1139/19/701 1123/34/883
f 1139/19/863 1144/35/868 1141/21/262
f 1146/36/869 1141/21/262 1144/35/868
f 1130/33/884 1129/9/885 1146/36/886
f 1141/21/887 1146/36/886 1129/9/885
f 1122/2/888 1148/28/173 1143/23/565
f 1150/30/173 1143/23/565 1148/28/173
f 1143/23/749 1150/30/875 1145/25/684
f 1152/32/846 1145/25/684 1150/30/875
f 1131/11/889 1147/27/242 1152/32/282
f 1145/25/283 1152/32/282 1147/27/242
f 1153/1/1 1154/2/1 1155/3/1
f 1156/4/1 1157/5/1 1158/6/1
f 1159/7/2 1160/8/2 1161/9/2
f 1162/10/2 1163/11/2 1164/12/2
f 1158/6/3 1157/5/672 1165/13/673
f 1165/13/673 1166/14/634 1158/6/3
f 1166/14/890 1165/13/158 1167/15/710
f 1167/15/710 1168/16/891 1166/14/890
f 1168/16/892 1167/15/893 1169/17/894
f 1169/17/894 1159/7/895 1168/16/892
f 1170/18/531 1156/4/678 1171/19/334
f 1171/19/334 1172/20/530 1170/18/531
f 1172/20/896 1171/19/897 1173/21/898
f 1173/21/898 1174/22/899 1172/20/896
f 1174/22/900 1173/21/901 1161/9/340
f 1161/9/340 1160/8/340 1174/22/900
f 1155/3/683 1154/2/683 1175/23/683
f 1175/23/683 1176/24/683 1155/3/683
f 1176/24/902 1175/23/903 1177/25/904
f 1177/25/904 1178/26/540 1176/24/902
f 1178/26/751 1177/25/752 1179/27/688
f 1179/27/688 1162/10/689 1178/26/751
f 1180/28/546 1153/1/723 1181/29/724
f 1181/29/724 1182/30/545 1180/28/546
f 1182/30/25 1181/29/905 1183/31/166
f 1183/31/166 1184/32/666 1182/30/25
f 1184/32/758 1183/31/758 1164/12/353
f 1164/12/353 1163/11/691 1184/32/758
f 1153/1/1 1180/28/1 1154/2/1
f 1156/4/1 1170/18/1 1157/5/1
f 1159/7/2 1169/17/2 1160/8/2
f 1162/10/2 1179/27/2 1163/11/2
f 1158/6/1 1153/1/1 1156/4/1
f 1155/3/1 1156/4/1 1153/1/1
f 1164/12/2 1159/7/2 1162/10/2
f 1161/9/2 1162/33/2 1159/7/2
f 1157/5/906 1170/18/167 1165/13/553
f 1172/20/167 1165/13/553 1170/18/167
f 1153/1/355 1158/6/355 1181/29/355
f 1166/14/355 1181/29/355 1158/6/355
f 1165/13/158 1172/20/896 1167/15/710
f 1174/22/899 1167/15/710 1172/20/896
f 1181/29/905 1166/14/890 1183/31/166
f 1168/16/891 1183/31/166 1166/14/890
f 1160/8/907 1169/17/908 1174/22/35
f 1167/15/556 1174/22/35 1169/17/908
f 1159/7/909 1164/12/880 1168/16/910
f 1183/31/760 1168/16/910 1164/12/880
f 1156/4/364 1155/34/883 1171/19/701
f 1176/35/883 1171/19/701 1155/34/883
f 1171/19/897 1176/35/902 1173/21/898
f 1178/36/540 1173/21/898 1176/35/902
f 1162/33/911 1161/9/912 1178/36/913
f 1173/21/763 1178/36/913 1161/9/912
f 1154/2/173 1180/28/565 1175/23/173
f 1182/30/565 1175/23/173 1180/28/565
f 1175/23/903 1182/30/25 1177/25/904
f 1184/32/666 1177/25/904 1182/30/25
f 1163/11/241 1179/27/914 1184/32/915
f 1177/25/916 1184/32/915 1179/27/914
f 1185/1/1 1186/2/1 1187/3/1
f 1188/4/1 1189/5/1 1190/6/1
f 1191/7/2 1192/8/2 1193/9/2
f 1194/10/2 1195/11/2 1196/12/2
f 1190/6/917 1189/5/918 1197/13/919
f 1197/13/919 1198/14/920 1190/6/917
f 1198/14/921 1197/13/922 1199/15/923
f 1199/15/923 1200/16/924 1198/14/921
f 1200/16/925 1199/15/925 1201/17/926
f 1201/17/926 1191/7/927 1200/16/925
f 1202/18/928 1188/4/928 1203/19/928
f 1203/19/928 1204/20/928 1202/18/928
f 1204/20/929 1203/19/930 1205/21/931
f 1205/21/931 1206/22/932 1204/20/929
f 1206/22/933 1205/21/933 1193/9/934
f 1193/9/934 1192/8/935 1206/22/933
f 1187/3/936 1186/2/937 1207/23/938
f 1207/23/938 1208/24/939 1187/3/936
f 1208/24/940 1207/23/941 1209/25/942
f 1209/25/942 1210/26/943 1208/24/940
f 1210/26/944 1209/25/944 1211/27/945
f 1211/27/945 1194/10/946 1210/26/944
f 1212/28/947 1185/1/947 1213/29/947
f 1213/29/947 1214/30/947 1212/28/947
f 1214/30/948 1213/29/949 1215/31/950
f 1215/31/950 1216/32/951 1214/30/948
f 1216/32/952 1215/31/952 1196/12/953
f 1196/12/953 1195/11/954 1216/32/952
f 1185/1/1 1212/28/1 1186/2/1
f 1188/4/1 1202/18/1 1189/5/1
f 1191/7/2 1201/17/2 1192/8/2
f 1194/10/2 1211/27/2 1195/11/2
f 1190/6/1 1185/1/1 1188/4/1
f 1187/3/1 1188/4/1 1185/1/1
f 1196/12/2 1191/7/2 1194/10/2
f 1193/9/2 1194/33/2 1191/7/2
f 1189/5/955 1202/18/956 1197/13/955
f 1204/20/956 1197/13/955 1202/18/956
f 1185/1/957 1190/6/958 1213/29/957
f 1198/14/959 1213/29/957 1190/6/958
f 1197/13/922 1204/20/929 1199/15/923
f 1206/22/932 1199/15/923 1204/20/929
f 1213/29/949 1198/14/921 1215/31/950
f 1200/16/924 1215/31/950 1198/14/921
f 1192/8/960 1201/17/961 1206/22/962
f 1199/15/963 1206/22/962 1201/17/961
f 1191/7/964 1196/12/965 1200/16/966
f 1215/31/967 1200/16/966 1196/12/965
f 1188/4/968 1187/34/969 1203/19/968
f 1208/35/970 1203/19/968 1187/34/969
f 1203/19/930 1208/35/940 1205/21/931
f 1210/36/943 1205/21/931 1208/35/940
f 1194/33/971 1193/9/972 1210/36/973
f 1205/21/974 1210/36/973 1193/9/972
f 1186/2/975 1212/28/976 1207/23/975
f 1214/30/976 1207/23/975 1212/28/976
f 1207/23/941 1214/30/948 1209/25/942
f 1216/32/951 1209/25/942 1214/30/948
f 1195/11/977 1211/27/978 1216/32/979
f 1209/25/980 1216/32/979 1211/27/978
f 1217/1/1 1218/2/1 1219/3/1
f 1220/4/1 1221/5/1 1222/6/1
f 1223/7/2 1224/8/2 1225/9/2
f 1226/10/2 1227/11/2 1228/12/2
f 1222/6/174 1221/5/373 1229/13/372
f 1229/13/372 1230/14/98 1222/6/174
f 1230/14/284 1229/13/451 1231/15/829
f 1231/15/829 1232/16/981 1230/14/284
f 1232/16/202 1231/15/202 1233/17/982
f 1233/17/982 1223/7/983 1232/16/202
f 1234/18/413 1220/4/414 1235/19/415
f 1235/19/415 1236/20/416 1234/18/413
f 1236/20/984 1235/19/378 1237/21/108
f 1237/21/108 1238/22/379 1236/20/984
f 1238/22/985 1237/21/483 1225/9/986
f 1225/9/986 1224/8/986 1238/22/985
f 1219/3/111 1218/2/111 1239/23/111
f 1239/23/111 1240/24/111 1219/3/111
f 1240/24/987 1239/23/114 1241/25/317
f 1241/25/317 1242/26/988 1240/24/987
f 1242/26/209 1241/25/209 1243/27/510
f 1243/27/510 1226/10/510 1242/26/209
f 1244/28/185 1217/1/185 1245/29/185
f 1245/29/185 1246/30/185 1244/28/185
f 1246/30/989 1245/29/389 1247/31/990
f 1247/31/990 1248/32/991 1246/30/989
f 1248/32/992 1247/31/992 1228/12/490
f 1228/12/490 1227/11/491 1248/32/992
f 1217/1/1 1244/28/1 1218/2/1
f 1220/4/1 1234/18/1 1221/5/1
f 1223/7/2 1233/17/2 1224/8/2
f 1226/10/2 1243/27/2 1227/11/2
f 1222/6/1 1217/1/1 1220/4/1
f 1219/3/1 1220/4/1 1217/1/1
f 1228/12/2 1223/7/2 1226/10/2
f 1225/9/2 1226/33/2 1223/7/2
f 1221/5/393 1234/18/392 1229/13/393
f 1236/20/392 1229/13/393 1234/18/392
f 1217/1/214 1222/6/127 1245/29/214
f 1230/14/127 1245/29/214 1222/6/127
f 1229/13/451 1236/20/984 1231/15/829
f 1238/22/379 1231/15/829 1236/20/984
f 1245/29/389 1230/14/284 1247/31/990
f 1232/16/981 1247/31/990 1230/14/284
f 1224/8/425 1233/17/443 1238/22/427
f 1231/15/428 1238/22/427 1233/17/443
f 1223/7/323 1228/12/133 1232/16/324
f 1247/31/304 1232/16/324 1228/12/133
f 1220/4/219 1219/34/219 1235/19/219
f 1240/35/219 1235/19/219 1219/34/219
f 1235/19/378 1240/35/987 1237/21/108
f 1242/36/988 1237/21/108 1240/35/987
f 1226/33/137 1225/9/496 1242/36/993
f 1237/21/994 1242/36/993 1225/9/496
f 1218/2/403 1244/28/402 1239/23/403
f 1246/30/402 1239/23/403 1244/28/402
f 1239/23/114 1246/30/989 1241/25/317
f 1248/32/991 1241/25/317 1246/30/989
f 1227/11/432 1243/27/433 1248/32/447
f 1241/25/499 1248/32/447 1243/27/433
f 1249/1/1 1250/2/1 1251/3/1
f 1252/4/1 1253/5/1 1254/6/1
f 1255/7/2 1256/8/371 1257/9/2
f 1258/10/2 1259/11/408 1260/12/2
f 1254/6/995 1253/5/996 1261/13/996
f 1261/13/996 1262/14/995 1254/6/995
f 1262/14/997 1261/13/998 1263/15/999
f 1263/15/999 1264/16/1000 1262/14/997
f 1264/16/1001 1263/15/1002 1265/17/1003
f 1265/17/1003 1255/7/1003 1264/16/1001
f 1266/18/1004 1252/4/1005 1267/19/1006
f 1267/19/1006 1268/20/1007 1266/18/1004
f 1268/20/1008 1267/19/1009 1269/21/1010
f 1269/21/1010 1270/22/1011 1268/20/1008
f 1270/22/1012 1269/21/1013 1257/9/1014
f 1257/9/1014 1256/8/1015 1270/22/1012
f 1251/3/1016 1250/2/1017 1271/23/1017
f 1271/23/1017 1272/24/1016 1251/3/1016
f 1272/24/1018 1271/23/1019 1273/25/1020
f 1273/25/1020 1274/26/1021 1272/24/1018
f 1274/26/1022 1273/25/1023 1275/27/1024
f 1275/27/1024 1258/10/1025 1274/26/1022
f 1276/28/1026 1249/1/1027 1277/29/1028
f 1277/29/1028 1278/30/1029 1276/28/1026
f 1278/30/1030 1277/29/1031 1279/31/1032
f 1279/31/1032 1280/32/1033 1278/30/1030
f 1280/32/1034 1279/31/1035 1260/12/1036
f 1260/12/1036 1259/11/1037 1280/32/1034
f 1249/1/1 1276/28/1 1250/2/1
f 1252/4/1 1266/18/1 1253/5/1
f 1255/7/2 1265/17/2 1256/8/371
f 1258/10/2 1275/27/2 1259/11/408
f 1254/6/1 1249/1/1 1252/4/1
f 1251/3/1 1252/4/1 1249/1/1
f 1260/12/2 1255/7/2 1258/10/2
f 1257/9/2 1258/33/2 1255/7/2
f 1253/5/1038 1266/18/1039 1261/13/1038
f 1268/20/1040 1261/13/1038 1266/18/1039
f 1249/1/1041 1254/6/1042 1277/29/1041
f 1262/14/1042 1277/29/1041 1254/6/1042
f 1261/13/998 1268/20/1008 1263/15/999
f 1270/22/1011 1263/15/999 1268/20/1008
f 1277/29/1031 1262/14/997 1279/31/1032
f 1264/16/1000 1279/31/1032 1262/14/997
f 1256/8/1043 1265/17/1044 1270/22/1045
f 1263/15/1046 1270/22/1045 1265/17/1044
f 1255/7/1047 1260/12/1048 1264/16/1049
f 1279/31/1050 1264/16/1049 1260/12/1048
f 1252/4/1051 1251/34/1052 1267/19/1051
f 1272/35/1052 1267/19/1051 1251/34/1052
f 1267/19/1009 1272/35/1018 1269/21/1010
f 1274/36/1021 1269/21/1010 1272/35/1018
f 1258/33/1053 1257/9/1054 1274/36/1055
f 1269/21/1056 1274/36/1055 1257/9/1054
f 1250/2/1057 1276/28/1058 1271/23/1057
f 1278/30/1058 1271/23/1057 1276/28/1058
f 1271/23/1019 1278/30/1030 1273/25/1020
f 1280/32/1033 1273/25/1020 1278/30/1030
f 1259/11/1059 1275/27/1060 1280/32/1061
f 1273/25/1062 1280/32/1061 1275/27/1060
f 1281/1/1 1282/2/1 1283/3/1
f 1284/4/1 1285/5/1 1286/6/1
f 1287/7/2 1288/8/2 1289/9/2
f 1290/10/2 1291/11/2 1292/12/2
f 1286/6/98 1285/5/98 1293/13/98
f 1293/13/98 1294/14/98 1286/6/98
f 1294/14/99 1293/13/451 1295/15/101
f 1295/15/101 1296/16/436 1294/14/99
f 1296/16/244 1295/15/244 1297/17/412
f 1297/17/412 1287/7/412 1296/16/244
f 1298/18/177 1284/4/177 1299/19/177
f 1299/19/177 1300/20/177 1298/18/177
f 1300/20/1063 1299/19/178 1301/21/418
f 1301/21/418 1302/22/1064 1300/20/1063
f 1302/22/1065 1301/21/1066 1289/9/1067
f 1289/9/1067 1288/8/507 1302/22/1065
f 1283/3/111 1282/2/111 1303/23/111
f 1303/23/111 1304/24/111 1283/3/111
f 1304/24/113 1303/23/114 1305/25/819
f 1305/25/819 1306/26/1068 1304/24/113
f 1306/26/1069 1305/25/1069 1307/27/1070
f 1307/27/1070 1290/10/1071 1306/26/1069
f 1308/28/185 1281/1/185 1309/29/185
f 1309/29/185 1310/30/185 1308/28/185
f 1310/30/210 1309/29/121 1311/31/512
f 1311/31/512 1312/32/252 1310/30/210
f 1312/32/1072 1311/31/1072 1292/12/1073
f 1292/12/1073 1291/11/516 1312/32/1072
f 1281/1/1 1308/28/1 1282/2/1
f 1284/4/1 1298/18/1 1285/5/1
f 1287/7/2 1297/17/2 1288/8/2
f 1290/10/2 1307/27/2 1291/11/2
f 1286/6/1 1281/1/1 1284/4/1
f 1283/3/1 1284/4/1 1281/1/1
f 1292/12/2 1287/7/2 1290/10/2
f 1289/9/2 1290/33/2 1287/7/2
f 1285/5/393 1298/18/392 1293/13/393
f 1300/20/392 1293/13/393 1298/18/392
f 1281/1/127 1286/6/214 1309/29/127
f 1294/14/214 1309/29/127 1286/6/214
f 1293/13/451 1300/20/1063 1295/15/101
f 1302/22/1064 1295/15/101 1300/20/1063
f 1309/29/121 1294/14/99 1311/31/512
f 1296/16/436 1311/31/512 1294/14/99
f 1288/8/425 1297/17/443 1302/22/427
f 1295/15/475 1302/22/427 1297/17/443
f 1287/7/323 1292/12/133 1296/16/1074
f 1311/31/135 1296/16/1074 1292/12/133
f 1284/4/136 1283/34/219 1299/19/136
f 1304/35/219 1299/19/136 1283/34/219
f 1299/19/178 1304/35/113 1301/21/418
f 1306/36/1068 1301/21/418 1304/35/113
f 1290/33/137 1289/9/496 1306/36/139
f 1301/21/140 1306/36/139 1289/9/496
f 1282/2/403 1308/28/402 1303/23/403
f 1310/30/402 1303/23/403 1308/28/402
f 1303/23/114 1310/30/210 1305/25/819
f 1312/32/252 1305/25/819 1310/30/210
f 1291/11/432 1307/27/433 1312/32/447
f 1305/25/499 1312/32/447 1307/27/433
f 1313/1/1 1314/2/1 1315/3/1
f 1316/4/1 1317/5/1 1318/6/1
f 1319/7/2 1320/8/2 1321/9/2
f 1322/10/2 1323/11/371 1324/12/2
f 1318/6/1075 1317/5/1076 1325/13/1076
f 1325/13/1076 1326/14/1075 1318/6/1075
f 1326/14/1077 1325/13/1078 1327/15/1079
f 1327/15/1079 1328/16/1080 1326/14/1077
f 1328/16/1081 1327/15/1081 1329/17/1082
f 1329/17/1082 1319/7/1082 1328/16/1081
f 1330/18/1083 1316/4/1084 1331/19/1085
f 1331/19/1085 1332/20/1086 1330/18/1083
f 1332/20/1087 1331/19/1088 1333/21/1089
f 1333/21/1089 1334/22/1090 1332/20/1087
f 1334/22/1091 1333/21/1091 1321/9/1092
f 1321/9/1092 1320/8/1092 1334/22/1091
f 1315/3/1093 1314/2/1094 1335/23/1094
f 1335/23/1094 1336/24/1093 1315/3/1093
f 1336/24/1095 1335/23/1096 1337/25/1097
f 1337/25/1097 1338/26/1098 1336/24/1095
f 1338/26/1099 1337/25/1099 1339/27/1100
f 1339/27/1100 1322/10/1100 1338/26/1099
f 1340/28/1101 1313/1/1101 1341/29/1101
f 1341/29/1101 1342/30/1101 1340/28/1101
f 1342/30/1102 1341/29/1103 1343/31/1104
f 1343/31/1104 1344/32/1105 1342/30/1102
f 1344/32/1106 1343/31/1107 1324/12/1108
f 1324/12/1108 1323/11/1109 1344/32/1106
f 1313/1/1 1340/28/1 1314/2/1
f 1316/4/1 1330/18/1 1317/5/1
f 1319/7/2 1329/17/2 1320/8/2
f 1322/10/2 1339/27/2 1323/11/371
f 1318/6/1 1313/1/1 1316/4/1
f 1315/3/1 1316/4/1 1313/1/1
f 1324/12/2 1319/7/2 1322/10/2
f 1321/9/2 1322/33/2 1319/7/2
f 1317/5/1110 1330/18/1110 1325/13/1110
f 1332/20/1110 1325/13/1110 1330/18/1110
f 1313/1/1111 1318/6/1111 1341/29/1111
f 1326/14/1111 1341/29/1111 1318/6/1111
f 1325/13/1078 1332/20/1087 1327/15/1079
f 1334/22/1090 1327/15/1079 1332/20/1087
f 1341/29/1103 1326/14/1077 1343/31/1104
f 1328/16/1080 1343/31/1104 1326/14/1077
f 1320/8/1112 1329/17/1113 1334/22/1114
f 1327/15/1115 1334/22/1114 1329/17/1113
f 1319/7/1116 1324/12/1117 1328/16/1118
f 1343/31/1119 1328/16/1118 1324/12/1117
f 1316/4/1120 1315/34/1121 1331/19/1120
f 1336/35/1121 1331/19/1120 1315/34/1121
f 1331/19/1088 1336/35/1095 1333/21/1089
f 1338/36/1098 1333/21/1089 1336/35/1095
f 1322/33/1122 1321/9/1123 1338/36/1124
f 1333/21/1125 1338/36/1124 1321/9/1123
f 1314/2/1126 1340/28/1127 1335/23/1126
f 1342/30/1127 1335/23/1126 1340/28/1127
f 1335/23/1096 1342/30/1102 1337/25/1097
f 1344/32/1105 1337/25/1097 1342/30/1102
f 1323/11/1128 1339/27/1129 1344/32/1130
f 1337/25/1131 1344/32/1130 1339/27/1129
f 1345/1/1 1346/2/1 1347/3/1
f 1348/4/1 1349/5/1 1350/6/1
f 1351/7/2 1352/8/2 1353/9/2
f 1354/10/2 1355/11/2 1356/12/2
f 1350/6/98 1349/5/98 1357/13/98
f 1357/13/98 1358/14/98 1350/6/98
f 1358/14/1132 1357/13/1133 1359/15/1134
f 1359/15/1134 1360/16/411 1358/14/1132
f 1360/16/1135 1359/15/439 1361/17/1136
f 1361/17/1136 1351/7/481 1360/16/1135
f 1362/18/177 1348/4/177 1363/19/177
f 1363/19/177 1364/20/177 1362/18/177
f 1364/20/106 1363/19/378 1365/21/179
f 1365/21/179 1366/22/482 1364/20/106
f 1366/22/985 1365/21/483 1353/9/986
f 1353/9/986 1352/8/986 1366/22/985
f 1347/3/182 1346/2/1137 1367/23/1138
f 1367/23/1138 1368/24/111 1347/3/182
f 1368/24/1139 1367/23/114 1369/25/317
f 1369/25/317 1370/26/1140 1368/24/1139
f 1370/26/209 1369/25/209 1371/27/487
f 1371/27/487 1354/10/487 1370/26/209
f 1372/28/387 1345/1/388 1373/29/385
f 1373/29/385 1374/30/386 1372/28/387
f 1374/30/120 1373/29/465 1375/31/187
f 1375/31/187 1376/32/320 1374/30/120
f 1376/32/992 1375/31/1141 1356/12/490
f 1356/12/490 1355/11/491 1376/32/992
f 1345/1/1 1372/28/1 1346/2/1
f 1348/4/1 1362/18/1 1349/5/1
f 1351/7/2 1361/17/2 1352/8/2
f 1354/10/2 1371/27/2 1355/11/2
f 1350/6/1 1345/1/1 1348/4/1
f 1347/3/1 1348/4/1 1345/1/1
f 1356/12/2 1351/7/2 1354/10/2
f 1353/9/2 1354/33/2 1351/7/2
f 1349/5/393 1362/18/392 1357/13/393
f 1364/20/392 1357/13/393 1362/18/392
f 1345/1/214 1350/6/214 1373/29/214
f 1358/14/214 1373/29/214 1350/6/214
f 1357/13/1133 1364/20/106 1359/15/1134
f 1366/22/482 1359/15/1134 1364/20/106
f 1373/29/465 1358/14/1132 1375/31/187
f 1360/16/411 1375/31/187 1358/14/1132
f 1352/8/1142 1361/17/1143 1366/22/1144
f 1359/15/1145 1366/22/1144 1361/17/1143
f 1351/7/132 1356/12/302 1360/16/324
f 1375/31/304 1360/16/324 1356/12/302
f 1348/4/219 1347/34/136 1363/19/219
f 1368/35/136 1363/19/219 1347/34/136
f 1363/19/378 1368/35/1139 1365/21/179
f 1370/36/1140 1365/21/179 1368/35/1139
f 1354/33/137 1353/9/496 1370/36/993
f 1365/21/994 1370/36/993 1353/9/496
f 1346/2/403 1372/28/402 1367/23/403
f 1374/30/402 1367/23/403 1372/28/402
f 1367/23/114 1374/30/120 1369/25/317
f 1376/32/320 1369/25/317 1374/30/120
f 1355/11/445 1371/27/446 1376/32/447
f 1369/25/499 1376/32/447 1371/27/446
f 1377/1/1 1378/2/1 1379/3/1
f 1380/4/1 1381/5/1 1382/6/1
f 1383/7/2 1384/8/2 1385/9/2
f 1386/10/2 1387/11/2 1388/12/2
f 1382/6/1146 1381/5/1146 1389/13/1146
f 1389/13/1146 1390/14/1146 1382/6/1146
f 1390/14/1147 1389/13/1148 1391/15/1149
f 1391/15/1149 1392/16/1150 1390/14/1147
f 1392/16/1151 1391/15/1151 1393/17/1152
f 1393/17/1152 1383/7/1153 1392/16/1151
f 1394/18/1154 1380/4/1155 1395/19/1156
f 1395/19/1156 1396/20/1157 1394/18/1154
f 1396/20/1158 1395/19/1159 1397/21/1160
f 1397/21/1160 1398/22/1161 1396/20/1158
f 1398/22/1162 1397/21/1162 1385/9/1163
f 1385/9/1163 1384/8/1163 1398/22/1162
f 1379/3/1164 1378/2/1164 1399/23/1164
f 1399/23/1164 1400/24/1164 1379/3/1164
f 1400/24/1165 1399/23/1166 1401/25/1167
f 1401/25/1167 1402/26/1168 1400/24/1165
f 1402/26/1169 1401/25/1169 1403/27/1170
f 1403/27/1170 1386/10/1170 1402/26/1169
f 1404/28/1171 1377/1/1172 1405/29/1173
f 1405/29/1173 1406/30/1174 1404/28/1171
f 1406/30/1175 1405/29/1176 1407/31/1177
f 1407/31/1177 1408/32/1178 1406/30/1175
f 1408/32/1179 1407/31/1180 1388/12/1181
f 1388/12/1181 1387/11/1182 1408/32/1179
f 1377/1/1 1404/28/1 1378/2/1
f 1380/4/1 1394/18/1 1381/5/1
f 1383/7/2 1393/17/408 1384/8/2
f 1386/10/2 1403/27/371 1387/11/2
f 1382/6/1 1377/1/1 1380/4/1
f 1379/3/1 1380/4/1 1377/1/1
f 1388/12/2 1383/7/2 1386/10/2
f 1385/9/2 1386/33/2 1383/7/2
f 1381/5/1183 1394/18/1184 1389/13/1183
f 1396/20/1184 1389/13/1183 1394/18/1184
f 1377/1/1185 1382/6/1186 1405/29/1185
f 1390/14/1186 1405/29/1185 1382/6/1186
f 1389/13/1148 1396/20/1158 1391/15/1149
f 1398/22/1161 1391/15/1149 1396/20/1158
f 1405/29/1176 1390/14/1147 1407/31/1177
f 1392/16/1150 1407/31/1177 1390/14/1147
f 1384/8/1187 1393/17/1188 1398/22/1189
f 1391/15/1190 1398/22/1189 1393/17/1188
f 1383/7/1191 1388/12/1192 1392/16/1193
f 1407/31/1194 1392/16/1193 1388/12/1192
f 1380/4/1195 1379/34/1196 1395/19/1195
f 1400/35/1196 1395/19/1195 1379/34/1196
f 1395/19/1159 1400/35/1165 1397/21/1160
f 1402/36/1168 1397/21/1160 1400/35/1165
f 1386/33/1197 1385/9/1198 1402/36/1199
f 1397/21/1200 1402/36/1199 1385/9/1198
f 1378/2/1201 1404/28/1202 1399/23/1201
f 1406/30/1202 1399/23/1201 1404/28/1202
f 1399/23/1166 1406/30/1175 1401/25/1167
f 1408/32/1178 1401/25/1167 1406/30/1175
f 1387/11/1203 1403/27/1204 1408/32/1205
f 1401/25/1206 1408/32/1205 1403/27/1204
f 1409/1/1 1410/2/1 1411/3/1
f 1412/4/1 1413/5/1 1414/6/1
f 1415/7/2 1416/8/2 1417/9/2
f 1418/10/2 1419/11/2 1420/12/2
f 1414/6/1207 1413/5/1208 1421/13/1209
f 1421/13/1209 1422/14/1210 1414/6/1207
f 1422/14/1211 1421/13/1212 1423/15/1213
f 1423/15/1213 1424/16/1214 1422/14/1211
f 1424/16/1215 1423/15/1215 1425/17/1216
f 1425/17/1216 1415/7/1217 1424/16/1215
f 1426/18/1218 1412/4/1218 1427/19/1218
f 1427/19/1218 1428/20/1218 1426/18/1218
f 1428/20/1219 1427/19/1220 1429/21/1221
f 1429/21/1221 1430/22/1222 1428/20/1219
f 1430/22/1223 1429/21/1223 1417/9/1224
f 1417/9/1224 1416/8/1224 1430/22/1223
f 1411/3/1225 1410/2/1226 1431/23/1227
f 1431/23/1227 1432/24/1228 1411/3/1225
f 1432/24/1229 1431/23/1230 1433/25/1231
f 1433/25/1231 1434/26/1232 1432/24/1229
f 1434/26/1233 1433/25/1233 1435/27/1234
f 1435/27/1234 1418/10/1235 1434/26/1233
f 1436/28/1236 1409/1/1236 1437/29/1236
f 1437/29/1236 1438/30/1236 1436/28/1236
f 1438/30/1237 1437/29/1238 1439/31/1239
f 1439/31/1239 1440/32/1240 1438/30/1237
f 1440/32/1241 1439/31/1241 1420/12/1242
f 1420/12/1242 1419/11/1242 1440/32/1241
f 1409/1/1 1436/28/1 1410/2/1
f 1412/4/1 1426/18/1 1413/5/1
f 1415/7/2 1425/17/371 1416/8/2
f 1418/10/2 1435/27/408 1419/11/2
f 1414/6/1 1409/1/1 1412/4/1
f 1411/3/1 1412/4/1 1409/1/1
f 1420/12/2 1415/7/2 1418/10/2
f 1417/9/2 1418/33/2 1415/7/2
f 1413/5/1243 1426/18/1244 1421/13/1243
f 1428/20/1244 1421/13/1243 1426/18/1244
f 1409/1/1245 1414/6/1246 1437/29/1245
f 1422/14/1247 1437/29/1245 1414/6/1246
f 1421/13/1212 1428/20/1219 1423/15/1213
f 1430/22/1222 1423/15/1213 1428/20/1219
f 1437/29/1238 1422/14/1211 1439/31/1239
f 1424/16/1214 1439/31/1239 1422/14/1211
f 1416/8/1248 1425/17/1249 1430/22/1250
f 1423/15/1251 1430/22/1250 1425/17/1249
f 1415/7/1252 1420/12/1253 1424/16/1254
f 1439/31/1255 1424/16/1254 1420/12/1253
f 1412/4/1256 1411/34/1257 1427/19/1256
f 1432/35/1258 1427/19/1256 1411/34/1257
f 1427/19/1220 1432/35/1229 1429/21/1221
f 1434/36/1232 1429/21/1221 1432/35/1229
f 1418/33/1259 1417/9/1260 1434/36/1261
f 1429/21/1262 1434/36/1261 1417/9/1260
f 1410/2/1263 1436/28/1264 1431/23/1263
f 1438/30/1264 1431/23/1263 1436/28/1264
f 1431/23/1230 1438/30/1237 1433/25/1231
f 1440/32/1240 1433/25/1231 1438/30/1237
f 1419/11/1265 1435/27/1266 1440/32/1267
f 1433/25/1268 1440/32/1267 1435/27/1266
f 1441/1/1 1442/2/1 1443/3/1
f 1444/4/1 1445/5/1 1446/6/1
f 1447/7/2 1448/8/2 1449/9/2
f 1450/10/2 1451/11/2 1452/12/2
f 1446/6/98 1445/5/98 1453/13/98
f 1453/13/98 1454/14/98 1446/6/98
f 1454/14/284 1453/13/1269 1455/15/1134
f 1455/15/1134 1456/16/1270 1454/14/284
f 1456/16/244 1455/15/244 1457/17/412
f 1457/17/412 1447/7/412 1456/16/244
f 1458/18/177 1444/4/177 1459/19/177
f 1459/19/177 1460/20/177 1458/18/177
f 1460/20/984 1459/19/378 1461/21/108
f 1461/21/108 1462/22/1271 1460/20/984
f 1462/22/458 1461/21/458 1449/9/1272
f 1449/9/1272 1448/8/1273 1462/22/458
f 1443/3/182 1442/2/1137 1463/23/1138
f 1463/23/1138 1464/24/111 1443/3/182
f 1464/24/440 1463/23/1274 1465/25/1275
f 1465/25/1275 1466/26/486 1464/24/440
f 1466/26/1276 1465/25/1276 1467/27/1277
f 1467/27/1277 1450/10/1278 1466/26/1276
f 1468/28/387 1441/1/388 1469/29/385
f 1469/29/385 1470/30/386 1468/28/387
f 1470/30/120 1469/29/1279 1471/31/187
f 1471/31/187 1472/32/295 1470/30/120
f 1472/32/992 1471/31/992 1452/12/470
f 1452/12/470 1451/11/471 1472/32/992
f 1441/1/1 1468/28/1 1442/2/1
f 1444/4/1 1458/18/1 1445/5/1
f 1447/7/2 1457/17/2 1448/8/2
f 1450/10/2 1467/27/2 1451/11/2
f 1446/6/1 1441/1/1 1444/4/1
f 1443/3/1 1444/4/1 1441/1/1
f 1452/12/2 1447/7/2 1450/10/2
f 1449/9/2 1450/33/2 1447/7/2
f 1445/5/393 1458/18/392 1453/13/393
f 1460/20/392 1453/13/393 1458/18/392
f 1441/1/214 1446/6/214 1469/29/214
f 1454/14/214 1469/29/214 1446/6/214
f 1453/13/1269 1460/20/984 1455/15/1134
f 1462/22/1271 1455/15/1134 1460/20/984
f 1469/29/1279 1454/14/284 1471/31/187
f 1456/16/1270 1471/31/187 1454/14/284
f 1448/8/425 1457/17/443 1462/22/427
f 1455/15/475 1462/22/427 1457/17/443
f 1447/7/132 1452/12/302 1456/16/1280
f 1471/31/1281 1456/16/1280 1452/12/302
f 1444/4/219 1443/34/136 1459/19/219
f 1464/35/136 1459/19/219 1443/34/136
f 1459/19/378 1464/35/440 1461/21/108
f 1466/36/486 1461/21/108 1464/35/440
f 1450/33/137 1449/9/496 1466/36/306
f 1461/21/307 1466/36/306 1449/9/496
f 1442/2/403 1468/28/402 1463/23/403
f 1470/30/402 1463/23/403 1468/28/402
f 1463/23/1274 1470/30/120 1465/25/1275
f 1472/32/295 1465/25/1275 1470/30/120
f 1451/11/432 1467/27/433 1472/32/447
f 1465/25/499 1472/32/447 1467/27/433
f 1473/1/1 1474/2/1 1475/3/1
f 1476/4/1 1477/5/1 1478/6/1
f 1479/7/2 1480/8/2 1481/9/2
f 1482/10/2 1483/11/2 1484/12/2
f 1478/6/372 1477/5/98 1485/13/174
f 1485/13/174 1486/14/372 1478/6/372
f 1486/14/284 1485/13/1133 1487/15/1134
f 1487/15/1134 1488/16/452 1486/14/284
f 1488/16/244 1487/15/244 1489/17/480
f 1489/17/480 1479/7/481 1488/16/244
f 1490/18/413 1476/4/414 1491/19/415
f 1491/19/415 1492/20/416 1490/18/413
f 1492/20/106 1491/19/455 1493/21/418
f 1493/21/418 1494/22/482 1492/20/106
f 1494/22/985 1493/21/483 1481/9/986
f 1481/9/986 1480/8/986 1494/22/985
f 1475/3/111 1474/2/111 1495/23/111
f 1495/23/111 1496/24/111 1475/3/111
f 1496/24/987 1495/23/1282 1497/25/441
f 1497/25/441 1498/26/1140 1496/24/987
f 1498/26/209 1497/25/209 1499/27/487
f 1499/27/487 1482/10/487 1498/26/209
f 1500/28/387 1473/1/388 1501/29/385
f 1501/29/385 1502/30/386 1500/28/387
f 1502/30/120 1501/29/1279 1503/31/187
f 1503/31/187 1504/32/320 1502/30/120
f 1504/32/992 1503/31/992 1484/12/490
f 1484/12/490 1483/11/491 1504/32/992
f 1473/1/1 1500/28/1 1474/2/1
f 1476/4/1 1490/18/1 1477/5/1
f 1479/7/2 1489/17/2 1480/8/2
f 1482/10/2 1499/27/2 1483/11/2
f 1478/6/1 1473/1/1 1476/4/1
f 1475/3/1 1476/4/1 1473/1/1
f 1484/12/2 1479/7/2 1482/10/2
f 1481/9/2 1482/33/2 1479/7/2
f 1477/5/393 1490/18/392 1485/13/393
f 1492/20/392 1485/13/393 1490/18/392
f 1473/1/214 1478/6/127 1501/29/214
f 1486/14/127 1501/29/214 1478/6/127
f 1485/13/1133 1492/20/106 1487/15/1134
f 1494/22/482 1487/15/1134 1492/20/106
f 1501/29/1279 1486/14/284 1503/31/187
f 1488/16/452 1503/31/187 1486/14/284
f 1480/8/425 1489/17/443 1494/22/427
f 1487/15/475 1494/22/427 1489/17/443
f 1479/7/323 1484/12/133 1488/16/324
f 1503/31/304 1488/16/324 1484/12/133
f 1476/4/219 1475/34/219 1491/19/219
f 1496/35/219 1491/19/219 1475/34/219
f 1491/19/455 1496/35/987 1493/21/418
f 1498/36/1140 1493/21/418 1496/35/987
f 1482/33/137 1481/9/496 1498/36/993
f 1493/21/994 1498/36/993 1481/9/496
f 1474/2/403 1500/28/402 1495/23/403
f 1502/30/402 1495/23/403 1500/28/402
f 1495/23/1282 1502/30/120 1497/25/441
f 1504/32/320 1497/25/441 1502/30/120
f 1483/11/432 1499/27/433 1504/32/447
f 1497/25/499 1504/32/447 1499/27/433
f 1505/1/1 1506/2/1 1507/3/1
f 1508/4/1 1509/5/1 1510/6/1
f 1511/7/2 1512/8/2 1513/9/2
f 1514/10/2 1515/11/2 1516/12/2
f 1510/6/1283 1509/5/1284 1517/13/1283
f 1517/13/1283 1518/14/1283 1510/6/1283
f 1518/14/1285 1517/13/1286 1519/15/1287
f 1519/15/1287 1520/16/1288 1518/14/1285
f 1520/16/1289 1519/15/1289 1521/17/1290
f 1521/17/1290 1511/7/1290 1520/16/1289
f 1522/18/1291 1508/4/1292 1523/19/1293
f 1523/19/1293 1524/20/1294 1522/18/1291
f 1524/20/1295 1523/19/1296 1525/21/1297
f 1525/21/1297 1526/22/1298 1524/20/1295
f 1526/22/1299 1525/21/1300 1513/9/1301
f 1513/9/1301 1512/8/1302 1526/22/1299
f 1507/3/1303 1506/2/1303 1527/23/1303
f 1527/23/1303 1528/24/1303 1507/3/1303
f 1528/24/1304 1527/23/1305 1529/25/1306
f 1529/25/1306 1530/26/1307 1528/24/1304
f 1530/26/1308 1529/25/1309 1531/27/1310
f 1531/27/1310 1514/10/1310 1530/26/1308
f 1532/28/1311 1505/1/1311 1533/29/1311
f 1533/29/1311 1534/30/1311 1532/28/1311
f 1534/30/1312 1533/29/1313 1535/31/1314
f 1535/31/1314 1536/32/1315 1534/30/1312
f 1536/32/1316 1535/31/1317 1516/12/1318
f 1516/12/1318 1515/11/1319 1536/32/1316
f 1505/1/1 1532/28/1 1506/2/1
f 1508/4/1 1522/18/1 1509/5/1
f 1511/7/2 1521/17/2 1512/8/2
f 1514/10/2 1531/27/2 1515/11/2
f 1510/6/1 1505/1/1 1508/4/1
f 1507/3/1 1508/4/1 1505/1/1
f 1516/12/2 1511/7/2 1514/10/2
f 1513/9/2 1514/33/2 1511/7/2
f 1509/5/1320 1522/18/1320 1517/13/1320
f 1524/20/1320 1517/13/1320 1522/18/1320
f 1505/1/1321 1510/6/1322 1533/29/1321
f 1518/14/1322 1533/29/1321 1510/6/1322
f 1517/13/1286 1524/20/1295 1519/15/1287
f 1526/22/1298 1519/15/1287 1524/20/1295
f 1533/29/1313 1518/14/1285 1535/31/1314
f 1520/16/1288 1535/31/1314 1518/14/1285
f 1512/8/1323 1521/17/1324 1526/22/1325
f 1519/15/1326 1526/22/1325 1521/17/1324
f 1511/7/1327 1516/12/1328 1520/16/1329
f 1535/31/1330 1520/16/1329 1516/12/1328
f 1508/4/1331 1507/34/1331 1523/19/1331
f 1528/35/1331 1523/19/1331 1507/34/1331
f 1523/19/1296 1528/35/1304 1525/21/1297
f 1530/36/1307 1525/21/1297 1528/35/1304
f 1514/33/1332 1513/9/1333 1530/36/1334
f 1525/21/1335 1530/36/1334 1513/9/1333
f 1506/2/1336 1532/28/1337 1527/23/1336
f 1534/30/1338 1527/23/1336 1532/28/1337
f 1527/23/1305 1534/30/1312 1529/25/1306
f 1536/32/1315 1529/25/1306 1534/30/1312
f 1515/11/1339 1531/27/1340 1536/32/1341
f 1529/25/1342 1536/32/1341 1531/27/1340
f 1537/1/1 1538/2/1 1539/3/1
f 1540/4/1 1541/5/1 1542/6/1
f 1543/7/2 1544/8/2 1545/9/2
f 1546/10/2 1547/11/2 1548/12/2
f 1542/6/98 1541/5/98 1549/13/98
f 1549/13/98 1550/14/98 1542/6/98
f 1550/14/99 1549/13/451 1551/15/410
f 1551/15/410 1552/16/411 1550/14/99
f 1552/16/437 1551/15/437 1553/17/438
f 1553/17/438 1543/7/439 1552/16/437
f 1554/18/177 1540/4/177 1555/19/177
f 1555/19/177 1556/20/177 1554/18/177
f 1556/20/984 1555/19/107 1557/21/108
f 1557/21/108 1558/22/1343 1556/20/984
f 1558/22/110 1557/21/110 1545/9/1344
f 1545/9/1344 1544/8/1344 1558/22/110
f 1539/3/111 1538/2/111 1559/23/111
f 1559/23/111 1560/24/111 1539/3/111
f 1560/24/113 1559/23/114 1561/25/249
f 1561/25/249 1562/26/1345 1560/24/113
f 1562/26/420 1561/25/421 1563/27/383
f 1563/27/383 1546/10/384 1562/26/420
f 1564/28/185 1537/1/185 1565/29/185
f 1565/29/185 1566/30/185 1564/28/185
f 1566/30/210 1565/29/319 1567/31/122
f 1567/31/122 1568/32/424 1566/30/210
f 1568/32/124 1567/31/124 1548/12/124
f 1548/12/124 1547/11/124 1568/32/124
f 1537/1/1 1564/28/1 1538/2/1
f 1540/4/1 1554/18/1 1541/5/1
f 1543/7/2 1553/17/1346 1544/8/2
f 1546/10/2 1563/27/1347 1547/11/2
f 1542/6/1 1537/1/1 1540/4/1
f 1539/3/1 1540/4/1 1537/1/1
f 1548/12/2 1543/7/2 1546/10/2
f 1545/9/2 1546/33/2 1543/7/2
f 1541/5/393 1554/18/392 1549/13/393
f 1556/20/392 1549/13/393 1554/18/392
f 1537/1/127 1542/6/214 1565/29/127
f 1550/14/214 1565/29/127 1542/6/214
f 1549/13/451 1556/20/984 1551/15/410
f 1558/22/1343 1551/15/410 1556/20/984
f 1565/29/319 1550/14/99 1567/31/122
f 1552/16/411 1567/31/122 1550/14/99
f 1544/8/1142 1553/17/1143 1558/22/427
f 1551/15/428 1558/22/427 1553/17/1143
f 1543/7/444 1548/12/399 1552/16/134
f 1567/31/218 1552/16/134 1548/12/399
f 1540/4/136 1539/34/219 1555/19/136
f 1560/35/219 1555/19/136 1539/34/219
f 1555/19/107 1560/35/113 1557/21/108
f 1562/36/1345 1557/21/108 1560/35/113
f 1546/33/1348 1545/9/221 1562/36/139
f 1557/21/222 1562/36/139 1545/9/221
f 1538/2/403 1564/28/402 1559/23/403
f 1566/30/402 1559/23/403 1564/28/402
f 1559/23/114 1566/30/210 1561/25/249
f 1568/32/424 1561/25/249 1566/30/210
f 1547/11/445 1563/27/446 1568/32/447
f 1561/25/499 1568/32/447 1563/27/446
f 1569/1/1 1570/2/1 1571/3/1
f 1572/4/1 1573/5/1 1574/6/1
f 1575/7/2 1576/8/2 1577/9/2
f 1578/10/2 1579/11/2 1580/12/2
f 1574/6/98 1573/5/98 1581/13/98
f 1581/13/98 1582/14/98 1574/6/98
f 1582/14/309 1581/13/1269 1583/15/410
f 1583/15/410 1584/16/102 1582/14/309
f 1584/16/412 1583/15/412 1585/17/438
f 1585/17/438 1575/7/439 1584/16/412
f 1586/18/177 1572/4/177 1587/19/177
f 1587/19/177 1588/20/177 1586/18/177
f 1588/20/203 1587/19/417 1589/21/1349
f 1589/21/1349 1590/22/245 1588/20/203
f 1590/22/110 1589/21/110 1577/9/110
f 1577/9/110 1576/8/110 1590/22/110
f 1571/3/111 1570/2/111 1591/23/111
f 1591/23/111 1592/24/111 1571/3/111
f 1592/24/1350 1591/23/1351 1593/25/317
f 1593/25/317 1594/26/293 1592/24/1350
f 1594/26/420 1593/25/421 1595/27/1352
f 1595/27/1352 1578/10/1353 1594/26/420
f 1596/28/185 1569/1/185 1597/29/185
f 1597/29/185 1598/30/185 1596/28/185
f 1598/30/1354 1597/29/294 1599/31/187
f 1599/31/187 1600/32/1355 1598/30/1354
f 1600/32/124 1599/31/124 1580/12/1356
f 1580/12/1356 1579/11/1356 1600/32/124
f 1569/1/1 1596/28/1 1570/2/1
f 1572/4/1 1586/18/1 1573/5/1
f 1575/7/2 1585/17/1346 1576/8/2
f 1578/10/2 1595/27/1347 1579/11/2
f 1574/6/1 1569/1/1 1572/4/1
f 1571/3/1 1572/4/1 1569/1/1
f 1580/12/2 1575/7/2 1578/10/2
f 1577/9/2 1578/33/2 1575/7/2
f 1573/5/393 1586/18/392 1581/13/393
f 1588/20/392 1581/13/393 1586/18/392
f 1569/1/127 1574/6/214 1597/29/127
f 1582/14/214 1597/29/127 1574/6/214
f 1581/13/1269 1588/20/203 1583/15/410
f 1590/22/245 1583/15/410 1588/20/203
f 1597/29/294 1582/14/309 1599/31/187
f 1584/16/102 1599/31/187 1582/14/309
f 1576/8/1142 1585/17/1143 1590/22/1357
f 1583/15/428 1590/22/1357 1585/17/1143
f 1575/7/429 1580/12/217 1584/16/134
f 1599/31/1358 1584/16/134 1580/12/217
f 1572/4/136 1571/34/219 1587/19/136
f 1592/35/219 1587/19/136 1571/34/219
f 1587/19/417 1592/35/1350 1589/21/1349
f 1594/36/293 1589/21/1349 1592/35/1350
f 1578/33/430 1577/9/431 1594/36/401
f 1589/21/222 1594/36/401 1577/9/431
f 1570/2/403 1596/28/402 1591/23/403
f 1598/30/402 1591/23/403 1596/28/402
f 1591/23/1351 1598/30/1354 1593/25/317
f 1600/32/1355 1593/25/317 1598/30/1354
f 1579/11/445 1595/27/446 1600/32/447
f 1593/25/448 1600/32/447 1595/27/446
f 1601/1/1 1602/2/1 1603/3/1
f 1604/4/1 1605/5/1 1606/6/1
f 1607/7/2 1608/8/2 1609/9/2
f 1610/10/2 1611/11/2 1612/12/2
f 1606/6/98 1605/5/98 1613/13/98
f 1613/13/98 1614/14/98 1606/6/98
f 1614/14/409 1613/13/451 1615/15/101
f 1615/15/101 1616/16/1359 1614/14/409
f 1616/16/412 1615/15/412 1617/17/438
f 1617/17/438 1607/7/439 1616/16/412
f 1618/18/177 1604/4/177 1619/19/177
f 1619/19/177 1620/20/177 1618/18/177
f 1620/20/984 1619/19/378 1621/21/108
f 1621/21/108 1622/22/1360 1620/20/984
f 1622/22/110 1621/21/110 1609/9/110
f 1609/9/110 1608/8/110 1622/22/110
f 1603/3/111 1602/2/111 1623/23/111
f 1623/23/111 1624/24/111 1603/3/111
f 1624/24/1139 1623/23/461 1625/25/317
f 1625/25/317 1626/26/1361 1624/24/1139
f 1626/26/420 1625/25/421 1627/27/422
f 1627/27/422 1610/10/423 1626/26/420
f 1628/28/185 1601/1/185 1629/29/185
f 1629/29/185 1630/30/185 1628/28/185
f 1630/30/120 1629/29/294 1631/31/122
f 1631/31/122 1632/32/991 1630/30/120
f 1632/32/822 1631/31/188 1612/12/391
f 1612/12/391 1611/11/391 1632/32/822
f 1601/1/1 1628/28/1 1602/2/1
f 1604/4/1 1618/18/1 1605/5/1
f 1607/7/2 1617/17/1346 1608/8/2
f 1610/10/2 1627/27/1347 1611/11/2
f 1606/6/1 1601/1/1 1604/4/1
f 1603/3/1 1604/4/1 1601/1/1
f 1612/12/2 1607/7/2 1610/10/2
f 1609/9/2 1610/33/2 1607/7/2
f 1605/5/393 1618/18/392 1613/13/393
f 1620/20/392 1613/13/393 1618/18/392
f 1601/1/127 1606/6/214 1629/29/127
f 1614/14/214 1629/29/127 1606/6/214
f 1613/13/451 1620/20/984 1615/15/101
f 1622/22/1360 1615/15/101 1620/20/984
f 1629/29/294 1614/14/409 1631/31/122
f 1616/16/1359 1631/31/122 1614/14/409
f 1608/8/1142 1617/17/1143 1622/22/427
f 1615/15/475 1622/22/427 1617/17/1143
f 1607/7/1362 1612/12/1363 1616/16/134
f 1631/31/218 1616/16/134 1612/12/1363
f 1604/4/136 1603/34/219 1619/19/136
f 1624/35/219 1619/19/136 1603/34/219
f 1619/19/378 1624/35/1139 1621/21/108
f 1626/36/1361 1621/21/108 1624/35/1139
f 1610/33/1364 1609/9/1365 1626/36/401
f 1621/21/222 1626/36/401 1609/9/1365
f 1602/2/403 1628/28/402 1623/23/403
f 1630/30/402 1623/23/403 1628/28/402
f 1623/23/461 1630/30/120 1625/25/317
f 1632/32/991 1625/25/317 1630/30/120
f 1611/11/445 1627/27/446 1632/32/447
f 1625/25/499 1632/32/447 1627/27/446
f 1633/1/1 1634/2/1 1635/3/1
f 1636/4/1 1637/5/1 1638/6/1
f 1639/7/2 1640/8/2 1641/9/2
f 1642/10/2 1643/11/2 1644/12/2
f 1638/6/98 1637/5/98 1645/13/98
f 1645/13/98 1646/14/98 1638/6/98
f 1646/14/99 1645/13/1269 1647/15/101
f 1647/15/101 1648/16/1366 1646/14/99
f 1648/16/412 1647/15/412 1649/17/438
f 1649/17/438 1639/7/439 1648/16/412
f 1650/18/177 1636/4/177 1651/19/177
f 1651/19/177 1652/20/177 1650/18/177
f 1652/20/984 1651/19/1367 1653/21/179
f 1653/21/179 1654/22/1271 1652/20/984
f 1654/22/110 1653/21/110 1641/9/110
f 1641/9/110 1640/8/110 1654/22/110
f 1635/3/111 1634/2/111 1655/23/111
f 1655/23/111 1656/24/111 1635/3/111
f 1656/24/1350 1655/23/461 1657/25/115
f 1657/25/115 1658/26/1368 1656/24/1350
f 1658/26/1369 1657/25/1370 1659/27/422
f 1659/27/422 1642/10/423 1658/26/1369
f 1660/28/185 1633/1/185 1661/29/185
f 1661/29/185 1662/30/185 1660/28/185
f 1662/30/120 1661/29/319 1663/31/187
f 1663/31/187 1664/32/991 1662/30/120
f 1664/32/822 1663/31/188 1644/12/124
f 1644/12/124 1643/11/124 1664/32/822
f 1633/1/1 1660/28/1 1634/2/1
f 1636/4/1 1650/18/1 1637/5/1
f 1639/7/2 1649/17/1346 1640/8/2
f 1642/10/2 1659/27/1347 1643/11/2
f 1638/6/1 1633/1/1 1636/4/1
f 1635/3/1 1636/4/1 1633/1/1
f 1644/12/2 1639/7/2 1642/10/2
f 1641/9/2 1642/33/2 1639/7/2
f 1637/5/393 1650/18/392 1645/13/393
f 1652/20/392 1645/13/393 1650/18/392
f 1633/1/127 1638/6/214 1661/29/127
f 1646/14/214 1661/29/127 1638/6/214
f 1645/13/1269 1652/20/984 1647/15/101
f 1654/22/1271 1647/15/101 1652/20/984
f 1661/29/319 1646/14/99 1663/31/187
f 1648/16/1366 1663/31/187 1646/14/99
f 1640/8/425 1649/17/426 1654/22/427
f 1647/15/428 1654/22/427 1649/17/426
f 1639/7/1362 1644/12/1363 1648/16/134
f 1663/31/218 1648/16/134 1644/12/1363
f 1636/4/136 1635/34/219 1651/19/136
f 1656/35/219 1651/19/136 1635/34/219
f 1651/19/1367 1656/35/1350 1653/21/179
f 1658/36/1368 1653/21/179 1656/35/1350
f 1642/33/1364 1641/9/1365 1658/36/401
f 1653/21/222 1658/36/401 1641/9/1365
f 1634/2/403 1660/28/402 1655/23/403
f 1662/30/402 1655/23/403 1660/28/402
f 1655/23/461 1662/30/120 1657/25/115
f 1664/32/991 1657/25/115 1662/30/120
f 1643/11/445 1659/27/446 1664/32/447
f 1657/25/499 1664/32/447 1659/27/446
f 1665/1/1 1666/2/1 1667/3/1
f 1668/4/1 1669/5/1 1670/6/1
f 1671/7/2 1672/8/2 1673/9/2
f 1674/10/2 1675/11/2 1676/12/2
f 1670/6/1371 1669/5/1371 1677/13/1371
f 1677/13/1371 1678/14/1371 1670/6/1371
f 1678/14/53 1677/13/54 1679/15/55
f 1679/15/55 1680/16/56 1678/14/53
f 1680/16/1372 1679/15/1372 1681/17/1373
f 1681/17/1373 1671/7/1374 1680/16/1372
f 1682/18/1375 1668/4/1375 1683/19/1375
f 1683/19/1375 1684/20/1375 1682/18/1375
f 1684/20/60 1683/19/1376 1685/21/62
f 1685/21/62 1686/22/1377 1684/20/60
f 1686/22/64 1685/21/64 1673/9/1378
f 1673/9/1378 1672/8/1378 1686/22/64
f 1667/3/1379 1666/2/1379 1687/23/1379
f 1687/23/1379 1688/24/1379 1667/3/1379
f 1688/24/1380 1687/23/1381 1689/25/69
f 1689/25/69 1690/26/1382 1688/24/1380
f 1690/26/153 1689/25/153 1691/27/1383
f 1691/27/1383 1674/10/1384 1690/26/153
f 1692/28/1385 1665/1/1385 1693/29/1385
f 1693/29/1385 1694/30/1385 1692/28/1385
f 1694/30/73 1693/29/1386 1695/31/75
f 1695/31/75 1696/32/1387 1694/30/73
f 1696/32/77 1695/31/77 1676/12/1388
f 1676/12/1388 1675/11/1388 1696/32/77
f 1665/1/1 1692/28/1 1666/2/1
f 1668/4/1 1682/18/1 1669/5/1
f 1671/7/2 1681/17/2 1672/8/2
f 1674/10/2 1691/27/2 1675/11/2
f 1670/6/1 1665/1/1 1668/4/1
f 1667/3/1 1668/4/1 1665/1/1
f 1676/12/2 1671/7/2 1674/10/2
f 1673/9/2 1674/33/2 1671/7/2
f 1669/5/78 1682/18/78 1677/13/78
f 1684/20/78 1677/13/78 1682/18/78
f 1665/1/79 1670/6/79 1693/29/79
f 1678/14/79 1693/29/79 1670/6/79
f 1677/13/54 1684/20/60 1679/15/55
f 1686/22/1377 1679/15/55 1684/20/60
f 1693/29/1386 1678/14/53 1695/31/75
f 1680/16/56 1695/31/75 1678/14/53
f 1672/8/1389 1681/17/1390 1686/22/82
f 1679/15/1391 1686/22/82 1681/17/1390
f 1671/7/156 1676/12/85 1680/16/1392
f 1695/31/87 1680/16/1392 1676/12/85
f 1668/4/88 1667/34/88 1683/19/88
f 1688/35/88 1683/19/88 1667/34/88
f 1683/19/1376 1688/35/1380 1685/21/62
f 1690/36/1382 1685/21/62 1688/35/1380
f 1674/33/89 1673/9/1393 1690/36/1394
f 1685/21/92 1690/36/1394 1673/9/1393
f 1666/2/93 1692/28/93 1687/23/93
f 1694/30/93 1687/23/93 1692/28/93
f 1687/23/1381 1694/30/73 1689/25/69
f 1696/32/1387 1689/25/69 1694/30/73
f 1675/11/94 1691/27/95 1696/32/96
f 1689/25/97 1696/32/96 1691/27/95
f 1697/1/1 1698/2/1 1699/3/1
f 1700/4/1 1701/5/1 1702/6/1
f 1703/7/2 1704/8/2 1705/9/2
f 1706/10/2 1707/11/2 1708/12/2
f 1702/6/3 1701/5/3 1709/13/3
f 1709/13/3 1710/14/3 1702/6/3
f 1710/14/4 1709/13/837 1711/15/224
f 1711/15/224 1712/16/1395 1710/14/4
f 1712/16/159 1711/15/159 1713/17/1396
f 1713/17/1396 1703/7/1396 1712/16/159
f 1714/18/160 1700/4/160 1715/19/160
f 1715/19/160 1716/20/160 1714/18/160
f 1716/20/10 1715/19/533 1717/21/162
f 1717/21/162 1718/22/664 1716/20/10
f 1718/22/14 1717/21/14 1705/9/163
f 1705/9/163 1704/8/163 1718/22/14
f 1699/3/16 1698/2/16 1719/23/16
f 1719/23/16 1720/24/16 1699/3/16
f 1720/24/17 1719/23/18 1721/25/147
f 1721/25/147 1722/26/869 1720/24/17
f 1722/26/22 1721/25/22 1723/27/22
f 1723/27/22 1706/10/22 1722/26/22
f 1724/28/1397 1697/1/164 1725/29/1398
f 1725/29/1398 1726/30/1399 1724/28/1397
f 1726/30/233 1725/29/26 1727/31/234
f 1727/31/234 1728/32/268 1726/30/233
f 1728/32/29 1727/31/29 1708/12/805
f 1708/12/805 1707/11/805 1728/32/29
f 1697/1/1 1724/28/1 1698/2/1
f 1700/4/1 1714/18/1 1701/5/1
f 1703/7/2 1713/17/2 1704/8/2
f 1706/10/2 1723/27/2 1707/11/2
f 1702/6/1 1697/1/1 1700/4/1
f 1699/3/1 1700/4/1 1697/1/1
f 1708/12/2 1703/7/2 1706/10/2
f 1705/9/2 1706/33/2 1703/7/2
f 1701/5/167 1714/18/167 1709/13/167
f 1716/20/167 1709/13/167 1714/18/167
f 1697/1/32 1702/6/148 1725/29/32
f 1710/14/148 1725/29/32 1702/6/148
f 1709/13/837 1716/20/10 1711/15/224
f 1718/22/664 1711/15/224 1716/20/10
f 1725/29/26 1710/14/4 1727/31/234
f 1712/16/1395 1727/31/234 1710/14/4
f 1704/8/788 1713/17/789 1718/22/273
f 1711/15/556 1718/22/273 1713/17/789
f 1703/7/240 1708/12/38 1712/16/39
f 1727/31/40 1712/16/39 1708/12/38
f 1700/4/41 1699/34/41 1715/19/41
f 1720/35/41 1715/19/41 1699/34/41
f 1715/19/533 1720/35/17 1717/21/162
f 1722/36/869 1717/21/162 1720/35/17
f 1706/33/170 1705/9/171 1722/36/45
f 1717/21/46 1722/36/45 1705/9/171
f 1698/2/47 1724/28/47 1719/23/47
f 1726/30/47 1719/23/47 1724/28/47
f 1719/23/18 1726/30/233 1721/25/147
f 1728/32/268 1721/25/147 1726/30/233
f 1707/11/241 1723/27/281 1728/32/1400
f 1721/25/51 1728/32/1400 1723/27/281
f 1729/1/1 1730/2/1 1731/3/1
f 1732/4/1 1733/5/1 1734/6/1
f 1735/7/2 1736/8/2 1737/9/2
f 1738/10/2 1739/11/2 1740/12/2
f 1734/6/174 1733/5/174 1741/13/174
f 1741/13/174 1742/14/174 1734/6/174
f 1742/14/175 1741/13/100 1743/15/101
f 1743/15/101 1744/16/102 1742/14/175
f 1744/16/176 1743/15/176 1745/17/103
f 1745/17/103 1735/7/810 1744/16/176
f 1746/18/105 1732/4/105 1747/19/105
f 1747/19/105 1748/20/105 1746/18/105
f 1748/20/312 1747/19/417 1749/21/1349
f 1749/21/1349 1750/22/180 1748/20/312
f 1750/22/110 1749/21/1401 1737/9/206
f 1737/9/206 1736/8/206 1750/22/110
f 1731/3/111 1730/2/111 1751/23/111
f 1751/23/111 1752/24/111 1731/3/111
f 1752/24/248 1751/23/114 1753/25/115
f 1753/25/115 1754/26/381 1752/24/248
f 1754/26/118 1753/25/118 1755/27/118
f 1755/27/118 1738/10/118 1754/26/118
f 1756/28/119 1729/1/119 1757/29/119
f 1757/29/119 1758/30/119 1756/28/119
f 1758/30/120 1757/29/294 1759/31/187
f 1759/31/187 1760/32/991 1758/30/120
f 1760/32/124 1759/31/125 1740/12/212
f 1740/12/212 1739/11/212 1760/32/124
f 1729/1/1 1756/28/1 1730/2/1
f 1732/4/1 1746/18/1 1733/5/1
f 1735/7/2 1745/17/2 1736/8/2
f 1738/10/2 1755/27/2 1739/11/2
f 1734/6/1 1729/1/1 1732/4/1
f 1731/3/1 1732/4/1 1729/1/1
f 1740/12/2 1735/7/2 1738/10/2
f 1737/9/2 1738/33/2 1735/7/2
f 1733/5/126 1746/18/126 1741/13/126
f 1748/20/126 1741/13/126 1746/18/126
f 1729/1/127 1734/6/127 1757/29/127
f 1742/14/127 1757/29/127 1734/6/127
f 1741/13/100 1748/20/312 1743/15/101
f 1750/22/180 1743/15/101 1748/20/312
f 1757/29/294 1742/14/175 1759/31/187
f 1744/16/102 1759/31/187 1742/14/175
f 1736/8/299 1745/17/300 1750/22/189
f 1743/15/215 1750/22/189 1745/17/300
f 1735/7/1402 1740/12/1403 1744/16/324
f 1759/31/304 1744/16/324 1740/12/1403
f 1732/4/219 1731/34/219 1747/19/219
f 1752/35/219 1747/19/219 1731/34/219
f 1747/19/417 1752/35/248 1749/21/1349
f 1754/36/381 1749/21/1349 1752/35/248
f 1738/33/305 1737/9/1404 1754/36/1405
f 1749/21/222 1754/36/1405 1737/9/1404
f 1730/2/141 1756/28/141 1751/23/141
f 1758/30/141 1751/23/141 1756/28/141
f 1751/23/114 1758/30/120 1753/25/115
f 1760/32/991 1753/25/115 1758/30/120
f 1739/11/142 1755/27/143 1760/32/144
f 1753/25/145 1760/32/144 1755/27/143
f 1761/1/1 1762/2/1 1763/3/1
f 1764/4/1 1765/5/1 1766/6/1
f 1767/7/2 1768/8/2 1769/9/2
f 1770/10/2 1771/11/2 1772/12/2
f 1766/6/98 1765/5/98 1773/13/98
f 1773/13/98 1774/14/1406 1766/6/98
f 1774/14/309 1773/13/100 1775/15/101
f 1775/15/101 1776/16/102 1774/14/309
f 1776/16/103 1775/15/103 1777/17/103
f 1777/17/103 1767/7/103 1776/16/103
f 1778/18/177 1764/4/177 1779/19/177
f 1779/19/177 1780/20/177 1778/18/177
f 1780/20/312 1779/19/178 1781/21/179
f 1781/21/179 1782/22/180 1780/20/312
f 1782/22/1407 1781/21/1407 1769/9/110
f 1769/9/110 1768/8/110 1782/22/1407
f 1763/3/112 1762/2/111 1783/23/111
f 1783/23/111 1784/24/112 1763/3/112
f 1784/24/1408 1783/23/114 1785/25/115
f 1785/25/115 1786/26/116 1784/24/1408
f 1786/26/118 1785/25/118 1787/27/118
f 1787/27/118 1770/10/118 1786/26/118
f 1788/28/185 1761/1/185 1789/29/185
f 1789/29/185 1790/30/185 1788/28/185
f 1790/30/120 1789/29/186 1791/31/187
f 1791/31/187 1792/32/123 1790/30/120
f 1792/32/124 1791/31/124 1772/12/124
f 1772/12/124 1771/11/124 1792/32/124
f 1761/1/1 1788/28/1 1762/2/1
f 1764/4/1 1778/18/1 1765/5/1
f 1767/7/2 1777/17/2 1768/8/2
f 1770/10/2 1787/27/2 1771/11/2
f 1766/6/1 1761/1/1 1764/4/1
f 1763/3/1 1764/4/1 1761/1/1
f 1772/12/2 1767/7/2 1770/10/2
f 1769/9/2 1770/33/2 1767/7/2
f 1765/5/126 1778/18/126 1773/13/126
f 1780/20/126 1773/13/126 1778/18/126
f 1761/1/127 1766/6/127 1789/29/127
f 1774/14/127 1789/29/127 1766/6/127
f 1773/13/100 1780/20/312 1775/15/101
f 1782/22/180 1775/15/101 1780/20/312
f 1789/29/186 1774/14/309 1791/31/187
f 1776/16/102 1791/31/187 1774/14/309
f 1768/8/128 1777/17/129 1782/22/189
f 1775/15/215 1782/22/189 1777/17/129
f 1767/7/191 1772/12/192 1776/16/134
f 1791/31/135 1776/16/134 1772/12/192
f 1764/4/136 1763/34/136 1779/19/136
f 1784/35/136 1779/19/136 1763/34/136
f 1779/19/178 1784/35/1408 1781/21/179
f 1786/36/116 1781/21/179 1784/35/1408
f 1770/33/1409 1769/9/194 1786/36/139
f 1781/21/1410 1786/36/139 1769/9/194
f 1762/2/141 1788/28/141 1783/23/141
f 1790/30/141 1783/23/141 1788/28/141
f 1783/23/114 1790/30/120 1785/25/115
f 1792/32/123 1785/25/115 1790/30/120
f 1771/11/142 1787/27/143 1792/32/197
f 1785/25/198 1792/32/197 1787/27/143
f 1793/1/1 1794/2/1 1795/3/1
f 1796/4/1 1797/5/1 1798/6/1
f 1799/7/2 1800/8/2 1801/9/2
f 1802/10/2 1803/11/2 1804/12/2
f 1798/6/146 1797/5/3 1805/13/3
f 1805/13/3 1806/14/146 1798/6/146
f 1806/14/4 1805/13/158 1807/15/6
f 1807/15/6 1808/16/331 1806/14/4
f 1808/16/8 1807/15/8 1809/17/159
f 1809/17/159 1799/7/159 1808/16/8
f 1810/18/9 1796/4/9 1811/19/9
f 1811/19/9 1812/20/9 1810/18/9
f 1812/20/10 1811/19/11 1813/21/12
f 1813/21/12 1814/22/664 1812/20/10
f 1814/22/163 1813/21/163 1801/9/577
f 1801/9/577 1800/8/577 1814/22/163
f 1795/3/801 1794/2/801 1815/23/801
f 1815/23/801 1816/24/801 1795/3/801
f 1816/24/17 1815/23/18 1817/25/19
f 1817/25/19 1818/26/20 1816/24/17
f 1818/26/22 1817/25/22 1819/27/1411
f 1819/27/1411 1802/10/1411 1818/26/22
f 1820/28/24 1793/1/24 1821/29/24
f 1821/29/24 1822/30/24 1820/28/24
f 1822/30/350 1821/29/617 1823/31/166
f 1823/31/166 1824/32/28 1822/30/350
f 1824/32/29 1823/31/29 1804/12/270
f 1804/12/270 1803/11/270 1824/32/29
f 1793/1/1 1820/28/1 1794/2/1
f 1796/4/1 1810/18/1 1797/5/1
f 1799/7/2 1809/17/2 1800/8/2
f 1802/10/2 1819/27/2 1803/11/2
f 1798/6/1 1793/1/1 1796/4/1
f 1795/3/1 1796/4/1 1793/1/1
f 1804/12/2 1799/7/2 1802/10/2
f 1801/9/2 1802/33/2 1799/7/2
f 1797/5/31 1810/18/31 1805/13/31
f 1812/20/31 1805/13/31 1810/18/31
f 1793/1/32 1798/6/32 1821/29/32
f 1806/14/32 1821/29/32 1798/6/32
f 1805/13/158 1812/20/10 1807/15/6
f 1814/22/664 1807/15/6 1812/20/10
f 1821/29/617 1806/14/4 1823/31/166
f 1808/16/331 1823/31/166 1806/14/4
f 1800/8/33 1809/17/34 1814/22/273
f 1807/15/556 1814/22/273 1809/17/34
f 1799/7/240 1804/12/150 1808/16/169
f 1823/31/40 1808/16/169 1804/12/150
f 1796/4/41 1795/34/41 1811/19/41
f 1816/35/41 1811/19/41 1795/34/41
f 1811/19/11 1816/35/17 1813/21/12
f 1818/36/20 1813/21/12 1816/35/17
f 1802/33/43 1801/9/735 1818/36/45
f 1813/21/46 1818/36/45 1801/9/735
f 1794/2/173 1820/28/47 1815/23/173
f 1822/30/47 1815/23/173 1820/28/47
f 1815/23/18 1822/30/350 1817/25/19
f 1824/32/28 1817/25/19 1822/30/350
f 1803/11/889 1819/27/152 1824/32/50
f 1817/25/51 1824/32/50 1819/27/152
f 1825/1/1 1826/2/1 1827/3/1
f 1828/4/1 1829/5/1 1830/6/1
f 1831/7/2 1832/8/2 1833/9/2
f 1834/10/2 1835/11/2 1836/12/2
f 1830/6/52 1829/5/52 1837/13/52
f 1837/13/52 1838/14/52 1830/6/52
f 1838/14/53 1837/13/54 1839/15/55
f 1839/15/55 1840/16/56 1838/14/53
f 1840/16/58 1839/15/58 1841/17/1412
f 1841/17/1412 1831/7/1412 1840/16/58
f 1842/18/59 1828/4/59 1843/19/59
f 1843/19/59 1844/20/59 1842/18/59
f 1844/20/60 1843/19/61 1845/21/62
f 1845/21/62 1846/22/63 1844/20/60
f 1846/22/64 1845/21/64 1833/9/1413
f 1833/9/1413 1832/8/1413 1846/22/64
f 1827/3/66 1826/2/66 1847/23/66
f 1847/23/66 1848/24/66 1827/3/66
f 1848/24/67 1847/23/68 1849/25/69
f 1849/25/69 1850/26/70 1848/24/67
f 1850/26/71 1849/25/71 1851/27/71
f 1851/27/71 1834/10/71 1850/26/71
f 1852/28/72 1825/1/72 1853/29/72
f 1853/29/72 1854/30/1414 1852/28/72
f 1854/30/73 1853/29/74 1855/31/75
f 1855/31/75 1856/32/76 1854/30/73
f 1856/32/77 1855/31/77 1836/12/1415
f 1836/12/1415 1835/11/1415 1856/32/77
f 1825/1/1 1852/28/1 1826/2/1
f 1828/4/1 1842/18/1 1829/5/1
f 1831/7/2 1841/17/2 1832/8/2
f 1834/10/2 1851/27/2 1835/11/2
f 1830/6/1 1825/1/1 1828/4/1
f 1827/3/1 1828/4/1 1825/1/1
f 1836/12/2 1831/7/2 1834/10/2
f 1833/9/2 1834/33/2 1831/7/2
f 1829/5/78 1842/18/78 1837/13/78
f 1844/20/78 1837/13/78 1842/18/78
f 1825/1/79 1830/6/79 1853/29/79
f 1838/14/79 1853/29/79 1830/6/79
f 1837/13/54 1844/20/60 1839/15/55
f 1846/22/63 1839/15/55 1844/20/60
f 1853/29/74 1838/14/53 1855/31/75
f 1840/16/56 1855/31/75 1838/14/53
f 1832/8/155 1841/17/81 1846/22/82
f 1839/15/83 1846/22/82 1841/17/81
f 1831/7/1416 1836/12/1417 1840/16/1392
f 1855/31/87 1840/16/1392 1836/12/1417
f 1828/4/88 1827/34/88 1843/19/88
f 1848/35/88 1843/19/88 1827/34/88
f 1843/19/61 1848/35/67 1845/21/62
f 1850/36/70 1845/21/62 1848/35/67
f 1834/33/89 1833/9/90 1850/36/1394
f 1845/21/92 1850/36/1394 1833/9/90
f 1826/2/93 1852/28/93 1847/23/93
f 1854/30/93 1847/23/93 1852/28/93
f 1847/23/68 1854/30/73 1849/25/69
f 1856/32/76 1849/25/69 1854/30/73
f 1835/11/157 1851/27/95 1856/32/96
f 1849/25/1418 1856/32/96 1851/27/95
f 1857/1/1 1858/2/1 1859/3/1
f 1860/4/1 1861/5/1 1862/6/1
f 1863/7/2 1864/8/2 1865/9/2
f 1866/10/2 1867/11/2 1868/12/2
f 1862/6/1406 1861/5/98 1869/13/98
f 1869/13/98 1870/14/1406 1862/6/1406
f 1870/14/669 1869/13/100 1871/15/101
f 1871/15/101 1872/16/102 1870/14/669
f 1872/16/103 1871/15/103 1873/17/104
f 1873/17/104 1863/7/104 1872/16/103
f 1874/18/105 1860/4/105 1875/19/105
f 1875/19/105 1876/20/105 1874/18/105
f 1876/20/106 1875/19/107 1877/21/108
f 1877/21/108 1878/22/180 1876/20/106
f 1878/22/110 1877/21/110 1865/9/110
f 1865/9/110 1864/8/110 1878/22/110
f 1859/3/112 1858/2/111 1879/23/111
f 1879/23/111 1880/24/112 1859/3/112
f 1880/24/183 1879/23/114 1881/25/115
f 1881/25/115 1882/26/116 1880/24/183
f 1882/26/184 1881/25/184 1883/27/118
f 1883/27/118 1866/10/118 1882/26/184
f 1884/28/119 1857/1/119 1885/29/119
f 1885/29/119 1886/30/119 1884/28/119
f 1886/30/120 1885/29/319 1887/31/122
f 1887/31/122 1888/32/123 1886/30/120
f 1888/32/124 1887/31/124 1868/12/992
f 1868/12/992 1867/11/992 1888/32/124
f 1857/1/1 1884/28/1 1858/2/1
f 1860/4/1 1874/18/1 1861/5/1
f 1863/7/2 1873/17/2 1864/8/2
f 1866/10/2 1883/27/2 1867/11/2
f 1862/6/1 1857/1/1 1860/4/1
f 1859/3/1 1860/4/1 1857/1/1
f 1868/12/2 1863/7/2 1866/10/2
f 1865/9/2 1866/33/2 1863/7/2
f 1861/5/126 1874/18/126 1869/13/126
f 1876/20/126 1869/13/126 1874/18/126
f 1857/1/127 1862/6/127 1885/29/127
f 1870/14/127 1885/29/127 1862/6/127
f 1869/13/100 1876/20/106 1871/15/101
f 1878/22/180 1871/15/101 1876/20/106
f 1885/29/319 1870/14/669 1887/31/122
f 1872/16/102 1887/31/122 1870/14/669
f 1864/8/128 1873/17/129 1878/22/130
f 1871/15/131 1878/22/130 1873/17/129
f 1863/7/132 1868/12/133 1872/16/134
f 1887/31/135 1872/16/134 1868/12/133
f 1860/4/136 1859/34/136 1875/19/136
f 1880/35/136 1875/19/136 1859/34/136
f 1875/19/107 1880/35/183 1877/21/108
f 1882/36/116 1877/21/108 1880/35/183
f 1866/33/137 1865/9/138 1882/36/139
f 1877/21/140 1882/36/139 1865/9/138
f 1858/2/141 1884/28/141 1879/23/141
f 1886/30/141 1879/23/141 1884/28/141
f 1879/23/114 1886/30/120 1881/25/115
f 1888/32/123 1881/25/115 1886/30/120
f 1867/11/142 1883/27/143 1888/32/144
f 1881/25/145 1888/32/144 1883/27/143
