# Blender 4.4.3
# www.blender.org
mtllib FPOSTWDB.mtl
o FPOSTWDB
v 60.261875 1.201555 -9.587225
v 60.261871 1.201555 -8.852239
v 58.966904 1.201555 -8.852239
v 58.966904 1.201555 -9.587225
v -398.432007 19.215694 -240.138382
v -398.300171 19.215679 -240.018066
v -398.461304 19.215704 -239.962402
v -398.432007 25.115154 -240.138382
v -398.300171 25.115143 -240.018066
v -398.461304 25.115166 -239.962402
v -398.140625 24.989164 -239.163986
v -398.067017 24.989153 -239.189423
v -398.438599 24.989162 -240.026260
v -398.364990 24.989151 -240.051697
v -398.364990 24.885727 -240.051697
v -398.067017 24.885729 -239.189423
v -398.438599 24.885735 -240.026260
v -398.140625 24.885736 -239.163986
v -370.759033 18.975121 -249.701935
v -370.627258 18.973864 -249.581604
v -370.788330 18.976376 -249.525940
v -370.866699 25.185045 -250.013535
v -370.734985 25.183792 -249.893219
v -370.896057 25.186300 -249.837540
v -370.575378 25.059681 -249.039139
v -370.501831 25.058533 -249.064545
v -370.873352 25.059681 -249.901428
v -370.799744 25.058533 -249.926849
v -370.799744 24.955112 -249.926849
v -370.501831 24.955112 -249.064545
v -370.873352 24.956259 -249.901428
v -370.575378 24.956259 -249.039139
v -343.807861 18.459541 -259.016052
v -343.676086 18.457840 -258.895752
v -343.837158 18.461239 -258.840057
v -343.691772 24.122917 -258.680023
v -343.559937 24.121220 -258.559692
v -343.721069 24.124619 -258.504028
v -343.400391 23.997776 -257.705627
v -343.326782 23.996225 -257.731018
v -343.698364 23.997774 -258.567902
v -343.624817 23.996223 -258.593323
v -343.624817 23.892801 -258.593323
v -343.326782 23.892801 -257.731018
v -343.698364 23.894352 -258.567902
v -343.400391 23.894352 -257.705627
v -316.858582 17.922665 -268.329529
v -316.726868 17.921282 -268.209198
v -316.887939 17.924049 -268.153503
v -316.903748 24.203962 -268.460266
v -316.772034 24.202581 -268.339935
v -316.933105 24.205347 -268.284271
v -316.612427 24.078661 -267.485840
v -316.538879 24.077398 -267.511261
v -316.910461 24.078661 -268.348114
v -316.836914 24.077398 -268.373535
v -316.836914 23.973974 -268.373535
v -316.538879 23.973974 -267.511261
v -316.910461 23.975241 -268.348145
v -316.612427 23.975241 -267.485840
v -485.689819 19.215708 -220.732605
v -485.558105 19.215708 -220.612289
v -485.719116 19.215708 -220.556625
v -485.797607 25.425634 -221.044220
v -485.665771 25.425634 -220.923889
v -485.826904 25.425634 -220.868225
v -485.506226 25.299637 -220.069809
v -485.432617 25.299637 -220.095230
v -485.804199 25.299635 -220.932083
v -485.730591 25.299635 -220.957520
v -485.730591 25.196211 -220.957520
v -485.432617 25.196211 -220.095230
v -485.804199 25.196211 -220.932098
v -485.506226 25.196211 -220.069809
v -458.551880 19.215708 -224.204865
v -458.420044 19.215708 -224.084549
v -458.581177 19.215708 -224.028870
v -458.435669 24.879086 -223.868820
v -458.303955 24.879086 -223.748505
v -458.465088 24.879086 -223.692841
v -458.144287 24.753088 -222.894424
v -458.070679 24.753088 -222.919861
v -458.442261 24.753088 -223.756699
v -458.368774 24.753088 -223.782135
v -458.368774 24.649664 -223.782135
v -458.070679 24.649664 -222.919861
v -458.442261 24.649664 -223.756699
v -458.144287 24.649664 -222.894424
v -431.466919 19.215708 -228.721695
v -431.335205 19.215708 -228.601364
v -431.496216 19.215708 -228.545685
v -431.512085 25.497007 -228.852432
v -431.380371 25.497007 -228.732101
v -431.541504 25.497007 -228.676437
v -431.220825 25.371012 -227.878021
v -431.147217 25.371012 -227.903442
v -431.518799 25.371012 -228.740311
v -431.445190 25.371012 -228.765717
v -431.445190 25.267584 -228.765717
v -431.147217 25.267584 -227.903442
v -431.518799 25.267584 -228.740311
v -431.220825 25.267584 -227.878021
v -577.712036 19.215710 -206.777206
v -577.580322 19.215710 -206.656876
v -577.741455 19.215710 -206.601196
v -577.819824 25.425636 -207.088806
v -577.687988 25.425636 -206.968506
v -577.849121 25.425636 -206.912827
v -577.528442 25.299639 -206.114410
v -577.454834 25.299639 -206.139832
v -577.826416 25.299637 -206.976685
v -577.752930 25.299637 -207.002121
v -577.752930 25.196213 -207.002121
v -577.454834 25.196213 -206.139832
v -577.826416 25.196213 -206.976685
v -577.528442 25.196213 -206.114410
v -548.471924 19.215710 -212.381897
v -548.340210 19.215710 -212.261566
v -548.501221 19.215710 -212.205902
v -548.355713 24.879087 -212.045868
v -548.223999 24.879087 -211.925537
v -548.385132 24.879087 -211.869873
v -548.064453 24.753090 -211.071442
v -547.990845 24.753090 -211.096878
v -548.362427 24.753090 -211.933731
v -548.288940 24.753090 -211.959167
v -548.288940 24.649666 -211.959167
v -547.990845 24.649666 -211.096878
v -548.362427 24.649666 -211.933731
v -548.064453 24.649666 -211.071442
v -520.375732 19.215708 -215.494949
v -520.243896 19.215708 -215.374634
v -520.405029 19.215708 -215.318954
v -520.420898 25.497007 -215.625702
v -520.289185 25.497007 -215.505371
v -520.450317 25.497007 -215.449707
v -520.129517 25.371014 -214.651276
v -520.055908 25.371014 -214.676697
v -520.427490 25.371012 -215.513550
v -520.353882 25.371012 -215.538986
v -520.353882 25.267584 -215.538986
v -520.055908 25.267586 -214.676697
v -520.427490 25.267584 -215.513550
v -520.129517 25.267586 -214.651276
v -645.322266 15.632156 -156.139709
v -645.190552 15.632156 -156.019409
v -645.351685 15.632156 -155.963715
v -645.206177 21.295532 -155.803680
v -645.074463 21.295532 -155.683350
v -645.235474 21.295532 -155.627686
v -644.914795 21.169537 -154.829254
v -644.841187 21.169537 -154.854691
v -645.212769 21.169537 -155.691544
v -645.139160 21.169537 -155.716980
v -645.139160 21.066113 -155.716980
v -644.841187 21.066113 -154.854691
v -645.212769 21.066113 -155.691559
v -644.914795 21.066113 -154.829254
v -611.988525 17.891863 -179.936508
v -611.856812 17.891863 -179.816177
v -612.017944 17.891863 -179.760513
v -612.033813 24.173164 -180.067245
v -611.901978 24.173164 -179.946930
v -612.063110 24.173164 -179.891251
v -611.742432 24.047165 -179.092834
v -611.668945 24.047165 -179.118256
v -612.040405 24.047167 -179.955109
v -611.966919 24.047167 -179.980545
v -611.966919 23.943743 -179.980545
v -611.668945 23.943743 -179.118256
v -612.040405 23.943743 -179.955139
v -611.742432 23.943743 -179.092834
v 20.807266 1.716867 -20.060265
v 20.807266 1.450004 -20.060265
v 20.807266 1.716867 -19.829462
v 20.807266 1.450004 -19.829462
v 20.807241 1.716868 -19.598661
v 20.807241 1.450005 -19.598661
v 20.853851 1.450004 -19.829462
v 20.853903 1.450004 -20.060265
v 20.853851 1.450005 -19.598661
v 20.853851 1.716868 -19.598661
v 20.853851 1.716867 -19.829462
v 20.853903 1.716867 -20.060265
v 16.196077 1.716867 -20.060265
v 16.196077 1.450004 -20.060265
v 16.196051 1.716867 -19.829462
v 16.196051 1.450004 -19.829462
v 16.196051 1.716868 -19.598661
v 16.196051 1.450005 -19.598661
v 16.242687 1.450004 -19.829462
v 16.242712 1.450004 -20.060265
v 16.242662 1.450005 -19.598661
v 16.242662 1.716868 -19.598661
v 16.242687 1.716867 -19.829462
v 16.242712 1.716867 -20.060265
v 11.003885 1.716867 -20.060265
v 11.003885 1.450004 -20.060265
v 11.003885 1.716867 -19.829462
v 11.003885 1.450004 -19.829462
v 11.003834 1.716868 -19.598661
v 11.003834 1.450005 -19.598661
v 11.050522 1.450004 -19.829462
v 11.050522 1.450004 -20.060265
v 11.050446 1.450005 -19.598661
v 11.050446 1.716868 -19.598661
v 11.050522 1.716867 -19.829462
v 11.050522 1.716867 -20.060265
v 6.407393 1.716867 -20.060265
v 6.407393 1.450004 -20.060265
v 6.407343 1.716867 -19.829462
v 6.407343 1.450004 -19.829462
v 6.407343 1.716868 -19.598661
v 6.407343 1.450005 -19.598661
v 6.453979 1.450004 -19.829462
v 6.454028 1.450004 -20.060265
v 6.453954 1.450005 -19.598661
v 6.453954 1.716868 -19.598661
v 6.453979 1.716867 -19.829462
v 6.454028 1.716867 -20.060265
v 1.198212 1.716867 -20.060265
v 1.198212 1.450004 -20.060265
v 1.198187 1.716867 -19.829462
v 1.198187 1.450004 -19.829462
v 1.198162 1.716868 -19.598661
v 1.198162 1.450005 -19.598661
v 1.244823 1.450004 -19.829462
v 1.244847 1.450004 -20.060265
v 1.244772 1.450005 -19.598661
v 1.244772 1.716868 -19.598661
v 1.244823 1.716867 -19.829462
v 1.244847 1.716867 -20.060265
v -3.410960 1.716867 -20.060265
v -3.410960 1.450004 -20.060265
v -3.410985 1.716867 -19.829462
v -3.410985 1.450004 -19.829462
v -3.410985 1.716868 -19.598661
v -3.410985 1.450005 -19.598661
v -3.364350 1.450004 -19.829462
v -3.364325 1.450004 -20.060265
v -3.364374 1.450005 -19.598661
v -3.364374 1.716868 -19.598661
v -3.364350 1.716867 -19.829462
v -3.364325 1.716867 -20.060265
v -8.624974 1.716867 -20.060265
v -8.624974 1.450004 -20.060265
v -8.624974 1.716867 -19.829462
v -8.624974 1.450004 -19.829462
v -8.625025 1.716868 -19.598661
v -8.625025 1.450005 -19.598661
v -8.578388 1.450004 -19.829462
v -8.578363 1.450004 -20.060265
v -8.578388 1.450005 -19.598661
v -8.578388 1.716868 -19.598661
v -8.578388 1.716867 -19.829462
v -8.578363 1.716867 -20.060265
v -13.258660 1.716867 -20.060265
v -13.258660 1.450004 -20.060265
v -13.258685 1.716867 -19.829462
v -13.258685 1.450004 -19.829462
v -13.258685 1.716868 -19.598661
v -13.258685 1.450005 -19.598661
v -13.212049 1.450004 -19.829462
v -13.212025 1.450004 -20.060265
v -13.212074 1.450005 -19.598661
v -13.212074 1.716868 -19.598661
v -13.212049 1.716867 -19.829462
v -13.212025 1.716867 -20.060265
v -18.433662 1.716867 -20.060265
v -18.433662 1.450004 -20.060265
v -18.433687 1.716867 -19.829462
v -18.433687 1.450004 -19.829462
v -18.433687 1.716868 -19.598661
v -18.433687 1.450005 -19.598661
v -18.387077 1.450004 -19.829462
v -18.387026 1.450004 -20.060265
v -18.387077 1.450005 -19.598661
v -18.387077 1.716868 -19.598661
v -18.387077 1.716867 -19.829462
v -18.387026 1.716867 -20.060265
v -23.040617 1.716867 -20.060265
v -23.040617 1.450004 -20.060265
v -23.040617 1.716867 -19.829462
v -23.040617 1.450004 -19.829462
v -23.040642 1.716868 -19.598661
v -23.040642 1.450005 -19.598661
v -22.993982 1.450004 -19.829462
v -22.993982 1.450004 -20.060265
v -22.994032 1.450005 -19.598661
v -22.994032 1.716868 -19.598661
v -22.993982 1.716867 -19.829462
v -22.993982 1.716867 -20.060265
v -28.268282 1.716867 -20.060265
v -28.268282 1.450004 -20.060265
v -28.268282 1.716867 -19.829462
v -28.268282 1.450004 -19.829462
v -28.268307 1.716868 -19.598661
v -28.268307 1.450005 -19.598661
v -28.221697 1.450004 -19.829462
v -28.221647 1.450004 -20.060265
v -28.221697 1.450005 -19.598661
v -28.221697 1.716868 -19.598661
v -28.221697 1.716867 -19.829462
v -28.221647 1.716867 -20.060265
v -32.858696 1.716867 -20.060265
v -32.858696 1.450004 -20.060265
v -32.858723 1.716867 -19.829462
v -32.858723 1.450004 -19.829462
v -32.858723 1.716868 -19.598661
v -32.858723 1.450005 -19.598661
v -32.812084 1.450004 -19.829462
v -32.812061 1.450004 -20.060265
v -32.812111 1.450005 -19.598661
v -32.812111 1.716868 -19.598661
v -32.812084 1.716867 -19.829462
v -32.812061 1.716867 -20.060265
v 85.329193 1.716867 -20.060261
v 85.329193 1.450004 -20.060261
v 85.329193 1.716867 -19.829460
v 85.329193 1.450004 -19.829460
v 85.329193 1.716868 -19.598658
v 85.329193 1.450005 -19.598658
v 85.375816 1.450004 -19.829460
v 85.375816 1.450004 -20.060261
v 85.375816 1.450005 -19.598658
v 85.375816 1.716868 -19.598658
v 85.375816 1.716867 -19.829460
v 85.375816 1.716867 -20.060261
v 80.716621 1.716867 -20.060261
v 80.716621 1.450004 -20.060261
v 80.716621 1.716867 -19.829458
v 80.716621 1.450004 -19.829458
v 80.716621 1.716868 -19.598658
v 80.716621 1.450005 -19.598658
v 80.763252 1.450004 -19.829458
v 80.763252 1.450004 -20.060261
v 80.763229 1.450005 -19.598658
v 80.763229 1.716868 -19.598658
v 80.763252 1.716867 -19.829458
v 80.763252 1.716867 -20.060261
v 75.498169 1.716867 -20.060261
v 75.498169 1.450004 -20.060261
v 75.498169 1.716867 -19.829458
v 75.498169 1.450004 -19.829458
v 75.498169 1.716868 -19.598658
v 75.498169 1.450005 -19.598658
v 75.544785 1.450004 -19.829458
v 75.544807 1.450004 -20.060261
v 75.544785 1.450005 -19.598658
v 75.544785 1.716868 -19.598658
v 75.544785 1.716867 -19.829458
v 75.544807 1.716867 -20.060261
v 70.961441 1.716867 -20.060259
v 70.961441 1.450004 -20.060259
v 70.961441 1.716867 -19.829458
v 70.961441 1.450004 -19.829458
v 70.961441 1.716868 -19.598656
v 70.961441 1.450005 -19.598656
v 71.008080 1.450004 -19.829458
v 71.008080 1.450004 -20.060259
v 71.008057 1.450005 -19.598656
v 71.008057 1.716868 -19.598656
v 71.008080 1.716867 -19.829458
v 71.008080 1.716867 -20.060259
v 65.738266 1.716867 -20.060259
v 65.738266 1.450004 -20.060259
v 65.738266 1.716867 -19.829458
v 65.738266 1.450004 -19.829458
v 65.738235 1.716868 -19.598656
v 65.738235 1.450005 -19.598656
v 65.784897 1.450004 -19.829458
v 65.784897 1.450004 -20.060259
v 65.784851 1.450005 -19.598656
v 65.784851 1.716868 -19.598656
v 65.784897 1.716867 -19.829458
v 65.784897 1.716867 -20.060259
v 61.086937 1.716867 -20.060259
v 61.086937 1.450004 -20.060259
v 61.086914 1.716867 -19.829458
v 61.086914 1.450004 -19.829458
v 61.086914 1.716868 -19.598656
v 61.086914 1.450005 -19.598656
v 61.133549 1.450004 -19.829458
v 61.133575 1.450004 -20.060259
v 61.133522 1.450005 -19.598656
v 61.133522 1.716868 -19.598656
v 61.133549 1.716867 -19.829458
v 61.133575 1.716867 -20.060259
v 55.911312 1.716867 -20.060259
v 55.911312 1.450004 -20.060259
v 55.911289 1.716867 -19.829456
v 55.911289 1.450004 -19.829456
v 55.911289 1.716868 -19.598656
v 55.911289 1.450005 -19.598656
v 55.957924 1.450004 -19.829456
v 55.957951 1.450004 -20.060259
v 55.957901 1.450005 -19.598656
v 55.957901 1.716868 -19.598656
v 55.957924 1.716867 -19.829456
v 55.957951 1.716867 -20.060259
v 51.285351 1.716867 -20.060259
v 51.285351 1.450004 -20.060259
v 51.285351 1.716867 -19.829456
v 51.285351 1.450004 -19.829456
v 51.285351 1.716868 -19.598656
v 51.285351 1.450005 -19.598656
v 51.331963 1.450004 -19.829456
v 51.331985 1.450004 -20.060259
v 51.331963 1.450005 -19.598656
v 51.331963 1.716868 -19.598656
v 51.331963 1.716867 -19.829456
v 51.331985 1.716867 -20.060259
v 46.115208 1.716867 -20.060257
v 46.115208 1.450004 -20.060257
v 46.115208 1.716867 -19.829456
v 46.115208 1.450004 -19.829456
v 46.115181 1.716868 -19.598656
v 46.115181 1.450005 -19.598656
v 46.161819 1.450004 -19.829456
v 46.161819 1.450004 -20.060257
v 46.161819 1.450005 -19.598656
v 46.161819 1.716868 -19.598656
v 46.161819 1.716867 -19.829456
v 46.161819 1.716867 -20.060257
v 41.484787 1.716867 -20.060257
v 41.484787 1.450004 -20.060257
v 41.484787 1.716867 -19.829456
v 41.484787 1.450004 -19.829456
v 41.484787 1.716868 -19.598656
v 41.484787 1.450005 -19.598656
v 41.531418 1.450004 -19.829456
v 41.531418 1.450004 -20.060257
v 41.531395 1.450005 -19.598656
v 41.531395 1.716868 -19.598656
v 41.531418 1.716867 -19.829456
v 41.531418 1.716867 -20.060257
v 36.252659 1.716867 -20.060257
v 36.252659 1.450004 -20.060257
v 36.252659 1.716867 -19.829456
v 36.252659 1.450004 -19.829456
v 36.252659 1.716868 -19.598656
v 36.252659 1.450005 -19.598656
v 36.299271 1.450004 -19.829456
v 36.299294 1.450004 -20.060257
v 36.299271 1.450005 -19.598656
v 36.299271 1.716868 -19.598656
v 36.299271 1.716867 -19.829456
v 36.299294 1.716867 -20.060257
v 31.640099 1.716867 -20.060257
v 31.640099 1.450004 -20.060257
v 31.640099 1.716867 -19.829456
v 31.640099 1.450004 -19.829456
v 31.640074 1.716868 -19.598654
v 31.640074 1.450005 -19.598654
v 31.686735 1.450004 -19.829456
v 31.686735 1.450004 -20.060257
v 31.686684 1.450005 -19.598654
v 31.686684 1.716868 -19.598654
v 31.686735 1.716867 -19.829456
v 31.686735 1.716867 -20.060257
v 150.376801 1.716867 -20.045248
v 150.376801 1.450004 -20.045248
v 150.376801 1.716867 -19.814445
v 150.376801 1.450004 -19.814445
v 150.376801 1.716868 -19.583645
v 150.376801 1.450005 -19.583645
v 150.423416 1.450004 -19.814445
v 150.423416 1.450004 -20.045248
v 150.423416 1.450005 -19.583645
v 150.423416 1.716868 -19.583645
v 150.423416 1.716867 -19.814445
v 150.423416 1.716867 -20.045248
v 145.758682 1.716867 -20.038593
v 145.758682 1.450004 -20.038593
v 145.758682 1.716867 -19.807791
v 145.758682 1.450004 -19.807791
v 145.758682 1.716868 -19.576990
v 145.758682 1.450005 -19.576990
v 145.805298 1.450004 -19.807791
v 145.805298 1.450004 -20.038593
v 145.805298 1.450005 -19.576990
v 145.805298 1.716868 -19.576990
v 145.805298 1.716867 -19.807791
v 145.805298 1.716867 -20.038593
v 140.700714 1.716867 -20.046709
v 140.700714 1.450004 -20.046709
v 140.700714 1.716867 -19.815908
v 140.700714 1.450004 -19.815908
v 140.700714 1.716868 -19.585106
v 140.700714 1.450005 -19.585106
v 140.747345 1.450004 -19.815908
v 140.747345 1.450004 -20.046709
v 140.747345 1.450005 -19.585106
v 140.747345 1.716868 -19.585106
v 140.747345 1.716867 -19.815908
v 140.747345 1.716867 -20.046709
v 136.079239 1.716867 -20.060263
v 136.079239 1.450004 -20.060263
v 136.079239 1.716867 -19.829462
v 136.079239 1.450004 -19.829462
v 136.079239 1.716868 -19.598661
v 136.079239 1.450005 -19.598661
v 136.125854 1.450004 -19.829462
v 136.125854 1.450004 -20.060263
v 136.125854 1.450005 -19.598661
v 136.125854 1.716868 -19.598661
v 136.125854 1.716867 -19.829462
v 136.125854 1.716867 -20.060263
v 130.909912 1.716867 -20.039139
v 130.909912 1.450004 -20.039139
v 130.909912 1.716867 -19.808338
v 130.909912 1.450004 -19.808338
v 130.909912 1.716868 -19.577538
v 130.909912 1.450005 -19.577538
v 130.956543 1.450004 -19.808338
v 130.956543 1.450004 -20.039139
v 130.956543 1.450005 -19.577538
v 130.956543 1.716868 -19.577538
v 130.956543 1.716867 -19.808338
v 130.956543 1.716867 -20.039139
v 126.282631 1.716867 -20.040314
v 126.282631 1.450004 -20.040314
v 126.282631 1.716867 -19.809513
v 126.282631 1.450004 -19.809513
v 126.282631 1.716868 -19.578711
v 126.282631 1.450005 -19.578711
v 126.329254 1.450004 -19.809513
v 126.329254 1.450004 -20.040314
v 126.329254 1.450005 -19.578711
v 126.329254 1.716868 -19.578711
v 126.329254 1.716867 -19.809513
v 126.329254 1.716867 -20.040314
v 120.655151 1.716867 -20.045246
v 120.655151 1.450004 -20.045246
v 120.655151 1.716867 -19.814444
v 120.655151 1.450004 -19.814444
v 120.655151 1.716868 -19.583643
v 120.655151 1.450005 -19.583643
v 120.701775 1.450004 -19.814444
v 120.701775 1.450004 -20.045246
v 120.701775 1.450005 -19.583643
v 120.701775 1.716868 -19.583643
v 120.701775 1.716867 -19.814444
v 120.701775 1.716867 -20.045246
v 116.037033 1.716867 -20.038589
v 116.037033 1.450004 -20.038589
v 116.037033 1.716867 -19.807789
v 116.037033 1.450004 -19.807789
v 116.037033 1.716868 -19.576988
v 116.037033 1.450005 -19.576988
v 116.083656 1.450004 -19.807789
v 116.083656 1.450004 -20.038589
v 116.083656 1.450005 -19.576988
v 116.083656 1.716868 -19.576988
v 116.083656 1.716867 -19.807789
v 116.083656 1.716867 -20.038589
v 110.979073 1.716867 -20.046707
v 110.979073 1.450004 -20.046707
v 110.979073 1.716867 -19.815907
v 110.979073 1.450004 -19.815907
v 110.979073 1.716868 -19.585106
v 110.979073 1.450005 -19.585106
v 111.025696 1.450004 -19.815907
v 111.025696 1.450004 -20.046707
v 111.025696 1.450005 -19.585106
v 111.025696 1.716868 -19.585106
v 111.025696 1.716867 -19.815907
v 111.025696 1.716867 -20.046707
v 106.357590 1.716867 -20.060263
v 106.357590 1.450004 -20.060263
v 106.357590 1.716867 -19.829460
v 106.357590 1.450004 -19.829460
v 106.357590 1.716868 -19.598660
v 106.357590 1.450005 -19.598660
v 106.404221 1.450004 -19.829460
v 106.404221 1.450004 -20.060263
v 106.404221 1.450005 -19.598660
v 106.404221 1.716868 -19.598660
v 106.404221 1.716867 -19.829460
v 106.404221 1.716867 -20.060263
v 101.312347 1.716867 -20.060261
v 101.312347 1.450004 -20.060261
v 101.312347 1.716867 -19.829460
v 101.312347 1.450004 -19.829460
v 101.312347 1.716868 -19.598660
v 101.312347 1.450005 -19.598660
v 101.358971 1.450004 -19.829460
v 101.358971 1.450004 -20.060261
v 101.358971 1.450005 -19.598660
v 101.358971 1.716868 -19.598660
v 101.358971 1.716867 -19.829460
v 101.358971 1.716867 -20.060261
v 96.681938 1.716867 -20.060261
v 96.681938 1.450004 -20.060261
v 96.681938 1.716867 -19.829460
v 96.681938 1.450004 -19.829460
v 96.681938 1.716868 -19.598660
v 96.681938 1.450005 -19.598660
v 96.728561 1.450004 -19.829460
v 96.728561 1.450004 -20.060261
v 96.728561 1.450005 -19.598660
v 96.728561 1.716868 -19.598660
v 96.728561 1.716867 -19.829460
v 96.728561 1.716867 -20.060261
v -160.753265 4.466605 13.667108
v -160.575684 4.468991 13.667108
v -160.753220 -0.801421 13.667094
v -160.575638 -0.801421 13.667094
v -160.575684 4.458633 13.844669
v -160.753265 4.456140 13.844669
v -160.575638 -0.801421 13.844656
v -160.753220 -0.801421 13.844656
v -274.227722 25.234201 -376.975189
v -274.229279 25.236589 -376.797607
v -274.227722 19.884829 -376.975189
v -274.229279 19.884829 -376.797607
v -274.406830 25.226231 -376.799164
v -274.405273 25.223738 -376.976746
v -274.406830 19.884829 -376.799164
v -274.405273 19.884829 -376.976746
v 410.784027 16.857571 -495.988556
v 410.635162 16.859957 -495.891724
v 410.784027 11.508199 -495.988556
v 410.635162 11.508199 -495.891724
v 410.538361 16.849598 -496.040588
v 410.687225 16.847105 -496.137421
v 410.538361 11.508199 -496.040588
v 410.687225 11.508199 -496.137421
v 524.165039 3.581172 -405.049530
v 524.093384 3.583557 -404.887054
v 524.165039 -1.768203 -405.049530
v 524.093384 -1.768203 -404.887054
v 523.930908 3.573199 -404.958679
v 524.002563 3.570705 -405.121155
v 523.930908 -1.768203 -404.958679
v 524.002563 -1.768203 -405.121155
v 547.540100 1.956678 -207.896408
v 547.489197 1.959064 -208.066544
v 547.540100 -3.392696 -207.896408
v 547.489197 -3.392696 -208.066544
v 547.659363 1.948705 -208.117432
v 547.710205 1.946212 -207.947296
v 547.659363 -3.392696 -208.117432
v 547.710205 -3.392696 -207.947296
v -111.236145 3.748312 13.675307
v -111.058563 3.750698 13.675307
v -111.236145 -1.601062 13.675307
v -111.058563 -1.601062 13.675307
v -111.058563 3.740339 13.852869
v -111.236145 3.737846 13.852869
v -111.058563 -1.601062 13.852869
v -111.236145 -1.601062 13.852869
v -274.252716 24.597265 -327.459991
v -274.254272 24.599653 -327.282410
v -274.252716 19.247892 -327.459991
v -274.254272 19.247892 -327.282410
v -274.431824 24.589294 -327.283966
v -274.430267 24.586802 -327.461548
v -274.431824 19.247892 -327.283966
v -274.430267 19.247892 -327.461548
v 370.385498 18.104836 -467.343750
v 370.236633 18.107222 -467.246918
v 370.385498 12.755460 -467.343750
v 370.236633 12.755460 -467.246918
v 370.139832 18.096861 -467.395782
v 370.288696 18.094368 -467.492615
v 370.139832 12.755460 -467.395782
v 370.288696 12.755460 -467.492615
v 537.074524 1.956675 -256.712128
v 537.023621 1.959061 -256.882233
v 537.074524 -3.392699 -256.712128
v 537.023621 -3.392699 -256.882233
v 537.193787 1.948702 -256.933136
v 537.244629 1.946209 -256.763000
v 537.193787 -3.392699 -256.933136
v 537.244629 -3.392699 -256.763000
v -320.535004 12.496709 -716.047546
v -320.535004 12.499095 -715.869934
v -320.535004 7.147336 -716.047546
v -320.535004 7.147336 -715.869934
v -320.712555 12.488737 -715.869934
v -320.712555 12.486243 -716.047546
v -320.712555 7.147336 -715.869934
v -320.712555 7.147336 -716.047546
v -61.300438 3.553965 13.635945
v -61.122852 3.556351 13.635945
v -61.300438 -1.795409 13.635945
v -61.122852 -1.795409 13.635945
v -61.122852 3.545992 13.813507
v -61.300438 3.543500 13.813507
v -61.122852 -1.795409 13.813507
v -61.300438 -1.795409 13.813507
v -274.349426 22.434423 -277.526215
v -274.350983 22.436810 -277.348633
v -274.349426 17.085049 -277.526215
v -274.350983 17.085049 -277.348633
v -274.528534 22.426451 -277.350189
v -274.526978 22.423958 -277.527771
v -274.528534 17.085049 -277.350189
v -274.526978 17.085049 -277.527771
v 522.981323 1.956671 -304.668427
v 522.930420 1.959057 -304.838531
v 522.981323 -3.392703 -304.668427
v 522.930420 -3.392703 -304.838531
v 523.100586 1.948698 -304.889435
v 523.151428 1.946205 -304.719299
v 523.100586 -3.392703 -304.889435
v 523.151428 -3.392703 -304.719299
v -320.495697 18.967949 -666.111877
v -320.495697 18.970337 -665.934265
v -320.495697 13.618575 -666.111877
v -320.495697 13.618575 -665.934265
v -320.673248 18.959978 -665.934265
v -320.673248 18.957485 -666.111877
v -320.673248 13.618575 -665.934265
v -320.673248 13.618575 -666.111877
v -320.526825 5.717685 -765.564636
v -320.526825 5.720071 -765.387085
v -320.526825 0.449659 -765.564636
v -320.526825 0.449659 -765.387024
v -320.704376 5.709713 -765.387085
v -320.704376 5.707220 -765.564636
v -320.704376 0.449659 -765.387024
v -320.704376 0.449659 -765.564636
v 150.420959 30.695379 -945.532776
v 150.120148 30.700420 -945.308594
v 150.420929 25.065306 -945.532654
v 150.120102 25.065306 -945.308472
v 149.895996 30.678537 -945.609375
v 150.196808 30.673271 -945.833557
v 149.895950 25.065306 -945.609253
v 150.196762 25.065306 -945.833435
v 443.150482 36.622765 -855.357117
v 443.475403 36.627808 -855.169556
v 443.150604 30.992695 -855.357117
v 443.475494 30.992695 -855.169556
v 443.287811 36.605923 -854.844666
v 442.962921 36.600658 -855.032288
v 443.287933 30.992695 -854.844666
v 442.963043 30.992695 -855.032288
v 336.627899 33.407841 -681.679871
v 336.962006 33.412884 -681.850525
v 336.627960 27.777769 -681.679932
v 336.962067 27.777769 -681.850647
v 337.132660 33.390999 -681.516479
v 336.798553 33.385735 -681.345825
v 337.132721 27.777769 -681.516602
v 336.798615 27.777769 -681.345886
v 368.594696 34.593002 -698.395630
v 368.928802 34.598045 -698.566284
v 368.594757 28.962933 -698.395691
v 368.928864 28.962933 -698.566406
v 369.099457 34.576160 -698.232239
v 368.765350 34.570896 -698.061584
v 369.099518 28.962933 -698.232361
v 368.765411 28.962933 -698.061646
v 399.564728 35.087685 -712.800659
v 399.898834 35.092728 -712.971313
v 399.564789 29.457615 -712.800720
v 399.898895 29.457615 -712.971436
v 400.069489 35.070843 -712.637268
v 399.735382 35.065578 -712.466614
v 400.069550 29.457615 -712.637390
v 399.735443 29.457615 -712.466675
v -105.231804 3.089802 -34.616699
v -105.231812 -1.689499 -34.616699
v -105.234596 -1.689499 -35.269657
v -105.234596 3.095182 -35.269638
v -105.616959 3.090149 -35.269638
v -105.616959 -1.689498 -35.269638
v -105.614182 -1.689499 -34.616680
v -105.614182 3.084616 -34.616680
v 158.231659 2.520133 -8.517755
v 158.231659 -0.298379 -8.517755
v 158.230515 -0.298379 -8.697593
v 158.230515 2.521615 -8.697587
v 158.074615 2.520229 -8.697587
v 158.074615 -0.298378 -8.697587
v 158.075745 -0.298379 -8.517750
v 158.075745 2.518705 -8.517750
v -62.695023 2.520133 -8.517755
v -62.695023 -0.298379 -8.517755
v -62.696152 -0.298379 -8.697593
v -62.696167 2.521615 -8.697587
v -62.852081 2.520229 -8.697587
v -62.852066 -0.298379 -8.697587
v -62.850937 -0.298379 -8.517750
v -62.850937 2.518705 -8.517750
v -237.720367 24.516541 -353.264648
v -237.720367 19.737240 -353.264679
v -237.071396 19.737240 -353.336792
v -237.071426 24.521921 -353.336792
v -237.112045 24.516888 -353.717010
v -237.112045 19.737240 -353.717010
v -237.761002 19.737240 -353.644867
v -237.761002 24.511354 -353.644867
v 7.137083 16.206581 -343.648590
v 7.137093 11.427281 -343.648590
v 7.341998 11.427281 -343.028595
v 7.341987 16.211962 -343.028625
v 7.705548 16.206928 -343.147064
v 7.705548 11.427282 -343.147064
v 7.500646 11.427281 -343.767029
v 7.500646 16.201395 -343.767029
v 360.366302 17.759813 -426.486389
v 360.366302 12.980513 -426.486389
v 360.723328 12.980513 -425.939667
v 360.723297 17.765194 -425.939667
v 361.044342 17.760160 -426.147369
v 361.044342 12.980514 -426.147369
v 360.687347 12.980513 -426.694092
v 360.687347 17.754627 -426.694092
v 545.093689 1.447759 -216.450058
v 545.093628 -3.331542 -216.450073
v 545.730225 -3.331542 -216.595459
v 545.730225 1.453139 -216.595459
v 545.646667 1.448106 -216.968582
v 545.646667 -3.331542 -216.968582
v 545.010071 -3.331542 -216.823196
v 545.010071 1.442573 -216.823196
v 366.867828 1.447776 15.392665
v 366.867828 -3.331524 15.392666
v 366.835785 -3.331524 14.740488
v 366.835785 1.453156 14.740506
v 366.453796 1.448123 14.757637
v 366.453796 -3.331524 14.757637
v 366.485840 -3.331524 15.409816
v 366.485840 1.442590 15.409816
v 2.265746 27.985603 -921.551636
v 2.265735 23.206303 -921.551636
v 2.262950 23.206301 -922.204590
v 2.262955 27.990982 -922.204590
v 1.880589 27.985949 -922.204590
v 1.880588 23.206301 -922.204590
v 1.883371 23.206303 -921.551636
v 1.883371 27.980417 -921.551636
v 432.754364 35.275814 -917.784424
v 432.754333 30.496513 -917.784424
v 433.194824 30.496513 -918.266479
v 433.194824 35.281193 -918.266418
v 432.913666 35.276161 -918.525574
v 432.913666 30.496513 -918.525574
v 432.473175 30.496513 -918.043579
v 432.473175 35.270630 -918.043579
v 527.428101 34.872040 -835.405823
v 527.428040 30.092741 -835.405823
v 527.860657 30.092741 -835.894958
v 527.860657 34.877419 -835.894958
v 527.575317 34.872387 -836.149475
v 527.575317 30.092741 -836.149475
v 527.142700 30.092741 -835.660339
v 527.142700 34.866856 -835.660339
v 483.927734 39.158722 -811.490662
v 483.927734 30.402803 -811.490662
v 484.734741 30.402803 -812.373718
v 484.734711 39.168575 -812.373718
v 484.219635 39.159355 -812.848511
v 484.219635 30.402805 -812.848511
v 483.412628 30.402803 -811.965393
v 483.412628 39.149220 -811.965393
v 540.837708 -3.598801 -245.463165
v 540.716675 -3.600501 -245.332092
v 540.661865 -3.597102 -245.493515
v 540.501038 5.974105 -245.348877
v 540.379944 5.972404 -245.217819
v 540.325195 5.975802 -245.379242
v 537.155334 5.848969 -244.482758
v 537.180420 5.847417 -244.409103
v 540.388916 5.848969 -245.355759
v 540.413940 5.847416 -245.282181
v 540.413940 5.743991 -245.282181
v 537.180420 5.743991 -244.409103
v 540.388916 5.745546 -245.355850
v 537.155334 5.745543 -244.482758
v 547.544128 -3.598798 -209.189499
v 547.423096 -3.600498 -209.058441
v 547.368286 -3.597099 -209.219849
v 547.207458 5.974108 -209.075211
v 547.086365 5.972406 -208.944153
v 547.031616 5.975805 -209.105576
v 543.861755 5.848971 -208.209152
v 543.886780 5.847420 -208.135498
v 547.095337 5.848971 -209.082169
v 547.120361 5.847419 -209.008575
v 547.120361 5.743994 -209.008575
v 543.886780 5.743994 -208.135498
v 547.095337 5.745549 -209.082245
v 543.861755 5.745545 -208.209152
v 639.506897 2.208071 -141.829117
v 639.349365 2.208071 -141.745468
v 639.350952 2.208071 -141.915878
v 639.836609 8.417997 -141.825928
v 639.679016 8.417997 -141.742264
v 639.680603 8.417997 -141.912689
v 638.820923 8.292000 -141.878708
v 638.820190 8.292000 -141.800903
v 639.733215 8.292000 -141.869812
v 639.732422 8.292000 -141.791931
v 639.732422 8.188577 -141.791931
v 638.820190 8.188577 -141.800903
v 639.733215 8.188577 -141.869812
v 638.820923 8.188577 -141.878708
v 629.695862 2.208069 -168.193130
v 629.583130 2.208069 -168.054794
v 629.518433 2.208069 -168.212494
v 629.366882 7.871447 -168.058243
v 629.254211 7.871447 -167.919952
v 629.189514 7.871447 -168.077667
v 628.410461 7.745449 -167.712387
v 628.439941 7.745449 -167.640381
v 629.254578 7.745449 -168.058578
v 629.284058 7.745449 -167.986511
v 629.284058 7.642027 -167.986511
v 628.439941 7.642027 -167.640381
v 629.254578 7.642027 -168.058578
v 628.410461 7.642027 -167.712387
v 615.869019 2.208067 -199.133652
v 615.711548 2.208067 -199.049957
v 615.713135 2.208067 -199.220383
v 616.198730 8.417992 -199.130417
v 616.041199 8.417992 -199.046768
v 616.042847 8.417992 -199.217178
v 615.183105 8.291995 -199.183212
v 615.182312 8.291995 -199.105377
v 616.095337 8.291995 -199.174347
v 616.094666 8.291995 -199.096466
v 616.094666 8.188572 -199.096466
v 615.182312 8.188572 -199.105377
v 616.095337 8.188572 -199.174347
v 615.183105 8.188572 -199.183212
v 606.050110 2.208065 -225.929169
v 605.937500 2.208065 -225.790833
v 605.872864 2.208065 -225.948517
v 605.721191 7.871443 -225.794296
v 605.608521 7.871443 -225.656036
v 605.543823 7.871443 -225.813690
v 604.764771 7.745445 -225.448547
v 604.794250 7.745445 -225.376556
v 605.608887 7.745445 -225.794724
v 605.638428 7.745445 -225.722641
v 605.638428 7.642023 -225.722641
v 604.794250 7.642023 -225.376556
v 605.608887 7.642023 -225.794724
v 604.764771 7.642023 -225.448547
v 594.189575 2.208063 -257.295532
v 594.031982 2.208063 -257.211914
v 594.033691 2.208062 -257.382263
v 594.519287 8.417988 -257.292358
v 594.361694 8.417988 -257.208679
v 594.363342 8.417988 -257.379089
v 593.503601 8.291991 -257.345032
v 593.502869 8.291991 -257.267212
v 594.415894 8.291991 -257.336182
v 594.415222 8.291991 -257.258301
v 594.415222 8.188568 -257.258301
v 593.502869 8.188568 -257.267212
v 594.415894 8.188568 -257.336182
v 593.503601 8.188568 -257.345032
v 585.942078 2.208061 -283.734436
v 585.829346 2.208061 -283.596008
v 585.764709 2.208061 -283.753784
v 585.613159 7.871439 -283.599487
v 585.500366 7.871439 -283.461182
v 585.435730 7.871439 -283.618896
v 584.656677 7.745440 -283.253845
v 584.686157 7.745440 -283.181763
v 585.500793 7.745440 -283.599915
v 585.530273 7.745440 -283.527893
v 585.530273 7.642018 -283.527893
v 584.686157 7.642018 -283.181763
v 585.500793 7.642018 -283.599915
v 584.656677 7.642018 -283.253845
v 574.468567 2.208058 -314.355652
v 574.311035 2.208058 -314.271912
v 574.312744 2.208058 -314.442383
v 574.798218 8.417983 -314.352417
v 574.640747 8.417983 -314.268738
v 574.642334 8.417983 -314.439148
v 573.782654 8.291986 -314.405090
v 573.781921 8.291986 -314.327209
v 574.694885 8.291986 -314.396240
v 574.694153 8.291986 -314.318298
v 574.694153 8.188563 -314.318298
v 573.781921 8.188563 -314.327209
v 574.694885 8.188563 -314.396240
v 573.782654 8.188563 -314.405090
v 566.610962 2.208056 -341.620300
v 566.498169 2.208056 -341.481934
v 566.433533 2.208056 -341.639709
v 566.281982 7.871434 -341.485413
v 566.169250 7.871434 -341.347168
v 566.104614 7.871434 -341.504822
v 565.325500 7.745436 -341.139648
v 565.355042 7.745436 -341.067627
v 566.169617 7.745436 -341.485718
v 566.199158 7.745436 -341.413696
v 566.199158 7.642014 -341.413696
v 565.355042 7.642014 -341.067627
v 566.169617 7.642014 -341.485718
v 565.325500 7.642014 -341.139648
v 261.755920 32.603767 -957.799011
v 261.678711 32.602505 -957.959839
v 261.848907 32.605015 -957.951233
v 261.739197 43.710094 -957.469666
v 261.662048 43.708836 -957.630554
v 261.832275 43.711346 -957.621948
v 261.649292 43.584728 -961.709167
v 261.571533 43.583584 -961.713135
v 261.787354 43.584728 -957.571167
v 261.709625 43.583588 -957.575073
v 261.709625 43.480160 -957.575073
v 261.571533 43.480160 -961.713135
v 261.787354 43.481308 -957.571167
v 261.649292 43.481308 -961.709167
v 240.932495 31.684977 -954.258667
v 240.806213 31.683277 -954.384644
v 240.969589 31.686678 -954.433167
v 240.856400 42.302452 -954.643555
v 240.730072 42.300755 -954.769470
v 240.893463 42.304150 -954.818054
v 239.719421 42.177303 -958.432617
v 239.644806 42.175755 -958.410461
v 240.868042 42.177303 -954.755249
v 240.793365 42.175755 -954.733093
v 240.793365 42.072334 -954.733032
v 239.644806 42.072334 -958.410461
v 240.867966 42.073887 -954.755249
v 239.719421 42.073887 -958.432617
v 223.409103 30.530025 -947.375244
v 223.257111 30.528639 -947.468628
v 223.404846 30.531399 -947.553589
v 223.515793 41.765415 -947.289246
v 223.363800 41.764034 -947.382629
v 223.511536 41.766796 -947.467590
v 221.371750 41.640118 -951.105042
v 221.304306 41.638844 -951.066223
v 223.501297 41.640118 -947.400574
v 223.433777 41.638844 -947.361816
v 223.433777 41.535423 -947.361816
v 221.304306 41.535423 -951.066223
v 223.501221 41.536686 -947.400635
v 221.371750 41.536686 -951.105042
v 284.716125 32.636490 -954.903687
v 284.660217 32.635105 -955.073120
v 284.827911 32.637867 -955.042725
v 284.691498 42.827305 -954.767578
v 284.635559 42.825924 -954.936951
v 284.803253 42.828686 -954.906616
v 285.513245 42.702007 -959.066650
v 285.436676 42.700741 -959.080566
v 284.752228 42.702007 -954.862061
v 284.675659 42.700741 -954.875977
v 284.675659 42.597317 -954.875977
v 285.436676 42.597317 -959.080566
v 284.752228 42.598579 -954.862122
v 285.513245 42.598579 -959.066650
v 446.499268 30.390335 -905.015808
v 446.447083 30.388948 -904.845215
v 446.327728 30.391712 -904.966858
v 446.598022 38.542072 -905.112549
v 446.545898 38.540691 -904.942017
v 446.426514 38.543457 -905.063660
v 443.443176 38.416779 -902.078857
v 443.497620 38.415504 -902.023315
v 446.493896 38.416779 -905.070618
v 446.548401 38.415504 -905.015015
v 446.548401 38.312084 -905.015015
v 443.497620 38.312084 -902.023315
v 446.493896 38.313347 -905.070557
v 443.443176 38.313347 -902.078857
v 321.177795 27.974510 -717.844849
v 321.325195 27.973125 -717.744385
v 321.173645 27.975887 -717.666504
v 321.114685 36.126251 -717.967896
v 321.262085 36.124866 -717.867493
v 321.110474 36.127632 -717.789612
v 323.075378 36.000950 -714.054810
v 323.144623 35.999676 -714.090210
v 321.123840 36.000950 -717.855957
v 321.193146 35.999676 -717.891479
v 321.193146 35.896255 -717.891479
v 323.144623 35.896255 -714.090210
v 321.123901 35.897518 -717.855957
v 323.075378 35.897518 -714.054810
v -108.068367 1.343377 13.679683
v -107.967941 1.338611 13.679681
v -108.068367 -1.598386 13.679683
v -107.967941 -1.599119 13.679681
v -107.967995 1.337759 13.780116
v -108.068428 1.342086 13.780110
v -107.967995 -1.599119 13.780116
v -108.068428 -1.598386 13.780110
v -98.031815 1.293517 13.679681
v -97.931351 1.292422 13.679683
v -98.031815 -1.653442 13.679681
v -97.931351 -1.653805 13.679683
v -97.931236 1.288648 13.780108
v -98.031708 1.290087 13.780105
v -97.931236 -1.653805 13.780108
v -98.031708 -1.653442 13.780105
v -77.928291 1.331737 13.679679
v -77.827850 1.339600 13.679681
v -77.928291 -1.670889 13.679679
v -77.827850 -1.670889 13.679681
v -77.827835 1.343276 13.780107
v -77.928291 1.335776 13.780110
v -77.827835 -1.670889 13.780107
v -77.928291 -1.670889 13.780110
v -88.000801 1.273596 13.679675
v -87.900345 1.270339 13.679671
v -88.000801 -1.670889 13.679675
v -87.900345 -1.670889 13.679671
v -87.900345 1.277355 13.780114
v -88.000786 1.281033 13.780114
v -87.900345 -1.670889 13.780114
v -88.000786 -1.670889 13.780114
v -148.241745 1.887278 13.679698
v -148.141235 1.888287 13.679687
v -148.241745 -1.027907 13.679698
v -148.141235 -1.029988 13.679687
v -148.141205 1.893289 13.780128
v -148.241638 1.891604 13.780128
v -148.141205 -1.029988 13.780128
v -148.241669 -1.027907 13.780124
v -138.205048 1.762786 13.679688
v -138.104630 1.759608 13.679696
v -138.205017 -1.220241 13.679688
v -138.104630 -1.222005 13.679696
v -138.104584 1.755718 13.780124
v -138.204987 1.759003 13.780118
v -138.104584 -1.222005 13.780126
v -138.204987 -1.220241 13.780118
v -118.101608 1.518626 13.679681
v -118.001099 1.518887 13.679681
v -118.101570 -1.507050 13.679679
v -118.001099 -1.508140 13.679681
v -118.001160 1.513012 13.780114
v -118.101639 1.512692 13.780112
v -118.001160 -1.508140 13.780114
v -118.101608 -1.507050 13.780114
v -128.174088 1.665203 13.679692
v -128.073654 1.664955 13.679698
v -128.174088 -1.380212 13.679692
v -128.073624 -1.381647 13.679696
v -128.073578 1.666628 13.780124
v -128.174072 1.666819 13.780126
v -128.073624 -1.381646 13.780128
v -128.174072 -1.380212 13.780126
v -188.415039 3.013093 13.679698
v -188.314545 3.009880 13.679698
v -188.415039 0.038229 13.679698
v -188.314514 0.035016 13.679698
v -188.314484 3.009880 13.780129
v -188.414963 3.013094 13.780128
v -188.314484 0.035016 13.780129
v -188.414963 0.038229 13.780128
v -178.378342 2.730852 13.679692
v -178.277924 2.724991 13.679694
v -178.378342 -0.269866 13.679692
v -178.277924 -0.272816 13.679694
v -178.277893 2.725429 13.780126
v -178.378296 2.731085 13.780133
v -178.277863 -0.272816 13.780135
v -178.378296 -0.269866 13.780133
v -158.274811 2.197629 13.679694
v -158.174347 2.191286 13.679698
v -158.274811 -0.804716 13.679694
v -158.174377 -0.807099 13.679698
v -158.174408 2.191474 13.780129
v -158.274841 2.197713 13.780122
v -158.174408 -0.807099 13.780129
v -158.274841 -0.804716 13.780122
v -168.347305 2.375685 13.679694
v -168.246872 2.377267 13.679698
v -168.347305 -0.550905 13.679694
v -168.246902 -0.553579 13.679696
v -168.246948 2.378721 13.780128
v -168.347382 2.376573 13.780126
v -168.246948 -0.553579 13.780128
v -168.347382 -0.550905 13.780126
v -148.128601 1.907357 -14.430699
v -148.229050 1.909672 -14.422137
v -148.128601 -1.030312 -14.430699
v -148.229050 -1.028232 -14.422136
v -148.229080 1.908616 -14.522572
v -148.128601 1.906645 -14.531137
v -148.229080 -1.028232 -14.522571
v -148.128601 -1.030312 -14.531137
v -158.165253 2.206620 -13.626810
v -158.265732 2.211409 -13.619379
v -158.165253 -0.807402 -13.626810
v -158.265732 -0.805019 -13.619379
v -158.265732 2.212710 -13.719806
v -158.165253 2.208018 -13.727242
v -158.265732 -0.805019 -13.719806
v -158.165253 -0.807402 -13.727242
v -178.268784 2.687364 -12.476831
v -178.369171 2.689910 -12.473108
v -178.268768 -0.273225 -12.476820
v -178.369171 -0.270276 -12.473108
v -178.369171 2.692646 -12.573549
v -178.268784 2.690262 -12.577261
v -178.369171 -0.270276 -12.573549
v -178.268784 -0.273225 -12.577261
v -168.196228 2.399512 -12.959987
v -168.296616 2.397976 -12.954167
v -168.196228 -0.555038 -12.959987
v -168.296661 -0.552367 -12.954165
v -168.296661 2.397110 -13.054595
v -168.196228 2.398459 -13.060416
v -168.296661 -0.552367 -13.054595
v -168.196228 -0.555038 -13.060416
v -107.955360 1.413563 -18.189707
v -108.055794 1.409655 -18.181513
v -107.955360 -1.599225 -18.189707
v -108.055794 -1.598493 -18.181513
v -108.055794 1.413831 -18.281944
v -107.955353 1.417447 -18.290138
v -108.055794 -1.598493 -18.281944
v -107.955353 -1.599225 -18.290138
v -117.991974 1.412939 -17.178135
v -118.092415 1.417679 -17.169119
v -117.992004 -1.508264 -17.178131
v -118.092415 -1.507175 -17.169119
v -118.092438 1.415356 -17.269548
v -117.991974 1.411208 -17.278561
v -118.092438 -1.507175 -17.269548
v -117.991974 -1.508264 -17.278561
v -138.095444 1.826389 -15.322306
v -138.195923 1.828970 -15.313103
v -138.095444 -1.222208 -15.322305
v -138.195923 -1.220444 -15.313103
v -138.195923 1.827607 -15.413547
v -138.095459 1.824773 -15.422744
v -138.195923 -1.220444 -15.413546
v -138.095459 -1.222208 -15.422744
v -128.022980 1.592463 -16.256891
v -128.123352 1.593895 -16.247536
v -128.022980 -1.382401 -16.256891
v -128.123352 -1.380968 -16.247536
v -128.123398 1.593895 -16.347977
v -128.022964 1.592463 -16.357323
v -128.123367 -1.380968 -16.347975
v -128.022934 -1.382401 -16.357321
v -67.782059 1.303968 -19.939457
v -67.882507 1.303968 -19.939442
v -67.782059 -1.670896 -19.939457
v -67.882507 -1.670896 -19.939440
v -67.882507 1.303968 -20.039885
v -67.782074 1.303968 -20.039896
v -67.882507 -1.670896 -20.039885
v -67.782074 -1.670896 -20.039894
v -77.818703 1.337527 -20.090204
v -77.919151 1.333893 -20.087416
v -77.818695 -1.670896 -20.090208
v -77.919151 -1.670896 -20.087425
v -77.919167 1.330390 -20.187853
v -77.818703 1.334128 -20.190636
v -77.919167 -1.670896 -20.187853
v -77.818703 -1.670896 -20.190636
v -97.922142 1.348365 -19.204632
v -98.022629 1.349178 -19.197748
v -97.922165 -1.653847 -19.204632
v -98.022629 -1.653484 -19.197748
v -98.022652 1.345786 -19.298182
v -97.922180 1.345668 -19.305073
v -98.022614 -1.653484 -19.298180
v -97.922218 -1.653847 -19.305069
v -87.849670 1.280743 -19.856735
v -87.950096 1.282641 -19.851658
v -87.849670 -1.670896 -19.856735
v -87.950096 -1.670896 -19.851658
v -87.950119 1.280346 -19.952091
v -87.849663 1.278914 -19.957167
v -87.950119 -1.670896 -19.952091
v -87.849663 -1.670896 -19.957167
v -126.772362 1.574910 -16.373257
v -126.872772 1.576300 -16.363918
v -126.772362 -1.399954 -16.373257
v -126.872772 -1.398563 -16.363918
v -126.872795 1.576300 -16.464354
v -126.772324 1.574910 -16.473701
v -126.872795 -1.398563 -16.464354
v -126.772324 -1.399954 -16.473701
v -126.820030 0.546441 -16.399023
v -126.820030 0.592295 -16.399023
v -128.053192 0.563765 -16.284273
v -128.053192 0.609619 -16.284273
v -126.820068 0.592295 -16.439066
v -126.820030 0.546441 -16.439068
v -128.053162 0.609619 -16.324320
v -128.053162 0.563765 -16.324320
v -128.056244 1.227339 -16.324036
v -128.056244 1.273193 -16.324036
v -126.823120 1.210014 -16.438784
v -126.823082 1.255868 -16.438786
v -128.056244 1.273193 -16.283991
v -128.056244 1.227339 -16.283991
v -126.823120 1.255868 -16.398737
v -126.823120 1.210014 -16.398737
v -126.794525 1.091150 -15.911286
v -126.794525 0.783415 -15.911286
v -126.794495 1.091150 -16.142076
v -126.794495 0.783415 -16.142076
v -126.794533 1.091149 -16.372879
v -126.794533 0.783415 -16.372879
v -126.841110 0.784059 -16.137743
v -126.841118 0.784059 -15.906951
v -126.841110 0.784059 -16.368547
v -126.841110 1.091795 -16.368547
v -126.841110 1.091795 -16.137743
v -126.841118 1.091795 -15.906951
v -126.230148 -0.742064 -16.461773
v -126.225815 -0.742124 -18.857296
v -126.351768 -0.740403 -18.846062
v -126.356064 -0.740343 -16.450552
v -284.302948 23.069376 -459.410187
v -284.356689 23.069607 -459.494537
v -284.302948 20.144390 -459.410187
v -284.356689 20.144390 -459.494537
v -284.272339 23.068556 -459.548279
v -284.218597 23.068666 -459.463928
v -284.272339 20.144390 -459.548279
v -284.218597 20.144390 -459.463928
v -289.672363 23.145428 -467.838501
v -289.726105 23.147823 -467.922852
v -289.672363 20.144388 -467.838501
v -289.726105 20.144388 -467.922852
v -289.641754 23.149111 -467.976562
v -289.588013 23.146812 -467.892242
v -289.641754 20.144388 -467.976562
v -289.588013 20.144388 -467.892242
v -298.005463 23.092239 -484.407562
v -298.032684 23.091837 -484.494446
v -298.005463 20.144388 -484.407562
v -298.032684 20.144388 -484.494446
v -297.937256 23.094561 -484.524353
v -297.910095 23.095125 -484.437622
v -297.937256 20.144388 -484.524353
v -297.910095 20.144388 -484.437622
v -294.553131 23.086174 -475.962952
v -294.594482 23.081985 -476.044159
v -294.553131 20.144388 -475.962952
v -294.594482 20.144388 -476.044159
v -294.505371 23.081137 -476.089539
v -294.464111 23.085138 -476.008484
v -294.505371 20.144388 -476.089539
v -294.464111 20.144388 -476.008484
v -278.792419 23.179813 -450.952423
v -278.892334 23.180630 -450.956787
v -278.792419 20.144394 -450.952423
v -278.892334 20.144394 -450.956787
v -278.887970 23.179285 -451.056702
v -278.788055 23.178217 -451.052338
v -278.887970 20.144394 -451.056702
v -278.788055 20.144394 -451.052338
v -284.628723 23.073473 -411.908508
v -284.574982 23.069452 -411.824158
v -284.628723 20.144382 -411.908508
v -284.574982 20.144382 -411.824158
v -284.659302 23.068598 -411.770416
v -284.713043 23.072182 -411.854767
v -284.659302 20.144382 -411.770416
v -284.713043 20.144382 -411.854767
v -279.857483 23.078672 -404.233521
v -279.820984 23.077948 -404.166779
v -279.857483 20.144382 -404.233521
v -279.820984 20.144382 -404.166779
v -279.908752 23.074186 -404.118866
v -279.945160 23.075254 -404.185455
v -279.908752 20.144382 -404.118866
v -279.945160 20.144382 -404.185455
v -274.862091 23.133997 -389.928040
v -274.849274 23.141830 -389.853058
v -274.862091 20.144384 -389.928040
v -274.849274 20.144384 -389.853058
v -274.947845 23.145510 -389.836273
v -274.960632 23.138039 -389.911072
v -274.947845 20.144384 -389.836273
v -274.960632 20.144384 -389.911072
v -276.772034 23.076069 -397.302673
v -276.747009 23.072832 -397.230865
v -276.772034 20.144382 -397.302673
v -276.747009 20.144382 -397.230865
v -276.841461 23.079824 -397.198029
v -276.866425 23.083481 -397.269684
v -276.841461 20.144382 -397.198029
v -276.866425 20.144382 -397.269684
v -305.141754 23.046936 -445.870880
v -305.093414 23.050003 -445.785980
v -305.141754 20.144382 -445.870880
v -305.093414 20.144382 -445.785980
v -305.181213 23.054991 -445.731873
v -305.229553 23.051250 -445.816772
v -305.181213 20.144382 -445.731873
v -305.229553 20.144382 -445.816772
v -300.268188 23.114592 -437.365143
v -300.218964 23.113184 -437.279816
v -300.268188 20.144384 -437.365143
v -300.218964 20.144384 -437.279816
v -300.306183 23.109306 -437.225464
v -300.355408 23.110819 -437.310822
v -300.306183 20.144384 -437.225464
v -300.355408 20.144384 -437.310822
v -289.996277 23.157074 -420.333923
v -289.942535 23.158419 -420.249542
v -289.996277 20.144384 -420.333923
v -289.942535 20.144384 -420.249542
v -290.026886 23.152584 -420.195831
v -290.080597 23.151180 -420.280182
v -290.026886 20.144384 -420.195831
v -290.080597 20.144384 -420.280182
v -320.523560 23.106415 -489.865387
v -320.521271 23.106415 -489.735107
v -320.523560 20.144384 -489.865387
v -320.521271 20.144384 -489.735107
v -320.621948 23.106415 -489.721954
v -320.624268 23.106415 -489.852417
v -320.621948 20.144384 -489.721954
v -320.624268 20.144384 -489.852417
v -319.076385 23.132154 -477.000336
v -319.049591 23.129251 -476.873779
v -319.076385 20.144384 -477.000336
v -319.049591 20.144384 -476.873779
v -319.148132 23.129690 -476.844452
v -319.174988 23.132387 -476.971130
v -319.148132 20.144384 -476.844421
v -319.174988 20.144384 -476.971161
v -309.924255 23.133780 -454.332886
v -309.876801 23.129837 -454.248352
v -309.924255 20.144386 -454.332886
v -309.876801 20.144386 -454.248352
v -309.965149 23.130016 -454.194519
v -310.012604 23.133858 -454.279053
v -309.965149 20.144386 -454.194519
v -310.012604 20.144386 -454.279053
v -315.230164 23.058340 -464.697754
v -315.179932 23.062569 -464.578583
v -315.230164 20.144386 -464.697754
v -315.179932 20.144386 -464.578583
v -315.273132 23.064018 -464.533661
v -315.323425 23.059223 -464.652985
v -315.273132 20.144386 -464.533661
v -315.323425 20.144386 -464.652985
v -295.938721 23.106438 -429.723602
v -295.988708 23.106438 -429.809265
v -295.938721 20.144407 -429.723602
v -295.988708 20.144407 -429.809265
v -295.902008 23.106438 -429.863861
v -295.851990 23.106438 -429.778168
v -295.902008 20.144407 -429.863861
v -295.851990 20.144407 -429.778168
v -295.315216 23.106438 -428.656311
v -295.365326 23.106438 -428.742065
v -295.315216 20.144407 -428.656311
v -295.365326 20.144407 -428.742065
v -295.278687 23.106438 -428.796692
v -295.228577 23.106438 -428.710938
v -295.278687 20.144407 -428.796692
v -295.228577 20.144407 -428.710938
v -295.312958 22.081749 -428.713440
v -295.312958 22.127405 -428.713440
v -295.927673 22.081749 -429.765778
v -295.927673 22.127405 -429.765778
v -295.278412 22.127405 -428.735229
v -295.278412 22.081749 -428.735229
v -295.893097 22.127405 -429.787537
v -295.893097 22.081749 -429.787537
v -295.894623 22.742416 -429.790131
v -295.894623 22.788073 -429.790131
v -295.279938 22.742416 -428.737823
v -295.279938 22.788073 -428.737823
v -295.929199 22.788073 -429.768372
v -295.929199 22.742416 -429.768372
v -295.314484 22.788073 -428.716064
v -295.314484 22.742416 -428.716064
v -295.486511 22.624460 -430.077972
v -295.486511 22.318052 -430.077972
v -295.685791 22.624460 -429.952545
v -295.685791 22.318052 -429.952545
v -295.885071 22.624460 -429.827118
v -295.885071 22.318052 -429.827118
v -295.662598 22.318052 -429.912781
v -295.463318 22.318052 -430.038208
v -295.861877 22.318052 -429.787354
v -295.861877 22.624460 -429.787354
v -295.662598 22.624460 -429.912781
v -295.463318 22.624460 -430.038208
v -297.008942 20.806873 -426.953156
v -294.942413 20.806873 -428.252716
v -295.004913 20.806873 -428.360535
v -297.071594 20.806873 -427.060974
v -277.789459 19.581154 -398.424622
v -277.666687 19.581156 -398.554047
v -277.614197 19.581156 -398.392059
v -277.451294 27.538403 -398.534210
v -277.328400 27.538403 -398.663635
v -277.275940 27.538403 -398.501709
v -275.613434 27.412407 -399.018066
v -275.637451 27.412407 -399.092010
v -277.339203 27.412407 -398.525543
v -277.363190 27.412407 -398.599548
v -277.363190 27.308983 -398.599548
v -275.637451 27.308983 -399.092010
v -277.339203 27.308983 -398.525543
v -275.613434 27.308983 -399.018066
v -278.940369 19.581152 -454.846893
v -279.039276 19.581152 -454.995575
v -278.869537 19.581152 -455.010742
v -278.910950 25.791079 -454.518707
v -279.009796 25.791079 -454.667114
v -278.839966 25.791079 -454.682312
v -278.959015 25.665081 -455.534637
v -279.036499 25.665081 -455.527710
v -278.877563 25.665081 -454.625885
v -278.955017 25.665081 -454.618896
v -278.955017 25.561657 -454.618896
v -279.036499 25.561661 -455.527710
v -278.877563 25.561657 -454.625885
v -278.959015 25.561661 -455.534637
v -304.929901 19.581154 -436.223572
v -304.838043 19.581154 -436.376495
v -304.751648 19.581154 -436.229645
v -304.623505 25.244532 -436.403961
v -304.531616 25.244532 -436.556824
v -304.445190 25.244532 -436.410095
v -303.725922 25.118536 -436.882355
v -303.765350 25.118536 -436.949310
v -304.512207 25.118536 -436.419617
v -304.551605 25.118536 -436.486633
v -304.551605 25.015112 -436.486633
v -303.765350 25.015112 -436.949310
v -304.512207 25.015112 -436.419617
v -303.725922 25.015112 -436.882355
v -276.885223 19.581148 -490.986328
v -277.032776 19.581150 -490.885986
v -277.049561 19.581150 -491.055573
v -277.238922 25.244528 -490.951172
v -277.386536 25.244528 -490.850952
v -277.403381 25.244528 -491.020447
v -278.254517 25.118532 -490.893524
v -278.246826 25.118532 -490.816223
v -277.346588 25.118532 -490.983612
v -277.339020 25.118532 -490.906189
v -277.339020 25.015108 -490.906189
v -278.246826 25.015108 -490.816223
v -277.346588 25.015108 -490.983612
v -278.254517 25.015108 -490.893524
v -258.632294 5.700340 -33.977058
v -258.706299 5.704786 -34.034019
v -258.632294 2.762679 -33.977058
v -258.706299 2.766893 -34.034019
v -258.644989 5.702536 -34.113575
v -258.571075 5.698435 -34.056664
v -258.644989 2.765699 -34.113575
v -258.571045 2.761486 -34.056641
v -265.767120 6.208727 -39.986984
v -265.835754 6.215564 -40.050293
v -265.767120 3.194685 -39.986996
v -265.835754 3.199117 -40.050289
v -265.767639 6.215538 -40.124088
v -265.699036 6.208800 -40.060837
v -265.767639 3.197797 -40.124088
v -265.699036 3.193366 -40.060837
v -278.315491 7.082361 -53.806973
v -278.371826 7.086782 -53.881447
v -278.315491 4.121737 -53.806965
v -278.371826 4.126563 -53.881447
v -278.291718 7.087995 -53.942001
v -278.235413 7.083737 -53.867580
v -278.291687 4.125039 -53.941986
v -278.235413 4.120214 -53.867596
v -272.336304 6.601939 -46.603035
v -272.399078 6.602366 -46.672207
v -272.336304 3.647408 -46.603035
v -272.399078 3.652041 -46.672207
v -272.324646 6.600084 -46.739651
v -272.261932 6.599470 -46.670555
v -272.324646 3.650611 -46.739651
v -272.261932 3.645978 -46.670555
v -225.633820 4.283288 -16.900709
v -225.723083 4.281865 -16.928322
v -225.633820 1.270448 -16.900709
v -225.723083 1.273663 -16.928322
v -225.693359 4.285511 -17.024252
v -225.604187 4.286644 -16.996675
v -225.693359 1.273138 -17.024252
v -225.604187 1.269925 -16.996681
v -234.416077 4.526225 -20.046894
v -234.502457 4.533350 -20.082302
v -234.416077 1.605040 -20.046894
v -234.502472 1.608524 -20.082306
v -234.464325 4.530304 -20.175217
v -234.377991 4.523772 -20.139839
v -234.464310 1.607807 -20.175205
v -234.377991 1.604325 -20.139839
v -250.994507 5.401710 -28.626383
v -251.073257 5.406514 -28.676546
v -250.994507 2.353137 -28.626383
v -251.073288 2.357122 -28.676563
v -251.019287 5.404111 -28.761240
v -250.940582 5.399054 -28.711128
v -251.019272 2.356070 -28.761248
v -250.940582 2.352087 -28.711111
v -242.879333 4.932523 -23.958324
v -242.962265 4.936725 -24.001263
v -242.879333 1.965773 -23.958324
v -242.962265 1.969514 -24.001265
v -242.916016 4.930844 -24.090412
v -242.833191 4.926399 -24.047525
v -242.916031 1.968622 -24.090422
v -242.833176 1.964883 -24.047520
v -188.301819 3.009473 -12.229632
v -188.402313 3.012687 -12.229631
v -188.301880 0.034609 -12.229630
v -188.402313 0.037821 -12.229630
v -188.402344 3.012687 -12.330063
v -188.301880 3.009473 -12.330060
v -188.402344 0.037821 -12.330063
v -188.301880 0.034609 -12.330060
v -198.080826 3.376365 -12.284845
v -198.174164 3.376190 -12.287913
v -198.080826 0.367988 -12.284845
v -198.174164 0.371449 -12.287913
v -198.170807 3.372697 -12.388288
v -198.077576 3.372974 -12.385220
v -198.170807 0.371449 -12.388288
v -198.077591 0.367988 -12.385224
v -216.610077 3.965836 -14.547804
v -216.701416 3.969206 -14.567375
v -216.610077 0.963659 -14.547804
v -216.701416 0.966588 -14.567375
v -216.680328 3.965502 -14.665562
v -216.589081 3.962828 -14.646008
v -216.680328 0.966272 -14.665562
v -216.589081 0.963344 -14.646008
v -207.376709 3.636468 -13.001053
v -207.469406 3.640992 -13.012406
v -207.376709 0.684852 -13.001053
v -207.469421 0.687484 -13.012408
v -207.457138 3.638608 -13.112080
v -207.364502 3.634553 -13.100740
v -207.457138 0.687392 -13.112080
v -207.364502 0.684763 -13.100740
v -233.409851 4.455667 8.791689
v -233.293396 4.447502 8.790909
v -233.409851 1.513887 8.791689
v -233.293396 1.509758 8.790909
v -233.292664 4.446643 8.891340
v -233.409195 4.454371 8.892122
v -233.292664 1.509759 8.891340
v -233.409195 1.513887 8.892122
v -222.362839 4.058544 8.736492
v -222.248993 4.053896 8.760887
v -222.362808 1.111542 8.736492
v -222.248993 1.107622 8.760887
v -222.270020 4.050119 8.859095
v -222.383987 4.055111 8.834673
v -222.270020 1.107622 8.859095
v -222.383987 1.111542 8.834673
v -199.048264 3.374312 8.721439
v -198.931824 3.378717 8.725283
v -199.048264 0.371745 8.721439
v -198.931824 0.368282 8.725283
v -198.935150 3.382412 8.825655
v -199.051666 3.378370 8.821819
v -198.935150 0.368282 8.825655
v -199.051666 0.371744 8.821819
v -210.727936 3.675325 8.759943
v -210.611496 3.668376 8.760065
v -210.727936 0.730936 8.759943
v -210.611496 0.727238 8.760065
v -210.611603 3.675399 8.860495
v -210.728119 3.682770 8.860376
v -210.611603 0.727238 8.860497
v -210.728119 0.730936 8.860376
v -286.309662 6.228143 -6.222806
v -286.217407 6.226394 -6.151776
v -286.309662 3.313013 -6.222806
v -286.217407 3.308182 -6.151776
v -286.278656 6.231401 -6.072193
v -286.371002 6.232476 -6.143279
v -286.278656 3.308182 -6.072193
v -286.371002 3.313013 -6.143279
v -276.789001 5.821006 0.460937
v -276.690735 5.814918 0.523513
v -276.789001 2.837929 0.460932
v -276.690735 2.833253 0.523513
v -276.744690 5.811021 0.608230
v -276.843048 5.817218 0.545593
v -276.744690 2.833253 0.608232
v -276.843018 2.837929 0.545601
v -246.500809 4.962018 8.795399
v -246.384354 4.959044 8.798149
v -246.500809 1.936276 8.795399
v -246.384354 1.931951 8.798149
v -246.386566 4.953186 8.898554
v -246.503174 4.956100 8.895802
v -246.386627 1.931952 8.898550
v -246.503174 1.936277 8.895802
v -317.420563 8.324333 -40.554314
v -317.358826 8.319018 -40.455563
v -317.420563 5.349468 -40.554314
v -317.358826 5.344153 -40.455563
v -317.444031 8.319016 -40.402363
v -317.505768 8.324331 -40.501156
v -317.444031 5.344152 -40.402363
v -317.505798 5.349467 -40.501175
v -310.826599 7.823875 -30.971233
v -310.756348 7.815749 -30.878363
v -310.826599 4.823162 -30.971233
v -310.756348 4.817946 -30.878363
v -310.836456 7.816186 -30.817801
v -310.906769 7.824110 -30.910744
v -310.836426 4.817945 -30.817764
v -310.906769 4.823161 -30.910744
v -295.196075 6.805088 -13.723157
v -295.110443 6.796155 -13.644181
v -295.196045 3.802741 -13.723130
v -295.110443 3.797768 -13.644178
v -295.178467 6.796335 -13.570296
v -295.264160 6.805166 -13.649331
v -295.178467 3.797769 -13.570295
v -295.264160 3.802742 -13.649330
v -303.411926 7.234506 -22.016769
v -303.333679 7.233652 -21.930470
v -303.411926 4.307926 -22.016769
v -303.333679 4.302824 -21.930470
v -303.408020 7.235106 -21.862946
v -303.486328 7.235393 -21.949306
v -303.408020 4.302824 -21.862942
v -303.486328 4.307927 -21.949306
v -263.187347 5.404127 7.327692
v -263.290222 5.408655 7.272944
v -263.187347 2.429261 7.327690
v -263.290222 2.433789 7.272947
v -263.242920 5.408656 7.184347
v -263.140137 5.404129 7.239037
v -263.242920 2.433790 7.184347
v -263.140137 2.429262 7.239037
v -261.902405 5.347898 8.001585
v -262.005890 5.352405 7.947982
v -261.902405 2.373034 8.001585
v -262.005890 2.377540 7.947983
v -261.959564 5.352405 7.858861
v -261.856201 5.347898 7.912408
v -261.959564 2.377539 7.858862
v -261.856201 2.373035 7.912409
v -261.937622 4.320908 7.949354
v -261.937622 4.366760 7.949354
v -263.204071 4.376359 7.284605
v -263.204071 4.422213 7.284605
v -261.919189 4.366760 7.913796
v -261.919189 4.320908 7.913796
v -263.185242 4.422213 7.249256
v -263.185242 4.376359 7.249256
v -263.188385 5.040028 7.247594
v -263.188385 5.085880 7.247594
v -261.922333 4.984574 7.912174
v -261.922333 5.030428 7.912174
v -263.207184 5.085880 7.282944
v -263.207184 5.040028 7.282944
v -261.940735 5.030428 7.947724
v -261.940735 4.984574 7.947724
v -262.986359 4.922754 6.802331
v -262.986359 4.615019 6.802331
v -263.094696 4.922757 7.006114
v -263.094696 4.615022 7.006114
v -263.203156 4.922755 7.209864
v -263.203186 4.615020 7.209838
v -263.047058 4.612919 7.031452
v -262.938782 4.612917 6.827632
v -263.155457 4.612918 7.235223
v -263.155457 4.920653 7.235223
v -263.047058 4.920654 7.031452
v -262.938782 4.920652 6.827632
v -262.052765 3.014076 10.133934
v -260.957947 3.013883 8.003698
v -261.087616 3.019522 7.936762
v -262.184845 3.019715 10.065771
v -188.617493 3.374312 8.702362
v -188.501007 3.378717 8.701668
v -188.617493 0.371745 8.702362
v -188.501007 0.368282 8.701668
v -188.500412 3.382412 8.802095
v -188.616989 3.378370 8.802799
v -188.500412 0.368282 8.802095
v -188.616989 0.371744 8.802799
v -265.537231 3.393350 -40.018456
v -265.584137 3.393336 -39.846317
v -265.707214 3.393359 -39.964211
v -265.537231 12.698116 -40.018456
v -265.584137 12.698104 -39.846317
v -265.707214 12.698125 -39.964211
v -267.155792 12.572124 -38.362175
v -267.099579 12.572112 -38.308327
v -265.640045 12.572124 -39.973190
v -265.583832 12.572112 -39.919342
v -265.583832 12.468690 -39.919350
v -267.099579 12.468691 -38.308327
v -265.640045 12.468700 -39.973202
v -267.155792 12.468700 -38.362175
v -246.077820 1.931410 -25.656149
v -246.101898 1.930154 -25.479357
v -246.239273 1.932665 -25.580221
v -245.882690 11.546642 -25.921896
v -245.906769 11.545386 -25.745108
v -246.044159 11.547897 -25.845972
v -248.140762 11.421277 -22.332581
v -248.078018 11.420130 -22.286520
v -245.978729 11.421278 -25.863619
v -245.915970 11.420131 -25.817556
v -245.915970 11.316709 -25.817562
v -248.078018 11.316707 -22.286520
v -245.978729 11.317854 -25.863625
v -248.140762 11.317854 -22.332581
v -221.476105 1.295880 -16.135492
v -221.440872 1.294181 -15.960590
v -221.603729 1.297579 -16.010799
v -221.580856 10.364566 -15.795732
v -221.545624 10.362866 -15.620833
v -221.708481 10.366264 -15.671041
v -222.736420 10.239424 -12.012230
v -222.662033 10.237872 -11.989299
v -221.652466 10.239424 -15.709185
v -221.578049 10.237872 -15.686252
v -221.578049 10.134450 -15.686256
v -222.662033 10.134450 -11.989299
v -221.652451 10.136001 -15.709185
v -222.736420 10.136001 -12.012230
v -310.755005 11.978348 -132.846390
v -310.764954 11.984512 -132.937546
v -310.755005 9.040682 -132.846390
v -310.764923 9.046610 -132.937546
v -310.665100 11.981834 -132.948303
v -310.655151 11.976012 -132.857269
v -310.665100 9.044986 -132.948303
v -310.655151 9.039057 -132.857269
v -311.257690 12.649874 -141.989807
v -311.257721 12.658263 -142.081543
v -311.257690 9.635851 -141.989807
v -311.257721 9.641834 -142.081512
v -311.157288 12.658011 -142.081421
v -311.157288 12.649716 -141.989807
v -311.157257 9.640279 -142.081421
v -311.157257 9.634295 -141.989822
v -309.285004 13.801820 -160.209488
v -309.265228 13.807473 -160.299088
v -309.285004 10.841231 -160.209488
v -309.265228 10.847288 -160.299057
v -309.167175 13.808846 -160.277374
v -309.186920 13.803353 -160.187851
v -309.167175 10.845926 -160.277313
v -309.186920 10.839867 -160.187851
v -310.768585 13.190090 -151.132462
v -310.758667 13.191902 -151.223694
v -310.768585 10.235537 -151.132462
v -310.758667 10.241562 -151.223694
v -310.658844 13.189571 -151.212708
v -310.668732 13.187566 -151.121613
v -310.658844 10.240094 -151.212708
v -310.668732 10.234069 -151.121613
v -299.592926 9.746708 -96.755760
v -299.630554 9.747642 -96.848915
v -299.592926 6.733920 -96.755760
v -299.630554 6.739494 -96.848915
v -299.537445 9.750074 -96.886513
v -299.499786 9.748848 -96.793365
v -299.537445 6.737750 -96.886513
v -299.499786 6.732176 -96.793358
v -303.352722 10.217422 -106.061592
v -303.390320 10.226753 -106.154709
v -303.352722 7.296218 -106.061592
v -303.390320 7.301900 -106.154709
v -303.297211 10.222691 -106.192322
v -303.259583 10.213950 -106.099174
v -303.297211 7.300161 -106.192322
v -303.259583 7.294479 -106.099220
v -309.267395 11.500510 -123.817871
v -309.287109 11.507188 -123.907333
v -309.267395 8.451913 -123.817871
v -309.287109 8.457772 -123.907349
v -309.188995 11.504145 -123.928848
v -309.169312 11.497213 -123.839478
v -309.188995 8.456093 -123.928833
v -309.169281 8.450233 -123.839485
v -306.801544 10.843282 -114.972809
v -306.830872 10.849058 -115.059601
v -306.801575 7.868417 -114.972824
v -306.830872 7.874192 -115.059601
v -306.735657 10.847341 -115.091621
v -306.706390 10.841563 -115.004944
v -306.735657 7.872476 -115.091629
v -306.706390 7.866699 -115.004944
v -283.609406 7.587425 -61.484261
v -283.658936 7.592428 -61.563465
v -283.609406 4.612562 -61.484257
v -283.658936 4.617564 -61.563457
v -283.573730 7.590828 -61.616642
v -283.524261 7.585827 -61.537514
v -283.573730 4.615964 -61.616642
v -283.524261 4.610962 -61.537514
v -288.201996 8.128891 -69.604179
v -288.244232 8.130421 -69.687408
v -288.201996 5.120469 -69.604179
v -288.244232 5.125633 -69.687408
v -288.154663 8.125257 -69.732826
v -288.112427 8.123833 -69.649666
v -288.154663 5.123973 -69.732826
v -288.112427 5.118809 -69.649666
v -295.834442 9.185603 -87.453171
v -295.872070 9.191502 -87.546310
v -295.834442 6.183390 -87.453171
v -295.872070 6.188840 -87.546303
v -295.778931 9.186378 -87.583923
v -295.741302 9.181173 -87.490776
v -295.778931 6.187106 -87.583923
v -295.741302 6.181657 -87.490776
v -292.061188 8.595320 -78.114090
v -292.098816 8.602531 -78.207214
v -292.061188 5.643680 -78.114090
v -292.098816 5.648993 -78.207214
v -292.005707 8.598532 -78.244827
v -291.968079 8.591786 -78.151718
v -292.005707 5.647288 -78.244827
v -291.968079 5.641975 -78.151718
v -335.437012 10.478909 -79.858994
v -335.399384 10.469288 -79.765877
v -335.437012 7.537145 -79.858994
v -335.399384 7.531558 -79.765877
v -335.492523 10.468435 -79.728271
v -335.530121 10.477616 -79.821381
v -335.492523 7.531557 -79.728287
v -335.530151 7.537143 -79.821411
v -331.677246 9.928085 -70.553246
v -331.639618 9.921815 -70.460129
v -331.677246 6.981128 -70.553238
v -331.639618 6.975588 -70.460129
v -331.732697 9.918043 -70.422432
v -331.770325 9.924658 -70.515556
v -331.732697 6.975590 -70.422432
v -331.770325 6.981128 -70.515556
v -323.135406 8.887656 -50.681747
v -323.082672 8.890114 -50.577877
v -323.135406 5.885030 -50.681747
v -323.082672 5.879625 -50.577873
v -323.172150 8.893791 -50.532307
v -323.224945 8.891698 -50.636261
v -323.172150 5.879627 -50.532307
v -323.224945 5.885032 -50.636261
v -327.919556 9.375310 -61.252682
v -327.881927 9.366574 -61.159542
v -327.919556 6.430825 -61.252708
v -327.881927 6.425346 -61.159542
v -327.975037 9.373592 -61.121906
v -328.012665 9.382748 -61.215019
v -327.975037 6.425348 -61.121906
v -328.012665 6.430827 -61.215019
v -339.308838 12.705124 -125.445740
v -339.295868 12.702572 -125.326614
v -339.308838 9.789935 -125.445740
v -339.295868 9.784294 -125.326614
v -339.395691 12.707573 -125.315544
v -339.408661 12.709451 -125.434761
v -339.395691 9.784295 -125.315544
v -339.408661 9.789937 -125.434761
v -340.803040 12.208749 -111.242386
v -340.777252 12.201683 -111.125381
v -340.803040 9.225721 -111.242386
v -340.777252 9.220070 -111.125381
v -340.875305 12.197794 -111.103607
v -340.901093 12.204967 -111.220657
v -340.875305 9.220072 -111.103607
v -340.901093 9.225722 -111.220657
v -339.195496 11.122714 -89.161591
v -339.157867 11.118443 -89.068474
v -339.195496 8.097037 -89.161591
v -339.157867 8.091416 -89.068474
v -339.251007 11.112568 -89.030884
v -339.288635 11.116779 -89.124008
v -339.251007 8.091416 -89.030884
v -339.288635 8.097035 -89.124008
v -342.636108 11.707269 -99.593491
v -342.597839 11.702814 -99.480072
v -342.636078 8.661855 -99.593460
v -342.597839 8.656214 -99.480034
v -342.692932 11.704488 -99.447769
v -342.731232 11.708885 -99.561302
v -342.692932 8.656215 -99.447769
v -342.731232 8.661856 -99.561302
v -331.349670 14.996607 -177.427887
v -331.388000 14.991127 -177.314285
v -331.349670 12.021744 -177.427887
v -331.388000 12.016263 -177.314285
v -331.483246 14.991128 -177.346191
v -331.444885 14.996609 -177.459900
v -331.483246 12.016265 -177.346191
v -331.444885 12.021746 -177.459900
v -334.563660 14.471560 -165.891586
v -334.589447 14.463108 -165.774536
v -334.563660 11.470841 -165.891586
v -334.589447 11.465300 -165.774536
v -334.687561 14.463546 -165.795959
v -334.661743 14.471794 -165.913147
v -334.687561 11.465301 -165.795959
v -334.661743 11.470843 -165.913147
v -337.760559 13.355000 -140.931610
v -337.760559 13.345415 -140.811829
v -337.760559 10.352655 -140.931610
v -337.760559 10.347031 -140.811829
v -337.860992 13.345602 -140.811691
v -337.860992 13.355085 -140.931549
v -337.860992 10.347030 -140.811691
v -337.860992 10.352654 -140.931549
v -336.509308 13.841504 -154.085770
v -336.522308 13.840176 -153.966553
v -336.509308 10.914917 -154.085770
v -336.522308 10.909330 -153.966553
v -336.622162 13.841629 -153.977295
v -336.609161 13.842393 -154.096619
v -336.622162 10.909329 -153.977295
v -336.609161 10.914915 -154.096619
v -306.428741 10.771430 -113.895103
v -306.459229 10.777194 -113.981461
v -306.428741 7.796566 -113.895103
v -306.459229 7.802332 -113.981415
v -306.364471 10.775475 -114.014771
v -306.334045 10.769709 -113.928513
v -306.364471 7.800609 -114.014771
v -306.334045 7.794845 -113.928513
v -306.414764 9.744519 -113.946136
v -306.414764 9.790371 -113.946136
v -306.781769 9.815373 -115.008575
v -306.781769 9.861227 -115.008575
v -306.376984 9.789686 -113.959450
v -306.376984 9.743833 -113.959450
v -306.743835 9.860540 -115.021393
v -306.743835 9.814688 -115.021393
v -306.744720 10.478391 -115.023987
v -306.744720 10.524243 -115.024002
v -306.377899 10.407539 -113.962051
v -306.377899 10.453391 -113.962051
v -306.782654 10.524929 -115.011185
v -306.782654 10.479075 -115.011185
v -306.415680 10.454079 -113.948730
v -306.415649 10.408227 -113.948738
v -306.869232 10.296731 -113.761223
v -306.869232 9.988996 -113.761215
v -306.651550 10.292624 -113.837952
v -306.651550 9.984890 -113.837952
v -306.433899 10.288605 -113.914688
v -306.433899 9.980870 -113.914688
v -306.665741 9.987564 -113.878166
v -306.883453 9.991671 -113.801529
v -306.448059 9.983545 -113.954788
v -306.448059 10.291282 -113.954788
v -306.665741 10.295301 -113.878159
v -306.883453 10.299407 -113.801529
v -306.226685 8.430139 -113.442307
v -303.971375 8.393245 -114.248550
v -304.008667 8.400470 -114.353699
v -306.265076 8.437352 -113.550499
v -311.072357 9.011037 -139.311432
v -311.225769 9.011021 -139.220367
v -311.232239 9.011043 -139.390686
v -311.072357 18.820023 -139.311432
v -311.225769 18.820011 -139.220367
v -311.232239 18.820030 -139.390671
v -314.468475 18.694035 -139.338989
v -314.465576 18.694021 -139.261200
v -311.177704 18.694035 -139.350418
v -311.174774 18.694021 -139.272614
v -311.174774 18.590599 -139.272614
v -314.465576 18.590599 -139.261200
v -311.177704 18.590607 -139.350418
v -314.468475 18.590607 -139.338989
v -305.063263 7.283983 -110.170700
v -305.193451 7.282725 -110.048706
v -305.236420 7.285238 -110.213638
v -304.744202 17.403439 -110.253830
v -304.874420 17.402182 -110.131836
v -304.917389 17.404692 -110.296783
v -307.717743 17.278070 -109.431351
v -307.698120 17.276926 -109.356049
v -304.855469 17.278072 -110.269196
v -304.835846 17.276926 -110.193871
v -304.835846 17.173504 -110.193871
v -307.698120 17.173502 -109.356049
v -304.855469 17.174650 -110.269196
v -307.717743 17.174650 -109.431351
v -293.630005 6.059774 -83.099144
v -293.739838 6.058076 -82.958534
v -293.807709 6.061474 -83.114845
v -293.956085 15.128460 -82.957504
v -294.065948 15.126761 -82.816887
v -294.133850 15.130158 -82.973213
v -299.163757 15.003321 -81.107613
v -299.132751 15.001770 -81.036194
v -294.068420 15.003319 -82.955498
v -294.037384 15.001765 -82.884125
v -294.037384 14.898343 -82.884102
v -299.132751 14.898344 -81.036194
v -294.068420 14.899896 -82.955521
v -299.163757 14.899897 -81.107613
v -283.199036 4.725138 -60.599091
v -283.281708 4.723756 -60.440968
v -283.376709 4.726522 -60.582481
v -283.084198 14.411745 -60.676186
v -283.166870 14.410363 -60.518051
v -283.261841 14.413129 -60.659565
v -286.817352 14.286443 -58.369560
v -286.773987 14.285179 -58.304955
v -283.194305 14.286445 -60.653961
v -283.150940 14.285180 -60.589336
v -283.150909 14.181758 -60.589336
v -286.773987 14.181756 -58.304955
v -283.194305 14.183021 -60.653946
v -286.817352 14.183021 -58.369560
v -329.981873 6.217442 -65.210876
v -329.874847 6.215743 -65.353607
v -329.803925 6.219142 -65.198639
v -329.658600 15.790349 -65.358849
v -329.551575 15.788650 -65.501587
v -329.480621 15.792047 -65.346626
v -324.488098 15.665210 -67.310097
v -324.520508 15.663659 -67.380905
v -329.546387 15.665210 -65.363052
v -329.578766 15.663657 -65.433807
v -329.578796 15.560235 -65.433830
v -324.520508 15.560235 -67.380905
v -329.546387 15.561788 -65.363037
v -324.488098 15.561787 -67.310097
v -682.396423 13.922197 -126.608505
v -682.264648 13.922197 -126.488182
v -682.425781 13.922197 -126.432518
v -682.504089 20.132124 -126.920120
v -682.372314 20.132124 -126.799797
v -682.533447 20.132124 -126.744133
v -682.212769 20.006126 -125.945724
v -682.139160 20.006126 -125.971146
v -682.510742 20.006126 -126.808006
v -682.437195 20.006126 -126.833420
v -682.437195 19.902704 -126.833420
v -682.139160 19.902704 -125.971146
v -682.510742 19.902704 -126.808006
v -682.212769 19.902704 -125.945724
v -320.866058 19.973032 -496.939240
v -320.702759 19.971775 -497.011108
v -320.716980 19.974287 -496.841248
v -321.194641 30.092487 -496.966797
v -321.031311 30.091230 -497.038605
v -321.045563 30.093740 -496.868774
v -316.954468 29.967121 -496.916748
v -316.947968 29.965973 -496.994324
v -321.094849 29.967123 -496.915314
v -321.088379 29.965977 -496.992889
v -321.088379 29.862555 -496.992889
v -316.947968 29.862553 -496.994324
v -321.094849 29.863697 -496.915314
v -316.954468 29.863697 -496.916748
v -321.143860 19.936783 -543.264465
v -320.987640 19.935085 -543.350525
v -320.986664 19.938482 -543.180115
v -320.788361 29.509689 -543.266479
v -320.632141 29.507990 -543.352661
v -320.631104 29.511391 -543.182190
v -316.832520 29.384546 -543.300110
v -316.832947 29.382994 -543.377991
v -320.684326 29.384546 -543.224182
v -320.684784 29.382992 -543.302002
v -320.684814 29.279570 -543.302002
v -316.832947 29.279570 -543.377991
v -320.684326 29.281120 -543.224182
v -316.832520 29.281120 -543.300110
v -320.717682 19.529081 -578.988525
v -320.559998 19.527697 -579.072021
v -320.561859 19.530460 -578.901672
v -320.855988 29.719904 -578.989990
v -320.698364 29.718523 -579.073547
v -320.700165 29.721289 -578.903137
v -316.480011 29.594606 -578.900269
v -316.479156 29.593338 -578.978088
v -320.752655 29.594606 -578.945984
v -320.751831 29.593338 -579.023804
v -320.751831 29.489916 -579.023804
v -316.479156 29.489916 -578.978088
v -320.752625 29.491179 -578.945984
v -316.480011 29.491179 -578.900269
v -302.368469 20.928219 -622.701172
v -302.370911 20.920778 -622.801697
v -302.368469 18.003231 -622.701172
v -302.370911 17.995564 -622.801758
v -302.281982 20.919729 -622.801758
v -302.279541 20.927507 -622.701172
v -302.281982 17.995564 -622.801758
v -302.279541 18.003231 -622.701172
v -302.596802 20.181627 -632.758728
v -302.598907 20.175238 -632.859375
v -302.596802 17.180588 -632.758728
v -302.598907 17.171803 -632.859375
v -302.509003 20.176523 -632.859375
v -302.506927 20.183012 -632.758728
v -302.509003 17.171801 -632.859375
v -302.506927 17.180588 -632.758728
v -302.940765 18.171886 -652.929749
v -302.942108 18.160782 -653.030640
v -302.940765 15.224033 -652.929749
v -302.942108 15.213334 -653.030640
v -302.850220 18.163506 -653.030640
v -302.848907 18.174772 -652.929749
v -302.850220 15.213331 -653.030640
v -302.848907 15.224035 -652.929749
v -302.787354 19.193960 -642.819092
v -302.789062 19.179974 -642.919922
v -302.787354 16.252174 -642.819092
v -302.789062 16.242374 -642.919922
v -302.698181 19.179121 -642.919922
v -302.696472 19.192924 -642.819092
v -302.698181 16.242373 -642.919922
v -302.696472 16.252172 -642.819092
v -301.076721 23.012348 -582.529846
v -301.080719 23.005630 -582.630127
v -301.076721 20.012506 -582.529846
v -301.080719 20.010406 -582.630127
v -300.995636 23.009781 -582.630127
v -300.991669 23.016209 -582.529846
v -300.995636 20.010403 -582.630127
v -300.991669 20.012503 -582.529846
v -301.456085 22.633457 -592.553101
v -301.459686 22.633429 -592.653503
v -301.456085 19.724874 -592.553101
v -301.459686 19.721220 -592.653503
v -301.373657 22.631111 -592.653503
v -301.370056 22.631727 -592.553162
v -301.373657 19.721222 -592.653503
v -301.370056 19.724874 -592.553162
v -302.102478 21.743822 -612.655579
v -302.105316 21.738192 -612.756165
v -302.102478 18.708401 -612.655579
v -302.105316 18.701956 -612.756165
v -302.017365 21.736847 -612.756165
v -302.014526 21.742222 -612.655640
v -302.017365 18.701956 -612.756165
v -302.014526 18.708399 -612.655579
v -301.797516 22.241413 -602.579285
v -301.800751 22.236771 -602.679749
v -301.797516 19.287462 -602.579285
v -301.800751 19.282360 -602.679749
v -301.713745 22.231804 -602.679749
v -301.710541 22.236202 -602.579285
v -301.713745 19.282360 -602.679749
v -301.710541 19.287460 -602.579285
v -300.554016 23.106430 -542.491211
v -300.551086 23.106430 -542.591248
v -300.554016 20.144400 -542.491211
v -300.551086 20.144400 -542.591248
v -300.469757 23.106430 -542.591248
v -300.472717 23.106430 -542.491211
v -300.469757 20.144400 -542.591248
v -300.472717 20.144400 -542.491211
v -299.710999 23.139759 -552.484619
v -299.716125 23.136139 -552.584656
v -299.710999 20.144361 -552.484619
v -299.716125 20.144360 -552.584656
v -299.633850 23.132660 -552.584656
v -299.628754 23.136383 -552.484619
v -299.633850 20.144361 -552.584656
v -299.628754 20.144360 -552.484619
v -300.659821 23.128347 -572.518555
v -300.664185 23.128353 -572.618713
v -300.659821 20.139120 -572.518555
v -300.664185 20.138687 -572.618713
v -300.580048 23.124977 -572.618713
v -300.575684 23.125664 -572.518555
v -300.580048 20.138687 -572.618713
v -300.575684 20.139120 -572.518555
v -300.203339 23.083244 -562.476624
v -300.208069 23.085131 -562.576660
v -300.203339 20.144361 -562.476624
v -300.208069 20.144363 -562.576660
v -300.124878 23.082846 -562.576660
v -300.120178 23.081425 -562.476624
v -300.124878 20.144361 -562.576660
v -300.120178 20.144361 -562.476624
v -320.491211 22.939219 -582.603760
v -320.491211 22.937298 -582.503784
v -320.491211 20.010126 -582.603760
v -320.491211 20.012226 -582.503784
v -320.591217 22.936443 -582.503784
v -320.591217 22.937925 -582.603760
v -320.591217 20.012226 -582.503784
v -320.591217 20.010126 -582.603760
v -320.491211 23.072918 -572.610474
v -320.491211 23.072630 -572.510437
v -320.491211 20.138628 -572.610474
v -320.491211 20.139065 -572.510437
v -320.591217 23.068869 -572.510437
v -320.591217 23.069502 -572.610474
v -320.591217 20.139065 -572.510437
v -320.591217 20.138628 -572.610474
v -320.491211 23.133955 -552.593689
v -320.491211 23.141788 -552.493713
v -320.491211 20.144341 -552.593689
v -320.491211 20.144341 -552.493713
v -320.591217 23.145468 -552.493713
v -320.591217 23.137997 -552.593689
v -320.591217 20.144341 -552.493713
v -320.591217 20.144341 -552.593689
v -320.491211 23.076029 -562.622742
v -320.491211 23.072792 -562.522766
v -320.491211 20.144341 -562.622742
v -320.491211 20.144341 -562.522766
v -320.591217 23.079784 -562.522766
v -320.591217 23.083441 -562.622742
v -320.591217 20.144341 -562.522766
v -320.591217 20.144341 -562.622742
v -320.491211 20.897146 -622.603760
v -320.491211 20.907887 -622.503723
v -320.491211 17.994593 -622.603760
v -320.491211 18.002266 -622.503723
v -320.591187 20.912874 -622.503723
v -320.591217 20.901463 -622.603760
v -320.591187 18.002264 -622.503723
v -320.591217 17.994593 -622.603760
v -320.491211 21.671570 -612.610413
v -320.491211 21.676607 -612.510376
v -320.491211 18.701363 -612.610413
v -320.491211 18.707806 -612.510376
v -320.591217 21.672729 -612.510376
v -320.591217 21.667799 -612.610413
v -320.591217 18.707806 -612.510376
v -320.591217 18.701363 -612.610413
v -320.491211 22.733568 -592.593689
v -320.491211 22.738569 -592.493652
v -320.491211 19.720877 -592.593689
v -320.491211 19.724535 -592.493652
v -320.591217 22.732735 -592.493652
v -320.591187 22.727674 -592.593689
v -320.591217 19.724535 -592.493652
v -320.591187 19.720877 -592.593689
v -320.491211 17.064449 -662.603760
v -320.491211 17.075939 -662.503723
v -320.491211 14.102418 -662.603760
v -320.491211 14.113909 -662.503723
v -320.591187 17.075939 -662.503784
v -320.591187 17.064449 -662.603760
v -320.591187 14.113909 -662.503723
v -320.591187 14.102418 -662.603760
v -320.491211 18.200134 -652.610352
v -320.491211 18.207932 -652.510376
v -320.491211 15.212363 -652.610352
v -320.491211 15.223063 -652.510376
v -320.591187 18.208370 -652.510376
v -320.591187 18.200367 -652.610413
v -320.591187 15.223063 -652.510376
v -320.591187 15.212363 -652.610413
v -320.491211 20.160397 -632.593628
v -320.491211 20.165243 -632.493652
v -320.491211 17.171003 -632.593628
v -320.491211 17.179792 -632.493652
v -320.591217 20.165422 -632.493652
v -320.591187 20.160475 -632.593628
v -320.591217 17.179792 -632.493652
v -320.591187 17.171001 -632.593628
v -320.491211 19.151384 -642.622742
v -320.491211 19.165417 -642.522705
v -320.491211 16.237431 -642.622742
v -320.491211 16.247232 -642.522705
v -320.591187 19.166864 -642.522705
v -320.591187 19.152267 -642.622742
v -320.591187 16.247232 -642.522705
v -320.591187 16.237431 -642.622742
v -320.579651 22.184383 -603.729309
v -320.579651 22.179110 -603.829285
v -320.579651 19.222353 -603.729309
v -320.579651 19.217079 -603.829285
v -320.479675 22.179110 -603.829285
v -320.479675 22.184383 -603.729248
v -320.479675 19.217079 -603.829285
v -320.479675 19.222353 -603.729248
v -320.579651 22.248907 -602.484070
v -320.579651 22.243805 -602.584045
v -320.579651 19.286877 -602.484070
v -320.579651 19.281773 -602.584045
v -320.479675 22.243805 -602.584045
v -320.479675 22.248907 -602.484070
v -320.479675 19.281773 -602.584045
v -320.479675 19.286877 -602.484070
v -320.549591 21.221796 -602.531555
v -320.549591 21.267452 -602.531555
v -320.549591 21.158110 -603.759338
v -320.549591 21.203766 -603.759338
v -320.509735 21.267452 -602.531555
v -320.509735 21.221796 -602.531555
v -320.509735 21.203766 -603.759338
v -320.509735 21.158110 -603.759338
v -320.509735 21.818619 -603.762390
v -320.509735 21.864273 -603.762390
v -320.509735 21.882311 -602.534607
v -320.509735 21.927965 -602.534607
v -320.549591 21.864273 -603.762390
v -320.549591 21.818619 -603.762390
v -320.549591 21.927965 -602.534607
v -320.549591 21.882311 -602.534607
v -320.023865 21.699265 -603.788818
v -320.023865 21.392857 -603.788818
v -320.253662 21.699265 -603.788818
v -320.253662 21.392859 -603.788818
v -320.483459 21.699265 -603.788818
v -320.483459 21.392859 -603.788818
v -320.253662 21.395306 -603.742432
v -320.023865 21.395306 -603.742432
v -320.483459 21.395306 -603.742432
v -320.483459 21.701714 -603.742432
v -320.253662 21.701714 -603.742432
v -320.023865 21.701714 -603.742432
v -322.849121 19.976646 -601.944214
v -320.464355 19.976862 -601.939880
v -320.463867 19.970556 -602.065308
v -322.848633 19.970341 -602.069580
v -354.760315 20.061329 -662.545105
v -354.916412 20.071072 -662.460266
v -354.916412 20.051579 -662.629944
v -354.760315 25.935341 -662.545105
v -354.916412 25.945084 -662.460266
v -354.916412 25.925591 -662.629944
v -355.772064 25.804977 -662.587830
v -355.772064 25.813881 -662.510315
v -354.863678 25.804974 -662.587830
v -354.863678 25.813881 -662.510315
v -354.863678 25.710903 -662.510315
v -355.772064 25.710903 -662.510315
v -354.863678 25.702000 -662.587830
v -355.772064 25.702000 -662.587830
v -354.760315 21.578903 -633.392517
v -354.916382 21.586432 -633.307678
v -354.916382 21.571367 -633.477356
v -354.432037 27.762041 -633.392517
v -354.588135 27.769569 -633.307678
v -354.588135 27.754503 -633.477356
v -355.443787 27.632793 -633.435242
v -355.443787 27.639675 -633.357727
v -354.535400 27.632793 -633.435242
v -354.535400 27.639675 -633.357727
v -354.535400 27.536697 -633.357727
v -355.443787 27.536697 -633.357727
v -354.535400 27.529816 -633.435242
v -355.443787 27.529816 -633.435242
v -351.326477 22.109493 -605.000305
v -351.482544 22.114107 -604.915466
v -351.482544 22.104872 -605.085144
v -351.680481 27.748440 -605.000305
v -351.836578 27.753052 -604.915466
v -351.836578 27.743818 -605.085144
v -352.692230 27.620659 -605.043030
v -352.692230 27.624878 -604.965515
v -351.783844 27.620659 -605.043030
v -351.783844 27.624878 -604.965515
v -351.783844 27.521900 -604.965515
v -352.692230 27.521900 -604.965515
v -351.783844 27.517683 -605.043030
v -352.692230 27.517683 -605.043030
v -349.063110 23.062433 -576.610107
v -349.219177 23.063383 -576.525269
v -349.219177 23.061476 -576.694946
v -348.925385 29.316637 -576.610107
v -349.081451 29.317583 -576.525269
v -349.081451 29.315676 -576.694946
v -349.937134 29.190699 -576.652832
v -349.937134 29.191572 -576.575317
v -349.028748 29.190699 -576.652832
v -349.028748 29.191572 -576.575317
v -349.028748 29.088594 -576.575317
v -349.937134 29.088594 -576.575317
v -349.028748 29.087725 -576.652832
v -349.937134 29.087725 -576.652832
v -300.513062 23.144190 -532.491333
v -300.513092 23.139570 -532.591370
v -300.513062 20.144400 -532.491333
v -300.513092 20.144400 -532.591370
v -300.413086 23.143728 -532.591370
v -300.413086 23.148058 -532.491333
v -300.413086 20.144400 -532.591370
v -300.413086 20.144400 -532.491333
v -300.513062 23.052999 -542.484680
v -300.513062 23.056635 -542.584717
v -300.513062 20.144400 -542.484680
v -300.513062 20.144400 -542.584717
v -300.413055 23.054321 -542.584717
v -300.413086 23.051275 -542.484680
v -300.413055 20.144400 -542.584717
v -300.413086 20.144400 -542.484680
v -299.996826 23.106434 -493.266663
v -300.009247 23.106434 -493.356781
v -299.996826 20.144403 -493.266663
v -300.009247 20.144403 -493.356781
v -299.910187 23.106434 -493.370422
v -299.897797 23.106434 -493.280487
v -299.910187 20.144403 -493.370422
v -299.897797 20.144403 -493.280487
v -300.513062 23.139849 -502.484711
v -300.513092 23.136230 -502.584717
v -300.513062 20.144403 -502.484711
v -300.513092 20.144403 -502.584717
v -300.413086 23.132744 -502.584717
v -300.413086 23.136463 -502.484711
v -300.413086 20.144403 -502.584717
v -300.413086 20.144403 -502.484711
v -300.513062 23.133663 -522.501465
v -300.513062 23.134111 -522.601501
v -300.513062 20.144403 -522.501465
v -300.513062 20.144403 -522.601501
v -300.413086 23.130733 -522.601501
v -300.413086 23.130978 -522.501465
v -300.413086 20.144403 -522.601501
v -300.413086 20.144403 -522.501465
v -300.513062 23.083309 -512.472412
v -300.513062 23.085201 -512.572388
v -300.513062 20.144403 -512.472412
v -300.513062 20.144405 -512.572388
v -300.413086 23.082916 -512.572388
v -300.413086 23.081490 -512.472412
v -300.413086 20.144405 -512.572388
v -300.413086 20.144403 -512.472412
v -320.505859 23.073456 -532.603882
v -320.505859 23.069439 -532.503845
v -320.505859 20.144382 -532.603882
v -320.505859 20.144382 -532.503845
v -320.605835 23.068592 -532.503845
v -320.605865 23.072170 -532.603821
v -320.605835 20.144382 -532.503845
v -320.605865 20.144382 -532.603821
v -320.505859 23.078630 -522.610535
v -320.505859 23.077902 -522.510498
v -320.505859 20.144382 -522.610535
v -320.505859 20.144382 -522.510498
v -320.605865 23.074142 -522.510498
v -320.605865 23.075214 -522.610535
v -320.605865 20.144382 -522.510498
v -320.605835 20.144382 -522.610535
v -320.505859 23.134058 -502.593781
v -320.505859 23.141888 -502.493774
v -320.505859 20.144384 -502.593781
v -320.505859 20.144384 -502.493774
v -320.605865 23.145546 -502.493744
v -320.605865 23.138079 -502.593781
v -320.605865 20.144384 -502.493744
v -320.605865 20.144384 -502.593781
v -320.505859 23.076168 -512.622803
v -320.505859 23.072924 -512.522827
v -320.505859 20.144384 -512.622803
v -320.505859 20.144384 -512.522827
v -320.605835 23.079910 -512.522827
v -320.605835 23.083572 -512.622864
v -320.605835 20.144384 -512.522827
v -320.605835 20.144384 -512.622864
v -320.505859 23.157011 -542.593750
v -320.505859 23.158356 -542.493713
v -320.505859 20.144386 -542.593750
v -320.505859 20.144386 -542.493713
v -320.605835 23.152508 -542.493713
v -320.605835 23.151102 -542.593750
v -320.605835 20.144386 -542.493713
v -320.605835 20.144386 -542.593750
v -257.046143 19.010475 -224.288910
v -256.980042 19.015226 -224.362350
v -257.046112 16.072815 -224.288910
v -256.980042 16.077335 -224.362350
v -256.905365 19.014172 -224.295181
v -256.971558 19.009762 -224.221664
v -256.905365 16.077335 -224.295181
v -256.971558 16.072815 -224.221664
v -249.047668 19.529364 -230.956711
v -248.989655 19.536100 -231.036514
v -249.047668 16.515324 -230.956711
v -248.989655 16.519655 -231.036514
v -248.908386 19.537397 -230.977386
v -248.966553 19.530754 -230.897552
v -248.908386 16.519655 -230.977386
v -248.966553 16.515324 -230.897552
v -236.540863 20.304508 -252.863251
v -236.500610 20.308033 -252.952972
v -236.540863 17.343884 -252.863251
v -236.500610 17.347816 -252.952972
v -236.409027 20.310772 -252.911819
v -236.449280 20.307404 -252.822021
v -236.409027 17.347816 -252.911819
v -236.449280 17.343884 -252.822021
v -242.236664 19.893358 -239.652771
v -242.187241 19.893297 -239.737930
v -242.236664 16.938828 -239.652771
v -242.187241 16.942972 -239.737930
v -242.100372 19.892443 -239.687500
v -242.149872 19.892317 -239.602234
v -242.100372 16.942972 -239.687500
v -242.149872 16.938828 -239.602234
v -288.031525 16.878790 -200.285339
v -287.968231 16.880148 -200.352081
v -288.031525 13.865952 -200.285400
v -287.968231 13.871946 -200.352081
v -287.895477 16.883722 -200.282867
v -287.958679 16.882072 -200.216232
v -287.895477 13.871348 -200.282867
v -287.958679 13.865353 -200.216232
v -280.460968 17.383522 -205.994003
v -280.378479 17.393110 -206.051254
v -280.460968 14.462339 -205.994003
v -280.378479 14.468283 -206.051254
v -280.321198 17.390385 -205.968750
v -280.403748 17.381388 -205.911469
v -280.321198 14.467886 -205.968735
v -280.403748 14.461941 -205.911469
v -264.342865 18.661633 -217.870773
v -264.269379 18.667135 -217.937164
v -264.342865 15.613062 -217.870773
v -264.269379 15.617745 -217.937164
v -264.202057 18.665785 -217.862640
v -264.275604 18.660028 -217.796173
v -264.202057 15.617745 -217.862640
v -264.275604 15.613062 -217.796173
v -272.258240 18.019247 -211.718552
v -272.178131 18.025581 -211.777069
v -272.258240 15.052497 -211.718552
v -272.178131 15.058372 -211.777069
v -272.118927 18.020416 -211.695969
v -272.199127 18.013834 -211.637390
v -272.118927 15.058194 -211.695969
v -272.199127 15.052316 -211.637390
v -306.835358 14.421586 -169.041199
v -306.806000 14.427652 -169.128204
v -306.835358 11.446723 -169.041199
v -306.806000 11.452787 -169.128204
v -306.710907 14.426412 -169.095978
v -306.740204 14.420343 -169.009064
v -306.710907 11.451546 -169.095978
v -306.740204 11.445479 -169.009064
v -303.441986 15.061631 -177.562607
v -303.403412 15.064067 -177.645966
v -303.441986 12.053255 -177.562607
v -303.403412 12.059326 -177.645966
v -303.312317 15.059467 -177.603653
v -303.350861 15.057135 -177.520386
v -303.312317 12.058220 -177.603653
v -303.350861 12.052148 -177.520386
v -293.976990 16.267406 -193.290436
v -293.921326 16.273884 -193.363525
v -293.976990 13.265229 -193.290436
v -293.921326 13.271267 -193.363525
v -293.841492 16.269711 -193.302582
v -293.897125 16.263926 -193.229568
v -293.841492 13.270484 -193.302582
v -293.897125 13.264445 -193.229568
v -299.147552 15.610543 -185.665726
v -299.100159 15.618490 -185.744492
v -299.147552 12.658928 -185.665710
v -299.100159 12.664981 -185.744492
v -299.014160 15.615244 -185.692535
v -299.061554 15.607764 -185.613907
v -299.014160 12.664028 -185.692535
v -299.061554 12.657971 -185.613907
v -306.748840 17.084915 -218.200714
v -306.831482 17.079042 -218.113617
v -306.748840 14.143136 -218.200714
v -306.831482 14.141299 -218.113617
v -306.904449 17.078186 -218.182617
v -306.821747 17.083601 -218.269775
v -306.904449 14.141300 -218.182617
v -306.821747 14.143119 -218.269775
v -314.524567 16.577335 -209.073151
v -314.597290 16.571384 -208.977631
v -314.524567 13.630330 -209.073151
v -314.597290 13.625108 -208.977631
v -314.677277 16.567604 -209.038361
v -314.604523 16.573902 -209.133942
v -314.677277 13.625106 -209.038361
v -314.604523 13.630330 -209.133926
v -326.907074 15.568316 -188.548370
v -326.957458 15.570772 -188.439514
v -326.907074 12.565749 -188.548370
v -326.957458 12.560340 -188.439514
v -327.048645 15.574468 -188.481567
v -326.998199 15.572371 -188.590546
v -327.048645 12.560338 -188.481613
v -326.998199 12.565747 -188.590546
v -321.261536 16.048227 -199.166809
v -321.323517 16.039660 -199.063995
v -321.261536 13.103839 -199.166809
v -321.323517 13.098522 -199.063995
v -321.409607 16.046680 -199.115738
v -321.347595 16.055670 -199.218628
v -321.409607 13.098520 -199.115738
v -321.347595 13.103838 -199.218628
v -284.179962 18.097389 -243.889465
v -284.217194 18.097145 -243.827835
v -284.179962 15.182262 -243.889465
v -284.217194 15.178940 -243.827835
v -284.302551 18.096663 -243.880768
v -284.265381 18.096226 -243.942307
v -284.302551 15.173448 -243.880768
v -284.265381 15.176763 -243.942276
v -288.214355 17.850836 -237.924667
v -288.257874 17.846457 -237.867081
v -288.214355 14.867759 -237.924698
v -288.257874 14.864793 -237.867081
v -288.337280 17.837965 -237.928528
v -288.293823 17.842440 -237.986084
v -288.337280 14.860196 -237.928528
v -288.293823 14.863152 -237.986084
v -299.506409 17.372179 -225.593109
v -299.576813 17.371300 -225.521454
v -299.506409 14.346436 -225.593079
v -299.576813 14.344208 -225.521454
v -299.648499 17.363596 -225.591827
v -299.578064 17.364397 -225.663452
v -299.648499 14.342362 -225.591827
v -299.578064 14.344573 -225.663452
v -274.794800 19.746117 -270.759033
v -274.803955 19.741531 -270.688293
v -274.794800 16.771254 -270.759033
v -274.803955 16.766666 -270.688324
v -274.903381 19.735636 -270.702423
v -274.894226 19.740227 -270.773102
v -274.903381 16.760773 -270.702423
v -274.894226 16.765364 -270.773071
v -276.073914 19.328167 -263.741547
v -276.090424 19.320957 -263.671997
v -276.073944 16.327452 -263.741577
v -276.090424 16.323158 -263.671997
v -276.187866 19.315126 -263.696320
v -276.171448 19.322134 -263.765778
v -276.187866 16.316887 -263.696320
v -276.171448 16.321182 -263.765778
v -280.792694 18.533297 -250.222015
v -280.823303 18.525681 -250.157013
v -280.792694 15.530951 -250.222015
v -280.823303 15.527296 -250.157013
v -280.913635 18.519796 -250.200836
v -280.883057 18.527306 -250.265747
v -280.913635 15.521232 -250.200836
v -280.883057 15.524881 -250.265747
v -278.074890 18.840736 -256.881439
v -278.098480 18.841003 -256.813782
v -278.074860 15.914157 -256.881439
v -278.098480 15.910175 -256.813782
v -278.192932 18.836132 -256.847961
v -278.169312 18.835297 -256.915527
v -278.192932 15.903851 -256.847961
v -278.169312 15.907831 -256.915527
v -292.374512 17.589905 -233.048141
v -292.325897 17.592546 -233.101562
v -292.374512 14.615042 -233.048141
v -292.325897 14.617683 -233.101562
v -292.252319 17.596111 -233.033218
v -292.300995 17.593456 -232.979706
v -292.252319 14.621247 -233.033218
v -292.300995 14.618593 -232.979706
v -292.984314 17.557364 -232.386780
v -292.934998 17.559954 -232.439606
v -292.984314 14.582499 -232.386780
v -292.934998 14.585091 -232.439606
v -292.862335 17.563349 -232.370300
v -292.911682 17.560747 -232.317398
v -292.862335 14.588487 -232.370300
v -292.911682 14.585881 -232.317398
v -292.939056 16.530483 -232.390991
v -292.939056 16.576340 -232.390991
v -292.337769 16.562641 -233.043640
v -292.337769 16.608496 -233.043640
v -292.910095 16.577688 -232.363358
v -292.910095 16.531834 -232.363358
v -292.308441 16.609909 -233.016388
v -292.308441 16.564054 -233.016388
v -292.306946 17.227667 -233.018005
v -292.306946 17.273520 -233.018005
v -292.908600 17.195446 -232.364975
v -292.908600 17.241299 -232.364975
v -292.336273 17.272104 -233.045273
v -292.336273 17.226252 -233.045273
v -292.937561 17.239950 -232.392578
v -292.937561 17.194096 -232.392578
v -291.936615 17.127157 -232.700012
v -291.936615 16.819422 -232.700012
v -292.105682 17.118999 -232.857086
v -292.105682 16.811264 -232.857086
v -292.274780 17.110830 -233.014206
v -292.274780 16.803095 -233.014206
v -292.128387 16.810022 -232.832153
v -291.959381 16.818163 -232.675003
v -292.297363 16.801867 -232.989380
v -292.297363 17.109602 -232.989349
v -292.128387 17.117758 -232.832153
v -291.959381 17.125898 -232.675003
v -294.890411 15.159130 -233.686142
v -293.170227 15.237605 -232.019699
v -293.107574 15.240870 -232.085419
v -294.829926 15.161983 -233.749603
v -281.763153 16.316036 -249.890930
v -281.585175 16.314339 -249.903458
v -281.655853 16.317736 -249.748383
v -281.439575 25.888943 -249.743546
v -281.261627 25.887241 -249.756134
v -281.332275 25.890638 -249.601028
v -277.835144 25.763802 -248.113098
v -277.802887 25.762249 -248.183945
v -281.362946 25.763802 -249.661407
v -281.330658 25.762251 -249.732269
v -281.330658 25.658829 -249.732269
v -277.802887 25.658825 -248.183945
v -281.362915 25.660381 -249.661469
v -277.835144 25.660376 -248.113098
v -294.654938 12.964914 -191.897491
v -294.831696 12.963533 -191.922043
v -294.730469 12.966300 -192.059158
v -294.543640 23.155741 -191.815338
v -294.720367 23.154358 -191.839874
v -294.619171 23.157125 -191.976974
v -298.039429 23.030439 -194.449173
v -298.085632 23.029177 -194.386581
v -294.601654 23.030439 -191.911530
v -294.647888 23.029173 -191.848923
v -294.647888 22.925753 -191.848923
v -298.085632 22.925753 -194.386581
v -294.601715 22.927015 -191.911499
v -298.039429 22.927015 -194.449173
v -302.945282 6.431951 -744.037354
v -302.946533 6.418319 -744.139038
v -302.945282 3.506955 -744.037354
v -302.946533 3.493089 -744.139038
v -302.846558 6.417268 -744.138977
v -302.845276 6.431244 -744.037354
v -302.846558 3.493089 -744.138977
v -302.845276 3.506955 -744.037354
v -303.053711 5.130802 -754.197632
v -303.054596 5.119526 -754.299377
v -303.053711 2.129784 -754.197632
v -303.054596 2.116108 -754.299377
v -302.954590 5.120821 -754.299377
v -302.953705 5.132195 -754.197632
v -302.954590 2.116108 -754.299377
v -302.953705 2.129784 -754.197632
v -302.861908 2.404983 -773.395447
v -302.853790 2.391627 -773.480713
v -302.861908 -0.542832 -773.395447
v -302.853790 -0.555787 -773.480713
v -302.754242 2.394351 -773.470581
v -302.762360 2.407870 -773.385437
v -302.754242 -0.555787 -773.470581
v -302.762360 -0.542832 -773.385437
v -303.126251 3.720069 -764.360718
v -303.126801 3.702510 -764.462524
v -303.126251 0.778262 -764.360718
v -303.126801 0.764896 -764.462524
v -303.026794 3.701648 -764.462524
v -303.026245 3.719020 -764.360718
v -303.026794 0.764896 -764.462524
v -303.026245 0.778262 -764.360718
v -303.138885 12.049457 -703.454956
v -303.138336 12.031279 -703.556213
v -303.138885 9.049663 -703.454956
v -303.138336 9.036108 -703.556213
v -303.041443 12.035435 -703.556213
v -303.041992 12.053324 -703.454895
v -303.041443 9.036105 -703.556213
v -303.041992 9.049663 -703.454895
v -303.065277 10.590853 -713.580933
v -303.064362 10.580684 -713.682312
v -303.065277 7.682251 -713.580933
v -303.064362 7.668449 -713.682312
v -302.966431 10.578372 -713.682373
v -302.967346 10.589127 -713.580933
v -302.966431 7.668449 -713.682373
v -302.967346 7.682249 -713.580933
v -302.804382 7.933070 -733.889160
v -302.802704 7.919929 -733.990662
v -302.804382 4.897623 -733.889160
v -302.802704 4.883667 -733.990662
v -302.702698 7.918571 -733.990723
v -302.704407 7.931462 -733.889160
v -302.702698 4.883667 -733.990723
v -302.704407 4.897623 -733.889160
v -302.954010 9.258807 -723.709778
v -302.952728 9.244879 -723.811218
v -302.954010 6.296777 -723.709778
v -302.952728 6.282848 -723.811218
v -302.853760 9.244880 -723.811279
v -302.855072 9.258807 -723.709778
v -302.853760 6.282849 -723.811279
v -302.855072 6.296778 -723.709778
v -303.055878 17.077385 -663.009521
v -303.056824 17.065903 -663.110474
v -303.055878 14.115356 -663.009521
v -303.056824 14.103870 -663.110474
v -302.963959 17.065903 -663.110474
v -302.963013 17.077385 -663.009521
v -302.963959 14.103870 -663.110474
v -302.963013 14.115355 -663.009521
v -303.133240 15.928232 -673.101318
v -303.133850 15.912446 -673.202332
v -303.133240 12.932786 -673.101318
v -303.133850 12.920621 -673.202332
v -303.039978 15.908959 -673.202332
v -303.039398 15.924846 -673.101318
v -303.039978 12.920621 -673.202332
v -303.039398 12.932785 -673.101318
v -303.174774 13.376110 -693.340942
v -303.174622 13.363358 -693.442139
v -303.174774 10.386849 -693.340942
v -303.174622 10.373650 -693.442139
v -303.078735 13.359979 -693.442139
v -303.078918 13.373424 -693.340942
v -303.078705 10.373651 -693.442139
v -303.078888 10.386850 -693.340942
v -303.172882 14.627258 -683.195923
v -303.173096 14.616413 -683.296997
v -303.172882 11.688349 -683.195923
v -303.173096 11.675617 -683.296997
v -303.078217 14.614127 -683.296997
v -303.078033 14.625437 -683.195923
v -303.078217 11.675617 -683.296997
v -303.078003 11.688351 -683.195923
v -302.969940 9.432197 -722.446533
v -302.968689 9.418275 -722.547974
v -302.969940 6.470165 -722.446533
v -302.968689 6.456244 -722.547974
v -302.869843 9.418271 -722.547974
v -302.871124 9.432195 -722.446533
v -302.869843 6.456242 -722.547974
v -302.871124 6.470164 -722.446533
v -302.939636 8.400894 -722.494690
v -302.939636 8.446551 -722.494690
v -302.923889 8.229930 -723.740295
v -302.923889 8.275584 -723.740295
v -302.900238 8.446552 -722.494690
v -302.900238 8.400896 -722.494690
v -302.884430 8.275584 -723.740295
v -302.884430 8.229930 -723.740295
v -302.884369 8.890175 -723.743408
v -302.884369 8.935831 -723.743408
v -302.900208 9.061144 -722.497742
v -302.900208 9.106800 -722.497742
v -302.923828 8.935830 -723.743408
v -302.923828 8.890174 -723.743408
v -302.939606 9.106800 -722.497742
v -302.939606 9.061144 -722.497742
v -303.422150 8.947147 -722.468872
v -303.422150 8.640739 -722.468872
v -303.195099 8.947150 -722.468872
v -303.195099 8.640738 -722.468872
v -302.968018 8.947148 -722.468872
v -302.968018 8.640739 -722.468872
v -303.194519 8.634278 -722.515991
v -303.421600 8.634278 -722.515991
v -302.967438 8.634278 -722.515991
v -302.967438 8.940687 -722.515991
v -303.194519 8.940686 -722.515991
v -303.421600 8.940687 -722.515991
v -302.939178 7.207763 -721.898865
v -299.853455 7.208355 -721.894531
v -299.851044 7.190907 -722.021729
v -302.937134 7.190311 -722.026062
v -320.491241 11.963467 -702.603821
v -320.491241 11.973006 -702.503784
v -320.491241 9.034394 -702.603821
v -320.491241 9.047949 -702.503784
v -320.591248 11.972160 -702.503784
v -320.591248 11.962184 -702.603760
v -320.591248 9.047951 -702.503784
v -320.591248 9.034395 -702.603760
v -320.491241 13.306678 -692.610474
v -320.491241 13.319154 -692.510437
v -320.491241 10.372430 -692.610474
v -320.491241 10.385636 -692.510437
v -320.591248 13.315394 -692.510437
v -320.591217 13.303260 -692.610474
v -320.591248 10.385634 -692.510437
v -320.591217 10.372428 -692.610474
v -320.491241 15.909171 -672.593689
v -320.491241 15.929173 -672.493652
v -320.491241 12.919497 -672.593689
v -320.491241 12.931670 -672.493652
v -320.591248 15.932832 -672.493713
v -320.591248 15.913192 -672.593750
v -320.591248 12.931668 -672.493713
v -320.591248 12.919497 -672.593750
v -320.491241 14.600950 -682.622742
v -320.491241 14.610450 -682.522766
v -320.491241 11.669168 -682.622742
v -320.491241 11.681910 -682.522766
v -320.591248 14.617435 -682.522766
v -320.591248 14.608354 -682.622742
v -320.591248 11.681909 -682.522766
v -320.591248 11.669167 -682.622742
v -320.491211 6.548984 -742.603760
v -320.491211 6.564935 -742.503723
v -320.491211 3.646371 -742.603760
v -320.491211 3.659250 -742.503723
v -320.591217 6.570176 -742.503784
v -320.591217 6.553554 -742.603760
v -320.591217 3.659513 -742.503784
v -320.591217 3.646634 -742.603760
v -320.491241 7.920308 -732.610413
v -320.491241 7.932106 -732.510376
v -320.491241 4.950150 -732.610413
v -320.491241 4.963354 -732.510376
v -320.591217 7.928348 -732.510437
v -320.591217 7.916655 -732.610413
v -320.591217 4.963469 -732.510437
v -320.591217 4.950260 -732.610413
v -320.491211 10.679814 -712.593689
v -320.491211 10.694956 -712.493713
v -320.491211 7.667188 -712.593689
v -320.491211 7.680986 -712.493713
v -320.591217 10.689110 -712.493652
v -320.591217 10.673908 -712.593689
v -320.591217 7.680988 -712.493652
v -320.591217 7.667191 -712.593689
v -320.491241 9.315278 -722.622742
v -320.491241 9.329933 -722.522705
v -320.491241 6.283000 -722.622742
v -320.491241 6.296474 -722.522705
v -320.591217 9.331608 -722.522705
v -320.591248 9.316895 -722.622742
v -320.591217 6.296482 -722.522705
v -320.591248 6.283009 -722.622742
v -320.450409 1.815747 -787.262756
v -320.480316 1.826674 -787.138184
v -320.450409 -1.146284 -787.262756
v -320.480316 -1.135363 -787.138184
v -320.577576 1.827826 -787.161499
v -320.547638 1.816903 -787.286133
v -320.577576 -1.134207 -787.161499
v -320.547638 -1.145128 -787.286133
v -320.505066 2.962276 -774.653137
v -320.517761 2.970889 -774.525635
v -320.505066 -0.025498 -774.653137
v -320.517761 -0.013989 -774.525635
v -320.617279 2.972224 -774.535461
v -320.604553 2.963412 -774.663086
v -320.617279 -0.013089 -774.535461
v -320.604553 -0.024594 -774.663086
v -320.491241 5.368611 -752.593628
v -320.491241 5.377154 -752.493652
v -320.491241 2.379219 -752.593628
v -320.491241 2.391701 -752.493652
v -320.591217 5.377789 -752.493652
v -320.591217 5.369145 -752.593628
v -320.591217 2.392151 -752.493652
v -320.591217 2.379666 -752.593628
v -320.491211 4.063823 -762.622742
v -320.491211 4.080085 -762.522705
v -320.491211 1.149856 -762.622681
v -320.491211 1.161880 -762.522705
v -320.591217 4.082195 -762.522705
v -320.591217 4.065372 -762.622742
v -320.591217 1.162543 -762.522705
v -320.591217 1.150523 -762.622742
v -351.822235 12.307572 -790.164490
v -352.002777 12.316959 -790.080444
v -351.945099 12.298711 -790.321228
v -351.822235 18.181583 -790.164490
v -352.002777 18.190973 -790.080444
v -351.945099 18.172724 -790.321228
v -352.791473 18.053068 -790.461243
v -352.818054 18.061398 -790.350403
v -351.908203 18.051710 -790.249146
v -351.934540 18.060045 -790.139221
v -351.934540 17.957067 -790.139221
v -352.818054 17.958422 -790.350403
v -351.908203 17.948734 -790.249146
v -352.791473 17.950090 -790.461243
v -354.760590 14.108234 -754.129028
v -354.916656 14.118763 -754.044189
v -354.916656 14.097926 -754.213867
v -354.432312 20.291128 -754.129028
v -354.588409 20.301666 -754.044189
v -354.588409 20.280827 -754.213928
v -355.444061 20.161121 -754.171753
v -355.444061 20.170639 -754.094299
v -354.535675 20.160503 -754.171753
v -354.535675 20.170027 -754.094238
v -354.535675 20.067045 -754.094238
v -355.444061 20.067659 -754.094299
v -354.535675 20.057529 -754.171753
v -355.444061 20.058142 -754.171753
v -354.760590 16.132828 -725.736816
v -354.916656 16.144152 -725.651978
v -354.916656 16.121523 -725.821655
v -355.114594 21.771797 -725.736816
v -355.270660 21.783117 -725.651978
v -355.270660 21.760496 -725.821655
v -356.126343 21.640696 -725.779541
v -356.126343 21.651028 -725.702026
v -355.217957 21.640654 -725.779541
v -355.217957 21.650986 -725.702026
v -355.217957 21.548006 -725.702026
v -356.126343 21.548052 -725.702026
v -355.217957 21.537674 -725.779541
v -356.126343 21.537718 -725.779541
v -354.760590 17.720469 -697.346619
v -354.916656 17.731827 -697.261780
v -354.916656 17.709112 -697.431458
v -354.622864 23.974674 -697.346619
v -354.778931 23.986029 -697.261780
v -354.778931 23.963316 -697.431458
v -355.634613 23.843500 -697.389343
v -355.634613 23.853874 -697.311829
v -354.726227 23.843500 -697.389343
v -354.726227 23.853874 -697.311829
v -354.726196 23.750895 -697.311829
v -355.634613 23.750898 -697.311829
v -354.726196 23.740524 -697.389343
v -355.634613 23.740524 -697.389343
v -238.453827 22.788000 -346.945038
v -238.464340 22.789688 -347.044922
v -238.453827 19.850338 -346.945038
v -238.464340 19.851789 -347.044922
v -238.364502 22.788633 -347.055481
v -238.353928 22.787292 -346.955536
v -238.364502 19.851789 -347.055481
v -238.353928 19.850338 -346.955536
v -239.505615 22.992815 -356.926453
v -239.516129 22.996336 -357.026276
v -239.505615 19.978794 -356.926453
v -239.516129 19.979908 -357.026276
v -239.416290 22.997637 -357.036835
v -239.405716 22.994213 -356.936981
v -239.416290 19.979908 -357.036835
v -239.405716 19.978794 -356.936981
v -241.612396 23.090422 -376.919189
v -241.622894 23.090403 -377.019073
v -241.612396 20.129833 -376.919189
v -241.622894 20.130217 -377.019073
v -241.523010 23.093138 -377.029602
v -241.512451 23.093321 -376.929718
v -241.523010 20.130217 -377.029602
v -241.512451 20.129833 -376.929718
v -240.556763 23.026880 -366.902161
v -240.567383 23.023428 -367.002045
v -240.556763 20.072330 -366.902161
v -240.567383 20.073086 -367.002045
v -240.467468 23.022562 -367.012604
v -240.456909 23.025827 -366.912689
v -240.467468 20.073086 -367.012604
v -240.456909 20.072330 -366.912689
v -234.243866 22.026556 -306.992889
v -234.254333 22.024605 -307.092834
v -234.243866 19.013767 -306.992889
v -234.254395 19.016459 -307.092865
v -234.154480 22.028782 -307.103363
v -234.143982 22.030439 -307.003448
v -234.154480 19.016459 -307.103363
v -234.143982 19.013767 -307.003448
v -235.295670 22.189621 -316.974304
v -235.306122 22.195675 -317.074249
v -235.295670 19.268419 -316.974304
v -235.306122 19.270824 -317.074249
v -235.206329 22.193354 -317.084778
v -235.195770 22.187891 -316.984833
v -235.206329 19.270824 -317.084778
v -235.195770 19.268419 -316.984833
v -237.402435 22.736990 -336.967102
v -237.412949 22.739590 -337.066986
v -237.402435 19.688395 -336.967102
v -237.412949 19.690178 -337.066986
v -237.313049 22.738228 -337.077515
v -237.302536 22.735374 -336.977631
v -237.313049 19.690178 -337.077515
v -237.302536 19.688395 -336.977631
v -236.346863 22.468309 -326.950073
v -236.357361 22.470411 -327.049927
v -236.346863 19.493448 -326.950073
v -236.357361 19.495550 -327.049927
v -236.257523 22.470411 -327.060486
v -236.246964 22.468309 -326.960571
v -236.257523 19.495550 -327.060486
v -236.246964 19.493448 -326.960571
v -230.342880 20.700764 -267.294586
v -230.340332 20.704473 -267.392700
v -230.342880 17.725901 -267.294586
v -230.340332 17.729610 -267.392700
v -230.239899 20.704473 -267.390076
v -230.242477 20.700764 -267.291840
v -230.239899 17.729610 -267.390076
v -230.242477 17.725901 -267.291840
v -231.129944 21.093660 -277.086670
v -231.137634 21.093500 -277.184387
v -231.129944 18.085238 -277.086670
v -231.137634 18.088715 -277.184387
v -231.037430 21.089998 -277.192108
v -231.029861 21.090261 -277.094299
v -231.037430 18.088715 -277.192108
v -231.029861 18.085238 -277.094299
v -233.192429 21.733265 -297.015015
v -233.202988 21.736675 -297.114929
v -233.192429 18.731052 -297.015015
v -233.202988 18.734013 -297.114929
v -233.103149 21.733284 -297.125397
v -233.092529 21.730568 -297.025574
v -233.103149 18.734013 -297.125397
v -233.092529 18.731052 -297.025574
v -232.136856 21.371897 -286.997955
v -232.147415 21.377022 -287.097900
v -232.136856 18.420258 -286.997955
v -232.147369 18.423485 -287.097870
v -232.047516 21.374727 -287.108337
v -232.037003 21.370066 -287.008484
v -232.047516 18.423485 -287.108337
v -232.037003 18.420258 -287.008484
v -274.229034 21.765772 -307.093079
v -274.229034 21.756100 -306.992645
v -274.229034 18.824009 -307.093079
v -274.229034 18.818371 -306.992645
v -274.329407 21.754047 -306.992615
v -274.329468 21.763300 -307.093079
v -274.329407 18.817171 -306.992615
v -274.329468 18.822826 -307.093079
v -274.229034 21.219376 -297.056427
v -274.229034 21.213247 -296.955994
v -274.229034 18.272415 -297.056458
v -274.229034 18.267019 -296.955994
v -274.329407 21.206619 -296.956024
v -274.329468 21.213108 -297.056488
v -274.329407 18.264166 -296.956024
v -274.329468 18.269575 -297.056488
v -274.248962 20.246466 -277.851807
v -274.250732 20.249460 -277.780640
v -274.248962 17.243843 -277.851807
v -274.250732 17.238974 -277.780609
v -274.351105 20.247936 -277.784424
v -274.349304 20.245314 -277.855469
v -274.351105 17.233776 -277.784424
v -274.349304 17.238653 -277.855469
v -274.229034 20.690508 -287.025482
v -274.229034 20.682112 -286.925049
v -274.229034 17.746025 -287.025482
v -274.229034 17.740885 -286.925049
v -274.329468 20.684946 -286.925049
v -274.329468 20.693777 -287.025482
v -274.329468 17.736702 -286.925049
v -274.329468 17.741854 -287.025482
v -274.229034 22.767147 -347.266357
v -274.229034 22.768782 -347.165924
v -274.229034 19.851963 -347.266357
v -274.229034 19.850508 -347.165924
v -274.329468 22.773781 -347.165894
v -274.329529 22.771471 -347.266357
v -274.329468 19.850506 -347.165894
v -274.329529 19.851959 -347.266357
v -274.229034 22.673353 -337.229675
v -274.229034 22.670155 -337.129272
v -274.229034 19.690323 -337.229675
v -274.229034 19.688541 -337.129272
v -274.329407 22.666265 -337.129272
v -274.329468 22.669569 -337.229675
v -274.329407 19.688540 -337.129272
v -274.329468 19.690321 -337.229675
v -274.229034 22.296705 -317.126282
v -274.229034 22.295656 -317.025818
v -274.229034 19.271027 -317.126282
v -274.229034 19.268627 -317.025818
v -274.329468 22.289783 -317.025818
v -274.329407 22.290773 -317.126221
v -274.329468 19.268629 -317.025818
v -274.329407 19.271030 -317.126221
v -274.229034 22.542007 -327.198761
v -274.229034 22.541096 -327.098328
v -274.229034 19.496592 -327.198761
v -274.229034 19.494495 -327.098328
v -274.329468 22.542767 -327.098328
v -274.329468 22.543619 -327.198761
v -274.329468 19.494493 -327.098328
v -274.329468 19.496592 -327.198761
v -274.229065 23.130968 -377.402985
v -274.229065 23.127674 -377.302551
v -274.229065 20.130249 -377.402985
v -274.229065 20.129866 -377.302551
v -274.329468 23.128107 -377.302551
v -274.329468 23.131197 -377.403015
v -274.329468 20.129864 -377.302551
v -274.329468 20.130247 -377.403015
v -274.229034 22.982338 -357.299561
v -274.229034 22.977270 -357.199097
v -274.229034 19.979996 -357.299561
v -274.229034 19.978886 -357.199097
v -274.329468 22.977459 -357.199158
v -274.329468 22.982426 -357.299561
v -274.329407 19.978888 -357.199127
v -274.329468 19.980000 -357.299561
v -274.229034 23.000040 -367.372040
v -274.229034 23.003544 -367.271606
v -274.229034 20.073454 -367.372040
v -274.229034 20.072699 -367.271606
v -274.329468 23.005001 -367.271606
v -274.329468 23.000933 -367.372070
v -274.329468 20.072701 -367.271606
v -274.329468 20.073454 -367.372070
v -236.215775 22.441912 -325.706299
v -236.226288 22.444048 -325.806213
v -236.215775 19.467051 -325.706299
v -236.226288 19.469187 -325.806213
v -236.126434 22.444048 -325.816772
v -236.115921 22.441912 -325.716858
v -236.126434 19.469187 -325.816772
v -236.115921 19.467051 -325.716858
v -236.190704 21.413795 -325.756958
v -236.190704 21.459650 -325.756958
v -236.320007 21.439812 -326.983246
v -236.320007 21.485668 -326.983246
v -236.150940 21.459650 -325.761169
v -236.150940 21.413795 -325.761169
v -236.280151 21.485668 -326.987488
v -236.280151 21.439812 -326.987488
v -236.280487 22.103407 -326.990479
v -236.280487 22.149263 -326.990479
v -236.151245 22.077393 -325.764130
v -236.151245 22.123247 -325.764130
v -236.320297 22.149263 -326.986267
v -236.320297 22.103407 -326.986267
v -236.191101 22.123247 -325.759949
v -236.191101 22.077393 -325.759949
v -236.675446 21.958315 -325.680176
v -236.675446 21.650579 -325.680176
v -236.445953 21.958315 -325.704376
v -236.445953 21.650579 -325.704376
v -236.216461 21.958315 -325.728516
v -236.216461 21.650579 -325.728516
v -236.450836 21.651573 -325.750732
v -236.680389 21.651573 -325.726532
v -236.221344 21.651573 -325.774902
v -236.221344 21.959309 -325.774902
v -236.450836 21.959309 -325.750732
v -236.680389 21.959309 -325.726532
v -236.121048 20.120789 -325.171173
v -233.738647 20.120695 -325.417816
v -233.751404 20.123394 -325.543121
v -236.133759 20.123489 -325.296417
v -238.187622 20.812157 -344.578186
v -238.198120 20.813847 -344.678070
v -238.187622 19.804443 -344.578186
v -238.198120 19.805897 -344.678070
v -238.098282 20.812790 -344.688599
v -238.087723 20.811447 -344.588684
v -238.098282 19.805897 -344.688599
v -238.087723 19.804443 -344.588684
v -237.679169 20.713285 -339.788300
v -237.689667 20.714975 -339.888184
v -237.679169 19.705572 -339.788300
v -237.689667 19.707026 -339.888184
v -237.589828 20.713919 -339.898743
v -237.579254 20.712576 -339.798798
v -237.589828 19.707026 -339.898743
v -237.579254 19.705572 -339.798798
v -166.917725 19.581160 -349.732971
v -167.077667 19.581160 -349.812134
v -166.938263 19.581160 -349.910156
v -167.122253 25.244537 -350.023743
v -167.282135 25.244537 -350.102936
v -167.142838 25.244537 -350.200989
v -167.671875 25.118540 -350.879639
v -167.735443 25.118540 -350.834900
v -167.146973 25.118540 -350.133362
v -167.210648 25.118540 -350.088684
v -167.210648 25.015118 -350.088684
v -167.735443 25.015118 -350.834900
v -167.146973 25.015118 -350.133362
v -167.671875 25.015118 -350.879639
v -158.277649 19.581158 -376.087219
v -158.332199 19.581158 -375.917297
v -158.449936 19.581158 -376.040527
v -158.039383 25.791086 -376.314911
v -158.093842 25.791086 -376.145081
v -158.211533 25.791086 -376.268372
v -158.803680 25.665087 -375.644043
v -158.750031 25.665087 -375.587738
v -158.143921 25.665087 -376.274261
v -158.090256 25.665087 -376.218048
v -158.090256 25.561663 -376.218048
v -158.750031 25.561663 -375.587738
v -158.143921 25.561663 -376.274261
v -158.803680 25.561663 -375.644043
v -186.206116 19.581154 -399.920166
v -186.168304 19.581156 -399.745789
v -186.331863 19.581156 -399.793640
v -186.305969 25.244534 -399.578979
v -186.268188 25.244534 -399.404572
v -186.431717 25.244534 -399.452393
v -186.632462 25.118536 -398.615692
v -186.557831 25.118536 -398.593872
v -186.376221 25.118536 -399.491333
v -186.301575 25.118536 -399.469421
v -186.301575 25.015114 -399.469421
v -186.557831 25.015114 -398.593872
v -186.376221 25.015114 -399.491333
v -186.632462 25.015114 -398.615692
v -201.413742 19.222540 -420.472443
v -201.381302 19.221283 -420.647827
v -201.248871 19.223795 -420.540588
v -201.621201 29.341993 -420.216187
v -201.588776 29.340738 -420.391663
v -201.456345 29.343248 -420.284363
v -199.195709 29.216631 -423.694550
v -199.256241 29.215485 -423.743530
v -201.522552 29.216631 -420.269836
v -201.583038 29.215485 -420.318787
v -201.583038 29.112064 -420.318787
v -199.256241 29.112062 -423.743530
v -201.522552 29.113207 -420.269836
v -199.195709 29.113207 -423.694550
v -225.816437 19.286785 -432.202637
v -225.909866 19.285086 -432.354645
v -225.739655 19.288485 -432.363586
v -225.835327 28.859692 -432.557617
v -225.928741 28.857996 -432.709595
v -225.758545 28.861391 -432.718689
v -226.055939 28.734552 -436.507507
v -226.133667 28.733002 -436.503357
v -225.797958 28.734552 -432.663544
v -225.875687 28.732998 -432.659424
v -225.875687 28.629576 -432.659424
v -226.133667 28.629576 -436.503357
v -225.797958 28.631128 -432.663544
v -226.055939 28.631128 -436.507507
v -242.801743 19.396255 -413.883453
v -242.957840 19.394875 -413.797089
v -242.959091 19.397640 -413.967499
v -242.663391 29.587086 -413.884430
v -242.819534 29.585705 -413.798096
v -242.820770 29.588470 -413.968506
v -247.040298 29.461784 -413.895844
v -247.039749 29.460522 -413.818054
v -242.767517 29.461784 -413.926636
v -242.766968 29.460522 -413.848755
v -242.766968 29.357100 -413.848755
v -247.039749 29.357100 -413.818054
v -242.767517 29.358360 -413.926575
v -247.040298 29.358360 -413.895844
v -202.253571 19.581161 -340.599457
v -202.352478 19.581161 -340.748077
v -202.182724 19.581161 -340.763275
v -202.224136 25.791090 -340.271210
v -202.322983 25.791090 -340.419647
v -202.153183 25.791090 -340.434875
v -202.272156 25.665089 -341.287109
v -202.349640 25.665089 -341.280182
v -202.190704 25.665091 -340.378326
v -202.268173 25.665091 -340.371399
v -202.268173 25.561666 -340.371399
v -202.349640 25.561668 -341.280182
v -202.190704 25.561666 -340.378326
v -202.272156 25.561668 -341.287109
v -237.094330 19.581160 -336.103210
v -237.202637 19.581161 -335.961395
v -237.272141 19.581161 -336.117004
v -237.416092 27.047338 -335.958069
v -237.524460 27.047338 -335.816345
v -237.594055 27.047338 -335.971863
v -239.455750 26.921343 -335.135620
v -239.424011 26.921343 -335.064636
v -237.528442 26.921341 -335.954834
v -237.496750 26.921341 -335.883789
v -237.496750 26.817919 -335.883789
v -239.424011 26.817919 -335.064636
v -237.528442 26.817919 -335.954834
v -239.455750 26.817919 -335.135620
v -278.012329 19.581161 -335.063599
v -277.943176 19.581161 -334.899170
v -278.112732 19.581161 -334.916138
v -277.998596 25.862459 -335.201233
v -277.929382 25.862459 -335.036743
v -278.098999 25.862459 -335.053741
v -278.142639 25.736464 -334.194397
v -278.065247 25.736464 -334.186676
v -278.051544 25.736464 -335.102081
v -277.974182 25.736464 -335.094391
v -277.974121 25.633039 -335.094421
v -278.065247 25.633039 -334.186676
v -278.051544 25.633039 -335.102081
v -278.142639 25.633039 -334.194397
v -277.268250 19.581156 -371.723419
v -277.169067 19.581158 -371.871704
v -277.090027 19.581158 -371.720764
v -276.953522 25.244535 -371.888458
v -276.854218 25.244535 -372.036713
v -276.775055 25.244535 -371.885742
v -276.033417 25.118538 -372.322357
v -276.069427 25.118538 -372.391144
v -276.841553 25.118538 -371.898804
v -276.877533 25.118538 -371.967804
v -276.877533 25.015116 -371.967804
v -276.069427 25.015116 -372.391144
v -276.841553 25.015116 -371.898804
v -276.033417 25.015116 -372.322357
v -225.820465 22.483294 -432.882782
v -225.758560 22.484287 -432.884338
v -225.820465 19.545635 -432.882782
v -225.758560 19.546396 -432.884338
v -225.756149 22.481018 -432.783936
v -225.817780 22.480370 -432.782410
v -225.756149 19.544184 -432.783936
v -225.817780 19.543423 -432.782410
v -219.686752 22.632759 -432.222992
v -219.626648 22.635870 -432.208130
v -219.686752 19.618717 -432.222992
v -219.626648 19.619423 -432.208130
v -219.650879 22.635023 -432.110687
v -219.710724 22.632006 -432.125488
v -219.650879 19.617281 -432.110687
v -219.710724 19.616573 -432.125488
v -207.483307 22.577578 -425.314758
v -207.403610 22.575788 -425.253601
v -207.483307 19.616953 -425.314758
v -207.403610 19.615570 -425.253601
v -207.464752 22.576952 -425.173920
v -207.544449 22.578897 -425.235077
v -207.464752 19.613997 -425.173920
v -207.544449 19.615374 -425.235077
v -213.949051 22.640047 -429.966156
v -213.895004 22.636093 -429.935944
v -213.949051 19.685516 -429.966156
v -213.895004 19.685768 -429.935944
v -213.944122 22.633293 -429.848328
v -213.997940 22.637056 -429.878418
v -213.944122 19.683821 -429.848328
v -213.997940 19.683567 -429.878418
v -245.784866 22.439814 -420.299774
v -245.756592 22.434448 -420.354858
v -245.784866 19.426975 -420.299774
v -245.756592 19.426247 -420.354858
v -245.667297 22.437281 -420.308899
v -245.695450 22.442350 -420.254028
v -245.667297 19.424908 -420.308899
v -245.695450 19.425632 -420.254028
v -242.268250 22.305649 -425.368408
v -242.226410 22.309191 -425.414062
v -242.268250 19.384466 -425.368408
v -242.226410 19.384365 -425.414062
v -242.152466 22.305656 -425.346130
v -242.194122 22.302708 -425.300659
v -242.152466 19.383160 -425.346130
v -242.194122 19.383261 -425.300659
v -231.908188 22.517006 -431.897400
v -231.848907 22.518581 -431.915283
v -231.908188 19.468435 -431.897400
v -231.848907 19.469189 -431.915283
v -231.820023 22.515280 -431.819092
v -231.879059 22.513456 -431.801270
v -231.820023 19.467239 -431.819092
v -231.879059 19.466490 -431.801270
v -237.539261 22.371059 -429.324585
v -237.486847 22.371992 -429.357544
v -237.539261 19.404310 -429.324585
v -237.486847 19.404781 -429.357544
v -237.433472 22.365524 -429.272461
v -237.485657 22.364351 -429.239624
v -237.433472 19.403303 -429.272461
v -237.485657 19.402836 -429.239624
v -242.663589 23.124537 -386.895203
v -242.674194 23.124537 -386.995087
v -242.663589 20.149672 -386.895203
v -242.674194 20.149672 -386.995087
v -242.574326 23.124537 -387.005707
v -242.563721 23.124537 -386.905823
v -242.574326 20.149672 -387.005707
v -242.563721 20.149672 -386.905823
v -243.723541 23.104437 -396.875732
v -243.734146 23.095810 -396.975586
v -243.723541 20.096060 -396.875732
v -243.734146 20.091070 -396.975586
v -243.634277 23.092115 -396.986206
v -243.623657 23.100863 -396.886322
v -243.634277 20.090868 -396.986206
v -243.623657 20.095877 -396.886322
v -245.235123 22.527750 -414.475800
v -245.234497 22.526976 -414.537720
v -245.235123 19.525574 -414.475800
v -245.234497 19.524359 -414.537720
v -245.134064 22.521955 -414.536560
v -245.134705 22.523422 -414.474915
v -245.134064 19.522726 -414.536560
v -245.134705 19.523939 -414.474915
v -244.703949 22.648306 -407.394165
v -244.703949 22.647215 -407.494629
v -244.703949 19.696690 -407.394165
v -244.703949 19.693708 -407.494629
v -244.603516 22.643360 -407.494629
v -244.603516 22.644926 -407.394165
v -244.603516 19.692144 -407.494629
v -244.603516 19.695137 -407.394165
v -229.817749 23.064558 -491.891602
v -229.949081 23.067638 -491.891571
v -229.817749 20.149429 -491.891602
v -229.949081 20.149429 -491.891571
v -229.949234 23.072649 -491.992035
v -229.817642 23.068892 -491.992065
v -229.949234 20.149429 -491.992035
v -229.817642 20.149429 -491.992065
v -144.574158 22.545376 -492.030579
v -144.674591 22.550365 -492.031494
v -144.574158 19.570513 -492.030579
v -144.674591 19.575502 -492.031525
v -144.673706 22.550365 -492.131958
v -144.573257 22.545376 -492.131042
v -144.673706 19.575502 -492.131958
v -144.573257 19.570513 -492.131042
v -166.683350 22.970945 -492.001556
v -166.783813 22.970959 -492.001831
v -166.683350 19.970232 -492.001556
v -166.783798 19.973158 -492.001801
v -166.783554 22.971397 -492.102234
v -166.683090 22.971180 -492.101990
v -166.783539 19.973158 -492.102234
v -166.683090 19.970232 -492.101990
v -211.087082 23.151779 -491.826965
v -211.218414 23.147820 -491.827454
v -211.087082 20.149433 -491.826965
v -211.218414 20.149433 -491.827454
v -211.218170 23.148001 -491.927887
v -211.086578 23.151857 -491.927399
v -211.218170 20.149433 -491.927887
v -211.086578 20.149433 -491.927399
v -189.341553 23.071396 -491.958466
v -189.472885 23.076126 -491.958374
v -189.341553 20.144817 -491.958466
v -189.472885 20.145300 -491.958374
v -189.473099 23.077581 -492.058807
v -189.341492 23.072283 -492.058899
v -189.473099 20.145300 -492.058807
v -189.341492 20.144817 -492.058899
v -208.972504 22.799644 -423.557251
v -208.771011 22.797522 -423.402649
v -208.972519 19.284201 -423.557251
v -208.771011 19.282558 -423.402649
v -208.925613 22.798903 -423.201141
v -209.127106 22.801212 -423.355774
v -208.925613 19.280691 -423.201141
v -209.127106 19.282328 -423.355804
v -274.174225 23.091209 -463.906219
v -274.174194 23.087172 -463.774902
v -274.174225 20.149427 -463.906219
v -274.174194 20.149427 -463.774902
v -274.274658 23.086313 -463.774750
v -274.274658 23.089912 -463.906342
v -274.274658 20.149427 -463.774750
v -274.274658 20.149427 -463.906342
v -274.160187 23.096430 -453.684265
v -274.229492 23.095703 -453.572693
v -274.160187 20.149427 -453.684265
v -274.229492 20.149427 -453.572693
v -274.314880 23.091927 -453.625580
v -274.245453 23.092999 -453.737366
v -274.314880 20.149427 -453.625580
v -274.245453 20.149427 -453.737366
v -254.812073 23.132505 -491.893677
v -254.943405 23.131092 -491.893738
v -254.812073 20.149429 -491.893677
v -254.943405 20.149429 -491.893738
v -254.943481 23.127197 -491.994202
v -254.811890 23.128717 -491.994110
v -254.943481 20.149429 -491.994202
v -254.811890 20.149429 -491.994110
v -274.138733 23.175173 -476.423706
v -274.138580 23.176521 -476.292389
v -274.138733 20.149429 -476.423706
v -274.138580 20.149429 -476.292389
v -274.239014 23.170662 -476.292114
v -274.239166 23.169252 -476.423706
v -274.239014 20.149429 -476.292114
v -274.239166 20.149429 -476.423706
v -272.254669 23.124317 -491.965363
v -272.123138 23.124317 -491.968353
v -272.254669 20.149454 -491.965363
v -272.123138 20.149454 -491.968353
v -272.120972 23.124317 -491.867950
v -272.252228 23.124317 -491.864960
v -272.120972 20.149454 -491.867950
v -272.252228 20.149454 -491.864960
v -274.262085 23.124317 -491.851562
v -274.163391 23.124317 -491.938568
v -274.262085 20.149452 -491.851562
v -274.163391 20.149452 -491.938568
v -274.097076 23.124317 -491.863159
v -274.195557 23.124317 -491.776337
v -274.097076 20.149452 -491.863159
v -274.195557 20.149452 -491.776337
v -274.195251 22.095188 -491.870270
v -274.195251 22.141043 -491.870270
v -272.214386 22.095188 -491.936096
v -272.214386 22.141043 -491.936096
v -274.168793 22.141043 -491.840240
v -274.168793 22.095188 -491.840240
v -272.213470 22.141043 -491.896088
v -272.213470 22.095188 -491.896088
v -272.209473 22.758718 -491.896179
v -272.209473 22.804573 -491.896179
v -274.165802 22.758718 -491.842896
v -274.165802 22.804573 -491.842896
v -272.210419 22.804573 -491.936188
v -272.210419 22.758718 -491.936188
v -274.192261 22.804573 -491.872925
v -274.192261 22.758718 -491.872925
v -272.163757 22.640249 -491.409119
v -272.163757 22.332514 -491.409119
v -272.168945 22.640249 -491.639862
v -272.168945 22.332514 -491.639862
v -272.174133 22.640249 -491.870605
v -272.174133 22.332514 -491.870605
v -272.229584 22.332514 -491.638458
v -272.224091 22.332514 -491.407715
v -272.235077 22.332514 -491.869202
v -272.235077 22.640249 -491.869202
v -272.229584 22.640249 -491.638458
v -272.224091 22.640249 -491.407715
v -276.574707 20.814789 -490.235413
v -274.179626 20.814789 -490.249634
v -274.180267 20.814789 -490.414215
v -276.575378 20.814789 -490.408020
v -135.780090 15.780823 -370.294983
v -135.700409 15.773279 -370.233826
v -135.780090 12.843157 -370.294983
v -135.700409 12.835376 -370.233826
v -135.761551 15.772223 -370.154175
v -135.841232 15.780112 -370.215302
v -135.761551 12.835376 -370.154175
v -135.841232 12.843157 -370.215302
v -127.817490 15.144282 -364.185059
v -127.737793 15.140277 -364.123932
v -127.817497 12.130262 -364.185089
v -127.737793 12.123850 -364.123932
v -127.798935 15.141578 -364.044220
v -127.878632 15.145680 -364.105408
v -127.798950 12.123850 -364.044250
v -127.878632 12.130262 -364.105408
v -111.868340 14.168772 -351.946869
v -111.788658 14.165842 -351.885712
v -111.868340 11.208184 -351.946838
v -111.788658 11.205657 -351.885712
v -111.849792 14.168577 -351.806030
v -111.929474 14.171671 -351.867157
v -111.849792 11.205657 -351.806030
v -111.929474 11.208184 -351.867157
v -119.859398 14.527647 -358.078583
v -119.779709 14.518774 -358.017456
v -119.859398 11.573098 -358.078583
v -119.779709 11.568434 -358.017456
v -119.840851 14.517909 -357.937805
v -119.920532 14.526594 -357.998932
v -119.840851 11.568434 -357.937805
v -119.920532 11.573098 -357.998932
v -167.651688 19.503086 -394.750946
v -167.572006 19.489010 -394.689789
v -167.651703 16.490297 -394.750946
v -167.572006 16.480862 -394.689789
v -167.633148 19.493185 -394.610138
v -167.712845 19.506971 -394.671265
v -167.633148 16.480862 -394.610138
v -167.712845 16.490297 -394.671265
v -159.689072 18.457584 -388.640991
v -159.609390 18.451641 -388.579865
v -159.689072 15.536383 -388.640991
v -159.609390 15.526788 -388.579865
v -159.670532 18.449318 -388.500183
v -159.750229 18.455854 -388.561340
v -159.670532 15.526788 -388.500183
v -159.750214 15.536383 -388.561340
v -143.739944 16.721731 -376.402802
v -143.660263 16.713783 -376.341675
v -143.739944 13.673134 -376.402802
v -143.660263 13.664370 -376.341675
v -143.721405 16.712420 -376.261963
v -143.801086 16.720116 -376.323120
v -143.721405 13.664370 -376.261963
v -143.801086 13.673134 -376.323120
v -151.730988 17.560907 -382.534546
v -151.651306 17.551537 -382.473419
v -151.730988 14.586044 -382.534546
v -151.651306 14.576673 -382.473419
v -151.712463 17.551537 -382.393738
v -151.792145 17.560907 -382.454895
v -151.712463 14.576673 -382.393738
v -151.792145 14.586044 -382.454895
v -199.523285 22.359446 -419.206909
v -199.443619 22.356077 -419.145721
v -199.523285 19.384583 -419.206909
v -199.443619 19.381214 -419.145721
v -199.504761 22.355066 -419.066040
v -199.584442 22.358431 -419.127197
v -199.504761 19.380205 -419.066040
v -199.584442 19.383566 -419.127197
v -191.560699 21.943295 -413.096954
v -191.481003 21.933979 -413.035828
v -191.560699 18.934874 -413.096954
v -191.481003 18.929190 -413.035828
v -191.542145 21.929941 -412.956116
v -191.621841 21.939358 -413.017273
v -191.542145 18.928656 -412.956116
v -191.621841 18.934334 -413.017273
v -175.611557 20.411087 -400.858765
v -175.531860 20.402639 -400.797607
v -175.611557 17.408876 -400.858765
v -175.531860 17.399979 -400.797607
v -175.593002 20.399248 -400.717926
v -175.672699 20.408390 -400.779083
v -175.593002 17.399979 -400.717926
v -175.672699 17.408876 -400.779083
v -183.602600 21.209160 -406.990509
v -183.522919 21.203085 -406.929382
v -183.602600 18.257521 -406.990509
v -183.522919 18.249548 -406.929382
v -183.584061 21.200790 -406.849701
v -183.663742 21.207333 -406.910828
v -183.584061 18.249548 -406.849701
v -183.663742 18.257521 -406.910828
v -128.407959 19.421425 -438.650299
v -128.465988 19.426828 -438.732330
v -128.407959 16.479662 -438.650299
v -128.465988 16.489100 -438.732330
v -128.384018 19.425978 -438.790375
v -128.325989 19.420134 -438.708344
v -128.384018 16.489100 -438.790375
v -128.325989 16.479662 -438.708344
v -134.206192 20.346107 -446.842682
v -134.264221 20.354273 -446.924622
v -134.206192 17.399147 -446.842682
v -134.264221 17.408045 -446.924622
v -134.182266 20.350498 -446.982666
v -134.124237 20.342676 -446.900726
v -134.182266 17.408047 -446.982666
v -134.124237 17.399147 -446.900726
v -145.820145 21.986624 -463.251953
v -145.878174 22.001160 -463.333984
v -145.820145 18.983997 -463.251953
v -145.878159 18.990671 -463.333984
v -145.796188 22.004835 -463.392029
v -145.738159 21.990662 -463.309998
v -145.796188 18.990671 -463.392029
v -145.738159 18.983997 -463.309998
v -140.001175 21.189983 -455.030334
v -140.059189 21.194706 -455.112366
v -140.001175 18.245499 -455.030334
v -140.059189 18.253477 -455.112335
v -139.977219 21.201721 -455.170380
v -139.919189 21.197418 -455.088379
v -139.977219 18.253477 -455.170380
v -139.919189 18.245499 -455.088379
v -105.199509 15.749578 -405.859161
v -105.257530 15.760446 -405.941132
v -105.199509 12.834393 -405.859161
v -105.257530 12.842171 -405.941132
v -105.175568 15.765447 -405.999146
v -105.117554 15.753904 -405.917175
v -105.175568 12.842171 -405.999146
v -105.117554 12.834393 -405.917175
v -110.997757 16.646589 -414.051483
v -111.055794 16.653938 -414.133514
v -110.997749 13.663561 -414.051483
v -111.055794 13.672326 -414.133484
v -110.973831 16.650049 -414.191498
v -110.915802 16.642807 -414.109528
v -110.973831 13.672326 -414.191498
v -110.915802 13.663562 -414.109528
v -122.611710 18.551582 -430.460846
v -122.669739 18.562527 -430.542816
v -122.611710 15.525906 -430.460846
v -122.669739 15.535501 -430.542816
v -122.587753 18.556654 -430.600830
v -122.529747 18.545649 -430.518829
v -122.587753 15.535501 -430.600830
v -122.529747 15.525906 -430.518829
v -116.792740 17.617348 -422.239197
v -116.850769 17.627905 -422.321198
v -116.792740 14.571935 -422.239197
v -116.850769 14.581306 -422.321198
v -116.768784 17.629578 -422.379242
v -116.710770 17.618965 -422.297241
v -116.768784 14.581306 -422.379242
v -116.710770 14.571936 -422.297241
v -81.991089 14.051517 -373.067993
v -82.049110 14.051531 -373.149963
v -81.991089 11.076653 -373.067993
v -82.049110 11.076665 -373.149963
v -81.967125 14.051531 -373.207977
v -81.909088 14.051517 -373.126007
v -81.967125 11.076665 -373.207977
v -81.909088 11.076653 -373.126007
v -87.789330 14.206141 -381.260315
v -87.847366 14.205754 -381.342316
v -87.789330 11.205422 -381.260345
v -87.847366 11.207948 -381.342316
v -87.765388 14.206192 -381.400360
v -87.707344 14.206372 -381.318359
v -87.765388 11.207948 -381.400360
v -87.707344 11.205422 -381.318359
v -99.403259 15.125607 -397.669647
v -99.461281 15.128058 -397.751648
v -99.403259 12.123263 -397.669647
v -99.461296 12.129675 -397.751617
v -99.379303 15.128245 -397.809631
v -99.321274 15.125691 -397.727661
v -99.379303 12.129675 -397.809631
v -99.321274 12.123262 -397.727661
v -93.584297 14.492670 -389.448059
v -93.642326 14.501581 -389.530029
v -93.584297 11.566081 -389.448059
v -93.642326 11.570737 -389.530029
v -93.560341 14.503034 -389.588013
v -93.502296 14.493557 -389.506042
v -93.560341 11.570735 -389.588013
v -93.502296 11.566079 -389.506042
v -152.723160 17.677929 -383.295868
v -152.643478 17.668509 -383.234741
v -152.723160 14.703064 -383.295868
v -152.643478 14.693645 -383.234741
v -152.704620 17.668509 -383.155060
v -152.784317 17.677929 -383.216217
v -152.704620 14.693645 -383.155060
v -152.784317 14.703064 -383.216217
v -152.703705 16.644325 -383.242889
v -152.703705 16.690180 -383.242889
v -151.725403 16.528959 -382.492218
v -151.725403 16.574814 -382.492218
v -152.728073 16.690180 -383.211121
v -152.728073 16.644325 -383.211121
v -151.749771 16.574814 -382.460449
v -151.749786 16.528959 -382.460449
v -151.747375 17.192207 -382.458618
v -151.747375 17.238060 -382.458618
v -152.725677 17.307571 -383.209290
v -152.725677 17.353426 -383.209259
v -151.722992 17.238060 -382.490356
v -151.722992 17.192207 -382.490356
v -152.701294 17.353426 -383.241028
v -152.701294 17.307571 -383.241028
v -152.425598 17.191784 -383.647278
v -152.425598 16.884048 -383.647278
v -152.566116 17.191784 -383.464172
v -152.566116 16.884048 -383.464172
v -152.706619 17.191784 -383.281067
v -152.706619 16.884048 -383.281067
v -152.529114 16.879677 -383.435791
v -152.388626 16.879677 -383.618896
v -152.669632 16.879677 -383.252686
v -152.669632 17.187410 -383.252686
v -152.529114 17.187410 -383.435791
v -152.388626 17.187410 -383.618896
v -153.176559 15.419317 -383.595703
v -154.638016 15.419721 -381.698151
v -154.538361 15.407884 -381.621094
v -153.076920 15.407481 -383.518677
v -151.087769 20.400061 -473.184570
v -151.052399 20.414597 -473.278595
v -151.087769 19.520208 -473.184570
v -151.052399 19.526882 -473.278595
v -150.958374 20.418272 -473.243286
v -150.993744 20.404100 -473.149231
v -150.958374 19.526882 -473.243286
v -150.993744 19.520210 -473.149231
v -150.252213 20.400061 -475.674744
v -150.216843 20.414597 -475.768768
v -150.252213 19.520208 -475.674744
v -150.216843 19.526882 -475.768768
v -150.122818 20.418272 -475.733459
v -150.158188 20.404100 -475.639404
v -150.122818 19.526882 -475.733459
v -150.158188 19.520210 -475.639404
v -149.664795 20.400061 -477.447449
v -149.629425 20.414597 -477.541473
v -149.664795 19.520208 -477.447449
v -149.629425 19.526882 -477.541473
v -149.535400 20.418272 -477.506134
v -149.570770 20.404100 -477.412109
v -149.535400 19.526882 -477.506134
v -149.570770 19.520210 -477.412109
v -148.890991 20.400061 -479.852783
v -148.855621 20.414597 -479.946777
v -148.890991 19.520208 -479.852783
v -148.855621 19.526882 -479.946777
v -148.761597 20.418272 -479.911469
v -148.796967 20.404100 -479.817413
v -148.761597 19.526882 -479.911469
v -148.796967 19.520210 -479.817413
v -148.792404 20.400061 -480.808350
v -148.699783 20.414597 -481.054535
v -148.792404 19.520208 -480.808350
v -148.699768 19.526882 -481.054535
v -148.453583 20.418272 -480.962036
v -148.546204 20.404100 -480.715820
v -148.453583 19.526882 -480.962036
v -148.546204 19.520210 -480.715820
v -148.329575 20.400061 -482.048981
v -148.236954 20.414597 -482.295166
v -148.329575 19.520208 -482.048981
v -148.236938 19.526882 -482.295166
v -147.990738 20.418272 -482.202667
v -148.083374 20.404100 -481.956421
v -147.990738 19.526882 -482.202667
v -148.083374 19.520210 -481.956421
v -147.340881 20.400061 -483.971832
v -147.305511 20.414597 -484.065857
v -147.340881 19.520208 -483.971832
v -147.305511 19.526882 -484.065857
v -147.211487 20.418272 -484.030518
v -147.246857 20.404100 -483.936462
v -147.211487 19.526882 -484.030518
v -147.246857 19.520210 -483.936462
v -146.150009 20.400061 -487.208160
v -146.114639 20.414597 -487.302185
v -146.150009 19.520208 -487.208160
v -146.114639 19.526882 -487.302185
v -146.020615 20.418272 -487.266846
v -146.055984 20.404100 -487.172821
v -146.020615 19.526882 -487.266846
v -146.055984 19.520210 -487.172821
v -145.320129 20.400061 -489.457611
v -145.284760 20.414597 -489.551636
v -145.320129 19.520208 -489.457611
v -145.284760 19.526882 -489.551636
v -145.190735 20.418272 -489.516296
v -145.226105 20.404100 -489.422241
v -145.190735 19.526882 -489.516296
v -145.226105 19.520210 -489.422241
v -151.628021 22.562738 -471.330383
v -151.686050 22.577274 -471.412384
v -151.628021 19.560112 -471.330383
v -151.686035 19.566786 -471.412384
v -151.604065 22.580950 -471.470428
v -151.546051 22.566778 -471.388428
v -151.604065 19.566786 -471.470428
v -151.546051 19.560114 -471.388428
v -251.237335 -6.050138 -823.267273
v -251.171432 -6.054208 -823.244812
v -251.237335 -8.975125 -823.267273
v -251.171432 -8.979424 -823.244812
v -251.202942 -6.055257 -823.149902
v -251.268570 -6.050847 -823.172241
v -251.202942 -8.979424 -823.149902
v -251.268570 -8.975125 -823.172241
v -242.863846 -6.330026 -820.186646
v -242.803345 -6.330422 -820.148254
v -242.863846 -9.331067 -820.186646
v -242.803345 -9.333859 -820.148193
v -242.852631 -6.329133 -820.072632
v -242.912872 -6.328641 -820.110901
v -242.852631 -9.333859 -820.072632
v -242.912872 -9.331067 -820.110901
v -229.596313 -6.617003 -804.844604
v -229.549957 -6.617062 -804.756531
v -229.596313 -9.564857 -804.844604
v -229.549957 -9.564510 -804.756531
v -229.638901 -6.614337 -804.719116
v -229.685272 -6.614120 -804.807251
v -229.638901 -9.564510 -804.719116
v -229.685272 -9.564857 -804.807251
v -236.004044 -6.589027 -813.930725
v -235.957977 -6.594388 -813.878174
v -236.004044 -9.530811 -813.930725
v -235.957977 -9.531982 -813.878174
v -236.032410 -6.595239 -813.822144
v -236.078262 -6.590062 -813.874512
v -236.032410 -9.531982 -813.822144
v -236.078262 -9.530811 -813.874512
v -285.203522 -3.206398 -811.176514
v -285.144318 -3.220253 -811.236267
v -285.203522 -6.206242 -811.176514
v -285.144318 -6.215481 -811.236267
v -285.073334 -3.216103 -811.165833
v -285.132446 -3.202534 -811.106140
v -285.073334 -6.215481 -811.165833
v -285.132446 -6.206242 -811.106140
v -277.167847 -4.169091 -818.371826
v -277.118805 -4.173635 -818.405579
v -277.167847 -7.077672 -818.371826
v -277.118805 -7.085847 -818.405579
v -277.061951 -4.175954 -818.323303
v -277.110718 -4.170819 -818.289734
v -277.061951 -7.085847 -818.323303
v -277.110718 -7.077672 -818.289734
v -258.410767 -5.438764 -824.041504
v -258.340729 -5.443643 -824.040039
v -258.410736 -8.474183 -824.041504
v -258.340729 -8.479882 -824.040039
v -258.342072 -5.444989 -823.940002
v -258.411804 -5.440358 -823.941528
v -258.342072 -8.479882 -823.940002
v -258.411804 -8.474183 -823.941528
v -266.483490 -4.882379 -823.383118
v -266.415985 -4.888913 -823.403076
v -266.483521 -7.836331 -823.383118
v -266.415955 -7.843324 -823.403076
v -266.386902 -4.893880 -823.307434
v -266.454132 -4.887589 -823.287537
v -266.386902 -7.843324 -823.307434
v -266.454132 -7.836331 -823.287537
v -301.476349 1.150080 -781.835022
v -301.456726 1.137648 -781.916809
v -301.476349 -1.811949 -781.835083
v -301.456726 -1.824381 -781.916809
v -301.359497 1.137648 -781.893433
v -301.379089 1.150080 -781.811768
v -301.359497 -1.824381 -781.893433
v -301.379089 -1.811949 -781.811768
v -298.845734 -0.028388 -790.152466
v -298.815155 -0.043811 -790.230835
v -298.845734 -3.023787 -790.152466
v -298.815155 -3.035590 -790.230835
v -298.722015 -0.047290 -790.194458
v -298.752533 -0.031764 -790.116211
v -298.722015 -3.035590 -790.194458
v -298.752533 -3.023787 -790.116211
v -290.689453 -2.244472 -804.820801
v -290.638885 -2.254238 -804.888062
v -290.689453 -5.233699 -804.820801
v -290.638885 -5.243904 -804.888062
v -290.558990 -2.257610 -804.827881
v -290.609467 -2.247158 -804.760803
v -290.558990 -5.243904 -804.827881
v -290.609467 -5.233699 -804.760803
v -295.277313 -1.227485 -797.750183
v -295.236420 -1.236659 -797.823669
v -295.277313 -4.166369 -797.750183
v -295.236420 -4.177424 -797.823669
v -295.149078 -1.238940 -797.775024
v -295.189911 -1.229304 -797.701599
v -295.149078 -4.177424 -797.775024
v -295.189911 -4.166369 -797.701599
v -319.666260 -2.023048 -850.138184
v -319.746124 -2.019126 -850.038025
v -319.666260 -4.952140 -850.138184
v -319.746124 -4.944194 -850.038025
v -319.824310 -2.017833 -850.100342
v -319.744385 -2.022193 -850.200623
v -319.824310 -4.942046 -850.100342
v -319.744385 -4.949992 -850.200623
v -319.947601 -1.181745 -826.927979
v -319.961151 -1.173684 -826.800598
v -319.947601 -4.116036 -826.927979
v -319.961151 -4.107252 -826.800598
v -320.060608 -1.175527 -826.811096
v -320.047028 -1.183244 -826.938538
v -320.060608 -4.105332 -826.811096
v -320.047028 -4.114119 -826.938538
v -320.468872 0.784478 -799.792908
v -320.470093 0.802590 -799.664795
v -320.468872 -2.205134 -799.792908
v -320.470093 -2.194858 -799.664795
v -320.570099 0.807683 -799.665710
v -320.568878 0.789937 -799.793945
v -320.570099 -2.193446 -799.665710
v -320.568878 -2.203719 -799.793945
v -320.439667 -0.268135 -814.154724
v -320.435791 -0.261810 -814.026733
v -320.439667 -3.199821 -814.154724
v -320.435791 -3.190263 -814.026733
v -320.535767 -0.253147 -814.023621
v -320.539642 -0.259045 -814.151794
v -320.535767 -3.188591 -814.023621
v -320.539642 -3.198148 -814.151794
v -239.543045 -4.461578 -847.080139
v -239.702713 -4.454555 -847.135010
v -239.543060 -7.364127 -847.080139
v -239.702713 -7.360175 -847.135010
v -239.669098 -4.446818 -847.229187
v -239.509125 -4.454513 -847.174255
v -239.669098 -7.357425 -847.229187
v -239.509155 -7.361384 -847.174255
v -256.098053 -3.944190 -850.070374
v -256.267181 -3.940551 -850.074341
v -256.098053 -6.914402 -850.070374
v -256.267181 -6.909354 -850.074341
v -256.263641 -3.941768 -850.174316
v -256.094208 -3.945300 -850.170288
v -256.263641 -6.906688 -850.174316
v -256.094208 -6.911736 -850.170288
v -296.678864 -2.688304 -850.218933
v -296.895477 -2.679916 -850.196960
v -296.678894 -5.700999 -850.218933
v -296.895477 -5.693950 -850.196960
v -296.905304 -2.683398 -850.296448
v -296.688080 -2.691848 -850.318481
v -296.905304 -5.691600 -850.296448
v -296.688080 -5.698647 -850.318481
v -202.077499 -5.072205 -805.089478
v -202.116577 -5.072299 -805.181519
v -202.077499 -8.034233 -805.089478
v -202.116577 -8.034332 -805.181519
v -202.024536 -5.069850 -805.220581
v -201.985443 -5.069756 -805.128540
v -202.024536 -8.031883 -805.220581
v -201.985443 -8.031788 -805.128540
v -205.982208 -5.027406 -814.288452
v -206.021301 -5.029800 -814.380493
v -205.982224 -8.015171 -814.288452
v -206.021301 -8.014668 -814.380493
v -205.929230 -5.026727 -814.419556
v -205.890167 -5.024537 -814.327515
v -205.929245 -8.012033 -814.419556
v -205.890167 -8.012539 -814.327515
v -224.708405 -4.711962 -839.241943
v -224.843689 -4.713107 -839.342346
v -224.708405 -7.701354 -839.241943
v -224.843689 -7.698557 -839.342346
v -224.783173 -4.710150 -839.421936
v -224.647644 -4.709105 -839.321411
v -224.783173 -7.695780 -839.421936
v -224.647644 -7.698576 -839.321411
v -212.929108 -5.006570 -827.257812
v -213.027283 -5.000764 -827.394165
v -212.929108 -7.920523 -827.257812
v -213.027283 -7.918951 -827.394165
v -212.945435 -4.996575 -827.451599
v -212.847107 -5.002943 -827.315063
v -212.945435 -7.916207 -827.451599
v -212.847107 -7.917779 -827.315063
v -271.021027 -3.461211 -850.762756
v -270.856323 -3.467162 -850.804199
v -271.021027 -6.423240 -850.762756
v -270.856323 -6.429195 -850.804199
v -270.833435 -3.469718 -850.706848
v -270.997833 -3.463760 -850.665466
v -270.833435 -6.431747 -850.706848
v -270.997833 -6.425792 -850.665466
v -273.060760 -3.386237 -850.204102
v -272.897766 -3.392318 -850.251831
v -273.060760 -6.348270 -850.204102
v -272.897766 -6.354346 -850.251831
v -272.871094 -3.394851 -850.155457
v -273.033844 -3.388770 -850.107788
v -272.871094 -6.356879 -850.155457
v -273.033844 -6.350800 -850.107788
v -272.975311 -4.414573 -850.197876
v -272.975311 -4.368916 -850.197876
v -270.964569 -4.488456 -850.745972
v -270.964569 -4.442798 -850.745972
v -272.964661 -4.369929 -850.159424
v -272.964630 -4.415585 -850.159485
v -270.955353 -4.443816 -850.707214
v -270.955353 -4.489474 -850.707214
v -270.950317 -3.828986 -850.708435
v -270.950317 -3.783328 -850.708435
v -272.959686 -3.755099 -850.160889
v -272.959747 -3.709445 -850.160889
v -270.959595 -3.782310 -850.747253
v -270.959595 -3.827968 -850.747253
v -272.970398 -3.708434 -850.199280
v -272.970398 -3.754089 -850.199280
v -270.794861 -3.961215 -850.246521
v -270.794861 -4.267627 -850.246521
v -270.847961 -3.955134 -850.470154
v -270.847961 -4.261542 -850.470154
v -270.900848 -3.949187 -850.693848
v -270.900848 -4.255591 -850.693848
v -270.923950 -4.258773 -850.450989
v -270.870575 -4.264857 -850.227417
v -270.977142 -4.252826 -850.674622
v -270.977142 -3.946418 -850.674622
v -270.923950 -3.952369 -850.450989
v -270.870575 -3.958449 -850.227417
v -190.870789 -2.242215 -821.479309
v -190.760284 -2.241609 -821.618408
v -190.693970 -2.241700 -821.462219
v -190.870789 3.631793 -821.479309
v -190.760284 3.632400 -821.618408
v -190.693970 3.632308 -821.462219
v -189.922791 3.509562 -821.835327
v -189.953064 3.509608 -821.906616
v -190.758972 3.506690 -821.480347
v -190.789215 3.506732 -821.551697
v -190.789246 3.403754 -821.551697
v -189.953064 3.406631 -821.906616
v -190.758972 3.403712 -821.480408
v -189.922775 3.406585 -821.835327
v -206.533203 1.665798 -862.532166
v -206.573044 1.668732 -862.762146
v -206.295212 1.664142 -862.542908
v -206.741791 7.847527 -862.278625
v -206.781036 7.850505 -862.508057
v -206.504517 7.845920 -862.289917
v -206.028290 7.724918 -863.004333
v -206.156097 7.727012 -863.105286
v -206.606598 7.721371 -862.303528
v -206.732788 7.723459 -862.403076
v -206.732773 7.620487 -862.403076
v -206.156097 7.624035 -863.105286
v -206.606598 7.618392 -862.303528
v -206.028259 7.621940 -863.004333
v -271.339233 5.791218 -895.959473
v -271.542084 5.796673 -896.076416
v -271.193726 5.786944 -896.148987
v -271.404297 11.431460 -896.307556
v -271.608002 11.436863 -896.424316
v -271.257812 11.427133 -896.497253
v -271.500275 11.306647 -897.320984
v -271.662201 11.311090 -897.287354
v -271.335144 11.303915 -896.427429
v -271.494934 11.308355 -896.394226
v -271.494904 11.205379 -896.394226
v -271.662201 11.208114 -897.287354
v -271.335083 11.200933 -896.427490
v -271.500244 11.203668 -897.320984
v -350.311462 9.083487 -895.835693
v -350.510498 9.090993 -895.841614
v -350.351013 9.076913 -896.031006
v -350.206146 15.337269 -895.747009
v -350.405060 15.344785 -895.752991
v -350.245758 15.330705 -895.942139
v -350.939484 15.211040 -896.446777
v -351.012817 15.217467 -896.359741
v -350.245056 15.208587 -895.861206
v -350.317749 15.215016 -895.774902
v -350.317749 15.112039 -895.774902
v -351.012817 15.114490 -896.359741
v -350.245056 15.105613 -895.861206
v -350.939514 15.108063 -896.446777
v -182.028366 -3.599017 -788.294556
v -181.917816 -3.599578 -788.433655
v -181.851532 -3.597938 -788.277405
v -182.155136 2.654954 -788.240723
v -182.044617 2.654393 -788.379822
v -181.978333 2.656030 -788.223633
v -181.207138 2.531438 -788.596741
v -181.237411 2.530694 -788.668091
v -182.043304 2.530084 -788.241760
v -182.073593 2.529332 -788.313171
v -182.073593 2.426354 -788.313110
v -181.237411 2.427713 -788.668091
v -182.043304 2.427106 -788.241760
v -181.207138 2.428456 -788.596741
v -252.719086 -9.489255 -823.203796
v -252.746002 -9.490510 -823.380127
v -252.585724 -9.488000 -823.322266
v -252.831146 1.617080 -822.893677
v -252.857986 1.615821 -823.070068
v -252.697693 1.618335 -823.012146
v -251.680145 1.491714 -826.974915
v -251.753342 1.490569 -827.001404
v -252.755493 1.491714 -822.976685
v -252.828690 1.490569 -823.003113
v -252.828690 1.387145 -823.003113
v -251.753342 1.387145 -827.001404
v -252.755493 1.388293 -822.976685
v -251.680145 1.388293 -826.974915
v -200.952423 -8.371948 -805.396362
v -201.066559 -8.373333 -805.259277
v -201.129547 -8.370567 -805.417603
v -200.823898 1.818867 -805.447449
v -200.937958 1.817490 -805.310425
v -201.000977 1.820251 -805.468750
v -204.906708 1.693573 -803.870300
v -204.878021 1.692303 -803.797974
v -200.936188 1.693573 -805.448975
v -200.907440 1.692303 -805.376648
v -200.907440 1.588879 -805.376648
v -204.878021 1.588879 -803.797974
v -200.936188 1.590141 -805.448975
v -204.906708 1.590141 -803.870300
v -281.049927 -7.339821 -814.227051
v -281.222046 -7.341518 -814.273926
v -281.104156 -7.338120 -814.396973
v -281.306671 3.277659 -814.523682
v -281.478821 3.275959 -814.570496
v -281.360992 3.279357 -814.693604
v -284.171600 3.152514 -817.251709
v -284.225433 3.150962 -817.195496
v -281.351929 3.152514 -814.626465
v -281.405823 3.150959 -814.570190
v -281.405792 3.047539 -814.570190
v -284.225433 3.047538 -817.195496
v -281.351990 3.049090 -814.626465
v -284.171600 3.049090 -817.251709
v -301.098633 -2.225942 -781.377930
v -301.269714 -2.227327 -781.327393
v -301.234100 -2.224562 -781.494019
v -300.963379 9.009453 -781.399841
v -301.134430 9.008073 -781.349243
v -301.098846 9.010837 -781.515869
v -305.234467 8.884156 -782.356201
v -305.250732 8.882886 -782.280090
v -301.055878 8.884156 -781.463501
v -301.072174 8.882886 -781.387329
v -301.072174 8.779465 -781.387329
v -305.250732 8.779465 -782.280090
v -301.055939 8.780726 -781.463440
v -305.234467 8.780726 -782.356201
v -18.345745 14.250691 -311.128113
v -18.220959 14.251475 -311.132416
v -18.345745 11.313031 -311.128113
v -18.220959 11.313585 -311.132416
v -18.217884 14.250418 -311.032013
v -18.342796 14.249976 -311.027710
v -18.217884 11.313582 -311.032013
v -18.342796 11.313028 -311.027710
v -5.921574 14.384887 -311.135712
v -5.797966 14.387897 -311.154327
v -5.921574 11.370845 -311.135712
v -5.797966 11.371448 -311.154327
v -5.783398 14.389187 -311.054962
v -5.907112 14.386275 -311.036316
v -5.783398 11.371445 -311.054962
v -5.907108 11.370842 -311.036316
v 18.243771 14.460602 -311.281006
v 18.368977 14.460881 -311.282166
v 18.243771 11.499977 -311.281006
v 18.368977 11.500662 -311.282166
v 18.369503 14.463614 -311.181732
v 18.244175 14.463496 -311.180573
v 18.369503 11.500658 -311.181732
v 18.244167 11.499973 -311.180573
v 6.294086 14.387755 -311.209900
v 6.414837 14.384194 -311.242615
v 6.294086 11.433224 -311.209900
v 6.414837 11.433870 -311.242615
v 6.440716 14.383339 -311.145538
v 6.319851 14.386710 -311.112823
v 6.440716 11.433867 -311.145538
v 6.319843 11.433221 -311.112823
v -66.805412 14.150649 -320.876434
v -66.692139 14.146320 -320.824982
v -66.805412 11.137809 -320.876434
v -66.692139 11.138118 -320.824982
v -66.734016 14.150491 -320.733673
v -66.847389 14.154527 -320.785187
v -66.734016 11.138117 -320.733673
v -66.847389 11.137808 -320.785187
v -55.213928 14.093333 -316.388855
v -55.095402 14.097355 -316.350739
v -55.213928 11.172151 -316.388855
v -55.095402 11.172527 -316.350739
v -55.126537 14.095024 -316.255249
v -55.245167 14.091595 -316.293427
v -55.126537 11.172525 -316.255249
v -55.245171 11.172148 -316.293396
v -30.802544 14.308916 -311.529358
v -30.678204 14.310237 -311.519318
v -30.802544 11.260345 -311.529358
v -30.678200 11.260844 -311.519318
v -30.686672 14.308883 -311.419250
v -30.811142 14.307309 -311.429291
v -30.686672 11.260842 -311.419250
v -30.811142 11.260341 -311.429291
v -43.179466 14.179838 -313.260925
v -43.057190 14.180741 -313.236603
v -43.179466 11.213088 -313.260925
v -43.057190 11.213530 -313.236603
v -43.077168 14.175750 -313.138184
v -43.199539 14.174602 -313.162506
v -43.077168 11.213529 -313.138184
v -43.199539 11.213085 -313.162506
v -103.907990 14.051489 -345.838928
v -103.828308 14.051489 -345.777802
v -103.907990 11.076625 -345.838928
v -103.828308 11.076625 -345.777802
v -103.889458 14.051489 -345.698120
v -103.969116 14.051489 -345.759247
v -103.889458 11.076625 -345.698120
v -103.969116 11.076625 -345.759247
v -95.945206 14.087936 -339.729248
v -95.865509 14.084373 -339.668121
v -95.945190 11.079560 -339.729279
v -95.865509 11.079632 -339.668121
v -95.926620 14.080879 -339.588440
v -96.006332 14.084545 -339.649567
v -95.926620 11.079632 -339.588440
v -96.006332 11.079559 -339.649567
v -77.790726 14.112785 -326.658081
v -77.684219 14.113461 -326.593994
v -77.790726 11.110608 -326.658081
v -77.684204 11.110844 -326.594025
v -77.736298 14.110072 -326.508118
v -77.842911 14.110089 -326.572235
v -77.736298 11.110842 -326.508118
v -77.842911 11.110606 -326.572235
v -87.986908 14.042585 -333.623047
v -87.907211 14.044635 -333.561920
v -87.986916 11.090970 -333.623047
v -87.907211 11.091126 -333.561920
v -87.968353 14.042341 -333.482239
v -88.048050 14.040759 -333.543396
v -87.968353 11.091125 -333.482239
v -88.048050 11.090969 -333.543396
v -64.307220 14.058151 -348.783020
v -64.388199 14.057187 -348.831665
v -64.307220 11.111148 -348.783020
v -64.388184 11.110911 -348.831665
v -64.336533 14.053411 -348.917786
v -64.255661 14.054720 -348.869202
v -64.336533 11.110912 -348.917786
v -64.255661 11.111149 -348.869202
v -76.194611 14.082278 -364.879028
v -76.252663 14.090073 -364.961029
v -76.194611 11.079712 -364.879028
v -76.252663 11.079638 -364.961029
v -76.170670 14.093769 -365.019043
v -76.112640 14.086337 -364.937073
v -76.170685 11.079638 -365.019043
v -76.112640 11.079712 -364.937073
v -70.375397 14.035776 -356.657593
v -70.433403 14.032367 -356.739563
v -70.375397 11.091386 -356.657593
v -70.433411 11.091229 -356.739563
v -70.351448 14.039392 -356.797607
v -70.293404 14.043221 -356.715637
v -70.351448 11.091230 -356.797607
v -70.293404 11.091388 -356.715637
v -57.229820 14.080321 -341.678436
v -57.315945 14.075973 -341.717468
v -57.229820 11.138539 -341.678436
v -57.315945 11.138228 -341.717468
v -57.274529 14.075116 -341.808990
v -57.188507 14.079025 -341.769958
v -57.274529 11.138230 -341.808990
v -57.188507 11.138540 -341.769958
v -18.830437 14.229319 -330.700317
v -18.925396 14.231844 -330.696960
v -18.830437 11.314189 -330.700317
v -18.925415 11.313634 -330.696991
v -18.928963 14.236856 -330.797333
v -18.834110 14.233655 -330.800659
v -18.928951 11.313637 -330.797333
v -18.834110 11.314192 -330.800659
v -29.124245 14.244449 -330.926880
v -29.218864 14.242533 -330.934509
v -29.124245 11.261371 -330.926880
v -29.218857 11.260869 -330.934509
v -29.210880 14.238641 -331.034607
v -29.116383 14.240662 -331.027039
v -29.210880 11.260872 -331.034607
v -29.116375 11.261373 -331.027008
v -48.737801 14.198779 -336.177155
v -48.827942 14.199750 -336.206085
v -48.737801 11.173036 -336.177155
v -48.827942 11.172657 -336.206085
v -48.797283 14.193892 -336.301727
v -48.707264 14.192863 -336.272827
v -48.797283 11.172659 -336.301727
v -48.707264 11.173038 -336.272827
v 20.493504 14.546430 -341.387024
v 20.409519 14.545711 -341.341583
v 20.493504 11.571564 -341.387024
v 20.409519 11.570845 -341.341583
v 20.361706 14.545714 -341.429901
v 20.445599 14.546432 -341.475281
v 20.361683 11.570848 -341.429901
v 20.445599 11.571567 -341.475281
v 11.130474 14.502099 -336.993042
v 11.041927 14.498500 -336.957611
v 11.130474 11.501384 -336.993042
v 11.041927 11.500698 -336.957611
v 11.004574 14.498943 -337.050842
v 11.093014 14.502337 -337.086243
v 11.004574 11.500702 -337.050842
v 11.093014 11.501387 -337.086243
v -8.676353 14.374434 -331.660553
v -8.770435 14.369869 -331.646332
v -8.676353 11.372087 -331.660553
v -8.770435 11.371484 -331.646332
v -8.785500 14.370053 -331.745636
v -8.691536 14.374515 -331.759827
v -8.785484 11.371487 -331.745636
v -8.691547 11.372089 -331.759827
v 1.340954 14.361402 -333.708801
v 1.249043 14.365003 -333.683807
v 1.340954 11.434821 -333.708801
v 1.249043 11.434175 -333.683807
v 1.222614 14.366461 -333.780701
v 1.314442 14.362292 -333.805664
v 1.222614 11.434177 -333.780701
v 1.314442 11.434824 -333.805664
v -38.260807 14.194008 -332.222961
v -38.167664 14.194458 -332.205902
v -38.260807 11.219143 -332.222961
v -38.167664 11.219593 -332.205902
v -38.185593 14.194456 -332.107086
v -38.278858 14.194005 -332.124176
v -38.185593 11.219590 -332.107086
v -38.278858 11.219140 -332.124176
v -39.418873 14.188454 -332.444519
v -39.325981 14.188896 -332.426117
v -39.418873 11.213590 -332.444519
v -39.325981 11.214032 -332.426117
v -39.345348 14.188894 -332.327576
v -39.438343 14.188452 -332.346008
v -39.345348 11.214029 -332.327576
v -39.438343 11.213587 -332.346008
v -39.380615 13.159534 -332.406158
v -39.380615 13.205388 -332.406158
v -38.238235 13.165012 -332.188110
v -38.238235 13.210867 -332.188110
v -39.388355 13.205387 -332.366882
v -39.388355 13.159534 -332.366882
v -38.245407 13.210866 -332.148743
v -38.245407 13.165012 -332.148743
v -38.242565 13.828557 -332.148224
v -38.242565 13.874411 -332.148224
v -39.385521 13.823078 -332.366302
v -39.385521 13.868932 -332.366302
v -38.235397 13.874411 -332.187592
v -38.235397 13.828557 -332.187592
v -39.377792 13.868934 -332.405609
v -39.377792 13.823078 -332.405609
v -38.305313 13.710196 -331.663605
v -38.305313 13.402460 -331.663605
v -38.263969 13.710201 -331.890686
v -38.263969 13.402466 -331.890686
v -38.222641 13.710206 -332.117737
v -38.222641 13.402471 -332.117737
v -38.307384 13.402256 -331.898621
v -38.348827 13.402251 -331.671600
v -38.265930 13.402262 -332.125702
v -38.265930 13.709997 -332.125702
v -38.307384 13.709991 -331.898621
v -38.348827 13.709986 -331.671600
v -39.391167 11.876596 -334.919830
v -39.873302 11.876526 -332.573761
v -39.756912 11.877076 -332.549469
v -39.278191 11.877148 -334.896240
v -128.058060 12.001215 -363.744049
v -128.041321 12.001215 -363.921753
v -127.899841 12.001215 -363.826630
v -128.241882 18.211143 -363.470490
v -128.225220 18.211143 -363.648071
v -128.083679 18.211143 -363.552979
v -127.639465 18.085146 -364.289978
v -127.704010 18.085146 -364.333405
v -128.148438 18.085146 -363.532684
v -128.212997 18.085146 -363.576141
v -128.212997 17.981722 -363.576141
v -127.704010 17.981722 -364.333405
v -128.148438 17.981722 -363.532684
v -127.639465 17.981722 -364.289978
v -48.583092 11.209115 -336.679657
v -48.558807 11.209116 -336.502869
v -48.718033 11.209116 -336.563263
v -48.708866 18.322186 -336.347260
v -48.684738 18.322186 -336.170349
v -48.843964 18.322186 -336.230743
v -49.637054 18.196188 -334.361633
v -49.564419 18.196188 -334.334137
v -48.785645 18.196188 -336.265106
v -48.712883 18.196188 -336.237549
v -48.712883 18.092764 -336.237549
v -49.564419 18.092764 -334.334137
v -48.785645 18.092764 -336.265106
v -49.637054 18.092764 -334.361633
v -19.312145 11.209116 -331.040955
v -19.224693 11.209116 -330.885437
v -19.395031 11.209116 -330.883148
v -19.307159 18.322187 -330.685638
v -19.219814 18.322187 -330.529999
v -19.390278 18.322187 -330.527588
v -19.336021 18.196186 -328.359161
v -19.258278 18.196186 -328.360260
v -19.348614 18.196186 -330.580933
v -19.270725 18.196186 -330.581909
v -19.270725 18.092764 -330.581909
v -19.258278 18.092764 -328.360260
v -19.348614 18.092764 -330.580933
v -19.336021 18.092764 -328.359161
v -101.191177 11.209115 -341.885956
v -101.167488 11.209117 -342.062836
v -101.030136 11.209117 -341.962219
v -100.981339 16.872496 -342.172821
v -100.957596 16.872496 -342.349762
v -100.820190 16.872496 -342.249146
v -100.346741 16.746496 -342.967926
v -100.409462 16.746496 -343.013763
v -100.885483 16.746496 -342.231628
v -100.948273 16.746496 -342.277557
v -100.948273 16.643074 -342.277557
v -100.409462 16.643074 -343.013763
v -100.885483 16.643074 -342.231628
v -100.346741 16.643074 -342.967926
v 7.509525 11.209116 -336.265686
v 7.623013 11.209117 -336.127960
v 7.455860 11.209117 -336.095886
v 7.577007 18.322187 -335.916718
v 7.690502 18.322187 -335.778931
v 7.523273 18.322187 -335.746643
v 8.104374 18.196188 -333.420349
v 8.180645 18.196188 -333.435089
v 7.554821 18.196188 -335.806458
v 7.631268 18.196188 -335.821198
v 7.631268 18.092764 -335.821198
v 8.180645 18.092764 -333.435089
v 7.554821 18.092764 -335.806458
v 8.104374 18.092764 -333.420349
v -169.059128 -1.442235 -718.941589
v -168.916306 -1.433144 -718.909790
v -169.059128 -4.367222 -718.941589
v -168.916336 -4.358361 -718.909851
v -168.935181 -1.432755 -718.811584
v -169.078171 -1.441506 -718.843384
v -168.935181 -4.356919 -718.811584
v -169.078171 -4.365780 -718.843384
v -154.595490 -0.467911 -717.286621
v -154.449951 -0.456410 -717.285645
v -154.595490 -3.468949 -717.286621
v -154.449951 -3.459847 -717.285645
v -154.447693 -0.453583 -717.185608
v -154.593445 -0.464989 -717.186523
v -154.447693 -3.458306 -717.185608
v -154.593445 -3.467412 -717.186523
v -126.434067 1.336169 -723.137451
v -126.302460 1.345175 -723.196045
v -126.434067 -1.611681 -723.137451
v -126.302460 -1.602270 -723.196045
v -126.259155 1.349520 -723.105835
v -126.390961 1.340670 -723.047119
v -126.259155 -1.600652 -723.105835
v -126.390961 -1.610067 -723.047119
v -140.193314 0.391925 -718.709900
v -140.051559 0.397033 -718.739502
v -140.193314 -2.549859 -718.709900
v -140.051559 -2.540566 -718.739502
v -140.028305 0.397781 -718.642212
v -140.170258 0.392486 -718.612549
v -140.028305 -2.538968 -718.642212
v -140.170258 -2.548260 -718.612549
v -207.620148 -4.626095 -757.022400
v -207.552643 -4.623436 -756.888000
v -207.620148 -7.625938 -757.022400
v -207.552643 -7.618664 -756.888000
v -207.640564 -4.618629 -756.835938
v -207.708145 -4.621582 -756.970520
v -207.640564 -7.618011 -756.835938
v -207.708145 -7.625286 -756.970520
v -200.891846 -3.966010 -743.503540
v -200.801605 -3.954619 -743.386230
v -200.891846 -6.874594 -743.503540
v -200.801605 -6.866832 -743.386230
v -200.879486 -3.956027 -743.315430
v -200.969879 -3.966834 -743.432922
v -200.879486 -6.865920 -743.315430
v -200.969879 -6.873687 -743.432922
v -183.201065 -2.202286 -722.802917
v -183.067352 -2.192911 -722.741394
v -183.201065 -5.237706 -722.802917
v -183.067352 -5.229149 -722.741394
v -183.106461 -2.192953 -722.649292
v -183.240326 -2.202585 -722.710876
v -183.106461 -5.227845 -722.649292
v -183.240326 -5.236405 -722.710876
v -192.444183 -3.123838 -730.376221
v -192.345917 -3.115186 -730.268433
v -192.444183 -6.077791 -730.376221
v -192.345917 -6.069597 -730.268433
v -192.419281 -3.119028 -730.188965
v -192.517670 -3.127924 -730.296875
v -192.419281 -6.068472 -730.188965
v -192.517670 -6.076666 -730.296875
v -225.060883 -6.513694 -795.985413
v -225.016449 -6.512256 -795.896118
v -225.060883 -9.475730 -795.985413
v -225.016449 -9.474288 -795.896118
v -225.106247 -6.512256 -795.858215
v -225.150665 -6.513694 -795.947510
v -225.106247 -9.474288 -795.858215
v -225.150665 -9.475730 -795.947510
v -220.720627 -6.285131 -787.003723
v -220.678177 -6.286281 -786.913208
v -220.720627 -9.280531 -787.003723
v -220.678177 -9.278063 -786.913208
v -220.768799 -6.289760 -786.874817
v -220.811234 -6.288505 -786.965332
v -220.768799 -9.278063 -786.874817
v -220.811234 -9.280531 -786.965332
v -212.618958 -5.335748 -768.654419
v -212.580475 -5.328595 -768.561523
v -212.618958 -8.324975 -768.654419
v -212.580475 -8.318257 -768.561584
v -212.672791 -5.331605 -768.522095
v -212.711243 -5.338075 -768.614990
v -212.672791 -8.317895 -768.522095
v -212.711243 -8.324616 -768.614990
v -216.579468 -6.029360 -777.907837
v -216.539001 -6.021372 -777.816223
v -216.579468 -8.968241 -777.907837
v -216.539001 -8.962141 -777.816223
v -216.630463 -6.023630 -777.777344
v -216.670898 -6.031156 -777.868958
v -216.630463 -8.962114 -777.777344
v -216.670898 -8.968218 -777.868958
v -186.593079 -4.740510 -769.062927
v -186.631714 -4.745965 -769.134094
v -186.593079 -7.669602 -769.062927
v -186.631714 -7.671037 -769.134094
v -186.543030 -4.746064 -769.180298
v -186.504532 -4.741048 -769.109314
v -186.543030 -7.670277 -769.180298
v -186.504532 -7.668851 -769.109314
v -190.352997 -4.871134 -777.468262
v -190.392059 -4.873121 -777.560242
v -190.352997 -7.805426 -777.468262
v -190.392059 -7.806688 -777.560242
v -190.300018 -4.875543 -777.599304
v -190.260941 -4.873217 -777.507263
v -190.300018 -7.805349 -777.599365
v -190.260941 -7.804090 -777.507263
v -198.174133 -5.008986 -795.893677
v -198.213226 -5.001746 -795.985779
v -198.174133 -7.998603 -795.893677
v -198.213226 -7.999194 -795.985779
v -198.121185 -4.995891 -796.024841
v -198.082092 -5.002772 -795.932739
v -198.121185 -7.997020 -796.024841
v -198.082108 -7.996428 -795.932800
v -194.255478 -4.986850 -786.661926
v -194.294540 -4.991065 -786.753967
v -194.255493 -7.918540 -786.661926
v -194.294556 -7.919516 -786.753967
v -194.202515 -4.982264 -786.793030
v -194.163437 -4.977630 -786.700989
v -194.202515 -7.917705 -786.793030
v -194.163437 -7.916736 -786.700989
v -162.043121 -2.541675 -750.417969
v -162.119110 -2.546585 -750.435059
v -162.043121 -5.444229 -750.417969
v -162.119125 -5.452205 -750.435120
v -162.095215 -2.541595 -750.532166
v -162.019409 -2.537361 -750.515076
v -162.095215 -5.452205 -750.532166
v -162.019409 -5.444229 -750.515076
v -169.436676 -3.241672 -752.928894
v -169.508041 -3.250454 -752.962036
v -169.436676 -6.211880 -752.928894
v -169.508041 -6.219253 -752.962036
v -169.464233 -3.254333 -753.051880
v -169.393066 -3.245445 -753.018860
v -169.464233 -6.219253 -753.051880
v -169.393066 -6.211880 -753.018860
v -182.025421 -4.509171 -762.448547
v -182.077713 -4.509332 -762.509399
v -182.025421 -7.521863 -762.448547
v -182.077713 -7.523365 -762.509399
v -182.000763 -4.515103 -762.573242
v -181.948593 -4.515012 -762.512512
v -182.000763 -7.523304 -762.573242
v -181.948593 -7.521809 -762.512512
v -133.026337 1.101139 -756.367798
v -133.086746 1.091362 -756.323730
v -133.026337 -1.860893 -756.367798
v -133.086746 -1.870674 -756.323730
v -133.143799 1.091362 -756.405823
v -133.083557 1.101139 -756.449768
v -133.143799 -1.870674 -756.405823
v -133.083557 -1.860893 -756.449768
v -139.516266 0.167286 -752.612549
v -139.585342 0.154968 -752.581909
v -139.516266 -2.820484 -752.612549
v -139.585342 -2.829899 -752.581909
v -139.623856 0.155403 -752.674194
v -139.554962 0.167519 -752.704712
v -139.623856 -2.829899 -752.674194
v -139.554962 -2.820484 -752.704712
v -154.365692 -1.630359 -749.534302
v -154.442810 -1.642818 -749.534973
v -154.365692 -4.619751 -749.534302
v -154.442810 -4.628269 -749.534973
v -154.439850 -1.642639 -749.634888
v -154.362976 -1.630283 -749.634216
v -154.439850 -4.628269 -749.634888
v -154.362976 -4.619751 -749.634216
v -146.722565 -0.826820 -750.290222
v -146.797348 -0.831592 -750.274719
v -146.722565 -3.740776 -750.290222
v -146.797348 -3.749775 -750.274719
v -146.815552 -0.830139 -750.373047
v -146.740997 -0.825939 -750.388428
v -146.815552 -3.749775 -750.373047
v -146.740997 -3.740776 -750.388428
v -175.435486 -3.879169 -756.532043
v -175.371124 -3.872375 -756.485901
v -175.435486 -6.841202 -756.532043
v -175.371124 -6.834408 -756.485901
v -175.430634 -3.872375 -756.405579
v -175.495193 -3.879169 -756.451843
v -175.430634 -6.834408 -756.405579
v -175.495193 -6.841202 -756.451843
v -176.229080 -3.963173 -757.117920
v -176.165894 -3.956466 -757.070068
v -176.229080 -6.925205 -757.117920
v -176.165894 -6.918499 -757.070068
v -176.227524 -3.956466 -756.991394
v -176.290878 -3.963173 -757.039368
v -176.227524 -6.918499 -756.991394
v -176.290894 -6.925205 -757.039368
v -176.217651 -4.984680 -757.071533
v -176.217651 -4.939026 -757.071533
v -175.434067 -4.901817 -756.494019
v -175.434067 -4.856163 -756.494019
v -176.242264 -4.939026 -757.040222
v -176.242264 -4.984680 -757.040222
v -175.457855 -4.856163 -756.462036
v -175.457855 -4.901817 -756.462036
v -175.455902 -4.240944 -756.460632
v -175.455902 -4.195286 -756.460632
v -176.240326 -4.323807 -757.038757
v -176.240326 -4.278152 -757.038757
v -175.432129 -4.195286 -756.492615
v -175.432129 -4.240944 -756.492615
v -176.215744 -4.278152 -757.070129
v -176.215744 -4.323807 -757.070129
v -175.728241 -4.357105 -756.058289
v -175.728241 -4.663513 -756.058289
v -175.591400 -4.357105 -756.242798
v -175.591400 -4.663513 -756.242798
v -175.454483 -4.357105 -756.427307
v -175.454483 -4.663513 -756.427307
v -175.621552 -4.666664 -756.264465
v -175.758575 -4.666664 -756.080017
v -175.484451 -4.666664 -756.448792
v -175.484451 -4.360256 -756.448792
v -175.621552 -4.360256 -756.264465
v -175.758575 -4.360256 -756.080017
v -175.142563 -6.298824 -759.143372
v -176.643570 -6.299110 -757.291016
v -176.565018 -6.290745 -757.229492
v -175.068954 -6.290458 -759.085876
v -254.060059 7.512711 -779.871704
v -254.170593 7.514008 -779.732666
v -254.236877 7.511428 -779.888794
v -254.060059 13.386732 -779.871704
v -254.170593 13.388021 -779.732666
v -254.236877 13.385442 -779.888794
v -255.008072 13.260629 -779.515747
v -254.977814 13.261803 -779.444397
v -254.171890 13.260629 -779.870667
v -254.141632 13.261803 -779.799377
v -254.141632 13.158821 -779.799377
v -254.977814 13.158821 -779.444397
v -254.171890 13.157650 -779.870667
v -255.008072 13.157650 -779.515747
v -239.842438 8.611930 -746.807434
v -239.952942 8.618019 -746.668335
v -240.019272 8.606453 -746.824524
v -239.540268 14.794421 -746.935669
v -239.650772 14.800513 -746.796570
v -239.717102 14.788957 -746.952820
v -240.488281 14.667980 -746.579712
v -240.457993 14.673268 -746.508362
v -239.652115 14.666268 -746.934631
v -239.621796 14.671542 -746.863281
v -239.621796 14.568570 -746.863281
v -240.457977 14.570291 -746.508362
v -239.652115 14.563291 -746.934631
v -240.488266 14.565007 -746.579712
v -212.604126 8.830074 -712.611450
v -212.594894 8.837988 -712.400818
v -212.804382 8.824101 -712.575134
v -212.820786 14.471207 -712.330994
v -212.811005 14.479090 -712.119934
v -213.021545 14.465195 -712.295044
v -213.492935 14.348042 -711.573547
v -213.395691 14.354393 -711.492737
v -212.936996 14.342876 -712.293213
v -212.840958 14.349220 -712.213318
v -212.840942 14.246241 -712.213318
v -213.395706 14.251413 -711.492737
v -212.937042 14.239897 -712.293274
v -213.492935 14.245060 -711.573547
v -160.787674 9.496606 -692.785767
v -160.662506 9.505654 -692.617737
v -160.930252 9.490283 -692.641968
v -160.779984 15.749597 -692.923401
v -160.655075 15.758660 -692.755371
v -160.922348 15.743289 -692.779663
v -160.903870 15.628816 -691.918335
v -160.780502 15.635833 -691.907166
v -160.852982 15.621188 -692.826233
v -160.731003 15.628205 -692.815125
v -160.731064 15.525226 -692.815186
v -160.780472 15.532853 -691.907166
v -160.853012 15.518209 -692.826233
v -160.903870 15.525836 -691.918335
v 102.472351 15.137673 -311.224487
v 102.567184 15.138713 -311.230865
v 102.472351 12.200004 -311.224487
v 102.567184 12.200807 -311.230865
v 102.573860 15.137652 -311.130646
v 102.479126 15.136958 -311.124268
v 102.573860 12.200803 -311.130646
v 102.479126 12.200000 -311.124268
v 111.960648 15.293703 -311.235809
v 112.055634 15.296901 -311.235046
v 111.960609 12.279682 -311.235809
v 112.055634 12.280473 -311.235046
v 112.054848 15.298199 -311.134613
v 111.959854 15.295097 -311.135345
v 112.054848 12.280469 -311.134613
v 111.959854 12.279678 -311.135345
v 131.167267 15.394954 -311.423340
v 131.274902 15.395303 -311.418549
v 131.167267 12.434365 -311.423340
v 131.274902 12.435117 -311.418549
v 131.270447 15.398034 -311.318207
v 131.162720 15.397849 -311.322998
v 131.270447 12.435112 -311.318207
v 131.162720 12.434361 -311.322998
v 121.443596 15.312403 -311.218445
v 121.538284 15.308968 -311.210571
v 121.443596 12.357852 -311.218445
v 121.538284 12.358625 -311.210571
v 121.529968 15.308099 -311.110535
v 121.435333 15.311345 -311.118347
v 121.529968 12.358622 -311.110535
v 121.435333 12.357848 -311.118347
v 65.213112 14.889329 -311.269531
v 65.308121 14.885489 -311.269958
v 65.213112 11.876540 -311.269531
v 65.308121 11.877341 -311.269958
v 65.308495 14.889662 -311.169495
v 65.213593 14.893209 -311.169098
v 65.308495 11.877337 -311.169495
v 65.213593 11.876536 -311.169098
v 74.582802 14.878225 -311.237305
v 74.677773 14.882685 -311.235229
v 74.582817 11.957024 -311.237305
v 74.677773 11.957832 -311.235229
v 74.675537 14.880358 -311.134827
v 74.580650 14.876491 -311.136902
v 74.675537 11.957829 -311.134827
v 74.580650 11.957019 -311.136902
v 93.035645 15.167996 -311.231140
v 93.129730 15.169624 -311.244598
v 93.035645 12.119399 -311.231140
v 93.129761 12.120209 -311.244598
v 93.143906 15.168257 -311.145172
v 93.049927 15.166377 -311.131714
v 93.143906 12.120205 -311.145172
v 93.049927 12.119395 -311.131714
v 84.019592 15.012882 -311.221619
v 84.114578 15.013694 -311.223022
v 84.019592 12.038017 -311.221619
v 84.114578 12.038830 -311.223022
v 84.115990 15.013689 -311.122589
v 84.021072 15.012877 -311.121216
v 84.115990 12.038825 -311.122589
v 84.021049 12.038013 -311.121216
v 29.589041 14.544960 -311.289673
v 29.714365 14.545678 -311.290192
v 29.589031 11.570097 -311.289703
v 29.714365 11.570815 -311.290192
v 29.714403 14.545675 -311.189758
v 29.588951 14.544958 -311.189270
v 29.714403 11.570811 -311.189758
v 29.588930 11.570094 -311.189270
v 38.181961 14.651714 -311.236115
v 38.276947 14.648827 -311.236908
v 38.181961 11.643291 -311.236115
v 38.276947 11.644038 -311.236908
v 38.277718 14.645320 -311.136475
v 38.182819 14.648312 -311.135681
v 38.277718 11.644034 -311.136475
v 38.182819 11.643289 -311.135681
v 56.013264 14.799362 -311.292542
v 56.108284 14.800601 -311.291229
v 56.013264 11.797151 -311.292542
v 56.108280 11.797938 -311.291229
v 56.106873 14.797205 -311.190826
v 56.011925 14.796661 -311.192108
v 56.106873 11.797935 -311.190826
v 56.011925 11.797147 -311.192108
v 46.953693 14.670662 -311.257111
v 47.048687 14.673330 -311.259674
v 46.953693 11.719022 -311.257111
v 47.048687 11.719792 -311.259674
v 47.051350 14.671032 -311.159271
v 46.956470 14.668830 -311.156677
v 47.051331 11.719789 -311.159271
v 46.956451 11.719019 -311.156708
v 60.164566 14.820217 -365.532349
v 60.050133 14.815383 -365.532104
v 60.164566 11.878454 -365.532349
v 60.050133 11.877653 -365.532104
v 60.049870 14.814536 -365.632538
v 60.164349 14.818931 -365.632782
v 60.049870 11.877657 -365.632538
v 60.164349 11.878458 -365.632782
v 49.027069 14.745962 -365.496796
v 48.912594 14.744442 -365.496521
v 49.027069 11.799002 -365.496796
v 48.912594 11.798214 -365.496521
v 48.912338 14.740672 -365.596954
v 49.026821 14.742536 -365.597229
v 48.912338 11.798218 -365.596954
v 49.026848 11.799006 -365.597229
v 24.204998 14.647670 -365.518829
v 24.090559 14.654787 -365.519745
v 24.204994 11.645044 -365.518829
v 24.090559 11.644298 -365.519745
v 24.091299 14.658466 -365.620148
v 24.205849 14.651713 -365.619263
v 24.091299 11.644301 -365.620148
v 24.205849 11.645048 -365.619263
v 36.291496 14.665634 -365.521667
v 36.177135 14.661607 -365.517609
v 36.291496 11.721148 -365.521667
v 36.177113 11.720379 -365.517639
v 36.173542 14.668627 -365.617981
v 36.288013 14.673075 -365.622009
v 36.173542 11.720383 -365.617981
v 36.288013 11.721152 -365.622009
v 105.731903 15.117116 -365.636078
v 105.618050 15.119403 -365.647583
v 105.731949 12.201930 -365.636078
v 105.618050 12.201127 -365.647583
v 105.628098 15.124408 -365.747528
v 105.742065 15.121447 -365.735992
v 105.628098 12.201131 -365.747528
v 105.742096 12.201935 -365.735992
v 94.320160 15.104338 -365.631714
v 94.205750 15.102113 -365.634674
v 94.320160 12.121310 -365.631714
v 94.205765 12.120500 -365.634674
v 94.208290 15.098228 -365.735077
v 94.322800 15.100558 -365.732117
v 94.208290 12.120504 -365.735077
v 94.322800 12.121314 -365.732117
v 71.460114 14.984609 -365.587158
v 71.346535 14.985150 -365.572968
v 71.460121 11.958932 -365.587158
v 71.346535 11.958123 -365.572968
v 71.334000 14.979280 -365.672607
v 71.447647 14.978679 -365.686798
v 71.334000 11.958127 -365.672607
v 71.447647 11.958936 -365.686798
v 82.892670 15.085685 -365.655762
v 82.778313 15.086060 -365.650146
v 82.892662 12.040269 -365.655762
v 82.778313 12.039457 -365.650146
v 82.773354 15.087736 -365.750458
v 82.887756 15.087304 -365.756042
v 82.773354 12.039461 -365.750458
v 82.887741 12.040274 -365.756073
v 146.636200 15.484703 -365.666931
v 146.544739 15.483979 -365.667450
v 146.636200 12.509839 -365.666931
v 146.544739 12.509115 -365.667450
v 146.545303 15.483983 -365.767883
v 146.636719 15.484706 -365.767365
v 146.545303 12.509119 -365.767883
v 146.636719 12.509842 -365.767365
v 137.538818 15.436863 -365.655945
v 137.447372 15.433200 -365.658875
v 137.538818 12.436144 -365.655945
v 137.447372 12.435392 -365.658875
v 137.450623 15.433641 -365.759247
v 137.541977 15.437099 -365.756348
v 137.450638 12.435396 -365.759247
v 137.541977 12.436147 -365.756348
v 117.053444 15.283899 -365.621582
v 116.940712 15.279149 -365.641632
v 117.053444 12.281555 -365.621582
v 116.940735 12.280765 -365.641602
v 116.958237 15.279342 -365.740509
v 117.071037 15.283988 -365.720490
v 116.958237 12.280768 -365.740509
v 117.071037 12.281559 -365.720490
v 128.615112 15.286593 -365.628357
v 128.500671 15.290076 -365.628723
v 128.615112 12.360003 -365.628357
v 128.500671 12.359230 -365.628723
v 128.500931 15.291534 -365.729156
v 128.615509 15.287486 -365.728790
v 128.500946 12.359235 -365.729156
v 128.615509 12.360007 -365.728790
v 82.836777 15.002770 -311.198608
v 82.931816 15.003583 -311.200867
v 82.836800 12.027906 -311.198608
v 82.931824 12.028718 -311.200867
v 82.934158 15.003579 -311.100464
v 82.839233 15.002765 -311.098236
v 82.934158 12.028714 -311.100464
v 82.839233 12.027901 -311.098236
v 82.882622 13.974025 -311.169525
v 82.882622 14.019879 -311.169525
v 84.048599 13.983995 -311.191864
v 84.048599 14.029849 -311.191864
v 82.883575 14.019878 -311.129486
v 82.883575 13.974024 -311.129486
v 84.049156 14.029847 -311.151825
v 84.049156 13.983994 -311.151825
v 84.052032 14.647550 -311.151886
v 84.052032 14.693404 -311.151886
v 82.886436 14.637579 -311.129547
v 82.886436 14.683434 -311.129547
v 84.051498 14.693406 -311.191925
v 84.051498 14.647552 -311.191925
v 82.885483 14.683434 -311.169586
v 82.885483 14.637580 -311.169586
v 82.846725 14.518901 -311.658936
v 82.846725 14.211165 -311.658936
v 82.852272 14.518891 -311.428162
v 82.852272 14.211156 -311.428162
v 82.857796 14.518882 -311.197449
v 82.857796 14.211146 -311.197449
v 82.896454 14.211534 -311.429230
v 82.891022 14.211543 -311.659973
v 82.901917 14.211524 -311.198486
v 82.901917 14.519259 -311.198486
v 82.896454 14.519268 -311.429230
v 82.891022 14.519278 -311.659973
v 82.325165 12.688858 -311.147095
v 82.388550 12.688726 -308.752808
v 82.505356 12.689745 -308.755554
v 82.444252 12.689877 -311.149933
v 12.677696 14.498504 -354.531342
v 12.677853 14.505620 -354.416901
v 12.677700 11.495878 -354.531342
v 12.677853 11.495131 -354.416901
v 12.577431 14.509300 -354.416687
v 12.577244 14.502546 -354.531250
v 12.577431 11.495134 -354.416687
v 12.577244 11.495881 -354.531250
v 12.559464 14.516467 -365.375885
v 12.564606 14.512440 -365.261566
v 12.559464 11.571981 -365.375885
v 12.564590 11.571212 -365.261536
v 12.464272 14.519460 -365.257019
v 12.459156 14.523908 -365.371429
v 12.464272 11.571216 -365.257019
v 12.459156 11.571984 -365.371429
v 12.677666 14.498505 -344.799072
v 12.677822 14.505621 -344.684662
v 12.677670 11.495879 -344.799072
v 12.677822 11.495131 -344.684662
v 12.577400 14.509301 -344.684448
v 12.577217 14.502547 -344.798981
v 12.577400 11.495135 -344.684448
v 12.577217 11.495882 -344.798981
v 79.372581 12.282577 -310.673981
v 79.239380 12.282578 -310.792694
v 79.399673 12.282578 -310.850098
v 79.252586 17.945957 -311.008484
v 79.119370 17.945957 -311.127350
v 79.279663 17.945957 -311.184723
v 78.949699 17.819960 -311.979675
v 78.876534 17.819960 -311.953430
v 79.257591 17.819958 -311.120819
v 79.184357 17.819960 -311.094543
v 79.184357 17.716536 -311.094543
v 78.876534 17.716536 -311.953430
v 79.257591 17.716536 -311.120819
v 78.949699 17.716536 -311.979675
v 110.133881 12.282577 -310.535095
v 110.000687 12.282577 -310.653809
v 110.161087 12.282577 -310.711334
v 110.013893 17.945957 -310.869598
v 109.880714 17.945957 -310.988434
v 110.041191 17.945957 -311.045929
v 109.711044 17.819958 -311.840881
v 109.637886 17.819958 -311.814636
v 110.019104 17.819958 -310.982056
v 109.945847 17.819958 -310.955811
v 109.945847 17.716536 -310.955811
v 109.637886 17.716536 -311.814636
v 110.019104 17.716536 -310.982056
v 109.711044 17.716536 -311.840881
v 38.920856 11.652138 -310.647888
v 38.856239 11.652139 -310.814270
v 39.025085 11.652139 -310.792358
v 38.966156 17.315519 -311.000397
v 38.901573 17.315519 -311.166809
v 39.070465 17.315519 -311.145020
v 39.138187 17.189520 -312.003082
v 39.061111 17.189520 -312.012970
v 39.021687 17.189520 -311.098114
v 38.944496 17.189520 -311.108093
v 38.944496 17.086098 -311.108093
v 39.061111 17.086098 -312.012970
v 39.021687 17.086098 -311.098114
v 39.138187 17.086098 -312.003082
v -64.964478 9.401276 -787.573975
v -64.916229 9.409247 -787.627930
v -64.964508 6.476281 -787.573975
v -64.916229 6.484016 -787.627930
v -64.815994 9.408196 -787.583008
v -64.864182 9.400574 -787.529114
v -64.815994 6.484016 -787.583008
v -64.864182 6.476285 -787.529114
v -59.760147 10.508717 -792.870850
v -59.704514 10.521359 -792.923096
v -59.760147 7.507699 -792.870850
v -59.704514 7.517943 -792.923096
v -59.613159 10.522655 -792.873535
v -59.668701 10.510110 -792.821289
v -59.613159 7.517944 -792.873535
v -59.668701 7.507699 -792.821289
v -47.569244 12.453904 -803.330505
v -47.503967 12.463181 -803.383667
v -47.569244 9.506088 -803.330505
v -47.503937 9.515767 -803.383667
v -47.430206 12.465904 -803.322510
v -47.495392 12.456789 -803.269348
v -47.430206 9.515767 -803.322510
v -47.495392 9.506088 -803.269348
v -53.915100 11.460838 -798.066650
v -53.853943 11.466640 -798.118652
v -53.915100 8.519034 -798.066650
v -53.853943 8.529027 -798.118652
v -53.771606 11.465780 -798.063965
v -53.832672 11.459791 -798.011963
v -53.771606 8.529027 -798.063965
v -53.832672 8.519034 -798.011963
v -80.856720 6.077469 -763.131104
v -80.817688 6.081944 -763.195984
v -80.856720 3.077682 -763.131104
v -80.817688 3.086780 -763.195984
v -80.704819 6.087220 -763.157410
v -80.743851 6.082454 -763.092651
v -80.704819 3.087894 -763.157410
v -80.743851 3.078796 -763.092651
v -76.954315 6.883268 -769.549927
v -76.915314 6.895753 -769.613770
v -76.954315 3.974670 -769.549927
v -76.915314 3.983520 -769.613770
v -76.802490 6.894335 -769.574585
v -76.841476 6.882446 -769.510803
v -76.802490 3.984416 -769.574585
v -76.841476 3.975570 -769.510803
v -69.327438 8.716986 -782.048340
v -69.288589 8.725964 -782.105164
v -69.327438 5.681540 -782.048340
v -69.288589 5.689706 -782.105164
v -69.180527 8.724945 -782.065308
v -69.219330 8.715719 -782.008545
v -69.180527 5.690045 -782.065308
v -69.219330 5.681881 -782.008545
v -73.085373 7.805399 -775.909241
v -73.046982 7.813937 -775.972900
v -73.085373 4.843363 -775.909241
v -73.046982 4.851901 -775.972900
v -72.935135 7.814576 -775.934448
v -72.973495 7.806040 -775.870728
v -72.935135 4.852540 -775.934448
v -72.973495 4.844004 -775.870728
v -114.036316 2.293963 -730.304749
v -113.920807 2.303431 -730.389282
v -114.036316 -0.668070 -730.304749
v -113.920807 -0.658598 -730.389282
v -113.859497 2.305029 -730.310181
v -113.975174 2.295561 -730.225586
v -113.859497 -0.657003 -730.310181
v -113.975174 -0.666471 -730.225586
v -103.924667 3.274194 -738.928223
v -103.816986 3.280046 -739.006958
v -103.924667 0.278753 -738.928223
v -103.816986 0.288221 -739.006958
v -103.737808 3.278093 -738.945129
v -103.845627 3.272348 -738.866333
v -103.737808 0.289754 -738.945129
v -103.845627 0.280290 -738.866333
v -85.632584 5.148609 -755.637024
v -85.564819 5.158333 -755.726196
v -85.632614 2.159348 -755.637024
v -85.564819 2.168621 -755.726196
v -85.455811 5.156248 -755.685425
v -85.523697 5.147217 -755.596069
v -85.455811 2.169918 -755.685425
v -85.523697 2.160645 -755.596069
v -93.793442 4.160714 -747.011108
v -93.700394 4.172006 -747.094238
v -93.793442 1.221811 -747.011108
v -93.700394 1.231210 -747.094238
v -93.605286 4.171159 -747.043457
v -93.698486 4.160329 -746.960205
v -93.605286 1.232644 -747.043457
v -93.698486 1.223245 -746.960205
v -118.452133 5.175182 -782.423462
v -118.472916 5.160572 -782.325623
v -118.452133 2.246107 -782.423462
v -118.472916 2.235514 -782.325623
v -118.570755 5.159725 -782.346375
v -118.549942 5.173899 -782.444214
v -118.570755 2.235514 -782.346375
v -118.549942 2.246107 -782.444214
v -120.378204 4.126627 -774.020508
v -120.399719 4.115412 -773.951294
v -120.378204 1.192382 -774.020508
v -120.399719 1.181895 -773.951294
v -120.494415 4.111654 -773.983337
v -120.472992 4.123209 -774.052307
v -120.494415 1.181895 -773.983337
v -120.472992 1.192378 -774.052307
v -127.535263 2.120728 -761.355469
v -127.584488 2.118484 -761.300171
v -127.535263 -0.868942 -761.355469
v -127.584488 -0.879017 -761.300171
v -127.657578 2.122147 -761.368408
v -127.608444 2.124752 -761.423523
v -127.657578 -0.879017 -761.368408
v -127.608444 -0.868942 -761.423523
v -123.252426 3.085365 -767.352234
v -123.288437 3.071815 -767.288452
v -123.252426 0.153583 -767.352234
v -123.288437 0.143275 -767.288452
v -123.374268 3.078799 -767.339783
v -123.338364 3.092769 -767.403320
v -123.374268 0.143275 -767.339783
v -123.338364 0.153583 -767.403320
v -107.692963 9.387919 -825.347046
v -107.741196 9.380554 -825.226685
v -107.692963 6.485307 -825.347046
v -107.741180 6.474865 -825.226685
v -107.833878 9.385534 -825.264282
v -107.785599 9.392228 -825.384766
v -107.833878 6.474867 -825.264282
v -107.785599 6.485309 -825.384766
v -111.790405 8.405382 -813.055725
v -111.823914 8.393403 -812.930298
v -111.790436 5.435225 -813.055725
v -111.823914 5.424655 -812.930298
v -111.920410 8.389533 -812.956543
v -111.886871 8.401616 -813.082031
v -111.920410 5.424655 -812.956543
v -111.886871 5.435225 -813.082031
v -116.375107 6.320362 -792.195007
v -116.395920 6.311055 -792.097168
v -116.375107 3.307733 -792.195007
v -116.395920 3.297086 -792.097168
v -116.493698 6.305209 -792.117981
v -116.472916 6.314455 -792.215820
v -116.493698 3.297086 -792.117981
v -116.472916 3.307733 -792.215820
v -114.289963 7.407949 -802.004883
v -114.310745 7.398489 -801.907043
v -114.289963 4.375671 -802.004883
v -114.310745 4.365028 -801.907043
v -114.408569 7.400156 -801.927856
v -114.387787 7.409558 -802.025635
v -114.408569 4.365028 -801.927856
v -114.387787 4.375669 -802.025635
v -77.801193 13.766575 -867.029663
v -77.899384 13.756599 -866.945557
v -77.801102 10.804548 -867.029785
v -77.899292 10.794573 -866.945557
v -77.964157 13.757496 -867.021667
v -77.865875 13.767467 -867.105957
v -77.964157 10.795469 -867.021667
v -77.865875 10.805439 -867.105957
v -87.089966 12.765648 -858.055054
v -87.177322 12.752172 -857.959717
v -87.089966 9.777876 -858.055054
v -87.177322 9.767301 -857.959717
v -87.250763 12.753300 -858.027527
v -87.163269 12.766575 -858.122986
v -87.250763 9.767990 -858.027527
v -87.163269 9.778566 -858.122986
v -102.158478 10.543637 -837.045898
v -102.220749 10.528088 -836.932251
v -102.158478 7.554245 -837.045898
v -102.220749 7.542640 -836.932251
v -102.308319 10.528365 -836.980591
v -102.245941 10.543818 -837.094421
v -102.308319 7.542727 -836.980591
v -102.245941 7.554339 -837.094421
v -95.238312 11.608168 -848.030029
v -95.313721 11.601285 -847.924866
v -95.238312 8.694205 -848.030029
v -95.313721 8.683084 -847.924866
v -95.394791 11.603148 -847.983398
v -95.319290 11.609472 -848.088745
v -95.394791 8.683498 -847.983398
v -95.319290 8.694622 -848.088745
v -73.563797 7.698822 -775.116638
v -73.525330 7.707400 -775.180298
v -73.563797 4.736784 -775.116638
v -73.525330 4.745365 -775.180298
v -73.413330 7.708076 -775.141602
v -73.451782 7.699495 -775.078003
v -73.413330 4.746039 -775.141602
v -73.451782 4.737462 -775.078003
v -73.511841 6.678406 -775.135254
v -73.511841 6.724062 -775.135254
v -73.040146 6.783473 -775.916870
v -73.040146 6.829124 -775.916870
v -73.467194 6.724331 -775.119873
v -73.467194 6.678675 -775.119873
v -72.995575 6.829377 -775.901489
v -72.995575 6.783726 -775.901489
v -72.994400 7.444655 -775.903442
v -72.994400 7.490313 -775.903442
v -73.466003 7.339605 -775.121826
v -73.466003 7.385262 -775.121826
v -73.039017 7.490056 -775.918823
v -73.039017 7.444397 -775.918823
v -73.510696 7.384994 -775.137207
v -73.510696 7.339337 -775.137207
v -74.068497 7.215569 -775.307312
v -74.068497 6.909163 -775.307312
v -73.810944 7.217169 -775.218750
v -73.810944 6.910760 -775.218750
v -73.553436 7.218741 -775.130005
v -73.553436 6.912333 -775.130005
v -73.793030 6.914749 -775.248291
v -74.050568 6.913151 -775.336853
v -73.535568 6.916319 -775.159546
v -73.535568 7.222727 -775.159546
v -73.793030 7.221158 -775.248291
v -74.050568 7.219559 -775.336853
v -73.729095 5.353147 -774.758423
v -70.238388 5.371692 -773.535400
v -70.190063 5.382379 -773.615356
v -73.680298 5.363926 -774.838013
v -92.505264 10.941375 -702.910278
v -92.302109 10.950837 -702.866089
v -92.515015 10.934798 -702.709351
v -92.505234 16.815390 -702.910278
v -92.302109 16.824850 -702.866089
v -92.514999 16.808809 -702.709351
v -91.931641 16.694828 -702.075745
v -91.833313 16.702154 -702.148132
v -92.494797 16.686853 -702.789612
v -92.397614 16.694183 -702.861206
v -92.397614 16.591202 -702.861206
v -91.833313 16.599178 -702.148132
v -92.494797 16.583878 -702.789612
v -91.931641 16.591852 -702.075745
v -61.302368 12.348188 -718.254700
v -61.113235 12.357181 -718.337524
v -61.190552 12.341553 -718.088867
v -61.619095 18.528793 -718.342163
v -61.430115 18.537827 -718.424316
v -61.507095 18.522194 -718.176819
v -60.662445 18.406942 -718.010010
v -60.626892 18.414076 -718.124390
v -61.538757 18.400211 -718.252319
v -61.503586 18.407356 -718.365356
v -61.503586 18.304377 -718.365356
v -60.626892 18.311096 -718.124390
v -61.538757 18.297234 -718.252319
v -60.662445 18.303963 -718.010010
v -36.483032 14.869946 -735.941101
v -36.305450 14.877748 -735.939209
v -36.388031 14.863382 -735.791016
v -36.173828 20.510296 -735.768799
v -35.996216 20.518066 -735.766907
v -36.078796 20.503706 -735.618652
v -35.310913 20.384920 -735.238892
v -35.273163 20.391472 -735.306641
v -36.104401 20.381622 -735.681091
v -36.066650 20.388182 -735.748901
v -36.066650 20.285202 -735.748901
v -35.273163 20.288496 -735.306641
v -36.104370 20.278643 -735.681152
v -35.310913 20.281942 -735.238892
v -16.195984 18.156078 -759.491333
v -16.024353 18.164831 -759.486023
v -16.087555 18.147324 -759.358643
v -16.319519 24.410284 -759.552246
v -16.147797 24.419033 -759.546997
v -16.211151 24.401525 -759.419434
v -15.427704 24.280418 -759.073364
v -15.399200 24.288412 -759.130859
v -16.242767 24.280418 -759.474426
v -16.213837 24.288414 -759.532715
v -16.213837 24.185438 -759.532715
v -15.399200 24.185438 -759.130859
v -16.242767 24.177444 -759.474426
v -15.427704 24.177444 -759.073364
v -123.989166 15.927505 -865.322693
v -124.185287 15.917559 -865.294434
v -124.062607 15.937525 -865.508179
v -123.705475 22.110573 -865.157593
v -123.901443 22.100630 -865.129395
v -123.779114 22.120594 -865.342651
v -124.548676 21.990364 -865.720825
v -124.604950 21.981243 -865.622803
v -123.763977 21.990175 -865.263184
v -123.819855 21.981056 -865.165833
v -123.819855 21.878077 -865.165833
v -124.604950 21.878263 -865.622803
v -123.763977 21.887196 -865.263184
v -124.548676 21.887386 -865.720825
v -137.909515 12.892578 -827.793945
v -138.079803 12.883568 -827.743530
v -138.044525 12.901596 -827.909485
v -138.255753 18.531534 -827.867554
v -138.426041 18.522522 -827.817078
v -138.390793 18.540550 -827.983032
v -139.236526 18.410618 -828.119751
v -139.252640 18.402382 -828.043945
v -138.347961 18.410618 -827.930969
v -138.364059 18.402386 -827.855103
v -138.364059 18.299410 -827.855103
v -139.252640 18.299406 -828.043945
v -138.347961 18.307642 -827.930908
v -139.236526 18.307642 -828.119751
v -155.162720 9.876204 -819.376343
v -155.320755 9.867257 -819.377014
v -155.307449 9.885152 -819.451172
v -155.029160 16.130409 -819.343140
v -155.187286 16.121464 -819.343506
v -155.173782 16.139355 -819.418091
v -156.007050 16.009462 -819.606079
v -156.012848 16.001291 -819.573364
v -155.125961 16.009462 -819.386902
v -155.132141 16.001289 -819.352722
v -155.132141 15.898313 -819.352783
v -156.012848 15.898313 -819.573364
v -155.125961 15.906483 -819.386902
v -156.007050 15.906483 -819.606079
v -130.338882 -1.772850 -758.870361
v -130.170059 -1.774238 -758.812744
v -130.295486 -1.771473 -758.697388
v -130.432449 6.378886 -758.972229
v -130.263672 6.377506 -758.914612
v -130.389084 6.380270 -758.799194
v -127.501770 6.253591 -755.721375
v -127.444473 6.252321 -755.774048
v -130.393845 6.253591 -758.866760
v -130.336502 6.252321 -758.919434
v -130.336502 6.148898 -758.919434
v -127.444473 6.148898 -755.774048
v -130.393799 6.150161 -758.866760
v -127.501770 6.150161 -755.721375
v 21.983032 19.002052 -832.230835
v 22.061066 19.006376 -832.248352
v 21.983093 16.077063 -832.230835
v 22.061066 16.081156 -832.248352
v 22.079041 19.005323 -832.149780
v 22.000946 19.001341 -832.132202
v 22.079010 16.081156 -832.149780
v 22.000946 16.077063 -832.132202
v 29.782928 19.442011 -833.988403
v 29.861023 19.447575 -834.005981
v 29.782928 16.440969 -833.988403
v 29.860962 16.444138 -834.005981
v 29.878906 19.448862 -833.907349
v 29.800842 19.443396 -833.889832
v 29.878906 16.444138 -833.907349
v 29.800842 16.440969 -833.889832
v 45.406128 19.824329 -837.508850
v 45.484222 19.825056 -837.526428
v 45.406128 16.876474 -837.508850
v 45.484222 16.877605 -837.526428
v 45.502136 19.827782 -837.427856
v 45.424042 19.827213 -837.410278
v 45.502136 16.877605 -837.427856
v 45.424042 16.876474 -837.410278
v 37.578369 19.651024 -835.744995
v 37.656433 19.649019 -835.762573
v 37.578369 16.709238 -835.744995
v 37.656403 16.711420 -835.762573
v 37.674377 19.648172 -835.664062
v 37.596283 19.649986 -835.646484
v 37.674377 16.711420 -835.664062
v 37.596283 16.709238 -835.646484
v -8.845154 16.786297 -824.924561
v -8.757324 16.788872 -824.944946
v -8.845154 13.786452 -824.924561
v -8.757324 13.793644 -824.944946
v -8.734589 16.793024 -824.847534
v -8.822266 16.790157 -824.827148
v -8.734589 13.793644 -824.847534
v -8.822266 13.786452 -824.827148
v -0.866974 17.380144 -826.827881
v -0.799072 17.390280 -826.854004
v -0.866974 14.471562 -826.827881
v -0.799072 14.478068 -826.854004
v -0.772095 17.387960 -826.758179
v -0.839905 17.378416 -826.732178
v -0.772095 14.478068 -826.758179
v -0.839905 14.471562 -826.732178
v 14.185852 18.659342 -830.473755
v 14.263977 18.665117 -830.491333
v 14.185852 15.623919 -830.473755
v 14.263977 15.628878 -830.491333
v 14.281860 18.663771 -830.392822
v 14.203766 18.657742 -830.375244
v 14.281860 15.628878 -830.392822
v 14.203766 15.623919 -830.375244
v 6.358124 18.039215 -828.709961
v 6.436188 18.045439 -828.727539
v 6.358124 15.085260 -828.709961
v 6.436188 15.091026 -828.727539
v 6.454163 18.040470 -828.628906
v 6.376007 18.034006 -828.611328
v 6.454163 15.091026 -828.628906
v 6.376038 15.085260 -828.611328
v -40.749573 13.416849 -808.729553
v -40.680908 13.426151 -808.788513
v -40.749573 10.454815 -808.729553
v -40.680908 10.464117 -808.788513
v -40.615692 13.426151 -808.712708
v -40.684296 13.416849 -808.653809
v -40.615631 10.464117 -808.712708
v -40.684296 10.454815 -808.653809
v -33.556183 14.358725 -814.196899
v -33.481018 14.363972 -814.247131
v -33.556183 11.363327 -814.196899
v -33.481018 11.372196 -814.247131
v -33.425323 14.360495 -814.164062
v -33.500427 14.355349 -814.113892
v -33.425323 11.372196 -814.164062
v -33.500427 11.363327 -814.113892
v -17.473358 16.025869 -822.357544
v -17.388580 16.034119 -822.388306
v -17.473358 13.036647 -822.357544
v -17.388580 13.044455 -822.388306
v -17.354340 16.030745 -822.294434
v -17.438965 16.023188 -822.263672
v -17.354340 13.044455 -822.294434
v -17.438965 13.036647 -822.263672
v -25.772675 15.163600 -818.755371
v -25.692108 15.173852 -818.796204
v -25.772675 12.224717 -818.755371
v -25.692108 12.233087 -818.796204
v -25.646759 15.171571 -818.707092
v -25.727234 15.161782 -818.666260
v -25.646759 12.233087 -818.707092
v -25.727173 12.224717 -818.666321
v -32.162720 17.143644 -890.089111
v -32.288239 17.132700 -890.059937
v -32.162720 14.214552 -890.089111
v -32.288239 14.207624 -890.059937
v -32.310425 17.132952 -890.157471
v -32.184753 17.143461 -890.186584
v -32.310425 14.208735 -890.157471
v -32.184753 14.215660 -890.186584
v -44.510345 16.414011 -886.439514
v -44.631683 16.405500 -886.395508
v -44.510345 13.479716 -886.439514
v -44.631683 13.471934 -886.395508
v -44.665405 16.402887 -886.489624
v -44.544098 16.411737 -886.533691
v -44.665405 13.473081 -886.489624
v -44.544098 13.480861 -886.533691
v -67.515518 14.756745 -874.818054
v -67.622940 14.755275 -874.746338
v -67.515518 11.767133 -874.818054
v -67.622925 11.757831 -874.746338
v -67.678207 14.759992 -874.829712
v -67.570633 14.761825 -874.901489
v -67.678146 11.758869 -874.829712
v -67.570633 11.768173 -874.901489
v -56.334503 15.594976 -881.335815
v -56.449768 15.583169 -881.277588
v -56.334503 12.663292 -881.335815
v -56.449753 12.654724 -881.277588
v -56.494522 15.591288 -881.367004
v -56.379242 15.603515 -881.425293
v -56.494522 12.655847 -881.367004
v -56.379242 12.664415 -881.425293
v 13.232422 19.114420 -892.663940
v 13.132385 19.114582 -892.664856
v 13.232361 16.211864 -892.663940
v 13.132385 16.208960 -892.664856
v 13.133270 19.119915 -892.764832
v 13.233276 19.119080 -892.763977
v 13.133270 16.209307 -892.764832
v 13.233276 16.212208 -892.763977
v 3.239441 18.836861 -892.751221
v 3.139404 18.831455 -892.752075
v 3.239441 15.866652 -892.751221
v 3.139404 15.862649 -892.752075
v 3.140289 18.828203 -892.852051
v 3.240234 18.833717 -892.851196
v 3.140289 15.863277 -892.852051
v 3.240234 15.867279 -892.851196
v -19.480957 17.873701 -892.230408
v -19.608887 17.869028 -892.216553
v -19.480865 14.861007 -892.230408
v -19.608887 14.854991 -892.216553
v -19.619263 17.864208 -892.316040
v -19.491119 17.868820 -892.329895
v -19.619263 14.856004 -892.316040
v -19.491119 14.862016 -892.329895
v 53.230957 19.897236 -892.314941
v 53.130798 19.897209 -892.315796
v 53.230957 16.935200 -892.314941
v 53.130798 16.935171 -892.315796
v 53.131744 19.897211 -892.415771
v 53.231689 19.897232 -892.414917
v 53.131744 16.935175 -892.415771
v 53.231689 16.935198 -892.414917
v 43.237823 19.865465 -892.402100
v 43.137787 19.861431 -892.403015
v 43.237823 16.877695 -892.402100
v 43.137787 16.876562 -892.403015
v 43.138702 19.861872 -892.502991
v 43.238739 19.865698 -892.502136
v 43.138733 16.876566 -892.502991
v 43.238739 16.877697 -892.502136
v 23.221893 19.433809 -892.576782
v 23.121887 19.428114 -892.577698
v 23.221893 16.444410 -892.576782
v 23.121887 16.442663 -892.577698
v 23.122742 19.428295 -892.677673
v 23.222778 19.433884 -892.676819
v 23.122742 16.442663 -892.677673
v 23.222778 16.444410 -892.676819
v 33.250580 19.626463 -892.489258
v 33.150635 19.628513 -892.490173
v 33.250580 16.712507 -892.489258
v 33.150574 16.710327 -892.490112
v 33.151428 19.629957 -892.590210
v 33.251434 19.627342 -892.589355
v 33.151428 16.710325 -892.590149
v 33.251434 16.712503 -892.589355
v -5.640533 18.433075 -892.917114
v -5.540649 18.437988 -892.916260
v -5.640533 15.471039 -892.917114
v -5.540588 15.475955 -892.916260
v -5.541473 18.437160 -892.816284
v -5.641479 18.432245 -892.817139
v -5.541473 15.475127 -892.816284
v -5.641479 15.470212 -892.817139
v -6.885803 18.371038 -892.927979
v -6.785767 18.376081 -892.927124
v -6.885803 15.409005 -892.927979
v -6.785736 15.414048 -892.927124
v -6.786652 18.375233 -892.827148
v -6.886597 18.370192 -892.828003
v -6.786652 15.413197 -892.827148
v -6.886597 15.408158 -892.828003
v -6.838593 17.348495 -892.897522
v -6.838593 17.394148 -892.897522
v -5.610809 17.409616 -892.886841
v -5.610809 17.455271 -892.886841
v -6.838928 17.393806 -892.857666
v -6.838928 17.348154 -892.857666
v -5.611053 17.454945 -892.846924
v -5.611053 17.409288 -892.846924
v -5.608063 18.070107 -892.846924
v -5.608063 18.115761 -892.846924
v -6.835876 18.008972 -892.857666
v -6.835876 18.054626 -892.857666
v -5.607758 18.116089 -892.886780
v -5.607758 18.070433 -892.886780
v -6.835510 18.054968 -892.897461
v -6.835510 18.009314 -892.897461
v -5.585846 17.949333 -892.360840
v -5.585846 17.642925 -892.360840
v -5.583923 17.951300 -892.590637
v -5.583923 17.644894 -892.590637
v -5.581879 17.953228 -892.820435
v -5.581879 17.646822 -892.820435
v -5.630371 17.642611 -892.591064
v -5.632294 17.640638 -892.361206
v -5.628326 17.644539 -892.820801
v -5.628326 17.950947 -892.820801
v -5.630371 17.949017 -892.591064
v -5.632294 17.947046 -892.361206
v -7.443817 16.061512 -895.201965
v -7.472504 16.042881 -892.817261
v -7.311157 16.049265 -892.815918
v -7.280365 16.067850 -895.200562
v -97.874695 19.234024 -896.862793
v -98.068924 19.225662 -896.901855
v -97.882202 19.242781 -897.061890
v -97.874695 25.108036 -896.862793
v -98.068924 25.099676 -896.901855
v -97.882202 25.116793 -897.061890
v -98.480850 24.988071 -897.675781
v -98.566711 24.980251 -897.602173
v -97.894516 24.987024 -896.981873
v -97.979828 24.979208 -896.908752
v -97.979752 24.876236 -896.908813
v -98.566711 24.877275 -897.602173
v -97.894516 24.884047 -896.981873
v -98.480850 24.885094 -897.675781
v 48.187317 22.018568 -921.152161
v 48.103912 22.018551 -921.308960
v 48.273529 22.018589 -921.307495
v 48.187317 27.892584 -921.152161
v 48.103912 27.892563 -921.308960
v 48.273529 27.892603 -921.307495
v 48.238831 27.767136 -922.163513
v 48.161377 27.767122 -922.164185
v 48.230988 27.767141 -921.255127
v 48.153534 27.767124 -921.255859
v 48.153534 27.664145 -921.255859
v 48.161377 27.664141 -922.164185
v 48.230988 27.664162 -921.255127
v 48.238831 27.664160 -922.163513
v 19.035858 23.256918 -921.406555
v 18.952393 23.254295 -921.563354
v 19.122101 23.259533 -921.561890
v 19.033020 29.440056 -921.078247
v 18.949463 29.437428 -921.235107
v 19.119232 29.442667 -921.233643
v 19.084595 29.315920 -922.089600
v 19.007111 29.313528 -922.090271
v 19.076569 29.315916 -921.181274
v 18.999115 29.313524 -921.181885
v 18.999176 29.210552 -921.181946
v 19.007111 29.210552 -922.090271
v 19.076630 29.212946 -921.181274
v 19.084595 29.212946 -922.089600
v -13.208893 22.881098 -925.698242
v -13.292297 22.877325 -925.855042
v -13.122528 22.885225 -925.853516
v -13.205750 28.520449 -926.052246
v -13.289246 28.516663 -926.209045
v -13.119537 28.524561 -926.207520
v -13.154175 28.397943 -927.063477
v -13.231689 28.394339 -927.064209
v -13.162170 28.397089 -926.155212
v -13.239594 28.393484 -926.155884
v -13.239594 28.290512 -926.155884
v -13.231689 28.291365 -927.064209
v -13.162140 28.294115 -926.155151
v -13.154175 28.294970 -927.063477
v -52.309814 21.651428 -920.406799
v -52.472046 21.645391 -920.520142
v -52.237427 21.657978 -920.592346
v -52.269989 27.905397 -920.274902
v -52.432281 27.899363 -920.388245
v -52.197937 27.911953 -920.460449
v -52.502258 27.784676 -921.262085
v -52.610046 27.778927 -921.228882
v -52.240875 27.783287 -920.392090
v -52.347870 27.777538 -920.359131
v -52.347748 27.674568 -920.359131
v -52.610046 27.675949 -921.228882
v -52.240845 27.680315 -920.392090
v -52.502258 27.681696 -921.262085
v 3.387878 21.515188 -773.679932
v 3.542908 21.523054 -773.606445
v 3.434692 21.507320 -773.515259
v 3.387817 27.389200 -773.679932
v 3.542938 27.397062 -773.606445
v 3.434692 27.381330 -773.515259
v 4.015228 27.259785 -772.885620
v 4.064026 27.266972 -772.926758
v 3.427399 27.259781 -773.578125
v 3.476837 27.266970 -773.619873
v 3.476837 27.163994 -773.619873
v 4.064026 27.163994 -772.926758
v 3.427429 27.156807 -773.578125
v 4.015228 27.156811 -772.885620
v 24.425323 23.958439 -778.167603
v 24.546631 23.965105 -778.046387
v 24.414581 23.951767 -777.996826
v 24.309143 30.141581 -778.474609
v 24.430756 30.148245 -778.353516
v 24.298035 30.134911 -778.303711
v 24.634338 30.012768 -777.515991
v 24.694153 30.018856 -777.538452
v 24.312256 30.012768 -778.365356
v 24.372864 30.018856 -778.388184
v 24.372925 29.915880 -778.388184
v 24.694153 29.915880 -777.538452
v 24.312256 29.909788 -778.365356
v 24.634369 29.909788 -777.516113
v 46.519073 25.524494 -783.115356
v 46.592590 25.529541 -782.960571
v 46.452026 25.519438 -782.958008
v 46.526428 31.163446 -782.761475
v 46.599518 31.168493 -782.606567
v 46.459808 31.158394 -782.604126
v 46.512787 31.035450 -781.749268
v 46.575806 31.040060 -781.750366
v 46.493317 31.035450 -782.657471
v 46.557220 31.040060 -782.658569
v 46.557220 30.937086 -782.658569
v 46.575806 30.937086 -781.750366
v 46.493317 30.932470 -782.657471
v 46.512787 30.932476 -781.749268
v 68.198944 25.908092 -787.668823
v 68.282501 25.911104 -787.511963
v 68.112762 25.905075 -787.513428
v 68.200104 32.162292 -787.806519
v 68.283600 32.165306 -787.649658
v 68.113983 32.159271 -787.651245
v 68.148560 32.035320 -786.795166
v 68.226166 32.038074 -786.794434
v 68.156555 32.035316 -787.703613
v 68.234039 32.038074 -787.702881
v 68.234039 31.935102 -787.702881
v 68.226166 31.935102 -786.794434
v 68.156555 31.932344 -787.703613
v 68.148560 31.932344 -786.795166
v -2.196106 15.349912 -893.046875
v -2.127045 15.348655 -892.882324
v -2.296631 15.351165 -892.899536
v -2.162933 25.469368 -893.374939
v -2.093903 25.468111 -893.210388
v -2.263489 25.470621 -893.227539
v -2.285706 25.344002 -889.136230
v -2.208221 25.342855 -889.128418
v -2.216095 25.344004 -893.276001
v -2.138641 25.342855 -893.268188
v -2.138641 25.239435 -893.268188
v -2.208221 25.239433 -889.128418
v -2.216095 25.240580 -893.276001
v -2.285706 25.240580 -889.136230
v 36.059021 16.609350 -893.109863
v 36.142426 16.607651 -892.952148
v 35.971985 16.611048 -892.954163
v 36.054962 26.182257 -892.754395
v 36.138397 26.180555 -892.596741
v 35.967987 26.183954 -892.598633
v 36.020691 26.057112 -888.798584
v 36.098541 26.055559 -888.797607
v 36.010864 26.057112 -892.651123
v 36.088715 26.055557 -892.650208
v 36.088715 25.952135 -892.650269
v 36.098541 25.952135 -888.797607
v 36.010864 25.953688 -892.651123
v 36.020691 25.953688 -888.798584
v 65.817383 17.137796 -892.337891
v 65.898224 17.136412 -892.178833
v 65.727875 17.139175 -892.183594
v 65.821228 27.328619 -892.476196
v 65.902069 27.327238 -892.317139
v 65.731720 27.330004 -892.321899
v 65.656433 27.203321 -888.102417
v 65.734222 27.202053 -888.100220
v 65.775452 27.203321 -892.373596
v 65.853271 27.202053 -892.371460
v 65.853271 27.098631 -892.371460
v 65.734222 27.098631 -888.100220
v 65.775482 27.099894 -892.373535
v 65.656433 27.099894 -888.102417
v 227.400543 15.886235 -340.874298
v 227.501343 15.886788 -340.912476
v 227.400543 12.948574 -340.874298
v 227.501343 12.948897 -340.912476
v 227.536926 15.885730 -340.818542
v 227.436111 15.885520 -340.780334
v 227.536926 12.948895 -340.818542
v 227.436111 12.948572 -340.780334
v 237.345978 15.991321 -344.999054
v 237.444183 15.993977 -345.043488
v 237.345978 12.977279 -344.999054
v 237.444183 12.977529 -345.043488
v 237.485611 15.995269 -344.951996
v 237.387329 15.992710 -344.907532
v 237.485611 12.977528 -344.951996
v 237.387329 12.977279 -344.907532
v 256.390625 15.972244 -355.095947
v 256.482483 15.971928 -355.152344
v 256.390625 13.011619 -355.095947
v 256.482483 13.011707 -355.152344
v 256.534973 15.974662 -355.066742
v 256.443176 15.975142 -355.010376
v 256.535004 13.011707 -355.066742
v 256.443176 13.011618 -355.010376
v 247.007477 15.952973 -349.737366
v 247.102631 15.948939 -349.787811
v 247.007477 12.998443 -349.737366
v 247.102631 12.998615 -349.787811
v 247.149765 15.948087 -349.699158
v 247.054474 15.951932 -349.648621
v 247.149765 12.998614 -349.699158
v 247.054474 12.998442 -349.648621
v 184.003357 15.781247 -326.192902
v 184.107254 15.777176 -326.221588
v 184.003326 12.768408 -326.192871
v 184.107285 12.768971 -326.221619
v 184.134033 15.781343 -326.124786
v 184.030090 15.785124 -326.096069
v 184.134033 12.768970 -326.124786
v 184.030090 12.768405 -326.096069
v 196.442841 15.743382 -330.572998
v 196.549011 15.747537 -330.591614
v 196.442841 12.822197 -330.572998
v 196.549042 12.822709 -330.591644
v 196.566330 15.745205 -330.492706
v 196.460083 15.741641 -330.474060
v 196.566345 12.822706 -330.492676
v 196.460098 12.822195 -330.474091
v 217.280884 15.961432 -337.036163
v 217.383835 15.962644 -337.067932
v 217.280884 12.912861 -337.036163
v 217.383835 12.913252 -337.067932
v 217.413513 15.961290 -336.971954
v 217.310471 15.959826 -336.940186
v 217.413513 12.913250 -336.971954
v 217.310471 12.912860 -336.940186
v 206.664047 15.837203 -333.925964
v 206.768860 15.838118 -333.951202
v 206.664047 12.870452 -333.925964
v 206.768860 12.870906 -333.951202
v 206.792313 15.833125 -333.853546
v 206.687500 15.831966 -333.828339
v 206.792313 12.870903 -333.853546
v 206.687500 12.870450 -333.828339
v 141.429276 15.482947 -313.247742
v 141.537048 15.483671 -313.249664
v 141.429276 12.508083 -313.247742
v 141.537048 12.508807 -313.249664
v 141.538895 15.483668 -313.149261
v 141.431046 15.482944 -313.147308
v 141.538895 12.508803 -313.149261
v 141.431046 12.508080 -313.147308
v 152.479706 15.587239 -316.047913
v 152.587158 15.584295 -316.056641
v 152.479706 12.578863 -316.047913
v 152.587158 12.579555 -316.056641
v 152.595291 15.580799 -315.956543
v 152.487808 15.583845 -315.947845
v 152.595291 12.579552 -315.956543
v 152.487808 12.578859 -315.947845
v 173.685211 15.711818 -322.749664
v 173.790695 15.712871 -322.771790
v 173.685272 12.709641 -322.749695
v 173.790695 12.710253 -322.771790
v 173.811371 15.709479 -322.673492
v 173.705841 15.709121 -322.651367
v 173.811371 12.710249 -322.673492
v 173.705841 12.709638 -322.651367
v 163.080017 15.597735 -319.277069
v 163.186646 15.600284 -319.292542
v 163.079987 12.646119 -319.277069
v 163.186646 12.646773 -319.292542
v 163.201111 15.597987 -319.193115
v 163.094360 15.595906 -319.177704
v 163.201111 12.646770 -319.193115
v 163.094360 12.646116 -319.177704
v 182.794586 15.711545 -365.639709
v 182.703674 15.706944 -365.629608
v 182.794586 12.769762 -365.639709
v 182.703674 12.769199 -365.629608
v 182.692596 15.706088 -365.729431
v 182.783463 15.710252 -365.739532
v 182.692612 12.769202 -365.729431
v 182.783463 12.769765 -365.739532
v 173.684479 15.658089 -365.626892
v 173.593079 15.656751 -365.622498
v 173.684448 12.711085 -365.626892
v 173.593079 12.710474 -365.622498
v 173.588303 15.652977 -365.722809
v 173.679657 15.654660 -365.727203
v 173.588303 12.710477 -365.722809
v 173.679657 12.711088 -365.727203
v 155.390152 15.583064 -365.657867
v 155.298981 15.590240 -365.665009
v 155.390152 12.580497 -365.657867
v 155.298996 12.579806 -365.664978
v 155.306854 15.593940 -365.765106
v 155.397980 15.587127 -365.757996
v 155.306854 12.579809 -365.765106
v 155.397980 12.580501 -365.757996
v 164.551941 15.592324 -365.674561
v 164.460480 15.588419 -365.675903
v 164.551941 12.647935 -365.674561
v 164.460480 12.647281 -365.675903
v 164.462021 15.595447 -365.776337
v 164.553436 15.599772 -365.774963
v 164.462021 12.647285 -365.776337
v 164.553436 12.647938 -365.774963
v 218.386627 15.864470 -366.276031
v 218.297363 15.867229 -366.255920
v 218.386597 12.949340 -366.276001
v 218.297363 12.949019 -366.255920
v 218.275330 15.872241 -366.353912
v 218.364532 15.868806 -366.373993
v 218.275330 12.949020 -366.353912
v 218.364532 12.949343 -366.373993
v 209.271484 15.896850 -365.737091
v 209.180176 15.895048 -365.731689
v 209.271484 12.913774 -365.737091
v 209.180176 12.913385 -365.731689
v 209.174225 15.891154 -365.831970
v 209.265488 15.893065 -365.837341
v 209.174225 12.913387 -365.831970
v 209.265488 12.913776 -365.837341
v 191.897903 15.849141 -365.646881
v 191.807785 15.849980 -365.631073
v 191.897903 12.823398 -365.646881
v 191.807785 12.822886 -365.631073
v 191.790482 15.844123 -365.730042
v 191.880508 15.843224 -365.745789
v 191.790482 12.822889 -365.730042
v 191.880508 12.823400 -365.745789
v 250.556244 15.991049 -382.258514
v 250.481476 15.991049 -382.205841
v 250.556244 13.016184 -382.258514
v 250.481415 13.016185 -382.205841
v 250.423615 15.991049 -382.287964
v 250.498383 15.991049 -382.340637
v 250.423615 13.016185 -382.287964
v 250.498383 13.016184 -382.340637
v 242.924042 16.012537 -377.230682
v 242.846100 16.009535 -377.182800
v 242.924042 13.011822 -377.230682
v 242.846100 13.011734 -377.182800
v 242.793549 16.009975 -377.268402
v 242.871429 16.012772 -377.316223
v 242.793549 13.011734 -377.268402
v 242.871429 13.011822 -377.316223
v 227.253632 15.980211 -369.071747
v 227.169434 15.976003 -369.035980
v 227.253632 12.977865 -369.071747
v 227.169434 12.977616 -369.035980
v 227.130188 15.976186 -369.128479
v 227.214340 15.980290 -369.164185
v 227.130188 12.977617 -369.128479
v 227.214340 12.977866 -369.164185
v 234.995880 15.925494 -372.694458
v 234.915039 15.929571 -372.651550
v 234.995880 12.998915 -372.694458
v 234.915039 12.998744 -372.651550
v 234.868011 15.931026 -372.740295
v 234.948761 15.926382 -372.783142
v 234.868011 12.998745 -372.740265
v 234.948761 12.998916 -372.783142
v 201.152954 15.851559 -365.788544
v 201.244385 15.852004 -365.788910
v 201.152954 12.876695 -365.788544
v 201.244370 12.877140 -365.788910
v 201.244827 15.852003 -365.688477
v 201.153351 15.851557 -365.688110
v 201.244827 12.877137 -365.688477
v 201.153351 12.876693 -365.688110
v 200.014648 15.845964 -365.788727
v 200.106094 15.846417 -365.788391
v 200.014648 12.871099 -365.788727
v 200.106094 12.871552 -365.788391
v 200.105743 15.846416 -365.687988
v 200.014267 15.845962 -365.688293
v 200.105743 12.871551 -365.687988
v 200.014267 12.871098 -365.688293
v 200.057983 14.817050 -365.758362
v 200.057983 14.862904 -365.758362
v 201.180542 14.822563 -365.758453
v 201.180542 14.868417 -365.758453
v 200.057831 14.862903 -365.718323
v 200.057831 14.817049 -365.718323
v 201.180695 14.868415 -365.718414
v 201.180695 14.822562 -365.718414
v 201.183502 15.486107 -365.718414
v 201.183502 15.531960 -365.718445
v 200.060593 15.480593 -365.718323
v 200.060593 15.526447 -365.718323
v 201.183380 15.531961 -365.758423
v 201.183380 15.486107 -365.758423
v 200.060760 15.526448 -365.758362
v 200.060760 15.480594 -365.758362
v 201.209717 15.367744 -365.230530
v 201.209717 15.060009 -365.230530
v 201.208740 15.367750 -365.461334
v 201.208740 15.060015 -365.461334
v 201.207779 15.367755 -365.692139
v 201.207825 15.060019 -365.692139
v 201.166199 15.059809 -365.461151
v 201.167114 15.059803 -365.230347
v 201.165329 15.059813 -365.691986
v 201.165329 15.367548 -365.691986
v 201.166199 15.367543 -365.461151
v 201.167114 15.367538 -365.230347
v 199.538162 13.534032 -368.070831
v 199.516373 13.533958 -365.675812
v 199.631119 13.534530 -365.674500
v 199.651031 13.534605 -368.069519
v 186.974091 12.734421 -327.075623
v 186.810638 12.734422 -327.147156
v 186.945282 12.734422 -327.251465
v 186.756332 18.397802 -327.356415
v 186.592804 18.397802 -327.428131
v 186.727417 18.397802 -327.532410
v 186.167175 18.271805 -328.185822
v 186.105743 18.271805 -328.138214
v 186.726227 18.271805 -327.464813
v 186.664749 18.271805 -327.417114
v 186.664749 18.168383 -327.417114
v 186.105743 18.168381 -328.138214
v 186.726227 18.168383 -327.464813
v 186.167175 18.168381 -328.185822
v 216.261902 13.001987 -336.340698
v 216.098450 13.001987 -336.412292
v 216.233093 13.001987 -336.516693
v 216.044067 18.665367 -336.621521
v 215.880630 18.665367 -336.693207
v 216.015320 18.665367 -336.797638
v 215.455139 18.539370 -337.450958
v 215.393692 18.539370 -337.403351
v 216.014252 18.539370 -336.730011
v 215.952759 18.539370 -336.682343
v 215.952759 18.435947 -336.682343
v 215.393692 18.435947 -337.403351
v 216.014252 18.435947 -336.730011
v 215.455139 18.435947 -337.450958
v 148.524170 12.681098 -314.365387
v 148.411163 12.681100 -314.503510
v 148.578461 12.681100 -314.535065
v 148.457901 18.344482 -314.714539
v 148.344925 18.344482 -314.852783
v 148.512238 18.344482 -314.884430
v 148.310638 18.218483 -315.721252
v 148.234329 18.218483 -315.706787
v 148.480515 18.218483 -314.824829
v 148.403976 18.218483 -314.810394
v 148.403976 18.115059 -314.810394
v 148.234329 18.115059 -315.706787
v 148.480515 18.115059 -314.824829
v 148.310638 18.115059 -315.721252
v 234.031784 12.830042 -372.399689
v 234.174225 12.830042 -372.292236
v 234.019104 12.830042 -372.221710
v 233.895294 21.628939 -372.699768
v 234.037750 21.628939 -372.592377
v 233.882614 21.628939 -372.521851
v 235.042145 21.502943 -370.120911
v 235.113007 21.502943 -370.153137
v 233.899200 21.502943 -372.587524
v 233.970062 21.502943 -372.619751
v 233.970062 21.399519 -372.619751
v 235.113007 21.399519 -370.153137
v 233.899200 21.399519 -372.587524
v 235.042145 21.399519 -370.120911
v 142.295105 23.688431 -882.450317
v 142.396057 23.698048 -882.519836
v 142.295105 20.763443 -882.450317
v 142.396042 20.772831 -882.519836
v 142.449738 23.696997 -882.438232
v 142.348740 23.687721 -882.368713
v 142.449738 20.772831 -882.438232
v 142.348740 20.763445 -882.368713
v 151.582413 24.735365 -889.164917
v 151.663818 24.747778 -889.223022
v 151.582413 21.734327 -889.164917
v 151.663818 21.744343 -889.223022
v 151.721878 24.749067 -889.141602
v 151.640488 24.736753 -889.083557
v 151.721893 21.744343 -889.141602
v 151.640488 21.734327 -889.083557
v 167.878342 26.772278 -900.788696
v 167.959793 26.782633 -900.846802
v 167.878342 23.824425 -900.788696
v 167.959793 23.835184 -900.846802
v 168.017868 26.785358 -900.765381
v 167.936417 26.775166 -900.707336
v 168.017868 23.835186 -900.765381
v 167.936417 23.824427 -900.707336
v 159.713531 25.700535 -894.964844
v 159.794968 25.706821 -895.022888
v 159.713531 22.758749 -894.964844
v 159.794968 22.769224 -895.022888
v 159.853043 25.705975 -894.941467
v 159.771606 25.699499 -894.883423
v 159.853043 22.769224 -894.941467
v 159.771606 22.758751 -894.883423
v 98.472321 20.765608 -857.710388
v 98.588501 20.766138 -857.764832
v 98.472321 17.765764 -857.710388
v 98.588501 17.770914 -857.764832
v 98.612000 20.770290 -857.672974
v 98.495758 20.769470 -857.618469
v 98.612000 17.770914 -857.672974
v 98.495758 17.765764 -857.618469
v 109.950607 21.255404 -863.331116
v 110.064117 21.265499 -863.389221
v 109.950607 18.346821 -863.331116
v 110.064117 18.353291 -863.389221
v 110.095535 21.263180 -863.299988
v 109.981949 21.253674 -863.241821
v 110.095535 18.353291 -863.299988
v 109.981949 18.346821 -863.241821
v 131.955246 22.899706 -875.703308
v 132.061157 22.909115 -875.768921
v 131.955246 19.864285 -875.703308
v 132.061157 19.872877 -875.768921
v 132.107727 22.907770 -875.684753
v 132.001740 22.898108 -875.619080
v 132.107727 19.872877 -875.684753
v 132.001740 19.864285 -875.619080
v 121.120117 22.004755 -869.316833
v 121.230209 22.012829 -869.378662
v 121.120117 19.050802 -869.316833
v 121.230209 19.058418 -869.378662
v 121.269318 22.007860 -869.291931
v 121.159149 21.999542 -869.230103
v 121.269318 19.058418 -869.291931
v 121.159149 19.050802 -869.230103
v 53.077244 19.897224 -839.250732
v 53.176823 19.897224 -839.291321
v 53.077244 16.935194 -839.250732
v 53.365101 16.935192 -839.367126
v 53.176823 19.897224 -839.191345
v 53.077229 19.897224 -839.150757
v 53.176807 16.935194 -839.191345
v 53.077229 16.935194 -839.150757
v 63.214725 19.931049 -843.179077
v 63.314335 19.927572 -843.215637
v 63.214741 16.935652 -843.179077
v 63.314350 16.935795 -843.215637
v 63.314350 19.924095 -843.115662
v 63.214741 19.927675 -843.079102
v 63.314350 16.935795 -843.115662
v 63.214725 16.935652 -843.079102
v 86.773697 20.314716 -852.461182
v 86.891632 20.318810 -852.511841
v 86.773697 17.325491 -852.461182
v 86.891632 17.329144 -852.511841
v 86.907104 20.315435 -852.417236
v 86.789093 20.312035 -852.366577
v 86.907074 17.329144 -852.417236
v 86.789078 17.325491 -852.366516
v 74.883530 19.981150 -847.571899
v 75.002502 19.985016 -847.618713
v 74.883530 17.042269 -847.571899
v 75.002502 17.044249 -847.618713
v 75.009781 19.982733 -847.521301
v 74.890717 19.979332 -847.474487
v 75.009781 17.044249 -847.521301
v 74.890717 17.042269 -847.474487
v 90.716705 20.700630 -895.794922
v 90.633682 20.691462 -895.762573
v 90.716705 17.771538 -895.794922
v 90.633682 17.766390 -895.762573
v 90.606995 20.690605 -895.864136
v 90.689941 20.699339 -895.896484
v 90.606979 17.766390 -895.864136
v 90.689941 17.771538 -895.896484
v 81.792725 20.263744 -893.687012
v 81.700592 20.259363 -893.672546
v 81.792709 17.329454 -893.687012
v 81.700592 17.325798 -893.672546
v 81.685165 20.255604 -893.771362
v 81.777206 20.260328 -893.785767
v 81.685165 17.325798 -893.771362
v 81.777206 17.329454 -893.785767
v 63.130367 19.925398 -892.315918
v 63.030346 19.933088 -892.315918
v 63.130367 16.935785 -892.315918
v 63.030361 16.935640 -892.315918
v 63.030346 19.936768 -892.415894
v 63.130367 19.929440 -892.415894
v 63.030346 16.935640 -892.415894
v 63.130367 16.935785 -892.415894
v 72.546066 19.976921 -892.622070
v 72.453094 19.971693 -892.615234
v 72.546066 17.045235 -892.622070
v 72.453094 17.043243 -892.615234
v 72.445831 19.978685 -892.714966
v 72.538712 19.984333 -892.721802
v 72.445831 17.043243 -892.714966
v 72.538712 17.045235 -892.721802
v 121.466286 23.676552 -915.289307
v 121.396935 23.670227 -915.225037
v 121.466286 20.773998 -915.289246
v 121.396935 20.764606 -915.225037
v 121.342796 23.675215 -915.310059
v 121.412086 23.680866 -915.374268
v 121.342796 20.764606 -915.310059
v 121.412086 20.773998 -915.374268
v 114.325310 22.843847 -909.235168
v 114.251747 22.833849 -909.178406
v 114.325310 19.873640 -909.235168
v 114.251747 19.865047 -909.178406
v 114.203972 22.829971 -909.268799
v 114.277443 22.840076 -909.325500
v 114.203972 19.865047 -909.268799
v 114.277443 19.873640 -909.325500
v 98.883797 21.366549 -899.450867
v 98.803337 21.361423 -899.410156
v 98.883766 18.353859 -899.450867
v 98.803337 18.347389 -899.410156
v 98.769325 21.355589 -899.508789
v 98.849693 21.360655 -899.549500
v 98.769325 18.347389 -899.508789
v 98.849693 18.353859 -899.549500
v 149.731262 27.879732 -944.784424
v 149.661194 27.868868 -944.707581
v 149.731277 24.917700 -944.784424
v 149.661209 24.906837 -944.707581
v 149.603210 27.868868 -944.788879
v 149.673279 27.879732 -944.865723
v 149.603210 24.906837 -944.788879
v 149.673294 24.917700 -944.865723
v 142.527252 26.823919 -937.238037
v 142.456848 26.810263 -937.162109
v 142.527252 23.836149 -937.238037
v 142.456848 23.825394 -937.162109
v 142.398865 26.810701 -937.243408
v 142.469269 26.824152 -937.319336
v 142.398865 23.825394 -937.243408
v 142.469269 23.836147 -937.319336
v 128.365845 24.734636 -922.211670
v 128.294739 24.720675 -922.137451
v 128.365845 21.745243 -922.211670
v 128.294739 21.735224 -922.137451
v 128.236755 24.720854 -922.218750
v 128.307846 24.734716 -922.292908
v 128.236740 21.735224 -922.218750
v 128.307846 21.745243 -922.292908
v 135.478439 25.688452 -929.695557
v 135.407684 25.682207 -929.620544
v 135.478439 22.774496 -929.695557
v 135.407684 22.764023 -929.620544
v 135.349701 25.683655 -929.701782
v 135.420441 25.689333 -929.776855
v 135.349701 22.764023 -929.701782
v 135.420441 22.774496 -929.776855
v 107.608208 22.109303 -904.581726
v 107.684975 22.117048 -904.631531
v 107.608208 19.147272 -904.581726
v 107.684975 19.155018 -904.631531
v 107.726936 22.117048 -904.537231
v 107.650108 22.109303 -904.487366
v 107.726936 19.155018 -904.537231
v 107.650108 19.147272 -904.487366
v 106.649406 22.013737 -903.967834
v 106.726601 22.021351 -904.016663
v 106.649406 19.051704 -903.967834
v 106.726601 19.059320 -904.016663
v 106.767738 22.021351 -903.921875
v 106.690468 22.013737 -903.872986
v 106.767738 19.059320 -903.921875
v 106.690453 19.051704 -903.872986
v 106.698402 20.992661 -903.962524
v 106.698402 21.038317 -903.962524
v 107.643883 21.086941 -904.568298
v 107.643883 21.132597 -904.568298
v 106.714790 21.038317 -903.924683
v 106.714806 20.992661 -903.924683
v 107.660606 21.132597 -904.530701
v 107.660606 21.086941 -904.530701
v 107.662941 21.747845 -904.532227
v 107.662941 21.793501 -904.532227
v 106.717140 21.653561 -903.926147
v 106.717140 21.699217 -903.926147
v 107.646217 21.793501 -904.569824
v 107.646217 21.747845 -904.569824
v 106.700768 21.699217 -903.963989
v 106.700768 21.653561 -903.963989
v 107.887062 21.631935 -904.087097
v 107.887062 21.325527 -904.087097
v 107.790672 21.631935 -904.303833
v 107.790672 21.325527 -904.303833
v 107.694267 21.631935 -904.520630
v 107.694267 21.325527 -904.520630
v 107.754936 21.321934 -904.280640
v 107.851250 21.321934 -904.063843
v 107.658607 21.321934 -904.497498
v 107.658607 21.628342 -904.497498
v 107.754936 21.628342 -904.280640
v 107.851250 21.628342 -904.063843
v 105.308815 19.673248 -905.863892
v 106.275642 19.672922 -903.593811
v 106.372948 19.682400 -903.654114
v 105.404045 19.682726 -905.922974
v 97.417519 24.715223 -794.275635
v 97.502373 24.715223 -794.119629
v 97.332664 24.715223 -794.119629
v 97.417519 30.589235 -794.275635
v 97.502373 30.589235 -794.119629
v 97.332664 30.589235 -794.119568
v 97.374802 30.463781 -793.263916
v 97.452286 30.463781 -793.263916
v 97.374779 30.463781 -794.172302
v 97.452278 30.463781 -794.172302
v 97.452278 30.360804 -794.172302
v 97.452286 30.360804 -793.263916
v 97.374779 30.360804 -794.172302
v 97.374802 30.360804 -793.263916
v 133.360657 25.550983 -818.703491
v 133.488312 25.553974 -818.564819
v 133.279083 25.548004 -818.533569
v 133.312195 31.734123 -819.028198
v 133.439606 31.737110 -818.889404
v 133.230850 31.731144 -818.858276
v 133.408691 31.607166 -818.019653
v 133.504517 31.609890 -818.033936
v 133.274902 31.607166 -818.918152
v 133.370239 31.609894 -818.932373
v 133.370239 31.506916 -818.932373
v 133.504517 31.506912 -818.033936
v 133.274902 31.504187 -818.918152
v 133.408691 31.504189 -818.019653
v 156.300568 25.440485 -843.438171
v 156.456833 25.446722 -843.332764
v 156.260590 25.434254 -843.253967
v 156.432541 31.079439 -843.109741
v 156.589005 31.085672 -843.004395
v 156.392273 31.073202 -842.925354
v 156.759735 30.950842 -842.150818
v 156.850052 30.956537 -842.187134
v 156.421509 30.950842 -842.993896
v 156.511292 30.956537 -843.029968
v 156.511292 30.853559 -843.029968
v 156.850052 30.853559 -842.187134
v 156.421509 30.847868 -842.993896
v 156.759735 30.847864 -842.150818
v 166.991333 24.378029 -877.237122
v 167.167755 24.386330 -877.170776
v 166.995056 24.369726 -877.048645
v 166.911804 30.632231 -877.349609
v 167.088181 30.640535 -877.283203
v 166.915634 30.623930 -877.161133
v 167.452362 30.502600 -876.492676
v 167.531540 30.510176 -876.548706
v 166.928040 30.502600 -877.234497
v 167.006790 30.510180 -877.290222
v 167.006790 30.407202 -877.290161
v 167.531540 30.407198 -876.548706
v 166.928040 30.399622 -877.234497
v 167.452362 30.399622 -876.492676
v 139.066544 29.876793 -968.612305
v 138.906860 29.867579 -968.690063
v 139.044952 29.886011 -968.788635
v 139.066544 35.750805 -968.612305
v 138.906860 35.741589 -968.690063
v 139.044952 35.760021 -968.788635
v 138.513824 35.629993 -969.460754
v 138.450745 35.621578 -969.415771
v 139.041290 35.629993 -968.721191
v 138.978241 35.621578 -968.676208
v 138.978180 35.518597 -968.676208
v 138.450745 35.518597 -969.415771
v 139.041290 35.527012 -968.721191
v 138.513824 35.527012 -969.460754
v 116.410980 26.790936 -948.295349
v 116.251251 26.782398 -948.373169
v 116.389404 26.799477 -948.471741
v 116.601578 32.974072 -948.028137
v 116.441895 32.965538 -948.105896
v 116.580048 32.982613 -948.204468
v 116.048874 32.852921 -948.876587
v 115.985779 32.845119 -948.831604
v 116.576370 32.852917 -948.137085
v 116.513275 32.845119 -948.092041
v 116.513275 32.742146 -948.092041
v 115.985779 32.742146 -948.831604
v 116.576370 32.749943 -948.137085
v 116.048874 32.749943 -948.876587
v 100.257301 23.826805 -929.971924
v 100.129478 23.820131 -930.085571
v 100.257103 23.833487 -930.143005
v 100.112160 29.465754 -930.294800
v 99.984566 29.459078 -930.408569
v 100.111763 29.472433 -930.465759
v 99.729118 29.343662 -931.231873
v 99.671516 29.337563 -931.205994
v 100.101830 29.343662 -930.403442
v 100.043694 29.337561 -930.377319
v 100.043709 29.234585 -930.377319
v 99.671516 29.234587 -931.205994
v 100.101830 29.240685 -930.403442
v 99.729118 29.240685 -931.231873
v 77.946648 21.575172 -922.934082
v 77.848625 21.571545 -923.074280
v 77.986076 21.578810 -923.100525
v 77.972481 27.829374 -922.798767
v 77.874367 27.825747 -922.938965
v 78.012032 27.833012 -922.965271
v 77.817055 27.705751 -923.799133
v 77.754723 27.702433 -923.787231
v 77.987770 27.705751 -922.906921
v 77.924873 27.702433 -922.894897
v 77.924873 27.599455 -922.894897
v 77.754723 27.599455 -923.787231
v 77.987770 27.602774 -922.906921
v 77.817055 27.602774 -923.799133
v 330.981201 15.954167 -407.477875
v 331.063171 15.954399 -407.535919
v 330.981201 13.016507 -407.477875
v 331.063171 13.016507 -407.535919
v 331.121246 15.953342 -407.453979
v 331.039276 15.953454 -407.395905
v 331.121246 13.016507 -407.453979
v 331.039276 13.016507 -407.395905
v 339.357056 16.030550 -413.399384
v 339.438995 16.032955 -413.457458
v 339.357056 13.016506 -413.399384
v 339.438995 13.016506 -413.457458
v 339.497070 16.034248 -413.375488
v 339.415100 16.031940 -413.317444
v 339.497070 13.016506 -413.375488
v 339.415100 13.016506 -413.317444
v 355.575500 15.977130 -424.900513
v 355.657471 15.976725 -424.958588
v 355.575500 13.016505 -424.900513
v 355.657471 13.016505 -424.958588
v 355.715515 15.979461 -424.876617
v 355.633545 15.980028 -424.818573
v 355.715515 13.016505 -424.876617
v 355.633545 13.016505 -424.818573
v 347.356354 15.971038 -419.078064
v 347.438293 15.966831 -419.136108
v 347.356354 13.016506 -419.078064
v 347.438293 13.016506 -419.136108
v 347.496368 15.965980 -419.054169
v 347.414398 15.969997 -418.996094
v 347.496368 13.016506 -419.054169
v 347.414398 13.016506 -418.996094
v 298.199890 16.029352 -384.255493
v 298.281860 16.024715 -384.313538
v 298.199890 13.016512 -384.255493
v 298.281860 13.016512 -384.313538
v 298.339905 16.028887 -384.231598
v 298.257965 16.033232 -384.173523
v 298.339905 13.016512 -384.231598
v 298.257965 13.016512 -384.173523
v 306.389771 15.937696 -390.057220
v 306.471741 15.941339 -390.115295
v 306.389771 13.016511 -390.057220
v 306.471741 13.016511 -390.115295
v 306.529816 15.939010 -390.033325
v 306.447845 15.935959 -389.975281
v 306.529816 13.016511 -390.033325
v 306.447845 13.016511 -389.975281
v 322.794159 16.065083 -401.678131
v 322.876129 16.065903 -401.736206
v 322.794159 13.016510 -401.678131
v 322.876129 13.016510 -401.736206
v 322.934204 16.064552 -401.654236
v 322.852234 16.063478 -401.596191
v 322.934204 13.016510 -401.654236
v 322.852234 13.016510 -401.596191
v 314.575012 15.983262 -395.855682
v 314.656982 15.983724 -395.913727
v 314.575012 13.016511 -395.855682
v 314.656982 13.016511 -395.913727
v 314.715057 15.978734 -395.831787
v 314.633087 15.978028 -395.773712
v 314.715057 13.016511 -395.831787
v 314.633087 13.016511 -395.773712
v 265.436523 15.991073 -361.048431
v 265.518494 15.991073 -361.106506
v 265.386963 13.016186 -361.013397
v 265.468933 13.016186 -361.071472
v 265.576538 15.991073 -361.024536
v 265.494598 15.991073 -360.966492
v 265.527008 13.016186 -360.989502
v 265.445038 13.016186 -360.931458
v 273.608459 16.024893 -366.834839
v 273.690430 16.021257 -366.892914
v 273.608459 13.016518 -366.834839
v 273.690430 13.016518 -366.892914
v 273.748474 16.017765 -366.810974
v 273.666534 16.021503 -366.752899
v 273.748474 13.016518 -366.810974
v 273.666534 13.016518 -366.752899
v 290.012848 16.018694 -378.455750
v 290.094818 16.019135 -378.513824
v 290.012848 13.016517 -378.455750
v 290.094818 13.016517 -378.513824
v 290.152863 16.015747 -378.431885
v 290.070892 16.016001 -378.373810
v 290.152863 13.016517 -378.431885
v 290.070892 13.016517 -378.373810
v 281.793701 15.968133 -372.633301
v 281.875671 15.970026 -372.691345
v 281.793701 13.016518 -372.633301
v 281.875671 13.016517 -372.691345
v 281.933716 15.967733 -372.609406
v 281.851746 15.966308 -372.551331
v 281.933716 13.016518 -372.609406
v 281.851746 13.016518 -372.551331
v 283.315186 15.958278 -405.462616
v 283.233215 15.954239 -405.404541
v 283.315186 13.016496 -405.462616
v 283.233215 13.016496 -405.404541
v 283.175171 15.953381 -405.486511
v 283.257141 15.956981 -405.544556
v 283.175171 13.016496 -405.486511
v 283.257141 13.016496 -405.544556
v 275.125305 15.963499 -399.660889
v 275.043365 15.962771 -399.602814
v 275.125305 13.016496 -399.660889
v 275.043365 13.016496 -399.602814
v 274.985291 15.958995 -399.684784
v 275.067261 15.960067 -399.742828
v 274.985291 13.016496 -399.684784
v 275.067261 13.016496 -399.742828
v 258.720947 16.019064 -388.039978
v 258.638977 16.026932 -387.981903
v 258.720947 13.016497 -388.039978
v 258.638977 13.016497 -387.981903
v 258.580933 16.030626 -388.063873
v 258.662872 16.023123 -388.121918
v 258.580933 13.016497 -388.063873
v 258.662872 13.016497 -388.121918
v 266.940094 15.960885 -393.862427
v 266.858124 15.957634 -393.804382
v 266.940094 13.016497 -393.862427
v 266.858124 13.016497 -393.804382
v 266.800049 15.964658 -393.886322
v 266.882019 15.968330 -393.944397
v 266.800049 13.016497 -393.886322
v 266.882019 13.016497 -393.944397
v 274.833954 15.999574 -428.015503
v 274.885590 15.998161 -427.929352
v 274.833954 13.016498 -428.015503
v 274.885590 13.016498 -427.929352
v 274.799469 15.994266 -427.877686
v 274.747803 15.995787 -427.963837
v 274.799469 13.016498 -427.877686
v 274.747803 13.016498 -427.963837
v 284.540009 16.042242 -411.821472
v 284.591644 16.043592 -411.735321
v 284.540009 13.016499 -411.821472
v 284.591644 13.016499 -411.735321
v 284.505524 16.037733 -411.683685
v 284.453857 16.036324 -411.769836
v 284.505524 13.016499 -411.683685
v 284.453857 13.016499 -411.769836
v 278.712250 15.991386 -421.367340
v 278.660614 15.991386 -421.453491
v 278.712250 13.016521 -421.367340
v 278.660614 13.016521 -421.453491
v 278.746735 15.991386 -421.505157
v 278.798401 15.991386 -421.419006
v 278.746735 13.016521 -421.505157
v 278.798401 13.016521 -421.419006
v 279.355408 15.991386 -420.294800
v 279.303741 15.991386 -420.380920
v 279.355408 13.016521 -420.294800
v 279.303741 13.016521 -420.380920
v 279.389893 15.991386 -420.432587
v 279.441528 15.991386 -420.346436
v 279.389893 13.016521 -420.432587
v 279.441528 13.016521 -420.346436
v 279.356781 14.962257 -420.351227
v 279.356781 15.008111 -420.351227
v 278.722626 14.962257 -421.408783
v 278.722626 15.008111 -421.408783
v 279.391113 15.008111 -420.371826
v 279.391113 14.962257 -420.371826
v 278.756958 15.008111 -421.429382
v 278.756958 14.962257 -421.429382
v 278.755402 15.625788 -421.431976
v 278.755402 15.671642 -421.431976
v 279.389557 15.625788 -420.374420
v 279.389557 15.671642 -420.374420
v 278.721039 15.671642 -421.411407
v 278.721039 15.625788 -421.411407
v 279.355194 15.671642 -420.353821
v 279.355194 15.625788 -420.353821
v 279.160217 15.507319 -421.705719
v 279.160217 15.199583 -421.705719
v 278.962280 15.507319 -421.587036
v 278.962280 15.199583 -421.587036
v 278.764343 15.507319 -421.468353
v 278.764343 15.199583 -421.468353
v 278.986267 15.199583 -421.547058
v 279.184204 15.199583 -421.665741
v 278.788330 15.199583 -421.428345
v 278.788330 15.507319 -421.428345
v 278.986267 15.507319 -421.547058
v 279.184204 15.507319 -421.665741
v 277.679474 13.681858 -418.657593
v 279.735809 13.681857 -419.885620
v 279.671448 13.681857 -419.993896
v 277.615112 13.681858 -418.765839
v 334.868439 16.030550 -410.222687
v 334.950378 16.032955 -410.280731
v 334.868439 13.016507 -410.222687
v 334.950378 13.016507 -410.280731
v 335.008453 16.034248 -410.198792
v 334.926483 16.031940 -410.140717
v 335.008453 13.016507 -410.198792
v 334.926483 13.016507 -410.140717
v 351.344635 15.954168 -396.116577
v 351.470276 15.954400 -396.208710
v 351.344635 13.016508 -396.116577
v 351.470276 13.016508 -396.208710
v 351.569183 15.953343 -396.066254
v 351.443542 15.953455 -395.974091
v 351.569183 13.016508 -396.066254
v 351.443542 13.016508 -395.974091
v 343.101959 15.954168 -390.347351
v 343.247742 15.954400 -390.453369
v 343.101959 13.016508 -390.347351
v 343.247742 13.016508 -390.453369
v 343.355652 15.953343 -390.309570
v 343.209839 15.953455 -390.203522
v 343.355652 13.016508 -390.309570
v 343.209839 13.016508 -390.203522
v 340.730957 16.030550 -411.472351
v 340.812927 16.032955 -411.530396
v 340.730957 13.016506 -411.472351
v 340.812927 13.016506 -411.530396
v 340.870972 16.034248 -411.448456
v 340.789032 16.031940 -411.390381
v 340.870972 13.016506 -411.448456
v 340.789032 13.016506 -411.390381
v 336.389069 16.030550 -408.393890
v 336.471008 16.032955 -408.451935
v 336.389069 13.016507 -408.393890
v 336.471008 13.016507 -408.451935
v 336.529083 16.034248 -408.369995
v 336.447113 16.031940 -408.311920
v 336.529083 13.016507 -408.369995
v 336.447113 13.016507 -408.311920
v 311.302002 15.934155 -443.939026
v 311.214142 15.934384 -443.948303
v 311.301971 13.009167 -443.939026
v 311.214142 13.009167 -443.948303
v 311.224884 15.933332 -444.047729
v 311.312592 15.933445 -444.038452
v 311.224884 13.009167 -444.047729
v 311.312592 13.009167 -444.038452
v 302.615967 16.010206 -445.487946
v 302.530273 16.012602 -445.509735
v 302.615967 13.009167 -445.487946
v 302.530273 13.009167 -445.509735
v 302.555176 16.013889 -445.606598
v 302.640717 16.011591 -445.584839
v 302.555176 13.009167 -445.606598
v 302.640717 13.009167 -445.584839
v 284.566132 15.957019 -451.843964
v 284.472443 15.956616 -451.878967
v 284.566132 13.009167 -451.843964
v 284.472443 13.009167 -451.878998
v 284.507477 15.959340 -451.972656
v 284.601166 15.959905 -451.937622
v 284.507477 13.009167 -451.972656
v 284.601166 13.009167 -451.937622
v 293.960052 15.950953 -448.331696
v 293.866394 15.946765 -448.366730
v 293.960052 13.009168 -448.331696
v 293.866364 13.009168 -448.366730
v 293.901398 15.945915 -448.460388
v 293.995087 15.949917 -448.425354
v 293.901398 13.009167 -448.460388
v 293.995087 13.009168 -448.425354
v 345.480316 16.009010 -450.264496
v 345.401917 16.004393 -450.224670
v 345.480316 13.009168 -450.264496
v 345.401917 13.009168 -450.224670
v 345.356873 16.008547 -450.313904
v 345.435120 16.012873 -450.353699
v 345.356873 13.009168 -450.313904
v 345.435120 13.009168 -450.353699
v 337.388519 15.917751 -446.851929
v 337.305145 15.921379 -446.823700
v 337.388519 13.009170 -446.851929
v 337.305145 13.009170 -446.823700
v 337.273315 15.919060 -446.918488
v 337.356567 15.916022 -446.946686
v 337.273315 13.009170 -446.918488
v 337.356567 13.009170 -446.946686
v 320.106995 16.044590 -443.651001
v 320.018829 16.045406 -443.647614
v 320.106995 13.009170 -443.651001
v 320.018829 13.009170 -443.647614
v 320.015228 16.044060 -443.747559
v 320.103241 16.042992 -443.750946
v 320.015228 13.009170 -443.747559
v 320.103241 13.009170 -443.750946
v 328.886169 15.963122 -444.632477
v 328.799530 15.963581 -444.616455
v 328.886169 13.009170 -444.632477
v 328.799561 13.009170 -444.616455
v 328.781616 15.958613 -444.714844
v 328.868103 15.957910 -444.730835
v 328.781616 13.009170 -444.714844
v 328.868103 13.009170 -444.730835
v 352.923828 15.998398 -454.831940
v 352.852081 15.998837 -454.781342
v 352.923828 13.009171 -454.831940
v 352.852081 13.009171 -454.781342
v 352.794678 15.995462 -454.863220
v 352.866333 15.995715 -454.913727
v 352.794678 13.009171 -454.863220
v 352.866333 13.009171 -454.913727
v 266.069031 15.971196 -431.218201
v 266.162720 15.971196 -431.183167
v 266.069031 13.009166 -431.218201
v 266.162720 13.009166 -431.183167
v 266.127686 15.971196 -431.089508
v 266.034027 15.971196 -431.124542
v 266.127686 13.009166 -431.089508
v 266.034027 13.009166 -431.124542
v 255.748672 12.830040 -386.583801
v 255.914917 12.830040 -386.519043
v 255.784714 12.830040 -386.409088
v 255.978104 21.082394 -386.312195
v 256.144348 21.082394 -386.247437
v 256.014130 21.082394 -386.137482
v 256.600983 20.956396 -385.508240
v 256.660461 20.956396 -385.558472
v 256.012268 20.956396 -386.205170
v 256.071747 20.956396 -386.255463
v 256.071747 20.852972 -386.255463
v 256.660461 20.852972 -385.558472
v 256.012268 20.852972 -386.205170
v 256.600983 20.852972 -385.508240
v 278.194244 12.830039 -402.097839
v 278.363342 12.830039 -402.040894
v 278.238403 12.830039 -401.924988
v 278.100159 21.700314 -402.199249
v 278.269257 21.700314 -402.142273
v 278.144318 21.700314 -402.026367
v 279.661224 21.574314 -400.247437
v 279.718262 21.574314 -400.300323
v 278.139313 21.574314 -402.093964
v 278.196381 21.574314 -402.146881
v 278.196350 21.470892 -402.146942
v 279.718262 21.470892 -400.300323
v 278.139313 21.470892 -402.093994
v 279.661224 21.470892 -400.247437
v 312.567291 12.747375 -444.393097
v 312.657074 12.745675 -444.238953
v 312.486694 12.749074 -444.233948
v 312.577789 22.320282 -444.037720
v 312.667572 22.318581 -443.883514
v 312.497192 22.321980 -443.878540
v 312.362885 22.195147 -438.515289
v 312.440674 22.193594 -438.517639
v 312.538208 22.195141 -443.932526
v 312.615997 22.193590 -443.934906
v 312.615997 22.090168 -443.934906
v 312.440674 22.090170 -438.517639
v 312.538147 22.091721 -443.932556
v 312.362885 22.091722 -438.515289
v 337.893982 37.346237 -999.017639
v 337.790833 37.343636 -999.068848
v 337.893982 34.411980 -999.017639
v 337.790833 34.413399 -999.068848
v 337.835480 37.347717 -999.158325
v 337.938690 37.349876 -999.107056
v 337.835480 34.418320 -999.158325
v 337.938690 34.416901 -999.107056
v 325.670898 37.438042 -1007.719360
v 325.563354 37.437607 -1007.760681
v 325.670898 34.498466 -1007.719360
v 325.563354 34.498756 -1007.760681
v 325.599426 37.438896 -1007.854004
v 325.707062 37.439674 -1007.812561
v 325.599426 34.503792 -1007.854004
v 325.707062 34.503502 -1007.812561
v 297.944672 37.331490 -1022.635254
v 297.831116 37.337502 -1022.655823
v 297.944672 34.337105 -1022.635254
v 297.831116 34.335289 -1022.655823
v 297.849152 37.345734 -1022.754211
v 297.962769 37.340080 -1022.733582
v 297.849152 34.339828 -1022.754211
v 297.962769 34.341644 -1022.733582
v 313.199341 37.407974 -1015.263428
v 313.088318 37.403900 -1015.294617
v 313.199341 34.471138 -1015.263428
v 313.088318 34.470306 -1015.294617
v 313.115509 37.415810 -1015.390869
v 313.226624 37.420311 -1015.359680
v 313.115509 34.475212 -1015.390869
v 313.226624 34.476051 -1015.359680
v 375.752563 35.628994 -967.260376
v 375.678741 35.637966 -967.326416
v 375.752563 32.723351 -967.260376
v 375.678741 32.729233 -967.326416
v 375.736084 35.646206 -967.408325
v 375.809937 35.636562 -967.342346
v 375.736084 32.732475 -967.408325
v 375.809937 32.726589 -967.342346
v 368.375488 36.275890 -973.854675
v 368.301697 36.280064 -973.920654
v 368.375488 33.301514 -973.854675
v 368.301697 33.307083 -973.920654
v 368.359039 36.280048 -974.002563
v 368.432861 36.275982 -973.936584
v 368.359039 33.310936 -974.002563
v 368.432861 33.305363 -973.936584
v 352.847870 37.224083 -987.482361
v 352.759369 37.228416 -987.552856
v 352.847870 34.206348 -987.482361
v 352.759369 34.209335 -987.552856
v 352.812622 37.227295 -987.638245
v 352.901215 37.222900 -987.567627
v 352.812622 34.214035 -987.638245
v 352.901215 34.211044 -987.567627
v 405.280365 33.952618 -940.865845
v 405.206543 33.955288 -940.931885
v 405.280365 30.991404 -940.865845
v 405.206543 30.994070 -940.931885
v 405.263885 33.956787 -941.013794
v 405.337708 33.954117 -940.947754
v 405.263885 30.995571 -941.013794
v 405.337708 30.992905 -940.947754
v 397.903320 34.272182 -947.460144
v 397.829498 34.272457 -947.526123
v 397.903320 31.284914 -947.460144
v 397.829498 31.288086 -947.526123
v 397.886841 34.274220 -947.608032
v 397.960663 34.273746 -947.542053
v 397.886841 31.289413 -947.608032
v 397.960663 31.286242 -947.542053
v 383.127045 35.140545 -960.668457
v 383.053253 35.142117 -960.734436
v 383.127045 32.149269 -960.668457
v 383.053253 32.154766 -960.734436
v 383.110596 35.144848 -960.816284
v 383.184448 35.143169 -960.750305
v 383.110596 32.157314 -960.816284
v 383.184387 32.151810 -960.750366
v 390.530487 34.562405 -954.050598
v 390.456635 34.571049 -954.116577
v 390.530487 31.648058 -954.050598
v 390.456635 31.652447 -954.116577
v 390.513977 34.574291 -954.198486
v 390.587830 34.565075 -954.132507
v 390.513977 31.654232 -954.198486
v 390.587830 31.649834 -954.132507
v 361.870270 36.733959 -979.787476
v 361.944061 36.729198 -979.721497
v 361.870270 33.767147 -979.787476
v 361.944061 33.762394 -979.721497
v 361.886749 36.724895 -979.639587
v 361.812897 36.729649 -979.705566
v 361.886749 33.758102 -979.639587
v 361.812897 33.762852 -979.705566
v 360.951019 36.792118 -980.609131
v 361.024841 36.787525 -980.543152
v 360.951019 33.825253 -980.609131
v 361.024841 33.820660 -980.543152
v 360.967499 36.783169 -980.461243
v 360.893677 36.787762 -980.527222
v 360.967499 33.816315 -980.461243
v 360.893677 33.820904 -980.527222
v 360.968842 35.762936 -980.553162
v 360.968842 35.808651 -980.553162
v 361.875214 35.705524 -979.742981
v 361.875214 35.751240 -979.742981
v 360.945984 35.806919 -980.520508
v 360.945984 35.761204 -980.520508
v 361.852356 35.749523 -979.710327
v 361.852356 35.703808 -979.710327
v 361.854584 36.365063 -979.708313
v 361.854584 36.410763 -979.708313
v 360.948212 36.422459 -980.518555
v 360.948212 36.468151 -980.518555
v 361.877472 36.412479 -979.740967
v 361.877472 36.366779 -979.740967
v 360.971100 36.469891 -980.551147
v 360.971100 36.424198 -980.551147
v 361.595459 36.224873 -979.292908
v 361.595459 35.918140 -979.292908
v 361.727264 36.234730 -979.481140
v 361.727264 35.927998 -979.481140
v 361.859039 36.244610 -979.669373
v 361.859039 35.937878 -979.669373
v 361.692993 35.930202 -979.511780
v 361.561188 35.920338 -979.323547
v 361.824799 35.940083 -979.700012
v 361.824799 36.246815 -979.700012
v 361.692993 36.236935 -979.511780
v 361.561188 36.227070 -979.323547
v 361.854034 34.613834 -982.824219
v 360.483185 34.509052 -980.873779
v 360.575500 34.503353 -980.790588
v 361.946320 34.608021 -982.741089
v 341.725494 35.212585 -926.463684
v 341.809418 35.209534 -926.405396
v 341.725494 32.287628 -926.463684
v 341.809418 32.284340 -926.405396
v 341.750793 35.209114 -926.324219
v 341.666931 35.212517 -926.382507
v 341.750793 32.284981 -926.324219
v 341.666931 32.288265 -926.382507
v 350.073639 34.947067 -920.649109
v 350.156830 34.945961 -920.591064
v 350.073608 31.946121 -920.649109
v 350.156830 31.942614 -920.591064
v 350.098816 34.948067 -920.509827
v 350.015625 34.949272 -920.567932
v 350.098816 31.943428 -920.509827
v 350.015625 31.946934 -920.567932
v 366.591034 34.203541 -909.066162
v 366.672913 34.199921 -909.008545
v 366.591034 31.256233 -909.066162
v 366.672913 31.253017 -909.008545
v 366.616058 34.203800 -908.927246
v 366.534149 34.207584 -908.984863
v 366.616058 31.254169 -908.927246
v 366.534149 31.257385 -908.984863
v 358.348572 34.536140 -914.858459
v 358.431091 34.528465 -914.800598
v 358.348572 31.594667 -914.858459
v 358.431091 31.591183 -914.800598
v 358.373688 34.528595 -914.719299
v 358.291107 34.536087 -914.777222
v 358.373688 31.592165 -914.719299
v 358.291107 31.595650 -914.777222
v 307.023590 36.260670 -947.758362
v 307.108215 36.255360 -947.718811
v 307.023560 33.260830 -947.758362
v 307.108215 33.260136 -947.718872
v 307.058929 36.259808 -947.630188
v 306.974396 36.264835 -947.669678
v 307.058929 33.260437 -947.630188
v 306.974396 33.261131 -947.669678
v 315.286194 36.063290 -943.473083
v 315.366791 36.065380 -943.426819
v 315.286194 33.154671 -943.473083
v 315.366791 33.153137 -943.426819
v 315.308167 36.063503 -943.342834
v 315.227692 36.061993 -943.389099
v 315.308167 33.153576 -943.342834
v 315.227692 33.155109 -943.389099
v 332.901031 35.668747 -932.322815
v 332.993225 35.666023 -932.263794
v 332.901031 32.633236 -932.322815
v 332.993225 32.629692 -932.263794
v 332.928772 35.665642 -932.183105
v 332.836578 35.668121 -932.242065
v 332.928772 32.630665 -932.183105
v 332.836578 32.634205 -932.242065
v 323.671448 35.902416 -938.242859
v 323.763306 35.900173 -938.183777
v 323.671448 32.948399 -938.242859
v 323.763306 32.945690 -938.183777
v 323.699036 35.895924 -938.103149
v 323.607208 35.897923 -938.162231
v 323.699036 32.946419 -938.103149
v 323.607208 32.949123 -938.162231
v 270.909302 36.281109 -957.721802
v 271.001953 36.281536 -957.712280
v 270.909302 33.319084 -957.721802
v 271.001953 33.319511 -957.712280
v 270.992859 36.282413 -957.612854
v 270.900299 36.281986 -957.622375
v 270.992859 33.320385 -957.612854
v 270.900299 33.319958 -957.622375
v 280.333557 36.344318 -956.331421
v 280.425537 36.340839 -956.314087
v 280.333557 33.348923 -956.331421
v 280.425537 33.349064 -956.314087
v 280.406189 36.337948 -956.216125
v 280.314301 36.341534 -956.233398
v 280.406189 33.349644 -956.216125
v 280.314301 33.349510 -956.233398
v 298.396057 36.307102 -951.348633
v 298.483978 36.307095 -951.316223
v 298.396057 33.317879 -951.348633
v 298.483978 33.317436 -951.316223
v 298.444427 36.304028 -951.223633
v 298.356598 36.304729 -951.256042
v 298.444427 33.317745 -951.223633
v 298.356598 33.318188 -951.256042
v 289.447144 36.287029 -954.222656
v 289.537567 36.288761 -954.197754
v 289.447174 33.348156 -954.222656
v 289.537537 33.348000 -954.197754
v 289.508026 36.286877 -954.102051
v 289.417755 36.285610 -954.126953
v 289.508026 33.348396 -954.102051
v 289.417755 33.348553 -954.126953
v 387.135193 31.683552 -958.830078
v 387.155212 31.684185 -959.006592
v 387.294189 31.682922 -958.909241
v 386.946899 37.866688 -958.561157
v 386.966888 37.867321 -958.737671
v 387.105896 37.866062 -958.640381
v 387.562195 37.740917 -959.365417
v 387.498688 37.741489 -959.409912
v 387.041168 37.740917 -958.621338
v 386.977661 37.741489 -958.665771
v 386.977661 37.638515 -958.665771
v 387.498688 37.638515 -959.409912
v 387.041138 37.637943 -958.621338
v 387.562195 37.637943 -959.365417
v 359.793945 33.021702 -981.930298
v 359.813965 33.022182 -982.106812
v 359.952972 33.021221 -982.009460
v 359.996979 38.660648 -982.220276
v 360.017029 38.661129 -982.396790
v 360.156036 38.660175 -982.299438
v 360.612335 38.534954 -983.024536
v 360.548828 38.535389 -983.068970
v 360.091278 38.534954 -982.280396
v 360.027832 38.535389 -982.324829
v 360.027832 38.432415 -982.324829
v 360.548828 38.432415 -983.068970
v 360.091278 38.431973 -982.280396
v 360.612305 38.431973 -983.024536
v 331.461792 33.153229 -1005.624023
v 331.424591 33.153534 -1005.809814
v 331.623322 33.152927 -1005.724487
v 331.406952 39.482689 -1005.497681
v 331.369843 39.482689 -1005.683411
v 331.568329 39.482689 -1005.598145
v 331.860260 39.281830 -1006.404114
v 331.769043 39.282104 -1006.443237
v 331.498077 39.281830 -1005.571045
v 331.407440 39.282104 -1005.609924
v 331.407471 39.179123 -1005.609924
v 331.769043 39.179123 -1006.443237
v 331.498077 39.178848 -1005.571045
v 331.860260 39.178848 -1006.404114
v 322.107727 33.048679 -939.076172
v 322.087677 33.048233 -938.899658
v 321.948700 33.049129 -938.997009
v 321.904663 38.687634 -938.786194
v 321.884644 38.687183 -938.609680
v 321.745667 38.688084 -938.707031
v 321.289337 38.562405 -937.981934
v 321.352844 38.561993 -937.937500
v 321.810394 38.562405 -938.726074
v 321.873840 38.561993 -938.681641
v 321.873840 38.459011 -938.681641
v 321.352844 38.459011 -937.937500
v 321.810394 38.459431 -938.726074
v 321.289337 38.459431 -937.981934
v 345.363647 31.969004 -922.792236
v 345.343597 31.968397 -922.615723
v 345.204590 31.969606 -922.713013
v 345.442627 38.580383 -922.905029
v 345.422577 38.580383 -922.728516
v 345.283600 38.580383 -922.825806
v 344.827271 38.098053 -922.100830
v 344.890778 38.097504 -922.056335
v 345.348328 38.098053 -922.844910
v 345.411835 38.097504 -922.800415
v 345.411835 37.994530 -922.800415
v 344.890778 37.994530 -922.056335
v 345.348328 37.995079 -922.844910
v 344.827271 37.995079 -922.100830
v 434.808167 33.509037 -914.471252
v 434.734314 33.504368 -914.537292
v 434.808136 30.581795 -914.471252
v 434.734344 30.581150 -914.537231
v 434.791687 33.505035 -914.619141
v 434.865509 33.509266 -914.553162
v 434.791687 30.582672 -914.619141
v 434.865509 30.583317 -914.553162
v 427.431122 33.486282 -921.065491
v 427.357300 33.485680 -921.131531
v 427.431122 30.553715 -921.065491
v 427.357269 30.553837 -921.131531
v 427.414642 33.483574 -921.213440
v 427.488464 33.484516 -921.147400
v 427.414642 30.555492 -921.213440
v 427.488464 30.555368 -921.147400
v 412.654938 33.748562 -934.273804
v 412.581055 33.758343 -934.339844
v 412.654907 30.760061 -934.273804
v 412.581055 30.761999 -934.339844
v 412.638428 33.763668 -934.421753
v 412.712280 33.754250 -934.355713
v 412.638428 30.763639 -934.421753
v 412.712280 30.761702 -934.355713
v 420.058289 33.540714 -927.656067
v 419.984467 33.538513 -927.721985
v 420.058289 30.610518 -927.656067
v 419.984467 30.611553 -927.721985
v 420.041840 33.547218 -927.803894
v 420.115631 33.549839 -927.737915
v 420.041840 30.613256 -927.803894
v 420.115631 30.612219 -927.737915
v 464.335907 34.031448 -888.076721
v 464.262085 34.033047 -888.142700
v 464.335907 31.130384 -888.076721
v 464.262085 31.128916 -888.142700
v 464.319427 34.038799 -888.224670
v 464.393250 34.036522 -888.158630
v 464.319427 31.129683 -888.224670
v 464.393250 31.131147 -888.158630
v 456.958893 33.942822 -894.671021
v 456.885040 33.939796 -894.737000
v 456.958893 30.974304 -894.671021
v 456.885040 30.972687 -894.737000
v 456.942383 33.936882 -894.818909
v 457.016235 33.940018 -894.752869
v 456.942383 30.973654 -894.818909
v 457.016235 30.975269 -894.752869
v 442.182678 33.687077 -907.879272
v 442.108826 33.687222 -907.945312
v 442.182678 30.676224 -907.879272
v 442.108826 30.675022 -907.945312
v 442.166168 33.682739 -908.027222
v 442.240021 33.682533 -907.961243
v 442.166168 30.676376 -908.027222
v 442.240021 30.677574 -907.961182
v 493.863678 34.215485 -861.682190
v 493.789856 34.216637 -861.748230
v 493.863678 31.253456 -861.682190
v 493.789856 31.254608 -861.748230
v 493.847229 34.216637 -861.830078
v 493.921082 34.215485 -861.764099
v 493.847198 31.254608 -861.830078
v 493.921082 31.253456 -861.764099
v 486.486633 34.329716 -868.276428
v 486.412811 34.327221 -868.342407
v 486.486633 31.342314 -868.276428
v 486.412811 31.342722 -868.342407
v 486.470154 34.327801 -868.424316
v 486.544006 34.330097 -868.358337
v 486.470154 31.342869 -868.424316
v 486.544006 31.342459 -868.358337
v 471.710388 34.247807 -881.484741
v 471.636597 34.242779 -881.550720
v 471.710388 31.259598 -881.484741
v 471.636597 31.258516 -881.550720
v 471.693939 34.243519 -881.632690
v 471.767761 34.248440 -881.566650
v 471.693939 31.259077 -881.632690
v 471.767761 31.260157 -881.566650
v 479.113770 34.251530 -874.866943
v 479.039917 34.255306 -874.932983
v 479.113770 31.338400 -874.866943
v 479.039917 31.337942 -874.932983
v 479.097290 34.257107 -875.014832
v 479.171112 34.252773 -874.948853
v 479.097290 31.338297 -875.014832
v 479.171112 31.338751 -874.948853
v 450.453644 33.793537 -900.603760
v 450.527435 33.795086 -900.537781
v 450.453644 30.833311 -900.603760
v 450.527435 30.834860 -900.537781
v 450.470093 33.793945 -900.455872
v 450.396271 33.792393 -900.521851
v 450.470093 30.833721 -900.455872
v 450.396271 30.832170 -900.521851
v 449.534393 33.774387 -901.425415
v 449.608215 33.775913 -901.359497
v 449.534363 30.814175 -901.425476
v 449.608215 30.815701 -901.359497
v 449.550873 33.774750 -901.277527
v 449.477051 33.773224 -901.343567
v 449.550873 30.814539 -901.277527
v 449.477081 30.813011 -901.343506
v 449.552185 32.750038 -901.369507
v 449.552216 32.795681 -901.369507
v 450.458588 32.768948 -900.559265
v 450.458588 32.814587 -900.559265
v 449.529358 32.795219 -901.336792
v 449.529358 32.749577 -901.336853
v 450.435730 32.814133 -900.526611
v 450.435730 32.768494 -900.526611
v 450.437958 33.429142 -900.524597
v 450.437958 33.474804 -900.524597
v 449.531586 33.410229 -901.334839
v 449.531586 33.455894 -901.334839
v 450.460815 33.475258 -900.557312
v 450.460815 33.429596 -900.557312
v 449.554443 33.456356 -901.367493
v 449.554443 33.410694 -901.367493
v 450.178864 33.306122 -900.109192
v 450.178833 32.999737 -900.109192
v 450.310638 33.308689 -900.297424
v 450.310638 33.002304 -900.297424
v 450.442444 33.311287 -900.485657
v 450.442444 33.004902 -900.485657
v 450.276337 33.001575 -900.328064
v 450.144562 32.999008 -900.139832
v 450.408112 33.004173 -900.516296
v 450.408112 33.310562 -900.516296
v 450.276337 33.307964 -900.328064
v 450.144562 33.305397 -900.139832
v 450.437408 31.495724 -903.640503
v 449.066528 31.466101 -901.690063
v 449.158875 31.467997 -901.606934
v 450.529694 31.497557 -903.557373
v 440.266602 34.033669 -857.433533
v 440.348450 34.035416 -857.376221
v 440.266602 31.110195 -857.433533
v 440.348450 31.111710 -857.376221
v 440.291138 34.035023 -857.294312
v 440.209290 34.033623 -857.351624
v 440.291138 31.112371 -857.294312
v 440.209229 31.110859 -857.351624
v 448.452667 34.244625 -851.701599
v 448.534546 34.248158 -851.644287
v 448.452667 31.244812 -851.701599
v 448.534546 31.245939 -851.644287
v 448.477203 34.249935 -851.562378
v 448.395294 34.246502 -851.619751
v 448.477203 31.246426 -851.562378
v 448.395294 31.245298 -851.619751
v 464.849396 34.286587 -840.220520
v 464.931335 34.285824 -840.163147
v 464.849396 31.339128 -840.220520
v 464.931335 31.338768 -840.163147
v 464.873962 34.288685 -840.081238
v 464.792053 34.289600 -840.138611
v 464.873962 31.338900 -840.081238
v 464.792053 31.339262 -840.138611
v 456.634064 34.270008 -845.972900
v 456.716034 34.266323 -845.915527
v 456.634064 31.329073 -845.972900
v 456.716034 31.329582 -845.915527
v 456.658661 34.265789 -845.833679
v 456.576691 34.269276 -845.891052
v 456.658661 31.329889 -845.833679
v 456.576691 31.329382 -845.891052
v 407.500488 33.542099 -880.376587
v 407.582458 33.538158 -880.319214
v 407.500488 30.544088 -880.376587
v 407.582458 30.544771 -880.319214
v 407.525085 33.543636 -880.237305
v 407.443146 33.547291 -880.294678
v 407.525085 30.546097 -880.237305
v 407.443176 30.545416 -880.294678
v 415.686584 33.548794 -874.644653
v 415.768555 33.553677 -874.587280
v 415.686584 30.642134 -874.644653
v 415.768555 30.643381 -874.587280
v 415.711182 33.552528 -874.505371
v 415.629211 33.548241 -874.562744
v 415.711182 30.644556 -874.505371
v 415.629211 30.643309 -874.562744
v 432.083313 33.982861 -863.163574
v 432.165314 33.985344 -863.106140
v 432.083313 30.949137 -863.163574
v 432.165314 30.950806 -863.106140
v 432.107971 33.984833 -863.024231
v 432.026001 33.982101 -863.081604
v 432.107971 30.951641 -863.024231
v 432.026001 30.949976 -863.081604
v 423.868042 33.736855 -868.915955
v 423.949951 33.738888 -868.858582
v 423.868042 30.784752 -868.915955
v 423.949951 30.786327 -868.858582
v 423.892639 33.734928 -868.776672
v 423.810669 33.732647 -868.834045
v 423.892639 30.787334 -868.776672
v 423.810669 30.785761 -868.834045
v 374.734406 33.919186 -903.319702
v 374.816376 33.916473 -903.262268
v 374.734406 30.957981 -903.319702
v 374.816376 30.955273 -903.262268
v 374.759033 33.917782 -903.180359
v 374.677032 33.920490 -903.237793
v 374.759033 30.956581 -903.180359
v 374.677032 30.959288 -903.237793
v 382.920502 33.716545 -897.587708
v 383.002472 33.710953 -897.530334
v 382.920502 30.722282 -897.587708
v 383.002472 30.720314 -897.530334
v 382.945068 33.708904 -897.448425
v 382.863129 33.714600 -897.505798
v 382.945068 30.721750 -897.448425
v 382.863129 30.723715 -897.505798
v 399.317291 33.501064 -886.106567
v 399.399231 33.501411 -886.049194
v 399.317291 30.513563 -886.106567
v 399.399231 30.513468 -886.049194
v 399.341858 33.499485 -885.967285
v 399.259949 33.499836 -886.024658
v 399.341858 30.514915 -885.967285
v 399.259949 30.515013 -886.024658
v 391.101959 33.507904 -891.859009
v 391.183868 33.508747 -891.801636
v 391.101959 30.570551 -891.859009
v 391.183868 30.569511 -891.801636
v 391.126526 33.507961 -891.719727
v 391.044586 33.507584 -891.777100
v 391.126526 30.571009 -891.719727
v 391.044586 30.572048 -891.777100
v 409.314392 30.779348 -937.789185
v 409.334381 30.780104 -937.965698
v 409.473389 30.778591 -937.868408
v 409.314392 36.653362 -937.789185
v 409.334381 36.654118 -937.965698
v 409.473419 36.652607 -937.868347
v 409.929657 36.527523 -938.593445
v 409.866241 36.528217 -938.637878
v 409.408661 36.527523 -937.849304
v 409.345154 36.528210 -937.893799
v 409.345154 36.425243 -937.893799
v 409.866241 36.425243 -938.637878
v 409.408661 36.424541 -937.849304
v 409.929657 36.424541 -938.593445
v 476.401764 30.947325 -878.840271
v 476.421814 30.948294 -879.016785
v 476.560822 30.946362 -878.919434
v 476.213470 37.130466 -878.571350
v 476.233490 37.131435 -878.747864
v 476.372528 37.129505 -878.650513
v 476.828827 37.004528 -879.375610
v 476.765320 37.005405 -879.420105
v 476.307800 37.004528 -878.631531
v 476.244293 37.005405 -878.675964
v 476.244293 36.902431 -878.675964
v 476.765320 36.902431 -879.420105
v 476.307800 36.901546 -878.631531
v 476.828827 36.901546 -879.375610
v 455.845184 31.032051 -895.955566
v 455.865143 31.032982 -896.132141
v 456.004211 31.031120 -896.034790
v 456.048218 36.670998 -896.245544
v 456.068207 36.671928 -896.422119
v 456.207245 36.670067 -896.324768
v 456.663544 36.545074 -897.049805
v 456.600098 36.545921 -897.094299
v 456.142517 36.545074 -896.305725
v 456.079010 36.545921 -896.350220
v 456.079010 36.442947 -896.350220
v 456.600037 36.442947 -897.094299
v 456.142487 36.442101 -896.305725
v 456.663544 36.442101 -897.049805
v 435.391541 30.504539 -914.718018
v 435.411591 30.505405 -914.894531
v 435.550568 30.503668 -914.797241
v 435.312561 37.717430 -914.605164
v 435.332611 37.717430 -914.781738
v 435.471588 37.717430 -914.684387
v 435.927856 36.632843 -915.409485
v 435.864410 36.633644 -915.453918
v 435.406799 36.632843 -914.665344
v 435.343353 36.633644 -914.709839
v 435.343353 36.530670 -914.709839
v 435.864410 36.530670 -915.453918
v 435.406799 36.529869 -914.665344
v 435.927856 36.529869 -915.409485
v 397.148376 30.341322 -886.532166
v 397.128357 30.340467 -886.355652
v 396.989380 30.342176 -886.453003
v 397.336670 36.524460 -886.801086
v 397.316650 36.523605 -886.624573
v 397.177612 36.525307 -886.721924
v 396.721375 36.399429 -885.996826
v 396.784851 36.398651 -885.952393
v 397.242340 36.399437 -886.740967
v 397.305878 36.398659 -886.696472
v 397.305878 36.295677 -886.696472
v 396.784851 36.295670 -885.952393
v 397.242340 36.296455 -886.740967
v 396.721375 36.296455 -885.996826
v 420.405884 30.502640 -870.247070
v 420.385864 30.501720 -870.070557
v 420.246887 30.503563 -870.167908
v 420.202881 36.141590 -869.957031
v 420.182831 36.140667 -869.780579
v 420.043793 36.142513 -869.877930
v 419.587555 36.016598 -869.152832
v 419.651001 36.015759 -869.108337
v 420.108551 36.016598 -869.896912
v 420.171997 36.015751 -869.852478
v 420.171997 35.912777 -869.852478
v 419.651001 35.912777 -869.108337
v 420.108582 35.913624 -869.896912
v 419.587555 35.913624 -869.152832
v 443.661835 30.971750 -853.963074
v 443.641754 30.970785 -853.786621
v 443.502777 30.972712 -853.883911
v 443.740845 38.748295 -854.075867
v 443.720795 38.748295 -853.899414
v 443.581818 38.748295 -853.996704
v 443.125488 37.100979 -853.271667
v 443.188965 37.100101 -853.227234
v 443.646515 37.100979 -854.015747
v 443.709961 37.100094 -853.971313
v 443.709991 36.997120 -853.971313
v 443.188965 36.997128 -853.227234
v 443.646515 36.998005 -854.015747
v 443.125488 36.998005 -853.271667
v 381.588135 15.518597 -475.189362
v 381.506317 15.520922 -475.131134
v 381.588135 12.580935 -475.189362
v 381.506317 12.583029 -475.131134
v 381.448090 15.519864 -475.213013
v 381.529907 15.517883 -475.271210
v 381.448090 12.583029 -475.213013
v 381.529907 12.580935 -475.271210
v 373.411194 15.780709 -469.369415
v 373.329376 15.784730 -469.311157
v 373.411194 12.766668 -469.369415
v 373.329376 12.768282 -469.311157
v 373.271179 15.786023 -469.392975
v 373.352997 15.782102 -469.451233
v 373.271179 12.768282 -469.392975
v 373.352997 12.766668 -469.451233
v 357.032806 15.948058 -457.711914
v 356.950958 15.948219 -457.653656
v 357.032806 12.987433 -457.711914
v 356.950958 12.988002 -457.653656
v 356.892700 15.950956 -457.735504
v 356.974518 15.950955 -457.793732
v 356.892700 12.988002 -457.735504
v 356.974518 12.987433 -457.793732
v 365.238922 15.857514 -463.552704
v 365.157074 15.854417 -463.494476
v 365.238892 12.902985 -463.552704
v 365.157074 12.904090 -463.494446
v 365.098816 15.853563 -463.576263
v 365.180695 15.856475 -463.634521
v 365.098816 12.904090 -463.576294
v 365.180695 12.902985 -463.634521
v 414.317535 14.412576 -498.484802
v 414.235718 14.411673 -498.426575
v 414.317535 11.399736 -498.484802
v 414.235687 11.403470 -498.426575
v 414.177460 14.415843 -498.508392
v 414.259308 14.416453 -498.566620
v 414.177460 11.403470 -498.508392
v 414.259308 11.399736 -498.566620
v 406.140594 14.676034 -492.664825
v 406.058777 14.683043 -492.606598
v 406.140625 11.754850 -492.664825
v 406.058777 11.758218 -492.606598
v 406.000549 14.680716 -492.688416
v 406.082397 14.674297 -492.746643
v 406.000549 11.758218 -492.688416
v 406.082397 11.754850 -492.746643
v 389.762238 15.397326 -481.007355
v 389.680389 15.400692 -480.949066
v 389.762207 12.348754 -481.007355
v 389.680389 12.351299 -480.949066
v 389.622162 15.399339 -481.030945
v 389.704010 15.395722 -481.089203
v 389.622162 12.351299 -481.030945
v 389.704010 12.348754 -481.089203
v 397.968292 15.038456 -486.848145
v 397.886505 15.041887 -486.789886
v 397.968292 12.071706 -486.848145
v 397.886475 12.074677 -486.789886
v 397.828247 15.036899 -486.871704
v 397.910095 15.033221 -486.929962
v 397.828247 12.074677 -486.871704
v 397.910095 12.071706 -486.929962
v 447.046997 12.628145 -521.780273
v 446.965149 12.633067 -521.721985
v 447.046997 9.653279 -521.780273
v 446.965149 9.658200 -521.721985
v 446.906921 12.633067 -521.803833
v 446.988770 12.628145 -521.862122
v 446.906921 9.658200 -521.803833
v 446.988770 9.653279 -521.862122
v 438.870056 13.141089 -515.960266
v 438.788239 13.142120 -515.901978
v 438.870056 10.132710 -515.960266
v 438.788239 10.137378 -515.901978
v 438.729980 13.138626 -515.983826
v 438.811859 13.137698 -516.042053
v 438.729980 10.137378 -515.983826
v 438.811859 10.132710 -516.042053
v 422.491669 14.011660 -504.302795
v 422.409790 14.016174 -504.244537
v 422.491669 11.009482 -504.302795
v 422.409821 11.013556 -504.244568
v 422.351562 14.012784 -504.326385
v 422.433411 14.008965 -504.384613
v 422.351562 11.013556 -504.326385
v 422.433411 11.009482 -504.384613
v 430.697754 13.536678 -510.143555
v 430.615967 13.542954 -510.085358
v 430.697754 10.585062 -510.143585
v 430.615967 10.589446 -510.085358
v 430.557739 13.540662 -510.167145
v 430.639526 13.534851 -510.225403
v 430.557739 10.589446 -510.167145
v 430.639526 10.585062 -510.225403
v 429.249512 14.345704 -477.310944
v 429.331390 14.337932 -477.369232
v 429.249512 11.403923 -477.310944
v 429.331390 11.400189 -477.369202
v 429.389587 14.337077 -477.287354
v 429.307709 14.344410 -477.229065
v 429.389587 11.400190 -477.287354
v 429.307709 11.403925 -477.229065
v 437.426392 13.960910 -483.130920
v 437.508270 13.956111 -483.189148
v 437.426392 11.013907 -483.130920
v 437.508240 11.009834 -483.189178
v 437.566498 13.952333 -483.107330
v 437.484680 13.957478 -483.049072
v 437.566498 11.009834 -483.107330
v 437.484680 11.013907 -483.049072
v 453.804840 12.850037 -494.788361
v 453.886688 12.851564 -494.846649
v 453.804871 9.847470 -494.788391
v 453.886658 9.841132 -494.846649
v 453.944916 12.854629 -494.764832
v 453.863098 12.853467 -494.706543
v 453.944916 9.840498 -494.764832
v 453.863098 9.846841 -494.706543
v 445.598724 13.420527 -488.947632
v 445.680542 13.411078 -489.005829
v 445.598724 10.476139 -488.947632
v 445.680542 10.469945 -489.005829
v 445.738800 13.417849 -488.924042
v 445.656921 13.427722 -488.865784
v 445.738800 10.469689 -488.924042
v 445.656921 10.475890 -488.865784
v 396.520081 15.498415 -454.015503
v 396.601868 15.499402 -454.073730
v 396.520081 12.583286 -454.015503
v 396.601898 12.581192 -454.073761
v 396.660187 15.504410 -453.991943
v 396.578339 15.502747 -453.933716
v 396.660187 12.581188 -453.991943
v 396.578339 12.583283 -453.933716
v 404.697021 15.334596 -459.835510
v 404.778870 15.330638 -459.893768
v 404.697021 12.351520 -459.835510
v 404.778870 12.348973 -459.893768
v 404.837097 15.326740 -459.811920
v 404.755249 15.330806 -459.753693
v 404.837097 12.348972 -459.811920
v 404.755249 12.351518 -459.753693
v 421.075439 14.784254 -471.492981
v 421.157288 14.782239 -471.551208
v 421.075439 11.758511 -471.492981
v 421.157288 11.755146 -471.551208
v 421.215485 14.776381 -471.469391
v 421.133636 14.778339 -471.411102
v 421.215485 11.755149 -471.469391
v 421.133636 11.758514 -471.411102
v 363.790588 15.991364 -430.719971
v 363.872467 15.991360 -430.778259
v 363.790588 13.016499 -430.719971
v 363.872467 13.016495 -430.778259
v 363.930756 15.991355 -430.696503
v 363.848938 15.991358 -430.638245
v 363.930756 13.016492 -430.696472
v 363.848938 13.016495 -430.638245
v 371.967529 15.988767 -436.540009
v 372.049347 15.985287 -436.598267
v 371.967560 12.988052 -436.540039
v 372.049347 12.987486 -436.598267
v 372.107697 15.985723 -436.516479
v 372.025848 15.988998 -436.458252
v 372.107697 12.987482 -436.516479
v 372.025848 12.988050 -436.458252
v 388.346008 15.770773 -448.197540
v 388.427826 15.765199 -448.255768
v 388.346008 12.768425 -448.197540
v 388.427826 12.766812 -448.255768
v 388.486084 15.765379 -448.173950
v 388.404297 15.770850 -448.115723
v 388.486084 12.766812 -448.173950
v 388.404297 12.768425 -448.115723
v 380.139893 15.831225 -442.356750
v 380.221680 15.834371 -442.414948
v 380.139893 12.904645 -442.356750
v 380.221710 12.903543 -442.414978
v 380.279938 15.835824 -442.333130
v 380.198090 15.832111 -442.274902
v 380.279907 12.903543 -442.333160
v 380.198090 12.904645 -442.274902
v 412.015442 15.083622 -464.935394
v 411.933594 15.086541 -464.877136
v 412.015442 12.108757 -464.935394
v 411.933624 12.111677 -464.877167
v 411.875336 15.086543 -464.958954
v 411.957153 15.083624 -465.017181
v 411.875336 12.111678 -464.958954
v 411.957153 12.108759 -465.017181
v 413.034271 15.046931 -465.660553
v 412.952454 15.049902 -465.602325
v 413.034271 12.072069 -465.660553
v 412.952454 12.075037 -465.602325
v 412.894196 15.049903 -465.684113
v 412.976044 15.046933 -465.742371
v 412.894196 12.075039 -465.684113
v 412.976044 12.072069 -465.742371
v 412.977905 14.019213 -465.657501
v 412.977905 14.065066 -465.657501
v 411.973328 14.055371 -464.942474
v 411.973328 14.101224 -464.942474
v 412.954681 14.065068 -465.690125
v 412.954681 14.019215 -465.690125
v 411.950043 14.101225 -464.975098
v 411.950043 14.055372 -464.975098
v 411.947571 14.718993 -464.973297
v 411.947571 14.764846 -464.973328
v 412.952209 14.682837 -465.688354
v 412.952209 14.728690 -465.688354
v 411.970825 14.764844 -464.940704
v 411.970825 14.718990 -464.940704
v 412.975433 14.728688 -465.655731
v 412.975433 14.682836 -465.655731
v 411.643005 14.601293 -465.355499
v 411.643005 14.293559 -465.355499
v 411.776794 14.601296 -465.167419
v 411.776794 14.293561 -465.167419
v 411.910614 14.601296 -464.979401
v 411.910614 14.293561 -464.979401
v 411.814758 14.292207 -465.194427
v 411.680969 14.292203 -465.382507
v 411.948608 14.292207 -465.006409
v 411.948608 14.599941 -465.006409
v 411.814758 14.599941 -465.194427
v 411.680969 14.599938 -465.382507
v 414.797729 12.721299 -464.118042
v 413.412354 12.721169 -466.071838
v 413.309479 12.724925 -465.999176
v 414.694794 12.725053 -464.045380
v 443.855530 10.447333 -487.006714
v 443.690735 10.445636 -487.075134
v 443.823486 10.449033 -487.182220
v 443.632294 17.248495 -487.283386
v 443.467529 17.246794 -487.351807
v 443.600067 17.250195 -487.458832
v 441.139526 17.123354 -490.355194
v 441.078918 17.121801 -490.306274
v 443.600464 17.123354 -487.391113
v 443.539856 17.121801 -487.342194
v 443.539917 17.018377 -487.342163
v 441.078918 17.018377 -490.306274
v 443.600403 17.019930 -487.391052
v 441.139526 17.019930 -490.355194
v 398.613403 12.470592 -455.539917
v 398.453613 12.469206 -455.619354
v 398.593140 12.471972 -455.717194
v 398.692871 19.889666 -455.426666
v 398.533081 19.888285 -455.506042
v 398.672607 19.891048 -455.603882
v 396.214783 19.764372 -459.034515
v 396.151031 19.763102 -458.989807
v 398.668365 19.764372 -455.536316
v 398.604675 19.763102 -455.491638
v 398.604675 19.659679 -455.491638
v 396.151031 19.659679 -458.989807
v 398.668365 19.660940 -455.536316
v 396.214783 19.660940 -459.034515
v 531.440857 33.727703 -828.090759
v 531.316406 33.724792 -828.229309
v 531.440857 30.798628 -828.090759
v 531.316406 30.799742 -828.229309
v 531.384399 33.723949 -828.300354
v 531.509216 33.726414 -828.161377
v 531.384399 30.799742 -828.300354
v 531.509216 30.798628 -828.161377
v 516.014343 33.844856 -841.881775
v 515.940552 33.845257 -841.947754
v 516.014343 30.910616 -841.881775
v 515.940552 30.911743 -841.947754
v 515.997864 33.841499 -842.029663
v 516.071716 33.841442 -841.963684
v 515.997864 30.911743 -842.029663
v 516.071716 30.910616 -841.963684
v 501.238098 34.128281 -855.090088
v 501.164246 34.137257 -855.156128
v 501.238098 31.138611 -855.090088
v 501.164246 31.139759 -855.156128
v 501.221619 34.140915 -855.237976
v 501.295471 34.132301 -855.171997
v 501.221619 31.139759 -855.237976
v 501.295471 31.138611 -855.171997
v 508.641479 33.955673 -848.472290
v 508.567688 33.953568 -848.538269
v 508.641479 31.023891 -848.472290
v 508.567657 31.025032 -848.538269
v 508.625000 33.960556 -848.620239
v 508.698853 33.963078 -848.554199
v 508.625031 31.025032 -848.620178
v 508.698853 31.023891 -848.554199
v 507.467346 33.280888 -763.121399
v 507.557983 33.284977 -763.163696
v 507.467285 30.378281 -763.121399
v 507.557983 30.379293 -763.163696
v 507.600250 33.289955 -763.073059
v 507.509583 33.285194 -763.030762
v 507.600220 30.379293 -763.072998
v 507.509583 30.378281 -763.030762
v 516.524414 33.451073 -767.344788
v 516.614990 33.450706 -767.387024
v 516.524414 30.480919 -767.344788
v 516.614990 30.481960 -767.387024
v 516.657227 33.446835 -767.296387
v 516.566650 33.447308 -767.254150
v 516.657227 30.481960 -767.296387
v 516.566650 30.480919 -767.254150
v 556.861206 33.701054 -802.362732
v 556.881897 33.703491 -802.553955
v 556.861206 30.688435 -802.362793
v 556.881897 30.689526 -802.553894
v 556.974243 33.697643 -802.535156
v 556.953552 33.695145 -802.343323
v 556.974243 30.689526 -802.535156
v 556.953552 30.688435 -802.343323
v 536.919678 33.612228 -778.971008
v 537.032349 33.614479 -779.113403
v 536.919678 30.579954 -778.971008
v 537.032349 30.581022 -779.113403
v 537.108337 33.616146 -779.048218
v 536.995300 33.613838 -778.905334
v 537.108337 30.581022 -779.048218
v 536.995300 30.579954 -778.905334
v 471.215088 32.966614 -746.216675
v 471.305664 32.967461 -746.258911
v 471.215088 30.004585 -746.216675
v 471.305664 30.005432 -746.258911
v 471.347900 32.967461 -746.168274
v 471.257263 32.966614 -746.126038
v 471.347900 30.005432 -746.168274
v 471.257324 30.004585 -746.126099
v 480.272125 33.079369 -750.440063
v 480.362793 33.077366 -750.482300
v 480.272125 30.091595 -750.440063
v 480.362793 30.092491 -750.482300
v 480.405060 33.077801 -750.391663
v 480.314331 33.079597 -750.349426
v 480.405060 30.092491 -750.391663
v 480.314331 30.091595 -750.349426
v 498.413452 33.268387 -758.899475
v 498.504089 33.265423 -758.941772
v 498.413452 30.278999 -758.899475
v 498.504089 30.279976 -758.941772
v 498.546326 33.265610 -758.851135
v 498.455688 33.268475 -758.808838
v 498.546326 30.279976 -758.851135
v 498.455688 30.278999 -758.808838
v 489.324036 33.097012 -754.661011
v 489.414612 33.102184 -754.703247
v 489.324036 30.183048 -754.661011
v 489.414612 30.183985 -754.703247
v 489.456909 33.103634 -754.612671
v 489.366272 33.097893 -754.570435
v 489.456909 30.183985 -754.612671
v 489.366272 30.183048 -754.570435
v 488.253815 33.297955 -798.884460
v 488.163147 33.297180 -798.842224
v 488.253815 30.372959 -798.884460
v 488.163147 30.371948 -798.842224
v 488.120880 33.296127 -798.932861
v 488.211517 33.297249 -798.975098
v 488.120880 30.371948 -798.932861
v 488.211517 30.372959 -798.975098
v 479.196747 33.274620 -794.661072
v 479.106171 33.276039 -794.618896
v 479.196747 30.273602 -794.661072
v 479.106171 30.272625 -794.618896
v 479.063904 33.277332 -794.709473
v 479.154510 33.276012 -794.751770
v 479.063843 30.272625 -794.709473
v 479.154510 30.273602 -794.751770
v 461.527649 33.033924 -786.105469
v 461.436768 33.032631 -786.058899
v 461.527588 30.086111 -786.105408
v 461.436768 30.085218 -786.058899
v 461.398376 33.035355 -786.147583
v 461.489258 33.036812 -786.194092
v 461.398376 30.085217 -786.147583
v 461.489258 30.086111 -786.194092
v 470.659729 33.119801 -790.780151
v 470.568481 33.114674 -790.733398
v 470.659729 30.177999 -790.780151
v 470.568481 30.177061 -790.733398
v 470.529236 33.113811 -790.824585
v 470.620544 33.118744 -790.871399
v 470.529236 30.177061 -790.824585
v 470.620514 30.177998 -790.871399
v 502.888855 33.903713 -808.689941
v 502.886108 33.897961 -808.696899
v 502.888855 30.903927 -808.689941
v 502.886108 30.902790 -808.696838
v 502.786682 33.901680 -808.706604
v 502.789337 33.907146 -808.699097
v 502.786682 30.902351 -808.706604
v 502.789337 30.903488 -808.699097
v 473.032623 34.216782 -834.490540
v 473.114532 34.215630 -834.433167
v 473.032623 31.254747 -834.490540
v 473.114532 31.253599 -834.433167
v 473.057190 34.215630 -834.351257
v 472.975281 34.216782 -834.408630
v 473.057190 31.253599 -834.351257
v 472.975281 31.254747 -834.408630
v 481.218719 34.135307 -828.758545
v 481.300598 34.130539 -828.701233
v 481.218719 31.139860 -828.758545
v 481.300598 31.138712 -828.701233
v 481.243256 34.127056 -828.619263
v 481.161346 34.131924 -828.676636
v 481.243256 31.138712 -828.619263
v 481.161346 31.139860 -828.676636
v 497.615448 33.939835 -817.277466
v 497.697296 33.939987 -817.220154
v 497.615448 30.950575 -817.277466
v 497.697296 30.950279 -817.220154
v 497.639954 33.936493 -817.138184
v 497.558044 33.937031 -817.195557
v 497.639954 30.950165 -817.138184
v 497.558044 30.950455 -817.195557
v 489.400146 33.964508 -823.029907
v 489.482056 33.965263 -822.972534
v 489.400146 31.025602 -823.029907
v 489.482056 31.024466 -822.972534
v 489.424683 33.962978 -822.890625
v 489.342773 33.962688 -822.947937
v 489.424683 31.024466 -822.890625
v 489.342773 31.025602 -822.947937
v 186.964172 32.022655 -979.454773
v 186.871094 32.009083 -979.368103
v 186.964172 29.093582 -979.454773
v 186.871094 29.084024 -979.368103
v 186.812866 32.008236 -979.449097
v 186.905945 32.021374 -979.535767
v 186.812866 29.084024 -979.449097
v 186.905945 29.093582 -979.535767
v 177.665222 31.042171 -970.794250
v 177.572144 31.031296 -970.707520
v 177.665222 28.107924 -970.794250
v 177.572144 28.097778 -970.707520
v 177.513916 31.027538 -970.788513
v 177.606995 31.038755 -970.875244
v 177.513916 28.097778 -970.788513
v 177.606995 28.107924 -970.875244
v 159.039398 28.990562 -953.447021
v 158.946320 28.987595 -953.360352
v 159.039398 26.000889 -953.447021
v 158.946320 25.990091 -953.360352
v 158.888092 28.991253 -953.441345
v 158.981110 28.994585 -953.528015
v 158.888092 25.990091 -953.441345
v 158.981171 26.000889 -953.528015
v 168.371613 30.004723 -962.138550
v 168.278534 29.990923 -962.051880
v 168.371613 27.072939 -962.138550
v 168.278534 27.062382 -962.051880
v 168.220245 29.997910 -962.132874
v 168.313324 30.012127 -962.219543
v 168.220245 27.062382 -962.132874
v 168.313324 27.072939 -962.219543
v 232.618408 35.122086 -1012.938843
v 232.494629 35.118805 -1012.874268
v 232.618408 32.218864 -1012.938843
v 232.494629 32.212517 -1012.874329
v 232.469910 35.124367 -1012.979126
v 232.593781 35.126991 -1013.043701
v 232.469910 32.213089 -1012.979126
v 232.593781 32.219452 -1013.043701
v 220.398682 34.550056 -1005.935486
v 220.278076 34.541885 -1005.859863
v 220.398682 31.579899 -1005.935486
v 220.278076 31.573139 -1005.859863
v 220.243408 34.538017 -1005.958984
v 220.364136 34.546295 -1006.034729
v 220.243469 31.573139 -1005.958984
v 220.364136 31.579899 -1006.034729
v 197.138672 33.024353 -988.731018
v 197.027588 33.016895 -988.635193
v 197.138672 30.011728 -988.731018
v 197.027588 30.002928 -988.635193
v 196.974121 33.011047 -988.720459
v 197.085266 33.018444 -988.816406
v 196.974121 30.002928 -988.720459
v 197.085266 30.011728 -988.816406
v 208.554932 33.880783 -997.857483
v 208.438599 33.874100 -997.771362
v 208.554932 30.848507 -997.857483
v 208.438599 30.840639 -997.771362
v 208.394348 33.875763 -997.864014
v 208.510803 33.882393 -997.950195
v 208.394348 30.840639 -997.864014
v 208.510803 30.848505 -997.950195
v 284.026306 37.085411 -1029.318481
v 283.900848 37.082893 -1029.302979
v 284.026276 34.119194 -1029.318481
v 283.900848 34.116688 -1029.302979
v 283.917053 37.086884 -1029.420776
v 284.042572 37.089401 -1029.436401
v 283.917053 34.120663 -1029.420776
v 284.042572 34.123177 -1029.436401
v 270.439453 36.816734 -1026.929321
v 270.312775 36.810410 -1026.901123
v 270.439453 33.825516 -1026.929321
v 270.312775 33.822105 -1026.901123
v 270.318726 36.814125 -1027.017212
v 270.445496 36.820244 -1027.045532
v 270.318726 33.825371 -1027.017212
v 270.445526 33.828789 -1027.045532
v 245.095276 35.832619 -1018.800720
v 244.969421 35.822655 -1018.747864
v 245.095276 32.841602 -1018.800720
v 244.969421 32.835587 -1018.747864
v 244.954834 35.824387 -1018.857422
v 245.080750 35.834259 -1018.910339
v 244.954834 32.837124 -1018.857422
v 245.080750 32.843147 -1018.910339
v 257.773376 36.316444 -1023.489807
v 257.646545 36.315643 -1023.449097
v 257.773376 33.399906 -1023.489807
v 257.646545 33.394882 -1023.449097
v 257.642212 36.319542 -1023.562500
v 257.769165 36.319786 -1023.603210
v 257.642212 33.397324 -1023.562500
v 257.769165 33.402355 -1023.603210
v 235.859619 35.050503 -953.720520
v 235.939484 35.056545 -953.749695
v 235.859619 32.125507 -953.720520
v 235.939484 32.131321 -953.749695
v 235.967072 35.057629 -953.656250
v 235.887299 35.051922 -953.627075
v 235.967072 32.133450 -953.656250
v 235.887299 32.127636 -953.627075
v 244.058868 35.645840 -956.176025
v 244.143066 35.652767 -956.195862
v 244.058868 32.644817 -956.176025
v 244.143066 32.649357 -956.195801
v 244.162567 35.656002 -956.098816
v 244.078461 35.649166 -956.079041
v 244.162598 32.651287 -956.098816
v 244.078461 32.646755 -956.079041
v 261.660004 36.188152 -958.194519
v 261.751312 36.188969 -958.194702
v 261.660004 33.240341 -958.194519
v 261.751282 33.241554 -958.194702
v 261.752350 36.192936 -958.094666
v 261.661163 36.192280 -958.094543
v 261.752350 33.242790 -958.094666
v 261.661163 33.241581 -958.094543
v 252.663727 35.966740 -957.675110
v 252.751770 35.965565 -957.685181
v 252.663727 33.024937 -957.675110
v 252.751770 33.027950 -957.685181
v 252.762482 35.966320 -957.585999
v 252.674530 35.967304 -957.575928
v 252.762482 33.029564 -957.585999
v 252.674530 33.026550 -957.575928
v 206.710785 32.082638 -934.931885
v 206.789703 32.087582 -934.999634
v 206.710785 29.082848 -934.931885
v 206.789703 29.092409 -934.999634
v 206.845123 32.091736 -934.928589
v 206.766144 32.086502 -934.860779
v 206.845123 29.092409 -934.928589
v 206.766144 29.082846 -934.860779
v 214.156219 32.826977 -941.073303
v 214.220551 32.839394 -941.127441
v 214.156219 29.918379 -941.073303
v 214.220551 29.927160 -941.127441
v 214.268097 32.838726 -941.052002
v 214.203827 32.826897 -940.997925
v 214.268097 29.928808 -941.052002
v 214.203827 29.920023 -940.997925
v 228.121857 34.524998 -950.351562
v 228.196869 34.532696 -950.389648
v 228.121857 31.489548 -950.351562
v 228.196869 31.496437 -950.389648
v 228.231842 34.533489 -950.301086
v 228.156830 34.525539 -950.263062
v 228.231842 31.498590 -950.301086
v 228.156830 31.491699 -950.263062
v 220.856415 33.711319 -946.104065
v 220.926300 33.719173 -946.150513
v 220.856415 30.749292 -946.104065
v 220.926300 30.757147 -946.150513
v 220.967865 33.721161 -946.067932
v 220.898102 33.713303 -946.021606
v 220.967865 30.759134 -946.067932
v 220.898102 30.751276 -946.021606
v 176.011322 27.867540 -906.589966
v 176.092743 27.878399 -906.648010
v 176.011322 24.905508 -906.589966
v 176.092682 24.916367 -906.648010
v 176.150787 27.878399 -906.566650
v 176.069427 27.867542 -906.508606
v 176.150787 24.916368 -906.566650
v 176.069427 24.905510 -906.508606
v 183.757294 28.984585 -913.415222
v 183.831451 28.991760 -913.492126
v 183.757294 25.989140 -913.415222
v 183.831451 25.999933 -913.492126
v 183.884186 28.988274 -913.425476
v 183.810089 28.981201 -913.348572
v 183.884186 25.999935 -913.425476
v 183.810089 25.989141 -913.348572
v 198.907379 31.086142 -928.057068
v 198.984650 31.096731 -928.127075
v 198.907379 28.096882 -928.057129
v 198.984650 28.107023 -928.127075
v 199.039093 31.093355 -928.057678
v 198.961761 31.083456 -927.987732
v 199.039093 28.107023 -928.057678
v 198.961761 28.096880 -927.987732
v 191.237030 29.995987 -920.894653
v 191.312653 30.008434 -920.967590
v 191.237030 27.057081 -920.894653
v 191.312653 27.067636 -920.967590
v 191.366241 30.006149 -920.899719
v 191.290558 29.994167 -920.826782
v 191.366241 27.067638 -920.899719
v 191.290558 27.057083 -920.826782
v 219.991302 33.612762 -945.519165
v 220.060455 33.620735 -945.566589
v 219.991302 30.650736 -945.519165
v 220.060455 30.658709 -945.566589
v 220.102814 33.622688 -945.484924
v 220.033722 33.614716 -945.437561
v 220.102875 30.660660 -945.484924
v 220.033722 30.652689 -945.437561
v 220.036896 32.592449 -945.517151
v 220.036896 32.638103 -945.517151
v 220.889923 32.689594 -946.093201
v 220.889923 32.735249 -946.093201
v 220.053802 32.638885 -945.484619
v 220.053802 32.593227 -945.484619
v 220.906525 32.736042 -946.060364
v 220.906525 32.690388 -946.060364
v 220.908661 33.351292 -946.061768
v 220.908661 33.396946 -946.061768
v 220.055878 33.254139 -945.486023
v 220.055878 33.299793 -945.486023
v 220.892059 33.396152 -946.094604
v 220.892059 33.350498 -946.094604
v 220.038971 33.299015 -945.518555
v 220.038971 33.253357 -945.518555
v 219.812225 33.123470 -945.903564
v 219.812225 32.817059 -945.903564
v 219.909698 33.128048 -945.715881
v 219.909698 32.821640 -945.715881
v 220.007233 33.132576 -945.528259
v 220.007233 32.826168 -945.528259
v 219.941925 32.825336 -945.737976
v 219.844513 32.820759 -945.925781
v 220.039337 32.829868 -945.550293
v 220.039337 33.136276 -945.550293
v 219.941925 33.131744 -945.737976
v 219.844513 33.127163 -945.925781
v 219.635040 31.270761 -945.230896
v 220.968597 31.326048 -942.695923
v 221.052704 31.336218 -942.752869
v 219.721588 31.280825 -945.290466
v 177.466034 24.974754 -906.855408
v 177.625763 24.983969 -906.777588
v 177.487579 24.965538 -906.679077
v 177.466034 30.848766 -906.855408
v 177.625763 30.857983 -906.777588
v 177.487579 30.839552 -906.679077
v 178.018707 30.718668 -906.006897
v 178.081818 30.727089 -906.051941
v 177.491241 30.718668 -906.746460
v 177.554352 30.727089 -906.791443
v 177.554352 30.624113 -906.791443
v 178.081818 30.624111 -906.051941
v 177.491241 30.615692 -906.746460
v 178.018707 30.615688 -906.006897
v 198.400665 28.149940 -926.377991
v 198.560394 28.158554 -926.300232
v 198.422272 28.141325 -926.201660
v 198.210052 34.333076 -926.645264
v 198.369781 34.341690 -926.567505
v 198.231598 34.324471 -926.468933
v 198.762787 34.203289 -925.796814
v 198.825897 34.211159 -925.841797
v 198.235260 34.203289 -926.536316
v 198.298370 34.211159 -926.581360
v 198.298370 34.108181 -926.581360
v 198.825897 34.108177 -925.841797
v 198.235321 34.100311 -926.536316
v 198.762787 34.100311 -925.796814
v 284.043884 33.226257 -1037.137451
v 283.949921 33.226311 -1037.302124
v 284.165833 33.226200 -1037.283569
v 284.043884 39.100269 -1037.137451
v 283.949921 39.100323 -1037.302124
v 284.165833 39.100216 -1037.283569
v 284.189392 38.974789 -1038.140381
v 284.090210 38.974842 -1038.148926
v 284.107483 38.974789 -1037.235718
v 284.008942 38.974834 -1037.244141
v 284.008942 38.871861 -1037.244141
v 284.090210 38.871861 -1038.148926
v 284.107483 38.871807 -1037.235718
v 284.189392 38.871807 -1038.140381
v 236.379822 35.214344 -1042.227783
v 236.245605 35.211124 -1042.361816
v 236.459167 35.217548 -1042.400879
v 236.437500 41.397480 -1041.904541
v 236.303528 41.394260 -1042.038696
v 236.516571 41.400684 -1042.077637
v 236.313782 41.273647 -1042.910400
v 236.215881 41.270710 -1042.892578
v 236.472961 41.273640 -1042.016113
v 236.375671 41.270710 -1041.998291
v 236.375671 41.167728 -1041.998291
v 236.215881 41.167728 -1042.892578
v 236.472961 41.170666 -1042.016113
v 236.313782 41.170666 -1042.910400
v 192.492188 34.728188 -1017.013733
v 192.327271 34.721794 -1017.107666
v 192.523376 34.734581 -1017.201721
v 192.340454 40.367134 -1017.333557
v 192.175293 40.360741 -1017.427490
v 192.371948 40.373528 -1017.521667
v 191.956787 40.244904 -1018.271667
v 191.866455 40.239059 -1018.228333
v 192.345703 40.244904 -1017.450684
v 192.255920 40.239059 -1017.407654
v 192.255981 40.136086 -1017.407654
v 191.866455 40.136086 -1018.228333
v 192.345703 40.141922 -1017.450684
v 191.956787 40.141922 -1018.271667
v 167.129333 33.132271 -995.056763
v 166.969604 33.123878 -995.134644
v 167.107788 33.140656 -995.233154
v 167.209351 39.386475 -994.944702
v 167.049622 39.378082 -995.022461
v 167.187744 39.394859 -995.120972
v 166.656555 39.265244 -995.793213
v 166.593506 39.257584 -995.748169
v 167.184082 39.265244 -995.053650
v 167.120972 39.257584 -995.008606
v 167.120972 39.154602 -995.008606
v 166.593506 39.154602 -995.748169
v 167.184082 39.162262 -995.053650
v 166.656555 39.162262 -995.793213
v 508.946930 30.847729 -848.964478
v 508.966980 30.848705 -849.140991
v 509.105957 30.846752 -849.043640
v 508.946930 36.721745 -848.964478
v 508.966980 36.722721 -849.140991
v 509.105957 36.720768 -849.043640
v 509.562317 36.595791 -849.768677
v 509.498810 36.596684 -849.813171
v 509.041260 36.595791 -849.024597
v 508.977783 36.596684 -849.069031
v 508.977783 36.493710 -849.069031
v 509.498779 36.493710 -849.813171
v 509.041260 36.492817 -849.024597
v 509.562317 36.492817 -849.768677
v 373.892426 30.865675 -902.816162
v 373.872406 30.864916 -902.639587
v 373.733398 30.866432 -902.736938
v 373.892426 36.739693 -902.816162
v 373.872406 36.738922 -902.639587
v 373.733398 36.740440 -902.736938
v 373.277130 36.614616 -902.011841
v 373.340607 36.613922 -901.967407
v 373.798157 36.614616 -902.755981
v 373.861603 36.613922 -902.711548
v 373.861603 36.510948 -902.711548
v 373.340607 36.510948 -901.967407
v 373.798157 36.511642 -902.755981
v 373.277130 36.511635 -902.011841
v 473.009277 30.060083 -742.670410
v 473.152161 30.060804 -742.564819
v 472.998413 30.059366 -742.493103
v 473.009277 35.934093 -742.670410
v 473.152222 35.934811 -742.564819
v 472.998413 35.933369 -742.493103
v 473.398193 35.808277 -741.735413
v 473.468445 35.808933 -741.768188
v 473.014282 35.808277 -742.558716
v 473.084534 35.808933 -742.591431
v 473.084534 35.705952 -742.591431
v 473.468445 35.705952 -741.768188
v 473.014282 35.705296 -742.558716
v 473.398193 35.705296 -741.735413
v 498.739624 30.318840 -754.668640
v 498.882446 30.319664 -754.562988
v 498.728699 30.318016 -754.491333
v 498.600891 36.501972 -754.966125
v 498.743805 36.502796 -754.860535
v 498.589905 36.501148 -754.788818
v 498.989746 36.376110 -754.031128
v 499.059937 36.376858 -754.063843
v 498.605835 36.376110 -754.854431
v 498.676025 36.376858 -754.887146
v 498.676025 36.273884 -754.887146
v 499.059937 36.273884 -754.063843
v 498.605835 36.273129 -754.854431
v 498.989746 36.273129 -754.031128
v 539.706482 30.608019 -776.896606
v 539.965881 30.608919 -776.909485
v 539.627808 30.607117 -776.629272
v 539.912231 36.246967 -776.607117
v 540.172913 36.247868 -776.620911
v 539.831909 36.246059 -776.338562
v 540.410095 36.121059 -775.705627
v 540.569031 36.121883 -775.836792
v 539.886353 36.121059 -776.451599
v 540.041992 36.121883 -776.580383
v 540.041992 36.018902 -776.580383
v 540.569031 36.018902 -775.836792
v 539.886353 36.018078 -776.451599
v 540.410095 36.018078 -775.705627
v 538.987671 30.406725 -822.527710
v 538.939819 30.407675 -822.786682
v 539.266418 30.405771 -822.478638
v 538.885620 38.970825 -822.434509
v 538.838196 38.970825 -822.693054
v 539.163757 38.970825 -822.386169
v 539.720520 37.046867 -823.038025
v 539.569153 37.047737 -823.181213
v 539.044067 37.046867 -822.427124
v 538.895569 37.047737 -822.567139
v 538.895569 36.944763 -822.567139
v 539.569153 36.944756 -823.181213
v 539.043945 36.943893 -822.427185
v 539.720520 36.943893 -823.038086
v 471.593597 31.154394 -834.405090
v 471.573547 31.153418 -834.228516
v 471.434540 31.155371 -834.325867
v 471.593597 37.028408 -834.405090
v 471.573547 37.027424 -834.228516
v 471.434540 37.029377 -834.325867
v 470.978271 36.903450 -833.600769
v 471.041718 36.902557 -833.556335
v 471.499268 36.903439 -834.344910
v 471.562775 36.902554 -834.300476
v 471.562744 36.799572 -834.300476
v 471.041718 36.799576 -833.556335
v 471.499298 36.800465 -834.344910
v 470.978271 36.800468 -833.600769
v 501.559082 30.974007 -814.334839
v 501.603973 30.973047 -814.506775
v 501.727783 30.974964 -814.390625
v 501.334564 38.934853 -814.095337
v 501.379425 38.933899 -814.267273
v 501.503235 38.935814 -814.151184
v 503.223816 38.809883 -816.010864
v 503.167267 38.809013 -816.063843
v 501.436432 38.809883 -814.141541
v 501.379822 38.809013 -814.194580
v 501.379822 38.706032 -814.194580
v 503.167267 38.706032 -816.063843
v 501.436432 38.706909 -814.141541
v 503.223816 38.706909 -816.010864
v 498.145538 30.660599 -804.365967
v 498.196594 30.659683 -804.211365
v 498.259705 30.661507 -804.256165
v 498.333160 38.719223 -804.065979
v 498.382874 38.718315 -803.910522
v 498.449005 38.720139 -803.957214
v 499.577942 38.594238 -802.064026
v 499.544342 38.593399 -802.040588
v 498.404541 38.594231 -803.990173
v 498.374542 38.593399 -803.968994
v 498.374542 38.490425 -803.968994
v 499.544342 38.490425 -802.040588
v 498.404541 38.491257 -803.990173
v 499.577942 38.491257 -802.064026
v 479.520447 30.367079 -795.722412
v 479.377625 30.366238 -795.828003
v 479.531372 30.367912 -795.899658
v 479.578613 39.482697 -795.597534
v 479.435791 39.482697 -795.703186
v 479.589569 39.482697 -795.774902
v 479.189850 36.496239 -796.532593
v 479.119629 36.495483 -796.499817
v 479.573761 36.496239 -795.709351
v 479.503540 36.495483 -795.676575
v 479.503540 36.392502 -795.676575
v 479.119629 36.392502 -796.499817
v 479.573761 36.393265 -795.709351
v 479.189850 36.393265 -796.532593
v 454.032684 33.115314 -713.660278
v 454.175568 33.115871 -713.554749
v 454.021729 33.114754 -713.483032
v 453.974426 42.795822 -713.785156
v 454.117279 42.795822 -713.679504
v 453.963440 42.795822 -713.607788
v 454.363312 39.243782 -712.850098
v 454.433563 39.244293 -712.882874
v 453.979370 39.243782 -713.673401
v 454.049652 39.244293 -713.706177
v 454.049652 39.141312 -713.706177
v 454.433563 39.141312 -712.882874
v 453.979370 39.140808 -713.673401
v 454.363312 39.140808 -712.850098
v 446.608215 30.053526 -792.100159
v 446.472229 30.052813 -792.190979
v 446.618774 30.054243 -792.278259
v 446.608215 35.927536 -792.100159
v 446.472229 35.926819 -792.190979
v 446.618774 35.928253 -792.278259
v 446.238159 35.802444 -792.994812
v 446.171326 35.801788 -792.954773
v 446.603577 35.802444 -792.211121
v 446.536621 35.801788 -792.171265
v 446.536621 35.698814 -792.171265
v 446.171326 35.698807 -792.954773
v 446.603638 35.699463 -792.211182
v 446.238159 35.699463 -792.994812
v 416.257629 29.835346 -792.438843
v 416.124329 29.834764 -792.524170
v 416.272461 29.835932 -792.607727
v 416.382019 36.018486 -792.171997
v 416.248718 36.017899 -792.257080
v 416.397034 36.019066 -792.340576
v 416.034973 35.893326 -793.017334
v 415.967346 35.892792 -792.979126
v 416.380249 35.893326 -792.276917
v 416.312561 35.892792 -792.238892
v 416.312500 35.789810 -792.238831
v 415.967346 35.789810 -792.979126
v 416.380249 35.790344 -792.276917
v 416.034973 35.790344 -793.017334
v 389.484009 29.665756 -781.988770
v 389.352295 29.665331 -782.070557
v 389.502258 29.666182 -782.150452
v 389.355286 35.304707 -782.265076
v 389.223389 35.304279 -782.347229
v 389.373230 35.305126 -782.427124
v 389.022522 35.179470 -783.079590
v 388.954102 35.179081 -783.043030
v 389.355286 35.179462 -782.365967
v 389.286743 35.179081 -782.329468
v 389.286743 35.076099 -782.329529
v 388.954102 35.076099 -783.043030
v 389.355286 35.076488 -782.365967
v 389.022522 35.076488 -783.079590
v 434.962769 32.638203 -729.311890
v 435.053406 32.634800 -729.354187
v 434.962769 29.709114 -729.311890
v 435.053406 29.709734 -729.354187
v 435.095581 32.633945 -729.263550
v 435.004944 32.636909 -729.221313
v 435.095581 29.709734 -729.263550
v 435.004944 29.709114 -729.221313
v 444.019775 32.708515 -733.535278
v 444.110352 32.708473 -733.577515
v 444.019775 29.774233 -733.535278
v 444.110413 29.774916 -733.577515
v 444.152649 32.704716 -733.486877
v 444.062073 32.705097 -733.444641
v 444.152710 29.774916 -733.486877
v 444.062073 29.774233 -733.444641
v 462.161072 32.912098 -741.994629
v 462.251770 32.920727 -742.036987
v 462.161072 29.922491 -741.994629
v 462.251770 29.923288 -742.036987
v 462.294067 32.924408 -741.946289
v 462.203369 32.916138 -741.904053
v 462.294067 29.923288 -741.946289
v 462.203430 29.922491 -741.904053
v 453.071716 32.777046 -737.756226
v 453.162292 32.774551 -737.798462
v 453.071716 29.845366 -737.756226
v 453.162292 29.846109 -737.798462
v 453.204590 32.781544 -737.707886
v 453.113953 32.784458 -737.665649
v 453.204590 29.846109 -737.707886
v 453.113953 29.845366 -737.665649
v 425.908813 32.663155 -725.090027
v 425.999451 32.665054 -725.132263
v 425.908813 29.650465 -725.089966
v 425.999451 29.651020 -725.132263
v 426.041748 32.659218 -725.041626
v 425.951111 32.657261 -724.999390
v 426.041748 29.651020 -725.041626
v 425.951111 29.650465 -724.999390
v 415.853943 32.555218 -720.303711
v 415.763306 32.554741 -720.261414
v 415.853943 29.593189 -720.303711
v 415.763306 29.592714 -720.261414
v 415.721008 32.554741 -720.352051
v 415.811707 32.555218 -720.394348
v 415.721008 29.592714 -720.352051
v 415.811707 29.593189 -720.394348
v 416.982544 32.561188 -720.829956
v 416.891846 32.560703 -720.787720
v 416.982544 29.599157 -720.829956
v 416.891846 29.598673 -720.787720
v 416.849609 32.560703 -720.878296
v 416.940125 32.561188 -720.920532
v 416.849609 29.598673 -720.878296
v 416.940247 29.599157 -720.920654
v 416.926758 31.536268 -720.837158
v 416.926758 31.581923 -720.837158
v 415.814026 31.530386 -720.318237
v 415.814026 31.576040 -720.318237
v 416.909912 31.581923 -720.873291
v 416.909912 31.536268 -720.873291
v 415.797119 31.576040 -720.354370
v 415.797119 31.530386 -720.354370
v 415.794373 32.191040 -720.353088
v 415.794373 32.236694 -720.353088
v 416.907166 32.196922 -720.872009
v 416.907166 32.242577 -720.872009
v 415.811157 32.236694 -720.316956
v 415.811157 32.191040 -720.316956
v 416.923950 32.242577 -720.835815
v 416.923950 32.196922 -720.835815
v 415.565063 32.072956 -720.782288
v 415.565063 31.766548 -720.782288
v 415.662231 32.072956 -720.573975
v 415.662231 31.766548 -720.573975
v 415.759277 32.072956 -720.365723
v 415.759277 31.766548 -720.365723
v 415.704224 31.766768 -720.593628
v 415.607178 31.766768 -720.801880
v 415.801331 31.766768 -720.385315
v 415.801331 32.073174 -720.385315
v 415.704224 32.073174 -720.593628
v 415.607178 32.073174 -720.801880
v 418.430908 30.264248 -719.001343
v 417.426880 30.264265 -721.164429
v 417.313049 30.263655 -721.111877
v 418.316956 30.263636 -718.948730
v 416.628357 32.703175 -763.157471
v 416.539429 32.697941 -763.112183
v 416.628357 29.703339 -763.157471
v 416.539429 29.702719 -763.112183
v 416.503906 32.702091 -763.191040
v 416.592773 32.707035 -763.236389
v 416.503906 29.702713 -763.191040
v 416.592773 29.703335 -763.236389
v 407.769165 32.553173 -758.645142
v 407.680603 32.556248 -758.600098
v 407.769165 29.644594 -758.645142
v 407.680603 29.644039 -758.600098
v 407.645386 32.553928 -758.677612
v 407.733826 32.551441 -758.722656
v 407.645386 29.644041 -758.677612
v 407.733826 29.644594 -758.722656
v 398.951355 32.546661 -754.161865
v 398.863281 32.546635 -754.117126
v 398.951416 29.592712 -754.161865
v 398.863281 29.592228 -754.117126
v 398.828186 32.541668 -754.193481
v 398.916260 32.541447 -754.238159
v 398.828186 29.592228 -754.193420
v 398.916260 29.592712 -754.238159
v 452.473999 32.961102 -781.471619
v 452.383545 32.960255 -781.425354
v 452.473877 29.999071 -781.471619
v 452.383484 29.998222 -781.425354
v 452.345825 32.960255 -781.511658
v 452.436218 32.961098 -781.557922
v 452.345764 29.998222 -781.511597
v 452.436218 29.999067 -781.557922
v 443.458618 32.912285 -776.859558
v 443.368652 32.907867 -776.813538
v 443.458618 29.916883 -776.859558
v 443.368652 29.916086 -776.813538
v 443.331543 32.904388 -776.897583
v 443.421570 32.908909 -776.943726
v 443.331543 29.916088 -776.897583
v 443.421570 29.916883 -776.943726
v 425.521851 32.757725 -767.694214
v 425.432617 32.757488 -767.648621
v 425.521790 29.768503 -767.694214
v 425.432617 29.767818 -767.648621
v 425.396729 32.754108 -767.729065
v 425.485840 32.755043 -767.774597
v 425.396729 29.767818 -767.729065
v 425.485840 29.768501 -767.774597
v 434.488953 32.778889 -772.274048
v 434.399292 32.780033 -772.228271
v 434.488892 29.840006 -772.273987
v 434.399292 29.839262 -772.228271
v 434.362915 32.777748 -772.310425
v 434.452393 32.777073 -772.356201
v 434.362793 29.839262 -772.310364
v 434.452393 29.840006 -772.356201
v 500.884796 10.459627 -556.554443
v 500.769165 10.465522 -556.512634
v 500.884796 7.521955 -556.554443
v 500.769135 7.527614 -556.512634
v 500.728943 10.464466 -556.605286
v 500.844727 10.458917 -556.647156
v 500.728943 7.527614 -556.605286
v 500.844727 7.521955 -556.647156
v 481.668793 11.094662 -544.658142
v 481.557343 11.102586 -544.612854
v 481.668762 8.080642 -544.658081
v 481.557281 8.086158 -544.612854
v 481.514191 11.103887 -544.704102
v 481.625824 11.096062 -544.749451
v 481.514191 8.086158 -544.704102
v 481.625824 8.080642 -544.749451
v 455.593933 12.110602 -527.927612
v 455.494781 12.115348 -527.869446
v 455.593933 9.150011 -527.927612
v 455.494751 9.155158 -527.869446
v 455.440155 12.118082 -527.954163
v 455.539490 12.113502 -528.012451
v 455.440155 9.155158 -527.954163
v 455.539490 9.150011 -528.012451
v 465.548157 11.577994 -534.339539
v 465.437500 11.579134 -534.299377
v 465.548157 8.623445 -534.339539
v 465.437500 8.628793 -534.299377
v 465.398468 11.578268 -534.392334
v 465.509277 11.576941 -534.432617
v 465.398468 8.628793 -534.392334
v 465.509277 8.623445 -534.432617
v 572.462891 8.198939 -529.123535
v 572.400085 8.200243 -529.221619
v 572.462891 5.186150 -529.123535
v 572.400085 5.192095 -529.221680
v 572.484558 8.204420 -529.276001
v 572.547363 8.202824 -529.177856
v 572.484558 5.192095 -529.276001
v 572.547363 5.186150 -529.177856
v 557.857666 8.700216 -545.542358
v 557.756775 8.709783 -545.648621
v 557.857666 5.779015 -545.542358
v 557.756775 5.784929 -545.648621
v 557.832153 8.707459 -545.715271
v 557.933228 8.698484 -545.608765
v 557.832153 5.784929 -545.715271
v 557.933228 5.779015 -545.608765
v 523.894592 9.999311 -569.930542
v 523.753113 10.005902 -569.965454
v 523.894592 6.950715 -569.930542
v 523.753113 6.956488 -569.965454
v 523.772156 10.004537 -570.064392
v 523.913879 9.997697 -570.029480
v 523.772095 6.956488 -570.064392
v 523.913879 6.950715 -570.029480
v 539.101135 9.342093 -559.469788
v 538.973633 9.347952 -559.544067
v 539.101135 6.367229 -559.469788
v 538.973633 6.373087 -559.544067
v 539.023376 9.347952 -559.631287
v 539.151123 9.342093 -559.556885
v 539.023376 6.373087 -559.631287
v 539.151123 6.367229 -559.556885
v 592.008240 5.801109 -474.559906
v 591.986328 5.806890 -474.674500
v 592.008240 2.826245 -474.559906
v 591.986328 2.832025 -474.674500
v 592.084900 5.806890 -474.693604
v 592.106873 5.801109 -474.578918
v 592.084900 2.832025 -474.693604
v 592.106873 2.826245 -474.578918
v 587.296814 6.416649 -494.364258
v 587.264099 6.418880 -494.476196
v 587.296814 3.408226 -494.364258
v 587.264099 3.414091 -494.476196
v 587.360474 6.415377 -494.504608
v 587.393127 6.413249 -494.392548
v 587.360474 3.414091 -494.504608
v 587.393127 3.408226 -494.392548
v 578.536377 7.594203 -517.316956
v 578.483093 7.600599 -517.420654
v 578.536316 4.591991 -517.316956
v 578.483093 4.597937 -517.420654
v 578.572388 7.597207 -517.466736
v 578.625610 7.591505 -517.362976
v 578.572327 4.597937 -517.466736
v 578.625610 4.591991 -517.362976
v 583.381775 6.948454 -506.725647
v 583.338623 6.956272 -506.833954
v 583.381775 3.996815 -506.725647
v 583.338623 4.002734 -506.833923
v 583.431824 6.953977 -506.871368
v 583.475037 6.946626 -506.762939
v 583.431824 4.002734 -506.871368
v 583.475037 3.996815 -506.762939
v 513.942627 6.917482 -496.324371
v 513.992188 6.907115 -496.246979
v 513.942627 3.975719 -496.324371
v 513.992188 3.969386 -496.246979
v 513.907471 6.903620 -496.192993
v 513.858032 6.913548 -496.270264
v 513.907471 3.966743 -496.192993
v 513.858032 3.973078 -496.270294
v 518.521301 6.296640 -488.372223
v 518.563354 6.289715 -488.290497
v 518.521301 3.349679 -488.372223
v 518.563354 3.343486 -488.290497
v 518.473877 6.283231 -488.244751
v 518.431946 6.290499 -488.326447
v 518.473877 3.340777 -488.244751
v 518.431946 3.346969 -488.326447
v 525.334106 5.147847 -471.306152
v 525.359924 5.149884 -471.217834
v 525.334106 2.145220 -471.306152
v 525.359924 2.139395 -471.217834
v 525.263428 5.150806 -471.189850
v 525.237671 5.149130 -471.278046
v 525.263428 2.136641 -471.189850
v 525.237671 2.142464 -471.278046
v 522.325684 5.683984 -480.021576
v 522.359802 5.674703 -479.936157
v 522.325684 2.739499 -480.021576
v 522.359802 2.733476 -479.936157
v 522.266418 5.678973 -479.899109
v 522.232422 5.688675 -479.984436
v 522.266418 2.730729 -479.899109
v 522.232422 2.736753 -479.984436
v 489.283356 9.495768 -510.710144
v 489.361115 9.492241 -510.709290
v 489.283356 6.580582 -510.710144
v 489.361115 6.573965 -510.709290
v 489.352051 9.495185 -510.609741
v 489.274475 9.498041 -510.610596
v 489.352051 6.571907 -510.609741
v 489.274475 6.578526 -510.610596
v 496.791290 8.903612 -509.874512
v 496.862061 8.895607 -509.856995
v 496.791290 5.920584 -509.874512
v 496.862061 5.913994 -509.856995
v 496.832977 8.889468 -509.761108
v 496.762451 8.897581 -509.778503
v 496.832977 5.911745 -509.761078
v 496.762451 5.918335 -509.778503
v 509.328094 7.639924 -502.603516
v 509.378540 7.634830 -502.550446
v 509.328094 4.614247 -502.603516
v 509.378540 4.607802 -502.550446
v 509.308380 7.626413 -502.478760
v 509.258118 7.631449 -502.531647
v 509.308380 4.605259 -502.478760
v 509.258118 4.611705 -502.531647
v 503.558014 8.310632 -507.145935
v 503.621643 8.305285 -507.108948
v 503.558014 5.265217 -507.145935
v 503.621643 5.258684 -507.108948
v 503.570557 8.304549 -507.022491
v 503.507172 8.309840 -507.059326
v 503.570557 5.256274 -507.022491
v 503.507172 5.262809 -507.059326
v 461.979248 12.183500 -500.606445
v 462.061035 12.177052 -500.664673
v 461.979248 9.208639 -500.606445
v 462.061035 9.202189 -500.664673
v 462.119293 12.176070 -500.582855
v 462.037476 12.182524 -500.524628
v 462.119293 9.201209 -500.582855
v 462.037476 9.207662 -500.524628
v 468.175873 11.560468 -505.019714
v 468.235596 11.551023 -505.056030
v 468.175873 8.559751 -505.019714
v 468.235596 8.553216 -505.056030
v 468.277496 11.550166 -504.965424
v 468.217926 11.559407 -504.929138
v 468.277466 8.551920 -504.965393
v 468.217926 8.558458 -504.929138
v 481.685242 10.244148 -510.086853
v 481.759247 10.233571 -510.099854
v 481.685242 7.241806 -510.086853
v 481.759247 7.235188 -510.099884
v 481.767639 10.231921 -510.000275
v 481.693817 10.242395 -509.987305
v 481.767639 7.233349 -510.000275
v 481.693817 7.239967 -509.987305
v 474.557129 10.830832 -508.132538
v 474.624969 10.828497 -508.158112
v 474.557129 7.904240 -508.132538
v 474.624969 7.897651 -508.158112
v 474.650574 10.828365 -508.061554
v 474.582886 10.830138 -508.036041
v 474.650574 7.896066 -508.061554
v 474.582886 7.902660 -508.036041
v 540.566833 9.269087 -558.350342
v 540.442078 9.274954 -558.429016
v 540.566895 6.294224 -558.350281
v 540.442078 6.300092 -558.429016
v 540.495361 9.274954 -558.514160
v 540.620422 9.269087 -558.435242
v 540.495361 6.300092 -558.514160
v 540.620422 6.294224 -558.435242
v 540.523682 8.242743 -558.413330
v 540.523682 8.288597 -558.413330
v 539.077759 8.314725 -559.518372
v 539.077759 8.360580 -559.518372
v 540.544983 8.288597 -558.447205
v 540.544983 8.242743 -558.447205
v 539.097656 8.360580 -559.553101
v 539.097656 8.314725 -559.553101
v 539.093872 8.978434 -559.555359
v 539.093872 9.024288 -559.555359
v 540.541199 8.906452 -558.449585
v 540.541260 8.952306 -558.449585
v 539.073975 9.024288 -559.520630
v 539.073975 8.978434 -559.520630
v 540.519897 8.952306 -558.415710
v 540.519897 8.906452 -558.415710
v 540.294250 8.786316 -557.978516
v 540.294312 8.478579 -557.978516
v 540.417236 8.786316 -558.173828
v 540.417236 8.478579 -558.173828
v 540.540222 8.786316 -558.369141
v 540.540222 8.478579 -558.369141
v 540.359619 8.481302 -558.210205
v 540.237000 8.481302 -558.014648
v 540.482361 8.481302 -558.405701
v 540.482361 8.789037 -558.405701
v 540.359619 8.789037 -558.210205
v 540.237000 8.789037 -558.014648
v 541.243835 6.927876 -557.814697
v 542.562988 6.927624 -559.813843
v 542.399719 6.934984 -559.920837
v 541.088928 6.935238 -557.916199
v 471.488647 8.189558 -506.654022
v 471.338531 8.188300 -506.750427
v 471.487915 8.190812 -506.832397
v 471.647308 15.537262 -506.364960
v 471.497131 15.536005 -506.461395
v 471.646606 15.538515 -506.543427
v 469.345612 15.411893 -509.926422
v 469.277374 15.410748 -509.888947
v 471.634979 15.411896 -506.476624
v 471.566833 15.410748 -506.439178
v 471.566833 15.307327 -506.439178
v 469.277374 15.307323 -509.888947
v 471.634979 15.308470 -506.476624
v 469.345612 15.308470 -509.926422
v 501.592499 5.224080 -507.754517
v 501.568390 5.222693 -507.931274
v 501.727692 5.225463 -507.870850
v 501.543457 12.643150 -507.625122
v 501.519348 12.641773 -507.801941
v 501.678680 12.644535 -507.741486
v 503.135193 12.517852 -511.702362
v 503.062378 12.516582 -511.729950
v 501.620361 12.517853 -507.707001
v 501.547638 12.516582 -507.734558
v 501.547638 12.413160 -507.734558
v 503.062378 12.413159 -511.729950
v 501.620361 12.414422 -507.707001
v 503.135193 12.414421 -511.702362
v 380.604370 32.156967 -703.953857
v 380.695068 32.158966 -703.996216
v 380.604431 29.231977 -703.953918
v 380.695068 29.233746 -703.996216
v 380.737335 32.157913 -703.905518
v 380.646729 32.156258 -703.863281
v 380.737366 29.233746 -703.905518
v 380.646667 29.231977 -703.863281
v 389.661438 32.389805 -708.177307
v 389.752075 32.393559 -708.219543
v 389.661438 29.388763 -708.177307
v 389.752075 29.390121 -708.219543
v 389.794373 32.394848 -708.128906
v 389.703705 32.391190 -708.086670
v 389.794373 29.390121 -708.128906
v 389.703705 29.388763 -708.086670
v 407.802795 32.522316 -716.636719
v 407.893433 32.522388 -716.678955
v 407.802795 29.574463 -716.636719
v 407.893433 29.574940 -716.678955
v 407.935699 32.525112 -716.588318
v 407.845062 32.525200 -716.546082
v 407.935699 29.574940 -716.588318
v 407.845062 29.574463 -716.546082
v 398.713348 32.445324 -712.398254
v 398.804016 32.442066 -712.440491
v 398.713379 29.503536 -712.398254
v 398.804016 29.504467 -712.440491
v 398.846252 32.441216 -712.349854
v 398.755615 32.444286 -712.307617
v 398.846252 29.504467 -712.349854
v 398.755615 29.503536 -712.307617
v 346.400940 31.226896 -687.708069
v 346.469025 31.225473 -687.755127
v 346.400940 28.227053 -687.708069
v 346.469055 28.230247 -687.755127
v 346.525909 31.229628 -687.672913
v 346.457977 31.230757 -687.625977
v 346.525909 28.230247 -687.672913
v 346.457977 28.227053 -687.625977
v 353.409180 31.439013 -691.272583
v 353.499817 31.445509 -691.314819
v 353.409180 28.530428 -691.272583
v 353.499817 28.533302 -691.314819
v 353.542084 31.443190 -691.224182
v 353.451416 31.437281 -691.181946
v 353.542084 28.533302 -691.224182
v 353.451416 28.530428 -691.181946
v 371.550476 32.070862 -699.731995
v 371.641144 32.073837 -699.774292
v 371.550476 29.035439 -699.731995
v 371.641144 29.037598 -699.774292
v 371.683411 32.072491 -699.683655
v 371.592773 32.069263 -699.641418
v 371.683350 29.037598 -699.683594
v 371.592773 29.035439 -699.641418
v 362.461060 31.754196 -695.493530
v 362.551697 31.757179 -695.535767
v 362.461060 28.800243 -695.493530
v 362.551697 28.802769 -695.535828
v 362.593994 31.752213 -695.445190
v 362.503296 31.748985 -695.402893
v 362.593994 28.802769 -695.445190
v 362.503296 28.800243 -695.402893
v 313.024078 29.682930 -666.474487
v 313.113190 29.687206 -666.560913
v 313.024078 26.720898 -666.474487
v 313.113190 26.725174 -666.560913
v 313.183167 29.687206 -666.489441
v 313.093964 29.682930 -666.402954
v 313.183167 26.725174 -666.489441
v 313.093964 26.720898 -666.402954
v 321.425903 30.132074 -671.264282
v 321.502502 30.132494 -671.361755
v 321.425903 27.136675 -671.264282
v 321.502502 27.140715 -671.361755
v 321.581421 30.129015 -671.300354
v 321.504761 30.128698 -671.202759
v 321.581421 27.140715 -671.300354
v 321.504700 27.136675 -671.202759
v 339.184875 30.881742 -683.292786
v 339.240662 30.885679 -683.353943
v 339.184875 27.892515 -683.292786
v 339.240662 27.896009 -683.353943
v 339.314606 30.882303 -683.286621
v 339.258972 30.879061 -683.225586
v 339.314606 27.896009 -683.286621
v 339.258972 27.892515 -683.225586
v 331.490723 30.466242 -677.902100
v 331.575623 30.471907 -677.954956
v 331.490723 27.527359 -677.902100
v 331.575562 27.531137 -677.954956
v 331.628418 30.469622 -677.870056
v 331.543518 30.464422 -677.817261
v 331.628479 27.531137 -677.870117
v 331.543518 27.527359 -677.817261
v 324.050232 31.159718 -719.050415
v 323.933838 31.152504 -718.970215
v 324.050232 28.230627 -719.050415
v 323.933838 28.227432 -718.970215
v 323.877258 31.151649 -719.052612
v 323.993835 31.158428 -719.133057
v 323.877258 28.227432 -719.052612
v 323.993835 28.230627 -719.133057
v 311.701019 30.830597 -713.066833
v 311.605591 30.826374 -712.962341
v 311.701019 27.896305 -713.066833
v 311.605591 27.892809 -712.962341
v 311.531921 30.822617 -713.029907
v 311.627472 30.827183 -713.134583
v 311.531921 27.892811 -713.029907
v 311.627472 27.896307 -713.134583
v 289.015015 30.130672 -702.724121
v 288.932220 30.134468 -702.690857
v 289.015015 27.141058 -702.724121
v 288.932220 27.137016 -702.690857
v 288.895203 30.138149 -702.783691
v 288.977844 30.134716 -702.816956
v 288.895203 27.137020 -702.783691
v 288.977844 27.141060 -702.816956
v 297.020874 30.464710 -706.566223
v 296.933502 30.457695 -706.517639
v 297.020874 27.533020 -706.566223
v 296.933502 27.529243 -706.517639
v 296.884918 30.464687 -706.605042
v 296.972290 30.472122 -706.653687
v 296.884888 27.529243 -706.605042
v 296.972290 27.533020 -706.653687
v 362.699127 32.122334 -737.257141
v 362.608459 32.123631 -737.214844
v 362.699127 29.219782 -737.257141
v 362.608459 29.218012 -737.214905
v 362.566223 32.128624 -737.305481
v 362.656860 32.126648 -737.347778
v 362.566223 29.218012 -737.305481
v 362.656860 29.219782 -737.347778
v 353.642029 31.993814 -733.033752
v 353.551331 31.990244 -732.991516
v 353.642029 29.023600 -733.033752
v 353.551331 29.021444 -732.991516
v 353.509155 31.986376 -733.082153
v 353.599792 31.990046 -733.124390
v 353.509155 29.021444 -733.082153
v 353.599792 29.023600 -733.124390
v 335.413757 31.546232 -724.508972
v 335.323120 31.544706 -724.466675
v 335.413757 28.533545 -724.508972
v 335.323120 28.530670 -724.466675
v 335.280853 31.538870 -724.557312
v 335.371460 31.540339 -724.599609
v 335.280823 28.530670 -724.557312
v 335.371460 28.533545 -724.599609
v 389.894318 32.548565 -749.938477
v 389.803711 32.545181 -749.896179
v 389.894318 29.560795 -749.938477
v 389.803711 29.560318 -749.896240
v 389.761444 32.545628 -749.986816
v 389.852112 32.548805 -750.029114
v 389.761475 29.560318 -749.986816
v 389.852112 29.560799 -750.029114
v 371.753052 32.365463 -741.479126
v 371.662415 32.360153 -741.436829
v 371.753052 29.376062 -741.479126
v 371.662415 29.374704 -741.436829
v 371.620087 32.360332 -741.527466
v 371.710754 32.365540 -741.569702
v 371.620087 29.374704 -741.527466
v 371.710754 29.376062 -741.569702
v 380.842499 32.404709 -745.717529
v 380.751831 32.408005 -745.675293
v 380.842438 29.490749 -745.717529
v 380.751831 29.489822 -745.675293
v 380.709534 32.409447 -745.765869
v 380.800171 32.405586 -745.808167
v 380.709534 29.489822 -745.765869
v 380.800171 29.490749 -745.808167
v 345.555664 31.779593 -729.360657
v 345.646301 31.782068 -729.402893
v 345.555664 28.817560 -729.360657
v 345.646301 28.820040 -729.402893
v 345.688477 31.782076 -729.312195
v 345.597839 31.779596 -729.269958
v 345.688507 28.820040 -729.312256
v 345.597839 28.817560 -729.269958
v 344.427094 31.748400 -728.834351
v 344.517700 31.750925 -728.876648
v 344.427094 28.786375 -728.834351
v 344.517700 28.788900 -728.876648
v 344.559967 31.750933 -728.785950
v 344.469299 31.748404 -728.743713
v 344.559967 28.788897 -728.785950
v 344.469299 28.786371 -728.743713
v 344.482788 30.724916 -728.827209
v 344.482849 30.770563 -728.827209
v 345.595642 30.755655 -729.346069
v 345.595642 30.801306 -729.346069
v 344.499634 30.770567 -728.791016
v 344.499634 30.724916 -728.791016
v 345.612427 30.801310 -729.309937
v 345.612427 30.755648 -729.309937
v 345.615173 31.416391 -729.311218
v 345.615143 31.462053 -729.311218
v 344.502380 31.385656 -728.792297
v 344.502380 31.431314 -728.792297
v 345.598358 31.462049 -729.347351
v 345.598358 31.416399 -729.347351
v 344.485565 31.431314 -728.828491
v 344.485565 31.385660 -728.828491
v 345.844513 31.299089 -728.882080
v 345.844513 30.992678 -728.882080
v 345.747406 31.299089 -729.090332
v 345.747406 30.992678 -729.090332
v 345.650269 31.299089 -729.298584
v 345.650269 30.992678 -729.298584
v 345.705322 30.991526 -729.070740
v 345.802429 30.991526 -728.862488
v 345.608215 30.991526 -729.278992
v 345.608215 31.297945 -729.278992
v 345.705322 31.297945 -729.070740
v 345.802429 31.297945 -728.862488
v 342.978699 29.435144 -730.663025
v 343.982605 29.435030 -728.499817
v 344.096497 29.438227 -728.552429
v 343.092468 29.438334 -730.715576
v 591.947815 3.560256 -428.127350
v 591.969971 3.565652 -428.242157
v 591.947815 0.622596 -428.127350
v 591.969971 0.627761 -428.242157
v 592.068665 3.564597 -428.223297
v 592.046448 3.559544 -428.108429
v 592.068665 0.627761 -428.223297
v 592.046448 0.622596 -428.108429
v 593.621094 4.162671 -439.681305
v 593.632263 4.170438 -439.797607
v 593.621094 1.148629 -439.681274
v 593.632263 1.153991 -439.797607
v 593.732239 4.171731 -439.788239
v 593.721069 4.164062 -439.671814
v 593.732239 1.153991 -439.788239
v 593.721069 1.148629 -439.671814
v 593.650085 5.214812 -463.022186
v 593.639099 5.220077 -463.138428
v 593.650085 2.254188 -463.022186
v 593.639099 2.259858 -463.138428
v 593.739075 5.222813 -463.148132
v 593.750061 5.217710 -463.031799
v 593.739075 2.259858 -463.148132
v 593.750061 2.254188 -463.031799
v 594.190918 4.647081 -451.329712
v 594.191040 4.648404 -451.446503
v 594.190918 1.692550 -451.329712
v 594.191040 1.698080 -451.446503
v 594.291504 4.647551 -451.446625
v 594.291382 4.646040 -451.329742
v 594.291504 1.698080 -451.446625
v 594.291382 1.692550 -451.329742
v 540.145874 1.768492 -375.822479
v 540.209167 1.767954 -375.921051
v 540.145874 -1.244347 -375.822479
v 540.209167 -1.240248 -375.921051
v 540.293823 1.772125 -375.867004
v 540.230469 1.772371 -375.768341
v 540.293823 -1.240248 -375.867004
v 540.230469 -1.244347 -375.768341
v 561.932312 2.101850 -387.141510
v 561.985962 2.109901 -387.245575
v 561.932312 -0.819334 -387.141510
v 561.985962 -0.814927 -387.245575
v 562.075317 2.107571 -387.199738
v 562.021667 2.100112 -387.095612
v 562.075317 -0.814927 -387.199738
v 562.021667 -0.819334 -387.095612
v 589.186340 3.166322 -416.782562
v 589.219299 3.172085 -416.894806
v 589.186340 0.117752 -416.782562
v 589.219299 0.122693 -416.894806
v 589.315796 3.170732 -416.866730
v 589.282776 3.164719 -416.754395
v 589.315796 0.122693 -416.866730
v 589.282776 0.117752 -416.754395
v 580.566223 2.601627 -399.950592
v 580.609741 2.606776 -400.059204
v 580.566223 -0.365122 -399.950562
v 580.609741 -0.360434 -400.059204
v 580.703064 2.601787 -400.022064
v 580.659546 2.596393 -399.913330
v 580.703064 -0.360434 -400.022064
v 580.659546 -0.365122 -399.913330
v 510.444275 0.380629 -348.511719
v 510.457581 0.383209 -348.537720
v 510.444244 -2.594235 -348.511719
v 510.457581 -2.591655 -348.537720
v 510.546875 0.383209 -348.491791
v 510.533722 0.380629 -348.466064
v 510.546875 -2.591655 -348.491791
v 510.533722 -2.594235 -348.466064
v 513.757812 0.693072 -353.279877
v 513.820374 0.692438 -353.358429
v 513.757812 -2.315304 -353.279877
v 513.820374 -2.312302 -353.358429
v 513.898926 0.688945 -353.295807
v 513.836304 0.689681 -353.217285
v 513.898926 -2.312302 -353.295807
v 513.836304 -2.315304 -353.217285
v 527.691589 1.365218 -368.592590
v 527.763977 1.369421 -368.684723
v 527.691589 -1.636958 -368.592590
v 527.763977 -1.633197 -368.684723
v 527.843079 1.366033 -368.622864
v 527.770630 1.362524 -368.530640
v 527.843079 -1.633197 -368.622864
v 527.770630 -1.636958 -368.530640
v 520.241272 0.955774 -361.603455
v 520.303894 0.961062 -361.682007
v 520.241272 -1.995841 -361.603455
v 520.303894 -1.992446 -361.682007
v 520.382446 0.958769 -361.619415
v 520.319824 0.953948 -361.540863
v 520.382446 -1.992446 -361.619415
v 520.319824 -1.995841 -361.540863
v 516.452942 1.045904 -390.049072
v 516.402954 1.039090 -389.971252
v 516.452942 -1.895878 -390.049072
v 516.402954 -1.898653 -389.971252
v 516.318542 1.036812 -390.025635
v 516.368469 1.043183 -390.103394
v 516.318542 -1.900074 -390.025635
v 516.368469 -1.897302 -390.103424
v 511.074097 0.797351 -382.163818
v 511.016907 0.794328 -382.091034
v 511.074097 -2.149653 -382.163818
v 511.016907 -2.151948 -382.091034
v 510.938019 0.789432 -382.153198
v 510.995117 0.792798 -382.225922
v 510.937988 -2.153066 -382.153198
v 510.995117 -2.150774 -382.225922
v 498.005005 0.495691 -367.275665
v 497.942413 0.502309 -367.197113
v 498.005005 -2.506875 -367.275635
v 497.942413 -2.508125 -367.197113
v 497.863861 0.505586 -367.259705
v 497.926453 0.499327 -367.338257
v 497.863861 -2.508545 -367.259705
v 497.926453 -2.507298 -367.338257
v 504.659058 0.590361 -374.444519
v 504.596436 0.585322 -374.365967
v 504.659058 -2.354028 -374.444519
v 504.596436 -2.355816 -374.365967
v 504.517883 0.591560 -374.428589
v 504.580505 0.597017 -374.507111
v 504.517883 -2.356601 -374.428589
v 504.580505 -2.354817 -374.507111
v 528.595032 2.472235 -425.402039
v 528.577515 2.470903 -425.311432
v 528.595032 -0.442895 -425.402039
v 528.577515 -0.447307 -425.311432
v 528.478943 2.473588 -425.330597
v 528.496399 2.474242 -425.421082
v 528.478943 -0.449631 -425.330597
v 528.496399 -0.445221 -425.421112
v 528.002136 2.117250 -415.985962
v 527.976135 2.111793 -415.897339
v 528.002136 -0.865825 -415.985962
v 527.976074 -0.869870 -415.897339
v 527.879761 2.105753 -415.925781
v 527.905762 2.111316 -416.014282
v 527.879761 -0.872015 -415.925781
v 527.905762 -0.867972 -416.014282
v 521.013855 1.430015 -398.226685
v 520.971497 1.428139 -398.144501
v 521.013855 -1.595728 -398.226685
v 520.971497 -1.598954 -398.144501
v 520.882263 1.420586 -398.190643
v 520.924622 1.422401 -398.272766
v 520.882263 -1.600647 -398.190643
v 520.924622 -1.597423 -398.272766
v 527.493896 4.549297 -462.374207
v 527.511230 4.543700 -462.283783
v 527.493896 1.574433 -462.374207
v 527.511230 1.568834 -462.283783
v 527.412598 4.540968 -462.265015
v 527.395264 4.546564 -462.355347
v 527.412598 1.566103 -462.265015
v 527.395264 1.571700 -462.355347
v 528.798462 4.028129 -453.268829
v 528.807190 4.019872 -453.177124
v 528.798462 1.027414 -453.268829
v 528.807190 1.022070 -453.177124
v 528.707153 4.017632 -453.167786
v 528.698486 4.025687 -453.259369
v 528.707153 1.019394 -453.167786
v 528.698486 1.024737 -453.259369
v 528.792969 3.017444 -434.848633
v 528.784119 3.008734 -434.756805
v 528.792969 0.015098 -434.848633
v 528.784119 0.010348 -434.756805
v 528.684204 3.006442 -434.766571
v 528.692993 3.015049 -434.858276
v 528.684204 0.007876 -434.766571
v 528.692993 0.012625 -434.858276
v 529.234070 3.434040 -444.080444
v 529.234009 3.433227 -443.988281
v 529.234070 0.507460 -444.080444
v 529.234009 0.502400 -443.988281
v 529.133545 3.432091 -443.988464
v 529.133606 3.432337 -444.080566
v 529.133545 0.499810 -443.988464
v 529.133606 0.504870 -444.080566
v 525.330139 1.763301 -407.894928
v 525.363464 1.767000 -407.981018
v 525.330139 -1.211562 -407.894928
v 525.363464 -1.207864 -407.981018
v 525.457092 1.768967 -407.944733
v 525.423767 1.765266 -407.858551
v 525.457092 -1.205898 -407.944733
v 525.423767 -1.209598 -407.858551
v 524.908508 1.717604 -406.825745
v 524.942871 1.721251 -406.911438
v 524.908508 -1.257260 -406.825745
v 524.942871 -1.253613 -406.911438
v 525.036072 1.723190 -406.874054
v 525.001709 1.719541 -406.788269
v 525.036072 -1.251674 -406.874054
v 525.001709 -1.255323 -406.788269
v 524.952881 0.690788 -406.855164
v 524.952881 0.736642 -406.855164
v 525.368286 0.735873 -407.909882
v 525.368286 0.781727 -407.909882
v 524.989990 0.737414 -406.840271
v 524.990051 0.691560 -406.840240
v 525.405640 0.782510 -407.895416
v 525.405640 0.736656 -407.895416
v 525.406677 1.400300 -407.898010
v 525.406677 1.446154 -407.898010
v 524.991089 1.355202 -406.842865
v 524.991089 1.401056 -406.842865
v 525.369324 1.445370 -407.912506
v 525.369324 1.399516 -407.912506
v 524.953918 1.400283 -406.857758
v 524.953918 1.354429 -406.857758
v 525.870422 1.292599 -407.744293
v 525.870422 0.984863 -407.744293
v 525.655273 1.287913 -407.827789
v 525.655273 0.980178 -407.827789
v 525.440063 1.283327 -407.911255
v 525.440063 0.975592 -407.911255
v 525.639709 0.978458 -407.787689
v 525.854858 0.983141 -407.704102
v 525.424561 0.973874 -407.871277
v 525.424561 1.281610 -407.871277
v 525.639709 1.286193 -407.787689
v 525.854858 1.290876 -407.704102
v 522.611755 -0.650441 -407.225586
v 524.827576 -0.609474 -406.316284
v 524.871643 -0.604915 -406.423492
v 522.654724 -0.645946 -407.330109
v 533.900269 0.082091 -357.234009
v 533.790833 0.082091 -357.093079
v 533.722534 0.082091 -357.249329
v 534.202393 6.292017 -357.365997
v 534.092957 6.292017 -357.225128
v 534.024658 6.292017 -357.381378
v 533.254150 6.166020 -356.998291
v 533.285339 6.166020 -356.926941
v 534.090088 6.166019 -357.363678
v 534.121338 6.166019 -357.292297
v 534.121338 6.062595 -357.292297
v 533.285339 6.062595 -356.926941
v 534.090088 6.062595 -357.363678
v 533.254150 6.062595 -356.998291
v 510.180573 -3.132594 -345.256073
v 510.039795 -3.132594 -345.146332
v 510.012085 -3.132594 -345.314545
v 509.829865 4.233100 -345.198151
v 509.689087 4.233100 -345.088654
v 509.661285 4.233100 -345.256653
v 506.337646 4.107102 -344.979645
v 506.350342 4.107102 -344.902863
v 509.720367 4.107102 -345.223511
v 509.733063 4.107102 -345.146667
v 509.733063 4.003680 -345.146667
v 506.350342 4.003680 -344.902863
v 509.720367 4.003680 -345.223511
v 506.337646 4.003680 -344.979645
v 514.348206 -2.383499 -389.019623
v 514.526733 -2.383499 -389.022034
v 514.447144 -2.383499 -388.871185
v 514.662842 4.512534 -388.853821
v 514.841125 4.512534 -388.855988
v 514.761719 4.512534 -388.705292
v 517.943420 4.386535 -386.653778
v 517.979675 4.386535 -386.722595
v 514.734680 4.386537 -388.767395
v 514.771057 4.386537 -388.836273
v 514.771057 4.283113 -388.836273
v 517.979675 4.283112 -386.722595
v 514.734680 4.283113 -388.767395
v 517.943420 4.283112 -386.653778
v 271.426331 27.775372 -645.631958
v 271.516968 27.780624 -645.674194
v 271.426331 24.850376 -645.631958
v 271.516968 24.855394 -645.674194
v 271.559265 27.779573 -645.583618
v 271.468567 27.774662 -645.541321
v 271.559265 24.855394 -645.583618
v 271.468567 24.850376 -645.541321
v 280.483398 28.345381 -649.855347
v 280.574036 28.352642 -649.897583
v 280.483398 25.344360 -649.855347
v 280.574036 25.349228 -649.897583
v 280.616272 28.353939 -649.806946
v 280.525635 28.346775 -649.764709
v 280.616272 25.349228 -649.806946
v 280.525635 25.344360 -649.764709
v 301.580078 29.230364 -660.221436
v 301.680084 29.234455 -660.295166
v 301.580078 26.282547 -660.221436
v 301.680084 26.287041 -660.295166
v 301.739807 29.237183 -660.214966
v 301.639709 29.233250 -660.141174
v 301.739807 26.287041 -660.214966
v 301.639709 26.282547 -660.141174
v 290.518250 28.763552 -654.736328
v 290.627411 28.764053 -654.796021
v 290.518250 25.821747 -654.736328
v 290.627411 25.826439 -654.796021
v 290.675751 28.763193 -654.708435
v 290.566498 28.762505 -654.648743
v 290.675781 25.826439 -654.708496
v 290.566498 25.821747 -654.648804
v 235.174042 25.752119 -628.727234
v 235.264709 25.752914 -628.769531
v 235.174042 22.752327 -628.727234
v 235.264709 22.757744 -628.769531
v 235.306976 25.757074 -628.678894
v 235.216293 25.755987 -628.636597
v 235.306976 22.757744 -628.678894
v 235.216293 22.752327 -628.636597
v 244.231094 26.198931 -632.950623
v 244.321762 26.207914 -632.992920
v 244.231094 23.290331 -632.950623
v 244.321762 23.295679 -632.992920
v 244.364014 26.205603 -632.902283
v 244.273361 26.197208 -632.859985
v 244.364014 23.295679 -632.902283
v 244.273361 23.290331 -632.859985
v 262.372437 27.377821 -641.410034
v 262.463074 27.383783 -641.452332
v 262.372437 24.342375 -641.410034
v 262.463074 24.347523 -641.452332
v 262.505310 27.382425 -641.361694
v 262.414673 27.376211 -641.319397
v 262.505310 24.347523 -641.361694
v 262.414673 24.342375 -641.319397
v 253.282990 26.782276 -637.171570
v 253.373627 26.787535 -637.213867
v 253.282990 23.820246 -637.171570
v 253.373627 23.825504 -637.213867
v 253.415894 26.787535 -637.123230
v 253.325256 26.782276 -637.080933
v 253.415894 23.825504 -637.123230
v 253.325256 23.820246 -637.080933
v 201.992920 23.525646 -612.139954
v 202.053467 23.531118 -612.186523
v 201.992920 20.563616 -612.139954
v 202.053482 20.569088 -612.186523
v 202.114380 23.531118 -612.107239
v 202.053986 23.525646 -612.060791
v 202.114380 20.569088 -612.107239
v 202.053986 20.563616 -612.060791
v 208.430817 24.106892 -616.224182
v 208.498810 24.108763 -616.258972
v 208.430817 21.111446 -616.224182
v 208.498810 21.116936 -616.258972
v 208.544281 24.105274 -616.169922
v 208.476440 24.103508 -616.135193
v 208.544281 21.116936 -616.169922
v 208.476440 21.111446 -616.135193
v 226.120132 25.198118 -624.505371
v 226.210754 25.204027 -624.547607
v 226.120132 22.208858 -624.505371
v 226.210754 22.214319 -624.547607
v 226.253021 25.200649 -624.456970
v 226.162384 25.195433 -624.414734
v 226.253021 22.214319 -624.456970
v 226.162399 22.208858 -624.414734
v 217.030731 24.598616 -620.266846
v 217.121368 24.605993 -620.309143
v 217.030731 21.659712 -620.266846
v 217.121368 21.665197 -620.309143
v 217.163635 24.603708 -620.218506
v 217.072983 24.596796 -620.176208
v 217.163635 21.665197 -620.218506
v 217.072983 21.659712 -620.176208
v 211.336166 25.687445 -666.479675
v 211.245514 25.678013 -666.437439
v 211.336166 22.758369 -666.479675
v 211.245514 22.752954 -666.437439
v 211.203278 25.677166 -666.528076
v 211.293900 25.686159 -666.570312
v 211.203278 22.752954 -666.528076
v 211.293900 22.758369 -666.570312
v 202.279144 25.149008 -662.256348
v 202.188477 25.142817 -662.214050
v 202.279144 22.214760 -662.256348
v 202.188477 22.209299 -662.214050
v 202.146210 25.139057 -662.304688
v 202.236877 25.145592 -662.346985
v 202.146210 22.209299 -662.304688
v 202.236877 22.214760 -662.346985
v 183.740402 24.107050 -653.564392
v 183.630325 24.109388 -653.508118
v 183.740402 21.117378 -653.564392
v 183.630356 21.111887 -653.508118
v 183.584763 24.113049 -653.597107
v 183.694992 24.111073 -653.653503
v 183.584763 21.111889 -653.597107
v 183.694992 21.117380 -653.653503
v 193.227188 24.599693 -658.035339
v 193.136566 24.590965 -657.993042
v 193.227188 21.667912 -658.035339
v 193.136566 21.662426 -657.993042
v 193.094299 24.597950 -658.083679
v 193.184921 24.607098 -658.125977
v 193.094299 21.662426 -658.083679
v 193.184921 21.667912 -658.125977
v 247.588470 27.758591 -683.384399
v 247.497803 27.756649 -683.342163
v 247.588470 24.855980 -683.384399
v 247.497803 24.850962 -683.342163
v 247.455551 27.761629 -683.432800
v 247.546204 27.762899 -683.475037
v 247.455551 24.850962 -683.432800
v 247.546204 24.855980 -683.475037
v 238.531372 27.318098 -679.161011
v 238.440765 27.311541 -679.118774
v 238.531372 24.347940 -679.161011
v 238.440765 24.342791 -679.118774
v 238.398483 27.307669 -679.209412
v 238.489120 27.314333 -679.251648
v 238.398483 24.342791 -679.209412
v 238.489120 24.347940 -679.251648
v 220.390076 26.308741 -670.701599
v 220.299423 26.304737 -670.659363
v 220.390076 23.296116 -670.701599
v 220.299423 23.290768 -670.659363
v 220.257172 26.298887 -670.750000
v 220.347809 26.302832 -670.792236
v 220.257172 23.290768 -670.750000
v 220.347809 23.296116 -670.792236
v 229.479507 26.860388 -674.940063
v 229.388824 26.856310 -674.897766
v 229.479507 23.828108 -674.940063
v 229.388824 23.822847 -674.897766
v 229.346558 26.857973 -674.988403
v 229.437241 26.861996 -675.030701
v 229.346558 23.822847 -674.988403
v 229.437241 23.828108 -675.030701
v 281.379791 29.687717 -699.213135
v 281.315643 29.683441 -699.150940
v 281.379791 26.725685 -699.213135
v 281.315643 26.721405 -699.150940
v 281.246246 29.683441 -699.222961
v 281.310303 29.687717 -699.285034
v 281.246246 26.721405 -699.222961
v 281.310303 26.725685 -699.285034
v 273.209503 29.275181 -695.479919
v 273.137512 29.267788 -695.426819
v 273.209503 26.287407 -695.479919
v 273.137512 26.282913 -695.426819
v 273.078400 29.268225 -695.507507
v 273.150299 29.275414 -695.560547
v 273.078400 26.282913 -695.507507
v 273.150299 26.287407 -695.560547
v 256.642395 28.339022 -687.606323
v 256.551758 28.330215 -687.564087
v 256.642395 25.349628 -687.606323
v 256.551727 25.344767 -687.564087
v 256.509460 28.330400 -687.654724
v 256.600098 28.339106 -687.696960
v 256.509460 25.344763 -687.654724
v 256.600098 25.349627 -687.696960
v 265.177246 28.742731 -691.745422
v 265.098663 28.742279 -691.702454
v 265.177246 25.828766 -691.745422
v 265.098663 25.824076 -691.702454
v 265.050934 28.743727 -691.790344
v 265.129395 28.743614 -691.833191
v 265.050934 25.824076 -691.790344
v 265.129395 25.828766 -691.833191
v 252.154480 26.716707 -636.645325
v 252.245117 26.721979 -636.687622
v 252.154480 23.754675 -636.645325
v 252.245117 23.759947 -636.687622
v 252.287384 26.721979 -636.596985
v 252.196747 26.716707 -636.554749
v 252.287384 23.759947 -636.596985
v 252.196747 23.754675 -636.554749
v 252.210205 25.694521 -636.638184
v 252.210205 25.740175 -636.638184
v 253.322998 25.759169 -637.157043
v 253.322998 25.804823 -637.157043
v 252.227051 25.740175 -636.601990
v 252.227051 25.694521 -636.601990
v 253.339844 25.804823 -637.120911
v 253.339844 25.759169 -637.120911
v 253.342560 26.419996 -637.122192
v 253.342590 26.465652 -637.122192
v 252.229828 26.355349 -636.603333
v 252.229828 26.401007 -636.603333
v 253.325729 26.465652 -637.158325
v 253.325729 26.419996 -637.158325
v 252.212936 26.401007 -636.639465
v 252.212936 26.355349 -636.639465
v 251.980927 26.235891 -637.069702
v 251.980927 25.929483 -637.069702
v 252.078049 26.235891 -636.861389
v 252.078049 25.929483 -636.861389
v 252.175171 26.235891 -636.653137
v 252.175171 25.929483 -636.653137
v 252.120117 25.931931 -636.881042
v 252.023010 25.931931 -637.089294
v 252.217224 25.931931 -636.672729
v 252.217255 26.238337 -636.672791
v 252.120117 26.238337 -636.881042
v 252.023010 26.238337 -637.089294
v 251.681244 24.388666 -636.382751
v 252.685196 24.388437 -634.219604
v 252.799072 24.395058 -634.272217
v 251.795074 24.395285 -636.435364
v 283.600342 25.214077 -650.063843
v 283.443695 25.212692 -650.149109
v 283.586700 25.215454 -650.241699
v 283.675415 33.365818 -649.947693
v 283.518738 33.364433 -650.032898
v 283.661804 33.367199 -650.125488
v 281.334320 33.240520 -653.645813
v 281.268982 33.239250 -653.603638
v 283.655151 33.240520 -650.058228
v 283.589722 33.239250 -650.015930
v 283.589722 33.135830 -650.015930
v 281.268982 33.135830 -653.603638
v 283.655090 33.137093 -650.058167
v 281.334320 33.137093 -653.645813
v 181.512482 21.346054 -587.546082
v 181.526398 21.351469 -587.621216
v 181.512482 18.421066 -587.546082
v 181.526398 18.426252 -587.621216
v 181.624695 21.350418 -587.602905
v 181.610840 21.345345 -587.527954
v 181.624710 18.426252 -587.602905
v 181.610825 18.421066 -587.527954
v 184.601105 21.945570 -595.423157
v 184.628464 21.953255 -595.494507
v 184.601105 18.944530 -595.423157
v 184.628464 18.949820 -595.494507
v 184.721802 21.954542 -595.458618
v 184.694534 21.946957 -595.387451
v 184.721802 18.949820 -595.458618
v 184.694519 18.944530 -595.387451
v 195.752228 22.966682 -607.399719
v 195.803314 22.971714 -607.456543
v 195.752228 20.018831 -607.399719
v 195.803314 20.024263 -607.456543
v 195.877625 22.974438 -607.389587
v 195.826660 22.969570 -607.332886
v 195.877625 20.024263 -607.389587
v 195.826660 20.018831 -607.332886
v 189.391327 22.418770 -602.222351
v 189.431183 22.419952 -602.287537
v 189.391327 19.476982 -602.222351
v 189.431183 19.482353 -602.287537
v 189.516449 22.419102 -602.235291
v 189.476700 22.417732 -602.170288
v 189.516449 19.482353 -602.235291
v 189.476700 19.476982 -602.170288
v 180.548981 19.461437 -549.026123
v 180.548981 19.461376 -549.126099
v 180.548981 16.461594 -549.026123
v 180.548965 16.466152 -549.126099
v 180.648956 19.465530 -549.126099
v 180.648972 19.465298 -549.026123
v 180.648956 16.466152 -549.126099
v 180.648972 16.461594 -549.026123
v 180.548981 19.835085 -559.019470
v 180.548981 19.843460 -559.119446
v 180.548981 16.926502 -559.019470
v 180.548981 16.931250 -559.119446
v 180.648987 19.841141 -559.119507
v 180.648987 19.833355 -559.019470
v 180.648972 16.931250 -559.119446
v 180.648987 16.926502 -559.019470
v 180.548981 20.944626 -579.036194
v 180.549011 20.950502 -579.121277
v 180.548981 17.909204 -579.036194
v 180.549011 17.914267 -579.121277
v 180.649017 20.949158 -579.121155
v 180.648987 20.943027 -579.036194
v 180.649017 17.914267 -579.121155
v 180.648987 17.909204 -579.036194
v 180.548981 20.362917 -569.007141
v 180.548981 20.368290 -569.107178
v 180.548981 17.408966 -569.007141
v 180.548981 17.413879 -569.107178
v 180.648972 20.363323 -569.107178
v 180.648972 20.357706 -569.007141
v 180.648972 17.413879 -569.107178
v 180.648972 17.408966 -569.007141
v 186.838303 17.784060 -513.762939
v 186.806732 17.787645 -513.841187
v 186.838303 14.822027 -513.762939
v 186.806732 14.825614 -513.841187
v 186.899490 17.787645 -513.878540
v 186.931030 17.784060 -513.800415
v 186.899490 14.825614 -513.878540
v 186.931030 14.822027 -513.800415
v 183.955048 18.189587 -522.275024
v 183.931396 18.189829 -522.356018
v 183.955048 15.194189 -522.275024
v 183.931396 15.198050 -522.356018
v 184.027405 18.186350 -522.384033
v 184.051025 18.186211 -522.303101
v 184.027405 15.198050 -522.384033
v 184.051025 15.194189 -522.303101
v 180.857727 19.006035 -540.384644
v 180.850586 19.010820 -540.468750
v 180.857727 16.016809 -540.384644
v 180.850586 16.021156 -540.468750
v 180.950226 19.007446 -540.477173
v 180.957367 19.003351 -540.393188
v 180.950226 16.021156 -540.477173
v 180.957367 16.016809 -540.393188
v 181.942612 18.531374 -531.006165
v 181.927109 18.537373 -531.089172
v 181.942612 15.592492 -531.006165
v 181.927109 15.596606 -531.089172
v 182.025421 18.535089 -531.107483
v 182.040894 18.529556 -531.024597
v 182.025421 15.596606 -531.107483
v 182.040894 15.592492 -531.024597
v 159.935181 20.622276 -549.138611
v 159.935181 20.614037 -549.038635
v 159.935165 17.693184 -549.138611
v 159.935181 17.688967 -549.038635
v 159.835190 20.613182 -549.038635
v 159.835175 20.620983 -549.138611
v 159.835190 17.688967 -549.038635
v 159.835175 17.693184 -549.138611
v 160.327713 20.206747 -538.304626
v 160.337036 20.201796 -538.195007
v 160.327713 17.272455 -538.304626
v 160.337036 17.268229 -538.195007
v 160.237396 20.198042 -538.186462
v 160.228073 20.203339 -538.296204
v 160.237396 17.268236 -538.186462
v 160.228073 17.272465 -538.296204
v 164.349319 19.412872 -516.682129
v 164.380173 19.416473 -516.576416
v 164.349319 16.423260 -516.682129
v 164.380157 16.419025 -516.576477
v 164.284180 19.420053 -516.548340
v 164.253311 19.416817 -516.654114
v 164.284180 16.418926 -516.548340
v 164.253311 16.423161 -516.654114
v 161.795471 19.780622 -527.415527
v 161.815613 19.773136 -527.307312
v 161.795456 16.848936 -527.415527
v 161.815613 16.844687 -527.307312
v 161.717316 19.780107 -527.289001
v 161.697144 19.788012 -527.397278
v 161.717316 16.844664 -527.289001
v 161.697144 16.848913 -527.397278
v 160.377640 22.220343 -591.473633
v 160.355103 22.219736 -591.352112
v 160.377640 19.317789 -591.473633
v 160.355103 19.314116 -591.352112
v 160.256760 22.224497 -591.370239
v 160.279327 22.224430 -591.492004
v 160.256760 19.313889 -591.370239
v 160.279327 19.317562 -591.492004
v 159.935226 21.912825 -579.162292
v 159.935181 21.907507 -579.045227
v 159.935226 18.942617 -579.162354
v 159.935181 18.938704 -579.045227
v 159.835175 21.903627 -579.045227
v 159.835236 21.909052 -579.162415
v 159.835175 18.938704 -579.045227
v 159.835236 18.942616 -579.162415
v 159.935181 21.126106 -559.128540
v 159.935181 21.123259 -559.028503
v 159.935181 18.113417 -559.128540
v 159.935181 18.109222 -559.028503
v 159.835175 21.117424 -559.028503
v 159.835175 21.120213 -559.128540
v 159.835175 18.109222 -559.028503
v 159.835175 18.113417 -559.128540
v 173.100739 23.531769 -647.456055
v 172.991867 23.526299 -647.397583
v 173.100739 20.569738 -647.456055
v 172.991867 20.564266 -647.397583
v 172.944443 23.526299 -647.485596
v 173.053482 23.531769 -647.544189
v 172.944458 20.564266 -647.485596
v 173.053482 20.569738 -647.544189
v 160.463913 23.020174 -641.237793
v 160.411407 23.014421 -641.125854
v 160.463913 20.032406 -641.237793
v 160.411407 20.029551 -641.125854
v 160.320816 23.013880 -641.168213
v 160.373413 23.019426 -641.280334
v 160.320816 20.028574 -641.168213
v 160.373413 20.031424 -641.280334
v 160.426727 22.656542 -604.096802
v 160.382492 22.649052 -603.981384
v 160.426743 19.667147 -604.096802
v 160.382492 19.663601 -603.981384
v 160.289093 22.648695 -604.017090
v 160.333389 22.656076 -604.132629
v 160.289093 19.663063 -604.017090
v 160.333389 19.666603 -604.132629
v 160.437668 22.836039 -620.654785
v 160.455200 22.837179 -620.532410
v 160.437668 19.922085 -620.654785
v 160.455200 19.918995 -620.532410
v 160.356232 22.838892 -620.518127
v 160.338669 22.837185 -620.640686
v 160.356232 19.919260 -620.518127
v 160.338669 19.922346 -620.640686
v 159.846710 21.539686 -570.264099
v 159.846710 21.543825 -570.364136
v 159.846710 18.577654 -570.264099
v 159.846710 18.581795 -570.364136
v 159.946732 21.543829 -570.364136
v 159.946732 21.539688 -570.264160
v 159.946732 18.581797 -570.364136
v 159.946732 18.577656 -570.264160
v 159.846725 21.488085 -569.018921
v 159.846725 21.492231 -569.118896
v 159.846725 18.526052 -569.018921
v 159.846725 18.530199 -569.118896
v 159.946716 21.492233 -569.118958
v 159.946732 21.488085 -569.018921
v 159.946716 18.530201 -569.118958
v 159.946732 18.526052 -569.018921
v 159.876785 20.465364 -569.066406
v 159.876785 20.511019 -569.066406
v 159.876785 20.516243 -570.294189
v 159.876785 20.561899 -570.294189
v 159.916656 20.511019 -569.066406
v 159.916656 20.465364 -569.066406
v 159.916656 20.561899 -570.294250
v 159.916656 20.516243 -570.294250
v 159.916656 21.177036 -570.297241
v 159.916656 21.222692 -570.297241
v 159.916656 21.126158 -569.069458
v 159.916656 21.171816 -569.069458
v 159.876785 21.222692 -570.297241
v 159.876785 21.177036 -570.297241
v 159.876801 21.171814 -569.069458
v 159.876801 21.126158 -569.069458
v 160.402527 21.060175 -570.323669
v 160.402527 20.753767 -570.323669
v 160.172729 21.060173 -570.323669
v 160.172729 20.753765 -570.323669
v 159.942917 21.060175 -570.323669
v 159.942917 20.753767 -570.323669
v 160.172729 20.751844 -570.277283
v 160.402527 20.751844 -570.277283
v 159.942932 20.751844 -570.277283
v 159.942932 21.058252 -570.277283
v 160.172729 21.058252 -570.277283
v 160.402527 21.058252 -570.277283
v 157.577271 19.166119 -568.479004
v 159.962051 19.165939 -568.474731
v 159.962524 19.171144 -568.600159
v 157.577744 19.171324 -568.604431
v 189.748810 19.396263 -601.954773
v 189.574127 19.394876 -601.990845
v 189.684113 19.397640 -602.120972
v 189.854355 27.547997 -601.865356
v 189.679718 27.546616 -601.901428
v 189.789703 27.549381 -602.031616
v 186.540405 27.422707 -604.724365
v 186.490112 27.421436 -604.665039
v 189.802887 27.422707 -601.965210
v 189.752563 27.421436 -601.905762
v 189.752563 27.318012 -601.905762
v 186.490112 27.318012 -604.665039
v 189.802856 27.319277 -601.965210
v 186.540405 27.319277 -604.724365
v 185.506668 14.856063 -518.191345
v 185.396545 14.854677 -518.051025
v 185.329056 14.857442 -518.207458
v 185.633728 23.007795 -518.245972
v 185.523636 23.006414 -518.105652
v 185.456161 23.009180 -518.262085
v 181.597626 22.882507 -516.552917
v 181.628342 22.881233 -516.481445
v 185.521408 22.882505 -518.244385
v 185.552155 22.881231 -518.172852
v 185.552155 22.777811 -518.172852
v 181.628342 22.777813 -516.481445
v 185.521408 22.779074 -518.244385
v 181.597626 22.779076 -516.552917
v 217.728210 13.333709 -479.033661
v 217.705643 13.332323 -478.856750
v 217.567490 13.335088 -478.956421
v 217.809265 21.485443 -479.145752
v 217.786728 21.484060 -478.968842
v 217.648560 21.486828 -479.068512
v 215.212830 21.360147 -475.622314
v 215.275848 21.358875 -475.576660
v 217.713669 21.360147 -479.086792
v 217.776764 21.358875 -479.041138
v 217.776764 21.255453 -479.041138
v 215.275848 21.255453 -475.576660
v 217.713669 21.256718 -479.086792
v 215.212830 21.256718 -475.622314
v 207.394592 16.564215 -486.604431
v 207.335144 16.566723 -486.664307
v 207.394592 13.639217 -486.604431
v 207.335144 13.641492 -486.664307
v 207.406158 16.565672 -486.734741
v 207.465530 16.563505 -486.674896
v 207.406158 13.641492 -486.734741
v 207.465530 13.639217 -486.674896
v 201.233231 16.885458 -492.674744
v 201.180038 16.890490 -492.740234
v 201.233231 13.884440 -492.674744
v 201.180038 13.887074 -492.740234
v 201.257690 16.891785 -492.803253
v 201.310837 16.886850 -492.737823
v 201.257690 13.887074 -492.803253
v 201.310837 13.884440 -492.737823
v 190.910126 17.426310 -506.323792
v 190.870926 17.429199 -506.398560
v 190.910110 14.478493 -506.323792
v 190.870926 14.481784 -506.398560
v 190.959518 17.431923 -506.444946
v 190.998657 17.429195 -506.370270
v 190.959518 14.481784 -506.444946
v 190.998657 14.478493 -506.370270
v 195.755569 17.106216 -499.331055
v 195.704727 17.105000 -499.398438
v 195.755569 14.164412 -499.331055
v 195.704727 14.167385 -499.398438
v 195.784576 17.104137 -499.458618
v 195.835358 17.105167 -499.391327
v 195.784576 14.167385 -499.458618
v 195.835358 14.164412 -499.391327
v 237.261124 16.049814 -468.862793
v 237.183090 16.045813 -468.894989
v 237.261124 13.050024 -468.862793
v 237.183090 13.050643 -468.894989
v 237.221252 16.049971 -468.987396
v 237.299194 16.053682 -468.955261
v 237.221252 13.050643 -468.987396
v 237.299194 13.050024 -468.955261
v 229.164764 16.042717 -472.260071
v 229.090317 16.047417 -472.299805
v 229.164764 13.134117 -472.260071
v 229.090317 13.135182 -472.299805
v 229.137466 16.045103 -472.388000
v 229.211823 16.040993 -472.348297
v 229.137466 13.135182 -472.388000
v 229.211838 13.134117 -472.348297
v 214.152267 16.466562 -481.205505
v 214.087158 16.469269 -481.259216
v 214.152267 13.431116 -481.205505
v 214.087158 13.433009 -481.259216
v 214.150833 16.467911 -481.336334
v 214.215866 16.464952 -481.282684
v 214.150833 13.433009 -481.336334
v 214.215866 13.431116 -481.282684
v 221.407333 16.223616 -476.393616
v 221.337219 16.225105 -476.440552
v 221.407333 13.261585 -476.393616
v 221.337219 13.263074 -476.440552
v 221.392883 16.225105 -476.523621
v 221.462936 16.223616 -476.476746
v 221.392883 13.263074 -476.523621
v 221.462936 13.261585 -476.476746
v 275.208527 15.971215 -455.342529
v 275.114868 15.971215 -455.377563
v 275.208527 13.009185 -455.342529
v 275.114868 13.009185 -455.377563
v 275.149872 15.971215 -455.471222
v 275.243561 15.971215 -455.436218
v 275.149872 13.009185 -455.471222
v 275.243561 13.009185 -455.436218
v 265.848053 16.004629 -458.842285
v 265.754364 16.001011 -458.877319
v 265.848053 13.009185 -458.842285
v 265.754364 13.009185 -458.877319
v 265.789368 15.997524 -458.970978
v 265.883057 16.001245 -458.935944
v 265.789368 13.009185 -458.970978
v 265.883057 13.009185 -458.935944
v 246.532013 16.000795 -465.659637
v 246.438339 16.001396 -465.694672
v 246.532013 13.011534 -465.659637
v 246.438339 13.011686 -465.694672
v 246.473358 15.998017 -465.788330
v 246.567032 15.998108 -465.753296
v 246.473358 13.011686 -465.788330
v 246.567032 13.011534 -465.753296
v 256.492859 15.948091 -462.340057
v 256.399170 15.949981 -462.375061
v 256.492859 13.009185 -462.340057
v 256.399170 13.009185 -462.375061
v 256.434204 15.947696 -462.468750
v 256.527893 15.946270 -462.433716
v 256.434204 13.009185 -462.468719
v 256.527893 13.009185 -462.433716
v 228.304016 15.979781 -445.405670
v 228.405762 15.975145 -445.363708
v 228.304016 13.050708 -445.405701
v 228.405762 13.050088 -445.363708
v 228.367676 15.974298 -445.271240
v 228.265839 15.978496 -445.313232
v 228.367676 13.050088 -445.271240
v 228.265839 13.050708 -445.313232
v 237.962311 15.945930 -441.726807
v 238.056000 15.945048 -441.691772
v 237.962311 13.011683 -441.726807
v 238.056000 13.011530 -441.691772
v 238.020981 15.941290 -441.598145
v 237.927292 15.942514 -441.633148
v 238.020981 13.011530 -441.598145
v 237.927292 13.011683 -441.633148
v 256.711456 15.998841 -434.716797
v 256.805145 16.006670 -434.681763
v 256.711456 13.009169 -434.716797
v 256.805145 13.009169 -434.681763
v 256.770111 16.010330 -434.588104
v 256.676422 16.002863 -434.623138
v 256.770111 13.009169 -434.588104
v 256.676422 13.009169 -434.623138
v 247.317520 15.940951 -438.229034
v 247.411194 15.937708 -438.194031
v 247.317520 13.009168 -438.229034
v 247.411194 13.009168 -438.194031
v 247.376160 15.944694 -438.100342
v 247.282501 15.948356 -438.135376
v 247.376160 13.009168 -438.100342
v 247.282501 13.009168 -438.135376
v 191.982544 16.961420 -469.763214
v 192.060059 16.960573 -469.685089
v 191.982544 14.058811 -469.763214
v 192.060059 14.054888 -469.685089
v 191.989105 16.964174 -469.614624
v 191.911530 16.964350 -469.692810
v 191.989105 14.053509 -469.614624
v 191.911514 14.057433 -469.692810
v 200.100784 16.665642 -462.349823
v 200.185699 16.660896 -462.279755
v 200.100800 13.695482 -462.349823
v 200.185699 13.692145 -462.279755
v 200.122086 16.655508 -462.202606
v 200.037125 16.660362 -462.272705
v 200.122086 13.690630 -462.202606
v 200.037109 13.693969 -462.272705
v 218.367294 16.164204 -450.100586
v 218.464386 16.163479 -450.048737
v 218.367294 13.151581 -450.100586
v 218.464386 13.149509 -450.048737
v 218.417313 16.155924 -449.960510
v 218.320129 16.156591 -450.012421
v 218.417313 13.147803 -449.960510
v 218.320129 13.149876 -450.012421
v 208.909836 16.424688 -455.782654
v 209.001282 16.423149 -455.721375
v 208.909836 13.392411 -455.782654
v 209.001282 13.389690 -455.721375
v 208.945648 16.423191 -455.638275
v 208.854141 16.424673 -455.699615
v 208.945648 13.388066 -455.638275
v 208.854126 13.390788 -455.699615
v 167.943970 18.999146 -506.296570
v 167.985153 18.993305 -506.194489
v 167.943970 16.037115 -506.296570
v 167.985153 16.031273 -506.194489
v 167.892426 18.992706 -506.157043
v 167.851212 18.998550 -506.259216
v 167.892426 16.030674 -506.157043
v 167.851196 16.036520 -506.259216
v 172.553452 18.460922 -496.315735
v 172.604553 18.452589 -496.218262
v 172.553452 15.473150 -496.315735
v 172.604553 15.467716 -496.218262
v 172.516022 18.452202 -496.171783
v 172.464859 18.460333 -496.269379
v 172.516022 15.466892 -496.171783
v 172.464859 15.472328 -496.269379
v 184.642914 17.467937 -477.943115
v 184.712296 17.459524 -477.857666
v 184.642899 14.478544 -477.943115
v 184.712296 14.474075 -477.857666
v 184.634705 17.458494 -477.794586
v 184.565247 17.466806 -477.880127
v 184.634705 14.472857 -477.794586
v 184.565262 14.477328 -477.880127
v 178.127762 17.866713 -486.847168
v 178.188309 17.865974 -486.755249
v 178.127777 14.952746 -486.847168
v 178.188309 14.947770 -486.755249
v 178.104813 17.866388 -486.700195
v 178.044220 17.866568 -486.792206
v 178.104813 14.946739 -486.700195
v 178.044220 14.951716 -486.792206
v 222.284378 16.205427 -475.814941
v 222.213669 16.206865 -475.861023
v 222.284363 13.243397 -475.814941
v 222.213669 13.244835 -475.861023
v 222.268295 16.206865 -475.944794
v 222.338928 16.205427 -475.898743
v 222.268295 13.244835 -475.944794
v 222.338928 13.243397 -475.898743
v 222.267212 15.181420 -475.862000
v 222.267212 15.227076 -475.862000
v 221.402954 15.199374 -476.432709
v 221.402954 15.245030 -476.432709
v 222.288971 15.227076 -475.895416
v 222.288971 15.181420 -475.895416
v 221.425125 15.245030 -476.465851
v 221.425125 15.199374 -476.465851
v 221.423019 15.860087 -476.467255
v 221.423019 15.905744 -476.467255
v 222.286835 15.842133 -475.896820
v 222.286835 15.887789 -475.896820
v 221.400833 15.905744 -476.434113
v 221.400833 15.860087 -476.434113
v 222.265060 15.887789 -475.863403
v 222.265060 15.842133 -475.863403
v 222.018875 15.723765 -475.441376
v 222.018875 15.417357 -475.441376
v 222.144287 15.723765 -475.633942
v 222.144287 15.417358 -475.633942
v 222.269684 15.723765 -475.826508
v 222.269684 15.417358 -475.826508
v 222.111374 15.418025 -475.655396
v 221.985870 15.418025 -475.462860
v 222.236862 15.418025 -475.847900
v 222.236862 15.724432 -475.847900
v 222.111389 15.724432 -475.655365
v 221.985870 15.724432 -475.462860
v 389.999725 -0.342218 -18.204727
v 389.899323 -0.341983 -18.204723
v 389.999725 -3.279887 -18.204727
v 389.899323 -3.279887 -18.204723
v 389.899292 -0.343039 -18.305141
v 389.999786 -0.342929 -18.305162
v 389.899292 -3.279887 -18.305141
v 389.999786 -3.279887 -18.305162
v 382.397583 -0.265866 -18.216721
v 382.297119 -0.263459 -18.216707
v 382.397583 -3.279888 -18.216721
v 382.297119 -3.279888 -18.216707
v 382.297119 -0.262158 -18.317154
v 382.397522 -0.264468 -18.317183
v 382.297119 -3.279888 -18.317154
v 382.397522 -3.279888 -18.317183
v 364.070496 -0.319272 -18.196697
v 363.970062 -0.319675 -18.196707
v 364.070496 -3.279860 -18.196697
v 363.970062 -3.279860 -18.196707
v 363.970093 -0.316939 -18.297112
v 364.070496 -0.316374 -18.297142
v 363.970093 -3.279860 -18.297112
v 364.070496 -3.279860 -18.297142
v 374.143005 -0.325309 -18.197165
v 374.042603 -0.329517 -18.197155
v 374.143005 -3.279860 -18.197165
v 374.042603 -3.279860 -18.197155
v 374.042603 -0.330382 -18.297606
v 374.143005 -0.326362 -18.297562
v 374.042603 -3.279860 -18.297606
v 374.143036 -3.279860 -18.297565
v 415.765259 -0.267094 -28.306217
v 415.690063 -0.271734 -28.256134
v 415.765259 -3.279883 -28.306217
v 415.690063 -3.279883 -28.256163
v 415.633911 -0.267558 -28.339439
v 415.708954 -0.263210 -28.389418
v 415.633911 -3.279883 -28.339439
v 415.708954 -3.279883 -28.389418
v 410.114166 -0.358681 -23.900997
v 410.032257 -0.355031 -23.864136
v 410.114166 -3.279883 -23.900997
v 410.032257 -3.279883 -23.864136
v 409.990479 -0.357354 -23.955460
v 410.072266 -0.360413 -23.992224
v 409.990479 -3.279883 -23.955460
v 410.072266 -3.279883 -23.992224
v 396.786285 -0.231286 -18.649317
v 396.697876 -0.230469 -18.641052
v 396.786285 -3.279882 -18.649317
v 396.697876 -3.279882 -18.641052
v 396.687836 -0.231832 -18.740965
v 396.776093 -0.232902 -18.749207
v 396.687836 -3.279882 -18.740965
v 396.776093 -3.279882 -18.749207
v 402.563538 -0.305020 -20.025169
v 402.477112 -0.305020 -20.002352
v 402.563538 -3.279881 -20.025169
v 402.477112 -3.279881 -20.002352
v 402.450867 -0.305020 -20.099285
v 402.537079 -0.305020 -20.122063
v 402.450867 -3.279881 -20.099285
v 402.537079 -3.279881 -20.122063
v 435.003387 -0.305017 -60.162106
v 434.952271 -0.305017 -60.075645
v 435.003387 -3.279880 -60.162106
v 434.952271 -3.279880 -60.075645
v 434.865814 -0.305017 -60.126755
v 434.916931 -0.305017 -60.213242
v 434.865814 -3.279880 -60.126755
v 434.916931 -3.279880 -60.213242
v 429.894714 -0.271457 -51.522900
v 429.843567 -0.275091 -51.436462
v 429.894714 -3.279878 -51.522900
v 429.843567 -3.279878 -51.436462
v 429.757111 -0.278593 -51.487568
v 429.808228 -0.274857 -51.574032
v 429.757111 -3.279878 -51.487568
v 429.808228 -3.279878 -51.574032
v 420.293610 -0.277667 -35.819267
v 420.227264 -0.277218 -35.757278
v 420.293610 -3.279880 -35.819267
v 420.227264 -3.279880 -35.757278
v 420.158295 -0.280609 -35.830254
v 420.224487 -0.280364 -35.892181
v 420.158295 -3.279880 -35.830254
v 420.224487 -3.279880 -35.892181
v 425.007599 -0.328240 -43.658085
v 424.952057 -0.326342 -43.585590
v 425.007599 -3.279879 -43.658085
v 424.952057 -3.279879 -43.585590
v 424.872040 -0.328636 -43.646275
v 424.927490 -0.330068 -43.718643
v 424.872040 -3.279879 -43.646278
v 424.927490 -3.279879 -43.718643
v 455.542389 -0.338102 13.675291
v 455.675262 -0.342135 13.671524
v 455.542389 -3.279864 13.675291
v 455.675262 -3.279864 13.671524
v 455.676422 -0.342986 13.771969
v 455.543427 -0.339393 13.775747
v 455.676422 -3.279864 13.771969
v 455.543427 -3.279864 13.775747
v 478.851166 -0.332904 13.630030
v 478.984558 -0.333636 13.626888
v 478.851166 -3.279864 13.630030
v 478.984589 -3.279864 13.626907
v 478.985229 -0.337411 13.727377
v 478.851654 -0.336335 13.730490
v 478.985229 -3.279864 13.727377
v 478.851654 -3.279864 13.730490
v 522.347107 -0.277238 13.484577
v 522.447571 -0.269375 13.484495
v 522.347107 -3.279864 13.484577
v 522.447571 -3.279864 13.484495
v 522.447632 -0.265699 13.584921
v 522.347168 -0.273199 13.584999
v 522.447632 -3.279864 13.584921
v 522.347168 -3.279864 13.584999
v 499.761627 -0.335378 13.557020
v 499.895477 -0.338635 13.553078
v 499.761627 -3.279863 13.557020
v 499.895477 -3.279863 13.553078
v 499.896729 -0.331620 13.653553
v 499.762726 -0.327942 13.657494
v 499.896729 -3.279863 13.653553
v 499.762726 -3.279863 13.657494
v 394.098755 -0.364675 13.672735
v 394.199219 -0.361585 13.672741
v 394.098755 -3.279862 13.672731
v 394.199219 -3.279862 13.672741
v 394.199249 -0.356584 13.773155
v 394.098816 -0.360348 13.773169
v 394.199249 -3.279862 13.773155
v 394.098816 -3.279862 13.773169
v 405.776733 -0.296834 13.642292
v 405.908020 -0.298249 13.637894
v 405.776733 -3.279861 13.642292
v 405.908020 -3.279861 13.637894
v 405.909821 -0.302138 13.738358
v 405.778320 -0.300617 13.742767
v 405.909821 -3.279861 13.738358
v 405.778320 -3.279861 13.742741
v 434.960999 -0.254185 13.763863
v 435.093292 -0.252834 13.759867
v 434.960999 -3.279860 13.763863
v 435.093292 -3.279860 13.759867
v 435.094727 -0.258708 13.860338
v 434.962219 -0.260118 13.864307
v 435.094727 -3.279860 13.860338
v 434.962219 -3.279860 13.864307
v 419.100128 -0.234446 13.752983
v 419.232025 -0.233260 13.751371
v 419.100128 -3.279861 13.752983
v 419.232025 -3.279861 13.751369
v 419.231659 -0.231587 13.851822
v 419.099579 -0.232831 13.853437
v 419.231659 -3.279861 13.851822
v 419.099579 -3.279861 13.853441
v 353.925476 -0.304996 13.674536
v 354.025909 -0.304996 13.674553
v 353.925476 -3.279860 13.674536
v 354.025909 -3.279860 13.674553
v 354.025940 -0.304996 13.774973
v 353.925476 -0.304996 13.774986
v 354.025940 -3.279860 13.774973
v 353.925476 -3.279860 13.774986
v 363.962128 -0.279141 13.674112
v 364.062592 -0.282053 13.674089
v 363.962128 -3.279860 13.674112
v 364.062592 -3.279860 13.674089
v 364.062561 -0.281615 13.774517
v 363.962097 -0.278908 13.774538
v 364.062561 -3.279860 13.774517
v 363.962097 -3.279860 13.774538
v 384.065582 -0.277514 13.673204
v 384.166016 -0.281474 13.673189
v 384.065582 -3.279859 13.673204
v 384.166016 -3.279859 13.673189
v 384.166077 -0.281285 13.773626
v 384.065582 -0.277429 13.773624
v 384.166077 -3.279859 13.773626
v 384.065582 -3.279859 13.773624
v 373.993073 -0.353269 13.673647
v 374.093536 -0.349013 13.673626
v 373.993073 -3.279859 13.673647
v 374.093536 -3.279859 13.673626
v 374.093536 -0.347559 13.774076
v 373.993103 -0.352381 13.774084
v 374.093536 -3.279859 13.774076
v 373.993103 -3.279859 13.774084
v 403.598480 -0.305020 -20.441744
v 403.512543 -0.305020 -20.417150
v 403.598480 -3.279882 -20.441744
v 403.512543 -3.279882 -20.417150
v 403.484314 -0.305020 -20.513515
v 403.570068 -0.305020 -20.538067
v 403.484314 -3.279882 -20.513515
v 403.570068 -3.279883 -20.538067
v 403.549164 -1.334148 -20.459015
v 403.549164 -1.288294 -20.459015
v 402.529602 -1.334148 -20.047432
v 402.529602 -1.288294 -20.047432
v 403.537872 -1.288294 -20.497421
v 403.537872 -1.334148 -20.497421
v 402.519104 -1.288294 -20.086044
v 402.519104 -1.334148 -20.086044
v 402.516479 -0.670617 -20.085377
v 402.516479 -0.624763 -20.085377
v 403.535278 -0.670618 -20.496658
v 403.535278 -0.624764 -20.496658
v 402.526978 -0.624763 -20.046740
v 402.526978 -0.670617 -20.046740
v 403.546570 -0.624764 -20.458275
v 403.546570 -0.670618 -20.458275
v 403.709351 -0.789086 -19.995150
v 403.709351 -1.096822 -19.995150
v 403.644226 -0.789087 -20.216553
v 403.644226 -1.096822 -20.216553
v 403.579041 -0.789087 -20.437920
v 403.579041 -1.096822 -20.437920
v 403.604187 -1.096822 -20.205078
v 403.669128 -1.096822 -19.983591
v 403.539185 -1.096822 -20.426493
v 403.539185 -0.789087 -20.426493
v 403.604187 -0.789087 -20.205078
v 403.669128 -0.789086 -19.983591
v 403.963379 -2.614546 -20.699108
v 403.266418 -2.614547 -22.990299
v 403.163574 -2.614547 -22.960384
v 403.855835 -2.614546 -20.667805
v 428.264984 -3.060453 -60.883469
v 428.441956 -3.060453 -60.860699
v 428.342072 -3.060453 -60.722561
v 428.152924 3.220845 -60.964539
v 428.329895 3.220845 -60.941742
v 428.229980 3.220845 -60.803646
v 428.951111 3.094847 -60.334259
v 428.996704 3.094847 -60.397339
v 428.211853 3.094847 -60.868954
v 428.257477 3.094847 -60.932007
v 428.257477 2.991425 -60.932034
v 428.996704 2.991425 -60.397339
v 428.211853 2.991425 -60.868954
v 428.951111 2.991425 -60.334259
v 410.920593 -3.060452 -34.387230
v 411.075714 -3.060452 -34.299095
v 410.930969 -3.060452 -34.209076
v 410.746429 3.149474 -34.667145
v 410.901581 3.149474 -34.579048
v 410.756897 3.149474 -34.489059
v 411.246643 3.023477 -33.781624
v 411.312744 3.023477 -33.822769
v 410.764862 3.023477 -34.556358
v 410.830933 3.023477 -34.597466
v 410.830933 2.920054 -34.597466
v 411.312744 2.920054 -33.822769
v 410.764862 2.920054 -34.556358
v 411.246643 2.920054 -33.781624
v 385.580994 -3.060451 -23.079632
v 385.667084 -3.060452 -22.923346
v 385.496643 -3.060452 -22.922432
v 385.582886 2.602927 -22.724098
v 385.668976 2.602927 -22.567816
v 385.498535 2.602927 -22.566904
v 385.545410 2.476929 -21.707779
v 385.623230 2.476929 -21.708195
v 385.540558 2.476929 -22.620096
v 385.618378 2.476929 -22.620518
v 385.618378 2.373507 -22.620518
v 385.623230 2.373507 -21.708195
v 385.540558 2.373507 -22.620096
v 385.545410 2.373507 -21.707779
v 357.038147 -3.060451 -22.311329
v 357.121948 -3.060451 -22.153803
v 356.951538 -3.060451 -22.155342
v 357.039368 3.220848 -22.449644
v 357.123169 3.220848 -22.292110
v 356.952789 3.220848 -22.293657
v 356.987274 3.094850 -21.433949
v 357.065094 3.094850 -21.433228
v 356.995544 3.094850 -22.346239
v 357.073395 3.094850 -22.345520
v 357.073395 2.991427 -22.345520
v 357.065094 2.991427 -21.433228
v 356.995544 2.991427 -22.346239
v 356.987274 2.991427 -21.433949
v 399.817871 -3.598779 14.306629
v 399.724884 -3.600480 14.154402
v 399.895081 -3.597079 14.145771
v 399.799835 5.974124 13.951563
v 399.706848 5.972423 13.799257
v 399.877075 5.975822 13.790730
v 399.880493 5.848988 10.496500
v 399.802795 5.847437 10.500494
v 399.837097 5.848988 13.845551
v 399.759460 5.847435 13.849571
v 399.759460 5.744011 13.849571
v 399.802795 5.744011 10.500494
v 399.837158 5.745565 13.845581
v 399.880493 5.745562 10.496500
v 455.451660 -0.342216 -94.741837
v 455.400543 -0.341985 -94.655373
v 455.451660 -3.279876 -94.741837
v 455.400543 -3.279876 -94.655373
v 455.314087 -0.343041 -94.706505
v 455.365234 -0.342929 -94.792961
v 455.314087 -3.279876 -94.706505
v 455.365234 -3.279876 -94.792961
v 450.343018 -0.265832 -86.102646
v 450.291870 -0.263427 -86.016197
v 450.343018 -3.279874 -86.102646
v 450.291870 -3.279874 -86.016197
v 450.205414 -0.262134 -86.067329
v 450.256531 -0.264443 -86.153763
v 450.205414 -3.279874 -86.067329
v 450.256531 -3.279874 -86.153763
v 440.110260 -0.319249 -68.798286
v 440.059113 -0.319654 -68.711815
v 440.110260 -3.279874 -68.798279
v 440.059113 -3.279874 -68.711815
v 439.972687 -0.316918 -68.762939
v 440.023804 -0.316351 -68.849403
v 439.972687 -3.279874 -68.762939
v 440.023804 -3.279874 -68.849403
v 445.237183 -0.325344 -77.468369
v 445.186066 -0.329549 -77.381882
v 445.237183 -3.279874 -77.468369
v 445.186066 -3.279874 -77.381882
v 445.099609 -0.330402 -77.433022
v 445.150726 -0.326384 -77.519470
v 445.099609 -3.279874 -77.433022
v 445.150726 -3.279874 -77.519470
v 475.899994 -0.267035 -129.321609
v 475.848877 -0.271672 -129.235138
v 475.899994 -3.279874 -129.321609
v 475.848877 -3.279874 -129.235138
v 475.762390 -0.267501 -129.286270
v 475.813538 -0.263155 -129.372742
v 475.762390 -3.279874 -129.286270
v 475.813538 -3.279874 -129.372742
v 470.791290 -0.358690 -120.682396
v 470.740173 -0.355046 -120.595932
v 470.791290 -3.279873 -120.682396
v 470.740173 -3.279873 -120.595932
v 470.653717 -0.357375 -120.647064
v 470.704865 -0.360426 -120.733536
v 470.653717 -3.279873 -120.647064
v 470.704865 -3.279873 -120.733536
v 460.558594 -0.231301 -103.378044
v 460.507446 -0.230482 -103.291580
v 460.558594 -3.279874 -103.378044
v 460.507446 -3.279874 -103.291580
v 460.420990 -0.231833 -103.342712
v 460.472137 -0.232906 -103.429169
v 460.420990 -3.279874 -103.342712
v 460.472137 -3.279874 -103.429169
v 465.685516 -0.313123 -112.048096
v 465.634399 -0.312662 -111.961632
v 465.685516 -3.279873 -112.048096
v 465.634369 -3.279873 -111.961632
v 465.547943 -0.317651 -112.012741
v 465.599060 -0.318357 -112.099205
v 465.547943 -3.279873 -112.012741
v 465.599060 -3.279873 -112.099205
v 524.226379 -0.305001 -149.262955
v 524.121216 -0.305001 -149.224976
v 524.226379 -3.279864 -149.262955
v 524.121216 -3.279864 -149.224976
v 524.087036 -0.305001 -149.319458
v 524.192444 -0.305001 -149.357468
v 524.087036 -3.279865 -149.319458
v 524.192444 -3.279864 -149.357468
v 507.711823 -0.271493 -147.211304
v 507.600494 -0.275129 -147.199982
v 507.711823 -3.279869 -147.211304
v 507.600494 -3.279869 -147.199982
v 507.590271 -0.278622 -147.299911
v 507.701782 -0.274884 -147.311249
v 507.590271 -3.279869 -147.299911
v 507.701782 -3.279869 -147.311249
v 481.309998 -0.277692 -138.219482
v 481.246643 -0.277251 -138.127197
v 481.310028 -3.279870 -138.219482
v 481.246643 -3.279870 -138.127197
v 481.163818 -0.280639 -138.184006
v 481.227295 -0.280386 -138.276443
v 481.163818 -3.279870 -138.184006
v 481.227295 -3.279870 -138.276443
v 492.042725 -0.328255 -145.385239
v 491.932098 -0.326362 -145.368210
v 492.042725 -3.279870 -145.385239
v 491.932098 -3.279870 -145.368210
v 491.916779 -0.328654 -145.467529
v 492.027588 -0.330081 -145.484558
v 491.916779 -3.279870 -145.467529
v 492.027588 -3.279870 -145.484558
v 549.092346 -0.338095 -67.010345
v 549.094055 -0.342134 -67.110794
v 549.092346 -3.279877 -67.010345
v 549.094055 -3.279877 -67.110794
v 549.194458 -0.342992 -67.109077
v 549.192810 -0.339393 -67.008675
v 549.194458 -3.279877 -67.109077
v 549.192810 -3.279877 -67.008675
v 549.169128 -0.332875 -77.873962
v 549.170288 -0.333602 -77.932129
v 549.169128 -3.279878 -77.873962
v 549.170288 -3.279878 -77.932129
v 549.270691 -0.337379 -77.930176
v 549.269531 -0.336307 -77.872238
v 549.270691 -3.279878 -77.930176
v 549.269531 -3.279878 -77.872238
v 554.476990 -0.277312 -95.176758
v 554.534790 -0.269445 -95.182785
v 554.476990 -3.279878 -95.176758
v 554.534790 -3.279878 -95.182785
v 554.545288 -0.265749 -95.082947
v 554.487732 -0.273253 -95.076912
v 554.545288 -3.279878 -95.082947
v 554.487732 -3.279878 -95.076912
v 549.157227 -0.335489 -89.396523
v 549.157288 -0.338741 -89.454651
v 549.157227 -3.279878 -89.396523
v 549.157288 -3.279878 -89.454651
v 549.257751 -0.331717 -89.454628
v 549.257690 -0.328044 -89.396706
v 549.257751 -3.279878 -89.454628
v 549.257690 -3.279878 -89.396706
v 548.418091 -0.364742 -26.842720
v 548.419800 -0.361662 -26.943146
v 548.418091 -3.279872 -26.842705
v 548.419800 -3.279872 -26.943146
v 548.520203 -0.356652 -26.941467
v 548.518555 -0.360408 -26.841042
v 548.520203 -3.279872 -26.941467
v 548.518555 -3.279872 -26.841042
v 548.586609 -0.296797 -36.877960
v 548.588257 -0.298209 -36.978401
v 548.586609 -3.279873 -36.877960
v 548.588257 -3.279873 -36.978401
v 548.688660 -0.302105 -36.976715
v 548.687012 -0.300584 -36.876266
v 548.688660 -3.279873 -36.976715
v 548.687012 -3.279873 -36.876266
v 548.923950 -0.254131 -56.978588
v 548.925659 -0.252781 -57.079021
v 548.923950 -3.279873 -56.978588
v 548.925659 -3.279873 -57.079021
v 549.026062 -0.258640 -57.077335
v 549.024414 -0.260050 -56.976906
v 549.026062 -3.279873 -57.077335
v 549.024414 -3.279873 -56.976906
v 547.743835 -0.305001 13.324921
v 547.745544 -0.305001 13.224480
v 547.743835 -3.279865 13.324921
v 547.745544 -3.279865 13.224480
v 547.845947 -0.305001 13.226204
v 547.844238 -0.305001 13.326607
v 547.845947 -3.279865 13.226204
v 547.844238 -3.279865 13.326607
v 547.912354 -0.279151 3.289688
v 547.914001 -0.282065 3.189255
v 547.912354 -3.279867 3.289688
v 547.914001 -3.279867 3.189255
v 548.014404 -0.281626 3.190948
v 548.012756 -0.278916 3.291382
v 548.014404 -3.279867 3.190948
v 548.012756 -3.279867 3.291382
v 548.249756 -0.277520 -16.810928
v 548.251404 -0.281480 -16.911385
v 548.249756 -3.279866 -16.810928
v 548.251404 -3.279866 -16.911385
v 548.351807 -0.281300 -16.909706
v 548.350159 -0.277443 -16.809258
v 548.351807 -3.279866 -16.909706
v 548.350159 -3.279866 -16.809273
v 548.080688 -0.353287 -6.739845
v 548.082336 -0.349039 -6.840286
v 548.080688 -3.279866 -6.739844
v 548.082336 -3.279866 -6.840285
v 548.182800 -0.347584 -6.838600
v 548.181091 -0.352399 -6.738144
v 548.182800 -3.279866 -6.838600
v 548.181091 -3.279866 -6.738143
v 548.825073 -0.304986 -45.794819
v 548.823425 -0.304986 -45.694393
v 548.825073 -3.279850 -45.794819
v 548.823425 -3.279849 -45.694393
v 548.723022 -0.304986 -45.696079
v 548.724670 -0.304986 -45.796528
v 548.723022 -3.279849 -45.696079
v 548.724670 -3.279850 -45.796528
v 548.846069 -0.304986 -47.045269
v 548.844421 -0.304986 -46.944832
v 548.846069 -3.279850 -47.045269
v 548.844421 -3.279850 -46.944832
v 548.744019 -0.304987 -46.946514
v 548.745667 -0.304986 -47.046951
v 548.744019 -3.279850 -46.946518
v 548.745667 -3.279850 -47.046951
v 548.815063 -1.334115 -46.998085
v 548.815063 -1.288261 -46.998085
v 548.794434 -1.334114 -45.765129
v 548.794434 -1.288260 -45.765129
v 548.775085 -1.288261 -46.998756
v 548.775085 -1.334115 -46.998756
v 548.754395 -1.288260 -45.765808
v 548.754395 -1.334114 -45.765808
v 548.754333 -0.670584 -45.762768
v 548.754333 -0.624730 -45.762768
v 548.775024 -0.670584 -46.995720
v 548.775024 -0.624730 -46.995720
v 548.794373 -0.624730 -45.762074
v 548.794373 -0.670584 -45.762074
v 548.815063 -0.624730 -46.995041
v 548.815063 -0.670584 -46.995041
v 548.265991 -0.789052 -45.744377
v 548.265991 -1.096788 -45.744377
v 548.496765 -0.789052 -45.740505
v 548.496765 -1.096788 -45.740505
v 548.727478 -0.789052 -45.736637
v 548.727478 -1.096788 -45.736637
v 548.497498 -1.096788 -45.787125
v 548.266724 -1.096788 -45.790989
v 548.728271 -1.096788 -45.783260
v 548.728271 -0.789052 -45.783260
v 548.497498 -0.789052 -45.787125
v 548.266724 -0.789052 -45.790989
v 551.134155 -2.614511 -47.549152
v 548.739441 -2.614515 -47.593651
v 548.736877 -2.614515 -47.467720
v 551.131592 -2.614511 -47.423229
v 457.997681 -3.060459 -112.793945
v 458.176025 -3.060459 -112.799393
v 458.099243 -3.060459 -112.647232
v 457.703308 3.149468 -112.942398
v 457.881653 3.149468 -112.947891
v 457.804932 3.149468 -112.795715
v 458.591248 3.023471 -112.446434
v 458.626282 3.023471 -112.515961
v 457.776672 3.023470 -112.857338
v 457.811737 3.023470 -112.926865
v 457.811737 2.920048 -112.926865
v 458.626282 2.920048 -112.515961
v 457.776672 2.920048 -112.857338
v 458.591248 2.920048 -112.446434
v 443.635010 -3.060457 -87.166130
v 443.812317 -3.060457 -87.145874
v 443.714386 -3.060457 -87.006363
v 443.926056 2.602922 -86.961929
v 444.103333 2.602922 -86.941673
v 444.005463 2.602923 -86.802155
v 444.733246 2.476925 -86.343201
v 444.777954 2.476925 -86.406914
v 443.986389 2.476924 -86.867203
v 444.031097 2.476924 -86.930901
v 444.031097 2.373501 -86.930901
v 444.777954 2.373502 -86.406914
v 443.986389 2.373501 -86.867203
v 444.733246 2.373502 -86.343201
v 539.069153 -3.060462 -153.473404
v 539.239807 -3.060462 -153.421173
v 539.118103 -3.060462 -153.301880
v 538.838318 4.769516 -153.708817
v 539.008911 4.769516 -153.656570
v 538.887207 4.769516 -153.537231
v 540.719238 4.643517 -151.699692
v 540.774841 4.643517 -151.754242
v 538.880371 4.643517 -153.604675
v 538.935913 4.643517 -153.659149
v 538.935913 4.540094 -153.659149
v 540.774841 4.540095 -151.754242
v 538.880371 4.540094 -153.604675
v 540.719238 4.540095 -151.699692
v 499.943451 -3.060462 -154.892822
v 500.027954 -3.060462 -154.735672
v 499.857513 -3.060462 -154.736420
v 499.941833 2.602917 -154.537262
v 500.026367 2.602917 -154.380127
v 499.855896 2.602917 -154.380905
v 499.894348 2.476919 -153.521347
v 499.972137 2.476919 -153.520996
v 499.898468 2.476919 -154.433655
v 499.976257 2.476919 -154.433319
v 499.976257 2.373496 -154.433319
v 499.972137 2.373496 -153.520996
v 499.898438 2.373496 -154.433655
v 499.894348 2.373496 -153.521347
v 474.627411 -3.060461 -143.031113
v 474.800903 -3.060461 -142.989288
v 474.686584 -3.060461 -142.862808
v 474.524780 3.220838 -143.123871
v 474.698242 3.220838 -143.082047
v 474.583954 3.220838 -142.955566
v 475.249969 3.094841 -142.410797
v 475.302155 3.094841 -142.468567
v 474.573059 3.094841 -143.022461
v 474.625244 3.094841 -143.080215
v 474.625244 2.991418 -143.080215
v 475.302155 2.991418 -142.468567
v 474.573029 2.991418 -143.022461
v 475.249969 2.991418 -142.410797
v 612.954285 4.586751 -76.960037
v 612.796265 4.585368 -76.877274
v 612.657959 -3.363757 -76.879402
v 612.815979 -3.362375 -76.962166
v 612.798828 4.588134 -77.047630
v 612.660522 -3.360991 -77.049759
v 611.938965 4.461448 -77.018585
v 611.937744 4.460186 -76.940796
v 612.851135 4.461448 -77.004532
v 612.849976 4.460185 -76.926735
v 612.849976 4.356763 -76.926735
v 611.937744 4.356763 -76.940796
v 612.851135 4.358027 -77.004532
v 611.938965 4.358027 -77.018585
v 586.360107 4.586751 -76.991180
v 586.276733 4.585367 -77.148956
v 586.278442 -3.363756 -77.287292
v 586.361755 -3.362374 -77.129509
v 586.447205 4.588134 -77.146896
v 586.448853 -3.360990 -77.285217
v 586.415100 4.461448 -78.006737
v 586.337280 4.460186 -78.007706
v 586.404297 4.461448 -77.094513
v 586.326416 4.460185 -77.095451
v 586.326416 4.356763 -77.095451
v 586.337280 4.356763 -78.007706
v 586.404236 4.358027 -77.094521
v 586.415100 4.358027 -78.006737
v 562.891418 4.586749 -77.326210
v 562.808105 4.585367 -77.483978
v 562.809753 -3.363757 -77.622307
v 562.893066 -3.362374 -77.464539
v 562.978516 4.588134 -77.481918
v 562.980164 -3.360991 -77.620255
v 562.946472 4.461448 -78.341766
v 562.868652 4.460185 -78.342697
v 562.935608 4.461447 -77.429535
v 562.857788 4.460185 -77.430473
v 562.857727 4.356762 -77.430481
v 562.868652 4.356762 -78.342697
v 562.935547 4.358025 -77.429504
v 562.946472 4.358025 -78.341766
v 612.618652 4.359962 -42.749763
v 612.460571 4.358704 -42.666962
v 612.130920 -3.519048 -42.672035
v 612.288940 -3.517791 -42.754837
v 612.463196 4.361216 -42.837387
v 612.133545 -3.516536 -42.842438
v 611.603271 4.234596 -42.808311
v 611.602051 4.233449 -42.730476
v 612.515503 4.234597 -42.794250
v 612.514282 4.233451 -42.716415
v 612.514282 4.130027 -42.716415
v 611.602051 4.130024 -42.730476
v 612.515503 4.131174 -42.794250
v 611.603271 4.131174 -42.808311
v 611.692627 3.822080 -16.786331
v 611.534546 3.820382 -16.703560
v 611.890076 -3.510824 -16.698090
v 612.048096 -3.509124 -16.780853
v 611.537231 3.823779 -16.873962
v 611.892700 -3.507424 -16.868484
v 610.677307 3.696939 -16.844910
v 610.676086 3.695388 -16.767036
v 611.589478 3.696938 -16.830856
v 611.588318 3.695387 -16.753029
v 611.588318 3.591964 -16.752983
v 610.676086 3.591964 -16.767036
v 611.589478 3.593516 -16.830856
v 610.677307 3.593515 -16.844910
v 611.724609 4.586757 13.835983
v 611.566528 4.585375 13.918785
v 611.428223 -3.363750 13.916656
v 611.586304 -3.362368 13.833855
v 611.569153 4.588141 13.748390
v 611.430847 -3.360984 13.746254
v 610.709229 4.461455 13.777443
v 610.708069 4.460193 13.855270
v 611.621460 4.461455 13.791496
v 611.620239 4.460192 13.869286
v 611.620239 4.356770 13.869324
v 610.708069 4.356770 13.855270
v 611.621460 4.358033 13.791496
v 610.709229 4.358033 13.777443
v 585.129761 4.586757 13.804825
v 585.046387 4.585374 13.647095
v 585.048035 -3.363750 13.508766
v 585.131409 -3.362367 13.666534
v 585.216858 4.588141 13.649117
v 585.218506 -3.360983 13.510826
v 585.184753 4.461455 12.789268
v 585.106934 4.460193 12.788376
v 585.173889 4.461455 13.701530
v 585.096069 4.460192 13.700638
v 585.096069 4.356770 13.700638
v 585.106934 4.356770 12.788376
v 585.173889 4.358033 13.701530
v 585.184753 4.358033 12.789268
v 561.661072 4.586756 13.469803
v 561.577698 4.585374 13.312073
v 561.579346 -3.363750 13.173737
v 561.662720 -3.362368 13.331512
v 561.748169 4.588141 13.314087
v 561.749817 -3.360985 13.175797
v 561.716064 4.461455 12.454247
v 561.638245 4.460192 12.453346
v 561.705200 4.461454 13.366508
v 561.627380 4.460192 13.365616
v 561.627380 4.356769 13.365608
v 561.638245 4.356769 12.453346
v 561.705200 4.358032 13.366508
v 561.716064 4.358032 12.454247
v 562.413208 4.359962 -43.468086
v 562.255127 4.358704 -43.385284
v 561.925476 -3.519048 -43.390366
v 562.083557 -3.517791 -43.473167
v 562.257751 4.361215 -43.555725
v 561.928101 -3.516536 -43.560768
v 561.397888 4.234595 -43.526627
v 561.396667 4.233448 -43.448807
v 562.310059 4.234596 -43.512581
v 562.308899 4.233449 -43.434753
v 562.308899 4.130026 -43.434753
v 561.396667 4.130024 -43.448807
v 562.310059 4.131173 -43.512581
v 561.397888 4.131173 -43.526627
v 561.487244 3.822080 -17.504654
v 561.329163 3.820382 -17.421890
v 561.684692 -3.510824 -17.416412
v 561.842712 -3.509125 -17.499176
v 561.331787 3.823779 -17.592285
v 561.687256 -3.507426 -17.586807
v 560.471863 3.696939 -17.563240
v 560.470703 3.695388 -17.485367
v 561.384094 3.696938 -17.549179
v 561.382874 3.695387 -17.471352
v 561.382874 3.591964 -17.471313
v 560.470703 3.591964 -17.485367
v 561.384094 3.593516 -17.549179
v 560.471863 3.593515 -17.563240
v 213.330597 0.848810 13.679535
v 213.431046 0.851058 13.679535
v 213.431046 -2.090706 13.679541
v 213.330597 -2.088920 13.679541
v 213.431046 0.849767 13.779974
v 213.330597 0.847958 13.779974
v 213.330597 -2.088920 13.779974
v 213.431046 -2.090706 13.779974
v 203.293961 1.022709 13.679537
v 203.394409 1.021932 13.679535
v 203.394409 -1.925028 13.679535
v 203.293961 -1.923518 13.679537
v 203.394409 1.018502 13.779968
v 203.293961 1.018935 13.779970
v 203.293961 -1.923518 13.779970
v 203.394409 -1.925028 13.779968
v 183.190506 1.307255 13.679535
v 183.290955 1.298770 13.679535
v 183.290955 -1.703857 13.679535
v 183.190506 -1.703235 13.679535
v 183.290955 1.302809 13.779966
v 183.190506 1.310930 13.779966
v 183.190506 -1.703235 13.779968
v 183.290955 -1.703857 13.779968
v 193.263000 1.149838 13.679533
v 193.363464 1.151973 13.679535
v 193.363464 -1.792513 13.679535
v 193.263000 -1.791391 13.679533
v 193.363464 1.159409 13.779968
v 193.263016 1.156854 13.779966
v 193.263016 -1.791391 13.779966
v 193.363464 -1.792513 13.779966
v 253.503876 0.056663 13.679546
v 253.604324 0.051792 13.679546
v 253.604324 -2.863395 13.679546
v 253.503876 -2.861613 13.679546
v 253.604324 0.056118 13.779980
v 253.503876 0.061664 13.779980
v 253.503876 -2.861612 13.779984
v 253.604324 -2.863395 13.779984
v 243.467224 0.307455 13.679546
v 243.567673 0.306920 13.679546
v 243.567673 -2.676107 13.679546
v 243.467224 -2.674158 13.679546
v 243.567673 0.303137 13.779980
v 243.467224 0.303565 13.779980
v 243.467224 -2.674158 13.779984
v 243.567673 -2.676107 13.779984
v 223.363770 0.750641 13.679537
v 223.464218 0.747339 13.679541
v 223.464203 -2.278337 13.679544
v 223.363770 -2.276386 13.679543
v 223.464203 0.741405 13.779976
v 223.363770 0.744767 13.779974
v 223.363770 -2.276386 13.779976
v 223.464203 -2.278337 13.779978
v 233.436264 0.570902 13.679546
v 233.536728 0.567709 13.679544
v 233.536713 -2.477706 13.679544
v 233.436264 -2.475700 13.679546
v 233.536713 0.569325 13.779980
v 233.436264 0.572575 13.779980
v 233.436264 -2.475700 13.779984
v 233.536713 -2.477706 13.779984
v 293.677185 -0.303906 13.679560
v 293.777618 -0.303910 13.679560
v 293.777618 -3.278774 13.679560
v 293.677185 -3.278770 13.679560
v 293.777618 -0.303910 13.779991
v 293.677155 -0.303906 13.779991
v 293.677155 -3.278770 13.779993
v 293.777588 -3.278773 13.779993
v 283.640503 -0.248883 13.679560
v 283.740967 -0.246586 13.679560
v 283.740967 -3.247305 13.679560
v 283.640533 -3.246690 13.679560
v 283.740967 -0.246353 13.779991
v 283.640503 -0.248446 13.779991
v 283.640503 -3.246690 13.779993
v 283.740967 -3.247304 13.779993
v 263.537048 -0.028435 13.679554
v 263.637512 -0.025980 13.679550
v 263.637482 -3.028324 13.679556
v 263.537048 -3.026820 13.679556
v 263.637512 -0.025895 13.779985
v 263.537048 -0.028247 13.779985
v 263.537048 -3.026820 13.779985
v 263.637512 -3.028324 13.779985
v 273.609558 -0.228383 13.679550
v 273.710022 -0.233754 13.679550
v 273.710022 -3.160343 13.679556
v 273.609558 -3.159229 13.679556
v 273.710022 -0.232865 13.779985
v 273.609589 -0.226930 13.779985
v 273.609589 -3.159229 13.779985
v 273.710022 -3.160344 13.779985
v 253.591736 0.074667 -14.422283
v 253.491287 0.076214 -14.430841
v 253.491287 -2.861455 -14.430841
v 253.591736 -2.863237 -14.422283
v 253.491287 0.075502 -14.531275
v 253.591736 0.073611 -14.522717
v 253.591736 -2.863237 -14.522717
v 253.491287 -2.861455 -14.531275
v 263.628357 -0.011849 -13.619511
v 263.527924 -0.012750 -13.626947
v 263.527924 -3.026772 -13.626947
v 263.628357 -3.028277 -13.619511
v 263.527924 -0.011352 -13.727381
v 263.628387 -0.010547 -13.719944
v 263.628387 -3.028277 -13.719944
v 263.527924 -3.026772 -13.727381
v 283.731842 -0.287207 -12.473248
v 283.631409 -0.286189 -12.476961
v 283.631409 -3.246778 -12.476961
v 283.731842 -3.247393 -12.473248
v 283.631409 -0.283291 -12.577398
v 283.731842 -0.284471 -12.573681
v 283.731842 -3.247393 -12.573681
v 283.631409 -3.246778 -12.577398
v 273.659332 -0.209553 -12.954300
v 273.558868 -0.204229 -12.960121
v 273.558868 -3.158779 -12.960121
v 273.659332 -3.159895 -12.954300
v 273.558868 -0.205282 -13.060555
v 273.659332 -0.210419 -13.054729
v 273.659332 -3.159895 -13.054729
v 273.558868 -3.158779 -13.060555
v 213.418442 0.917649 -18.181643
v 213.317993 0.924075 -18.189842
v 213.317993 -2.088714 -18.189838
v 213.418442 -2.090499 -18.181646
v 213.317993 0.927959 -18.290276
v 213.418457 0.921825 -18.282080
v 213.418457 -2.090499 -18.282080
v 213.317993 -2.088714 -18.290276
v 223.455109 0.646666 -17.169258
v 223.354645 0.644966 -17.178272
v 223.354645 -2.276236 -17.178272
v 223.455109 -2.278188 -17.169258
v 223.354645 0.643235 -17.278706
v 223.455109 0.644343 -17.269691
v 223.455109 -2.278188 -17.269691
v 223.354645 -2.276236 -17.278706
v 243.558563 0.373438 -15.313246
v 243.458099 0.374571 -15.322449
v 243.458099 -2.674027 -15.322449
v 243.558563 -2.675977 -15.313246
v 243.458099 0.372955 -15.422882
v 243.558563 0.372074 -15.413679
v 243.558563 -2.675977 -15.413679
v 243.458099 -2.674027 -15.422882
v 233.486069 0.498134 -16.247675
v 233.385620 0.500141 -16.257029
v 233.385620 -2.474723 -16.257029
v 233.486069 -2.476729 -16.247675
v 233.385620 0.500141 -16.357462
v 233.486069 0.498134 -16.348106
v 233.486069 -2.476729 -16.348106
v 233.385620 -2.474724 -16.357462
v 173.245178 1.303972 -19.939585
v 173.144730 1.303985 -19.939604
v 173.144730 -1.670879 -19.939604
v 173.245178 -1.670892 -19.939585
v 173.144730 1.303985 -20.040037
v 173.245178 1.303972 -20.040018
v 173.245178 -1.670892 -20.040018
v 173.144730 -1.670879 -20.040037
v 183.281830 1.300979 -20.087570
v 183.181366 1.305236 -20.090349
v 183.181366 -1.703188 -20.090349
v 183.281830 -1.703809 -20.087570
v 183.181366 1.301836 -20.190786
v 183.281830 1.297477 -20.187998
v 183.281830 -1.703809 -20.187998
v 183.181366 -1.703188 -20.190786
v 203.385300 1.077760 -19.197895
v 203.284851 1.078819 -19.204779
v 203.284836 -1.923392 -19.204773
v 203.385284 -1.924901 -19.197895
v 203.284851 1.076122 -19.305212
v 203.385300 1.074368 -19.298332
v 203.385284 -1.924901 -19.298328
v 203.284836 -1.923392 -19.305206
v 193.312759 1.161582 -19.851797
v 193.212326 1.160803 -19.856874
v 193.212326 -1.790835 -19.856874
v 193.312759 -1.791956 -19.851793
v 193.212326 1.158975 -19.957308
v 193.312775 1.159287 -19.952240
v 193.312775 -1.791956 -19.952236
v 193.212326 -1.790835 -19.957308
v 232.235458 0.523109 -16.364065
v 232.135010 0.525114 -16.373398
v 232.135010 -2.449750 -16.373398
v 232.235458 -2.451756 -16.364065
v 232.135010 0.525114 -16.473835
v 232.235458 0.523109 -16.464499
v 232.235458 -2.451756 -16.464499
v 232.135010 -2.449750 -16.473831
v 232.182709 -0.459113 -16.399168
v 232.182709 -0.504967 -16.399168
v 233.415833 -0.529592 -16.284409
v 233.415833 -0.483738 -16.284409
v 232.182709 -0.504967 -16.439207
v 232.182709 -0.459113 -16.439207
v 233.415833 -0.483738 -16.324453
v 233.415833 -0.529592 -16.324453
v 233.418869 0.179732 -16.324169
v 233.418869 0.133878 -16.324169
v 232.185745 0.158502 -16.438921
v 232.185745 0.204357 -16.438921
v 233.418869 0.133878 -16.284128
v 233.418869 0.179732 -16.284128
v 232.185760 0.204356 -16.398884
v 232.185760 0.158502 -16.398884
v 232.157150 -0.267131 -15.911415
v 232.157150 0.040604 -15.911419
v 232.157150 0.040604 -16.142214
v 232.157150 -0.267131 -16.142214
v 232.157150 0.040604 -16.373020
v 232.157150 -0.267131 -16.373020
v 232.203781 -0.268062 -16.137894
v 232.203781 -0.268062 -15.907093
v 232.203781 -0.268062 -16.368694
v 232.203781 0.039674 -16.368694
v 232.203796 0.039674 -16.137894
v 232.203781 0.039674 -15.907093
v 231.588486 -1.773507 -18.857424
v 231.592804 -1.773592 -16.461922
v 231.714447 -1.776021 -18.846205
v 231.718750 -1.776105 -16.450699
v 263.190521 -3.598780 14.306614
v 263.097534 -3.600480 14.154394
v 263.267731 -3.597079 14.145775
v 263.172485 5.974124 13.951540
v 263.079498 5.972423 13.799246
v 263.249695 5.975822 13.790707
v 263.253143 5.848988 10.496483
v 263.175446 5.847437 10.500483
v 263.209747 5.848988 13.845549
v 263.132111 5.847436 13.849573
v 263.132111 5.744011 13.849573
v 263.175446 5.744011 10.500483
v 263.209808 5.745565 13.845570
v 263.253143 5.745562 10.496483
v 202.482391 -1.849960 26.644974
v 202.567596 -1.851217 26.801729
v 202.397171 -1.848705 26.801729
v 202.482376 4.359967 26.315283
v 202.567596 4.358709 26.472040
v 202.397171 4.361221 26.472040
v 202.439468 4.234601 27.331409
v 202.517303 4.233453 27.331409
v 202.439468 4.234602 26.419086
v 202.517319 4.233454 26.419086
v 202.517319 4.130032 26.419083
v 202.517303 4.130030 27.331409
v 202.439468 4.131178 26.419083
v 202.439468 4.131178 27.331409
v 230.997604 -2.365540 26.644974
v 231.082825 -2.367240 26.801729
v 230.912399 -2.363841 26.801729
v 230.997604 3.297837 27.000513
v 231.082825 3.296138 27.157270
v 230.912399 3.299536 27.157270
v 230.954697 3.172696 28.016640
v 231.032547 3.171145 28.016636
v 230.954697 3.172695 27.104317
v 231.032532 3.171144 27.104317
v 231.032547 3.067721 27.104313
v 231.032547 3.067721 28.016636
v 230.954697 3.069273 27.104313
v 230.954697 3.069272 28.016640
v 259.510834 -2.902415 26.644974
v 259.596039 -2.903797 26.801729
v 259.425598 -2.901030 26.801729
v 259.510834 3.378884 26.506649
v 259.596039 3.377503 26.663404
v 259.425598 3.380269 26.663403
v 259.467896 3.253584 27.522772
v 259.545746 3.252320 27.522772
v 259.467896 3.253583 26.610451
v 259.545715 3.252319 26.610451
v 259.545746 3.148897 26.610445
v 259.545746 3.148897 27.522772
v 259.467896 3.150161 26.610445
v 259.467896 3.150161 27.522772
v 313.864258 -0.267034 -12.232956
v 313.763794 -0.271672 -12.232903
v 313.864197 -3.279873 -12.232965
v 313.763794 -3.279873 -12.232903
v 313.763763 -0.267501 -12.333370
v 313.864258 -0.263155 -12.333351
v 313.763763 -3.279873 -12.333370
v 313.864258 -3.279873 -12.333351
v 303.827606 -0.358691 -12.232492
v 303.727173 -0.355047 -12.232462
v 303.827606 -3.279874 -12.232492
v 303.727173 -3.279874 -12.232462
v 303.727112 -0.357377 -12.332891
v 303.827576 -0.360427 -12.332937
v 303.727112 -3.279874 -12.332891
v 303.827576 -3.279874 -12.332937
v 293.796631 -0.313124 -12.232050
v 293.696198 -0.312664 -12.232010
v 293.796631 -3.279874 -12.232050
v 293.696198 -3.279874 -12.232010
v 293.696198 -0.317652 -12.332462
v 293.796600 -0.318358 -12.332438
v 293.696198 -3.279874 -12.332462
v 293.796600 -3.279874 -12.332438
v 354.037537 -0.305004 -12.234735
v 353.937103 -0.305004 -12.234722
v 354.037537 -3.279868 -12.234735
v 353.937103 -3.279868 -12.234722
v 353.937073 -0.305004 -12.335190
v 354.037506 -0.305004 -12.335173
v 353.937073 -3.279868 -12.335190
v 354.037506 -3.279868 -12.335173
v 344.000854 -0.271492 -12.234297
v 343.900452 -0.275128 -12.234266
v 344.000854 -3.279867 -12.234297
v 343.900452 -3.279867 -12.234266
v 343.900421 -0.278621 -12.334703
v 344.000885 -0.274882 -12.334700
v 343.900421 -3.279867 -12.334703
v 344.000885 -3.279867 -12.334700
v 323.897400 -0.277692 -12.233393
v 323.796967 -0.277251 -12.233402
v 323.897400 -3.279869 -12.233393
v 323.796967 -3.279870 -12.233402
v 323.796997 -0.280640 -12.333807
v 323.897369 -0.280387 -12.333807
v 323.796997 -3.279870 -12.333807
v 323.897369 -3.279870 -12.333807
v 333.969940 -0.328253 -12.233812
v 333.869446 -0.326361 -12.233814
v 333.969940 -3.279869 -12.233812
v 333.869446 -3.279869 -12.233814
v 333.869476 -0.328654 -12.334297
v 333.969910 -0.330080 -12.334257
v 333.869476 -3.279869 -12.334297
v 333.969910 -3.279869 -12.334257
v 313.752411 -0.338102 13.676218
v 313.852844 -0.342141 13.676205
v 313.752411 -3.279884 13.676218
v 313.852844 -3.279884 13.676205
v 313.852875 -0.342999 13.776649
v 313.752380 -0.339400 13.776678
v 313.852875 -3.279884 13.776649
v 313.752380 -3.279884 13.776678
v 323.789032 -0.332881 13.675747
v 323.889465 -0.333608 13.675764
v 323.789032 -3.279884 13.675747
v 323.889465 -3.279884 13.675764
v 323.889526 -0.337385 13.776194
v 323.789001 -0.336313 13.776205
v 323.889526 -3.279884 13.776194
v 323.789001 -3.279884 13.776205
v 343.892487 -0.277317 13.674891
v 343.992950 -0.269449 13.674820
v 343.892487 -3.279883 13.674891
v 343.992950 -3.279883 13.674820
v 343.992950 -0.265754 13.775295
v 343.892517 -0.273258 13.775305
v 343.992950 -3.279883 13.775295
v 343.892517 -3.279883 13.775305
v 333.819977 -0.335494 13.675335
v 333.920441 -0.338746 13.675312
v 333.819977 -3.279883 13.675335
v 333.920441 -3.279883 13.675312
v 333.920410 -0.331722 13.775717
v 333.820007 -0.328049 13.775753
v 333.920410 -3.279883 13.775717
v 333.820007 -3.279883 13.775753
v 303.719238 -0.254138 13.676670
v 303.819672 -0.252788 13.676657
v 303.719238 -3.279880 13.676670
v 303.819672 -3.279880 13.676657
v 303.819641 -0.258647 13.777109
v 303.719238 -0.260057 13.777092
v 303.819641 -3.279880 13.777109
v 303.719238 -3.279880 13.777092
v 293.785950 -0.304994 13.765970
v 293.685547 -0.304994 13.765978
v 293.785950 -3.279857 13.765970
v 293.685547 -3.279857 13.765978
v 293.685577 -0.304994 13.665520
v 293.785980 -0.304994 13.665512
v 293.685577 -3.279857 13.665520
v 293.785980 -3.279857 13.665512
v 294.328308 -2.614521 16.045204
v 294.332489 -2.614522 13.650093
v 294.206573 -2.614522 13.649630
v 294.202393 -2.614521 16.044748
v 325.109558 -3.060451 -22.423571
v 325.193359 -3.060451 -22.266022
v 325.022919 -3.060451 -22.267576
v 325.110809 3.220848 -22.561863
v 325.194611 3.220848 -22.404329
v 325.024170 3.220848 -22.405869
v 325.058685 3.094850 -21.546190
v 325.136505 3.094850 -21.545464
v 325.066986 3.094850 -22.458458
v 325.144806 3.094850 -22.457760
v 325.144806 2.991426 -22.457760
v 325.136505 2.991427 -21.545464
v 325.066986 2.991426 -22.458458
v 325.058685 2.991427 -21.546190
v 324.589966 -1.694545 -39.559608
v 324.433533 -1.695927 -39.473820
v 324.432922 -1.693162 -39.644260
v 174.000504 -1.609396 -85.905312
v 174.085724 -1.609409 -85.748558
v 173.915283 -1.609387 -85.748558
v 174.000488 4.290064 -85.905312
v 174.085709 4.290051 -85.748558
v 173.915283 4.290073 -85.748558
v 173.957581 4.164073 -84.889191
v 174.035431 4.164062 -84.889191
v 173.957581 4.164072 -85.801521
v 174.035431 4.164062 -85.801521
v 174.035431 4.060638 -85.801521
v 174.035431 4.060639 -84.889191
v 173.957581 4.060649 -85.801521
v 173.957581 4.060650 -84.889191
v 198.849731 -1.849968 -85.905312
v 198.934952 -1.851225 -85.748558
v 198.764526 -1.848713 -85.748558
v 198.849731 4.359958 -86.235008
v 198.934952 4.358700 -86.078247
v 198.764526 4.361211 -86.078247
v 198.806824 4.234593 -85.218887
v 198.884659 4.233445 -85.218887
v 198.806824 4.234593 -86.131203
v 198.884674 4.233445 -86.131203
v 198.884674 4.130023 -86.131203
v 198.884659 4.130022 -85.218887
v 198.806824 4.131169 -86.131203
v 198.806824 4.131170 -85.218887
v 214.484039 -1.841302 -85.905312
v 214.569260 -1.843002 -85.748558
v 214.398834 -1.839603 -85.748558
v 214.484039 3.822075 -85.549774
v 214.569260 3.820377 -85.393021
v 214.398834 3.823774 -85.393021
v 214.441132 3.696933 -84.533653
v 214.518982 3.695383 -84.533653
v 214.441132 3.696933 -85.445976
v 214.518967 3.695380 -85.445976
v 214.518982 3.591959 -85.445976
v 214.518982 3.591959 -84.533653
v 214.441132 3.593511 -85.445976
v 214.441132 3.593508 -84.533653
v 244.508377 -1.694548 -85.905312
v 244.593597 -1.695931 -85.748558
v 244.423157 -1.693164 -85.748558
v 244.508377 4.586750 -86.043640
v 244.593597 4.585367 -85.886887
v 244.423157 4.588134 -85.886887
v 244.465485 4.461449 -85.027519
v 244.543304 4.460186 -85.027519
v 244.465469 4.461448 -85.939835
v 244.543289 4.460184 -85.939835
v 244.543304 4.356762 -85.939842
v 244.543304 4.356763 -85.027512
v 244.465485 4.358026 -85.939842
v 244.465485 4.358026 -85.027519
v 244.719971 -1.694546 -61.308388
v 244.563507 -1.695929 -61.222614
v 244.562912 -1.693163 -61.393051
v 244.858292 4.586751 -61.308865
v 244.701828 4.585368 -61.223091
v 244.701233 4.588136 -61.393536
v 243.842026 4.461450 -61.348213
v 243.842285 4.460187 -61.270390
v 244.754333 4.461450 -61.351410
v 244.754608 4.460186 -61.273582
v 244.754608 4.356764 -61.273579
v 243.842285 4.356763 -61.270390
v 244.754333 4.358027 -61.351402
v 243.842026 4.358027 -61.348213
v 244.719971 -1.694545 -39.559601
v 244.563507 -1.695928 -39.473827
v 244.562912 -1.693162 -39.644264
v 244.858292 4.586752 -39.560081
v 244.701843 4.585370 -39.474308
v 244.701233 4.588137 -39.644753
v 243.842026 4.461451 -39.599438
v 243.842285 4.460188 -39.521610
v 244.754333 4.461450 -39.602631
v 244.754608 4.460187 -39.524807
v 244.754608 4.356765 -39.524788
v 243.842285 4.356765 -39.521610
v 244.754349 4.358028 -39.602615
v 243.842026 4.358028 -39.599438
v 174.560181 -1.694547 -61.328060
v 174.729858 -1.695929 -61.383247
v 174.698761 -1.693163 -61.215675
v 174.424179 4.586751 -61.353298
v 174.593872 4.585368 -61.408489
v 174.562759 4.588136 -61.240910
v 175.415436 4.461450 -61.125717
v 175.429626 4.460187 -61.202236
v 174.518417 4.461450 -61.292160
v 174.532623 4.460186 -61.368687
v 174.532623 4.356764 -61.368690
v 175.429626 4.356763 -61.202236
v 174.518417 4.358027 -61.292175
v 175.415436 4.358027 -61.125717
v 174.561584 -1.694545 -39.573109
v 174.726044 -1.695928 -39.642319
v 174.709076 -1.693161 -39.472725
v 174.423950 4.586752 -39.586872
v 174.588409 4.585370 -39.656082
v 174.571442 4.588137 -39.486485
v 175.430756 4.461452 -39.443081
v 175.438507 4.460188 -39.520519
v 174.522980 4.461451 -39.533848
v 174.530716 4.460187 -39.611286
v 174.530716 4.356765 -39.611305
v 175.438507 4.356765 -39.520519
v 174.522964 4.358028 -39.533863
v 175.430756 4.358028 -39.443081
v 278.719788 4.359958 -86.235008
v 278.804993 4.358700 -86.078247
v 278.804993 -1.851225 -85.748558
v 278.719788 -1.849968 -85.905312
v 278.634583 4.361211 -86.078247
v 278.634583 -1.848713 -85.748558
v 278.676880 4.234593 -85.218887
v 278.754700 4.233445 -85.218887
v 278.676880 4.234593 -86.131203
v 278.754730 4.233446 -86.131203
v 278.754730 4.130023 -86.131203
v 278.754700 4.130022 -85.218887
v 278.676880 4.131169 -86.131203
v 278.676880 4.131170 -85.218887
v 294.354095 3.822075 -85.549774
v 294.439331 3.820377 -85.393021
v 294.439331 -1.843002 -85.748558
v 294.354095 -1.841302 -85.905312
v 294.268890 3.823774 -85.393021
v 294.268890 -1.839603 -85.748558
v 294.311188 3.696933 -84.533653
v 294.389038 3.695383 -84.533653
v 294.311157 3.696933 -85.445976
v 294.389008 3.695380 -85.445976
v 294.389038 3.591959 -85.445976
v 294.389038 3.591959 -84.533653
v 294.311188 3.593511 -85.445976
v 294.311188 3.593508 -84.533653
v 324.378418 4.586750 -86.043640
v 324.463654 4.585367 -85.886887
v 324.463654 -1.695931 -85.748558
v 324.378418 -1.694548 -85.905312
v 324.293213 4.588134 -85.886887
v 324.293213 -1.693164 -85.748558
v 324.335510 4.461449 -85.027519
v 324.413361 4.460186 -85.027519
v 324.335510 4.461448 -85.939835
v 324.413330 4.460184 -85.939835
v 324.413361 4.356762 -85.939842
v 324.413361 4.356763 -85.027512
v 324.335510 4.358026 -85.939842
v 324.335510 4.358026 -85.027519
v 324.590027 -1.694546 -61.308388
v 324.433563 -1.695929 -61.222614
v 324.432983 -1.693163 -61.393051
v 324.728333 4.586751 -61.308865
v 324.571899 4.585368 -61.223091
v 324.571289 4.588136 -61.393536
v 323.712067 4.461450 -61.348221
v 323.712341 4.460187 -61.270393
v 324.624390 4.461450 -61.351414
v 324.624664 4.460186 -61.273590
v 324.624664 4.356764 -61.273579
v 323.712341 4.356763 -61.270393
v 324.624390 4.358027 -61.351402
v 323.712067 4.358027 -61.348221
v 324.728333 4.586752 -39.560081
v 324.571899 4.585370 -39.474308
v 324.571289 4.588137 -39.644753
v 323.712067 4.461451 -39.599438
v 323.712341 4.460188 -39.521610
v 324.624390 4.461450 -39.602631
v 324.624664 4.460187 -39.524807
v 324.624664 4.356765 -39.524788
v 323.712341 4.356765 -39.521610
v 324.624390 4.358028 -39.602615
v 323.712067 4.358028 -39.599438
v 278.719788 4.359962 -39.603470
v 278.804993 4.358704 -39.446712
v 278.804993 -1.851222 -39.117020
v 278.719788 -1.849965 -39.273781
v 278.634583 4.361216 -39.446712
v 278.634583 -1.848710 -39.117020
v 278.676880 4.234596 -38.587345
v 278.754700 4.233448 -38.587345
v 278.676880 4.234597 -39.499664
v 278.754730 4.233450 -39.499668
v 278.754730 4.130027 -39.499668
v 278.754700 4.130025 -38.587345
v 278.676880 4.131173 -39.499668
v 278.676880 4.131173 -38.587345
v 294.354095 3.822079 -38.918240
v 294.439331 3.820380 -38.761482
v 294.439331 -1.842999 -39.117020
v 294.354095 -1.841299 -39.273777
v 294.268890 3.823777 -38.761482
v 294.268890 -1.839600 -39.117020
v 294.311188 3.696937 -37.902115
v 294.389038 3.695386 -37.902115
v 294.311157 3.696936 -38.814438
v 294.389008 3.695385 -38.814438
v 294.389038 3.591962 -38.814438
v 294.389038 3.591962 -37.902115
v 294.311188 3.593514 -38.814438
v 294.311188 3.593513 -37.902115
v 163.111481 1.737918 -8.792686
v 163.211929 1.741957 -8.792686
v 163.111481 -1.264708 -8.792686
v 163.211929 -1.264708 -8.792686
v 163.211929 1.741957 -8.692252
v 163.111481 1.741957 -8.692252
v 163.211929 -1.264708 -8.692252
v 163.111481 -1.264708 -8.692252
v 163.111481 2.525792 -8.087244
v 163.211929 2.531093 -8.081438
v 163.211929 2.472555 -8.021379
v 163.111481 2.467498 -8.026917
v 153.068192 1.737918 -8.792686
v 153.168625 1.741957 -8.792686
v 153.068192 -1.264708 -8.792686
v 153.168625 -1.264708 -8.792686
v 153.168625 1.741957 -8.692252
v 153.068192 1.741957 -8.692252
v 153.168625 -1.264708 -8.692252
v 153.068192 -1.264708 -8.692252
v 153.068192 2.525792 -8.087244
v 153.168625 2.531093 -8.081438
v 153.168625 2.472555 -8.021379
v 153.068192 2.467498 -8.026917
v 143.024902 1.737918 -8.792686
v 143.125351 1.741957 -8.792686
v 143.024902 -1.264708 -8.792686
v 143.125351 -1.264708 -8.792686
v 143.125351 1.741957 -8.692252
v 143.024902 1.741957 -8.692252
v 143.125351 -1.264708 -8.692252
v 143.024902 -1.264708 -8.692252
v 143.024902 2.525792 -8.087244
v 143.125351 2.531093 -8.081438
v 143.125351 2.472555 -8.021379
v 143.024902 2.467498 -8.026917
v 132.981613 -1.264708 -8.792686
v 133.082062 -1.264708 -8.792686
v 133.082062 -1.264708 -8.692252
v 132.981613 -1.264708 -8.692252
v 132.981598 2.525792 -8.087244
v 133.082047 2.531093 -8.081438
v 132.981598 1.737919 -8.792686
v 133.082047 1.741958 -8.792686
v 133.082047 2.472555 -8.021379
v 132.981598 2.467498 -8.026917
v 133.082047 1.741958 -8.692252
v 132.981598 1.741958 -8.692252
v 122.938324 1.737918 -8.792686
v 123.038773 1.741957 -8.792686
v 122.938324 -1.264708 -8.792686
v 123.038773 -1.264708 -8.792686
v 123.038773 1.741957 -8.692252
v 122.938324 1.741957 -8.692252
v 123.038773 -1.264708 -8.692252
v 122.938324 -1.264708 -8.692252
v 122.938324 2.525792 -8.087244
v 123.038773 2.531093 -8.081438
v 123.038773 2.472555 -8.021379
v 122.938324 2.467498 -8.026917
v 112.895020 1.737918 -8.792686
v 112.995468 1.741957 -8.792686
v 112.895020 -1.264708 -8.792686
v 112.995468 -1.264708 -8.792686
v 112.995468 1.741957 -8.692252
v 112.895020 1.741957 -8.692252
v 112.995468 -1.264708 -8.692252
v 112.895020 -1.264708 -8.692252
v 112.895035 2.525792 -8.087244
v 112.995476 2.531093 -8.081438
v 112.995476 2.472555 -8.021379
v 112.895035 2.467498 -8.026917
v 102.851730 1.737918 -8.792686
v 102.952179 1.741957 -8.792686
v 102.851730 -1.264708 -8.792686
v 102.952179 -1.264708 -8.792686
v 102.952179 1.741957 -8.692252
v 102.851730 1.741957 -8.692252
v 102.952179 -1.264708 -8.692252
v 102.851730 -1.264708 -8.692252
v 102.851730 2.525792 -8.087244
v 102.952179 2.531093 -8.081438
v 102.952179 2.472555 -8.021379
v 102.851730 2.467498 -8.026917
v 92.808456 -1.264708 -8.792686
v 92.908905 -1.264708 -8.792686
v 92.908905 -1.264708 -8.692252
v 92.808456 -1.264708 -8.692252
v 92.808449 2.525792 -8.087244
v 92.908890 2.531093 -8.081438
v 92.808449 1.737919 -8.792686
v 92.908890 1.741958 -8.792686
v 92.908890 2.472555 -8.021379
v 92.808449 2.467498 -8.026917
v 92.908890 1.741958 -8.692252
v 92.808449 1.741958 -8.692252
v 82.765175 1.737918 -8.792686
v 82.865623 1.741957 -8.792686
v 82.765175 -1.264708 -8.792686
v 82.865623 -1.264708 -8.792686
v 82.865623 1.741957 -8.692252
v 82.765175 1.741957 -8.692252
v 82.865623 -1.264708 -8.692252
v 82.765175 -1.264708 -8.692252
v 82.765175 2.525792 -8.087244
v 82.865623 2.531093 -8.081438
v 82.865623 2.472555 -8.021379
v 82.765175 2.467498 -8.026917
v 72.721886 -1.264708 -8.792686
v 72.822334 -1.264708 -8.792686
v 72.822334 -1.264708 -8.692252
v 72.721886 -1.264708 -8.692252
v 72.721878 2.525792 -8.087244
v 72.822319 2.531093 -8.081438
v 72.721878 1.737919 -8.792686
v 72.822319 1.741958 -8.792686
v 72.822319 2.472555 -8.021379
v 72.721878 2.467498 -8.026917
v 72.822319 1.741958 -8.692252
v 72.721878 1.741958 -8.692252
v 62.678604 1.737918 -8.792686
v 62.779053 1.741957 -8.792686
v 62.678604 -1.264708 -8.792686
v 62.779053 -1.264708 -8.792686
v 62.779053 1.741957 -8.692252
v 62.678604 1.741957 -8.692252
v 62.779053 -1.264708 -8.692252
v 62.678604 -1.264708 -8.692252
v 62.678604 2.525792 -8.087244
v 62.779053 2.531093 -8.081438
v 62.779053 2.472555 -8.021379
v 62.678604 2.467498 -8.026917
v 52.635315 -1.264708 -8.792686
v 52.735764 -1.264708 -8.792686
v 52.735764 -1.264708 -8.692252
v 52.635315 -1.264708 -8.692252
v 52.635292 2.525792 -8.087244
v 52.735741 2.531093 -8.081438
v 52.635292 1.737919 -8.792686
v 52.735741 1.741958 -8.792686
v 52.735741 2.472555 -8.021379
v 52.635292 2.467498 -8.026917
v 52.735741 1.741958 -8.692252
v 52.635292 1.741958 -8.692252
v 60.260193 1.737918 -8.792686
v 60.360641 1.741957 -8.792686
v 60.260193 -1.264708 -8.792686
v 60.360641 -1.264708 -8.792686
v 60.360641 1.741957 -8.692252
v 60.260193 1.741957 -8.692252
v 60.360641 -1.264708 -8.692252
v 60.260193 -1.264708 -8.692252
v 60.260193 2.525792 -8.087244
v 60.360641 2.531093 -8.081438
v 60.360641 2.472555 -8.021379
v 60.260193 2.467498 -8.026917
v 58.799049 1.737918 -8.792686
v 58.899490 1.741957 -8.792686
v 58.799049 -1.264708 -8.792686
v 58.899490 -1.264708 -8.792686
v 58.899490 1.741957 -8.692252
v 58.799049 1.741957 -8.692252
v 58.899490 -1.264708 -8.692252
v 58.799049 -1.264708 -8.692252
v 58.799049 2.525792 -8.087244
v 58.899490 2.531093 -8.081438
v 58.899490 2.472555 -8.021379
v 58.799049 2.467498 -8.026917
v 173.102386 -1.264708 -8.792688
v 173.202820 -1.264708 -8.792688
v 173.202820 -1.264708 -8.692255
v 173.102386 -1.264708 -8.692255
v 173.102386 2.525792 -8.087244
v 173.202820 2.531093 -8.081438
v 173.102386 1.737918 -8.792686
v 173.202820 1.741957 -8.792686
v 173.202820 2.472555 -8.021379
v 173.102386 2.467498 -8.026917
v 173.202820 1.741957 -8.692252
v 173.102386 1.741957 -8.692252
v 132.971359 1.270874 13.679536
v 133.071808 1.266841 13.679536
v 132.971359 -1.670889 13.679536
v 133.071808 -1.670889 13.679536
v 133.071808 1.265990 13.779969
v 132.971359 1.269584 13.779969
v 133.071808 -1.670889 13.779969
v 132.971359 -1.670889 13.779969
v 143.007996 1.276071 13.679533
v 143.108444 1.275339 13.679533
v 143.007996 -1.670889 13.679533
v 143.108444 -1.670889 13.679533
v 143.108444 1.271564 13.779966
v 143.007996 1.272640 13.779966
v 143.108444 -1.670889 13.779966
v 143.007996 -1.670889 13.779966
v 163.111450 1.331737 13.679533
v 163.211899 1.339600 13.679533
v 163.111450 -1.670889 13.679533
v 163.211899 -1.670889 13.679533
v 163.211899 1.343276 13.779966
v 163.111450 1.335776 13.779966
v 163.211899 -1.670889 13.779966
v 163.111450 -1.670889 13.779966
v 153.038956 1.273596 13.679533
v 153.139389 1.270339 13.679533
v 153.038956 -1.670889 13.679533
v 153.139389 -1.670889 13.679533
v 153.139389 1.277355 13.779966
v 153.038956 1.281033 13.779966
v 153.139389 -1.670889 13.779966
v 153.038956 -1.670889 13.779966
v 92.798073 1.244301 13.679542
v 92.898514 1.247391 13.679542
v 92.798073 -1.670885 13.679542
v 92.898514 -1.670885 13.679542
v 92.898514 1.252392 13.779975
v 92.798073 1.248628 13.779975
v 92.898514 -1.670885 13.779975
v 92.798073 -1.670885 13.779975
v 102.834732 1.312142 13.679542
v 102.935181 1.310727 13.679542
v 102.834732 -1.670885 13.679542
v 102.935181 -1.670885 13.679542
v 102.935181 1.306838 13.779975
v 102.834732 1.308359 13.779975
v 102.935181 -1.670885 13.779975
v 102.834732 -1.670885 13.779975
v 122.938194 1.354791 13.679536
v 123.038635 1.356142 13.679536
v 122.938194 -1.670885 13.679536
v 123.038635 -1.670885 13.679536
v 123.038635 1.350268 13.779969
v 122.938194 1.348858 13.779969
v 123.038635 -1.670885 13.779969
v 122.938194 -1.670885 13.779969
v 112.865685 1.374530 13.679542
v 112.966125 1.375717 13.679542
v 112.865685 -1.670885 13.679542
v 112.966125 -1.670885 13.679542
v 112.966125 1.377389 13.779975
v 112.865685 1.376146 13.779975
v 112.966125 -1.670885 13.779975
v 112.865685 -1.670885 13.779975
v 52.624786 1.303983 13.679551
v 52.725235 1.303983 13.679551
v 52.624786 -1.670881 13.679551
v 52.725235 -1.670881 13.679551
v 52.725235 1.303983 13.779984
v 52.624786 1.303983 13.779984
v 52.725235 -1.670881 13.779984
v 52.624786 -1.670881 13.779984
v 62.661430 1.329837 13.679551
v 62.761879 1.326926 13.679551
v 62.661430 -1.670881 13.679551
v 62.761879 -1.670881 13.679551
v 62.761879 1.327363 13.779984
v 62.661430 1.330070 13.779984
v 62.761879 -1.670881 13.779984
v 62.661430 -1.670881 13.779984
v 82.764900 1.331463 13.679548
v 82.865349 1.327503 13.679548
v 82.764900 -1.670881 13.679548
v 82.865349 -1.670881 13.679548
v 82.865349 1.327692 13.779982
v 82.764900 1.331547 13.779982
v 82.865349 -1.670881 13.779982
v 82.764900 -1.670881 13.779982
v 72.692383 1.255708 13.679548
v 72.792824 1.259965 13.679548
v 72.692383 -1.670881 13.679548
v 72.792824 -1.670881 13.679548
v 72.792824 1.261418 13.779982
v 72.692383 1.256596 13.779982
v 72.792824 -1.670881 13.779982
v 72.692383 -1.670881 13.779982
v 62.229942 -1.250247 -8.982695
v 62.144730 -1.250247 -9.139450
v 62.315163 -1.250247 -9.139450
v 62.229942 6.287399 -8.844370
v 62.144730 6.287399 -9.001125
v 62.315155 6.287399 -9.001125
v 62.272850 6.161401 -9.860496
v 62.195023 6.161401 -9.860496
v 62.272850 6.161402 -8.948173
v 62.195023 6.161402 -8.948173
v 62.195023 6.057979 -8.948170
v 62.195023 6.057978 -9.860496
v 62.272850 6.057979 -8.948168
v 62.272850 6.057978 -9.860496
v 52.703705 -1.250247 -8.982726
v 52.618500 -1.250247 -9.139481
v 52.788925 -1.250247 -9.139481
v 52.703712 5.905561 -8.982726
v 52.618500 5.905561 -9.139481
v 52.788925 5.905561 -9.139481
v 52.746628 5.779563 -9.998849
v 52.668785 5.779563 -9.998849
v 52.746635 5.779563 -9.086529
v 52.668785 5.779563 -9.086529
v 52.668785 5.676140 -9.086523
v 52.668785 5.676140 -9.998849
v 52.746635 5.676140 -9.086524
v 52.746628 5.676140 -9.998849
v 173.203506 -1.609388 26.644974
v 173.288727 -1.609401 26.801731
v 173.118301 -1.609379 26.801731
v 173.203506 4.290073 26.644974
v 173.288727 4.290060 26.801731
v 173.118301 4.290082 26.801731
v 173.160599 4.164080 27.661098
v 173.238419 4.164070 27.661102
v 173.160583 4.164080 26.748775
v 173.238419 4.164070 26.748779
v 173.238419 4.060647 26.748775
v 173.238419 4.060647 27.661102
v 173.160583 4.060658 26.748775
v 173.160599 4.060658 27.661098
v 81.223015 -1.609374 35.034817
v 81.308228 -1.609374 35.191574
v 81.137787 -1.609374 35.191574
v 81.223015 4.600552 34.705128
v 81.308228 4.600552 34.861885
v 81.137787 4.600552 34.861885
v 81.180092 4.474555 35.721249
v 81.257942 4.474555 35.721249
v 81.180092 4.474554 34.808929
v 81.257942 4.474554 34.808929
v 81.257942 4.371131 34.808926
v 81.257942 4.371131 35.721249
v 81.180092 4.371131 34.808926
v 81.180092 4.371131 35.721249
v 109.738235 -1.609375 26.644978
v 109.823448 -1.609375 26.801735
v 109.653030 -1.609375 26.801735
v 109.738235 4.054003 27.000519
v 109.823463 4.054003 27.157276
v 109.653030 4.054003 27.157276
v 109.695328 3.928005 28.016640
v 109.773163 3.928005 28.016640
v 109.695328 3.928005 27.104317
v 109.773163 3.928005 27.104317
v 109.773163 3.824582 27.104313
v 109.773163 3.824582 28.016640
v 109.695328 3.824582 27.104313
v 109.695328 3.824582 28.016640
v 138.251450 -1.609375 26.644970
v 138.336670 -1.609375 26.801727
v 138.166245 -1.609375 26.801727
v 138.251450 4.671924 26.506645
v 138.336670 4.671924 26.663403
v 138.166245 4.671924 26.663403
v 138.208542 4.545926 27.522774
v 138.286377 4.545926 27.522774
v 138.208542 4.545926 26.610451
v 138.286377 4.545926 26.610451
v 138.286377 4.442503 26.610447
v 138.286377 4.442503 27.522774
v 138.208542 4.442503 26.610447
v 138.208542 4.442503 27.522774
v 154.135468 -1.250246 -8.982732
v 154.050262 -1.250246 -9.139486
v 154.220703 -1.250246 -9.139486
v 154.135483 5.905561 -8.982729
v 154.050262 5.905561 -9.139484
v 154.220703 5.905561 -9.139484
v 154.178391 5.779563 -9.998852
v 154.100540 5.779563 -9.998852
v 154.178391 5.779563 -9.086532
v 154.100540 5.779563 -9.086532
v 154.100540 5.676140 -9.086527
v 154.100540 5.676140 -9.998852
v 154.178391 5.676140 -9.086527
v 154.178391 5.676140 -9.998852
v 132.457291 -1.250246 -8.982716
v 132.372070 -1.250246 -9.139473
v 132.542496 -1.250246 -9.139473
v 132.457275 6.216026 -8.653023
v 132.372070 6.216026 -8.809780
v 132.542496 6.216026 -8.809780
v 132.500183 6.090028 -9.669148
v 132.422363 6.090028 -9.669148
v 132.500198 6.090028 -8.756825
v 132.422363 6.090028 -8.756825
v 132.422363 5.986607 -8.756823
v 132.422363 5.986606 -9.669148
v 132.500198 5.986607 -8.756823
v 132.500183 5.986606 -9.669148
v 97.107040 -1.250246 -8.982706
v 97.021828 -1.250246 -9.139462
v 97.192253 -1.250246 -9.139462
v 97.107040 5.669478 -8.889284
v 97.021828 5.669478 -9.046041
v 97.192253 5.669478 -9.046041
v 97.149963 5.543480 -9.905410
v 97.072113 5.543480 -9.905409
v 97.149963 5.543480 -8.993087
v 97.072113 5.543480 -8.993087
v 97.072113 5.440058 -8.993084
v 97.072113 5.440058 -9.905409
v 97.149963 5.440058 -8.993084
v 97.149963 5.440058 -9.905410
v 172.931076 -1.250246 -8.982732
v 172.845871 -1.250246 -9.139486
v 173.016312 -1.250246 -9.139487
v 172.931091 5.905561 -8.982729
v 172.845871 5.905561 -9.139484
v 173.016312 5.905561 -9.139484
v 172.973999 5.779563 -9.998852
v 172.896149 5.779563 -9.998852
v 172.973999 5.779563 -9.086532
v 172.896149 5.779563 -9.086532
v 172.896149 5.676140 -9.086527
v 172.896149 5.676140 -9.998852
v 172.973999 5.676140 -9.086527
v 172.973999 5.676140 -9.998852
v 158.141449 -1.694545 -39.662781
v 158.228668 -1.695928 -39.507133
v 158.058258 -1.693162 -39.504944
v 158.139679 4.586752 -39.801094
v 158.226913 4.585370 -39.645447
v 158.056488 4.588137 -39.643257
v 158.109818 4.461452 -38.784500
v 158.187622 4.460188 -38.785492
v 158.098099 4.461451 -39.696739
v 158.175919 4.460187 -39.697742
v 158.175934 4.356765 -39.697746
v 158.187622 4.356765 -38.785492
v 158.098114 4.358028 -39.696747
v 158.109818 4.358028 -38.784500
v 12.451420 1.270886 13.679537
v 12.551865 1.266847 13.679537
v 12.451420 -1.670896 13.679537
v 12.551865 -1.670896 13.679537
v 12.551865 1.265989 13.779970
v 12.451420 1.269588 13.779970
v 12.551865 -1.670896 13.779970
v 12.451420 -1.670896 13.779970
v 22.488052 1.276106 13.679533
v 22.588499 1.275379 13.679533
v 22.488052 -1.670896 13.679533
v 22.588499 -1.670896 13.679533
v 22.588499 1.271602 13.779966
v 22.488052 1.272675 13.779966
v 22.588499 -1.670896 13.779966
v 22.488052 -1.670896 13.779966
v 42.591515 1.331670 13.679533
v 42.691959 1.339537 13.679533
v 42.591515 -1.670896 13.679533
v 42.691959 -1.670896 13.679533
v 42.691959 1.343233 13.779966
v 42.591515 1.335729 13.779966
v 42.691959 -1.670896 13.779966
v 42.591515 -1.670896 13.779966
v 32.519009 1.273492 13.679533
v 32.619453 1.270241 13.679533
v 32.519009 -1.670896 13.679533
v 32.619453 -1.670896 13.679533
v 32.619453 1.277265 13.779966
v 32.519009 1.280937 13.779966
v 32.619453 -1.670896 13.779966
v 32.519009 -1.670896 13.779966
v -27.721870 1.244236 13.679543
v -27.621426 1.247317 13.679543
v -27.721870 -1.670893 13.679543
v -27.621426 -1.670893 13.679543
v -27.621426 1.252326 13.779976
v -27.721870 1.248570 13.779976
v -27.621426 -1.670893 13.779976
v -27.721870 -1.670893 13.779976
v -17.685211 1.312183 13.679543
v -17.584766 1.310771 13.679543
v -17.685211 -1.670893 13.679543
v -17.584766 -1.670893 13.679543
v -17.584766 1.306876 13.779976
v -17.685211 1.308396 13.779976
v -17.584766 -1.670893 13.779976
v -17.685211 -1.670893 13.779976
v 2.418236 1.354850 13.679537
v 2.518682 1.356200 13.679537
v 2.418236 -1.670893 13.679537
v 2.518682 -1.670893 13.679537
v 2.518682 1.350341 13.779970
v 2.418236 1.348931 13.779970
v 2.518682 -1.670893 13.779970
v 2.418236 -1.670893 13.779970
v -67.895157 1.303975 13.679552
v -67.794708 1.303975 13.679552
v -67.895157 -1.670889 13.679552
v -67.794708 -1.670889 13.679552
v -67.794708 1.303975 13.779985
v -67.895157 1.303975 13.779985
v -67.794708 -1.670889 13.779985
v -67.895157 -1.670889 13.779985
v -57.858498 1.329826 13.679552
v -57.758049 1.326912 13.679552
v -57.858498 -1.670889 13.679552
v -57.758049 -1.670889 13.679552
v -57.758049 1.327351 13.779985
v -57.858498 1.330061 13.779985
v -57.758049 -1.670889 13.779985
v -57.858498 -1.670889 13.779985
v -37.755043 1.331457 13.679549
v -37.654594 1.327497 13.679549
v -37.755043 -1.670889 13.679549
v -37.654594 -1.670889 13.679549
v -37.654594 1.327678 13.779983
v -37.755043 1.331536 13.779983
v -37.654594 -1.670889 13.779983
v -37.755043 -1.670889 13.779983
v -47.827553 1.255691 13.679549
v -47.727112 1.259939 13.679549
v -47.827553 -1.670889 13.679549
v -47.727112 -1.670889 13.679549
v -47.727112 1.261393 13.779983
v -47.827553 1.256577 13.779983
v -47.727112 -1.670889 13.779983
v -47.827553 -1.670889 13.779983
v -8.765602 1.303995 13.768379
v -8.866047 1.303995 13.768379
v -8.765602 -1.670869 13.768379
v -8.866047 -1.670869 13.768379
v -8.866047 1.303995 13.667946
v -8.765602 1.303995 13.667946
v -8.866047 -1.670869 13.667946
v -8.765602 -1.670869 13.667946
v -7.514988 1.303995 13.768379
v -7.615433 1.303995 13.768379
v -7.514988 -1.670869 13.768379
v -7.615433 -1.670869 13.768379
v -7.615433 1.303995 13.667946
v -7.514988 1.303995 13.667946
v -7.615433 -1.670869 13.667946
v -7.514988 -1.670869 13.667946
v -7.562683 0.274866 13.738183
v -7.562683 0.320720 13.738183
v -8.795807 0.274866 13.738183
v -8.795807 0.320720 13.738183
v -7.562683 0.320720 13.698143
v -7.562683 0.274866 13.698143
v -8.795807 0.320720 13.698143
v -8.795807 0.274866 13.698143
v -8.798859 0.938397 13.698143
v -8.798859 0.984251 13.698143
v -7.565735 0.938397 13.698143
v -7.565735 0.984251 13.698143
v -8.798859 0.984251 13.738183
v -8.798859 0.938397 13.738183
v -7.565735 0.984251 13.738183
v -7.565735 0.938397 13.738183
v -8.825428 0.819928 13.210163
v -8.825428 0.512193 13.210163
v -8.825428 0.819928 13.440962
v -8.825428 0.512193 13.440962
v -8.825428 0.819928 13.671767
v -8.825428 0.512193 13.671767
v -8.778805 0.512193 13.440962
v -8.778805 0.512193 13.210163
v -8.778805 0.512193 13.671767
v -8.778805 0.819928 13.671767
v -8.778805 0.819928 13.440962
v -8.778805 0.819928 13.210163
v -6.972775 -1.005532 16.047665
v -6.968464 -1.005533 13.652554
v -7.094421 -1.005533 13.652080
v -7.098717 -1.005532 16.047192
v 42.591675 1.737910 -8.792686
v 42.692123 1.741950 -8.792686
v 42.591675 -1.264715 -8.792686
v 42.692123 -1.264715 -8.792686
v 42.692123 1.741950 -8.692253
v 42.591675 1.741949 -8.692253
v 42.692123 -1.264715 -8.692253
v 42.591675 -1.264715 -8.692253
v 42.591675 2.525784 -8.087246
v 42.692123 2.531085 -8.081440
v 42.692123 2.472547 -8.021379
v 42.591675 2.467491 -8.026918
v 32.548378 1.737910 -8.792686
v 32.648823 1.741950 -8.792686
v 32.548378 -1.264715 -8.792686
v 32.648823 -1.264715 -8.792686
v 32.648823 1.741950 -8.692253
v 32.548378 1.741949 -8.692253
v 32.648823 -1.264715 -8.692253
v 32.548378 -1.264715 -8.692253
v 32.548378 2.525784 -8.087246
v 32.648823 2.531085 -8.081440
v 32.648823 2.472547 -8.021379
v 32.548378 2.467491 -8.026918
v 22.505093 1.737910 -8.792686
v 22.605539 1.741950 -8.792686
v 22.505093 -1.264715 -8.792686
v 22.605539 -1.264715 -8.792686
v 22.605539 1.741950 -8.692253
v 22.505093 1.741949 -8.692253
v 22.605539 -1.264715 -8.692253
v 22.505093 -1.264715 -8.692253
v 22.505093 2.525784 -8.087246
v 22.605539 2.531085 -8.081440
v 22.605539 2.472547 -8.021379
v 22.505093 2.467491 -8.026918
v 12.461807 -1.264715 -8.792686
v 12.562254 -1.264715 -8.792686
v 12.562254 -1.264715 -8.692253
v 12.461807 -1.264715 -8.692253
v 12.461796 2.525784 -8.087246
v 12.562241 2.531085 -8.081440
v 12.461796 1.737911 -8.792686
v 12.562241 1.741950 -8.792686
v 12.562241 2.472547 -8.021379
v 12.461796 2.467491 -8.026918
v 12.562241 1.741950 -8.692253
v 12.461796 1.741950 -8.692253
v 2.418522 1.737910 -8.792686
v 2.518969 1.741950 -8.792686
v 2.418522 -1.264715 -8.792686
v 2.518969 -1.264715 -8.792686
v 2.518969 1.741950 -8.692253
v 2.418522 1.741949 -8.692253
v 2.518969 -1.264715 -8.692253
v 2.418522 -1.264715 -8.692253
v 2.418522 2.525784 -8.087246
v 2.518969 2.531085 -8.081440
v 2.518969 2.472547 -8.021379
v 2.418522 2.467491 -8.026918
v -7.624786 1.737910 -8.792686
v -7.524342 1.741950 -8.792686
v -7.624786 -1.264715 -8.792686
v -7.524342 -1.264715 -8.792686
v -7.524342 1.741950 -8.692253
v -7.624786 1.741949 -8.692253
v -7.524342 -1.264715 -8.692253
v -7.624786 -1.264715 -8.692253
v -7.624775 2.525784 -8.087246
v -7.524330 2.531085 -8.081440
v -7.524330 2.472547 -8.021379
v -7.624775 2.467491 -8.026918
v -17.668072 1.737910 -8.792686
v -17.567627 1.741950 -8.792686
v -17.668072 -1.264715 -8.792686
v -17.567627 -1.264715 -8.792686
v -17.567627 1.741950 -8.692253
v -17.668072 1.741949 -8.692253
v -17.567627 -1.264715 -8.692253
v -17.668072 -1.264715 -8.692253
v -17.668072 2.525784 -8.087246
v -17.567627 2.531085 -8.081440
v -17.567627 2.472547 -8.021379
v -17.668072 2.467491 -8.026918
v -27.711346 -1.264715 -8.792686
v -27.610901 -1.264715 -8.792686
v -27.610901 -1.264715 -8.692253
v -27.711346 -1.264715 -8.692253
v -27.711357 2.525784 -8.087246
v -27.610912 2.531085 -8.081440
v -27.711357 1.737911 -8.792686
v -27.610912 1.741950 -8.792686
v -27.610912 2.472547 -8.021379
v -27.711357 2.467491 -8.026918
v -27.610912 1.741950 -8.692253
v -27.711357 1.741950 -8.692253
v -37.754631 1.737910 -8.792686
v -37.654182 1.741950 -8.792686
v -37.754631 -1.264715 -8.792686
v -37.654182 -1.264715 -8.792686
v -37.654182 1.741950 -8.692253
v -37.754631 1.741949 -8.692253
v -37.654182 -1.264715 -8.692253
v -37.754631 -1.264715 -8.692253
v -37.754631 2.525784 -8.087246
v -37.654182 2.531085 -8.081440
v -37.654182 2.472547 -8.021379
v -37.754631 2.467491 -8.026918
v -47.797913 -1.264715 -8.792686
v -47.697464 -1.264715 -8.792686
v -47.697464 -1.264715 -8.692253
v -47.797913 -1.264715 -8.692253
v -47.797920 2.525784 -8.087246
v -47.697479 2.531085 -8.081440
v -47.797920 1.737911 -8.792686
v -47.697479 1.741950 -8.792686
v -47.697479 2.472547 -8.021379
v -47.797920 2.467491 -8.026918
v -47.697479 1.741950 -8.692253
v -47.797920 1.741950 -8.692253
v -57.841194 1.737910 -8.792686
v -57.740753 1.741950 -8.792686
v -57.841194 -1.264715 -8.792686
v -57.740753 -1.264715 -8.792686
v -57.740753 1.741950 -8.692253
v -57.841194 1.741949 -8.692253
v -57.740753 -1.264715 -8.692253
v -57.841194 -1.264715 -8.692253
v -57.841194 2.525784 -8.087246
v -57.740753 2.531085 -8.081440
v -57.740753 2.472547 -8.021379
v -57.841194 2.467491 -8.026918
v -67.884483 -1.264715 -8.792686
v -67.784035 -1.264715 -8.792686
v -67.784035 -1.264715 -8.692253
v -67.884483 -1.264715 -8.692253
v -67.884506 2.525784 -8.087246
v -67.784058 2.531085 -8.081440
v -67.884506 1.737911 -8.792686
v -67.784058 1.741950 -8.792686
v -67.784058 2.472547 -8.021379
v -67.884506 2.467491 -8.026918
v -67.784058 1.741950 -8.692253
v -67.884506 1.741950 -8.692253
v -37.630493 1.303973 -19.683090
v -37.730942 1.303973 -19.683075
v -37.630493 -1.670891 -19.683090
v -37.730942 -1.670891 -19.683075
v -37.730942 1.303972 -19.783512
v -37.630493 1.303972 -19.783527
v -37.730942 -1.670892 -19.783512
v -37.630493 -1.670892 -19.783527
v -45.197403 1.303973 -19.683090
v -45.297852 1.303973 -19.683075
v -45.197403 -1.670891 -19.683090
v -45.297852 -1.670891 -19.683075
v -45.297852 1.303972 -19.783512
v -45.197403 1.303972 -19.783527
v -45.297852 -1.670892 -19.783512
v -45.197403 -1.670892 -19.783527
v -52.492828 1.303972 -19.850220
v -52.593277 1.303972 -19.850204
v -52.492828 -1.670892 -19.850220
v -52.593277 -1.670892 -19.850204
v -52.593277 1.303972 -19.950638
v -52.492828 1.303972 -19.950653
v -52.593277 -1.670892 -19.950638
v -52.492828 -1.670892 -19.950653
v -60.537552 1.303972 -19.814003
v -60.638000 1.303972 -19.813988
v -60.537552 -1.670892 -19.814003
v -60.638000 -1.670892 -19.813988
v -60.638000 1.303972 -19.914421
v -60.537552 1.303972 -19.914436
v -60.638000 -1.670892 -19.914421
v -60.537552 -1.670892 -19.914436
v -67.836090 -1.609375 26.644989
v -67.750877 -1.609375 26.801746
v -67.921310 -1.609375 26.801746
v -67.836090 4.290086 26.644989
v -67.750877 4.290086 26.801746
v -67.921310 4.290086 26.801746
v -67.879005 4.164088 27.661114
v -67.801170 4.164088 27.661114
v -67.879013 4.164088 26.748791
v -67.801170 4.164088 26.748791
v -67.801170 4.060665 26.748787
v -67.801170 4.060665 27.661114
v -67.879013 4.060665 26.748787
v -67.879005 4.060665 27.661114
v -38.557228 -1.609375 26.644985
v -38.472015 -1.609375 26.801743
v -38.642441 -1.609375 26.801743
v -38.557228 4.600551 26.315296
v -38.472015 4.600551 26.472054
v -38.642441 4.600551 26.472054
v -38.600136 4.474554 27.331421
v -38.522301 4.474554 27.331421
v -38.600136 4.474553 26.419098
v -38.522301 4.474553 26.419098
v -38.522301 4.371131 26.419094
v -38.522301 4.371131 27.331421
v -38.600136 4.371131 26.419094
v -38.600136 4.371131 27.331421
v -10.041988 -1.609375 26.644985
v -9.956776 -1.609375 26.801739
v -10.127201 -1.609375 26.801739
v -10.041988 4.054003 27.000523
v -9.956776 4.054003 27.157280
v -10.127201 4.054003 27.157280
v -10.084911 3.928005 28.016651
v -10.007061 3.928005 28.016651
v -10.084911 3.928005 27.104324
v -10.007061 3.928005 27.104324
v -10.007061 3.824582 27.104324
v -10.007061 3.824582 28.016651
v -10.084911 3.824582 27.104324
v -10.084911 3.824582 28.016651
v 18.471218 -1.609375 26.644985
v 18.556431 -1.609375 26.801739
v 18.386005 -1.609375 26.801739
v 18.471218 4.671924 26.506660
v 18.556431 4.671924 26.663414
v 18.386005 4.671924 26.663414
v 18.428307 4.545926 27.522781
v 18.506145 4.545926 27.522781
v 18.428307 4.545926 26.610458
v 18.506145 4.545926 26.610458
v 18.506145 4.442504 26.610455
v 18.506145 4.442504 27.522781
v 18.428307 4.442504 26.610455
v 18.428307 4.442504 27.522781
v 24.190500 -1.250247 -8.982710
v 24.105289 -1.250247 -9.139467
v 24.275711 -1.250247 -9.139467
v 24.190500 6.216026 -8.653021
v 24.105289 6.216026 -8.809778
v 24.275724 6.216026 -8.809778
v 24.233412 6.090028 -9.669146
v 24.155573 6.090028 -9.669146
v 24.233412 6.090028 -8.756823
v 24.155573 6.090028 -8.756823
v 24.155573 5.986607 -8.756821
v 24.155573 5.986606 -9.669146
v 24.233412 5.986607 -8.756821
v 24.233412 5.986606 -9.669146
v -8.633007 -1.250247 -8.982697
v -8.718220 -1.250247 -9.139452
v -8.547794 -1.250247 -9.139452
v -8.633007 5.669478 -8.889277
v -8.718220 5.669478 -9.046034
v -8.547794 5.669478 -9.046034
v -8.590096 5.543481 -9.905402
v -8.667934 5.543481 -9.905402
v -8.590096 5.543481 -8.993080
v -8.667934 5.543481 -8.993080
v -8.667934 5.440058 -8.993076
v -8.667934 5.440058 -9.905402
v -8.590096 5.440058 -8.993077
v -8.590096 5.440058 -9.905402
v -32.837944 -1.250247 -8.982689
v -32.923157 -1.250247 -9.139444
v -32.752716 -1.250247 -9.139444
v -32.837944 6.287399 -8.844364
v -32.923157 6.287399 -9.001120
v -32.752716 6.287399 -9.001120
v -32.795021 6.161401 -9.860490
v -32.872856 6.161401 -9.860490
v -32.795021 6.161402 -8.948168
v -32.872856 6.161402 -8.948168
v -32.872856 6.057979 -8.948164
v -32.872856 6.057978 -9.860490
v -32.795021 6.057979 -8.948162
v -32.795021 6.057978 -9.860490
v -67.305420 -1.250246 -8.982686
v -67.390633 -1.250246 -9.139441
v -67.220200 -1.250246 -9.139443
v -67.305420 6.287399 -8.844360
v -67.390633 6.287399 -9.001118
v -67.220200 6.287399 -9.001119
v -67.262527 6.161401 -9.860486
v -67.340347 6.161401 -9.860486
v -67.262527 6.161402 -8.948164
v -67.340355 6.161402 -8.948164
v -67.340355 6.057979 -8.948161
v -67.340347 6.057978 -9.860486
v -67.262527 6.057979 -8.948161
v -67.262527 6.057978 -9.860486
v -52.331657 -1.671885 -24.263489
v -52.416870 -1.671885 -24.420246
v -52.246437 -1.671885 -24.420246
v -52.331665 3.137197 -24.125164
v -52.416878 3.137197 -24.281921
v -52.246437 3.137197 -24.281921
v -52.288750 3.011199 -25.141289
v -52.366577 3.011199 -25.141289
v -52.288734 3.011199 -24.228962
v -52.366577 3.011199 -24.228962
v -52.366577 2.907776 -24.228962
v -52.366577 2.907776 -25.141289
v -52.288734 2.907776 -24.228962
v -52.288750 2.907776 -25.141289
v -68.240700 -0.484521 -24.127777
v -68.325928 -0.484521 -24.284538
v -68.155479 -0.484521 -24.284534
v -68.240700 4.290071 -24.261074
v -68.325905 4.290071 -24.417828
v -68.155479 4.290071 -24.417831
v -68.197792 4.164073 -25.277199
v -68.275620 4.164073 -25.277203
v -68.197792 4.164073 -24.364876
v -68.275620 4.164073 -24.364876
v -68.275620 4.060650 -24.364868
v -68.275620 4.060650 -25.277203
v -68.197792 4.060650 -24.364868
v -68.197792 4.060650 -25.277199
v 539.622437 -0.342192 -162.298187
v 539.650818 -0.341956 -162.201843
v 539.622437 -3.279860 -162.298187
v 539.650818 -3.279860 -162.201843
v 539.554504 -0.343012 -162.173477
v 539.526123 -0.342903 -162.269836
v 539.554504 -3.279860 -162.173477
v 539.526123 -3.279860 -162.269836
v 539.842712 -0.265839 -155.014069
v 539.843750 -0.263433 -154.989365
v 539.842712 -3.279861 -155.014069
v 539.843750 -3.279861 -154.989365
v 539.743347 -0.262131 -154.992386
v 539.742371 -0.264441 -155.016266
v 539.743347 -3.279861 -154.992386
v 539.742371 -3.279861 -155.016266
v 535.325500 -0.319272 -151.181824
v 535.214783 -0.319675 -151.166336
v 535.325500 -3.279860 -151.181824
v 535.214783 -3.279860 -151.166336
v 535.200806 -0.316939 -151.265793
v 535.311707 -0.316374 -151.281311
v 535.200806 -3.279860 -151.265793
v 535.311707 -3.279860 -151.281311
v 538.452576 -0.325310 -152.532867
v 538.433533 -0.329518 -152.512512
v 538.452576 -3.279860 -152.532867
v 538.433533 -3.279860 -152.512512
v 538.351501 -0.330385 -152.580673
v 538.369934 -0.326364 -152.600464
v 538.351501 -3.279860 -152.580673
v 538.369934 -3.279860 -152.600464
v 530.064453 -0.267070 -201.193649
v 530.101074 -0.271711 -201.100098
v 530.064453 -3.279859 -201.193649
v 530.101074 -3.279859 -201.100098
v 530.007507 -0.267535 -201.063538
v 529.970947 -0.263186 -201.157074
v 530.007507 -3.279859 -201.063538
v 529.970947 -3.279859 -201.157074
v 533.286438 -0.358657 -192.111069
v 533.314758 -0.355006 -192.014709
v 533.286438 -3.279860 -192.111069
v 533.314758 -3.279860 -192.014709
v 533.218445 -0.357329 -191.986359
v 533.190063 -0.360388 -192.082718
v 533.218445 -3.279860 -191.986343
v 533.190063 -3.279860 -192.082718
v 538.963318 -0.231261 -172.825790
v 538.991699 -0.230443 -172.729431
v 538.963318 -3.279858 -172.825790
v 538.991699 -3.279858 -172.729431
v 538.895325 -0.231806 -172.701080
v 538.866943 -0.232876 -172.797424
v 538.895325 -3.279858 -172.701080
v 538.866943 -3.279858 -172.797424
v 536.119019 -0.304994 -182.488373
v 536.147339 -0.304994 -182.392014
v 536.119019 -3.279858 -182.488373
v 536.147339 -3.279858 -182.392014
v 536.051025 -0.304994 -182.363647
v 536.022644 -0.304994 -182.460007
v 536.051025 -3.279858 -182.363647
v 536.022644 -3.279858 -182.460007
v 515.184387 -0.304994 -239.075897
v 515.212769 -0.304994 -238.979523
v 515.184387 -3.279858 -239.075897
v 515.212769 -3.279858 -238.979523
v 515.116394 -0.304994 -238.951172
v 515.088013 -0.304994 -239.047531
v 515.116394 -3.279858 -238.951172
v 515.088013 -3.279858 -239.047531
v 519.090698 -0.271435 -229.261292
v 519.127258 -0.275069 -229.167725
v 519.090698 -3.279857 -229.261292
v 519.127258 -3.279857 -229.167725
v 519.033691 -0.278571 -229.131165
v 518.997131 -0.274835 -229.224716
v 519.033691 -3.279857 -229.131165
v 518.997131 -3.279857 -229.224716
v 526.411072 -0.277645 -210.538010
v 526.447632 -0.277195 -210.444458
v 526.411072 -3.279857 -210.538010
v 526.447632 -3.279857 -210.444458
v 526.354065 -0.280587 -210.407898
v 526.317505 -0.280343 -210.501450
v 526.354065 -3.279857 -210.407898
v 526.317505 -3.279857 -210.501450
v 522.743286 -0.328219 -219.918991
v 522.779846 -0.326320 -219.825439
v 522.743286 -3.279857 -219.918991
v 522.779846 -3.279857 -219.825439
v 522.686340 -0.328615 -219.788879
v 522.649780 -0.330046 -219.882431
v 522.686340 -3.279857 -219.788879
v 522.649780 -3.279857 -219.882431
v 547.754883 -0.338113 -206.639008
v 547.726501 -0.342147 -206.735367
v 547.754883 -3.279876 -206.639008
v 547.726501 -3.279876 -206.735367
v 547.822876 -0.342998 -206.763733
v 547.851196 -0.339404 -206.667374
v 547.822876 -3.279876 -206.763733
v 547.851196 -3.279876 -206.667374
v 544.920654 -0.332916 -216.267166
v 544.892334 -0.333648 -216.363525
v 544.920654 -3.279876 -216.267166
v 544.892334 -3.279876 -216.363525
v 544.988647 -0.337423 -216.391891
v 545.017029 -0.336347 -216.295532
v 544.988647 -3.279876 -216.391891
v 545.017029 -3.279876 -216.295532
v 542.904175 -0.277252 -236.658981
v 542.875793 -0.269389 -236.755341
v 542.904175 -3.279878 -236.658981
v 542.875793 -3.279878 -236.755341
v 542.972168 -0.265713 -236.783691
v 543.000549 -0.273213 -236.687332
v 542.972168 -3.279878 -236.783691
v 543.000549 -3.279878 -236.687332
v 544.583191 -0.335392 -226.638000
v 544.554871 -0.338649 -226.734360
v 544.583191 -3.279877 -226.638000
v 544.554871 -3.279877 -226.734360
v 544.651184 -0.331633 -226.762726
v 544.679565 -0.327956 -226.666367
v 544.651184 -3.279877 -226.762726
v 544.679565 -3.279877 -226.666367
v 562.759583 -0.364684 -169.207245
v 562.731201 -0.361594 -169.303604
v 562.759583 -3.279870 -169.207245
v 562.731201 -3.279870 -169.303604
v 562.827576 -0.356593 -169.331970
v 562.855957 -0.360356 -169.235611
v 562.827576 -3.279870 -169.331970
v 562.855957 -3.279870 -169.235611
v 559.925415 -0.296843 -178.835419
v 559.897034 -0.298257 -178.931793
v 559.925415 -3.279870 -178.835419
v 559.897034 -3.279870 -178.931793
v 559.993408 -0.302148 -178.960144
v 560.021729 -0.300626 -178.863785
v 559.993408 -3.279870 -178.960144
v 560.021729 -3.279870 -178.863785
v 550.510681 -0.254195 -197.050125
v 550.482361 -0.252844 -197.146484
v 550.510681 -3.279871 -197.050125
v 550.482361 -3.279871 -197.146484
v 550.578674 -0.258718 -197.174850
v 550.607056 -0.260129 -197.078491
v 550.578674 -3.279871 -197.174850
v 550.607056 -3.279871 -197.078491
v 553.355042 -0.234456 -187.387558
v 553.326660 -0.233269 -187.483917
v 553.355042 -3.279871 -187.387558
v 553.326660 -3.279871 -187.483917
v 553.422974 -0.231596 -187.512268
v 553.451355 -0.232840 -187.415924
v 553.422974 -3.279871 -187.512268
v 553.451355 -3.279871 -187.415924
v 572.993164 -0.305018 -95.315651
v 572.993286 -0.305018 -95.373718
v 572.993164 -3.279882 -95.315651
v 572.993286 -3.279882 -95.373718
v 573.093689 -0.305018 -95.373581
v 573.093567 -0.305018 -95.315720
v 573.093689 -3.279882 -95.373581
v 573.093567 -3.279882 -95.315727
v 573.004272 -0.279141 -112.147285
v 573.004639 -0.282052 -112.205322
v 573.004272 -3.279860 -112.147293
v 573.004639 -3.279860 -112.205322
v 573.105103 -0.281615 -112.204750
v 573.104736 -0.278908 -112.146935
v 573.105103 -3.279860 -112.204750
v 573.104736 -3.279860 -112.146935
v 566.525330 -0.277520 -155.393158
v 566.508850 -0.281480 -155.626587
v 566.525330 -3.279864 -155.393158
v 566.508850 -3.279864 -155.626587
v 566.608765 -0.281291 -155.637421
v 566.625305 -0.277435 -155.403183
v 566.608765 -3.279864 -155.637421
v 566.625305 -3.279864 -155.403183
v 571.659241 -0.353273 -132.177109
v 571.649170 -0.349017 -132.412323
v 571.659241 -3.279863 -132.177109
v 571.649170 -3.279862 -132.412323
v 571.749390 -0.347563 -132.420410
v 571.759521 -0.352385 -132.184387
v 571.749390 -3.279862 -132.420410
v 571.759521 -3.279863 -132.184387
v 535.765869 -0.304994 -183.688065
v 535.794189 -0.304994 -183.591705
v 535.765869 -3.279858 -183.688065
v 535.794189 -3.279858 -183.591705
v 535.697876 -0.304994 -183.563354
v 535.669495 -0.304994 -183.659714
v 535.697876 -3.279858 -183.563354
v 535.669495 -3.279858 -183.659714
v 535.750366 -1.334123 -183.633789
v 535.750366 -1.288269 -183.633789
v 536.098572 -1.334123 -182.450851
v 536.098572 -1.288269 -182.450851
v 535.711914 -1.288269 -183.622482
v 535.711914 -1.334123 -183.622482
v 536.060181 -1.288269 -182.439545
v 536.060181 -1.334123 -182.439545
v 536.061035 -0.670592 -182.436630
v 536.061035 -0.624739 -182.436630
v 535.712769 -0.670592 -183.619568
v 535.712769 -0.624739 -183.619568
v 536.099426 -0.624739 -182.447937
v 536.099426 -0.670592 -182.447937
v 535.751221 -0.624739 -183.630875
v 535.751221 -0.670592 -183.630875
v 536.213318 -0.789061 -183.796692
v 536.213318 -1.096797 -183.796692
v 535.991882 -0.789061 -183.731522
v 535.991882 -1.096797 -183.731522
v 535.770508 -0.789061 -183.666351
v 535.770508 -1.096797 -183.666351
v 536.005066 -1.096797 -183.686798
v 536.226440 -1.096797 -183.751968
v 535.783630 -1.096797 -183.621628
v 535.783630 -0.789061 -183.621628
v 536.005066 -0.789061 -183.686798
v 536.226440 -0.789061 -183.751968
v 535.576172 -2.614522 -184.197449
v 533.277283 -2.614523 -183.525238
v 533.312439 -2.614523 -183.404282
v 535.611267 -2.614522 -184.076492
v 517.328186 -0.309019 -323.351715
v 517.299744 -0.308171 -323.448059
v 517.328186 -3.246687 -323.351715
v 517.299744 -3.246075 -323.448059
v 517.396118 -0.309227 -323.476471
v 517.424500 -0.309730 -323.380157
v 517.396118 -3.246075 -323.476471
v 517.424500 -3.246687 -323.380157
v 512.978821 -0.144879 -332.679962
v 512.950378 -0.141327 -332.776306
v 512.978821 -3.158900 -332.679962
v 512.950378 -3.157754 -332.776306
v 513.046753 -0.140025 -332.804718
v 513.075195 -0.143480 -332.708405
v 513.046753 -3.157754 -332.804718
v 513.075195 -3.158900 -332.708405
v 509.602966 0.131025 -345.732391
v 509.606415 0.132753 -345.761414
v 509.602966 -2.829562 -345.732391
v 509.606415 -2.827431 -345.761414
v 509.706116 0.135490 -345.749420
v 509.702728 0.133924 -345.720734
v 509.706116 -2.827431 -345.749420
v 509.702728 -2.829562 -345.720734
v 509.783447 -0.064678 -342.822876
v 509.776550 -0.067234 -342.851288
v 509.783447 -3.019228 -342.822876
v 509.776550 -3.017576 -342.851288
v 509.874207 -0.068100 -342.874847
v 509.881012 -0.065731 -342.846802
v 509.874207 -3.017576 -342.874847
v 509.881012 -3.019228 -342.846802
v 528.698792 -0.267078 -284.821167
v 528.670349 -0.271719 -284.917511
v 528.698792 -3.279866 -284.821167
v 528.670349 -3.279866 -284.917511
v 528.766724 -0.267543 -284.945953
v 528.795105 -0.263194 -284.849609
v 528.766724 -3.279866 -284.945953
v 528.795105 -3.279866 -284.849609
v 525.858032 -0.358665 -294.447418
v 525.829590 -0.355014 -294.543762
v 525.858032 -3.279867 -294.447418
v 525.829590 -3.279867 -294.543762
v 525.925903 -0.357337 -294.572174
v 525.954346 -0.360396 -294.475830
v 525.925903 -3.279867 -294.572174
v 525.954346 -3.279867 -294.475830
v 520.167969 -0.231081 -313.728821
v 520.139526 -0.230214 -313.825165
v 520.167969 -3.279679 -313.728821
v 520.139526 -3.279629 -313.825165
v 520.235901 -0.231578 -313.853577
v 520.264282 -0.232697 -313.757263
v 520.235840 -3.279629 -313.853577
v 520.264282 -3.279679 -313.757263
v 523.018860 -0.305004 -304.068207
v 522.990479 -0.305004 -304.164520
v 523.018860 -3.279868 -304.068207
v 522.990479 -3.279868 -304.164520
v 523.086792 -0.305004 -304.192963
v 523.115234 -0.305004 -304.096619
v 523.086792 -3.279868 -304.192963
v 523.115234 -3.279868 -304.096619
v 540.069397 -0.304996 -246.290649
v 540.040955 -0.304996 -246.386993
v 540.069397 -3.279860 -246.290649
v 540.040955 -3.279860 -246.386993
v 540.137268 -0.304996 -246.415421
v 540.165710 -0.304996 -246.319092
v 540.137268 -3.279860 -246.415421
v 540.165710 -3.279860 -246.319092
v 537.228638 -0.271438 -255.916885
v 537.200195 -0.275071 -256.013245
v 537.228638 -3.279860 -255.916885
v 537.200195 -3.279860 -256.013245
v 537.296509 -0.278574 -256.041656
v 537.324951 -0.274837 -255.945312
v 537.296509 -3.279860 -256.041656
v 537.324951 -3.279860 -255.945312
v 531.538574 -0.277650 -275.198303
v 531.510132 -0.277200 -275.294617
v 531.538574 -3.279862 -275.198303
v 531.510132 -3.279862 -275.294617
v 531.606445 -0.280592 -275.323059
v 531.634888 -0.280348 -275.226715
v 531.606445 -3.279862 -275.323059
v 531.634888 -3.279862 -275.226715
v 534.389465 -0.328222 -265.537659
v 534.361023 -0.326323 -265.634003
v 534.389465 -3.279861 -265.537659
v 534.361023 -3.279861 -265.634003
v 534.457397 -0.328618 -265.662415
v 534.485840 -0.330050 -265.566101
v 534.457397 -3.279861 -265.662415
v 534.485840 -3.279861 -265.566101
v 503.817139 -0.338118 -277.596252
v 503.845581 -0.342152 -277.499939
v 503.817139 -3.279881 -277.596252
v 503.845581 -3.279881 -277.499939
v 503.749237 -0.343003 -277.471497
v 503.720795 -0.339409 -277.567841
v 503.749237 -3.279881 -277.471497
v 503.720795 -3.279881 -277.567841
v 506.657898 -0.332921 -267.970062
v 506.686310 -0.333653 -267.873718
v 506.657898 -3.279880 -267.970062
v 506.686310 -3.279880 -267.873718
v 506.589996 -0.337427 -267.845276
v 506.561554 -0.336351 -267.941620
v 506.589996 -3.279880 -267.845276
v 506.561554 -3.279880 -267.941620
v 512.347961 -0.277253 -248.688660
v 512.376404 -0.269390 -248.592316
v 512.347961 -3.279879 -248.688660
v 512.376404 -3.279879 -248.592316
v 512.280029 -0.265715 -248.563904
v 512.251648 -0.273214 -248.660233
v 512.280029 -3.279879 -248.563904
v 512.251648 -3.279879 -248.660233
v 509.497040 -0.335395 -258.349274
v 509.525482 -0.338652 -258.252930
v 509.497040 -3.279880 -258.349274
v 509.525482 -3.279880 -258.252930
v 509.429138 -0.331636 -258.224518
v 509.400726 -0.327958 -258.320862
v 509.429138 -3.279880 -258.224518
v 509.400726 -3.279880 -258.320862
v 492.446533 -0.330820 -316.126801
v 492.474976 -0.328343 -316.030457
v 492.446533 -3.246007 -316.126801
v 492.474976 -3.246619 -316.030457
v 492.378632 -0.323342 -316.002045
v 492.350220 -0.326494 -316.098389
v 492.378632 -3.246619 -316.002045
v 492.350220 -3.246007 -316.098389
v 495.287292 -0.296608 -306.500549
v 495.315735 -0.298073 -306.404236
v 495.287292 -3.279635 -306.500549
v 495.315735 -3.279685 -306.404236
v 495.219391 -0.301963 -306.375793
v 495.190979 -0.300390 -306.472137
v 495.219391 -3.279685 -306.375793
v 495.190979 -3.279635 -306.472137
v 500.977356 -0.254202 -287.219177
v 501.005798 -0.252852 -287.122833
v 500.977356 -3.279879 -287.219177
v 501.005798 -3.279879 -287.122833
v 500.909454 -0.258726 -287.094391
v 500.881042 -0.260136 -287.190735
v 500.909454 -3.279879 -287.094391
v 500.881042 -3.279879 -287.190735
v 498.126434 -0.234464 -296.879791
v 498.154877 -0.233277 -296.783447
v 498.126434 -3.279879 -296.879791
v 498.154877 -3.279879 -296.783447
v 498.058533 -0.231604 -296.755035
v 498.030121 -0.232848 -296.851379
v 498.058533 -3.279879 -296.755035
v 498.030121 -3.279879 -296.851379
v 489.562653 0.370761 -359.282318
v 489.507294 0.370075 -359.174316
v 489.562653 -2.604103 -359.282318
v 489.507294 -2.604790 -359.174316
v 489.417847 0.370051 -359.220001
v 489.473358 0.370733 -359.328308
v 489.417847 -2.604813 -359.220001
v 489.473358 -2.604131 -359.328308
v 486.022888 0.173475 -347.751556
v 486.008575 0.168432 -347.631073
v 486.022888 -2.827243 -347.751556
v 486.008575 -2.829375 -347.631073
v 485.908813 0.168870 -347.642761
v 485.923187 0.173708 -347.763611
v 485.908813 -2.829375 -347.642761
v 485.923187 -2.827243 -347.763611
v 489.606750 -0.155310 -325.749695
v 489.635193 -0.160416 -325.653381
v 489.606750 -3.157654 -325.749695
v 489.635193 -3.158801 -325.653381
v 489.538849 -0.160228 -325.624939
v 489.510437 -0.155226 -325.721252
v 489.538849 -3.158801 -325.624939
v 489.510437 -3.157654 -325.721252
v 486.713776 -0.090155 -335.716309
v 486.742249 -0.087552 -335.598328
v 486.713776 -3.016745 -335.716309
v 486.742249 -3.018399 -335.598328
v 486.644653 -0.086099 -335.574615
v 486.616119 -0.089267 -335.692932
v 486.644653 -3.018399 -335.574615
v 486.616119 -3.016745 -335.692932
v 523.372864 -0.305004 -302.868713
v 523.344421 -0.305004 -302.965057
v 523.372864 -3.279868 -302.868713
v 523.344421 -3.279868 -302.965057
v 523.440735 -0.305004 -302.993500
v 523.469177 -0.305004 -302.897156
v 523.440735 -3.279868 -302.993500
v 523.469177 -3.279868 -302.897156
v 523.388306 -1.334133 -302.923035
v 523.388306 -1.288279 -302.923035
v 523.039307 -1.334133 -304.105713
v 523.039307 -1.288279 -304.105713
v 523.426697 -1.288279 -302.934357
v 523.426697 -1.334133 -302.934357
v 523.077698 -1.288279 -304.117065
v 523.077698 -1.334133 -304.117065
v 523.076843 -0.670602 -304.119965
v 523.076843 -0.624748 -304.119965
v 523.425842 -0.670602 -302.937256
v 523.425842 -0.624748 -302.937256
v 523.038452 -0.624748 -304.108643
v 523.038452 -0.670602 -304.108643
v 523.387451 -0.624748 -302.925934
v 523.387451 -0.670602 -302.925934
v 522.925476 -0.789071 -302.759796
v 522.925476 -1.096806 -302.759796
v 523.146851 -0.789071 -302.825134
v 523.146851 -1.096806 -302.825134
v 523.368225 -0.789071 -302.890442
v 523.368225 -1.096806 -302.890442
v 523.133667 -1.096806 -302.869843
v 522.912292 -1.096806 -302.804504
v 523.354980 -1.096806 -302.935181
v 523.354980 -0.789071 -302.935181
v 523.133667 -0.789071 -302.869843
v 522.912292 -0.789071 -302.804504
v 523.562927 -2.614531 -302.359497
v 525.861267 -2.614532 -303.033264
v 525.826111 -2.614532 -303.154205
v 523.527710 -2.614531 -302.480408
vn -0.0000 -1.0000 -0.0000
vn -0.0001 -1.0000 -0.0000
vn 0.6739 -0.0000 -0.7388
vn 0.6742 -0.0000 -0.7386
vn 0.3265 -0.0000 0.9452
vn -0.9864 -0.0000 -0.1642
vn 0.0001 1.0000 -0.0000
vn 0.0001 1.0000 -0.0001
vn -0.0001 -1.0000 0.0001
vn 0.9452 -0.0000 -0.3266
vn -0.3263 -0.0000 -0.9453
vn -0.3265 -0.0000 -0.9452
vn -0.3266 -0.0000 -0.9452
vn -0.3268 -0.0000 -0.9451
vn -0.9452 -0.0000 0.3266
vn 0.3268 -0.0000 0.9451
vn 0.3266 -0.0000 0.9452
vn 0.3263 -0.0000 0.9453
vn -0.0139 -0.9999 0.0048
vn 0.6741 -0.0253 -0.7382
vn 0.6740 -0.0254 -0.7383
vn 0.3271 0.0530 0.9435
vn 0.3269 0.0530 0.9436
vn -0.9861 -0.0254 -0.1643
vn -0.9861 -0.0253 -0.1640
vn -0.9861 -0.0253 -0.1639
vn 0.0139 0.9999 -0.0048
vn 0.9452 -0.0000 -0.3265
vn -0.3264 -0.0000 -0.9452
vn 0.3262 -0.0000 0.9453
vn 0.3267 -0.0000 0.9451
vn 0.3270 -0.0000 0.9450
vn -0.0188 -0.9998 0.0065
vn 0.6742 0.0300 -0.7379
vn 0.6739 0.0300 -0.7382
vn 0.3246 -0.0627 0.9438
vn 0.3247 -0.0627 0.9437
vn -0.9859 0.0300 -0.1645
vn 0.0188 0.9998 -0.0065
vn 0.9451 -0.0000 -0.3267
vn -0.3270 -0.0000 -0.9450
vn -0.9451 -0.0000 0.3266
vn 0.3264 -0.0000 0.9452
vn 0.3261 -0.0000 0.9453
vn 0.3259 -0.0000 0.9454
vn -0.0153 -0.9999 0.0053
vn 0.6744 -0.0105 -0.7383
vn 0.6745 -0.0105 -0.7382
vn 0.3270 0.0220 0.9448
vn 0.3272 0.0220 0.9447
vn -0.9863 -0.0105 -0.1644
vn 0.0153 0.9999 -0.0053
vn -0.0154 -0.9999 0.0053
vn -0.3266 0.0002 -0.9452
vn -0.3264 0.0001 -0.9452
vn -0.3263 0.0001 -0.9453
vn -0.3262 -0.0000 -0.9453
vn -0.9451 -0.0000 0.3267
vn -0.9451 -0.0006 0.3267
vn 0.6737 -0.0254 -0.7385
vn 0.6737 -0.0254 -0.7386
vn 0.6743 -0.0253 -0.7380
vn 0.3261 0.0531 0.9438
vn 0.3263 0.0530 0.9438
vn -0.9861 -0.0254 -0.1642
vn -0.0000 1.0000 -0.0000
vn -0.3263 0.0002 -0.9453
vn -0.3265 0.0001 -0.9452
vn -0.3266 0.0001 -0.9452
vn 0.6741 0.0300 -0.7380
vn 0.6737 0.0300 -0.7384
vn 0.3258 -0.0626 0.9434
vn 0.3260 -0.0627 0.9433
vn -0.9859 0.0300 -0.1648
vn -0.9859 0.0300 -0.1649
vn -0.9860 0.0299 -0.1641
vn -0.3271 -0.0000 -0.9450
vn -0.3273 -0.0000 -0.9449
vn 0.3272 -0.0000 0.9450
vn 0.3264 0.0220 0.9450
vn 0.3268 0.0220 0.9448
vn -0.9863 -0.0105 -0.1648
vn -0.9863 -0.0105 -0.1649
vn -0.9864 -0.0105 -0.1642
vn 0.6738 -0.0254 -0.7384
vn 0.3261 0.0530 0.9439
vn -0.9860 -0.0254 -0.1648
vn 0.6743 0.0299 -0.7379
vn 0.3258 -0.0627 0.9434
vn -0.9860 0.0300 -0.1642
vn 0.6741 -0.0105 -0.7385
vn 0.3262 -0.0627 0.9432
vn 0.3260 -0.0626 0.9433
vn 0.6740 -0.0105 -0.7386
vn 0.6740 -0.0105 -0.7387
vn 0.3266 0.0220 0.9449
vn -0.3268 0.0002 -0.9451
vn -0.3268 0.0001 -0.9451
vn -1.0000 -0.0000 -0.0000
vn -1.0000 -0.0000 -0.0001
vn -0.0000 -0.0000 1.0000
vn -0.0000 -0.0000 -1.0000
vn -1.0000 -0.0000 -0.0002
vn 1.0000 -0.0000 0.0088
vn -1.0000 -0.0000 -0.0088
vn 0.5453 -0.0000 0.8382
vn 0.5452 -0.0000 0.8383
vn -0.5452 -0.0000 -0.8383
vn -0.5457 -0.0000 -0.8380
vn 0.9152 -0.0000 0.4031
vn 0.9150 -0.0000 0.4035
vn 0.9149 -0.0000 0.4037
vn -0.9150 -0.0000 -0.4034
vn -0.9149 -0.0000 -0.4036
vn -0.9580 -0.0000 0.2866
vn 0.9581 -0.0000 -0.2863
vn 0.9581 -0.0000 -0.2864
vn 0.5450 -0.0000 0.8385
vn 0.5455 -0.0000 0.8381
vn -0.5453 -0.0000 -0.8382
vn -0.9580 -0.0000 0.2867
vn 1.0000 -0.0000 -0.0000
vn 0.5977 -0.0000 0.8017
vn 0.5977 -0.0000 0.8018
vn -0.5977 -0.0000 -0.8017
vn -0.5975 -0.0000 -0.8019
vn 0.4998 -0.0000 -0.8661
vn 0.4999 -0.0000 -0.8661
vn -0.4999 -0.0000 0.8661
vn -0.4549 -0.0000 -0.8905
vn -0.4548 -0.0000 -0.8906
vn 0.4549 -0.0000 0.8905
vn 0.4551 -0.0000 0.8905
vn -0.4551 -0.0000 -0.8904
vn -0.4552 -0.0000 -0.8904
vn 0.4547 -0.0000 0.8906
vn 0.4549 -0.0000 0.8906
vn -0.4547 -0.0000 -0.8906
vn 0.4551 -0.0000 0.8904
vn 1.0000 -0.0000 -0.0043
vn -1.0000 -0.0000 0.0043
vn 1.0000 -0.0000 -0.0064
vn -1.0000 -0.0000 0.0063
vn 1.0000 -0.0000 -0.0063
vn -1.0000 -0.0000 0.0064
vn 0.1105 -0.0000 0.9939
vn -0.1105 -0.0000 -0.9939
vn -0.9495 -0.0000 0.3138
vn 0.9495 -0.0000 -0.3138
vn -0.8373 -0.0000 0.5468
vn 0.8373 -0.0000 -0.5467
vn 0.8373 -0.0000 -0.5468
vn 0.2227 -0.0000 0.9749
vn 0.2226 -0.0000 0.9749
vn -0.2226 -0.0000 -0.9749
vn 0.9988 -0.0000 -0.0491
vn -0.9988 -0.0000 0.0491
vn 0.7383 -0.0000 0.6745
vn 0.7382 -0.0000 0.6746
vn -0.7381 -0.0000 -0.6747
vn -0.7383 -0.0000 -0.6745
vn 0.7491 -0.0000 0.6624
vn 0.7491 -0.0000 0.6625
vn -0.7491 -0.0000 -0.6625
vn -0.7382 -0.0000 -0.6746
vn -0.7382 -0.0000 -0.6745
vn -0.0064 -0.9998 -0.0189
vn 0.7341 0.0177 0.6788
vn 0.7344 0.0177 0.6784
vn -0.9466 -0.0371 0.3202
vn -0.9465 -0.0371 0.3206
vn 0.1698 0.0178 -0.9853
vn 0.1701 0.0178 -0.9853
vn 0.1704 0.0177 -0.9852
vn 0.0052 0.9998 0.0193
vn -0.0052 -0.9998 -0.0193
vn 0.2607 -0.0000 0.9654
vn 0.9468 -0.0000 -0.3220
vn 0.9468 -0.0000 -0.3219
vn 0.9468 -0.0000 -0.3218
vn 0.9468 -0.0000 -0.3217
vn -0.2606 -0.0000 -0.9654
vn -0.2607 0.0009 -0.9654
vn -0.9466 -0.0000 0.3225
vn -0.9466 -0.0000 0.3224
vn -0.9467 -0.0000 0.3222
vn 0.7342 0.0177 0.6787
vn 0.1705 0.0177 -0.9852
vn 0.9469 -0.0000 -0.3215
vn -0.2607 -0.0000 -0.9654
vn -0.2607 0.0007 -0.9654
vn -0.9469 -0.0000 0.3215
vn -0.9469 -0.0000 0.3217
vn -0.9468 -0.0000 0.3217
vn -0.9468 -0.0000 0.3218
vn 0.4688 -0.0253 0.8829
vn 0.4687 -0.0254 0.8830
vn -0.9986 0.0530 -0.0093
vn -0.9985 0.0530 -0.0093
vn 0.4860 -0.0253 -0.8736
vn 0.4859 -0.0254 -0.8737
vn -0.0098 -0.0000 1.0000
vn 0.9999 -0.0000 0.0102
vn 0.0097 -0.0000 -1.0000
vn 0.0098 -0.0000 -1.0000
vn -1.0000 -0.0000 -0.0094
vn 0.7750 0.0300 0.6313
vn 0.7749 0.0300 0.6314
vn 0.7748 0.0300 0.6314
vn -0.9234 -0.0627 0.3788
vn -0.9234 -0.0626 0.3788
vn 0.1088 0.0300 -0.9936
vn 0.1084 0.0300 -0.9937
vn 0.3794 -0.0000 0.9252
vn 0.9255 -0.0000 -0.3788
vn 0.9255 -0.0000 -0.3787
vn 0.9256 -0.0000 -0.3786
vn -0.3795 -0.0000 -0.9252
vn -0.3794 -0.0000 -0.9252
vn -0.9255 -0.0000 0.3788
vn -0.9254 -0.0000 0.3789
vn 0.4687 -0.0253 0.8830
vn 0.4692 -0.0254 0.8827
vn -0.9985 0.0530 -0.0096
vn -0.9985 0.0530 -0.0097
vn 0.4862 -0.0254 -0.8735
vn 0.4860 -0.0254 -0.8736
vn -0.0097 -0.0000 1.0000
vn 1.0000 -0.0000 0.0086
vn -0.9999 -0.0000 -0.0102
vn 0.7749 0.0300 0.6313
vn 0.7751 0.0300 0.6311
vn -0.9233 -0.0627 0.3789
vn -0.9235 -0.0626 0.3785
vn 0.1087 0.0300 -0.9936
vn 0.1085 0.0300 -0.9936
vn 0.3793 -0.0000 0.9253
vn 0.9253 -0.0000 -0.3793
vn 0.4686 -0.0253 0.8831
vn -0.9985 0.0530 -0.0100
vn 0.4859 -0.0253 -0.8737
vn 0.7747 0.0300 0.6316
vn 0.7747 0.0299 0.6316
vn 0.7750 0.0300 0.6312
vn -0.9235 -0.0627 0.3784
vn -0.9235 -0.0626 0.3783
vn 0.1086 0.0300 -0.9936
vn 0.9254 -0.0000 -0.3789
vn -0.3794 -0.0000 -0.9253
vn -0.3793 -0.0000 -0.9253
vn -0.9256 -0.0000 0.3786
vn 0.4690 -0.0254 0.8828
vn 1.0000 -0.0000 0.0094
vn 0.7747 0.0300 0.6317
vn 0.7748 0.0300 0.6315
vn -0.9234 -0.0626 0.3786
vn 0.9252 -0.0000 -0.3796
vn 0.9252 -0.0000 -0.3795
vn 0.9252 -0.0000 -0.3794
vn -0.9252 -0.0000 0.3796
vn -0.9252 -0.0000 0.3795
vn -0.9252 -0.0000 0.3794
vn -0.9253 -0.0000 0.3793
vn 0.0147 -0.9999 0.0008
vn -0.9014 -0.0142 0.4327
vn -0.9013 -0.0142 0.4330
vn 0.0495 0.0297 -0.9983
vn 0.8532 -0.0142 0.5214
vn 0.8532 -0.0142 0.5215
vn 0.8537 -0.0141 0.5206
vn -0.0147 0.9999 0.0005
vn 0.0148 -0.9999 -0.0005
vn -0.9994 -0.0000 0.0334
vn -0.0493 -0.0000 0.9988
vn 0.9994 -0.0000 -0.0333
vn 0.0512 -0.0000 -0.9987
vn 0.0504 -0.0000 -0.9987
vn 0.0500 -0.0000 -0.9987
vn 0.0493 -0.0000 -0.9988
vn 0.0191 -0.9998 -0.0057
vn -0.7060 0.0206 0.7079
vn -0.7062 0.0206 0.7078
vn -0.2837 -0.0368 -0.9582
vn -0.2847 -0.0368 -0.9579
vn 0.9780 0.0146 0.2081
vn 0.9780 0.0145 0.2079
vn -0.0190 0.9998 0.0059
vn 0.0190 -0.9998 -0.0059
vn 0.0190 -0.9998 -0.0060
vn -0.9545 0.0003 0.2981
vn -0.9545 -0.0000 0.2981
vn 0.2842 -0.0002 0.9588
vn 0.2843 0.0001 0.9587
vn 0.2843 0.0002 0.9587
vn 0.2844 0.0005 0.9587
vn 0.9545 -0.0000 -0.2982
vn 0.9545 -0.0006 -0.2981
vn -0.2826 -0.0000 -0.9592
vn -0.2841 -0.0000 -0.9588
vn -0.2847 -0.0000 -0.9586
vn -0.2861 -0.0000 -0.9582
vn 0.0140 -0.9999 -0.0081
vn -0.5241 -0.0015 0.8517
vn -0.5234 -0.0016 0.8521
vn -0.4988 0.0114 -0.8667
vn 0.9997 -0.0093 -0.0240
vn 0.9997 -0.0093 -0.0239
vn -0.0142 0.9999 0.0082
vn 0.0141 -0.9999 -0.0081
vn -0.8670 -0.0000 0.4984
vn 0.4968 -0.0007 0.8679
vn 0.4982 -0.0004 0.8671
vn 0.4988 -0.0003 0.8667
vn 0.5001 -0.0000 0.8660
vn 0.8670 -0.0000 -0.4984
vn -0.5001 -0.0000 -0.8659
vn -0.4995 -0.0000 -0.8663
vn -0.4992 -0.0000 -0.8665
vn -0.4986 -0.0000 -0.8668
vn 0.0159 -0.9999 0.0029
vn -0.9495 -0.0065 0.3138
vn -0.9494 -0.0065 0.3139
vn -0.9496 -0.0065 0.3134
vn 0.1788 0.0136 -0.9838
vn 0.1777 0.0136 -0.9840
vn 0.7792 -0.0065 0.6267
vn 0.7795 -0.0065 0.6263
vn 0.7796 -0.0065 0.6263
vn -0.0160 0.9999 -0.0029
vn 0.0160 -0.9999 0.0029
vn -0.9840 -0.0000 -0.1781
vn -0.1782 -0.0006 0.9840
vn -0.1782 -0.0003 0.9840
vn -0.1782 -0.0002 0.9840
vn -0.1782 -0.0000 0.9840
vn 0.9840 -0.0000 0.1781
vn 0.1782 -0.0000 -0.9840
vn -0.0114 -0.9999 -0.0116
vn 0.9563 -0.0081 0.2923
vn 0.9563 -0.0081 0.2922
vn -0.7134 0.0170 0.7006
vn -0.7138 0.0170 0.7002
vn -0.7138 0.0170 0.7001
vn -0.2747 -0.0081 -0.9615
vn -0.2746 -0.0081 -0.9615
vn 0.0115 0.9999 0.0117
vn -0.0114 -0.9999 -0.0117
vn 0.7001 -0.0000 0.7140
vn 0.7002 -0.0000 0.7140
vn 0.7142 -0.0005 -0.6999
vn 0.7142 -0.0003 -0.6999
vn 0.7142 -0.0002 -0.6999
vn 0.7143 -0.0000 -0.6999
vn -0.7002 -0.0000 -0.7140
vn -0.7002 -0.0005 -0.7140
vn -0.7002 -0.0006 -0.7140
vn -0.7137 -0.0000 0.7004
vn -0.7137 -0.0000 0.7005
vn -0.7136 -0.0000 0.7005
vn -0.0144 -0.9999 0.0074
vn 0.5634 -0.0081 -0.8262
vn 0.4569 0.0170 0.8894
vn 0.4570 0.0170 0.8893
vn -0.9997 -0.0081 -0.0236
vn -0.9997 -0.0081 -0.0232
vn 0.0146 0.9999 -0.0075
vn 0.0145 0.9999 -0.0075
vn 0.8896 -0.0000 -0.4567
vn -0.4564 -0.0000 -0.8898
vn -0.4566 -0.0000 -0.8897
vn -0.4567 -0.0000 -0.8896
vn -0.4568 -0.0000 -0.8896
vn -0.8896 -0.0000 0.4567
vn -0.8896 -0.0005 0.4567
vn -0.8896 -0.0006 0.4567
vn 0.4553 -0.0000 0.8903
vn -0.0001 -0.0000 1.0000
vn 0.0001 -0.0000 1.0000
vn -0.0001 -0.0000 -1.0000
vn 0.0001 -0.0000 -1.0000
vn 0.0850 -0.0000 0.9964
vn -0.0849 -0.0000 -0.9964
vn 0.0737 -0.0000 0.9973
vn 0.0738 -0.0000 0.9973
vn -0.0738 -0.0000 -0.9973
vn 0.0370 -0.0000 0.9993
vn 0.0369 -0.0000 0.9993
vn -0.0369 -0.0000 -0.9993
vn -0.0370 -0.0000 -0.9993
vn 0.0579 -0.0000 0.9983
vn -0.0579 -0.0000 -0.9983
vn 0.0813 -0.0000 0.9967
vn -0.0814 -0.0000 -0.9967
vn -0.0813 -0.0000 -0.9967
vn 0.0894 -0.0000 0.9960
vn -0.0893 -0.0000 -0.9960
vn 0.0912 -0.0000 0.9958
vn -0.0912 -0.0000 -0.9958
vn 0.0928 -0.0000 0.9957
vn -0.0927 -0.0000 -0.9957
vn 0.0002 -0.0000 1.0000
vn 0.0278 -0.0000 0.9996
vn 0.0277 -0.0000 0.9996
vn -0.0276 -0.0000 -0.9996
vn -0.0277 -0.0000 -0.9996
vn 0.0683 -0.0000 0.9977
vn 0.0684 -0.0000 0.9977
vn -0.0685 -0.0000 -0.9977
vn -0.0684 -0.0000 -0.9977
vn 0.0505 -0.0000 0.9987
vn -0.0504 -0.0000 -0.9987
vn -0.0505 -0.0000 -0.9987
vn 0.0926 -0.0000 0.9957
vn -0.0926 -0.0000 -0.9957
vn 0.0927 -0.0000 0.9957
vn 1.0000 -0.0000 0.0001
vn 1.0000 -0.0000 -0.0002
vn -0.0138 -0.9999 -0.0000
vn -0.0925 -0.0000 -0.9957
vn 0.0138 0.9999 -0.0000
vn 0.0139 0.9999 -0.0000
vn 0.0137 0.9999 -0.0000
vn -0.8432 -0.0000 0.5376
vn -0.8432 -0.0000 0.5375
vn -0.8434 -0.0000 0.5372
vn -0.8435 -0.0000 0.5372
vn 0.8433 -0.0000 -0.5374
vn 0.8433 -0.0000 -0.5375
vn -0.8434 -0.0000 0.5373
vn 0.8436 -0.0000 -0.5370
vn 0.8431 -0.0000 -0.5378
vn -0.9542 -0.0000 0.2993
vn -0.9542 -0.0000 0.2992
vn -0.9543 -0.0000 0.2987
vn 0.9544 -0.0000 -0.2986
vn 0.9543 -0.0000 -0.2989
vn -0.8912 -0.0000 0.4536
vn -0.8911 -0.0000 0.4538
vn 0.8912 -0.0000 -0.4536
vn 0.8911 -0.0000 -0.4538
vn -0.0434 -0.0000 0.9991
vn -0.0442 -0.0000 0.9990
vn 0.0434 -0.0000 -0.9991
vn 0.0435 -0.0000 -0.9991
vn 0.8434 -0.0000 -0.5373
vn 0.8435 -0.0000 -0.5372
vn -0.8433 -0.0000 0.5374
vn 0.8773 -0.0000 -0.4799
vn 0.8774 -0.0000 -0.4798
vn -0.8774 -0.0000 0.4798
vn -0.8776 -0.0000 0.4795
vn -0.8776 -0.0000 0.4794
vn 0.9857 -0.0000 -0.1685
vn 0.9857 -0.0000 -0.1684
vn -0.9857 -0.0000 0.1686
vn -0.9857 -0.0000 0.1685
vn 0.9443 -0.0000 -0.3292
vn -0.9444 -0.0000 0.3288
vn -0.9443 -0.0000 0.3292
vn 0.8689 -0.0000 -0.4949
vn 0.8689 -0.0000 -0.4950
vn -0.8692 -0.0000 0.4945
vn -0.8690 -0.0000 0.4947
vn 0.8662 -0.0000 -0.4997
vn 0.8661 -0.0000 -0.4999
vn -0.8661 -0.0000 0.4998
vn -0.8662 -0.0000 0.4998
vn -0.8664 -0.0000 0.4993
vn -0.8665 -0.0000 0.4993
vn 0.8436 -0.0000 -0.5369
vn 0.8435 -0.0000 -0.5371
vn -0.8437 -0.0000 0.5369
vn -0.8435 -0.0000 0.5371
vn 0.9998 -0.0000 -0.0176
vn -0.9998 -0.0000 0.0178
vn 0.9783 -0.0000 -0.2071
vn 0.9783 -0.0000 -0.2072
vn -0.9783 -0.0000 0.2074
vn -0.9783 -0.0000 0.2073
vn 0.8722 -0.0000 -0.4892
vn 0.8719 -0.0000 -0.4898
vn -0.8720 -0.0000 0.4894
vn -0.8720 -0.0000 0.4895
vn -0.8720 -0.0000 0.4896
vn 0.9214 -0.0000 -0.3885
vn 0.9215 -0.0000 -0.3885
vn 0.9215 -0.0000 -0.3883
vn -0.9215 -0.0000 0.3884
vn -0.9215 -0.0000 0.3883
vn -0.8636 -0.0000 0.5041
vn -0.8638 -0.0000 0.5038
vn 0.8635 -0.0000 -0.5043
vn 0.8637 -0.0000 -0.5040
vn -0.8635 -0.0000 0.5043
vn -0.8633 -0.0000 0.5047
vn 0.8633 -0.0000 -0.5047
vn -0.8635 -0.0000 0.5044
vn 0.8635 -0.0000 -0.5044
vn -0.5326 -0.0000 -0.8464
vn -0.5327 -0.0000 -0.8463
vn -0.5326 -0.0000 -0.8463
vn -0.5328 -0.0000 -0.8463
vn -0.8637 -0.0000 0.5041
vn -0.8641 -0.0000 0.5033
vn -0.8642 -0.0000 0.5031
vn -0.8638 -0.0000 0.5039
vn 0.8637 -0.0000 -0.5041
vn -0.7250 0.0214 -0.6884
vn -0.7251 0.0214 -0.6883
vn -0.7252 0.0214 -0.6883
vn 0.9503 -0.0447 -0.3080
vn 0.9504 -0.0446 -0.3079
vn -0.1826 0.0213 0.9829
vn -0.1824 0.0213 0.9830
vn -0.2744 -0.0000 -0.9616
vn -0.2745 -0.0000 -0.9616
vn -0.9513 -0.0000 0.3084
vn 0.2744 -0.0000 0.9616
vn 0.9511 -0.0000 -0.3090
vn 0.9511 -0.0000 -0.3089
vn 0.9511 -0.0000 -0.3087
vn -0.8321 -0.0254 0.5540
vn -0.8321 -0.0254 0.5541
vn -0.8323 -0.0253 0.5537
vn -0.0889 0.0530 -0.9946
vn -0.0885 0.0530 -0.9947
vn 0.9170 -0.0254 0.3980
vn 0.9176 -0.0254 0.3967
vn 0.9176 -0.0254 0.3966
vn -0.9960 -0.0000 0.0893
vn 0.0901 -0.0000 0.9959
vn 0.0897 -0.0000 0.9960
vn 0.0896 -0.0000 0.9960
vn 0.0892 -0.0000 0.9960
vn 0.9960 -0.0000 -0.0893
vn -0.0891 -0.0000 -0.9960
vn -0.8568 0.0299 -0.5148
vn -0.8568 0.0300 -0.5148
vn 0.8598 -0.0627 -0.5067
vn 0.8603 -0.0626 -0.5059
vn 0.0343 0.0300 0.9990
vn -0.5071 -0.0000 -0.8619
vn -0.5072 -0.0000 -0.8618
vn -0.8620 -0.0000 0.5070
vn -0.8620 -0.0000 0.5068
vn -0.8621 -0.0000 0.5068
vn -0.8622 -0.0000 0.5066
vn 0.5071 -0.0000 0.8619
vn 0.5072 -0.0000 0.8618
vn 0.8618 -0.0000 -0.5073
vn 0.5613 0.0300 0.8270
vn 0.5613 0.0300 0.8271
vn 0.5621 0.0300 0.8265
vn -0.9931 -0.0626 0.0986
vn -0.9931 -0.0626 0.0987
vn -0.9932 -0.0627 0.0984
vn -0.9932 -0.0627 0.0983
vn 0.3878 0.0300 -0.9212
vn 0.3885 0.0300 -0.9210
vn -0.0000 1.0000 -0.0001
vn 0.0987 -0.0000 0.9951
vn 0.9953 -0.0000 -0.0972
vn 0.9953 -0.0000 -0.0973
vn -0.0987 -0.0000 -0.9951
vn -0.0988 -0.0000 -0.9951
vn -0.9951 -0.0000 0.0990
vn -0.6099 -0.0000 0.7925
vn -0.6100 -0.0000 0.7924
vn 0.6101 -0.0000 -0.7924
vn -0.6780 -0.0000 0.7351
vn -0.6779 -0.0000 0.7351
vn 0.6779 -0.0000 -0.7352
vn 0.6778 -0.0000 -0.7352
vn -0.7975 -0.0000 0.6033
vn -0.7976 -0.0000 0.6032
vn 0.7975 -0.0000 -0.6033
vn -0.7405 -0.0000 0.6720
vn 0.7405 -0.0000 -0.6721
vn -0.2955 -0.0000 0.9553
vn 0.2954 -0.0000 -0.9554
vn -0.3793 -0.0000 0.9253
vn -0.3792 -0.0000 0.9253
vn 0.3792 -0.0000 -0.9253
vn 0.3791 -0.0000 -0.9254
vn -0.5373 -0.0000 0.8434
vn 0.5371 -0.0000 -0.8435
vn 0.5373 -0.0000 -0.8434
vn -0.4598 -0.0000 0.8880
vn 0.4598 -0.0000 -0.8880
vn -0.0329 -0.0000 0.9995
vn 0.0329 -0.0000 -0.9995
vn 0.0328 -0.0000 -0.9995
vn -0.2095 -0.0000 0.9778
vn 0.2095 -0.0000 -0.9778
vn -0.1216 -0.0000 0.9926
vn 0.1215 -0.0000 -0.9926
vn -0.0067 -0.0000 -1.0000
vn 0.0067 -0.0000 1.0000
vn 0.2096 -0.0000 -0.9778
vn 0.0330 -0.0000 -0.9995
vn 0.0010 -0.0000 -1.0000
vn 0.0011 -0.0000 -1.0000
vn -0.0010 -0.0000 1.0000
vn 0.5372 -0.0000 -0.8435
vn -0.5372 -0.0000 0.8435
vn -0.5372 -0.0000 0.8434
vn 0.0236 -0.0000 -0.9997
vn -0.0236 -0.0000 0.9997
vn 0.8479 -0.0000 -0.5301
vn -0.8480 -0.0000 0.5299
vn -0.8480 -0.0000 0.5300
vn -0.8480 -0.0000 0.5301
vn 0.6780 -0.0000 -0.7351
vn 0.7408 -0.0000 -0.6717
vn -0.7408 -0.0000 0.6717
vn -0.4698 -0.0000 0.8828
vn 0.4697 -0.0000 -0.8828
vn -0.4599 -0.0000 0.8880
vn 0.4600 -0.0000 -0.8879
vn -0.4648 -0.0000 0.8854
vn 0.4648 -0.0000 -0.8854
vn -0.8830 -0.0000 -0.4694
vn -0.8829 -0.0000 -0.4697
vn -0.8828 -0.0000 -0.4697
vn -0.8827 -0.0000 -0.4700
vn -0.8826 -0.0000 -0.4700
vn -0.0344 -0.9992 -0.0183
vn -0.0343 -0.9992 -0.0183
vn -0.4695 -0.0001 0.8830
vn -0.4696 -0.0000 0.8829
vn 0.0344 0.9992 0.0183
vn 0.0343 0.9992 0.0183
vn 0.4695 -0.0000 -0.8829
vn 0.0338 0.9993 0.0173
vn 0.0344 0.9993 0.0176
vn 0.0337 0.9993 0.0173
vn -0.0060 -0.0000 -1.0000
vn 0.0060 -0.0000 1.0000
vn -0.0001 -1.0000 -0.0001
vn 0.9648 -0.0000 0.2629
vn -0.6917 -0.0000 0.7222
vn -0.6918 -0.0000 0.7221
vn -0.3040 -0.0000 -0.9527
vn 0.0001 1.0000 0.0001
vn 0.7283 -0.0003 0.6852
vn 0.7283 -0.0000 0.6852
vn 0.6918 -0.0000 -0.7221
vn -0.7283 -0.0000 -0.6852
vn -0.7283 -0.0003 -0.6852
vn -0.6917 -0.0000 0.7221
vn -0.0119 -0.9999 -0.0087
vn 0.9907 -0.0164 0.1348
vn -0.5910 0.0343 0.8059
vn -0.5911 0.0343 0.8059
vn -0.4256 -0.0164 -0.9048
vn 0.0126 0.9999 0.0077
vn -0.0126 -0.9999 -0.0077
vn 0.8528 -0.0000 0.5222
vn 0.5917 -0.0000 -0.8062
vn 0.5917 0.0001 -0.8062
vn 0.5917 0.0002 -0.8061
vn -0.8528 -0.0000 -0.5222
vn -0.5918 -0.0000 0.8061
vn -0.0191 -0.9998 -0.0059
vn 0.9802 0.0187 -0.1973
vn -0.2951 -0.0392 0.9547
vn -0.2952 -0.0392 0.9546
vn -0.6986 0.0187 -0.7153
vn 0.0191 0.9998 0.0056
vn -0.0191 -0.9998 -0.0056
vn 0.9596 -0.0003 0.2814
vn 0.9596 -0.0000 0.2814
vn 0.2945 0.0001 -0.9557
vn 0.2945 0.0001 -0.9556
vn 0.2945 -0.0000 -0.9556
vn -0.9596 -0.0000 -0.2814
vn -0.9596 -0.0003 -0.2814
vn -0.2946 -0.0000 0.9556
vn -0.9941 -0.0000 0.1085
vn -0.9941 -0.0000 0.1082
vn 0.9941 -0.0000 -0.1086
vn -1.0000 -0.0000 0.0003
vn -0.9765 -0.0000 -0.2155
vn -0.9765 -0.0000 -0.2156
vn 0.9765 -0.0000 0.2154
vn 0.9765 -0.0000 0.2156
vn -0.9941 -0.0000 -0.1081
vn 0.9942 -0.0000 0.1079
vn -0.9272 -0.0000 0.3745
vn 0.9271 -0.0000 -0.3748
vn 0.9271 -0.0000 -0.3749
vn -0.9273 -0.0000 0.3744
vn 0.9272 -0.0000 -0.3746
vn 0.9272 -0.0000 -0.3747
vn -0.9766 -0.0000 0.2152
vn -0.9766 -0.0000 0.2151
vn 0.9766 -0.0000 -0.2151
vn 0.9765 -0.0000 -0.2154
vn -0.9474 -0.0000 0.3201
vn -0.9475 -0.0000 0.3198
vn 0.9475 -0.0000 -0.3199
vn -0.8479 -0.0000 0.5302
vn -0.8478 -0.0000 0.5303
vn -0.8918 -0.0000 0.4525
vn 0.8916 -0.0000 -0.4528
vn 0.8916 -0.0000 -0.4529
vn -0.9272 -0.0000 0.3746
vn 0.9272 -0.0000 -0.3745
vn -0.9272 -0.0000 0.3747
vn 0.9271 -0.0000 -0.3747
vn 0.8917 -0.0000 -0.4527
vn 0.8917 -0.0000 -0.4526
vn -0.8916 -0.0000 0.4528
vn -0.9271 -0.0000 0.3747
vn 0.9941 -0.0000 -0.1082
vn -0.9941 -0.0000 0.1081
vn 0.9766 -0.0000 -0.2152
vn 0.9475 -0.0000 -0.3197
vn 0.9476 -0.0000 -0.3195
vn -0.9475 -0.0000 0.3197
vn -0.9475 -0.0000 0.3196
vn 0.9475 -0.0000 0.3198
vn -0.9475 -0.0000 -0.3197
vn 0.9766 -0.0000 0.2152
vn 0.9766 -0.0000 0.2151
vn -0.9766 -0.0000 -0.2151
vn -0.9766 -0.0000 -0.2152
vn 0.9941 -0.0000 0.1084
vn -0.9941 -0.0000 -0.1083
vn -0.9430 -0.0000 0.3329
vn -0.9429 -0.0000 0.3330
vn 0.9430 -0.0000 -0.3327
vn -0.9452 -0.0000 0.3265
vn -0.9452 -0.0000 0.3264
vn 0.3324 -0.0000 0.9431
vn 0.3325 -0.0000 0.9431
vn -0.0373 -0.9979 -0.0532
vn -0.0375 -0.9979 -0.0530
vn -0.0373 -0.9979 -0.0534
vn -0.0373 -0.9979 -0.0529
vn -0.0372 -0.9979 -0.0532
vn 0.9429 -0.0000 -0.3331
vn 0.9430 -0.0000 -0.3329
vn 0.0374 0.9979 0.0533
vn 0.0373 0.9979 0.0535
vn 0.0375 0.9979 0.0530
vn 0.0375 0.9979 0.0532
vn -0.9430 -0.0000 0.3327
vn 0.0355 0.9979 0.0540
vn 0.0362 0.9978 0.0557
vn 0.0355 0.9979 0.0539
vn -0.0000 -1.0000 -0.0001
vn 0.5104 -0.0000 0.8600
vn 0.5105 -0.0000 0.8599
vn -0.9993 -0.0000 0.0380
vn 0.4439 -0.0000 -0.8961
vn 0.4443 -0.0000 -0.8959
vn -0.0000 1.0000 0.0002
vn -0.0000 1.0000 0.0001
vn 0.0035 -0.0000 1.0000
vn 0.9993 -0.0000 -0.0376
vn -0.0035 -0.0000 -1.0000
vn -0.9993 -0.0000 0.0372
vn -0.0037 -0.9999 -0.0143
vn 0.6837 -0.0156 0.7296
vn 0.6838 -0.0156 0.7295
vn -0.9671 0.0326 0.2524
vn -0.9671 0.0326 0.2525
vn 0.2406 -0.0156 -0.9705
vn 0.2405 -0.0156 -0.9705
vn 0.0041 0.9999 0.0141
vn -0.0041 -0.9999 -0.0141
vn -0.0041 -0.9999 -0.0142
vn 0.2809 -0.0000 0.9597
vn 0.9677 -0.0000 -0.2521
vn -0.2809 -0.0000 -0.9597
vn -0.9677 -0.0000 0.2522
vn -0.0080 -0.9998 -0.0183
vn 0.7878 0.0187 0.6156
vn -0.9168 -0.0392 0.3974
vn -0.9169 -0.0392 0.3972
vn 0.0882 0.0187 -0.9959
vn 0.0068 0.9998 0.0188
vn -0.0068 -0.9998 -0.0188
vn 0.3409 0.0002 0.9401
vn 0.3409 -0.0000 0.9401
vn 0.9170 -0.0000 -0.3988
vn 0.9171 -0.0000 -0.3987
vn 0.9171 -0.0000 -0.3986
vn 0.9172 -0.0000 -0.3985
vn -0.3409 -0.0000 -0.9401
vn -0.3409 0.0002 -0.9401
vn -0.9173 -0.0000 0.3983
vn -0.9173 -0.0000 0.3982
vn -0.0090 -0.9999 -0.0135
vn 0.8862 -0.0068 0.4633
vn -0.8302 0.0143 0.5573
vn -0.8300 0.0143 0.5575
vn -0.0932 -0.0068 -0.9956
vn -0.0931 -0.0068 -0.9956
vn 0.0087 0.9999 0.0137
vn -0.0087 -0.9999 -0.0137
vn -0.0087 -0.9999 -0.0138
vn 0.5333 -0.0000 0.8459
vn 0.8304 -0.0005 -0.5572
vn 0.8303 -0.0003 -0.5574
vn 0.8302 -0.0002 -0.5574
vn 0.8301 -0.0000 -0.5576
vn -0.5334 -0.0000 -0.8459
vn -0.5333 -0.0000 -0.8459
vn -0.8303 -0.0000 0.5573
vn 0.0083 -0.9998 0.0181
vn -0.7998 0.0177 -0.6000
vn -0.7999 0.0177 -0.5999
vn 0.9089 -0.0371 -0.4153
vn 0.9090 -0.0371 -0.4152
vn -0.0688 0.0177 0.9975
vn -0.0687 0.0177 0.9975
vn -0.0072 0.9998 -0.0186
vn -0.0072 0.9998 -0.0187
vn 0.0072 -0.9998 0.0186
vn 0.0072 -0.9998 0.0187
vn -0.3592 0.0004 -0.9332
vn -0.3592 -0.0000 -0.9332
vn -0.9093 -0.0000 0.4161
vn -0.9093 0.0002 0.4161
vn -0.9093 0.0003 0.4162
vn -0.9093 0.0005 0.4162
vn 0.3592 -0.0000 0.9333
vn 0.3592 0.0002 0.9332
vn 0.9093 -0.0000 -0.4162
vn 0.9093 -0.0000 -0.4161
vn 0.6741 -0.0254 -0.7382
vn -0.9861 -0.0254 -0.1645
vn -0.9861 -0.0253 -0.1645
vn -0.0012 -0.9999 0.0147
vn -0.4020 -0.0156 -0.9155
vn -0.4034 -0.0156 -0.9149
vn 0.9960 0.0326 0.0831
vn 0.9960 0.0326 0.0829
vn -0.5489 -0.0156 0.8357
vn -0.0000 0.9999 -0.0148
vn -0.0000 -0.9999 0.0148
vn -0.0000 -0.9999 0.0147
vn -0.0003 -0.0000 -1.0000
vn -0.0004 -0.0000 -1.0000
vn -0.9965 -0.0000 -0.0831
vn 0.0004 -0.0000 1.0000
vn 0.0003 -0.0000 1.0000
vn 0.9965 -0.0000 0.0835
vn 0.0001 -0.9998 0.0200
vn -0.4829 0.0177 -0.8755
vn -0.4816 0.0177 -0.8762
vn 0.9993 -0.0371 -0.0053
vn 0.9993 -0.0371 -0.0050
vn -0.4728 0.0177 0.8810
vn -0.4730 0.0178 0.8809
vn -0.0004 0.9998 -0.0200
vn 0.0004 -0.9998 0.0199
vn -0.0197 -0.0000 -0.9998
vn -1.0000 -0.0000 0.0059
vn -1.0000 -0.0000 0.0060
vn -1.0000 -0.0000 0.0061
vn 0.0197 -0.0000 0.9998
vn 1.0000 -0.0000 -0.0055
vn -0.0002 -0.9999 0.0162
vn -0.4684 -0.0065 -0.8835
vn -0.4679 -0.0065 -0.8838
vn 0.9999 0.0136 0.0103
vn 0.9999 0.0136 0.0107
vn -0.4871 -0.0065 0.8733
vn -0.4867 -0.0065 0.8736
vn 0.0002 0.9999 -0.0163
vn 0.0107 -0.0000 -0.9999
vn -0.9999 -0.0005 -0.0106
vn -0.9999 -0.0003 -0.0104
vn -0.9999 -0.0002 -0.0104
vn -0.0107 -0.0000 0.9999
vn 0.9999 -0.0000 0.0110
vn -0.9997 -0.0000 0.0242
vn -0.9997 -0.0000 0.0243
vn 0.9997 -0.0000 -0.0243
vn -0.9998 -0.0000 0.0209
vn 0.9998 -0.0000 -0.0206
vn -0.9999 -0.0000 0.0133
vn 0.9999 -0.0000 -0.0130
vn -0.9999 -0.0000 0.0169
vn 0.9999 -0.0000 -0.0170
vn 0.9999 -0.0000 -0.0169
vn -0.9992 -0.0000 0.0399
vn -0.9992 -0.0000 0.0398
vn 0.9992 -0.0000 -0.0395
vn 0.9992 -0.0000 -0.0396
vn -0.9994 -0.0000 0.0359
vn -0.9994 -0.0000 0.0358
vn 0.9994 -0.0000 -0.0359
vn -0.9996 -0.0000 0.0282
vn 0.9996 -0.0000 -0.0283
vn 0.9996 -0.0000 -0.0282
vn -0.9995 -0.0000 0.0322
vn 0.9995 -0.0000 -0.0319
vn -0.9996 -0.0000 -0.0293
vn 0.9996 -0.0000 0.0296
vn -0.9987 -0.0000 0.0512
vn -0.9987 -0.0000 0.0513
vn 0.9987 -0.0000 -0.0509
vn 0.9987 -0.0000 -0.0508
vn -0.9991 -0.0000 0.0435
vn 0.9991 -0.0000 -0.0435
vn 0.9991 -0.0000 -0.0436
vn -0.9989 -0.0000 0.0472
vn 0.9989 -0.0000 -0.0469
vn -1.0000 -0.0000 -0.0003
vn -0.0000 -0.9986 0.0527
vn -0.0000 0.9986 -0.0527
vn -0.0000 0.9987 -0.0503
vn -0.0000 0.9987 -0.0502
vn -0.0000 -0.9935 0.1141
vn 0.4777 -0.0000 0.8785
vn 0.4773 -0.0000 0.8787
vn 0.4777 -0.0000 -0.8785
vn 0.4773 -0.0000 -0.8787
vn -0.0000 0.9935 -0.1141
vn -0.0000 0.9935 -0.1142
vn -0.0000 -0.9935 0.1142
vn -0.0000 -0.9961 0.0884
vn 0.4767 -0.0253 0.8787
vn 0.4764 -0.0253 0.8789
vn -0.9986 0.0530 -0.0047
vn 0.4782 -0.0254 -0.8779
vn 0.4786 -0.0254 -0.8777
vn -0.0000 0.9961 -0.0884
vn -0.0000 -0.9985 0.0544
vn 0.4781 0.0300 0.8778
vn 0.4782 0.0300 0.8778
vn -0.9980 -0.0627 0.0034
vn -0.9980 -0.0626 0.0034
vn 0.4764 0.0299 -0.8787
vn 0.4763 0.0299 -0.8788
vn 0.4768 0.0299 -0.8785
vn -0.0000 0.9985 -0.0544
vn -0.0000 -0.9985 0.0543
vn -0.0000 -0.9999 0.0112
vn 0.4773 -0.0105 0.8787
vn 0.4776 -0.0105 0.8785
vn -0.9998 0.0220 -0.0002
vn 0.4777 -0.0105 -0.8784
vn -0.0000 0.9999 -0.0113
vn -0.0000 -0.9999 0.0113
vn 1.0000 -0.0000 0.0003
vn -0.9906 -0.0000 0.1366
vn -0.9906 -0.0000 0.1365
vn 0.9906 -0.0000 -0.1365
vn -0.7434 -0.0000 -0.6689
vn -0.7435 -0.0000 -0.6687
vn 0.7430 -0.0000 0.6693
vn 0.7432 -0.0000 0.6691
vn -0.8088 -0.0000 -0.5881
vn -0.8090 -0.0000 -0.5878
vn 0.8083 -0.0000 0.5888
vn 0.8082 -0.0000 0.5889
vn -0.9125 -0.0000 -0.4092
vn -0.9124 -0.0000 -0.4093
vn 0.9125 -0.0000 0.4090
vn -0.8649 -0.0000 -0.5020
vn -0.8650 -0.0000 -0.5018
vn 0.8649 -0.0000 0.5019
vn 0.8647 -0.0000 0.5022
vn -0.7258 -0.0000 -0.6880
vn -0.7257 -0.0000 -0.6880
vn -0.7253 -0.0000 -0.6885
vn -0.7252 -0.0000 -0.6885
vn 0.7257 -0.0000 0.6880
vn 0.7254 -0.0000 0.6883
vn -0.5702 -0.0000 -0.8215
vn -0.5700 -0.0000 -0.8217
vn 0.5703 -0.0000 0.8215
vn 0.5701 -0.0000 0.8216
vn -0.6704 -0.0000 -0.7420
vn -0.6705 -0.0000 -0.7419
vn 0.6706 -0.0000 0.7418
vn 0.6705 -0.0000 0.7419
vn -0.5898 -0.0000 -0.8075
vn -0.5900 -0.0000 -0.8074
vn 0.5897 -0.0000 0.8076
vn 0.5898 -0.0000 0.8076
vn -0.9475 -0.0000 -0.3198
vn 0.9476 -0.0000 0.3194
vn 0.9476 -0.0000 0.3195
vn -0.9074 -0.0000 -0.4202
vn -0.9076 -0.0000 -0.4198
vn 0.9076 -0.0000 0.4199
vn 0.9075 -0.0000 0.4200
vn -0.7955 -0.0000 -0.6060
vn -0.7954 -0.0000 -0.6061
vn 0.7954 -0.0000 0.6061
vn -0.8570 -0.0000 -0.5153
vn -0.8569 -0.0000 -0.5155
vn 0.8565 -0.0000 0.5162
vn 0.8564 -0.0000 0.5162
vn 0.7253 -0.0000 0.6885
vn -0.7254 -0.0000 -0.6883
vn -0.7253 -0.0000 -0.6884
vn 0.7956 -0.0000 0.6058
vn 0.7957 -0.0000 0.6057
vn -0.7957 -0.0000 -0.6057
vn -0.7957 -0.0000 -0.6056
vn 0.9075 -0.0000 0.4201
vn 0.8564 -0.0000 0.5163
vn -0.8564 -0.0000 -0.5163
vn -0.8565 -0.0000 -0.5162
vn 0.8560 -0.0000 0.5170
vn 0.8559 -0.0000 0.5172
vn -0.8559 -0.0000 -0.5172
vn 0.7978 -0.0000 0.6030
vn 0.7979 -0.0000 0.6028
vn -0.7981 -0.0000 -0.6026
vn -0.7979 -0.0000 -0.6028
vn 0.7135 -0.0000 0.7007
vn 0.7131 -0.0000 0.7010
vn -0.7131 -0.0000 -0.7011
vn -0.7130 -0.0000 -0.7011
vn 0.9917 -0.0000 0.1283
vn -0.9917 -0.0000 -0.1285
vn 0.9730 -0.0000 0.2308
vn 0.9731 -0.0000 0.2304
vn -0.9732 -0.0000 -0.2302
vn -0.9732 -0.0000 -0.2300
vn 0.9046 -0.0000 0.4262
vn 0.9047 -0.0000 0.4259
vn -0.9046 -0.0000 -0.4263
vn 0.9443 -0.0000 0.3291
vn 0.9440 -0.0000 0.3299
vn -0.9440 -0.0000 -0.3300
vn -0.9440 -0.0000 -0.3299
vn -0.7396 -0.0000 -0.6730
vn 0.7395 -0.0000 0.6732
vn 0.7400 -0.0000 0.6726
vn -0.7311 -0.0000 -0.6822
vn -0.7309 -0.0000 -0.6825
vn 0.7312 -0.0000 0.6822
vn -0.7355 -0.0000 -0.6776
vn 0.7355 -0.0000 0.6776
vn 0.7354 -0.0000 0.6776
vn 0.6807 -0.0000 -0.7326
vn 0.6807 -0.0000 -0.7325
vn 0.0512 -0.9987 -0.0032
vn 0.0514 -0.9987 -0.0035
vn 0.0510 -0.9987 -0.0030
vn -0.7406 -0.0000 -0.6719
vn -0.7394 0.0001 -0.6733
vn -0.7393 0.0001 -0.6734
vn -0.7405 -0.0000 -0.6721
vn -0.0511 0.9987 0.0032
vn -0.0510 0.9987 0.0030
vn -0.0514 0.9987 0.0034
vn -0.0511 0.9987 0.0031
vn 0.7392 -0.0000 0.6734
vn -0.0465 0.9989 0.0007
vn -0.0487 0.9988 0.0032
vn -0.0486 0.9988 0.0032
vn -0.0464 0.9989 0.0007
vn -0.0083 -0.9998 0.0181
vn -0.0703 0.0177 -0.9974
vn -0.0700 0.0177 -0.9974
vn 0.9091 -0.0371 0.4150
vn 0.9090 -0.0371 0.4150
vn -0.7989 0.0178 0.6012
vn -0.7988 0.0178 0.6013
vn 0.0080 0.9998 -0.0183
vn -0.0080 -0.9998 0.0183
vn -0.0080 -0.9998 0.0182
vn 0.4019 -0.0000 -0.9157
vn -0.9101 0.0005 -0.4145
vn -0.9101 0.0003 -0.4145
vn -0.9101 0.0002 -0.4145
vn -0.9100 -0.0000 -0.4145
vn -0.4019 -0.0000 0.9157
vn -0.4019 -0.0008 0.9157
vn 0.9100 -0.0000 0.4145
vn 0.9101 -0.0000 0.4144
vn 0.0096 -0.9999 -0.0131
vn -0.1375 -0.0065 0.9905
vn -0.1373 -0.0065 0.9905
vn -0.8046 0.0136 -0.5937
vn 0.9059 -0.0065 -0.4235
vn 0.9060 -0.0065 -0.4233
vn -0.0096 0.9999 0.0131
vn -0.0097 0.9999 0.0131
vn 0.0096 -0.9999 -0.0130
vn -0.5939 -0.0000 0.8045
vn 0.8044 -0.0009 0.5941
vn 0.8046 -0.0006 0.5938
vn 0.8047 -0.0004 0.5937
vn 0.8049 -0.0000 0.5934
vn 0.5939 -0.0000 -0.8045
vn 0.5939 -0.0003 -0.8045
vn -0.8045 -0.0000 -0.5939
vn -0.8046 -0.0000 -0.5939
vn -0.9999 -0.0000 0.0123
vn 0.9999 -0.0000 -0.0126
vn -1.0000 -0.0000 0.0087
vn 1.0000 -0.0000 -0.0087
vn -0.9955 -0.0000 -0.0947
vn 0.9955 -0.0000 0.0948
vn 0.9955 -0.0000 0.0952
vn -1.0000 -0.0000 0.0054
vn 1.0000 -0.0000 -0.0054
vn -1.0000 -0.0000 -0.0054
vn 1.0000 -0.0000 0.0054
vn -1.0000 -0.0000 -0.0090
vn 1.0000 -0.0000 0.0090
vn -0.9999 -0.0000 -0.0165
vn -0.9999 -0.0000 -0.0166
vn 0.9999 -0.0000 0.0168
vn -0.9999 -0.0000 -0.0126
vn 0.9999 -0.0000 0.0129
vn -1.0000 -0.0000 0.0094
vn 1.0000 -0.0000 -0.0094
vn 1.0000 -0.0000 -0.0057
vn -1.0000 -0.0000 -0.0015
vn 1.0000 -0.0000 0.0018
vn -1.0000 -0.0000 0.0021
vn 1.0000 -0.0000 -0.0018
vn 1.0000 -0.0000 -0.0021
vn -0.9999 -0.0000 -0.0123
vn 0.9999 -0.0000 0.0126
vn 0.9999 -0.0000 0.0127
vn -0.9999 -0.0000 -0.0127
vn -0.0000 -0.9907 0.1358
vn -0.0000 -0.9907 0.1359
vn 0.9999 -0.0000 0.0123
vn -0.0000 0.9907 -0.1359
vn -0.0000 0.9907 -0.1358
vn -0.0000 0.9907 -0.1360
vn -0.9999 -0.0000 -0.0117
vn 0.9724 -0.0000 0.2334
vn -0.9723 -0.0000 -0.2336
vn 0.9951 -0.0000 0.0990
vn 0.9951 -0.0000 0.0991
vn -0.9950 -0.0000 -0.0996
vn -0.9951 -0.0000 -0.0993
vn -0.0187 -0.9973 0.0711
vn 0.4217 -0.0000 0.9068
vn -0.9725 -0.0000 -0.2329
vn -0.9725 -0.0000 -0.2328
vn -0.9725 -0.0000 -0.2330
vn 0.7871 -0.0000 -0.6168
vn 0.0185 0.9973 -0.0706
vn 0.0185 0.9973 -0.0711
vn 0.0185 0.9973 -0.0712
vn -0.0185 -0.9973 0.0712
vn -0.0185 -0.9973 0.0706
vn -0.0185 -0.9973 0.0711
vn -0.0185 -0.9973 0.0705
vn -0.2325 -0.0000 0.9726
vn -0.2324 -0.0000 0.9726
vn 0.9724 -0.0000 0.2332
vn 0.9725 -0.0000 0.2331
vn 0.9725 -0.0000 0.2329
vn 0.2336 -0.0000 -0.9723
vn -0.9724 -0.0000 -0.2332
vn -0.9725 -0.0000 -0.2331
vn -0.0007 -0.9925 0.1219
vn 0.4766 -0.0253 0.8787
vn 0.4760 -0.0253 0.8791
vn -0.9986 0.0530 -0.0065
vn 0.4792 -0.0254 -0.8773
vn 0.4793 -0.0254 -0.8773
vn 0.4773 -0.0254 -0.8784
vn 0.0007 0.9925 -0.1220
vn 0.0007 0.9925 -0.1219
vn -0.0007 -0.9926 0.1218
vn -0.0007 -0.9925 0.1220
vn -0.0007 -0.9925 0.1221
vn -0.0002 -0.0000 1.0000
vn -0.0001 -0.9912 0.1322
vn 0.4788 0.0301 0.8774
vn 0.4791 0.0301 0.8772
vn 0.4792 0.0301 0.8772
vn -0.9980 -0.0627 0.0084
vn -0.9980 -0.0626 0.0084
vn 0.4758 0.0299 -0.8790
vn 0.0001 0.9912 -0.1322
vn -0.0000 0.9912 -0.1321
vn -0.0001 -0.9912 0.1321
vn -0.0002 -0.0000 -1.0000
vn -0.0000 -0.9912 0.1327
vn 0.4768 -0.0105 0.8790
vn 0.4774 -0.0105 0.8786
vn -0.9998 0.0220 -0.0029
vn 0.4779 -0.0105 -0.8783
vn -0.0000 0.9912 -0.1326
vn -0.0000 0.9912 -0.1327
vn -0.0000 -0.9912 0.1326
vn 1.0000 0.0005 -0.0000
vn 1.0000 0.0003 -0.0000
vn 1.0000 0.0002 -0.0000
vn -0.9945 -0.0000 0.1047
vn 0.9945 -0.0000 -0.1052
vn 0.9944 -0.0000 -0.1052
vn -0.9945 -0.0000 0.1048
vn 0.9944 -0.0000 -0.1053
vn -0.9945 -0.0000 0.1045
vn -0.9945 -0.0000 0.1044
vn 0.9945 -0.0000 -0.1051
vn -0.9944 -0.0000 0.1058
vn -0.9944 -0.0000 0.1057
vn -0.9944 -0.0000 0.1056
vn -0.9946 -0.0000 0.1042
vn 0.9945 -0.0000 -0.1045
vn -0.9946 -0.0000 0.1040
vn -0.9945 -0.0000 0.1046
vn 0.9945 -0.0000 -0.1047
vn 0.9945 -0.0000 -0.1046
vn -0.9997 -0.0000 -0.0260
vn 0.9997 -0.0000 0.0262
vn 0.9997 -0.0000 0.0263
vn -0.9969 -0.0000 0.0785
vn 0.9970 -0.0000 -0.0771
vn -0.9945 -0.0000 0.1051
vn 0.9944 -0.0000 -0.1058
vn 0.9944 -0.0000 -0.1057
vn -1.0000 -0.0000 0.0006
vn 0.9997 -0.0000 0.0249
vn -0.9997 -0.0000 -0.0253
vn -1.0000 -0.0000 -0.0006
vn -0.9945 -0.0000 0.1049
vn 0.9945 -0.0000 -0.1048
vn 0.1046 -0.0000 0.9945
vn 0.1049 -0.0000 0.9945
vn -0.0022 -0.9998 -0.0212
vn -0.0022 -0.9998 -0.0211
vn -0.0021 -0.9998 -0.0214
vn -0.0022 -0.9998 -0.0213
vn 0.0022 0.9998 0.0212
vn -0.9944 -0.0000 0.1060
vn 0.0022 0.9998 0.0213
vn -0.4435 0.0300 0.8958
vn -0.5745 -0.0627 -0.8161
vn -0.5746 -0.0627 -0.8161
vn -0.5741 -0.0626 -0.8164
vn 0.9929 0.0299 -0.1153
vn 0.9929 0.0299 -0.1151
vn -0.8180 -0.0000 0.5752
vn -0.8180 -0.0000 0.5753
vn 0.5746 -0.0000 0.8184
vn 0.8179 -0.0000 -0.5753
vn -0.5759 -0.0000 -0.8175
vn -0.5756 -0.0000 -0.8177
vn -0.5755 -0.0000 -0.8178
vn -0.5752 -0.0000 -0.8180
vn 0.9519 -0.0253 0.3052
vn 0.9518 -0.0253 0.3056
vn -0.7223 0.0530 0.6895
vn -0.7222 0.0530 0.6897
vn -0.2609 -0.0254 -0.9650
vn -0.2612 -0.0254 -0.9650
vn 0.6908 -0.0000 0.7230
vn 0.6908 -0.0000 0.7231
vn 0.7233 -0.0000 -0.6905
vn -0.6908 -0.0000 -0.7231
vn -0.6907 -0.0000 -0.7231
vn -0.7238 -0.0000 0.6900
vn 0.9769 0.0300 -0.2117
vn 0.9769 0.0300 -0.2118
vn -0.2798 -0.0627 0.9580
vn -0.2802 -0.0627 0.9579
vn -0.7091 0.0299 -0.7045
vn -0.7091 0.0300 -0.7045
vn 0.9597 -0.0000 0.2809
vn 0.2816 -0.0000 -0.9595
vn -0.9598 -0.0000 -0.2808
vn -0.9597 -0.0000 -0.2809
vn -0.2808 -0.0000 0.9598
vn -0.2805 -0.0000 0.9599
vn -0.2803 -0.0000 0.9599
vn -0.2799 -0.0000 0.9600
vn 0.0114 -0.9999 0.0093
vn -0.9832 -0.0156 -0.1817
vn -0.9832 -0.0156 -0.1818
vn 0.6291 0.0326 -0.7767
vn 0.6291 0.0326 -0.7766
vn 0.6284 0.0326 -0.7772
vn 0.3823 -0.0156 0.9239
vn 0.3818 -0.0156 0.9241
vn -0.0122 0.9999 -0.0083
vn 0.0122 -0.9999 0.0083
vn -0.8272 -0.0000 -0.5620
vn -0.8271 -0.0000 -0.5620
vn -0.6288 -0.0000 0.7776
vn -0.6290 -0.0000 0.7774
vn -0.6291 -0.0000 0.7773
vn -0.6293 -0.0000 0.7771
vn 0.8272 -0.0000 0.5620
vn 0.8271 -0.0000 0.5620
vn 0.6290 -0.0000 -0.7774
vn 0.0199 -0.9998 -0.0011
vn -0.8518 0.0177 0.5235
vn -0.8516 0.0177 0.5238
vn -0.0520 -0.0371 -0.9980
vn -0.0526 -0.0371 -0.9979
vn 0.9024 0.0177 0.4305
vn 0.9023 0.0178 0.4307
vn -0.0199 0.9998 0.0013
vn 0.0199 -0.9998 -0.0013
vn -0.9978 -0.0000 0.0670
vn 0.0521 -0.0000 0.9986
vn 0.0525 -0.0000 0.9986
vn 0.0527 -0.0000 0.9986
vn 0.0531 -0.0000 0.9986
vn 0.9978 -0.0000 -0.0670
vn -0.0540 -0.0000 -0.9985
vn -0.0001 -0.9999 -0.0162
vn 0.4839 -0.0065 0.8751
vn 0.4836 -0.0065 0.8752
vn -0.9999 0.0136 0.0075
vn -0.9999 0.0136 0.0076
vn 0.4710 -0.0065 -0.8821
vn 0.4715 -0.0065 -0.8819
vn 0.0001 0.9999 0.0162
vn 0.0072 -0.0000 1.0000
vn 1.0000 -0.0000 -0.0071
vn -0.0072 -0.0000 -1.0000
vn -0.0072 -0.0006 -1.0000
vn -1.0000 -0.0000 0.0071
vn -0.8322 -0.0253 0.5539
vn 0.9172 -0.0254 0.3977
vn 0.9175 -0.0254 0.3969
vn 0.0882 -0.0000 0.9961
vn 0.0890 -0.0000 0.9960
vn 0.0893 -0.0000 0.9960
vn 0.7942 0.0224 0.6073
vn 0.7946 0.0224 0.6067
vn -0.9118 -0.0472 0.4080
vn -0.9121 -0.0472 0.4073
vn 0.0769 0.0227 -0.9968
vn 0.0777 0.0227 -0.9967
vn 0.3912 -0.0000 0.9203
vn 0.9132 -0.0000 -0.4074
vn -0.3912 -0.0000 -0.9203
vn -0.9130 -0.0000 0.4079
vn -0.9130 -0.0000 0.4081
vn -0.9129 -0.0000 0.4081
vn -0.9129 -0.0000 0.4083
vn 0.9217 -0.0105 -0.3878
vn 0.9217 -0.0105 -0.3877
vn -0.0998 0.0220 0.9948
vn -0.0994 0.0220 0.9948
vn -0.8266 -0.0105 -0.5628
vn -0.8265 -0.0105 -0.5628
vn 0.9950 0.0006 0.0998
vn 0.9950 -0.0000 0.0999
vn 0.0996 -0.0000 -0.9950
vn 0.0988 0.0001 -0.9951
vn 0.0985 0.0002 -0.9951
vn 0.0977 0.0004 -0.9952
vn -0.9950 -0.0000 -0.0999
vn -0.0996 -0.0000 0.9950
vn -0.0992 -0.0000 0.9951
vn -0.0990 -0.0000 0.9951
vn -0.0986 -0.0000 0.9951
vn -0.8305 0.0300 -0.5562
vn -0.8308 0.0300 -0.5557
vn 0.8838 -0.0627 -0.4637
vn 0.8843 -0.0626 -0.4627
vn -0.0154 0.0300 0.9994
vn -0.0155 0.0300 0.9994
vn -0.0145 0.0299 0.9994
vn -0.0000 -1.0000 0.0001
vn -0.4641 -0.0000 -0.8858
vn -0.4640 -0.0000 -0.8858
vn -0.8866 -0.0000 0.4625
vn -0.8867 -0.0000 0.4623
vn -0.8868 -0.0000 0.4621
vn 0.4643 -0.0000 0.8857
vn 0.4642 -0.0000 0.8857
vn 0.8859 -0.0000 -0.4640
vn 0.8858 -0.0000 -0.4640
vn -0.0242 -0.0000 -0.9997
vn -0.0255 -0.0000 -0.9997
vn 0.0256 -0.0000 0.9997
vn 0.0243 -0.0000 0.9997
vn 0.2394 -0.0000 -0.9709
vn 0.2395 -0.0000 -0.9709
vn 0.2405 -0.0000 -0.9707
vn 0.2405 -0.0000 -0.9706
vn -0.2401 -0.0000 0.9707
vn -0.2391 -0.0000 0.9710
vn 0.6090 -0.0000 -0.7932
vn -0.6087 -0.0000 0.7934
vn -0.6091 -0.0000 0.7931
vn 0.4883 -0.0000 -0.8727
vn 0.4878 -0.0000 -0.8729
vn -0.4875 -0.0000 0.8731
vn -0.4890 -0.0000 0.8723
vn -0.8897 -0.0000 -0.4565
vn 0.8897 -0.0000 0.4565
vn 0.8900 -0.0000 0.4560
vn -0.7371 -0.0000 -0.6758
vn -0.7373 -0.0000 -0.6756
vn 0.7378 -0.0000 0.6750
vn 0.7375 -0.0000 0.6753
vn -0.2896 -0.0000 -0.9571
vn -0.2896 -0.0000 -0.9572
vn 0.2896 -0.0000 0.9572
vn 0.2885 -0.0000 0.9575
vn -0.5328 -0.0000 -0.8462
vn 0.5322 -0.0000 0.8466
vn 0.5323 -0.0000 0.8466
vn -0.9944 -0.0000 0.1055
vn 0.9944 -0.0000 -0.1056
vn -0.9999 -0.0000 -0.0101
vn 0.9999 -0.0000 0.0104
vn 0.0006 -0.0000 1.0000
vn -0.0006 -0.0000 -1.0000
vn -0.0090 -0.0000 1.0000
vn 0.0090 -0.0000 -1.0000
vn -0.0032 -0.0000 1.0000
vn -0.0024 -0.0000 1.0000
vn 0.0016 -0.0000 -1.0000
vn 0.0024 -0.0000 -1.0000
vn -0.0037 -0.0000 1.0000
vn 0.0037 -0.0000 -1.0000
vn -0.0012 -0.0000 -1.0000
vn -0.0013 -0.0000 -1.0000
vn 0.6087 -0.0000 -0.7934
vn 0.6086 -0.0000 -0.7935
vn -0.6089 -0.0000 0.7932
vn -0.6089 -0.0000 0.7933
vn 0.8495 -0.0000 0.5276
vn 0.8494 -0.0000 0.5278
vn -0.8494 -0.0000 -0.5277
vn -0.8495 -0.0000 -0.5275
vn -0.0006 -0.0000 1.0000
vn 0.0012 -0.0000 -1.0000
vn 1.0000 -0.0000 -0.0012
vn -1.0000 -0.0000 0.0012
vn -0.0231 -0.0000 -0.9997
vn -0.0225 -0.0000 -0.9997
vn 0.0225 -0.0000 0.9997
vn 0.0231 -0.0000 0.9997
vn -0.6612 -0.0000 -0.7502
vn 0.6610 -0.0000 0.7504
vn 0.6617 -0.0000 0.7498
vn -0.0332 -0.0000 -0.9994
vn 0.0286 -0.0000 0.9996
vn 0.0285 -0.0000 0.9996
vn 0.0272 -0.0000 0.9996
vn -0.0319 -0.0000 -0.9995
vn 0.9997 -0.0000 -0.0225
vn -0.0228 -0.0000 -0.9997
vn 0.0230 -0.0000 0.9997
vn 0.6089 -0.0000 -0.7932
vn 0.6089 -0.0000 -0.7933
vn -0.6090 -0.0000 0.7932
vn -0.6085 -0.0000 0.7936
vn -0.6081 -0.0000 0.7939
vn 0.6083 -0.0000 -0.7937
vn 0.6084 -0.0000 -0.7936
vn -0.6093 -0.0000 0.7929
vn 0.6085 -0.0000 -0.7935
vn 0.6082 -0.0000 -0.7937
vn 0.6088 -0.0000 -0.7933
vn -0.6088 -0.0000 0.7933
vn -0.6084 -0.0000 0.7936
vn -0.6080 -0.0000 0.7940
vn -0.6080 -0.0000 0.7939
vn -0.6082 -0.0000 0.7938
vn 0.6093 -0.0000 -0.7930
vn 0.6092 -0.0000 -0.7930
vn 0.6082 -0.0000 -0.7938
vn -0.6088 -0.0000 0.7934
vn -0.6093 -0.0000 0.7930
vn 0.6093 -0.0000 -0.7929
vn 0.6085 -0.0000 -0.7936
vn -0.6086 -0.0000 0.7935
vn -0.8165 -0.0000 0.5773
vn -0.8161 -0.0000 0.5779
vn 0.8162 -0.0000 -0.5778
vn 0.8166 -0.0000 -0.5771
vn 0.8167 -0.0000 -0.5771
vn -0.8161 -0.0000 0.5780
vn 0.8161 -0.0000 -0.5779
vn -0.8164 -0.0000 0.5775
vn -0.8166 -0.0000 0.5772
vn 0.8164 -0.0000 -0.5774
vn 0.8163 -0.0000 -0.5776
vn 0.8162 -0.0000 -0.5777
vn 0.8164 -0.0000 -0.5775
vn -0.8160 -0.0000 0.5781
vn -0.8160 -0.0000 0.5780
vn -0.8163 -0.0000 0.5777
vn 0.8160 -0.0000 -0.5781
vn -0.8165 -0.0000 0.5774
vn 0.8166 -0.0000 -0.5772
vn -0.8163 -0.0000 0.5776
vn -0.8162 -0.0000 0.5778
vn 0.8165 -0.0000 -0.5773
vn 0.8159 -0.0000 -0.5782
vn -0.8162 -0.0000 0.5777
vn 0.6088 -0.0000 -0.7934
vn -0.6089 -0.0005 0.7933
vn -0.7933 -0.0000 -0.6088
vn -0.7934 -0.0000 -0.6087
vn -0.0741 -0.9956 -0.0568
vn -0.0740 -0.9956 -0.0568
vn 0.0741 0.9956 0.0568
vn 0.0741 0.9956 0.0569
vn 0.0742 0.9956 0.0570
vn 0.0743 0.9956 0.0570
vn -0.9359 -0.0000 -0.3522
vn -0.9359 -0.0000 -0.3521
vn -0.9361 -0.0000 -0.3518
vn 0.9360 -0.0000 0.3521
vn 0.9361 -0.0000 0.3518
vn 0.9360 -0.0000 0.3520
vn -0.9360 -0.0000 -0.3520
vn 0.9360 -0.0000 0.3519
vn 0.9359 -0.0000 0.3522
vn -0.9360 -0.0000 -0.3521
vn 0.9359 -0.0000 0.3521
vn 0.8163 -0.0000 -0.5777
vn 0.3214 -0.0000 -0.9469
vn 0.3235 -0.0000 -0.9462
vn -0.3227 -0.0000 0.9465
vn -0.3206 -0.0000 0.9472
vn -0.3205 -0.0000 0.9472
vn 0.5344 -0.0000 -0.8453
vn 0.5343 -0.0000 -0.8453
vn 0.5386 -0.0000 -0.8425
vn 0.5388 -0.0000 -0.8424
vn -0.5354 -0.0000 0.8446
vn 0.8850 -0.0000 -0.4656
vn 0.8849 -0.0000 -0.4658
vn -0.8852 -0.0000 0.4653
vn -0.8848 -0.0000 0.4660
vn -0.8849 -0.0000 0.4658
vn 0.7514 -0.0000 -0.6598
vn 0.7514 -0.0000 -0.6599
vn 0.7518 -0.0000 -0.6594
vn -0.7523 -0.0000 0.6588
vn -0.7524 -0.0000 0.6588
vn -0.7530 -0.0000 0.6581
vn -0.7530 -0.0000 0.6580
vn -0.7111 -0.0000 -0.7031
vn -0.7112 -0.0000 -0.7030
vn -0.7099 -0.0000 -0.7044
vn -0.7098 -0.0000 -0.7044
vn 0.7099 -0.0000 0.7043
vn 0.7113 -0.0000 0.7029
vn -0.5668 -0.0000 -0.8238
vn -0.5682 -0.0000 -0.8229
vn -0.5683 -0.0000 -0.8229
vn 0.5688 -0.0000 0.8225
vn 0.5673 -0.0000 0.8235
vn 0.0207 -0.0000 -0.9998
vn -0.0231 -0.0000 0.9997
vn -0.0230 -0.0000 0.9997
vn -0.0208 -0.0000 0.9998
vn -0.2838 -0.0000 -0.9589
vn 0.2854 -0.0000 0.9584
vn 0.2855 -0.0000 0.9584
vn 0.2836 -0.0000 0.9590
vn 0.2835 -0.0000 0.9590
vn -0.9724 -0.0000 -0.2334
vn 0.9724 -0.0000 0.2335
vn 0.9725 -0.0000 0.2330
vn -0.9316 -0.0000 -0.3635
vn -0.9315 -0.0000 -0.3636
vn 0.9317 -0.0000 0.3633
vn 0.9315 -0.0000 0.3637
vn 0.9317 -0.0000 0.3631
vn -0.7995 -0.0000 -0.6007
vn -0.7994 -0.0000 -0.6008
vn 0.7989 -0.0000 0.6015
vn 0.7988 -0.0000 0.6015
vn -0.8737 -0.0000 -0.4865
vn -0.8736 -0.0000 -0.4867
vn -0.8735 -0.0000 -0.4867
vn 0.8740 -0.0000 0.4859
vn 0.8736 -0.0000 0.4866
vn 0.7820 -0.0000 0.6233
vn 0.7820 -0.0000 0.6232
vn 0.7819 -0.0000 0.6235
vn 0.7819 -0.0000 0.6234
vn -0.7820 -0.0000 -0.6233
vn -0.7821 -0.0000 -0.6232
vn -0.7819 -0.0000 -0.6235
vn 0.9944 -0.0000 0.1057
vn 0.9944 -0.0000 0.1059
vn 0.9944 -0.0000 0.1060
vn -0.9944 -0.0000 -0.1058
vn -0.9944 -0.0000 -0.1060
vn 1.0000 -0.0000 0.0095
vn -1.0000 -0.0000 -0.0095
vn 0.9995 -0.0000 -0.0302
vn 0.9995 -0.0000 -0.0303
vn -0.9995 -0.0000 0.0302
vn -0.3248 -0.0000 0.9458
vn -0.3254 -0.0000 0.9456
vn -0.3255 -0.0000 0.9456
vn 0.3253 -0.0000 -0.9456
vn 0.3252 -0.0000 -0.9456
vn 0.3248 -0.0000 -0.9458
vn -0.0242 -0.0000 0.9997
vn -0.0233 -0.0000 0.9997
vn -0.0232 -0.0000 0.9997
vn 0.0243 -0.0000 -0.9997
vn 0.0244 -0.0000 -0.9997
vn 0.1012 -0.0000 0.9949
vn -0.1019 -0.0000 -0.9948
vn -0.1018 -0.0000 -0.9948
vn -0.1008 -0.0000 -0.9949
vn -0.1007 -0.0000 -0.9949
vn -0.9206 -0.0000 0.3904
vn -0.9204 -0.0000 0.3910
vn 0.9205 -0.0000 -0.3907
vn 0.9203 -0.0000 -0.3911
vn -0.9205 -0.0000 0.3907
vn -0.9206 -0.0000 0.3906
vn 0.9206 -0.0000 -0.3905
vn 0.9204 -0.0000 -0.3909
vn -0.5955 -0.0000 0.8033
vn -0.5956 -0.0000 0.8033
vn -0.5966 -0.0000 0.8025
vn -0.5967 -0.0000 0.8025
vn 0.5960 -0.0000 -0.8030
vn 0.5959 -0.0000 -0.8031
vn 0.5955 -0.0000 -0.8033
vn 0.5954 -0.0000 -0.8034
vn -0.8116 -0.0000 0.5842
vn -0.8116 -0.0000 0.5843
vn 0.8117 -0.0000 -0.5841
vn 0.8111 -0.0000 -0.5850
vn 0.8112 -0.0000 -0.5848
vn -0.2436 -0.0000 -0.9699
vn -0.2437 -0.0000 -0.9699
vn -0.2444 -0.0000 -0.9697
vn -0.2446 -0.0000 -0.9696
vn 0.2441 -0.0000 0.9698
vn -0.2814 -0.0000 -0.9596
vn -0.2808 -0.0000 -0.9598
vn -0.2806 -0.0000 -0.9598
vn 0.2818 -0.0000 0.9595
vn -0.2630 -0.0000 -0.9648
vn 0.2631 -0.0010 0.9648
vn 0.2631 -0.0009 0.9648
vn 0.2630 -0.0000 0.9648
vn 0.2629 -0.0000 0.9648
vn -0.2628 -0.0000 -0.9648
vn 0.9729 -0.0000 -0.2312
vn 0.9731 -0.0000 -0.2305
vn 0.9730 -0.0000 -0.2306
vn 0.9732 -0.0000 -0.2300
vn 0.9731 -0.0000 -0.2303
vn -0.0407 -0.9990 -0.0172
vn -0.0409 -0.9990 -0.0174
vn -0.0410 -0.9990 -0.0174
vn -0.0405 -0.9990 -0.0170
vn -0.0406 -0.9990 -0.0169
vn -0.2455 -0.0000 -0.9694
vn -0.2454 -0.0000 -0.9694
vn 0.0406 0.9990 0.0171
vn 0.0405 0.9990 0.0169
vn 0.0406 0.9990 0.0172
vn 0.0409 0.9990 0.0175
vn 0.0407 0.9990 0.0174
vn 0.2450 -0.0000 0.9695
vn 0.2448 -0.0000 0.9696
vn 0.0031 -1.0000 -0.0019
vn -0.7831 -0.0000 -0.6219
vn -0.7831 -0.0000 -0.6220
vn 0.9203 -0.0000 -0.3913
vn 0.9205 -0.0000 -0.3906
vn -0.0955 -0.0000 0.9954
vn -0.0964 -0.0000 0.9953
vn -0.0027 1.0000 0.0018
vn -0.0027 1.0000 0.0017
vn 0.0027 -1.0000 -0.0017
vn 0.0027 -1.0000 -0.0018
vn -0.3907 0.0002 -0.9205
vn -0.3907 -0.0000 -0.9205
vn -0.9208 -0.0002 0.3899
vn -0.9207 -0.0000 0.3904
vn -0.9206 -0.0000 0.3905
vn -0.9204 0.0002 0.3910
vn 0.3907 -0.0000 0.9205
vn 0.3908 -0.0005 0.9205
vn 0.9204 -0.0000 -0.3910
vn -0.0075 -0.9999 -0.0115
vn -0.9850 -0.0400 0.1679
vn -0.9846 -0.0402 0.1701
vn -0.9847 -0.0402 0.1696
vn 0.6193 0.0530 -0.7834
vn 0.6191 0.0530 -0.7835
vn 0.0471 -0.0393 0.9981
vn 0.0472 -0.0393 0.9981
vn 0.0446 -0.0393 0.9982
vn 0.0451 -0.0393 0.9982
vn 0.0075 0.9999 0.0113
vn 0.0076 0.9999 0.0113
vn -0.0077 -0.9999 -0.0113
vn -0.0075 -0.9999 -0.0113
vn -0.0076 -0.9999 -0.0113
vn -0.0075 -0.9999 -0.0112
vn -0.7727 -0.0000 -0.6347
vn -0.7729 -0.0000 -0.6346
vn -0.6189 -0.0000 0.7855
vn -0.6197 -0.0001 0.7849
vn -0.6193 -0.0001 0.7851
vn -0.6201 -0.0002 0.7845
vn 0.7713 0.0003 0.6364
vn 0.7712 -0.0000 0.6365
vn 0.6197 -0.0000 -0.7849
vn 0.6199 0.0001 -0.7847
vn 0.6196 0.0001 -0.7849
vn 0.6201 0.0002 -0.7845
vn -0.0276 -0.9996 0.0013
vn -0.4956 0.0477 0.8672
vn -0.4955 0.0477 0.8673
vn -0.4976 0.0477 0.8661
vn -0.4977 0.0477 0.8661
vn -0.2053 -0.0626 -0.9767
vn -0.2050 -0.0626 -0.9768
vn -0.2049 -0.0626 -0.9768
vn 0.7911 0.0468 0.6098
vn 0.7911 0.0468 0.6099
vn 0.7928 0.0465 0.6078
vn 0.7928 0.0465 0.6077
vn 0.0270 0.9996 -0.0019
vn 0.0271 0.9996 -0.0019
vn 0.0273 0.9996 -0.0020
vn 0.0273 0.9996 -0.0021
vn -0.0274 -0.9996 0.0021
vn -0.0271 -0.9996 0.0020
vn -0.0273 -0.9996 0.0021
vn -0.0270 -0.9996 0.0019
vn -0.9829 -0.0000 0.1841
vn 0.2034 -0.0005 0.9791
vn 0.2039 -0.0001 0.9790
vn 0.2037 -0.0002 0.9790
vn 0.2042 0.0001 0.9789
vn 0.9833 0.0007 -0.1817
vn 0.9833 0.0007 -0.1818
vn -0.2042 -0.0000 -0.9789
vn -0.2031 -0.0000 -0.9792
vn -0.2036 -0.0000 -0.9790
vn -0.2025 -0.0000 -0.9793
vn -0.0389 -0.9984 0.0415
vn -0.0306 -0.0136 0.9994
vn -0.0306 -0.0137 0.9994
vn -0.7641 0.0220 -0.6447
vn -0.7638 0.0220 -0.6451
vn 0.9800 -0.0137 -0.1986
vn 0.9801 -0.0137 -0.1982
vn 0.9801 -0.0137 -0.1980
vn 0.0384 0.9984 -0.0414
vn 0.0387 0.9984 -0.0418
vn -0.0387 -0.9984 0.0418
vn -0.0384 -0.9984 0.0414
vn -0.0387 -0.9984 0.0417
vn -0.6437 -0.0000 0.7652
vn -0.6439 -0.0000 0.7651
vn -0.6438 -0.0000 0.7652
vn 0.7652 -0.0000 0.6438
vn 0.7649 -0.0000 0.6442
vn 0.7646 -0.0000 0.6445
vn 0.6446 -0.0000 -0.7646
vn -0.7645 -0.0000 -0.6446
vn -0.7646 0.0002 -0.6445
vn -0.7647 0.0003 -0.6444
vn 0.0053 -1.0000 0.0082
vn -0.7830 -0.0105 -0.6219
vn -0.7833 -0.0105 -0.6215
vn -0.7826 -0.0105 -0.6225
vn -0.7825 -0.0105 -0.6225
vn 0.9202 0.0220 -0.3908
vn 0.9203 0.0220 -0.3905
vn -0.0967 -0.0105 0.9953
vn -0.0051 1.0000 -0.0083
vn -0.0052 1.0000 -0.0083
vn 0.0052 -1.0000 0.0083
vn 0.0051 -1.0000 0.0082
vn -0.3908 -0.0007 -0.9205
vn -0.3908 -0.0000 -0.9205
vn -0.3908 -0.0006 -0.9205
vn -0.9205 0.0001 0.3907
vn -0.9205 0.0001 0.3908
vn -0.9203 0.0002 0.3911
vn 0.3908 -0.0000 0.9205
vn 0.9207 -0.0000 -0.3903
vn 0.0138 -0.9999 0.0050
vn -0.9885 -0.0142 0.1505
vn -0.9884 -0.0142 0.1509
vn 0.3393 0.0297 -0.9402
vn 0.6640 -0.0142 0.7476
vn 0.6642 -0.0142 0.7474
vn -0.0143 0.9999 -0.0038
vn 0.0143 -0.9999 0.0038
vn -0.9657 -0.0000 -0.2597
vn -0.3394 -0.0000 0.9406
vn 0.9657 -0.0000 0.2597
vn 0.3395 -0.0000 -0.9406
vn 0.3404 -0.0000 -0.9403
vn 0.3401 -0.0000 -0.9404
vn 0.3411 -0.0000 -0.9400
vn -0.0060 -0.9999 -0.0151
vn 0.7686 -0.0065 0.6397
vn 0.7684 -0.0065 0.6399
vn -0.9287 0.0136 0.3705
vn -0.9289 0.0136 0.3700
vn -0.9291 0.0136 0.3695
vn -0.9292 0.0136 0.3695
vn 0.1203 -0.0065 -0.9927
vn 0.1182 -0.0065 -0.9930
vn 0.0060 0.9999 0.0152
vn 0.3695 -0.0000 0.9292
vn 0.9292 -0.0000 -0.3695
vn 0.9293 -0.0000 -0.3693
vn 0.9294 -0.0000 -0.3691
vn 0.9295 -0.0000 -0.3689
vn -0.3695 -0.0000 -0.9292
vn -0.9297 -0.0000 0.3684
vn -0.9295 -0.0000 0.3688
vn -0.9296 -0.0000 0.3685
vn 0.0138 -0.9998 -0.0144
vn -0.2628 0.0206 0.9646
vn -0.7211 -0.0368 -0.6919
vn -0.7214 -0.0367 -0.6915
vn 0.9524 0.0145 -0.3045
vn 0.9527 0.0145 -0.3037
vn -0.0136 0.9998 0.0146
vn 0.0136 -0.9998 -0.0146
vn -0.6814 -0.0000 0.7319
vn -0.6815 -0.0000 0.7319
vn 0.7218 -0.0002 0.6921
vn 0.7221 -0.0001 0.6918
vn 0.7228 -0.0001 0.6910
vn 0.7233 -0.0000 0.6906
vn 0.6814 -0.0000 -0.7319
vn -0.7231 -0.0000 -0.6907
vn -0.7224 -0.0000 -0.6915
vn -0.7221 -0.0000 -0.6918
vn -0.7213 -0.0000 -0.6926
vn 0.0034 -0.9999 -0.0159
vn 0.2845 -0.0016 0.9587
vn 0.2836 -0.0015 0.9589
vn -0.9779 0.0114 -0.2088
vn -0.9779 0.0114 -0.2087
vn 0.6501 -0.0093 -0.7598
vn 0.6503 -0.0093 -0.7596
vn 0.6509 -0.0093 -0.7591
vn -0.0034 0.9999 0.0160
vn -0.0034 0.9999 0.0159
vn -0.2089 -0.0000 0.9779
vn 0.9778 -0.0005 0.2093
vn 0.9779 -0.0003 0.2090
vn 0.9779 -0.0002 0.2089
vn 0.9780 -0.0000 0.2086
vn 0.2089 -0.0000 -0.9779
vn 0.2089 -0.0007 -0.9779
vn -0.9778 -0.0000 -0.2093
vn -0.9779 -0.0000 -0.2092
vn -0.9779 -0.0000 -0.2091
vn -0.9779 -0.0000 -0.2090
vn -0.0339 -0.0000 -0.9994
vn -0.0340 -0.0000 -0.9994
vn -0.0346 -0.0000 -0.9994
vn 0.0346 -0.0000 0.9994
vn 0.0343 -0.0000 0.9994
vn -0.1490 -0.0000 -0.9888
vn -0.1492 -0.0000 -0.9888
vn 0.1487 -0.0000 0.9889
vn 0.1488 -0.0000 0.9889
vn 0.1495 -0.0000 0.9888
vn -0.0092 -0.0000 -1.0000
vn 0.0095 -0.0000 1.0000
vn 0.0092 -0.0000 1.0000
vn -0.2616 -0.0000 -0.9652
vn 0.2614 -0.0000 0.9652
vn 0.2611 -0.0000 0.9653
vn 0.4136 -0.0000 -0.9105
vn 0.4138 -0.0000 -0.9103
vn -0.4139 -0.0000 0.9103
vn -0.4137 -0.0000 0.9104
vn 0.3058 -0.0000 -0.9521
vn 0.3063 -0.0000 -0.9519
vn 0.3064 -0.0000 -0.9519
vn -0.3066 -0.0000 0.9518
vn -0.3057 -0.0000 0.9521
vn 0.0802 -0.0000 -0.9968
vn 0.0803 -0.0000 -0.9968
vn 0.0805 -0.0000 -0.9968
vn -0.0802 -0.0000 0.9968
vn -0.0805 -0.0000 0.9968
vn 0.1947 -0.0000 -0.9809
vn 0.1948 -0.0000 -0.9809
vn 0.1953 -0.0000 -0.9807
vn -0.1949 -0.0000 0.9808
vn -0.1952 -0.0000 0.9808
vn -0.1957 -0.0000 0.9807
vn 0.5155 -0.0000 -0.8569
vn 0.5154 -0.0000 -0.8569
vn -0.5151 -0.0000 0.8572
vn -0.5151 -0.0000 0.8571
vn -0.5157 -0.0000 0.8568
vn -0.5157 -0.0000 0.8567
vn -0.6086 -0.0000 0.7934
vn -0.5148 -0.0000 0.8573
vn -0.5150 -0.0000 0.8572
vn 0.5153 -0.0000 -0.8570
vn 0.5151 -0.0000 -0.8571
vn -0.8159 -0.0000 0.5782
vn 0.8161 -0.0000 -0.5778
vn -0.4126 -0.0000 0.9109
vn -0.4127 -0.0000 0.9109
vn 0.4132 -0.0000 -0.9107
vn 0.4132 -0.0000 -0.9106
vn 0.4135 -0.0000 -0.9105
vn 0.0353 -0.0000 0.9994
vn 0.0352 -0.0000 0.9994
vn -0.0352 -0.0000 -0.9994
vn -0.0344 -0.0000 -0.9994
vn 0.0800 -0.0000 -0.9968
vn -0.3052 -0.0000 0.9523
vn -0.3058 -0.0000 0.9521
vn 0.3056 -0.0000 -0.9522
vn 0.3057 -0.0000 -0.9521
vn 0.4754 -0.0000 0.8798
vn 0.4764 -0.0000 0.8792
vn -0.4755 -0.0000 -0.8797
vn -0.4760 -0.0000 -0.8794
vn 0.3711 -0.0000 0.9286
vn 0.3712 -0.0000 0.9286
vn 0.3718 -0.0000 0.9283
vn -0.3714 -0.0000 -0.9285
vn -0.3715 -0.0000 -0.9284
vn 0.1496 -0.0000 0.9888
vn 0.1497 -0.0000 0.9887
vn -0.1495 -0.0000 -0.9888
vn -0.1489 -0.0000 -0.9888
vn 0.2627 -0.0000 0.9649
vn 0.2624 -0.0000 0.9650
vn -0.2621 -0.0000 -0.9651
vn -0.2621 -0.0000 -0.9650
vn -0.2625 -0.0000 -0.9649
vn 0.1803 -0.0000 -0.9836
vn 0.1799 -0.0000 -0.9837
vn 0.1798 -0.0000 -0.9837
vn -0.1805 -0.0000 0.9836
vn 0.1946 -0.0000 -0.9809
vn 0.1945 -0.0000 -0.9809
vn 0.1941 -0.0000 -0.9810
vn -0.1943 -0.0000 0.9809
vn -0.1944 -0.0000 0.9809
vn -0.1948 -0.0000 0.9809
vn 0.1875 -0.0000 -0.9823
vn 0.1874 -0.0000 -0.9823
vn -0.1875 -0.0000 0.9823
vn -0.1874 -0.0000 0.9823
vn 0.9838 -0.0000 0.1791
vn 0.9838 -0.0000 0.1790
vn 0.0047 -1.0000 0.0008
vn 0.0046 -1.0000 0.0008
vn 0.1812 -0.0000 -0.9834
vn 0.1814 -0.0000 -0.9834
vn 0.1805 -0.0000 -0.9836
vn -0.0047 1.0000 -0.0008
vn -0.1815 -0.0000 0.9834
vn -0.1804 -0.0000 0.9836
vn -0.1814 -0.0000 0.9834
vn -0.0047 1.0000 -0.0009
vn -0.0045 1.0000 -0.0009
vn -0.9953 -0.0254 -0.0934
vn -0.9953 -0.0253 -0.0938
vn 0.5568 0.0530 -0.8290
vn 0.5569 0.0530 -0.8289
vn 0.4618 -0.0254 0.8866
vn 0.4631 -0.0254 0.8859
vn 0.4632 -0.0253 0.8859
vn -0.8300 -0.0000 -0.5578
vn -0.8299 -0.0000 -0.5579
vn -0.5583 -0.0000 0.8296
vn 0.8300 -0.0000 0.5578
vn 0.5578 -0.0000 -0.8300
vn 0.5580 -0.0000 -0.8298
vn 0.5582 -0.0000 -0.8297
vn 0.5584 -0.0000 -0.8296
vn 0.9905 0.0239 -0.1351
vn 0.9904 0.0239 -0.1360
vn -0.3539 -0.0499 0.9339
vn -0.3546 -0.0499 0.9337
vn -0.6528 0.0238 -0.7571
vn -0.6531 0.0238 -0.7569
vn 0.9128 -0.0000 0.4084
vn 0.3545 -0.0000 -0.9350
vn -0.9128 -0.0000 -0.4083
vn -0.3542 -0.0000 0.9352
vn 0.8719 0.0238 -0.4892
vn 0.8719 0.0238 -0.4891
vn 0.8714 0.0239 -0.4901
vn 0.8713 0.0239 -0.4901
vn 0.0141 -0.0499 0.9987
vn 0.0129 -0.0499 0.9987
vn -0.8848 0.0239 -0.4654
vn -0.8850 0.0238 -0.4650
vn 1.0000 -0.0000 -0.0056
vn -0.0123 -0.0000 -0.9999
vn -1.0000 -0.0000 0.0057
vn 0.0142 -0.0000 0.9999
vn -0.9907 0.0300 -0.1329
vn -0.9907 0.0300 -0.1327
vn 0.5898 -0.0626 -0.8051
vn 0.5896 -0.0627 -0.8052
vn 0.4279 0.0299 0.9033
vn 0.4280 0.0299 0.9033
vn 0.4276 0.0299 0.9035
vn -0.8070 -0.0000 -0.5906
vn -0.5900 -0.0000 0.8074
vn -0.5903 -0.0000 0.8072
vn -0.5904 -0.0000 0.8071
vn -0.5906 -0.0000 0.8069
vn 0.8070 -0.0000 0.5905
vn 0.5904 -0.0000 -0.8071
vn 0.5902 -0.0000 -0.8073
vn 0.5901 -0.0000 -0.8074
vn 0.5898 -0.0000 -0.8075
vn 0.7716 0.0239 -0.6356
vn 0.1892 -0.0499 0.9807
vn 0.1881 -0.0499 0.9809
vn -0.9533 0.0238 -0.3012
vn 0.9745 -0.0000 -0.2244
vn -0.1895 -0.0000 -0.9819
vn -0.1891 -0.0000 -0.9820
vn -0.1890 -0.0000 -0.9820
vn -0.1886 -0.0000 -0.9821
vn -0.9745 -0.0000 0.2244
vn 0.1890 -0.0000 0.9820
vn 0.1894 -0.0000 0.9819
vn 0.1895 -0.0000 0.9819
vn 0.1899 -0.0000 0.9818
vn 0.2179 -0.0000 -0.9760
vn 0.2170 -0.0000 -0.9762
vn -0.2165 -0.0000 0.9763
vn -0.2166 -0.0000 0.9763
vn 0.0067 -0.0000 -1.0000
vn 0.0070 -0.0000 -1.0000
vn -0.0056 -0.0000 1.0000
vn -0.0067 -0.0000 1.0000
vn -0.4070 -0.0000 -0.9134
vn -0.4069 -0.0000 -0.9135
vn 0.4061 -0.0000 0.9138
vn 0.4062 -0.0000 0.9138
vn 0.4070 -0.0000 0.9134
vn 0.4069 -0.0000 0.9135
vn -0.2043 -0.0000 -0.9789
vn 0.2052 -0.0000 0.9787
vn 0.2051 -0.0000 0.9787
vn 0.2049 -0.0000 0.9788
vn 0.2050 -0.0000 0.9788
vn 0.8937 -0.0000 -0.4487
vn 0.8936 -0.0000 -0.4489
vn 0.8935 -0.0000 -0.4490
vn -0.8937 -0.0000 0.4488
vn -0.8937 -0.0000 0.4487
vn 0.7927 -0.0000 -0.6096
vn 0.7923 -0.0000 -0.6101
vn 0.7925 -0.0000 -0.6099
vn -0.7923 -0.0000 0.6101
vn -0.7921 -0.0000 0.6104
vn -0.7928 -0.0000 0.6095
vn 0.4176 -0.0000 -0.9086
vn 0.4184 -0.0000 -0.9083
vn -0.4172 -0.0000 0.9088
vn -0.4173 -0.0000 0.9088
vn -0.4182 -0.0000 0.9083
vn -0.4183 -0.0000 0.9083
vn 0.7389 -0.0000 -0.6738
vn 0.7391 -0.0000 -0.6736
vn -0.7385 -0.0000 0.6742
vn -0.7391 -0.0000 0.6736
vn 0.8954 -0.0000 -0.4453
vn 0.8953 -0.0000 -0.4454
vn -0.8951 -0.0000 0.4458
vn -0.8954 -0.0000 0.4452
vn 0.9053 -0.0000 -0.4248
vn 0.9055 -0.0000 -0.4244
vn -0.9054 -0.0000 0.4245
vn -0.9051 -0.0000 0.4251
vn -0.9058 -0.0000 0.4237
vn 0.9239 -0.0000 -0.3827
vn 0.9240 -0.0000 -0.3825
vn 0.9239 -0.0000 -0.3826
vn -0.9240 -0.0000 0.3825
vn -0.9239 -0.0000 0.3826
vn 0.9149 -0.0000 -0.4037
vn 0.9150 -0.0000 -0.4035
vn 0.9148 -0.0000 -0.4039
vn -0.9151 -0.0000 0.4032
vn -0.9150 -0.0000 0.4036
vn -0.9148 -0.0000 0.4038
vn -0.8789 -0.0000 0.4770
vn -0.8791 -0.0000 0.4766
vn 0.8795 -0.0000 -0.4760
vn 0.8794 -0.0000 -0.4760
vn 0.8788 -0.0000 -0.4773
vn 0.8787 -0.0000 -0.4773
vn -0.9203 -0.0000 0.3913
vn -0.9205 -0.0000 0.3908
vn -0.9204 -0.0000 0.3909
vn 0.9205 -0.0000 -0.3908
vn 0.9207 -0.0000 -0.3902
vn -0.9203 -0.0000 0.3912
vn -0.2203 -0.0000 0.9754
vn -0.2180 -0.0000 0.9760
vn -0.2178 -0.0000 0.9760
vn 0.2202 -0.0000 -0.9755
vn 0.2205 -0.0000 -0.9754
vn 0.2204 -0.0000 -0.9754
vn -0.4219 -0.0000 0.9067
vn -0.4218 -0.0000 0.9067
vn -0.4220 -0.0000 0.9066
vn 0.4200 -0.0000 -0.9075
vn 0.4215 -0.0000 -0.9068
vn 0.4216 -0.0000 -0.9068
vn -0.7589 -0.0000 0.6512
vn -0.7579 -0.0000 0.6524
vn 0.7592 -0.0000 -0.6509
vn 0.7592 -0.0000 -0.6508
vn 0.7578 -0.0000 -0.6525
vn 0.7577 -0.0000 -0.6526
vn 0.5888 -0.0000 0.8083
vn 0.5889 -0.0000 0.8082
vn -0.5885 -0.0000 -0.8085
vn 0.4063 -0.0000 0.9137
vn 0.4064 -0.0000 0.9137
vn 0.4050 -0.0000 0.9143
vn 0.4049 -0.0000 0.9143
vn -0.4058 -0.0000 -0.9140
vn -0.4055 -0.0000 -0.9141
vn -0.0105 -0.0000 0.9999
vn -0.0064 -0.0000 1.0000
vn 0.0085 -0.0000 -1.0000
vn 0.2019 -0.0000 0.9794
vn 0.2020 -0.0000 0.9794
vn 0.2037 -0.0000 0.9790
vn -0.2021 -0.0000 -0.9794
vn -0.2024 -0.0000 -0.9793
vn 0.5814 -0.0000 -0.8136
vn 0.5841 -0.0000 -0.8117
vn 0.5842 -0.0000 -0.8116
vn -0.5830 -0.0000 0.8125
vn -0.5829 -0.0000 0.8125
vn -0.5816 -0.0000 0.8135
vn 0.6034 -0.0000 -0.7974
vn 0.6034 -0.0000 -0.7975
vn -0.6036 -0.0000 0.7973
vn -0.6037 -0.0000 0.7972
vn 0.5933 -0.0000 -0.8050
vn -0.5933 -0.0000 0.8049
vn -0.5933 -0.0000 0.8050
vn -0.5931 -0.0000 0.8051
vn 0.8031 -0.0000 0.5958
vn 0.8033 -0.0000 0.5956
vn 0.8032 -0.0000 0.5957
vn 0.8031 -0.0000 0.5959
vn 0.8030 -0.0000 0.5960
vn 0.0679 -0.9964 0.0504
vn 0.0676 -0.9964 0.0502
vn 0.0684 -0.9964 0.0508
vn 0.0678 -0.9964 0.0505
vn 0.5830 -0.0000 -0.8125
vn 0.5832 -0.0000 -0.8124
vn 0.5816 -0.0000 -0.8135
vn -0.0679 0.9964 -0.0504
vn -0.0683 0.9964 -0.0508
vn -0.0676 0.9965 -0.0501
vn -0.5838 -0.0000 0.8119
vn -0.5822 -0.0000 0.8130
vn -0.5820 -0.0000 0.8132
vn -0.5836 -0.0000 0.8120
vn -0.0694 0.9960 -0.0558
vn -0.0650 0.9965 -0.0525
vn -0.0651 0.9965 -0.0526
vn -0.0695 0.9960 -0.0559
vn 0.0059 -0.9999 0.0140
vn 0.7827 -0.0000 0.6224
vn 0.7830 -0.0000 0.6220
vn 0.7831 -0.0000 0.6219
vn 0.7829 -0.0000 0.6222
vn 0.0964 -0.0000 -0.9953
vn -0.0059 0.9999 -0.0140
vn -0.0059 0.9999 -0.0139
vn 0.0059 -0.9999 0.0139
vn -0.9208 -0.0000 0.3901
vn 0.0248 -0.9977 0.0634
vn 0.7821 -0.0253 0.6227
vn 0.7824 -0.0253 0.6223
vn -0.9206 0.0530 0.3868
vn -0.9205 0.0530 0.3871
vn 0.0970 -0.0254 -0.9950
vn -0.0249 0.9977 -0.0634
vn -0.0248 0.9977 -0.0632
vn 0.0248 -0.9977 0.0633
vn 0.3906 -0.0000 0.9206
vn 0.3905 -0.0000 0.9206
vn 0.9203 -0.0000 -0.3912
vn 0.9202 -0.0000 -0.3914
vn -0.9207 -0.0000 0.3903
vn -0.9203 -0.0002 0.3911
vn -0.9203 -0.0003 0.3911
vn -0.9203 -0.0005 0.3911
vn 0.0363 -0.9987 0.0359
vn 0.9980 0.0406 -0.0477
vn 0.9980 0.0406 -0.0478
vn 0.9981 0.0406 -0.0453
vn -0.6357 -0.0627 0.7694
vn -0.6357 -0.0627 0.7693
vn -0.1771 0.0421 -0.9833
vn -0.1770 0.0421 -0.9833
vn -0.1794 0.0419 -0.9829
vn -0.1795 0.0419 -0.9829
vn -0.0361 0.9987 -0.0351
vn -0.0365 0.9987 -0.0353
vn -0.0366 0.9987 -0.0353
vn 0.0365 -0.9987 0.0353
vn 0.0361 -0.9987 0.0351
vn 0.7923 -0.0000 0.6101
vn 0.7924 -0.0000 0.6100
vn 0.6394 -0.0000 -0.7689
vn 0.6397 -0.0000 -0.7687
vn 0.6396 -0.0000 -0.7687
vn 0.6398 -0.0000 -0.7685
vn -0.7913 -0.0000 -0.6114
vn -0.7915 0.0006 -0.6112
vn -0.7915 0.0007 -0.6112
vn -0.6389 0.0003 0.7693
vn -0.6393 0.0001 0.7690
vn -0.6392 0.0002 0.7691
vn -0.6396 -0.0000 0.7687
vn 0.0563 -0.9983 0.0119
vn 0.8030 -0.0141 -0.5958
vn 0.8022 -0.0141 -0.5969
vn -0.0919 0.0220 0.9955
vn -0.0918 0.0220 0.9955
vn -0.7103 -0.0146 -0.7038
vn -0.7103 -0.0146 -0.7037
vn -0.7098 -0.0146 -0.7043
vn -0.0557 0.9984 -0.0115
vn -0.0558 0.9984 -0.0115
vn -0.0563 0.9983 -0.0115
vn -0.0564 0.9983 -0.0115
vn 0.0564 -0.9983 0.0115
vn 0.0558 -0.9984 0.0115
vn 0.0563 -0.9983 0.0115
vn 0.0557 -0.9984 0.0115
vn 0.9985 -0.0007 0.0544
vn 0.9985 0.0003 0.0543
vn 0.9985 -0.0006 0.0544
vn 0.0907 -0.0000 -0.9959
vn 0.0901 0.0003 -0.9959
vn 0.0902 0.0002 -0.9959
vn 0.0896 0.0005 -0.9960
vn -0.9984 -0.0000 -0.0560
vn -0.9984 0.0006 -0.0559
vn -0.9984 0.0007 -0.0559
vn -0.0897 -0.0001 0.9960
vn -0.0904 -0.0000 0.9959
vn -0.0902 -0.0000 0.9959
vn -0.0909 -0.0000 0.9959
vn -0.0665 -0.0000 -0.9978
vn -0.0677 -0.0000 -0.9977
vn -0.0678 -0.0000 -0.9977
vn 0.0674 -0.0000 0.9977
vn 0.0666 -0.0000 0.9978
vn 0.0665 -0.0000 0.9978
vn 0.0077 -0.0000 -1.0000
vn -0.0081 -0.0000 1.0000
vn -0.0077 -0.0000 1.0000
vn 0.0440 -0.0000 -0.9990
vn 0.0451 -0.0000 -0.9990
vn 0.0452 -0.0000 -0.9990
vn -0.0447 -0.0000 0.9990
vn -0.0443 -0.0000 0.9990
vn 0.0826 -0.0000 -0.9966
vn 0.0827 -0.0000 -0.9966
vn -0.0828 -0.0000 0.9966
vn -0.0823 -0.0000 0.9966
vn -0.0043 -0.0000 -1.0000
vn -0.0047 -0.0000 -1.0000
vn 0.0038 -0.0000 1.0000
vn 0.0039 -0.0000 1.0000
vn 0.0047 -0.0000 1.0000
vn 0.0220 -0.0000 -0.9998
vn -0.0220 -0.0000 0.9998
vn -0.1416 -0.0000 -0.9899
vn -0.1419 -0.0000 -0.9899
vn 0.1422 -0.0000 0.9898
vn 0.1421 -0.0000 0.9898
vn 0.1410 -0.0000 0.9900
vn -0.0151 -0.0000 -0.9999
vn -0.0147 -0.0000 -0.9999
vn 0.0147 -0.0000 0.9999
vn 0.0138 -0.0000 0.9999
vn 0.0036 -0.0000 1.0000
vn -0.0081 -0.0000 -1.0000
vn -0.0085 -0.0000 -1.0000
vn -0.0086 -0.0000 -1.0000
vn 0.0086 -0.0000 1.0000
vn 0.0137 -0.0000 -0.9999
vn 0.0133 -0.0000 -0.9999
vn -0.0137 -0.0000 0.9999
vn -0.0270 -0.0000 -0.9996
vn 0.0279 -0.0000 0.9996
vn 0.0270 -0.0000 0.9996
vn 0.0022 -0.0000 1.0000
vn -0.0022 -0.0000 -1.0000
vn -0.0015 -0.0000 -1.0000
vn 0.0029 -0.0000 1.0000
vn -0.0029 -0.0000 -1.0000
vn -0.0085 -0.0000 1.0000
vn -0.0078 -0.0000 1.0000
vn 0.0071 -0.0000 -1.0000
vn 0.0355 -0.0000 0.9994
vn 0.0348 -0.0000 0.9994
vn -0.0354 -0.0000 -0.9994
vn -0.1010 -0.0000 0.9949
vn -0.1008 -0.0000 0.9949
vn 0.1006 -0.0000 -0.9949
vn 0.1007 -0.0000 -0.9949
vn -0.0250 -0.0000 0.9997
vn -0.0251 -0.0000 0.9997
vn -0.0264 -0.0000 0.9997
vn -0.0265 -0.0000 0.9996
vn 0.0258 -0.0000 -0.9997
vn 0.0257 -0.0000 -0.9997
vn 0.0251 -0.0000 -0.9997
vn 0.0250 -0.0000 -0.9997
vn 0.1234 -0.0000 0.9924
vn 0.1247 -0.0000 0.9922
vn -0.1242 -0.0000 -0.9923
vn 0.0490 -0.0000 0.9988
vn -0.0482 -0.0000 -0.9988
vn -0.0483 -0.0000 -0.9988
vn -0.0496 -0.0000 -0.9988
vn -0.0497 -0.0000 -0.9988
vn -0.0045 -0.0000 1.0000
vn -0.0062 -0.0000 1.0000
vn -0.0063 -0.0000 1.0000
vn 0.0054 -0.0000 -1.0000
vn 0.0063 -0.0000 -1.0000
vn -0.0321 -0.0000 0.9995
vn -0.0320 -0.0000 0.9995
vn 0.0303 -0.0000 -0.9995
vn 0.0320 -0.0000 -0.9995
vn -0.1747 -0.0000 0.9846
vn -0.1750 -0.0000 0.9846
vn 0.1748 -0.0000 -0.9846
vn 0.1746 -0.0000 -0.9846
vn -0.0029 -0.0000 1.0000
vn 0.0036 -0.0000 -1.0000
vn 0.0029 -0.0000 -1.0000
vn -0.0237 -0.0000 -0.9997
vn 0.0233 -0.0000 0.9997
vn 0.0238 -0.0000 0.9997
vn 0.0242 -0.0000 0.9997
vn -0.0192 -0.0000 -0.9998
vn 0.0191 -0.0000 0.9998
vn 0.0192 -0.0000 0.9998
vn -0.9997 -0.0000 0.0240
vn -0.9997 -0.0000 0.0239
vn 0.0085 -1.0000 -0.0002
vn 0.0086 -1.0000 -0.0002
vn 0.0236 -0.0000 0.9997
vn -0.0085 1.0000 0.0002
vn -0.0086 1.0000 0.0002
vn -0.0085 1.0000 0.0003
vn -0.0235 -0.0000 -0.9997
vn -0.0086 1.0000 0.0003
vn -0.0087 1.0000 0.0003
vn 1.0000 -0.0000 -0.0014
vn 1.0000 -0.0000 -0.0013
vn -1.0000 -0.0000 0.0016
vn 0.9990 -0.0000 -0.0449
vn 0.9990 -0.0000 -0.0448
vn -0.9990 -0.0000 0.0447
vn -0.6655 0.0300 0.7458
vn -0.6656 0.0300 0.7457
vn -0.6649 0.0300 0.7463
vn -0.3364 -0.0626 -0.9397
vn -0.3364 -0.0627 -0.9397
vn 0.9880 0.0299 0.1518
vn 0.9879 0.0299 0.1520
vn -0.9414 -0.0000 0.3374
vn 0.3384 -0.0000 0.9410
vn 0.3380 -0.0000 0.9411
vn 0.3379 -0.0000 0.9412
vn 0.3376 -0.0000 0.9413
vn 0.9413 -0.0000 -0.3375
vn -0.3378 -0.0000 -0.9412
vn -0.6654 0.0300 0.7459
vn -0.6652 0.0300 0.7460
vn -0.3367 -0.0626 -0.9395
vn -0.3370 -0.0626 -0.9394
vn 0.9878 0.0300 0.1529
vn 0.9878 0.0299 0.1525
vn -0.9413 -0.0000 0.3375
vn 0.3375 -0.0000 0.9413
vn 0.9413 -0.0000 -0.3376
vn -0.3370 -0.0000 -0.9415
vn -0.3374 -0.0000 -0.9414
vn -0.3375 -0.0000 -0.9413
vn -0.3379 -0.0000 -0.9412
vn -0.9318 0.0300 0.3617
vn -0.9317 0.0300 0.3619
vn 0.1276 -0.0627 -0.9898
vn 0.1284 -0.0626 -0.9897
vn 0.8106 0.0299 0.5848
vn 0.8106 0.0299 0.5849
vn -0.9918 -0.0000 -0.1278
vn -0.1270 -0.0000 0.9919
vn -0.1278 -0.0000 0.9918
vn -0.1281 -0.0000 0.9918
vn -0.1289 -0.0000 0.9917
vn 0.9918 -0.0000 0.1277
vn 0.1272 -0.0000 -0.9919
vn -0.7462 -0.0000 -0.6657
vn -0.7450 -0.0000 -0.6671
vn 0.7447 -0.0000 0.6674
vn 0.7457 -0.0000 0.6663
vn -0.6844 -0.0000 -0.7291
vn -0.6852 -0.0000 -0.7283
vn -0.6853 -0.0000 -0.7282
vn 0.6846 -0.0000 0.7289
vn 0.6847 -0.0000 0.7289
vn 0.6860 -0.0000 0.7276
vn -0.6315 -0.0000 -0.7753
vn -0.6316 -0.0000 -0.7753
vn -0.6326 -0.0000 -0.7745
vn 0.6330 -0.0000 0.7742
vn 0.6329 -0.0000 0.7742
vn 0.6306 -0.0000 0.7761
vn 0.6305 -0.0000 0.7762
vn -0.6474 -0.0000 -0.7621
vn -0.6491 -0.0000 -0.7607
vn -0.6492 -0.0000 -0.7607
vn 0.6486 -0.0000 0.7611
vn 0.6481 -0.0000 0.7615
vn -0.8576 -0.0000 -0.5143
vn -0.8577 -0.0000 -0.5142
vn -0.8563 -0.0000 -0.5165
vn 0.8566 -0.0000 0.5160
vn 0.8563 -0.0000 0.5165
vn 0.8563 -0.0000 0.5164
vn -0.8532 -0.0000 -0.5216
vn -0.8532 -0.0000 -0.5217
vn -0.8535 -0.0000 -0.5211
vn 0.8532 -0.0000 0.5216
vn 0.8531 -0.0000 0.5217
vn 0.8540 -0.0000 0.5203
vn 0.8539 -0.0000 0.5204
vn -0.8253 -0.0000 -0.5647
vn -0.8253 -0.0000 -0.5648
vn 0.8257 -0.0000 0.5641
vn 0.8250 -0.0000 0.5651
vn -0.8556 -0.0000 -0.5176
vn -0.8557 -0.0000 -0.5175
vn -0.8568 -0.0000 -0.5156
vn 0.8570 -0.0000 0.5154
vn 0.8570 -0.0000 0.5153
vn -0.5907 -0.0000 -0.8069
vn 0.5901 -0.0000 0.8073
vn 0.5902 -0.0000 0.8072
vn 0.5904 -0.0000 0.8071
vn -0.5902 -0.0000 -0.8072
vn -0.5901 -0.0000 -0.8074
vn -0.5899 -0.0000 -0.8075
vn 0.5905 -0.0000 0.8071
vn 0.5906 -0.0000 0.8069
vn 0.5902 -0.0000 0.8073
vn -0.7962 -0.0000 -0.6050
vn -0.7961 -0.0000 -0.6052
vn 0.7961 -0.0000 0.6051
vn 0.7960 -0.0000 0.6053
vn 0.7964 -0.0000 0.6048
vn 0.7965 -0.0000 0.6046
vn -0.6667 -0.0000 -0.7454
vn -0.6666 -0.0000 -0.7454
vn -0.6665 -0.0000 -0.7455
vn 0.6663 -0.0000 0.7457
vn 0.6662 -0.0000 0.7458
vn 0.6663 -0.0000 0.7456
vn 0.9782 -0.0000 0.2077
vn 0.9782 -0.0000 0.2078
vn -0.9780 -0.0000 -0.2085
vn -0.9781 -0.0000 -0.2080
vn 0.9549 -0.0000 0.2968
vn 0.9550 -0.0000 0.2965
vn 0.9552 -0.0000 0.2961
vn -0.9549 -0.0000 -0.2970
vn -0.9550 -0.0000 -0.2966
vn 0.7464 -0.0000 0.6655
vn 0.7474 -0.0000 0.6643
vn -0.7467 -0.0000 -0.6652
vn -0.7456 -0.0000 -0.6664
vn -0.7457 -0.0000 -0.6663
vn 0.8708 -0.0000 0.4916
vn 0.8705 -0.0000 0.4922
vn -0.8706 -0.0000 -0.4920
vn -0.8706 -0.0000 -0.4919
vn -0.8704 -0.0000 -0.4923
vn 0.9282 -0.0000 0.3722
vn 0.9283 -0.0000 0.3719
vn -0.9282 -0.0000 -0.3721
vn -0.9284 -0.0000 -0.3716
vn -0.9284 -0.0000 -0.3715
vn 0.9660 -0.0000 0.2584
vn 0.9661 -0.0000 0.2581
vn -0.9661 -0.0000 -0.2582
vn -0.9661 -0.0000 -0.2580
vn 0.9781 -0.0000 0.2083
vn -0.9782 -0.0000 -0.2077
vn -0.9782 -0.0000 -0.2076
vn 0.9782 -0.0000 0.2076
vn 0.9781 -0.0000 0.2081
vn -0.9781 -0.0000 -0.2082
vn -0.9782 -0.0000 -0.2078
vn 0.6504 -0.0000 0.7596
vn 0.6511 -0.0000 0.7590
vn -0.6508 -0.0000 -0.7593
vn 0.7371 -0.0000 0.6758
vn 0.7374 -0.0000 0.6755
vn 0.7374 -0.0000 0.6754
vn -0.7374 -0.0000 -0.6754
vn -0.7374 -0.0000 -0.6755
vn 0.8770 -0.0000 0.4804
vn 0.8770 -0.0000 0.4805
vn 0.8769 -0.0000 0.4807
vn -0.8767 -0.0000 -0.4811
vn -0.8773 -0.0000 -0.4800
vn 0.8128 -0.0000 0.5825
vn 0.8125 -0.0000 0.5830
vn 0.8124 -0.0000 0.5830
vn -0.8128 -0.0000 -0.5825
vn -0.8129 -0.0000 -0.5825
vn -0.8133 -0.0000 -0.5819
vn -0.8133 -0.0000 -0.5818
vn -0.8558 -0.0000 -0.5174
vn -0.8558 -0.0000 -0.5173
vn -0.8562 -0.0000 -0.5167
vn 0.8562 -0.0000 0.5166
vn 0.8562 -0.0000 0.5167
vn 0.8561 -0.0000 0.5167
vn -0.3253 -0.0000 0.9456
vn -0.3256 -0.0000 0.9455
vn -0.3258 -0.0000 0.9454
vn -0.3261 -0.0000 0.9453
vn 0.0433 -0.9932 -0.1079
vn 0.0432 -0.9932 -0.1079
vn 0.0436 -0.9932 -0.1079
vn 0.0435 -0.9932 -0.1079
vn 0.8552 -0.0000 0.5183
vn 0.8553 -0.0000 0.5182
vn 0.8553 -0.0000 0.5181
vn -0.0433 0.9932 0.1079
vn -0.0432 0.9932 0.1079
vn -0.8544 -0.0000 -0.5196
vn -0.8551 -0.0000 -0.5185
vn -0.8553 -0.0000 -0.5182
vn -0.8545 -0.0000 -0.5194
vn -0.8552 -0.0000 -0.5183
vn -0.0431 0.9932 0.1081
vn -0.0427 0.9933 0.1069
vn -0.0428 0.9933 0.1070
vn 0.0530 -0.9981 -0.0301
vn 0.2120 -0.0000 -0.9773
vn 0.2118 -0.0000 -0.9773
vn 0.2119 -0.0000 -0.9773
vn 0.5926 -0.0000 0.8055
vn 0.5929 -0.0000 0.8053
vn 0.5929 -0.0000 0.8052
vn -0.9988 -0.0000 -0.0485
vn -0.0522 0.9982 0.0300
vn -0.0523 0.9982 0.0301
vn -0.0527 0.9981 0.0306
vn 0.0527 -0.9981 -0.0306
vn 0.0523 -0.9982 -0.0301
vn 0.0527 -0.9981 -0.0305
vn 0.0522 -0.9982 -0.0301
vn 0.7843 -0.0000 -0.6204
vn 0.7841 -0.0000 -0.6206
vn 0.7842 -0.0000 -0.6205
vn 0.7841 -0.0000 -0.6207
vn -0.5930 -0.0000 -0.8052
vn -0.7851 -0.0000 0.6193
vn -0.7851 -0.0000 0.6194
vn 0.5932 -0.0000 0.8050
vn 0.5928 -0.0000 0.8053
vn 0.5925 -0.0000 0.8056
vn 0.0232 -0.9982 -0.0555
vn -0.3977 -0.0332 -0.9169
vn -0.3987 -0.0335 -0.9165
vn 0.9526 0.0530 0.2996
vn 0.9526 0.0530 0.2994
vn -0.8281 -0.0345 0.5595
vn -0.8295 -0.0345 0.5574
vn -0.0229 0.9982 0.0551
vn -0.0229 0.9982 0.0552
vn -0.0230 0.9982 0.0559
vn -0.0230 0.9982 0.0560
vn 0.0230 -0.9982 -0.0559
vn 0.0229 -0.9982 -0.0552
vn 0.0230 -0.9982 -0.0558
vn 0.2650 -0.0000 -0.9643
vn 0.2651 -0.0000 -0.9642
vn -0.9549 -0.0000 -0.2971
vn -0.2665 -0.0000 0.9638
vn 0.9548 -0.0000 0.2971
vn 0.9549 -0.0000 0.2970
vn 0.0446 -0.9964 -0.0718
vn 0.0098 0.0300 -0.9995
vn 0.8743 -0.0627 0.4814
vn 0.8745 -0.0626 0.4810
vn 0.8745 -0.0626 0.4809
vn -0.8442 0.0299 0.5352
vn -0.8440 0.0299 0.5355
vn -0.0441 0.9964 0.0718
vn 0.0442 -0.9964 -0.0718
vn 0.4869 -0.0000 -0.8735
vn 0.4868 -0.0000 -0.8735
vn 0.4867 -0.0000 -0.8735
vn -0.8734 0.0001 -0.4869
vn -0.8738 -0.0000 -0.4863
vn -0.8741 -0.0000 -0.4858
vn -0.4867 -0.0000 0.8735
vn -0.4870 -0.0006 0.8734
vn -0.4868 -0.0000 0.8735
vn -0.4870 -0.0007 0.8734
vn 0.8734 -0.0000 0.4869
vn 0.0539 -0.9925 -0.1096
vn 0.0318 -0.0091 -0.9995
vn 0.8940 0.0220 0.4475
vn 0.8942 0.0220 0.4471
vn -0.7751 -0.0092 0.6318
vn -0.7745 -0.0092 0.6325
vn -0.0546 0.9923 0.1110
vn -0.0545 0.9923 0.1109
vn -0.0540 0.9925 0.1094
vn -0.0539 0.9925 0.1093
vn 0.0539 -0.9925 -0.1093
vn 0.0545 -0.9923 -0.1109
vn 0.0540 -0.9925 -0.1094
vn 0.0546 -0.9923 -0.1110
vn 0.4424 -0.0000 -0.8968
vn -0.8956 -0.0000 -0.4449
vn -0.8957 -0.0000 -0.4446
vn -0.8959 -0.0000 -0.4443
vn -0.8960 -0.0000 -0.4440
vn -0.4416 -0.0000 0.8972
vn -0.4414 -0.0000 0.8973
vn 0.8959 -0.0000 0.4442
vn 0.0404 -0.9967 -0.0699
vn 0.1438 -0.0330 0.9891
vn 0.1445 -0.0330 0.9890
vn -0.8682 0.0530 -0.4933
vn -0.8683 0.0530 -0.4933
vn 0.9280 -0.0327 -0.3711
vn 0.9280 -0.0327 -0.3712
vn 0.9288 -0.0327 -0.3693
vn 0.9288 -0.0327 -0.3692
vn -0.0403 0.9968 0.0695
vn -0.0404 0.9968 0.0696
vn -0.0405 0.9967 0.0701
vn -0.0406 0.9967 0.0701
vn 0.0406 -0.9967 -0.0700
vn 0.0404 -0.9968 -0.0697
vn 0.0405 -0.9967 -0.0700
vn 0.0403 -0.9968 -0.0696
vn -0.5030 -0.0000 0.8643
vn 0.8673 -0.0000 0.4978
vn 0.5039 -0.0000 -0.8638
vn 0.5037 -0.0000 -0.8639
vn -0.8671 -0.0000 -0.4982
vn -0.8672 -0.0000 -0.4979
vn -0.8674 -0.0000 -0.4976
vn 0.0221 -0.9944 -0.1033
vn 0.2828 0.0299 0.9587
vn 0.2819 0.0299 0.9590
vn -0.9748 -0.0627 -0.2140
vn -0.9748 -0.0627 -0.2141
vn -0.9749 -0.0626 -0.2138
vn 0.6507 0.0301 -0.7587
vn 0.6508 0.0301 -0.7587
vn -0.0220 0.9944 0.1033
vn -0.0219 0.9944 0.1033
vn 0.0220 -0.9944 -0.1033
vn 0.0220 -0.9944 -0.1034
vn -0.2080 -0.0000 0.9781
vn -0.2078 -0.0000 0.9782
vn 0.9781 0.0002 0.2080
vn 0.9782 0.0001 0.2078
vn 0.9782 0.0001 0.2077
vn 0.2077 -0.0000 -0.9782
vn 0.2081 -0.0006 -0.9781
vn -0.9781 -0.0000 -0.2079
vn -0.9781 -0.0000 -0.2081
vn 0.0558 -0.9728 -0.2247
vn -0.0011 -0.0053 1.0000
vn -0.0010 -0.0053 1.0000
vn -0.0049 -0.0052 1.0000
vn -0.9847 0.0220 -0.1731
vn -0.9850 0.0219 -0.1713
vn 0.4596 -0.0051 -0.8881
vn 0.4594 -0.0051 -0.8882
vn -0.0578 0.9709 0.2323
vn -0.0577 0.9710 0.2321
vn -0.0558 0.9732 0.2229
vn -0.0557 0.9733 0.2227
vn 0.0558 -0.9732 -0.2229
vn 0.0577 -0.9710 -0.2320
vn 0.0559 -0.9732 -0.2231
vn 0.0578 -0.9709 -0.2322
vn -0.2430 -0.0006 0.9700
vn -0.2429 -0.0000 0.9701
vn -0.2430 -0.0005 0.9700
vn 0.9840 -0.0000 0.1784
vn 0.9840 -0.0000 0.1783
vn 0.9841 -0.0000 0.1778
vn 0.9841 -0.0000 0.1777
vn 0.2415 -0.0000 -0.9704
vn 0.2414 -0.0000 -0.9704
vn -0.9847 -0.0000 -0.1744
vn -0.0120 -0.9999 0.0110
vn 0.3227 -0.0081 -0.9465
vn 0.3226 -0.0081 -0.9465
vn 0.3230 -0.0081 -0.9464
vn 0.6777 0.0170 0.7351
vn 0.6778 0.0170 0.7351
vn 0.6762 0.0170 0.7365
vn -0.9699 -0.0081 0.2432
vn -0.9699 -0.0081 0.2434
vn 0.0120 0.9999 -0.0110
vn -0.0119 -0.9999 0.0110
vn 0.7361 -0.0000 -0.6768
vn -0.6764 -0.0005 -0.7366
vn -0.6764 -0.0003 -0.7365
vn -0.6768 -0.0002 -0.7362
vn -0.6768 -0.0000 -0.7362
vn -0.7361 -0.0000 0.6769
vn -0.7361 -0.0004 0.6768
vn 0.6778 -0.0000 0.7353
vn 0.6774 -0.0000 0.7357
vn 0.6772 -0.0000 0.7358
vn 0.6767 -0.0000 0.7362
vn -0.2192 -0.0000 -0.9757
vn -0.2193 -0.0000 -0.9757
vn 0.2210 -0.0000 0.9753
vn 0.2192 -0.0000 0.9757
vn 0.2191 -0.0000 0.9757
vn -0.2195 -0.0000 -0.9756
vn 0.2193 -0.0000 0.9756
vn 0.2193 -0.0000 0.9757
vn 0.2176 -0.0000 0.9760
vn -0.2194 -0.0000 -0.9756
vn 0.2211 -0.0000 0.9753
vn 0.2211 -0.0000 0.9752
vn -0.2199 -0.0000 -0.9755
vn -0.2202 -0.0000 -0.9754
vn 0.2201 -0.0000 0.9755
vn 0.2199 -0.0000 0.9755
vn -0.2274 -0.0000 -0.9738
vn -0.2260 -0.0000 -0.9741
vn 0.2261 -0.0000 0.9741
vn 0.2258 -0.0000 0.9742
vn -0.3598 -0.0000 -0.9330
vn -0.3575 -0.0000 -0.9339
vn -0.3574 -0.0000 -0.9339
vn 0.3561 -0.0000 0.9344
vn 0.3584 -0.0000 0.9336
vn -0.2209 -0.0000 -0.9753
vn -0.2208 -0.0000 -0.9753
vn -0.2191 -0.0000 -0.9757
vn -0.2189 -0.0000 -0.9757
vn 0.2173 -0.0000 0.9761
vn -0.2190 -0.0000 -0.9757
vn 0.2212 -0.0000 0.9752
vn -0.6518 -0.0000 -0.7584
vn 0.6521 -0.0000 0.7581
vn 0.6508 -0.0000 0.7593
vn -0.5567 -0.0000 -0.8307
vn -0.5547 -0.0000 -0.8320
vn -0.5547 -0.0000 -0.8321
vn 0.5542 -0.0000 0.8324
vn 0.5549 -0.0000 0.8319
vn -0.3422 -0.0000 -0.9396
vn -0.3421 -0.0000 -0.9396
vn -0.3406 -0.0000 -0.9402
vn -0.3405 -0.0000 -0.9402
vn 0.3414 -0.0000 0.9399
vn -0.4524 -0.0000 -0.8918
vn -0.4522 -0.0000 -0.8919
vn 0.4529 -0.0000 0.8916
vn 0.4533 -0.0000 0.8914
vn 0.4533 -0.0000 0.8913
vn 0.2276 -0.0000 0.9738
vn 0.2267 -0.0000 0.9740
vn -0.2253 -0.0000 -0.9743
vn -0.2262 -0.0000 -0.9741
vn 0.3416 -0.0000 0.9399
vn 0.3415 -0.0000 0.9399
vn 0.3405 -0.0000 0.9402
vn -0.3421 -0.0000 -0.9397
vn -0.3420 -0.0000 -0.9397
vn 0.5543 -0.0000 0.8323
vn 0.5544 -0.0000 0.8323
vn 0.5568 -0.0000 0.8307
vn 0.5568 -0.0000 0.8306
vn -0.5549 -0.0000 -0.8319
vn -0.5560 -0.0000 -0.8312
vn -0.5561 -0.0000 -0.8311
vn 0.4513 -0.0000 0.8924
vn 0.4507 -0.0000 0.8927
vn -0.4508 -0.0000 -0.8926
vn -0.4514 -0.0000 -0.8923
vn -0.0101 -0.0000 0.9999
vn -0.0084 -0.0000 1.0000
vn 0.0084 -0.0000 -1.0000
vn -0.0099 -0.0000 1.0000
vn -0.0066 -0.0000 1.0000
vn 0.0099 -0.0000 -1.0000
vn 0.0083 -0.0000 -1.0000
vn 0.0082 -0.0000 -1.0000
vn 0.1071 -0.0000 0.9943
vn 0.1071 -0.0000 0.9942
vn 0.1082 -0.0000 0.9941
vn -0.1070 -0.0000 -0.9943
vn -0.1059 -0.0000 -0.9944
vn -0.0114 -0.0000 0.9999
vn -0.0082 -0.0000 1.0000
vn -0.0100 -0.0000 1.0000
vn -0.0068 -0.0000 1.0000
vn 0.0100 -0.0000 -0.9999
vn 0.0100 -0.0000 -1.0000
vn 0.0068 -0.0000 -1.0000
vn 0.0087 -0.0000 -1.0000
vn -0.0087 -0.0000 1.0000
vn 0.0088 -0.0000 -1.0000
vn 1.0000 -0.0000 0.0084
vn 1.0000 -0.0000 0.0089
vn 0.0492 -0.9988 -0.0081
vn 0.0491 -0.9988 -0.0080
vn 0.0492 -0.9988 -0.0080
vn 0.0086 -0.0000 -1.0000
vn -0.0492 0.9988 0.0080
vn -0.0491 0.9988 0.0080
vn -0.0493 0.9988 0.0081
vn -0.0492 0.9988 0.0082
vn -0.0129 -0.0000 0.9999
vn -0.0051 -0.0000 1.0000
vn -0.0121 -0.0000 0.9999
vn -0.0043 -0.0000 1.0000
vn -0.0120 -0.0000 0.9999
vn -0.0052 -0.0000 1.0000
vn -0.0388 0.9992 0.0073
vn -0.0396 0.9992 0.0073
vn 0.0522 -0.9976 -0.0459
vn -0.1980 -0.0000 0.9802
vn -0.1972 -0.0000 0.9804
vn -0.6513 -0.0000 -0.7588
vn -0.6505 -0.0000 -0.7595
vn 0.9993 -0.0000 -0.0377
vn -0.0519 0.9976 0.0454
vn -0.0520 0.9976 0.0454
vn -0.0522 0.9976 0.0457
vn 0.0522 -0.9976 -0.0457
vn 0.0520 -0.9976 -0.0454
vn 0.0519 -0.9976 -0.0454
vn -0.7633 -0.0010 0.6461
vn -0.7632 -0.0001 0.6461
vn -0.7633 -0.0009 0.6461
vn -0.7632 -0.0000 0.6461
vn 0.6506 -0.0000 0.7594
vn 0.6508 0.0001 0.7593
vn 0.7638 -0.0000 -0.6454
vn -0.6510 -0.0000 -0.7590
vn -0.6510 -0.0000 -0.7591
vn 0.0002 -1.0000 -0.0000
vn -0.8828 -0.0000 0.4697
vn -0.8830 -0.0000 0.4693
vn 0.8745 -0.0000 0.4850
vn 0.8743 -0.0000 0.4854
vn -0.0002 1.0000 -0.0000
vn -1.0000 -0.0000 -0.0086
vn -0.0115 -0.0000 0.9999
vn -0.0092 -0.0000 1.0000
vn 0.0096 -0.0000 -1.0000
vn 0.0308 -0.9995 0.0003
vn -0.8821 -0.0254 0.4704
vn -0.8823 -0.0254 0.4700
vn 0.0065 0.0530 -0.9986
vn 0.0074 0.0530 -0.9986
vn 0.8742 -0.0253 0.4849
vn 0.8743 -0.0253 0.4847
vn -0.0309 0.9995 -0.0003
vn 0.0309 -0.9995 0.0003
vn -1.0000 -0.0006 -0.0088
vn -1.0000 -0.0000 -0.0087
vn -0.0077 -0.0002 1.0000
vn -0.0077 -0.0004 1.0000
vn -0.0077 -0.0006 1.0000
vn 1.0000 0.0005 0.0088
vn 1.0000 0.0006 0.0088
vn 0.0076 -0.0000 -1.0000
vn 0.0465 -0.9989 -0.0007
vn -0.8826 0.0299 0.4692
vn 0.0112 -0.0627 -0.9980
vn 0.0122 -0.0627 -0.9980
vn 0.8735 0.0300 0.4859
vn 0.8731 0.0301 0.4865
vn -0.0465 0.9989 0.0005
vn 0.0465 -0.9989 -0.0005
vn -0.0096 0.0006 1.0000
vn -0.0088 0.0003 1.0000
vn -0.0084 0.0002 1.0000
vn 1.0000 0.0003 0.0088
vn 0.0115 -0.0000 -0.9999
vn 0.0092 -0.0000 -1.0000
vn 0.0486 -0.9987 -0.0163
vn -0.5727 -0.0136 0.8197
vn -0.5723 -0.0136 0.8199
vn -0.2954 0.0220 -0.9551
vn -0.2945 0.0220 -0.9554
vn 0.9322 -0.0136 0.3616
vn 0.9317 -0.0135 0.3630
vn -0.0483 0.9987 0.0161
vn -0.0486 0.9987 0.0162
vn -0.0487 0.9987 0.0163
vn 0.0487 -0.9987 -0.0163
vn 0.0483 -0.9987 -0.0161
vn -0.9574 -0.0011 0.2886
vn -0.9574 -0.0001 0.2887
vn -0.9574 -0.0010 0.2886
vn -0.9574 -0.0000 0.2887
vn 0.2951 0.0001 0.9555
vn 0.2946 0.0002 0.9556
vn 0.2941 0.0004 0.9558
vn 0.9577 -0.0000 -0.2878
vn 0.9577 0.0002 -0.2878
vn -0.2931 -0.0000 -0.9561
vn -0.2937 -0.0000 -0.9559
vn -0.2943 -0.0000 -0.9557
vn 0.0843 -0.9939 -0.0714
vn 0.4289 -0.0000 -0.9034
vn 0.4275 -0.0000 -0.9040
vn 0.6446 -0.0000 0.7645
vn 0.6440 -0.0000 0.7650
vn -0.9618 -0.0000 0.2739
vn -0.9619 -0.0000 0.2733
vn -0.0853 0.9937 0.0724
vn -0.0853 0.9937 0.0723
vn -0.0843 0.9939 0.0714
vn -0.0843 0.9939 0.0713
vn 0.0852 -0.9937 -0.0723
vn 0.0843 -0.9939 -0.0715
vn 0.0853 -0.9937 -0.0723
vn 0.7630 -0.0000 -0.6464
vn -0.6442 -0.0002 -0.7649
vn -0.6448 -0.0001 -0.7644
vn -0.6452 -0.0001 -0.7640
vn -0.6458 -0.0000 -0.7635
vn -0.7624 -0.0000 0.6471
vn -0.7624 -0.0002 0.6471
vn 0.6437 -0.0000 0.7653
vn 0.6442 -0.0000 0.7649
vn 0.6451 -0.0000 0.7641
vn 0.0880 -0.9956 -0.0333
vn 0.7057 -0.0219 -0.7082
vn 0.7074 -0.0218 -0.7064
vn 0.7075 -0.0218 -0.7064
vn 0.3460 0.0530 0.9367
vn 0.3466 0.0530 0.9365
vn -0.9976 -0.0220 -0.0657
vn -0.9977 -0.0220 -0.0637
vn -0.9977 -0.0220 -0.0636
vn -0.0887 0.9955 0.0337
vn -0.0886 0.9955 0.0336
vn -0.0876 0.9956 0.0331
vn 0.0875 -0.9956 -0.0331
vn 0.0888 -0.9955 -0.0336
vn 0.0876 -0.9956 -0.0331
vn 0.0888 -0.9955 -0.0337
vn 0.9354 0.0006 -0.3536
vn 0.9354 -0.0000 -0.3536
vn 0.9354 0.0005 -0.3536
vn -0.3524 -0.0000 -0.9359
vn -0.3522 -0.0001 -0.9359
vn -0.3520 -0.0002 -0.9360
vn -0.9350 -0.0007 0.3545
vn -0.9350 -0.0000 0.3547
vn -0.9350 -0.0006 0.3545
vn 0.3504 -0.0000 0.9366
vn 0.3511 -0.0004 0.9363
vn 0.3518 -0.0007 0.9361
vn 0.3525 -0.0010 0.9358
vn 0.0717 -0.9974 -0.0015
vn 0.9038 0.0257 -0.4272
vn 0.9038 0.0257 -0.4271
vn 0.9027 0.0258 -0.4295
vn 0.0223 -0.0627 0.9978
vn 0.0233 -0.0627 0.9978
vn 0.0234 -0.0627 0.9978
vn -0.9208 0.0256 -0.3892
vn -0.9201 0.0258 -0.3909
vn -0.9200 0.0258 -0.3910
vn -0.0729 0.9973 0.0016
vn -0.0720 0.9974 0.0015
vn -0.0719 0.9974 0.0015
vn 0.0720 -0.9974 -0.0015
vn 0.0729 -0.9973 -0.0015
vn 0.0721 -0.9974 -0.0015
vn 0.0729 -0.9973 -0.0016
vn 0.9998 -0.0000 -0.0205
vn -0.0162 -0.0000 -0.9999
vn -0.0171 -0.0000 -0.9999
vn -0.0177 -0.0000 -0.9998
vn -0.0185 -0.0000 -0.9998
vn -0.9998 -0.0000 0.0214
vn 0.0188 -0.0000 0.9998
vn 0.0180 -0.0000 0.9998
vn 0.0173 -0.0000 0.9999
vn 0.0165 -0.0000 0.9999
vn 0.0355 -0.9994 0.0003
vn 0.8828 -0.0105 -0.4697
vn 0.8826 -0.0105 -0.4700
vn -0.0101 0.0220 0.9997
vn -0.0092 0.0220 0.9997
vn -0.8744 -0.0105 -0.4852
vn -0.8744 -0.0105 -0.4850
vn -0.0355 0.9994 -0.0003
vn -0.0356 0.9994 -0.0003
vn 0.0356 -0.9994 0.0003
vn 1.0000 -0.0000 0.0087
vn -0.0095 -0.0000 1.0000
vn -0.0103 -0.0000 0.9999
vn -0.0146 -0.9999 -0.0015
vn 0.9221 -0.0156 -0.3867
vn 0.9219 -0.0156 -0.3872
vn -0.0996 0.0326 0.9945
vn -0.1007 0.0326 0.9944
vn -0.8261 -0.0156 -0.5633
vn -0.8262 -0.0156 -0.5632
vn 0.0148 0.9999 0.0002
vn -0.0147 -0.9999 -0.0002
vn -0.0148 -0.9999 -0.0002
vn 0.1004 -0.0000 -0.9949
vn -0.9999 -0.0000 -0.0168
vn -0.1004 -0.0000 0.9949
vn -0.0993 -0.0000 0.9951
vn -0.0985 -0.0000 0.9951
vn -0.0199 -0.9998 -0.0002
vn 0.8838 0.0177 -0.4675
vn 0.8841 0.0177 -0.4670
vn 0.8841 0.0177 -0.4669
vn -0.0108 -0.0371 0.9993
vn -0.0131 -0.0371 0.9992
vn -0.0132 -0.0371 0.9992
vn -0.8731 0.0177 -0.4872
vn -0.8727 0.0178 -0.4879
vn 0.0199 0.9998 -0.0001
vn 0.0200 0.9998 -0.0001
vn -0.0199 -0.9998 0.0001
vn 1.0000 -0.0000 -0.0026
vn 0.0109 0.0002 -0.9999
vn 0.0099 0.0003 -1.0000
vn 0.0076 0.0006 -1.0000
vn -1.0000 -0.0000 0.0026
vn -0.0133 -0.0000 0.9999
vn -0.0162 -0.9999 -0.0005
vn 0.8915 -0.0065 -0.4530
vn -0.0281 0.0136 0.9995
vn -0.8650 -0.0065 -0.5018
vn 0.0163 0.9999 0.0005
vn 0.9996 -0.0000 0.0279
vn 0.0265 -0.0006 -0.9996
vn 0.0273 -0.0003 -0.9996
vn 0.0277 -0.0002 -0.9996
vn 0.0284 -0.0000 -0.9996
vn -0.9996 -0.0000 -0.0279
vn -0.9996 -0.0004 -0.0279
vn -0.0273 -0.0000 0.9996
vn -0.0277 -0.0000 0.9996
vn -0.0284 -0.0000 0.9996
vn -0.3543 -0.0000 -0.9351
vn -0.3546 -0.0000 -0.9350
vn 0.3542 -0.0000 0.9352
vn 0.3543 -0.0000 0.9351
vn -0.4125 -0.0000 -0.9110
vn -0.4122 -0.0000 -0.9111
vn 0.4124 -0.0000 0.9110
vn 0.4119 -0.0000 0.9112
vn -0.5233 -0.0000 -0.8522
vn -0.5233 -0.0000 -0.8521
vn 0.5232 -0.0000 0.8522
vn 0.5236 -0.0000 0.8520
vn -0.4681 -0.0000 -0.8837
vn -0.4692 -0.0000 -0.8831
vn 0.4682 -0.0000 0.8836
vn 0.4683 -0.0000 0.8836
vn -0.2661 -0.0000 -0.9639
vn -0.2662 -0.0000 -0.9639
vn -0.2667 -0.0000 -0.9638
vn 0.2664 -0.0000 0.9639
vn 0.2661 -0.0000 0.9640
vn -0.1729 -0.0000 -0.9849
vn -0.1726 -0.0000 -0.9850
vn 0.1727 -0.0000 0.9850
vn 0.1729 -0.0000 0.9849
vn -0.2951 -0.0000 -0.9555
vn -0.2950 -0.0000 -0.9555
vn 0.2949 -0.0000 0.9555
vn 0.2943 -0.0000 0.9557
vn -0.2343 -0.0000 -0.9722
vn -0.2339 -0.0000 -0.9723
vn 0.2339 -0.0000 0.9723
vn 0.2336 -0.0000 0.9723
vn -0.0179 -0.0000 -0.9998
vn -0.0175 -0.0000 -0.9998
vn 0.0183 -0.0000 0.9998
vn 0.0179 -0.0000 0.9998
vn -0.0809 -0.0000 -0.9967
vn -0.0810 -0.0000 -0.9967
vn 0.0803 -0.0000 0.9968
vn 0.0804 -0.0000 0.9968
vn 0.0810 -0.0000 0.9967
vn -0.2049 -0.0000 -0.9788
vn -0.2053 -0.0000 -0.9787
vn 0.2053 -0.0000 0.9787
vn -0.1432 -0.0000 -0.9897
vn -0.1438 -0.0000 -0.9896
vn 0.1427 -0.0000 0.9898
vn 0.1431 -0.0000 0.9897
vn 0.1107 -0.0000 0.9939
vn 0.1100 -0.0000 0.9939
vn 0.1099 -0.0000 0.9939
vn -0.1109 -0.0000 -0.9938
vn -0.1099 -0.0000 -0.9939
vn 0.0471 -0.0000 0.9989
vn 0.0489 -0.0000 0.9988
vn -0.0481 -0.0000 -0.9988
vn -0.0472 -0.0000 -0.9989
vn -0.0782 -0.0000 0.9969
vn -0.0772 -0.0000 0.9970
vn 0.0780 -0.0000 -0.9970
vn 0.0773 -0.0000 -0.9970
vn -0.0154 -0.0000 0.9999
vn -0.0145 -0.0000 0.9999
vn 0.0154 -0.0000 -0.9999
vn 0.0145 -0.0000 -0.9999
vn 0.2197 -0.0000 0.9756
vn 0.2195 -0.0000 0.9756
vn 0.0599 -0.0000 0.9982
vn 0.0591 -0.0000 0.9983
vn -0.0592 -0.0000 -0.9982
vn -0.0583 -0.0000 -0.9983
vn 0.1728 -0.0000 0.9849
vn 0.1728 -0.0000 0.9850
vn -0.1716 -0.0000 -0.9852
vn -0.1725 -0.0000 -0.9850
vn 0.5760 -0.0000 0.8174
vn 0.5757 -0.0000 0.8176
vn 0.5757 -0.0000 0.8177
vn -0.5754 -0.0000 -0.8179
vn -0.5754 -0.0000 -0.8178
vn -0.5760 -0.0000 -0.8174
vn 0.5238 -0.0000 0.8519
vn 0.5235 -0.0000 0.8520
vn -0.5231 -0.0000 -0.8523
vn -0.5234 -0.0000 -0.8521
vn 0.3903 -0.0000 0.9207
vn 0.3904 -0.0000 0.9207
vn 0.3915 -0.0000 0.9202
vn -0.3905 -0.0000 -0.9206
vn 0.4693 -0.0000 0.8830
vn 0.4693 -0.0000 0.8831
vn 0.4688 -0.0000 0.8833
vn -0.4683 -0.0000 -0.8836
vn -0.4689 -0.0000 -0.8833
vn -0.0036 -0.0000 -1.0000
vn -0.0045 -0.0000 -1.0000
vn 0.0045 -0.0000 -1.0000
vn -0.0027 -0.0000 1.0000
vn -0.0036 -0.0000 1.0000
vn 0.0001 0.0007 1.0000
vn 0.0001 0.0006 1.0000
vn 1.0000 -0.0000 -0.0042
vn 1.0000 0.0001 -0.0041
vn 1.0000 0.0002 -0.0040
vn 0.0048 -1.0000 -0.0000
vn 0.0049 -1.0000 -0.0000
vn -0.0049 1.0000 -0.0000
vn -0.0048 1.0000 -0.0000
vn 0.0046 -0.0000 1.0000
vn -0.0051 1.0000 -0.0000
vn -0.0050 1.0000 -0.0000
vn -0.4017 0.0300 0.9153
vn -0.4009 0.0300 0.9156
vn -0.6114 -0.0626 -0.7889
vn -0.6110 -0.0627 -0.7892
vn 0.9863 0.0299 -0.1620
vn 0.9864 0.0299 -0.1616
vn -0.7903 -0.0000 0.6127
vn 0.6127 -0.0000 0.7904
vn 0.6129 -0.0000 0.7902
vn 0.6130 -0.0000 0.7901
vn 0.6132 -0.0000 0.7899
vn 0.7903 -0.0000 -0.6128
vn 0.7903 -0.0000 -0.6127
vn -0.6129 -0.0000 -0.7901
vn -0.6127 -0.0000 -0.7903
vn -0.6126 -0.0000 -0.7904
vn -0.6123 -0.0000 -0.7906
vn -0.4013 0.0300 0.9155
vn -0.4011 0.0300 0.9156
vn -0.6115 -0.0627 -0.7888
vn -0.6117 -0.0626 -0.7886
vn 0.9865 0.0300 -0.1611
vn 0.9865 0.0300 -0.1610
vn 0.9864 0.0299 -0.1614
vn 0.9864 0.0299 -0.1615
vn -0.7903 -0.0000 0.6128
vn 0.6126 -0.0000 0.7904
vn 0.6128 -0.0000 0.7902
vn 0.6132 -0.0000 0.7900
vn 0.7902 -0.0000 -0.6128
vn -0.6122 -0.0000 -0.7907
vn -0.6125 -0.0000 -0.7905
vn -0.6128 -0.0000 -0.7902
vn -0.7741 0.0300 0.6324
vn -0.7735 0.0300 0.6331
vn -0.1857 -0.0627 -0.9806
vn -0.1848 -0.0627 -0.9808
vn -0.1847 -0.0627 -0.9808
vn 0.9520 0.0299 0.3045
vn 0.9520 0.0299 0.3046
vn -0.9826 -0.0000 0.1859
vn -0.9826 -0.0000 0.1860
vn 0.1847 -0.0000 0.9828
vn 0.1855 -0.0000 0.9827
vn 0.1858 -0.0000 0.9826
vn 0.1865 -0.0000 0.9824
vn 0.9825 -0.0000 -0.1862
vn -0.1871 -0.0000 -0.9823
vn -0.1867 -0.0000 -0.9824
vn -0.1865 -0.0000 -0.9824
vn -0.1862 -0.0000 -0.9825
vn 0.6018 -0.0179 -0.7984
vn 0.6023 -0.0179 -0.7981
vn 0.4136 0.0374 0.9097
vn -0.9973 -0.0179 -0.0711
vn 0.9073 -0.0000 -0.4204
vn -0.4141 -0.0000 -0.9102
vn -0.9073 -0.0000 0.4204
vn 0.4141 -0.0000 0.9102
vn -0.5668 -0.0000 -0.8239
vn 0.5685 -0.0000 0.8227
vn 0.5658 -0.0000 0.8245
vn 0.5657 -0.0000 0.8246
vn -0.5819 -0.0000 -0.8133
vn -0.5806 -0.0000 -0.8142
vn -0.5805 -0.0000 -0.8142
vn 0.5804 -0.0000 0.8143
vn 0.5796 -0.0000 0.8149
vn -0.5810 -0.0000 -0.8139
vn -0.5809 -0.0000 -0.8139
vn -0.5800 -0.0000 -0.8147
vn -0.5799 -0.0000 -0.8147
vn 0.5806 -0.0000 0.8142
vn -0.5807 -0.0000 -0.8141
vn -0.5802 -0.0000 -0.8145
vn 0.5803 -0.0000 0.8144
vn 0.5809 -0.0000 0.8140
vn -0.4238 -0.0000 -0.9057
vn -0.4243 -0.0000 -0.9055
vn -0.4244 -0.0000 -0.9055
vn 0.4237 -0.0000 0.9058
vn 0.4252 -0.0000 0.9051
vn 0.4253 -0.0000 0.9051
vn -0.4565 -0.0000 -0.8897
vn 0.4562 -0.0000 0.8899
vn 0.4555 -0.0000 0.8902
vn -0.5267 -0.0000 -0.8500
vn -0.5268 -0.0000 -0.8500
vn -0.5276 -0.0000 -0.8495
vn 0.5265 -0.0000 0.8502
vn 0.5267 -0.0000 0.8501
vn -0.4896 -0.0000 -0.8719
vn -0.4896 -0.0000 -0.8720
vn 0.4899 -0.0000 0.8718
vn 0.4891 -0.0000 0.8723
vn 0.4890 -0.0000 0.8723
vn -0.3772 -0.0000 -0.9261
vn -0.3770 -0.0000 -0.9262
vn -0.3749 -0.0001 -0.9271
vn -0.3748 -0.0001 -0.9271
vn 0.3771 -0.0000 0.9262
vn 0.3772 -0.0000 0.9261
vn -0.3455 -0.0000 -0.9384
vn -0.3446 -0.0000 -0.9388
vn -0.3445 -0.0000 -0.9388
vn 0.3449 -0.0000 0.9386
vn 0.3445 -0.0000 0.9388
vn -0.3956 -0.0000 -0.9184
vn -0.3945 -0.0000 -0.9189
vn 0.3936 -0.0000 0.9193
vn 0.3957 -0.0000 0.9184
vn -0.3675 -0.0000 -0.9300
vn -0.3652 -0.0000 -0.9309
vn -0.3651 -0.0000 -0.9310
vn 0.3662 -0.0000 0.9305
vn 0.3664 -0.0000 0.9305
vn 0.3630 -0.0000 0.9318
vn 0.3634 -0.0000 0.9316
vn -0.3622 -0.0000 -0.9321
vn -0.3633 -0.0000 -0.9317
vn 0.1552 -0.0000 0.9879
vn 0.1553 -0.0000 0.9879
vn -0.1556 -0.0000 -0.9878
vn -0.1538 -0.0000 -0.9881
vn 0.0715 -0.0000 0.9974
vn 0.0733 -0.0000 0.9973
vn -0.0732 -0.0000 -0.9973
vn -0.0731 -0.0000 -0.9973
vn 0.6797 -0.0000 0.7335
vn 0.6802 -0.0000 0.7330
vn -0.6790 -0.0000 -0.7341
vn -0.6794 -0.0000 -0.7337
vn -0.6795 -0.0000 -0.7337
vn 0.6106 -0.0000 0.7920
vn 0.6106 -0.0000 0.7919
vn 0.6118 -0.0000 0.7910
vn 0.6119 -0.0000 0.7910
vn -0.6106 -0.0000 -0.7919
vn -0.6115 -0.0000 -0.7912
vn 0.4512 -0.0000 0.8924
vn 0.4526 -0.0000 0.8917
vn -0.4523 -0.0000 -0.8919
vn 0.7388 -0.0000 0.6739
vn -0.7388 -0.0000 -0.6739
vn -0.7388 -0.0000 -0.6740
vn -0.7387 -0.0000 -0.6740
vn 0.7328 -0.0000 0.6804
vn 0.7332 -0.0000 0.6801
vn 0.7332 -0.0000 0.6800
vn -0.7338 -0.0000 -0.6793
vn -0.7328 -0.0000 -0.6804
vn 0.7218 -0.0000 0.6921
vn 0.7222 -0.0000 0.6916
vn -0.7215 -0.0000 -0.6924
vn -0.7216 -0.0000 -0.6923
vn -0.7225 -0.0000 -0.6914
vn -0.7225 -0.0000 -0.6913
vn 0.7269 -0.0000 0.6867
vn 0.7270 -0.0000 0.6867
vn 0.7280 -0.0000 0.6856
vn -0.7279 -0.0000 -0.6857
vn -0.7277 -0.0000 -0.6859
vn -0.5441 -0.0000 -0.8390
vn 0.5438 -0.0000 0.8392
vn 0.5450 -0.0000 0.8384
vn 0.5451 -0.0000 0.8384
vn -0.5343 -0.0000 -0.8453
vn 0.5352 -0.0000 0.8447
vn 0.5339 -0.0000 0.8456
vn -0.5393 -0.0000 -0.8421
vn -0.5397 -0.0000 -0.8419
vn 0.5396 0.0003 0.8419
vn 0.5394 -0.0000 0.8420
vn 0.5395 -0.0000 0.8420
vn 0.5396 -0.0000 0.8419
vn -0.5396 -0.0000 -0.8419
vn -0.5395 -0.0000 -0.8420
vn 0.9137 -0.0000 -0.4064
vn 0.9138 -0.0000 -0.4062
vn 0.9137 -0.0000 -0.4063
vn 0.0777 -0.9964 -0.0346
vn 0.0776 -0.9964 -0.0345
vn 0.0779 -0.9964 -0.0346
vn -0.5438 -0.0000 -0.8392
vn -0.0777 0.9964 0.0346
vn -0.0779 0.9964 0.0346
vn -0.0778 0.9964 0.0346
vn -0.0776 0.9964 0.0345
vn -0.0778 0.9964 0.0345
vn 0.5454 -0.0000 0.8381
vn 0.5425 -0.0000 0.8400
vn 0.5422 -0.0000 0.8403
vn -0.0783 0.9964 0.0336
vn -0.0767 0.9965 0.0328
vn -0.0768 0.9965 0.0328
vn 0.8784 -0.0000 -0.4780
vn -0.8784 -0.0000 -0.4780
vn 0.0279 -0.9996 -0.0041
vn 0.7367 -0.0297 -0.6755
vn 0.7368 -0.0297 -0.6755
vn 0.7357 -0.0298 -0.6766
vn 0.1457 0.0530 0.9879
vn 0.1461 0.0530 0.9878
vn -0.9014 -0.0298 -0.4320
vn -0.9009 -0.0298 -0.4330
vn -0.0278 0.9996 0.0041
vn -0.0278 0.9996 0.0042
vn -0.0280 0.9996 0.0042
vn 0.0280 -0.9996 -0.0042
vn 0.0278 -0.9996 -0.0041
vn 0.9890 -0.0000 -0.1478
vn -0.1491 -0.0000 -0.9888
vn -0.1484 -0.0000 -0.9889
vn -0.1483 -0.0000 -0.9889
vn -0.1476 -0.0000 -0.9891
vn -0.9891 -0.0000 0.1473
vn 0.1468 -0.0000 0.9892
vn 0.1476 -0.0000 0.9891
vn 0.1476 -0.0000 0.9890
vn 0.1483 -0.0000 0.9889
vn 0.0546 -0.9983 -0.0219
vn 0.5571 0.0353 -0.8297
vn 0.5575 0.0352 -0.8294
vn 0.3751 -0.0627 0.9249
vn 0.3759 -0.0626 0.9246
vn -0.9766 0.0352 -0.2120
vn -0.9766 0.0352 -0.2121
vn -0.9769 0.0351 -0.2108
vn -0.0542 0.9983 0.0218
vn -0.0545 0.9983 0.0219
vn 0.0545 -0.9983 -0.0219
vn 0.0542 -0.9983 -0.0218
vn 0.9279 -0.0000 -0.3729
vn -0.3736 -0.0000 -0.9276
vn -0.3729 -0.0000 -0.9279
vn -0.3722 -0.0000 -0.9281
vn -0.9281 -0.0000 0.3723
vn -0.9281 -0.0000 0.3724
vn 0.3743 -0.0000 0.9273
vn 0.3730 -0.0000 0.9278
vn 0.3729 -0.0000 0.9279
vn 0.3716 -0.0000 0.9284
vn 0.0639 -0.9969 -0.0452
vn 0.3527 -0.0123 -0.9357
vn 0.3526 -0.0123 -0.9357
vn 0.5761 0.0220 0.8171
vn 0.5757 0.0220 0.8173
vn 0.5757 0.0220 0.8174
vn -0.9997 -0.0124 0.0198
vn -0.9997 -0.0124 0.0192
vn -0.0636 0.9970 0.0449
vn -0.0636 0.9970 0.0450
vn -0.0639 0.9969 0.0452
vn -0.0639 0.9969 0.0453
vn 0.0640 -0.9969 -0.0453
vn 0.0636 -0.9970 -0.0450
vn 0.0639 -0.9969 -0.0453
vn 0.0636 -0.9970 -0.0449
vn 0.8163 -0.0003 -0.5777
vn -0.5765 -0.0000 -0.8171
vn -0.5770 -0.0002 -0.8167
vn -0.5771 -0.0002 -0.8167
vn -0.5775 -0.0004 -0.8164
vn -0.8166 -0.0000 0.5771
vn 0.5775 -0.0000 0.8164
vn 0.0879 -0.9941 -0.0627
vn -0.4373 -0.0000 0.8993
vn -0.4380 -0.0000 0.8990
vn 0.9926 -0.0000 -0.1215
vn -0.0879 0.9942 0.0627
vn 0.0879 -0.9942 -0.0627
vn -0.8142 0.0005 0.5806
vn -0.8142 -0.0000 0.5806
vn 0.5800 -0.0000 0.8146
vn 0.5809 -0.0001 0.8139
vn 0.5813 -0.0002 0.8137
vn 0.5823 -0.0004 0.8130
vn 0.8141 -0.0000 -0.5807
vn -0.5811 -0.0000 -0.8138
vn -0.5804 -0.0000 -0.8143
vn 0.0815 -0.9950 -0.0581
vn -0.4359 -0.0254 0.8996
vn -0.4358 -0.0254 0.8997
vn -0.4372 -0.0254 0.8990
vn -0.5845 0.0530 -0.8097
vn -0.5851 0.0530 -0.8093
vn -0.5851 0.0530 -0.8092
vn 0.9922 -0.0253 -0.1225
vn 0.9921 -0.0253 -0.1225
vn -0.0816 0.9950 0.0582
vn -0.0815 0.9950 0.0581
vn -0.8141 -0.0000 0.5807
vn 0.5811 -0.0000 0.8139
vn 0.5810 -0.0000 0.8139
vn -0.5811 -0.0000 -0.8139
vn 0.0866 -0.9955 -0.0390
vn -0.6659 0.0256 0.7456
vn -0.6660 0.0256 0.7455
vn -0.6648 0.0256 0.7466
vn -0.6647 0.0256 0.7466
vn -0.4040 -0.0626 -0.9126
vn -0.4039 -0.0627 -0.9127
vn 0.9997 0.0256 -0.0013
vn 0.9997 0.0258 -0.0002
vn -0.0877 0.9954 0.0394
vn -0.0876 0.9954 0.0394
vn -0.0870 0.9954 0.0391
vn -0.0869 0.9954 0.0391
vn 0.0869 -0.9955 -0.0390
vn 0.0876 -0.9954 -0.0394
vn 0.0877 -0.9954 -0.0394
vn -0.9122 -0.0000 0.4097
vn 0.4093 -0.0000 0.9124
vn 0.4094 -0.0000 0.9124
vn 0.4094 0.0001 0.9124
vn 0.9120 -0.0000 -0.4103
vn -0.4086 -0.0000 -0.9127
vn -0.4092 -0.0000 -0.9124
vn -0.4098 -0.0000 -0.9122
vn -0.4105 -0.0000 -0.9119
vn 0.0509 -0.9987 -0.0098
vn -0.8191 -0.0090 0.5737
vn -0.8190 -0.0090 0.5737
vn -0.8193 -0.0090 0.5733
vn -0.1872 0.0220 -0.9821
vn -0.1906 0.0220 -0.9814
vn -0.1907 0.0220 -0.9814
vn 0.9729 -0.0090 0.2309
vn 0.9731 -0.0090 0.2304
vn -0.0513 0.9986 0.0098
vn -0.0509 0.9987 0.0097
vn -0.0508 0.9987 0.0097
vn 0.0508 -0.9987 -0.0097
vn 0.0513 -0.9986 -0.0098
vn 0.0509 -0.9987 -0.0097
vn -0.9823 -0.0000 0.1873
vn 0.1874 -0.0000 0.9823
vn 0.9822 -0.0000 -0.1879
vn -0.1883 -0.0000 -0.9821
vn -0.1876 -0.0000 -0.9822
vn -0.1868 -0.0000 -0.9824
vn -0.5777 -0.0000 -0.8163
vn -0.5782 -0.0000 -0.8159
vn 0.5789 -0.0000 0.8154
vn 0.5787 -0.0000 0.8155
vn 0.5778 -0.0000 0.8162
vn -0.5783 -0.0000 -0.8159
vn -0.5783 -0.0000 -0.8158
vn -0.5785 -0.0000 -0.8157
vn 0.5776 -0.0000 0.8163
vn 0.5777 -0.0000 0.8163
vn 0.5779 -0.0000 0.8161
vn -0.5780 -0.0000 -0.8160
vn 0.5782 -0.0000 0.8159
vn -0.5778 -0.0000 -0.8162
vn 0.5783 -0.0000 0.8158
vn -0.5777 -0.0000 -0.8162
vn 0.5780 -0.0000 0.8161
vn 0.5784 -0.0000 0.8157
vn 0.5785 -0.0000 0.8157
vn 0.5774 -0.0000 0.8164
vn 0.5784 -0.0000 0.8158
vn -0.5779 -0.0000 -0.8161
vn 0.5778 -0.0000 0.8161
vn 0.5777 -0.0000 0.8162
vn -0.5788 -0.0000 -0.8154
vn -0.5788 -0.0000 -0.8155
vn 0.5788 -0.0000 0.8155
vn -0.5780 -0.0000 -0.8161
vn 0.5776 -0.0000 0.8164
vn 0.5783 -0.0000 0.8159
vn -0.5778 -0.0000 -0.8161
vn -0.5781 -0.0000 -0.8159
vn -0.5781 -0.0000 -0.8160
vn -0.5775 -0.0000 -0.8164
vn -0.5774 -0.0000 -0.8164
vn -0.5786 -0.0000 -0.8156
vn 0.8578 -0.0000 -0.5140
vn 0.8577 -0.0000 -0.5141
vn -0.8576 -0.0000 0.5142
vn -0.8575 -0.0000 0.5144
vn 0.8577 -0.0000 -0.5142
vn -0.8574 -0.0000 0.5147
vn -0.8577 -0.0000 0.5142
vn -0.8576 -0.0000 0.5144
vn -0.8578 -0.0000 0.5140
vn 0.8574 -0.0000 -0.5146
vn 0.8576 -0.0000 -0.5142
vn -0.8574 -0.0000 0.5146
vn -0.8576 -0.0000 0.5143
vn 0.8576 -0.0000 -0.5143
vn -0.5143 -0.0000 -0.8576
vn -0.5142 -0.0000 -0.8577
vn -0.5142 -0.0000 -0.8576
vn -0.5141 -0.0000 -0.8577
vn -0.8579 -0.0000 0.5139
vn -0.8580 -0.0000 0.5137
vn -0.8575 -0.0000 0.5145
vn 0.8580 -0.0000 -0.5137
vn 0.8579 -0.0000 -0.5139
vn -0.5915 -0.0000 -0.8063
vn 0.5916 -0.0000 0.8062
vn -0.5882 -0.0000 -0.8087
vn 0.5883 -0.0000 0.8087
vn -0.5776 -0.0000 -0.8163
vn -0.5784 -0.0000 -0.8158
vn 0.5786 -0.0000 0.8156
vn -0.1049 -0.0000 0.9945
vn 0.1041 -0.0000 -0.9946
vn 0.1042 -0.0000 -0.9946
vn 0.1060 -0.0000 -0.9944
vn -0.2466 -0.0000 0.9691
vn -0.2464 -0.0000 0.9692
vn 0.2467 -0.0000 -0.9691
vn 0.2460 -0.0000 -0.9693
vn -0.3495 -0.0000 0.9369
vn -0.3503 -0.0000 0.9366
vn 0.3500 -0.0000 -0.9367
vn 0.3507 -0.0000 -0.9365
vn -0.3502 -0.0000 0.9367
vn -0.3499 -0.0000 0.9368
vn 0.3499 -0.0000 -0.9368
vn 0.3500 -0.0000 -0.9368
vn 0.3502 -0.0000 -0.9367
vn 0.3503 -0.0000 -0.9367
vn 0.4534 -0.0000 0.8913
vn 0.4525 -0.0000 0.8918
vn -0.4534 -0.0000 -0.8913
vn -0.4529 -0.0000 -0.8916
vn 0.3196 -0.0000 0.9476
vn 0.3209 -0.0000 0.9471
vn -0.3207 -0.0000 -0.9472
vn -0.3202 -0.0000 -0.9474
vn 0.0392 -0.0000 0.9992
vn 0.0374 -0.0000 0.9993
vn -0.0384 -0.0000 -0.9993
vn 0.1820 -0.0000 0.9833
vn -0.1816 -0.0000 -0.9834
vn -0.1817 -0.0000 -0.9834
vn 0.5760 -0.0000 0.8175
vn -0.5770 -0.0000 -0.8168
vn -0.5766 -0.0000 -0.8170
vn -0.5758 -0.0000 -0.8176
vn 0.3628 0.0206 -0.9317
vn 0.3630 0.0206 -0.9315
vn 0.6445 -0.0430 0.7634
vn 0.6447 -0.0430 0.7632
vn -0.9792 0.0206 0.2020
vn -0.9792 0.0206 0.2019
vn 0.7639 -0.0000 -0.6453
vn 0.7640 -0.0000 -0.6452
vn -0.6453 -0.0000 -0.7640
vn -0.6455 -0.0000 -0.7638
vn -0.6456 -0.0000 -0.7637
vn -0.7639 -0.0000 0.6453
vn 0.6453 -0.0000 0.7640
vn 0.3190 -0.0074 -0.9477
vn 0.3196 -0.0074 -0.9475
vn 0.6801 0.0156 0.7330
vn -0.9689 -0.0074 0.2474
vn -0.9689 -0.0074 0.2475
vn 0.7717 -0.0000 -0.6360
vn -0.6798 0.0002 -0.7334
vn -0.6801 0.0003 -0.7332
vn -0.6802 0.0004 -0.7330
vn -0.6805 0.0005 -0.7328
vn -0.7717 -0.0000 0.6360
vn -0.7717 -0.0005 0.6360
vn 0.6800 -0.0000 0.7332
vn -0.0199 -0.9998 0.0006
vn 0.8641 0.0177 -0.5030
vn 0.8640 0.0177 -0.5032
vn 0.0287 -0.0371 0.9989
vn -0.8919 0.0178 -0.4520
vn 0.0200 0.9998 0.0006
vn -0.0200 -0.9998 -0.0006
vn 0.9995 -0.0000 0.0323
vn -0.0294 0.0003 -0.9996
vn -0.0298 0.0002 -0.9996
vn -0.0299 0.0001 -0.9996
vn -0.0303 -0.0000 -0.9995
vn -0.9995 -0.0000 -0.0323
vn -0.9995 0.0013 -0.0323
vn 0.0294 -0.0000 0.9996
vn 0.0298 -0.0000 0.9996
vn 0.0299 -0.0000 0.9996
vn 0.0303 -0.0000 0.9995
vn -0.4438 -0.0000 0.8961
vn -0.4439 -0.0000 0.8961
vn -0.4454 -0.0000 0.8953
vn -0.4455 -0.0000 0.8953
vn 0.4442 -0.0000 -0.8959
vn 0.4449 -0.0000 -0.8956
vn -0.3577 -0.0000 0.9338
vn -0.3578 -0.0000 0.9338
vn -0.3602 -0.0000 0.9329
vn -0.3603 -0.0000 0.9328
vn 0.3592 -0.0000 -0.9333
vn 0.3591 -0.0000 -0.9333
vn -0.1780 -0.0000 0.9840
vn -0.1781 -0.0000 0.9840
vn -0.1789 -0.0000 0.9839
vn -0.1790 -0.0000 0.9839
vn 0.1787 -0.0000 -0.9839
vn 0.1791 -0.0000 -0.9838
vn -0.2710 -0.0000 0.9626
vn -0.2700 -0.0000 0.9629
vn -0.2699 -0.0000 0.9629
vn 0.2718 -0.0000 -0.9624
vn 0.2702 -0.0000 -0.9628
vn -0.6667 -0.0000 0.7453
vn -0.6668 -0.0000 0.7453
vn -0.6673 -0.0000 0.7448
vn 0.6665 -0.0000 -0.7455
vn 0.6670 -0.0000 -0.7451
vn -0.6675 -0.0000 0.7446
vn -0.6659 -0.0000 0.7460
vn -0.6659 -0.0000 0.7461
vn 0.6662 -0.0000 -0.7458
vn 0.6660 -0.0000 -0.7459
vn -0.6224 -0.0000 0.7827
vn -0.6225 -0.0000 0.7826
vn -0.6240 -0.0000 0.7814
vn 0.6235 -0.0000 -0.7818
vn 0.6228 -0.0000 -0.7824
vn -0.6672 -0.0000 0.7449
vn -0.6663 -0.0000 0.7457
vn 0.6663 -0.0000 -0.7457
vn 0.6672 -0.0000 -0.7449
vn -0.6662 -0.0000 0.7458
vn -0.6661 -0.0000 0.7458
vn 0.6661 -0.0000 -0.7459
vn 0.6667 -0.0000 -0.7454
vn 0.6667 -0.0000 -0.7453
vn -0.6654 -0.0000 0.7464
vn -0.6655 -0.0000 0.7464
vn -0.6677 -0.0000 0.7444
vn -0.6678 -0.0000 0.7444
vn 0.6664 -0.0000 -0.7456
vn 0.6657 -0.0000 -0.7462
vn 0.6672 -0.0000 -0.7448
vn 0.6666 -0.0000 -0.7454
vn 0.6675 -0.0000 -0.7446
vn 0.6676 -0.0000 -0.7446
vn -0.6663 -0.0000 0.7456
vn -0.6665 -0.0000 0.7455
vn -0.6656 -0.0000 0.7463
vn -0.6664 -0.0000 0.7456
vn 0.8192 -0.0000 0.5736
vn 0.8192 -0.0000 0.5735
vn -0.0107 -0.9981 -0.0599
vn -0.0107 -0.9982 -0.0596
vn 0.6669 -0.0000 -0.7452
vn 0.0107 0.9982 0.0598
vn 0.0107 0.9981 0.0599
vn 0.0106 0.9982 0.0597
vn 0.0108 0.9982 0.0598
vn -0.6666 -0.0000 0.7455
vn 0.0090 0.9982 0.0599
vn 0.0081 0.9982 0.0593
vn 0.0082 0.9982 0.0593
vn 0.5703 -0.0000 -0.8215
vn 0.5703 -0.0000 -0.8214
vn 0.5713 -0.0000 -0.8207
vn -0.5707 -0.0000 0.8212
vn -0.5706 -0.0000 0.8212
vn 0.5714 -0.0000 -0.8207
vn 0.5714 -0.0000 -0.8206
vn 0.5731 -0.0000 -0.8195
vn -0.5731 -0.0000 0.8195
vn -0.5723 -0.0000 0.8200
vn 0.5757 -0.0000 -0.8176
vn 0.5758 -0.0000 -0.8176
vn -0.5753 -0.0000 0.8180
vn -0.5752 -0.0000 0.8180
vn 0.5746 -0.0000 -0.8184
vn 0.5741 -0.0000 -0.8188
vn 0.5740 -0.0000 -0.8188
vn -0.5750 -0.0000 0.8182
vn -0.5749 -0.0000 0.8182
vn -0.5734 -0.0000 0.8193
vn -0.5733 -0.0000 0.8193
vn 0.4249 -0.0000 -0.9053
vn 0.4248 -0.0000 -0.9053
vn 0.4210 -0.0000 -0.9070
vn 0.4210 -0.0000 -0.9071
vn -0.4224 -0.0000 0.9064
vn -0.4233 -0.0000 0.9060
vn -0.4234 -0.0000 0.9060
vn 0.4970 -0.0000 -0.8677
vn 0.4979 -0.0000 -0.8672
vn -0.4988 -0.0000 0.8667
vn -0.4992 -0.0000 0.8665
vn 0.5382 -0.0000 -0.8428
vn 0.5383 -0.0000 -0.8428
vn 0.5401 -0.0000 -0.8416
vn 0.5402 -0.0000 -0.8415
vn -0.5383 -0.0000 0.8428
vn -0.5384 -0.0000 0.8427
vn 0.5405 -0.0000 -0.8414
vn 0.5404 -0.0000 -0.8414
vn -0.5412 -0.0000 0.8409
vn -0.5413 -0.0000 0.8408
vn 0.1026 -0.0000 -0.9947
vn -0.1028 -0.0000 0.9947
vn -0.1027 -0.0000 0.9947
vn 0.1846 -0.0000 -0.9828
vn 0.1848 -0.0000 -0.9828
vn -0.1835 -0.0000 0.9830
vn -0.1836 -0.0000 0.9830
vn -0.1850 -0.0000 0.9827
vn 0.3468 -0.0000 -0.9379
vn 0.3467 -0.0000 -0.9380
vn 0.3437 -0.0000 -0.9391
vn -0.3474 -0.0000 0.9377
vn -0.3473 -0.0000 0.9377
vn -0.3444 -0.0000 0.9388
vn -0.3443 -0.0000 0.9389
vn 0.2657 -0.0000 -0.9641
vn -0.2662 -0.0000 0.9639
vn -0.2661 -0.0000 0.9639
vn -0.2647 -0.0000 0.9643
vn -0.2646 -0.0000 0.9644
vn -0.0061 -1.0000 -0.0043
vn -0.9933 -0.0253 -0.1126
vn -0.9933 -0.0253 -0.1127
vn 0.5733 0.0530 -0.8176
vn 0.5734 0.0530 -0.8175
vn 0.4454 -0.0253 0.8950
vn 0.4447 -0.0254 0.8953
vn 0.0060 1.0000 0.0042
vn 0.0060 1.0000 0.0043
vn -0.0061 -1.0000 -0.0042
vn -0.0060 -1.0000 -0.0042
vn -0.8192 -0.0000 -0.5736
vn -0.8192 -0.0000 -0.5735
vn -0.5734 -0.0000 0.8192
vn -0.5735 -0.0000 0.8192
vn -0.5736 -0.0000 0.8192
vn -0.5736 -0.0000 0.8191
vn 0.8191 -0.0000 0.5736
vn 0.8192 -0.0006 0.5736
vn 0.8192 -0.0007 0.5736
vn 0.5735 -0.0000 -0.8192
vn 0.5740 -0.0000 -0.8189
vn 0.5742 -0.0000 -0.8187
vn 0.5747 -0.0000 -0.8183
vn -0.0046 -1.0000 -0.0032
vn -0.9932 0.0300 -0.1127
vn -0.9932 0.0299 -0.1125
vn 0.5723 -0.0627 -0.8176
vn 0.5723 -0.0626 -0.8176
vn 0.4460 0.0300 0.8945
vn 0.4446 0.0300 0.8952
vn 0.4445 0.0300 0.8953
vn 0.0046 1.0000 0.0032
vn -0.0047 -1.0000 -0.0033
vn -0.5738 -0.0000 0.8190
vn 0.5734 -0.0000 -0.8192
vn 0.5736 -0.0000 -0.8192
vn 0.5736 -0.0000 -0.8191
vn -0.0026 -1.0000 -0.0011
vn -0.9805 -0.0124 0.1960
vn -0.9805 -0.0124 0.1962
vn 0.3948 0.0218 -0.9185
vn 0.3939 0.0218 -0.9189
vn 0.3938 0.0218 -0.9189
vn 0.5284 -0.0124 0.8489
vn 0.5280 -0.0124 0.8491
vn 0.5280 -0.0124 0.8492
vn 0.0025 1.0000 0.0011
vn 0.0026 1.0000 0.0011
vn -0.0025 -1.0000 -0.0011
vn -0.9174 -0.0000 -0.3981
vn -0.9174 -0.0000 -0.3980
vn -0.3937 -0.0000 0.9192
vn -0.3944 -0.0000 0.9189
vn -0.3951 -0.0000 0.9186
vn 0.9171 -0.0000 0.3987
vn 0.3941 -0.0000 -0.9191
vn -0.0043 -1.0000 -0.0030
vn 0.9932 0.0299 0.1127
vn 0.9932 0.0299 0.1126
vn 0.9932 0.0300 0.1129
vn -0.5726 -0.0627 0.8174
vn -0.5733 -0.0626 0.8170
vn -0.4447 0.0300 -0.8952
vn -0.4454 0.0300 -0.8948
vn 0.0044 1.0000 0.0031
vn 0.0044 1.0000 0.0030
vn -0.0044 -1.0000 -0.0031
vn 0.5738 -0.0000 -0.8190
vn -0.8191 -0.0000 -0.5736
vn -0.0058 -1.0000 -0.0041
vn 0.9936 -0.0099 0.1129
vn 0.9936 -0.0099 0.1128
vn -0.5730 0.0208 0.8193
vn -0.5734 0.0208 0.8190
vn -0.4457 -0.0099 -0.8951
vn -0.4457 -0.0099 -0.8952
vn -0.4463 -0.0099 -0.8948
vn 0.0058 1.0000 0.0041
vn 0.8191 -0.0000 0.5737
vn 0.5748 -0.0000 -0.8183
vn -0.8191 -0.0000 -0.5737
vn -0.5748 -0.0000 0.8183
vn -0.5742 -0.0000 0.8187
vn -0.5740 -0.0000 0.8189
vn -0.6667 -0.0000 0.7454
vn 0.6656 -0.0000 -0.7463
vn 0.6669 -0.0000 -0.7451
vn -0.6670 -0.0000 0.7451
vn -0.6670 -0.0000 0.7450
vn 0.6658 -0.0000 -0.7462
vn 0.6658 -0.0000 -0.7461
vn -0.6662 -0.0000 0.7457
vn -0.6672 -0.0000 0.7448
vn 0.6668 -0.0000 -0.7452
vn 0.6661 -0.0000 -0.7458
vn -0.6660 -0.0000 0.7460
vn 0.6668 -0.0000 -0.7453
vn 0.6671 -0.0000 -0.7450
vn -0.6671 -0.0000 0.7450
vn 0.6651 -0.0000 -0.7468
vn 0.6651 -0.0000 -0.7467
vn 0.6659 -0.0000 -0.7460
vn -0.6658 -0.0000 0.7461
vn 0.6670 -0.0000 -0.7450
vn -0.6657 -0.0000 0.7462
vn 0.6653 -0.0000 -0.7465
vn 0.6653 -0.0000 -0.7466
vn -0.6663 -0.0011 0.7457
vn 0.8190 -0.0000 0.5739
vn 0.8193 -0.0000 0.5734
vn 0.8190 -0.0000 0.5738
vn 0.0206 -0.9998 0.0008
vn 0.0206 -0.9998 0.0007
vn 0.0205 -0.9998 0.0008
vn 0.0207 -0.9998 0.0005
vn 0.0206 -0.9998 0.0005
vn -0.0205 0.9998 -0.0008
vn -0.0206 0.9998 -0.0006
vn -0.0206 0.9998 -0.0005
vn -0.0205 0.9998 -0.0006
vn -0.6670 0.0001 0.7451
vn -0.6666 -0.0000 0.7454
vn -0.0205 0.9998 0.0008
vn -0.0209 0.9998 0.0004
vn -0.0209 0.9998 0.0005
vn 0.5734 -0.0000 -0.8193
vn -0.5743 -0.0000 0.8186
vn -0.5744 -0.0000 0.8186
vn 0.5733 -0.0000 -0.8193
vn -0.5727 -0.0000 0.8198
vn -0.5727 -0.0000 0.8197
vn -0.5741 -0.0000 0.8188
vn 0.5732 -0.0000 -0.8194
vn 0.5743 -0.0000 -0.8186
vn 0.5744 -0.0000 -0.8186
vn 0.5739 -0.0000 -0.8189
vn -0.5729 -0.0000 0.8196
vn 0.5737 -0.0000 -0.8190
vn -0.5740 -0.0000 0.8188
vn 0.5728 -0.0000 -0.8197
vn 0.5739 -0.0000 -0.8190
vn -0.5730 -0.0000 0.8196
vn -0.5732 -0.0000 0.8194
vn -0.5744 -0.0000 0.8185
vn 0.5725 -0.0000 -0.8199
vn -0.0073 -1.0000 -0.0051
vn -0.9937 -0.0000 -0.1125
vn 0.5733 -0.0000 -0.8194
vn 0.4455 -0.0000 0.8953
vn 0.4470 -0.0000 0.8945
vn 0.4471 -0.0000 0.8945
vn 0.0073 1.0000 0.0052
vn 0.0073 1.0000 0.0051
vn 0.0072 1.0000 0.0051
vn -0.0074 -1.0000 -0.0051
vn -0.0074 -1.0000 -0.0052
vn -0.5747 -0.0000 0.8183
vn 0.5727 -0.0000 -0.8197
vn 0.5753 -0.0000 -0.8180
vn -0.0093 -0.9999 -0.0066
vn -0.9933 -0.0253 -0.1128
vn -0.9933 -0.0253 -0.1129
vn -0.9933 -0.0253 -0.1130
vn 0.5727 0.0530 -0.8180
vn 0.5727 0.0530 -0.8181
vn 0.5740 0.0530 -0.8171
vn 0.4453 -0.0254 0.8950
vn 0.0093 0.9999 0.0065
vn -0.0094 -0.9999 -0.0066
vn -0.0090 -0.9999 -0.0063
vn -0.9932 0.0300 -0.1123
vn -0.9932 0.0300 -0.1121
vn 0.5721 -0.0626 -0.8178
vn 0.5722 -0.0626 -0.8177
vn 0.5714 -0.0627 -0.8183
vn 0.4461 0.0299 0.8945
vn 0.0090 0.9999 0.0063
vn 0.0089 0.9999 0.0062
vn -0.0089 -0.9999 -0.0062
vn 0.5751 -0.0005 -0.8181
vn 0.5744 -0.0003 -0.8186
vn 0.5741 -0.0002 -0.8188
vn -0.0084 -0.9999 -0.0058
vn -0.9936 -0.0091 -0.1128
vn -0.9936 -0.0091 -0.1129
vn 0.5730 0.0191 -0.8193
vn 0.5742 0.0191 -0.8185
vn 0.4458 -0.0091 0.8951
vn 0.4464 -0.0091 0.8948
vn 0.0085 0.9999 0.0060
vn -0.0085 -0.9999 -0.0059
vn -0.5751 -0.0000 0.8181
vn -0.5746 -0.0000 0.8184
vn 0.5751 -0.0000 -0.8181
vn -0.0082 -0.9999 -0.0058
vn 0.9933 -0.0254 0.1126
vn -0.5718 0.0530 0.8187
vn -0.5717 0.0530 0.8187
vn -0.5725 0.0530 0.8182
vn -0.4452 -0.0254 -0.8951
vn -0.4460 -0.0254 -0.8947
vn -0.4461 -0.0254 -0.8946
vn 0.0082 0.9999 0.0057
vn -0.0083 -0.9999 -0.0058
vn 0.5745 -0.0000 -0.8185
vn -0.5724 -0.0000 0.8200
vn 0.9932 0.0299 0.1129
vn -0.5732 -0.0626 0.8170
vn -0.5734 -0.0626 0.8169
vn -0.4453 0.0300 -0.8949
vn -0.4455 0.0300 -0.8948
vn 0.0090 0.9999 0.0062
vn -0.0090 -0.9999 -0.0062
vn 0.5739 0.0005 -0.8190
vn 0.5739 0.0003 -0.8189
vn 0.5739 0.0002 -0.8189
vn -0.8191 -0.0006 -0.5736
vn -0.8191 -0.0007 -0.5736
vn -0.0093 -0.9999 -0.0065
vn 0.9936 -0.0085 0.1128
vn 0.9935 -0.0084 0.1131
vn -0.5731 0.0177 0.8193
vn -0.5734 0.0177 0.8191
vn -0.4460 -0.0085 -0.8950
vn -0.4454 -0.0085 -0.8953
vn 0.0094 0.9999 0.0065
vn 0.5740 0.0002 -0.8189
vn 0.5735 0.0003 -0.8192
vn 0.5724 0.0005 -0.8200
vn 0.5795 -0.0000 0.8150
vn -0.5801 -0.0000 -0.8145
vn -0.5796 -0.0000 -0.8149
vn 0.5799 -0.0000 0.8147
vn 0.5801 -0.0000 0.8145
vn -0.5805 -0.0000 -0.8143
vn -0.5797 -0.0000 -0.8148
vn 0.5797 -0.0000 0.8148
vn -0.5800 -0.0000 -0.8146
vn 0.5793 -0.0000 0.8151
vn 0.5794 -0.0000 0.8151
vn 0.5805 -0.0000 0.8142
vn -0.5793 -0.0000 -0.8151
vn 0.5795 -0.0000 0.8149
vn -0.5794 -0.0000 -0.8150
vn -0.5795 -0.0000 -0.8150
vn -0.5801 -0.0000 -0.8146
vn 0.5802 -0.0000 0.8145
vn -0.5798 -0.0000 -0.8147
vn 0.5797 -0.0000 0.8149
vn 0.5805 -0.0000 0.8143
vn 0.5794 -0.0000 0.8150
vn 0.5790 -0.0000 0.8153
vn -0.5798 -0.0000 -0.8148
vn 0.5798 -0.0000 0.8147
vn 0.5798 -0.0000 0.8148
vn -0.5803 -0.0000 -0.8144
vn -0.5804 -0.0000 -0.8144
vn 0.5801 -0.0000 0.8146
vn -0.8148 -0.0000 0.5798
vn -0.8149 -0.0000 0.5796
vn -0.8147 -0.0000 0.5799
vn -0.8148 -0.0000 0.5797
vn -0.8149 -0.0000 0.5797
vn -0.0237 -0.9996 0.0168
vn -0.0237 -0.9996 0.0169
vn -0.0236 -0.9996 0.0168
vn 0.5791 -0.0000 0.8153
vn 0.0237 0.9996 -0.0169
vn 0.0236 0.9996 -0.0168
vn -0.5792 -0.0000 -0.8152
vn 0.0243 0.9996 -0.0173
vn 0.0155 -0.9998 -0.0125
vn -0.3836 0.0250 0.9232
vn -0.6266 -0.0522 -0.7776
vn -0.6263 -0.0522 -0.7778
vn -0.6263 -0.0522 -0.7779
vn 0.9833 0.0249 -0.1803
vn 0.9833 0.0249 -0.1804
vn 0.9835 0.0250 -0.1794
vn -0.0153 0.9998 0.0127
vn 0.0153 -0.9998 -0.0127
vn -0.7694 -0.0000 0.6388
vn 0.6280 -0.0000 0.7782
vn 0.6283 0.0002 0.7780
vn 0.6284 0.0003 0.7779
vn 0.6288 0.0005 0.7776
vn 0.7694 -0.0000 -0.6388
vn 0.7694 -0.0012 -0.6388
vn -0.6280 -0.0000 -0.7782
vn 0.0133 -0.9999 -0.0093
vn -0.4446 -0.0089 0.8957
vn -0.4452 -0.0089 0.8954
vn -0.5742 0.0187 -0.8185
vn -0.5745 0.0187 -0.8183
vn 0.9935 -0.0089 -0.1136
vn 0.9935 -0.0089 -0.1137
vn -0.0134 0.9999 0.0094
vn -0.8187 -0.0000 0.5742
vn 0.5745 -0.0000 0.8185
vn 0.5742 -0.0000 0.8187
vn 0.5741 -0.0000 0.8188
vn 0.5739 -0.0000 0.8189
vn 0.8187 -0.0000 -0.5742
vn -0.5741 -0.0000 -0.8188
vn -0.5744 -0.0000 -0.8186
vn -0.5745 -0.0000 -0.8185
vn -0.5747 -0.0000 -0.8183
vn -0.7439 -0.0000 0.6683
vn -0.7436 -0.0000 0.6687
vn 0.7439 -0.0000 -0.6683
vn 0.7442 -0.0000 -0.6679
vn 0.7443 -0.0000 -0.6679
vn 0.6663 -0.0000 -0.7456
vn 0.6666 -0.0000 -0.7455
vn 0.6662 -0.0000 -0.7457
vn -0.4223 -0.0000 -0.9065
vn -0.4230 -0.0000 -0.9061
vn -0.4231 -0.0000 -0.9061
vn 0.4212 -0.0000 0.9070
vn 0.4218 -0.0000 0.9067
vn -0.4227 -0.0000 -0.9063
vn -0.4216 -0.0000 -0.9068
vn -0.4215 -0.0000 -0.9068
vn 0.4233 -0.0000 0.9060
vn -0.9942 -0.0000 -0.1076
vn 0.9942 -0.0000 0.1072
vn 0.9942 -0.0000 0.1073
vn -0.7841 -0.0000 -0.6206
vn -0.7840 -0.0000 -0.6208
vn 0.7842 -0.0000 0.6205
vn 0.7843 -0.0000 0.6204
vn 0.7843 -0.0000 0.6203
vn -0.4223 -0.0000 -0.9064
vn -0.4224 -0.0000 -0.9064
vn -0.4237 -0.0000 -0.9058
vn 0.4221 -0.0000 0.9066
vn 0.4210 -0.0000 0.9071
vn -0.4217 -0.0000 -0.9067
vn -0.4233 -0.0000 -0.9060
vn -0.4234 -0.0000 -0.9060
vn 0.4217 -0.0000 0.9067
vn 0.4214 -0.0000 0.9069
vn -0.4242 -0.0000 -0.9056
vn -0.4221 -0.0000 -0.9065
vn -0.4221 -0.0000 -0.9066
vn 0.4234 -0.0000 0.9060
vn 0.4216 -0.0000 0.9068
vn -0.4225 -0.0000 -0.9063
vn -0.4226 -0.0000 -0.9063
vn -0.4234 -0.0000 -0.9059
vn 0.4230 -0.0000 0.9061
vn 0.4222 -0.0000 0.9065
vn 0.4223 -0.0000 0.9065
vn -0.4238 -0.0000 -0.9058
vn -0.4211 -0.0000 -0.9070
vn 0.4219 -0.0000 0.9067
vn 0.4242 -0.0000 0.9056
vn -0.4240 -0.0000 -0.9057
vn -0.4239 -0.0000 -0.9057
vn 0.4558 -0.0000 0.8901
vn 0.4559 -0.0000 0.8901
vn 0.4561 -0.0000 0.8899
vn -0.4568 -0.0000 -0.8895
vn -0.4555 -0.0000 -0.8902
vn 0.4556 -0.0000 0.8902
vn -0.9309 -0.0000 0.3653
vn -0.9311 -0.0000 0.3648
vn 0.9425 -0.0000 -0.3342
vn 0.9424 -0.0000 -0.3346
vn 0.5726 -0.0000 -0.8199
vn 0.5726 -0.0000 -0.8198
vn -0.5737 -0.0000 0.8191
vn 0.5737 -0.0000 -0.8191
vn 0.6815 -0.0000 0.7318
vn 0.6813 -0.0000 0.7320
vn -0.6814 -0.0000 -0.7319
vn -0.6817 -0.0000 -0.7317
vn -0.6817 -0.0000 -0.7316
vn 0.6816 -0.0000 0.7317
vn 0.6817 -0.0000 0.7317
vn -0.6821 -0.0000 -0.7312
vn -0.6820 -0.0000 -0.7313
vn 0.6810 -0.0000 0.7323
vn 0.6821 -0.0000 0.7313
vn -0.6812 -0.0000 -0.7321
vn 0.6812 -0.0000 0.7321
vn -0.6807 -0.0000 -0.7325
vn -0.6816 -0.0000 -0.7317
vn 0.4626 -0.0000 0.8866
vn 0.4622 -0.0000 0.8868
vn -0.4613 -0.0000 -0.8872
vn -0.4614 -0.0000 -0.8872
vn -0.4627 -0.0000 -0.8865
vn 0.5304 -0.0000 0.8477
vn 0.5305 -0.0000 0.8477
vn -0.5315 -0.0000 -0.8470
vn -0.5323 -0.0000 -0.8465
vn 0.6537 -0.0000 0.7568
vn 0.6529 -0.0000 0.7574
vn 0.6529 -0.0000 0.7575
vn -0.6534 -0.0000 -0.7570
vn -0.6536 -0.0000 -0.7569
vn 0.5944 -0.0000 0.8042
vn 0.5950 -0.0000 0.8038
vn 0.5950 -0.0000 0.8037
vn -0.5951 -0.0000 -0.8037
vn -0.5945 -0.0000 -0.8041
vn 0.1224 -0.0000 0.9925
vn 0.1237 -0.0000 0.9923
vn -0.1236 -0.0000 -0.9923
vn 0.2152 -0.0000 0.9766
vn 0.2153 -0.0000 0.9765
vn 0.2189 -0.0000 0.9758
vn 0.2190 -0.0000 0.9757
vn -0.2176 -0.0000 -0.9760
vn -0.2174 -0.0000 -0.9761
vn 0.3874 -0.0000 0.9219
vn 0.3869 -0.0000 0.9221
vn -0.3887 -0.0000 -0.9214
vn -0.3873 -0.0000 -0.9219
vn -0.3873 -0.0000 -0.9220
vn 0.3054 -0.0000 0.9522
vn 0.3055 -0.0000 0.9522
vn 0.3062 -0.0000 0.9520
vn -0.3058 -0.0000 -0.9521
vn -0.3057 -0.0000 -0.9521
vn -0.3039 -0.0000 -0.9527
vn -0.3435 -0.0000 -0.9391
vn -0.3435 -0.0000 -0.9392
vn 0.3440 -0.0000 0.9390
vn 0.3439 -0.0000 0.9390
vn -0.2277 -0.0000 -0.9737
vn -0.2293 -0.0000 -0.9734
vn 0.2294 -0.0000 0.9733
vn 0.2278 -0.0000 0.9737
vn 0.2277 -0.0000 0.9737
vn -0.0018 -0.0000 -1.0000
vn 0.0018 -0.0000 1.0000
vn -0.1142 -0.0000 -0.9935
vn -0.1126 -0.0000 -0.9936
vn 0.1146 -0.0000 0.9934
vn 0.1145 -0.0000 0.9934
vn 0.1126 -0.0000 0.9936
vn -0.6512 -0.0000 -0.7589
vn -0.6517 -0.0000 -0.7584
vn 0.6509 -0.0000 0.7591
vn 0.6513 -0.0000 0.7588
vn -0.6433 -0.0000 -0.7656
vn -0.6440 -0.0000 -0.7650
vn 0.6435 -0.0000 0.7654
vn 0.6435 -0.0000 0.7655
vn 0.6427 -0.0000 0.7661
vn -0.4531 -0.0000 -0.8915
vn -0.4530 -0.0000 -0.8915
vn 0.4516 -0.0000 0.8922
vn 0.4517 -0.0000 0.8921
vn -0.5538 -0.0000 -0.8326
vn 0.5532 -0.0000 0.8331
vn 0.5807 -0.0000 0.8142
vn 0.5807 -0.0000 0.8141
vn 0.5817 -0.0000 0.8134
vn -0.7200 -0.0000 -0.6940
vn -0.7204 -0.0000 -0.6935
vn 0.7196 -0.0000 0.6943
vn 0.7197 -0.0000 0.6943
vn 0.7207 -0.0000 0.6933
vn -0.6709 -0.0000 -0.7415
vn -0.6709 -0.0000 -0.7416
vn 0.6710 -0.0000 0.7415
vn -0.6942 -0.0000 -0.7198
vn -0.6940 -0.0000 -0.7200
vn 0.6940 -0.0000 0.7200
vn 0.6941 -0.0000 0.7198
vn -0.5647 -0.0000 -0.8253
vn -0.5660 -0.0000 -0.8244
vn 0.5663 -0.0000 0.8242
vn 0.5647 -0.0000 0.8253
vn -0.5596 -0.0000 -0.8287
vn 0.5594 -0.0000 0.8289
vn 0.5595 -0.0000 0.8289
vn -0.5597 -0.0000 -0.8287
vn -0.5595 -0.0000 -0.8288
vn -0.8874 -0.0000 0.4610
vn -0.8874 -0.0000 0.4611
vn -0.8873 -0.0000 0.4612
vn 0.0964 -0.9950 -0.0259
vn 0.0963 -0.9950 -0.0257
vn 0.0964 -0.9950 -0.0258
vn 0.0965 -0.9950 -0.0263
vn 0.0964 -0.9950 -0.0260
vn 0.5672 -0.0000 0.8236
vn -0.0964 0.9950 0.0258
vn -0.0966 0.9950 0.0261
vn -0.0965 0.9950 0.0258
vn -0.0966 0.9950 0.0262
vn -0.0961 0.9950 0.0256
vn -0.5650 -0.0000 -0.8251
vn -0.0961 0.9950 0.0287
vn -0.0995 0.9946 0.0307
vn -0.0994 0.9946 0.0306
vn -0.0960 0.9950 0.0286
vn 0.4379 -0.0000 -0.8990
vn 0.4372 -0.0000 -0.8994
vn 0.5808 -0.0000 0.8141
vn -0.9926 -0.0000 0.1214
vn 0.8142 -0.0000 -0.5806
vn 0.0822 -0.9949 -0.0587
vn 0.4396 -0.0253 -0.8978
vn 0.4382 -0.0253 -0.8985
vn 0.5753 0.0530 0.8162
vn 0.5754 0.0530 0.8161
vn -0.9924 -0.0254 0.1200
vn -0.9924 -0.0254 0.1205
vn -0.0822 0.9949 0.0586
vn -0.0822 0.9949 0.0587
vn 0.0822 -0.9949 -0.0586
vn 0.8141 -0.0000 -0.5808
vn 0.8140 -0.0000 -0.5808
vn -0.5809 -0.0005 -0.8140
vn -0.5811 -0.0003 -0.8138
vn -0.5812 -0.0002 -0.8138
vn -0.5813 -0.0000 -0.8137
vn -0.8141 -0.0003 0.5807
vn 0.5812 -0.0000 0.8138
vn 0.5822 -0.0000 0.8130
vn -0.0005 -1.0000 -0.0000
vn -0.8687 -0.0000 0.4954
vn -0.8684 -0.0000 0.4958
vn 0.0859 -0.0000 -0.9963
vn 0.0852 -0.0000 -0.9964
vn 0.7674 -0.0000 0.6411
vn 0.7678 -0.0000 0.6407
vn 0.0005 1.0000 0.0001
vn -0.0005 -1.0000 -0.0001
vn -0.9960 -0.0000 -0.0895
vn -0.0869 -0.0000 0.9962
vn -0.0854 -0.0000 0.9963
vn -0.0854 -0.0000 0.9964
vn -0.0839 -0.0000 0.9965
vn 0.9959 -0.0000 0.0902
vn 0.0848 -0.0000 -0.9964
vn 0.0856 -0.0000 -0.9963
vn 0.0863 -0.0000 -0.9963
vn 0.0291 -0.9996 -0.0052
vn -0.7067 -0.0303 0.7068
vn -0.7068 -0.0303 0.7068
vn -0.7057 -0.0304 0.7078
vn -0.7057 -0.0304 0.7079
vn -0.1813 0.0530 -0.9820
vn -0.1816 0.0530 -0.9819
vn 0.9094 -0.0302 0.4149
vn 0.9088 -0.0302 0.4160
vn 0.9088 -0.0302 0.4161
vn -0.0290 0.9996 0.0052
vn -0.0291 0.9996 0.0052
vn 0.0292 -0.9996 -0.0052
vn 0.0290 -0.9996 -0.0052
vn -0.9844 -0.0000 0.1759
vn 0.1798 -0.0000 0.9837
vn 0.9845 -0.0000 -0.1752
vn -0.1787 -0.0000 -0.9839
vn -0.1794 -0.0000 -0.9838
vn -0.1801 -0.0000 -0.9836
vn 0.0531 -0.9983 -0.0252
vn -0.4948 0.0359 0.8683
vn -0.4960 0.0359 0.8676
vn -0.4280 -0.0626 -0.9016
vn -0.4283 -0.0627 -0.9015
vn -0.4283 -0.0627 -0.9014
vn 0.9854 0.0359 0.1662
vn 0.9857 0.0358 0.1647
vn -0.0526 0.9983 0.0249
vn -0.0529 0.9983 0.0251
vn 0.0529 -0.9983 -0.0251
vn 0.0526 -0.9983 -0.0249
vn -0.9034 -0.0007 0.4288
vn -0.9034 -0.0000 0.4288
vn -0.9034 -0.0006 0.4288
vn 0.4305 -0.0000 0.9026
vn 0.4318 0.0001 0.9020
vn 0.4319 0.0001 0.9019
vn 0.4332 0.0002 0.9013
vn 0.9037 -0.0000 -0.4282
vn 0.9038 -0.0000 -0.4280
vn -0.4320 -0.0000 -0.9019
vn 0.0802 -0.9951 -0.0571
vn -0.4365 -0.0105 0.8996
vn -0.4379 -0.0105 0.8990
vn -0.4379 -0.0105 0.8989
vn -0.5824 0.0220 -0.8126
vn -0.5822 0.0220 -0.8127
vn 0.9924 -0.0105 -0.1222
vn 0.9925 -0.0105 -0.1217
vn -0.0801 0.9952 0.0571
vn -0.0800 0.9952 0.0571
vn 0.0800 -0.9952 -0.0571
vn 0.0801 -0.9951 -0.0572
vn 0.5809 -0.0000 0.8139
vn 0.8142 -0.0000 -0.5807
vn -0.9936 -0.0000 -0.1128
vn 0.4462 -0.0000 0.8949
vn 0.4463 -0.0000 0.8949
vn 0.0094 0.9999 0.0066
vn -0.0094 -0.9999 -0.0067
vn 0.9936 -0.0000 0.1127
vn 0.9936 -0.0000 0.1128
vn -0.5739 -0.0000 0.8189
vn -0.5726 -0.0000 0.8198
vn -0.4455 -0.0000 -0.8953
vn -0.4462 -0.0000 -0.8949
vn -0.4463 -0.0000 -0.8949
vn -0.0073 -1.0000 -0.0052
vn 0.0077 -1.0000 -0.0036
vn 0.5941 -0.0000 -0.8044
vn 0.5942 -0.0000 -0.8043
vn 0.4232 -0.0000 0.9060
vn -0.9981 -0.0000 -0.0611
vn -0.0077 1.0000 0.0036
vn 0.9063 -0.0000 -0.4226
vn -0.4225 -0.0000 -0.9064
vn -0.4218 -0.0000 -0.9067
vn -0.4209 -0.0000 -0.9071
vn -0.9063 -0.0000 0.4226
vn 0.4209 -0.0000 0.9071
vn 0.4228 -0.0000 0.9062
vn 0.4240 -0.0000 0.9056
vn 0.0088 -1.0000 -0.0041
vn 0.5937 -0.0254 -0.8043
vn 0.5951 -0.0253 -0.8033
vn 0.4202 0.0531 0.9059
vn 0.4201 0.0531 0.9059
vn 0.4227 0.0530 0.9047
vn 0.4228 0.0530 0.9047
vn -0.9978 -0.0254 -0.0620
vn -0.9978 -0.0254 -0.0616
vn -0.0087 1.0000 0.0041
vn -0.0088 1.0000 0.0041
vn 0.9063 -0.0000 -0.4227
vn -0.4228 -0.0000 -0.9062
vn 0.0034 -1.0000 -0.0024
vn -0.0523 0.0530 -0.9972
vn -0.0500 0.0530 -0.9973
vn -0.0499 0.0530 -0.9973
vn 0.6369 -0.0627 0.7684
vn 0.6370 -0.0627 0.7684
vn 0.6367 -0.0627 0.7685
vn -0.9570 0.0496 -0.2859
vn -0.9569 0.0496 -0.2860
vn -0.9581 0.0492 -0.2821
vn -0.9582 0.0492 -0.2820
vn -0.0033 1.0000 0.0023
vn -0.0033 1.0000 0.0024
vn 0.0033 -1.0000 -0.0024
vn 0.0033 -1.0000 -0.0023
vn 0.8158 -0.0000 -0.5783
vn -0.6374 -0.0000 -0.7705
vn -0.8184 -0.0000 0.5747
vn -0.8184 -0.0000 0.5746
vn 0.6364 -0.0000 0.7714
vn 0.6364 -0.0000 0.7713
vn -0.0029 -1.0000 -0.0031
vn -0.9835 -0.0136 0.1804
vn -0.9833 -0.0137 0.1816
vn 0.6858 0.0161 -0.7276
vn 0.6862 0.0161 -0.7273
vn 0.6862 0.0161 -0.7272
vn -0.1713 -0.0128 0.9851
vn -0.1712 -0.0128 0.9851
vn -0.1732 -0.0127 0.9848
vn 0.0028 1.0000 0.0031
vn 0.0029 1.0000 0.0031
vn -0.0028 -1.0000 -0.0031
vn -0.6736 -0.0000 -0.7391
vn -0.6738 -0.0000 -0.7390
vn -0.6738 -0.0000 -0.7389
vn -0.6861 0.0015 0.7275
vn -0.6863 0.0004 0.7273
vn -0.6862 0.0010 0.7275
vn -0.6864 -0.0000 0.7273
vn 0.6703 -0.0000 0.7421
vn 0.6702 -0.0018 0.7422
vn 0.6703 -0.0001 0.7421
vn 0.6702 -0.0020 0.7422
vn 0.6874 -0.0000 -0.7262
vn 0.6869 0.0005 -0.7267
vn 0.6872 0.0002 -0.7264
vn 0.6867 0.0007 -0.7269
vn 0.9936 -0.0000 0.1129
vn -0.5733 -0.0000 0.8194
vn -0.4454 -0.0000 -0.8953
vn 0.0094 0.9999 0.0067
vn 0.5734 0.0005 -0.8192
vn 0.5736 0.0001 -0.8191
vn 0.5737 -0.0001 -0.8191
vn 0.5738 -0.0005 -0.8190
vn 0.0082 -0.9999 0.0077
vn -0.9675 -0.0197 -0.2522
vn -0.9674 -0.0197 -0.2525
vn 0.6835 0.0412 -0.7288
vn 0.6831 0.0412 -0.7291
vn 0.3147 -0.0197 0.9490
vn 0.3134 -0.0197 0.9494
vn -0.0081 0.9999 -0.0077
vn -0.0081 0.9999 -0.0078
vn 0.0082 -0.9999 0.0078
vn -0.7228 -0.0000 -0.6911
vn -0.7227 -0.0000 -0.6911
vn -0.6848 -0.0000 0.7287
vn -0.6840 -0.0000 0.7295
vn -0.6836 -0.0000 0.7299
vn -0.6827 -0.0000 0.7307
vn 0.7228 -0.0000 0.6911
vn 0.6841 -0.0000 -0.7293
vn 0.6837 -0.0000 -0.7297
vn 0.6836 -0.0000 -0.7299
vn 0.6832 -0.0000 -0.7303
vn -0.0200 0.9997 0.0125
vn 0.9524 -0.0107 -0.3046
vn 0.9525 -0.0107 -0.3044
vn 0.9495 -0.0104 -0.3137
vn 0.9494 -0.0104 -0.3139
vn -0.5772 0.0438 -0.8154
vn -0.5772 0.0438 -0.8155
vn -0.5799 0.0438 -0.8135
vn -0.6844 -0.0112 0.7290
vn -0.6843 -0.0112 0.7291
vn -0.6927 -0.0105 0.7212
vn -0.6928 -0.0105 0.7211
vn 0.0175 -0.9998 -0.0107
vn 0.0194 -0.9997 -0.0117
vn -0.0194 0.9997 0.0117
vn -0.0174 0.9998 0.0105
vn 0.8550 -0.0000 -0.5186
vn 0.8550 -0.0000 -0.5187
vn 0.5748 -0.0000 0.8183
vn 0.5763 -0.0000 0.8172
vn 0.5769 -0.0000 0.8168
vn -0.8540 -0.0000 0.5202
vn -0.8540 -0.0000 0.5203
vn -0.5717 -0.0000 -0.8205
vn 0.0090 -1.0000 -0.0042
vn -0.5950 -0.0072 0.8037
vn -0.5943 -0.0072 0.8042
vn -0.5942 -0.0072 0.8043
vn -0.4229 0.0151 -0.9060
vn -0.4225 0.0151 -0.9063
vn -0.4224 0.0151 -0.9063
vn 0.9981 -0.0072 0.0616
vn 0.9981 -0.0072 0.0615
vn 0.0089 -1.0000 -0.0041
vn 0.0089 -1.0000 -0.0042
vn 0.4211 -0.0000 0.9070
vn 0.4224 -0.0000 0.9064
vn 0.4229 -0.0000 0.9062
vn 0.0060 -1.0000 -0.0028
vn 0.5942 -0.0068 -0.8043
vn 0.5944 -0.0068 -0.8041
vn 0.4230 0.0142 0.9060
vn 0.4220 0.0142 0.9065
vn -0.9981 -0.0068 -0.0618
vn -0.9981 -0.0068 -0.0617
vn -0.0060 1.0000 0.0028
vn 0.0059 -1.0000 -0.0028
vn -0.9063 -0.0000 0.4227
vn 0.0076 -1.0000 -0.0036
vn -0.5552 -0.0000 0.8317
vn -0.5559 -0.0000 0.8313
vn -0.5117 -0.0000 -0.8592
vn 0.9982 -0.0000 0.0592
vn 0.9982 -0.0000 0.0591
vn 0.0076 -1.0000 -0.0035
vn 0.5129 -0.0000 0.8584
vn 0.5122 -0.0000 0.8589
vn 0.5119 -0.0000 0.8590
vn 0.5112 -0.0000 0.8595
vn 0.9063 0.0006 -0.4227
vn 0.9063 0.0001 -0.4226
vn 0.9063 0.0007 -0.4227
vn -0.5136 -0.0000 -0.8580
vn 0.0062 -1.0000 -0.0029
vn -0.5374 -0.0256 0.8429
vn -0.5374 -0.0256 0.8430
vn -0.5395 -0.0255 0.8416
vn -0.4903 0.0475 -0.8702
vn -0.4903 0.0475 -0.8703
vn -0.4908 0.0474 -0.8700
vn 0.9958 -0.0238 0.0885
vn 0.9958 -0.0238 0.0886
vn 0.9959 -0.0239 0.0875
vn -0.0062 1.0000 0.0029
vn -0.0063 1.0000 0.0029
vn -0.9063 0.0015 0.4227
vn -0.9063 0.0001 0.4226
vn -0.9063 0.0013 0.4227
vn 0.4889 -0.0000 0.8724
vn 0.4893 0.0001 0.8721
vn 0.4895 0.0001 0.8720
vn 0.4900 0.0002 0.8717
vn -0.4921 -0.0000 -0.8706
vn -0.4921 -0.0000 -0.8705
vn 0.0045 -1.0000 -0.0021
vn -0.5281 0.0296 0.8487
vn -0.5281 0.0296 0.8486
vn -0.5279 0.0296 0.8488
vn -0.4695 -0.0540 -0.8813
vn -0.4700 -0.0539 -0.8810
vn 0.9935 0.0280 0.1101
vn 0.9935 0.0280 0.1100
vn 0.9933 0.0282 0.1122
vn -0.0045 1.0000 0.0021
vn 0.0045 -1.0000 -0.0022
vn 0.0046 -1.0000 -0.0021
vn -0.9064 -0.0000 0.4225
vn 0.4695 -0.0000 0.8829
vn 0.4701 -0.0003 0.8826
vn 0.4704 -0.0004 0.8824
vn 0.4710 -0.0007 0.8821
vn -0.4702 -0.0000 -0.8826
vn -0.4708 -0.0000 -0.8822
vn -0.4711 -0.0000 -0.8821
vn -0.4717 -0.0000 -0.8818
vn -0.4219 -0.0000 -0.9067
vn -0.4219 -0.0000 -0.9066
vn 0.4225 -0.0000 0.9064
vn 0.4220 -0.0000 0.9066
vn -0.4229 -0.0000 -0.9062
vn -0.4222 -0.0000 -0.9065
vn 0.4234 -0.0000 0.9059
vn 0.4221 -0.0000 0.9065
vn -0.4232 -0.0000 -0.9060
vn 0.4219 -0.0000 0.9066
vn -0.4247 -0.0000 -0.9053
vn -0.4248 -0.0000 -0.9053
vn 0.4227 -0.0000 0.9063
vn 0.4226 -0.0000 0.9063
vn -0.9062 -0.0000 0.4227
vn -0.9063 -0.0000 0.4225
vn -0.9064 -0.0000 0.4224
vn 0.0043 -1.0000 -0.0020
vn 0.0043 -1.0000 -0.0021
vn 0.4210 -0.0000 0.9070
vn 0.4213 -0.0000 0.9069
vn -0.0043 1.0000 0.0020
vn -0.0042 1.0000 0.0020
vn -0.0042 1.0000 0.0019
vn -0.0043 1.0000 0.0019
vn -0.4207 -0.0000 -0.9072
vn -0.4205 -0.0000 -0.9073
vn -0.0044 1.0000 0.0021
vn 0.4535 -0.0000 0.8913
vn 0.4535 -0.0000 0.8912
vn 0.4540 -0.0000 0.8910
vn 0.4541 -0.0000 0.8910
vn -0.4546 -0.0000 -0.8907
vn 0.4543 -0.0000 0.8909
vn 0.4538 -0.0000 0.8911
vn -0.4537 -0.0000 -0.8912
vn -0.4536 -0.0000 -0.8912
vn 0.4517 -0.0000 0.8922
vn -0.4526 -0.0000 -0.8917
vn -0.4527 -0.0000 -0.8917
vn 0.4545 -0.0000 0.8907
vn 0.4546 -0.0000 0.8907
vn 0.4560 -0.0000 0.8900
vn 0.4561 -0.0000 0.8900
vn -0.4561 -0.0000 -0.8900
vn -0.4558 -0.0000 -0.8901
vn 0.4550 -0.0000 0.8905
vn 0.4554 -0.0000 0.8903
vn -0.4569 -0.0000 -0.8895
vn 0.4548 -0.0000 0.8906
vn -0.4544 -0.0000 -0.8908
vn -0.4556 -0.0000 -0.8902
vn -0.4557 -0.0000 -0.8902
vn 0.4566 -0.0000 0.8896
vn 0.4566 -0.0000 0.8897
vn 0.4541 -0.0000 0.8909
vn 0.3394 -0.0000 0.9406
vn 0.3399 -0.0000 0.9405
vn -0.3403 -0.0000 -0.9403
vn -0.3397 -0.0000 -0.9405
vn 0.3758 -0.0000 0.9267
vn 0.3766 -0.0000 0.9264
vn -0.3766 -0.0000 -0.9264
vn -0.3757 -0.0000 -0.9267
vn 0.5058 -0.0000 0.8626
vn 0.5063 -0.0000 0.8624
vn -0.5059 -0.0000 -0.8626
vn -0.5063 -0.0000 -0.8623
vn 0.3411 -0.0000 0.9400
vn 0.3410 -0.0000 0.9401
vn -0.3413 -0.0000 -0.9399
vn -0.3414 -0.0000 -0.9399
vn -0.3415 -0.0000 -0.9399
vn -0.8425 -0.0000 0.5387
vn -0.8423 -0.0000 0.5391
vn -0.8422 -0.0000 0.5391
vn 0.8423 -0.0000 -0.5390
vn 0.8424 -0.0000 -0.5389
vn -0.7248 -0.0000 0.6890
vn -0.7248 -0.0000 0.6889
vn -0.7254 -0.0000 0.6883
vn -0.7255 -0.0000 0.6883
vn 0.7256 -0.0000 -0.6881
vn 0.7252 -0.0000 -0.6885
vn -0.2396 -0.0000 0.9709
vn -0.2395 -0.0000 0.9709
vn 0.2393 -0.0000 -0.9710
vn 0.2392 -0.0000 -0.9710
vn 0.2387 -0.0000 -0.9711
vn -0.5038 -0.0000 0.8638
vn -0.5037 -0.0000 0.8639
vn -0.5029 -0.0000 0.8643
vn 0.5030 -0.0000 -0.8643
vn 0.5034 -0.0000 -0.8640
vn 0.5035 -0.0000 -0.8640
vn -0.9822 -0.0000 0.1880
vn -0.9822 -0.0000 0.1877
vn 0.9821 -0.0000 -0.1882
vn 0.9821 -0.0000 -0.1881
vn 0.9822 -0.0000 -0.1881
vn -0.9598 -0.0000 0.2806
vn -0.9598 -0.0000 0.2807
vn 0.9601 -0.0000 -0.2797
vn 0.9601 -0.0000 -0.2798
vn -0.8894 -0.0000 0.4571
vn -0.8897 -0.0000 0.4565
vn -0.8898 -0.0000 0.4564
vn 0.8898 -0.0000 -0.4563
vn 0.8896 -0.0000 -0.4568
vn -0.9289 -0.0000 0.3702
vn -0.9290 -0.0000 0.3702
vn 0.9290 -0.0000 -0.3702
vn 0.9289 -0.0000 -0.3702
vn 0.8422 -0.0000 -0.5391
vn 0.8421 -0.0000 -0.5394
vn -0.8422 -0.0000 0.5392
vn -0.8424 -0.0000 0.5388
vn 0.8893 -0.0000 -0.4574
vn 0.8891 -0.0000 -0.4576
vn -0.8895 -0.0000 0.4569
vn -0.8895 -0.0000 0.4568
vn -0.8897 -0.0000 0.4566
vn 0.9598 -0.0000 -0.2806
vn -0.9598 -0.0000 0.2805
vn -0.9599 -0.0000 0.2804
vn 0.9286 -0.0000 -0.3710
vn 0.9287 -0.0000 -0.3710
vn -0.9289 -0.0000 0.3703
vn -0.9290 -0.0000 0.3700
vn 0.0108 -0.0000 -0.9999
vn -0.0118 -0.0000 0.9999
vn -0.0108 -0.0000 0.9999
vn 0.2413 -0.0000 -0.9705
vn 0.2404 -0.0000 -0.9707
vn 0.2403 -0.0000 -0.9707
vn -0.2382 -0.0000 0.9712
vn -0.2383 -0.0000 0.9712
vn -0.2402 -0.0000 0.9707
vn 0.7244 -0.0000 -0.6893
vn 0.7248 -0.0000 -0.6890
vn -0.7246 -0.0000 0.6891
vn -0.7253 -0.0000 0.6884
vn 0.5022 -0.0000 -0.8647
vn 0.5023 -0.0000 -0.8647
vn 0.5029 -0.0000 -0.8643
vn -0.5025 -0.0000 0.8646
vn -0.5027 -0.0000 0.8645
vn -0.5802 -0.0000 -0.8144
vn -0.5201 -0.0000 -0.8541
vn -0.5196 -0.0000 -0.8544
vn 0.5205 -0.0000 0.8538
vn 0.5196 -0.0000 0.8544
vn 0.5195 -0.0000 0.8544
vn -0.1732 -0.0000 -0.9849
vn -0.1731 -0.0000 -0.9849
vn -0.1723 -0.0000 -0.9850
vn 0.1738 -0.0000 0.9848
vn 0.1725 -0.0000 0.9850
vn -0.3522 -0.0000 -0.9359
vn -0.3527 -0.0000 -0.9357
vn 0.3533 -0.0000 0.9355
vn 0.3532 -0.0000 0.9355
vn 0.3518 -0.0000 0.9361
vn -0.5332 -0.0000 0.8460
vn -0.5334 -0.0000 0.8459
vn 0.5330 -0.0000 -0.8461
vn 0.5331 -0.0000 -0.8461
vn 0.5342 -0.0000 -0.8454
vn -0.6072 -0.0000 0.7945
vn 0.6071 -0.0000 -0.7946
vn 0.6071 -0.0014 -0.7946
vn 0.6071 -0.0015 -0.7946
vn -0.6071 -0.0000 0.7946
vn 0.8461 0.0004 0.5329
vn 0.8463 0.0002 0.5327
vn 0.8463 0.0001 0.5328
vn 0.8463 -0.0000 0.5327
vn 0.8462 -0.0000 0.5328
vn 0.8461 -0.0000 0.5329
vn -0.0338 -0.9992 -0.0212
vn -0.0340 -0.9992 -0.0213
vn -0.0338 -0.9992 -0.0213
vn -0.0341 -0.9992 -0.0214
vn -0.0337 -0.9992 -0.0212
vn 0.5355 -0.0000 -0.8445
vn 0.5338 -0.0000 -0.8456
vn 0.5351 -0.0000 -0.8448
vn 0.5335 -0.0000 -0.8458
vn 0.0338 0.9992 0.0212
vn 0.0337 0.9992 0.0212
vn 0.0337 0.9992 0.0211
vn 0.0341 0.9992 0.0214
vn -0.5329 -0.0000 0.8462
vn -0.5333 -0.0000 0.8459
vn 0.0332 0.9992 0.0216
vn 0.0315 0.9993 0.0207
vn 0.0316 0.9993 0.0207
vn 0.0333 0.9992 0.0216
vn 0.0129 -0.9999 -0.0071
vn -0.5400 -0.0214 0.8414
vn -0.5399 -0.0214 0.8415
vn -0.4815 0.0448 -0.8753
vn -0.4812 0.0448 -0.8755
vn 0.9998 -0.0214 -0.0041
vn 0.9998 -0.0214 -0.0043
vn -0.0123 0.9999 0.0081
vn -0.0123 0.9999 0.0082
vn 0.0123 -0.9999 -0.0082
vn 0.0123 -0.9999 -0.0081
vn -0.8332 -0.0000 0.5529
vn -0.8332 -0.0000 0.5530
vn 0.4819 -0.0000 0.8762
vn 0.4816 -0.0000 0.8764
vn 0.4814 -0.0000 0.8765
vn 0.4811 -0.0000 0.8766
vn 0.8332 -0.0000 -0.5530
vn 0.8332 -0.0000 -0.5529
vn -0.4814 -0.0000 -0.8765
vn 0.0152 -0.9999 0.0058
vn -0.9908 -0.0089 0.1352
vn 0.3545 0.0186 -0.9349
vn 0.6522 -0.0089 0.7580
vn 0.6521 -0.0089 0.7581
vn -0.0153 0.9999 -0.0058
vn 0.0151 -0.9999 0.0057
vn -0.9351 -0.0000 -0.3545
vn -0.3538 -0.0000 0.9353
vn -0.3539 -0.0000 0.9353
vn 0.9350 -0.0000 0.3545
vn 0.3543 -0.0000 -0.9351
vn -0.4235 -0.0000 -0.9059
vn -0.4213 -0.0000 -0.9069
vn 0.4235 -0.0000 0.9059
vn -0.5684 -0.0000 -0.8227
vn -0.5688 -0.0000 -0.8224
vn -0.5689 -0.0000 -0.8224
vn 0.5694 -0.0000 0.8221
vn 0.5693 -0.0000 0.8221
vn 0.5675 -0.0000 0.8234
vn -0.4241 -0.0000 -0.9056
vn -0.4214 -0.0000 -0.9069
vn -0.4217 -0.0000 -0.9068
vn -0.6960 -0.0000 -0.7180
vn -0.6963 -0.0000 -0.7177
vn -0.6964 -0.0000 -0.7177
vn 0.6963 -0.0000 0.7177
vn 0.6957 -0.0000 0.7184
vn 0.6956 -0.0000 0.7184
vn -0.7860 -0.0000 -0.6182
vn -0.7861 -0.0000 -0.6180
vn 0.7863 -0.0000 0.6179
vn 0.7864 -0.0000 0.6177
vn -0.7389 -0.0000 -0.6738
vn 0.7388 -0.0000 0.6740
vn -0.5290 -0.0000 -0.8487
vn -0.5290 -0.0000 -0.8486
vn 0.5284 -0.0000 0.8490
vn 0.5283 -0.0000 0.8490
vn 0.5670 -0.0000 0.8237
vn -0.5681 -0.0000 -0.8229
vn -0.5677 -0.0000 -0.8232
vn -0.5677 -0.0000 -0.8233
vn 0.7384 -0.0000 0.6743
vn 0.7385 -0.0000 0.6742
vn -0.7391 -0.0000 -0.6736
vn -0.7390 -0.0000 -0.6737
vn -0.7384 -0.0000 -0.6743
vn -0.7384 -0.0000 -0.6744
vn 0.3733 -0.0000 0.9277
vn 0.3725 -0.0000 0.9280
vn -0.3727 -0.0000 -0.9280
vn -0.3735 -0.0000 -0.9276
vn 0.4864 -0.0000 0.8738
vn 0.4863 -0.0000 0.8738
vn 0.4855 -0.0000 0.8742
vn -0.4872 -0.0000 -0.8733
vn -0.4871 -0.0000 -0.8733
vn -0.4866 -0.0000 -0.8736
vn 0.4236 -0.0000 0.9059
vn -0.4240 -0.0000 -0.9056
vn 0.4236 -0.0000 0.9058
vn -0.4236 -0.0000 -0.9059
vn -0.4220 -0.0000 -0.9066
vn -0.4227 0.0011 -0.9063
vn 0.0225 -0.9997 -0.0105
vn -0.4210 -0.0000 -0.9070
vn -0.0223 0.9997 0.0104
vn 0.4208 -0.0000 0.9072
vn 0.4239 -0.0000 0.9057
vn 0.4243 -0.0000 0.9055
vn 0.4240 -0.0000 0.9057
vn -0.0231 0.9997 0.0107
vn -0.0231 0.9997 0.0108
vn -0.9819 -0.0000 -0.1895
vn -0.9819 -0.0000 -0.1896
vn 0.9818 -0.0000 0.1900
vn 0.9818 -0.0000 0.1899
vn -0.9954 -0.0000 -0.0956
vn -0.9954 -0.0000 -0.0955
vn 0.9954 -0.0000 0.0955
vn -0.9956 -0.0000 0.0941
vn 0.9956 -0.0000 -0.0940
vn -1.0000 -0.0000 -0.0010
vn 1.0000 -0.0000 0.0010
vn -0.8416 -0.0000 -0.5401
vn -0.8414 -0.0000 -0.5405
vn 0.8416 -0.0000 0.5400
vn 0.8416 -0.0000 0.5401
vn 0.8414 -0.0000 0.5405
vn -0.8890 -0.0000 -0.4580
vn -0.8888 -0.0000 -0.4583
vn -0.8887 -0.0000 -0.4584
vn 0.8890 -0.0000 0.4579
vn 0.8889 -0.0000 0.4581
vn -0.9595 -0.0000 -0.2817
vn -0.9594 -0.0000 -0.2819
vn 0.9595 -0.0000 0.2817
vn 0.9594 -0.0000 0.2822
vn -0.9284 -0.0000 -0.3717
vn -0.9283 -0.0000 -0.3719
vn 0.9284 -0.0000 0.3716
vn 0.9283 -0.0000 0.3718
vn 0.9286 -0.0000 0.3712
vn -0.8902 -0.0000 -0.4555
vn -0.8903 -0.0000 -0.4554
vn -0.8899 -0.0000 -0.4562
vn 0.8901 -0.0000 0.4558
vn 0.8907 -0.0000 0.4546
vn -0.7822 -0.0000 -0.6230
vn -0.7823 -0.0000 -0.6229
vn 0.7817 -0.0000 0.6237
vn -0.7866 -0.0000 -0.6175
vn -0.7863 -0.0000 -0.6178
vn -0.7861 -0.0000 -0.6181
vn 0.7867 -0.0000 0.6174
vn 0.7861 -0.0000 0.6182
vn 0.7862 -0.0000 0.6180
vn -0.7824 -0.0000 -0.6228
vn -0.7820 -0.0000 -0.6232
vn -0.7818 -0.0000 -0.6235
vn 0.7821 -0.0000 0.6232
vn 0.8415 -0.0000 0.5403
vn 0.8415 -0.0000 0.5402
vn -0.8414 -0.0000 -0.5404
vn 0.7861 -0.0000 0.6181
vn 0.7865 -0.0000 0.6176
vn -0.7864 -0.0000 -0.6178
vn -0.7864 -0.0000 -0.6177
vn 0.7822 -0.0000 0.6230
vn -0.7821 -0.0000 -0.6231
vn 0.7821 -0.0000 0.6231
vn 0.7818 -0.0000 0.6235
vn -0.7814 -0.0000 -0.6240
vn 0.9819 -0.0000 0.1897
vn -0.9819 -0.0000 -0.1893
vn 0.9596 -0.0000 0.2815
vn 0.9594 -0.0000 0.2820
vn -0.9594 -0.0000 -0.2820
vn -0.9595 -0.0000 -0.2819
vn 0.8888 -0.0000 0.4583
vn 0.8891 -0.0000 0.4578
vn -0.8887 -0.0000 -0.4585
vn 0.9821 -0.0000 -0.1884
vn -0.9821 -0.0000 0.1884
vn 0.9955 -0.0000 -0.0947
vn 0.9955 -0.0000 -0.0948
vn -0.9956 -0.0000 0.0942
vn 0.9954 -0.0000 0.0960
vn 0.9954 -0.0000 0.0959
vn -0.9954 -0.0000 -0.0954
vn 1.0000 -0.0000 0.0007
vn -1.0000 -0.0000 -0.0007
vn -0.9326 -0.0000 -0.3610
vn -0.9324 -0.0000 -0.3614
vn 0.9326 -0.0000 0.3610
vn 0.9327 -0.0000 0.3607
vn -0.9281 -0.0000 -0.3722
vn 0.9281 -0.0000 0.3723
vn -0.9304 -0.0000 -0.3665
vn -0.9304 -0.0000 -0.3664
vn 0.9304 0.0047 0.3666
vn 0.9304 0.0046 0.3666
vn 0.9304 0.0001 0.3665
vn 0.9304 -0.0000 0.3664
vn 0.9304 -0.0000 0.3665
vn 0.3616 -0.0000 -0.9323
vn 0.3617 -0.0000 -0.9323
vn 0.0332 -0.9990 -0.0300
vn 0.0333 -0.9990 -0.0299
vn 0.0329 -0.9990 -0.0301
vn 0.0330 -0.9990 -0.0300
vn -0.9323 -0.0000 -0.3617
vn -0.0331 0.9990 0.0300
vn -0.0330 0.9990 0.0301
vn -0.0332 0.9990 0.0300
vn -0.0334 0.9990 0.0299
vn -0.0333 0.9990 0.0299
vn 0.9327 -0.0000 0.3606
vn 0.9325 -0.0000 0.3612
vn 0.9324 -0.0000 0.3613
vn -0.0309 0.9991 0.0303
vn -0.0307 0.9991 0.0299
vn 0.7895 -0.0254 0.6132
vn -0.9150 0.0530 0.4000
vn -0.9151 0.0530 0.3998
vn 0.0859 -0.0254 -0.9960
vn 0.0864 -0.0254 -0.9959
vn 0.4005 -0.0000 0.9163
vn 0.9160 -0.0000 -0.4013
vn 0.9160 -0.0000 -0.4011
vn 0.9161 -0.0000 -0.4011
vn 0.9161 -0.0000 -0.4009
vn -0.4004 -0.0000 -0.9163
vn -0.4006 -0.0000 -0.9163
vn -0.9164 -0.0000 0.4003
vn -0.9163 -0.0000 0.4004
vn -0.9163 -0.0000 0.4005
vn -0.9162 -0.0000 0.4006
vn 0.6139 0.0230 0.7891
vn 0.6138 0.0230 0.7891
vn 0.6144 0.0231 0.7887
vn 0.6148 0.0231 0.7884
vn -0.9854 -0.0482 0.1631
vn -0.9856 -0.0482 0.1623
vn 0.3276 0.0230 -0.9445
vn 0.3278 0.0230 -0.9445
vn 0.0719 -0.0000 0.9974
vn 0.9866 -0.0000 -0.1631
vn 0.9866 -0.0000 -0.1630
vn 0.9866 -0.0000 -0.1629
vn -0.0719 -0.0000 -0.9974
vn -0.9866 -0.0000 0.1631
vn -0.0123 0.0246 -0.9996
vn -0.0139 0.0247 -0.9996
vn 0.8835 -0.0515 0.4656
vn 0.8833 -0.0515 0.4659
vn -0.8321 0.0247 0.5541
vn -0.8318 0.0246 0.5545
vn 0.5501 -0.0000 -0.8351
vn -0.8841 -0.0000 -0.4673
vn -0.8842 -0.0000 -0.4671
vn -0.8843 -0.0000 -0.4669
vn -0.5501 -0.0000 0.8351
vn 0.8848 -0.0000 0.4661
vn 0.8848 -0.0000 0.4660
vn -0.5933 -0.0000 -0.8050
vn -0.5934 -0.0000 -0.8049
vn 0.5931 -0.0000 0.8051
vn 0.5934 -0.0000 0.8049
vn -0.4796 -0.0000 -0.8775
vn -0.4797 -0.0000 -0.8775
vn 0.4800 -0.0000 0.8773
vn 0.4799 -0.0000 0.8773
vn 0.4784 -0.0000 0.8782
vn 0.4783 -0.0000 0.8782
vn 0.4238 -0.0000 0.9058
vn -0.6097 -0.0000 -0.7927
vn -0.6096 -0.0000 -0.7927
vn 0.6093 -0.0000 0.7930
vn 0.6099 -0.0000 0.7924
vn 0.6100 -0.0000 0.7924
vn -0.4560 -0.0000 -0.8900
vn -0.4561 -0.0000 -0.8899
vn 0.4568 -0.0000 0.8896
vn 0.4569 -0.0000 0.8895
vn -0.4230 -0.0000 -0.9062
vn 0.4225 -0.0000 0.9063
vn -0.4236 -0.0000 -0.9058
vn -0.4553 -0.0000 -0.8903
vn -0.4557 -0.0000 -0.8901
vn 0.6958 -0.0000 0.7182
vn -0.6954 -0.0000 -0.7186
vn 0.5937 -0.0000 0.8047
vn 0.5941 -0.0000 0.8044
vn 0.4791 -0.0000 0.8777
vn 0.4793 -0.0000 0.8776
vn -0.4797 -0.0000 -0.8774
vn 0.0477 -0.9986 -0.0222
vn 0.0477 -0.9986 -0.0223
vn 0.4214 0.0001 0.9069
vn 0.4211 0.0001 0.9070
vn 0.4215 0.0001 0.9068
vn -0.0476 0.9986 0.0222
vn -0.0478 0.9986 0.0222
vn -0.0478 0.9986 0.0223
vn 0.0136 -0.9999 -0.0088
vn -0.4776 -0.0081 0.8785
vn -0.4782 -0.0081 0.8782
vn -0.5434 0.0170 -0.8393
vn -0.5440 0.0170 -0.8389
vn 0.9971 -0.0081 -0.0763
vn 0.9970 -0.0081 -0.0765
vn -0.0137 0.9999 0.0088
vn -0.0137 0.9999 0.0089
vn 0.0136 -0.9999 -0.0089
vn -0.8397 -0.0000 0.5431
vn -0.8396 -0.0000 0.5432
vn 0.5433 0.0002 0.8395
vn 0.5429 0.0001 0.8398
vn 0.5427 0.0001 0.8399
vn 0.5424 -0.0000 0.8401
vn 0.8396 -0.0000 -0.5431
vn 0.8396 -0.0014 -0.5431
vn -0.5425 -0.0000 -0.8400
vn -0.5420 -0.0000 -0.8404
vn -0.5417 -0.0000 -0.8406
vn -0.5412 -0.0000 -0.8409
vn -0.9833 -0.0000 -0.1822
vn -0.9833 -0.0000 -0.1821
vn -0.9833 -0.0000 -0.1820
vn 0.9834 -0.0000 0.1817
vn 0.9833 -0.0000 0.1817
vn 0.9832 -0.0000 0.1823
vn -0.9338 -0.0000 -0.3577
vn -0.9336 -0.0000 -0.3583
vn 0.9338 -0.0000 0.3577
vn -0.7436 -0.0000 -0.6686
vn -0.7441 -0.0000 -0.6680
vn 0.7436 -0.0000 0.6686
vn -0.8533 -0.0000 -0.5214
vn -0.8531 -0.0000 -0.5218
vn 0.8535 -0.0000 0.5212
vn 0.8534 -0.0000 0.5212
vn 0.8529 -0.0000 0.5222
vn -1.0000 -0.0000 0.0001
vn -1.0000 -0.0000 0.0002
vn 1.0000 -0.0000 -0.0001
vn -1.0000 -0.0000 -0.0004
vn 1.0000 -0.0000 0.0004
vn -0.9273 -0.0000 0.3743
vn 0.9273 -0.0000 -0.3743
vn -0.9600 -0.0000 0.2800
vn 0.9600 -0.0000 -0.2801
vn 0.9599 -0.0000 -0.2804
vn -0.9964 -0.0000 0.0846
vn -0.9964 -0.0000 0.0847
vn 0.9964 -0.0000 -0.0847
vn 0.9964 -0.0000 -0.0848
vn -0.9830 -0.0000 0.1835
vn -0.9830 -0.0000 0.1836
vn 0.9830 -0.0000 -0.1836
vn 0.9830 -0.0000 -0.1834
vn 0.9830 -0.0000 -0.1833
vn 0.9600 -0.0000 -0.2798
vn -0.9601 -0.0000 0.2798
vn 0.9831 -0.0000 -0.1830
vn -0.9831 -0.0000 0.1831
vn 0.9832 -0.0000 0.1824
vn -0.9832 -0.0000 -0.1823
vn -1.0000 -0.0000 -0.0005
vn 0.4729 -0.0000 0.8811
vn 0.4730 -0.0000 0.8811
vn 0.4734 -0.0000 0.8808
vn 0.4735 -0.0000 0.8808
vn -0.4729 -0.0000 -0.8811
vn -0.4734 -0.0000 -0.8808
vn -0.4735 -0.0000 -0.8808
vn 0.9054 -0.0000 0.4246
vn -0.9052 -0.0000 -0.4250
vn -0.9052 -0.0000 -0.4249
vn -0.9055 -0.0000 -0.4243
vn 0.9337 -0.0000 0.3581
vn -0.9336 -0.0000 -0.3582
vn -0.9337 -0.0000 -0.3582
vn 0.9899 -0.0000 -0.1419
vn 0.9899 -0.0000 -0.1417
vn -0.9899 -0.0000 0.1419
vn -0.0000 -0.9991 -0.0414
vn -0.0000 -0.9991 -0.0415
vn -0.0000 0.9991 0.0414
vn -0.0000 0.9991 0.0415
vn 0.0105 -0.9999 -0.0124
vn -0.2022 -0.0081 0.9793
vn -0.7637 0.0170 -0.6454
vn -0.7640 0.0170 -0.6450
vn 0.9320 -0.0081 -0.3625
vn 0.9319 -0.0081 -0.3627
vn -0.0105 0.9999 0.0125
vn -0.6458 -0.0000 0.7635
vn 0.7633 -0.0002 0.6460
vn 0.7634 -0.0001 0.6460
vn 0.7634 -0.0001 0.6459
vn 0.7635 -0.0000 0.6458
vn 0.6458 -0.0000 -0.7635
vn 0.6457 -0.0000 -0.7636
vn -0.7627 -0.0000 -0.6467
vn -0.7627 -0.0000 -0.6468
vn -0.0064 -0.9999 -0.0149
vn 0.7867 -0.0081 0.6173
vn 0.7864 -0.0081 0.6177
vn -0.9180 0.0170 0.3962
vn -0.9179 0.0170 0.3965
vn 0.0907 -0.0081 -0.9958
vn 0.0065 0.9999 0.0150
vn 0.3958 -0.0000 0.9183
vn 0.9186 -0.0000 -0.3952
vn 0.9187 -0.0000 -0.3950
vn 0.9187 -0.0000 -0.3949
vn 0.9188 -0.0000 -0.3948
vn -0.3959 -0.0000 -0.9183
vn -0.9189 -0.0000 0.3944
vn -0.9188 -0.0000 0.3947
vn -0.9187 -0.0000 0.3949
vn -0.9186 -0.0000 0.3952
vn -0.0131 -0.9999 -0.0095
vn 0.9920 -0.0081 0.1263
vn 0.9919 -0.0081 0.1265
vn -0.5844 0.0170 0.8113
vn -0.5849 0.0170 0.8109
vn -0.4333 -0.0081 -0.9012
vn 0.0133 0.9999 0.0096
vn 0.0132 0.9999 0.0096
vn -0.0132 -0.9999 -0.0095
vn 0.8108 -0.0000 0.5853
vn 0.5863 -0.0000 -0.8101
vn -0.8108 -0.0000 -0.5853
vn -0.5868 -0.0000 0.8098
vn -0.5867 -0.0000 0.8098
vn -0.7095 -0.0000 0.7047
vn -0.7099 -0.0000 0.7043
vn 0.7100 -0.0000 -0.7042
vn -0.7762 -0.0000 0.6305
vn -0.7763 -0.0000 0.6303
vn -0.7764 -0.0000 0.6303
vn 0.7761 -0.0000 -0.6306
vn 0.7763 -0.0000 -0.6303
vn -0.8855 -0.0000 0.4646
vn -0.8858 -0.0000 0.4641
vn 0.8856 -0.0000 -0.4644
vn -0.7983 -0.0000 0.6023
vn -0.7980 -0.0000 0.6027
vn 0.7981 -0.0000 -0.6026
vn 0.7984 -0.0000 -0.6022
vn -0.3809 -0.0000 0.9246
vn -0.3814 -0.0000 0.9244
vn 0.3822 -0.0000 -0.9241
vn 0.3821 -0.0000 -0.9241
vn 0.3809 -0.0000 -0.9246
vn -0.4713 -0.0000 0.8820
vn -0.4701 -0.0000 0.8826
vn 0.4701 -0.0000 -0.8826
vn 0.4711 -0.0000 -0.8821
vn 0.4712 -0.0000 -0.8821
vn -0.6359 -0.0000 0.7718
vn -0.6364 -0.0000 0.7714
vn 0.6370 -0.0000 -0.7709
vn 0.6360 -0.0000 -0.7717
vn -0.5560 -0.0000 0.8312
vn 0.5556 -0.0000 -0.8314
vn 0.5557 -0.0000 -0.8314
vn 0.5563 -0.0000 -0.8310
vn 0.3495 -0.0000 -0.9369
vn 0.3509 -0.0000 -0.9364
vn -0.3504 -0.0000 0.9366
vn -0.3500 -0.0000 0.9367
vn 0.3504 -0.0000 -0.9366
vn 0.3506 -0.0000 -0.9365
vn -0.3503 -0.0000 0.9367
vn 0.3505 -0.0000 -0.9366
vn 0.3816 -0.0000 -0.9243
vn -0.3812 -0.0000 0.9245
vn -0.3808 -0.0000 0.9246
vn 0.3503 -0.0000 -0.9366
vn -0.3491 -0.0000 0.9371
vn 0.3501 -0.0000 -0.9367
vn -0.3505 -0.0000 0.9366
vn -0.3498 -0.0000 0.9368
vn 0.3498 -0.0000 -0.9368
vn 0.3508 -0.0000 -0.9364
vn 0.7096 -0.0000 -0.7046
vn 0.7099 -0.0000 -0.7043
vn -0.7102 -0.0000 0.7040
vn -0.7098 -0.0000 0.7044
vn 0.6367 -0.0000 -0.7711
vn 0.6361 -0.0000 -0.7716
vn 0.6365 -0.0000 -0.7713
vn -0.6367 -0.0000 0.7711
vn -0.6365 -0.0000 0.7713
vn 0.4712 -0.0000 -0.8820
vn 0.4710 -0.0000 -0.8821
vn -0.4714 -0.0000 0.8819
vn -0.4710 -0.0000 0.8821
vn 0.5566 -0.0000 -0.8308
vn 0.5565 -0.0000 -0.8309
vn -0.5565 -0.0000 0.8308
vn -0.5571 -0.0000 0.8304
vn 0.9275 -0.0000 -0.3738
vn 0.9275 -0.0000 -0.3737
vn -0.9273 -0.0000 0.3742
vn -0.9274 -0.0000 0.3741
vn 0.8855 -0.0000 -0.4646
vn 0.8857 -0.0000 -0.4642
vn -0.8856 -0.0000 0.4644
vn 0.7762 -0.0000 -0.6304
vn 0.7763 -0.0000 -0.6304
vn -0.7763 -0.0000 0.6304
vn -0.7765 -0.0000 0.6301
vn 0.8351 -0.0000 -0.5501
vn 0.8352 -0.0000 -0.5499
vn -0.8353 -0.0000 0.5498
vn -0.8351 -0.0000 0.5502
vn -0.8350 -0.0000 0.5502
vn -0.5459 -0.0000 0.8378
vn -0.5460 -0.0000 0.8378
vn 0.5463 -0.0000 -0.8376
vn 0.5457 -0.0000 -0.8380
vn -0.5510 -0.0000 0.8345
vn 0.5510 -0.0000 -0.8345
vn 0.5511 -0.0000 -0.8345
vn -0.5511 -0.0000 0.8345
vn 0.8380 -0.0000 0.5456
vn 0.8380 -0.0000 0.5457
vn 0.8379 -0.0000 0.5458
vn -0.0142 -0.9999 -0.0092
vn -0.0142 -0.9999 -0.0093
vn -0.0143 -0.9999 -0.0093
vn 0.5482 -0.0000 -0.8364
vn 0.5449 -0.0000 -0.8385
vn 0.5446 -0.0000 -0.8387
vn 0.5479 -0.0000 -0.8366
vn 0.0142 0.9999 0.0093
vn 0.0143 0.9999 0.0093
vn -0.5461 -0.0000 0.8377
vn 0.0004 -0.0000 -1.0000
vn 0.5541 -0.0000 0.8324
vn -0.5543 -0.0000 -0.8323
vn 0.4104 -0.0000 0.9119
vn -0.4100 -0.0000 -0.9121
vn 0.0931 -0.0000 0.9957
vn -0.0930 -0.0000 -0.9957
vn 0.2553 -0.0000 0.9669
vn 0.2552 -0.0000 0.9669
vn -0.2554 -0.0000 -0.9668
vn -0.2555 -0.0000 -0.9668
vn 0.8608 -0.0000 0.5089
vn -0.8609 -0.0000 -0.5088
vn 0.8606 -0.0000 0.5093
vn 0.8606 -0.0000 0.5092
vn -0.8608 -0.0000 -0.5089
vn 0.6827 -0.0000 0.7307
vn -0.6832 -0.0000 -0.7302
vn -0.6832 -0.0000 -0.7303
vn 0.7938 -0.0000 0.6082
vn -0.7937 -0.0000 -0.6083
vn -0.7938 -0.0000 -0.6082
vn -0.0283 -0.0000 -0.9996
vn 0.0284 -0.0000 0.9996
vn -0.0236 -0.0000 -0.9997
vn -0.0234 -0.0000 -0.9997
vn -0.0008 -0.0000 -1.0000
vn 0.0008 -0.0000 1.0000
vn -0.0295 -0.0000 -0.9996
vn -0.0294 -0.0000 -0.9996
vn -0.0335 -0.0000 -0.9994
vn 0.0335 -0.0000 0.9994
vn 0.0333 -0.0000 0.9994
vn -0.0302 -0.0000 -0.9995
vn -0.0122 -0.0000 -0.9999
vn 0.0122 -0.0000 0.9999
vn 0.0123 -0.0000 0.9999
vn 0.0002 -0.0000 -1.0000
vn 0.2751 -0.0000 0.9614
vn -0.2752 -0.0000 -0.9614
vn -0.3744 -0.0000 -0.9273
vn -0.3743 -0.0000 -0.9273
vn 0.9594 -0.0000 -0.2822
vn 0.9593 -0.0000 -0.2823
vn 0.9593 -0.0000 -0.2825
vn -0.2756 -0.0000 -0.9613
vn 0.2762 -0.0000 0.9611
vn 0.2761 -0.0000 0.9611
vn 0.1277 -0.0105 -0.9918
vn 0.1276 -0.0105 -0.9918
vn 0.8100 0.0220 0.5860
vn 0.8101 0.0220 0.5858
vn 0.8102 0.0220 0.5858
vn -0.9018 -0.0105 0.4319
vn -0.9018 -0.0105 0.4320
vn 0.5861 0.0003 -0.8103
vn 0.5861 -0.0000 -0.8103
vn -0.8102 -0.0000 -0.5862
vn -0.8102 0.0002 -0.5861
vn -0.8103 0.0003 -0.5861
vn -0.8103 0.0005 -0.5860
vn -0.5861 -0.0000 0.8103
vn 0.8105 -0.0000 0.5858
vn 0.8104 -0.0000 0.5858
vn 0.4936 -0.0253 -0.8693
vn 0.4939 -0.0253 -0.8692
vn 0.5274 0.0530 0.8480
vn -0.9980 -0.0253 0.0586
vn -0.9980 -0.0253 0.0587
vn -0.9980 -0.0253 0.0581
vn 0.8492 -0.0000 -0.5281
vn -0.5283 -0.0000 -0.8491
vn -0.8492 -0.0000 0.5281
vn 0.5285 -0.0000 0.8489
vn 0.5285 -0.0000 0.8490
vn 0.8755 0.0300 -0.4823
vn 0.0054 -0.0627 0.9980
vn 0.0053 -0.0626 0.9980
vn -0.8808 0.0300 -0.4726
vn -0.8808 0.0299 -0.4726
vn 1.0000 -0.0000 -0.0053
vn -0.0055 -0.0000 -1.0000
vn -0.0054 -0.0000 -1.0000
vn -1.0000 -0.0000 0.0053
vn 0.0054 -0.0000 1.0000
vn 0.0053 -0.0000 1.0000
vn 0.8828 -0.0105 -0.4696
vn -0.0091 0.0220 0.9997
vn -0.0090 0.0220 0.9997
vn -0.8743 -0.0105 -0.4853
vn -0.8742 -0.0105 -0.4854
vn 1.0000 -0.0000 0.0091
vn -1.0000 -0.0000 -0.0091
vn -0.0093 -0.0000 1.0000
vn 0.0199 -0.9998 -0.0010
vn -0.8535 0.0177 0.5209
vn -0.8533 0.0177 0.5211
vn -0.0493 -0.0371 -0.9981
vn -0.0498 -0.0371 -0.9981
vn -0.0499 -0.0371 -0.9981
vn 0.9012 0.0178 0.4330
vn 0.9013 0.0177 0.4328
vn -0.0200 0.9998 -0.0003
vn 0.0200 -0.9998 0.0003
vn -0.9999 -0.0000 -0.0129
vn 0.0517 0.0003 0.9987
vn 0.0515 0.0002 0.9987
vn 0.0515 0.0001 0.9987
vn 0.0513 -0.0000 0.9987
vn 0.9999 -0.0000 0.0130
vn 0.9999 0.0007 0.0129
vn -0.0513 -0.0000 -0.9987
vn 0.8608 -0.0000 0.5090
vn 0.8609 -0.0000 0.5088
vn -0.8607 -0.0000 -0.5092
vn -0.8607 -0.0000 -0.5091
vn 0.8607 -0.0000 0.5092
vn 0.8607 -0.0000 0.5091
vn -0.8608 -0.0000 -0.5090
vn -0.8607 -0.0000 -0.5090
vn -0.8609 -0.0000 -0.5089
vn 0.3397 -0.0000 0.9406
vn -0.3393 -0.0000 -0.9407
vn 0.1010 -0.0000 0.9949
vn 0.1013 -0.0000 0.9949
vn -0.1011 -0.0000 -0.9949
vn -0.1013 -0.0000 -0.9949
vn 0.8244 -0.0000 0.5660
vn 0.8243 -0.0000 0.5662
vn -0.8246 -0.0000 -0.5657
vn -0.8243 -0.0000 -0.5661
vn 0.1522 -0.0000 0.9883
vn 0.1521 -0.0000 0.9884
vn -0.1518 -0.0000 -0.9884
vn -0.1519 -0.0000 -0.9884
vn -0.9999 -0.0000 -0.0170
vn 0.9999 -0.0000 0.0164
vn -0.9998 -0.0000 -0.0199
vn 0.9998 -0.0000 0.0200
vn -0.1039 -0.0000 -0.9946
vn -0.1036 -0.0000 -0.9946
vn 0.1043 -0.0000 0.9945
vn 0.1042 -0.0000 0.9946
vn -1.0000 -0.0000 -0.0011
vn 1.0000 -0.0000 0.0011
vn -0.9999 -0.0000 -0.0164
vn 0.9999 -0.0000 0.0170
vn 0.9999 -0.0000 0.0167
vn -0.0168 -0.0000 0.9999
vn -0.9999 -0.0000 -0.0157
vn -0.0307 -0.0253 -0.9992
vn -0.0305 -0.0253 -0.9992
vn 0.8917 0.0530 0.4495
vn 0.8915 0.0530 0.4499
vn -0.8217 -0.0253 0.5693
vn -0.8220 -0.0253 0.5690
vn 0.4504 -0.0000 -0.8928
vn -0.8929 -0.0000 -0.4503
vn -0.8928 -0.0000 -0.4504
vn -0.4504 -0.0000 0.8928
vn 0.8930 -0.0000 0.4501
vn 0.8930 -0.0000 0.4500
vn 0.8931 -0.0000 0.4499
vn 0.1134 0.0300 -0.9931
vn 0.8170 -0.0627 0.5732
vn 0.8169 -0.0626 0.5734
vn -0.8951 0.0300 0.4449
vn -0.8952 0.0300 0.4447
vn -0.8184 -0.0000 -0.5746
vn -0.8185 -0.0000 -0.5746
vn -0.8185 -0.0000 -0.5745
vn 0.8186 -0.0000 0.5744
vn 0.2927 -0.0201 -0.9560
vn 0.2926 -0.0201 -0.9560
vn 0.6995 0.0421 0.7134
vn 0.6995 0.0420 0.7134
vn -0.9615 -0.0201 0.2739
vn -0.9614 -0.0201 0.2744
vn 0.7195 -0.0000 -0.6945
vn -0.7002 -0.0000 -0.7139
vn -0.7195 -0.0000 0.6945
vn 0.7005 -0.0000 0.7137
vn 0.7004 -0.0000 0.7138
vn 0.7003 -0.0000 0.7138
vn 0.7002 -0.0000 0.7139
vn 0.8803 0.0300 -0.4735
vn 0.8803 0.0300 -0.4734
vn -0.0045 -0.0627 0.9980
vn -0.0044 -0.0626 0.9980
vn -0.8760 0.0300 -0.4815
vn -0.8760 0.0300 -0.4813
vn 1.0000 -0.0000 0.0045
vn 0.0044 -0.0000 -1.0000
vn 0.0043 -0.0000 -1.0000
vn -1.0000 -0.0000 -0.0045
vn -1.0000 0.0006 -0.0045
vn -0.0047 -0.0000 1.0000
vn -0.0046 -0.0000 1.0000
vn 0.2344 -0.0105 -0.9721
vn 0.2342 -0.0105 -0.9721
vn 0.7418 0.0220 0.6702
vn 0.7417 0.0220 0.6703
vn -0.9433 -0.0105 0.3317
vn -0.9434 -0.0105 0.3316
vn 0.6704 -0.0000 -0.7420
vn -0.7419 0.0005 -0.6705
vn -0.7419 0.0003 -0.6705
vn -0.7419 0.0002 -0.6706
vn -0.7418 -0.0000 -0.6706
vn -0.6704 -0.0000 0.7420
vn 0.7420 -0.0000 0.6704
vn 0.7421 -0.0000 0.6703
vn 0.7419 -0.0000 0.6705
vn 0.4640 -0.0083 0.8858
vn -0.9997 0.0174 -0.0148
vn 0.4908 -0.0083 -0.8713
vn 0.4908 -0.0083 -0.8712
vn -0.0002 0.9999 0.0162
vn 0.0003 -0.9999 -0.0162
vn 0.9999 -0.0000 0.0149
vn -0.8841 -0.0083 0.4672
vn -0.8842 -0.0083 0.4670
vn 0.0118 0.0174 -0.9998
vn 0.0119 0.0174 -0.9998
vn 0.8727 -0.0083 0.4881
vn 0.8728 -0.0083 0.4881
vn -0.0162 0.9999 -0.0002
vn 0.0162 -0.9999 0.0002
vn -0.9999 -0.0000 -0.0119
vn -0.0122 -0.0001 0.9999
vn 0.9999 -0.0000 0.0118
vn 0.9999 -0.0012 0.0119
vn 0.9999 -0.0001 0.0118
vn 0.9999 -0.0013 0.0119
vn 0.0128 -0.0000 -0.9999
vn 0.0125 -0.0000 -0.9999
vn 0.0124 -0.0000 -0.9999
vn 0.0121 -0.0000 -0.9999
vn 0.0117 0.0174 -0.9998
vn -0.9999 0.0013 -0.0119
vn -0.9999 0.0001 -0.0120
vn -0.9999 0.0012 -0.0119
vn -0.9999 -0.0000 -0.0120
vn -0.0121 0.0003 0.9999
vn -0.0123 0.0002 0.9999
vn -0.0124 0.0001 0.9999
vn -0.0126 -0.0001 0.9999
vn 0.9999 -0.0000 0.0119
vn 0.9999 -0.0000 0.0120
vn 0.0118 -0.0000 -0.9999
vn 0.4641 -0.0200 0.8856
vn 0.4642 -0.0200 0.8855
vn -0.9990 0.0418 -0.0148
vn 0.4908 -0.0200 -0.8711
vn 0.4909 -0.0200 -0.8710
vn -0.0002 0.9999 0.0147
vn 0.0002 -0.9999 -0.0147
vn 0.0002 -0.9999 -0.0148
vn 0.9999 -0.0000 0.0157
vn 0.4635 0.0231 0.8858
vn 0.4637 0.0231 0.8857
vn -0.9987 -0.0484 -0.0167
vn -0.9987 -0.0484 -0.0164
vn -0.9987 -0.0484 -0.0163
vn 0.4913 0.0232 -0.8707
vn -0.0003 0.9998 0.0199
vn 0.0003 -0.9998 -0.0199
vn -0.0154 0.0004 0.9999
vn -0.9997 0.0174 -0.0151
vn 0.4909 -0.0083 -0.8712
vn 0.0002 -0.9999 -0.0162
vn 0.9999 0.0004 0.0157
vn 0.9999 0.0006 0.0157
vn 0.9999 0.0009 0.0157
vn -0.9999 -0.0000 -0.0149
vn -0.8840 -0.0083 0.4674
vn -0.8841 -0.0083 0.4673
vn 0.0116 0.0174 -0.9998
vn -0.0163 0.9999 -0.0002
vn 0.0163 -0.9999 0.0002
vn 0.0114 -0.0000 -0.9999
vn 0.0115 0.0174 -0.9998
vn -0.0115 -0.0001 0.9999
vn -0.0116 -0.0001 0.9999
vn 0.0116 -0.0000 -0.9999
vn 0.4640 -0.0200 0.8856
vn 0.4907 -0.0200 -0.8711
vn -0.9987 -0.0485 -0.0160
vn 0.4911 0.0232 -0.8708
vn -0.0154 0.0003 0.9999
vn -0.0849 -0.0000 0.9964
vn 0.0849 -0.0000 -0.9964
vn -0.0739 -0.0000 0.9973
vn -0.0738 -0.0000 0.9973
vn 0.0738 -0.0000 -0.9973
vn -0.0369 -0.0000 0.9993
vn -0.0370 -0.0000 0.9993
vn 0.0370 -0.0000 -0.9993
vn -0.0578 -0.0000 0.9983
vn 0.0579 -0.0000 -0.9983
vn -0.0813 -0.0000 0.9967
vn 0.0813 -0.0000 -0.9967
vn -0.0894 -0.0000 0.9960
vn 0.0893 -0.0000 -0.9960
vn 0.0894 -0.0000 -0.9960
vn -0.0912 -0.0000 0.9958
vn 0.0912 -0.0000 -0.9958
vn -0.0927 -0.0000 0.9957
vn 0.0927 -0.0000 -0.9957
vn 0.0278 -0.0000 -0.9996
vn 0.0277 -0.0000 -0.9996
vn -0.0684 -0.0000 0.9977
vn -0.0683 -0.0000 0.9977
vn 0.0683 -0.0000 -0.9977
vn 0.0684 -0.0000 -0.9977
vn -0.0505 -0.0000 0.9987
vn -0.0925 -0.0000 0.9957
vn 0.0925 -0.0000 -0.9957
vn -0.0200 -0.9998 -0.0000
vn 0.0924 -0.0000 -0.9957
vn 0.0199 0.9998 -0.0000
vn -0.0924 -0.0000 0.9957
vn -0.0922 -0.0000 0.9957
vn -0.0923 -0.0000 0.9957
vn 0.0200 0.9998 -0.0000
vn -0.8534 0.0177 0.5209
vn 0.9013 0.0177 0.4329
vn 0.9013 0.0178 0.4328
vn 0.0517 0.0002 0.9987
vn 0.0516 0.0001 0.9987
vn 0.0515 -0.0000 0.9987
vn -0.0514 -0.0000 -0.9987
vn -0.0147 -0.9999 -0.0000
vn 0.8782 -0.0254 -0.4776
vn 0.0008 0.0530 0.9986
vn 0.0007 0.0530 0.9986
vn -0.8784 -0.0253 -0.4772
vn -0.8784 -0.0253 -0.4773
vn 0.0147 0.9999 -0.0000
vn 1.0000 -0.0003 -0.0000
vn -1.0000 0.0003 -0.0000
vn -0.0199 -0.9998 -0.0000
vn 0.8783 0.0299 -0.4772
vn 0.8783 0.0300 -0.4772
vn -0.0013 -0.0627 0.9980
vn -0.0012 -0.0626 0.9980
vn -0.8781 0.0300 -0.4776
vn -0.0162 -0.9999 -0.0000
vn 0.8785 -0.0105 -0.4776
vn 0.0003 0.0220 0.9998
vn 0.0004 0.0220 0.9998
vn -0.8785 -0.0105 -0.4776
vn 0.0162 0.9999 -0.0000
vn 0.0163 0.9999 -0.0000
vn 1.0000 0.0006 -0.0000
vn 0.0001 0.0001 -1.0000
vn -0.0000 0.0001 -1.0000
vn 0.0005 -0.0000 1.0000
vn -0.0005 -0.0000 -1.0000
vn 0.0003 -0.0000 -1.0000
vn -0.0007 -0.0000 -1.0000
vn -0.8742 -0.0105 -0.4855
vn 0.0089 -0.0000 -1.0000
vn -0.0094 -0.0000 1.0000
vn 0.8786 -0.0000 -0.4776
vn -0.8786 -0.0000 -0.4776
vn 0.8782 -0.0254 -0.4777
vn 0.0009 0.0530 0.9986
vn 0.0148 0.9999 -0.0000
vn -0.0148 -0.9999 -0.0000
vn 0.8783 0.0300 -0.4771
vn -0.0012 -0.0627 0.9980
vn -0.8780 0.0300 -0.4777
vn -0.8781 0.0300 -0.4775
vn 0.8785 -0.0105 -0.4777
vn -0.8786 -0.0105 -0.4775
vn -0.0000 0.0001 1.0000
vn 0.4807 -0.0105 0.8768
vn -0.9998 0.0220 0.0038
vn 0.4745 -0.0105 -0.8802
vn 0.4744 -0.0105 -0.8802
vn 1.0000 -0.0000 -0.0035
vn -0.0035 -0.0001 -1.0000
vn -1.0000 -0.0000 0.0033
vn 0.4808 -0.0105 0.8768
vn -0.9998 0.0220 0.0039
vn 0.0035 0.0002 1.0000
vn 1.0000 0.0005 -0.0035
vn 1.0000 0.0001 -0.0034
vn 1.0000 -0.0001 -0.0034
vn 1.0000 -0.0005 -0.0033
vn -0.0030 -0.9999 0.0160
vn -0.3093 -0.0105 -0.9509
vn -0.3094 -0.0105 -0.9509
vn 0.9830 0.0220 0.1822
vn 0.9830 0.0220 0.1821
vn -0.6298 -0.0105 0.7767
vn -0.6297 -0.0105 0.7767
vn 0.0030 0.9999 -0.0160
vn 0.1825 -0.0000 -0.9832
vn -0.9832 -0.0000 -0.1825
vn -0.1824 -0.0000 0.9832
vn -0.1825 -0.0002 0.9832
vn -0.0016 -0.9999 0.0162
vn -0.3879 -0.0105 -0.9216
vn 0.9948 0.0220 0.0992
vn -0.5626 -0.0105 0.8267
vn -0.5625 -0.0105 0.8267
vn 0.0016 0.9999 -0.0162
vn -0.0016 -0.9999 0.0161
vn 0.0995 0.0002 -0.9950
vn 0.0995 -0.0000 -0.9950
vn -0.9950 0.0005 -0.0994
vn -0.9950 0.0003 -0.0995
vn -0.9950 0.0002 -0.0995
vn -0.0995 -0.0000 0.9950
vn -0.0995 -0.0002 0.9950
vn 0.9950 -0.0000 0.0996
vn -0.8784 -0.0254 -0.4773
vn 0.8782 0.0300 -0.4773
vn -1.0000 -0.0006 -0.0000
vn 0.8784 -0.0105 -0.4778
vn 0.0035 0.0001 1.0000
vn 1.0000 0.0001 -0.0035
vn 1.0000 -0.0001 -0.0035
vn 1.0000 -0.0005 -0.0035
vn -1.0000 -0.0000 0.0035
vn 0.4808 -0.0105 0.8767
vn 0.4809 -0.0105 0.8767
vn -0.9997 0.0220 0.0039
vn 1.0000 0.0002 -0.0035
vn 1.0000 0.0003 -0.0035
vn 0.0079 0.6671 -0.7449
vn 0.0057 0.6673 -0.7448
vn -0.0248 0.6691 -0.7428
vn -0.0269 0.6692 -0.7426
vn -0.0066 -0.6762 0.7367
vn -0.0062 -0.6762 0.7367
vn -0.0004 -0.6760 0.7369
vn -0.0000 -0.6760 0.7369
vn 0.0079 0.6670 -0.7450
vn 0.0057 0.6672 -0.7449
vn -0.0248 0.6692 -0.7427
vn -0.0269 0.6693 -0.7425
vn -0.0066 -0.6763 0.7366
vn -0.0062 -0.6763 0.7366
vn -0.0004 -0.6759 0.7370
vn -0.0000 -0.6758 0.7370
vn -0.0000 -0.6759 0.7370
vn -0.0248 0.6691 -0.7427
vn 0.0079 0.6671 -0.7450
vn 0.0057 0.6672 -0.7448
vn 0.0079 0.6672 -0.7449
vn -0.0066 -0.6764 0.7365
vn -0.0000 -0.6758 0.7371
vn -0.0062 -0.6764 0.7366
vn -0.8785 -0.0088 0.4776
vn -0.0000 0.0183 -0.9998
vn 0.8785 -0.0088 0.4776
vn -1.0000 0.0001 -0.0000
vn -0.8786 -0.0000 0.4776
vn 0.8786 -0.0000 0.4776
vn 0.8783 -0.0253 -0.4774
vn -0.0000 0.0530 0.9986
vn -0.8783 -0.0254 -0.4775
vn -1.0000 0.0002 -0.0000
vn 0.8782 0.0300 -0.4774
vn -0.0000 -0.0627 0.9980
vn -0.8782 0.0300 -0.4773
vn -0.0000 0.0220 0.9998
vn -0.8785 -0.0105 -0.4775
vn -1.0000 -0.0002 -0.0000
vn 0.8785 -0.0000 0.4777
vn -1.0000 -0.0003 -0.0000
vn -0.8784 -0.0211 0.4775
vn -0.0000 0.0441 -0.9990
vn 0.8784 -0.0211 0.4775
vn -0.8786 -0.0064 0.4776
vn -0.0000 0.0135 -0.9999
vn 0.8786 -0.0064 0.4776
vn -0.0162 -0.9999 0.0002
vn 0.8723 -0.0105 -0.4889
vn 0.0132 0.0220 0.9997
vn -0.8846 -0.0105 -0.4662
vn 0.0162 0.9999 -0.0002
vn 0.9999 0.0003 -0.0128
vn 0.9999 -0.0000 -0.0128
vn -0.0128 0.0001 -0.9999
vn -0.0129 0.0001 -0.9999
vn -0.0130 -0.0000 -0.9999
vn -0.9999 -0.0000 0.0128
vn -0.9999 -0.0003 0.0128
vn 0.0128 -0.0000 0.9999
vn 0.0127 -0.0000 0.9999
vn -0.8783 -0.0253 -0.4774
vn -0.8782 0.0300 -0.4774
vn -1.0000 -0.0001 -0.0000
vn 1.0000 -0.0001 -0.0000
vn -0.8785 -0.0137 0.4775
vn -0.0000 0.0288 -0.9996
vn 0.8785 -0.0137 0.4776
vn -0.8785 0.0133 0.4775
vn -0.8785 0.0133 0.4776
vn -0.0000 -0.0279 -0.9996
vn 0.8785 0.0133 0.4776
vn 0.9592 -0.0000 -0.2826
vn -0.9592 -0.0000 0.2826
vn -0.9593 -0.0000 0.2825
vn 0.9991 -0.0000 -0.0419
vn 0.9991 -0.0000 -0.0420
vn -0.9992 -0.0000 0.0408
vn -0.9992 -0.0000 0.0409
vn 0.1387 -0.0000 0.9903
vn 0.1385 -0.0000 0.9904
vn -0.1383 -0.0000 -0.9904
vn -0.1385 -0.0000 -0.9904
vn 0.7301 -0.0000 0.6833
vn 0.7305 -0.0000 0.6829
vn 0.7303 -0.0000 0.6831
vn 0.7299 -0.0000 0.6835
vn -0.7323 -0.0000 -0.6809
vn -0.7315 -0.0000 -0.6818
vn 0.9311 -0.0000 -0.3646
vn 0.9312 -0.0000 -0.3644
vn -0.9314 -0.0000 0.3641
vn -0.9314 -0.0000 0.3640
vn 0.9594 -0.0000 -0.2820
vn 0.9593 -0.0000 -0.2826
vn -0.9592 -0.0000 0.2827
vn 0.9594 -0.0000 -0.2819
vn 0.9314 -0.0000 -0.3639
vn 0.9314 -0.0000 -0.3640
vn -0.9313 -0.0000 0.3642
vn -0.9314 -0.0000 0.3639
vn -0.9313 -0.0000 0.3641
vn -0.9593 -0.0000 0.2824
vn -0.9594 -0.0000 0.2820
vn -0.9594 -0.0000 0.2819
vn -0.9593 -0.0000 0.2826
vn -0.9594 -0.0000 0.2821
vn 0.9592 -0.0000 -0.2827
vn -1.0000 -0.0000 -0.0021
vn 1.0000 -0.0000 0.0021
vn -1.0000 -0.0000 -0.0063
vn 1.0000 -0.0000 0.0063
vn -0.9975 -0.0000 0.0704
vn 0.9975 -0.0000 -0.0704
vn -0.9991 -0.0000 0.0428
vn 0.9991 -0.0000 -0.0429
vn 0.9593 -0.0000 -0.2824
vn -0.2825 -0.0000 -0.9593
vn -0.2823 -0.0000 -0.9593
vn -0.2824 -0.0000 -0.9593
vn -0.9596 -0.0000 0.2814
vn -0.9595 -0.0000 0.2817
vn 0.9596 -0.0000 -0.2814
vn 0.9595 -0.0000 -0.2817
vn -0.9591 -0.0000 0.2830
vn -0.9591 -0.0000 0.2832
vn 0.9591 -0.0000 -0.2832
vn 0.9590 -0.0000 -0.2832
vn -0.9930 -0.0000 -0.1183
vn -0.9931 -0.0000 -0.1176
vn 0.9931 -0.0000 0.1173
vn -0.9718 -0.0000 0.2358
vn -0.9716 -0.0000 0.2364
vn -0.9718 -0.0000 0.2360
vn 0.9717 -0.0000 -0.2362
vn 0.9717 -0.0000 -0.2363
vn 0.9718 -0.0000 -0.2357
vn -0.9591 -0.0000 0.2831
vn 0.9591 -0.0000 -0.2831
vn 0.9590 -0.0000 -0.2833
vn -0.9590 -0.0000 0.2833
vn 0.9592 -0.0000 -0.2828
vn -0.9590 -0.0000 0.2832
vn 0.9591 -0.0000 -0.2830
vn 0.9590 -0.0000 -0.2834
vn 0.9592 -0.0000 -0.2829
vn -0.9591 -0.0000 0.2829
vn -0.9592 -0.0000 0.2828
vn 0.8899 -0.0000 0.4561
vn -0.8900 -0.0000 -0.4560
vn 0.9930 -0.0000 0.1180
vn -0.9930 -0.0000 -0.1180
vn -0.9930 -0.0000 -0.1181
vn 0.9590 -0.0000 -0.2836
vn 0.9721 -0.0000 -0.2346
vn -0.9722 -0.0000 0.2343
vn -0.9721 -0.0000 0.2345
vn 0.2833 -0.0000 0.9590
vn 0.2831 -0.0000 0.9591
vn 0.2830 -0.0000 0.9591
vn 0.2829 -0.0000 0.9591
vn 0.9588 -0.0000 -0.2839
vt 0.000500 1.000500
vt 0.999500 1.000499
vt 0.999500 1.999500
vt 0.000500 1.999501
vt 0.999501 1.000499
vt 0.000500 1.000499
vt 0.444133 1.000499
vt 0.999500 1.999501
vt 0.000499 1.999501
vt 0.444133 1.999501
vt 0.000507 1.999499
vt 0.999504 1.999500
vt 0.000504 1.000500
vt 0.999504 1.000500
vt 0.500000 1.999500
vt 0.500000 1.000500
vt 0.999501 1.999500
vt 0.999499 1.500000
vt 0.000501 1.500000
vt 0.000502 1.999501
vt 0.000502 1.999500
vt 0.000502 1.000499
vt 0.999498 1.999500
vt 0.999500 1.000500
vt 0.000502 1.000500
vt 0.000499 1.000499
vt 0.000500 1.246297
vt 0.999398 1.246223
vt 0.999500 1.999508
vt 0.000603 1.999508
s 1
usemtl FPOSTWDB.006
f 1/1/1 2/2/1 3/3/1
f 3/3/1 4/4/1 1/1/1
f 5/5/2 6/6/2 7/7/2
f 8/8/3 9/9/3 6/6/4
f 6/6/4 5/5/4 8/8/3
f 9/9/5 10/10/5 7/7/5
f 7/7/5 6/6/5 9/9/5
f 10/10/6 8/8/6 5/5/6
f 5/5/6 7/7/6 10/10/6
f 11/4/7 12/1/7 13/3/8
f 14/2/8 13/3/8 12/1/7
f 15/2/2 16/1/9 17/3/2
f 18/4/9 17/3/2 16/1/9
f 14/11/10 12/12/10 15/13/10
f 16/14/10 15/13/10 12/12/10
f 13/3/11 14/2/12 17/3/13
f 15/2/14 17/3/13 14/2/12
f 11/12/15 13/11/15 18/14/15
f 17/13/15 18/14/15 13/11/15
f 12/1/16 11/4/17 16/1/5
f 18/4/18 16/1/5 11/4/17
f 19/5/19 20/6/19 21/7/19
f 22/8/20 23/9/20 20/6/21
f 20/6/21 19/5/21 22/8/20
f 23/9/22 24/10/22 21/7/23
f 21/7/23 20/6/23 23/9/22
f 24/10/24 22/8/24 19/5/25
f 19/5/25 21/7/26 24/10/24
f 25/4/27 26/1/27 27/3/27
f 28/2/27 27/3/27 26/1/27
f 29/2/19 30/1/19 31/3/19
f 32/4/19 31/3/19 30/1/19
f 28/11/28 26/12/28 29/13/28
f 30/14/28 29/13/28 26/12/28
f 27/3/29 28/2/12 31/3/13
f 29/2/14 31/3/13 28/2/12
f 25/12/15 27/11/15 32/14/15
f 31/13/15 32/14/15 27/11/15
f 26/1/30 25/4/5 30/1/31
f 32/4/32 30/1/31 25/4/5
f 33/5/33 34/6/33 35/7/33
f 36/8/34 37/9/34 34/6/35
f 34/6/35 33/5/35 36/8/34
f 37/9/36 38/10/36 35/7/37
f 35/7/37 34/6/37 37/9/36
f 38/10/38 36/8/38 33/5/38
f 33/5/38 35/7/38 38/10/38
f 39/4/39 40/1/39 41/3/39
f 42/2/39 41/3/39 40/1/39
f 43/2/33 44/1/33 45/3/33
f 46/4/33 45/3/33 44/1/33
f 42/11/40 40/12/40 43/13/40
f 44/14/40 43/13/40 40/12/40
f 41/3/41 42/2/14 45/3/14
f 43/2/13 45/3/14 42/2/14
f 39/12/15 41/11/42 46/14/15
f 45/13/42 46/14/15 41/11/42
f 40/1/43 39/4/30 44/1/44
f 46/4/45 44/1/44 39/4/30
f 47/5/46 48/6/46 49/7/46
f 50/8/47 51/9/47 48/6/48
f 48/6/48 47/5/48 50/8/47
f 51/9/49 52/10/49 49/7/50
f 49/7/50 48/6/50 51/9/49
f 52/10/51 50/8/51 47/5/51
f 47/5/51 49/7/51 52/10/51
f 53/4/52 54/1/52 55/3/52
f 56/2/52 55/3/52 54/1/52
f 57/2/53 58/1/53 59/3/53
f 60/4/53 59/3/53 58/1/53
f 56/11/40 54/12/40 57/13/40
f 58/14/40 57/13/40 54/12/40
f 55/3/54 56/2/55 59/3/56
f 57/2/57 59/3/56 56/2/55
f 53/12/58 55/11/59 60/14/58
f 59/13/59 60/14/58 55/11/59
f 54/1/32 53/4/16 58/1/16
f 60/4/17 58/1/16 53/4/16
f 61/5/1 62/6/1 63/7/1
f 64/8/60 65/9/61 62/6/62
f 62/6/62 61/5/62 64/8/60
f 65/9/63 66/10/63 63/7/64
f 63/7/64 62/6/64 65/9/63
f 66/10/65 64/8/65 61/5/65
f 61/5/65 63/7/65 66/10/65
f 67/4/66 68/1/66 69/3/66
f 70/2/66 69/3/66 68/1/66
f 71/2/1 72/1/1 73/3/1
f 74/4/1 73/3/1 72/1/1
f 70/11/10 68/12/10 71/13/10
f 72/14/10 71/13/10 68/12/10
f 69/3/67 70/2/68 73/3/69
f 71/2/14 73/3/69 70/2/68
f 67/12/15 69/11/15 74/14/15
f 73/13/15 74/14/15 69/11/15
f 68/1/18 67/4/5 72/1/17
f 74/4/16 72/1/17 67/4/5
f 75/5/1 76/6/1 77/7/1
f 78/8/70 79/9/70 76/6/71
f 76/6/71 75/5/71 78/8/70
f 79/9/72 80/10/72 77/7/73
f 77/7/73 76/6/73 79/9/72
f 80/10/74 78/8/75 75/5/76
f 75/5/76 77/7/76 80/10/74
f 81/4/66 82/1/66 83/3/66
f 84/2/66 83/3/66 82/1/66
f 85/2/1 86/1/1 87/3/1
f 88/4/1 87/3/1 86/1/1
f 84/11/40 82/12/40 85/13/40
f 86/14/40 85/13/40 82/12/40
f 83/3/14 84/2/41 87/3/77
f 85/2/78 87/3/77 84/2/41
f 81/12/15 83/11/15 88/14/15
f 87/13/15 88/14/15 83/11/15
f 82/1/79 81/4/16 86/1/31
f 88/4/18 86/1/31 81/4/16
f 89/5/1 90/6/1 91/7/1
f 92/8/48 93/9/48 90/6/48
f 90/6/48 89/5/48 92/8/48
f 93/9/80 94/10/80 91/7/81
f 91/7/81 90/6/81 93/9/80
f 94/10/82 92/8/83 89/5/84
f 89/5/84 91/7/84 94/10/82
f 95/4/66 96/1/66 97/3/66
f 98/2/66 97/3/66 96/1/66
f 99/2/1 100/1/1 101/3/1
f 102/4/1 101/3/1 100/1/1
f 98/11/10 96/12/10 99/13/10
f 100/14/10 99/13/10 96/12/10
f 97/3/11 98/2/11 101/3/11
f 99/2/11 101/3/11 98/2/11
f 95/12/15 97/11/15 102/14/15
f 101/13/15 102/14/15 97/11/15
f 96/1/18 95/4/18 100/1/18
f 102/4/18 100/1/18 95/4/18
f 103/5/1 104/6/1 105/7/1
f 106/8/85 107/9/85 104/6/62
f 104/6/62 103/5/62 106/8/85
f 107/9/86 108/10/86 105/7/86
f 105/7/86 104/6/86 107/9/86
f 108/10/65 106/8/65 103/5/87
f 103/5/87 105/7/87 108/10/65
f 109/4/66 110/1/66 111/3/66
f 112/2/66 111/3/66 110/1/66
f 113/2/1 114/1/1 115/3/1
f 116/4/1 115/3/1 114/1/1
f 112/11/40 110/12/40 113/13/40
f 114/14/40 113/13/40 110/12/40
f 111/3/78 112/2/77 115/3/41
f 113/2/14 115/3/41 112/2/77
f 109/12/15 111/11/15 116/14/15
f 115/13/15 116/14/15 111/11/15
f 110/1/18 109/4/18 114/1/18
f 116/4/18 114/1/18 109/4/18
f 117/5/1 118/6/1 119/7/1
f 120/8/70 121/9/70 118/6/88
f 118/6/88 117/5/88 120/8/70
f 121/9/89 122/10/89 119/7/73
f 119/7/73 118/6/73 121/9/89
f 122/10/74 120/8/74 117/5/90
f 117/5/90 119/7/90 122/10/74
f 123/4/66 124/1/66 125/3/66
f 126/2/66 125/3/66 124/1/66
f 127/2/1 128/1/1 129/3/1
f 130/4/1 129/3/1 128/1/1
f 126/11/40 124/12/40 127/13/40
f 128/14/40 127/13/40 124/12/40
f 125/3/14 126/2/41 129/3/77
f 127/2/78 129/3/77 126/2/41
f 123/12/15 125/11/15 130/14/15
f 129/13/15 130/14/15 125/11/15
f 124/1/43 123/4/5 128/1/17
f 130/4/16 128/1/17 123/4/5
f 131/5/1 132/6/1 133/7/1
f 134/8/48 135/9/48 132/6/91
f 132/6/91 131/5/91 134/8/48
f 135/9/80 136/10/80 133/7/80
f 133/7/80 132/6/80 135/9/80
f 136/10/82 134/8/82 131/5/84
f 131/5/84 133/7/84 136/10/82
f 137/4/66 138/1/66 139/3/66
f 140/2/66 139/3/66 138/1/66
f 141/2/1 142/1/1 143/3/1
f 144/4/1 143/3/1 142/1/1
f 140/11/10 138/12/10 141/13/10
f 142/14/10 141/13/10 138/12/10
f 139/3/14 140/2/13 143/3/12
f 141/2/11 143/3/12 140/2/13
f 137/12/15 139/11/15 144/14/15
f 143/13/15 144/14/15 139/11/15
f 138/1/16 137/4/17 142/1/5
f 144/4/18 142/1/5 137/4/17
f 145/5/1 146/6/1 147/7/1
f 148/8/70 149/9/70 146/6/70
f 146/6/70 145/5/70 148/8/70
f 149/9/92 150/10/92 147/7/93
f 147/7/93 146/6/93 149/9/92
f 150/10/76 148/8/76 145/5/74
f 145/5/74 147/7/74 150/10/76
f 151/4/66 152/1/66 153/3/66
f 154/2/66 153/3/66 152/1/66
f 155/2/1 156/1/1 157/3/1
f 158/4/1 157/3/1 156/1/1
f 154/11/10 152/12/10 155/13/10
f 156/14/10 155/13/10 152/12/10
f 153/3/11 154/2/12 157/3/13
f 155/2/14 157/3/13 154/2/12
f 151/12/15 153/11/15 158/14/15
f 157/13/15 158/14/15 153/11/15
f 152/1/18 151/4/31 156/1/16
f 158/4/79 156/1/16 151/4/31
f 159/5/1 160/6/1 161/7/1
f 162/8/94 163/9/95 160/6/48
f 160/6/48 159/5/48 162/8/94
f 163/9/96 164/10/96 161/7/96
f 161/7/96 160/6/96 163/9/96
f 164/10/84 162/8/84 159/5/83
f 159/5/83 161/7/83 164/10/84
f 165/4/66 166/1/66 167/3/66
f 168/2/66 167/3/66 166/1/66
f 169/2/1 170/1/1 171/3/1
f 172/4/1 171/3/1 170/1/1
f 168/11/10 166/12/10 169/13/10
f 170/14/10 169/13/10 166/12/10
f 167/3/97 168/2/98 171/3/98
f 169/2/14 171/3/98 168/2/98
f 165/12/15 167/11/15 172/14/15
f 171/13/15 172/14/15 167/11/15
f 166/1/16 165/4/16 170/1/16
f 172/4/16 170/1/16 165/4/16
f 173/4/99 174/1/99 175/15/100
f 176/16/100 175/15/100 174/1/99
f 175/15/100 176/16/100 177/17/100
f 178/2/100 177/17/100 176/16/100
f 176/18/1 174/8/1 179/19/1
f 180/20/1 179/19/1 174/8/1
f 178/2/1 176/18/1 181/1/1
f 179/19/1 181/1/1 176/18/1
f 177/21/101 178/22/101 182/3/101
f 181/2/101 182/3/101 178/22/101
f 175/19/66 177/22/66 183/18/66
f 182/2/66 183/18/66 177/22/66
f 173/4/66 175/19/66 184/23/66
f 183/18/66 184/23/66 175/19/66
f 174/24/102 173/8/102 180/25/102
f 184/20/102 180/25/102 173/8/102
f 185/4/100 186/1/100 187/15/100
f 188/16/100 187/15/100 186/1/100
f 187/15/100 188/16/100 189/17/99
f 190/2/99 189/17/99 188/16/100
f 188/18/1 186/8/1 191/19/1
f 192/20/1 191/19/1 186/8/1
f 190/2/1 188/18/1 193/1/1
f 191/19/1 193/1/1 188/18/1
f 189/21/101 190/22/101 194/3/101
f 193/2/101 194/3/101 190/22/101
f 187/19/66 189/22/66 195/18/66
f 194/2/66 195/18/66 189/22/66
f 185/4/66 187/19/66 196/23/66
f 195/18/66 196/23/66 187/19/66
f 186/24/102 185/8/102 192/25/102
f 196/20/102 192/25/102 185/8/102
f 197/4/99 198/1/99 199/15/100
f 200/16/100 199/15/100 198/1/99
f 199/15/100 200/16/100 201/17/103
f 202/2/103 201/17/103 200/16/100
f 200/18/1 198/8/1 203/19/1
f 204/20/1 203/19/1 198/8/1
f 202/2/1 200/18/1 205/1/1
f 203/19/1 205/1/1 200/18/1
f 201/21/101 202/22/101 206/3/101
f 205/2/101 206/3/101 202/22/101
f 199/19/66 201/22/66 207/18/66
f 206/2/66 207/18/66 201/22/66
f 197/4/66 199/19/66 208/23/66
f 207/18/66 208/23/66 199/19/66
f 198/24/102 197/8/102 204/25/102
f 208/20/102 204/25/102 197/8/102
f 209/4/103 210/1/103 211/15/100
f 212/16/100 211/15/100 210/1/103
f 211/15/100 212/16/100 213/17/99
f 214/2/99 213/17/99 212/16/100
f 212/18/1 210/8/1 215/19/1
f 216/20/1 215/19/1 210/8/1
f 214/2/1 212/18/1 217/1/1
f 215/19/1 217/1/1 212/18/1
f 213/21/101 214/22/101 218/3/101
f 217/2/101 218/3/101 214/22/101
f 211/19/66 213/22/66 219/18/66
f 218/2/66 219/18/66 213/22/66
f 209/4/66 211/19/66 220/23/66
f 219/18/66 220/23/66 211/19/66
f 210/24/102 209/8/102 216/25/102
f 220/20/102 216/25/102 209/8/102
f 221/4/100 222/1/100 223/15/100
f 224/16/100 223/15/100 222/1/100
f 223/15/100 224/16/100 225/17/100
f 226/2/100 225/17/100 224/16/100
f 224/18/1 222/8/1 227/19/1
f 228/20/1 227/19/1 222/8/1
f 226/2/1 224/18/1 229/1/1
f 227/19/1 229/1/1 224/18/1
f 225/21/101 226/22/101 230/3/101
f 229/2/101 230/3/101 226/22/101
f 223/19/66 225/22/66 231/18/66
f 230/2/66 231/18/66 225/22/66
f 221/4/66 223/19/66 232/23/66
f 231/18/66 232/23/66 223/19/66
f 222/24/102 221/8/102 228/25/102
f 232/20/102 228/25/102 221/8/102
f 233/4/100 234/1/100 235/15/100
f 236/16/100 235/15/100 234/1/100
f 235/15/100 236/16/100 237/17/99
f 238/2/99 237/17/99 236/16/100
f 236/18/1 234/8/1 239/19/1
f 240/20/1 239/19/1 234/8/1
f 238/2/1 236/18/1 241/1/1
f 239/19/1 241/1/1 236/18/1
f 237/21/101 238/22/101 242/3/101
f 241/2/101 242/3/101 238/22/101
f 235/19/66 237/22/66 243/18/66
f 242/2/66 243/18/66 237/22/66
f 233/4/66 235/19/66 244/23/66
f 243/18/66 244/23/66 235/19/66
f 234/24/102 233/8/102 240/25/102
f 244/20/102 240/25/102 233/8/102
f 245/4/99 246/1/99 247/15/100
f 248/16/100 247/15/100 246/1/99
f 247/15/100 248/16/100 249/17/103
f 250/2/103 249/17/103 248/16/100
f 248/18/1 246/8/1 251/19/1
f 252/20/1 251/19/1 246/8/1
f 250/2/1 248/18/1 253/1/1
f 251/19/1 253/1/1 248/18/1
f 249/21/101 250/22/101 254/3/101
f 253/2/101 254/3/101 250/22/101
f 247/19/66 249/22/66 255/18/66
f 254/2/66 255/18/66 249/22/66
f 245/4/66 247/19/66 256/23/66
f 255/18/66 256/23/66 247/19/66
f 246/24/102 245/8/102 252/25/102
f 256/20/102 252/25/102 245/8/102
f 257/4/100 258/1/100 259/15/100
f 260/16/100 259/15/100 258/1/100
f 259/15/100 260/16/100 261/17/99
f 262/2/99 261/17/99 260/16/100
f 260/18/1 258/8/1 263/19/1
f 264/20/1 263/19/1 258/8/1
f 262/2/1 260/18/1 265/1/1
f 263/19/1 265/1/1 260/18/1
f 261/21/101 262/22/101 266/3/101
f 265/2/101 266/3/101 262/22/101
f 259/19/66 261/22/66 267/18/66
f 266/2/66 267/18/66 261/22/66
f 257/4/66 259/19/66 268/23/66
f 267/18/66 268/23/66 259/19/66
f 258/24/102 257/8/102 264/25/102
f 268/20/102 264/25/102 257/8/102
f 269/4/100 270/1/100 271/15/100
f 272/16/100 271/15/100 270/1/100
f 271/15/100 272/16/100 273/17/99
f 274/2/99 273/17/99 272/16/100
f 272/18/1 270/8/1 275/19/1
f 276/20/1 275/19/1 270/8/1
f 274/2/1 272/18/1 277/1/1
f 275/19/1 277/1/1 272/18/1
f 273/21/101 274/22/101 278/3/101
f 277/2/101 278/3/101 274/22/101
f 271/19/66 273/22/66 279/18/66
f 278/2/66 279/18/66 273/22/66
f 269/4/66 271/19/66 280/23/66
f 279/18/66 280/23/66 271/19/66
f 270/24/102 269/8/102 276/25/102
f 280/20/102 276/25/102 269/8/102
f 281/4/99 282/1/99 283/15/100
f 284/16/100 283/15/100 282/1/99
f 283/15/100 284/16/100 285/17/100
f 286/2/100 285/17/100 284/16/100
f 284/18/1 282/8/1 287/19/1
f 288/20/1 287/19/1 282/8/1
f 286/2/1 284/18/1 289/1/1
f 287/19/1 289/1/1 284/18/1
f 285/21/101 286/22/101 290/3/101
f 289/2/101 290/3/101 286/22/101
f 283/19/66 285/22/66 291/18/66
f 290/2/66 291/18/66 285/22/66
f 281/4/66 283/19/66 292/23/66
f 291/18/66 292/23/66 283/19/66
f 282/24/102 281/8/102 288/25/102
f 292/20/102 288/25/102 281/8/102
f 293/4/99 294/1/99 295/15/100
f 296/16/100 295/15/100 294/1/99
f 295/15/100 296/16/100 297/17/100
f 298/2/100 297/17/100 296/16/100
f 296/18/1 294/8/1 299/19/1
f 300/20/1 299/19/1 294/8/1
f 298/2/1 296/18/1 301/1/1
f 299/19/1 301/1/1 296/18/1
f 297/21/101 298/22/101 302/3/101
f 301/2/101 302/3/101 298/22/101
f 295/19/66 297/22/66 303/18/66
f 302/2/66 303/18/66 297/22/66
f 293/4/66 295/19/66 304/23/66
f 303/18/66 304/23/66 295/19/66
f 294/24/102 293/8/102 300/25/102
f 304/20/102 300/25/102 293/8/102
f 305/4/100 306/1/100 307/15/100
f 308/16/100 307/15/100 306/1/100
f 307/15/100 308/16/100 309/17/99
f 310/2/99 309/17/99 308/16/100
f 308/18/1 306/8/1 311/19/1
f 312/20/1 311/19/1 306/8/1
f 310/2/1 308/18/1 313/1/1
f 311/19/1 313/1/1 308/18/1
f 309/21/101 310/22/101 314/3/101
f 313/2/101 314/3/101 310/22/101
f 307/19/66 309/22/66 315/18/66
f 314/2/66 315/18/66 309/22/66
f 305/4/66 307/19/66 316/23/66
f 315/18/66 316/23/66 307/19/66
f 306/24/102 305/8/102 312/25/102
f 316/20/102 312/25/102 305/8/102
f 317/4/99 318/1/99 319/15/99
f 320/16/99 319/15/99 318/1/99
f 319/15/99 320/16/99 321/17/99
f 322/2/99 321/17/99 320/16/99
f 320/18/1 318/8/1 323/19/1
f 324/20/1 323/19/1 318/8/1
f 322/2/1 320/18/1 325/1/1
f 323/19/1 325/1/1 320/18/1
f 321/21/101 322/22/101 326/3/101
f 325/2/101 326/3/101 322/22/101
f 319/19/66 321/22/66 327/18/66
f 326/2/66 327/18/66 321/22/66
f 317/4/66 319/19/66 328/23/66
f 327/18/66 328/23/66 319/19/66
f 318/24/102 317/8/102 324/25/102
f 328/20/102 324/25/102 317/8/102
f 329/4/99 330/1/99 331/15/99
f 332/16/99 331/15/99 330/1/99
f 331/15/99 332/16/99 333/17/99
f 334/2/99 333/17/99 332/16/99
f 332/18/1 330/8/1 335/19/1
f 336/20/1 335/19/1 330/8/1
f 334/2/1 332/18/1 337/1/1
f 335/19/1 337/1/1 332/18/1
f 333/21/101 334/22/101 338/3/101
f 337/2/101 338/3/101 334/22/101
f 331/19/66 333/22/66 339/18/66
f 338/2/66 339/18/66 333/22/66
f 329/4/66 331/19/66 340/23/66
f 339/18/66 340/23/66 331/19/66
f 330/24/102 329/8/102 336/25/102
f 340/20/102 336/25/102 329/8/102
f 341/4/99 342/1/99 343/15/99
f 344/16/99 343/15/99 342/1/99
f 343/15/99 344/16/99 345/17/99
f 346/2/99 345/17/99 344/16/99
f 344/18/1 342/8/1 347/19/1
f 348/20/1 347/19/1 342/8/1
f 346/2/1 344/18/1 349/1/1
f 347/19/1 349/1/1 344/18/1
f 345/21/101 346/22/101 350/3/101
f 349/2/101 350/3/101 346/22/101
f 343/19/66 345/22/66 351/18/66
f 350/2/66 351/18/66 345/22/66
f 341/4/66 343/19/66 352/23/66
f 351/18/66 352/23/66 343/19/66
f 342/24/102 341/8/102 348/25/102
f 352/20/102 348/25/102 341/8/102
f 353/4/99 354/1/99 355/15/99
f 356/16/99 355/15/99 354/1/99
f 355/15/99 356/16/99 357/17/99
f 358/2/99 357/17/99 356/16/99
f 356/18/1 354/8/1 359/19/1
f 360/20/1 359/19/1 354/8/1
f 358/2/1 356/18/1 361/1/1
f 359/19/1 361/1/1 356/18/1
f 357/21/101 358/22/101 362/3/101
f 361/2/101 362/3/101 358/22/101
f 355/19/66 357/22/66 363/18/66
f 362/2/66 363/18/66 357/22/66
f 353/4/66 355/19/66 364/23/66
f 363/18/66 364/23/66 355/19/66
f 354/24/102 353/8/102 360/25/102
f 364/20/102 360/25/102 353/8/102
f 365/4/99 366/1/99 367/15/100
f 368/16/100 367/15/100 366/1/99
f 367/15/100 368/16/100 369/17/100
f 370/2/100 369/17/100 368/16/100
f 368/18/1 366/8/1 371/19/1
f 372/20/1 371/19/1 366/8/1
f 370/2/1 368/18/1 373/1/1
f 371/19/1 373/1/1 368/18/1
f 369/21/101 370/22/101 374/3/101
f 373/2/101 374/3/101 370/22/101
f 367/19/66 369/22/66 375/18/66
f 374/2/66 375/18/66 369/22/66
f 365/4/66 367/19/66 376/23/66
f 375/18/66 376/23/66 367/19/66
f 366/24/102 365/8/102 372/25/102
f 376/20/102 372/25/102 365/8/102
f 377/4/100 378/1/100 379/15/99
f 380/16/99 379/15/99 378/1/100
f 379/15/99 380/16/99 381/17/99
f 382/2/99 381/17/99 380/16/99
f 380/18/1 378/8/1 383/19/1
f 384/20/1 383/19/1 378/8/1
f 382/2/1 380/18/1 385/1/1
f 383/19/1 385/1/1 380/18/1
f 381/21/101 382/22/101 386/3/101
f 385/2/101 386/3/101 382/22/101
f 379/19/66 381/22/66 387/18/66
f 386/2/66 387/18/66 381/22/66
f 377/4/66 379/19/66 388/23/66
f 387/18/66 388/23/66 379/19/66
f 378/24/102 377/8/102 384/25/102
f 388/20/102 384/25/102 377/8/102
f 389/4/100 390/1/100 391/15/99
f 392/16/99 391/15/99 390/1/100
f 391/15/99 392/16/99 393/17/99
f 394/2/99 393/17/99 392/16/99
f 392/18/1 390/8/1 395/19/1
f 396/20/1 395/19/1 390/8/1
f 394/2/1 392/18/1 397/1/1
f 395/19/1 397/1/1 392/18/1
f 393/21/101 394/22/101 398/3/101
f 397/2/101 398/3/101 394/22/101
f 391/19/66 393/22/66 399/18/66
f 398/2/66 399/18/66 393/22/66
f 389/4/66 391/19/66 400/23/66
f 399/18/66 400/23/66 391/19/66
f 390/24/102 389/8/102 396/25/102
f 400/20/102 396/25/102 389/8/102
f 401/4/99 402/1/99 403/15/99
f 404/16/99 403/15/99 402/1/99
f 403/15/99 404/16/99 405/17/99
f 406/2/99 405/17/99 404/16/99
f 404/18/1 402/8/1 407/19/1
f 408/20/1 407/19/1 402/8/1
f 406/2/1 404/18/1 409/1/1
f 407/19/1 409/1/1 404/18/1
f 405/21/101 406/22/101 410/3/101
f 409/2/101 410/3/101 406/22/101
f 403/19/66 405/22/66 411/18/66
f 410/2/66 411/18/66 405/22/66
f 401/4/66 403/19/66 412/23/66
f 411/18/66 412/23/66 403/19/66
f 402/24/102 401/8/102 408/25/102
f 412/20/102 408/25/102 401/8/102
f 413/4/99 414/1/99 415/15/100
f 416/16/100 415/15/100 414/1/99
f 415/15/100 416/16/100 417/17/100
f 418/2/100 417/17/100 416/16/100
f 416/18/1 414/8/1 419/19/1
f 420/20/1 419/19/1 414/8/1
f 418/2/1 416/18/1 421/1/1
f 419/19/1 421/1/1 416/18/1
f 417/21/101 418/22/101 422/3/101
f 421/2/101 422/3/101 418/22/101
f 415/19/66 417/22/66 423/18/66
f 422/2/66 423/18/66 417/22/66
f 413/4/66 415/19/66 424/23/66
f 423/18/66 424/23/66 415/19/66
f 414/24/102 413/8/102 420/25/102
f 424/20/102 420/25/102 413/8/102
f 425/4/99 426/1/99 427/15/99
f 428/16/99 427/15/99 426/1/99
f 427/15/99 428/16/99 429/17/99
f 430/2/99 429/17/99 428/16/99
f 428/18/1 426/8/1 431/19/1
f 432/20/1 431/19/1 426/8/1
f 430/2/1 428/18/1 433/1/1
f 431/19/1 433/1/1 428/18/1
f 429/21/101 430/22/101 434/3/101
f 433/2/101 434/3/101 430/22/101
f 427/19/66 429/22/66 435/18/66
f 434/2/66 435/18/66 429/22/66
f 425/4/66 427/19/66 436/23/66
f 435/18/66 436/23/66 427/19/66
f 426/24/102 425/8/102 432/25/102
f 436/20/102 432/25/102 425/8/102
f 437/4/99 438/1/99 439/15/99
f 440/16/99 439/15/99 438/1/99
f 439/15/99 440/16/99 441/17/99
f 442/2/99 441/17/99 440/16/99
f 440/18/1 438/8/1 443/19/1
f 444/20/1 443/19/1 438/8/1
f 442/2/1 440/18/1 445/1/1
f 443/19/1 445/1/1 440/18/1
f 441/21/101 442/22/101 446/3/101
f 445/2/101 446/3/101 442/22/101
f 439/19/66 441/22/66 447/18/66
f 446/2/66 447/18/66 441/22/66
f 437/4/66 439/19/66 448/23/66
f 447/18/66 448/23/66 439/19/66
f 438/24/102 437/8/102 444/25/102
f 448/20/102 444/25/102 437/8/102
f 449/4/99 450/1/99 451/15/100
f 452/16/100 451/15/100 450/1/99
f 451/15/100 452/16/100 453/17/100
f 454/2/100 453/17/100 452/16/100
f 452/18/1 450/8/1 455/19/1
f 456/20/1 455/19/1 450/8/1
f 454/2/1 452/18/1 457/1/1
f 455/19/1 457/1/1 452/18/1
f 453/21/101 454/22/101 458/3/101
f 457/2/101 458/3/101 454/22/101
f 451/19/66 453/22/66 459/18/66
f 458/2/66 459/18/66 453/22/66
f 449/4/66 451/19/66 460/23/66
f 459/18/66 460/23/66 451/19/66
f 450/24/102 449/8/102 456/25/102
f 460/20/102 456/25/102 449/8/102
f 461/4/99 462/1/99 463/15/99
f 464/16/99 463/15/99 462/1/99
f 463/15/99 464/16/99 465/17/99
f 466/2/99 465/17/99 464/16/99
f 464/18/1 462/8/1 467/19/1
f 468/20/1 467/19/1 462/8/1
f 466/2/1 464/18/1 469/1/1
f 467/19/1 469/1/1 464/18/1
f 465/21/101 466/22/101 470/3/101
f 469/2/101 470/3/101 466/22/101
f 463/19/66 465/22/66 471/18/66
f 470/2/66 471/18/66 465/22/66
f 461/4/66 463/19/66 472/23/66
f 471/18/66 472/23/66 463/19/66
f 462/24/102 461/8/102 468/25/102
f 472/20/102 468/25/102 461/8/102
f 473/4/99 474/1/99 475/15/99
f 476/16/99 475/15/99 474/1/99
f 475/15/99 476/16/99 477/17/99
f 478/2/99 477/17/99 476/16/99
f 476/18/1 474/8/1 479/19/1
f 480/20/1 479/19/1 474/8/1
f 478/2/1 476/18/1 481/1/1
f 479/19/1 481/1/1 476/18/1
f 477/21/101 478/22/101 482/3/101
f 481/2/101 482/3/101 478/22/101
f 475/19/66 477/22/66 483/18/66
f 482/2/66 483/18/66 477/22/66
f 473/4/66 475/19/66 484/23/66
f 483/18/66 484/23/66 475/19/66
f 474/24/102 473/8/102 480/25/102
f 484/20/102 480/25/102 473/8/102
f 485/4/99 486/1/99 487/15/99
f 488/16/99 487/15/99 486/1/99
f 487/15/99 488/16/99 489/17/99
f 490/2/99 489/17/99 488/16/99
f 488/18/1 486/8/1 491/19/1
f 492/20/1 491/19/1 486/8/1
f 490/2/1 488/18/1 493/1/1
f 491/19/1 493/1/1 488/18/1
f 489/21/101 490/22/101 494/3/101
f 493/2/101 494/3/101 490/22/101
f 487/19/66 489/22/66 495/18/66
f 494/2/66 495/18/66 489/22/66
f 485/4/66 487/19/66 496/23/66
f 495/18/66 496/23/66 487/19/66
f 486/24/102 485/8/102 492/25/102
f 496/20/102 492/25/102 485/8/102
f 497/4/99 498/1/99 499/15/99
f 500/16/99 499/15/99 498/1/99
f 499/15/99 500/16/99 501/17/99
f 502/2/99 501/17/99 500/16/99
f 500/18/1 498/8/1 503/19/1
f 504/20/1 503/19/1 498/8/1
f 502/2/1 500/18/1 505/1/1
f 503/19/1 505/1/1 500/18/1
f 501/21/101 502/22/101 506/3/101
f 505/2/101 506/3/101 502/22/101
f 499/19/66 501/22/66 507/18/66
f 506/2/66 507/18/66 501/22/66
f 497/4/66 499/19/66 508/23/66
f 507/18/66 508/23/66 499/19/66
f 498/24/102 497/8/102 504/25/102
f 508/20/102 504/25/102 497/8/102
f 509/4/99 510/1/99 511/15/99
f 512/16/99 511/15/99 510/1/99
f 511/15/99 512/16/99 513/17/99
f 514/2/99 513/17/99 512/16/99
f 512/18/1 510/8/1 515/19/1
f 516/20/1 515/19/1 510/8/1
f 514/2/1 512/18/1 517/1/1
f 515/19/1 517/1/1 512/18/1
f 513/21/101 514/22/101 518/3/101
f 517/2/101 518/3/101 514/22/101
f 511/19/66 513/22/66 519/18/66
f 518/2/66 519/18/66 513/22/66
f 509/4/66 511/19/66 520/23/66
f 519/18/66 520/23/66 511/19/66
f 510/24/102 509/8/102 516/25/102
f 520/20/102 516/25/102 509/8/102
f 521/4/99 522/1/99 523/15/99
f 524/16/99 523/15/99 522/1/99
f 523/15/99 524/16/99 525/17/99
f 526/2/99 525/17/99 524/16/99
f 524/18/1 522/8/1 527/19/1
f 528/20/1 527/19/1 522/8/1
f 526/2/1 524/18/1 529/1/1
f 527/19/1 529/1/1 524/18/1
f 525/21/101 526/22/101 530/3/101
f 529/2/101 530/3/101 526/22/101
f 523/19/66 525/22/66 531/18/66
f 530/2/66 531/18/66 525/22/66
f 521/4/66 523/19/66 532/23/66
f 531/18/66 532/23/66 523/19/66
f 522/24/102 521/8/102 528/25/102
f 532/20/102 528/25/102 521/8/102
f 533/4/99 534/1/99 535/15/99
f 536/16/99 535/15/99 534/1/99
f 535/15/99 536/16/99 537/17/99
f 538/2/99 537/17/99 536/16/99
f 536/18/1 534/8/1 539/19/1
f 540/20/1 539/19/1 534/8/1
f 538/2/1 536/18/1 541/1/1
f 539/19/1 541/1/1 536/18/1
f 537/21/101 538/22/101 542/3/101
f 541/2/101 542/3/101 538/22/101
f 535/19/66 537/22/66 543/18/66
f 542/2/66 543/18/66 537/22/66
f 533/4/66 535/19/66 544/23/66
f 543/18/66 544/23/66 535/19/66
f 534/24/102 533/8/102 540/25/102
f 544/20/102 540/25/102 533/8/102
f 545/4/99 546/1/99 547/15/99
f 548/16/99 547/15/99 546/1/99
f 547/15/99 548/16/99 549/17/99
f 550/2/99 549/17/99 548/16/99
f 548/18/1 546/8/1 551/19/1
f 552/20/1 551/19/1 546/8/1
f 550/2/1 548/18/1 553/1/1
f 551/19/1 553/1/1 548/18/1
f 549/21/101 550/22/101 554/3/101
f 553/2/101 554/3/101 550/22/101
f 547/19/66 549/22/66 555/18/66
f 554/2/66 555/18/66 549/22/66
f 545/4/66 547/19/66 556/23/66
f 555/18/66 556/23/66 547/19/66
f 546/24/102 545/8/102 552/25/102
f 556/20/102 552/25/102 545/8/102
f 557/4/99 558/1/99 559/15/99
f 560/16/99 559/15/99 558/1/99
f 559/15/99 560/16/99 561/17/99
f 562/2/99 561/17/99 560/16/99
f 560/18/1 558/8/1 563/19/1
f 564/20/1 563/19/1 558/8/1
f 562/2/1 560/18/1 565/1/1
f 563/19/1 565/1/1 560/18/1
f 561/21/101 562/22/101 566/3/101
f 565/2/101 566/3/101 562/22/101
f 559/19/66 561/22/66 567/18/66
f 566/2/66 567/18/66 561/22/66
f 557/4/66 559/19/66 568/23/66
f 567/18/66 568/23/66 559/19/66
f 558/24/102 557/8/102 564/25/102
f 568/20/102 564/25/102 557/8/102
f 569/4/99 570/1/99 571/15/99
f 572/16/99 571/15/99 570/1/99
f 571/15/99 572/16/99 573/17/99
f 574/2/99 573/17/99 572/16/99
f 572/18/1 570/8/1 575/19/1
f 576/20/1 575/19/1 570/8/1
f 574/2/1 572/18/1 577/1/1
f 575/19/1 577/1/1 572/18/1
f 573/21/101 574/22/101 578/3/101
f 577/2/101 578/3/101 574/22/101
f 571/19/66 573/22/66 579/18/66
f 578/2/66 579/18/66 573/22/66
f 569/4/66 571/19/66 580/23/66
f 579/18/66 580/23/66 571/19/66
f 570/24/102 569/8/102 576/25/102
f 580/20/102 576/25/102 569/8/102
f 581/4/99 582/1/99 583/15/99
f 584/16/99 583/15/99 582/1/99
f 583/15/99 584/16/99 585/17/99
f 586/2/99 585/17/99 584/16/99
f 584/18/1 582/8/1 587/19/1
f 588/20/1 587/19/1 582/8/1
f 586/2/1 584/18/1 589/1/1
f 587/19/1 589/1/1 584/18/1
f 585/21/101 586/22/101 590/3/101
f 589/2/101 590/3/101 586/22/101
f 583/19/66 585/22/66 591/18/66
f 590/2/66 591/18/66 585/22/66
f 581/4/66 583/19/66 592/23/66
f 591/18/66 592/23/66 583/19/66
f 582/24/102 581/8/102 588/25/102
f 592/20/102 588/25/102 581/8/102
f 593/4/99 594/1/99 595/15/99
f 596/16/99 595/15/99 594/1/99
f 595/15/99 596/16/99 597/17/99
f 598/2/99 597/17/99 596/16/99
f 596/18/1 594/8/1 599/19/1
f 600/20/1 599/19/1 594/8/1
f 598/2/1 596/18/1 601/1/1
f 599/19/1 601/1/1 596/18/1
f 597/21/101 598/22/101 602/3/101
f 601/2/101 602/3/101 598/22/101
f 595/19/66 597/22/66 603/18/66
f 602/2/66 603/18/66 597/22/66
f 593/4/66 595/19/66 604/23/66
f 603/18/66 604/23/66 595/19/66
f 594/24/102 593/8/102 600/25/102
f 604/20/102 600/25/102 593/8/102
f 605/8/102 606/4/102 607/2/102
f 608/6/102 607/2/102 606/4/102
f 609/8/101 610/9/101 611/2/101
f 612/26/101 611/2/101 610/9/101
f 613/8/104 614/4/104 615/2/104
f 616/6/104 615/2/104 614/4/104
f 617/8/105 618/9/105 619/2/105
f 620/26/105 619/2/105 618/9/105
f 621/8/106 622/4/106 623/2/107
f 624/6/107 623/2/107 622/4/106
f 625/8/108 626/9/108 627/2/109
f 628/26/109 627/2/109 626/9/108
f 629/8/110 630/4/111 631/2/112
f 632/6/112 631/2/112 630/4/111
f 633/8/113 634/9/113 635/2/114
f 636/26/114 635/2/114 634/9/113
f 637/8/115 638/4/115 639/2/115
f 640/6/115 639/2/115 638/4/115
f 641/8/116 642/9/116 643/2/117
f 644/26/117 643/2/117 642/9/116
f 645/8/102 646/4/102 647/2/102
f 648/6/102 647/2/102 646/4/102
f 649/8/101 650/9/101 651/2/101
f 652/26/101 651/2/101 650/9/101
f 653/8/104 654/4/104 655/2/104
f 656/6/104 655/2/104 654/4/104
f 657/8/105 658/9/105 659/2/105
f 660/26/105 659/2/105 658/9/105
f 661/8/118 662/4/118 663/2/119
f 664/6/119 663/2/119 662/4/118
f 665/8/108 666/9/108 667/2/120
f 668/26/120 667/2/120 666/9/108
f 669/8/115 670/4/115 671/2/121
f 672/6/121 671/2/121 670/4/115
f 673/8/117 674/9/117 675/2/116
f 676/26/116 675/2/116 674/9/117
f 677/8/122 678/4/122 679/2/122
f 680/6/122 679/2/122 678/4/122
f 681/8/99 682/9/99 683/2/99
f 684/26/99 683/2/99 682/9/99
f 685/8/102 686/4/102 687/2/102
f 688/6/102 687/2/102 686/4/102
f 689/8/101 690/9/101 691/2/101
f 692/26/101 691/2/101 690/9/101
f 693/8/104 694/4/104 695/2/104
f 696/6/104 695/2/104 694/4/104
f 697/8/105 698/9/105 699/2/105
f 700/26/105 699/2/105 698/9/105
f 701/8/121 702/4/121 703/2/121
f 704/6/121 703/2/121 702/4/121
f 705/8/117 706/9/117 707/2/116
f 708/26/116 707/2/116 706/9/117
f 709/8/122 710/4/122 711/2/122
f 712/6/122 711/2/122 710/4/122
f 713/8/99 714/9/99 715/2/99
f 716/26/99 715/2/99 714/9/99
f 717/8/122 718/4/122 719/2/122
f 720/6/122 719/2/122 718/4/122
f 721/8/99 722/9/99 723/2/99
f 724/26/99 723/2/99 722/9/99
f 725/8/123 726/4/123 727/2/123
f 728/6/124 727/2/123 726/4/123
f 729/8/125 730/9/125 731/2/126
f 732/26/126 731/2/126 730/9/125
f 733/8/127 734/4/127 735/2/128
f 736/6/128 735/2/128 734/4/127
f 737/8/129 738/9/129 739/2/129
f 740/26/129 739/2/129 738/9/129
f 741/8/130 742/4/130 743/2/131
f 744/6/131 743/2/131 742/4/130
f 745/8/132 746/9/132 747/2/133
f 748/26/133 747/2/133 746/9/132
f 749/8/130 750/4/130 751/2/134
f 752/6/135 751/2/134 750/4/130
f 753/8/136 754/9/136 755/2/137
f 756/26/137 755/2/137 754/9/136
f 757/8/138 758/4/131 759/2/134
f 760/6/135 759/2/134 758/4/131
f 761/8/139 762/9/139 763/2/132
f 764/26/137 763/2/132 762/9/139
f 765/4/140 766/6/140 767/2/140
f 767/2/140 768/8/140 765/4/140
f 769/9/141 770/26/141 771/2/141
f 771/2/141 772/8/141 769/9/141
f 773/4/142 774/6/142 775/2/142
f 775/2/142 776/8/142 773/4/142
f 777/9/143 778/26/143 779/2/143
f 779/2/143 780/8/143 777/9/143
f 781/4/142 782/6/144 783/2/144
f 783/2/144 784/8/142 781/4/142
f 785/9/145 786/26/143 787/2/143
f 787/2/143 788/8/145 785/9/145
f 789/4/146 790/6/146 791/2/146
f 791/2/146 792/8/146 789/4/146
f 793/9/147 794/26/147 795/2/147
f 795/2/147 796/8/147 793/9/147
f 797/4/148 798/6/148 799/2/148
f 799/2/148 800/8/148 797/4/148
f 801/9/149 802/26/149 803/2/149
f 803/2/149 804/8/149 801/9/149
f 805/4/150 806/6/150 807/2/150
f 807/2/150 808/8/150 805/4/150
f 809/9/151 810/26/152 811/2/152
f 811/2/152 812/8/151 809/9/151
f 813/4/153 814/6/154 815/2/154
f 815/2/154 816/8/153 813/4/153
f 817/9/155 818/26/155 819/2/155
f 819/2/155 820/8/155 817/9/155
f 821/4/156 822/6/156 823/2/156
f 823/2/156 824/8/156 821/4/156
f 825/9/157 826/26/157 827/2/157
f 827/2/157 828/8/157 825/9/157
f 829/4/140 830/6/140 831/2/140
f 831/2/140 832/8/140 829/4/140
f 833/9/141 834/26/141 835/2/141
f 835/2/141 836/8/141 833/9/141
f 837/4/158 838/6/159 839/2/159
f 839/2/159 840/8/158 837/4/158
f 841/9/160 842/26/161 843/2/161
f 843/2/161 844/8/160 841/9/160
f 845/4/162 846/6/163 847/2/163
f 847/2/163 848/8/162 845/4/162
f 849/9/164 850/26/164 851/2/164
f 851/2/164 852/8/164 849/9/164
f 853/4/159 854/6/159 855/2/159
f 855/2/159 856/8/159 853/4/159
f 857/9/165 858/26/165 859/2/165
f 859/2/165 860/8/166 857/9/165
f 861/5/167 862/6/167 863/7/167
f 864/8/168 865/9/168 862/6/169
f 862/6/169 861/5/169 864/8/168
f 865/9/170 866/10/170 863/7/171
f 863/7/171 862/6/171 865/9/170
f 866/10/172 864/8/173 861/5/174
f 861/5/174 863/7/174 866/10/172
f 867/4/175 868/1/175 869/3/175
f 870/2/175 869/3/175 868/1/175
f 871/2/176 872/1/176 873/3/176
f 874/4/176 873/3/176 872/1/176
f 870/11/177 868/12/177 871/13/177
f 872/14/177 871/13/177 868/12/177
f 869/3/178 870/2/179 873/3/180
f 871/2/181 873/3/180 870/2/179
f 867/12/182 869/11/183 874/14/182
f 873/13/183 874/14/182 869/11/183
f 868/1/184 867/4/185 872/1/185
f 874/4/186 872/1/185 867/4/185
f 875/5/167 876/6/167 877/7/167
f 878/8/187 879/9/187 876/6/169
f 876/6/169 875/5/169 878/8/187
f 879/9/170 880/10/170 877/7/171
f 877/7/171 876/6/171 879/9/170
f 880/10/173 878/8/173 875/5/188
f 875/5/188 877/7/188 880/10/173
f 881/4/175 882/1/175 883/3/175
f 884/2/175 883/3/175 882/1/175
f 885/2/176 886/1/176 887/3/176
f 888/4/176 887/3/176 886/1/176
f 884/11/177 882/12/177 885/13/177
f 886/14/177 885/13/177 882/12/177
f 883/3/178 884/2/180 887/3/181
f 885/2/189 887/3/181 884/2/180
f 881/12/190 883/11/191 888/14/190
f 887/13/191 888/14/190 883/11/191
f 882/1/192 881/4/193 886/1/194
f 888/4/195 886/1/194 881/4/193
f 889/5/1 890/6/1 891/7/1
f 892/8/196 893/9/196 890/6/197
f 890/6/197 889/5/197 892/8/196
f 893/9/198 894/10/198 891/7/199
f 891/7/199 890/6/199 893/9/198
f 894/10/200 892/8/200 889/5/201
f 889/5/201 891/7/201 894/10/200
f 895/4/66 896/1/66 897/3/66
f 898/2/66 897/3/66 896/1/66
f 899/2/1 900/1/1 901/3/1
f 902/4/1 901/3/1 900/1/1
f 898/11/202 896/12/202 899/13/202
f 900/14/202 899/13/202 896/12/202
f 897/3/203 898/2/203 901/3/203
f 899/2/203 901/3/203 898/2/203
f 895/12/204 897/11/205 902/14/204
f 901/13/205 902/14/204 897/11/205
f 896/1/206 895/4/206 900/1/206
f 902/4/206 900/1/206 895/4/206
f 903/5/1 904/6/1 905/7/1
f 906/8/207 907/9/207 904/6/208
f 904/6/208 903/5/209 906/8/207
f 907/9/210 908/10/210 905/7/211
f 905/7/211 904/6/211 907/9/210
f 908/10/212 906/8/212 903/5/213
f 903/5/213 905/7/213 908/10/212
f 909/4/66 910/1/66 911/3/66
f 912/2/66 911/3/66 910/1/66
f 913/2/1 914/1/1 915/3/1
f 916/4/1 915/3/1 914/1/1
f 912/11/214 910/12/214 913/13/214
f 914/14/214 913/13/214 910/12/214
f 911/3/215 912/2/216 915/3/216
f 913/2/217 915/3/216 912/2/216
f 909/12/218 911/11/219 916/14/218
f 915/13/219 916/14/218 911/11/219
f 910/1/220 909/4/220 914/1/220
f 916/4/221 914/1/220 909/4/220
f 917/5/1 918/6/1 919/7/1
f 920/8/222 921/9/222 918/6/223
f 918/6/223 917/5/223 920/8/222
f 921/9/224 922/10/225 919/7/199
f 919/7/199 918/6/199 921/9/224
f 922/10/226 920/8/226 917/5/227
f 917/5/227 919/7/227 922/10/226
f 923/4/66 924/1/66 925/3/66
f 926/2/66 925/3/66 924/1/66
f 927/2/1 928/1/1 929/3/1
f 930/4/1 929/3/1 928/1/1
f 926/11/202 924/12/228 927/13/202
f 928/14/228 927/13/202 924/12/228
f 925/3/229 926/2/229 929/3/229
f 927/2/229 929/3/229 926/2/229
f 923/12/204 925/11/204 930/14/204
f 929/13/204 930/14/204 925/11/204
f 924/1/230 923/4/230 928/1/230
f 930/4/230 928/1/230 923/4/230
f 931/5/1 932/6/1 933/7/1
f 934/8/231 935/9/231 932/6/232
f 932/6/232 931/5/232 934/8/231
f 935/9/233 936/10/233 933/7/234
f 933/7/234 932/6/234 935/9/233
f 936/10/235 934/8/235 931/5/236
f 931/5/236 933/7/236 936/10/235
f 937/4/66 938/1/66 939/3/66
f 940/2/66 939/3/66 938/1/66
f 941/2/1 942/1/1 943/3/1
f 944/4/1 943/3/1 942/1/1
f 940/11/214 938/12/237 941/13/214
f 942/14/237 941/13/214 938/12/237
f 939/3/238 940/2/238 943/3/238
f 941/2/238 943/3/238 940/2/238
f 937/12/219 939/11/219 944/14/219
f 943/13/219 944/14/219 939/11/219
f 938/1/221 937/4/221 942/1/221
f 944/4/221 942/1/221 937/4/221
f 945/5/1 946/6/1 947/7/1
f 948/8/197 949/9/197 946/6/239
f 946/6/239 945/5/239 948/8/197
f 949/9/225 950/10/225 947/7/240
f 947/7/240 946/6/240 949/9/225
f 950/10/241 948/8/241 945/5/227
f 945/5/227 947/7/227 950/10/241
f 951/4/66 952/1/66 953/3/66
f 954/2/66 953/3/66 952/1/66
f 955/2/1 956/1/1 957/3/1
f 958/4/1 957/3/1 956/1/1
f 954/11/202 952/12/202 955/13/202
f 956/14/202 955/13/202 952/12/202
f 953/3/229 954/2/229 957/3/229
f 955/2/229 957/3/229 954/2/229
f 951/12/204 953/11/204 958/14/204
f 957/13/204 958/14/204 953/11/204
f 952/1/206 951/4/206 956/1/206
f 958/4/206 956/1/206 951/4/206
f 959/5/1 960/6/1 961/7/1
f 962/8/242 963/9/243 960/6/244
f 960/6/244 959/5/244 962/8/242
f 963/9/245 964/10/245 961/7/246
f 961/7/246 960/6/246 963/9/245
f 964/10/247 962/8/247 959/5/213
f 959/5/213 961/7/213 964/10/247
f 965/4/66 966/1/66 967/3/66
f 968/2/66 967/3/66 966/1/66
f 969/2/1 970/1/1 971/3/1
f 972/4/1 971/3/1 970/1/1
f 968/11/214 966/12/214 969/13/214
f 970/14/214 969/13/214 966/12/214
f 967/3/248 968/2/215 971/3/215
f 969/2/216 971/3/215 968/2/215
f 965/12/249 967/11/250 972/14/249
f 971/13/250 972/14/249 967/11/250
f 966/1/251 965/4/251 970/1/251
f 972/4/251 970/1/251 965/4/251
f 973/5/1 974/6/1 975/7/1
f 976/8/252 977/9/252 974/6/223
f 974/6/223 973/5/223 976/8/252
f 977/9/198 978/10/198 975/7/240
f 975/7/240 974/6/240 977/9/198
f 978/10/200 976/8/200 973/5/226
f 973/5/226 975/7/226 978/10/200
f 979/4/66 980/1/66 981/3/66
f 982/2/66 981/3/66 980/1/66
f 983/2/1 984/1/1 985/3/1
f 986/4/1 985/3/1 984/1/1
f 982/11/202 980/12/202 983/13/202
f 984/14/202 983/13/202 980/12/202
f 981/3/253 982/2/253 985/3/253
f 983/2/253 985/3/253 982/2/253
f 979/12/204 981/11/204 986/14/204
f 985/13/204 986/14/204 981/11/204
f 980/1/206 979/4/206 984/1/206
f 986/4/206 984/1/206 979/4/206
f 987/5/1 988/6/1 989/7/1
f 990/8/254 991/9/254 988/6/255
f 988/6/255 987/5/255 990/8/254
f 991/9/256 992/10/256 989/7/246
f 989/7/246 988/6/246 991/9/256
f 992/10/235 990/8/235 987/5/247
f 987/5/247 989/7/247 992/10/235
f 993/4/66 994/1/66 995/3/66
f 996/2/66 995/3/66 994/1/66
f 997/2/1 998/1/1 999/3/1
f 1000/4/1 999/3/1 998/1/1
f 996/11/237 994/12/237 997/13/237
f 998/14/237 997/13/237 994/12/237
f 995/3/257 996/2/258 999/3/259
f 997/2/238 999/3/259 996/2/258
f 993/12/250 995/11/250 1000/14/250
f 999/13/250 1000/14/250 995/11/250
f 994/1/260 993/4/261 998/1/262
f 1000/4/263 998/1/262 993/4/261
f 1001/5/264 1002/6/264 1003/7/264
f 1004/8/265 1005/9/265 1002/6/266
f 1002/6/266 1001/5/266 1004/8/265
f 1005/9/267 1006/10/267 1003/7/267
f 1003/7/267 1002/6/267 1005/9/267
f 1006/10/268 1004/8/269 1001/5/270
f 1001/5/270 1003/7/270 1006/10/268
f 1007/4/271 1008/1/271 1009/3/271
f 1010/2/271 1009/3/271 1008/1/271
f 1011/2/272 1012/1/272 1013/3/272
f 1014/4/272 1013/3/272 1012/1/272
f 1010/11/273 1008/12/273 1011/13/273
f 1012/14/273 1011/13/273 1008/12/273
f 1009/3/274 1010/2/274 1013/3/274
f 1011/2/274 1013/3/274 1010/2/274
f 1007/12/275 1009/11/275 1014/14/275
f 1013/13/275 1014/14/275 1009/11/275
f 1008/1/276 1007/4/277 1012/1/278
f 1014/4/279 1012/1/278 1007/4/277
f 1015/5/280 1016/6/280 1017/7/280
f 1018/8/281 1019/9/281 1016/6/282
f 1016/6/282 1015/5/282 1018/8/281
f 1019/9/283 1020/10/283 1017/7/284
f 1017/7/284 1016/6/284 1019/9/283
f 1020/10/285 1018/8/285 1015/5/286
f 1015/5/286 1017/7/286 1020/10/285
f 1021/4/287 1022/1/287 1023/3/287
f 1024/2/287 1023/3/287 1022/1/287
f 1025/2/288 1026/1/289 1027/3/288
f 1028/4/289 1027/3/288 1026/1/289
f 1024/11/290 1022/12/291 1025/13/290
f 1026/14/291 1025/13/290 1022/12/291
f 1023/3/292 1024/2/293 1027/3/294
f 1025/2/295 1027/3/294 1024/2/293
f 1021/12/296 1023/11/297 1028/14/296
f 1027/13/297 1028/14/296 1023/11/297
f 1022/1/298 1021/4/299 1026/1/300
f 1028/4/301 1026/1/300 1021/4/299
f 1029/5/302 1030/6/302 1031/7/302
f 1032/8/303 1033/9/303 1030/6/304
f 1030/6/304 1029/5/304 1032/8/303
f 1033/9/305 1034/10/305 1031/7/305
f 1031/7/305 1030/6/305 1033/9/305
f 1034/10/306 1032/8/306 1029/5/307
f 1029/5/307 1031/7/307 1034/10/306
f 1035/4/308 1036/1/308 1037/3/308
f 1038/2/308 1037/3/308 1036/1/308
f 1039/2/309 1040/1/309 1041/3/309
f 1042/4/309 1041/3/309 1040/1/309
f 1038/11/310 1036/12/310 1039/13/310
f 1040/14/310 1039/13/310 1036/12/310
f 1037/3/311 1038/2/312 1041/3/313
f 1039/2/314 1041/3/313 1038/2/312
f 1035/12/315 1037/11/315 1042/14/315
f 1041/13/315 1042/14/315 1037/11/315
f 1036/1/316 1035/4/317 1040/1/318
f 1042/4/319 1040/1/318 1035/4/317
f 1043/5/320 1044/6/320 1045/7/320
f 1046/8/321 1047/9/322 1044/6/323
f 1044/6/323 1043/5/323 1046/8/321
f 1047/9/324 1048/10/324 1045/7/325
f 1045/7/325 1044/6/325 1047/9/324
f 1048/10/326 1046/8/326 1043/5/327
f 1043/5/327 1045/7/328 1048/10/326
f 1049/4/329 1050/1/329 1051/3/329
f 1052/2/329 1051/3/329 1050/1/329
f 1053/2/330 1054/1/330 1055/3/330
f 1056/4/330 1055/3/330 1054/1/330
f 1052/11/331 1050/12/331 1053/13/331
f 1054/14/331 1053/13/331 1050/12/331
f 1051/3/332 1052/2/333 1055/3/334
f 1053/2/335 1055/3/334 1052/2/333
f 1049/12/336 1051/11/336 1056/14/336
f 1055/13/336 1056/14/336 1051/11/336
f 1050/1/337 1049/4/337 1054/1/337
f 1056/4/337 1054/1/337 1049/4/337
f 1057/5/338 1058/6/338 1059/7/338
f 1060/8/339 1061/9/339 1058/6/340
f 1058/6/340 1057/5/340 1060/8/339
f 1061/9/341 1062/10/341 1059/7/342
f 1059/7/342 1058/6/343 1061/9/341
f 1062/10/344 1060/8/344 1057/5/345
f 1057/5/345 1059/7/345 1062/10/344
f 1063/4/346 1064/1/346 1065/3/346
f 1066/2/346 1065/3/346 1064/1/346
f 1067/2/338 1068/1/347 1069/3/338
f 1070/4/347 1069/3/338 1068/1/347
f 1066/11/348 1064/12/349 1067/13/348
f 1068/14/349 1067/13/348 1064/12/349
f 1065/3/350 1066/2/351 1069/3/352
f 1067/2/353 1069/3/352 1066/2/351
f 1063/12/354 1065/11/355 1070/14/354
f 1069/13/356 1070/14/354 1065/11/355
f 1064/1/357 1063/4/358 1068/1/358
f 1070/4/359 1068/1/358 1063/4/358
f 1071/5/360 1072/6/360 1073/7/360
f 1074/8/361 1075/9/361 1072/6/361
f 1072/6/361 1071/5/361 1074/8/361
f 1075/9/362 1076/10/362 1073/7/363
f 1073/7/363 1072/6/363 1075/9/362
f 1076/10/364 1074/8/364 1071/5/365
f 1071/5/365 1073/7/365 1076/10/364
f 1077/4/366 1078/1/366 1079/3/367
f 1080/2/367 1079/3/367 1078/1/366
f 1081/2/360 1082/1/360 1083/3/360
f 1084/4/360 1083/3/360 1082/1/360
f 1080/11/368 1078/12/368 1081/13/368
f 1082/14/368 1081/13/368 1078/12/368
f 1079/3/369 1080/2/370 1083/3/371
f 1081/2/372 1083/3/371 1080/2/370
f 1077/12/373 1079/11/374 1084/14/373
f 1083/13/375 1084/14/373 1079/11/374
f 1078/1/376 1077/4/376 1082/1/376
f 1084/4/376 1082/1/376 1077/4/376
f 1085/8/102 1086/4/102 1087/2/102
f 1088/6/102 1087/2/102 1086/4/102
f 1089/8/377 1090/9/377 1091/2/377
f 1092/26/377 1091/2/377 1090/9/377
f 1093/8/102 1094/4/102 1095/2/102
f 1096/6/102 1095/2/102 1094/4/102
f 1097/8/101 1098/9/101 1099/2/377
f 1100/26/377 1099/2/377 1098/9/101
f 1101/8/102 1102/4/102 1103/2/102
f 1104/6/102 1103/2/102 1102/4/102
f 1105/8/378 1106/9/101 1107/2/101
f 1108/26/101 1107/2/101 1106/9/101
f 1109/8/379 1110/4/379 1111/2/102
f 1112/6/102 1111/2/102 1110/4/379
f 1113/8/101 1114/9/101 1115/2/101
f 1116/26/101 1115/2/101 1114/9/101
f 1117/8/379 1118/4/379 1119/2/379
f 1120/6/379 1119/2/379 1118/4/379
f 1121/8/101 1122/9/101 1123/2/377
f 1124/26/377 1123/2/377 1122/9/101
f 1125/8/380 1126/4/380 1127/2/380
f 1128/6/380 1127/2/380 1126/4/380
f 1129/8/377 1130/9/377 1131/2/377
f 1132/26/377 1131/2/377 1130/9/377
f 1133/8/102 1134/4/102 1135/2/102
f 1136/6/102 1135/2/102 1134/4/102
f 1137/8/101 1138/9/101 1139/2/101
f 1140/26/101 1139/2/101 1138/9/101
f 1141/8/380 1142/4/380 1143/2/102
f 1144/6/102 1143/2/102 1142/4/380
f 1145/8/101 1146/9/101 1147/2/101
f 1148/26/101 1147/2/101 1146/9/101
f 1149/8/102 1150/4/102 1151/2/102
f 1152/6/102 1151/2/102 1150/4/102
f 1153/8/101 1154/9/101 1155/2/101
f 1156/26/101 1155/2/101 1154/9/101
f 1157/8/102 1158/4/102 1159/2/102
f 1160/6/102 1159/2/102 1158/4/102
f 1161/8/378 1162/9/101 1163/2/101
f 1164/26/101 1163/2/101 1162/9/101
f 1165/8/380 1166/4/380 1167/2/102
f 1168/6/102 1167/2/102 1166/4/380
f 1169/8/377 1170/9/377 1171/2/377
f 1172/26/377 1171/2/377 1170/9/377
f 1173/8/102 1174/4/102 1175/2/380
f 1176/6/380 1175/2/380 1174/4/102
f 1177/8/101 1178/9/101 1179/2/377
f 1180/26/377 1179/2/377 1178/9/101
f 1181/8/381 1182/4/381 1183/2/381
f 1184/6/381 1183/2/381 1182/4/381
f 1185/8/382 1186/9/382 1187/2/382
f 1188/26/382 1187/2/382 1186/9/382
f 1189/8/383 1190/4/383 1191/2/384
f 1192/6/384 1191/2/384 1190/4/383
f 1193/8/385 1194/9/385 1195/2/385
f 1196/26/385 1195/2/385 1194/9/385
f 1197/8/386 1198/4/386 1199/2/387
f 1200/6/387 1199/2/387 1198/4/386
f 1201/8/388 1202/9/388 1203/2/389
f 1204/26/389 1203/2/389 1202/9/388
f 1205/8/390 1206/4/390 1207/2/390
f 1208/6/390 1207/2/390 1206/4/390
f 1209/8/391 1210/9/391 1211/2/391
f 1212/26/391 1211/2/391 1210/9/391
f 1213/8/392 1214/4/392 1215/2/392
f 1216/6/392 1215/2/392 1214/4/392
f 1217/8/393 1218/9/393 1219/2/394
f 1220/26/394 1219/2/394 1218/9/393
f 1221/8/395 1222/4/395 1223/2/395
f 1224/6/395 1223/2/395 1222/4/395
f 1225/8/396 1226/9/396 1227/2/396
f 1228/26/396 1227/2/396 1226/9/396
f 1229/8/397 1230/4/397 1231/2/397
f 1232/6/397 1231/2/397 1230/4/397
f 1233/8/398 1234/9/398 1235/2/398
f 1236/26/398 1235/2/398 1234/9/398
f 1237/8/399 1238/4/399 1239/2/399
f 1240/6/399 1239/2/399 1238/4/399
f 1241/8/400 1242/9/400 1243/2/400
f 1244/26/400 1243/2/400 1242/9/400
f 1245/8/401 1246/4/401 1247/2/401
f 1248/6/401 1247/2/401 1246/4/401
f 1249/8/379 1250/9/379 1251/2/379
f 1252/26/379 1251/2/379 1250/9/379
f 1253/8/402 1254/4/402 1255/2/403
f 1256/6/403 1255/2/403 1254/4/402
f 1257/8/404 1258/9/404 1259/2/405
f 1260/26/405 1259/2/405 1258/9/404
f 1261/8/406 1262/4/406 1263/2/407
f 1264/6/407 1263/2/407 1262/4/406
f 1265/8/408 1266/9/408 1267/2/409
f 1268/26/409 1267/2/409 1266/9/408
f 1269/8/410 1270/4/410 1271/2/410
f 1272/6/410 1271/2/410 1270/4/410
f 1273/8/411 1274/9/411 1275/2/412
f 1276/26/412 1275/2/412 1274/9/411
f 1277/8/413 1278/4/413 1279/2/413
f 1280/6/413 1279/2/413 1278/4/413
f 1281/8/414 1282/9/414 1283/2/414
f 1284/26/414 1283/2/414 1282/9/414
f 1285/8/415 1286/4/415 1287/2/415
f 1288/6/415 1287/2/415 1286/4/415
f 1289/8/400 1290/9/400 1291/2/400
f 1292/26/400 1291/2/400 1290/9/400
f 1293/8/400 1294/4/400 1295/2/400
f 1296/6/400 1295/2/400 1294/4/400
f 1297/8/415 1298/9/415 1299/2/415
f 1300/26/415 1299/2/415 1298/9/415
f 1301/4/416 1302/1/416 1303/15/122
f 1304/16/122 1303/15/122 1302/1/416
f 1303/15/122 1304/16/122 1305/17/417
f 1306/2/417 1305/17/417 1304/16/122
f 1304/18/418 1302/8/418 1307/19/418
f 1308/20/418 1307/19/418 1302/8/418
f 1306/2/418 1304/18/418 1309/1/418
f 1307/19/418 1309/1/418 1304/18/418
f 1305/21/414 1306/22/414 1310/3/414
f 1309/2/419 1310/3/419 1306/22/419
f 1303/19/420 1305/22/421 1311/18/420
f 1310/2/421 1311/18/420 1305/22/421
f 1301/4/420 1303/19/420 1312/23/420
f 1311/18/420 1312/23/420 1303/19/420
f 1302/24/415 1301/8/415 1308/25/415
f 1312/20/415 1308/25/415 1301/8/415
f 1313/27/422 1314/28/422 1315/29/422
f 1315/29/422 1316/30/422 1313/27/422
f 1317/8/423 1318/4/424 1319/2/425
f 1320/6/426 1319/2/425 1318/4/424
f 1321/8/427 1322/9/427 1323/2/428
f 1324/26/428 1323/2/428 1322/9/427
f 1325/8/429 1326/4/429 1327/2/425
f 1328/6/425 1327/2/425 1326/4/429
f 1329/8/430 1330/9/430 1331/2/431
f 1332/26/431 1331/2/431 1330/9/430
f 1333/8/432 1334/4/433 1335/2/434
f 1336/6/434 1335/2/434 1334/4/433
f 1337/8/435 1338/9/435 1339/2/436
f 1340/26/436 1339/2/436 1338/9/435
f 1341/8/437 1342/4/437 1343/2/438
f 1344/6/438 1343/2/438 1342/4/437
f 1345/8/439 1346/9/439 1347/2/440
f 1348/26/440 1347/2/440 1346/9/439
f 1349/8/441 1350/4/441 1351/2/442
f 1352/6/442 1351/2/442 1350/4/441
f 1353/8/443 1354/9/443 1355/2/444
f 1356/26/444 1355/2/444 1354/9/443
f 1357/8/445 1358/4/445 1359/2/446
f 1360/6/446 1359/2/446 1358/4/445
f 1361/8/447 1362/9/447 1363/2/426
f 1364/26/426 1363/2/426 1362/9/447
f 1365/8/448 1366/4/448 1367/2/449
f 1368/6/449 1367/2/449 1366/4/448
f 1369/8/450 1370/9/450 1371/2/451
f 1372/26/452 1371/2/451 1370/9/450
f 1373/8/453 1374/4/453 1375/2/454
f 1376/6/454 1375/2/454 1374/4/453
f 1377/8/455 1378/9/455 1379/2/456
f 1380/26/456 1379/2/456 1378/9/455
f 1381/8/457 1382/4/457 1383/2/457
f 1384/6/457 1383/2/457 1382/4/457
f 1385/8/458 1386/9/458 1387/2/459
f 1388/26/459 1387/2/459 1386/9/458
f 1389/8/460 1390/4/460 1391/2/461
f 1392/6/461 1391/2/461 1390/4/460
f 1393/8/462 1394/9/462 1395/2/463
f 1396/26/463 1395/2/463 1394/9/462
f 1397/8/464 1398/4/464 1399/2/465
f 1400/6/465 1399/2/465 1398/4/464
f 1401/8/466 1402/9/467 1403/2/468
f 1404/26/469 1403/2/468 1402/9/467
f 1405/8/470 1406/4/470 1407/2/471
f 1408/6/471 1407/2/471 1406/4/470
f 1409/8/472 1410/9/472 1411/2/473
f 1412/26/473 1411/2/473 1410/9/472
f 1413/8/474 1414/4/474 1415/2/474
f 1416/6/474 1415/2/474 1414/4/474
f 1417/8/475 1418/9/475 1419/2/475
f 1420/26/475 1419/2/475 1418/9/475
f 1421/8/476 1422/4/476 1423/2/477
f 1424/6/477 1423/2/477 1422/4/476
f 1425/8/478 1426/9/478 1427/2/479
f 1428/26/479 1427/2/479 1426/9/478
f 1429/8/480 1430/4/480 1431/2/481
f 1432/6/481 1431/2/481 1430/4/480
f 1433/8/482 1434/9/482 1435/2/483
f 1436/26/484 1435/2/483 1434/9/482
f 1437/8/485 1438/4/486 1439/2/487
f 1440/6/487 1439/2/487 1438/4/486
f 1441/8/488 1442/9/488 1443/2/489
f 1444/26/489 1443/2/489 1442/9/488
f 1445/8/490 1446/4/490 1447/2/491
f 1448/6/491 1447/2/491 1446/4/490
f 1449/8/492 1450/9/492 1451/2/493
f 1452/26/493 1451/2/493 1450/9/492
f 1453/8/494 1454/4/494 1455/2/495
f 1456/6/495 1455/2/495 1454/4/494
f 1457/8/492 1458/9/492 1459/2/496
f 1460/26/496 1459/2/496 1458/9/492
f 1461/8/497 1462/4/497 1463/2/497
f 1464/6/497 1463/2/497 1462/4/497
f 1465/8/498 1466/9/498 1467/2/498
f 1468/26/498 1467/2/498 1466/9/498
f 1469/8/498 1470/4/498 1471/2/498
f 1472/6/498 1471/2/498 1470/4/498
f 1473/8/497 1474/9/497 1475/2/497
f 1476/26/497 1475/2/497 1474/9/497
f 1477/4/499 1478/1/499 1479/15/500
f 1480/16/501 1479/15/500 1478/1/499
f 1479/15/500 1480/16/501 1481/17/502
f 1482/2/499 1481/17/502 1480/16/501
f 1480/18/1 1478/8/1 1483/19/1
f 1484/20/1 1483/19/1 1478/8/1
f 1482/2/1 1480/18/1 1485/1/1
f 1483/19/1 1485/1/1 1480/18/1
f 1481/21/503 1482/22/504 1486/3/503
f 1485/2/505 1486/3/506 1482/22/505
f 1479/19/66 1481/22/66 1487/18/66
f 1486/2/66 1487/18/66 1481/22/66
f 1477/4/66 1479/19/66 1488/23/66
f 1487/18/66 1488/23/66 1479/19/66
f 1478/24/507 1477/8/507 1484/25/507
f 1488/20/507 1484/25/507 1477/8/507
f 1489/27/66 1490/28/66 1491/29/66
f 1491/29/66 1492/30/66 1489/27/66
f 1493/5/1 1494/6/1 1495/7/1
f 1496/8/508 1497/9/508 1494/6/509
f 1494/6/509 1493/5/510 1496/8/508
f 1497/9/511 1498/10/511 1495/7/512
f 1495/7/512 1494/6/512 1497/9/511
f 1498/10/513 1496/8/513 1493/5/514
f 1493/5/514 1495/7/514 1498/10/513
f 1499/4/66 1500/1/66 1501/3/66
f 1502/2/66 1501/3/66 1500/1/66
f 1503/2/1 1504/1/1 1505/3/1
f 1506/4/1 1505/3/1 1504/1/1
f 1502/11/515 1500/12/516 1503/13/515
f 1504/14/516 1503/13/515 1500/12/516
f 1501/3/517 1502/2/517 1505/3/517
f 1503/2/517 1505/3/517 1502/2/517
f 1499/12/518 1501/11/518 1506/14/518
f 1505/13/518 1506/14/518 1501/11/518
f 1500/1/519 1499/4/520 1504/1/520
f 1506/4/521 1504/1/520 1499/4/520
f 1507/5/1 1508/6/1 1509/7/1
f 1510/8/522 1511/9/523 1508/6/524
f 1508/6/524 1507/5/524 1510/8/522
f 1511/9/525 1512/10/525 1509/7/526
f 1509/7/526 1508/6/526 1511/9/525
f 1512/10/527 1510/8/527 1507/5/528
f 1507/5/528 1509/7/529 1512/10/527
f 1513/4/66 1514/1/66 1515/3/66
f 1516/2/66 1515/3/66 1514/1/66
f 1517/2/1 1518/1/1 1519/3/1
f 1520/4/1 1519/3/1 1518/1/1
f 1516/11/530 1514/12/530 1517/13/530
f 1518/14/530 1517/13/530 1514/12/530
f 1515/3/531 1516/2/532 1519/3/533
f 1517/2/534 1519/3/533 1516/2/532
f 1513/12/535 1515/11/535 1520/14/535
f 1519/13/535 1520/14/535 1515/11/535
f 1514/1/536 1513/4/536 1518/1/536
f 1520/4/536 1518/1/536 1513/4/536
f 1521/5/1 1522/6/1 1523/7/1
f 1524/8/537 1525/9/537 1522/6/538
f 1522/6/538 1521/5/538 1524/8/537
f 1525/9/539 1526/10/539 1523/7/540
f 1523/7/540 1522/6/540 1525/9/539
f 1526/10/541 1524/8/541 1521/5/541
f 1521/5/541 1523/7/541 1526/10/541
f 1527/4/66 1528/1/66 1529/3/66
f 1530/2/66 1529/3/66 1528/1/66
f 1531/2/1 1532/1/1 1533/3/1
f 1534/4/1 1533/3/1 1532/1/1
f 1530/11/542 1528/12/543 1531/13/542
f 1532/14/543 1531/13/542 1528/12/543
f 1529/3/544 1530/2/545 1533/3/546
f 1531/2/547 1533/3/546 1530/2/545
f 1527/12/548 1529/11/549 1534/14/548
f 1533/13/549 1534/14/548 1529/11/549
f 1528/1/550 1527/4/550 1532/1/550
f 1534/4/550 1532/1/550 1527/4/550
f 1535/5/1 1536/6/1 1537/7/1
f 1538/8/551 1539/9/552 1536/6/553
f 1536/6/553 1535/5/553 1538/8/551
f 1539/9/554 1540/10/555 1537/7/556
f 1537/7/556 1536/6/557 1539/9/554
f 1540/10/558 1538/8/558 1535/5/559
f 1535/5/559 1537/7/559 1540/10/558
f 1541/4/66 1542/1/66 1543/3/560
f 1544/2/560 1543/3/560 1542/1/66
f 1545/2/1 1546/1/1 1547/3/1
f 1548/4/1 1547/3/1 1546/1/1
f 1544/11/561 1542/12/561 1545/13/561
f 1546/14/561 1545/13/561 1542/12/561
f 1543/3/562 1544/2/563 1547/3/563
f 1545/2/563 1547/3/563 1544/2/563
f 1541/12/564 1543/11/565 1548/14/564
f 1547/13/565 1548/14/564 1543/11/565
f 1542/1/566 1541/4/566 1546/1/566
f 1548/4/566 1546/1/566 1541/4/566
f 1549/8/567 1550/4/567 1551/2/568
f 1552/6/568 1551/2/568 1550/4/567
f 1553/8/569 1554/9/569 1555/2/569
f 1556/26/569 1555/2/569 1554/9/569
f 1557/8/570 1558/4/570 1559/2/571
f 1560/6/571 1559/2/571 1558/4/570
f 1561/8/572 1562/9/572 1563/2/573
f 1564/26/573 1563/2/573 1562/9/572
f 1565/8/574 1566/4/574 1567/2/575
f 1568/6/575 1567/2/575 1566/4/574
f 1569/8/576 1570/9/576 1571/2/576
f 1572/26/576 1571/2/576 1570/9/576
f 1573/8/577 1574/4/577 1575/2/577
f 1576/6/577 1575/2/577 1574/4/577
f 1577/8/578 1578/9/578 1579/2/578
f 1580/26/578 1579/2/578 1578/9/578
f 1581/8/579 1582/4/579 1583/2/579
f 1584/6/579 1583/2/579 1582/4/579
f 1585/8/580 1586/9/580 1587/2/580
f 1588/26/580 1587/2/580 1586/9/580
f 1589/8/581 1590/4/581 1591/2/582
f 1592/6/582 1591/2/582 1590/4/581
f 1593/8/583 1594/9/583 1595/2/584
f 1596/26/584 1595/2/584 1594/9/583
f 1597/8/585 1598/4/585 1599/2/585
f 1600/6/585 1599/2/585 1598/4/585
f 1601/8/586 1602/9/586 1603/2/587
f 1604/26/587 1603/2/587 1602/9/586
f 1605/8/588 1606/4/588 1607/2/588
f 1608/6/588 1607/2/588 1606/4/588
f 1609/8/589 1610/9/589 1611/2/589
f 1612/26/589 1611/2/589 1610/9/589
f 1613/8/101 1614/4/101 1615/2/101
f 1616/6/101 1615/2/101 1614/4/101
f 1617/8/102 1618/9/102 1619/2/102
f 1620/26/102 1619/2/102 1618/9/102
f 1621/8/590 1622/4/590 1623/2/590
f 1624/6/590 1623/2/590 1622/4/590
f 1625/8/591 1626/9/591 1627/2/592
f 1628/26/592 1627/2/592 1626/9/591
f 1629/8/593 1630/4/593 1631/2/593
f 1632/6/593 1631/2/593 1630/4/593
f 1633/8/594 1634/9/594 1635/2/594
f 1636/26/594 1635/2/594 1634/9/594
f 1637/8/595 1638/4/595 1639/2/595
f 1640/6/595 1639/2/595 1638/4/595
f 1641/8/596 1642/9/596 1643/2/596
f 1644/26/596 1643/2/596 1642/9/596
f 1645/8/597 1646/4/597 1647/2/597
f 1648/6/597 1647/2/597 1646/4/597
f 1649/8/598 1650/9/598 1651/2/598
f 1652/26/598 1651/2/598 1650/9/598
f 1653/8/594 1654/4/594 1655/2/599
f 1656/6/599 1655/2/599 1654/4/594
f 1657/8/593 1658/9/593 1659/2/593
f 1660/26/593 1659/2/593 1658/9/593
f 1661/8/600 1662/4/600 1663/2/600
f 1664/6/600 1663/2/600 1662/4/600
f 1665/8/590 1666/9/590 1667/2/590
f 1668/26/590 1667/2/590 1666/9/590
f 1669/8/601 1670/4/601 1671/2/602
f 1672/6/602 1671/2/602 1670/4/601
f 1673/8/603 1674/9/603 1675/2/603
f 1676/26/603 1675/2/603 1674/9/603
f 1677/8/569 1678/4/569 1679/2/569
f 1680/6/569 1679/2/569 1678/4/569
f 1681/8/568 1682/9/568 1683/2/568
f 1684/26/568 1683/2/568 1682/9/568
f 1685/8/586 1686/4/586 1687/2/604
f 1688/6/604 1687/2/604 1686/4/586
f 1689/8/605 1690/9/605 1691/2/606
f 1692/26/606 1691/2/606 1690/9/605
f 1693/8/607 1694/4/607 1695/2/607
f 1696/6/607 1695/2/607 1694/4/607
f 1697/8/608 1698/9/608 1699/2/608
f 1700/26/608 1699/2/608 1698/9/608
f 1701/8/609 1702/4/609 1703/2/609
f 1704/6/609 1703/2/609 1702/4/609
f 1705/8/610 1706/9/610 1707/2/611
f 1708/26/612 1707/2/611 1706/9/610
f 1709/8/576 1710/4/576 1711/2/576
f 1712/6/576 1711/2/576 1710/4/576
f 1713/8/574 1714/9/574 1715/2/574
f 1716/26/574 1715/2/574 1714/9/574
f 1717/8/613 1718/4/613 1719/2/613
f 1720/6/613 1719/2/613 1718/4/613
f 1721/8/570 1722/9/570 1723/2/570
f 1724/26/570 1723/2/570 1722/9/570
f 1725/8/614 1726/4/614 1727/2/614
f 1728/6/614 1727/2/614 1726/4/614
f 1729/8/615 1730/9/615 1731/2/615
f 1732/26/615 1731/2/615 1730/9/615
f 1733/8/616 1734/4/616 1735/2/616
f 1736/6/616 1735/2/616 1734/4/616
f 1737/8/617 1738/9/617 1739/2/617
f 1740/26/617 1739/2/617 1738/9/617
f 1741/8/618 1742/4/618 1743/2/618
f 1744/6/618 1743/2/618 1742/4/618
f 1745/8/619 1746/9/619 1747/2/619
f 1748/26/619 1747/2/619 1746/9/619
f 1749/8/620 1750/4/620 1751/2/620
f 1752/6/620 1751/2/620 1750/4/620
f 1753/8/621 1754/9/621 1755/2/621
f 1756/26/621 1755/2/621 1754/9/621
f 1757/8/621 1758/4/621 1759/2/621
f 1760/6/621 1759/2/621 1758/4/621
f 1761/8/620 1762/9/620 1763/2/620
f 1764/26/620 1763/2/620 1762/9/620
f 1765/4/622 1766/1/622 1767/15/623
f 1768/16/624 1767/15/623 1766/1/622
f 1767/15/623 1768/16/624 1769/17/625
f 1770/2/626 1769/17/625 1768/16/624
f 1768/18/627 1766/8/627 1771/19/627
f 1772/20/627 1771/19/627 1766/8/627
f 1770/2/628 1768/18/628 1773/1/628
f 1771/19/627 1773/1/627 1768/18/627
f 1769/21/629 1770/22/629 1774/3/629
f 1773/2/630 1774/3/630 1770/22/630
f 1767/19/631 1769/22/632 1775/18/631
f 1774/2/632 1775/18/631 1769/22/632
f 1765/4/631 1767/19/631 1776/23/631
f 1775/18/631 1776/23/631 1767/19/631
f 1766/24/633 1765/8/633 1772/25/633
f 1776/20/633 1772/25/633 1765/8/633
f 1777/27/634 1778/28/635 1779/29/635
f 1779/29/635 1780/30/636 1777/27/634
f 1781/8/637 1782/4/637 1783/2/637
f 1784/6/637 1783/2/637 1782/4/637
f 1785/8/638 1786/9/638 1787/2/638
f 1788/26/638 1787/2/638 1786/9/638
f 1789/5/639 1790/6/639 1791/7/639
f 1792/8/640 1793/9/640 1790/6/640
f 1790/6/640 1789/5/640 1792/8/640
f 1793/9/641 1794/10/641 1791/7/642
f 1791/7/642 1790/6/642 1793/9/641
f 1794/10/643 1792/8/643 1789/5/643
f 1789/5/643 1791/7/643 1794/10/643
f 1795/4/644 1796/1/644 1797/3/644
f 1798/2/644 1797/3/644 1796/1/644
f 1799/2/639 1800/1/639 1801/3/639
f 1802/4/639 1801/3/639 1800/1/639
f 1798/11/645 1796/12/646 1799/13/645
f 1800/14/646 1799/13/645 1796/12/646
f 1797/3/647 1798/2/647 1801/3/647
f 1799/2/647 1801/3/647 1798/2/647
f 1795/12/648 1797/11/649 1802/14/648
f 1801/13/649 1802/14/648 1797/11/649
f 1796/1/642 1795/4/650 1800/1/650
f 1802/4/641 1800/1/650 1795/4/650
f 1803/5/651 1804/6/651 1805/7/651
f 1806/8/652 1807/9/652 1804/6/652
f 1804/6/652 1803/5/652 1806/8/652
f 1807/9/653 1808/10/653 1805/7/654
f 1805/7/654 1804/6/654 1807/9/653
f 1808/10/655 1806/8/655 1803/5/655
f 1803/5/655 1805/7/655 1808/10/655
f 1809/4/656 1810/1/656 1811/3/656
f 1812/2/656 1811/3/656 1810/1/656
f 1813/2/657 1814/1/657 1815/3/657
f 1816/4/657 1815/3/657 1814/1/657
f 1812/11/658 1810/12/658 1813/13/658
f 1814/14/658 1813/13/658 1810/12/658
f 1811/3/659 1812/2/660 1815/3/660
f 1813/2/661 1815/3/660 1812/2/660
f 1809/12/662 1811/11/662 1816/14/662
f 1815/13/662 1816/14/662 1811/11/662
f 1810/1/663 1809/4/663 1814/1/663
f 1816/4/663 1814/1/663 1809/4/663
f 1817/5/664 1818/6/664 1819/7/664
f 1820/8/665 1821/9/665 1818/6/665
f 1818/6/665 1817/5/665 1820/8/665
f 1821/9/666 1822/10/666 1819/7/667
f 1819/7/667 1818/6/667 1821/9/666
f 1822/10/668 1820/8/668 1817/5/668
f 1817/5/668 1819/7/668 1822/10/668
f 1823/4/669 1824/1/669 1825/3/669
f 1826/2/669 1825/3/669 1824/1/669
f 1827/2/670 1828/1/670 1829/3/670
f 1830/4/670 1829/3/670 1828/1/670
f 1826/11/671 1824/12/672 1827/13/671
f 1828/14/672 1827/13/671 1824/12/672
f 1825/3/673 1826/2/674 1829/3/675
f 1827/2/675 1829/3/675 1826/2/674
f 1823/12/676 1825/11/677 1830/14/676
f 1829/13/677 1830/14/676 1825/11/677
f 1824/1/678 1823/4/678 1828/1/678
f 1830/4/678 1828/1/678 1823/4/678
f 1831/8/679 1832/4/679 1833/2/680
f 1834/6/680 1833/2/680 1832/4/679
f 1835/8/681 1836/9/681 1837/2/681
f 1838/26/681 1837/2/681 1836/9/681
f 1839/8/682 1840/4/682 1841/2/682
f 1842/6/682 1841/2/682 1840/4/682
f 1843/8/122 1844/9/122 1845/2/122
f 1846/26/122 1845/2/122 1844/9/122
f 1847/8/683 1848/4/683 1849/2/684
f 1850/6/684 1849/2/684 1848/4/683
f 1851/8/685 1852/9/685 1853/2/686
f 1854/26/686 1853/2/686 1852/9/685
f 1855/8/687 1856/4/687 1857/2/687
f 1858/6/687 1857/2/687 1856/4/687
f 1859/8/688 1860/9/688 1861/2/688
f 1862/26/688 1861/2/688 1860/9/688
f 1863/8/689 1864/4/689 1865/2/689
f 1866/6/689 1865/2/689 1864/4/689
f 1867/8/690 1868/9/690 1869/2/691
f 1870/26/691 1869/2/691 1868/9/690
f 1871/8/692 1872/4/692 1873/2/692
f 1874/6/692 1873/2/692 1872/4/692
f 1875/8/693 1876/9/693 1877/2/694
f 1878/26/694 1877/2/694 1876/9/693
f 1879/8/695 1880/4/695 1881/2/696
f 1882/6/696 1881/2/696 1880/4/695
f 1883/8/697 1884/9/697 1885/2/698
f 1886/26/698 1885/2/698 1884/9/697
f 1887/8/699 1888/4/699 1889/2/700
f 1890/6/700 1889/2/700 1888/4/699
f 1891/8/701 1892/9/701 1893/2/701
f 1894/26/701 1893/2/701 1892/9/701
f 1895/8/702 1896/4/702 1897/2/703
f 1898/6/703 1897/2/703 1896/4/702
f 1899/8/609 1900/9/609 1901/2/609
f 1902/26/609 1901/2/609 1900/9/609
f 1903/8/704 1904/4/704 1905/2/704
f 1906/6/704 1905/2/704 1904/4/704
f 1907/8/705 1908/9/705 1909/2/706
f 1910/26/706 1909/2/706 1908/9/705
f 1911/8/689 1912/4/689 1913/2/707
f 1914/6/707 1913/2/707 1912/4/689
f 1915/8/693 1916/9/693 1917/2/708
f 1918/26/708 1917/2/708 1916/9/693
f 1919/8/709 1920/4/709 1921/2/707
f 1922/6/707 1921/2/707 1920/4/709
f 1923/8/710 1924/9/710 1925/2/694
f 1926/26/693 1925/2/694 1924/9/710
f 1927/8/710 1928/4/710 1929/2/693
f 1930/6/693 1929/2/693 1928/4/710
f 1931/8/689 1932/9/689 1933/2/707
f 1934/26/707 1933/2/707 1932/9/689
f 1935/8/710 1936/4/710 1937/2/694
f 1938/6/694 1937/2/694 1936/4/710
f 1939/8/707 1940/9/707 1941/2/707
f 1942/26/707 1941/2/707 1940/9/707
f 1943/8/711 1944/4/711 1945/2/712
f 1946/6/712 1945/2/712 1944/4/711
f 1947/8/713 1948/9/713 1949/2/713
f 1950/26/713 1949/2/713 1948/9/713
f 1951/8/693 1952/4/693 1953/2/708
f 1954/6/708 1953/2/708 1952/4/693
f 1955/8/709 1956/9/709 1957/2/714
f 1958/26/714 1957/2/714 1956/9/709
f 1959/8/715 1960/4/715 1961/2/715
f 1962/6/715 1961/2/715 1960/4/715
f 1963/8/680 1964/9/680 1965/2/716
f 1966/26/716 1965/2/716 1964/9/680
f 1967/8/717 1968/4/717 1969/2/717
f 1970/6/717 1969/2/717 1968/4/717
f 1971/8/695 1972/9/695 1973/2/696
f 1974/26/696 1973/2/696 1972/9/695
f 1975/8/694 1976/4/694 1977/2/694
f 1978/6/694 1977/2/694 1976/4/694
f 1979/8/709 1980/9/709 1981/2/709
f 1982/26/709 1981/2/709 1980/9/709
f 1983/8/718 1984/4/718 1985/2/719
f 1986/6/719 1985/2/719 1984/4/718
f 1987/8/720 1988/9/720 1989/2/721
f 1990/26/721 1989/2/721 1988/9/720
f 1991/8/722 1992/4/722 1993/2/722
f 1994/6/722 1993/2/722 1992/4/722
f 1995/8/723 1996/9/723 1997/2/723
f 1998/26/723 1997/2/723 1996/9/723
f 1999/8/724 2000/4/724 2001/2/725
f 2002/6/725 2001/2/725 2000/4/724
f 2003/8/726 2004/9/726 2005/2/727
f 2006/26/727 2005/2/727 2004/9/726
f 2007/8/122 2008/4/122 2009/2/122
f 2010/6/122 2009/2/122 2008/4/122
f 2011/8/99 2012/9/99 2013/2/99
f 2014/26/99 2013/2/99 2012/9/99
f 2015/8/728 2016/4/728 2017/2/728
f 2018/6/728 2017/2/728 2016/4/728
f 2019/8/729 2020/9/729 2021/2/729
f 2022/26/729 2021/2/729 2020/9/729
f 2023/8/730 2024/4/730 2025/2/731
f 2026/6/731 2025/2/731 2024/4/730
f 2027/8/732 2028/9/732 2029/2/732
f 2030/26/732 2029/2/732 2028/9/732
f 2031/8/733 2032/4/733 2033/2/733
f 2034/6/733 2033/2/733 2032/4/733
f 2035/8/28 2036/9/28 2037/2/28
f 2038/26/28 2037/2/28 2036/9/28
f 2039/8/28 2040/4/28 2041/2/28
f 2042/6/28 2041/2/28 2040/4/28
f 2043/8/733 2044/9/733 2045/2/734
f 2046/26/734 2045/2/734 2044/9/733
f 2047/4/735 2048/1/735 2049/15/736
f 2050/16/736 2049/15/736 2048/1/735
f 2049/15/736 2050/16/736 2051/17/736
f 2052/2/736 2051/17/736 2050/16/736
f 2050/18/737 2048/8/738 2053/19/737
f 2054/20/738 2053/19/737 2048/8/738
f 2052/2/739 2050/18/740 2055/1/739
f 2053/19/737 2055/1/741 2050/18/737
f 2051/21/742 2052/22/742 2056/3/742
f 2055/2/743 2056/3/743 2052/22/743
f 2049/19/744 2051/22/745 2057/18/744
f 2056/2/745 2057/18/744 2051/22/745
f 2047/4/746 2049/19/746 2058/23/746
f 2057/18/744 2058/23/747 2049/19/744
f 2048/24/748 2047/8/748 2054/25/748
f 2058/20/748 2054/25/748 2047/8/748
f 2059/27/749 2060/28/750 2061/29/750
f 2061/29/750 2062/30/751 2059/27/749
f 2063/5/752 2064/6/752 2065/7/752
f 2066/8/753 2067/9/753 2064/6/754
f 2064/6/754 2063/5/754 2066/8/753
f 2067/9/755 2068/10/755 2065/7/755
f 2065/7/755 2064/6/755 2067/9/755
f 2068/10/756 2066/8/756 2063/5/757
f 2063/5/757 2065/7/757 2068/10/756
f 2069/4/758 2070/1/758 2071/3/759
f 2072/2/759 2071/3/759 2070/1/758
f 2073/2/752 2074/1/752 2075/3/752
f 2076/4/752 2075/3/752 2074/1/752
f 2072/11/760 2070/12/760 2073/13/760
f 2074/14/760 2073/13/760 2070/12/760
f 2071/3/761 2072/2/761 2075/3/761
f 2073/2/761 2075/3/761 2072/2/761
f 2069/12/762 2071/11/762 2076/14/762
f 2075/13/762 2076/14/762 2071/11/762
f 2070/1/763 2069/4/763 2074/1/763
f 2076/4/763 2074/1/763 2069/4/763
f 2077/5/764 2078/6/764 2079/7/764
f 2080/8/765 2081/9/765 2078/6/766
f 2078/6/766 2077/5/766 2080/8/765
f 2081/9/767 2082/10/767 2079/7/768
f 2079/7/768 2078/6/768 2081/9/767
f 2082/10/769 2080/8/769 2077/5/770
f 2077/5/770 2079/7/770 2082/10/769
f 2083/4/771 2084/1/771 2085/3/771
f 2086/2/771 2085/3/771 2084/1/771
f 2087/2/772 2088/1/773 2089/3/772
f 2090/4/773 2089/3/772 2088/1/773
f 2086/11/774 2084/12/774 2087/13/774
f 2088/14/774 2087/13/774 2084/12/774
f 2085/3/775 2086/2/775 2089/3/775
f 2087/2/775 2089/3/775 2086/2/775
f 2083/12/776 2085/11/776 2090/14/776
f 2089/13/776 2090/14/776 2085/11/776
f 2084/1/777 2083/4/777 2088/1/777
f 2090/4/777 2088/1/777 2083/4/777
f 2091/5/778 2092/6/778 2093/7/778
f 2094/8/779 2095/9/779 2092/6/779
f 2092/6/779 2091/5/779 2094/8/779
f 2095/9/780 2096/10/780 2093/7/781
f 2093/7/781 2092/6/781 2095/9/780
f 2096/10/782 2094/8/782 2091/5/782
f 2091/5/782 2093/7/782 2096/10/782
f 2097/4/783 2098/1/783 2099/3/783
f 2100/2/783 2099/3/783 2098/1/783
f 2101/2/784 2102/1/784 2103/3/784
f 2104/4/784 2103/3/784 2102/1/784
f 2100/11/785 2098/12/786 2101/13/785
f 2102/14/786 2101/13/785 2098/12/786
f 2099/3/787 2100/2/788 2103/3/789
f 2101/2/790 2103/3/789 2100/2/788
f 2097/12/791 2099/11/792 2104/14/791
f 2103/13/792 2104/14/791 2099/11/792
f 2098/1/793 2097/4/793 2102/1/794
f 2104/4/794 2102/1/794 2097/4/793
f 2105/5/795 2106/6/795 2107/7/795
f 2108/8/796 2109/9/796 2106/6/796
f 2106/6/796 2105/5/796 2108/8/796
f 2109/9/797 2110/10/797 2107/7/798
f 2107/7/798 2106/6/798 2109/9/797
f 2110/10/799 2108/8/799 2105/5/800
f 2105/5/800 2107/7/800 2110/10/799
f 2111/4/801 2112/1/801 2113/3/801
f 2114/2/801 2113/3/801 2112/1/801
f 2115/2/802 2116/1/803 2117/3/802
f 2118/4/803 2117/3/802 2116/1/803
f 2114/11/804 2112/12/804 2115/13/804
f 2116/14/804 2115/13/804 2112/12/804
f 2113/3/805 2114/2/806 2117/3/807
f 2115/2/808 2117/3/807 2114/2/806
f 2111/12/809 2113/11/810 2118/14/809
f 2117/13/810 2118/14/809 2113/11/810
f 2112/1/811 2111/4/811 2116/1/811
f 2118/4/811 2116/1/811 2111/4/811
f 2119/5/812 2120/6/812 2121/7/812
f 2122/8/813 2123/9/813 2120/6/814
f 2120/6/814 2119/5/814 2122/8/813
f 2123/9/815 2124/10/815 2121/7/816
f 2121/7/816 2120/6/816 2123/9/815
f 2124/10/817 2122/8/817 2119/5/818
f 2119/5/818 2121/7/818 2124/10/817
f 2125/4/819 2126/1/819 2127/3/820
f 2128/2/820 2127/3/820 2126/1/819
f 2129/2/821 2130/1/822 2131/3/821
f 2132/4/822 2131/3/821 2130/1/822
f 2128/11/823 2126/12/824 2129/13/823
f 2130/14/824 2129/13/823 2126/12/824
f 2127/3/825 2128/2/826 2131/3/827
f 2129/2/828 2131/3/827 2128/2/826
f 2125/12/829 2127/11/830 2132/14/829
f 2131/13/830 2132/14/829 2127/11/830
f 2126/1/831 2125/4/831 2130/1/831
f 2132/4/832 2130/1/831 2125/4/831
f 2133/5/1 2134/6/1 2135/7/1
f 2136/8/21 2137/9/21 2134/6/833
f 2134/6/833 2133/5/833 2136/8/21
f 2137/9/86 2138/10/86 2135/7/86
f 2135/7/86 2134/6/86 2137/9/86
f 2138/10/834 2136/8/834 2133/5/835
f 2133/5/835 2135/7/835 2138/10/834
f 2139/4/66 2140/1/66 2141/3/66
f 2142/2/66 2141/3/66 2140/1/66
f 2143/2/1 2144/1/1 2145/3/1
f 2146/4/1 2145/3/1 2144/1/1
f 2142/11/40 2140/12/40 2143/13/40
f 2144/14/40 2143/13/40 2140/12/40
f 2141/3/13 2142/2/13 2145/3/13
f 2143/2/13 2145/3/13 2142/2/13
f 2139/12/15 2141/11/15 2146/14/15
f 2145/13/15 2146/14/15 2141/11/15
f 2140/1/17 2139/4/5 2144/1/43
f 2146/4/18 2144/1/43 2139/4/5
f 2147/5/836 2148/6/836 2149/7/836
f 2150/8/837 2151/9/837 2148/6/838
f 2148/6/838 2147/5/838 2150/8/837
f 2151/9/839 2152/10/839 2149/7/840
f 2149/7/840 2148/6/840 2151/9/839
f 2152/10/841 2150/8/841 2147/5/841
f 2147/5/841 2149/7/841 2152/10/841
f 2153/4/842 2154/1/842 2155/3/842
f 2156/2/842 2155/3/842 2154/1/842
f 2157/2/843 2158/1/844 2159/3/843
f 2160/4/844 2159/3/843 2158/1/844
f 2156/11/845 2154/12/846 2157/13/845
f 2158/14/846 2157/13/845 2154/12/846
f 2155/3/847 2156/2/847 2159/3/847
f 2157/2/847 2159/3/847 2156/2/847
f 2153/12/848 2155/11/849 2160/14/848
f 2159/13/849 2160/14/848 2155/11/849
f 2154/1/850 2153/4/850 2158/1/850
f 2160/4/850 2158/1/850 2153/4/850
f 2161/5/851 2162/6/851 2163/7/851
f 2164/8/852 2165/9/852 2162/6/853
f 2162/6/853 2161/5/853 2164/8/852
f 2165/9/854 2166/10/854 2163/7/855
f 2163/7/855 2162/6/855 2165/9/854
f 2166/10/856 2164/8/856 2161/5/857
f 2161/5/857 2163/7/857 2166/10/856
f 2167/4/858 2168/1/858 2169/3/858
f 2170/2/858 2169/3/858 2168/1/858
f 2171/2/859 2172/1/859 2173/3/859
f 2174/4/859 2173/3/859 2172/1/859
f 2170/11/860 2168/12/860 2171/13/860
f 2172/14/860 2171/13/860 2168/12/860
f 2169/3/861 2170/2/862 2173/3/863
f 2171/2/143 2173/3/863 2170/2/862
f 2167/12/864 2169/11/864 2174/14/864
f 2173/13/864 2174/14/864 2169/11/864
f 2168/1/865 2167/4/865 2172/1/865
f 2174/4/865 2172/1/865 2167/4/865
f 2175/5/866 2176/6/866 2177/7/866
f 2178/8/867 2179/9/867 2176/6/868
f 2176/6/868 2175/5/868 2178/8/867
f 2179/9/869 2180/10/869 2177/7/870
f 2177/7/870 2176/6/870 2179/9/869
f 2180/10/871 2178/8/871 2175/5/872
f 2175/5/872 2177/7/872 2180/10/871
f 2181/4/873 2182/1/873 2183/3/873
f 2184/2/873 2183/3/873 2182/1/873
f 2185/2/866 2186/1/866 2187/3/866
f 2188/4/866 2187/3/866 2186/1/866
f 2184/11/874 2182/12/874 2185/13/874
f 2186/14/874 2185/13/874 2182/12/874
f 2183/3/875 2184/2/876 2187/3/877
f 2185/2/230 2187/3/877 2184/2/876
f 2181/12/878 2183/11/878 2188/14/878
f 2187/13/878 2188/14/878 2183/11/878
f 2182/1/879 2181/4/879 2186/1/879
f 2188/4/879 2186/1/879 2181/4/879
f 2189/8/880 2190/4/880 2191/2/881
f 2192/6/881 2191/2/881 2190/4/880
f 2193/8/882 2194/9/882 2195/2/882
f 2196/26/882 2195/2/882 2194/9/882
f 2197/8/883 2198/4/883 2199/2/883
f 2200/6/883 2199/2/883 2198/4/883
f 2201/8/884 2202/9/884 2203/2/884
f 2204/26/884 2203/2/884 2202/9/884
f 2205/8/885 2206/4/885 2207/2/885
f 2208/6/885 2207/2/885 2206/4/885
f 2209/8/886 2210/9/886 2211/2/886
f 2212/26/886 2211/2/886 2210/9/886
f 2213/8/887 2214/4/887 2215/2/887
f 2216/6/887 2215/2/887 2214/4/887
f 2217/8/888 2218/9/888 2219/2/889
f 2220/26/889 2219/2/889 2218/9/888
f 2221/8/890 2222/4/890 2223/2/891
f 2224/6/891 2223/2/891 2222/4/890
f 2225/8/892 2226/9/892 2227/2/893
f 2228/26/893 2227/2/893 2226/9/892
f 2229/8/894 2230/4/894 2231/2/895
f 2232/6/895 2231/2/895 2230/4/894
f 2233/8/896 2234/9/896 2235/2/896
f 2236/26/896 2235/2/896 2234/9/896
f 2237/8/897 2238/4/897 2239/2/897
f 2240/6/897 2239/2/897 2238/4/897
f 2241/8/898 2242/9/898 2243/2/899
f 2244/26/899 2243/2/899 2242/9/898
f 2245/8/900 2246/4/900 2247/2/900
f 2248/6/900 2247/2/900 2246/4/900
f 2249/8/901 2250/9/901 2251/2/901
f 2252/26/901 2251/2/901 2250/9/901
f 2253/8/902 2254/4/902 2255/2/902
f 2256/6/902 2255/2/902 2254/4/902
f 2257/8/903 2258/9/903 2259/2/903
f 2260/26/903 2259/2/903 2258/9/903
f 2261/8/904 2262/4/904 2263/2/905
f 2264/6/905 2263/2/905 2262/4/904
f 2265/8/906 2266/9/906 2267/2/907
f 2268/26/907 2267/2/907 2266/9/906
f 2269/8/908 2270/4/908 2271/2/908
f 2272/6/908 2271/2/908 2270/4/908
f 2273/8/909 2274/9/909 2275/2/910
f 2276/26/910 2275/2/910 2274/9/909
f 2277/8/911 2278/4/911 2279/2/911
f 2280/6/911 2279/2/911 2278/4/911
f 2281/8/912 2282/9/912 2283/2/912
f 2284/26/912 2283/2/912 2282/9/912
f 2285/8/122 2286/4/122 2287/2/122
f 2288/6/122 2287/2/122 2286/4/122
f 2289/8/99 2290/9/99 2291/2/99
f 2292/26/99 2291/2/99 2290/9/99
f 2293/8/122 2294/4/122 2295/2/122
f 2296/6/122 2295/2/122 2294/4/122
f 2297/8/99 2298/9/99 2299/2/99
f 2300/26/99 2299/2/99 2298/9/99
f 2301/8/122 2302/4/122 2303/2/122
f 2304/6/122 2303/2/122 2302/4/122
f 2305/8/99 2306/9/99 2307/2/99
f 2308/26/99 2307/2/99 2306/9/99
f 2309/8/122 2310/4/122 2311/2/122
f 2312/6/122 2311/2/122 2310/4/122
f 2313/8/99 2314/9/99 2315/2/99
f 2316/26/99 2315/2/99 2314/9/99
f 2317/8/122 2318/4/122 2319/2/122
f 2320/6/122 2319/2/122 2318/4/122
f 2321/8/682 2322/9/682 2323/2/682
f 2324/26/682 2323/2/682 2322/9/682
f 2325/8/122 2326/4/122 2327/2/122
f 2328/6/122 2327/2/122 2326/4/122
f 2329/8/99 2330/9/99 2331/2/99
f 2332/26/99 2331/2/99 2330/9/99
f 2333/8/122 2334/4/122 2335/2/122
f 2336/6/122 2335/2/122 2334/4/122
f 2337/8/913 2338/9/913 2339/2/913
f 2340/26/913 2339/2/913 2338/9/913
f 2341/8/122 2342/4/122 2343/2/122
f 2344/6/122 2343/2/122 2342/4/122
f 2345/8/99 2346/9/99 2347/2/99
f 2348/26/99 2347/2/99 2346/9/99
f 2349/8/122 2350/4/122 2351/2/122
f 2352/6/122 2351/2/122 2350/4/122
f 2353/8/99 2354/9/99 2355/2/99
f 2356/26/99 2355/2/99 2354/9/99
f 2357/8/122 2358/4/122 2359/2/122
f 2360/6/122 2359/2/122 2358/4/122
f 2361/8/913 2362/9/913 2363/2/913
f 2364/26/913 2363/2/913 2362/9/913
f 2365/8/122 2366/4/122 2367/2/122
f 2368/6/122 2367/2/122 2366/4/122
f 2369/8/99 2370/9/99 2371/2/99
f 2372/26/99 2371/2/99 2370/9/99
f 2373/8/99 2374/4/99 2375/2/99
f 2376/6/99 2375/2/99 2374/4/99
f 2377/8/122 2378/9/122 2379/2/122
f 2380/26/122 2379/2/122 2378/9/122
f 2381/8/99 2382/4/99 2383/2/99
f 2384/6/99 2383/2/99 2382/4/99
f 2385/8/122 2386/9/122 2387/2/122
f 2388/26/122 2387/2/122 2386/9/122
f 2389/8/99 2390/4/99 2391/2/99
f 2392/6/99 2391/2/99 2390/4/99
f 2393/8/122 2394/9/122 2395/2/122
f 2396/26/122 2395/2/122 2394/9/122
f 2397/8/122 2398/4/122 2399/2/122
f 2400/6/122 2399/2/122 2398/4/122
f 2401/8/99 2402/9/99 2403/2/99
f 2404/26/99 2403/2/99 2402/9/99
f 2405/4/102 2406/1/102 2407/15/102
f 2408/16/102 2407/15/102 2406/1/102
f 2407/15/102 2408/16/102 2409/17/102
f 2410/2/102 2409/17/102 2408/16/102
f 2408/18/914 2406/8/914 2411/19/914
f 2412/20/914 2411/19/914 2406/8/914
f 2410/2/914 2408/18/914 2413/1/914
f 2411/19/914 2413/1/914 2408/18/914
f 2409/21/99 2410/22/99 2414/3/99
f 2413/2/99 2414/3/99 2410/22/99
f 2407/19/915 2409/22/915 2415/18/915
f 2414/2/915 2415/18/915 2409/22/915
f 2405/4/915 2407/19/915 2416/23/915
f 2415/18/915 2416/23/915 2407/19/915
f 2406/24/122 2405/8/122 2412/25/122
f 2416/20/122 2412/25/122 2405/8/122
f 2417/27/916 2418/28/917 2419/29/917
f 2419/29/917 2420/30/916 2417/27/916
f 2421/5/918 2422/6/918 2423/7/918
f 2424/8/919 2425/9/919 2422/6/920
f 2422/6/920 2421/5/920 2424/8/919
f 2425/9/99 2426/10/99 2423/7/99
f 2423/7/99 2422/6/99 2425/9/99
f 2426/10/921 2424/8/921 2421/5/922
f 2421/5/922 2423/7/922 2426/10/921
f 2427/4/923 2428/1/923 2429/3/924
f 2430/2/924 2429/3/924 2428/1/923
f 2431/2/925 2432/1/918 2433/3/925
f 2434/4/918 2433/3/925 2432/1/918
f 2430/11/101 2428/12/101 2431/13/101
f 2432/14/101 2431/13/101 2428/12/101
f 2429/3/122 2430/2/122 2433/3/122
f 2431/2/122 2433/3/122 2430/2/122
f 2427/12/102 2429/11/102 2434/14/102
f 2433/13/102 2434/14/102 2429/11/102
f 2428/1/99 2427/4/99 2432/1/99
f 2434/4/99 2432/1/99 2427/4/99
f 2435/5/926 2436/6/926 2437/7/926
f 2438/8/927 2439/9/927 2436/6/928
f 2436/6/928 2435/5/928 2438/8/927
f 2439/9/929 2440/10/929 2437/7/929
f 2437/7/929 2436/6/929 2439/9/929
f 2440/10/930 2438/8/930 2435/5/931
f 2435/5/931 2437/7/931 2440/10/930
f 2441/4/932 2442/1/932 2443/3/932
f 2444/2/932 2443/3/932 2442/1/932
f 2445/2/926 2446/1/926 2447/3/926
f 2448/4/926 2447/3/926 2446/1/926
f 2444/11/101 2442/12/101 2445/13/101
f 2446/14/101 2445/13/101 2442/12/101
f 2443/3/122 2444/2/122 2447/3/122
f 2445/2/122 2447/3/122 2444/2/122
f 2441/12/102 2443/11/102 2448/14/102
f 2447/13/102 2448/14/102 2443/11/102
f 2442/1/99 2441/4/99 2446/1/99
f 2448/4/99 2446/1/99 2441/4/99
f 2449/5/933 2450/6/933 2451/7/933
f 2452/8/934 2453/9/934 2450/6/935
f 2450/6/935 2449/5/935 2452/8/934
f 2453/9/936 2454/10/936 2451/7/937
f 2451/7/937 2450/6/937 2453/9/936
f 2454/10/938 2452/8/939 2449/5/940
f 2449/5/940 2451/7/940 2454/10/938
f 2455/4/941 2456/1/941 2457/3/941
f 2458/2/941 2457/3/941 2456/1/941
f 2459/2/933 2460/1/942 2461/3/933
f 2462/4/942 2461/3/933 2460/1/942
f 2458/11/101 2456/12/101 2459/13/101
f 2460/14/101 2459/13/101 2456/12/101
f 2457/3/122 2458/2/122 2461/3/122
f 2459/2/122 2461/3/122 2458/2/122
f 2455/12/102 2457/11/102 2462/14/102
f 2461/13/102 2462/14/102 2457/11/102
f 2456/1/99 2455/4/99 2460/1/99
f 2462/4/99 2460/1/99 2455/4/99
f 2463/5/943 2464/6/943 2465/7/943
f 2466/8/944 2467/9/944 2464/6/945
f 2464/6/945 2463/5/945 2466/8/944
f 2467/9/946 2468/10/946 2465/7/946
f 2465/7/946 2464/6/946 2467/9/946
f 2468/10/947 2466/8/947 2463/5/947
f 2463/5/947 2465/7/947 2468/10/947
f 2469/4/948 2470/1/948 2471/3/948
f 2472/2/948 2471/3/948 2470/1/948
f 2473/2/949 2474/1/943 2475/3/949
f 2476/4/943 2475/3/949 2474/1/943
f 2472/11/101 2470/12/101 2473/13/101
f 2474/14/101 2473/13/101 2470/12/101
f 2471/3/122 2472/2/122 2475/3/122
f 2473/2/122 2475/3/122 2472/2/122
f 2469/12/102 2471/11/102 2476/14/102
f 2475/13/102 2476/14/102 2471/11/102
f 2470/1/99 2469/4/99 2474/1/99
f 2476/4/99 2474/1/99 2469/4/99
f 2477/8/682 2478/4/682 2479/2/682
f 2480/6/682 2479/2/682 2478/4/682
f 2481/8/122 2482/9/122 2483/2/122
f 2484/26/122 2483/2/122 2482/9/122
f 2485/8/99 2486/4/99 2487/2/99
f 2488/6/99 2487/2/99 2486/4/99
f 2489/8/950 2490/9/950 2491/2/950
f 2492/26/950 2491/2/950 2490/9/950
f 2493/8/951 2494/4/951 2495/2/952
f 2496/6/952 2495/2/952 2494/4/951
f 2497/8/953 2498/9/953 2499/2/953
f 2500/26/953 2499/2/953 2498/9/953
f 2501/8/682 2502/4/682 2503/2/682
f 2504/6/682 2503/2/682 2502/4/682
f 2505/8/122 2506/9/122 2507/2/122
f 2508/26/122 2507/2/122 2506/9/122
f 2509/8/99 2510/4/99 2511/2/99
f 2512/6/99 2511/2/99 2510/4/99
f 2513/8/122 2514/9/122 2515/2/122
f 2516/26/122 2515/2/122 2514/9/122
f 2517/8/99 2518/4/99 2519/2/99
f 2520/6/99 2519/2/99 2518/4/99
f 2521/8/122 2522/9/122 2523/2/122
f 2524/26/122 2523/2/122 2522/9/122
f 2525/8/122 2526/4/122 2527/2/122
f 2528/6/122 2527/2/122 2526/4/122
f 2529/8/682 2530/9/682 2531/2/682
f 2532/26/682 2531/2/682 2530/9/682
f 2533/8/122 2534/4/122 2535/2/122
f 2536/6/122 2535/2/122 2534/4/122
f 2537/8/99 2538/9/99 2539/2/913
f 2540/26/913 2539/2/913 2538/9/99
f 2541/8/122 2542/4/122 2543/2/122
f 2544/6/122 2543/2/122 2542/4/122
f 2545/8/99 2546/9/99 2547/2/99
f 2548/26/99 2547/2/99 2546/9/99
f 2549/8/122 2550/4/122 2551/2/122
f 2552/6/122 2551/2/122 2550/4/122
f 2553/8/99 2554/9/99 2555/2/99
f 2556/26/99 2555/2/99 2554/9/99
f 2557/8/122 2558/4/122 2559/2/122
f 2560/6/122 2559/2/122 2558/4/122
f 2561/8/99 2562/9/99 2563/2/99
f 2564/26/99 2563/2/99 2562/9/99
f 2565/8/954 2566/4/954 2567/2/955
f 2568/6/955 2567/2/955 2566/4/954
f 2569/8/956 2570/9/956 2571/2/957
f 2572/26/957 2571/2/957 2570/9/956
f 2573/8/958 2574/4/958 2575/2/959
f 2576/6/959 2575/2/959 2574/4/958
f 2577/8/960 2578/9/960 2579/2/961
f 2580/26/961 2579/2/961 2578/9/960
f 2581/8/962 2582/4/962 2583/2/963
f 2584/6/963 2583/2/963 2582/4/962
f 2585/8/964 2586/9/964 2587/2/964
f 2588/26/964 2587/2/964 2586/9/964
f 2589/8/965 2590/4/965 2591/2/966
f 2592/6/966 2591/2/966 2590/4/965
f 2593/8/967 2594/9/967 2595/2/968
f 2596/26/968 2595/2/968 2594/9/967
f 2597/8/969 2598/4/970 2599/2/971
f 2600/6/972 2599/2/971 2598/4/970
f 2601/8/973 2602/9/973 2603/2/974
f 2604/26/974 2603/2/974 2602/9/973
f 2605/8/975 2606/4/975 2607/2/976
f 2608/6/976 2607/2/976 2606/4/975
f 2609/8/977 2610/9/977 2611/2/978
f 2612/26/978 2611/2/978 2610/9/977
f 2613/8/979 2614/4/979 2615/2/980
f 2616/6/980 2615/2/980 2614/4/979
f 2617/8/981 2618/9/981 2619/2/982
f 2620/26/982 2619/2/982 2618/9/981
f 2621/8/983 2622/4/983 2623/2/984
f 2624/6/984 2623/2/984 2622/4/983
f 2625/8/985 2626/9/985 2627/2/986
f 2628/26/986 2627/2/986 2626/9/985
f 2629/8/987 2630/4/987 2631/2/723
f 2632/6/723 2631/2/723 2630/4/987
f 2633/8/988 2634/9/988 2635/2/989
f 2636/26/989 2635/2/989 2634/9/988
f 2637/8/990 2638/4/990 2639/2/991
f 2640/6/991 2639/2/991 2638/4/990
f 2641/8/992 2642/9/992 2643/2/993
f 2644/26/993 2643/2/993 2642/9/992
f 2645/8/994 2646/4/994 2647/2/995
f 2648/6/995 2647/2/995 2646/4/994
f 2649/8/996 2650/9/996 2651/2/996
f 2652/26/996 2651/2/996 2650/9/996
f 2653/8/997 2654/4/997 2655/2/998
f 2656/6/998 2655/2/998 2654/4/997
f 2657/8/999 2658/9/999 2659/2/1000
f 2660/26/1000 2659/2/1000 2658/9/999
f 2661/8/1001 2662/4/1001 2663/2/974
f 2664/6/974 2663/2/974 2662/4/1001
f 2665/8/1002 2666/9/1002 2667/2/1003
f 2668/26/1003 2667/2/1003 2666/9/1002
f 2669/8/1004 2670/4/1004 2671/2/1005
f 2672/6/1005 2671/2/1005 2670/4/1004
f 2673/8/1006 2674/9/1006 2675/2/1007
f 2676/26/1007 2675/2/1007 2674/9/1006
f 2677/8/1008 2678/4/1008 2679/2/993
f 2680/6/993 2679/2/993 2678/4/1008
f 2681/8/990 2682/9/990 2683/2/990
f 2684/26/990 2683/2/990 2682/9/990
f 2685/8/1009 2686/4/1009 2687/2/1009
f 2688/6/1009 2687/2/1009 2686/4/1009
f 2689/8/1010 2690/9/1010 2691/2/1011
f 2692/26/1011 2691/2/1011 2690/9/1010
f 2693/8/1012 2694/4/1012 2695/2/1013
f 2696/6/1013 2695/2/1013 2694/4/1012
f 2697/8/1014 2698/9/1014 2699/2/1014
f 2700/26/1014 2699/2/1014 2698/9/1014
f 2701/8/1015 2702/4/1015 2703/2/1016
f 2704/6/1016 2703/2/1016 2702/4/1015
f 2705/8/1017 2706/9/1017 2707/2/1018
f 2708/26/1018 2707/2/1018 2706/9/1017
f 2709/8/1019 2710/4/1019 2711/2/1020
f 2712/6/1020 2711/2/1020 2710/4/1019
f 2713/8/1021 2714/9/1021 2715/2/1022
f 2716/26/1022 2715/2/1022 2714/9/1021
f 2717/8/1023 2718/4/1023 2719/2/1023
f 2720/6/1023 2719/2/1023 2718/4/1023
f 2721/8/1024 2722/9/1024 2723/2/1024
f 2724/26/1024 2723/2/1024 2722/9/1024
f 2725/8/1025 2726/4/1025 2727/2/1026
f 2728/6/1026 2727/2/1026 2726/4/1025
f 2729/8/1027 2730/9/1027 2731/2/1028
f 2732/26/1028 2731/2/1028 2730/9/1027
f 2733/8/1029 2734/4/1029 2735/2/1030
f 2736/6/1030 2735/2/1030 2734/4/1029
f 2737/8/1031 2738/9/1031 2739/2/1031
f 2740/26/1031 2739/2/1031 2738/9/1031
f 2741/8/1032 2742/4/1032 2743/2/1033
f 2744/6/1033 2743/2/1033 2742/4/1032
f 2745/8/1034 2746/9/1034 2747/2/1035
f 2748/26/1035 2747/2/1035 2746/9/1034
f 2749/8/1036 2750/4/1036 2751/2/1036
f 2752/6/1036 2751/2/1036 2750/4/1036
f 2753/8/1037 2754/9/1037 2755/2/1038
f 2756/26/1038 2755/2/1038 2754/9/1037
f 2757/8/1039 2758/4/1039 2759/2/1040
f 2760/6/1040 2759/2/1040 2758/4/1039
f 2761/8/1041 2762/9/1041 2763/2/1041
f 2764/26/1041 2763/2/1041 2762/9/1041
f 2765/8/1042 2766/4/1042 2767/2/1042
f 2768/6/1042 2767/2/1042 2766/4/1042
f 2769/8/1043 2770/9/1043 2771/2/1044
f 2772/26/1044 2771/2/1044 2770/9/1043
f 2773/8/1044 2774/4/1044 2775/2/1044
f 2776/6/1044 2775/2/1044 2774/4/1044
f 2777/8/1042 2778/9/1042 2779/2/1042
f 2780/26/1042 2779/2/1042 2778/9/1042
f 2781/4/1045 2782/1/1045 2783/15/1045
f 2784/16/1045 2783/15/1045 2782/1/1045
f 2783/15/1045 2784/16/1045 2785/17/1045
f 2786/2/1046 2785/17/1045 2784/16/1045
f 2784/18/1047 2782/8/1048 2787/19/1047
f 2788/20/1048 2787/19/1047 2782/8/1048
f 2786/2/1049 2784/18/1049 2789/1/1049
f 2787/19/1047 2789/1/1047 2784/18/1047
f 2785/21/1050 2786/22/1051 2790/3/1050
f 2789/2/1052 2790/3/1053 2786/22/1052
f 2783/19/1054 2785/22/1055 2791/18/1054
f 2790/2/1055 2791/18/1054 2785/22/1055
f 2781/4/1056 2783/19/1057 2792/23/1056
f 2791/18/1054 2792/23/1054 2783/19/1054
f 2782/24/1058 2781/8/1058 2788/25/1058
f 2792/20/1058 2788/25/1058 2781/8/1058
f 2793/27/1059 2794/28/1060 2795/29/1061
f 2795/29/1061 2796/30/1062 2793/27/1059
f 2797/5/1063 2798/6/1063 2799/7/1063
f 2800/8/1064 2801/9/1064 2798/6/1065
f 2798/6/1065 2797/5/1065 2800/8/1064
f 2801/9/1066 2802/10/1066 2799/7/1067
f 2799/7/1067 2798/6/1067 2801/9/1066
f 2802/10/1068 2800/8/1068 2797/5/1069
f 2797/5/1069 2799/7/1069 2802/10/1068
f 2803/4/1070 2804/1/1070 2805/3/1070
f 2806/2/1070 2805/3/1070 2804/1/1070
f 2807/2/1071 2808/1/1072 2809/3/1071
f 2810/4/1072 2809/3/1071 2808/1/1072
f 2806/11/1073 2804/12/1073 2807/13/1073
f 2808/14/1073 2807/13/1073 2804/12/1073
f 2805/3/1074 2806/2/1075 2809/3/1076
f 2807/2/1077 2809/3/1076 2806/2/1075
f 2803/12/1078 2805/11/1079 2810/14/1078
f 2809/13/1079 2810/14/1078 2805/11/1079
f 2804/1/1080 2803/4/1081 2808/1/1081
f 2810/4/1081 2808/1/1081 2803/4/1081
f 2811/5/1082 2812/6/1082 2813/7/1082
f 2814/8/1083 2815/9/1083 2812/6/1084
f 2812/6/1084 2811/5/1084 2814/8/1083
f 2815/9/1085 2816/10/1085 2813/7/1085
f 2813/7/1085 2812/6/1085 2815/9/1085
f 2816/10/1086 2814/8/1086 2811/5/1087
f 2811/5/1087 2813/7/1087 2816/10/1086
f 2817/4/1088 2818/1/1088 2819/3/1089
f 2820/2/1089 2819/3/1089 2818/1/1088
f 2821/2/1090 2822/1/1090 2823/3/1090
f 2824/4/1090 2823/3/1090 2822/1/1090
f 2820/11/1091 2818/12/1091 2821/13/1091
f 2822/14/1091 2821/13/1091 2818/12/1091
f 2819/3/1092 2820/2/1093 2823/3/1094
f 2821/2/1095 2823/3/1094 2820/2/1093
f 2817/12/1096 2819/11/1097 2824/14/1096
f 2823/13/1097 2824/14/1096 2819/11/1097
f 2818/1/1098 2817/4/1098 2822/1/1099
f 2824/4/1099 2822/1/1099 2817/4/1098
f 2825/8/1100 2826/4/1100 2827/2/1100
f 2828/6/1100 2827/2/1100 2826/4/1100
f 2829/8/1101 2830/9/1101 2831/2/1101
f 2832/26/1101 2831/2/1101 2830/9/1101
f 2833/8/1102 2834/4/1102 2835/2/1102
f 2836/6/1102 2835/2/1102 2834/4/1102
f 2837/8/1103 2838/9/1103 2839/2/1103
f 2840/26/1103 2839/2/1103 2838/9/1103
f 2841/8/1104 2842/4/1104 2843/2/1104
f 2844/6/1104 2843/2/1104 2842/4/1104
f 2845/8/1105 2846/9/1105 2847/2/1106
f 2848/26/1106 2847/2/1106 2846/9/1105
f 2849/8/1107 2850/4/1107 2851/2/1107
f 2852/6/1107 2851/2/1107 2850/4/1107
f 2853/8/1108 2854/9/1108 2855/2/1108
f 2856/26/1108 2855/2/1108 2854/9/1108
f 2857/8/1109 2858/4/1109 2859/2/1109
f 2860/6/1109 2859/2/1109 2858/4/1109
f 2861/8/1110 2862/9/1110 2863/2/1110
f 2864/26/1110 2863/2/1110 2862/9/1110
f 2865/8/1111 2866/4/1111 2867/2/1111
f 2868/6/1111 2867/2/1111 2866/4/1111
f 2869/8/1112 2870/9/1112 2871/2/1112
f 2872/26/1112 2871/2/1112 2870/9/1112
f 2873/8/1113 2874/4/1113 2875/2/1114
f 2876/6/1114 2875/2/1114 2874/4/1113
f 2877/8/1115 2878/9/1115 2879/2/1115
f 2880/26/1115 2879/2/1115 2878/9/1115
f 2881/8/1116 2882/4/1116 2883/2/1116
f 2884/6/1116 2883/2/1116 2882/4/1116
f 2885/8/1117 2886/9/1117 2887/2/1117
f 2888/26/1117 2887/2/1117 2886/9/1117
f 2889/8/1118 2890/4/1118 2891/2/1118
f 2892/6/1118 2891/2/1118 2890/4/1118
f 2893/8/1119 2894/9/1119 2895/2/1119
f 2896/26/1119 2895/2/1119 2894/9/1119
f 2897/8/862 2898/4/862 2899/2/862
f 2900/6/862 2899/2/862 2898/4/862
f 2901/8/1120 2902/9/1120 2903/2/1120
f 2904/26/1120 2903/2/1120 2902/9/1120
f 2905/8/1121 2906/4/1121 2907/2/1121
f 2908/6/1121 2907/2/1121 2906/4/1121
f 2909/8/1122 2910/9/1122 2911/2/1122
f 2912/26/1122 2911/2/1122 2910/9/1122
f 2913/8/1123 2914/4/1123 2915/2/1123
f 2916/6/1123 2915/2/1123 2914/4/1123
f 2917/8/1124 2918/9/1124 2919/2/1125
f 2920/26/1125 2919/2/1125 2918/9/1124
f 2921/8/1126 2922/4/1126 2923/2/1126
f 2924/6/1126 2923/2/1126 2922/4/1126
f 2925/8/1127 2926/9/1127 2927/2/1127
f 2928/26/1127 2927/2/1127 2926/9/1127
f 2929/8/1116 2930/4/1116 2931/2/1116
f 2932/6/1116 2931/2/1116 2930/4/1116
f 2933/8/1128 2934/9/1128 2935/2/1128
f 2936/26/1128 2935/2/1128 2934/9/1128
f 2937/8/1128 2938/4/1128 2939/2/1128
f 2940/6/1128 2939/2/1128 2938/4/1128
f 2941/8/1129 2942/9/1129 2943/2/1129
f 2944/26/1129 2943/2/1129 2942/9/1129
f 2945/4/101 2946/1/101 2947/15/101
f 2948/16/101 2947/15/101 2946/1/101
f 2947/15/101 2948/16/101 2949/17/101
f 2950/2/101 2949/17/101 2948/16/101
f 2948/18/1130 2946/8/1131 2951/19/1130
f 2952/20/1131 2951/19/1130 2946/8/1131
f 2950/2/1130 2948/18/1130 2953/1/1130
f 2951/19/1130 2953/1/1130 2948/18/1130
f 2949/21/1132 2950/22/1132 2954/3/1132
f 2953/2/1132 2954/3/1132 2950/22/1132
f 2947/19/1133 2949/22/1133 2955/18/1133
f 2954/2/1133 2955/18/1133 2949/22/1133
f 2945/4/1134 2947/19/1134 2956/23/1134
f 2955/18/1133 2956/23/1135 2947/19/1133
f 2946/24/1136 2945/8/1136 2952/25/1136
f 2956/20/1136 2952/25/1136 2945/8/1136
f 2957/27/1133 2958/28/1133 2959/29/1133
f 2959/29/1133 2960/30/1133 2957/27/1133
f 2961/8/122 2962/4/122 2963/2/122
f 2964/6/122 2963/2/122 2962/4/122
f 2965/8/99 2966/9/99 2967/2/99
f 2968/26/99 2967/2/99 2966/9/99
f 2969/8/122 2970/4/122 2971/2/122
f 2972/6/122 2971/2/122 2970/4/122
f 2973/8/913 2974/9/913 2975/2/913
f 2976/26/913 2975/2/913 2974/9/913
f 2977/8/122 2978/4/122 2979/2/122
f 2980/6/122 2979/2/122 2978/4/122
f 2981/8/99 2982/9/99 2983/2/99
f 2984/26/99 2983/2/99 2982/9/99
f 2985/8/122 2986/4/122 2987/2/122
f 2988/6/122 2987/2/122 2986/4/122
f 2989/8/99 2990/9/99 2991/2/99
f 2992/26/99 2991/2/99 2990/9/99
f 2993/8/122 2994/4/122 2995/2/122
f 2996/6/122 2995/2/122 2994/4/122
f 2997/8/99 2998/9/99 2999/2/99
f 3000/26/99 2999/2/99 2998/9/99
f 3001/8/122 3002/4/122 3003/2/122
f 3004/6/122 3003/2/122 3002/4/122
f 3005/8/99 3006/9/99 3007/2/99
f 3008/26/99 3007/2/99 3006/9/99
f 3009/8/122 3010/4/122 3011/2/122
f 3012/6/122 3011/2/122 3010/4/122
f 3013/8/99 3014/9/99 3015/2/99
f 3016/26/99 3015/2/99 3014/9/99
f 3017/8/122 3018/4/122 3019/2/122
f 3020/6/122 3019/2/122 3018/4/122
f 3021/8/682 3022/9/682 3023/2/682
f 3024/26/682 3023/2/682 3022/9/682
f 3025/8/1137 3026/4/1137 3027/2/1137
f 3028/6/1137 3027/2/1137 3026/4/1137
f 3029/8/1138 3030/9/1138 3031/2/1138
f 3032/26/1138 3031/2/1138 3030/9/1138
f 3033/8/1139 3034/4/1139 3035/2/1140
f 3036/6/1140 3035/2/1140 3034/4/1139
f 3037/8/1141 3038/9/1142 3039/2/1142
f 3040/26/1142 3039/2/1142 3038/9/1142
f 3041/8/122 3042/4/122 3043/2/122
f 3044/6/122 3043/2/122 3042/4/122
f 3045/8/99 3046/9/99 3047/2/99
f 3048/26/99 3047/2/99 3046/9/99
f 3049/8/122 3050/4/122 3051/2/122
f 3052/6/122 3051/2/122 3050/4/122
f 3053/8/99 3054/9/99 3055/2/99
f 3056/26/99 3055/2/99 3054/9/99
f 3057/5/1143 3058/6/1143 3059/7/1143
f 3060/8/1144 3061/9/1144 3058/6/1144
f 3058/6/1144 3057/5/1144 3060/8/1144
f 3061/9/1145 3062/10/1146 3059/7/1147
f 3059/7/1147 3058/6/1147 3061/9/1145
f 3062/10/1148 3060/8/1148 3057/5/1148
f 3057/5/1148 3059/7/1148 3062/10/1148
f 3063/4/1149 3064/1/1149 3065/3/1150
f 3066/2/1151 3065/3/1150 3064/1/1149
f 3067/2/1152 3068/1/1153 3069/3/1154
f 3070/4/1155 3069/3/1154 3068/1/1153
f 3066/11/1156 3064/12/1157 3067/13/1156
f 3068/14/1157 3067/13/1156 3064/12/1157
f 3065/3/1158 3066/2/1159 3069/3/1159
f 3067/2/1160 3069/3/1159 3066/2/1159
f 3063/12/1161 3065/11/1161 3070/14/1161
f 3069/13/1161 3070/14/1161 3065/11/1161
f 3064/1/1162 3063/4/1163 3068/1/1163
f 3070/4/1145 3068/1/1163 3063/4/1163
f 3071/5/1164 3072/6/1164 3073/7/1164
f 3074/8/1165 3075/9/1165 3072/6/1166
f 3072/6/1166 3071/5/1166 3074/8/1165
f 3075/9/1167 3076/10/1167 3073/7/1167
f 3073/7/1167 3072/6/1167 3075/9/1167
f 3076/10/1168 3074/8/1169 3071/5/1170
f 3071/5/1170 3073/7/1170 3076/10/1168
f 3077/4/1171 3078/1/1171 3079/3/1171
f 3080/2/1172 3079/3/1171 3078/1/1171
f 3081/2/1173 3082/1/1174 3083/3/1173
f 3084/4/1175 3083/3/1173 3082/1/1174
f 3080/11/101 3078/12/1176 3081/13/101
f 3082/14/1176 3081/13/101 3078/12/1176
f 3079/3/122 3080/2/122 3083/3/122
f 3081/2/122 3083/3/122 3080/2/122
f 3077/12/102 3079/11/102 3084/14/102
f 3083/13/102 3084/14/102 3079/11/102
f 3078/1/99 3077/4/99 3082/1/99
f 3084/4/99 3082/1/99 3077/4/99
f 3085/5/1177 3086/6/1177 3087/7/1177
f 3088/8/1178 3089/9/1178 3086/6/1179
f 3086/6/1179 3085/5/1180 3088/8/1178
f 3089/9/1181 3090/10/1181 3087/7/1182
f 3087/7/1182 3086/6/1182 3089/9/1181
f 3090/10/1183 3088/8/1183 3085/5/1183
f 3085/5/1183 3087/7/1183 3090/10/1183
f 3091/4/1184 3092/1/1184 3093/3/1185
f 3094/2/1185 3093/3/1185 3092/1/1184
f 3095/2/1186 3096/1/1177 3097/3/1186
f 3098/4/1177 3097/3/1186 3096/1/1177
f 3094/11/101 3092/12/101 3095/13/101
f 3096/14/101 3095/13/101 3092/12/101
f 3093/3/122 3094/2/122 3097/3/122
f 3095/2/122 3097/3/122 3094/2/122
f 3091/12/1187 3093/11/102 3098/14/1187
f 3097/13/102 3098/14/1187 3093/11/102
f 3092/1/99 3091/4/99 3096/1/99
f 3098/4/99 3096/1/99 3091/4/99
f 3099/5/1188 3100/6/1188 3101/7/1188
f 3102/8/1189 3103/9/1189 3100/6/1190
f 3100/6/1190 3099/5/1190 3102/8/1189
f 3103/9/1191 3104/10/1191 3101/7/1191
f 3101/7/1191 3100/6/1191 3103/9/1191
f 3104/10/1192 3102/8/1192 3099/5/1192
f 3099/5/1192 3101/7/1192 3104/10/1192
f 3105/4/1193 3106/1/1193 3107/3/1194
f 3108/2/1194 3107/3/1194 3106/1/1193
f 3109/2/1195 3110/1/1188 3111/3/1195
f 3112/4/1188 3111/3/1195 3110/1/1188
f 3108/11/101 3106/12/101 3109/13/101
f 3110/14/101 3109/13/101 3106/12/101
f 3107/3/1196 3108/2/1197 3111/3/1198
f 3109/2/122 3111/3/1198 3108/2/1197
f 3105/12/102 3107/11/102 3112/14/102
f 3111/13/102 3112/14/102 3107/11/102
f 3106/1/99 3105/4/99 3110/1/99
f 3112/4/99 3110/1/99 3105/4/99
f 3113/8/1199 3114/4/1199 3115/2/1199
f 3116/6/1199 3115/2/1199 3114/4/1199
f 3117/8/1200 3118/9/1200 3119/2/1201
f 3120/26/1201 3119/2/1201 3118/9/1200
f 3121/8/1202 3122/4/1202 3123/2/1202
f 3124/6/1202 3123/2/1202 3122/4/1202
f 3125/8/1203 3126/9/1203 3127/2/1203
f 3128/26/1203 3127/2/1203 3126/9/1203
f 3129/8/1204 3130/4/1204 3131/2/1204
f 3132/6/1205 3131/2/1204 3130/4/1204
f 3133/8/1206 3134/9/1206 3135/2/1200
f 3136/26/1200 3135/2/1200 3134/9/1206
f 3137/8/1207 3138/4/1207 3139/2/1208
f 3140/6/1209 3139/2/1208 3138/4/1207
f 3141/8/1206 3142/9/1206 3143/2/1206
f 3144/26/1206 3143/2/1206 3142/9/1206
f 3145/8/1210 3146/4/1210 3147/2/1199
f 3148/6/1199 3147/2/1199 3146/4/1210
f 3149/8/1211 3150/9/1211 3151/2/1211
f 3152/26/1211 3151/2/1211 3150/9/1211
f 3153/8/1212 3154/4/1212 3155/2/1212
f 3156/6/1212 3155/2/1212 3154/4/1212
f 3157/8/1206 3158/9/1206 3159/2/1206
f 3160/26/1206 3159/2/1206 3158/9/1206
f 3161/8/1199 3162/4/1199 3163/2/1213
f 3164/6/1213 3163/2/1213 3162/4/1199
f 3165/8/1214 3166/9/1214 3167/2/1215
f 3168/26/1215 3167/2/1215 3166/9/1214
f 3169/8/1204 3170/4/1204 3171/2/1213
f 3172/6/1213 3171/2/1213 3170/4/1204
f 3173/8/1206 3174/9/1206 3175/2/1206
f 3176/26/1206 3175/2/1206 3174/9/1206
f 3177/8/1216 3178/4/1216 3179/2/1216
f 3180/6/1216 3179/2/1216 3178/4/1216
f 3181/8/1217 3182/9/1217 3183/2/1218
f 3184/26/1218 3183/2/1218 3182/9/1217
f 3185/8/1219 3186/4/1219 3187/2/1219
f 3188/6/1219 3187/2/1219 3186/4/1219
f 3189/8/1220 3190/9/1220 3191/2/1220
f 3192/26/1220 3191/2/1220 3190/9/1220
f 3193/8/1221 3194/4/1221 3195/2/1221
f 3196/6/1221 3195/2/1221 3194/4/1221
f 3197/8/1222 3198/9/1222 3199/2/1223
f 3200/26/1223 3199/2/1223 3198/9/1222
f 3201/8/1221 3202/4/1221 3203/2/1204
f 3204/6/1204 3203/2/1204 3202/4/1221
f 3205/8/1214 3206/9/1214 3207/2/1214
f 3208/26/1214 3207/2/1214 3206/9/1214
f 3209/8/122 3210/4/122 3211/2/122
f 3212/6/122 3211/2/122 3210/4/122
f 3213/8/1224 3214/9/1224 3215/2/1224
f 3216/26/1224 3215/2/1224 3214/9/1224
f 3217/8/122 3218/4/122 3219/2/122
f 3220/6/122 3219/2/122 3218/4/122
f 3221/8/1224 3222/9/1224 3223/2/1224
f 3224/26/1224 3223/2/1224 3222/9/1224
f 3225/8/1225 3226/4/1225 3227/2/1225
f 3228/6/1225 3227/2/1225 3226/4/1225
f 3229/8/1226 3230/9/1226 3231/2/1226
f 3232/26/1226 3231/2/1226 3230/9/1226
f 3233/8/122 3234/4/122 3235/2/122
f 3236/6/122 3235/2/122 3234/4/122
f 3237/8/99 3238/9/99 3239/2/99
f 3240/26/99 3239/2/99 3238/9/99
f 3241/8/122 3242/4/122 3243/2/122
f 3244/6/122 3243/2/122 3242/4/122
f 3245/8/1224 3246/9/1224 3247/2/1224
f 3248/26/1224 3247/2/1224 3246/9/1224
f 3249/8/122 3250/4/122 3251/2/122
f 3252/6/122 3251/2/122 3250/4/122
f 3253/8/1224 3254/9/1224 3255/2/1224
f 3256/26/1224 3255/2/1224 3254/9/1224
f 3257/8/122 3258/4/122 3259/2/122
f 3260/6/122 3259/2/122 3258/4/122
f 3261/8/1227 3262/9/1227 3263/2/1227
f 3264/26/1227 3263/2/1227 3262/9/1227
f 3265/8/122 3266/4/122 3267/2/122
f 3268/6/122 3267/2/122 3266/4/122
f 3269/8/99 3270/9/99 3271/2/99
f 3272/26/99 3271/2/99 3270/9/99
f 3273/8/122 3274/4/122 3275/2/122
f 3276/6/122 3275/2/122 3274/4/122
f 3277/8/99 3278/9/99 3279/2/99
f 3280/26/99 3279/2/99 3278/9/99
f 3281/8/122 3282/4/122 3283/2/122
f 3284/6/122 3283/2/122 3282/4/122
f 3285/8/99 3286/9/99 3287/2/1224
f 3288/26/1224 3287/2/1224 3286/9/99
f 3289/8/122 3290/4/122 3291/2/122
f 3292/6/122 3291/2/122 3290/4/122
f 3293/8/99 3294/9/99 3295/2/99
f 3296/26/99 3295/2/99 3294/9/99
f 3297/8/1213 3298/4/1213 3299/2/1213
f 3300/6/1213 3299/2/1213 3298/4/1213
f 3301/8/1215 3302/9/1215 3303/2/1215
f 3304/26/1215 3303/2/1215 3302/9/1215
f 3305/8/1228 3306/4/1228 3307/2/1228
f 3308/6/1228 3307/2/1228 3306/4/1228
f 3309/8/1229 3310/9/1229 3311/2/1229
f 3312/26/1229 3311/2/1229 3310/9/1229
f 3313/8/1229 3314/4/1229 3315/2/1229
f 3316/6/1229 3315/2/1229 3314/4/1229
f 3317/8/1202 3318/9/1202 3319/2/1202
f 3320/26/1202 3319/2/1202 3318/9/1202
f 3321/4/1230 3322/1/1231 3323/15/1230
f 3324/16/1231 3323/15/1230 3322/1/1231
f 3323/15/1230 3324/16/1231 3325/17/1230
f 3326/2/1231 3325/17/1230 3324/16/1231
f 3324/18/1232 3322/8/1232 3327/19/1232
f 3328/20/1232 3327/19/1232 3322/8/1232
f 3326/2/1233 3324/18/1234 3329/1/1233
f 3327/19/1232 3329/1/1235 3324/18/1232
f 3325/21/1214 3326/22/1214 3330/3/1214
f 3329/2/1215 3330/3/1215 3326/22/1215
f 3323/19/1236 3325/22/1236 3331/18/1236
f 3330/2/1236 3331/18/1236 3325/22/1236
f 3321/4/1236 3323/19/1236 3332/23/1236
f 3331/18/1236 3332/23/1236 3323/19/1236
f 3322/24/1237 3321/8/1237 3328/25/1237
f 3332/20/1237 3328/25/1237 3321/8/1237
f 3333/27/1238 3334/28/1238 3335/29/1238
f 3335/29/1238 3336/30/1238 3333/27/1238
f 3337/8/1204 3338/4/1204 3339/2/1204
f 3340/6/1204 3339/2/1204 3338/4/1204
f 3341/8/1206 3342/9/1206 3343/2/1206
f 3344/26/1206 3343/2/1206 3342/9/1206
f 3345/8/1204 3346/4/1204 3347/2/1213
f 3348/6/1213 3347/2/1213 3346/4/1204
f 3349/8/1206 3350/9/1206 3351/2/1203
f 3352/26/1203 3351/2/1203 3350/9/1206
f 3353/5/1 3354/6/1 3355/7/1
f 3356/8/1239 3357/9/1239 3354/6/1239
f 3354/6/1239 3353/5/1239 3356/8/1239
f 3357/9/1240 3358/10/1241 3355/7/1242
f 3355/7/1242 3354/6/1242 3357/9/1240
f 3358/10/1243 3356/8/1243 3353/5/1244
f 3353/5/1244 3355/7/1244 3358/10/1243
f 3359/4/66 3360/1/66 3361/3/66
f 3362/2/66 3361/3/66 3360/1/66
f 3363/2/1 3364/1/1 3365/3/1
f 3366/4/1 3365/3/1 3364/1/1
f 3362/11/1245 3360/12/1246 3363/13/1245
f 3364/14/1246 3363/13/1245 3360/12/1246
f 3361/3/1247 3362/2/1247 3365/3/1247
f 3363/2/1247 3365/3/1247 3362/2/1247
f 3359/12/1248 3361/11/1248 3366/14/1248
f 3365/13/1248 3366/14/1248 3361/11/1248
f 3360/1/1249 3359/4/1250 3364/1/1251
f 3366/4/1252 3364/1/1251 3359/4/1250
f 3367/5/1 3368/6/1 3369/7/1
f 3370/8/1253 3371/9/1253 3368/6/1254
f 3368/6/1254 3367/5/1254 3370/8/1253
f 3371/9/1255 3372/10/1255 3369/7/1256
f 3369/7/1256 3368/6/1256 3371/9/1255
f 3372/10/1257 3370/8/1257 3367/5/1258
f 3367/5/1258 3369/7/1258 3372/10/1257
f 3373/4/66 3374/1/66 3375/3/66
f 3376/2/66 3375/3/66 3374/1/66
f 3377/2/1 3378/1/1 3379/3/1
f 3380/4/1 3379/3/1 3378/1/1
f 3376/11/1259 3374/12/1260 3377/13/1259
f 3378/14/1260 3377/13/1259 3374/12/1260
f 3375/3/1261 3376/2/1261 3379/3/1261
f 3377/2/1261 3379/3/1261 3376/2/1261
f 3373/12/1262 3375/11/1263 3380/14/1262
f 3379/13/1263 3380/14/1262 3375/11/1263
f 3374/1/1264 3373/4/1264 3378/1/1264
f 3380/4/1264 3378/1/1264 3373/4/1264
f 3381/5/1 3382/6/1 3383/7/1
f 3384/8/1265 3385/9/1265 3382/6/1266
f 3382/6/1266 3381/5/1266 3384/8/1265
f 3385/9/1267 3386/10/1267 3383/7/1268
f 3383/7/1268 3382/6/1268 3385/9/1267
f 3386/10/1269 3384/8/1269 3381/5/1270
f 3381/5/1270 3383/7/1270 3386/10/1269
f 3387/4/66 3388/1/66 3389/3/66
f 3390/2/66 3389/3/66 3388/1/66
f 3391/2/1 3392/1/1 3393/3/1
f 3394/4/1 3393/3/1 3392/1/1
f 3390/11/1271 3388/12/1271 3391/13/1271
f 3392/14/1271 3391/13/1271 3388/12/1271
f 3389/3/1272 3390/2/1272 3393/3/1272
f 3391/2/1272 3393/3/1272 3390/2/1272
f 3387/12/1273 3389/11/1274 3394/14/1273
f 3393/13/1274 3394/14/1273 3389/11/1274
f 3388/1/1275 3387/4/1276 3392/1/1277
f 3394/4/1278 3392/1/1277 3387/4/1276
f 3395/5/1279 3396/6/1279 3397/7/1279
f 3398/8/1280 3399/9/1280 3396/6/1281
f 3396/6/1281 3395/5/1281 3398/8/1280
f 3399/9/1282 3400/10/1283 3397/7/1284
f 3397/7/1284 3396/6/1284 3399/9/1282
f 3400/10/1285 3398/8/1285 3395/5/1286
f 3395/5/1286 3397/7/1286 3400/10/1285
f 3401/4/1287 3402/1/1287 3403/3/1287
f 3404/2/1287 3403/3/1287 3402/1/1287
f 3405/2/1288 3406/1/1288 3407/3/1288
f 3408/4/1288 3407/3/1288 3406/1/1288
f 3404/11/1289 3402/12/1290 3405/13/1289
f 3406/14/1290 3405/13/1289 3402/12/1290
f 3403/3/1291 3404/2/1292 3407/3/1293
f 3405/2/1294 3407/3/1293 3404/2/1292
f 3401/12/1295 3403/11/1296 3408/14/1295
f 3407/13/1296 3408/14/1295 3403/11/1296
f 3402/1/1297 3401/4/1297 3406/1/1297
f 3408/4/1297 3406/1/1297 3401/4/1297
f 3409/5/1298 3410/6/1298 3411/7/1298
f 3412/8/1299 3413/9/1299 3410/6/1300
f 3410/6/1300 3409/5/1300 3412/8/1299
f 3413/9/1301 3414/10/1301 3411/7/1302
f 3411/7/1302 3410/6/1302 3413/9/1301
f 3414/10/1303 3412/8/1303 3409/5/1304
f 3409/5/1304 3411/7/1304 3414/10/1303
f 3415/4/1305 3416/1/1305 3417/3/1305
f 3418/2/1305 3417/3/1305 3416/1/1305
f 3419/2/1306 3420/1/1306 3421/3/1306
f 3422/4/1306 3421/3/1306 3420/1/1306
f 3418/11/1307 3416/12/1307 3419/13/1307
f 3420/14/1307 3419/13/1307 3416/12/1307
f 3417/3/1308 3418/2/1309 3421/3/1310
f 3419/2/1311 3421/3/1310 3418/2/1309
f 3415/12/1312 3417/11/1312 3422/14/1312
f 3421/13/1312 3422/14/1312 3417/11/1312
f 3416/1/1313 3415/4/1313 3420/1/1313
f 3422/4/1313 3420/1/1313 3415/4/1313
f 3423/5/1314 3424/6/1314 3425/7/1314
f 3426/8/1315 3427/9/1315 3424/6/1316
f 3424/6/1316 3423/5/1316 3426/8/1315
f 3427/9/1317 3428/10/1317 3425/7/1318
f 3425/7/1318 3424/6/1318 3427/9/1317
f 3428/10/1319 3426/8/1319 3423/5/1320
f 3423/5/1320 3425/7/1320 3428/10/1319
f 3429/4/1321 3430/1/1321 3431/3/1321
f 3432/2/1321 3431/3/1321 3430/1/1321
f 3433/2/1314 3434/1/1314 3435/3/1314
f 3436/4/1314 3435/3/1314 3434/1/1314
f 3432/11/1322 3430/12/1322 3433/13/1322
f 3434/14/1322 3433/13/1322 3430/12/1322
f 3431/3/1323 3432/2/1323 3435/3/1323
f 3433/2/1323 3435/3/1323 3432/2/1323
f 3429/12/1324 3431/11/1325 3436/14/1324
f 3435/13/1325 3436/14/1324 3431/11/1325
f 3430/1/1326 3429/4/1326 3434/1/1326
f 3436/4/1326 3434/1/1326 3429/4/1326
f 3437/5/1 3438/6/1 3439/7/1
f 3440/8/522 3441/9/523 3438/6/1327
f 3438/6/1327 3437/5/1327 3440/8/522
f 3441/9/525 3442/10/525 3439/7/525
f 3439/7/525 3438/6/525 3441/9/525
f 3442/10/1328 3440/8/1328 3437/5/1329
f 3437/5/1329 3439/7/1329 3442/10/1328
f 3443/4/66 3444/1/66 3445/3/66
f 3446/2/66 3445/3/66 3444/1/66
f 3447/2/1 3448/1/1 3449/3/1
f 3450/4/1 3449/3/1 3448/1/1
f 3446/11/530 3444/12/530 3447/13/530
f 3448/14/530 3447/13/530 3444/12/530
f 3445/3/1330 3446/2/1331 3449/3/1332
f 3447/2/531 3449/3/1332 3446/2/1331
f 3443/12/535 3445/11/535 3450/14/535
f 3449/13/535 3450/14/535 3445/11/535
f 3444/1/536 3443/4/536 3448/1/536
f 3450/4/536 3448/1/536 3443/4/536
f 3451/5/1 3452/6/1 3453/7/1
f 3454/8/1333 3455/9/1333 3452/6/1334
f 3452/6/1334 3451/5/1334 3454/8/1333
f 3455/9/1335 3456/10/1335 3453/7/1336
f 3453/7/1336 3452/6/1336 3455/9/1335
f 3456/10/1337 3454/8/1337 3451/5/1338
f 3451/5/1338 3453/7/1338 3456/10/1337
f 3457/4/66 3458/1/66 3459/3/66
f 3460/2/66 3459/3/66 3458/1/66
f 3461/2/1 3462/1/1 3463/3/1
f 3464/4/1 3463/3/1 3462/1/1
f 3460/11/1339 3458/12/1339 3461/13/1339
f 3462/14/1339 3461/13/1339 3458/12/1339
f 3459/3/1340 3460/2/1340 3463/3/1340
f 3461/2/1340 3463/3/1340 3460/2/1340
f 3457/12/1341 3459/11/1341 3464/14/1341
f 3463/13/1341 3464/14/1341 3459/11/1341
f 3458/1/1342 3457/4/1343 3462/1/1344
f 3464/4/1345 3462/1/1344 3457/4/1343
f 3465/5/1 3466/6/1 3467/7/1
f 3468/8/1346 3469/9/1346 3466/6/1347
f 3466/6/1347 3465/5/1347 3468/8/1346
f 3469/9/1348 3470/10/1348 3467/7/1349
f 3467/7/1349 3466/6/1349 3469/9/1348
f 3470/10/1350 3468/8/1350 3465/5/1351
f 3465/5/1351 3467/7/1351 3470/10/1350
f 3471/4/66 3472/1/66 3473/3/66
f 3474/2/66 3473/3/66 3472/1/66
f 3475/2/1 3476/1/1 3477/3/1
f 3478/4/1 3477/3/1 3476/1/1
f 3474/11/1352 3472/12/1353 3475/13/1352
f 3476/14/1353 3475/13/1352 3472/12/1353
f 3473/3/1354 3474/2/1355 3477/3/1356
f 3475/2/1357 3477/3/1356 3474/2/1355
f 3471/12/1358 3473/11/1358 3478/14/1358
f 3477/13/1358 3478/14/1358 3473/11/1358
f 3472/1/1359 3471/4/1360 3476/1/1361
f 3478/4/1362 3476/1/1361 3471/4/1360
f 3479/5/1 3480/6/1 3481/7/1
f 3482/8/1363 3483/9/1363 3480/6/1364
f 3480/6/1364 3479/5/1364 3482/8/1363
f 3483/9/1365 3484/10/1365 3481/7/1366
f 3481/7/1366 3480/6/1366 3483/9/1365
f 3484/10/1367 3482/8/1368 3479/5/1369
f 3479/5/1369 3481/7/1369 3484/10/1367
f 3485/4/759 3486/1/66 3487/3/66
f 3488/2/560 3487/3/66 3486/1/66
f 3489/2/1370 3490/1/1 3491/3/1370
f 3492/4/1 3491/3/1370 3490/1/1
f 3488/11/1371 3486/12/1372 3489/13/1371
f 3490/14/1372 3489/13/1371 3486/12/1372
f 3487/3/1373 3488/2/1374 3491/3/1374
f 3489/2/1375 3491/3/1374 3488/2/1374
f 3485/12/1376 3487/11/1377 3492/14/1376
f 3491/13/1377 3492/14/1376 3487/11/1377
f 3486/1/1378 3485/4/1379 3490/1/1379
f 3492/4/1379 3490/1/1379 3485/4/1379
f 3493/8/1380 3494/4/1380 3495/2/1381
f 3496/6/1381 3495/2/1381 3494/4/1380
f 3497/8/1382 3498/9/1382 3499/2/1383
f 3500/26/1383 3499/2/1383 3498/9/1382
f 3501/8/1384 3502/4/1385 3503/2/1386
f 3504/6/1387 3503/2/1386 3502/4/1385
f 3505/8/1388 3506/9/1388 3507/2/1389
f 3508/26/1389 3507/2/1389 3506/9/1388
f 3509/8/1390 3510/4/1390 3511/2/1390
f 3512/6/1390 3511/2/1390 3510/4/1390
f 3513/8/1391 3514/9/1391 3515/2/1392
f 3516/26/1392 3515/2/1392 3514/9/1391
f 3517/8/1393 3518/4/1393 3519/2/1394
f 3520/6/1394 3519/2/1394 3518/4/1393
f 3521/8/1395 3522/9/1395 3523/2/1396
f 3524/26/1396 3523/2/1396 3522/9/1395
f 3525/8/1397 3526/4/1397 3527/2/1397
f 3528/6/1397 3527/2/1397 3526/4/1397
f 3529/8/1398 3530/9/1398 3531/2/1399
f 3532/26/1399 3531/2/1399 3530/9/1398
f 3533/8/1400 3534/4/1400 3535/2/1401
f 3536/6/1401 3535/2/1401 3534/4/1400
f 3537/8/1402 3538/9/1402 3539/2/1403
f 3540/26/1403 3539/2/1403 3538/9/1402
f 3541/8/1404 3542/4/1404 3543/2/1405
f 3544/6/1405 3543/2/1405 3542/4/1404
f 3545/8/1406 3546/9/1406 3547/2/1407
f 3548/26/1407 3547/2/1407 3546/9/1406
f 3549/8/1408 3550/4/1408 3551/2/500
f 3552/6/500 3551/2/500 3550/4/1408
f 3553/8/1409 3554/9/1409 3555/2/1410
f 3556/26/1410 3555/2/1410 3554/9/1409
f 3557/8/1209 3558/4/1209 3559/2/1411
f 3560/6/1411 3559/2/1411 3558/4/1209
f 3561/8/1412 3562/9/1412 3563/2/1412
f 3564/26/1412 3563/2/1412 3562/9/1412
f 3565/8/1209 3566/4/1209 3567/2/1209
f 3568/6/1209 3567/2/1209 3566/4/1209
f 3569/8/1223 3570/9/1223 3571/2/1222
f 3572/26/1222 3571/2/1222 3570/9/1223
f 3573/8/1413 3574/4/1413 3575/2/1413
f 3576/6/1413 3575/2/1413 3574/4/1413
f 3577/8/1414 3578/9/1414 3579/2/1414
f 3580/26/1414 3579/2/1414 3578/9/1414
f 3581/8/99 3582/4/99 3583/2/99
f 3584/6/99 3583/2/99 3582/4/99
f 3585/8/122 3586/9/122 3587/2/122
f 3588/26/122 3587/2/122 3586/9/122
f 3589/8/1415 3590/4/1415 3591/2/101
f 3592/6/101 3591/2/101 3590/4/1415
f 3593/8/1416 3594/9/1416 3595/2/102
f 3596/26/102 3595/2/102 3594/9/1416
f 3597/8/1417 3598/4/1417 3599/2/1417
f 3600/6/1417 3599/2/1417 3598/4/1417
f 3601/8/1418 3602/9/1418 3603/2/1418
f 3604/26/1418 3603/2/1418 3602/9/1418
f 3605/8/1419 3606/4/1419 3607/2/1420
f 3608/6/1420 3607/2/1420 3606/4/1419
f 3609/8/1421 3610/9/1421 3611/2/1422
f 3612/26/1422 3611/2/1422 3610/9/1421
f 3613/8/1423 3614/4/1423 3615/2/1423
f 3616/6/1423 3615/2/1423 3614/4/1423
f 3617/8/1424 3618/9/1424 3619/2/1424
f 3620/26/1424 3619/2/1424 3618/9/1424
f 3621/8/1415 3622/4/1415 3623/2/1415
f 3624/6/1415 3623/2/1415 3622/4/1415
f 3625/8/102 3626/9/102 3627/2/1425
f 3628/26/1426 3627/2/1425 3626/9/102
f 3629/8/1427 3630/4/1427 3631/2/1428
f 3632/6/1428 3631/2/1428 3630/4/1427
f 3633/8/1429 3634/9/1429 3635/2/1430
f 3636/26/1430 3635/2/1430 3634/9/1429
f 3637/8/417 3638/4/417 3639/2/417
f 3640/6/417 3639/2/417 3638/4/417
f 3641/8/99 3642/9/99 3643/2/99
f 3644/26/99 3643/2/99 3642/9/99
f 3645/8/1431 3646/4/1431 3647/2/1432
f 3648/6/1432 3647/2/1432 3646/4/1431
f 3649/8/1433 3650/9/1433 3651/2/1434
f 3652/26/1434 3651/2/1434 3650/9/1433
f 3653/8/101 3654/4/101 3655/2/1435
f 3656/6/1435 3655/2/1435 3654/4/101
f 3657/8/1436 3658/9/1436 3659/2/102
f 3660/26/102 3659/2/102 3658/9/1436
f 3661/8/1437 3662/4/1437 3663/2/1437
f 3664/6/1437 3663/2/1437 3662/4/1437
f 3665/8/1438 3666/9/1438 3667/2/1438
f 3668/26/1438 3667/2/1438 3666/9/1438
f 3669/8/1439 3670/4/1439 3671/2/1440
f 3672/6/1440 3671/2/1440 3670/4/1439
f 3673/8/1441 3674/9/1441 3675/2/1442
f 3676/26/1442 3675/2/1442 3674/9/1441
f 3677/8/1443 3678/4/1443 3679/2/1443
f 3680/6/1443 3679/2/1443 3678/4/1443
f 3681/8/1444 3682/9/1444 3683/2/1445
f 3684/26/1445 3683/2/1445 3682/9/1444
f 3685/8/1446 3686/4/1446 3687/2/1446
f 3688/6/1446 3687/2/1446 3686/4/1446
f 3689/8/1447 3690/9/1447 3691/2/1448
f 3692/26/1448 3691/2/1448 3690/9/1447
f 3693/8/1449 3694/4/1449 3695/2/1449
f 3696/6/1449 3695/2/1449 3694/4/1449
f 3697/8/1450 3698/9/1450 3699/2/1450
f 3700/26/1450 3699/2/1450 3698/9/1450
f 3701/4/1451 3702/1/1451 3703/15/1451
f 3704/16/1451 3703/15/1451 3702/1/1451
f 3703/15/1451 3704/16/1451 3705/17/1451
f 3706/2/1451 3705/17/1451 3704/16/1451
f 3704/18/1 3702/8/1 3707/19/1
f 3708/20/1 3707/19/1 3702/8/1
f 3706/2/1 3704/18/1 3709/1/1
f 3707/19/1 3709/1/1 3704/18/1
f 3705/21/1452 3706/22/1452 3710/3/1452
f 3709/2/1452 3710/3/1452 3706/22/1452
f 3703/19/66 3705/22/66 3711/18/66
f 3710/2/66 3711/18/66 3705/22/66
f 3701/4/66 3703/19/66 3712/23/66
f 3711/18/66 3712/23/66 3703/19/66
f 3702/24/1453 3701/8/1453 3708/25/1453
f 3712/20/1453 3708/25/1453 3701/8/1453
f 3713/27/66 3714/28/66 3715/29/66
f 3715/29/66 3716/30/66 3713/27/66
f 3717/8/1454 3718/4/1454 3719/2/1455
f 3720/6/1455 3719/2/1455 3718/4/1454
f 3721/8/1456 3722/9/1456 3723/2/1457
f 3724/26/1458 3723/2/1457 3722/9/1456
f 3725/8/1459 3726/4/1459 3727/2/1460
f 3728/6/1460 3727/2/1460 3726/4/1459
f 3729/8/1461 3730/9/1461 3731/2/1391
f 3732/26/1391 3731/2/1391 3730/9/1461
f 3733/8/1462 3734/4/1462 3735/2/1428
f 3736/6/1428 3735/2/1428 3734/4/1462
f 3737/8/1391 3738/9/1391 3739/2/1391
f 3740/26/1391 3739/2/1391 3738/9/1391
f 3741/8/1463 3742/4/1459 3743/2/1464
f 3744/6/1464 3743/2/1464 3742/4/1459
f 3745/8/1465 3746/9/1465 3747/2/1466
f 3748/26/1466 3747/2/1466 3746/9/1465
f 3749/8/1390 3750/4/1390 3751/2/1390
f 3752/6/1390 3751/2/1390 3750/4/1390
f 3753/8/1467 3754/9/1468 3755/2/1429
f 3756/26/1429 3755/2/1429 3754/9/1468
f 3757/8/1390 3758/4/1390 3759/2/1462
f 3760/6/1462 3759/2/1462 3758/4/1390
f 3761/8/1469 3762/9/1469 3763/2/1391
f 3764/26/1391 3763/2/1391 3762/9/1469
f 3765/8/1390 3766/4/1390 3767/2/1460
f 3768/6/1460 3767/2/1460 3766/4/1390
f 3769/8/1392 3770/9/1392 3771/2/1391
f 3772/26/1391 3771/2/1391 3770/9/1392
f 3773/8/1470 3774/4/1471 3775/2/1459
f 3776/6/1472 3775/2/1459 3774/4/1471
f 3777/8/1473 3778/9/1465 3779/2/1474
f 3780/26/1474 3779/2/1474 3778/9/1465
f 3781/8/1464 3782/4/1464 3783/2/1475
f 3784/6/1475 3783/2/1475 3782/4/1464
f 3785/8/1473 3786/9/1473 3787/2/1473
f 3788/26/1473 3787/2/1473 3786/9/1473
f 3789/8/1476 3790/4/1476 3791/2/1460
f 3792/6/1460 3791/2/1460 3790/4/1476
f 3793/8/1430 3794/9/1430 3795/2/1429
f 3796/26/1429 3795/2/1429 3794/9/1430
f 3797/8/1463 3798/4/1459 3799/2/1471
f 3800/6/1471 3799/2/1471 3798/4/1459
f 3801/8/1477 3802/9/1477 3803/2/1392
f 3804/26/1392 3803/2/1392 3802/9/1477
f 3805/8/1427 3806/4/1427 3807/2/1454
f 3808/6/1454 3807/2/1454 3806/4/1427
f 3809/8/1469 3810/9/1469 3811/2/1430
f 3812/26/1429 3811/2/1430 3810/9/1469
f 3813/8/1478 3814/4/1478 3815/2/1479
f 3816/6/1479 3815/2/1479 3814/4/1478
f 3817/8/1480 3818/9/1480 3819/2/1481
f 3820/26/1482 3819/2/1481 3818/9/1480
f 3821/8/1483 3822/4/1483 3823/2/1479
f 3824/6/1479 3823/2/1479 3822/4/1483
f 3825/8/1480 3826/9/1480 3827/2/1484
f 3828/26/1484 3827/2/1484 3826/9/1480
f 3829/8/1485 3830/4/1485 3831/2/1486
f 3832/6/1486 3831/2/1486 3830/4/1485
f 3833/8/1487 3834/9/1487 3835/2/1488
f 3836/26/1488 3835/2/1488 3834/9/1487
f 3837/8/1485 3838/4/1485 3839/2/1485
f 3840/6/1485 3839/2/1485 3838/4/1485
f 3841/8/1489 3842/9/1489 3843/2/1490
f 3844/26/1490 3843/2/1490 3842/9/1489
f 3845/8/1491 3846/4/1492 3847/2/1493
f 3848/6/1493 3847/2/1493 3846/4/1492
f 3849/8/1490 3850/9/1490 3851/2/1480
f 3852/26/1480 3851/2/1480 3850/9/1490
f 3853/8/1493 3854/4/1493 3855/2/1479
f 3856/6/1479 3855/2/1479 3854/4/1493
f 3857/8/1494 3858/9/1494 3859/2/1490
f 3860/26/1490 3859/2/1490 3858/9/1494
f 3861/8/1495 3862/4/1495 3863/2/1479
f 3864/6/1479 3863/2/1479 3862/4/1495
f 3865/8/1480 3866/9/1480 3867/2/1496
f 3868/26/1496 3867/2/1496 3866/9/1480
f 3869/8/1497 3870/4/1497 3871/2/1498
f 3872/6/1498 3871/2/1498 3870/4/1497
f 3873/8/1484 3874/9/1484 3875/2/1499
f 3876/26/1499 3875/2/1499 3874/9/1484
f 3877/8/1493 3878/4/1493 3879/2/1493
f 3880/6/1493 3879/2/1493 3878/4/1493
f 3881/8/1500 3882/9/1500 3883/2/1480
f 3884/26/1480 3883/2/1480 3882/9/1500
f 3885/8/1493 3886/4/1493 3887/2/1493
f 3888/6/1493 3887/2/1493 3886/4/1493
f 3889/8/1480 3890/9/1480 3891/2/1489
f 3892/26/1489 3891/2/1489 3890/9/1480
f 3893/8/1498 3894/4/1498 3895/2/1501
f 3896/6/1501 3895/2/1501 3894/4/1498
f 3897/8/1489 3898/9/1489 3899/2/1480
f 3900/26/1480 3899/2/1480 3898/9/1489
f 3901/8/1492 3902/4/1492 3903/2/1498
f 3904/6/1498 3903/2/1498 3902/4/1492
f 3905/8/1494 3906/9/1494 3907/2/1490
f 3908/26/1490 3907/2/1490 3906/9/1494
f 3909/8/1502 3910/4/1427 3911/2/1459
f 3912/6/1472 3911/2/1459 3910/4/1427
f 3913/8/1391 3914/9/1391 3915/2/1391
f 3916/26/1391 3915/2/1391 3914/9/1391
f 3917/8/1464 3918/4/1464 3919/2/1427
f 3920/6/1427 3919/2/1427 3918/4/1464
f 3921/8/1465 3922/9/1465 3923/2/1391
f 3924/26/1391 3923/2/1391 3922/9/1465
f 3925/8/1391 3926/4/1391 3927/2/1503
f 3928/6/1503 3927/2/1503 3926/4/1391
f 3929/8/1427 3930/9/1427 3931/2/1464
f 3932/26/1464 3931/2/1464 3930/9/1427
f 3933/4/1504 3934/1/1504 3935/15/1504
f 3936/16/1504 3935/15/1504 3934/1/1504
f 3935/15/1504 3936/16/1504 3937/17/1505
f 3938/2/1505 3937/17/1505 3936/16/1504
f 3936/18/1506 3934/8/1506 3939/19/1506
f 3940/20/1507 3939/19/1506 3934/8/1506
f 3938/2/1506 3936/18/1506 3941/1/1506
f 3939/19/1506 3941/1/1507 3936/18/1506
f 3937/21/1457 3938/22/1457 3942/3/1457
f 3941/2/1457 3942/3/1457 3938/22/1457
f 3935/19/1508 3937/22/1508 3943/18/1508
f 3942/2/1508 3943/18/1508 3937/22/1508
f 3933/4/1509 3935/19/1509 3944/23/1509
f 3943/18/1508 3944/23/1508 3935/19/1508
f 3934/24/1475 3933/8/1464 3940/25/1475
f 3944/20/1427 3940/25/1470 3933/8/1427
f 3945/27/1510 3946/28/1510 3947/29/1510
f 3947/29/1510 3948/30/1511 3945/27/1510
f 3949/8/1512 3950/4/1513 3951/2/1514
f 3952/6/1514 3951/2/1514 3950/4/1513
f 3953/8/1515 3954/9/1515 3955/2/1516
f 3956/26/1516 3955/2/1516 3954/9/1515
f 3957/8/1512 3958/4/1512 3959/2/1512
f 3960/6/1512 3959/2/1512 3958/4/1512
f 3961/8/1515 3962/9/1515 3963/2/1517
f 3964/26/1517 3963/2/1517 3962/9/1515
f 3965/8/1512 3966/4/1512 3967/2/1518
f 3968/6/1518 3967/2/1518 3966/4/1512
f 3969/8/1519 3970/9/1519 3971/2/1520
f 3972/26/1520 3971/2/1520 3970/9/1519
f 3973/8/1512 3974/4/1512 3975/2/1512
f 3976/6/1512 3975/2/1512 3974/4/1512
f 3977/8/1519 3978/9/1519 3979/2/1520
f 3980/26/1520 3979/2/1520 3978/9/1519
f 3981/8/1521 3982/4/1513 3983/2/1512
f 3984/6/1512 3983/2/1512 3982/4/1513
f 3985/8/1520 3986/9/1520 3987/2/1522
f 3988/26/1522 3987/2/1522 3986/9/1520
f 3989/8/1512 3990/4/1512 3991/2/1512
f 3992/6/1513 3991/2/1512 3990/4/1512
f 3993/8/1517 3994/9/1515 3995/2/1515
f 3996/26/1515 3995/2/1515 3994/9/1515
f 3997/8/1518 3998/4/1518 3999/2/1512
f 4000/6/1512 3999/2/1512 3998/4/1518
f 4001/8/1519 4002/9/1519 4003/2/1517
f 4004/26/1517 4003/2/1517 4002/9/1519
f 4005/8/1518 4006/4/1518 4007/2/1518
f 4008/6/1518 4007/2/1518 4006/4/1518
f 4009/8/1515 4010/9/1522 4011/2/1520
f 4012/26/1520 4011/2/1520 4010/9/1522
f 4013/8/1518 4014/4/1518 4015/2/1518
f 4016/6/1518 4015/2/1518 4014/4/1518
f 4017/8/1519 4018/9/1519 4019/2/1517
f 4020/26/1517 4019/2/1517 4018/9/1519
f 4021/8/1485 4022/4/1485 4023/2/1497
f 4024/6/1497 4023/2/1497 4022/4/1485
f 4025/8/1489 4026/9/1523 4027/2/1482
f 4028/26/1482 4027/2/1482 4026/9/1523
f 4029/8/1524 4030/4/1524 4031/2/1525
f 4032/6/1525 4031/2/1525 4030/4/1524
f 4033/8/1526 4034/9/1526 4035/2/1527
f 4036/26/1528 4035/2/1527 4034/9/1526
f 4037/8/1529 4038/4/1530 4039/2/1531
f 4040/6/1532 4039/2/1531 4038/4/1530
f 4041/8/1533 4042/9/1533 4043/2/585
f 4044/26/585 4043/2/585 4042/9/1533
f 4045/8/1534 4046/4/1534 4047/2/1534
f 4048/6/1535 4047/2/1534 4046/4/1534
f 4049/8/1536 4050/9/1536 4051/2/1537
f 4052/26/1538 4051/2/1537 4050/9/1536
f 4053/8/1539 4054/4/1540 4055/2/1541
f 4056/6/1541 4055/2/1541 4054/4/1540
f 4057/8/1542 4058/9/1543 4059/2/1544
f 4060/26/1545 4059/2/1544 4058/9/1543
f 4061/8/1546 4062/4/1547 4063/2/1548
f 4064/6/1549 4063/2/1548 4062/4/1547
f 4065/8/1550 4066/9/1550 4067/2/1551
f 4068/26/1551 4067/2/1551 4066/9/1550
f 4069/8/1552 4070/4/1552 4071/2/1553
f 4072/6/1554 4071/2/1553 4070/4/1552
f 4073/8/1555 4074/9/1555 4075/2/1556
f 4076/26/1556 4075/2/1556 4074/9/1555
f 4077/8/1557 4078/4/1557 4079/2/1557
f 4080/6/1557 4079/2/1557 4078/4/1557
f 4081/8/1558 4082/9/1559 4083/2/1560
f 4084/26/1560 4083/2/1560 4082/9/1559
f 4085/8/299 4086/4/299 4087/2/1561
f 4088/6/1561 4087/2/1561 4086/4/299
f 4089/8/1562 4090/9/1563 4091/2/1564
f 4092/26/1565 4091/2/1564 4090/9/1563
f 4093/8/1566 4094/4/1566 4095/2/1566
f 4096/6/1566 4095/2/1566 4094/4/1566
f 4097/8/1567 4098/9/1567 4099/2/1568
f 4100/26/1568 4099/2/1568 4098/9/1567
f 4101/8/1569 4102/4/1569 4103/2/1570
f 4104/6/1570 4103/2/1570 4102/4/1569
f 4105/8/1571 4106/9/1571 4107/2/1572
f 4108/26/1573 4107/2/1572 4106/9/1571
f 4109/8/1574 4110/4/1574 4111/2/1575
f 4112/6/1575 4111/2/1575 4110/4/1574
f 4113/8/1576 4114/9/1576 4115/2/1577
f 4116/26/1577 4115/2/1577 4114/9/1576
f 4117/8/1578 4118/4/1578 4119/2/1579
f 4120/6/1580 4119/2/1579 4118/4/1578
f 4121/8/1581 4122/9/1581 4123/2/1582
f 4124/26/1582 4123/2/1582 4122/9/1581
f 4125/8/1583 4126/4/1584 4127/2/1585
f 4128/6/1586 4127/2/1585 4126/4/1584
f 4129/8/1587 4130/9/1588 4131/2/1589
f 4132/26/1589 4131/2/1589 4130/9/1588
f 4133/8/1590 4134/4/1590 4135/2/1591
f 4136/6/1592 4135/2/1591 4134/4/1590
f 4137/8/1593 4138/9/1593 4139/2/1594
f 4140/26/1594 4139/2/1594 4138/9/1593
f 4141/8/1595 4142/4/1595 4143/2/1595
f 4144/6/1595 4143/2/1595 4142/4/1595
f 4145/8/1596 4146/9/1596 4147/2/1596
f 4148/26/1596 4147/2/1596 4146/9/1596
f 4149/8/1597 4150/4/1597 4151/2/1598
f 4152/6/1598 4151/2/1598 4150/4/1597
f 4153/8/1599 4154/9/1599 4155/2/1599
f 4156/26/1599 4155/2/1599 4154/9/1599
f 4157/8/1600 4158/4/1600 4159/2/1601
f 4160/6/1602 4159/2/1601 4158/4/1600
f 4161/8/1603 4162/9/1604 4163/2/1605
f 4164/26/1605 4163/2/1605 4162/9/1604
f 4165/8/1606 4166/4/1606 4167/2/1607
f 4168/6/1608 4167/2/1607 4166/4/1606
f 4169/8/1609 4170/9/1609 4171/2/1609
f 4172/26/1610 4171/2/1609 4170/9/1609
f 4173/8/1611 4174/4/1611 4175/2/1611
f 4176/6/1611 4175/2/1611 4174/4/1611
f 4177/8/1612 4178/9/1613 4179/2/1614
f 4180/26/1615 4179/2/1614 4178/9/1613
f 4181/8/1616 4182/4/1616 4183/2/1617
f 4184/6/1617 4183/2/1617 4182/4/1616
f 4185/8/1618 4186/9/1619 4187/2/1619
f 4188/26/1619 4187/2/1619 4186/9/1619
f 4189/8/1620 4190/4/1617 4191/2/1621
f 4192/6/1621 4191/2/1621 4190/4/1617
f 4193/8/1622 4194/9/1622 4195/2/1623
f 4196/26/1623 4195/2/1623 4194/9/1622
f 4197/8/1624 4198/4/1625 4199/2/1626
f 4200/6/1627 4199/2/1626 4198/4/1625
f 4201/8/1628 4202/9/1629 4203/2/1630
f 4204/26/1631 4203/2/1630 4202/9/1629
f 4205/8/1632 4206/4/1632 4207/2/1633
f 4208/6/1633 4207/2/1633 4206/4/1632
f 4209/8/1634 4210/9/1634 4211/2/1635
f 4212/26/1636 4211/2/1635 4210/9/1634
f 4213/8/1637 4214/4/1638 4215/2/1639
f 4216/6/1640 4215/2/1639 4214/4/1638
f 4217/8/1641 4218/9/1641 4219/2/1641
f 4220/26/1641 4219/2/1641 4218/9/1641
f 4221/8/1642 4222/4/1642 4223/2/1643
f 4224/6/1644 4223/2/1643 4222/4/1642
f 4225/8/1645 4226/9/1645 4227/2/774
f 4228/26/774 4227/2/774 4226/9/1645
f 4229/8/1646 4230/4/1646 4231/2/1646
f 4232/6/1646 4231/2/1646 4230/4/1646
f 4233/8/1647 4234/9/1648 4235/2/1649
f 4236/26/1649 4235/2/1649 4234/9/1648
f 4237/8/1650 4238/4/1650 4239/2/1649
f 4240/6/1649 4239/2/1649 4238/4/1650
f 4241/8/1646 4242/9/1646 4243/2/1651
f 4244/26/1651 4243/2/1651 4242/9/1646
f 4245/4/1652 4246/1/1652 4247/15/1653
f 4248/16/1654 4247/15/1653 4246/1/1652
f 4247/15/1653 4248/16/1654 4249/17/1655
f 4250/2/1656 4249/17/1655 4248/16/1654
f 4248/18/1657 4246/8/1658 4251/19/1657
f 4252/20/1659 4251/19/1657 4246/8/1658
f 4250/2/1660 4248/18/1660 4253/1/1660
f 4251/19/1657 4253/1/1661 4248/18/1657
f 4249/21/1662 4250/22/1662 4254/3/1662
f 4253/2/1663 4254/3/1663 4250/22/1662
f 4247/19/1664 4249/22/1665 4255/18/1666
f 4254/2/1665 4255/18/1666 4249/22/1665
f 4245/4/1667 4247/19/1667 4256/23/1667
f 4255/18/1666 4256/23/1668 4247/19/1664
f 4246/24/1669 4245/8/1669 4252/25/1669
f 4256/20/1670 4252/25/1670 4245/8/1670
f 4257/5/1671 4258/6/1671 4259/7/1671
f 4260/8/1672 4261/9/1672 4258/6/1673
f 4258/6/1673 4257/5/1672 4260/8/1672
f 4261/9/1674 4262/10/1623 4259/7/1675
f 4259/7/1675 4258/6/1675 4261/9/1674
f 4262/10/1676 4260/8/1676 4257/5/1677
f 4257/5/1677 4259/7/1677 4262/10/1676
f 4263/4/1678 4264/1/1678 4265/3/1679
f 4266/2/1679 4265/3/1679 4264/1/1678
f 4267/2/1680 4268/1/1681 4269/3/1680
f 4270/4/1681 4269/3/1680 4268/1/1681
f 4266/11/1682 4264/12/1683 4267/13/1682
f 4268/14/1683 4267/13/1682 4264/12/1683
f 4265/3/1684 4266/2/1685 4269/3/1686
f 4267/2/1687 4269/3/1686 4266/2/1685
f 4263/12/1688 4265/11/1689 4270/14/1688
f 4269/13/1689 4270/14/1688 4265/11/1689
f 4264/1/1623 4263/4/1690 4268/1/1690
f 4270/4/1619 4268/1/1690 4263/4/1690
f 4271/5/1691 4272/6/1691 4273/7/1691
f 4274/8/1692 4275/9/1692 4272/6/1693
f 4272/6/1693 4271/5/1694 4274/8/1692
f 4275/9/1695 4276/10/1695 4273/7/1696
f 4273/7/1696 4272/6/1696 4275/9/1695
f 4276/10/1697 4274/8/1698 4271/5/1699
f 4271/5/1699 4273/7/1700 4276/10/1697
f 4277/4/1701 4278/1/1701 4279/3/1702
f 4280/2/1702 4279/3/1702 4278/1/1701
f 4281/2/1703 4282/1/1704 4283/3/1705
f 4284/4/1706 4283/3/1705 4282/1/1704
f 4280/11/1707 4278/12/1708 4281/13/1707
f 4282/14/1708 4281/13/1707 4278/12/1708
f 4279/3/1709 4280/2/1710 4283/3/1711
f 4281/2/1712 4283/3/1711 4280/2/1710
f 4277/12/1713 4279/11/1714 4284/14/1713
f 4283/13/1714 4284/14/1713 4279/11/1714
f 4278/1/1715 4277/4/1716 4282/1/1717
f 4284/4/1718 4282/1/1717 4277/4/1716
f 4285/5/1719 4286/6/1719 4287/7/1719
f 4288/8/1720 4289/9/1721 4286/6/1722
f 4286/6/1722 4285/5/1723 4288/8/1720
f 4289/9/1724 4290/10/1724 4287/7/1725
f 4287/7/1725 4286/6/1726 4289/9/1724
f 4290/10/1727 4288/8/1728 4285/5/1729
f 4285/5/1729 4287/7/1730 4290/10/1727
f 4291/4/1731 4292/1/1732 4293/3/1733
f 4294/2/1734 4293/3/1733 4292/1/1732
f 4295/2/1735 4296/1/1736 4297/3/1737
f 4298/4/1738 4297/3/1737 4296/1/1736
f 4294/11/1739 4292/12/1739 4295/13/1739
f 4296/14/1739 4295/13/1739 4292/12/1739
f 4293/3/1740 4294/2/1741 4297/3/1742
f 4295/2/1743 4297/3/1742 4294/2/1741
f 4291/12/1744 4293/11/1745 4298/14/1744
f 4297/13/1745 4298/14/1744 4293/11/1745
f 4292/1/1746 4291/4/1747 4296/1/1748
f 4298/4/1749 4296/1/1748 4291/4/1747
f 4299/5/1750 4300/6/1750 4301/7/1750
f 4302/8/1751 4303/9/1751 4300/6/1752
f 4300/6/1752 4299/5/1752 4302/8/1751
f 4303/9/1753 4304/10/1753 4301/7/1754
f 4301/7/1754 4300/6/1754 4303/9/1753
f 4304/10/1755 4302/8/1756 4299/5/1757
f 4299/5/1757 4301/7/1757 4304/10/1755
f 4305/4/1758 4306/1/1758 4307/3/1759
f 4308/2/1759 4307/3/1759 4306/1/1758
f 4309/2/1760 4310/1/1761 4311/3/1762
f 4312/4/1761 4311/3/1762 4310/1/1761
f 4308/11/1763 4306/12/1764 4309/13/1765
f 4310/14/1764 4309/13/1765 4306/12/1764
f 4307/3/1766 4308/2/1767 4311/3/1767
f 4309/2/1768 4311/3/1767 4308/2/1767
f 4305/12/1769 4307/11/1769 4312/14/1769
f 4311/13/1769 4312/14/1769 4307/11/1769
f 4306/1/1770 4305/4/1771 4310/1/1771
f 4312/4/1772 4310/1/1771 4305/4/1771
f 4313/5/1773 4314/6/1773 4315/7/1773
f 4316/8/1774 4317/9/1775 4314/6/1776
f 4314/6/1776 4313/5/1777 4316/8/1774
f 4317/9/1778 4318/10/1778 4315/7/1779
f 4315/7/1779 4314/6/1779 4317/9/1778
f 4318/10/1780 4316/8/1780 4313/5/1780
f 4313/5/1780 4315/7/1780 4318/10/1780
f 4319/4/1781 4320/1/1781 4321/3/1782
f 4322/2/1782 4321/3/1782 4320/1/1781
f 4323/2/1783 4324/1/1784 4325/3/1783
f 4326/4/1784 4325/3/1783 4324/1/1784
f 4322/11/1785 4320/12/1786 4323/13/1787
f 4324/14/1786 4323/13/1787 4320/12/1786
f 4321/3/1616 4322/2/1788 4325/3/1789
f 4323/2/1790 4325/3/1789 4322/2/1788
f 4319/12/1688 4321/11/1791 4326/14/1688
f 4325/13/1791 4326/14/1688 4321/11/1791
f 4320/1/1792 4319/4/1792 4324/1/1792
f 4326/4/1690 4324/1/1792 4319/4/1792
f 4327/5/1793 4328/6/1793 4329/7/1793
f 4330/8/1794 4331/9/1794 4328/6/1795
f 4328/6/1795 4327/5/1795 4330/8/1794
f 4331/9/1796 4332/10/1796 4329/7/1796
f 4329/7/1796 4328/6/1796 4331/9/1796
f 4332/10/1797 4330/8/1797 4327/5/1798
f 4327/5/1798 4329/7/1798 4332/10/1797
f 4333/4/1799 4334/1/1799 4335/3/1799
f 4336/2/1799 4335/3/1799 4334/1/1799
f 4337/2/1800 4338/1/1800 4339/3/1800
f 4340/4/1800 4339/3/1800 4338/1/1800
f 4336/11/1801 4334/12/1801 4337/13/1801
f 4338/14/1801 4337/13/1801 4334/12/1801
f 4335/3/1802 4336/2/1802 4339/3/1802
f 4337/2/1802 4339/3/1802 4336/2/1802
f 4333/12/1803 4335/11/1803 4340/14/1803
f 4339/13/1803 4340/14/1803 4335/11/1803
f 4334/1/1804 4333/4/1805 4338/1/1806
f 4340/4/1807 4338/1/1806 4333/4/1805
f 4341/5/1808 4342/6/1808 4343/7/1808
f 4344/8/1809 4345/9/1809 4342/6/1810
f 4342/6/1810 4341/5/1810 4344/8/1809
f 4345/9/1811 4346/10/1812 4343/7/1813
f 4343/7/1813 4342/6/1814 4345/9/1811
f 4346/10/1815 4344/8/1815 4341/5/1816
f 4341/5/1816 4343/7/1816 4346/10/1815
f 4347/4/1817 4348/1/1817 4349/3/1817
f 4350/2/1817 4349/3/1817 4348/1/1817
f 4351/2/1808 4352/1/1808 4353/3/1808
f 4354/4/1808 4353/3/1808 4352/1/1808
f 4350/11/1818 4348/12/1818 4351/13/1818
f 4352/14/1818 4351/13/1818 4348/12/1818
f 4349/3/1819 4350/2/1820 4353/3/1821
f 4351/2/1822 4353/3/1821 4350/2/1820
f 4347/12/1823 4349/11/1823 4354/14/1823
f 4353/13/1823 4354/14/1823 4349/11/1823
f 4348/1/1824 4347/4/1824 4352/1/1825
f 4354/4/1826 4352/1/1825 4347/4/1824
f 4355/5/1827 4356/6/1827 4357/7/1827
f 4358/8/1828 4359/9/1828 4356/6/1828
f 4356/6/1828 4355/5/1828 4358/8/1828
f 4359/9/1829 4360/10/1829 4357/7/1830
f 4357/7/1830 4356/6/1830 4359/9/1829
f 4360/10/1831 4358/8/1831 4355/5/1832
f 4355/5/1832 4357/7/1832 4360/10/1831
f 4361/4/1833 4362/1/1833 4363/3/1833
f 4364/2/1833 4363/3/1833 4362/1/1833
f 4365/2/1834 4366/1/1834 4367/3/1834
f 4368/4/1834 4367/3/1834 4366/1/1834
f 4364/11/1835 4362/12/1835 4365/13/1835
f 4366/14/1836 4365/13/1835 4362/12/1835
f 4363/3/1837 4364/2/1838 4367/3/1839
f 4365/2/1840 4367/3/1839 4364/2/1838
f 4361/12/1841 4363/11/1841 4368/14/1841
f 4367/13/1841 4368/14/1841 4363/11/1841
f 4362/1/1842 4361/4/1843 4366/1/1844
f 4368/4/1845 4366/1/1844 4361/4/1843
f 4369/5/1846 4370/6/1846 4371/7/1846
f 4372/8/1847 4373/9/1847 4370/6/1848
f 4370/6/1848 4369/5/1848 4372/8/1847
f 4373/9/1849 4374/10/1849 4371/7/1850
f 4371/7/1850 4370/6/1850 4373/9/1849
f 4374/10/1851 4372/8/1852 4369/5/1853
f 4369/5/1853 4371/7/1853 4374/10/1851
f 4375/4/1854 4376/1/1854 4377/3/1855
f 4378/2/1855 4377/3/1855 4376/1/1854
f 4379/2/1846 4380/1/1846 4381/3/1846
f 4382/4/1846 4381/3/1846 4380/1/1846
f 4378/11/1856 4376/12/1856 4379/13/1856
f 4380/14/1856 4379/13/1856 4376/12/1856
f 4377/3/1857 4378/2/1858 4381/3/1859
f 4379/2/1860 4381/3/1859 4378/2/1858
f 4375/12/1861 4377/11/1862 4382/14/1861
f 4381/13/1862 4382/14/1861 4377/11/1862
f 4376/1/1863 4375/4/1864 4380/1/1865
f 4382/4/1866 4380/1/1865 4375/4/1864
f 4383/8/1867 4384/4/1868 4385/2/1869
f 4386/6/1869 4385/2/1869 4384/4/1868
f 4387/8/1870 4388/9/1870 4389/2/1871
f 4390/26/1871 4389/2/1871 4388/9/1870
f 4391/8/1872 4392/4/1872 4393/2/1873
f 4394/6/1873 4393/2/1873 4392/4/1872
f 4395/8/1874 4396/9/1875 4397/2/1876
f 4398/26/1876 4397/2/1876 4396/9/1875
f 4399/8/1877 4400/4/1877 4401/2/1877
f 4402/6/1877 4401/2/1877 4400/4/1877
f 4403/8/1878 4404/9/1878 4405/2/1879
f 4406/26/1879 4405/2/1879 4404/9/1878
f 4407/8/1880 4408/4/1880 4409/2/1880
f 4410/6/1880 4409/2/1880 4408/4/1880
f 4411/8/1881 4412/9/1881 4413/2/1882
f 4414/26/1882 4413/2/1882 4412/9/1881
f 4415/8/1883 4416/4/1883 4417/2/1884
f 4418/6/1884 4417/2/1884 4416/4/1883
f 4419/8/1885 4420/9/1885 4421/2/1886
f 4422/26/1886 4421/2/1886 4420/9/1885
f 4423/8/1887 4424/4/1887 4425/2/1888
f 4426/6/1889 4425/2/1888 4424/4/1887
f 4427/8/1890 4428/9/1890 4429/2/1891
f 4430/26/1891 4429/2/1891 4428/9/1890
f 4431/8/1892 4432/4/1893 4433/2/1894
f 4434/6/1894 4433/2/1894 4432/4/1893
f 4435/8/1895 4436/9/1895 4437/2/1896
f 4438/26/1896 4437/2/1896 4436/9/1895
f 4439/8/1897 4440/4/1898 4441/2/1899
f 4442/6/1899 4441/2/1899 4440/4/1898
f 4443/8/1900 4444/9/1900 4445/2/1901
f 4446/26/1902 4445/2/1901 4444/9/1900
f 4447/8/1502 4448/4/1427 4449/2/1459
f 4450/6/1472 4449/2/1459 4448/4/1427
f 4451/8/1430 4452/9/1430 4453/2/1430
f 4454/26/1430 4453/2/1430 4452/9/1430
f 4455/8/1476 4456/4/1476 4457/2/1390
f 4458/6/1390 4457/2/1390 4456/4/1476
f 4459/8/1465 4460/9/1465 4461/2/1477
f 4462/26/1477 4461/2/1477 4460/9/1465
f 4463/8/1903 4464/4/1903 4465/2/1904
f 4466/6/1904 4465/2/1904 4464/4/1903
f 4467/8/1905 4468/9/1906 4469/2/1907
f 4470/26/1908 4469/2/1907 4468/9/1906
f 4471/8/1464 4472/4/1464 4473/2/1459
f 4474/6/1459 4473/2/1459 4472/4/1464
f 4475/8/1909 4476/9/1909 4477/2/1465
f 4478/26/1465 4477/2/1465 4476/9/1909
f 4479/8/1910 4480/4/1910 4481/2/1911
f 4482/6/1911 4481/2/1911 4480/4/1910
f 4483/8/1912 4484/9/1912 4485/2/1913
f 4486/26/1913 4485/2/1913 4484/9/1912
f 4487/8/1497 4488/4/1497 4489/2/1914
f 4490/6/1914 4489/2/1914 4488/4/1497
f 4491/8/1480 4492/9/1480 4493/2/1494
f 4494/26/1494 4493/2/1494 4492/9/1480
f 4495/8/1479 4496/4/1479 4497/2/1485
f 4498/6/1485 4497/2/1485 4496/4/1479
f 4499/8/1480 4500/9/1915 4501/2/1484
f 4502/26/1484 4501/2/1484 4500/9/1915
f 4503/8/1916 4504/4/1916 4505/2/1917
f 4506/6/1917 4505/2/1917 4504/4/1916
f 4507/8/1918 4508/9/1919 4509/2/1920
f 4510/26/1920 4509/2/1920 4508/9/1919
f 4511/8/1921 4512/4/1921 4513/2/1922
f 4514/6/1922 4513/2/1922 4512/4/1921
f 4515/8/1923 4516/9/1923 4517/2/1924
f 4518/26/1924 4517/2/1924 4516/9/1923
f 4519/8/1895 4520/4/1895 4521/2/1895
f 4522/6/1895 4521/2/1895 4520/4/1895
f 4523/8/1925 4524/9/1925 4525/2/1925
f 4526/26/1925 4525/2/1925 4524/9/1925
f 4527/8/1926 4528/4/1926 4529/2/1927
f 4530/6/1927 4529/2/1927 4528/4/1926
f 4531/8/1928 4532/9/1928 4533/2/1929
f 4534/26/1929 4533/2/1929 4532/9/1928
f 4535/8/1930 4536/4/1930 4537/2/1931
f 4538/6/1931 4537/2/1931 4536/4/1930
f 4539/8/1932 4540/9/1932 4541/2/1933
f 4542/26/1933 4541/2/1933 4540/9/1932
f 4543/8/1934 4544/4/1935 4545/2/1936
f 4546/6/1936 4545/2/1936 4544/4/1935
f 4547/8/1937 4548/9/1937 4549/2/1938
f 4550/26/1938 4549/2/1938 4548/9/1937
f 4551/8/1939 4552/4/1939 4553/2/1940
f 4554/6/1940 4553/2/1940 4552/4/1939
f 4555/8/1941 4556/9/1941 4557/2/1872
f 4558/26/1942 4557/2/1872 4556/9/1941
f 4559/8/1943 4560/4/1943 4561/2/1944
f 4562/6/1944 4561/2/1944 4560/4/1943
f 4563/8/1945 4564/9/1946 4565/2/1947
f 4566/26/1947 4565/2/1947 4564/9/1946
f 4567/8/1948 4568/4/1948 4569/2/1949
f 4570/6/1950 4569/2/1949 4568/4/1948
f 4571/8/1951 4572/9/1951 4573/2/1951
f 4574/26/1951 4573/2/1951 4572/9/1951
f 4575/8/1952 4576/4/1953 4577/2/1954
f 4578/6/1954 4577/2/1954 4576/4/1953
f 4579/8/1955 4580/9/1956 4581/2/1957
f 4582/26/1957 4581/2/1957 4580/9/1956
f 4583/8/1958 4584/4/1958 4585/2/1959
f 4586/6/1959 4585/2/1959 4584/4/1958
f 4587/8/1960 4588/9/1960 4589/2/1960
f 4590/26/1960 4589/2/1960 4588/9/1960
f 4591/8/1960 4592/4/1960 4593/2/1961
f 4594/6/1961 4593/2/1961 4592/4/1960
f 4595/8/1959 4596/9/1959 4597/2/1958
f 4598/26/1958 4597/2/1958 4596/9/1959
f 4599/4/1962 4600/1/1962 4601/15/1962
f 4602/16/1962 4601/15/1962 4600/1/1962
f 4601/15/1962 4602/16/1962 4603/17/1962
f 4604/2/1963 4603/17/1962 4602/16/1962
f 4602/18/1964 4600/8/1964 4605/19/1964
f 4606/20/1965 4605/19/1964 4600/8/1964
f 4604/2/1964 4602/18/1964 4607/1/1964
f 4605/19/1964 4607/1/1964 4602/18/1964
f 4603/21/1948 4604/22/1966 4608/3/1948
f 4607/2/1967 4608/3/1968 4604/22/1967
f 4601/19/1969 4603/22/1969 4609/18/1969
f 4608/2/1969 4609/18/1969 4603/22/1969
f 4599/4/1969 4601/19/1969 4610/23/1969
f 4609/18/1969 4610/23/1969 4601/19/1969
f 4600/24/1970 4599/8/1971 4606/25/1970
f 4610/20/1971 4606/25/1972 4599/8/1971
f 4611/27/1973 4612/28/1974 4613/29/1974
f 4613/29/1974 4614/30/1973 4611/27/1973
f 4615/5/1 4616/6/1 4617/7/1
f 4618/8/1975 4619/9/1975 4616/6/1976
f 4616/6/1976 4615/5/1976 4618/8/1975
f 4619/9/1977 4620/10/1977 4617/7/1978
f 4617/7/1978 4616/6/1978 4619/9/1977
f 4620/10/1979 4618/8/1979 4615/5/1980
f 4615/5/1980 4617/7/1981 4620/10/1979
f 4621/4/66 4622/1/66 4623/3/66
f 4624/2/66 4623/3/66 4622/1/66
f 4625/2/1 4626/1/1 4627/3/1
f 4628/4/1 4627/3/1 4626/1/1
f 4624/11/1982 4622/12/1983 4625/13/1982
f 4626/14/1983 4625/13/1982 4622/12/1983
f 4623/3/1984 4624/2/1984 4627/3/1984
f 4625/2/1984 4627/3/1984 4624/2/1984
f 4621/12/1985 4623/11/1985 4628/14/1985
f 4627/13/1985 4628/14/1985 4623/11/1985
f 4622/1/1986 4621/4/1987 4626/1/1988
f 4628/4/1989 4626/1/1988 4621/4/1987
f 4629/5/1 4630/6/1 4631/7/1
f 4632/8/1990 4633/9/1990 4630/6/1991
f 4630/6/1991 4629/5/1991 4632/8/1990
f 4633/9/1992 4634/10/1992 4631/7/1993
f 4631/7/1993 4630/6/1993 4633/9/1992
f 4634/10/1994 4632/8/1994 4629/5/1995
f 4629/5/1995 4631/7/1995 4634/10/1994
f 4635/4/66 4636/1/66 4637/3/66
f 4638/2/66 4637/3/66 4636/1/66
f 4639/2/1 4640/1/1 4641/3/1
f 4642/4/1 4641/3/1 4640/1/1
f 4638/11/1996 4636/12/1996 4639/13/1996
f 4640/14/1996 4639/13/1996 4636/12/1996
f 4637/3/1997 4638/2/1997 4641/3/1997
f 4639/2/1997 4641/3/1997 4638/2/1997
f 4635/12/1998 4637/11/1998 4642/14/1998
f 4641/13/1998 4642/14/1998 4637/11/1998
f 4636/1/1999 4635/4/1999 4640/1/1999
f 4642/4/1999 4640/1/1999 4635/4/1999
f 4643/5/1 4644/6/1 4645/7/1
f 4646/8/2000 4647/9/2001 4644/6/2002
f 4644/6/2002 4643/5/2003 4646/8/2000
f 4647/9/2004 4648/10/2004 4645/7/2005
f 4645/7/2005 4644/6/2005 4647/9/2004
f 4648/10/2006 4646/8/2006 4643/5/2007
f 4643/5/2007 4645/7/2007 4648/10/2006
f 4649/4/66 4650/1/66 4651/3/66
f 4652/2/66 4651/3/66 4650/1/66
f 4653/2/1 4654/1/1 4655/3/1
f 4656/4/1 4655/3/1 4654/1/1
f 4652/11/2008 4650/12/2008 4653/13/2008
f 4654/14/2008 4653/13/2008 4650/12/2008
f 4651/3/2009 4652/2/2009 4655/3/2009
f 4653/2/2009 4655/3/2009 4652/2/2009
f 4649/12/2010 4651/11/2010 4656/14/2010
f 4655/13/2010 4656/14/2010 4651/11/2010
f 4650/1/2011 4649/4/2011 4654/1/2011
f 4656/4/2011 4654/1/2011 4649/4/2011
f 4657/5/1 4658/6/1 4659/7/1
f 4660/8/2012 4661/9/2012 4658/6/2013
f 4658/6/2013 4657/5/2013 4660/8/2012
f 4661/9/2014 4662/10/2014 4659/7/2015
f 4659/7/2015 4658/6/2015 4661/9/2014
f 4662/10/2016 4660/8/2017 4657/5/2018
f 4657/5/2018 4659/7/2018 4662/10/2016
f 4663/4/66 4664/1/66 4665/3/66
f 4666/2/66 4665/3/66 4664/1/66
f 4667/2/1 4668/1/1 4669/3/1
f 4670/4/1 4669/3/1 4668/1/1
f 4666/11/2019 4664/12/2019 4667/13/2019
f 4668/14/2019 4667/13/2019 4664/12/2019
f 4665/3/2020 4666/2/2021 4669/3/2022
f 4667/2/2023 4669/3/2022 4666/2/2021
f 4663/12/2024 4665/11/2024 4670/14/2024
f 4669/13/2024 4670/14/2024 4665/11/2024
f 4664/1/2025 4663/4/2026 4668/1/2027
f 4670/4/2028 4668/1/2027 4663/4/2026
f 4671/5/1 4672/6/1 4673/7/1
f 4674/8/2029 4675/9/2029 4672/6/2029
f 4672/6/2029 4671/5/2029 4674/8/2029
f 4675/9/2030 4676/10/2030 4673/7/2031
f 4673/7/2031 4672/6/2031 4675/9/2030
f 4676/10/2032 4674/8/2032 4671/5/2032
f 4671/5/2032 4673/7/2032 4676/10/2032
f 4677/4/66 4678/1/66 4679/3/66
f 4680/2/66 4679/3/66 4678/1/66
f 4681/2/1 4682/1/1 4683/3/1
f 4684/4/1 4683/3/1 4682/1/1
f 4680/11/2033 4678/12/2033 4681/13/2033
f 4682/14/2033 4681/13/2033 4678/12/2033
f 4679/3/2034 4680/2/2035 4683/3/2036
f 4681/2/2037 4683/3/2036 4680/2/2035
f 4677/12/2038 4679/11/2038 4684/14/2038
f 4683/13/2038 4684/14/2038 4679/11/2038
f 4678/1/2039 4677/4/2040 4682/1/2041
f 4684/4/2042 4682/1/2041 4677/4/2040
f 4685/8/2043 4686/4/2043 4687/2/2044
f 4688/6/2044 4687/2/2044 4686/4/2043
f 4689/8/2045 4690/9/2046 4691/2/2046
f 4692/26/2046 4691/2/2046 4690/9/2046
f 4693/8/2047 4694/4/2048 4695/2/2047
f 4696/6/2047 4695/2/2047 4694/4/2048
f 4697/8/2049 4698/9/2049 4699/2/2050
f 4700/26/2050 4699/2/2050 4698/9/2049
f 4701/8/2051 4702/4/2052 4703/2/2051
f 4704/6/2052 4703/2/2051 4702/4/2052
f 4705/8/2053 4706/9/2054 4707/2/2055
f 4708/26/2056 4707/2/2055 4706/9/2054
f 4709/8/1746 4710/4/1746 4711/2/2057
f 4712/6/2057 4711/2/2057 4710/4/1746
f 4713/8/2058 4714/9/2059 4715/2/2060
f 4716/26/2061 4715/2/2060 4714/9/2059
f 4717/8/2062 4718/4/2062 4719/2/2063
f 4720/6/2064 4719/2/2063 4718/4/2062
f 4721/8/2065 4722/9/2066 4723/2/2066
f 4724/26/2066 4723/2/2066 4722/9/2066
f 4725/8/2067 4726/4/2067 4727/2/2068
f 4728/6/2069 4727/2/2068 4726/4/2067
f 4729/8/2070 4730/9/2071 4731/2/2072
f 4732/26/2072 4731/2/2072 4730/9/2071
f 4733/8/2073 4734/4/2073 4735/2/2074
f 4736/6/2074 4735/2/2074 4734/4/2073
f 4737/8/2075 4738/9/2076 4739/2/2077
f 4740/26/2078 4739/2/2077 4738/9/2076
f 4741/8/2079 4742/4/2079 4743/2/2080
f 4744/6/2080 4743/2/2080 4742/4/2079
f 4745/8/2081 4746/9/2081 4747/2/2082
f 4748/26/2082 4747/2/2082 4746/9/2081
f 4749/8/2083 4750/4/2084 4751/2/2083
f 4752/6/2083 4751/2/2083 4750/4/2084
f 4753/8/2085 4754/9/2085 4755/2/2086
f 4756/26/2086 4755/2/2086 4754/9/2085
f 4757/8/2087 4758/4/2087 4759/2/2088
f 4760/6/2088 4759/2/2088 4758/4/2087
f 4761/8/2089 4762/9/2090 4763/2/2091
f 4764/26/2091 4763/2/2091 4762/9/2090
f 4765/8/2092 4766/4/2093 4767/2/2094
f 4768/6/2094 4767/2/2094 4766/4/2093
f 4769/8/2095 4770/9/2096 4771/2/2096
f 4772/26/2096 4771/2/2096 4770/9/2096
f 4773/8/2097 4774/4/2097 4775/2/2098
f 4776/6/2099 4775/2/2098 4774/4/2097
f 4777/8/2100 4778/9/2101 4779/2/2102
f 4780/26/2102 4779/2/2102 4778/9/2101
f 4781/8/2103 4782/4/2103 4783/2/2104
f 4784/6/2104 4783/2/2104 4782/4/2103
f 4785/8/2105 4786/9/2106 4787/2/2107
f 4788/26/2108 4787/2/2107 4786/9/2106
f 4789/8/2109 4790/4/2110 4791/2/2111
f 4792/6/2109 4791/2/2111 4790/4/2110
f 4793/8/2112 4794/9/2112 4795/2/2113
f 4796/26/1622 4795/2/2113 4794/9/2112
f 4797/8/2109 4798/4/2114 4799/2/1685
f 4800/6/1685 4799/2/1685 4798/4/2114
f 4801/8/2112 4802/9/2112 4803/2/1690
f 4804/26/1690 4803/2/1690 4802/9/2112
f 4805/8/1616 4806/4/1617 4807/2/1620
f 4808/6/1620 4807/2/1620 4806/4/1617
f 4809/8/1690 4810/9/1690 4811/2/2113
f 4812/26/2113 4811/2/2113 4810/9/1690
f 4813/8/2115 4814/4/2115 4815/2/2116
f 4816/6/2117 4815/2/2116 4814/4/2115
f 4817/8/2118 4818/9/2118 4819/2/2119
f 4820/26/2120 4819/2/2119 4818/9/2118
f 4821/8/2121 4822/4/2122 4823/2/2123
f 4824/6/2123 4823/2/2123 4822/4/2122
f 4825/8/2124 4826/9/2124 4827/2/2125
f 4828/26/2126 4827/2/2125 4826/9/2124
f 4829/8/2127 4830/4/2127 4831/2/2128
f 4832/6/2128 4831/2/2128 4830/4/2127
f 4833/8/2129 4834/9/2130 4835/2/2131
f 4836/26/2132 4835/2/2131 4834/9/2130
f 4837/8/2133 4838/4/2134 4839/2/2134
f 4840/6/2134 4839/2/2134 4838/4/2134
f 4841/8/2135 4842/9/2135 4843/2/2135
f 4844/26/2135 4843/2/2135 4842/9/2135
f 4845/8/2136 4846/4/2137 4847/2/2138
f 4848/6/2139 4847/2/2138 4846/4/2137
f 4849/8/2140 4850/9/2140 4851/2/2141
f 4852/26/2141 4851/2/2141 4850/9/2140
f 4853/8/2142 4854/4/2142 4855/2/2143
f 4856/6/2143 4855/2/2143 4854/4/2142
f 4857/8/2144 4858/9/2144 4859/2/2144
f 4860/26/2144 4859/2/2144 4858/9/2144
f 4861/8/2145 4862/4/2146 4863/2/2147
f 4864/6/2147 4863/2/2147 4862/4/2146
f 4865/8/2148 4866/9/2148 4867/2/2149
f 4868/26/2149 4867/2/2149 4866/9/2148
f 4869/8/2150 4870/4/2150 4871/2/2151
f 4872/6/2152 4871/2/2151 4870/4/2150
f 4873/8/2153 4874/9/2154 4875/2/2155
f 4876/26/2155 4875/2/2155 4874/9/2154
f 4877/8/2156 4878/4/2156 4879/2/2157
f 4880/6/2157 4879/2/2157 4878/4/2156
f 4881/8/2158 4882/9/2159 4883/2/2158
f 4884/26/2158 4883/2/2158 4882/9/2159
f 4885/8/2160 4886/4/2160 4887/2/2160
f 4888/6/2160 4887/2/2160 4886/4/2160
f 4889/8/2161 4890/9/2161 4891/2/2161
f 4892/26/2161 4891/2/2161 4890/9/2161
f 4893/8/2162 4894/4/2162 4895/2/2163
f 4896/6/2163 4895/2/2163 4894/4/2162
f 4897/8/2160 4898/9/2160 4899/2/2160
f 4900/26/2160 4899/2/2160 4898/9/2160
f 4901/4/2164 4902/1/2165 4903/15/2166
f 4904/16/2166 4903/15/2166 4902/1/2165
f 4903/15/2166 4904/16/2166 4905/17/2167
f 4906/2/2168 4905/17/2167 4904/16/2166
f 4904/18/2169 4902/8/2170 4907/19/2169
f 4908/20/2170 4907/19/2169 4902/8/2170
f 4906/2/2171 4904/18/2169 4909/1/2171
f 4907/19/2169 4909/1/2172 4904/18/2169
f 4905/21/2150 4906/22/2173 4910/3/2150
f 4909/2/2174 4910/3/2175 4906/22/2174
f 4903/19/2176 4905/22/2177 4911/18/2176
f 4910/2/2177 4911/18/2176 4905/22/2177
f 4901/4/2178 4903/19/2178 4912/23/2178
f 4911/18/2176 4912/23/2178 4903/19/2176
f 4902/24/2179 4901/8/2180 4908/25/2179
f 4912/20/2181 4908/25/2182 4901/8/2181
f 4913/27/2183 4914/28/2184 4915/29/2185
f 4915/29/2185 4916/30/2186 4913/27/2183
f 4917/5/2187 4918/6/2187 4919/7/2187
f 4920/8/2188 4921/9/2189 4918/6/2190
f 4918/6/2190 4917/5/2191 4920/8/2188
f 4921/9/2110 4922/10/2110 4919/7/2110
f 4919/7/2110 4918/6/2110 4921/9/2110
f 4922/10/2192 4920/8/2192 4917/5/2192
f 4917/5/2192 4919/7/2192 4922/10/2192
f 4923/4/2193 4924/1/2193 4925/3/2194
f 4926/2/2194 4925/3/2194 4924/1/2193
f 4927/2/2195 4928/1/2195 4929/3/2195
f 4930/4/2195 4929/3/2195 4928/1/2195
f 4926/11/1791 4924/12/1791 4927/13/1791
f 4928/14/1791 4927/13/1791 4924/12/1791
f 4925/3/2112 4926/2/2112 4929/3/2112
f 4927/2/2112 4929/3/2112 4926/2/2112
f 4923/12/1786 4925/11/1683 4930/14/1786
f 4929/13/1683 4930/14/1786 4925/11/1683
f 4924/1/2196 4923/4/1685 4928/1/1686
f 4930/4/2110 4928/1/1686 4923/4/1685
f 4931/5/2197 4932/6/2197 4933/7/2197
f 4934/8/2198 4935/9/2198 4932/6/2199
f 4932/6/2199 4931/5/2199 4934/8/2198
f 4935/9/2200 4936/10/2200 4933/7/2201
f 4933/7/2201 4932/6/2201 4935/9/2200
f 4936/10/2202 4934/8/2202 4931/5/2202
f 4931/5/2202 4933/7/2202 4936/10/2202
f 4937/4/2203 4938/1/2203 4939/3/2204
f 4940/2/2204 4939/3/2204 4938/1/2203
f 4941/2/2205 4942/1/2205 4943/3/2205
f 4944/4/2205 4943/3/2205 4942/1/2205
f 4940/11/1791 4938/12/2206 4941/13/1791
f 4942/14/2207 4941/13/1791 4938/12/2206
f 4939/3/2112 4940/2/1690 4943/3/2208
f 4941/2/2209 4943/3/2208 4940/2/1690
f 4937/12/1786 4939/11/1683 4944/14/1786
f 4943/13/1683 4944/14/1786 4939/11/1683
f 4938/1/2210 4937/4/2211 4942/1/2212
f 4944/4/2213 4942/1/2212 4937/4/2211
f 4945/5/2214 4946/6/2214 4947/7/2214
f 4948/8/2215 4949/9/2216 4946/6/2217
f 4946/6/2217 4945/5/2217 4948/8/2215
f 4949/9/2218 4950/10/2218 4947/7/2219
f 4947/7/2219 4946/6/2219 4949/9/2218
f 4950/10/2220 4948/8/2221 4945/5/2222
f 4945/5/2222 4947/7/2223 4950/10/2220
f 4951/4/2224 4952/1/2224 4953/3/2225
f 4954/2/2226 4953/3/2225 4952/1/2224
f 4955/2/2227 4956/1/2228 4957/3/2227
f 4958/4/2228 4957/3/2227 4956/1/2228
f 4954/11/2229 4952/12/2230 4955/13/2229
f 4956/14/2230 4955/13/2229 4952/12/2230
f 4953/3/2231 4954/2/2232 4957/3/2233
f 4955/2/2234 4957/3/2233 4954/2/2232
f 4951/12/2235 4953/11/2236 4958/14/2235
f 4957/13/2237 4958/14/2235 4953/11/2236
f 4952/1/2238 4951/4/2239 4956/1/2240
f 4958/4/2241 4956/1/2240 4951/4/2239
f 4959/5/2242 4960/6/2242 4961/7/2242
f 4962/8/2243 4963/9/2243 4960/6/2244
f 4960/6/2244 4959/5/2244 4962/8/2243
f 4963/9/2245 4964/10/2245 4961/7/2246
f 4961/7/2246 4960/6/2246 4963/9/2245
f 4964/10/2247 4962/8/2248 4959/5/2249
f 4959/5/2249 4961/7/2249 4964/10/2247
f 4965/4/2250 4966/1/2251 4967/3/2252
f 4968/2/2253 4967/3/2252 4966/1/2251
f 4969/2/2254 4970/1/2255 4971/3/2256
f 4972/4/2257 4971/3/2256 4970/1/2255
f 4968/11/2258 4966/12/2259 4969/13/2260
f 4970/14/2259 4969/13/2260 4966/12/2259
f 4967/3/2261 4968/2/2262 4971/3/2263
f 4969/2/2264 4971/3/2263 4968/2/2262
f 4965/12/2265 4967/11/2266 4972/14/2265
f 4971/13/2267 4972/14/2265 4967/11/2266
f 4966/1/2268 4965/4/2269 4970/1/2270
f 4972/4/2271 4970/1/2270 4965/4/2269
f 4973/8/2272 4974/4/2272 4975/2/2273
f 4976/6/2274 4975/2/2273 4974/4/2272
f 4977/8/2275 4978/9/2275 4979/2/2276
f 4980/26/2277 4979/2/2276 4978/9/2275
f 4981/8/2144 4982/4/2144 4983/2/2278
f 4984/6/2278 4983/2/2278 4982/4/2144
f 4985/8/2279 4986/9/2279 4987/2/2280
f 4988/26/2280 4987/2/2280 4986/9/2279
f 4989/8/2281 4990/4/2281 4991/2/2282
f 4992/6/2283 4991/2/2282 4990/4/2281
f 4993/8/2284 4994/9/2284 4995/2/2285
f 4996/26/2285 4995/2/2285 4994/9/2284
f 4997/8/2286 4998/4/2286 4999/2/2287
f 5000/6/2287 4999/2/2287 4998/4/2286
f 5001/8/2288 5002/9/2288 5003/2/2289
f 5004/26/2289 5003/2/2289 5002/9/2288
f 5005/8/2290 5006/4/2290 5007/2/2291
f 5008/6/2291 5007/2/2291 5006/4/2290
f 5009/8/2292 5010/9/2293 5011/2/2294
f 5012/26/2294 5011/2/2294 5010/9/2293
f 5013/8/2295 5014/4/2295 5015/2/2295
f 5016/6/2295 5015/2/2295 5014/4/2295
f 5017/8/2296 5018/9/2296 5019/2/2296
f 5020/26/2296 5019/2/2296 5018/9/2296
f 5021/8/2297 5022/4/2297 5023/2/2298
f 5024/6/2298 5023/2/2298 5022/4/2297
f 5025/8/2299 5026/9/2300 5027/2/2301
f 5028/26/2301 5027/2/2301 5026/9/2300
f 5029/8/2302 5030/4/2302 5031/2/2303
f 5032/6/2303 5031/2/2303 5030/4/2302
f 5033/8/2304 5034/9/2304 5035/2/2305
f 5036/26/2305 5035/2/2305 5034/9/2304
f 5037/8/2290 5038/4/2290 5039/2/2290
f 5040/6/2290 5039/2/2290 5038/4/2290
f 5041/8/2293 5042/9/2293 5043/2/2306
f 5044/26/2306 5043/2/2306 5042/9/2293
f 5045/8/2307 5046/4/2307 5047/2/2308
f 5048/6/2309 5047/2/2308 5046/4/2307
f 5049/8/2310 5050/9/2310 5051/2/2310
f 5052/26/2310 5051/2/2310 5050/9/2310
f 5053/8/2311 5054/4/2311 5055/2/2312
f 5056/6/2312 5055/2/2312 5054/4/2311
f 5057/8/2313 5058/9/2313 5059/2/2313
f 5060/26/2313 5059/2/2313 5058/9/2313
f 5061/8/2314 5062/4/2314 5063/2/2314
f 5064/6/2314 5063/2/2314 5062/4/2314
f 5065/8/2315 5066/9/2315 5067/2/2316
f 5068/26/2316 5067/2/2316 5066/9/2315
f 5069/8/2317 5070/4/2317 5071/2/2317
f 5072/6/2317 5071/2/2317 5070/4/2317
f 5073/8/2318 5074/9/2318 5075/2/2319
f 5076/26/2319 5075/2/2319 5074/9/2318
f 5077/8/2317 5078/4/2317 5079/2/2320
f 5080/6/2320 5079/2/2320 5078/4/2317
f 5081/8/2321 5082/9/2321 5083/2/2318
f 5084/26/2318 5083/2/2318 5082/9/2321
f 5085/8/2322 5086/4/2322 5087/2/2323
f 5088/6/2323 5087/2/2323 5086/4/2322
f 5089/8/2144 5090/9/2144 5091/2/2324
f 5092/26/2324 5091/2/2324 5090/9/2144
f 5093/8/2325 5094/4/2325 5095/2/2326
f 5096/6/2326 5095/2/2326 5094/4/2325
f 5097/8/2327 5098/9/2327 5099/2/2327
f 5100/26/2327 5099/2/2327 5098/9/2327
f 5101/8/2328 5102/4/2328 5103/2/2329
f 5104/6/2329 5103/2/2329 5102/4/2328
f 5105/8/2330 5106/9/2330 5107/2/2331
f 5108/26/2331 5107/2/2331 5106/9/2330
f 5109/8/2332 5110/4/2333 5111/2/2334
f 5112/6/2335 5111/2/2334 5110/4/2333
f 5113/8/2336 5114/9/2337 5115/2/2338
f 5116/26/2339 5115/2/2338 5114/9/2337
f 5117/8/2340 5118/4/2340 5119/2/2341
f 5120/6/2341 5119/2/2341 5118/4/2340
f 5121/8/2342 5122/9/2342 5123/2/2342
f 5124/26/2342 5123/2/2342 5122/9/2342
f 5125/8/2343 5126/4/2343 5127/2/2343
f 5128/6/2343 5127/2/2343 5126/4/2343
f 5129/8/2344 5130/9/2345 5131/2/2346
f 5132/26/2347 5131/2/2346 5130/9/2345
f 5133/8/2348 5134/4/2348 5135/2/2349
f 5136/6/2350 5135/2/2349 5134/4/2348
f 5137/8/2351 5138/9/2351 5139/2/2352
f 5140/26/2352 5139/2/2352 5138/9/2351
f 5141/8/590 5142/4/590 5143/2/2353
f 5144/6/2354 5143/2/2353 5142/4/590
f 5145/8/2355 5146/9/2355 5147/2/2356
f 5148/26/2356 5147/2/2356 5146/9/2355
f 5149/8/2357 5150/4/2357 5151/2/2358
f 5152/6/2358 5151/2/2358 5150/4/2357
f 5153/8/2359 5154/9/2359 5155/2/2360
f 5156/26/2360 5155/2/2360 5154/9/2359
f 5157/8/2361 5158/4/2361 5159/2/2361
f 5160/6/2361 5159/2/2361 5158/4/2361
f 5161/8/2362 5162/9/2362 5163/2/2363
f 5164/26/2363 5163/2/2363 5162/9/2362
f 5165/8/2364 5166/4/2364 5167/2/2364
f 5168/6/2364 5167/2/2364 5166/4/2364
f 5169/8/2365 5170/9/2365 5171/2/2366
f 5172/26/2367 5171/2/2366 5170/9/2365
f 5173/8/2368 5174/4/2368 5175/2/2368
f 5176/6/2368 5175/2/2368 5174/4/2368
f 5177/8/2369 5178/9/2369 5179/2/2370
f 5180/26/2370 5179/2/2370 5178/9/2369
f 5181/8/2370 5182/4/2370 5183/2/2369
f 5184/6/2369 5183/2/2369 5182/4/2370
f 5185/8/2368 5186/9/2368 5187/2/2368
f 5188/26/2368 5187/2/2368 5186/9/2368
f 5189/4/2371 5190/1/2371 5191/15/2371
f 5192/16/2371 5191/15/2371 5190/1/2371
f 5191/15/2371 5192/16/2371 5193/17/2372
f 5194/2/2372 5193/17/2372 5192/16/2371
f 5192/18/2373 5190/8/2373 5195/19/2373
f 5196/20/2373 5195/19/2373 5190/8/2373
f 5194/2/2374 5192/18/2374 5197/1/2374
f 5195/19/2373 5197/1/2373 5192/18/2373
f 5193/21/2375 5194/22/2375 5198/3/2375
f 5197/2/2375 5198/3/2375 5194/22/2375
f 5191/19/2376 5193/22/2376 5199/18/2376
f 5198/2/2377 5199/18/2376 5193/22/2376
f 5189/4/2378 5191/19/2378 5200/23/2378
f 5199/18/2376 5200/23/2376 5191/19/2376
f 5190/24/2379 5189/8/2379 5196/25/2379
f 5200/20/2379 5196/25/2379 5189/8/2379
f 5201/27/2380 5202/28/2381 5203/29/2381
f 5203/29/2381 5204/30/2378 5201/27/2380
f 5205/8/2382 5206/4/2382 5207/2/2383
f 5208/6/2383 5207/2/2383 5206/4/2382
f 5209/8/2384 5210/9/2384 5211/2/2384
f 5212/26/2384 5211/2/2384 5210/9/2384
f 5213/8/2385 5214/4/2385 5215/2/2386
f 5216/6/2386 5215/2/2386 5214/4/2385
f 5217/8/2387 5218/9/2387 5219/2/2387
f 5220/26/2387 5219/2/2387 5218/9/2387
f 5221/8/2382 5222/4/2382 5223/2/2383
f 5224/6/2383 5223/2/2383 5222/4/2382
f 5225/8/2384 5226/9/2384 5227/2/2384
f 5228/26/2384 5227/2/2384 5226/9/2384
f 5229/5/1 5230/6/1 5231/7/1
f 5232/8/2388 5233/9/2389 5230/6/2390
f 5230/6/2390 5229/5/2390 5232/8/2388
f 5233/9/2391 5234/10/2391 5231/7/2392
f 5231/7/2392 5230/6/2392 5233/9/2391
f 5234/10/2393 5232/8/2393 5229/5/2394
f 5229/5/2394 5231/7/2394 5234/10/2393
f 5235/4/66 5236/1/66 5237/3/66
f 5238/2/66 5237/3/66 5236/1/66
f 5239/2/1 5240/1/1 5241/3/1
f 5242/4/1 5241/3/1 5240/1/1
f 5238/11/2395 5236/12/2395 5239/13/2395
f 5240/14/2395 5239/13/2395 5236/12/2395
f 5237/3/2396 5238/2/2397 5241/3/2398
f 5239/2/2399 5241/3/2398 5238/2/2397
f 5235/12/2400 5237/11/2400 5242/14/2400
f 5241/13/2400 5242/14/2400 5237/11/2400
f 5236/1/2401 5235/4/2401 5240/1/2401
f 5242/4/2401 5240/1/2401 5235/4/2401
f 5243/5/1 5244/6/1 5245/7/1
f 5246/8/2402 5247/9/2402 5244/6/2403
f 5244/6/2403 5243/5/2403 5246/8/2402
f 5247/9/2404 5248/10/2404 5245/7/2405
f 5245/7/2405 5244/6/2405 5247/9/2404
f 5248/10/2406 5246/8/2406 5243/5/2407
f 5243/5/2407 5245/7/2407 5248/10/2406
f 5249/4/66 5250/1/66 5251/3/66
f 5252/2/66 5251/3/66 5250/1/66
f 5253/2/1 5254/1/1 5255/3/1
f 5256/4/1 5255/3/1 5254/1/1
f 5252/11/2408 5250/12/2408 5253/13/2408
f 5254/14/2408 5253/13/2408 5250/12/2408
f 5251/3/2409 5252/2/2409 5255/3/2409
f 5253/2/2409 5255/3/2409 5252/2/2409
f 5249/12/2410 5251/11/2410 5256/14/2410
f 5255/13/2410 5256/14/2410 5251/11/2410
f 5250/1/2411 5249/4/2412 5254/1/2413
f 5256/4/2414 5254/1/2413 5249/4/2412
f 5257/5/1 5258/6/1 5259/7/1
f 5260/8/2415 5261/9/2415 5258/6/2416
f 5258/6/2416 5257/5/2416 5260/8/2415
f 5261/9/2417 5262/10/2417 5259/7/2418
f 5259/7/2418 5258/6/2418 5261/9/2417
f 5262/10/2419 5260/8/2419 5257/5/2420
f 5257/5/2420 5259/7/2420 5262/10/2419
f 5263/4/66 5264/1/66 5265/3/66
f 5266/2/66 5265/3/66 5264/1/66
f 5267/2/1 5268/1/1 5269/3/1
f 5270/4/1 5269/3/1 5268/1/1
f 5266/11/2421 5264/12/2421 5267/13/2421
f 5268/14/2421 5267/13/2421 5264/12/2421
f 5265/3/2422 5266/2/2423 5269/3/2424
f 5267/2/2425 5269/3/2424 5266/2/2423
f 5263/12/2426 5265/11/2426 5270/14/2426
f 5269/13/2426 5270/14/2426 5265/11/2426
f 5264/1/2427 5263/4/2427 5268/1/2427
f 5270/4/2427 5268/1/2427 5263/4/2427
f 5271/8/2428 5272/4/2428 5273/2/2429
f 5274/6/2429 5273/2/2429 5272/4/2428
f 5275/8/2430 5276/9/2430 5277/2/2431
f 5278/26/2431 5277/2/2431 5276/9/2430
f 5279/8/2432 5280/4/2432 5281/2/2433
f 5282/6/2434 5281/2/2433 5280/4/2432
f 5283/8/2435 5284/9/2436 5285/2/2437
f 5286/26/2437 5285/2/2437 5284/9/2436
f 5287/8/2438 5288/4/2439 5289/2/2440
f 5290/6/2440 5289/2/2440 5288/4/2439
f 5291/8/2441 5292/9/2442 5293/2/2443
f 5294/26/2444 5293/2/2443 5292/9/2442
f 5295/8/2445 5296/4/2445 5297/2/2446
f 5298/6/2447 5297/2/2446 5296/4/2445
f 5299/8/2448 5300/9/2448 5301/2/2449
f 5302/26/2449 5301/2/2449 5300/9/2448
f 5303/8/2450 5304/4/2451 5305/2/2452
f 5306/6/2452 5305/2/2452 5304/4/2451
f 5307/8/2453 5308/9/2453 5309/2/2454
f 5310/26/2455 5309/2/2454 5308/9/2453
f 5311/8/2456 5312/4/2457 5313/2/2458
f 5314/6/2458 5313/2/2458 5312/4/2457
f 5315/8/2459 5316/9/2460 5317/2/2461
f 5318/26/2462 5317/2/2461 5316/9/2460
f 5319/8/2463 5320/4/2463 5321/2/2464
f 5322/6/2464 5321/2/2464 5320/4/2463
f 5323/8/2465 5324/9/2465 5325/2/2466
f 5326/26/2466 5325/2/2466 5324/9/2465
f 5327/8/2467 5328/4/2468 5329/2/2469
f 5330/6/2469 5329/2/2469 5328/4/2468
f 5331/8/2470 5332/9/2471 5333/2/1009
f 5334/26/1009 5333/2/1009 5332/9/2471
f 5335/8/2472 5336/4/2472 5337/2/984
f 5338/6/984 5337/2/984 5336/4/2472
f 5339/8/2473 5340/9/2474 5341/2/2473
f 5342/26/2475 5341/2/2473 5340/9/2474
f 5343/8/2476 5344/4/2476 5345/2/2477
f 5346/6/2478 5345/2/2477 5344/4/2476
f 5347/8/2479 5348/9/2480 5349/2/2481
f 5350/26/2481 5349/2/2481 5348/9/2480
f 5351/8/2482 5352/4/2482 5353/2/2483
f 5354/6/2483 5353/2/2483 5352/4/2482
f 5355/8/2484 5356/9/2485 5357/2/2486
f 5358/26/2487 5357/2/2486 5356/9/2485
f 5359/8/2488 5360/4/2489 5361/2/2490
f 5362/6/2490 5361/2/2490 5360/4/2489
f 5363/8/2491 5364/9/2492 5365/2/2491
f 5366/26/2493 5365/2/2491 5364/9/2492
f 5367/8/2494 5368/4/2495 5369/2/2495
f 5370/6/2495 5369/2/2495 5368/4/2495
f 5371/8/2496 5372/9/2497 5373/2/2497
f 5374/26/2497 5373/2/2497 5372/9/2497
f 5375/8/2498 5376/4/2498 5377/2/2499
f 5378/6/2500 5377/2/2499 5376/4/2498
f 5379/8/2501 5380/9/2501 5381/2/2502
f 5382/26/2502 5381/2/2502 5380/9/2501
f 5383/8/2503 5384/4/2503 5385/2/2504
f 5386/6/2504 5385/2/2504 5384/4/2503
f 5387/8/2505 5388/9/2505 5389/2/2506
f 5390/26/2507 5389/2/2506 5388/9/2505
f 5391/8/2508 5392/4/2508 5393/2/2509
f 5394/6/2509 5393/2/2509 5392/4/2508
f 5395/8/2510 5396/9/2511 5397/2/2512
f 5398/26/2512 5397/2/2512 5396/9/2511
f 5399/8/2513 5400/4/2514 5401/2/2514
f 5402/6/2514 5401/2/2514 5400/4/2514
f 5403/8/2515 5404/9/2515 5405/2/2516
f 5406/26/2517 5405/2/2516 5404/9/2515
f 5407/8/2518 5408/4/2519 5409/2/2519
f 5410/6/2519 5409/2/2519 5408/4/2519
f 5411/8/2520 5412/9/2520 5413/2/2521
f 5414/26/2521 5413/2/2521 5412/9/2520
f 5415/8/2522 5416/4/2522 5417/2/2494
f 5418/6/2494 5417/2/2494 5416/4/2522
f 5419/8/2523 5420/9/2497 5421/2/2524
f 5422/26/2524 5421/2/2524 5420/9/2497
f 5423/8/2525 5424/4/2525 5425/2/2494
f 5426/6/2526 5425/2/2494 5424/4/2525
f 5427/8/2527 5428/9/2527 5429/2/2528
f 5430/26/2528 5429/2/2528 5428/9/2527
f 5431/8/2529 5432/4/2529 5433/2/2530
f 5434/6/2530 5433/2/2530 5432/4/2529
f 5435/8/2531 5436/9/2531 5437/2/2531
f 5438/26/2531 5437/2/2531 5436/9/2531
f 5439/8/2532 5440/4/2532 5441/2/2533
f 5442/6/2534 5441/2/2533 5440/4/2532
f 5443/8/2535 5444/9/2536 5445/2/1400
f 5446/26/1400 5445/2/1400 5444/9/2536
f 5447/8/2537 5448/4/2537 5449/2/2538
f 5450/6/2539 5449/2/2538 5448/4/2537
f 5451/8/2540 5452/9/2540 5453/2/2541
f 5454/26/2541 5453/2/2541 5452/9/2540
f 5455/8/2542 5456/4/2542 5457/2/2543
f 5458/6/2544 5457/2/2543 5456/4/2542
f 5459/8/2545 5460/9/2546 5461/2/2547
f 5462/26/2548 5461/2/2547 5460/9/2546
f 5463/8/2468 5464/4/2549 5465/2/2550
f 5466/6/2550 5465/2/2550 5464/4/2549
f 5467/8/1013 5468/9/1013 5469/2/1013
f 5470/26/1013 5469/2/1013 5468/9/1013
f 5471/8/2551 5472/4/2551 5473/2/2551
f 5474/6/2551 5473/2/2551 5472/4/2551
f 5475/8/2552 5476/9/2552 5477/2/2553
f 5478/26/2553 5477/2/2553 5476/9/2552
f 5479/8/2554 5480/4/2554 5481/2/2552
f 5482/6/2552 5481/2/2552 5480/4/2554
f 5483/8/2551 5484/9/2551 5485/2/2551
f 5486/26/2551 5485/2/2551 5484/9/2551
f 5487/4/1600 5488/1/1601 5489/15/2555
f 5490/16/2556 5489/15/2555 5488/1/1601
f 5489/15/2555 5490/16/2556 5491/17/2557
f 5492/2/2558 5491/17/2557 5490/16/2556
f 5490/18/2559 5488/8/2560 5493/19/2559
f 5494/20/2560 5493/19/2559 5488/8/2560
f 5492/2/2561 5490/18/2562 5495/1/2562
f 5493/19/2559 5495/1/2559 5490/18/2559
f 5491/21/2563 5492/22/1012 5496/3/2564
f 5495/2/1012 5496/3/2565 5492/22/1012
f 5489/19/2566 5491/22/2566 5497/18/2567
f 5496/2/2566 5497/18/2567 5491/22/2566
f 5487/4/2566 5489/19/2566 5498/23/2566
f 5497/18/2567 5498/23/2566 5489/19/2566
f 5488/24/2568 5487/8/2569 5494/25/2568
f 5498/20/2570 5494/25/2571 5487/8/2572
f 5499/27/2573 5500/28/2574 5501/29/2575
f 5501/29/2575 5502/30/2573 5499/27/2573
f 5503/5/2576 5504/6/2576 5505/7/2576
f 5506/8/2577 5507/9/2577 5504/6/2578
f 5504/6/2578 5503/5/2579 5506/8/2577
f 5507/9/2580 5508/10/2580 5505/7/2581
f 5505/7/2581 5504/6/2582 5507/9/2580
f 5508/10/2583 5506/8/2583 5503/5/2583
f 5503/5/2583 5505/7/2583 5508/10/2583
f 5509/4/2584 5510/1/2585 5511/3/2586
f 5512/2/2586 5511/3/2586 5510/1/2585
f 5513/2/2587 5514/1/2588 5515/3/2589
f 5516/4/2590 5515/3/2589 5514/1/2588
f 5512/11/2591 5510/12/2592 5513/13/2593
f 5514/14/2594 5513/13/2593 5510/12/2592
f 5511/3/2595 5512/2/2595 5515/3/2595
f 5513/2/2595 5515/3/2595 5512/2/2595
f 5509/12/2596 5511/11/2597 5516/14/2596
f 5515/13/2597 5516/14/2596 5511/11/2597
f 5510/1/2598 5509/4/2599 5514/1/2581
f 5516/4/2600 5514/1/2581 5509/4/2599
f 5517/5/2601 5518/6/2601 5519/7/2601
f 5520/8/2602 5521/9/2602 5518/6/2603
f 5518/6/2603 5517/5/2603 5520/8/2602
f 5521/9/2604 5522/10/2604 5519/7/2605
f 5519/7/2605 5518/6/2605 5521/9/2604
f 5522/10/2606 5520/8/2606 5517/5/2607
f 5517/5/2607 5519/7/2607 5522/10/2606
f 5523/4/2608 5524/1/2609 5525/3/2610
f 5526/2/2611 5525/3/2610 5524/1/2609
f 5527/2/2612 5528/1/2613 5529/3/2614
f 5530/4/2613 5529/3/2614 5528/1/2613
f 5526/11/2615 5524/12/2616 5527/13/2615
f 5528/14/2616 5527/13/2615 5524/12/2616
f 5525/3/2501 5526/2/2617 5529/3/2617
f 5527/2/2617 5529/3/2617 5526/2/2617
f 5523/12/2618 5525/11/2618 5530/14/2618
f 5529/13/2618 5530/14/2618 5525/11/2618
f 5524/1/2619 5523/4/2620 5528/1/2620
f 5530/4/2498 5528/1/2620 5523/4/2620
f 5531/5/2621 5532/6/2621 5533/7/2621
f 5534/8/2622 5535/9/2622 5532/6/2622
f 5532/6/2622 5531/5/2622 5534/8/2622
f 5535/9/2623 5536/10/2623 5533/7/2624
f 5533/7/2624 5532/6/2625 5535/9/2623
f 5536/10/2626 5534/8/2626 5531/5/2627
f 5531/5/2627 5533/7/2627 5536/10/2626
f 5537/4/2628 5538/1/2628 5539/3/2628
f 5540/2/2628 5539/3/2628 5538/1/2628
f 5541/2/2629 5542/1/2629 5543/3/2629
f 5544/4/2629 5543/3/2629 5542/1/2629
f 5540/11/2630 5538/12/2631 5541/13/2630
f 5542/14/2632 5541/13/2630 5538/12/2631
f 5539/3/2633 5540/2/1578 5543/3/2634
f 5541/2/2635 5543/3/2634 5540/2/1578
f 5537/12/2636 5539/11/2637 5544/14/2638
f 5543/13/2639 5544/14/2638 5539/11/2637
f 5538/1/2640 5537/4/2640 5542/1/2640
f 5544/4/2640 5542/1/2640 5537/4/2640
f 5545/5/2641 5546/6/2641 5547/7/2641
f 5548/8/2642 5549/9/2642 5546/6/2642
f 5546/6/2642 5545/5/2642 5548/8/2642
f 5549/9/2643 5550/10/2643 5547/7/2644
f 5547/7/2644 5546/6/2644 5549/9/2643
f 5550/10/2645 5548/8/2645 5545/5/2646
f 5545/5/2646 5547/7/2646 5550/10/2645
f 5551/4/2647 5552/1/2648 5553/3/2649
f 5554/2/2650 5553/3/2649 5552/1/2648
f 5555/2/2651 5556/1/2652 5557/3/2653
f 5558/4/2654 5557/3/2653 5556/1/2652
f 5554/11/2655 5552/12/2655 5555/13/2655
f 5556/14/2655 5555/13/2655 5552/12/2655
f 5553/3/2656 5554/2/2657 5557/3/2658
f 5555/2/2659 5557/3/2658 5554/2/2657
f 5551/12/2660 5553/11/2661 5558/14/2660
f 5557/13/2661 5558/14/2660 5553/11/2661
f 5552/1/2662 5551/4/2662 5556/1/2662
f 5558/4/2662 5556/1/2662 5551/4/2662
f 5559/5/2663 5560/6/2663 5561/7/2663
f 5562/8/2664 5563/9/2664 5560/6/2665
f 5560/6/2665 5559/5/2665 5562/8/2664
f 5563/9/2666 5564/10/2666 5561/7/2667
f 5561/7/2667 5560/6/2667 5563/9/2666
f 5564/10/2668 5562/8/2669 5559/5/2670
f 5559/5/2670 5561/7/2671 5564/10/2668
f 5565/4/2672 5566/1/2673 5567/3/2674
f 5568/2/2675 5567/3/2674 5566/1/2673
f 5569/2/2676 5570/1/2677 5571/3/2678
f 5572/4/2679 5571/3/2678 5570/1/2677
f 5568/11/2680 5566/12/2680 5569/13/2680
f 5570/14/2680 5569/13/2680 5566/12/2680
f 5567/3/2681 5568/2/2681 5571/3/2681
f 5569/2/2681 5571/3/2681 5568/2/2681
f 5565/12/2682 5567/11/2683 5572/14/2682
f 5571/13/2683 5572/14/2682 5567/11/2683
f 5566/1/2684 5565/4/2685 5570/1/2685
f 5572/4/2686 5570/1/2685 5565/4/2685
f 5573/5/2687 5574/6/2687 5575/7/2687
f 5576/8/2688 5577/9/2688 5574/6/2689
f 5574/6/2689 5573/5/2689 5576/8/2688
f 5577/9/2690 5578/10/2691 5575/7/2692
f 5575/7/2692 5574/6/2692 5577/9/2690
f 5578/10/2693 5576/8/2693 5573/5/2694
f 5573/5/2694 5575/7/2694 5578/10/2693
f 5579/4/2695 5580/1/2695 5581/3/2696
f 5582/2/2696 5581/3/2696 5580/1/2695
f 5583/2/2697 5584/1/2698 5585/3/2697
f 5586/4/2698 5585/3/2697 5584/1/2698
f 5582/11/2699 5580/12/2700 5583/13/2699
f 5584/14/2700 5583/13/2699 5580/12/2700
f 5581/3/2701 5582/2/2702 5585/3/2703
f 5583/2/2525 5585/3/2703 5582/2/2702
f 5579/12/2704 5581/11/2705 5586/14/2704
f 5585/13/2705 5586/14/2704 5581/11/2705
f 5580/1/2523 5579/4/2706 5584/1/2497
f 5586/4/2707 5584/1/2497 5579/4/2706
f 5587/5/2708 5588/6/2708 5589/7/2708
f 5590/8/2709 5591/9/2710 5588/6/2711
f 5588/6/2711 5587/5/2711 5590/8/2709
f 5591/9/2712 5592/10/2712 5589/7/2713
f 5589/7/2713 5588/6/2713 5591/9/2712
f 5592/10/2714 5590/8/2714 5587/5/2715
f 5587/5/2715 5589/7/2715 5592/10/2714
f 5593/4/2716 5594/1/2717 5595/3/2718
f 5596/2/2719 5595/3/2718 5594/1/2717
f 5597/2/2720 5598/1/2721 5599/3/2722
f 5600/4/2723 5599/3/2722 5598/1/2721
f 5596/11/2724 5594/12/2725 5597/13/2726
f 5598/14/2725 5597/13/2726 5594/12/2725
f 5595/3/2727 5596/2/2728 5599/3/2729
f 5597/2/2730 5599/3/2729 5596/2/2728
f 5593/12/2731 5595/11/2732 5600/14/2731
f 5599/13/2732 5600/14/2731 5595/11/2732
f 5594/1/2733 5593/4/2733 5598/1/2733
f 5600/4/2733 5598/1/2733 5593/4/2733
f 5601/5/2734 5602/6/2734 5603/7/2734
f 5604/8/2735 5605/9/2736 5602/6/2737
f 5602/6/2737 5601/5/2737 5604/8/2735
f 5605/9/2738 5606/10/2739 5603/7/2740
f 5603/7/2740 5602/6/2740 5605/9/2738
f 5606/10/2741 5604/8/2741 5601/5/2742
f 5601/5/2742 5603/7/2742 5606/10/2741
f 5607/4/2743 5608/1/2743 5609/3/2743
f 5610/2/2743 5609/3/2743 5608/1/2743
f 5611/2/2744 5612/1/2744 5613/3/2744
f 5614/4/2744 5613/3/2744 5612/1/2744
f 5610/11/2745 5608/12/2745 5611/13/2745
f 5612/14/2745 5611/13/2745 5608/12/2745
f 5609/3/2746 5610/2/2747 5613/3/2748
f 5611/2/2749 5613/3/2748 5610/2/2747
f 5607/12/2750 5609/11/2751 5614/14/2750
f 5613/13/2751 5614/14/2750 5609/11/2751
f 5608/1/2752 5607/4/2753 5612/1/2754
f 5614/4/2755 5612/1/2754 5607/4/2753
f 5615/8/2756 5616/4/2756 5617/2/2757
f 5618/6/2757 5617/2/2757 5616/4/2756
f 5619/8/2758 5620/9/2758 5621/2/2759
f 5622/26/2760 5621/2/2759 5620/9/2758
f 5623/8/2761 5624/4/2761 5625/2/2761
f 5626/6/2761 5625/2/2761 5624/4/2761
f 5627/8/2762 5628/9/2763 5629/2/2764
f 5630/26/2764 5629/2/2764 5628/9/2763
f 5631/8/2765 5632/4/2765 5633/2/2765
f 5634/6/2765 5633/2/2765 5632/4/2765
f 5635/8/2759 5636/9/2759 5637/2/2766
f 5638/26/2767 5637/2/2766 5636/9/2759
f 5639/8/2768 5640/4/2768 5641/2/2769
f 5642/6/2769 5641/2/2769 5640/4/2768
f 5643/8/2770 5644/9/2770 5645/2/2771
f 5646/26/2771 5645/2/2771 5644/9/2770
f 5647/8/2772 5648/4/2772 5649/2/2773
f 5650/6/2773 5649/2/2773 5648/4/2772
f 5651/8/2774 5652/9/2774 5653/2/2775
f 5654/26/2775 5653/2/2775 5652/9/2774
f 5655/8/2776 5656/4/2776 5657/2/2777
f 5658/6/2778 5657/2/2777 5656/4/2776
f 5659/8/2779 5660/9/2779 5661/2/2780
f 5662/26/2780 5661/2/2780 5660/9/2779
f 5663/8/2781 5664/4/2782 5665/2/2783
f 5666/6/2784 5665/2/2783 5664/4/2782
f 5667/8/2760 5668/9/2760 5669/2/2785
f 5670/26/2785 5669/2/2785 5668/9/2760
f 5671/8/2786 5672/4/2786 5673/2/2781
f 5674/6/2781 5673/2/2781 5672/4/2786
f 5675/8/2760 5676/9/2760 5677/2/2767
f 5678/26/2787 5677/2/2767 5676/9/2760
f 5679/8/2788 5680/4/2788 5681/2/2531
f 5682/6/2531 5681/2/2531 5680/4/2788
f 5683/8/2789 5684/9/2789 5685/2/2790
f 5686/26/2790 5685/2/2790 5684/9/2789
f 5687/8/2791 5688/4/2791 5689/2/2792
f 5690/6/2793 5689/2/2792 5688/4/2791
f 5691/8/2794 5692/9/2794 5693/2/2795
f 5694/26/2795 5693/2/2795 5692/9/2794
f 5695/8/2796 5696/4/2797 5697/2/2798
f 5698/6/2799 5697/2/2798 5696/4/2797
f 5699/8/2800 5700/9/2800 5701/2/2800
f 5702/26/2800 5701/2/2800 5700/9/2800
f 5703/8/2801 5704/4/2801 5705/2/2802
f 5706/6/2802 5705/2/2802 5704/4/2801
f 5707/8/2803 5708/9/2803 5709/2/2804
f 5710/26/2805 5709/2/2804 5708/9/2803
f 5711/8/2806 5712/4/2806 5713/2/2807
f 5714/6/2807 5713/2/2807 5712/4/2806
f 5715/8/2808 5716/9/2808 5717/2/2809
f 5718/26/2809 5717/2/2809 5716/9/2808
f 5719/8/2810 5720/4/2811 5721/2/2812
f 5722/6/2812 5721/2/2812 5720/4/2811
f 5723/8/2813 5724/9/2813 5725/2/2814
f 5726/26/2814 5725/2/2814 5724/9/2813
f 5727/8/2815 5728/4/2816 5729/2/2817
f 5730/6/2818 5729/2/2817 5728/4/2816
f 5731/8/2819 5732/9/2819 5733/2/2820
f 5734/26/2821 5733/2/2820 5732/9/2819
f 5735/8/2822 5736/4/2822 5737/2/2823
f 5738/6/2823 5737/2/2823 5736/4/2822
f 5739/8/2824 5740/9/2824 5741/2/2825
f 5742/26/2825 5741/2/2825 5740/9/2824
f 5743/8/2826 5744/4/2826 5745/2/2827
f 5746/6/2827 5745/2/2827 5744/4/2826
f 5747/8/2828 5748/9/2828 5749/2/2828
f 5750/26/2828 5749/2/2828 5748/9/2828
f 5751/8/2829 5752/4/202 5753/2/2830
f 5754/6/2830 5753/2/2830 5752/4/202
f 5755/8/2831 5756/9/205 5757/2/2832
f 5758/26/2833 5757/2/2832 5756/9/205
f 5759/8/2834 5760/4/2835 5761/2/2836
f 5762/6/2836 5761/2/2836 5760/4/2835
f 5763/8/2837 5764/9/2837 5765/2/2838
f 5766/26/2838 5765/2/2838 5764/9/2837
f 5767/8/2829 5768/4/202 5769/2/2050
f 5770/6/2830 5769/2/2050 5768/4/202
f 5771/8/2833 5772/9/2833 5773/2/2833
f 5774/26/2833 5773/2/2833 5772/9/2833
f 5775/8/2839 5776/4/2839 5777/2/2840
f 5778/6/2840 5777/2/2840 5776/4/2839
f 5779/8/2833 5780/9/2833 5781/2/2833
f 5782/26/2833 5781/2/2833 5780/9/2833
f 5783/8/202 5784/4/202 5785/2/2840
f 5786/6/2840 5785/2/2840 5784/4/202
f 5787/8/205 5788/9/205 5789/2/2833
f 5790/26/2833 5789/2/2833 5788/9/205
f 5791/8/2826 5792/4/2841 5793/2/2842
f 5794/6/2050 5793/2/2842 5792/4/2841
f 5795/8/2843 5796/9/2844 5797/2/2845
f 5798/26/2047 5797/2/2845 5796/9/2844
f 5799/8/2832 5800/4/2832 5801/2/2833
f 5802/6/2833 5801/2/2833 5800/4/2832
f 5803/8/2840 5804/9/2840 5805/2/2840
f 5806/26/2840 5805/2/2840 5804/9/2840
f 5807/8/2831 5808/4/2831 5809/2/2832
f 5810/6/2833 5809/2/2832 5808/4/2831
f 5811/8/2840 5812/9/2840 5813/2/2840
f 5814/26/2840 5813/2/2840 5812/9/2840
f 5815/8/2846 5816/4/2846 5817/2/2846
f 5818/6/2846 5817/2/2846 5816/4/2846
f 5819/8/2847 5820/9/2847 5821/2/1417
f 5822/26/1417 5821/2/1417 5820/9/2847
f 5823/8/2847 5824/4/2847 5825/2/2847
f 5826/6/2847 5825/2/2847 5824/4/2847
f 5827/8/2848 5828/9/2848 5829/2/2848
f 5830/26/2848 5829/2/2848 5828/9/2848
f 5831/4/2849 5832/1/2849 5833/15/229
f 5834/16/229 5833/15/229 5832/1/2849
f 5833/15/229 5834/16/229 5835/17/2850
f 5836/2/2850 5835/17/2850 5834/16/229
f 5834/18/2851 5832/8/2851 5837/19/2851
f 5838/20/2851 5837/19/2851 5832/8/2851
f 5836/2/2852 5834/18/2852 5839/1/2852
f 5837/19/2851 5839/1/2853 5834/18/2851
f 5835/21/2854 5836/22/2854 5840/3/2854
f 5839/2/2854 5840/3/2854 5836/22/2854
f 5833/19/2855 5835/22/2856 5841/18/2855
f 5840/2/2856 5841/18/2855 5835/22/2856
f 5831/4/2857 5833/19/2857 5842/23/2857
f 5841/18/2855 5842/23/2858 5833/19/2855
f 5832/24/2859 5831/8/2860 5838/25/2861
f 5842/20/2862 5838/25/2863 5831/8/2864
f 5843/27/2865 5844/28/2866 5845/29/2866
f 5845/29/2866 5846/30/2865 5843/27/2865
f 5847/5/2867 5848/6/2867 5849/7/2867
f 5850/8/2868 5851/9/2868 5848/6/2869
f 5848/6/2869 5847/5/2869 5850/8/2868
f 5851/9/2870 5852/10/2870 5849/7/2871
f 5849/7/2871 5848/6/2871 5851/9/2870
f 5852/10/2872 5850/8/2872 5847/5/2872
f 5847/5/2872 5849/7/2872 5852/10/2872
f 5853/4/2873 5854/1/2874 5855/3/2875
f 5856/2/2875 5855/3/2875 5854/1/2874
f 5857/2/2876 5858/1/2877 5859/3/2876
f 5860/4/2878 5859/3/2876 5858/1/2877
f 5856/11/2879 5854/12/2880 5857/13/2881
f 5858/14/2882 5857/13/2881 5854/12/2880
f 5855/3/2529 5856/2/2883 5859/3/2883
f 5857/2/2884 5859/3/2883 5856/2/2883
f 5853/12/2885 5855/11/2885 5860/14/2885
f 5859/13/2885 5860/14/2885 5855/11/2885
f 5854/1/2886 5853/4/2886 5858/1/2886
f 5860/4/2887 5858/1/2886 5853/4/2886
f 5861/5/2888 5862/6/2888 5863/7/2888
f 5864/8/2889 5865/9/2889 5862/6/2890
f 5862/6/2890 5861/5/2890 5864/8/2889
f 5865/9/2848 5866/10/2848 5863/7/2848
f 5863/7/2848 5862/6/2848 5865/9/2848
f 5866/10/2891 5864/8/2891 5861/5/2892
f 5861/5/2892 5863/7/2892 5866/10/2891
f 5867/4/2893 5868/1/2893 5869/3/2893
f 5870/2/2893 5869/3/2893 5868/1/2893
f 5871/2/2888 5872/1/2888 5873/3/2888
f 5874/4/2888 5873/3/2888 5872/1/2888
f 5870/11/2894 5868/12/2894 5871/13/2894
f 5872/14/2894 5871/13/2894 5868/12/2894
f 5869/3/2895 5870/2/2829 5873/3/2896
f 5871/2/2280 5873/3/2896 5870/2/2829
f 5867/12/229 5869/11/229 5874/14/229
f 5873/13/229 5874/14/229 5869/11/229
f 5868/1/2897 5867/4/2897 5872/1/2897
f 5874/4/2897 5872/1/2897 5867/4/2897
f 5875/5/2898 5876/6/2898 5877/7/2898
f 5878/8/2899 5879/9/2899 5876/6/2900
f 5876/6/2900 5875/5/2900 5878/8/2899
f 5879/9/2901 5880/10/2901 5877/7/2902
f 5877/7/2902 5876/6/2902 5879/9/2901
f 5880/10/2903 5878/8/2903 5875/5/2904
f 5875/5/2904 5877/7/2904 5880/10/2903
f 5881/4/2905 5882/1/2905 5883/3/2905
f 5884/2/2905 5883/3/2905 5882/1/2905
f 5885/2/2906 5886/1/2906 5887/3/2906
f 5888/4/2906 5887/3/2906 5886/1/2906
f 5884/11/2907 5882/12/2908 5885/13/2907
f 5886/14/2908 5885/13/2907 5882/12/2908
f 5883/3/2280 5884/2/2909 5887/3/2910
f 5885/2/2911 5887/3/2910 5884/2/2909
f 5881/12/104 5883/11/2912 5888/14/104
f 5887/13/2913 5888/14/104 5883/11/2912
f 5882/1/2914 5881/4/2828 5886/1/2848
f 5888/4/2897 5886/1/2848 5881/4/2828
f 5889/5/2915 5890/6/2915 5891/7/2915
f 5892/8/2916 5893/9/2916 5890/6/2916
f 5890/6/2916 5889/5/2916 5892/8/2916
f 5893/9/2917 5894/10/2917 5891/7/2918
f 5891/7/2918 5890/6/2918 5893/9/2917
f 5894/10/2919 5892/8/2919 5889/5/2920
f 5889/5/2920 5891/7/2920 5894/10/2919
f 5895/4/2921 5896/1/2921 5897/3/2921
f 5898/2/2921 5897/3/2921 5896/1/2921
f 5899/2/2922 5900/1/2922 5901/3/2922
f 5902/4/2922 5901/3/2922 5900/1/2922
f 5898/11/2908 5896/12/2908 5899/13/2908
f 5900/14/2908 5899/13/2908 5896/12/2908
f 5897/3/2923 5898/2/2924 5901/3/2925
f 5899/2/2280 5901/3/2925 5898/2/2924
f 5895/12/104 5897/11/2926 5902/14/104
f 5901/13/2926 5902/14/104 5897/11/2926
f 5896/1/2927 5895/4/2831 5900/1/2928
f 5902/4/2914 5900/1/2928 5895/4/2831
f 5903/5/2929 5904/6/2929 5905/7/2929
f 5906/8/2930 5907/9/2930 5904/6/2931
f 5904/6/2931 5903/5/2931 5906/8/2930
f 5907/9/2932 5908/10/2932 5905/7/2933
f 5905/7/2933 5904/6/2933 5907/9/2932
f 5908/10/2934 5906/8/2934 5903/5/2935
f 5903/5/2935 5905/7/2935 5908/10/2934
f 5909/4/2936 5910/1/2936 5911/3/2937
f 5912/2/2938 5911/3/2937 5910/1/2936
f 5913/2/2939 5914/1/2940 5915/3/2929
f 5916/4/2940 5915/3/2929 5914/1/2940
f 5912/11/2941 5910/12/2942 5913/13/2943
f 5914/14/2944 5913/13/2943 5910/12/2942
f 5911/3/2945 5912/2/2946 5915/3/2946
f 5913/2/2947 5915/3/2946 5912/2/2946
f 5909/12/2948 5911/11/2949 5916/14/2948
f 5915/13/2949 5916/14/2948 5911/11/2949
f 5910/1/2950 5909/4/2951 5914/1/2951
f 5916/4/2952 5914/1/2951 5909/4/2951
f 5917/5/2953 5918/6/2953 5919/7/2953
f 5920/8/2954 5921/9/2954 5918/6/2955
f 5918/6/2955 5917/5/2955 5920/8/2954
f 5921/9/2956 5922/10/2956 5919/7/2957
f 5919/7/2957 5918/6/2957 5921/9/2956
f 5922/10/2958 5920/8/2958 5917/5/2959
f 5917/5/2959 5919/7/2959 5922/10/2958
f 5923/4/2960 5924/1/2961 5925/3/2962
f 5926/2/2963 5925/3/2962 5924/1/2961
f 5927/2/2953 5928/1/2964 5929/3/2965
f 5930/4/2966 5929/3/2965 5928/1/2964
f 5926/11/2967 5924/12/2967 5927/13/2967
f 5928/14/2967 5927/13/2967 5924/12/2967
f 5925/3/2968 5926/2/2969 5929/3/2970
f 5927/2/2971 5929/3/2970 5926/2/2969
f 5923/12/2972 5925/11/2973 5930/14/2972
f 5929/13/2973 5930/14/2972 5925/11/2973
f 5924/1/2974 5923/4/2975 5928/1/2956
f 5930/4/2976 5928/1/2956 5923/4/2975
f 5931/5/2977 5932/6/2977 5933/7/2977
f 5934/8/2978 5935/9/2978 5932/6/2979
f 5932/6/2979 5931/5/2980 5934/8/2978
f 5935/9/2981 5936/10/2981 5933/7/2982
f 5933/7/2982 5932/6/2982 5935/9/2981
f 5936/10/2983 5934/8/2983 5931/5/2984
f 5931/5/2984 5933/7/2985 5936/10/2983
f 5937/4/2986 5938/1/2987 5939/3/2988
f 5940/2/2988 5939/3/2988 5938/1/2987
f 5941/2/2989 5942/1/2990 5943/3/2991
f 5944/4/2992 5943/3/2991 5942/1/2990
f 5940/11/2993 5938/12/2994 5941/13/2995
f 5942/14/2994 5941/13/2995 5938/12/2994
f 5939/3/2996 5940/2/2997 5943/3/2997
f 5941/2/2998 5943/3/2997 5940/2/2997
f 5937/12/2999 5939/11/3000 5944/14/3001
f 5943/13/3000 5944/14/3001 5939/11/3000
f 5938/1/3002 5937/4/3003 5942/1/3004
f 5944/4/3005 5942/1/3004 5937/4/3003
f 5945/5/3006 5946/6/3006 5947/7/3006
f 5948/8/3007 5949/9/3008 5946/6/3009
f 5946/6/3009 5945/5/3009 5948/8/3007
f 5949/9/3010 5950/10/3010 5947/7/3011
f 5947/7/3011 5946/6/3012 5949/9/3010
f 5950/10/3013 5948/8/3013 5945/5/3014
f 5945/5/3014 5947/7/3015 5950/10/3013
f 5951/4/3016 5952/1/3016 5953/3/3017
f 5954/2/3018 5953/3/3017 5952/1/3016
f 5955/2/3019 5956/1/3020 5957/3/3021
f 5958/4/3022 5957/3/3021 5956/1/3020
f 5954/11/3023 5952/12/3023 5955/13/3023
f 5956/14/3023 5955/13/3023 5952/12/3023
f 5953/3/3024 5954/2/3025 5957/3/3026
f 5955/2/3027 5957/3/3026 5954/2/3025
f 5951/12/3028 5953/11/3028 5958/14/3028
f 5957/13/3028 5958/14/3028 5953/11/3028
f 5952/1/3029 5951/4/3030 5956/1/3031
f 5958/4/3032 5956/1/3031 5951/4/3030
f 5959/5/3033 5960/6/3033 5961/7/3033
f 5962/8/3034 5963/9/3034 5960/6/3035
f 5960/6/3035 5959/5/3035 5962/8/3034
f 5963/9/3036 5964/10/3036 5961/7/3037
f 5961/7/3037 5960/6/3037 5963/9/3036
f 5964/10/3038 5962/8/3038 5959/5/3039
f 5959/5/3039 5961/7/3039 5964/10/3038
f 5965/4/3040 5966/1/3040 5967/3/3041
f 5968/2/3041 5967/3/3041 5966/1/3040
f 5969/2/3042 5970/1/3033 5971/3/3042
f 5972/4/3033 5971/3/3042 5970/1/3033
f 5968/11/3043 5966/12/3043 5969/13/3043
f 5970/14/3043 5969/13/3043 5966/12/3043
f 5967/3/2927 5968/2/2831 5971/3/2928
f 5969/2/2914 5971/3/2928 5968/2/2831
f 5965/12/105 5967/11/105 5972/14/105
f 5971/13/105 5972/14/105 5967/11/105
f 5966/1/3044 5965/4/3045 5970/1/878
f 5972/4/2895 5970/1/878 5965/4/3045
f 5973/5/3046 5974/6/3046 5975/7/3046
f 5976/8/3047 5977/9/3047 5974/6/3048
f 5974/6/3048 5973/5/3048 5976/8/3047
f 5977/9/3049 5978/10/3049 5975/7/3050
f 5975/7/3050 5974/6/3050 5977/9/3049
f 5978/10/3051 5976/8/3051 5973/5/3052
f 5973/5/3052 5975/7/3052 5978/10/3051
f 5979/4/3053 5980/1/3053 5981/3/3053
f 5982/2/3053 5981/3/3053 5980/1/3053
f 5983/2/3054 5984/1/3055 5985/3/3054
f 5986/4/3055 5985/3/3054 5984/1/3055
f 5982/11/1115 5980/12/1115 5983/13/1115
f 5984/14/1115 5983/13/1115 5980/12/1115
f 5981/3/3056 5982/2/3056 5985/3/3056
f 5983/2/3056 5985/3/3056 5982/2/3056
f 5979/12/3057 5981/11/3057 5986/14/3057
f 5985/13/3057 5986/14/3057 5981/11/3057
f 5980/1/3058 5979/4/1359 5984/1/3059
f 5986/4/3060 5984/1/3059 5979/4/1359
f 5987/5/3061 5988/6/3061 5989/7/3061
f 5990/8/3062 5991/9/3062 5988/6/3063
f 5988/6/3063 5987/5/3064 5990/8/3062
f 5991/9/3065 5992/10/3065 5989/7/3066
f 5989/7/3066 5988/6/3067 5991/9/3065
f 5992/10/3068 5990/8/3068 5987/5/3069
f 5987/5/3069 5989/7/3069 5992/10/3068
f 5993/4/3070 5994/1/3070 5995/3/3071
f 5996/2/3071 5995/3/3071 5994/1/3070
f 5997/2/3072 5998/1/3072 5999/3/3072
f 6000/4/3072 5999/3/3072 5998/1/3072
f 5996/11/3073 5994/12/3073 5997/13/3073
f 5998/14/3073 5997/13/3073 5994/12/3073
f 5995/3/2312 5996/2/3074 5999/3/3075
f 5997/2/3076 5999/3/3075 5996/2/3074
f 5993/12/3077 5995/11/3077 6000/14/3077
f 5999/13/3077 6000/14/3077 5995/11/3077
f 5994/1/3078 5993/4/3078 5998/1/3078
f 6000/4/3078 5998/1/3078 5993/4/3078
f 6001/5/3079 6002/6/3079 6003/7/3079
f 6004/8/3080 6005/9/3080 6002/6/3080
f 6002/6/3080 6001/5/3080 6004/8/3080
f 6005/9/3081 6006/10/3081 6003/7/3081
f 6003/7/3081 6002/6/3081 6005/9/3081
f 6006/10/3082 6004/8/3082 6001/5/3082
f 6001/5/3082 6003/7/3082 6006/10/3082
f 6007/4/3083 6008/1/3083 6009/3/3083
f 6010/2/3083 6009/3/3083 6008/1/3083
f 6011/2/3079 6012/1/3079 6013/3/3079
f 6014/4/3079 6013/3/3079 6012/1/3079
f 6010/11/3084 6008/12/3084 6011/13/3084
f 6012/14/3084 6011/13/3084 6008/12/3084
f 6009/3/3085 6010/2/3086 6013/3/3087
f 6011/2/3088 6013/3/3087 6010/2/3086
f 6007/12/3089 6009/11/3090 6014/14/3089
f 6013/13/3090 6014/14/3089 6009/11/3090
f 6008/1/2335 6007/4/3091 6012/1/3092
f 6014/4/3093 6012/1/3092 6007/4/3091
f 6015/8/3094 6016/4/3094 6017/2/3095
f 6018/6/3095 6017/2/3095 6016/4/3094
f 6019/8/3096 6020/9/3096 6021/2/3097
f 6022/26/3097 6021/2/3097 6020/9/3096
f 6023/8/3098 6024/4/3098 6025/2/3099
f 6026/6/3099 6025/2/3099 6024/4/3098
f 6027/8/3100 6028/9/3100 6029/2/3101
f 6030/26/3101 6029/2/3101 6028/9/3100
f 6031/8/3102 6032/4/3102 6033/2/3103
f 6034/6/3103 6033/2/3103 6032/4/3102
f 6035/8/3104 6036/9/3104 6037/2/3105
f 6038/26/3105 6037/2/3105 6036/9/3104
f 6039/8/3106 6040/4/3106 6041/2/3107
f 6042/6/3107 6041/2/3107 6040/4/3106
f 6043/8/3108 6044/9/3108 6045/2/3109
f 6046/26/3109 6045/2/3109 6044/9/3108
f 6047/8/3110 6048/4/3111 6049/2/3112
f 6050/6/3112 6049/2/3112 6048/4/3111
f 6051/8/3113 6052/9/3113 6053/2/3114
f 6054/26/3114 6053/2/3114 6052/9/3113
f 6055/8/3115 6056/4/3115 6057/2/3116
f 6058/6/3116 6057/2/3116 6056/4/3115
f 6059/8/3117 6060/9/3117 6061/2/3118
f 6062/26/3118 6061/2/3118 6060/9/3117
f 6063/8/3119 6064/4/3119 6065/2/3120
f 6066/6/3120 6065/2/3120 6064/4/3119
f 6067/8/3121 6068/9/3121 6069/2/3122
f 6070/26/3122 6069/2/3122 6068/9/3121
f 6071/8/3123 6072/4/3123 6073/2/3124
f 6074/6/3124 6073/2/3124 6072/4/3123
f 6075/8/3125 6076/9/3125 6077/2/3126
f 6078/26/3126 6077/2/3126 6076/9/3125
f 6079/8/3127 6080/4/3127 6081/2/3128
f 6082/6/3128 6081/2/3128 6080/4/3127
f 6083/8/3129 6084/9/3129 6085/2/3130
f 6086/26/3130 6085/2/3130 6084/9/3129
f 6087/8/3131 6088/4/3131 6089/2/3132
f 6090/6/3132 6089/2/3132 6088/4/3131
f 6091/8/3133 6092/9/3134 6093/2/3135
f 6094/26/3135 6093/2/3135 6092/9/3134
f 6095/8/3136 6096/4/3136 6097/2/3137
f 6098/6/3137 6097/2/3137 6096/4/3136
f 6099/8/3138 6100/9/3138 6101/2/2061
f 6102/26/2061 6101/2/2061 6100/9/3138
f 6103/8/3139 6104/4/3139 6105/2/3140
f 6106/6/3140 6105/2/3140 6104/4/3139
f 6107/8/3141 6108/9/3141 6109/2/3142
f 6110/26/3142 6109/2/3142 6108/9/3141
f 6111/8/3143 6112/4/3143 6113/2/3144
f 6114/6/3145 6113/2/3144 6112/4/3143
f 6115/8/3146 6116/9/3146 6117/2/3147
f 6118/26/3147 6117/2/3147 6116/9/3146
f 6119/8/3148 6120/4/3148 6121/2/3149
f 6122/6/3149 6121/2/3149 6120/4/3148
f 6123/8/3150 6124/9/3150 6125/2/3151
f 6126/26/3151 6125/2/3151 6124/9/3150
f 6127/8/3152 6128/4/3152 6129/2/3153
f 6130/6/3153 6129/2/3153 6128/4/3152
f 6131/8/3154 6132/9/3154 6133/2/3155
f 6134/26/3155 6133/2/3155 6132/9/3154
f 6135/8/3156 6136/4/3156 6137/2/3157
f 6138/6/3157 6137/2/3157 6136/4/3156
f 6139/8/3158 6140/9/3158 6141/2/3159
f 6142/26/3159 6141/2/3159 6140/9/3158
f 6143/8/3160 6144/4/3160 6145/2/3161
f 6146/6/3161 6145/2/3161 6144/4/3160
f 6147/8/2756 6148/9/2756 6149/2/2761
f 6150/26/2761 6149/2/2761 6148/9/2756
f 6151/8/3162 6152/4/3162 6153/2/3163
f 6154/6/3163 6153/2/3163 6152/4/3162
f 6155/8/3164 6156/9/3164 6157/2/3165
f 6158/26/3165 6157/2/3165 6156/9/3164
f 6159/8/3166 6160/4/3166 6161/2/3167
f 6162/6/3167 6161/2/3167 6160/4/3166
f 6163/8/3168 6164/9/3168 6165/2/3169
f 6166/26/3169 6165/2/3169 6164/9/3168
f 6167/8/3170 6168/4/3170 6169/2/3171
f 6170/6/3172 6169/2/3171 6168/4/3170
f 6171/8/3173 6172/9/3174 6173/2/3175
f 6174/26/3175 6173/2/3175 6172/9/3174
f 6175/8/3176 6176/4/3176 6177/2/3177
f 6178/6/3177 6177/2/3177 6176/4/3176
f 6179/8/3178 6180/9/3178 6181/2/3179
f 6182/26/3179 6181/2/3179 6180/9/3178
f 6183/8/3180 6184/4/3181 6185/2/3182
f 6186/6/3182 6185/2/3182 6184/4/3181
f 6187/8/1786 6188/9/1786 6189/2/3183
f 6190/26/3183 6189/2/3183 6188/9/1786
f 6191/8/3184 6192/4/3185 6193/2/3186
f 6194/6/3186 6193/2/3186 6192/4/3185
f 6195/8/3187 6196/9/3187 6197/2/3188
f 6198/26/3188 6197/2/3188 6196/9/3187
f 6199/8/3189 6200/4/3189 6201/2/3190
f 6202/6/3190 6201/2/3190 6200/4/3189
f 6203/8/2306 6204/9/2306 6205/2/2306
f 6206/26/2306 6205/2/2306 6204/9/2306
f 6207/8/2362 6208/4/2362 6209/2/3191
f 6210/6/3191 6209/2/3191 6208/4/2362
f 6211/8/3192 6212/9/3192 6213/2/3193
f 6214/26/3193 6213/2/3193 6212/9/3192
f 6215/8/379 6216/4/379 6217/2/102
f 6218/6/102 6217/2/102 6216/4/379
f 6219/8/378 6220/9/378 6221/2/378
f 6222/26/378 6221/2/378 6220/9/378
f 6223/8/3194 6224/4/3195 6225/2/378
f 6226/6/378 6225/2/378 6224/4/3195
f 6227/8/102 6228/9/102 6229/2/102
f 6230/26/102 6229/2/102 6228/9/102
f 6231/4/3196 6232/1/3196 6233/15/3196
f 6234/16/3197 6233/15/3196 6232/1/3196
f 6233/15/3196 6234/16/3197 6235/17/3197
f 6236/2/3198 6235/17/3197 6234/16/3197
f 6234/18/3199 6232/8/3199 6237/19/3199
f 6238/20/3199 6237/19/3199 6232/8/3199
f 6236/2/3200 6234/18/3200 6239/1/3200
f 6237/19/3199 6239/1/3199 6234/18/3199
f 6235/21/762 6236/22/762 6240/3/762
f 6239/2/762 6240/3/762 6236/22/762
f 6233/19/3201 6235/22/3201 6241/18/3201
f 6240/2/3201 6241/18/3201 6235/22/3201
f 6231/4/3202 6233/19/3202 6242/23/3202
f 6241/18/3201 6242/23/3201 6233/19/3201
f 6232/24/760 6231/8/3203 6238/25/760
f 6242/20/2294 6238/25/2292 6231/8/2294
f 6243/27/3204 6244/28/3205 6245/29/3205
f 6245/29/3205 6246/30/3204 6243/27/3204
f 6247/5/1 6248/6/1 6249/7/1
f 6250/8/3206 6251/9/3206 6248/6/3207
f 6248/6/3207 6247/5/3207 6250/8/3206
f 6251/9/3208 6252/10/3208 6249/7/3209
f 6249/7/3209 6248/6/3209 6251/9/3208
f 6252/10/3210 6250/8/3210 6247/5/3211
f 6247/5/3211 6249/7/3211 6252/10/3210
f 6253/4/66 6254/1/66 6255/3/66
f 6256/2/66 6255/3/66 6254/1/66
f 6257/2/1 6258/1/1 6259/3/1
f 6260/4/1 6259/3/1 6258/1/1
f 6256/11/3212 6254/12/3212 6257/13/3212
f 6258/14/3212 6257/13/3212 6254/12/3212
f 6255/3/3213 6256/2/3214 6259/3/3215
f 6257/2/3216 6259/3/3215 6256/2/3214
f 6253/12/3217 6255/11/3218 6260/14/3217
f 6259/13/3218 6260/14/3217 6255/11/3218
f 6254/1/3219 6253/4/3220 6258/1/3221
f 6260/4/3222 6258/1/3221 6253/4/3220
f 6261/5/1 6262/6/1 6263/7/1
f 6264/8/3223 6265/9/3223 6262/6/3224
f 6262/6/3224 6261/5/3224 6264/8/3223
f 6265/9/3225 6266/10/3225 6263/7/3226
f 6263/7/3226 6262/6/3226 6265/9/3225
f 6266/10/3227 6264/8/3228 6261/5/3229
f 6261/5/3229 6263/7/3230 6266/10/3227
f 6267/4/66 6268/1/66 6269/3/66
f 6270/2/66 6269/3/66 6268/1/66
f 6271/2/1 6272/1/1 6273/3/1
f 6274/4/1 6273/3/1 6272/1/1
f 6270/11/3231 6268/12/3231 6271/13/3231
f 6272/14/3231 6271/13/3231 6268/12/3231
f 6269/3/3232 6270/2/3233 6273/3/3214
f 6271/2/3234 6273/3/3214 6270/2/3233
f 6267/12/3235 6269/11/3235 6274/14/3235
f 6273/13/3235 6274/14/3235 6269/11/3235
f 6268/1/3236 6267/4/3237 6272/1/3221
f 6274/4/3238 6272/1/3221 6267/4/3237
f 6275/5/1 6276/6/1 6277/7/1
f 6278/8/3239 6279/9/3239 6276/6/3240
f 6276/6/3240 6275/5/3240 6278/8/3239
f 6279/9/3241 6280/10/3241 6277/7/3242
f 6277/7/3242 6276/6/3243 6279/9/3241
f 6280/10/3244 6278/8/3244 6275/5/3245
f 6275/5/3245 6277/7/3245 6280/10/3244
f 6281/4/66 6282/1/66 6283/3/66
f 6284/2/66 6283/3/66 6282/1/66
f 6285/2/1 6286/1/1 6287/3/1
f 6288/4/1 6287/3/1 6286/1/1
f 6284/11/3246 6282/12/3247 6285/13/3246
f 6286/14/3247 6285/13/3246 6282/12/3247
f 6283/3/3248 6284/2/3249 6287/3/3250
f 6285/2/3251 6287/3/3250 6284/2/3249
f 6281/12/3252 6283/11/3252 6288/14/3252
f 6287/13/3252 6288/14/3252 6283/11/3252
f 6282/1/3253 6281/4/3254 6286/1/3255
f 6288/4/3256 6286/1/3255 6281/4/3254
f 6289/5/1 6290/6/1 6291/7/1
f 6292/8/3257 6293/9/3257 6290/6/3258
f 6290/6/3258 6289/5/3258 6292/8/3257
f 6293/9/3259 6294/10/3259 6291/7/3259
f 6291/7/3259 6290/6/3259 6293/9/3259
f 6294/10/3260 6292/8/3260 6289/5/3260
f 6289/5/3260 6291/7/3260 6294/10/3260
f 6295/4/66 6296/1/66 6297/3/66
f 6298/2/66 6297/3/66 6296/1/66
f 6299/2/1 6300/1/1 6301/3/1
f 6302/4/1 6301/3/1 6300/1/1
f 6298/11/3261 6296/12/3261 6299/13/3261
f 6300/14/3261 6299/13/3261 6296/12/3261
f 6297/3/3262 6298/2/3262 6301/3/3262
f 6299/2/3262 6301/3/3262 6298/2/3262
f 6295/12/3263 6297/11/3263 6302/14/3263
f 6301/13/3263 6302/14/3263 6297/11/3263
f 6296/1/3264 6295/4/3264 6300/1/3264
f 6302/4/3264 6300/1/3264 6295/4/3264
f 6303/8/3265 6304/4/3265 6305/2/3265
f 6306/6/3265 6305/2/3265 6304/4/3265
f 6307/8/3266 6308/9/3266 6309/2/3267
f 6310/26/3268 6309/2/3267 6308/9/3266
f 6311/8/3269 6312/4/3269 6313/2/3270
f 6314/6/3271 6313/2/3270 6312/4/3269
f 6315/8/3272 6316/9/3272 6317/2/3273
f 6318/26/3273 6317/2/3273 6316/9/3272
f 6319/8/3274 6320/4/3275 6321/2/3276
f 6322/6/3277 6321/2/3276 6320/4/3275
f 6323/8/3273 6324/9/3273 6325/2/3278
f 6326/26/3278 6325/2/3278 6324/9/3273
f 6327/8/3279 6328/4/3279 6329/2/3280
f 6330/6/3280 6329/2/3280 6328/4/3279
f 6331/8/3281 6332/9/3281 6333/2/3282
f 6334/26/3282 6333/2/3282 6332/9/3281
f 6335/8/3283 6336/4/3283 6337/2/3284
f 6338/6/3285 6337/2/3284 6336/4/3283
f 6339/8/3286 6340/9/3286 6341/2/3287
f 6342/26/3288 6341/2/3287 6340/9/3286
f 6343/8/370 6344/4/3289 6345/2/134
f 6346/6/134 6345/2/134 6344/4/3289
f 6347/8/3290 6348/9/3290 6349/2/3291
f 6350/26/3291 6349/2/3291 6348/9/3290
f 6351/8/3292 6352/4/3293 6353/2/3294
f 6354/6/3294 6353/2/3294 6352/4/3293
f 6355/8/3295 6356/9/3295 6357/2/3296
f 6358/26/3296 6357/2/3296 6356/9/3295
f 6359/8/3297 6360/4/3297 6361/2/3298
f 6362/6/3298 6361/2/3298 6360/4/3297
f 6363/8/3299 6364/9/3299 6365/2/3300
f 6366/26/3301 6365/2/3300 6364/9/3299
f 6367/8/3302 6368/4/3303 6369/2/3304
f 6370/6/3305 6369/2/3304 6368/4/3303
f 6371/8/3306 6372/9/3306 6373/2/3307
f 6374/26/3307 6373/2/3307 6372/9/3306
f 6375/8/3308 6376/4/3308 6377/2/3309
f 6378/6/3310 6377/2/3309 6376/4/3308
f 6379/8/3311 6380/9/3311 6381/2/3312
f 6382/26/3312 6381/2/3312 6380/9/3311
f 6383/8/3313 6384/4/3313 6385/2/3314
f 6386/6/3314 6385/2/3314 6384/4/3313
f 6387/8/3315 6388/9/3315 6389/2/3316
f 6390/26/3316 6389/2/3316 6388/9/3315
f 6391/8/3317 6392/4/3317 6393/2/3318
f 6394/6/3319 6393/2/3318 6392/4/3317
f 6395/8/3320 6396/9/3320 6397/2/3321
f 6398/26/3321 6397/2/3321 6396/9/3320
f 6399/8/3322 6400/4/3322 6401/2/3323
f 6402/6/3323 6401/2/3323 6400/4/3322
f 6403/8/3324 6404/9/3324 6405/2/3325
f 6406/26/3325 6405/2/3325 6404/9/3324
f 6407/8/3326 6408/4/3326 6409/2/3327
f 6410/6/3327 6409/2/3327 6408/4/3326
f 6411/8/3328 6412/9/3328 6413/2/3329
f 6414/26/3329 6413/2/3329 6412/9/3328
f 6415/8/101 6416/4/101 6417/2/101
f 6418/6/101 6417/2/101 6416/4/101
f 6419/8/102 6420/9/102 6421/2/102
f 6422/26/102 6421/2/102 6420/9/102
f 6423/8/3330 6424/4/3330 6425/2/3331
f 6426/6/3331 6425/2/3331 6424/4/3330
f 6427/8/3332 6428/9/3332 6429/2/3333
f 6430/26/3333 6429/2/3333 6428/9/3332
f 6431/8/3334 6432/4/3334 6433/2/3335
f 6434/6/3335 6433/2/3335 6432/4/3334
f 6435/8/3336 6436/9/3336 6437/2/3337
f 6438/26/3338 6437/2/3337 6436/9/3336
f 6439/8/3339 6440/4/3340 6441/2/3341
f 6442/6/3342 6441/2/3341 6440/4/3340
f 6443/8/3343 6444/9/3343 6445/2/3344
f 6446/26/3344 6445/2/3344 6444/9/3343
f 6447/8/3345 6448/4/3345 6449/2/3346
f 6450/6/3346 6449/2/3346 6448/4/3345
f 6451/8/2802 6452/9/2802 6453/2/3347
f 6454/26/3347 6453/2/3347 6452/9/2802
f 6455/8/3348 6456/4/3348 6457/2/3348
f 6458/6/3348 6457/2/3348 6456/4/3348
f 6459/8/3349 6460/9/3349 6461/2/3350
f 6462/26/3351 6461/2/3350 6460/9/3349
f 6463/8/3352 6464/4/3352 6465/2/3353
f 6466/6/3354 6465/2/3353 6464/4/3352
f 6467/8/3355 6468/9/3355 6469/2/3356
f 6470/26/3356 6469/2/3356 6468/9/3355
f 6471/8/3357 6472/4/3357 6473/2/3358
f 6474/6/3358 6473/2/3358 6472/4/3357
f 6475/8/3359 6476/9/3360 6477/2/3361
f 6478/26/3362 6477/2/3361 6476/9/3360
f 6479/8/3363 6480/4/3364 6481/2/3365
f 6482/6/3365 6481/2/3365 6480/4/3364
f 6483/8/3366 6484/9/3366 6485/2/3367
f 6486/26/3367 6485/2/3367 6484/9/3366
f 6487/8/3368 6488/4/3368 6489/2/3368
f 6490/6/3368 6489/2/3368 6488/4/3368
f 6491/8/3369 6492/9/3369 6493/2/3370
f 6494/26/3371 6493/2/3370 6492/9/3369
f 6495/8/3372 6496/4/3372 6497/2/3372
f 6498/6/3372 6497/2/3372 6496/4/3372
f 6499/8/3373 6500/9/3373 6501/2/3374
f 6502/26/3374 6501/2/3374 6500/9/3373
f 6503/8/3375 6504/4/3375 6505/2/3376
f 6506/6/3376 6505/2/3376 6504/4/3375
f 6507/8/3377 6508/9/3377 6509/2/3378
f 6510/26/3378 6509/2/3378 6508/9/3377
f 6511/8/3379 6512/4/3379 6513/2/3380
f 6514/6/3380 6513/2/3380 6512/4/3379
f 6515/8/3381 6516/9/3381 6517/2/3382
f 6518/26/3382 6517/2/3382 6516/9/3381
f 6519/4/3383 6520/1/3384 6521/15/3385
f 6522/16/3384 6521/15/3385 6520/1/3384
f 6521/15/3385 6522/16/3384 6523/17/3383
f 6524/2/3383 6523/17/3383 6522/16/3384
f 6522/18/3386 6520/8/3387 6525/19/3386
f 6526/20/3387 6525/19/3386 6520/8/3387
f 6524/2/3388 6522/18/3388 6527/1/3388
f 6525/19/3386 6527/1/3386 6522/18/3386
f 6523/21/3389 6524/22/3389 6528/3/3389
f 6527/2/3389 6528/3/3389 6524/22/3389
f 6521/19/3390 6523/22/3391 6529/18/3392
f 6528/2/3391 6529/18/3392 6523/22/3391
f 6519/4/3393 6521/19/3393 6530/23/3393
f 6529/18/3392 6530/23/3394 6521/19/3390
f 6520/24/3395 6519/8/3396 6526/25/3395
f 6530/20/3397 6526/25/3371 6519/8/3397
f 6531/27/3398 6532/28/3399 6533/29/3400
f 6533/29/3400 6534/30/3398 6531/27/3398
f 6535/5/1 6536/6/1 6537/7/1
f 6538/8/3401 6539/9/3401 6536/6/3401
f 6536/6/3401 6535/5/3401 6538/8/3401
f 6539/9/101 6540/10/101 6537/7/101
f 6537/7/101 6536/6/101 6539/9/101
f 6540/10/3402 6538/8/3402 6535/5/3402
f 6535/5/3402 6537/7/3402 6540/10/3402
f 6541/4/66 6542/1/66 6543/3/66
f 6544/2/66 6543/3/66 6542/1/66
f 6545/2/1 6546/1/1 6547/3/1
f 6548/4/1 6547/3/1 6546/1/1
f 6544/11/122 6542/12/122 6545/13/122
f 6546/14/122 6545/13/122 6542/12/122
f 6543/3/102 6544/2/102 6547/3/102
f 6545/2/102 6547/3/102 6544/2/102
f 6541/12/99 6543/11/99 6548/14/99
f 6547/13/99 6548/14/99 6543/11/99
f 6542/1/101 6541/4/101 6546/1/101
f 6548/4/101 6546/1/101 6541/4/101
f 6549/5/3403 6550/6/3403 6551/7/3403
f 6552/8/3404 6553/9/3405 6550/6/3406
f 6550/6/3406 6549/5/3406 6552/8/3404
f 6553/9/3407 6554/10/3407 6551/7/3408
f 6551/7/3408 6550/6/3408 6553/9/3407
f 6554/10/3409 6552/8/3409 6549/5/3410
f 6549/5/3410 6551/7/3410 6554/10/3409
f 6555/4/3411 6556/1/3412 6557/3/3413
f 6558/2/3413 6557/3/3413 6556/1/3412
f 6559/2/3414 6560/1/3415 6561/3/3414
f 6562/4/3415 6561/3/3414 6560/1/3415
f 6558/11/3416 6556/12/3416 6559/13/3416
f 6560/14/3416 6559/13/3416 6556/12/3416
f 6557/3/3417 6558/2/3418 6561/3/3419
f 6559/2/3420 6561/3/3419 6558/2/3418
f 6555/12/3421 6557/11/3421 6562/14/3421
f 6561/13/3421 6562/14/3421 6557/11/3421
f 6556/1/3422 6555/4/3423 6560/1/3424
f 6562/4/3425 6560/1/3424 6555/4/3423
f 6563/5/3426 6564/6/3426 6565/7/3426
f 6566/8/3427 6567/9/3427 6564/6/3428
f 6564/6/3428 6563/5/3428 6566/8/3427
f 6567/9/3429 6568/10/3429 6565/7/3430
f 6565/7/3430 6564/6/3430 6567/9/3429
f 6568/10/3431 6566/8/3432 6563/5/3433
f 6563/5/3433 6565/7/3433 6568/10/3431
f 6569/4/3434 6570/1/3434 6571/3/3435
f 6572/2/3435 6571/3/3435 6570/1/3434
f 6573/2/3436 6574/1/3437 6575/3/3436
f 6576/4/3437 6575/3/3436 6574/1/3437
f 6572/11/3438 6570/12/3438 6573/13/3438
f 6574/14/3438 6573/13/3438 6570/12/3438
f 6571/3/3439 6572/2/3440 6575/3/3440
f 6573/2/3441 6575/3/3440 6572/2/3440
f 6569/12/3442 6571/11/3443 6576/14/3442
f 6575/13/3443 6576/14/3442 6571/11/3443
f 6570/1/3444 6569/4/3445 6574/1/3446
f 6576/4/3447 6574/1/3446 6569/4/3445
f 6577/5/3448 6578/6/3448 6579/7/3448
f 6580/8/3449 6581/9/3449 6578/6/3450
f 6578/6/3450 6577/5/3450 6580/8/3449
f 6581/9/3451 6582/10/3451 6579/7/3452
f 6579/7/3452 6578/6/3453 6581/9/3451
f 6582/10/3454 6580/8/3454 6577/5/3455
f 6577/5/3455 6579/7/3455 6582/10/3454
f 6583/4/3456 6584/1/3457 6585/3/3458
f 6586/2/3459 6585/3/3458 6584/1/3457
f 6587/2/3460 6588/1/3461 6589/3/3462
f 6590/4/3463 6589/3/3462 6588/1/3461
f 6586/11/3464 6584/12/1523 6587/13/3464
f 6588/14/1523 6587/13/3464 6584/12/1523
f 6585/3/3465 6586/2/3466 6589/3/3467
f 6587/2/3468 6589/3/3467 6586/2/3466
f 6583/12/1486 6585/11/3469 6590/14/1486
f 6589/13/3469 6590/14/1486 6585/11/3469
f 6584/1/3470 6583/4/3470 6588/1/3470
f 6590/4/3470 6588/1/3470 6583/4/3470
f 6591/5/3471 6592/6/3471 6593/7/3471
f 6594/8/3472 6595/9/3472 6592/6/3473
f 6592/6/3473 6591/5/3473 6594/8/3472
f 6595/9/3274 6596/10/3274 6593/7/3274
f 6593/7/3274 6592/6/3274 6595/9/3274
f 6596/10/3474 6594/8/3474 6591/5/3474
f 6591/5/3474 6593/7/3474 6596/10/3474
f 6597/4/3475 6598/1/3475 6599/3/3475
f 6600/2/3475 6599/3/3475 6598/1/3475
f 6601/2/3476 6602/1/3476 6603/3/3476
f 6604/4/3476 6603/3/3476 6602/1/3476
f 6600/11/3477 6598/12/3478 6601/13/3477
f 6602/14/3478 6601/13/3477 6598/12/3478
f 6599/3/3479 6600/2/3480 6603/3/3481
f 6601/2/3482 6603/3/3481 6600/2/3480
f 6597/12/3483 6599/11/3483 6604/14/3483
f 6603/13/3483 6604/14/3483 6599/11/3483
f 6598/1/3484 6597/4/3270 6602/1/3485
f 6604/4/3277 6602/1/3485 6597/4/3270
f 6605/5/3486 6606/6/3486 6607/7/3486
f 6608/8/3487 6609/9/3488 6606/6/3489
f 6606/6/3489 6605/5/3489 6608/8/3487
f 6609/9/3490 6610/10/3490 6607/7/3491
f 6607/7/3491 6606/6/3492 6609/9/3490
f 6610/10/3493 6608/8/3493 6605/5/3494
f 6605/5/3494 6607/7/3494 6610/10/3493
f 6611/4/3495 6612/1/3495 6613/3/3496
f 6614/2/3496 6613/3/3496 6612/1/3495
f 6615/2/3486 6616/1/3486 6617/3/3486
f 6618/4/3486 6617/3/3486 6616/1/3486
f 6614/11/3497 6612/12/3497 6615/13/3497
f 6616/14/3497 6615/13/3497 6612/12/3497
f 6613/3/3498 6614/2/3498 6617/3/3498
f 6615/2/3499 6617/3/3498 6614/2/3498
f 6611/12/3483 6613/11/3483 6618/14/3483
f 6617/13/3483 6618/14/3483 6613/11/3483
f 6612/1/3484 6611/4/3500 6616/1/3500
f 6618/4/3274 6616/1/3500 6611/4/3500
f 6619/5/3501 6620/6/3501 6621/7/3501
f 6622/8/3502 6623/9/3503 6620/6/3504
f 6620/6/3504 6619/5/3505 6622/8/3502
f 6623/9/3506 6624/10/3506 6621/7/3507
f 6621/7/3507 6620/6/3507 6623/9/3506
f 6624/10/3508 6622/8/3508 6619/5/3509
f 6619/5/3509 6621/7/3509 6624/10/3508
f 6625/4/3510 6626/1/3511 6627/3/3512
f 6628/2/3513 6627/3/3512 6626/1/3511
f 6629/2/3514 6630/1/3515 6631/3/3514
f 6632/4/3516 6631/3/3514 6630/1/3515
f 6628/11/3517 6626/12/3517 6629/13/3517
f 6630/14/3517 6629/13/3517 6626/12/3517
f 6627/3/3518 6628/2/3518 6631/3/3519
f 6629/2/3520 6631/3/3519 6628/2/3518
f 6625/12/3521 6627/11/3521 6632/14/3521
f 6631/13/3521 6632/14/3521 6627/11/3521
f 6626/1/3522 6625/4/3523 6630/1/3524
f 6632/4/3525 6630/1/3524 6625/4/3523
f 6633/5/3526 6634/6/3526 6635/7/3526
f 6636/8/3527 6637/9/3528 6634/6/3529
f 6634/6/3529 6633/5/3529 6636/8/3527
f 6637/9/3530 6638/10/3530 6635/7/3531
f 6635/7/3531 6634/6/3532 6637/9/3530
f 6638/10/3533 6636/8/3533 6633/5/3534
f 6633/5/3534 6635/7/3534 6638/10/3533
f 6639/4/3535 6640/1/3535 6641/3/3536
f 6642/2/3537 6641/3/3536 6640/1/3535
f 6643/2/3538 6644/1/3539 6645/3/3540
f 6646/4/3539 6645/3/3540 6644/1/3539
f 6642/11/3541 6640/12/3541 6643/13/3541
f 6644/14/3541 6643/13/3541 6640/12/3541
f 6641/3/3542 6642/2/3542 6645/3/3542
f 6643/2/3542 6645/3/3542 6642/2/3542
f 6639/12/3543 6641/11/3543 6646/14/3543
f 6645/13/3543 6646/14/3543 6641/11/3543
f 6640/1/2035 6639/4/3544 6644/1/3545
f 6646/4/3546 6644/1/3545 6639/4/3544
f 6647/8/3547 6648/4/3547 6649/2/3548
f 6650/6/3548 6649/2/3548 6648/4/3547
f 6651/8/3549 6652/9/3550 6653/2/3551
f 6654/26/3551 6653/2/3551 6652/9/3550
f 6655/8/3552 6656/4/3553 6657/2/3554
f 6658/6/3554 6657/2/3554 6656/4/3553
f 6659/8/3555 6660/9/3556 6661/2/3557
f 6662/26/3557 6661/2/3557 6660/9/3556
f 6663/8/3554 6664/4/3554 6665/2/3558
f 6666/6/3558 6665/2/3558 6664/4/3554
f 6667/8/3559 6668/9/3559 6669/2/3555
f 6670/26/3555 6669/2/3555 6668/9/3559
f 6671/8/3560 6672/4/3560 6673/2/3553
f 6674/6/3553 6673/2/3553 6672/4/3560
f 6675/8/3561 6676/9/3561 6677/2/3561
f 6678/26/3561 6677/2/3561 6676/9/3561
f 6679/8/3562 6680/4/3562 6681/2/3553
f 6682/6/3553 6681/2/3553 6680/4/3562
f 6683/8/3557 6684/9/3563 6685/2/3564
f 6686/26/3565 6685/2/3564 6684/9/3563
f 6687/8/3548 6688/4/3548 6689/2/3548
f 6690/6/3548 6689/2/3548 6688/4/3548
f 6691/8/3566 6692/9/3470 6693/2/3567
f 6694/26/3559 6693/2/3567 6692/9/3470
f 6695/8/3558 6696/4/3558 6697/2/3568
f 6698/6/3558 6697/2/3568 6696/4/3558
f 6699/8/3470 6700/9/3556 6701/2/3559
f 6702/26/3559 6701/2/3559 6700/9/3556
f 6703/8/3562 6704/4/3562 6705/2/3548
f 6706/6/3548 6705/2/3548 6704/4/3562
f 6707/8/3561 6708/9/3561 6709/2/3557
f 6710/26/3569 6709/2/3557 6708/9/3561
f 6711/8/3562 6712/4/3560 6713/2/3553
f 6714/6/3553 6713/2/3553 6712/4/3560
f 6715/8/3564 6716/9/3564 6717/2/3551
f 6718/26/3570 6717/2/3551 6716/9/3564
f 6719/8/3571 6720/4/3572 6721/2/3562
f 6722/6/3547 6721/2/3562 6720/4/3572
f 6723/8/3573 6724/9/3573 6725/2/3551
f 6726/26/3551 6725/2/3551 6724/9/3573
f 6727/8/3558 6728/4/3558 6729/2/3574
f 6730/6/3574 6729/2/3574 6728/4/3558
f 6731/8/3557 6732/9/3557 6733/2/3551
f 6734/26/3551 6733/2/3551 6732/9/3557
f 6735/8/3558 6736/4/3558 6737/2/3560
f 6738/6/3560 6737/2/3560 6736/4/3558
f 6739/8/3470 6740/9/3575 6741/2/3576
f 6742/26/3561 6741/2/3576 6740/9/3575
f 6743/8/3556 6744/4/3556 6745/2/3559
f 6746/6/3559 6745/2/3559 6744/4/3556
f 6747/8/3560 6748/9/3560 6749/2/3577
f 6750/26/3577 6749/2/3577 6748/9/3560
f 6751/8/3573 6752/4/3573 6753/2/3551
f 6754/6/3551 6753/2/3551 6752/4/3573
f 6755/8/3578 6756/9/3579 6757/2/3580
f 6758/26/3581 6757/2/3580 6756/9/3579
f 6759/8/3565 6760/4/3565 6761/2/3470
f 6762/6/3470 6761/2/3470 6760/4/3565
f 6763/8/3552 6764/9/3552 6765/2/3578
f 6766/26/3578 6765/2/3578 6764/9/3552
f 6767/8/3557 6768/4/3557 6769/2/3551
f 6770/6/3551 6769/2/3551 6768/4/3557
f 6771/8/3568 6772/9/3574 6773/2/3554
f 6774/26/3582 6773/2/3554 6772/9/3574
f 6775/8/3583 6776/4/3583 6777/2/3584
f 6778/6/3584 6777/2/3584 6776/4/3583
f 6779/8/3585 6780/9/3585 6781/2/3586
f 6782/26/3586 6781/2/3586 6780/9/3585
f 6783/8/3583 6784/4/3583 6785/2/3587
f 6786/6/3587 6785/2/3587 6784/4/3583
f 6787/8/3588 6788/9/3588 6789/2/3589
f 6790/26/3589 6789/2/3589 6788/9/3588
f 6791/8/3590 6792/4/3590 6793/2/3591
f 6794/6/3591 6793/2/3591 6792/4/3590
f 6795/8/3592 6796/9/3592 6797/2/3593
f 6798/26/3587 6797/2/3593 6796/9/3592
f 6799/8/3594 6800/4/3594 6801/2/3594
f 6802/6/3594 6801/2/3594 6800/4/3594
f 6803/8/3583 6804/9/3583 6805/2/3583
f 6806/26/3583 6805/2/3583 6804/9/3583
f 6807/8/3595 6808/4/3595 6809/2/3595
f 6810/6/3595 6809/2/3595 6808/4/3595
f 6811/8/3596 6812/9/3596 6813/2/3596
f 6814/26/3596 6813/2/3596 6812/9/3596
f 6815/8/3596 6816/4/3596 6817/2/3596
f 6818/6/3596 6817/2/3596 6816/4/3596
f 6819/8/3595 6820/9/3595 6821/2/3589
f 6822/26/3589 6821/2/3589 6820/9/3595
f 6823/4/3597 6824/1/3597 6825/15/3598
f 6826/16/3599 6825/15/3598 6824/1/3597
f 6825/15/3598 6826/16/3599 6827/17/3600
f 6828/2/3597 6827/17/3600 6826/16/3599
f 6826/18/1 6824/8/1 6829/19/1
f 6830/20/1 6829/19/1 6824/8/1
f 6828/2/1 6826/18/1 6831/1/1
f 6829/19/1 6831/1/1 6826/18/1
f 6827/21/3594 6828/22/3601 6832/3/3594
f 6831/2/3602 6832/3/3603 6828/22/3602
f 6825/19/66 6827/22/66 6833/18/66
f 6832/2/66 6833/18/66 6827/22/66
f 6823/4/66 6825/19/66 6834/23/66
f 6833/18/66 6834/23/66 6825/19/66
f 6824/24/3604 6823/8/3592 6830/25/3605
f 6834/20/3592 6830/25/3605 6823/8/3592
f 6835/27/66 6836/28/66 6837/29/66
f 6837/29/66 6838/30/66 6835/27/66
f 6839/8/3552 6840/4/3552 6841/2/3574
f 6842/6/3574 6841/2/3574 6840/4/3552
f 6843/8/3559 6844/9/3559 6845/2/3557
f 6846/26/3557 6845/2/3557 6844/9/3559
f 6847/8/3606 6848/4/3606 6849/2/3606
f 6850/6/3606 6849/2/3606 6848/4/3606
f 6851/8/3607 6852/9/3607 6853/2/3607
f 6854/26/3607 6853/2/3607 6852/9/3607
f 6855/8/3608 6856/4/3608 6857/2/3608
f 6858/6/3608 6857/2/3608 6856/4/3608
f 6859/8/3609 6860/9/3609 6861/2/3609
f 6862/26/3609 6861/2/3609 6860/9/3609
f 6863/8/3610 6864/4/3610 6865/2/3553
f 6866/6/3611 6865/2/3553 6864/4/3610
f 6867/8/3551 6868/9/3551 6869/2/3612
f 6870/26/3612 6869/2/3612 6868/9/3551
f 6871/8/3562 6872/4/3562 6873/2/3574
f 6874/6/3574 6873/2/3574 6872/4/3562
f 6875/8/3550 6876/9/3550 6877/2/3563
f 6878/26/3557 6877/2/3563 6876/9/3550
f 6879/8/3613 6880/4/3613 6881/2/3613
f 6882/6/3613 6881/2/3613 6880/4/3613
f 6883/8/3614 6884/9/3615 6885/2/3616
f 6886/26/3616 6885/2/3616 6884/9/3615
f 6887/8/3617 6888/4/3617 6889/2/3618
f 6890/6/3618 6889/2/3618 6888/4/3617
f 6891/8/3619 6892/9/3619 6893/2/3620
f 6894/26/3620 6893/2/3620 6892/9/3619
f 6895/8/3621 6896/4/3621 6897/2/3622
f 6898/6/3622 6897/2/3622 6896/4/3621
f 6899/8/3623 6900/9/3623 6901/2/3624
f 6902/26/3624 6901/2/3624 6900/9/3623
f 6903/8/3625 6904/4/3625 6905/2/3626
f 6906/6/3626 6905/2/3626 6904/4/3625
f 6907/8/3627 6908/9/3628 6909/2/3629
f 6910/26/3630 6909/2/3629 6908/9/3628
f 6911/8/3631 6912/4/3631 6913/2/3632
f 6914/6/3632 6913/2/3632 6912/4/3631
f 6915/8/3633 6916/9/3633 6917/2/3634
f 6918/26/3634 6917/2/3634 6916/9/3633
f 6919/8/3635 6920/4/3635 6921/2/3636
f 6922/6/3636 6921/2/3636 6920/4/3635
f 6923/8/3637 6924/9/3637 6925/2/3638
f 6926/26/3638 6925/2/3638 6924/9/3637
f 6927/8/3639 6928/4/3639 6929/2/3640
f 6930/6/3640 6929/2/3640 6928/4/3639
f 6931/8/3641 6932/9/3641 6933/2/3641
f 6934/26/3641 6933/2/3641 6932/9/3641
f 6935/8/3642 6936/4/3642 6937/2/3642
f 6938/6/3642 6937/2/3642 6936/4/3642
f 6939/8/3643 6940/9/3643 6941/2/3644
f 6942/26/3644 6941/2/3644 6940/9/3643
f 6943/8/3170 6944/4/3170 6945/2/3645
f 6946/6/3645 6945/2/3645 6944/4/3170
f 6947/8/3646 6948/9/3647 6949/2/3648
f 6950/26/1251 6949/2/3648 6948/9/3647
f 6951/8/3629 6952/4/3629 6953/2/3629
f 6954/6/3629 6953/2/3629 6952/4/3629
f 6955/8/3622 6956/9/3622 6957/2/3622
f 6958/26/3622 6957/2/3622 6956/9/3622
f 6959/5/1 6960/6/1 6961/7/1
f 6962/8/3649 6963/9/3649 6960/6/3650
f 6960/6/3650 6959/5/3650 6962/8/3649
f 6963/9/3651 6964/10/3651 6961/7/3652
f 6961/7/3652 6960/6/3652 6963/9/3651
f 6964/10/3653 6962/8/3653 6959/5/3654
f 6959/5/3654 6961/7/3654 6964/10/3653
f 6965/4/66 6966/1/66 6967/3/66
f 6968/2/66 6967/3/66 6966/1/66
f 6969/2/1 6970/1/1 6971/3/1
f 6972/4/1 6971/3/1 6970/1/1
f 6968/11/3655 6966/12/3656 6969/13/3655
f 6970/14/3656 6969/13/3655 6966/12/3656
f 6967/3/3657 6968/2/3658 6971/3/3659
f 6969/2/2971 6971/3/3659 6968/2/3658
f 6965/12/3660 6967/11/3660 6972/14/3660
f 6971/13/3660 6972/14/3660 6967/11/3660
f 6966/1/3661 6965/4/3661 6970/1/3661
f 6972/4/3661 6970/1/3661 6965/4/3661
f 6973/5/1 6974/6/1 6975/7/1
f 6976/8/3662 6977/9/3662 6974/6/3663
f 6974/6/3663 6973/5/3663 6976/8/3662
f 6977/9/3664 6978/10/3664 6975/7/3664
f 6975/7/3664 6974/6/3664 6977/9/3664
f 6978/10/3665 6976/8/3665 6973/5/3666
f 6973/5/3666 6975/7/3666 6978/10/3665
f 6979/4/66 6980/1/66 6981/3/66
f 6982/2/66 6981/3/66 6980/1/66
f 6983/2/1 6984/1/1 6985/3/1
f 6986/4/1 6985/3/1 6984/1/1
f 6982/11/3667 6980/12/3667 6983/13/3667
f 6984/14/3667 6983/13/3667 6980/12/3667
f 6981/3/3668 6982/2/3669 6985/3/3670
f 6983/2/3671 6985/3/3670 6982/2/3669
f 6979/12/3672 6981/11/3673 6986/14/3672
f 6985/13/3673 6986/14/3672 6981/11/3673
f 6980/1/3674 6979/4/3674 6984/1/3674
f 6986/4/3674 6984/1/3674 6979/4/3674
f 6987/5/3675 6988/6/3675 6989/7/3675
f 6990/8/3676 6991/9/3676 6988/6/3677
f 6988/6/3677 6987/5/3677 6990/8/3676
f 6991/9/3678 6992/10/3678 6989/7/3678
f 6989/7/3678 6988/6/3678 6991/9/3678
f 6992/10/3679 6990/8/3679 6987/5/3679
f 6987/5/3679 6989/7/3679 6992/10/3679
f 6993/4/3680 6994/1/3680 6995/3/3680
f 6996/2/3680 6995/3/3680 6994/1/3680
f 6997/2/3681 6998/1/3681 6999/3/3681
f 7000/4/3681 6999/3/3681 6998/1/3681
f 6996/11/3682 6994/12/3682 6997/13/3682
f 6998/14/3682 6997/13/3682 6994/12/3682
f 6995/3/3683 6996/2/3684 6999/3/3685
f 6997/2/3686 6999/3/3685 6996/2/3684
f 6993/12/3687 6995/11/3688 7000/14/3687
f 6999/13/3688 7000/14/3687 6995/11/3688
f 6994/1/3689 6993/4/3690 6998/1/3691
f 7000/4/3692 6998/1/3691 6993/4/3690
f 7001/8/3693 7002/4/3694 7003/2/3695
f 7004/6/3696 7003/2/3695 7002/4/3694
f 7005/8/3697 7006/9/3697 7007/2/3698
f 7008/26/3698 7007/2/3698 7006/9/3697
f 7009/8/3699 7010/4/3700 7011/2/3701
f 7012/6/3702 7011/2/3701 7010/4/3700
f 7013/8/3703 7014/9/3703 7015/2/3704
f 7016/26/3704 7015/2/3704 7014/9/3703
f 7017/8/3705 7018/4/3706 7019/2/3707
f 7020/6/3708 7019/2/3707 7018/4/3706
f 7021/8/3709 7022/9/3709 7023/2/3710
f 7024/26/3710 7023/2/3710 7022/9/3709
f 7025/8/3711 7026/4/3711 7027/2/3712
f 7028/6/3713 7027/2/3712 7026/4/3711
f 7029/8/3714 7030/9/3714 7031/2/3715
f 7032/26/3715 7031/2/3715 7030/9/3714
f 7033/8/3716 7034/4/3717 7035/2/3718
f 7036/6/3718 7035/2/3718 7034/4/3717
f 7037/8/3719 7038/9/3719 7039/2/3720
f 7040/26/3720 7039/2/3720 7038/9/3719
f 7041/8/3721 7042/4/3721 7043/2/3722
f 7044/6/3723 7043/2/3722 7042/4/3721
f 7045/8/3724 7046/9/3724 7047/2/3725
f 7048/26/3725 7047/2/3725 7046/9/3724
f 7049/8/3726 7050/4/3727 7051/2/3728
f 7052/6/3728 7051/2/3728 7050/4/3727
f 7053/8/3729 7054/9/3729 7055/2/3730
f 7056/26/3730 7055/2/3730 7054/9/3729
f 7057/8/3731 7058/4/3731 7059/2/3732
f 7060/6/3732 7059/2/3732 7058/4/3731
f 7061/8/3733 7062/9/3733 7063/2/3734
f 7064/26/3734 7063/2/3734 7062/9/3733
f 7065/8/3716 7066/4/3716 7067/2/3735
f 7068/6/3736 7067/2/3735 7066/4/3716
f 7069/8/3737 7070/9/3737 7071/2/3738
f 7072/26/3739 7071/2/3738 7070/9/3737
f 7073/8/3740 7074/4/3741 7075/2/3742
f 7076/6/3743 7075/2/3742 7074/4/3741
f 7077/8/3719 7078/9/3719 7079/2/3744
f 7080/26/3744 7079/2/3744 7078/9/3719
f 7081/8/3741 7082/4/3741 7083/2/3723
f 7084/6/3723 7083/2/3723 7082/4/3741
f 7085/8/3745 7086/9/3745 7087/2/3734
f 7088/26/3746 7087/2/3734 7086/9/3745
f 7089/8/3747 7090/4/3738 7091/2/3748
f 7092/6/3749 7091/2/3748 7090/4/3738
f 7093/8/3750 7094/9/3750 7095/2/3750
f 7096/26/3750 7095/2/3750 7094/9/3750
f 7097/8/3719 7098/4/3719 7099/2/3719
f 7100/6/3719 7099/2/3719 7098/4/3719
f 7101/8/3751 7102/9/3751 7103/2/3752
f 7104/26/3752 7103/2/3752 7102/9/3751
f 7105/8/3744 7106/4/3744 7107/2/3744
f 7108/6/3744 7107/2/3744 7106/4/3744
f 7109/8/3753 7110/9/3753 7111/2/3753
f 7112/26/3753 7111/2/3753 7110/9/3753
f 7113/8/3753 7114/4/3753 7115/2/3751
f 7116/6/3751 7115/2/3751 7114/4/3753
f 7117/8/3744 7118/9/3744 7119/2/3744
f 7120/26/3744 7119/2/3744 7118/9/3744
f 7121/4/3754 7122/1/3754 7123/15/3755
f 7124/16/3755 7123/15/3755 7122/1/3754
f 7123/15/3755 7124/16/3755 7125/17/3755
f 7126/2/3755 7125/17/3755 7124/16/3755
f 7124/18/3756 7122/8/3757 7127/19/3756
f 7128/20/3757 7127/19/3756 7122/8/3757
f 7126/2/3756 7124/18/3756 7129/1/3756
f 7127/19/3756 7129/1/3756 7124/18/3756
f 7125/21/3758 7126/22/3758 7130/3/3758
f 7129/2/3758 7130/3/3758 7126/22/3758
f 7123/19/3759 7125/22/3760 7131/18/3759
f 7130/2/3760 7131/18/3759 7125/22/3760
f 7121/4/3761 7123/19/3761 7132/23/3761
f 7131/18/3759 7132/23/3762 7123/19/3759
f 7122/24/3763 7121/8/3763 7128/25/3763
f 7132/20/3763 7128/25/3763 7121/8/3763
f 7133/27/3764 7134/28/3765 7135/29/3766
f 7135/29/3766 7136/30/3764 7133/27/3764
f 7137/8/3767 7138/4/3768 7139/2/3769
f 7140/6/3769 7139/2/3769 7138/4/3768
f 7141/8/3770 7142/9/3770 7143/2/3771
f 7144/26/3771 7143/2/3771 7142/9/3770
f 7145/8/3772 7146/4/3773 7147/2/3774
f 7148/6/3774 7147/2/3774 7146/4/3773
f 7149/8/3775 7150/9/3775 7151/2/3776
f 7152/26/3776 7151/2/3776 7150/9/3775
f 7153/8/3777 7154/4/3777 7155/2/3778
f 7156/6/3778 7155/2/3778 7154/4/3777
f 7157/8/3779 7158/9/3779 7159/2/3780
f 7160/26/3780 7159/2/3780 7158/9/3779
f 7161/8/3781 7162/4/3781 7163/2/3782
f 7164/6/3783 7163/2/3782 7162/4/3781
f 7165/8/3784 7166/9/3785 7167/2/3786
f 7168/26/3787 7167/2/3786 7166/9/3785
f 7169/8/3788 7170/4/3789 7171/2/3790
f 7172/6/3791 7171/2/3790 7170/4/3789
f 7173/8/3792 7174/9/3792 7175/2/3793
f 7176/26/3794 7175/2/3793 7174/9/3792
f 7177/8/3795 7178/4/3795 7179/2/3796
f 7180/6/3796 7179/2/3796 7178/4/3795
f 7181/8/3797 7182/9/3797 7183/2/3798
f 7184/26/3798 7183/2/3798 7182/9/3797
f 7185/8/3799 7186/4/3800 7187/2/3801
f 7188/6/3802 7187/2/3801 7186/4/3800
f 7189/8/3803 7190/9/3803 7191/2/3804
f 7192/26/3804 7191/2/3804 7190/9/3803
f 7193/8/3805 7194/4/3805 7195/2/3806
f 7196/6/3806 7195/2/3806 7194/4/3805
f 7197/8/3807 7198/9/3807 7199/2/3808
f 7200/26/3808 7199/2/3808 7198/9/3807
f 7201/8/3809 7202/4/3809 7203/2/3809
f 7204/6/3809 7203/2/3809 7202/4/3809
f 7205/8/3810 7206/9/3810 7207/2/3811
f 7208/26/3811 7207/2/3811 7206/9/3810
f 7209/8/3812 7210/4/3812 7211/2/3813
f 7212/6/3813 7211/2/3813 7210/4/3812
f 7213/8/3814 7214/9/3815 7215/2/3816
f 7216/26/3816 7215/2/3816 7214/9/3815
f 7217/8/3817 7218/4/3818 7219/2/3819
f 7220/6/3819 7219/2/3819 7218/4/3818
f 7221/8/3820 7222/9/3821 7223/2/3822
f 7224/26/3823 7223/2/3822 7222/9/3821
f 7225/8/3824 7226/4/3824 7227/2/3824
f 7228/6/3824 7227/2/3824 7226/4/3824
f 7229/8/3825 7230/9/3826 7231/2/3827
f 7232/26/3828 7231/2/3827 7230/9/3826
f 7233/5/3829 7234/6/3829 7235/7/3829
f 7236/8/3830 7237/9/3830 7234/6/3831
f 7234/6/3831 7233/5/3831 7236/8/3830
f 7237/9/3832 7238/10/3832 7235/7/3833
f 7235/7/3833 7234/6/3833 7237/9/3832
f 7238/10/3834 7236/8/3834 7233/5/3835
f 7233/5/3835 7235/7/3835 7238/10/3834
f 7239/4/3836 7240/1/3836 7241/3/3837
f 7242/2/3837 7241/3/3837 7240/1/3836
f 7243/2/3838 7244/1/3839 7245/3/3838
f 7246/4/3839 7245/3/3838 7244/1/3839
f 7242/11/3840 7240/12/3841 7243/13/3840
f 7244/14/3841 7243/13/3840 7240/12/3841
f 7241/3/3842 7242/2/3843 7245/3/3844
f 7243/2/3845 7245/3/3844 7242/2/3843
f 7239/12/3846 7241/11/3847 7246/14/3846
f 7245/13/3848 7246/14/3846 7241/11/3847
f 7240/1/3849 7239/4/3850 7244/1/3851
f 7246/4/3852 7244/1/3851 7239/4/3850
f 7247/5/3853 7248/6/3853 7249/7/3853
f 7250/8/3854 7251/9/3854 7248/6/3855
f 7248/6/3855 7247/5/3855 7250/8/3854
f 7251/9/3856 7252/10/3856 7249/7/3857
f 7249/7/3857 7248/6/3857 7251/9/3856
f 7252/10/3858 7250/8/3858 7247/5/3859
f 7247/5/3859 7249/7/3860 7252/10/3858
f 7253/4/3861 7254/1/3861 7255/3/3861
f 7256/2/3861 7255/3/3861 7254/1/3861
f 7257/2/3862 7258/1/3862 7259/3/3862
f 7260/4/3862 7259/3/3862 7258/1/3862
f 7256/11/3841 7254/12/3841 7257/13/3841
f 7258/14/3841 7257/13/3841 7254/12/3841
f 7255/3/3863 7256/2/3863 7259/3/3863
f 7257/2/3863 7259/3/3863 7256/2/3863
f 7253/12/3846 7255/11/3754 7260/14/3846
f 7259/13/3754 7260/14/3846 7255/11/3754
f 7254/1/3864 7253/4/3849 7258/1/3865
f 7260/4/3866 7258/1/3865 7253/4/3849
f 7261/5/3867 7262/6/3867 7263/7/3867
f 7264/8/3868 7265/9/3868 7262/6/3869
f 7262/6/3869 7261/5/3869 7264/8/3868
f 7265/9/3870 7266/10/3870 7263/7/3871
f 7263/7/3871 7262/6/3872 7265/9/3870
f 7266/10/3873 7264/8/3873 7261/5/3874
f 7261/5/3874 7263/7/3875 7266/10/3873
f 7267/4/3876 7268/1/3876 7269/3/3877
f 7270/2/3877 7269/3/3877 7268/1/3876
f 7271/2/3867 7272/1/3878 7273/3/3867
f 7274/4/3878 7273/3/3867 7272/1/3878
f 7270/11/3879 7268/12/3880 7271/13/3879
f 7272/14/3880 7271/13/3879 7268/12/3880
f 7269/3/3881 7270/2/3882 7273/3/3882
f 7271/2/3883 7273/3/3882 7270/2/3882
f 7267/12/3884 7269/11/3884 7274/14/3884
f 7273/13/3884 7274/14/3884 7269/11/3884
f 7268/1/3885 7267/4/3885 7272/1/3885
f 7274/4/3885 7272/1/3885 7267/4/3885
f 7275/5/3886 7276/6/3886 7277/7/3886
f 7278/8/3887 7279/9/3888 7276/6/3889
f 7276/6/3889 7275/5/3889 7278/8/3887
f 7279/9/3890 7280/10/3890 7277/7/3891
f 7277/7/3891 7276/6/3891 7279/9/3890
f 7280/10/3892 7278/8/3892 7275/5/3893
f 7275/5/3893 7277/7/3893 7280/10/3892
f 7281/4/3894 7282/1/3894 7283/3/3895
f 7284/2/3895 7283/3/3895 7282/1/3894
f 7285/2/3896 7286/1/3896 7287/3/3896
f 7288/4/3896 7287/3/3896 7286/1/3896
f 7284/11/3754 7282/12/3755 7285/13/3755
f 7286/14/3755 7285/13/3755 7282/12/3755
f 7283/3/3897 7284/2/3897 7287/3/3897
f 7285/2/3897 7287/3/3897 7284/2/3897
f 7281/12/3898 7283/11/3840 7288/14/3898
f 7287/13/3840 7288/14/3898 7283/11/3840
f 7282/1/3842 7281/4/3842 7286/1/3842
f 7288/4/3842 7286/1/3842 7281/4/3842
f 7289/5/3899 7290/6/3899 7291/7/3899
f 7292/8/3900 7293/9/3900 7290/6/3901
f 7290/6/3901 7289/5/3901 7292/8/3900
f 7293/9/3902 7294/10/3902 7291/7/3903
f 7291/7/3903 7290/6/3903 7293/9/3902
f 7294/10/3904 7292/8/3905 7289/5/3906
f 7289/5/3906 7291/7/3906 7294/10/3904
f 7295/4/3907 7296/1/3907 7297/3/3907
f 7298/2/3907 7297/3/3907 7296/1/3907
f 7299/2/3899 7300/1/3899 7301/3/3899
f 7302/4/3899 7301/3/3899 7300/1/3899
f 7298/11/3754 7296/12/3908 7299/13/3754
f 7300/14/3908 7299/13/3754 7296/12/3908
f 7297/3/3909 7298/2/3851 7301/3/3850
f 7299/2/3864 7301/3/3850 7298/2/3851
f 7295/12/3840 7297/11/3910 7302/14/3840
f 7301/13/3910 7302/14/3840 7297/11/3910
f 7296/1/3911 7295/4/3912 7300/1/3913
f 7302/4/3842 7300/1/3913 7295/4/3912
f 7303/8/3914 7304/4/3914 7305/2/3751
f 7306/6/3751 7305/2/3751 7304/4/3914
f 7307/8/3915 7308/9/3915 7309/2/3916
f 7310/26/3720 7309/2/3916 7308/9/3915
f 7311/8/3736 7312/4/3735 7313/2/3917
f 7314/6/3918 7313/2/3917 7312/4/3735
f 7315/8/3919 7316/9/3920 7317/2/3748
f 7318/26/3748 7317/2/3748 7316/9/3920
f 7319/8/3921 7320/4/3732 7321/2/3922
f 7322/6/3718 7321/2/3922 7320/4/3732
f 7323/8/3923 7324/9/3923 7325/2/3923
f 7326/26/3923 7325/2/3923 7324/9/3923
f 7327/8/3741 7328/4/3741 7329/2/3722
f 7330/6/3722 7329/2/3722 7328/4/3741
f 7331/8/3924 7332/9/3924 7333/2/3747
f 7334/26/3747 7333/2/3747 7332/9/3924
f 7335/8/3753 7336/4/3753 7337/2/3925
f 7338/6/3925 7337/2/3925 7336/4/3753
f 7339/8/3746 7340/9/3734 7341/2/3923
f 7342/26/3926 7341/2/3923 7340/9/3734
f 7343/8/3736 7344/4/3736 7345/2/3732
f 7346/6/3732 7345/2/3732 7344/4/3736
f 7347/8/3926 7348/9/3926 7349/2/3747
f 7350/26/3747 7349/2/3747 7348/9/3926
f 7351/8/3753 7352/4/3753 7353/2/3735
f 7354/6/3735 7353/2/3735 7352/4/3753
f 7355/8/3725 7356/9/3725 7357/2/3927
f 7358/26/3927 7357/2/3927 7356/9/3725
f 7359/8/3928 7360/4/3928 7361/2/3735
f 7362/6/3735 7361/2/3735 7360/4/3928
f 7363/8/3929 7364/9/3930 7365/2/3739
f 7366/26/3926 7365/2/3739 7364/9/3930
f 7367/8/3716 7368/4/3716 7369/2/3918
f 7370/6/3928 7369/2/3918 7368/4/3716
f 7371/8/3931 7372/9/3931 7373/2/3719
f 7374/26/3719 7373/2/3719 7372/9/3931
f 7375/8/3932 7376/4/3723 7377/2/3731
f 7378/6/3922 7377/2/3731 7376/4/3723
f 7379/8/3927 7380/9/3933 7381/2/3747
f 7382/26/3747 7381/2/3747 7380/9/3933
f 7383/8/3752 7384/4/3934 7385/2/3917
f 7386/6/3917 7385/2/3917 7384/4/3934
f 7387/8/3916 7388/9/3916 7389/2/3745
f 7390/26/3745 7389/2/3745 7388/9/3916
f 7391/8/3719 7392/4/3719 7393/2/3719
f 7394/6/3719 7393/2/3719 7392/4/3719
f 7395/8/3718 7396/9/3718 7397/2/3741
f 7398/26/3741 7397/2/3741 7396/9/3718
f 7399/8/3744 7400/4/3744 7401/2/3935
f 7402/6/3936 7401/2/3935 7400/4/3744
f 7403/8/3753 7404/9/3753 7405/2/3751
f 7406/26/3751 7405/2/3751 7404/9/3753
f 7407/8/3719 7408/4/3719 7409/2/3744
f 7410/6/3744 7409/2/3744 7408/4/3719
f 7411/8/3937 7412/9/3937 7413/2/3751
f 7414/26/3751 7413/2/3751 7412/9/3937
f 7415/8/3751 7416/4/3751 7417/2/3751
f 7418/6/3751 7417/2/3751 7416/4/3751
f 7419/8/3719 7420/9/3719 7421/2/3744
f 7422/26/3744 7421/2/3744 7420/9/3719
f 7423/4/3938 7424/1/3939 7425/15/3940
f 7426/16/3939 7425/15/3940 7424/1/3939
f 7425/15/3940 7426/16/3939 7427/17/3940
f 7428/2/3754 7427/17/3940 7426/16/3939
f 7426/18/3941 7424/8/3941 7429/19/3942
f 7430/20/3943 7429/19/3942 7424/8/3941
f 7428/2/3944 7426/18/3944 7431/1/3944
f 7429/19/3942 7431/1/3945 7426/18/3941
f 7427/21/3733 7428/22/3733 7432/3/3733
f 7431/2/3733 7432/3/3733 7428/22/3733
f 7425/19/3946 7427/22/3947 7433/18/3946
f 7432/2/3948 7433/18/3946 7427/22/3947
f 7423/4/3949 7425/19/3949 7434/23/3949
f 7433/18/3946 7434/23/3946 7425/19/3946
f 7424/24/3950 7423/8/3951 7430/25/3950
f 7434/20/3951 7430/25/3950 7423/8/3951
f 7435/27/3952 7436/28/3953 7437/29/3954
f 7437/29/3954 7438/30/3952 7435/27/3952
f 7439/8/3955 7440/4/3955 7441/2/3955
f 7442/6/3955 7441/2/3955 7440/4/3955
f 7443/8/3843 7444/9/3844 7445/2/3956
f 7446/26/3957 7445/2/3956 7444/9/3844
f 7447/8/3958 7448/4/3958 7449/2/3782
f 7450/6/3782 7449/2/3782 7448/4/3958
f 7451/8/3959 7452/9/3960 7453/2/3961
f 7454/26/3961 7453/2/3961 7452/9/3960
f 7455/8/3962 7456/4/3962 7457/2/3963
f 7458/6/3964 7457/2/3963 7456/4/3962
f 7459/8/3912 7460/9/3912 7461/2/3961
f 7462/26/3961 7461/2/3961 7460/9/3912
f 7463/8/3965 7464/4/3965 7465/2/3955
f 7466/6/3958 7465/2/3955 7464/4/3965
f 7467/8/3843 7468/9/3842 7469/2/3966
f 7470/26/3966 7469/2/3966 7468/9/3842
f 7471/8/3851 7472/4/3851 7473/2/3967
f 7474/6/3967 7473/2/3967 7472/4/3851
f 7475/8/3957 7476/9/3957 7477/2/3968
f 7478/26/3968 7477/2/3968 7476/9/3957
f 7479/8/3969 7480/4/3969 7481/2/3849
f 7482/6/3849 7481/2/3849 7480/4/3969
f 7483/8/3863 7484/9/3863 7485/2/3912
f 7486/26/3912 7485/2/3912 7484/9/3863
f 7487/8/3970 7488/4/3970 7489/2/3897
f 7490/6/3897 7489/2/3897 7488/4/3970
f 7491/8/3971 7492/9/3971 7493/2/3775
f 7494/26/3775 7493/2/3775 7492/9/3971
f 7495/8/3970 7496/4/3897 7497/2/3897
f 7498/6/3897 7497/2/3897 7496/4/3897
f 7499/8/3912 7500/9/3961 7501/2/3972
f 7502/26/3775 7501/2/3972 7500/9/3961
f 7503/8/3849 7504/4/3849 7505/2/3849
f 7506/6/3849 7505/2/3849 7504/4/3849
f 7507/8/3973 7508/9/3957 7509/2/3786
f 7510/26/3787 7509/2/3786 7508/9/3957
f 7511/8/3974 7512/4/3974 7513/2/3783
f 7514/6/3782 7513/2/3783 7512/4/3974
f 7515/8/3844 7516/9/3845 7517/2/3912
f 7518/26/3912 7517/2/3912 7516/9/3845
f 7519/8/3849 7520/4/3849 7521/2/3849
f 7522/6/3849 7521/2/3849 7520/4/3849
f 7523/8/3971 7524/9/3971 7525/2/3913
f 7526/26/3968 7525/2/3913 7524/9/3971
f 7527/8/3865 7528/4/3865 7529/2/3964
f 7530/6/3964 7529/2/3964 7528/4/3865
f 7531/8/3843 7532/9/3843 7533/2/3845
f 7534/26/3845 7533/2/3845 7532/9/3843
f 7535/5/3975 7536/6/3975 7537/7/3975
f 7538/8/3976 7539/9/3976 7536/6/3976
f 7536/6/3976 7535/5/3976 7538/8/3976
f 7539/9/3962 7540/10/3962 7537/7/3977
f 7537/7/3977 7536/6/3977 7539/9/3962
f 7540/10/3978 7538/8/3978 7535/5/3979
f 7535/5/3979 7537/7/3980 7540/10/3978
f 7541/4/3981 7542/1/3981 7543/3/3982
f 7544/2/3983 7543/3/3982 7542/1/3981
f 7545/2/3984 7546/1/3985 7547/3/3984
f 7548/4/3985 7547/3/3984 7546/1/3985
f 7544/11/3898 7542/12/3910 7545/13/3898
f 7546/14/3910 7545/13/3898 7542/12/3910
f 7543/3/3986 7544/2/3912 7547/3/3913
f 7545/2/3843 7547/3/3913 7544/2/3912
f 7541/12/3754 7543/11/3754 7548/14/3754
f 7547/13/3754 7548/14/3754 7543/11/3754
f 7542/1/3987 7541/4/3897 7546/1/3851
f 7548/4/3988 7546/1/3851 7541/4/3897
f 7549/5/3989 7550/6/3989 7551/7/3989
f 7552/8/3990 7553/9/3990 7550/6/3991
f 7550/6/3991 7549/5/3992 7552/8/3990
f 7553/9/3993 7554/10/3994 7551/7/3995
f 7551/7/3995 7550/6/3995 7553/9/3993
f 7554/10/3996 7552/8/3996 7549/5/3996
f 7549/5/3996 7551/7/3996 7554/10/3996
f 7555/4/3997 7556/1/3997 7557/3/3997
f 7558/2/3997 7557/3/3997 7556/1/3997
f 7559/2/3998 7560/1/3998 7561/3/3998
f 7562/4/3998 7561/3/3998 7560/1/3998
f 7558/11/3841 7556/12/3840 7559/13/3841
f 7560/14/3840 7559/13/3841 7556/12/3840
f 7557/3/3842 7558/2/3842 7561/3/3842
f 7559/2/3842 7561/3/3842 7558/2/3842
f 7555/12/3846 7557/11/3846 7562/14/3846
f 7561/13/3846 7562/14/3846 7557/11/3846
f 7556/1/3849 7555/4/3864 7560/1/3864
f 7562/4/3955 7560/1/3864 7555/4/3864
f 7563/5/3999 7564/6/3999 7565/7/3999
f 7566/8/4000 7567/9/4000 7564/6/4001
f 7564/6/4001 7563/5/4001 7566/8/4000
f 7567/9/4002 7568/10/4003 7565/7/4004
f 7565/7/4004 7564/6/4004 7567/9/4002
f 7568/10/4005 7566/8/4005 7563/5/4005
f 7563/5/4005 7565/7/4005 7568/10/4005
f 7569/4/4006 7570/1/4006 7571/3/4007
f 7572/2/4007 7571/3/4007 7570/1/4006
f 7573/2/4008 7574/1/3999 7575/3/4008
f 7576/4/3999 7575/3/4008 7574/1/3999
f 7572/11/3898 7570/12/3898 7573/13/3898
f 7574/14/3898 7573/13/3898 7570/12/3898
f 7571/3/3911 7572/2/3956 7575/3/3961
f 7573/2/3845 7575/3/3961 7572/2/3956
f 7569/12/3754 7571/11/3846 7576/14/3754
f 7575/13/3846 7576/14/3754 7571/11/3846
f 7570/1/4009 7569/4/4010 7574/1/4011
f 7576/4/3849 7574/1/4011 7569/4/4010
f 7577/5/4012 7578/6/4012 7579/7/4012
f 7580/8/4013 7581/9/4013 7578/6/4014
f 7578/6/4014 7577/5/4014 7580/8/4013
f 7581/9/4015 7582/10/4015 7579/7/4016
f 7579/7/4016 7578/6/4016 7581/9/4015
f 7582/10/4017 7580/8/4017 7577/5/4018
f 7577/5/4018 7579/7/4018 7582/10/4017
f 7583/4/4019 7584/1/4019 7585/3/4019
f 7586/2/4019 7585/3/4019 7584/1/4019
f 7587/2/4020 7588/1/4020 7589/3/4020
f 7590/4/4020 7589/3/4020 7588/1/4020
f 7586/11/3840 7584/12/3910 7587/13/3840
f 7588/14/3910 7587/13/3840 7584/12/3910
f 7585/3/4021 7586/2/4022 7589/3/3956
f 7587/2/3863 7589/3/3956 7586/2/4022
f 7583/12/3754 7585/11/3754 7590/14/3754
f 7589/13/3754 7590/14/3754 7585/11/3754
f 7584/1/4023 7583/4/3782 7588/1/3866
f 7590/4/3974 7588/1/3866 7583/4/3782
f 7591/5/4024 7592/6/4024 7593/7/4024
f 7594/8/4025 7595/9/4025 7592/6/4025
f 7592/6/4025 7591/5/4025 7594/8/4025
f 7595/9/4026 7596/10/4027 7593/7/4028
f 7593/7/4028 7592/6/4028 7595/9/4026
f 7596/10/4029 7594/8/4029 7591/5/4030
f 7591/5/4030 7593/7/4031 7596/10/4029
f 7597/4/4032 7598/1/4032 7599/3/4032
f 7600/2/4032 7599/3/4032 7598/1/4032
f 7601/2/4024 7602/1/4033 7603/3/4024
f 7604/4/4033 7603/3/4024 7602/1/4033
f 7600/11/3846 7598/12/3846 7601/13/3846
f 7602/14/3846 7601/13/3846 7598/12/3846
f 7599/3/4034 7600/2/3850 7603/3/3897
f 7601/2/3962 7603/3/3897 7600/2/3850
f 7597/12/3841 7599/11/3841 7604/14/3841
f 7603/13/3841 7604/14/3841 7599/11/3841
f 7598/1/3785 7597/4/3863 7602/1/3786
f 7604/4/4035 7602/1/3786 7597/4/3863
f 7605/5/4008 7606/6/4008 7607/7/4008
f 7608/8/4036 7609/9/4036 7606/6/3889
f 7606/6/3889 7605/5/3889 7608/8/4036
f 7609/9/4037 7610/10/4037 7607/7/4038
f 7607/7/4038 7606/6/4038 7609/9/4037
f 7610/10/4039 7608/8/4039 7605/5/4040
f 7605/5/4040 7607/7/4040 7610/10/4039
f 7611/4/4007 7612/1/4007 7613/3/4041
f 7614/2/4041 7613/3/4041 7612/1/4007
f 7615/2/4042 7616/1/3999 7617/3/4042
f 7618/4/3999 7617/3/4042 7616/1/3999
f 7614/11/3846 7612/12/3755 7615/13/3846
f 7616/14/3755 7615/13/3846 7612/12/3755
f 7613/3/4043 7614/2/4044 7617/3/4045
f 7615/2/3850 7617/3/4045 7614/2/4044
f 7611/12/3841 7613/11/4046 7618/14/3841
f 7617/13/4047 7618/14/3841 7613/11/4046
f 7612/1/4021 7611/4/4021 7616/1/4021
f 7618/4/4021 7616/1/4021 7611/4/4021
f 7619/5/4048 7620/6/4048 7621/7/4048
f 7622/8/4049 7623/9/4049 7620/6/4050
f 7620/6/4050 7619/5/4050 7622/8/4049
f 7623/9/4051 7624/10/4051 7621/7/4052
f 7621/7/4052 7620/6/4052 7623/9/4051
f 7624/10/4053 7622/8/4053 7619/5/4054
f 7619/5/4054 7621/7/4054 7624/10/4053
f 7625/4/3997 7626/1/3997 7627/3/4055
f 7628/2/4055 7627/3/4055 7626/1/3997
f 7629/2/3998 7630/1/4048 7631/3/3989
f 7632/4/4048 7631/3/3989 7630/1/4048
f 7628/11/3755 7626/12/3846 7629/13/3755
f 7630/14/3846 7629/13/3755 7626/12/3846
f 7627/3/4023 7628/2/4056 7631/3/4057
f 7629/2/4058 7631/3/4057 7628/2/4056
f 7625/12/3898 7627/11/3841 7632/14/3898
f 7631/13/3841 7632/14/3898 7627/11/3841
f 7626/1/3845 7625/4/3845 7630/1/3845
f 7632/4/3845 7630/1/3845 7625/4/3845
f 7633/8/4059 7634/4/4059 7635/2/3479
f 7636/6/3479 7635/2/3479 7634/4/4059
f 7637/8/4060 7638/9/4060 7639/2/4061
f 7640/26/4061 7639/2/4061 7638/9/4060
f 7641/8/4062 7642/4/4062 7643/2/4063
f 7644/6/4063 7643/2/4063 7642/4/4062
f 7645/8/4064 7646/9/4064 7647/2/4065
f 7648/26/4065 7647/2/4065 7646/9/4064
f 7649/8/3273 7650/4/4063 7651/2/4066
f 7652/6/4066 7651/2/4066 7650/4/4063
f 7653/8/4067 7654/9/4067 7655/2/3277
f 7656/26/3277 7655/2/3277 7654/9/4067
f 7657/8/4068 7658/4/4069 7659/2/4070
f 7660/6/3278 7659/2/4070 7658/4/4069
f 7661/8/4071 7662/9/4071 7663/2/3277
f 7664/26/3277 7663/2/3277 7662/9/4071
f 7665/8/4059 7666/4/4072 7667/2/3479
f 7668/6/3479 7667/2/3479 7666/4/4072
f 7669/8/4073 7670/9/4074 7671/2/3277
f 7672/26/4067 7671/2/3277 7670/9/4074
f 7673/8/3479 7674/4/3479 7675/2/4069
f 7676/6/4069 7675/2/4069 7674/4/3479
f 7677/8/4065 7678/9/4065 7679/2/4075
f 7680/26/4075 7679/2/4075 7678/9/4065
f 7681/8/4076 7682/4/4076 7683/2/4076
f 7684/6/4076 7683/2/4076 7682/4/4076
f 7685/8/4065 7686/9/4065 7687/2/4077
f 7688/26/4077 7687/2/4077 7686/9/4065
f 7689/8/4078 7690/4/4066 7691/2/4070
f 7692/6/4070 7691/2/4070 7690/4/4066
f 7693/8/4073 7694/9/4073 7695/2/4067
f 7696/26/4075 7695/2/4067 7694/9/4073
f 7697/8/4079 7698/4/4079 7699/2/4080
f 7700/6/4080 7699/2/4080 7698/4/4079
f 7701/8/4064 7702/9/4064 7703/2/4067
f 7704/26/4067 7703/2/4067 7702/9/4064
f 7705/8/3273 7706/4/3273 7707/2/4070
f 7708/6/3278 7707/2/4070 7706/4/3273
f 7709/8/3280 7710/9/3280 7711/2/4065
f 7712/26/4065 7711/2/4065 7710/9/3280
f 7713/8/4081 7714/4/4072 7715/2/4076
f 7716/6/3479 7715/2/4076 7714/4/4072
f 7717/8/4074 7718/9/4074 7719/2/4067
f 7720/26/4067 7719/2/4067 7718/9/4074
f 7721/8/4080 7722/4/4059 7723/2/3281
f 7724/6/3281 7723/2/3281 7722/4/4059
f 7725/8/3270 7726/9/3270 7727/2/4065
f 7728/26/4065 7727/2/4065 7726/9/3270
f 7729/8/4082 7730/4/4082 7731/2/4065
f 7732/6/4065 7731/2/4065 7730/4/4082
f 7733/8/4083 7734/9/4083 7735/2/4062
f 7736/26/4062 7735/2/4062 7734/9/4083
f 7737/8/4061 7738/4/4061 7739/2/4071
f 7740/6/4071 7739/2/4071 7738/4/4061
f 7741/8/4079 7742/9/4079 7743/2/4083
f 7744/26/4084 7743/2/4083 7742/9/4079
f 7745/8/4061 7746/4/4061 7747/2/4067
f 7748/6/4067 7747/2/4067 7746/4/4061
f 7749/8/4062 7750/9/4062 7751/2/3281
f 7752/26/3281 7751/2/3281 7750/9/4062
f 7753/8/4065 7754/4/4065 7755/2/4061
f 7756/6/4061 7755/2/4061 7754/4/4065
f 7757/8/3479 7758/9/3479 7759/2/4072
f 7760/26/4072 7759/2/4072 7758/9/3479
f 7761/8/4077 7762/4/4077 7763/2/4077
f 7764/6/4077 7763/2/4077 7762/4/4077
f 7765/8/3273 7766/9/3479 7767/2/4059
f 7768/26/4059 7767/2/4059 7766/9/3479
f 7769/8/4073 7770/4/4074 7771/2/3279
f 7772/6/3279 7771/2/3279 7770/4/4074
f 7773/8/4063 7774/9/4063 7775/2/4062
f 7776/26/4062 7775/2/4062 7774/9/4063
f 7777/8/3277 7778/4/3277 7779/2/4065
f 7780/6/4065 7779/2/4065 7778/4/3277
f 7781/8/4062 7782/9/4062 7783/2/4063
f 7784/26/4063 7783/2/4063 7782/9/4062
f 7785/8/4082 7786/4/4077 7787/2/4085
f 7788/6/4086 7787/2/4085 7786/4/4077
f 7789/8/4063 7790/9/4087 7791/2/3273
f 7792/26/3273 7791/2/3273 7790/9/4087
f 7793/8/4067 7794/4/4067 7795/2/4067
f 7796/6/4067 7795/2/4067 7794/4/4067
f 7797/8/4076 7798/9/4076 7799/2/4068
f 7800/26/4068 7799/2/4068 7798/9/4076
f 7801/8/4082 7802/4/4082 7803/2/4082
f 7804/6/4082 7803/2/4082 7802/4/4082
f 7805/8/4062 7806/9/4062 7807/2/4062
f 7808/26/4062 7807/2/4062 7806/9/4062
f 7809/8/4067 7810/4/4067 7811/2/4077
f 7812/6/4077 7811/2/4077 7810/4/4067
f 7813/8/3479 7814/9/3479 7815/2/4066
f 7816/26/4066 7815/2/4066 7814/9/3479
f 7817/8/3479 7818/4/3479 7819/2/4063
f 7820/6/4063 7819/2/4063 7818/4/3479
f 7821/8/4060 7822/9/4075 7823/2/4061
f 7824/26/4061 7823/2/4061 7822/9/4075
f 7825/8/4063 7826/4/4087 7827/2/3479
f 7828/6/3273 7827/2/3479 7826/4/4087
f 7829/8/4064 7830/9/4064 7831/2/4074
f 7832/26/4061 7831/2/4074 7830/9/4064
f 7833/8/4083 7834/4/4083 7835/2/4062
f 7836/6/4062 7835/2/4062 7834/4/4083
f 7837/8/4077 7838/9/4077 7839/2/4077
f 7840/26/4077 7839/2/4077 7838/9/4077
f 7841/8/4077 7842/4/4077 7843/2/4077
f 7844/6/4077 7843/2/4077 7842/4/4077
f 7845/8/4062 7846/9/4062 7847/2/4062
f 7848/26/4062 7847/2/4062 7846/9/4062
f 7849/4/4088 7850/1/4089 7851/15/4090
f 7852/16/4091 7851/15/4090 7850/1/4089
f 7851/15/4090 7852/16/4091 7853/17/4090
f 7854/2/4092 7853/17/4090 7852/16/4091
f 7852/18/4093 7850/8/4094 7855/19/4093
f 7856/20/4094 7855/19/4093 7850/8/4094
f 7854/2/4093 7852/18/4093 7857/1/4093
f 7855/19/4093 7857/1/4095 7852/18/4093
f 7853/21/3281 7854/22/4096 7858/3/3281
f 7857/2/3549 7858/3/4063 7854/22/3549
f 7851/19/4097 7853/22/4097 7859/18/4097
f 7858/2/4097 7859/18/4097 7853/22/4097
f 7849/4/4098 7851/19/4098 7860/23/4098
f 7859/18/4097 7860/23/4097 7851/19/4097
f 7850/24/3270 7849/8/4071 7856/25/4085
f 7860/20/4099 7856/25/4064 7849/8/4099
f 7861/27/4100 7862/28/4100 7863/29/4100
f 7863/29/4100 7864/30/4100 7861/27/4100
f 7865/5/4101 7866/6/4101 7867/7/4101
f 7868/8/4102 7869/9/4102 7866/6/4102
f 7866/6/4102 7865/5/4102 7868/8/4102
f 7869/9/4103 7870/10/4103 7867/7/4104
f 7867/7/4104 7866/6/4105 7869/9/4103
f 7870/10/4106 7868/8/4107 7865/5/4108
f 7865/5/4108 7867/7/4108 7870/10/4106
f 7871/4/4109 7872/1/4109 7873/3/4109
f 7874/2/4109 7873/3/4109 7872/1/4109
f 7875/2/4110 7876/1/4110 7877/3/4110
f 7878/4/4110 7877/3/4110 7876/1/4110
f 7874/11/4111 7872/12/4111 7875/13/4111
f 7876/14/4111 7875/13/4111 7872/12/4111
f 7873/3/4112 7874/2/4113 7877/3/4114
f 7875/2/4115 7877/3/4114 7874/2/4113
f 7871/12/4116 7873/11/4117 7878/14/4116
f 7877/13/4117 7878/14/4116 7873/11/4117
f 7872/1/4118 7871/4/4118 7876/1/4118
f 7878/4/4118 7876/1/4118 7871/4/4118
f 7879/5/4119 7880/6/4119 7881/7/4119
f 7882/8/4120 7883/9/4120 7880/6/4121
f 7880/6/4121 7879/5/4121 7882/8/4120
f 7883/9/4122 7884/10/4122 7881/7/4123
f 7881/7/4123 7880/6/4123 7883/9/4122
f 7884/10/4124 7882/8/4124 7879/5/4125
f 7879/5/4125 7881/7/4125 7884/10/4124
f 7885/4/4126 7886/1/4126 7887/3/4126
f 7888/2/4126 7887/3/4126 7886/1/4126
f 7889/2/4119 7890/1/4119 7891/3/4119
f 7892/4/4119 7891/3/4119 7890/1/4119
f 7888/11/4127 7886/12/4127 7889/13/4127
f 7890/14/4127 7889/13/4127 7886/12/4127
f 7887/3/4128 7888/2/4129 7891/3/4130
f 7889/2/4131 7891/3/4130 7888/2/4129
f 7885/12/4132 7887/11/4132 7892/14/4132
f 7891/13/4132 7892/14/4132 7887/11/4132
f 7886/1/4133 7885/4/4134 7890/1/4135
f 7892/4/4136 7890/1/4135 7885/4/4134
f 7893/8/4137 7894/4/4137 7895/2/4138
f 7896/6/4138 7895/2/4138 7894/4/4137
f 7897/8/4139 7898/9/4139 7899/2/4140
f 7900/26/4141 7899/2/4140 7898/9/4139
f 7901/8/3918 7902/4/3917 7903/2/3735
f 7904/6/3735 7903/2/3735 7902/4/3917
f 7905/8/4142 7906/9/4142 7907/2/3724
f 7908/26/3724 7907/2/3724 7906/9/4142
f 7909/8/3732 7910/4/3732 7911/2/3928
f 7912/6/3928 7911/2/3928 7910/4/3732
f 7913/8/3745 7914/9/3745 7915/2/3919
f 7916/26/3919 7915/2/3919 7914/9/3745
f 7917/8/3741 7918/4/3741 7919/2/3951
f 7920/6/3914 7919/2/3951 7918/4/3741
f 7921/8/4143 7922/9/3719 7923/2/4144
f 7924/26/4144 7923/2/4144 7922/9/3719
f 7925/8/4145 7926/4/4145 7927/2/4146
f 7928/6/4147 7927/2/4146 7926/4/4145
f 7929/8/4148 7930/9/4148 7931/2/4149
f 7932/26/4149 7931/2/4149 7930/9/4148
f 7933/8/4150 7934/4/4150 7935/2/4151
f 7936/6/4152 7935/2/4151 7934/4/4150
f 7937/8/4153 7938/9/4153 7939/2/4149
f 7940/26/4149 7939/2/4149 7938/9/4153
f 7941/8/4154 7942/4/4154 7943/2/4154
f 7944/6/4154 7943/2/4154 7942/4/4154
f 7945/8/4155 7946/9/4155 7947/2/4156
f 7948/26/4156 7947/2/4156 7946/9/4155
f 7949/8/4157 7950/4/4157 7951/2/4158
f 7952/6/4158 7951/2/4158 7950/4/4157
f 7953/8/4159 7954/9/4159 7955/2/4160
f 7956/26/4161 7955/2/4160 7954/9/4159
f 7957/8/4162 7958/4/4163 7959/2/4164
f 7960/6/4164 7959/2/4164 7958/4/4163
f 7961/8/4165 7962/9/4165 7963/2/4166
f 7964/26/4166 7963/2/4166 7962/9/4165
f 7965/8/4167 7966/4/4167 7967/2/4168
f 7968/6/4169 7967/2/4168 7966/4/4167
f 7969/8/4170 7970/9/4170 7971/2/4171
f 7972/26/4171 7971/2/4171 7970/9/4170
f 7973/8/3284 7974/4/4172 7975/2/4173
f 7976/6/4174 7975/2/4173 7974/4/4172
f 7977/8/4175 7978/9/4153 7979/2/4176
f 7980/26/4176 7979/2/4176 7978/9/4153
f 7981/8/4177 7982/4/4178 7983/2/4179
f 7984/6/4179 7983/2/4179 7982/4/4178
f 7985/8/4180 7986/9/4180 7987/2/4181
f 7988/26/4181 7987/2/4181 7986/9/4180
f 7989/8/4182 7990/4/4181 7991/2/4181
f 7992/6/4181 7991/2/4181 7990/4/4181
f 7993/8/3283 7994/9/4183 7995/2/4184
f 7996/26/4184 7995/2/4184 7994/9/4183
f 7997/8/4149 7998/4/4185 7999/2/4186
f 8000/6/4186 7999/2/4186 7998/4/4185
f 8001/8/4187 8002/9/4188 8003/2/4150
f 8004/26/4150 8003/2/4150 8002/9/4188
f 8005/8/4189 8006/4/4190 8007/2/4191
f 8008/6/4191 8007/2/4191 8006/4/4190
f 8009/8/4192 8010/9/372 8011/2/4193
f 8012/26/4193 8011/2/4193 8010/9/372
f 8013/8/139 8014/4/139 8015/2/4194
f 8016/6/4194 8015/2/4194 8014/4/139
f 8017/8/4193 8018/9/4193 8019/2/369
f 8020/26/369 8019/2/369 8018/9/4193
f 8021/8/4195 8022/4/4195 8023/2/4196
f 8024/6/4196 8023/2/4196 8022/4/4195
f 8025/8/4197 8026/9/4197 8027/2/4198
f 8028/26/4198 8027/2/4198 8026/9/4197
f 8029/8/4199 8030/4/4200 8031/2/3852
f 8032/6/3909 8031/2/3852 8030/4/4200
f 8033/8/4201 8034/9/4201 8035/2/4201
f 8036/26/4201 8035/2/4201 8034/9/4201
f 8037/8/3965 8038/4/3965 8039/2/3977
f 8040/6/3977 8039/2/3977 8038/4/3965
f 8041/8/3844 8042/9/3844 8043/2/3912
f 8044/26/3912 8043/2/3912 8042/9/3844
f 8045/8/3909 8046/4/3909 8047/2/4202
f 8048/6/4202 8047/2/4202 8046/4/3909
f 8049/8/3863 8050/9/3863 8051/2/3863
f 8052/26/3863 8051/2/3863 8050/9/3863
f 8053/8/3955 8054/4/3958 8055/2/3774
f 8056/6/3774 8055/2/3774 8054/4/3958
f 8057/8/3786 8058/9/3786 8059/2/3845
f 8060/26/3845 8059/2/3845 8058/9/3786
f 8061/8/4203 8062/4/4203 8063/2/4204
f 8064/6/4204 8063/2/4204 8062/4/4203
f 8065/8/4205 8066/9/4205 8067/2/4206
f 8068/26/4207 8067/2/4206 8066/9/4205
f 8069/8/4208 8070/4/4208 8071/2/4209
f 8072/6/4209 8071/2/4209 8070/4/4208
f 8073/8/4210 8074/9/4210 8075/2/4211
f 8076/26/4211 8075/2/4211 8074/9/4210
f 8077/8/4212 8078/4/4212 8079/2/4213
f 8080/6/4213 8079/2/4213 8078/4/4212
f 8081/8/4214 8082/9/4214 8083/2/4214
f 8084/26/4214 8083/2/4214 8082/9/4214
f 8085/8/4215 8086/4/4215 8087/2/4208
f 8088/6/4208 8087/2/4208 8086/4/4215
f 8089/8/4216 8090/9/4216 8091/2/4217
f 8092/26/4206 8091/2/4217 8090/9/4216
f 8093/8/4218 8094/4/4218 8095/2/4219
f 8096/6/4219 8095/2/4219 8094/4/4218
f 8097/8/4220 8098/9/4221 8099/2/4222
f 8100/26/4222 8099/2/4222 8098/9/4221
f 8101/8/4223 8102/4/4224 8103/2/1409
f 8104/6/1409 8103/2/1409 8102/4/4224
f 8105/8/4225 8106/9/4225 8107/2/4226
f 8108/26/4226 8107/2/4226 8106/9/4225
f 8109/8/4227 8110/4/4227 8111/2/4228
f 8112/6/4229 8111/2/4228 8110/4/4227
f 8113/8/4230 8114/9/4230 8115/2/4231
f 8116/26/4231 8115/2/4231 8114/9/4230
f 8117/8/4232 8118/4/4232 8119/2/4233
f 8120/6/4234 8119/2/4233 8118/4/4232
f 8121/8/4235 8122/9/4235 8123/2/4236
f 8124/26/4236 8123/2/4236 8122/9/4235
f 8125/8/4237 8126/4/4237 8127/2/4238
f 8128/6/4238 8127/2/4238 8126/4/4237
f 8129/8/4239 8130/9/4239 8131/2/4239
f 8132/26/4239 8131/2/4239 8130/9/4239
f 8133/8/4240 8134/4/4241 8135/2/4242
f 8136/6/4243 8135/2/4242 8134/4/4241
f 8137/8/4244 8138/9/4244 8139/2/4245
f 8140/26/4245 8139/2/4245 8138/9/4244
f 8141/8/4246 8142/4/4246 8143/2/4247
f 8144/6/4247 8143/2/4247 8142/4/4246
f 8145/8/4248 8146/9/4248 8147/2/4249
f 8148/26/4250 8147/2/4249 8146/9/4248
f 8149/8/4251 8150/4/4252 8151/2/4253
f 8152/6/4253 8151/2/4253 8150/4/4252
f 8153/8/4254 8154/9/4255 8155/2/643
f 8156/26/4256 8155/2/643 8154/9/4255
f 8157/8/4257 8158/4/4257 8159/2/4258
f 8160/6/4258 8159/2/4258 8158/4/4257
f 8161/8/4259 8162/9/4259 8163/2/4260
f 8164/26/4260 8163/2/4260 8162/9/4259
f 8165/8/4261 8166/4/4261 8167/2/4262
f 8168/6/4262 8167/2/4262 8166/4/4261
f 8169/8/4263 8170/9/4263 8171/2/4264
f 8172/26/4265 8171/2/4264 8170/9/4263
f 8173/8/4266 8174/4/4266 8175/2/4266
f 8176/6/4266 8175/2/4266 8174/4/4266
f 8177/8/101 8178/9/101 8179/2/4267
f 8180/26/4267 8179/2/4267 8178/9/101
f 8181/8/4268 8182/4/4268 8183/2/4269
f 8184/6/4269 8183/2/4269 8182/4/4268
f 8185/8/4270 8186/9/4271 8187/2/4272
f 8188/26/4272 8187/2/4272 8186/9/4271
f 8189/8/4273 8190/4/4273 8191/2/4274
f 8192/6/4274 8191/2/4274 8190/4/4273
f 8193/8/4275 8194/9/4275 8195/2/4276
f 8196/26/4276 8195/2/4276 8194/9/4275
f 8197/8/4277 8198/4/4277 8199/2/4278
f 8200/6/4278 8199/2/4278 8198/4/4277
f 8201/8/4279 8202/9/4280 8203/2/4281
f 8204/26/4281 8203/2/4281 8202/9/4280
f 8205/8/4282 8206/4/4282 8207/2/4283
f 8208/6/4283 8207/2/4283 8206/4/4282
f 8209/8/4284 8210/9/4284 8211/2/4285
f 8212/26/4285 8211/2/4285 8210/9/4284
f 8213/8/4286 8214/4/4286 8215/2/4286
f 8216/6/4286 8215/2/4286 8214/4/4286
f 8217/8/4287 8218/9/4287 8219/2/4287
f 8220/26/4287 8219/2/4287 8218/9/4287
f 8221/8/4086 8222/4/4086 8223/2/3270
f 8224/6/3279 8223/2/3270 8222/4/4086
f 8225/8/4288 8226/9/4289 8227/2/4290
f 8228/26/4290 8227/2/4290 8226/9/4289
f 8229/8/4291 8230/4/4291 8231/2/4292
f 8232/6/4292 8231/2/4292 8230/4/4291
f 8233/8/4293 8234/9/4294 8235/2/4295
f 8236/26/4295 8235/2/4295 8234/9/4294
f 8237/8/4296 8238/4/4296 8239/2/4297
f 8240/6/4297 8239/2/4297 8238/4/4296
f 8241/8/4298 8242/9/4298 8243/2/4298
f 8244/26/4298 8243/2/4298 8242/9/4298
f 8245/8/4299 8246/4/4299 8247/2/4300
f 8248/6/4300 8247/2/4300 8246/4/4299
f 8249/8/4301 8250/9/4301 8251/2/4302
f 8252/26/4302 8251/2/4302 8250/9/4301
f 8253/8/4303 8254/4/4303 8255/2/4304
f 8256/6/4304 8255/2/4304 8254/4/4303
f 8257/8/4305 8258/9/4305 8259/2/4306
f 8260/26/4306 8259/2/4306 8258/9/4305
f 8261/8/4307 8262/4/4307 8263/2/4307
f 8264/6/4307 8263/2/4307 8262/4/4307
f 8265/8/4308 8266/9/4308 8267/2/4308
f 8268/26/4309 8267/2/4308 8266/9/4308
f 8269/8/4308 8270/4/4308 8271/2/4308
f 8272/6/4308 8271/2/4308 8270/4/4308
f 8273/8/4310 8274/9/4310 8275/2/4311
f 8276/26/4311 8275/2/4311 8274/9/4310
f 8277/4/4312 8278/1/4312 8279/15/4313
f 8280/16/4313 8279/15/4313 8278/1/4312
f 8279/15/4313 8280/16/4313 8281/17/4314
f 8282/2/4314 8281/17/4314 8280/16/4313
f 8280/18/4315 8278/8/4316 8283/19/4317
f 8284/20/4316 8283/19/4317 8278/8/4316
f 8282/2/4318 8280/18/4319 8285/1/4318
f 8283/19/4317 8285/1/4315 8280/18/4315
f 8281/21/4320 8282/22/4320 8286/3/4320
f 8285/2/4320 8286/3/4320 8282/22/4320
f 8279/19/4321 8281/22/4322 8287/18/4323
f 8286/2/4324 8287/18/4323 8281/22/4322
f 8277/4/4325 8279/19/4325 8288/23/4325
f 8287/18/4323 8288/23/4325 8279/19/4321
f 8278/24/4326 8277/8/4326 8284/25/4326
f 8288/20/4326 8284/25/4326 8277/8/4326
f 8289/27/4327 8290/28/4328 8291/29/4329
f 8291/29/4329 8292/30/4330 8289/27/4327
f 8293/5/3476 8294/6/3476 8295/7/3476
f 8296/8/4331 8297/9/4331 8294/6/4332
f 8294/6/4332 8293/5/4332 8296/8/4331
f 8297/9/4333 8298/10/4333 8295/7/4076
f 8295/7/4076 8294/6/4063 8297/9/4333
f 8298/10/4334 8296/8/4334 8293/5/4334
f 8293/5/4334 8295/7/4334 8298/10/4334
f 8299/4/3475 8300/1/3475 8301/3/3475
f 8302/2/3475 8301/3/3475 8300/1/3475
f 8303/2/3476 8304/1/3476 8305/3/3476
f 8306/4/3476 8305/3/3476 8304/1/3476
f 8302/11/4335 8300/12/3483 8303/13/4335
f 8304/14/3483 8303/13/4335 8300/12/3483
f 8301/3/4065 8302/2/3280 8305/3/3485
f 8303/2/3274 8305/3/3485 8302/2/3280
f 8299/12/3497 8301/11/3497 8306/14/3497
f 8305/13/3497 8306/14/3497 8301/11/3497
f 8300/1/3499 8299/4/3499 8304/1/3499
f 8306/4/3282 8304/1/3499 8299/4/3499
f 8307/5/4336 8308/6/4336 8309/7/4336
f 8310/8/4337 8311/9/4337 8308/6/4338
f 8308/6/4338 8307/5/4338 8310/8/4337
f 8311/9/4339 8312/10/4339 8309/7/4340
f 8309/7/4340 8308/6/4340 8311/9/4339
f 8312/10/4341 8310/8/4341 8307/5/4342
f 8307/5/4342 8309/7/4342 8312/10/4341
f 8313/4/4343 8314/1/4343 8315/3/4344
f 8316/2/4344 8315/3/4344 8314/1/4343
f 8317/2/4345 8318/1/4336 8319/3/4345
f 8320/4/4336 8319/3/4345 8318/1/4336
f 8316/11/4335 8314/12/4346 8317/13/3483
f 8318/14/4347 8317/13/3483 8314/12/4346
f 8315/3/4348 8316/2/4349 8319/3/4350
f 8317/2/4351 8319/3/4350 8316/2/4349
f 8313/12/3497 8315/11/4352 8320/14/3497
f 8319/13/4352 8320/14/3497 8315/11/4352
f 8314/1/4078 8313/4/4289 8318/1/4353
f 8320/4/4354 8318/1/4353 8313/4/4289
f 8321/5/4355 8322/6/4355 8323/7/4355
f 8324/8/4356 8325/9/4356 8322/6/4357
f 8322/6/4357 8321/5/4357 8324/8/4356
f 8325/9/4358 8326/10/4358 8323/7/4359
f 8323/7/4359 8322/6/4359 8325/9/4358
f 8326/10/4360 8324/8/4360 8321/5/4361
f 8321/5/4361 8323/7/4361 8326/10/4360
f 8327/4/4362 8328/1/4362 8329/3/4362
f 8330/2/4362 8329/3/4362 8328/1/4362
f 8331/2/4363 8332/1/4355 8333/3/4355
f 8334/4/4355 8333/3/4355 8332/1/4355
f 8330/11/4364 8328/12/4364 8331/13/4364
f 8332/14/4364 8331/13/4364 8328/12/4364
f 8329/3/4365 8330/2/4366 8333/3/4367
f 8331/2/4368 8333/3/4367 8330/2/4366
f 8327/12/4369 8329/11/4369 8334/14/4369
f 8333/13/4369 8334/14/4369 8329/11/4369
f 8328/1/4370 8327/4/4371 8332/1/4371
f 8334/4/4372 8332/1/4371 8327/4/4371
f 8335/5/4373 8336/6/4373 8337/7/4373
f 8338/8/4374 8339/9/4375 8336/6/4376
f 8336/6/4376 8335/5/4377 8338/8/4374
f 8339/9/4378 8340/10/4378 8337/7/4379
f 8337/7/4379 8336/6/4379 8339/9/4378
f 8340/10/4380 8338/8/4380 8335/5/4381
f 8335/5/4381 8337/7/4382 8340/10/4380
f 8341/4/4383 8342/1/4383 8343/3/4384
f 8344/2/4384 8343/3/4384 8342/1/4383
f 8345/2/4385 8346/1/4373 8347/3/4385
f 8348/4/4386 8347/3/4385 8346/1/4373
f 8344/11/4387 8342/12/4387 8345/13/4387
f 8346/14/4387 8345/13/4387 8342/12/4387
f 8343/3/4388 8344/2/4388 8347/3/4388
f 8345/2/4388 8347/3/4388 8344/2/4388
f 8341/12/4389 8343/11/4389 8348/14/4389
f 8347/13/4389 8348/14/4389 8343/11/4389
f 8342/1/4390 8341/4/4391 8346/1/4391
f 8348/4/4392 8346/1/4391 8341/4/4391
f 8349/5/4393 8350/6/4393 8351/7/4393
f 8352/8/4394 8353/9/4394 8350/6/4395
f 8350/6/4395 8349/5/4395 8352/8/4394
f 8353/9/4396 8354/10/4396 8351/7/4397
f 8351/7/4397 8350/6/4398 8353/9/4396
f 8354/10/4399 8352/8/4399 8349/5/4400
f 8349/5/4400 8351/7/4400 8354/10/4399
f 8355/4/4401 8356/1/4401 8357/3/4402
f 8358/2/4402 8357/3/4402 8356/1/4401
f 8359/2/4403 8360/1/4404 8361/3/4403
f 8362/4/4404 8361/3/4403 8360/1/4404
f 8358/11/4405 8356/12/4406 8359/13/4407
f 8360/14/4406 8359/13/4407 8356/12/4406
f 8357/3/4408 8358/2/4409 8361/3/4410
f 8359/2/4411 8361/3/4410 8358/2/4409
f 8355/12/4412 8357/11/4413 8362/14/4412
f 8361/13/4413 8362/14/4412 8357/11/4413
f 8356/1/4414 8355/4/4414 8360/1/4414
f 8362/4/4414 8360/1/4414 8355/4/4414
f 8363/5/4415 8364/6/4415 8365/7/4415
f 8366/8/4416 8367/9/4416 8364/6/4417
f 8364/6/4417 8363/5/4418 8366/8/4416
f 8367/9/4419 8368/10/4419 8365/7/4420
f 8365/7/4420 8364/6/4420 8367/9/4419
f 8368/10/4421 8366/8/4421 8363/5/4422
f 8363/5/4422 8365/7/4422 8368/10/4421
f 8369/4/4423 8370/1/4423 8371/3/4424
f 8372/2/4424 8371/3/4424 8370/1/4423
f 8373/2/4425 8374/1/4426 8375/3/4425
f 8376/4/4426 8375/3/4425 8374/1/4426
f 8372/11/3478 8370/12/3497 8373/13/3478
f 8374/14/3497 8373/13/3478 8370/12/3497
f 8371/3/3499 8372/2/4427 8375/3/4427
f 8373/2/3282 8375/3/4427 8372/2/4427
f 8369/12/3483 8371/11/4428 8376/14/3483
f 8375/13/4335 8376/14/3483 8371/11/4428
f 8370/1/4351 8369/4/4351 8374/1/4351
f 8376/4/4351 8374/1/4351 8369/4/4351
f 8377/5/3998 8378/6/3998 8379/7/3998
f 8380/8/4429 8381/9/4429 8378/6/4429
f 8378/6/4429 8377/5/4429 8380/8/4429
f 8381/9/3955 8382/10/3955 8379/7/3850
f 8379/7/3850 8378/6/3783 8381/9/3955
f 8382/10/3978 8380/8/3978 8377/5/4430
f 8377/5/4430 8379/7/4431 8382/10/3978
f 8383/4/4432 8384/1/4432 8385/3/4432
f 8386/2/4432 8385/3/4432 8384/1/4432
f 8387/2/3998 8388/1/4433 8389/3/3998
f 8390/4/4433 8389/3/3998 8388/1/4433
f 8386/11/3840 8384/12/3898 8387/13/3840
f 8388/14/3898 8387/13/3840 8384/12/3898
f 8385/3/4201 8386/2/4201 8389/3/4201
f 8387/2/3845 8389/3/4201 8386/2/4201
f 8383/12/3754 8385/11/3908 8390/14/3754
f 8389/13/3908 8390/14/3754 8385/11/3908
f 8384/1/3864 8383/4/3955 8388/1/3958
f 8390/4/3977 8388/1/3958 8383/4/3955
f 8391/5/3975 8392/6/3975 8393/7/3975
f 8394/8/4434 8395/9/4434 8392/6/4435
f 8392/6/4435 8391/5/4435 8394/8/4434
f 8395/9/4436 8396/10/4436 8393/7/4437
f 8393/7/4437 8392/6/4437 8395/9/4436
f 8396/10/4438 8394/8/4438 8391/5/4439
f 8391/5/4439 8393/7/4440 8396/10/4438
f 8397/4/3982 8398/1/3982 8399/3/3982
f 8400/2/3982 8399/3/3982 8398/1/3982
f 8401/2/4441 8402/1/3975 8403/3/4441
f 8404/4/3975 8403/3/4441 8402/1/3975
f 8400/11/3755 8398/12/3755 8401/13/3755
f 8402/14/3755 8401/13/3755 8398/12/3755
f 8399/3/3974 8400/2/3774 8403/3/3958
f 8401/2/3897 8403/3/3958 8400/2/3774
f 8397/12/3840 8399/11/3898 8404/14/3840
f 8403/13/3898 8404/14/3840 8399/11/3898
f 8398/1/3845 8397/4/3845 8402/1/3845
f 8404/4/3845 8402/1/3845 8397/4/3845
f 8405/5/4442 8406/6/4442 8407/7/4442
f 8408/8/4443 8409/9/4443 8406/6/4444
f 8406/6/4444 8405/5/4444 8408/8/4443
f 8409/9/4182 8410/10/4182 8407/7/4445
f 8407/7/4445 8406/6/4445 8409/9/4182
f 8410/10/4446 8408/8/4446 8405/5/4446
f 8405/5/4446 8407/7/4446 8410/10/4446
f 8411/4/4447 8412/1/4447 8413/3/4447
f 8414/2/4447 8413/3/4447 8412/1/4447
f 8415/2/4442 8416/1/4442 8417/3/4442
f 8418/4/4442 8417/3/4442 8416/1/4442
f 8414/11/4448 8412/12/4448 8415/13/4448
f 8416/14/4448 8415/13/4448 8412/12/4448
f 8413/3/4449 8414/2/4450 8417/3/4151
f 8415/2/4451 8417/3/4151 8414/2/4450
f 8411/12/4452 8413/11/4452 8418/14/4452
f 8417/13/4452 8418/14/4452 8413/11/4452
f 8412/1/4453 8411/4/4181 8416/1/4454
f 8418/4/4455 8416/1/4454 8411/4/4181
f 8419/5/4456 8420/6/4456 8421/7/4456
f 8422/8/4457 8423/9/4457 8420/6/4458
f 8420/6/4458 8419/5/4458 8422/8/4457
f 8423/9/4459 8424/10/4460 8421/7/4461
f 8421/7/4461 8420/6/4462 8423/9/4459
f 8424/10/4463 8422/8/4463 8419/5/4464
f 8419/5/4464 8421/7/4464 8424/10/4463
f 8425/4/4465 8426/1/4465 8427/3/4466
f 8428/2/4466 8427/3/4466 8426/1/4465
f 8429/2/4456 8430/1/4456 8431/3/4456
f 8432/4/4456 8431/3/4456 8430/1/4456
f 8428/11/4448 8426/12/4467 8429/13/4448
f 8430/14/4467 8429/13/4448 8426/12/4467
f 8427/3/4468 8428/2/4468 8431/3/4468
f 8429/2/4468 8431/3/4468 8428/2/4468
f 8425/12/4452 8427/11/4452 8432/14/4452
f 8431/13/4452 8432/14/4452 8427/11/4452
f 8426/1/4454 8425/4/4454 8430/1/4454
f 8432/4/4454 8430/1/4454 8425/4/4454
f 8433/5/4469 8434/6/4469 8435/7/4469
f 8436/8/4470 8437/9/4470 8434/6/4471
f 8434/6/4471 8433/5/4472 8436/8/4470
f 8437/9/4473 8438/10/4474 8435/7/4475
f 8435/7/4475 8434/6/4475 8437/9/4473
f 8438/10/4476 8436/8/4477 8433/5/4478
f 8433/5/4478 8435/7/4479 8438/10/4476
f 8439/4/4480 8440/1/4480 8441/3/4481
f 8442/2/4481 8441/3/4481 8440/1/4480
f 8443/2/4482 8444/1/4483 8445/3/4482
f 8446/4/4483 8445/3/4482 8444/1/4483
f 8442/11/4484 8440/12/1500 8443/13/4484
f 8444/14/1500 8443/13/4484 8440/12/1500
f 8441/3/4485 8442/2/4485 8445/3/4485
f 8443/2/4485 8445/3/4485 8442/2/4485
f 8439/12/4486 8441/11/4487 8446/14/4486
f 8445/13/4487 8446/14/4486 8441/11/4487
f 8440/1/4488 8439/4/4489 8444/1/4488
f 8446/4/4489 8444/1/4488 8439/4/4489
f 8447/5/4490 8448/6/4490 8449/7/4490
f 8450/8/4491 8451/9/4491 8448/6/4492
f 8448/6/4492 8447/5/4492 8450/8/4491
f 8451/9/4493 8452/10/4493 8449/7/4494
f 8449/7/4494 8448/6/4495 8451/9/4493
f 8452/10/4496 8450/8/4497 8447/5/4498
f 8447/5/4498 8449/7/4498 8452/10/4496
f 8453/4/4499 8454/1/4499 8455/3/4500
f 8456/2/4500 8455/3/4500 8454/1/4499
f 8457/2/4490 8458/1/4501 8459/3/4490
f 8460/4/4501 8459/3/4490 8458/1/4501
f 8456/11/4502 8454/12/4503 8457/13/4502
f 8458/14/4504 8457/13/4502 8454/12/4503
f 8455/3/4505 8456/2/4506 8459/3/4507
f 8457/2/4508 8459/3/4507 8456/2/4506
f 8453/12/4509 8455/11/4510 8460/14/4511
f 8459/13/4512 8460/14/4511 8455/11/4510
f 8454/1/4513 8453/4/4514 8458/1/4515
f 8460/4/4516 8458/1/4515 8453/4/4514
f 8461/5/3998 8462/6/3998 8463/7/3998
f 8464/8/4517 8465/9/4517 8462/6/4434
f 8462/6/4434 8461/5/4434 8464/8/4517
f 8465/9/4518 8466/10/4518 8463/7/4436
f 8463/7/4436 8462/6/4436 8465/9/4518
f 8466/10/4439 8464/8/4439 8461/5/4438
f 8461/5/4438 8463/7/4519 8466/10/4439
f 8467/4/4520 8468/1/4520 8469/3/4055
f 8470/2/4055 8469/3/4055 8468/1/4520
f 8471/2/3998 8472/1/3998 8473/3/3998
f 8474/4/3998 8473/3/3998 8472/1/3998
f 8470/11/3846 8468/12/3755 8471/13/3754
f 8472/14/3755 8471/13/3754 8468/12/3755
f 8469/3/4521 8470/2/4522 8473/3/4523
f 8471/2/4524 8473/3/4523 8470/2/4522
f 8467/12/3840 8469/11/3840 8474/14/3840
f 8473/13/3840 8474/14/3840 8469/11/3840
f 8468/1/3863 8467/4/3863 8472/1/3863
f 8474/4/3863 8472/1/3863 8467/4/3863
f 8475/5/4525 8476/6/4525 8477/7/4525
f 8478/8/4526 8479/9/4526 8476/6/4527
f 8476/6/4527 8475/5/4527 8478/8/4526
f 8479/9/4528 8480/10/4528 8477/7/4529
f 8477/7/4529 8476/6/4529 8479/9/4528
f 8480/10/4530 8478/8/4530 8475/5/4531
f 8475/5/4531 8477/7/4531 8480/10/4530
f 8481/4/4532 8482/1/4532 8483/3/4533
f 8484/2/4533 8483/3/4533 8482/1/4532
f 8485/2/4534 8486/1/4534 8487/3/4534
f 8488/4/4534 8487/3/4534 8486/1/4534
f 8484/11/4535 8482/12/4536 8485/13/4535
f 8486/14/4536 8485/13/4535 8482/12/4536
f 8483/3/4537 8484/2/4538 8487/3/4539
f 8485/2/4540 8487/3/4539 8484/2/4538
f 8481/12/4541 8483/11/4541 8488/14/4541
f 8487/13/4541 8488/14/4541 8483/11/4541
f 8482/1/4542 8481/4/4543 8486/1/4544
f 8488/4/4545 8486/1/4544 8481/4/4543
f 8489/5/4546 8490/6/4546 8491/7/4546
f 8492/8/4547 8493/9/4548 8490/6/4549
f 8490/6/4549 8489/5/4550 8492/8/4547
f 8493/9/4551 8494/10/4552 8491/7/4553
f 8491/7/4553 8490/6/4553 8493/9/4551
f 8494/10/4554 8492/8/4555 8489/5/4556
f 8489/5/4556 8491/7/4557 8494/10/4554
f 8495/4/4558 8496/1/4558 8497/3/4559
f 8498/2/4559 8497/3/4559 8496/1/4558
f 8499/2/4560 8500/1/4561 8501/3/4560
f 8502/4/4561 8501/3/4560 8500/1/4561
f 8498/11/4562 8496/12/4563 8499/13/4562
f 8500/14/4563 8499/13/4562 8496/12/4563
f 8497/3/4129 8498/2/4564 8501/3/4565
f 8499/2/4566 8501/3/4565 8498/2/4564
f 8495/12/4567 8497/11/4568 8502/14/4567
f 8501/13/4568 8502/14/4567 8497/11/4568
f 8496/1/4569 8495/4/4569 8500/1/4569
f 8502/4/4569 8500/1/4569 8495/4/4569
f 8503/5/4570 8504/6/4570 8505/7/4570
f 8506/8/4571 8507/9/4571 8504/6/4572
f 8504/6/4572 8503/5/4573 8506/8/4571
f 8507/9/4574 8508/10/4574 8505/7/4575
f 8505/7/4575 8504/6/4576 8507/9/4574
f 8508/10/4577 8506/8/4577 8503/5/4578
f 8503/5/4578 8505/7/4578 8508/10/4577
f 8509/4/4466 8510/1/4466 8511/3/4466
f 8512/2/4466 8511/3/4466 8510/1/4466
f 8513/2/4579 8514/1/4580 8515/3/4579
f 8516/4/4580 8515/3/4579 8514/1/4580
f 8512/11/4452 8510/12/4452 8513/13/4452
f 8514/14/4452 8513/13/4452 8510/12/4452
f 8511/3/4581 8512/2/4582 8515/3/4583
f 8513/2/4186 8515/3/4583 8512/2/4582
f 8509/12/4467 8511/11/4448 8516/14/4467
f 8515/13/4448 8516/14/4467 8511/11/4448
f 8510/1/4178 8509/4/4178 8514/1/4178
f 8516/4/4150 8514/1/4178 8509/4/4178
f 8517/5/4584 8518/6/4584 8519/7/4584
f 8520/8/4585 8521/9/4585 8518/6/4586
f 8518/6/4586 8517/5/4586 8520/8/4585
f 8521/9/4587 8522/10/4587 8519/7/4588
f 8519/7/4588 8518/6/4588 8521/9/4587
f 8522/10/4589 8520/8/4589 8517/5/4590
f 8517/5/4590 8519/7/4590 8522/10/4589
f 8523/4/4591 8524/1/4591 8525/3/4591
f 8526/2/4591 8525/3/4591 8524/1/4591
f 8527/2/4592 8528/1/4592 8529/3/4592
f 8530/4/4592 8529/3/4592 8528/1/4592
f 8526/11/4448 8524/12/4448 8527/13/4448
f 8528/14/4448 8527/13/4448 8524/12/4448
f 8525/3/4188 8526/2/4168 8529/3/4146
f 8527/2/4162 8529/3/4146 8526/2/4168
f 8523/12/4593 8525/11/4452 8530/14/4593
f 8529/13/4452 8530/14/4593 8525/11/4452
f 8524/1/4455 8523/4/4454 8528/1/4181
f 8530/4/4453 8528/1/4181 8523/4/4454
f 8531/5/4594 8532/6/4594 8533/7/4594
f 8534/8/4595 8535/9/4595 8532/6/4596
f 8532/6/4596 8531/5/4596 8534/8/4595
f 8535/9/4597 8536/10/4597 8533/7/4597
f 8533/7/4597 8532/6/4597 8535/9/4597
f 8536/10/4598 8534/8/4598 8531/5/4599
f 8531/5/4599 8533/7/4599 8536/10/4598
f 8537/4/4447 8538/1/4447 8539/3/4447
f 8540/2/4447 8539/3/4447 8538/1/4447
f 8541/2/4600 8542/1/4442 8543/3/4600
f 8544/4/4442 8543/3/4600 8542/1/4442
f 8540/11/4452 8538/12/4452 8541/13/4452
f 8542/14/4452 8541/13/4452 8538/12/4452
f 8539/3/4601 8540/2/4602 8543/3/4603
f 8541/2/4604 8543/3/4603 8540/2/4602
f 8537/12/4448 8539/11/4605 8544/14/4606
f 8543/13/4607 8544/14/4606 8539/11/4605
f 8538/1/4608 8537/4/4608 8542/1/4608
f 8544/4/4608 8542/1/4608 8537/4/4608
f 8545/5/4609 8546/6/4609 8547/7/4609
f 8548/8/4610 8549/9/4611 8546/6/4612
f 8546/6/4612 8545/5/4612 8548/8/4610
f 8549/9/4613 8550/10/4614 8547/7/4615
f 8547/7/4615 8546/6/4615 8549/9/4613
f 8550/10/4616 8548/8/4617 8545/5/4618
f 8545/5/4618 8547/7/4618 8550/10/4616
f 8551/4/4619 8552/1/4619 8553/3/4620
f 8554/2/4620 8553/3/4620 8552/1/4619
f 8555/2/4609 8556/1/4609 8557/3/4609
f 8558/4/4609 8557/3/4609 8556/1/4609
f 8554/11/4621 8552/12/4622 8555/13/4623
f 8556/14/4452 8555/13/4623 8552/12/4622
f 8553/3/4624 8554/2/4625 8557/3/4626
f 8555/2/4627 8557/3/4626 8554/2/4625
f 8551/12/4448 8553/11/4467 8558/14/4448
f 8557/13/4467 8558/14/4448 8553/11/4467
f 8552/1/4628 8551/4/4629 8556/1/4629
f 8558/4/4629 8556/1/4629 8551/4/4629
f 8559/5/4630 8560/6/4630 8561/7/4630
f 8562/8/4631 8563/9/4632 8560/6/4633
f 8560/6/4633 8559/5/4633 8562/8/4631
f 8563/9/4634 8564/10/4634 8561/7/4635
f 8561/7/4635 8560/6/4635 8563/9/4634
f 8564/10/4636 8562/8/4637 8559/5/4638
f 8559/5/4638 8561/7/4638 8564/10/4636
f 8565/4/4639 8566/1/4639 8567/3/4639
f 8568/2/4639 8567/3/4639 8566/1/4639
f 8569/2/4640 8570/1/4641 8571/3/4640
f 8572/4/4641 8571/3/4640 8570/1/4641
f 8568/11/4642 8566/12/4642 8569/13/4642
f 8570/14/4642 8569/13/4642 8566/12/4642
f 8567/3/4643 8568/2/4644 8571/3/4645
f 8569/2/4646 8571/3/4645 8568/2/4644
f 8565/12/4448 8567/11/4448 8572/14/4448
f 8571/13/4448 8572/14/4448 8567/11/4448
f 8566/1/4647 8565/4/4648 8570/1/4649
f 8572/4/4650 8570/1/4649 8565/4/4648
f 8573/8/4651 8574/4/4652 8575/2/4164
f 8576/6/4164 8575/2/4164 8574/4/4652
f 8577/8/4653 8578/9/4653 8579/2/4654
f 8580/26/4654 8579/2/4654 8578/9/4653
f 8581/8/4655 8582/4/4655 8583/2/4150
f 8584/6/4150 8583/2/4150 8582/4/4655
f 8585/8/4654 8586/9/4654 8587/2/4170
f 8588/26/4170 8587/2/4170 8586/9/4654
f 8589/8/4150 8590/4/4150 8591/2/4147
f 8592/6/4147 8591/2/4147 8590/4/4150
f 8593/8/4171 8594/9/4171 8595/2/4582
f 8596/26/4653 8595/2/4582 8594/9/4171
f 8597/8/4450 8598/4/4450 8599/2/4656
f 8600/6/4656 8599/2/4656 8598/4/4450
f 8601/8/4581 8602/9/4148 8603/2/4175
f 8604/26/4657 8603/2/4175 8602/9/4148
f 8605/8/4151 8606/4/4151 8607/2/4150
f 8608/6/4468 8607/2/4150 8606/4/4151
f 8609/8/4658 8610/9/4658 8611/2/4182
f 8612/26/4182 8611/2/4182 8610/9/4658
f 8613/8/4165 8614/4/4658 8615/2/4657
f 8616/6/4657 8615/2/4657 8614/4/4658
f 8617/8/4659 8618/9/4659 8619/2/4652
f 8620/26/4651 8619/2/4652 8618/9/4659
f 8621/8/4445 8622/4/4445 8623/2/4660
f 8624/6/4185 8623/2/4660 8622/4/4445
f 8625/8/4178 8626/9/4178 8627/2/4661
f 8628/26/4662 8627/2/4661 8626/9/4178
f 8629/8/4663 8630/4/4663 8631/2/4664
f 8632/6/4664 8631/2/4664 8630/4/4663
f 8633/8/4150 8634/9/4150 8635/2/4150
f 8636/26/4150 8635/2/4150 8634/9/4150
f 8637/8/4178 8638/4/4178 8639/2/4178
f 8640/6/4178 8639/2/4178 8638/4/4178
f 8641/8/4664 8642/9/4664 8643/2/4664
f 8644/26/4664 8643/2/4664 8642/9/4664
f 8645/4/4452 8646/1/4665 8647/15/4666
f 8648/16/4452 8647/15/4666 8646/1/4665
f 8647/15/4666 8648/16/4452 8649/17/4667
f 8650/2/4667 8649/17/4667 8648/16/4452
f 8648/18/4668 8646/8/4668 8651/19/4668
f 8652/20/4669 8651/19/4668 8646/8/4668
f 8650/2/4668 8648/18/4668 8653/1/4668
f 8651/19/4668 8653/1/4669 8648/18/4668
f 8649/21/4670 8650/22/4664 8654/3/4670
f 8653/2/4454 8654/3/4671 8650/22/4454
f 8647/19/4672 8649/22/4673 8655/18/4672
f 8654/2/4674 8655/18/4672 8649/22/4673
f 8645/4/4673 8647/19/4673 8656/23/4673
f 8655/18/4672 8656/23/4675 8647/19/4672
f 8646/24/4145 8645/8/4676 8652/25/4145
f 8656/20/4677 8652/25/4173 8645/8/4677
f 8657/27/4678 8658/28/4678 8659/29/4678
f 8659/29/4678 8660/30/4678 8657/27/4678
f 8661/8/4679 8662/4/4680 8663/2/4681
f 8664/6/4682 8663/2/4681 8662/4/4680
f 8665/8/134 8666/9/134 8667/2/4683
f 8668/26/4683 8667/2/4683 8666/9/134
f 8669/8/4684 8670/4/4684 8671/2/4685
f 8672/6/4685 8671/2/4685 8670/4/4684
f 8673/8/4683 8674/9/4683 8675/2/4686
f 8676/26/4687 8675/2/4686 8674/9/4683
f 8677/8/2805 8678/4/2804 8679/2/4285
f 8680/6/4688 8679/2/4285 8678/4/2804
f 8681/8/4689 8682/9/4689 8683/2/4690
f 8684/26/4690 8683/2/4690 8682/9/4689
f 8685/8/4691 8686/4/4692 8687/2/4693
f 8688/6/4694 8687/2/4693 8686/4/4692
f 8689/8/4695 8690/9/4695 8691/2/4696
f 8692/26/4696 8691/2/4696 8690/9/4695
f 8693/8/4697 8694/4/4697 8695/2/4698
f 8696/6/4698 8695/2/4698 8694/4/4697
f 8697/8/4699 8698/9/4699 8699/2/135
f 8700/26/135 8699/2/135 8698/9/4699
f 8701/8/4700 8702/4/4700 8703/2/4697
f 8704/6/4697 8703/2/4697 8702/4/4700
f 8705/8/4701 8706/9/4701 8707/2/4702
f 8708/26/4703 8707/2/4702 8706/9/4701
f 8709/8/4704 8710/4/4705 8711/2/4706
f 8712/6/4681 8711/2/4706 8710/4/4705
f 8713/8/131 8714/9/131 8715/2/4696
f 8716/26/4696 8715/2/4696 8714/9/131
f 8717/8/4707 8718/4/4707 8719/2/4708
f 8720/6/4708 8719/2/4708 8718/4/4707
f 8721/8/4709 8722/9/4709 8723/2/4710
f 8724/26/4710 8723/2/4710 8722/9/4709
f 8725/8/4711 8726/4/4711 8727/2/4712
f 8728/6/4712 8727/2/4712 8726/4/4711
f 8729/8/4713 8730/9/4713 8731/2/4714
f 8732/26/4714 8731/2/4714 8730/9/4713
f 8733/8/4715 8734/4/4715 8735/2/4716
f 8736/6/4716 8735/2/4716 8734/4/4715
f 8737/8/4717 8738/9/4717 8739/2/4718
f 8740/26/4718 8739/2/4718 8738/9/4717
f 8741/8/4719 8742/4/4719 8743/2/4720
f 8744/6/4720 8743/2/4720 8742/4/4719
f 8745/8/4721 8746/9/4722 8747/2/4723
f 8748/26/4723 8747/2/4723 8746/9/4722
f 8749/8/4724 8750/4/4724 8751/2/4725
f 8752/6/4726 8751/2/4725 8750/4/4724
f 8753/8/4727 8754/9/4727 8755/2/4728
f 8756/26/4728 8755/2/4728 8754/9/4727
f 8757/8/4729 8758/4/4730 8759/2/4731
f 8760/6/4732 8759/2/4731 8758/4/4730
f 8761/8/4733 8762/9/4733 8763/2/4734
f 8764/26/4734 8763/2/4734 8762/9/4733
f 8765/8/4735 8766/4/4735 8767/2/4736
f 8768/6/4736 8767/2/4736 8766/4/4735
f 8769/8/4737 8770/9/4738 8771/2/4739
f 8772/26/4739 8771/2/4739 8770/9/4738
f 8773/8/4740 8774/4/4741 8775/2/2680
f 8776/6/4742 8775/2/2680 8774/4/4741
f 8777/8/4743 8778/9/4743 8779/2/4744
f 8780/26/4745 8779/2/4744 8778/9/4743
f 8781/8/4746 8782/4/4746 8783/2/4747
f 8784/6/4747 8783/2/4747 8782/4/4746
f 8785/8/3543 8786/9/4748 8787/2/4749
f 8788/26/4750 8787/2/4749 8786/9/4748
f 8789/8/4751 8790/4/4751 8791/2/4752
f 8792/6/4752 8791/2/4752 8790/4/4751
f 8793/8/4753 8794/9/4753 8795/2/4754
f 8796/26/4754 8795/2/4754 8794/9/4753
f 8797/8/4755 8798/4/4755 8799/2/4756
f 8800/6/4757 8799/2/4756 8798/4/4755
f 8801/8/4758 8802/9/4758 8803/2/368
f 8804/26/4759 8803/2/368 8802/9/4758
f 8805/8/4760 8806/4/4760 8807/2/4761
f 8808/6/4761 8807/2/4761 8806/4/4760
f 8809/8/4762 8810/9/4762 8811/2/4763
f 8812/26/4763 8811/2/4763 8810/9/4762
f 8813/8/4764 8814/4/4764 8815/2/4765
f 8816/6/4765 8815/2/4765 8814/4/4764
f 8817/8/4766 8818/9/4726 8819/2/4767
f 8820/26/4767 8819/2/4767 8818/9/4726
f 8821/8/4768 8822/4/4768 8823/2/4769
f 8824/6/4769 8823/2/4769 8822/4/4768
f 8825/8/4770 8826/9/4771 8827/2/4772
f 8828/26/4772 8827/2/4772 8826/9/4771
f 8829/8/4773 8830/4/4773 8831/2/4773
f 8832/6/4773 8831/2/4773 8830/4/4773
f 8833/8/4774 8834/9/4774 8835/2/4775
f 8836/26/4775 8835/2/4775 8834/9/4774
f 8837/8/4776 8838/4/4776 8839/2/4777
f 8840/6/4777 8839/2/4777 8838/4/4776
f 8841/8/4778 8842/9/4778 8843/2/4779
f 8844/26/4779 8843/2/4779 8842/9/4778
f 8845/8/4780 8846/4/4780 8847/2/4780
f 8848/6/4780 8847/2/4780 8846/4/4780
f 8849/8/4781 8850/9/4781 8851/2/4782
f 8852/26/4782 8851/2/4782 8850/9/4781
f 8853/8/4783 8854/4/4783 8855/2/4784
f 8856/6/4785 8855/2/4784 8854/4/4783
f 8857/8/4786 8858/9/4787 8859/2/4788
f 8860/26/4788 8859/2/4788 8858/9/4787
f 8861/8/4789 8862/4/4789 8863/2/4790
f 8864/6/4790 8863/2/4790 8862/4/4789
f 8865/8/4791 8866/9/4791 8867/2/4792
f 8868/26/4792 8867/2/4792 8866/9/4791
f 8869/8/4793 8870/4/4794 8871/2/4795
f 8872/6/4795 8871/2/4795 8870/4/4794
f 8873/8/4796 8874/9/4796 8875/2/4797
f 8876/26/4797 8875/2/4797 8874/9/4796
f 8877/8/4798 8878/4/3280 8879/2/4065
f 8880/6/4065 8879/2/4065 8878/4/3280
f 8881/8/3273 8882/9/3273 8883/2/4087
f 8884/26/4063 8883/2/4087 8882/9/3273
f 8885/8/4799 8886/4/4799 8887/2/4800
f 8888/6/4800 8887/2/4800 8886/4/4799
f 8889/8/4801 8890/9/4801 8891/2/4802
f 8892/26/4803 8891/2/4802 8890/9/4801
f 8893/8/4804 8894/4/4805 8895/2/4806
f 8896/6/4806 8895/2/4806 8894/4/4805
f 8897/8/4807 8898/9/4807 8899/2/4808
f 8900/26/4808 8899/2/4808 8898/9/4807
f 8901/8/4809 8902/4/4809 8903/2/4810
f 8904/6/4810 8903/2/4810 8902/4/4809
f 8905/8/4811 8906/9/4812 8907/2/4813
f 8908/26/4813 8907/2/4813 8906/9/4812
f 8909/8/4814 8910/4/4814 8911/2/4815
f 8912/6/4815 8911/2/4815 8910/4/4814
f 8913/8/4816 8914/9/4817 8915/2/4818
f 8916/26/4818 8915/2/4818 8914/9/4817
f 8917/8/4819 8918/4/4819 8919/2/4819
f 8920/6/4819 8919/2/4819 8918/4/4819
f 8921/8/4820 8922/9/4820 8923/2/4820
f 8924/26/4820 8923/2/4820 8922/9/4820
f 8925/8/4820 8926/4/4820 8927/2/4821
f 8928/6/4822 8927/2/4821 8926/4/4820
f 8929/8/4819 8930/9/4819 8931/2/4823
f 8932/26/4823 8931/2/4823 8930/9/4819
f 8933/4/4824 8934/1/4825 8935/15/4826
f 8936/16/4827 8935/15/4826 8934/1/4825
f 8935/15/4826 8936/16/4827 8937/17/4828
f 8938/2/4829 8937/17/4828 8936/16/4827
f 8936/18/4830 8934/8/4831 8939/19/4832
f 8940/20/4833 8939/19/4832 8934/8/4831
f 8938/2/4834 8936/18/4834 8941/1/4834
f 8939/19/4832 8941/1/4830 8936/18/4830
f 8937/21/4835 8938/22/4836 8942/3/4837
f 8941/2/4838 8942/3/4837 8938/22/4838
f 8935/19/4839 8937/22/4840 8943/18/4839
f 8942/2/4841 8943/18/4839 8937/22/4840
f 8933/4/4842 8935/19/4839 8944/23/4842
f 8943/18/4839 8944/23/4839 8935/19/4839
f 8934/24/4843 8933/8/4843 8940/25/4843
f 8944/20/4844 8940/25/4844 8933/8/4844
f 8945/27/4845 8946/28/4846 8947/29/4847
f 8947/29/4847 8948/30/4848 8945/27/4845
f 8949/5/4849 8950/6/4849 8951/7/4849
f 8952/8/4850 8953/9/4850 8950/6/4851
f 8950/6/4851 8949/5/4851 8952/8/4850
f 8953/9/4852 8954/10/4852 8951/7/4853
f 8951/7/4853 8950/6/4853 8953/9/4852
f 8954/10/4854 8952/8/4854 8949/5/4855
f 8949/5/4855 8951/7/4855 8954/10/4854
f 8955/4/4856 8956/1/4856 8957/3/4857
f 8958/2/4857 8957/3/4857 8956/1/4856
f 8959/2/4858 8960/1/4859 8961/3/4858
f 8962/4/4859 8961/3/4858 8960/1/4859
f 8958/11/4860 8956/12/4861 8959/13/4860
f 8960/14/4861 8959/13/4860 8956/12/4861
f 8957/3/4862 8958/2/4863 8961/3/4864
f 8959/2/4865 8961/3/4864 8958/2/4863
f 8955/12/4866 8957/11/4867 8962/14/4866
f 8961/13/4867 8962/14/4866 8957/11/4867
f 8956/1/4868 8955/4/4868 8960/1/4868
f 8962/4/4868 8960/1/4868 8955/4/4868
f 8963/5/4869 8964/6/4869 8965/7/4869
f 8966/8/4870 8967/9/4870 8964/6/4870
f 8964/6/4870 8963/5/4870 8966/8/4870
f 8967/9/4871 8968/10/4871 8965/7/4871
f 8965/7/4871 8964/6/4871 8967/9/4871
f 8968/10/4872 8966/8/4872 8963/5/4873
f 8963/5/4873 8965/7/4873 8968/10/4872
f 8969/4/4874 8970/1/4874 8971/3/4874
f 8972/2/4874 8971/3/4874 8970/1/4874
f 8973/2/4869 8974/1/4875 8975/3/4869
f 8976/4/4875 8975/3/4869 8974/1/4875
f 8972/11/4876 8970/12/4876 8973/13/4876
f 8974/14/4876 8973/13/4876 8970/12/4876
f 8971/3/4877 8972/2/4878 8975/3/4878
f 8973/2/4878 8975/3/4878 8972/2/4878
f 8969/12/4879 8971/11/4879 8976/14/4879
f 8975/13/4879 8976/14/4879 8971/11/4879
f 8970/1/4880 8969/4/4880 8974/1/4880
f 8976/4/4880 8974/1/4880 8969/4/4880
f 8977/8/4881 8978/4/4881 8979/2/4163
f 8980/6/4162 8979/2/4163 8978/4/4881
f 8981/8/4664 8982/9/4664 8983/2/4181
f 8984/26/4181 8983/2/4181 8982/9/4664
f 8985/8/4151 8986/4/4151 8987/2/4882
f 8988/6/4882 8987/2/4882 8986/4/4151
f 8989/8/4582 8990/9/4582 8991/2/4671
f 8992/26/4671 8991/2/4671 8990/9/4582
f 8993/8/4163 8994/4/4163 8995/2/4163
f 8996/6/4163 8995/2/4163 8994/4/4163
f 8997/8/4883 8998/9/4883 8999/2/4165
f 9000/26/4165 8999/2/4165 8998/9/4883
f 9001/8/4151 9002/4/4151 9003/2/4656
f 9004/6/4656 9003/2/4656 9002/4/4151
f 9005/8/3286 9006/9/3286 9007/2/4660
f 9008/26/4185 9007/2/4660 9006/9/3286
f 9009/8/4884 9010/4/4884 9011/2/4885
f 9012/6/4886 9011/2/4885 9010/4/4884
f 9013/8/4887 9014/9/4888 9015/2/4889
f 9016/26/4889 9015/2/4889 9014/9/4888
f 9017/8/4145 9018/4/4145 9019/2/4449
f 9020/6/4449 9019/2/4449 9018/4/4145
f 9021/8/4654 9022/9/4654 9023/2/4180
f 9024/26/4180 9023/2/4180 9022/9/4654
f 9025/8/4172 9026/4/4890 9027/2/4152
f 9028/6/4891 9027/2/4152 9026/4/4890
f 9029/8/4170 9030/9/4170 9031/2/4654
f 9032/26/4165 9031/2/4654 9030/9/4170
f 9033/8/4146 9034/4/4146 9035/2/4892
f 9036/6/4151 9035/2/4892 9034/4/4146
f 9037/8/4654 9038/9/4654 9039/2/4165
f 9040/26/4165 9039/2/4165 9038/9/4654
f 9041/8/4893 9042/4/4893 9043/2/4894
f 9044/6/4895 9043/2/4894 9042/4/4893
f 9045/8/4896 9046/9/4896 9047/2/4897
f 9048/26/4898 9047/2/4897 9046/9/4896
f 9049/8/4899 9050/4/4899 9051/2/4900
f 9052/6/4900 9051/2/4900 9050/4/4899
f 9053/8/4901 9054/9/4901 9055/2/4902
f 9056/26/4902 9055/2/4902 9054/9/4901
f 9057/8/4903 9058/4/4903 9059/2/3349
f 9060/6/3349 9059/2/3349 9058/4/4903
f 9061/8/1058 9062/9/1058 9063/2/4904
f 9064/26/4904 9063/2/4904 9062/9/1058
f 9065/8/4905 9066/4/4906 9067/2/4906
f 9068/6/4906 9067/2/4906 9066/4/4906
f 9069/8/4907 9070/9/4907 9071/2/4908
f 9072/26/4908 9071/2/4908 9070/9/4907
f 9073/8/1556 9074/4/1556 9075/2/4909
f 9076/6/4909 9075/2/4909 9074/4/1556
f 9077/8/4910 9078/9/4910 9079/2/4911
f 9080/26/4912 9079/2/4911 9078/9/4910
f 9081/8/4913 9082/4/4913 9083/2/4914
f 9084/6/4914 9083/2/4914 9082/4/4913
f 9085/8/4915 9086/9/4916 9087/2/4917
f 9088/26/4918 9087/2/4917 9086/9/4916
f 9089/8/4919 9090/4/4919 9091/2/4920
f 9092/6/4920 9091/2/4920 9090/4/4919
f 9093/8/4921 9094/9/4921 9095/2/4922
f 9096/26/4922 9095/2/4922 9094/9/4921
f 9097/8/4923 9098/4/4924 9099/2/4925
f 9100/6/4925 9099/2/4925 9098/4/4924
f 9101/8/4926 9102/9/4927 9103/2/4928
f 9104/26/4928 9103/2/4928 9102/9/4927
f 9105/8/4929 9106/4/4883 9107/2/4149
f 9108/6/4149 9107/2/4149 9106/4/4883
f 9109/8/4890 9110/9/4930 9111/2/4450
f 9112/26/4450 9111/2/4450 9110/9/4930
f 9113/8/4931 9114/4/4883 9115/2/4581
f 9116/6/4581 9115/2/4581 9114/4/4883
f 9117/8/4147 9118/9/4147 9119/2/4655
f 9120/26/4655 9119/2/4655 9118/9/4147
f 9121/8/4583 9122/4/4583 9123/2/4454
f 9124/6/4454 9123/2/4454 9122/4/4583
f 9125/8/4932 9126/9/4881 9127/2/4145
f 9128/26/4145 9127/2/4145 9126/9/4881
f 9129/8/4153 9130/4/4153 9131/2/4929
f 9132/6/4929 9131/2/4929 9130/4/4153
f 9133/8/4933 9134/9/4933 9135/2/3285
f 9136/26/3285 9135/2/3285 9134/9/4933
f 9137/8/4583 9138/4/4583 9139/2/4165
f 9140/6/4165 9139/2/4165 9138/4/4583
f 9141/8/4652 9142/9/4652 9143/2/4152
f 9144/26/4152 9143/2/4152 9142/9/4652
f 9145/8/4181 9146/4/4181 9147/2/4660
f 9148/6/4660 9147/2/4660 9146/4/4181
f 9149/8/4146 9150/9/4146 9151/2/4932
f 9152/26/4932 9151/2/4932 9150/9/4146
f 9153/8/4174 9154/4/4173 9155/2/4179
f 9156/6/4179 9155/2/4179 9154/4/4173
f 9157/8/4165 9158/9/4658 9159/2/4153
f 9160/26/4153 9159/2/4153 9158/9/4658
f 9161/8/4656 9162/4/4656 9163/2/4881
f 9164/6/4932 9163/2/4881 9162/4/4656
f 9165/8/4654 9166/9/4654 9167/2/4654
f 9168/26/4654 9167/2/4654 9166/9/4654
f 9169/8/4934 9170/4/4934 9171/2/4449
f 9172/6/4449 9171/2/4449 9170/4/4934
f 9173/8/4664 9174/9/4664 9175/2/4664
f 9176/26/4664 9175/2/4664 9174/9/4664
f 9177/8/4664 9178/4/4664 9179/2/4663
f 9180/6/4663 9179/2/4663 9178/4/4664
f 9181/8/4178 9182/9/4178 9183/2/4178
f 9184/26/4178 9183/2/4178 9182/9/4178
f 9185/4/4448 9186/1/4448 9187/15/4467
f 9188/16/4467 9187/15/4467 9186/1/4448
f 9187/15/4467 9188/16/4467 9189/17/4467
f 9190/2/4467 9189/17/4467 9188/16/4467
f 9188/18/4935 9186/8/4935 9191/19/4935
f 9192/20/4935 9191/19/4935 9186/8/4935
f 9190/2/4935 9188/18/4935 9193/1/4935
f 9191/19/4935 9193/1/4935 9188/18/4935
f 9189/21/4936 9190/22/4449 9194/3/4936
f 9193/2/4468 9194/3/4184 9190/22/4163
f 9187/19/4937 9189/22/4937 9195/18/4937
f 9194/2/4937 9195/18/4937 9189/22/4937
f 9185/4/4937 9187/19/4937 9196/23/4937
f 9195/18/4937 9196/23/4937 9187/19/4937
f 9186/24/4938 9185/8/4939 9192/25/4938
f 9196/20/4940 9192/25/4581 9185/8/4941
f 9197/27/4942 9198/28/4943 9199/29/4943
f 9199/29/4943 9200/30/4942 9197/27/4942
f 9201/8/4944 9202/4/4944 9203/2/4945
f 9204/6/4945 9203/2/4945 9202/4/4944
f 9205/8/4946 9206/9/4946 9207/2/4947
f 9208/26/4947 9207/2/4947 9206/9/4946
f 9209/8/4948 9210/4/4948 9211/2/4949
f 9212/6/4949 9211/2/4949 9210/4/4948
f 9213/8/4950 9214/9/4950 9215/2/4950
f 9216/26/4950 9215/2/4950 9214/9/4950
f 9217/8/4951 9218/4/4951 9219/2/4951
f 9220/6/4951 9219/2/4951 9218/4/4951
f 9221/8/4952 9222/9/4952 9223/2/4952
f 9224/26/4952 9223/2/4952 9222/9/4952
f 9225/8/4953 9226/4/4953 9227/2/4953
f 9228/6/4953 9227/2/4953 9226/4/4953
f 9229/8/4954 9230/9/4954 9231/2/4954
f 9232/26/4954 9231/2/4954 9230/9/4954
f 9233/8/4955 9234/4/4955 9235/2/4956
f 9236/6/4956 9235/2/4956 9234/4/4955
f 9237/8/4957 9238/9/4958 9239/2/4959
f 9240/26/4958 9239/2/4959 9238/9/4958
f 9241/8/4960 9242/4/4961 9243/2/4962
f 9244/6/4962 9243/2/4962 9242/4/4961
f 9245/8/4963 9246/9/4963 9247/2/4964
f 9248/26/4964 9247/2/4964 9246/9/4963
f 9249/8/4965 9250/4/4965 9251/2/4966
f 9252/6/4966 9251/2/4966 9250/4/4965
f 9253/8/4967 9254/9/4967 9255/2/4968
f 9256/26/4968 9255/2/4968 9254/9/4967
f 9257/8/2516 9258/4/4969 9259/2/4970
f 9260/6/4970 9259/2/4970 9258/4/4969
f 9261/8/4971 9262/9/4971 9263/2/4972
f 9264/26/4973 9263/2/4972 9262/9/4971
f 9265/8/4974 9266/4/4975 9267/2/4976
f 9268/6/4976 9267/2/4976 9266/4/4975
f 9269/8/4977 9270/9/4977 9271/2/4978
f 9272/26/4978 9271/2/4978 9270/9/4977
f 9273/8/4979 9274/4/4979 9275/2/1588
f 9276/6/4980 9275/2/1588 9274/4/4979
f 9277/8/1584 9278/9/1584 9279/2/4981
f 9280/26/4981 9279/2/4981 9278/9/1584
f 9281/8/4982 9282/4/4983 9283/2/4984
f 9284/6/4984 9283/2/4984 9282/4/4983
f 9285/8/4985 9286/9/4985 9287/2/4986
f 9288/26/4987 9287/2/4986 9286/9/4985
f 9289/8/4988 9290/4/4989 9291/2/1589
f 9292/6/4990 9291/2/1589 9290/4/4989
f 9293/8/4991 9294/9/4991 9295/2/1586
f 9296/26/1586 9295/2/1586 9294/9/4991
f 9297/8/4992 9298/4/4992 9299/2/4993
f 9300/6/4993 9299/2/4993 9298/4/4992
f 9301/8/4994 9302/9/4955 9303/2/4955
f 9304/26/4955 9303/2/4955 9302/9/4955
f 9305/8/4995 9306/4/4995 9307/2/4996
f 9308/6/4996 9307/2/4996 9306/4/4995
f 9309/8/4997 9310/9/4997 9311/2/4998
f 9312/26/4998 9311/2/4998 9310/9/4997
f 9313/8/4991 9314/4/4991 9315/2/4999
f 9316/6/4999 9315/2/4999 9314/4/4991
f 9317/8/4990 9318/9/5000 9319/2/4980
f 9320/26/4980 9319/2/4980 9318/9/5000
f 9321/8/5001 9322/4/5001 9323/2/5002
f 9324/6/5002 9323/2/5002 9322/4/5001
f 9325/8/5003 9326/9/5003 9327/2/1587
f 9328/26/1587 9327/2/1587 9326/9/5003
f 9329/8/4946 9330/4/4946 9331/2/5004
f 9332/6/5004 9331/2/5004 9330/4/4946
f 9333/8/5005 9334/9/5005 9335/2/4945
f 9336/26/4945 9335/2/4945 9334/9/5005
f 9337/8/5006 9338/4/5006 9339/2/5007
f 9340/6/5007 9339/2/5007 9338/4/5006
f 9341/8/5008 9342/9/5008 9343/2/4966
f 9344/26/5009 9343/2/4966 9342/9/5008
f 9345/8/5010 9346/4/5010 9347/2/5011
f 9348/6/5011 9347/2/5011 9346/4/5010
f 9349/8/5012 9350/9/5012 9351/2/4961
f 9352/26/4961 9351/2/4961 9350/9/5012
f 9353/8/4748 9354/4/4748 9355/2/5013
f 9356/6/5013 9355/2/5013 9354/4/4748
f 9357/8/5014 9358/9/5014 9359/2/5014
f 9360/26/5014 9359/2/5014 9358/9/5014
f 9361/8/5015 9362/4/5015 9363/2/5016
f 9364/6/5016 9363/2/5016 9362/4/5015
f 9365/8/5017 9366/9/5017 9367/2/5017
f 9368/26/5017 9367/2/5017 9366/9/5017
f 9369/8/5018 9370/4/5018 9371/2/5019
f 9372/6/5019 9371/2/5019 9370/4/5018
f 9373/8/5020 9374/9/5020 9375/2/4949
f 9376/26/4949 9375/2/4949 9374/9/5020
f 9377/8/5021 9378/4/5021 9379/2/5021
f 9380/6/5021 9379/2/5021 9378/4/5021
f 9381/8/5022 9382/9/5022 9383/2/5022
f 9384/26/5022 9383/2/5022 9382/9/5022
f 9385/8/5023 9386/4/5023 9387/2/5023
f 9388/6/5024 9387/2/5023 9386/4/5023
f 9389/8/5025 9390/9/5025 9391/2/5026
f 9392/26/5026 9391/2/5026 9390/9/5025
f 9393/8/5027 9394/4/5027 9395/2/4970
f 9396/6/5027 9395/2/4970 9394/4/5027
f 9397/8/2513 9398/9/5028 9399/2/4971
f 9400/26/4971 9399/2/4971 9398/9/5028
f 9401/8/5029 9402/4/5029 9403/2/5030
f 9404/6/5030 9403/2/5030 9402/4/5029
f 9405/8/5031 9406/9/5032 9407/2/5033
f 9408/26/5034 9407/2/5033 9406/9/5032
f 9409/8/5034 9410/4/5034 9411/2/5035
f 9412/6/5035 9411/2/5035 9410/4/5034
f 9413/8/5029 9414/9/5029 9415/2/5030
f 9416/26/5030 9415/2/5030 9414/9/5029
f 9417/4/5036 9418/1/5037 9419/15/5036
f 9420/16/5037 9419/15/5036 9418/1/5037
f 9419/15/5036 9420/16/5037 9421/17/5036
f 9422/2/5037 9421/17/5036 9420/16/5037
f 9420/18/5038 9418/8/5039 9423/19/5038
f 9424/20/5039 9423/19/5038 9418/8/5039
f 9422/2/5040 9420/18/5039 9425/1/5040
f 9423/19/5038 9425/1/5041 9420/18/5038
f 9421/21/5042 9422/22/5042 9426/3/5042
f 9425/2/5042 9426/3/5042 9422/22/5042
f 9419/19/5043 9421/22/5044 9427/18/5045
f 9426/2/5044 9427/18/5045 9421/22/5044
f 9417/4/5046 9419/19/5046 9428/23/5046
f 9427/18/5045 9428/23/5047 9419/19/5043
f 9418/24/5048 9417/8/5049 9424/25/5048
f 9428/20/5050 9424/25/5050 9417/8/5050
f 9429/27/5051 9430/28/5052 9431/29/5052
f 9431/29/5052 9432/30/5051 9429/27/5051
f 9433/5/1 9434/6/1 9435/7/1
f 9436/8/5053 9437/9/5053 9434/6/5053
f 9434/6/5053 9433/5/5053 9436/8/5053
f 9437/9/5054 9438/10/5054 9435/7/5055
f 9435/7/5055 9434/6/5055 9437/9/5054
f 9438/10/5056 9436/8/5056 9433/5/5057
f 9433/5/5057 9435/7/5057 9438/10/5056
f 9439/4/66 9440/1/66 9441/3/66
f 9442/2/66 9441/3/66 9440/1/66
f 9443/2/1 9444/1/1 9445/3/1
f 9446/4/1 9445/3/1 9444/1/1
f 9442/11/5058 9440/12/5058 9443/13/5058
f 9444/14/5058 9443/13/5058 9440/12/5058
f 9441/3/5059 9442/2/5060 9445/3/5061
f 9443/2/5062 9445/3/5061 9442/2/5060
f 9439/12/5063 9441/11/5064 9446/14/5063
f 9445/13/5064 9446/14/5063 9441/11/5064
f 9440/1/5065 9439/4/5066 9444/1/5067
f 9446/4/5068 9444/1/5067 9439/4/5066
f 9447/5/1 9448/6/1 9449/7/1
f 9450/8/5069 9451/9/5070 9448/6/5071
f 9448/6/5071 9447/5/5072 9450/8/5069
f 9451/9/5073 9452/10/5073 9449/7/5074
f 9449/7/5074 9448/6/5074 9451/9/5073
f 9452/10/5075 9450/8/5075 9447/5/5076
f 9447/5/5076 9449/7/5076 9452/10/5075
f 9453/4/66 9454/1/66 9455/3/66
f 9456/2/66 9455/3/66 9454/1/66
f 9457/2/1 9458/1/1 9459/3/1
f 9460/4/1 9459/3/1 9458/1/1
f 9456/11/5077 9454/12/5077 9457/13/5077
f 9458/14/5077 9457/13/5077 9454/12/5077
f 9455/3/5078 9456/2/5079 9459/3/5079
f 9457/2/5080 9459/3/5079 9456/2/5079
f 9453/12/5081 9455/11/5081 9460/14/5081
f 9459/13/5081 9460/14/5081 9455/11/5081
f 9454/1/5082 9453/4/5082 9458/1/5082
f 9460/4/5082 9458/1/5082 9453/4/5082
f 9461/5/1 9462/6/1 9463/7/1
f 9464/8/5083 9465/9/5083 9462/6/5084
f 9462/6/5084 9461/5/5084 9464/8/5083
f 9465/9/5085 9466/10/5085 9463/7/5086
f 9463/7/5086 9462/6/5086 9465/9/5085
f 9466/10/5087 9464/8/5087 9461/5/5088
f 9461/5/5088 9463/7/5088 9466/10/5087
f 9467/4/66 9468/1/66 9469/3/66
f 9470/2/66 9469/3/66 9468/1/66
f 9471/2/1 9472/1/1 9473/3/1
f 9474/4/1 9473/3/1 9472/1/1
f 9470/11/5089 9468/12/5089 9471/13/5089
f 9472/14/5089 9471/13/5089 9468/12/5089
f 9469/3/5090 9470/2/5091 9473/3/5091
f 9471/2/5092 9473/3/5091 9470/2/5091
f 9467/12/5093 9469/11/5093 9474/14/5093
f 9473/13/5093 9474/14/5093 9469/11/5093
f 9468/1/5094 9467/4/5094 9472/1/5094
f 9474/4/5095 9472/1/5094 9467/4/5094
f 9475/8/4163 9476/4/4163 9477/2/4167
f 9478/6/4892 9477/2/4167 9476/4/4163
f 9479/8/4181 9480/9/4182 9481/2/4929
f 9482/26/4929 9481/2/4929 9480/9/4182
f 9483/8/4655 9484/4/4655 9485/2/4150
f 9486/6/4150 9485/2/4150 9484/4/4655
f 9487/8/4653 9488/9/4653 9489/2/4658
f 9490/26/4658 9489/2/4658 9488/9/4653
f 9491/8/5096 9492/4/5096 9493/2/5097
f 9494/6/5097 9493/2/5097 9492/4/5096
f 9495/8/5098 9496/9/5098 9497/2/5099
f 9498/26/5099 9497/2/5099 9496/9/5098
f 9499/8/5100 9500/4/5100 9501/2/5101
f 9502/6/5101 9501/2/5101 9500/4/5100
f 9503/8/5102 9504/9/5103 9505/2/5104
f 9506/26/5105 9505/2/5104 9504/9/5103
f 9507/8/4146 9508/4/4655 9509/2/4656
f 9510/6/4656 9509/2/4656 9508/4/4655
f 9511/8/4931 9512/9/4929 9513/2/4653
f 9514/26/4653 9513/2/4653 9512/9/4929
f 9515/8/4468 9516/4/4468 9517/2/4163
f 9518/6/4163 9517/2/4163 9516/4/4468
f 9519/8/4657 9520/9/4657 9521/2/4582
f 9522/26/4582 9521/2/4582 9520/9/4657
f 9523/8/4145 9524/4/4162 9525/2/4881
f 9526/6/4881 9525/2/4881 9524/4/4162
f 9527/8/4582 9528/9/4582 9529/2/5106
f 9530/26/5106 9529/2/5106 9528/9/4582
f 9531/8/4179 9532/4/4179 9533/2/4468
f 9534/6/4468 9533/2/4468 9532/4/4179
f 9535/8/4657 9536/9/4657 9537/2/4658
f 9538/26/4165 9537/2/4658 9536/9/4657
f 9539/8/5107 9540/4/5107 9541/2/5108
f 9542/6/5108 9541/2/5108 9540/4/5107
f 9543/8/5109 9544/9/5109 9545/2/5110
f 9546/26/5111 9545/2/5110 9544/9/5109
f 9547/8/131 9548/4/131 9549/2/5112
f 9550/6/5113 9549/2/5112 9548/4/131
f 9551/8/4194 9552/9/4194 9553/2/5114
f 9554/26/5115 9553/2/5114 9552/9/4194
f 9555/8/4162 9556/4/4163 9557/2/5116
f 9558/6/4146 9557/2/5116 9556/4/4163
f 9559/8/4654 9560/9/4654 9561/2/4664
f 9562/26/4663 9561/2/4664 9560/9/4654
f 9563/8/4468 9564/4/4468 9565/2/4659
f 9566/6/4659 9565/2/4659 9564/4/4468
f 9567/8/4165 9568/9/4165 9569/2/4583
f 9570/26/4583 9569/2/4583 9568/9/4165
f 9571/8/4653 9572/4/4653 9573/2/4182
f 9574/6/4182 9573/2/4182 9572/4/4653
f 9575/8/4449 9576/9/4449 9577/2/4173
f 9578/26/4174 9577/2/4173 9576/9/4449
f 9579/8/4653 9580/4/5117 9581/2/4153
f 9582/6/4153 9581/2/4153 9580/4/5117
f 9583/8/4163 9584/9/4163 9585/2/4932
f 9586/26/5118 9585/2/4932 9584/9/4163
f 9587/8/139 9588/4/139 9589/2/376
f 9590/6/376 9589/2/376 9588/4/139
f 9591/8/5119 9592/9/5119 9593/2/5120
f 9594/26/5120 9593/2/5120 9592/9/5119
f 9595/8/3286 9596/4/3286 9597/2/4663
f 9598/6/4663 9597/2/4663 9596/4/3286
f 9599/8/4659 9600/9/4659 9601/2/4468
f 9602/26/4468 9601/2/4468 9600/9/4659
f 9603/8/4181 9604/4/4181 9605/2/4653
f 9606/6/4653 9605/2/4653 9604/4/4181
f 9607/8/4178 9608/9/4178 9609/2/4167
f 9610/26/4167 9609/2/4167 9608/9/4178
f 9611/8/4660 9612/4/4660 9613/2/4165
f 9614/6/4658 9613/2/4165 9612/4/4660
f 9615/8/4163 9616/9/4163 9617/2/4145
f 9618/26/4145 9617/2/4145 9616/9/4163
f 9619/8/4583 9620/4/4583 9621/2/4165
f 9622/6/4654 9621/2/4165 9620/4/4583
f 9623/8/4468 9624/9/4468 9625/2/4145
f 9626/26/4145 9625/2/4145 9624/9/4468
f 9627/8/4149 9628/4/4149 9629/2/4180
f 9630/6/4180 9629/2/4180 9628/4/4149
f 9631/8/4468 9632/9/4468 9633/2/4146
f 9634/26/4146 9633/2/4146 9632/9/4468
f 9635/8/5121 9636/4/5121 9637/2/5121
f 9638/6/5121 9637/2/5121 9636/4/5121
f 9639/8/5122 9640/9/5122 9641/2/4894
f 9642/26/4894 9641/2/4894 9640/9/5122
f 9643/8/5123 9644/4/5123 9645/2/5124
f 9646/6/5124 9645/2/5124 9644/4/5123
f 9647/8/4236 9648/9/4236 9649/2/2595
f 9650/26/2595 9649/2/2595 9648/9/4236
f 9651/8/4583 9652/4/4583 9653/2/4654
f 9654/6/4660 9653/2/4654 9652/4/4583
f 9655/8/4933 9656/9/4174 9657/2/4655
f 9658/26/4655 9657/2/4655 9656/9/4174
f 9659/8/5125 9660/4/5125 9661/2/5126
f 9662/6/5126 9661/2/5126 9660/4/5125
f 9663/8/5127 9664/9/5127 9665/2/5100
f 9666/26/5100 9665/2/5100 9664/9/5127
f 9667/8/4179 9668/4/4179 9669/2/4173
f 9670/6/4174 9669/2/4173 9668/4/4179
f 9671/8/4454 9672/9/4454 9673/2/4658
f 9674/26/4165 9673/2/4658 9672/9/4454
f 9675/8/4449 9676/4/4449 9677/2/4150
f 9678/6/4150 9677/2/4150 9676/4/4449
f 9679/8/4653 9680/9/4653 9681/2/4663
f 9682/26/4663 9681/2/4663 9680/9/4653
f 9683/8/4663 9684/4/4663 9685/2/4663
f 9686/6/4663 9685/2/4663 9684/4/4663
f 9687/8/4449 9688/9/4449 9689/2/4178
f 9690/26/4178 9689/2/4178 9688/9/4449
f 9691/4/4593 9692/1/4452 9693/15/4452
f 9694/16/4452 9693/15/4452 9692/1/4452
f 9693/15/4452 9694/16/4452 9695/17/4593
f 9696/2/4593 9695/17/4593 9694/16/4452
f 9694/18/5128 9692/8/5128 9697/19/5128
f 9698/20/5128 9697/19/5128 9692/8/5128
f 9696/2/5129 9694/18/5129 9699/1/5129
f 9697/19/5128 9699/1/5128 9694/18/5128
f 9695/21/4940 9696/22/5130 9700/3/4940
f 9699/2/5131 9700/3/4941 9696/22/5132
f 9693/19/5133 9695/22/5133 9701/18/5133
f 9700/2/5133 9701/18/5133 9695/22/5133
f 9691/4/5133 9693/19/5133 9702/23/5133
f 9701/18/5133 9702/23/5133 9693/19/5133
f 9692/24/4178 9691/8/4178 9698/25/4178
f 9702/20/4178 9698/25/4178 9691/8/4178
f 9703/27/5134 9704/28/5135 9705/29/5135
f 9705/29/5135 9706/30/5134 9703/27/5134
f 9707/5/5136 9708/6/5136 9709/7/5136
f 9710/8/5137 9711/9/5137 9708/6/5138
f 9708/6/5138 9707/5/5138 9710/8/5137
f 9711/9/5139 9712/10/5139 9709/7/5140
f 9709/7/5140 9708/6/5140 9711/9/5139
f 9712/10/5141 9710/8/5141 9707/5/5142
f 9707/5/5142 9709/7/5142 9712/10/5141
f 9713/4/5143 9714/1/5143 9715/3/5144
f 9716/2/5144 9715/3/5144 9714/1/5143
f 9717/2/5145 9718/1/5136 9719/3/5145
f 9720/4/5136 9719/3/5145 9718/1/5136
f 9716/11/5146 9714/12/5147 9717/13/5146
f 9718/14/5147 9717/13/5146 9714/12/5147
f 9715/3/5148 9716/2/5149 9719/3/5150
f 9717/2/5151 9719/3/5150 9716/2/5149
f 9713/12/5152 9715/11/5153 9720/14/5152
f 9719/13/5153 9720/14/5152 9715/11/5153
f 9714/1/5154 9713/4/5155 9718/1/5156
f 9720/4/5157 9718/1/5156 9713/4/5155
f 9721/8/5158 9722/4/5159 9723/2/5160
f 9724/6/5160 9723/2/5160 9722/4/5159
f 9725/8/5161 9726/9/5162 9727/2/5163
f 9728/26/5163 9727/2/5163 9726/9/5162
f 9729/8/5164 9730/4/5164 9731/2/5165
f 9732/6/5165 9731/2/5165 9730/4/5164
f 9733/8/5166 9734/9/5166 9735/2/5166
f 9736/26/5166 9735/2/5166 9734/9/5166
f 9737/8/5167 9738/4/5167 9739/2/5168
f 9740/6/5168 9739/2/5168 9738/4/5167
f 9741/8/5169 9742/9/5169 9743/2/5169
f 9744/26/5169 9743/2/5169 9742/9/5169
f 9745/8/5170 9746/4/5170 9747/2/5171
f 9748/6/5171 9747/2/5171 9746/4/5170
f 9749/8/5172 9750/9/5173 9751/2/5174
f 9752/26/658 9751/2/5174 9750/9/5173
f 9753/8/99 9754/4/99 9755/2/5175
f 9756/6/5176 9755/2/5175 9754/4/99
f 9757/8/417 9758/9/417 9759/2/417
f 9760/26/417 9759/2/417 9758/9/417
f 9761/8/99 9762/4/99 9763/2/99
f 9764/6/99 9763/2/99 9762/4/99
f 9765/8/122 9766/9/122 9767/2/5177
f 9768/26/417 9767/2/5177 9766/9/122
f 9769/8/5178 9770/4/5178 9771/2/5178
f 9772/6/5178 9771/2/5178 9770/4/5178
f 9773/8/5179 9774/9/5179 9775/2/5179
f 9776/26/5179 9775/2/5179 9774/9/5179
f 9777/8/99 9778/4/99 9779/2/99
f 9780/6/99 9779/2/99 9778/4/99
f 9781/8/122 9782/9/122 9783/2/122
f 9784/26/122 9783/2/122 9782/9/122
f 9785/8/5180 9786/4/5180 9787/2/5180
f 9788/6/5180 9787/2/5180 9786/4/5180
f 9789/8/5181 9790/9/5181 9791/2/5181
f 9792/26/5181 9791/2/5181 9790/9/5181
f 9793/8/5182 9794/4/5182 9795/2/4752
f 9796/6/4752 9795/2/4752 9794/4/5182
f 9797/8/5183 9798/9/5183 9799/2/5184
f 9800/26/5184 9799/2/5184 9798/9/5183
f 9801/8/5185 9802/4/5185 9803/2/5186
f 9804/6/5186 9803/2/5186 9802/4/5185
f 9805/8/5187 9806/9/5187 9807/2/5188
f 9808/26/5188 9807/2/5188 9806/9/5187
f 9809/8/5189 9810/4/5189 9811/2/5190
f 9812/6/5190 9811/2/5190 9810/4/5189
f 9813/8/5191 9814/9/5191 9815/2/5192
f 9816/26/5193 9815/2/5192 9814/9/5191
f 9817/8/122 9818/4/122 9819/2/5177
f 9820/6/417 9819/2/5177 9818/4/122
f 9821/8/5176 9822/9/5176 9823/2/5176
f 9824/26/5176 9823/2/5176 9822/9/5176
f 9825/8/5188 9826/4/5188 9827/2/5188
f 9828/6/5188 9827/2/5188 9826/4/5188
f 9829/8/5185 9830/9/5185 9831/2/5186
f 9832/26/5186 9831/2/5186 9830/9/5185
f 9833/8/5183 9834/4/5183 9835/2/5194
f 9836/6/4754 9835/2/5194 9834/4/5183
f 9837/8/4775 9838/9/4775 9839/2/5195
f 9840/26/5195 9839/2/5195 9838/9/4775
f 9841/8/5196 9842/4/5196 9843/2/5196
f 9844/6/5196 9843/2/5196 9842/4/5196
f 9845/8/5197 9846/9/5197 9847/2/5197
f 9848/26/5197 9847/2/5197 9846/9/5197
f 9849/8/5163 9850/4/5163 9851/2/5198
f 9852/6/5198 9851/2/5198 9850/4/5163
f 9853/8/5158 9854/9/5158 9855/2/5199
f 9856/26/5199 9855/2/5199 9854/9/5158
f 9857/8/5179 9858/4/5179 9859/2/5179
f 9860/6/5179 9859/2/5179 9858/4/5179
f 9861/8/5200 9862/9/5200 9863/2/5200
f 9864/26/5200 9863/2/5200 9862/9/5200
f 9865/8/122 9866/4/122 9867/2/122
f 9868/6/122 9867/2/122 9866/4/122
f 9869/8/99 9870/9/99 9871/2/99
f 9872/26/99 9871/2/99 9870/9/99
f 9873/8/5201 9874/4/5202 9875/2/5203
f 9876/6/5204 9875/2/5203 9874/4/5202
f 9877/8/5205 9878/9/5205 9879/2/5206
f 9880/26/5207 9879/2/5206 9878/9/5205
f 9881/8/5208 9882/4/5208 9883/2/5208
f 9884/6/5208 9883/2/5208 9882/4/5208
f 9885/8/5209 9886/9/5210 9887/2/5211
f 9888/26/5211 9887/2/5211 9886/9/5210
f 9889/8/5166 9890/4/5166 9891/2/5212
f 9892/6/5212 9891/2/5212 9890/4/5166
f 9893/8/5213 9894/9/5214 9895/2/5164
f 9896/26/5164 9895/2/5164 9894/9/5214
f 9897/8/5215 9898/4/5215 9899/2/5216
f 9900/6/5216 9899/2/5216 9898/4/5215
f 9901/8/5217 9902/9/5217 9903/2/5217
f 9904/26/5217 9903/2/5217 9902/9/5217
f 9905/8/99 9906/4/99 9907/2/99
f 9908/6/99 9907/2/99 9906/4/99
f 9909/8/122 9910/9/122 9911/2/122
f 9912/26/122 9911/2/122 9910/9/122
f 9913/8/99 9914/4/99 9915/2/99
f 9916/6/99 9915/2/99 9914/4/99
f 9917/8/417 9918/9/417 9919/2/417
f 9920/26/417 9919/2/417 9918/9/417
f 9921/8/99 9922/4/99 9923/2/99
f 9924/6/99 9923/2/99 9922/4/99
f 9925/8/122 9926/9/122 9927/2/122
f 9928/26/122 9927/2/122 9926/9/122
f 9929/8/122 9930/4/122 9931/2/122
f 9932/6/122 9931/2/122 9930/4/122
f 9933/8/99 9934/9/99 9935/2/99
f 9936/26/99 9935/2/99 9934/9/99
f 9937/4/102 9938/1/102 9939/15/102
f 9940/16/102 9939/15/102 9938/1/102
f 9939/15/102 9940/16/102 9941/17/102
f 9942/2/102 9941/17/102 9940/16/102
f 9940/18/5218 9938/8/5218 9943/19/5218
f 9944/20/5218 9943/19/5218 9938/8/5218
f 9942/2/5219 9940/18/5219 9945/1/5219
f 9943/19/5218 9945/1/5218 9940/18/5218
f 9941/21/682 9942/22/682 9946/3/682
f 9945/2/682 9946/3/682 9942/22/682
f 9939/19/5220 9941/22/5220 9947/18/5220
f 9946/2/5220 9947/18/5220 9941/22/5220
f 9937/4/5221 9939/19/5221 9948/23/5221
f 9947/18/5220 9948/23/5220 9939/19/5220
f 9938/24/122 9937/8/122 9944/25/122
f 9948/20/122 9944/25/122 9937/8/122
f 9949/27/5221 9950/28/5221 9951/29/5221
f 9951/29/5221 9952/30/5221 9949/27/5221
f 9953/5/5222 9954/6/5222 9955/7/5222
f 9956/8/5223 9957/9/5223 9954/6/5223
f 9954/6/5223 9953/5/5223 9956/8/5223
f 9957/9/5224 9958/10/5224 9955/7/5225
f 9955/7/5225 9954/6/5225 9957/9/5224
f 9958/10/5226 9956/8/5226 9953/5/5227
f 9953/5/5227 9955/7/5227 9958/10/5226
f 9959/4/5228 9960/1/5228 9961/3/5228
f 9962/2/5228 9961/3/5228 9960/1/5228
f 9963/2/5222 9964/1/5222 9965/3/5222
f 9966/4/5222 9965/3/5222 9964/1/5222
f 9962/11/5229 9960/12/5229 9963/13/5229
f 9964/14/5229 9963/13/5229 9960/12/5229
f 9961/3/5230 9962/2/5231 9965/3/5232
f 9963/2/5233 9965/3/5232 9962/2/5231
f 9959/12/5234 9961/11/5235 9966/14/5234
f 9965/13/5235 9966/14/5234 9961/11/5235
f 9960/1/5236 9959/4/5237 9964/1/5237
f 9966/4/5237 9964/1/5237 9959/4/5237
f 9967/5/5238 9968/6/5238 9969/7/5238
f 9970/8/5239 9971/9/5239 9968/6/5240
f 9968/6/5240 9967/5/5240 9970/8/5239
f 9971/9/5241 9972/10/5241 9969/7/5242
f 9969/7/5242 9968/6/5242 9971/9/5241
f 9972/10/5243 9970/8/5243 9967/5/5243
f 9967/5/5243 9969/7/5243 9972/10/5243
f 9973/4/5244 9974/1/5244 9975/3/5244
f 9976/2/5244 9975/3/5244 9974/1/5244
f 9977/2/5238 9978/1/5238 9979/3/5238
f 9980/4/5238 9979/3/5238 9978/1/5238
f 9976/11/5245 9974/12/5245 9977/13/5245
f 9978/14/5245 9977/13/5245 9974/12/5245
f 9975/3/5246 9976/2/5247 9979/3/5248
f 9977/2/5249 9979/3/5248 9976/2/5247
f 9973/12/5250 9975/11/5250 9980/14/5250
f 9979/13/5250 9980/14/5250 9975/11/5250
f 9974/1/5251 9973/4/5252 9978/1/5253
f 9980/4/5254 9978/1/5253 9973/4/5252
f 9981/5/5255 9982/6/5255 9983/7/5255
f 9984/8/5256 9985/9/5256 9982/6/5257
f 9982/6/5257 9981/5/5257 9984/8/5256
f 9985/9/5258 9986/10/5258 9983/7/5259
f 9983/7/5259 9982/6/5259 9985/9/5258
f 9986/10/5260 9984/8/5260 9981/5/5260
f 9981/5/5260 9983/7/5260 9986/10/5260
f 9987/4/5261 9988/1/5261 9989/3/5262
f 9990/2/5262 9989/3/5262 9988/1/5261
f 9991/2/5263 9992/1/5263 9993/3/5263
f 9994/4/5263 9993/3/5263 9992/1/5263
f 9990/11/5264 9988/12/5264 9991/13/5264
f 9992/14/5264 9991/13/5264 9988/12/5264
f 9989/3/5265 9990/2/5265 9993/3/5265
f 9991/2/5265 9993/3/5265 9990/2/5265
f 9987/12/5266 9989/11/5266 9994/14/5266
f 9993/13/5266 9994/14/5266 9989/11/5266
f 9988/1/5267 9987/4/5267 9992/1/5268
f 9994/4/5268 9992/1/5268 9987/4/5267
f 9995/8/5269 9996/4/5269 9997/2/5270
f 9998/6/5270 9997/2/5270 9996/4/5269
f 9999/8/5271 10000/9/5271 10001/2/5271
f 10002/26/5271 10001/2/5271 10000/9/5271
f 10003/8/5272 10004/4/5272 10005/2/5273
f 10006/6/5274 10005/2/5273 10004/4/5272
f 10007/8/5275 10008/9/5275 10009/2/5276
f 10010/26/5276 10009/2/5276 10008/9/5275
f 10011/8/5277 10012/4/5277 10013/2/5278
f 10014/6/5278 10013/2/5278 10012/4/5277
f 10015/8/1378 10016/9/1379 10017/2/5279
f 10018/26/5279 10017/2/5279 10016/9/1379
f 10019/8/5280 10020/4/5280 10021/2/5281
f 10022/6/5281 10021/2/5281 10020/4/5280
f 10023/8/5282 10024/9/5282 10025/2/5283
f 10026/26/5283 10025/2/5283 10024/9/5282
f 10027/8/5284 10028/4/5284 10029/2/5285
f 10030/6/5285 10029/2/5285 10028/4/5284
f 10031/8/5286 10032/9/5287 10033/2/5288
f 10034/26/5288 10033/2/5288 10032/9/5287
f 10035/8/5289 10036/4/5289 10037/2/5290
f 10038/6/5290 10037/2/5290 10036/4/5289
f 10039/8/5291 10040/9/5291 10041/2/5292
f 10042/26/5293 10041/2/5292 10040/9/5291
f 10043/8/5294 10044/4/5294 10045/2/5295
f 10046/6/5295 10045/2/5295 10044/4/5294
f 10047/8/5296 10048/9/5296 10049/2/5297
f 10050/26/5297 10049/2/5297 10048/9/5296
f 10051/8/5298 10052/4/5298 10053/2/5298
f 10054/6/5298 10053/2/5298 10052/4/5298
f 10055/8/5299 10056/9/5300 10057/2/5301
f 10058/26/5301 10057/2/5301 10056/9/5300
f 10059/8/3622 10060/4/3622 10061/2/3622
f 10062/6/3622 10061/2/3622 10060/4/3622
f 10063/8/5302 10064/9/5302 10065/2/5303
f 10066/26/5303 10065/2/5303 10064/9/5302
f 10067/8/5304 10068/4/5304 10069/2/5305
f 10070/6/5305 10069/2/5305 10068/4/5304
f 10071/8/5306 10072/9/5306 10073/2/3623
f 10074/26/3628 10073/2/3623 10072/9/5306
f 10075/8/3622 10076/4/3622 10077/2/3622
f 10078/6/3622 10077/2/3622 10076/4/3622
f 10079/8/5307 10080/9/5307 10081/2/5307
f 10082/26/5307 10081/2/5307 10080/9/5307
f 10083/8/5304 10084/4/5304 10085/2/5308
f 10086/6/5308 10085/2/5308 10084/4/5304
f 10087/8/5309 10088/9/5309 10089/2/5307
f 10090/26/5307 10089/2/5307 10088/9/5309
f 10091/8/5310 10092/4/5310 10093/2/5287
f 10094/6/5287 10093/2/5287 10092/4/5310
f 10095/8/5311 10096/9/5311 10097/2/5312
f 10098/26/5312 10097/2/5312 10096/9/5311
f 10099/8/3629 10100/4/3629 10101/2/5313
f 10102/6/5313 10101/2/5313 10100/4/3629
f 10103/8/3626 10104/9/3626 10105/2/5314
f 10106/26/5314 10105/2/5314 10104/9/3626
f 10107/8/5302 10108/4/5302 10109/2/5315
f 10110/6/3629 10109/2/5315 10108/4/5302
f 10111/8/5316 10112/9/5316 10113/2/5317
f 10114/26/5317 10113/2/5317 10112/9/5316
f 10115/8/5318 10116/4/5318 10117/2/5319
f 10118/6/5303 10117/2/5319 10116/4/5318
f 10119/8/3625 10120/9/3625 10121/2/5317
f 10122/26/5317 10121/2/5317 10120/9/3625
f 10123/8/5320 10124/4/5320 10125/2/5321
f 10126/6/5321 10125/2/5321 10124/4/5320
f 10127/8/5322 10128/9/5322 10129/2/5323
f 10130/26/5323 10129/2/5323 10128/9/5322
f 10131/8/5324 10132/4/5324 10133/2/5325
f 10134/6/5326 10133/2/5325 10132/4/5324
f 10135/8/5327 10136/9/5327 10137/2/5328
f 10138/26/5328 10137/2/5328 10136/9/5327
f 10139/8/5329 10140/4/5329 10141/2/5330
f 10142/6/5330 10141/2/5330 10140/4/5329
f 10143/8/5331 10144/9/5331 10145/2/5332
f 10146/26/5332 10145/2/5332 10144/9/5331
f 10147/8/5333 10148/4/5333 10149/2/5334
f 10150/6/5334 10149/2/5334 10148/4/5333
f 10151/8/5335 10152/9/5335 10153/2/5336
f 10154/26/5336 10153/2/5336 10152/9/5335
f 10155/8/5181 10156/4/5181 10157/2/5337
f 10158/6/5338 10157/2/5337 10156/4/5181
f 10159/8/5339 10160/9/5339 10161/2/5340
f 10162/26/5340 10161/2/5340 10160/9/5339
f 10163/8/5341 10164/4/5341 10165/2/5342
f 10166/6/5342 10165/2/5342 10164/4/5341
f 10167/8/5278 10168/9/5278 10169/2/5343
f 10170/26/5343 10169/2/5343 10168/9/5278
f 10171/8/5344 10172/4/5344 10173/2/5345
f 10174/6/5345 10173/2/5345 10172/4/5344
f 10175/8/5346 10176/9/5346 10177/2/5347
f 10178/26/5347 10177/2/5347 10176/9/5346
f 10179/8/5348 10180/4/5348 10181/2/5349
f 10182/6/5349 10181/2/5349 10180/4/5348
f 10183/8/5350 10184/9/5350 10185/2/5351
f 10186/26/5352 10185/2/5351 10184/9/5350
f 10187/8/5353 10188/4/5353 10189/2/5354
f 10190/6/5354 10189/2/5354 10188/4/5353
f 10191/8/5355 10192/9/5355 10193/2/5356
f 10194/26/5356 10193/2/5356 10192/9/5355
f 10195/8/5357 10196/4/5357 10197/2/5357
f 10198/6/5357 10197/2/5357 10196/4/5357
f 10199/8/5358 10200/9/5358 10201/2/5359
f 10202/26/5359 10201/2/5359 10200/9/5358
f 10203/8/5358 10204/4/5358 10205/2/5358
f 10206/6/5358 10205/2/5358 10204/4/5358
f 10207/8/5357 10208/9/5357 10209/2/5360
f 10210/26/5360 10209/2/5360 10208/9/5357
f 10211/4/5361 10212/1/5361 10213/15/5362
f 10214/16/5362 10213/15/5362 10212/1/5361
f 10213/15/5362 10214/16/5362 10215/17/5363
f 10216/2/5363 10215/17/5363 10214/16/5362
f 10214/18/5364 10212/8/5365 10217/19/5364
f 10218/20/5365 10217/19/5364 10212/8/5365
f 10216/2/5366 10214/18/5366 10219/1/5366
f 10217/19/5364 10219/1/5364 10214/18/5364
f 10215/21/5367 10216/22/5368 10220/3/5367
f 10219/2/5369 10220/3/5370 10216/22/5369
f 10213/19/5371 10215/22/5372 10221/18/5371
f 10220/2/5372 10221/18/5371 10215/22/5372
f 10211/4/5371 10213/19/5371 10222/23/5371
f 10221/18/5371 10222/23/5371 10213/19/5371
f 10212/24/5373 10211/8/5373 10218/25/5373
f 10222/20/5373 10218/25/5373 10211/8/5373
f 10223/8/101 10224/4/101 10225/2/378
f 10226/6/378 10225/2/378 10224/4/101
f 10227/8/1187 10228/9/1187 10229/2/1187
f 10230/26/1187 10229/2/1187 10228/9/1187
f 10231/8/378 10232/4/378 10233/2/378
f 10234/6/378 10233/2/378 10232/4/378
f 10235/8/845 10236/9/845 10237/2/845
f 10238/26/845 10237/2/845 10236/9/845
f 10239/8/377 10240/4/377 10241/2/377
f 10242/6/377 10241/2/377 10240/4/377
f 10243/8/845 10244/9/845 10245/2/845
f 10246/26/845 10245/2/845 10244/9/845
f 10247/8/378 10248/4/378 10249/2/378
f 10250/6/378 10249/2/378 10248/4/378
f 10251/8/5374 10252/9/5374 10253/2/5374
f 10254/26/5374 10253/2/5374 10252/9/5374
f 10255/8/2816 10256/4/2815 10257/2/5375
f 10258/6/5375 10257/2/5375 10256/4/2815
f 10259/8/5376 10260/9/5376 10261/2/5376
f 10262/26/5376 10261/2/5376 10260/9/5376
f 10263/8/5377 10264/4/5377 10265/2/5377
f 10266/6/5377 10265/2/5377 10264/4/5377
f 10267/8/5378 10268/9/5378 10269/2/5378
f 10270/26/5378 10269/2/5378 10268/9/5378
f 10271/8/5379 10272/4/5379 10273/2/5379
f 10274/6/5379 10273/2/5379 10272/4/5379
f 10275/8/5380 10276/9/5380 10277/2/5380
f 10278/26/5380 10277/2/5380 10276/9/5380
f 10279/8/5381 10280/4/5381 10281/2/5382
f 10282/6/5382 10281/2/5382 10280/4/5381
f 10283/8/5383 10284/9/5383 10285/2/5384
f 10286/26/5384 10285/2/5384 10284/9/5383
f 10287/8/5385 10288/4/5385 10289/2/5385
f 10290/6/5385 10289/2/5385 10288/4/5385
f 10291/8/5386 10292/9/5386 10293/2/5386
f 10294/26/5386 10293/2/5386 10292/9/5386
f 10295/8/5387 10296/4/5387 10297/2/5388
f 10298/6/5388 10297/2/5388 10296/4/5387
f 10299/8/5389 10300/9/5389 10301/2/5389
f 10302/26/5389 10301/2/5389 10300/9/5389
f 10303/8/5390 10304/4/5390 10305/2/5390
f 10306/6/5390 10305/2/5390 10304/4/5390
f 10307/8/5391 10308/9/5391 10309/2/5392
f 10310/26/5392 10309/2/5392 10308/9/5391
f 10311/8/5393 10312/4/5393 10313/2/5393
f 10314/6/5393 10313/2/5393 10312/4/5393
f 10315/8/5394 10316/9/5394 10317/2/5395
f 10318/26/5395 10317/2/5395 10316/9/5394
f 10319/8/5396 10320/4/5396 10321/2/5396
f 10322/6/5396 10321/2/5396 10320/4/5396
f 10323/8/5397 10324/9/5397 10325/2/5397
f 10326/26/5397 10325/2/5397 10324/9/5397
f 10327/8/5398 10328/4/5398 10329/2/5399
f 10330/6/5399 10329/2/5399 10328/4/5398
f 10331/8/2365 10332/9/2365 10333/2/2365
f 10334/26/2365 10333/2/2365 10332/9/2365
f 10335/8/5400 10336/4/5400 10337/2/5400
f 10338/6/5400 10337/2/5400 10336/4/5400
f 10339/8/5401 10340/9/5401 10341/2/5401
f 10342/26/5401 10341/2/5401 10340/9/5401
f 10343/8/5402 10344/4/5402 10345/2/5403
f 10346/6/5403 10345/2/5403 10344/4/5402
f 10347/8/3689 10348/9/3689 10349/2/3689
f 10350/26/3689 10349/2/3689 10348/9/3689
f 10351/8/380 10352/4/380 10353/2/380
f 10354/6/380 10353/2/380 10352/4/380
f 10355/8/378 10356/9/378 10357/2/378
f 10358/26/378 10357/2/378 10356/9/378
f 10359/8/5404 10360/4/5404 10361/2/5404
f 10362/6/5404 10361/2/5404 10360/4/5404
f 10363/8/5405 10364/9/5405 10365/2/5406
f 10366/26/5406 10365/2/5406 10364/9/5405
f 10367/8/5407 10368/4/5407 10369/2/5407
f 10370/6/5407 10369/2/5407 10368/4/5407
f 10371/8/3691 10372/9/3691 10373/2/3691
f 10374/26/3691 10373/2/3691 10372/9/3691
f 10375/8/5408 10376/4/5408 10377/2/5408
f 10378/6/5408 10377/2/5408 10376/4/5408
f 10379/8/5409 10380/9/5409 10381/2/5410
f 10382/26/5410 10381/2/5410 10380/9/5409
f 10383/8/5411 10384/4/5411 10385/2/5411
f 10386/6/5411 10385/2/5411 10384/4/5411
f 10387/8/378 10388/9/378 10389/2/378
f 10390/26/378 10389/2/378 10388/9/378
f 10391/8/1187 10392/4/1187 10393/2/1187
f 10394/6/1187 10393/2/1187 10392/4/1187
f 10395/8/401 10396/9/401 10397/2/401
f 10398/26/401 10397/2/401 10396/9/401
f 10399/8/1187 10400/4/1187 10401/2/1187
f 10402/6/1187 10401/2/1187 10400/4/1187
f 10403/8/101 10404/9/101 10405/2/101
f 10406/26/101 10405/2/101 10404/9/101
f 10407/8/1187 10408/4/1187 10409/2/1187
f 10410/6/1187 10409/2/1187 10408/4/1187
f 10411/8/378 10412/9/378 10413/2/378
f 10414/26/378 10413/2/378 10412/9/378
f 10415/8/5412 10416/4/5412 10417/2/5412
f 10418/6/5412 10417/2/5412 10416/4/5412
f 10419/8/5413 10420/9/5413 10421/2/5413
f 10422/26/5413 10421/2/5413 10420/9/5413
f 10423/8/3444 10424/4/3444 10425/2/3444
f 10426/6/3444 10425/2/3444 10424/4/3444
f 10427/8/5414 10428/9/5414 10429/2/5414
f 10430/26/5414 10429/2/5414 10428/9/5414
f 10431/8/5415 10432/4/5415 10433/2/5415
f 10434/6/5415 10433/2/5415 10432/4/5415
f 10435/8/3444 10436/9/3444 10437/2/3444
f 10438/26/3444 10437/2/3444 10436/9/3444
f 10439/4/5416 10440/1/5416 10441/15/5417
f 10442/16/5417 10441/15/5417 10440/1/5416
f 10441/15/5417 10442/16/5417 10443/17/5418
f 10444/2/5418 10443/17/5418 10442/16/5417
f 10442/18/1 10440/8/1 10445/19/1
f 10446/20/1 10445/19/1 10440/8/1
f 10444/2/1 10442/18/1 10447/1/1
f 10445/19/1 10447/1/1 10442/18/1
f 10443/21/5419 10444/22/5419 10448/3/5419
f 10447/2/5419 10448/3/5419 10444/22/5419
f 10441/19/66 10443/22/66 10449/18/66
f 10448/2/66 10449/18/66 10443/22/66
f 10439/4/66 10441/19/66 10450/23/66
f 10449/18/66 10450/23/66 10441/19/66
f 10440/24/5420 10439/8/5420 10446/25/5420
f 10450/20/5421 10446/25/5421 10439/8/5421
f 10451/27/66 10452/28/66 10453/29/66
f 10453/29/66 10454/30/66 10451/27/66
f 10455/5/1 10456/6/1 10457/7/1
f 10458/8/5422 10459/9/5422 10456/6/5423
f 10456/6/5423 10455/5/5423 10458/8/5422
f 10459/9/5424 10460/10/5424 10457/7/5425
f 10457/7/5425 10456/6/5426 10459/9/5424
f 10460/10/5427 10458/8/5427 10455/5/5428
f 10455/5/5428 10457/7/5428 10460/10/5427
f 10461/4/66 10462/1/66 10463/3/66
f 10464/2/66 10463/3/66 10462/1/66
f 10465/2/1 10466/1/1 10467/3/1
f 10468/4/1 10467/3/1 10466/1/1
f 10464/11/5429 10462/12/5430 10465/13/5429
f 10466/14/5430 10465/13/5429 10462/12/5430
f 10463/3/5431 10464/2/5432 10467/3/5433
f 10465/2/5434 10467/3/5433 10464/2/5432
f 10461/12/5435 10463/11/5435 10468/14/5435
f 10467/13/5435 10468/14/5435 10463/11/5435
f 10462/1/5436 10461/4/5436 10466/1/5437
f 10468/4/5437 10466/1/5437 10461/4/5436
f 10469/5/1 10470/6/1 10471/7/1
f 10472/8/5438 10473/9/5438 10470/6/5439
f 10470/6/5439 10469/5/5439 10472/8/5438
f 10473/9/5440 10474/10/5440 10471/7/5440
f 10471/7/5440 10470/6/5440 10473/9/5440
f 10474/10/5441 10472/8/5442 10469/5/5443
f 10469/5/5443 10471/7/5443 10474/10/5441
f 10475/4/66 10476/1/66 10477/3/66
f 10478/2/66 10477/3/66 10476/1/66
f 10479/2/1 10480/1/1 10481/3/1
f 10482/4/1 10481/3/1 10480/1/1
f 10478/11/5444 10476/12/5444 10479/13/5444
f 10480/14/5444 10479/13/5444 10476/12/5444
f 10477/3/5445 10478/2/5445 10481/3/5445
f 10479/2/5445 10481/3/5445 10478/2/5445
f 10475/12/5446 10477/11/5446 10482/14/5446
f 10481/13/5446 10482/14/5446 10477/11/5446
f 10476/1/5447 10475/4/5448 10480/1/5448
f 10482/4/4907 10480/1/5448 10475/4/5448
f 10483/5/1 10484/6/1 10485/7/1
f 10486/8/5449 10487/9/5449 10484/6/5449
f 10484/6/5449 10483/5/5449 10486/8/5449
f 10487/9/5450 10488/10/5450 10485/7/5451
f 10485/7/5451 10484/6/5451 10487/9/5450
f 10488/10/5452 10486/8/5452 10483/5/5452
f 10483/5/5452 10485/7/5453 10488/10/5452
f 10489/4/66 10490/1/66 10491/3/66
f 10492/2/66 10491/3/66 10490/1/66
f 10493/2/1 10494/1/1 10495/3/1
f 10496/4/1 10495/3/1 10494/1/1
f 10492/11/5454 10490/12/5454 10493/13/5454
f 10494/14/5454 10493/13/5454 10490/12/5454
f 10491/3/5455 10492/2/5456 10495/3/5456
f 10493/2/5456 10495/3/5456 10492/2/5456
f 10489/12/5457 10491/11/5457 10496/14/5457
f 10495/13/5457 10496/14/5457 10491/11/5457
f 10490/1/5458 10489/4/5458 10494/1/5458
f 10496/4/5459 10494/1/5458 10489/4/5458
f 10497/5/1 10498/6/1 10499/7/1
f 10500/8/5460 10501/9/5460 10498/6/5460
f 10498/6/5460 10497/5/5460 10500/8/5460
f 10501/9/5461 10502/10/5461 10499/7/5462
f 10499/7/5462 10498/6/5462 10501/9/5461
f 10502/10/5463 10500/8/5463 10497/5/5464
f 10497/5/5464 10499/7/5464 10502/10/5463
f 10503/4/66 10504/1/66 10505/3/66
f 10506/2/66 10505/3/66 10504/1/66
f 10507/2/1 10508/1/1 10509/3/1
f 10510/4/1 10509/3/1 10508/1/1
f 10506/11/5465 10504/12/5465 10507/13/5465
f 10508/14/5465 10507/13/5465 10504/12/5465
f 10505/3/2928 10506/2/2928 10509/3/2928
f 10507/2/2928 10509/3/2928 10506/2/2928
f 10503/12/5466 10505/11/5466 10510/14/5466
f 10509/13/5466 10510/14/5466 10505/11/5466
f 10504/1/5467 10503/4/5467 10508/1/5467
f 10510/4/2896 10508/1/5467 10503/4/5467
f 10511/5/5468 10512/6/5468 10513/7/5468
f 10514/8/5469 10515/9/5469 10512/6/5470
f 10512/6/5470 10511/5/5470 10514/8/5469
f 10515/9/5471 10516/10/5471 10513/7/5472
f 10513/7/5472 10512/6/5473 10515/9/5471
f 10516/10/5474 10514/8/5474 10511/5/5475
f 10511/5/5475 10513/7/5475 10516/10/5474
f 10517/4/5476 10518/1/5476 10519/3/5476
f 10520/2/5476 10519/3/5476 10518/1/5476
f 10521/2/5477 10522/1/5477 10523/3/5477
f 10524/4/5477 10523/3/5477 10522/1/5477
f 10520/11/5478 10518/12/5478 10521/13/5478
f 10522/14/5478 10521/13/5478 10518/12/5478
f 10519/3/5479 10520/2/5480 10523/3/5481
f 10521/2/5482 10523/3/5481 10520/2/5480
f 10517/12/5483 10519/11/5484 10524/14/5483
f 10523/13/5484 10524/14/5483 10519/11/5484
f 10518/1/5485 10517/4/5485 10522/1/5485
f 10524/4/5485 10522/1/5485 10517/4/5485
f 10525/8/5486 10526/4/5486 10527/2/5487
f 10528/6/5487 10527/2/5487 10526/4/5486
f 10529/8/5488 10530/9/5488 10531/2/5488
f 10532/26/5488 10531/2/5488 10530/9/5488
f 10533/8/5388 10534/4/5388 10535/2/5388
f 10536/6/5388 10535/2/5388 10534/4/5388
f 10537/8/5489 10538/9/5489 10539/2/5489
f 10540/26/5489 10539/2/5489 10538/9/5489
f 10541/8/5490 10542/4/5490 10543/2/5491
f 10544/6/5491 10543/2/5491 10542/4/5490
f 10545/8/5389 10546/9/5389 10547/2/5389
f 10548/26/5389 10547/2/5389 10546/9/5389
f 10549/8/5385 10550/4/5385 10551/2/5487
f 10552/6/5487 10551/2/5487 10550/4/5385
f 10553/8/5492 10554/9/5492 10555/2/5492
f 10556/26/5492 10555/2/5492 10554/9/5492
f 10557/8/5385 10558/4/5385 10559/2/5487
f 10560/6/5487 10559/2/5487 10558/4/5385
f 10561/8/5488 10562/9/5488 10563/2/5492
f 10564/26/5492 10563/2/5492 10562/9/5488
f 10565/8/5385 10566/4/5385 10567/2/5385
f 10568/6/5385 10567/2/5385 10566/4/5385
f 10569/8/5489 10570/9/5489 10571/2/5489
f 10572/26/5489 10571/2/5489 10570/9/5489
f 10573/8/5491 10574/4/5491 10575/2/5388
f 10576/6/5388 10575/2/5388 10574/4/5491
f 10577/8/5489 10578/9/5489 10579/2/5488
f 10580/26/5488 10579/2/5488 10578/9/5489
f 10581/8/5385 10582/4/5385 10583/2/5491
f 10584/6/5491 10583/2/5491 10582/4/5385
f 10585/8/5493 10586/9/5493 10587/2/5494
f 10588/26/5494 10587/2/5494 10586/9/5493
f 10589/8/5495 10590/4/5495 10591/2/5495
f 10592/6/5495 10591/2/5495 10590/4/5495
f 10593/8/5496 10594/9/5496 10595/2/5496
f 10596/26/5496 10595/2/5496 10594/9/5496
f 10597/8/5497 10598/4/5497 10599/2/5498
f 10600/6/5498 10599/2/5498 10598/4/5497
f 10601/8/5499 10602/9/5499 10603/2/5500
f 10604/26/5500 10603/2/5500 10602/9/5499
f 10605/8/5501 10606/4/5501 10607/2/5502
f 10608/6/5502 10607/2/5502 10606/4/5501
f 10609/8/5503 10610/9/5503 10611/2/5504
f 10612/26/5504 10611/2/5504 10610/9/5503
f 10613/8/5505 10614/4/5505 10615/2/5506
f 10616/6/5506 10615/2/5506 10614/4/5505
f 10617/8/5507 10618/9/5507 10619/2/5508
f 10620/26/5508 10619/2/5508 10618/9/5507
f 10621/8/5509 10622/4/5509 10623/2/5509
f 10624/6/5509 10623/2/5509 10622/4/5509
f 10625/8/5510 10626/9/5510 10627/2/5510
f 10628/26/5510 10627/2/5510 10626/9/5510
f 10629/8/5511 10630/4/5511 10631/2/5511
f 10632/6/5511 10631/2/5511 10630/4/5511
f 10633/8/5512 10634/9/5512 10635/2/5512
f 10636/26/5512 10635/2/5512 10634/9/5512
f 10637/8/5513 10638/4/5513 10639/2/5514
f 10640/6/5514 10639/2/5514 10638/4/5513
f 10641/8/5515 10642/9/5515 10643/2/5516
f 10644/26/5516 10643/2/5516 10642/9/5515
f 10645/8/5517 10646/4/5517 10647/2/5517
f 10648/6/5517 10647/2/5517 10646/4/5517
f 10649/8/5518 10650/9/5518 10651/2/5518
f 10652/26/5518 10651/2/5518 10650/9/5518
f 10653/8/5509 10654/4/5509 10655/2/5509
f 10656/6/5509 10655/2/5509 10654/4/5509
f 10657/8/5510 10658/9/5510 10659/2/5510
f 10660/26/5510 10659/2/5510 10658/9/5510
f 10661/8/5519 10662/4/5519 10663/2/5519
f 10664/6/5519 10663/2/5519 10662/4/5519
f 10665/8/5510 10666/9/5510 10667/2/5510
f 10668/26/5510 10667/2/5510 10666/9/5510
f 10669/8/5509 10670/4/5509 10671/2/5509
f 10672/6/5509 10671/2/5509 10670/4/5509
f 10673/8/5510 10674/9/5510 10675/2/5510
f 10676/26/5510 10675/2/5510 10674/9/5510
f 10677/8/5509 10678/4/5509 10679/2/5509
f 10680/6/5509 10679/2/5509 10678/4/5509
f 10681/8/5520 10682/9/5520 10683/2/5520
f 10684/26/5520 10683/2/5520 10682/9/5520
f 10685/8/5519 10686/4/5519 10687/2/5519
f 10688/6/5519 10687/2/5519 10686/4/5519
f 10689/8/5510 10690/9/5510 10691/2/5510
f 10692/26/5510 10691/2/5510 10690/9/5510
f 10693/8/5519 10694/4/5519 10695/2/5519
f 10696/6/5519 10695/2/5519 10694/4/5519
f 10697/8/5510 10698/9/5510 10699/2/5510
f 10700/26/5510 10699/2/5510 10698/9/5510
f 10701/8/5519 10702/4/5519 10703/2/5519
f 10704/6/5519 10703/2/5519 10702/4/5519
f 10705/8/5520 10706/9/5520 10707/2/5520
f 10708/26/5520 10707/2/5520 10706/9/5520
f 10709/8/5510 10710/4/5510 10711/2/5510
f 10712/6/5510 10711/2/5510 10710/4/5510
f 10713/8/5519 10714/9/5519 10715/2/5519
f 10716/26/5519 10715/2/5519 10714/9/5519
f 10717/8/5510 10718/4/5510 10719/2/5510
f 10720/6/5510 10719/2/5510 10718/4/5510
f 10721/8/5519 10722/9/5519 10723/2/5519
f 10724/26/5519 10723/2/5519 10722/9/5519
f 10725/8/5521 10726/4/5521 10727/2/5521
f 10728/6/5521 10727/2/5521 10726/4/5521
f 10729/8/3057 10730/9/3057 10731/2/3057
f 10732/26/3057 10731/2/3057 10730/9/3057
f 10733/8/3057 10734/4/3057 10735/2/3057
f 10736/6/3057 10735/2/3057 10734/4/3057
f 10737/8/1115 10738/9/1115 10739/2/1115
f 10740/26/1115 10739/2/1115 10738/9/1115
f 10741/4/5522 10742/1/5522 10743/15/5522
f 10744/16/5522 10743/15/5522 10742/1/5522
f 10743/15/5522 10744/16/5522 10745/17/5522
f 10746/2/5522 10745/17/5522 10744/16/5522
f 10744/18/1 10742/8/1 10747/19/1
f 10748/20/1 10747/19/1 10742/8/1
f 10746/2/1 10744/18/1 10749/1/1
f 10747/19/1 10749/1/1 10744/18/1
f 10745/21/5520 10746/22/5520 10750/3/5520
f 10749/2/5520 10750/3/5520 10746/22/5520
f 10743/19/66 10745/22/66 10751/18/66
f 10750/2/66 10751/18/66 10745/22/66
f 10741/4/66 10743/19/66 10752/23/66
f 10751/18/66 10752/23/66 10743/19/66
f 10742/24/5523 10741/8/5523 10748/25/5523
f 10752/20/5523 10748/25/5523 10741/8/5523
f 10753/27/66 10754/28/66 10755/29/66
f 10755/29/66 10756/30/66 10753/27/66
f 10757/5/1 10758/6/1 10759/7/1
f 10760/8/5524 10761/9/5524 10758/6/5525
f 10758/6/5525 10757/5/5525 10760/8/5524
f 10761/9/5526 10762/10/5526 10759/7/5527
f 10759/7/5527 10758/6/5527 10761/9/5526
f 10762/10/5528 10760/8/5528 10757/5/5529
f 10757/5/5529 10759/7/5529 10762/10/5528
f 10763/4/66 10764/1/66 10765/3/66
f 10766/2/66 10765/3/66 10764/1/66
f 10767/2/1 10768/1/1 10769/3/1
f 10770/4/1 10769/3/1 10768/1/1
f 10766/11/5530 10764/12/5530 10767/13/5530
f 10768/14/5530 10767/13/5530 10764/12/5530
f 10765/3/5531 10766/2/5531 10769/3/5532
f 10767/2/5532 10769/3/5532 10766/2/5531
f 10763/12/5533 10765/11/5533 10770/14/5533
f 10769/13/5533 10770/14/5533 10765/11/5533
f 10764/1/5534 10763/4/5535 10768/1/5535
f 10770/4/5536 10768/1/5535 10763/4/5535
f 10771/5/1 10772/6/1 10773/7/1
f 10774/8/5537 10775/9/5537 10772/6/5537
f 10772/6/5537 10771/5/5537 10774/8/5537
f 10775/9/5538 10776/10/5538 10773/7/5539
f 10773/7/5539 10772/6/5539 10775/9/5538
f 10776/10/5540 10774/8/5540 10771/5/5541
f 10771/5/5541 10773/7/5541 10776/10/5540
f 10777/4/66 10778/1/66 10779/3/66
f 10780/2/66 10779/3/66 10778/1/66
f 10781/2/1 10782/1/1 10783/3/1
f 10784/4/1 10783/3/1 10782/1/1
f 10780/11/3963 10778/12/3963 10781/13/3963
f 10782/14/3963 10781/13/3963 10778/12/3963
f 10779/3/5542 10780/2/5543 10783/3/5544
f 10781/2/5544 10783/3/5544 10780/2/5543
f 10777/12/3956 10779/11/3957 10784/14/3956
f 10783/13/3957 10784/14/3956 10779/11/3957
f 10778/1/5545 10777/4/5545 10782/1/5545
f 10784/4/5545 10782/1/5545 10777/4/5545
f 10785/5/1 10786/6/1 10787/7/1
f 10788/8/5546 10789/9/5546 10786/6/5547
f 10786/6/5547 10785/5/5547 10788/8/5546
f 10789/9/5548 10790/10/5549 10787/7/5548
f 10787/7/5548 10786/6/5548 10789/9/5548
f 10790/10/5550 10788/8/5550 10785/5/5551
f 10785/5/5551 10787/7/5551 10790/10/5550
f 10791/4/66 10792/1/66 10793/3/66
f 10794/2/66 10793/3/66 10792/1/66
f 10795/2/1 10796/1/1 10797/3/1
f 10798/4/1 10797/3/1 10796/1/1
f 10794/11/5552 10792/12/5552 10795/13/5552
f 10796/14/5552 10795/13/5552 10792/12/5552
f 10793/3/5553 10794/2/5553 10797/3/5553
f 10795/2/5553 10797/3/5553 10794/2/5553
f 10791/12/5554 10793/11/5554 10798/14/5554
f 10797/13/5554 10798/14/5554 10793/11/5554
f 10792/1/5555 10791/4/5556 10796/1/5557
f 10798/4/5558 10796/1/5557 10791/4/5556
f 10799/5/1 10800/6/1 10801/7/1
f 10802/8/5559 10803/9/5559 10800/6/5560
f 10800/6/5560 10799/5/5560 10802/8/5559
f 10803/9/5561 10804/10/5561 10801/7/5562
f 10801/7/5562 10800/6/5562 10803/9/5561
f 10804/10/5563 10802/8/5563 10799/5/5564
f 10799/5/5564 10801/7/5564 10804/10/5563
f 10805/4/66 10806/1/66 10807/3/66
f 10808/2/66 10807/3/66 10806/1/66
f 10809/2/1 10810/1/1 10811/3/1
f 10812/4/1 10811/3/1 10810/1/1
f 10808/11/5565 10806/12/5565 10809/13/5565
f 10810/14/5565 10809/13/5565 10806/12/5565
f 10807/3/3191 10808/2/5566 10811/3/5566
f 10809/2/5567 10811/3/5566 10808/2/5566
f 10805/12/5568 10807/11/5569 10812/14/5568
f 10811/13/5569 10812/14/5568 10807/11/5569
f 10806/1/5570 10805/4/5571 10810/1/5571
f 10812/4/2348 10810/1/5571 10805/4/5571
f 10813/5/1 10814/6/1 10815/7/1
f 10816/8/5572 10817/9/5572 10814/6/5573
f 10814/6/5573 10813/5/5573 10816/8/5572
f 10817/9/5574 10818/10/5574 10815/7/5575
f 10815/7/5575 10814/6/5575 10817/9/5574
f 10818/10/5576 10816/8/5576 10813/5/5577
f 10813/5/5577 10815/7/5577 10818/10/5576
f 10819/4/66 10820/1/66 10821/3/66
f 10822/2/66 10821/3/66 10820/1/66
f 10823/2/1 10824/1/1 10825/3/1
f 10826/4/1 10825/3/1 10824/1/1
f 10822/11/5578 10820/12/5578 10823/13/5578
f 10824/14/5578 10823/13/5578 10820/12/5578
f 10821/3/5579 10822/2/5580 10825/3/5581
f 10823/2/5582 10825/3/5581 10822/2/5580
f 10819/12/5583 10821/11/5583 10826/14/5583
f 10825/13/5583 10826/14/5583 10821/11/5583
f 10820/1/5584 10819/4/5585 10824/1/5585
f 10826/4/5586 10824/1/5585 10819/4/5585
f 10827/8/5587 10828/9/5587 10829/6/5587
f 10829/6/5587 10830/5/5587 10827/8/5587
f 10828/9/5588 10831/10/5588 10832/7/5588
f 10832/7/5588 10829/6/5588 10828/9/5588
f 10831/10/5589 10827/8/5589 10830/5/5590
f 10830/5/5590 10832/7/5590 10831/10/5589
f 10833/4/5591 10834/1/5591 10835/3/5591
f 10836/2/5591 10835/3/5591 10834/1/5591
f 10837/2/5592 10838/1/5592 10839/3/5592
f 10840/4/5592 10839/3/5592 10838/1/5592
f 10836/11/3156 10834/12/3156 10837/13/3156
f 10838/14/3156 10837/13/3156 10834/12/3156
f 10835/3/5593 10836/2/5593 10839/3/5593
f 10837/2/5593 10839/3/5593 10836/2/5593
f 10833/12/3158 10835/11/3158 10840/14/3158
f 10839/13/3158 10840/14/3158 10835/11/3158
f 10834/1/5523 10833/4/5523 10838/1/5523
f 10840/4/5523 10838/1/5523 10833/4/5523
f 10841/8/5594 10842/9/5594 10843/6/5595
f 10843/6/5595 10844/5/5595 10841/8/5594
f 10842/9/5596 10845/10/5596 10846/7/5597
f 10846/7/5597 10843/6/5597 10842/9/5596
f 10845/10/5598 10841/8/5598 10844/5/5599
f 10844/5/5599 10846/7/5599 10845/10/5598
f 10847/4/5600 10848/1/5600 10849/3/5600
f 10850/2/5600 10849/3/5600 10848/1/5600
f 10851/2/5601 10852/1/5601 10853/3/5601
f 10854/4/5601 10853/3/5601 10852/1/5601
f 10850/11/5602 10848/12/5602 10851/13/5602
f 10852/14/5602 10851/13/5602 10848/12/5602
f 10849/3/5603 10850/2/2861 10853/3/2861
f 10851/2/2863 10853/3/2861 10850/2/2861
f 10847/12/5604 10849/11/5605 10854/14/5606
f 10853/13/5607 10854/14/5606 10849/11/5605
f 10848/1/5608 10847/4/5609 10852/1/5610
f 10854/4/5611 10852/1/5610 10847/4/5609
f 10855/8/5595 10856/9/5595 10857/6/5595
f 10857/6/5595 10858/5/5595 10855/8/5595
f 10856/9/5612 10859/10/5612 10860/7/5596
f 10860/7/5596 10857/6/5596 10856/9/5612
f 10859/10/5598 10855/8/5598 10858/5/5599
f 10858/5/5599 10860/7/5599 10859/10/5598
f 10861/4/5600 10862/1/5600 10863/3/5600
f 10864/2/5600 10863/3/5600 10862/1/5600
f 10865/2/5601 10866/1/5601 10867/3/5601
f 10868/4/5601 10867/3/5601 10866/1/5601
f 10864/11/5613 10862/12/5614 10865/13/5615
f 10866/14/5616 10865/13/5615 10862/12/5614
f 10863/3/5617 10864/2/5618 10867/3/5619
f 10865/2/5620 10867/3/5619 10864/2/5618
f 10861/12/5621 10863/11/5622 10868/14/5621
f 10867/13/5622 10868/14/5621 10863/11/5622
f 10862/1/5623 10861/4/5623 10866/1/5623
f 10868/4/5623 10866/1/5623 10861/4/5623
f 10869/8/5624 10870/9/5624 10871/6/5625
f 10871/6/5625 10872/5/5625 10869/8/5624
f 10870/9/5626 10873/10/5626 10874/7/5626
f 10874/7/5626 10871/6/5626 10870/9/5626
f 10873/10/5627 10869/8/5627 10872/5/5628
f 10872/5/5628 10874/7/5628 10873/10/5627
f 10875/4/5629 10876/1/5629 10877/3/5629
f 10878/2/5629 10877/3/5629 10876/1/5629
f 10879/2/5630 10880/1/5631 10881/3/5630
f 10882/4/5631 10881/3/5630 10880/1/5631
f 10878/11/3156 10876/12/3156 10879/13/3156
f 10880/14/3156 10879/13/3156 10876/12/3156
f 10877/3/5632 10878/2/5632 10881/3/5632
f 10879/2/5632 10881/3/5632 10878/2/5632
f 10875/12/3158 10877/11/3158 10882/14/3158
f 10881/13/3158 10882/14/3158 10877/11/3158
f 10876/1/5523 10875/4/5523 10880/1/5523
f 10882/4/5523 10880/1/5523 10875/4/5523
f 10883/8/5633 10884/9/5633 10885/6/5634
f 10885/6/5634 10886/5/5634 10883/8/5633
f 10884/9/5635 10887/10/5635 10888/7/5636
f 10888/7/5636 10885/6/5637 10884/9/5635
f 10887/10/5638 10883/8/5638 10886/5/5638
f 10886/5/5638 10888/7/5638 10887/10/5638
f 10889/4/5639 10890/1/5639 10891/3/5639
f 10892/2/5639 10891/3/5639 10890/1/5639
f 10893/2/5640 10894/1/5640 10895/3/5640
f 10896/4/5640 10895/3/5640 10894/1/5640
f 10892/11/5641 10890/12/3156 10893/13/5641
f 10894/14/3156 10893/13/5641 10890/12/3156
f 10891/3/5593 10892/2/5593 10895/3/5593
f 10893/2/5593 10895/3/5593 10892/2/5593
f 10889/12/3158 10891/11/3158 10896/14/3158
f 10895/13/3158 10896/14/3158 10891/11/3158
f 10890/1/5523 10889/4/5523 10894/1/5523
f 10896/4/5523 10894/1/5523 10889/4/5523
f 10897/8/5587 10898/9/5587 10899/6/5587
f 10899/6/5587 10900/5/5587 10897/8/5587
f 10898/9/5642 10901/10/5642 10902/7/5642
f 10902/7/5642 10899/6/5642 10898/9/5642
f 10901/10/5590 10897/8/5590 10900/5/5643
f 10900/5/5643 10902/7/5643 10901/10/5590
f 10903/4/5591 10904/1/5591 10905/3/5591
f 10906/2/5591 10905/3/5591 10904/1/5591
f 10907/2/5592 10908/1/5644 10909/3/5592
f 10910/4/5644 10909/3/5592 10908/1/5644
f 10906/11/5641 10904/12/3156 10907/13/5641
f 10908/14/3156 10907/13/5641 10904/12/3156
f 10905/3/5632 10906/2/5645 10909/3/5646
f 10907/2/5647 10909/3/5646 10906/2/5645
f 10903/12/3158 10905/11/3158 10910/14/3158
f 10909/13/3158 10910/14/3158 10905/11/3158
f 10904/1/5648 10903/4/5648 10908/1/5648
f 10910/4/5648 10908/1/5648 10903/4/5648
f 10911/8/5649 10912/9/5649 10913/6/5650
f 10913/6/5650 10914/5/5650 10911/8/5649
f 10912/9/5651 10915/10/5651 10916/7/5596
f 10916/7/5596 10913/6/5596 10912/9/5651
f 10915/10/5598 10911/8/5598 10914/5/5598
f 10914/5/5598 10916/7/5598 10915/10/5598
f 10917/4/5600 10918/1/5600 10919/3/5652
f 10920/2/5652 10919/3/5652 10918/1/5600
f 10921/2/5653 10922/1/5601 10923/3/5653
f 10924/4/5601 10923/3/5653 10922/1/5601
f 10920/11/5602 10918/12/5602 10921/13/5602
f 10922/14/5602 10921/13/5602 10918/12/5602
f 10919/3/2895 10920/2/2895 10923/3/2895
f 10921/2/2895 10923/3/2895 10920/2/2895
f 10917/12/5621 10919/11/5621 10924/14/5621
f 10923/13/5621 10924/14/5621 10919/11/5621
f 10918/1/2927 10917/4/2927 10922/1/5654
f 10924/4/5654 10922/1/5654 10917/4/2927
f 10925/8/5649 10926/9/5649 10927/6/5650
f 10927/6/5650 10928/5/5650 10925/8/5649
f 10926/9/5655 10929/10/5655 10930/7/5596
f 10930/7/5596 10927/6/5596 10926/9/5655
f 10929/10/5599 10925/8/5599 10928/5/5599
f 10928/5/5599 10930/7/5599 10929/10/5599
f 10931/4/5600 10932/1/5600 10933/3/5600
f 10934/2/5600 10933/3/5600 10932/1/5600
f 10935/2/5601 10936/1/5601 10937/3/5601
f 10938/4/5601 10937/3/5601 10936/1/5601
f 10934/11/5602 10932/12/5602 10935/13/5602
f 10936/14/5602 10935/13/5602 10932/12/5602
f 10933/3/2839 10934/2/2895 10937/3/5656
f 10935/2/5657 10937/3/5656 10934/2/2895
f 10931/12/5621 10933/11/5621 10938/14/5621
f 10937/13/5621 10938/14/5621 10933/11/5621
f 10932/1/5658 10931/4/5658 10936/1/5658
f 10938/4/5658 10936/1/5658 10931/4/5658
f 10939/8/5659 10940/9/5659 10941/6/5659
f 10941/6/5659 10942/5/5659 10939/8/5659
f 10940/9/5626 10943/10/5626 10944/7/5626
f 10944/7/5626 10941/6/5626 10940/9/5626
f 10943/10/5628 10939/8/5628 10942/5/5660
f 10942/5/5660 10944/7/5660 10943/10/5628
f 10945/4/5629 10946/1/5629 10947/3/5629
f 10948/2/5629 10947/3/5629 10946/1/5629
f 10949/2/5630 10950/1/5631 10951/3/5630
f 10952/4/5631 10951/3/5630 10950/1/5631
f 10948/11/3156 10946/12/3156 10949/13/3156
f 10950/14/3156 10949/13/3156 10946/12/3156
f 10947/3/5593 10948/2/5593 10951/3/5593
f 10949/2/5593 10951/3/5593 10948/2/5593
f 10945/12/3158 10947/11/3158 10952/14/3158
f 10951/13/3158 10952/14/3158 10947/11/3158
f 10946/1/5523 10945/4/5523 10950/1/5523
f 10952/4/5523 10950/1/5523 10945/4/5523
f 10953/8/5633 10954/9/5633 10955/6/5634
f 10955/6/5634 10956/5/5634 10953/8/5633
f 10954/9/5637 10957/10/5637 10958/7/5661
f 10958/7/5661 10955/6/5661 10954/9/5637
f 10957/10/5662 10953/8/5662 10956/5/5662
f 10956/5/5662 10958/7/5662 10957/10/5662
f 10959/4/5639 10960/1/5639 10961/3/5639
f 10962/2/5639 10961/3/5639 10960/1/5639
f 10963/2/5640 10964/1/5640 10965/3/5640
f 10966/4/5640 10965/3/5640 10964/1/5640
f 10962/11/5641 10960/12/3156 10963/13/5663
f 10964/14/3156 10963/13/5663 10960/12/3156
f 10961/3/5632 10962/2/5632 10965/3/5632
f 10963/2/5632 10965/3/5632 10962/2/5632
f 10959/12/3158 10961/11/3158 10966/14/3158
f 10965/13/3158 10966/14/3158 10961/11/3158
f 10960/1/5648 10959/4/5648 10964/1/5648
f 10966/4/5648 10964/1/5648 10959/4/5648
f 10967/4/102 10968/8/102 10969/2/102
f 10969/2/102 10970/6/102 10967/4/102
f 10971/9/101 10972/8/101 10973/2/101
f 10973/2/101 10974/26/101 10971/9/101
f 10975/4/379 10976/8/379 10977/2/102
f 10977/2/102 10978/6/102 10975/4/379
f 10979/9/101 10980/8/101 10981/2/101
f 10981/2/101 10982/26/101 10979/9/101
f 10983/4/102 10984/8/102 10985/2/102
f 10985/2/102 10986/6/102 10983/4/102
f 10987/9/101 10988/8/101 10989/2/101
f 10989/2/101 10990/26/101 10987/9/101
f 10991/4/380 10992/8/380 10993/2/102
f 10993/2/102 10994/6/102 10991/4/380
f 10995/9/101 10996/8/101 10997/2/101
f 10997/2/101 10998/26/101 10995/9/101
f 10999/4/102 11000/8/102 11001/2/102
f 11001/2/102 11002/6/102 10999/4/102
f 11003/9/101 11004/8/101 11005/2/101
f 11005/2/101 11006/26/101 11003/9/101
f 11007/4/102 11008/8/102 11009/2/102
f 11009/2/102 11010/6/102 11007/4/102
f 11011/9/101 11012/8/101 11013/2/101
f 11013/2/101 11014/26/101 11011/9/101
f 11015/4/102 11016/8/380 11017/2/102
f 11017/2/102 11018/6/102 11015/4/102
f 11019/9/101 11020/8/101 11021/2/101
f 11021/2/101 11022/26/101 11019/9/101
f 11023/4/102 11024/8/102 11025/2/102
f 11025/2/102 11026/6/102 11023/4/102
f 11027/9/101 11028/8/101 11029/2/101
f 11029/2/101 11030/26/101 11027/9/101
f 11031/4/102 11032/8/102 11033/2/102
f 11033/2/102 11034/6/102 11031/4/102
f 11035/9/101 11036/8/101 11037/2/101
f 11037/2/101 11038/26/101 11035/9/101
f 11039/4/102 11040/8/102 11041/2/102
f 11041/2/102 11042/6/102 11039/4/102
f 11043/9/101 11044/8/101 11045/2/101
f 11045/2/101 11046/26/101 11043/9/101
f 11047/4/102 11048/8/379 11049/2/102
f 11049/2/102 11050/6/102 11047/4/102
f 11051/9/101 11052/8/101 11053/2/101
f 11053/2/101 11054/26/101 11051/9/101
f 11055/4/102 11056/8/102 11057/2/102
f 11057/2/102 11058/6/102 11055/4/102
f 11059/9/101 11060/8/101 11061/2/101
f 11061/2/101 11062/26/101 11059/9/101
f 11063/4/5664 11064/8/5664 11065/2/5664
f 11065/2/5664 11066/6/5664 11063/4/5664
f 11067/9/5665 11068/8/5665 11069/2/5665
f 11069/2/5665 11070/26/5665 11067/9/5665
f 11071/4/5666 11072/8/5666 11073/2/5667
f 11073/2/5667 11074/6/5667 11071/4/5666
f 11075/9/5668 11076/8/5668 11077/2/5668
f 11077/2/5668 11078/26/5668 11075/9/5668
f 11079/4/5669 11080/8/5669 11081/2/5670
f 11081/2/5670 11082/6/5670 11079/4/5669
f 11083/9/5671 11084/8/5671 11085/2/5671
f 11085/2/5671 11086/26/5671 11083/9/5671
f 11087/4/5672 11088/8/5672 11089/2/5672
f 11089/2/5672 11090/6/5672 11087/4/5672
f 11091/9/5673 11092/8/5673 11093/2/5673
f 11093/2/5673 11094/26/5673 11091/9/5673
f 11095/4/5674 11096/8/5674 11097/2/5674
f 11097/2/5674 11098/6/5674 11095/4/5674
f 11099/9/5675 11100/8/5675 11101/2/5675
f 11101/2/5675 11102/26/5675 11099/9/5675
f 11103/4/5676 11104/8/5676 11105/2/5676
f 11105/2/5676 11106/6/5676 11103/4/5676
f 11107/9/5677 11108/8/5677 11109/2/5678
f 11109/2/5678 11110/26/5678 11107/9/5677
f 11111/4/5679 11112/8/5679 11113/2/5679
f 11113/2/5679 11114/6/5679 11111/4/5679
f 11115/9/5680 11116/8/5680 11117/2/5680
f 11117/2/5680 11118/26/5680 11115/9/5680
f 11119/4/5681 11120/8/5681 11121/2/5681
f 11121/2/5681 11122/6/5681 11119/4/5681
f 11123/9/5682 11124/8/5682 11125/2/5682
f 11125/2/5682 11126/26/5682 11123/9/5682
f 11127/4/1176 11128/8/1176 11129/2/1176
f 11129/2/1176 11130/6/1176 11127/4/1176
f 11131/9/5411 11132/8/5411 11133/2/5411
f 11133/2/5411 11134/26/5411 11131/9/5411
f 11135/4/3092 11136/8/3092 11137/2/3092
f 11137/2/3092 11138/6/3092 11135/4/3092
f 11139/9/5683 11140/8/5683 11141/2/5684
f 11141/2/5684 11142/26/5684 11139/9/5683
f 11143/4/5685 11144/8/5685 11145/2/5686
f 11145/2/5686 11146/6/5686 11143/4/5685
f 11147/9/5687 11148/8/5687 11149/2/5688
f 11149/2/5688 11150/26/5688 11147/9/5687
f 11151/4/5689 11152/8/5689 11153/2/5689
f 11153/2/5689 11154/6/5689 11151/4/5689
f 11155/9/277 11156/8/277 11157/2/277
f 11157/2/277 11158/26/277 11155/9/277
f 11159/4/5690 11160/8/5690 11161/2/5690
f 11161/2/5690 11162/6/5690 11159/4/5690
f 11163/9/5691 11164/8/5691 11165/2/5691
f 11165/2/5691 11166/26/5691 11163/9/5691
f 11167/4/5681 11168/8/5681 11169/2/5681
f 11169/2/5681 11170/6/5681 11167/4/5681
f 11171/9/5682 11172/8/5682 11173/2/5682
f 11173/2/5682 11174/26/5682 11171/9/5682
f 11175/4/5682 11176/8/5682 11177/2/5682
f 11177/2/5682 11178/6/5682 11175/4/5682
f 11179/9/5681 11180/8/5681 11181/2/5681
f 11181/2/5681 11182/26/5681 11179/9/5681
f 11183/1/99 11184/4/99 11185/15/99
f 11185/15/99 11186/16/99 11183/1/99
f 11186/16/99 11185/15/99 11187/17/99
f 11187/17/99 11188/2/99 11186/16/99
f 11183/8/5692 11186/18/5692 11189/19/5692
f 11189/19/5692 11190/20/5692 11183/8/5692
f 11186/18/5692 11188/2/5692 11191/1/5692
f 11191/1/5692 11189/19/5692 11186/18/5692
f 11188/22/5693 11187/21/5693 11192/3/5693
f 11192/3/5693 11191/2/5693 11188/22/5693
f 11187/22/5694 11185/19/5694 11193/18/5694
f 11193/18/5694 11192/2/5694 11187/22/5694
f 11185/19/5694 11184/4/5694 11194/23/5694
f 11194/23/5694 11193/18/5694 11185/19/5694
f 11184/8/5695 11183/24/5696 11190/25/5697
f 11190/25/5697 11194/20/5695 11184/8/5695
f 11195/28/5698 11196/27/5698 11197/29/5698
f 11198/30/5694 11197/29/5698 11196/27/5698
f 11199/5/5468 11200/6/5468 11201/7/5468
f 11202/8/5699 11203/9/5699 11200/6/5470
f 11200/6/5470 11199/5/5470 11202/8/5699
f 11203/9/5471 11204/10/5471 11201/7/5472
f 11201/7/5472 11200/6/5472 11203/9/5471
f 11204/10/5700 11202/8/5700 11199/5/5701
f 11199/5/5701 11201/7/5701 11204/10/5700
f 11205/4/5476 11206/1/5476 11207/3/5476
f 11208/2/5476 11207/3/5476 11206/1/5476
f 11209/2/5477 11210/1/5477 11211/3/5477
f 11212/4/5477 11211/3/5477 11210/1/5477
f 11208/11/5478 11206/12/5478 11209/13/5478
f 11210/14/5478 11209/13/5478 11206/12/5478
f 11207/3/5702 11208/2/5703 11211/3/5703
f 11209/2/5704 11211/3/5703 11208/2/5703
f 11205/12/5483 11207/11/5484 11212/14/5483
f 11211/13/5484 11212/14/5483 11207/11/5484
f 11206/1/5705 11205/4/5705 11210/1/5705
f 11212/4/5705 11210/1/5705 11205/4/5705
f 11213/5/5706 11214/6/5706 11215/7/5706
f 11216/8/5707 11217/9/5707 11214/6/5707
f 11214/6/5707 11213/5/5707 11216/8/5707
f 11217/9/5708 11218/10/5708 11215/7/5709
f 11215/7/5709 11214/6/5709 11217/9/5708
f 11218/10/5710 11216/8/5710 11213/5/5711
f 11213/5/5711 11215/7/5711 11218/10/5710
f 11219/4/5712 11220/1/5712 11221/3/5712
f 11222/2/5712 11221/3/5712 11220/1/5712
f 11223/2/5706 11224/1/5706 11225/3/5706
f 11226/4/5706 11225/3/5706 11224/1/5706
f 11222/11/5713 11220/12/122 11223/13/5713
f 11224/14/122 11223/13/5713 11220/12/122
f 11221/3/379 11222/2/102 11225/3/102
f 11223/2/102 11225/3/102 11222/2/102
f 11219/12/99 11221/11/5714 11226/14/99
f 11225/13/5714 11226/14/99 11221/11/5714
f 11220/1/378 11219/4/101 11224/1/101
f 11226/4/377 11224/1/101 11219/4/101
f 11227/5/5715 11228/6/5715 11229/7/5715
f 11230/8/5716 11231/9/5716 11228/6/5717
f 11228/6/5717 11227/5/5717 11230/8/5716
f 11231/9/5718 11232/10/5718 11229/7/5719
f 11229/7/5719 11228/6/5719 11231/9/5718
f 11232/10/5720 11230/8/5720 11227/5/5720
f 11227/5/5720 11229/7/5720 11232/10/5720
f 11233/4/5694 11234/1/5694 11235/3/5694
f 11236/2/5694 11235/3/5694 11234/1/5694
f 11237/2/5715 11238/1/5715 11239/3/5715
f 11240/4/5715 11239/3/5715 11238/1/5715
f 11236/11/1197 11234/12/122 11237/13/1197
f 11238/14/122 11237/13/1197 11234/12/122
f 11235/3/102 11236/2/102 11239/3/102
f 11237/2/380 11239/3/102 11236/2/102
f 11233/12/99 11235/11/99 11240/14/99
f 11239/13/99 11240/14/99 11235/11/99
f 11234/1/378 11233/4/101 11238/1/101
f 11240/4/101 11238/1/101 11233/4/101
f 11241/5/5721 11242/6/5721 11243/7/5721
f 11244/8/5722 11245/9/5722 11242/6/5722
f 11242/6/5722 11241/5/5722 11244/8/5722
f 11245/9/5723 11246/10/5723 11243/7/5724
f 11243/7/5724 11242/6/5724 11245/9/5723
f 11246/10/5725 11244/8/5725 11241/5/5725
f 11241/5/5725 11243/7/5725 11246/10/5725
f 11247/4/5726 11248/1/5726 11249/3/5727
f 11250/2/5727 11249/3/5727 11248/1/5726
f 11251/2/5721 11252/1/5721 11253/3/5721
f 11254/4/5721 11253/3/5721 11252/1/5721
f 11250/11/5728 11248/12/122 11251/13/5728
f 11252/14/122 11251/13/5728 11248/12/122
f 11249/3/5729 11250/2/5730 11253/3/5730
f 11251/2/5730 11253/3/5730 11250/2/5730
f 11247/12/99 11249/11/99 11254/14/99
f 11253/13/99 11254/14/99 11249/11/99
f 11248/1/377 11247/4/101 11252/1/101
f 11254/4/101 11252/1/101 11247/4/101
f 11255/8/5731 11256/4/5731 11257/2/1415
f 11258/6/1415 11257/2/1415 11256/4/5731
f 11259/8/5411 11260/9/5411 11261/2/5411
f 11262/26/5411 11261/2/5411 11260/9/5411
f 11263/8/849 11264/4/849 11265/2/849
f 11266/6/849 11265/2/849 11264/4/849
f 11267/8/5732 11268/9/5732 11269/2/846
f 11270/26/846 11269/2/846 11268/9/5732
f 11271/8/848 11272/4/848 11273/2/848
f 11274/6/848 11273/2/848 11272/4/848
f 11275/8/5411 11276/9/5411 11277/2/5733
f 11278/26/5733 11277/2/5733 11276/9/5411
f 11279/8/378 11280/4/378 11281/2/378
f 11282/6/378 11281/2/378 11280/4/378
f 11283/8/5411 11284/9/5411 11285/2/5411
f 11286/26/5411 11285/2/5411 11284/9/5411
f 11287/8/849 11288/4/849 11289/2/849
f 11290/6/849 11289/2/849 11288/4/849
f 11291/8/380 11292/9/380 11293/2/102
f 11294/26/102 11293/2/102 11292/9/380
f 11295/8/377 11296/4/377 11297/2/377
f 11298/6/377 11297/2/377 11296/4/377
f 11299/8/102 11300/9/102 11301/2/102
f 11302/26/102 11301/2/102 11300/9/102
f 11303/8/101 11304/4/101 11305/2/101
f 11306/6/101 11305/2/101 11304/4/101
f 11307/8/5374 11308/9/5374 11309/2/5374
f 11310/26/5374 11309/2/5374 11308/9/5374
f 11311/8/379 11312/4/379 11313/2/379
f 11314/6/379 11313/2/379 11312/4/379
f 11315/8/849 11316/9/849 11317/2/849
f 11318/26/849 11317/2/849 11316/9/849
f 11319/8/5411 11320/4/5411 11321/2/5411
f 11322/6/5411 11321/2/5411 11320/4/5411
f 11323/8/378 11324/9/378 11325/2/378
f 11326/26/378 11325/2/378 11324/9/378
f 11327/8/5734 11328/4/5734 11329/2/5734
f 11330/6/5734 11329/2/5734 11328/4/5734
f 11331/8/378 11332/9/378 11333/2/378
f 11334/26/378 11333/2/378 11332/9/378
f 11335/8/1187 11336/4/1187 11337/2/1187
f 11338/6/1187 11337/2/1187 11336/4/1187
f 11339/8/848 11340/9/848 11341/2/848
f 11342/26/848 11341/2/848 11340/9/848
f 11343/8/1187 11344/4/1187 11345/2/379
f 11346/6/379 11345/2/379 11344/4/1187
f 11347/8/1176 11348/9/1176 11349/2/1176
f 11350/26/1176 11349/2/1176 11348/9/1176
f 11351/8/378 11352/4/378 11353/2/378
f 11354/6/378 11353/2/378 11352/4/378
f 11355/8/379 11356/9/379 11357/2/379
f 11358/26/379 11357/2/379 11356/9/379
f 11359/27/66 11360/28/66 11361/29/66
f 11361/29/66 11362/30/66 11359/27/66
f 11363/5/1 11364/6/1 11365/7/1
f 11366/8/5460 11367/9/5460 11364/6/5460
f 11364/6/5460 11363/5/5460 11366/8/5460
f 11367/9/5461 11368/10/5461 11365/7/5461
f 11365/7/5461 11364/6/5461 11367/9/5461
f 11368/10/5735 11366/8/5735 11363/5/5735
f 11363/5/5735 11365/7/5735 11368/10/5735
f 11369/4/66 11370/1/66 11371/3/66
f 11372/2/66 11371/3/66 11370/1/66
f 11373/2/1 11374/1/1 11375/3/1
f 11376/4/1 11375/3/1 11374/1/1
f 11372/11/5465 11370/12/5465 11373/13/5465
f 11374/14/5465 11373/13/5465 11370/12/5465
f 11371/3/5736 11372/2/5736 11375/3/5736
f 11373/2/5736 11375/3/5736 11372/2/5736
f 11369/12/5466 11371/11/5466 11376/14/5466
f 11375/13/5466 11376/14/5466 11371/11/5466
f 11370/1/5467 11369/4/5467 11374/1/5467
f 11376/4/5737 11374/1/5467 11369/4/5467
f 11377/5/1314 11378/6/1314 11379/7/1314
f 11380/5/2 11381/6/2 11382/7/2
f 11383/8/5738 11384/9/5738 11381/6/5738
f 11381/6/5738 11380/5/5738 11383/8/5738
f 11384/9/101 11385/10/101 11382/7/378
f 11382/7/378 11381/6/378 11384/9/101
f 11385/10/5739 11383/8/5739 11380/5/5739
f 11380/5/5739 11382/7/5739 11385/10/5739
f 11386/4/7 11387/1/7 11388/3/7
f 11389/2/7 11388/3/7 11387/1/7
f 11390/2/2 11391/1/2 11392/3/2
f 11393/4/2 11392/3/2 11391/1/2
f 11389/11/122 11387/12/122 11390/13/122
f 11391/14/122 11390/13/122 11387/12/122
f 11388/3/102 11389/2/102 11392/3/102
f 11390/2/102 11392/3/102 11389/2/102
f 11386/12/99 11388/11/99 11393/14/99
f 11392/13/99 11393/14/99 11388/11/99
f 11387/1/101 11386/4/101 11391/1/101
f 11393/4/101 11391/1/101 11386/4/101
f 11394/5/5706 11395/6/5706 11396/7/5706
f 11397/8/5740 11398/9/5740 11395/6/5707
f 11395/6/5707 11394/5/5707 11397/8/5740
f 11398/9/5709 11399/10/5709 11396/7/5741
f 11396/7/5741 11395/6/5741 11398/9/5709
f 11399/10/5710 11397/8/5710 11394/5/5711
f 11394/5/5711 11396/7/5711 11399/10/5710
f 11400/4/5742 11401/1/5742 11402/3/5712
f 11403/2/5712 11402/3/5712 11401/1/5742
f 11404/2/5706 11405/1/5743 11406/3/5706
f 11407/4/5743 11406/3/5706 11405/1/5743
f 11403/11/122 11401/12/122 11404/13/122
f 11405/14/122 11404/13/122 11401/12/122
f 11402/3/102 11403/2/380 11406/3/380
f 11404/2/5411 11406/3/380 11403/2/380
f 11400/12/99 11402/11/99 11407/14/99
f 11406/13/99 11407/14/99 11402/11/99
f 11401/1/401 11400/4/101 11405/1/101
f 11407/4/1176 11405/1/101 11400/4/101
f 11408/5/5715 11409/6/5715 11410/7/5715
f 11411/8/5744 11412/9/5744 11409/6/5717
f 11409/6/5717 11408/5/5717 11411/8/5744
f 11412/9/5718 11413/10/5718 11410/7/5745
f 11410/7/5745 11409/6/5745 11412/9/5718
f 11413/10/5746 11411/8/5746 11408/5/5747
f 11408/5/5747 11410/7/5747 11413/10/5746
f 11414/4/5694 11415/1/5694 11416/3/5694
f 11417/2/5694 11416/3/5694 11415/1/5694
f 11418/2/5715 11419/1/5715 11420/3/5715
f 11421/4/5715 11420/3/5715 11419/1/5715
f 11417/11/122 11415/12/122 11418/13/122
f 11419/14/122 11418/13/122 11415/12/122
f 11416/3/102 11417/2/102 11420/3/102
f 11418/2/102 11420/3/102 11417/2/102
f 11414/12/99 11416/11/99 11421/14/99
f 11420/13/99 11421/14/99 11416/11/99
f 11415/1/101 11414/4/101 11419/1/101
f 11421/4/101 11419/1/101 11414/4/101
f 11422/5/5721 11423/6/5721 11424/7/5721
f 11425/8/5722 11426/9/5722 11423/6/5748
f 11423/6/5748 11422/5/5748 11425/8/5722
f 11426/9/5723 11427/10/5723 11424/7/5723
f 11424/7/5723 11423/6/5723 11426/9/5723
f 11427/10/5725 11425/8/5725 11422/5/5749
f 11422/5/5749 11424/7/5749 11427/10/5725
f 11428/4/5726 11429/1/5726 11430/3/5726
f 11431/2/5726 11430/3/5726 11429/1/5726
f 11432/2/5721 11433/1/5721 11434/3/5721
f 11435/4/5721 11434/3/5721 11433/1/5721
f 11431/11/122 11429/12/122 11432/13/122
f 11433/14/122 11432/13/122 11429/12/122
f 11430/3/5730 11431/2/5730 11434/3/5730
f 11432/2/5730 11434/3/5730 11431/2/5730
f 11428/12/99 11430/11/99 11435/14/99
f 11434/13/99 11435/14/99 11430/11/99
f 11429/1/5750 11428/4/377 11433/1/377
f 11435/4/1176 11433/1/377 11428/4/377
f 11436/5/1314 11437/6/1314 11438/7/1314
f 11439/8/5751 11440/9/5751 11437/6/5751
f 11437/6/5751 11436/5/5751 11439/8/5751
f 11440/9/5752 11441/10/5752 11438/7/5752
f 11438/7/5752 11437/6/5752 11440/9/5752
f 11441/10/5753 11439/8/5753 11436/5/5754
f 11436/5/5754 11438/7/5754 11441/10/5753
f 11442/4/1321 11443/1/1321 11444/3/1321
f 11445/2/1321 11444/3/1321 11443/1/1321
f 11446/2/1314 11447/1/1314 11448/3/1314
f 11449/4/1314 11448/3/1314 11447/1/1314
f 11445/11/760 11443/12/760 11446/13/760
f 11447/14/760 11446/13/760 11443/12/760
f 11444/3/5755 11445/2/5755 11448/3/5755
f 11446/2/5755 11448/3/5755 11445/2/5755
f 11442/12/762 11444/11/5756 11449/14/762
f 11448/13/5756 11449/14/762 11444/11/5756
f 11443/1/5757 11442/4/5757 11447/1/5757
f 11449/4/5757 11447/1/5757 11442/4/5757
f 11450/5/1314 11451/6/1314 11452/7/1314
f 11453/8/5758 11454/9/5758 11451/6/5758
f 11451/6/5758 11450/5/5758 11453/8/5758
f 11454/9/5759 11455/10/5759 11452/7/5752
f 11452/7/5752 11451/6/5752 11454/9/5759
f 11455/10/5754 11453/8/5754 11450/5/5754
f 11450/5/5754 11452/7/5754 11455/10/5754
f 11456/4/1321 11457/1/1321 11458/3/1321
f 11459/2/1321 11458/3/1321 11457/1/1321
f 11460/2/1314 11461/1/1314 11462/3/1314
f 11463/4/1314 11462/3/1314 11461/1/1314
f 11459/11/5760 11457/12/760 11460/13/5760
f 11461/14/760 11460/13/5760 11457/12/760
f 11458/3/5761 11459/2/5762 11462/3/5763
f 11460/2/5764 11462/3/5763 11459/2/5762
f 11456/12/762 11458/11/5756 11463/14/762
f 11462/13/5756 11463/14/762 11458/11/5756
f 11457/1/5757 11456/4/5757 11461/1/5757
f 11463/4/5757 11461/1/5757 11456/4/5757
f 11464/5/5765 11465/6/5765 11466/7/5765
f 11467/8/5766 11468/9/5766 11465/6/5767
f 11465/6/5767 11464/5/5767 11467/8/5766
f 11468/9/5768 11469/10/5768 11466/7/5769
f 11466/7/5769 11465/6/5769 11468/9/5768
f 11469/10/5770 11467/8/5770 11464/5/5771
f 11464/5/5771 11466/7/5771 11469/10/5770
f 11470/4/5772 11471/1/5772 11472/3/5772
f 11473/2/5772 11472/3/5772 11471/1/5772
f 11474/2/5765 11475/1/5765 11476/3/5765
f 11477/4/5765 11476/3/5765 11475/1/5765
f 11473/11/5773 11471/12/5773 11474/13/5773
f 11475/14/5773 11474/13/5773 11471/12/5773
f 11472/3/5774 11473/2/5774 11476/3/5774
f 11474/2/5774 11476/3/5774 11473/2/5774
f 11470/12/5775 11472/11/5776 11477/14/5775
f 11476/13/5776 11477/14/5775 11472/11/5776
f 11471/1/5198 11470/4/5198 11475/1/5163
f 11477/4/5163 11475/1/5163 11470/4/5198
f 11478/5/5777 11479/6/5777 11480/7/5777
f 11481/8/5778 11482/9/5778 11479/6/5778
f 11479/6/5778 11478/5/5778 11481/8/5778
f 11482/9/5779 11483/10/5779 11480/7/5779
f 11480/7/5779 11479/6/5779 11482/9/5779
f 11483/10/5780 11481/8/5780 11478/5/5781
f 11478/5/5781 11480/7/5781 11483/10/5780
f 11484/4/5782 11485/1/5782 11486/3/5782
f 11487/2/5782 11486/3/5782 11485/1/5782
f 11488/2/5783 11489/1/5783 11490/3/5783
f 11491/4/5783 11490/3/5783 11489/1/5783
f 11487/11/5784 11485/12/5785 11488/13/5784
f 11489/14/5785 11488/13/5784 11485/12/5785
f 11486/3/5786 11487/2/5787 11490/3/5788
f 11488/2/1141 11490/3/5788 11487/2/5787
f 11484/12/5789 11486/11/5790 11491/14/5789
f 11490/13/5790 11491/14/5789 11486/11/5790
f 11485/1/5791 11484/4/5791 11489/1/5791
f 11491/4/5791 11489/1/5791 11484/4/5791
f 11492/8/5707 11493/9/5707 11494/6/5707
f 11494/6/5707 11495/5/5707 11492/8/5707
f 11493/9/5709 11496/10/5709 11497/7/5741
f 11497/7/5741 11494/6/5741 11493/9/5709
f 11496/10/5710 11492/8/5710 11495/5/5792
f 11495/5/5792 11497/7/5792 11496/10/5710
f 11498/4/5712 11499/1/5712 11500/3/5712
f 11501/2/5712 11500/3/5712 11499/1/5712
f 11502/2/5706 11503/1/5706 11504/3/5706
f 11505/4/5706 11504/3/5706 11503/1/5706
f 11501/11/122 11499/12/122 11502/13/122
f 11503/14/122 11502/13/122 11499/12/122
f 11500/3/102 11501/2/380 11504/3/380
f 11502/2/5411 11504/3/380 11501/2/380
f 11498/12/99 11500/11/99 11505/14/99
f 11504/13/99 11505/14/99 11500/11/99
f 11499/1/401 11498/4/101 11503/1/101
f 11505/4/1176 11503/1/101 11498/4/101
f 11506/8/5716 11507/9/5716 11508/6/5793
f 11508/6/5793 11509/5/5793 11506/8/5716
f 11507/9/5718 11510/10/5718 11511/7/5719
f 11511/7/5719 11508/6/5719 11507/9/5718
f 11510/10/5746 11506/8/5746 11509/5/5747
f 11509/5/5747 11511/7/5747 11510/10/5746
f 11512/4/5694 11513/1/5694 11514/3/5694
f 11515/2/5694 11514/3/5694 11513/1/5694
f 11516/2/5715 11517/1/5715 11518/3/5715
f 11519/4/5715 11518/3/5715 11517/1/5715
f 11515/11/122 11513/12/122 11516/13/122
f 11517/14/122 11516/13/122 11513/12/122
f 11514/3/102 11515/2/102 11518/3/102
f 11516/2/102 11518/3/102 11515/2/102
f 11512/12/99 11514/11/5794 11519/14/99
f 11518/13/5794 11519/14/99 11514/11/5794
f 11513/1/101 11512/4/101 11517/1/101
f 11519/4/101 11517/1/101 11512/4/101
f 11520/8/5748 11521/9/5748 11522/6/5795
f 11522/6/5795 11523/5/5795 11520/8/5748
f 11521/9/5723 11524/10/5723 11525/7/5723
f 11525/7/5723 11522/6/5723 11521/9/5723
f 11524/10/5749 11520/8/5749 11523/5/5749
f 11523/5/5749 11525/7/5749 11524/10/5749
f 11526/4/5726 11527/1/5726 11528/3/5727
f 11529/2/5727 11528/3/5727 11527/1/5726
f 11530/2/5721 11531/1/5721 11532/3/5721
f 11533/4/5721 11532/3/5721 11531/1/5721
f 11529/11/5728 11527/12/5728 11530/13/5728
f 11531/14/5728 11530/13/5728 11527/12/5728
f 11528/3/5730 11529/2/5730 11532/3/5730
f 11530/2/5730 11532/3/5730 11529/2/5730
f 11526/12/99 11528/11/99 11533/14/99
f 11532/13/99 11533/14/99 11528/11/99
f 11527/1/5750 11526/4/377 11531/1/377
f 11533/4/1176 11531/1/377 11526/4/377
f 11534/5/1314 11535/6/1314 11536/7/1314
f 11537/8/5758 11538/9/5758 11535/6/5751
f 11535/6/5751 11534/5/5751 11537/8/5758
f 11538/9/5759 11539/10/5759 11536/7/5752
f 11536/7/5752 11535/6/5752 11538/9/5759
f 11539/10/5753 11537/8/5753 11534/5/5754
f 11534/5/5754 11536/7/5754 11539/10/5753
f 11540/4/1321 11541/1/1321 11542/3/1321
f 11543/2/1321 11542/3/1321 11541/1/1321
f 11544/2/1314 11545/1/1314 11546/3/1314
f 11547/4/1314 11546/3/1314 11545/1/1314
f 11543/11/5796 11541/12/760 11544/13/5796
f 11545/14/760 11544/13/5796 11541/12/760
f 11542/3/5761 11543/2/5797 11546/3/5798
f 11544/2/5799 11546/3/5798 11543/2/5797
f 11540/12/762 11542/11/5756 11547/14/762
f 11546/13/5756 11547/14/762 11542/11/5756
f 11541/1/5800 11540/4/5800 11545/1/5800
f 11547/4/5800 11545/1/5800 11540/4/5800
f 11548/8/5801 11549/9/5801 11378/6/5802
f 11378/6/5802 11377/5/5802 11548/8/5801
f 11549/9/5803 11550/10/5803 11379/7/5803
f 11379/7/5803 11378/6/5803 11549/9/5803
f 11550/10/5753 11548/8/5753 11377/5/5754
f 11377/5/5754 11379/7/5754 11550/10/5753
f 11551/4/1321 11552/1/1321 11553/3/1321
f 11554/2/1321 11553/3/1321 11552/1/1321
f 11555/2/1314 11556/1/1314 11557/3/1314
f 11558/4/1314 11557/3/1314 11556/1/1314
f 11554/11/5760 11552/12/760 11555/13/5760
f 11556/14/760 11555/13/5760 11552/12/760
f 11553/3/5755 11554/2/5804 11557/3/5805
f 11555/2/5761 11557/3/5805 11554/2/5804
f 11551/12/762 11553/11/5756 11558/14/762
f 11557/13/5756 11558/14/762 11553/11/5756
f 11552/1/5800 11551/4/5800 11556/1/5800
f 11558/4/5800 11556/1/5800 11551/4/5800
f 11559/8/5707 11560/9/5707 11561/6/5707
f 11561/6/5707 11562/5/5707 11559/8/5707
f 11560/9/5708 11563/10/5708 11564/7/5708
f 11564/7/5708 11561/6/5708 11560/9/5708
f 11563/10/5710 11559/8/5710 11562/5/5711
f 11562/5/5711 11564/7/5711 11563/10/5710
f 11565/4/5742 11566/1/5742 11567/3/5712
f 11568/2/5712 11567/3/5712 11566/1/5742
f 11569/2/5706 11570/1/5743 11571/3/5706
f 11572/4/5743 11571/3/5706 11570/1/5743
f 11568/11/122 11566/12/122 11569/13/122
f 11570/14/122 11569/13/122 11566/12/122
f 11567/3/379 11568/2/379 11571/3/102
f 11569/2/102 11571/3/102 11568/2/379
f 11565/12/99 11567/11/99 11572/14/99
f 11571/13/99 11572/14/99 11567/11/99
f 11566/1/101 11565/4/101 11570/1/101
f 11572/4/101 11570/1/101 11565/4/101
f 11573/8/5716 11574/9/5716 11575/6/5717
f 11575/6/5717 11576/5/5717 11573/8/5716
f 11574/9/5718 11577/10/5718 11578/7/5719
f 11578/7/5719 11575/6/5719 11574/9/5718
f 11577/10/5720 11573/8/5720 11576/5/5720
f 11576/5/5720 11578/7/5720 11577/10/5720
f 11579/4/5694 11580/1/5694 11581/3/5694
f 11582/2/5694 11581/3/5694 11580/1/5694
f 11583/2/5715 11584/1/5715 11585/3/5715
f 11586/4/5715 11585/3/5715 11584/1/5715
f 11582/11/122 11580/12/122 11583/13/122
f 11584/14/122 11583/13/122 11580/12/122
f 11581/3/380 11582/2/102 11585/3/102
f 11583/2/379 11585/3/102 11582/2/102
f 11579/12/99 11581/11/5794 11586/14/99
f 11585/13/5794 11586/14/99 11581/11/5794
f 11580/1/101 11579/4/101 11584/1/101
f 11586/4/101 11584/1/101 11579/4/101
f 11587/8/102 11588/4/102 11589/2/102
f 11590/6/102 11589/2/102 11588/4/102
f 11591/8/101 11592/9/101 11593/2/101
f 11594/26/101 11593/2/101 11592/9/101
f 11595/8/5806 11596/4/5807 11587/2/5808
f 11588/6/5809 11587/2/5808 11596/4/5807
f 11597/8/5810 11598/9/5811 11591/2/5812
f 11592/26/5813 11591/2/5812 11598/9/5811
f 11599/8/102 11600/4/102 11601/2/102
f 11602/6/102 11601/2/102 11600/4/102
f 11603/8/101 11604/9/101 11605/2/101
f 11606/26/101 11605/2/101 11604/9/101
f 11607/8/5814 11608/4/5815 11599/2/5816
f 11600/6/5817 11599/2/5816 11608/4/5815
f 11609/8/5818 11610/9/5819 11603/2/5820
f 11604/26/5821 11603/2/5820 11610/9/5819
f 11611/8/102 11612/4/102 11613/2/102
f 11614/6/102 11613/2/102 11612/4/102
f 11615/8/101 11616/9/101 11617/2/101
f 11618/26/101 11617/2/101 11616/9/101
f 11619/8/5806 11620/4/5807 11611/2/5808
f 11612/6/5809 11611/2/5808 11620/4/5807
f 11621/8/5818 11622/9/5819 11615/2/5820
f 11616/26/5822 11615/2/5820 11622/9/5819
f 11629/8/102 11630/4/102 11623/2/102
f 11624/6/102 11623/2/102 11630/4/102
f 11633/8/101 11634/9/101 11625/2/101
f 11626/26/101 11625/2/101 11634/9/101
f 11627/8/5806 11628/4/5807 11629/2/5823
f 11630/6/5809 11629/2/5823 11628/4/5807
f 11631/8/5818 11632/9/5819 11633/2/5812
f 11634/26/5813 11633/2/5812 11632/9/5819
f 11635/8/102 11636/4/102 11637/2/102
f 11638/6/102 11637/2/102 11636/4/102
f 11639/8/101 11640/9/101 11641/2/101
f 11642/26/101 11641/2/101 11640/9/101
f 11643/8/5806 11644/4/5807 11635/2/5823
f 11636/6/5809 11635/2/5823 11644/4/5807
f 11645/8/5818 11646/9/5819 11639/2/5820
f 11640/26/5822 11639/2/5820 11646/9/5819
f 11647/8/102 11648/4/102 11649/2/102
f 11650/6/102 11649/2/102 11648/4/102
f 11651/8/101 11652/9/101 11653/2/101
f 11654/26/101 11653/2/101 11652/9/101
f 11655/8/5824 11656/4/5825 11647/2/5808
f 11648/6/5809 11647/2/5808 11656/4/5825
f 11657/8/5818 11658/9/5819 11651/2/5820
f 11652/26/5822 11651/2/5820 11658/9/5819
f 11659/8/102 11660/4/102 11661/2/102
f 11662/6/102 11661/2/102 11660/4/102
f 11663/8/101 11664/9/101 11665/2/101
f 11666/26/101 11665/2/101 11664/9/101
f 11667/8/5814 11668/4/5815 11659/2/5823
f 11660/6/5809 11659/2/5823 11668/4/5815
f 11669/8/5818 11670/9/5819 11663/2/5820
f 11664/26/5822 11663/2/5820 11670/9/5819
f 11677/8/102 11678/4/102 11671/2/102
f 11672/6/102 11671/2/102 11678/4/102
f 11681/8/101 11682/9/101 11673/2/101
f 11674/26/101 11673/2/101 11682/9/101
f 11675/8/5826 11676/4/5807 11677/2/5808
f 11678/6/5809 11677/2/5808 11676/4/5807
f 11679/8/5818 11680/9/5819 11681/2/5820
f 11682/26/5822 11681/2/5820 11680/9/5819
f 11683/8/102 11684/4/102 11685/2/102
f 11686/6/102 11685/2/102 11684/4/102
f 11687/8/101 11688/9/101 11689/2/101
f 11690/26/101 11689/2/101 11688/9/101
f 11691/8/5814 11692/4/5815 11683/2/5823
f 11684/6/5809 11683/2/5823 11692/4/5815
f 11693/8/5827 11694/9/5819 11687/2/5820
f 11688/26/5822 11687/2/5820 11694/9/5819
f 11701/8/102 11702/4/102 11695/2/102
f 11696/6/102 11695/2/102 11702/4/102
f 11705/8/101 11706/9/101 11697/2/101
f 11698/26/101 11697/2/101 11706/9/101
f 11699/8/5814 11700/4/5815 11701/2/5816
f 11702/6/5817 11701/2/5816 11700/4/5815
f 11703/8/5818 11704/9/5819 11705/2/5820
f 11706/26/5822 11705/2/5820 11704/9/5819
f 11707/8/102 11708/4/102 11709/2/102
f 11710/6/102 11709/2/102 11708/4/102
f 11711/8/101 11712/9/101 11713/2/101
f 11714/26/101 11713/2/101 11712/9/101
f 11715/8/5814 11716/4/5815 11707/2/5823
f 11708/6/5809 11707/2/5823 11716/4/5815
f 11717/8/5818 11718/9/5819 11711/2/5820
f 11712/26/5822 11711/2/5820 11718/9/5819
f 11725/8/102 11726/4/102 11719/2/102
f 11720/6/102 11719/2/102 11726/4/102
f 11729/8/101 11730/9/101 11721/2/101
f 11722/26/101 11721/2/101 11730/9/101
f 11723/8/5814 11724/4/5815 11725/2/5823
f 11726/6/5809 11725/2/5823 11724/4/5815
f 11727/8/5827 11728/9/5819 11729/2/5820
f 11730/26/5828 11729/2/5820 11728/9/5819
f 11731/8/102 11732/4/102 11733/2/102
f 11734/6/102 11733/2/102 11732/4/102
f 11735/8/101 11736/9/101 11737/2/101
f 11738/26/101 11737/2/101 11736/9/101
f 11739/8/5814 11740/4/5815 11731/2/5823
f 11732/6/5809 11731/2/5823 11740/4/5815
f 11741/8/5818 11742/9/5819 11735/2/5820
f 11736/26/5822 11735/2/5820 11742/9/5819
f 11743/8/102 11744/4/102 11745/2/102
f 11746/6/102 11745/2/102 11744/4/102
f 11747/8/101 11748/9/101 11749/2/101
f 11750/26/101 11749/2/101 11748/9/101
f 11751/8/5814 11752/4/5815 11743/2/5816
f 11744/6/5817 11743/2/5816 11752/4/5815
f 11753/8/5827 11754/9/5829 11747/2/5820
f 11748/26/5822 11747/2/5820 11754/9/5829
f 11761/8/102 11762/4/102 11755/2/102
f 11756/6/102 11755/2/102 11762/4/102
f 11765/8/101 11766/9/101 11757/2/101
f 11758/26/101 11757/2/101 11766/9/101
f 11759/8/5814 11760/4/5815 11761/2/5816
f 11762/6/5817 11761/2/5816 11760/4/5815
f 11763/8/5827 11764/9/5819 11765/2/5820
f 11766/26/5821 11765/2/5820 11764/9/5819
f 11767/8/102 11768/4/102 11769/2/102
f 11770/6/102 11769/2/102 11768/4/102
f 11771/8/101 11772/9/101 11773/2/101
f 11774/26/101 11773/2/101 11772/9/101
f 11775/8/102 11776/4/102 11777/2/102
f 11778/6/102 11777/2/102 11776/4/102
f 11779/8/101 11780/9/101 11781/2/101
f 11782/26/101 11781/2/101 11780/9/101
f 11783/8/102 11784/4/102 11785/2/102
f 11786/6/102 11785/2/102 11784/4/102
f 11787/8/101 11788/9/101 11789/2/101
f 11790/26/101 11789/2/101 11788/9/101
f 11791/8/102 11792/4/102 11793/2/102
f 11794/6/102 11793/2/102 11792/4/102
f 11795/8/101 11796/9/101 11797/2/101
f 11798/26/101 11797/2/101 11796/9/101
f 11799/8/102 11800/4/102 11801/2/102
f 11802/6/102 11801/2/102 11800/4/102
f 11803/8/101 11804/9/101 11805/2/101
f 11806/26/101 11805/2/101 11804/9/101
f 11807/8/102 11808/4/102 11809/2/102
f 11810/6/102 11809/2/102 11808/4/102
f 11811/8/101 11812/9/101 11813/2/101
f 11814/26/101 11813/2/101 11812/9/101
f 11815/8/102 11816/4/102 11817/2/102
f 11818/6/102 11817/2/102 11816/4/102
f 11819/8/101 11820/9/101 11821/2/101
f 11822/26/101 11821/2/101 11820/9/101
f 11823/8/102 11824/4/102 11825/2/102
f 11826/6/102 11825/2/102 11824/4/102
f 11827/8/101 11828/9/101 11829/2/101
f 11830/26/101 11829/2/101 11828/9/101
f 11831/8/102 11832/4/102 11833/2/102
f 11834/6/102 11833/2/102 11832/4/102
f 11835/8/101 11836/9/101 11837/2/101
f 11838/26/101 11837/2/101 11836/9/101
f 11839/8/102 11840/4/102 11841/2/102
f 11842/6/102 11841/2/102 11840/4/102
f 11843/8/101 11844/9/101 11845/2/101
f 11846/26/101 11845/2/101 11844/9/101
f 11847/8/102 11848/4/102 11849/2/102
f 11850/6/102 11849/2/102 11848/4/102
f 11851/8/101 11852/9/101 11853/2/101
f 11854/26/101 11853/2/101 11852/9/101
f 11855/8/102 11856/4/102 11857/2/102
f 11858/6/102 11857/2/102 11856/4/102
f 11859/8/101 11860/9/101 11861/2/101
f 11862/26/101 11861/2/101 11860/9/101
f 11863/5/1 11864/6/1 11865/7/1
f 11866/8/5830 11867/9/5830 11864/6/5830
f 11864/6/5830 11863/5/5830 11866/8/5830
f 11867/9/5831 11868/10/5831 11865/7/5831
f 11865/7/5831 11864/6/5831 11867/9/5831
f 11868/10/5832 11866/8/5832 11863/5/5832
f 11863/5/5832 11865/7/5832 11868/10/5832
f 11869/4/66 11870/1/66 11871/3/66
f 11872/2/66 11871/3/66 11870/1/66
f 11873/2/1 11874/1/1 11875/3/1
f 11876/4/1 11875/3/1 11874/1/1
f 11872/11/5833 11870/12/99 11873/13/5833
f 11874/14/99 11873/13/5833 11870/12/99
f 11871/3/101 11872/2/101 11875/3/101
f 11873/2/101 11875/3/101 11872/2/101
f 11869/12/122 11871/11/122 11876/14/122
f 11875/13/122 11876/14/122 11871/11/122
f 11870/1/102 11869/4/102 11874/1/102
f 11876/4/102 11874/1/102 11869/4/102
f 11877/5/1 11878/6/1 11879/7/1
f 11880/8/5834 11881/9/5834 11878/6/5834
f 11878/6/5834 11877/5/5834 11880/8/5834
f 11881/9/102 11882/10/102 11879/7/102
f 11879/7/102 11878/6/102 11881/9/102
f 11882/10/5835 11880/8/5835 11877/5/5835
f 11877/5/5835 11879/7/5835 11882/10/5835
f 11883/4/66 11884/1/66 11885/3/66
f 11886/2/66 11885/3/66 11884/1/66
f 11887/2/1 11888/1/1 11889/3/1
f 11890/4/1 11889/3/1 11888/1/1
f 11886/11/99 11884/12/99 11887/13/99
f 11888/14/99 11887/13/99 11884/12/99
f 11885/3/101 11886/2/101 11889/3/5750
f 11887/2/5750 11889/3/5750 11886/2/101
f 11883/12/122 11885/11/122 11890/14/122
f 11889/13/122 11890/14/122 11885/11/122
f 11884/1/102 11883/4/102 11888/1/102
f 11890/4/102 11888/1/102 11883/4/102
f 11891/5/2 11892/6/2 11893/7/2
f 11894/8/5738 11895/9/5738 11892/6/5738
f 11892/6/5738 11891/5/5738 11894/8/5738
f 11895/9/101 11896/10/101 11893/7/101
f 11893/7/101 11892/6/101 11895/9/101
f 11896/10/5739 11894/8/5739 11891/5/5739
f 11891/5/5739 11893/7/5739 11896/10/5739
f 11897/4/7 11898/1/7 11899/3/7
f 11900/2/7 11899/3/7 11898/1/7
f 11901/2/2 11902/1/2 11903/3/2
f 11904/4/2 11903/3/2 11902/1/2
f 11900/11/122 11898/12/122 11901/13/122
f 11902/14/122 11901/13/122 11898/12/122
f 11899/3/102 11900/2/102 11903/3/102
f 11901/2/380 11903/3/102 11900/2/102
f 11897/12/99 11899/11/99 11904/14/99
f 11903/13/99 11904/14/99 11899/11/99
f 11898/1/377 11897/4/377 11902/1/377
f 11904/4/377 11902/1/377 11897/4/377
f 11905/5/1 11906/6/1 11907/7/1
f 11908/8/5836 11909/9/5836 11906/6/5836
f 11906/6/5836 11905/5/5836 11908/8/5836
f 11909/9/5837 11910/10/5837 11907/7/5837
f 11907/7/5837 11906/6/5837 11909/9/5837
f 11910/10/5838 11908/8/5838 11905/5/5838
f 11905/5/5838 11907/7/5838 11910/10/5838
f 11911/4/66 11912/1/66 11913/3/66
f 11914/2/66 11913/3/66 11912/1/66
f 11915/2/1 11916/1/1 11917/3/1
f 11918/4/1 11917/3/1 11916/1/1
f 11914/11/122 11912/12/122 11915/13/122
f 11916/14/122 11915/13/122 11912/12/122
f 11913/3/102 11914/2/102 11917/3/102
f 11915/2/102 11917/3/102 11914/2/102
f 11911/12/99 11913/11/5839 11918/14/99
f 11917/13/5839 11918/14/99 11913/11/5839
f 11912/1/101 11911/4/101 11916/1/101
f 11918/4/101 11916/1/101 11911/4/101
f 11919/5/1 11920/6/1 11921/7/1
f 11922/8/5840 11923/9/5840 11920/6/5840
f 11920/6/5840 11919/5/5840 11922/8/5840
f 11923/9/5841 11924/10/5841 11921/7/5841
f 11921/7/5841 11920/6/5841 11923/9/5841
f 11924/10/5842 11922/8/5842 11919/5/5842
f 11919/5/5842 11921/7/5842 11924/10/5842
f 11925/4/66 11926/1/66 11927/3/66
f 11928/2/66 11927/3/66 11926/1/66
f 11929/2/1 11930/1/1 11931/3/1
f 11932/4/1 11931/3/1 11930/1/1
f 11928/11/122 11926/12/122 11929/13/122
f 11930/14/122 11929/13/122 11926/12/122
f 11927/3/102 11928/2/102 11931/3/102
f 11929/2/102 11931/3/102 11928/2/102
f 11925/12/99 11927/11/99 11932/14/99
f 11931/13/99 11932/14/99 11927/11/99
f 11926/1/101 11925/4/101 11930/1/101
f 11932/4/101 11930/1/101 11925/4/101
f 11933/5/1 11934/6/1 11935/7/1
f 11936/8/5722 11937/9/5722 11934/6/5722
f 11934/6/5722 11933/5/5722 11936/8/5722
f 11937/9/5843 11938/10/5843 11935/7/5843
f 11935/7/5843 11934/6/5843 11937/9/5843
f 11938/10/5844 11936/8/5844 11933/5/5749
f 11933/5/5749 11935/7/5749 11938/10/5844
f 11939/4/66 11940/1/66 11941/3/66
f 11942/2/66 11941/3/66 11940/1/66
f 11943/2/1 11944/1/1 11945/3/1
f 11946/4/1 11945/3/1 11944/1/1
f 11942/11/122 11940/12/122 11943/13/122
f 11944/14/122 11943/13/122 11940/12/122
f 11941/3/102 11942/2/102 11945/3/102
f 11943/2/102 11945/3/102 11942/2/102
f 11939/12/99 11941/11/5845 11946/14/99
f 11945/13/5845 11946/14/99 11941/11/5845
f 11940/1/101 11939/4/101 11944/1/101
f 11946/4/101 11944/1/101 11939/4/101
f 11947/5/1 11948/6/1 11949/7/1
f 11950/8/5834 11951/9/5834 11948/6/5834
f 11948/6/5834 11947/5/5834 11950/8/5834
f 11951/9/102 11952/10/102 11949/7/102
f 11949/7/102 11948/6/102 11951/9/102
f 11952/10/5835 11950/8/5835 11947/5/5846
f 11947/5/5846 11949/7/5846 11952/10/5835
f 11953/4/66 11954/1/66 11955/3/66
f 11956/2/66 11955/3/66 11954/1/66
f 11957/2/1 11958/1/1 11959/3/1
f 11960/4/1 11959/3/1 11958/1/1
f 11956/11/5847 11954/12/99 11957/13/5847
f 11958/14/99 11957/13/5847 11954/12/99
f 11955/3/101 11956/2/101 11959/3/101
f 11957/2/101 11959/3/101 11956/2/101
f 11953/12/122 11955/11/122 11960/14/122
f 11959/13/122 11960/14/122 11955/11/122
f 11954/1/102 11953/4/102 11958/1/102
f 11960/4/102 11958/1/102 11953/4/102
f 11961/5/1 11962/6/1 11963/7/1
f 11964/8/5848 11965/9/5848 11962/6/5848
f 11962/6/5848 11961/5/5848 11964/8/5848
f 11965/9/5849 11966/10/5849 11963/7/5849
f 11963/7/5849 11962/6/5849 11965/9/5849
f 11966/10/5850 11964/8/5850 11961/5/5850
f 11961/5/5850 11963/7/5850 11966/10/5850
f 11967/4/66 11968/1/66 11969/3/66
f 11970/2/66 11969/3/66 11968/1/66
f 11971/2/1 11972/1/1 11973/3/1
f 11974/4/1 11973/3/1 11972/1/1
f 11970/11/99 11968/12/99 11971/13/99
f 11972/14/99 11971/13/99 11968/12/99
f 11969/3/101 11970/2/101 11973/3/101
f 11971/2/101 11973/3/101 11970/2/101
f 11967/12/122 11969/11/122 11974/14/122
f 11973/13/122 11974/14/122 11969/11/122
f 11968/1/102 11967/4/102 11972/1/102
f 11974/4/102 11972/1/102 11967/4/102
f 11975/5/1 11976/6/1 11977/7/1
f 11978/8/5851 11979/9/5851 11976/6/5851
f 11976/6/5851 11975/5/5851 11978/8/5851
f 11979/9/5852 11980/10/5852 11977/7/5852
f 11977/7/5852 11976/6/5852 11979/9/5852
f 11980/10/5853 11978/8/5853 11975/5/5853
f 11975/5/5853 11977/7/5853 11980/10/5853
f 11981/4/66 11982/1/66 11983/3/66
f 11984/2/66 11983/3/66 11982/1/66
f 11985/2/1 11986/1/1 11987/3/1
f 11988/4/1 11987/3/1 11986/1/1
f 11984/11/5845 11982/12/99 11985/13/5845
f 11986/14/99 11985/13/5845 11982/12/99
f 11983/3/101 11984/2/101 11987/3/101
f 11985/2/101 11987/3/101 11984/2/101
f 11981/12/122 11983/11/122 11988/14/122
f 11987/13/122 11988/14/122 11983/11/122
f 11982/1/102 11981/4/102 11986/1/102
f 11988/4/102 11986/1/102 11981/4/102
f 11989/5/1 11990/6/1 11991/7/1
f 11992/8/5834 11993/9/5834 11990/6/5834
f 11990/6/5834 11989/5/5834 11992/8/5834
f 11993/9/102 11994/10/102 11991/7/102
f 11991/7/102 11990/6/102 11993/9/102
f 11994/10/5835 11992/8/5835 11989/5/5846
f 11989/5/5846 11991/7/5846 11994/10/5835
f 11995/4/66 11996/1/66 11997/3/66
f 11998/2/66 11997/3/66 11996/1/66
f 11999/2/1 12000/1/1 12001/3/1
f 12002/4/1 12001/3/1 12000/1/1
f 11998/11/99 11996/12/99 11999/13/99
f 12000/14/99 11999/13/99 11996/12/99
f 11997/3/101 11998/2/101 12001/3/101
f 11999/2/101 12001/3/101 11998/2/101
f 11995/12/122 11997/11/122 12002/14/122
f 12001/13/122 12002/14/122 11997/11/122
f 11996/1/102 11995/4/102 12000/1/102
f 12002/4/102 12000/1/102 11995/4/102
f 12003/5/5854 12004/6/5854 12005/7/5854
f 12006/8/5855 12007/9/5855 12004/6/5855
f 12004/6/5855 12003/5/5855 12006/8/5855
f 12007/9/5856 12008/10/5856 12005/7/5856
f 12005/7/5856 12004/6/5856 12007/9/5856
f 12008/10/5857 12006/8/5857 12003/5/5857
f 12003/5/5857 12005/7/5857 12008/10/5857
f 12009/4/5858 12010/1/5858 12011/3/5858
f 12012/2/5858 12011/3/5858 12010/1/5858
f 12013/2/5854 12014/1/5854 12015/3/5854
f 12016/4/5854 12015/3/5854 12014/1/5854
f 12012/11/5859 12010/12/5860 12013/13/5859
f 12014/14/5860 12013/13/5859 12010/12/5860
f 12011/3/5861 12012/2/5862 12015/3/5862
f 12013/2/5863 12015/3/5862 12012/2/5862
f 12009/12/5864 12011/11/5865 12016/14/5864
f 12015/13/5865 12016/14/5864 12011/11/5865
f 12010/1/5866 12009/4/5867 12014/1/5867
f 12016/4/5867 12014/1/5867 12009/4/5867
f 12017/8/102 12018/4/102 12019/2/102
f 12020/6/102 12019/2/102 12018/4/102
f 12021/8/101 12022/9/101 12023/2/101
f 12024/26/101 12023/2/101 12022/9/101
f 12025/8/102 12026/4/102 12027/2/102
f 12028/6/102 12027/2/102 12026/4/102
f 12029/8/101 12030/9/101 12031/2/101
f 12032/26/101 12031/2/101 12030/9/101
f 12033/8/102 12034/4/102 12035/2/102
f 12036/6/102 12035/2/102 12034/4/102
f 12037/8/101 12038/9/101 12039/2/101
f 12040/26/101 12039/2/101 12038/9/101
f 12041/8/102 12042/4/102 12043/2/102
f 12044/6/102 12043/2/102 12042/4/102
f 12045/8/101 12046/9/101 12047/2/101
f 12048/26/101 12047/2/101 12046/9/101
f 12049/8/102 12050/4/102 12051/2/102
f 12052/6/102 12051/2/102 12050/4/102
f 12053/8/101 12054/9/101 12055/2/101
f 12056/26/101 12055/2/101 12054/9/101
f 12057/8/102 12058/4/102 12059/2/102
f 12060/6/102 12059/2/102 12058/4/102
f 12061/8/101 12062/9/101 12063/2/101
f 12064/26/101 12063/2/101 12062/9/101
f 12065/8/102 12066/4/102 12067/2/102
f 12068/6/102 12067/2/102 12066/4/102
f 12069/8/101 12070/9/101 12071/2/101
f 12072/26/101 12071/2/101 12070/9/101
f 12073/8/102 12074/4/102 12075/2/102
f 12076/6/102 12075/2/102 12074/4/102
f 12077/8/101 12078/9/101 12079/2/101
f 12080/26/101 12079/2/101 12078/9/101
f 12081/8/102 12082/4/102 12083/2/102
f 12084/6/102 12083/2/102 12082/4/102
f 12085/8/101 12086/9/101 12087/2/101
f 12088/26/101 12087/2/101 12086/9/101
f 12089/8/102 12090/4/102 12091/2/102
f 12092/6/102 12091/2/102 12090/4/102
f 12093/8/101 12094/9/101 12095/2/101
f 12096/26/101 12095/2/101 12094/9/101
f 12097/8/102 12098/4/102 12099/2/102
f 12100/6/102 12099/2/102 12098/4/102
f 12101/8/101 12102/9/101 12103/2/101
f 12104/26/101 12103/2/101 12102/9/101
f 12105/8/101 12106/4/101 12107/2/101
f 12108/6/101 12107/2/101 12106/4/101
f 12109/8/102 12110/9/102 12111/2/102
f 12112/26/102 12111/2/102 12110/9/102
f 12113/8/101 12114/4/101 12115/2/101
f 12116/6/101 12115/2/101 12114/4/101
f 12117/8/102 12118/9/102 12119/2/102
f 12120/26/102 12119/2/102 12118/9/102
f 12121/8/101 12122/4/101 12123/2/101
f 12124/6/101 12123/2/101 12122/4/101
f 12125/8/102 12126/9/102 12127/2/102
f 12128/26/102 12127/2/102 12126/9/102
f 12129/8/102 12130/4/102 12131/2/102
f 12132/6/102 12131/2/102 12130/4/102
f 12133/8/101 12134/9/101 12135/2/101
f 12136/26/101 12135/2/101 12134/9/101
f 12137/4/99 12138/1/99 12139/15/99
f 12140/16/99 12139/15/99 12138/1/99
f 12139/15/99 12140/16/99 12141/17/99
f 12142/2/99 12141/17/99 12140/16/99
f 12140/18/1 12138/8/1 12143/19/1
f 12144/20/1 12143/19/1 12138/8/1
f 12142/2/1 12140/18/1 12145/1/1
f 12143/19/1 12145/1/1 12140/18/1
f 12141/21/101 12142/22/101 12146/3/101
f 12145/2/101 12146/3/101 12142/22/101
f 12139/19/66 12141/22/66 12147/18/66
f 12146/2/66 12147/18/66 12141/22/66
f 12137/4/66 12139/19/66 12148/23/66
f 12147/18/66 12148/23/66 12139/19/66
f 12138/24/102 12137/8/102 12144/25/102
f 12148/20/102 12144/25/102 12137/8/102
f 12149/27/66 12150/28/66 12151/29/66
f 12151/29/66 12152/30/66 12149/27/66
f 12153/8/102 12154/4/102 12155/2/102
f 12156/6/102 12155/2/102 12154/4/102
f 12157/8/101 12158/9/101 12159/2/101
f 12160/26/101 12159/2/101 12158/9/101
f 12161/8/5814 12162/4/5815 12153/2/5823
f 12154/6/5809 12153/2/5823 12162/4/5815
f 12163/8/5818 12164/9/5819 12157/2/5820
f 12158/26/5822 12157/2/5820 12164/9/5819
f 12165/8/102 12166/4/102 12167/2/102
f 12168/6/102 12167/2/102 12166/4/102
f 12169/8/101 12170/9/101 12171/2/101
f 12172/26/101 12171/2/101 12170/9/101
f 12173/8/5824 12174/4/5825 12165/2/5823
f 12166/6/5809 12165/2/5823 12174/4/5825
f 12175/8/5818 12176/9/5819 12169/2/5820
f 12170/26/5822 12169/2/5820 12176/9/5819
f 12177/8/102 12178/4/102 12179/2/102
f 12180/6/102 12179/2/102 12178/4/102
f 12181/8/101 12182/9/101 12183/2/101
f 12184/26/101 12183/2/101 12182/9/101
f 12185/8/5824 12186/4/5825 12177/2/5823
f 12178/6/5809 12177/2/5823 12186/4/5825
f 12187/8/5818 12188/9/5819 12181/2/5820
f 12182/26/5822 12181/2/5820 12188/9/5819
f 12195/8/102 12196/4/102 12189/2/102
f 12190/6/102 12189/2/102 12196/4/102
f 12199/8/101 12200/9/101 12191/2/101
f 12192/26/101 12191/2/101 12200/9/101
f 12193/8/5814 12194/4/5815 12195/2/5823
f 12196/6/5817 12195/2/5823 12194/4/5815
f 12197/8/5818 12198/9/5819 12199/2/5820
f 12200/26/5822 12199/2/5820 12198/9/5819
f 12201/8/102 12202/4/102 12203/2/102
f 12204/6/102 12203/2/102 12202/4/102
f 12205/8/101 12206/9/101 12207/2/101
f 12208/26/101 12207/2/101 12206/9/101
f 12209/8/5814 12210/4/5815 12201/2/5823
f 12202/6/5817 12201/2/5823 12210/4/5815
f 12211/8/5818 12212/9/5819 12205/2/5820
f 12206/26/5822 12205/2/5820 12212/9/5819
f 12213/8/102 12214/4/102 12215/2/102
f 12216/6/102 12215/2/102 12214/4/102
f 12217/8/101 12218/9/101 12219/2/101
f 12220/26/101 12219/2/101 12218/9/101
f 12221/8/5814 12222/4/5815 12213/2/5823
f 12214/6/5817 12213/2/5823 12222/4/5815
f 12223/8/5818 12224/9/5819 12217/2/5820
f 12218/26/5822 12217/2/5820 12224/9/5819
f 12225/8/102 12226/4/102 12227/2/102
f 12228/6/102 12227/2/102 12226/4/102
f 12229/8/101 12230/9/101 12231/2/101
f 12232/26/101 12231/2/101 12230/9/101
f 12233/8/5814 12234/4/5815 12225/2/5823
f 12226/6/5817 12225/2/5823 12234/4/5815
f 12235/8/5818 12236/9/5819 12229/2/5820
f 12230/26/5822 12229/2/5820 12236/9/5819
f 12243/8/102 12244/4/102 12237/2/102
f 12238/6/102 12237/2/102 12244/4/102
f 12247/8/101 12248/9/101 12239/2/101
f 12240/26/101 12239/2/101 12248/9/101
f 12241/8/5814 12242/4/5815 12243/2/5823
f 12244/6/5817 12243/2/5823 12242/4/5815
f 12245/8/5818 12246/9/5819 12247/2/5820
f 12248/26/5822 12247/2/5820 12246/9/5819
f 12249/8/102 12250/4/102 12251/2/102
f 12252/6/102 12251/2/102 12250/4/102
f 12253/8/101 12254/9/101 12255/2/101
f 12256/26/101 12255/2/101 12254/9/101
f 12257/8/5814 12258/4/5815 12249/2/5816
f 12250/6/5817 12249/2/5816 12258/4/5815
f 12259/8/5827 12260/9/5819 12253/2/5820
f 12254/26/5822 12253/2/5820 12260/9/5819
f 12267/8/102 12268/4/102 12261/2/102
f 12262/6/102 12261/2/102 12268/4/102
f 12271/8/101 12272/9/101 12263/2/101
f 12264/26/101 12263/2/101 12272/9/101
f 12265/8/5814 12266/4/5815 12267/2/5816
f 12268/6/5817 12267/2/5816 12266/4/5815
f 12269/8/5818 12270/9/5819 12271/2/5820
f 12272/26/5822 12271/2/5820 12270/9/5819
f 12273/8/102 12274/4/102 12275/2/102
f 12276/6/102 12275/2/102 12274/4/102
f 12277/8/101 12278/9/101 12279/2/101
f 12280/26/101 12279/2/101 12278/9/101
f 12281/8/5824 12282/4/5825 12273/2/5823
f 12274/6/5809 12273/2/5823 12282/4/5825
f 12283/8/5818 12284/9/5819 12277/2/5820
f 12278/26/5822 12277/2/5820 12284/9/5819
f 12291/8/102 12292/4/102 12285/2/102
f 12286/6/102 12285/2/102 12292/4/102
f 12295/8/101 12296/9/101 12287/2/101
f 12288/26/101 12287/2/101 12296/9/101
f 12289/8/5814 12290/4/5815 12291/2/5823
f 12292/6/5809 12291/2/5823 12290/4/5815
f 12293/8/5827 12294/9/5819 12295/2/5820
f 12296/26/5828 12295/2/5820 12294/9/5819
f 12297/8/401 12298/4/401 12299/2/401
f 12300/6/401 12299/2/401 12298/4/401
f 12301/8/1187 12302/9/1187 12303/2/1187
f 12304/26/1187 12303/2/1187 12302/9/1187
f 12305/8/401 12306/4/401 12307/2/401
f 12308/6/401 12307/2/401 12306/4/401
f 12309/8/1187 12310/9/1187 12311/2/1187
f 12312/26/1187 12311/2/1187 12310/9/1187
f 12313/8/401 12314/4/401 12315/2/401
f 12316/6/401 12315/2/401 12314/4/401
f 12317/8/1187 12318/9/1187 12319/2/1187
f 12320/26/1187 12319/2/1187 12318/9/1187
f 12321/8/401 12322/4/401 12323/2/401
f 12324/6/401 12323/2/401 12322/4/401
f 12325/8/1187 12326/9/1187 12327/2/1187
f 12328/26/1187 12327/2/1187 12326/9/1187
f 12329/5/1 12330/6/1 12331/7/1
f 12332/8/5738 12333/9/5738 12330/6/5738
f 12330/6/5738 12329/5/5738 12332/8/5738
f 12333/9/101 12334/10/101 12331/7/101
f 12331/7/101 12330/6/101 12333/9/101
f 12334/10/5739 12332/8/5739 12329/5/5739
f 12329/5/5739 12331/7/5739 12334/10/5739
f 12335/4/66 12336/1/66 12337/3/66
f 12338/2/66 12337/3/66 12336/1/66
f 12339/2/1 12340/1/1 12341/3/1
f 12342/4/1 12341/3/1 12340/1/1
f 12338/11/122 12336/12/122 12339/13/122
f 12340/14/122 12339/13/122 12336/12/122
f 12337/3/102 12338/2/102 12341/3/102
f 12339/2/102 12341/3/102 12338/2/102
f 12335/12/99 12337/11/99 12342/14/99
f 12341/13/99 12342/14/99 12337/11/99
f 12336/1/101 12335/4/101 12340/1/101
f 12342/4/101 12340/1/101 12335/4/101
f 12343/5/1 12344/6/1 12345/7/1
f 12346/8/5836 12347/9/5836 12344/6/5836
f 12344/6/5836 12343/5/5836 12346/8/5836
f 12347/9/5837 12348/10/5837 12345/7/5837
f 12345/7/5837 12344/6/5837 12347/9/5837
f 12348/10/5868 12346/8/5868 12343/5/5868
f 12343/5/5868 12345/7/5868 12348/10/5868
f 12349/4/66 12350/1/66 12351/3/66
f 12352/2/66 12351/3/66 12350/1/66
f 12353/2/1 12354/1/1 12355/3/1
f 12356/4/1 12355/3/1 12354/1/1
f 12352/11/122 12350/12/122 12353/13/122
f 12354/14/122 12353/13/122 12350/12/122
f 12351/3/102 12352/2/102 12355/3/102
f 12353/2/102 12355/3/102 12352/2/102
f 12349/12/99 12351/11/99 12356/14/99
f 12355/13/99 12356/14/99 12351/11/99
f 12350/1/101 12349/4/101 12354/1/101
f 12356/4/101 12354/1/101 12349/4/101
f 12357/5/1 12358/6/1 12359/7/1
f 12360/8/5840 12361/9/5840 12358/6/5840
f 12358/6/5840 12357/5/5840 12360/8/5840
f 12361/9/5841 12362/10/5841 12359/7/5841
f 12359/7/5841 12358/6/5841 12361/9/5841
f 12362/10/5869 12360/8/5869 12357/5/5869
f 12357/5/5869 12359/7/5869 12362/10/5869
f 12363/4/66 12364/1/66 12365/3/66
f 12366/2/66 12365/3/66 12364/1/66
f 12367/2/1 12368/1/1 12369/3/1
f 12370/4/1 12369/3/1 12368/1/1
f 12366/11/122 12364/12/122 12367/13/122
f 12368/14/122 12367/13/122 12364/12/122
f 12365/3/102 12366/2/102 12369/3/102
f 12367/2/102 12369/3/102 12366/2/102
f 12363/12/99 12365/11/99 12370/14/99
f 12369/13/99 12370/14/99 12365/11/99
f 12364/1/101 12363/4/101 12368/1/101
f 12370/4/101 12368/1/101 12363/4/101
f 12371/5/1 12372/6/1 12373/7/1
f 12374/8/5722 12375/9/5722 12372/6/5722
f 12372/6/5722 12371/5/5722 12374/8/5722
f 12375/9/5843 12376/10/5843 12373/7/5843
f 12373/7/5843 12372/6/5843 12375/9/5843
f 12376/10/5725 12374/8/5725 12371/5/5725
f 12371/5/5725 12373/7/5725 12376/10/5725
f 12377/4/66 12378/1/66 12379/3/66
f 12380/2/66 12379/3/66 12378/1/66
f 12381/2/1 12382/1/1 12383/3/1
f 12384/4/1 12383/3/1 12382/1/1
f 12380/11/122 12378/12/122 12381/13/122
f 12382/14/122 12381/13/122 12378/12/122
f 12379/3/102 12380/2/102 12383/3/102
f 12381/2/102 12383/3/102 12380/2/102
f 12377/12/99 12379/11/99 12384/14/99
f 12383/13/99 12384/14/99 12379/11/99
f 12378/1/101 12377/4/101 12382/1/101
f 12384/4/101 12382/1/101 12377/4/101
f 12385/5/1 12386/6/1 12387/7/1
f 12388/8/5848 12389/9/5848 12386/6/5848
f 12386/6/5848 12385/5/5848 12388/8/5848
f 12389/9/5849 12390/10/5849 12387/7/5849
f 12387/7/5849 12386/6/5849 12389/9/5849
f 12390/10/5850 12388/8/5850 12385/5/5850
f 12385/5/5850 12387/7/5850 12390/10/5850
f 12391/4/66 12392/1/66 12393/3/66
f 12394/2/66 12393/3/66 12392/1/66
f 12395/2/1 12396/1/1 12397/3/1
f 12398/4/1 12397/3/1 12396/1/1
f 12394/11/99 12392/12/99 12395/13/99
f 12396/14/99 12395/13/99 12392/12/99
f 12393/3/101 12394/2/101 12397/3/101
f 12395/2/101 12397/3/101 12394/2/101
f 12391/12/122 12393/11/122 12398/14/122
f 12397/13/122 12398/14/122 12393/11/122
f 12392/1/102 12391/4/102 12396/1/102
f 12398/4/102 12396/1/102 12391/4/102
f 12399/5/1 12400/6/1 12401/7/1
f 12402/8/5851 12403/9/5851 12400/6/5851
f 12400/6/5851 12399/5/5851 12402/8/5851
f 12403/9/5852 12404/10/5852 12401/7/5852
f 12401/7/5852 12400/6/5852 12403/9/5852
f 12404/10/5853 12402/8/5853 12399/5/5853
f 12399/5/5853 12401/7/5853 12404/10/5853
f 12405/4/66 12406/1/66 12407/3/66
f 12408/2/66 12407/3/66 12406/1/66
f 12409/2/1 12410/1/1 12411/3/1
f 12412/4/1 12411/3/1 12410/1/1
f 12408/11/99 12406/12/99 12409/13/99
f 12410/14/99 12409/13/99 12406/12/99
f 12407/3/101 12408/2/101 12411/3/101
f 12409/2/101 12411/3/101 12408/2/101
f 12405/12/122 12407/11/122 12412/14/122
f 12411/13/122 12412/14/122 12407/11/122
f 12406/1/102 12405/4/102 12410/1/102
f 12412/4/102 12410/1/102 12405/4/102
f 12413/5/1 12414/6/1 12415/7/1
f 12416/8/5830 12417/9/5830 12414/6/5830
f 12414/6/5830 12413/5/5830 12416/8/5830
f 12417/9/5831 12418/10/5831 12415/7/5831
f 12415/7/5831 12414/6/5831 12417/9/5831
f 12418/10/5832 12416/8/5832 12413/5/5832
f 12413/5/5832 12415/7/5832 12418/10/5832
f 12419/4/66 12420/1/66 12421/3/66
f 12422/2/66 12421/3/66 12420/1/66
f 12423/2/1 12424/1/1 12425/3/1
f 12426/4/1 12425/3/1 12424/1/1
f 12422/11/99 12420/12/99 12423/13/99
f 12424/14/99 12423/13/99 12420/12/99
f 12421/3/5750 12422/2/101 12425/3/101
f 12423/2/101 12425/3/101 12422/2/101
f 12419/12/122 12421/11/122 12426/14/122
f 12425/13/122 12426/14/122 12421/11/122
f 12420/1/102 12419/4/102 12424/1/102
f 12426/4/102 12424/1/102 12419/4/102
f 12427/5/1 12428/6/1 12429/7/1
f 12430/8/5830 12431/9/5830 12428/6/5830
f 12428/6/5830 12427/5/5830 12430/8/5830
f 12431/9/5831 12432/10/5831 12429/7/5831
f 12429/7/5831 12428/6/5831 12431/9/5831
f 12432/10/5832 12430/8/5832 12427/5/5832
f 12427/5/5832 12429/7/5832 12432/10/5832
f 12433/4/66 12434/1/66 12435/3/66
f 12436/2/66 12435/3/66 12434/1/66
f 12437/2/1 12438/1/1 12439/3/1
f 12440/4/1 12439/3/1 12438/1/1
f 12436/11/5870 12434/12/99 12437/13/5870
f 12438/14/99 12437/13/5870 12434/12/99
f 12435/3/101 12436/2/101 12439/3/101
f 12437/2/101 12439/3/101 12436/2/101
f 12433/12/122 12435/11/5871 12440/14/122
f 12439/13/5871 12440/14/122 12435/11/5871
f 12434/1/102 12433/4/102 12438/1/102
f 12440/4/102 12438/1/102 12433/4/102
f 12441/5/1 12442/6/1 12443/7/1
f 12444/8/5872 12445/9/5872 12442/6/5872
f 12442/6/5872 12441/5/5872 12444/8/5872
f 12445/9/5873 12446/10/5873 12443/7/5873
f 12443/7/5873 12442/6/5873 12445/9/5873
f 12446/10/5874 12444/8/5874 12441/5/5874
f 12441/5/5874 12443/7/5874 12446/10/5874
f 12447/4/66 12448/1/66 12449/3/66
f 12450/2/66 12449/3/66 12448/1/66
f 12451/2/1 12452/1/1 12453/3/1
f 12454/4/1 12453/3/1 12452/1/1
f 12450/11/99 12448/12/99 12451/13/99
f 12452/14/99 12451/13/99 12448/12/99
f 12449/3/101 12450/2/101 12453/3/101
f 12451/2/101 12453/3/101 12450/2/101
f 12447/12/122 12449/11/122 12454/14/122
f 12453/13/122 12454/14/122 12449/11/122
f 12448/1/102 12447/4/102 12452/1/102
f 12454/4/102 12452/1/102 12447/4/102
f 12455/5/1 12456/6/1 12457/7/1
f 12458/8/5875 12459/9/5875 12456/6/5876
f 12456/6/5876 12455/5/5876 12458/8/5875
f 12459/9/5877 12460/10/5877 12457/7/5877
f 12457/7/5877 12456/6/5877 12459/9/5877
f 12460/10/5878 12458/8/5878 12455/5/5878
f 12455/5/5878 12457/7/5878 12460/10/5878
f 12461/4/66 12462/1/66 12463/3/66
f 12464/2/66 12463/3/66 12462/1/66
f 12465/2/1 12466/1/1 12467/3/1
f 12468/4/1 12467/3/1 12466/1/1
f 12464/11/99 12462/12/99 12465/13/99
f 12466/14/99 12465/13/99 12462/12/99
f 12463/3/5750 12464/2/5750 12467/3/5750
f 12465/2/5750 12467/3/5750 12464/2/5750
f 12461/12/122 12463/11/122 12468/14/122
f 12467/13/122 12468/14/122 12463/11/122
f 12462/1/380 12461/4/102 12466/1/102
f 12468/4/102 12466/1/102 12461/4/102
f 12469/8/5879 12470/4/5879 12471/2/5879
f 12472/6/5879 12471/2/5879 12470/4/5879
f 12473/8/5880 12474/9/5880 12475/2/5881
f 12476/26/5881 12475/2/5881 12474/9/5880
f 12477/8/5882 12478/4/5882 12479/2/5883
f 12480/6/5883 12479/2/5883 12478/4/5882
f 12481/8/5884 12482/9/5884 12483/2/5885
f 12484/26/5885 12483/2/5885 12482/9/5884
f 12485/8/5886 12486/4/5886 12487/2/5887
f 12488/6/5887 12487/2/5887 12486/4/5886
f 12489/8/5888 12490/9/5888 12491/2/5889
f 12492/26/5889 12491/2/5889 12490/9/5888
f 12493/8/5890 12494/4/5891 12495/2/5892
f 12496/6/5893 12495/2/5892 12494/4/5891
f 12497/8/5894 12498/9/5894 12499/2/5895
f 12500/26/5895 12499/2/5895 12498/9/5894
f 12501/8/5896 12502/4/5896 12503/2/5897
f 12504/6/5897 12503/2/5897 12502/4/5896
f 12505/8/5898 12506/9/5898 12507/2/5899
f 12508/26/5899 12507/2/5899 12506/9/5898
f 12509/8/5900 12510/4/5417 12511/2/5900
f 12512/6/5900 12511/2/5900 12510/4/5417
f 12513/8/5880 12514/9/5880 12515/2/5881
f 12516/26/5881 12515/2/5881 12514/9/5880
f 12517/8/5418 12518/4/5418 12519/2/5418
f 12520/6/5901 12519/2/5418 12518/4/5418
f 12521/8/5881 12522/9/5881 12523/2/5902
f 12524/26/5902 12523/2/5902 12522/9/5881
f 12525/8/5903 12526/4/5903 12527/2/5900
f 12528/6/5900 12527/2/5900 12526/4/5903
f 12529/8/5880 12530/9/5880 12531/2/5880
f 12532/26/5880 12531/2/5880 12530/9/5880
f 12533/8/5879 12534/4/5879 12535/2/5418
f 12536/6/5418 12535/2/5418 12534/4/5879
f 12537/8/5881 12538/9/5881 12539/2/5880
f 12540/26/5880 12539/2/5880 12538/9/5881
f 12541/8/5904 12542/4/5904 12543/2/5905
f 12544/6/5905 12543/2/5905 12542/4/5904
f 12545/8/5906 12546/9/5907 12547/2/5898
f 12548/26/5908 12547/2/5898 12546/9/5907
f 12549/8/5905 12550/4/5905 12551/2/5904
f 12552/6/5904 12551/2/5904 12550/4/5905
f 12553/8/5907 12554/9/5907 12555/2/5899
f 12556/26/5899 12555/2/5899 12554/9/5907
f 12557/8/5905 12558/4/5905 12559/2/5904
f 12560/6/5904 12559/2/5904 12558/4/5905
f 12561/8/5899 12562/9/5899 12563/2/5907
f 12564/26/5907 12563/2/5907 12562/9/5899
f 12565/8/5909 12566/4/5909 12567/2/5881
f 12568/6/5881 12567/2/5881 12566/4/5909
f 12569/8/5900 12570/9/5900 12571/2/5900
f 12572/26/5900 12571/2/5900 12570/9/5900
f 12573/8/5910 12574/4/5910 12575/2/5911
f 12576/6/5911 12575/2/5911 12574/4/5910
f 12577/8/5879 12578/9/5879 12579/2/5418
f 12580/26/5418 12579/2/5418 12578/9/5879
f 12581/8/5912 12582/4/5912 12583/2/5881
f 12584/6/5881 12583/2/5881 12582/4/5912
f 12585/8/5879 12586/9/5879 12587/2/5879
f 12588/26/5879 12587/2/5879 12586/9/5879
f 12589/8/5910 12590/4/5910 12591/2/5911
f 12592/6/5911 12591/2/5911 12590/4/5910
f 12593/8/5418 12594/9/5418 12595/2/5901
f 12596/26/5901 12595/2/5901 12594/9/5418
f 12597/8/5881 12598/4/5881 12599/2/5880
f 12600/6/5880 12599/2/5880 12598/4/5881
f 12601/8/5418 12602/9/5418 12603/2/5418
f 12604/26/5418 12603/2/5418 12602/9/5418
f 12605/8/5881 12606/4/5881 12607/2/5881
f 12608/6/5881 12607/2/5881 12606/4/5881
f 12609/8/5900 12610/9/5900 12611/2/5900
f 12612/26/5903 12611/2/5900 12610/9/5900
f 12613/8/5913 12614/4/5913 12615/2/5911
f 12616/6/5911 12615/2/5911 12614/4/5913
f 12617/8/5879 12618/9/5879 12619/2/5418
f 12620/26/5418 12619/2/5418 12618/9/5879
f 12621/8/5881 12622/4/5881 12623/2/5909
f 12624/6/5909 12623/2/5909 12622/4/5881
f 12625/8/5914 12626/9/5914 12627/2/5879
f 12628/26/5879 12627/2/5879 12626/9/5914
f 12629/8/5915 12630/4/5915 12631/2/5915
f 12632/6/5915 12631/2/5915 12630/4/5915
f 12633/8/5916 12634/9/5916 12635/2/5916
f 12636/26/5916 12635/2/5916 12634/9/5916
f 12637/8/5917 12638/4/5917 12639/2/5917
f 12640/6/5917 12639/2/5917 12638/4/5917
f 12641/8/5918 12642/9/5918 12643/2/5918
f 12644/26/5918 12643/2/5918 12642/9/5918
f 12645/8/5919 12646/4/5919 12647/2/5919
f 12648/6/5919 12647/2/5919 12646/4/5919
f 12649/8/5920 12650/9/5920 12651/2/5920
f 12652/26/5920 12651/2/5920 12650/9/5920
f 12653/8/5921 12654/4/5921 12655/2/5921
f 12656/6/5921 12655/2/5921 12654/4/5921
f 12657/8/5922 12658/9/5922 12659/2/5922
f 12660/26/5922 12659/2/5922 12658/9/5922
f 12661/8/5900 12662/4/5900 12663/2/5903
f 12664/6/5903 12663/2/5903 12662/4/5900
f 12665/8/5881 12666/9/5881 12667/2/5880
f 12668/26/5880 12667/2/5880 12666/9/5881
f 12669/8/5923 12670/4/5923 12671/2/5923
f 12672/6/5923 12671/2/5923 12670/4/5923
f 12673/8/5909 12674/9/5909 12675/2/5909
f 12676/26/5909 12675/2/5909 12674/9/5909
f 12677/8/5909 12678/4/5909 12679/2/5909
f 12680/6/5909 12679/2/5909 12678/4/5909
f 12681/8/5923 12682/9/5923 12683/2/5923
f 12684/26/5923 12683/2/5923 12682/9/5923
f 12685/4/5924 12686/1/5925 12687/15/5926
f 12688/16/5925 12687/15/5926 12686/1/5925
f 12687/15/5926 12688/16/5925 12689/17/5926
f 12690/2/5926 12689/17/5926 12688/16/5925
f 12688/18/1 12686/8/1 12691/19/1
f 12692/20/1 12691/19/1 12686/8/1
f 12690/2/1 12688/18/1 12693/1/1
f 12691/19/1 12693/1/1 12688/18/1
f 12689/21/5927 12690/22/5927 12694/3/5927
f 12693/2/5928 12694/3/5928 12690/22/5928
f 12687/19/66 12689/22/66 12695/18/66
f 12694/2/66 12695/18/66 12689/22/66
f 12685/4/66 12687/19/66 12696/23/66
f 12695/18/66 12696/23/66 12687/19/66
f 12686/24/5929 12685/8/5929 12692/25/5929
f 12696/20/5930 12692/25/5930 12685/8/5930
f 12697/27/66 12698/28/66 12699/29/66
f 12699/29/66 12700/30/66 12697/27/66
f 12701/8/5931 12702/4/5931 12703/2/5932
f 12704/6/5932 12703/2/5932 12702/4/5931
f 12705/8/5879 12706/9/5879 12707/2/5914
f 12708/26/5914 12707/2/5914 12706/9/5879
f 12709/8/5931 12710/4/5931 12711/2/5932
f 12712/6/5932 12711/2/5932 12710/4/5931
f 12713/8/5933 12714/9/5933 12715/2/5934
f 12716/26/5934 12715/2/5934 12714/9/5933
f 12717/8/5935 12718/4/5935 12719/2/5936
f 12720/6/5936 12719/2/5936 12718/4/5935
f 12721/8/5937 12722/9/5937 12723/2/5937
f 12724/26/5937 12723/2/5937 12722/9/5937
f 12725/8/5938 12726/4/5938 12727/2/5939
f 12728/6/5940 12727/2/5939 12726/4/5938
f 12729/8/5941 12730/9/5942 12731/2/5943
f 12732/26/5943 12731/2/5943 12730/9/5942
f 12733/8/5932 12734/4/5932 12735/2/5944
f 12736/6/5931 12735/2/5944 12734/4/5932
f 12737/8/5418 12738/9/5418 12739/2/5914
f 12740/26/5914 12739/2/5914 12738/9/5418
f 12741/8/5931 12742/4/5931 12743/2/5932
f 12744/6/5932 12743/2/5932 12742/4/5931
f 12745/8/5945 12746/9/5945 12747/2/5946
f 12748/26/5946 12747/2/5946 12746/9/5945
f 12749/8/5947 12750/4/5947 12751/2/5931
f 12752/6/5931 12751/2/5931 12750/4/5947
f 12753/8/5948 12754/9/5948 12755/2/5933
f 12756/26/5933 12755/2/5933 12754/9/5948
f 12757/8/5902 12758/4/5902 12759/2/5902
f 12760/6/5902 12759/2/5902 12758/4/5902
f 12761/8/5945 12762/9/5945 12763/2/5945
f 12764/26/5945 12763/2/5945 12762/9/5945
f 12765/8/5949 12766/4/5932 12767/2/5944
f 12768/6/5944 12767/2/5944 12766/4/5932
f 12769/8/5945 12770/9/5945 12771/2/5933
f 12772/26/5934 12771/2/5933 12770/9/5945
f 12773/8/5944 12774/4/5944 12775/2/5944
f 12776/6/5944 12775/2/5944 12774/4/5944
f 12777/8/5945 12778/9/5945 12779/2/5945
f 12780/26/5945 12779/2/5945 12778/9/5945
f 12781/8/5947 12782/4/5947 12783/2/5944
f 12784/6/5944 12783/2/5944 12782/4/5947
f 12785/8/5950 12786/9/5951 12787/2/5945
f 12788/26/5945 12787/2/5945 12786/9/5951
f 12789/8/5932 12790/4/5932 12791/2/5931
f 12792/6/5931 12791/2/5931 12790/4/5932
f 12793/8/5946 12794/9/5946 12795/2/5946
f 12796/26/5946 12795/2/5946 12794/9/5946
f 12797/8/5946 12798/4/5946 12799/2/5933
f 12800/6/5933 12799/2/5933 12798/4/5946
f 12801/8/5931 12802/9/5931 12803/2/5944
f 12804/26/5944 12803/2/5944 12802/9/5931
f 12805/8/5948 12806/4/5948 12807/2/5952
f 12808/6/5952 12807/2/5952 12806/4/5948
f 12809/8/5932 12810/9/5932 12811/2/5931
f 12812/26/5931 12811/2/5931 12810/9/5932
f 12813/8/5933 12814/4/5933 12815/2/5950
f 12816/6/5950 12815/2/5950 12814/4/5933
f 12817/8/5902 12818/9/5902 12819/2/5880
f 12820/26/5880 12819/2/5880 12818/9/5902
f 12821/8/5950 12822/4/5950 12823/2/5946
f 12824/6/5946 12823/2/5946 12822/4/5950
f 12825/8/5902 12826/9/5902 12827/2/5953
f 12828/26/5953 12827/2/5953 12826/9/5902
f 12829/8/5950 12830/4/5950 12831/2/5946
f 12832/6/5946 12831/2/5946 12830/4/5950
f 12833/8/5954 12834/9/5954 12835/2/5931
f 12836/26/5931 12835/2/5931 12834/9/5954
f 12837/8/5946 12838/4/5946 12839/2/5946
f 12840/6/5946 12839/2/5946 12838/4/5946
f 12841/8/5944 12842/9/5944 12843/2/5880
f 12844/26/5880 12843/2/5880 12842/9/5944
f 12845/8/5945 12846/4/5945 12847/2/5950
f 12848/6/5950 12847/2/5950 12846/4/5945
f 12849/8/5954 12850/9/5954 12851/2/5931
f 12852/26/5931 12851/2/5931 12850/9/5954
f 12853/8/5945 12854/4/5945 12855/2/5933
f 12856/6/5933 12855/2/5933 12854/4/5945
f 12857/8/5954 12858/9/5954 12859/2/5953
f 12860/26/5931 12859/2/5953 12858/9/5954
f 12861/8/5955 12862/4/5955 12863/2/5955
f 12864/6/5955 12863/2/5955 12862/4/5955
f 12865/8/5956 12866/9/5956 12867/2/5956
f 12868/26/5956 12867/2/5956 12866/9/5956
f 12869/8/5957 12870/4/5957 12871/2/5957
f 12872/6/5957 12871/2/5957 12870/4/5957
f 12873/8/5958 12874/9/5958 12875/2/5959
f 12876/26/5959 12875/2/5959 12874/9/5958
f 12877/8/5945 12878/4/5960 12879/2/5933
f 12880/6/5933 12879/2/5933 12878/4/5960
f 12881/8/5953 12882/9/5953 12883/2/5953
f 12884/26/5953 12883/2/5953 12882/9/5953
f 12885/8/5961 12886/4/5961 12887/2/5961
f 12888/6/5961 12887/2/5961 12886/4/5961
f 12889/8/5962 12890/9/5962 12891/2/5963
f 12892/26/5963 12891/2/5963 12890/9/5962
f 12893/8/5949 12894/4/5932 12895/2/5931
f 12896/6/5931 12895/2/5931 12894/4/5932
f 12897/8/5945 12898/9/5945 12899/2/5945
f 12900/26/5945 12899/2/5945 12898/9/5945
f 12901/8/5931 12902/4/5931 12903/2/5931
f 12904/6/5931 12903/2/5931 12902/4/5931
f 12905/8/5950 12906/9/5950 12907/2/5950
f 12908/26/5950 12907/2/5950 12906/9/5950
f 12909/8/5950 12910/4/5950 12911/2/5950
f 12912/6/5950 12911/2/5950 12910/4/5950
f 12913/8/5931 12914/9/5931 12915/2/5931
f 12916/26/5931 12915/2/5931 12914/9/5931
f 12917/4/5964 12918/1/5965 12919/15/5966
f 12920/16/5967 12919/15/5966 12918/1/5965
f 12919/15/5966 12920/16/5967 12921/17/5967
f 12922/2/5967 12921/17/5967 12920/16/5967
f 12920/18/1 12918/8/1 12923/19/1
f 12924/20/1 12923/19/1 12918/8/1
f 12922/2/1 12920/18/1 12925/1/1
f 12923/19/1 12925/1/1 12920/18/1
f 12921/21/5968 12922/22/5968 12926/3/5968
f 12925/2/5968 12926/3/5968 12922/22/5968
f 12919/19/66 12921/22/66 12927/18/66
f 12926/2/66 12927/18/66 12921/22/66
f 12917/4/66 12919/19/66 12928/23/66
f 12927/18/66 12928/23/66 12919/19/66
f 12918/24/5902 12917/8/5902 12924/25/5902
f 12928/20/5944 12924/25/5902 12917/8/5944
f 12929/27/66 12930/28/66 12931/29/66
f 12931/29/66 12932/30/66 12929/27/66
