# Blender 4.4.3
# www.blender.org
mtllib GRASSB.mtl
o GRASSB
v -234.905685 1.591482 -12.426767
v -232.565750 1.502104 -11.557597
v -231.374512 1.646455 -14.877460
v -235.887787 1.821504 -16.611303
v -230.183151 1.440840 -18.197262
v -234.549988 1.611906 -19.874851
v -230.207184 1.414314 -10.740749
v -227.830902 1.328130 -9.976539
v -226.788483 1.478001 -13.346094
v -225.746078 1.276526 -16.715637
v -237.225632 1.682426 -13.347771
v -244.660843 2.011338 -20.672436
v -244.054596 1.964460 -16.417164
v -240.319534 1.823631 -18.544262
v -238.837830 1.789561 -21.745029
v -239.524551 1.774916 -14.320171
v -246.283478 2.061450 -17.540730
v -241.801208 1.868930 -15.343456
v -225.438263 1.243578 -9.265409
v -223.030411 1.160676 -8.607697
v -222.138931 1.316288 -12.020292
v -221.247437 1.119135 -15.432861
v -220.608490 1.079446 -8.003716
v -218.173737 0.999908 -7.453768
v -217.434952 1.161493 -10.902634
v -216.696228 0.968835 -14.351510
v -215.727386 0.922085 -6.958140
v -213.270538 0.845995 -6.517050
v -212.685913 0.834455 -9.995374
v -212.101303 0.825794 -13.473684
v -210.804504 0.771661 -6.130732
v -208.330521 0.699105 -5.799395
v -207.901260 0.694000 -9.300284
v -207.471954 0.690180 -12.801161
v -195.883698 0.287570 -4.971934
v -193.380035 0.203345 -4.965448
v -193.380020 0.382652 -8.492554
v -198.262833 0.552635 -8.551727
v -193.380035 0.203332 -12.019657
v -198.146439 0.373322 -12.076906
v -190.869186 0.120676 -4.965435
v -188.440750 0.041022 -6.291463
v -188.358353 0.039574 -8.492552
v -188.358368 0.039574 -12.019655
v -198.379211 0.373334 -5.026537
v -205.849792 0.628345 -5.523177
v -203.363480 0.549390 -5.302235
v -203.090363 0.728697 -8.818747
v -202.817261 0.549377 -12.335258
v -200.872879 0.460614 -5.136655
v -188.434021 0.039602 -4.968509
v -257.023163 2.567951 -23.886358
v -254.932770 2.463854 -22.522259
v -253.038208 2.404789 -25.497345
v -251.143631 2.360360 -28.472412
v -255.032608 2.562678 -31.072353
v -257.057617 2.789534 -28.184502
v -259.082703 2.673405 -25.296648
v -252.812546 2.361134 -21.205000
v -250.663589 2.259814 -19.935265
v -248.903229 2.205107 -22.991669
v -247.142929 2.163957 -26.048103
v -248.486832 2.159911 -18.713615
v -243.038254 1.973634 -23.804146
v -320.178436 5.616567 -45.605843
v -317.207855 5.349637 -40.610146
v -308.927124 5.349651 -45.835449
v -322.923828 5.885693 -50.728817
v -311.493744 5.616578 -49.817661
v -314.363281 5.885705 -54.854244
v -325.438599 6.156850 -55.968872
v -327.696594 6.429865 -61.261330
v -316.937042 6.336172 -60.031231
v -319.185150 6.609197 -65.298561
v -333.340057 7.258390 -75.229362
v -331.458862 6.980806 -70.573296
v -322.817505 7.160128 -74.891205
v -335.221191 7.537163 -79.885323
v -324.525269 7.437715 -79.733269
v -326.157990 7.537168 -84.608925
v -329.577728 6.704571 -65.917274
v -321.036743 6.883904 -70.080429
v -300.952393 5.482829 -53.936302
v -302.508087 5.616577 -56.260750
v -303.904999 5.750877 -58.596359
v -305.361084 5.885705 -60.934174
v -299.447083 5.349649 -51.645260
v -306.719849 6.021040 -63.433868
v -307.881744 6.156862 -65.925606
v -308.987915 6.293147 -68.442612
v -310.025269 6.429876 -70.950790
v -314.728149 7.119447 -82.590790
v -315.668732 7.258402 -84.918800
v -316.609283 7.397648 -87.246765
v -317.549896 7.537173 -89.574814
v -313.787567 6.980814 -80.262787
v -310.965851 6.567027 -73.278763
v -311.906433 6.704583 -75.606766
v -312.846985 6.842518 -77.934792
v -294.567474 13.787760 -203.285522
v -296.210419 13.642266 -201.406998
v -293.913879 13.782511 -199.327087
v -291.228729 13.573791 -197.040100
v -288.148193 13.873756 -200.467499
v -290.705444 14.078465 -202.896698
v -297.801636 13.496418 -199.484909
v -299.340027 13.350256 -197.520523
v -296.923523 13.485401 -195.589539
v -294.118347 13.272840 -193.451462
v -292.874084 13.932885 -205.118881
v -300.824463 13.203787 -195.515350
v -302.253876 13.057028 -193.470825
v -299.725586 13.007975 -191.695068
v -296.808624 12.971076 -189.712189
v -303.627106 12.910009 -191.388519
v -304.943329 12.762750 -189.269913
v -302.311920 12.709057 -187.655228
v -299.291718 12.668665 -185.833405
v -310.635925 12.023569 -178.188538
v -311.590973 11.875302 -175.886032
v -308.704498 11.988400 -174.784698
v -305.429077 11.759248 -173.476166
v -303.608246 12.062582 -177.703415
v -306.807892 12.288757 -179.187561
v -312.483215 11.726939 -173.558701
v -313.311920 11.578510 -171.208221
v -310.359314 11.508567 -170.286392
v -307.017822 11.455935 -169.157333
v -309.618652 12.171718 -180.464539
v -306.201447 12.615274 -187.116623
v -307.400635 12.467589 -184.930237
v -304.674927 12.588812 -183.481964
v -301.560455 12.365777 -181.826538
v -308.540009 12.319734 -182.712280
v -274.039978 17.255604 -277.811249
v -274.223541 17.016418 -274.245514
v -270.710358 17.209524 -273.935242
v -270.515442 17.435282 -277.683105
v -274.019043 17.501537 -281.928314
v -274.019104 17.754049 -286.949982
v -270.491974 17.844345 -281.928314
v -270.491974 18.077930 -286.949951
v -274.019104 18.549356 -302.014984
v -274.019104 18.278118 -296.993317
v -270.491974 18.555870 -296.993347
v -274.019104 18.826496 -307.036621
v -270.491974 18.799911 -302.014954
v -270.491974 18.867790 -307.036621
v -274.019104 18.012957 -291.971619
v -270.491974 18.315153 -291.971649
v -267.068268 17.496017 -275.593353
v -266.990692 17.602825 -277.559235
v -267.262421 17.389591 -273.619965
v -266.964081 17.709988 -279.525330
v -266.964874 17.817488 -281.928284
v -266.964874 17.925297 -284.439178
v -266.964874 18.033411 -286.949951
v -266.964935 18.577606 -299.504150
v -266.964874 18.687037 -302.014954
v -266.964874 18.796612 -304.525787
v -266.964874 18.906313 -307.036591
v -266.964935 18.468348 -296.993256
v -266.964874 18.141787 -289.460785
v -266.964874 18.250414 -291.971619
v -266.964935 18.359280 -294.482452
v -197.048492 19.550304 -426.464111
v -199.040451 19.625246 -427.992615
v -201.187622 19.577190 -425.194366
v -203.334778 19.530197 -422.396118
v -199.350830 19.387949 -419.339142
v -197.203659 19.425077 -422.137390
v -201.032425 19.688168 -429.521088
v -203.024399 19.739904 -431.049591
v -205.171570 19.859854 -428.251343
v -207.318741 19.622782 -425.453125
v -195.056503 19.462555 -424.935608
v -205.016373 19.781319 -432.578094
v -206.952545 19.813684 -434.061829
v -209.071472 19.921743 -431.242157
v -211.190399 19.673485 -428.422485
v -208.618561 19.836687 -435.228638
v -210.358887 19.845358 -436.281342
v -212.082352 19.945520 -433.203979
v -213.805817 19.692963 -430.126617
v -219.879272 19.805580 -439.517059
v -221.892685 19.795113 -439.805389
v -222.289246 19.681963 -436.469452
v -222.672058 19.591183 -432.963165
v -219.598511 19.626844 -432.417480
v -218.750961 19.712368 -435.841248
v -223.920914 19.782433 -439.958313
v -225.790955 19.553917 -433.093567
v -217.889648 19.814528 -439.094666
v -212.165771 19.839687 -437.215240
v -214.074936 19.830889 -437.905396
v -215.328217 19.920263 -434.746216
v -216.625351 19.661819 -431.466309
v -215.990356 19.822718 -438.589661
v -227.923721 19.748444 -439.857605
v -229.941635 19.726774 -439.602753
v -229.458130 19.785582 -436.288940
v -228.899323 19.515060 -432.806366
v -225.879745 19.826319 -436.619568
v -231.937988 19.702267 -439.213470
v -233.903809 19.675550 -438.691498
v -232.960312 19.561197 -435.483429
v -231.941513 19.476086 -432.106689
v -225.893219 19.766985 -439.976837
v -235.830338 19.647577 -438.039093
v -237.708847 19.619543 -437.259308
v -236.323593 19.516155 -434.217529
v -234.863022 19.440020 -431.007050
v -239.531006 19.592838 -436.355530
v -241.237503 19.568905 -435.366486
v -239.487717 19.477657 -432.513916
v -237.611557 19.410976 -429.527191
v -248.805099 19.531639 -428.655457
v -250.022430 19.544455 -427.026001
v -247.242416 19.640722 -425.117371
v -244.347687 19.403370 -423.102173
v -242.396744 19.390146 -425.539001
v -244.996475 19.625834 -427.922699
v -245.955795 19.432598 -420.426636
v -247.483688 19.525650 -430.184418
v -249.093674 19.675173 -422.037292
v -251.127975 19.563438 -425.318817
v -242.973755 19.549152 -434.192932
v -242.396042 19.452646 -430.403015
v -240.137878 19.393229 -427.693573
v -246.059692 19.526749 -431.636688
v -244.541687 19.534775 -432.990479
v -125.710907 16.012779 -434.476288
v -128.611969 16.488127 -438.575195
v -144.903305 16.488119 -422.711853
v -141.406647 16.012779 -419.107635
v -137.909988 15.533478 -415.503418
v -158.248474 16.722832 -411.037170
v -156.256516 16.488129 -409.508667
v -154.264542 16.251247 -407.980164
v -152.272552 16.012781 -406.451660
v -150.280579 15.773330 -404.923157
v -148.288605 15.533487 -403.394684
v -134.413376 15.234335 -411.899170
v -119.908806 15.055014 -426.278503
v -122.809853 15.533484 -430.377380
v -130.916672 14.761448 -408.294891
v -117.007774 14.582134 -422.179626
v -123.923363 13.672227 -401.086456
v -120.426743 13.244742 -397.482239
v -108.304588 13.244742 -409.882935
v -111.205620 13.672226 -413.981781
v -116.930061 12.841915 -393.877991
v -105.403526 12.841922 -405.783997
v -127.420029 14.298928 -404.690674
v -114.106689 14.119615 -418.080688
v -146.296646 15.293852 -401.866180
v -144.304672 15.055017 -400.337677
v -142.312698 14.817579 -398.809174
v -140.320709 14.582137 -397.280670
v -130.360825 13.455701 -389.638184
v -128.368866 13.244742 -388.109711
v -126.376862 13.039949 -386.581177
v -124.384895 12.841923 -385.052673
v -132.352783 13.672229 -391.166687
v -138.328735 14.349284 -395.752197
v -136.336746 14.119617 -394.223663
v -134.344757 13.893733 -392.695160
v 147.677277 12.530313 -350.159668
v 150.061523 12.548112 -349.878662
v 150.446793 12.548224 -357.577606
v 152.449951 12.565709 -349.635193
v 154.841873 12.583096 -349.429321
v 155.116714 12.583205 -357.297485
v 145.303986 12.512457 -357.974518
v 145.297729 12.512318 -350.478119
v 157.236725 12.600264 -349.260986
v 159.633972 12.617205 -349.130371
v 159.798080 12.796623 -357.111115
v 162.032913 12.633911 -349.037445
v 164.433090 12.650375 -348.982239
v 164.486465 12.829798 -357.018738
v 176.430557 12.728784 -349.272064
v 178.825302 12.743627 -349.443085
v 178.546310 12.923030 -357.306061
v 181.217010 12.758172 -349.651733
v 183.605148 12.772412 -349.898010
v 183.215805 12.772491 -357.589630
v 173.865173 12.893057 -357.116241
v 174.033493 12.713650 -349.138672
v 166.833801 12.666588 -348.964722
v 169.234497 12.682545 -348.984955
v 169.177002 12.861963 -357.020477
v 171.634583 12.698235 -349.042969
v 185.989120 12.786340 -350.181732
v 188.368393 12.799944 -350.502899
v 187.869064 12.800026 -357.966736
v 190.742279 12.813220 -350.861420
v 150.772202 12.548349 -365.466919
v 146.583603 12.512583 -365.457245
v 155.331757 12.583327 -365.451813
v 159.902527 12.617429 -365.458649
v 164.480026 12.650593 -365.465637
v 178.207550 12.743821 -365.431854
v 173.637039 12.713853 -365.414429
v 182.766678 12.772598 -365.425354
v 169.059662 12.682755 -365.422119
v 187.369720 12.800108 -365.435577
v 195.472626 12.838751 -351.564240
v 197.826752 12.850990 -351.924744
v 197.108368 13.030383 -358.999908
v 200.173248 12.862869 -352.339386
v 202.511536 12.874379 -352.807831
v 201.685287 13.053760 -359.654968
v 192.501389 12.826227 -358.436981
v 193.110291 12.826158 -351.257233
v 214.059464 12.926118 -355.940155
v 216.336319 12.935247 -356.701782
v 215.191132 12.935297 -362.166016
v 218.600937 12.943954 -357.499054
v 220.852753 12.952227 -358.331848
v 219.603271 12.952263 -362.822205
v 210.731201 12.916627 -361.238831
v 211.770950 12.916572 -355.214447
v 204.841019 12.885512 -353.329926
v 207.161133 12.896261 -353.905273
v 206.227768 13.075634 -360.401550
v 209.471313 12.906616 -354.533600
v 223.091171 12.960060 -359.199921
v 223.963211 13.146796 -363.878754
v 195.492737 12.851135 -365.476013
v 191.892593 12.826312 -365.432770
v 200.071609 12.874514 -365.489685
v 213.793457 12.935349 -365.529144
v 209.226547 12.916683 -365.524109
v 218.382599 12.952315 -366.059875
v 204.651108 12.896384 -365.525482
v 222.858902 12.967522 -366.989777
v 398.984741 12.491673 -463.641663
v 396.939148 12.551156 -462.185669
v 398.490295 12.474835 -460.004852
v 394.893555 12.607814 -460.729706
v 392.847961 12.661602 -459.273712
v 394.399078 12.585273 -457.092865
v 402.581482 12.353088 -462.916748
v 401.030273 12.429409 -465.097565
v 407.167084 12.226372 -469.465515
v 405.121490 12.296714 -468.009521
v 406.672607 12.399707 -465.828674
v 403.075928 12.364408 -466.553558
v 409.212677 12.077113 -470.921448
v 390.802368 12.712474 -457.817749
v 388.756744 12.760389 -456.361755
v 390.307892 12.863381 -454.180939
v 386.711212 12.805303 -454.905853
v 384.665588 12.847171 -453.449829
v 386.216766 12.950161 -451.269043
v 382.619995 12.885953 -451.993896
v 380.574402 12.921596 -450.537964
v 382.125549 12.845269 -448.357086
v 378.528809 12.954062 -449.081940
v 376.483185 12.983309 -447.625977
v 378.034332 12.906987 -445.445129
v 366.255249 13.079661 -440.346191
v 364.209686 13.088649 -438.890228
v 365.760773 13.191649 -436.709351
v 362.164154 13.094106 -437.434265
v 360.103638 13.019671 -435.967743
v 361.648376 13.019662 -433.782379
v 369.851929 13.170178 -439.621277
v 368.300842 13.067186 -441.802124
v 374.437561 13.009288 -446.169983
v 372.391998 13.031957 -444.714050
v 373.943146 12.955628 -442.533203
v 370.346405 13.051270 -443.258057
v 423.195618 11.497214 -481.581726
v 421.187073 11.587168 -480.073120
v 423.037323 11.587158 -477.476379
v 419.182465 11.674826 -478.559021
v 417.181732 11.760140 -477.039429
v 418.946167 11.760120 -474.564484
v 427.128510 11.404988 -480.388275
v 425.208069 11.405008 -483.084686
v 415.184875 11.843070 -475.514221
v 413.191956 11.923572 -473.983521
v 414.854980 12.102880 -471.652527
v 411.202942 12.001602 -472.447327
v 410.763855 12.256412 -468.740631
v 420.529449 11.310592 -493.989868
v 422.479095 11.214010 -495.564453
v 420.529785 11.393317 -498.319427
v 418.484497 11.213999 -501.192963
v 414.393311 11.404995 -498.281006
v 416.438568 11.584314 -495.407471
v 424.454559 11.115312 -497.168488
v 426.500122 11.014532 -498.624451
v 424.620880 11.193840 -501.231323
v 422.575653 11.014518 -504.104889
v 418.483856 11.405009 -492.533936
v 428.545715 10.911717 -500.080414
v 430.591370 10.806917 -501.536407
v 428.712158 10.806898 -504.143280
v 426.666901 10.806906 -507.016876
v 432.636932 10.700171 -502.992340
v 434.682526 10.591526 -504.448334
v 432.803314 10.591508 -507.055176
v 430.758026 10.591516 -509.928741
v 444.910461 10.021327 -511.728119
v 446.956085 9.902202 -513.184082
v 445.076874 10.081510 -515.791016
v 443.031616 9.902189 -518.664551
v 438.940399 10.138803 -515.752563
v 440.985687 10.318117 -512.879028
v 449.001617 9.781486 -514.640015
v 451.047241 9.659219 -516.096008
v 449.168030 9.659205 -518.702881
v 447.122803 9.659205 -521.576477
v 442.864899 10.138818 -510.272156
v 436.728088 10.481026 -505.904236
v 438.773682 10.368711 -507.360229
v 436.894501 10.548018 -509.967102
v 434.849243 10.368697 -512.840698
v 440.819336 10.254626 -508.816254
v 497.178223 -2.569583 -357.982941
v 498.539398 -2.537010 -359.943726
v 496.104919 -2.549783 -361.750183
v 500.080719 -2.501105 -361.887543
v 501.645752 -2.461912 -363.850922
v 499.691223 -2.485585 -365.649750
v 492.857452 -2.600219 -357.517426
v 495.996460 -2.598779 -355.909058
v 503.210785 -2.419476 -365.814362
v 504.775818 -2.373840 -367.777771
v 503.038055 -2.228663 -369.215454
v 506.340851 -2.325047 -369.741150
v 507.905884 -2.273143 -371.704590
v 506.282043 -2.137987 -373.098541
v 515.405273 -1.968485 -381.750793
v 516.851807 -1.898834 -383.678741
v 515.598572 -1.791166 -384.607269
v 512.785217 -1.918895 -380.652344
v 513.892456 -2.035288 -379.777893
v 518.257019 -1.826381 -385.707672
v 509.470886 -2.218171 -373.667969
v 511.035950 -2.160175 -375.631378
v 509.652008 -2.034614 -376.767822
v 512.454285 -2.099200 -377.700409
v 518.372864 -1.831108 -388.429230
v 527.984436 -1.340308 -379.204956
v 526.413452 -1.439679 -376.940796
v 528.471375 -1.260369 -375.260101
v 533.081177 -1.439689 -372.343506
v 540.004578 -1.238884 -375.991028
v 535.305908 -1.059565 -379.524811
v 524.788818 -1.536943 -374.714325
v 523.111633 -1.632056 -372.526794
v 524.180176 -1.452747 -371.343567
v 527.559631 -1.632067 -368.764465
v 529.501038 -1.238874 -381.505463
v 521.500427 -1.724974 -370.500946
v 519.935364 -1.815655 -368.537537
v 521.623840 -1.815674 -367.478851
v 523.254211 -1.815666 -365.720154
v 518.370361 -1.904052 -366.574127
v 516.805298 -1.990121 -364.610718
v 518.652344 -1.990140 -363.517944
v 520.124146 -1.990132 -361.793335
v 509.416016 -2.384023 -354.483673
v 508.026611 -2.455205 -352.734741
v 509.817810 -2.275897 -351.870850
v 511.302155 -2.455216 -350.235260
v 513.632935 -2.310260 -353.460083
v 512.128174 -2.130947 -354.922363
v 507.242065 -2.523751 -351.604614
v 506.598389 -2.589619 -350.539856
v 508.530487 -2.589627 -349.978302
v 510.264862 -2.589626 -348.622070
v 510.981079 -2.310248 -356.447083
v 515.240295 -2.073819 -362.647308
v 513.828125 -2.155103 -360.498352
v 515.589722 -1.975794 -359.373627
v 517.097595 -2.155114 -357.877869
v 512.387756 -2.233927 -358.285583
v 494.152863 -2.559398 -363.260712
v 489.718414 -2.601304 -359.125793
v 498.140320 -2.503403 -367.108521
v 501.646118 -2.433669 -370.327728
v 504.776154 -2.350549 -374.254578
v 513.879639 -2.024400 -385.930817
v 511.203125 -2.145563 -381.988129
v 516.601440 -1.891261 -389.891663
v 507.906219 -2.254397 -378.181366
v 288.699402 -3.267302 -6.474875
v 291.210236 -3.273444 -6.379395
v 288.699371 -3.267496 -8.582934
v 293.721039 -3.275796 -12.019615
v 288.699371 -3.267489 -12.110040
v 293.721039 -3.275796 -8.492516
v 283.677704 -3.243721 -6.754036
v 286.188538 -3.257336 -6.600233
v 283.677704 -3.064593 -8.738174
v 283.677704 -3.243906 -12.265271
v 293.774384 -3.275644 -6.285182
v 278.656067 -3.206223 -7.141214
v 281.166901 -3.226625 -6.934844
v 278.656067 -3.027114 -8.952120
v 278.656036 -3.206434 -12.479220
v 273.634430 -3.156182 -7.624910
v 276.145233 -3.182683 -7.371716
v 273.634399 -2.977149 -9.218667
v 273.634399 -3.156462 -12.745771
v 258.569427 -2.944537 -9.540127
v 261.080261 -2.985218 -9.180961
v 258.569427 -2.945406 -10.272974
v 263.591064 -3.024560 -13.412299
v 258.569397 -2.945406 -13.800076
v 263.591064 -3.024568 -9.885198
v 263.591064 -3.023965 -8.835865
v 268.612732 -3.094971 -8.193626
v 271.123566 -3.126887 -7.899359
v 268.612732 -2.916055 -9.531729
v 268.612732 -3.095375 -13.058825
v 266.101898 -3.060607 -8.506278
v 15.018763 -1.667722 -4.965436
v 12.507942 -1.667723 -8.504802
v 17.529596 -1.667723 -8.504802
v 20.040430 -1.667722 -4.965436
v 22.551250 -1.667722 -8.504802
v 17.529596 -1.667722 -4.965436
v 25.062084 -1.667721 -4.965436
v 22.551250 -1.667722 -4.965436
v 27.572920 -1.667722 -8.504802
v 27.572920 -1.667721 -4.965436
v -20.132860 -1.667726 -4.965436
v -22.643681 -1.667727 -8.504803
v -22.643681 -1.667726 -4.965436
v -17.622026 -1.667726 -8.504803
v -15.111193 -1.667725 -4.965436
v -17.622026 -1.667725 -4.965436
v -12.600371 -1.667726 -8.504803
v -10.089537 -1.667725 -4.965436
v -12.600371 -1.667725 -4.965436
v -7.578703 -1.667725 -8.504803
v 4.975453 -1.667723 -4.965436
v 2.464632 -1.667724 -8.504803
v 2.464632 -1.667724 -4.965436
v 7.486274 -1.667724 -8.504803
v 9.997109 -1.667723 -4.965436
v 7.486274 -1.667723 -4.965436
v -5.067870 -1.667724 -4.965436
v -7.578703 -1.667724 -4.965436
v -2.557035 -1.667725 -8.504803
v -0.046202 -1.667724 -4.965436
v -2.557035 -1.667724 -4.965436
v 12.507943 -1.667723 -4.965436
v -148.185211 -1.025926 9.942620
v -153.206848 -0.738766 9.942620
v -153.206787 -0.918078 13.469712
v -148.185150 -1.025918 13.469712
v -158.228531 -0.623346 9.942620
v -158.228455 -0.802659 13.469711
v -163.250168 -0.679838 9.942618
v -163.250229 -0.679830 13.469725
v -168.271912 -0.549758 9.942621
v -168.271912 -0.549758 13.469728
v -178.315186 -0.089250 9.942621
v -183.336868 0.061545 9.942621
v -183.336868 -0.117775 13.469727
v -178.315216 -0.268563 13.469727
v -188.358429 0.039583 9.942618
v -188.358475 0.039581 13.469727
v -173.293549 -0.412622 9.942621
v -173.293549 -0.412614 13.469725
v -150.696060 -0.972956 7.204522
v -153.206833 -0.918078 7.204524
v -155.717667 -0.861306 7.204520
v -158.228546 -0.802659 7.204522
v -148.185242 -1.025918 7.204522
v -160.739410 -0.742160 7.204535
v -163.250244 -0.679829 7.204535
v -165.761047 -0.615688 7.204536
v -168.271912 -0.549758 7.204535
v -180.826019 -0.194001 7.204535
v -183.336792 -0.117776 7.204533
v -185.847626 -0.039907 7.204532
v -188.359055 0.038360 8.721234
v -178.315186 -0.268563 7.204533
v -170.782715 -0.482060 7.204536
v -173.293549 -0.412614 7.204535
v -175.804352 -0.341441 7.204533
v -188.358414 0.039554 8.509564
v -188.358429 0.039583 7.204533
v 170.690277 -1.667734 6.415359
v 168.179459 -1.667734 6.415359
v 168.179459 -1.667733 9.942455
v 168.179459 -1.667733 13.469559
v 173.201111 -1.667734 13.469557
v 173.201111 -1.667734 9.942455
v 165.668625 -1.667734 6.415360
v 163.157791 -1.667734 6.415360
v 163.157791 -1.667733 9.942457
v 163.157791 -1.667733 13.469559
v 173.201111 -1.667735 6.415359
v 160.646957 -1.667732 6.415360
v 158.136124 -1.667732 6.415360
v 158.136124 -1.488420 9.942457
v 158.136124 -1.667732 13.469559
v 155.625290 -1.667732 6.415360
v 153.114456 -1.667732 6.415362
v 153.114456 -1.488412 9.942459
v 153.114456 -1.667732 13.469559
v 140.560318 -1.667732 6.415363
v 138.049484 -1.667731 6.415363
v 138.049484 -1.488418 9.942465
v 138.049484 -1.667730 13.469566
v 143.071152 -1.667731 13.469563
v 143.071152 -1.488418 9.942465
v 135.538666 -1.667731 6.415363
v 133.027832 -1.667731 6.415365
v 133.027832 -1.667737 9.942465
v 133.027832 -1.667730 13.469566
v 143.071152 -1.667732 6.415363
v 150.603638 -1.667732 6.415362
v 148.092819 -1.667732 6.415362
v 148.092819 -1.488411 9.942459
v 148.092819 -1.667731 13.469563
v 145.581985 -1.667732 6.415363
v 459.532654 -3.276706 -48.706203
v 460.810669 -3.276706 -50.867413
v 449.852570 -3.276725 -57.548714
v 447.296539 -3.276718 -53.226250
v 437.711426 -3.276719 -64.329079
v 435.155334 -3.276721 -60.006618
v 462.088684 -3.276704 -53.028667
v 463.366730 -3.276706 -55.189899
v 452.408600 -3.097407 -61.871178
v 440.267456 -3.276718 -68.651566
v 458.254639 -3.276706 -46.544949
v 464.644745 -3.276704 -57.351124
v 465.922760 -3.276706 -59.512375
v 454.964630 -3.097398 -66.193657
v 442.823486 -3.276718 -72.974030
v 467.200775 -3.276706 -61.673615
v 468.478790 -3.276705 -63.834827
v 457.520691 -3.097404 -70.516129
v 445.379517 -3.276718 -77.296494
v 474.868866 -3.276704 -74.641037
v 476.146912 -3.276705 -76.802261
v 465.188812 -3.276716 -83.483536
v 462.632782 -3.276725 -79.161072
v 453.047638 -3.276718 -90.263916
v 450.491577 -3.276717 -85.941437
v 477.424927 -3.276705 -78.963486
v 478.702942 -3.276704 -81.124710
v 467.744843 -3.097397 -87.805992
v 455.603668 -3.276717 -94.586380
v 473.590881 -3.276704 -72.479797
v 469.756805 -3.276705 -65.996063
v 471.034851 -3.276703 -68.157295
v 460.076721 -3.097397 -74.838623
v 447.935547 -3.276718 -81.618973
v 472.312866 -3.276703 -70.318550
v -87.211502 6.275702 -814.388550
v -88.059570 6.065428 -811.956543
v -77.425674 6.259511 -802.273438
v -67.458939 6.091149 -784.963989
v -65.146896 6.483774 -787.698120
v -75.651184 6.662231 -806.292175
v -88.834412 5.852824 -809.499451
v -89.535233 5.637984 -807.019653
v -78.964279 5.668033 -798.170654
v -69.535553 5.687729 -782.157837
v -86.271835 6.483542 -816.710449
v -90.161331 5.420994 -804.519287
v -90.710876 5.201970 -802.024048
v -80.272568 5.245656 -793.978455
v -71.383865 5.274283 -779.224731
v -91.391846 4.980984 -799.720215
v -91.998306 4.758153 -797.265381
v -81.552841 4.814608 -789.653015
v -73.290329 4.851576 -776.037537
v -95.140823 3.619551 -785.088196
v -95.707626 3.387617 -782.643066
v -85.644760 3.655588 -776.669800
v -79.118637 3.535617 -766.472351
v -77.165649 3.981479 -769.671814
v -84.238953 4.108076 -780.998535
v -96.227417 3.154501 -780.197754
v -96.747192 2.920294 -777.752441
v -87.092392 3.197509 -772.339661
v -81.070709 3.083575 -763.248169
v -94.497665 3.850210 -787.510742
v -92.612167 4.533567 -794.817017
v -93.233276 4.307317 -792.375183
v -82.874985 4.375635 -785.326355
v -75.220215 4.420386 -772.856750
v -93.861801 4.079499 -789.939697
v -97.266968 2.685106 -775.307007
v -86.410095 6.454621 -816.765991
v -87.351395 6.246512 -814.439819
v -88.200943 6.035985 -812.003540
v -88.977112 5.823127 -809.542236
v -89.679138 5.608043 -807.058105
v -90.306381 5.390821 -804.553406
v -90.856583 5.171566 -802.055115
v -91.536530 4.950359 -799.751282
v -94.641891 3.818598 -787.541443
v -95.284973 3.587763 -785.118835
v -95.852722 3.355658 -782.674133
v -96.373138 3.122381 -780.228760
v -92.142883 4.727315 -797.296509
v -92.756607 4.502519 -794.848083
v -93.377670 4.276072 -792.406067
v -94.006104 4.048067 -789.970520
v -96.892929 2.888022 -777.783386
v -97.412674 2.652685 -775.338013
v -70.851120 10.955144 -863.402588
v -68.477890 11.194421 -865.259766
v -70.590485 11.249137 -868.065186
v -66.050446 11.429900 -867.044312
v -63.570984 11.661487 -868.754761
v -65.511337 11.719860 -871.682007
v -70.757904 10.923692 -863.286377
v -68.388214 11.162859 -865.140747
v -65.964294 11.398247 -866.922729
v -63.488617 11.629747 -868.630615
v -75.445267 10.762388 -864.148132
v -73.167923 10.712174 -861.474609
v -61.041779 11.889091 -870.389648
v -58.465134 12.112611 -871.947449
v -60.226166 12.352314 -874.985962
v -55.843323 12.331960 -873.426880
v -53.178925 12.547030 -874.826538
v -54.754395 12.788675 -877.965210
v -60.963165 11.857280 -870.263123
v -58.390411 12.080737 -871.818604
v -55.772522 12.300035 -873.295776
v -53.112122 12.515061 -874.693298
v -39.302124 13.554966 -880.588135
v -36.433441 13.742401 -881.486145
v -37.420441 13.984694 -884.856567
v -33.539734 13.924894 -882.297363
v -30.623535 14.102348 -883.021118
v -31.406403 14.164594 -886.444763
v -39.255951 13.522946 -880.446533
v -36.391510 13.710402 -881.343262
v -33.502167 13.892927 -882.153259
v -30.590332 14.070422 -882.875977
v -43.330750 13.605618 -882.909180
v -42.143066 13.362687 -879.604187
v -50.474182 12.757735 -876.145142
v -47.731689 12.963979 -877.381714
v -49.115692 13.206698 -880.609375
v -44.953796 13.165658 -878.535034
v -50.411407 12.725736 -876.010010
v -47.672913 12.931956 -877.244751
v -44.899170 13.133628 -878.396423
v -42.092621 13.330657 -879.463989
v -27.687561 14.274671 -883.656860
v -24.734467 14.441766 -884.203857
v -25.310242 14.501665 -887.668274
v -21.766815 14.603542 -884.661865
v -18.787384 14.759893 -885.030396
v -19.154022 14.816576 -888.523193
v -27.658691 14.242798 -883.510681
v -24.709930 14.409954 -884.056885
v -21.746735 14.571802 -884.514282
v -18.771820 14.728235 -884.882202
v -15.798920 14.910730 -885.309204
v -12.803986 15.055960 -885.498047
v -12.960175 15.287125 -889.006470
v -9.805359 15.195482 -885.596802
v -6.886169 15.329205 -885.606506
v -6.855530 15.555430 -889.118286
v -15.787720 14.879168 -885.160645
v -12.797272 15.024502 -885.349182
v -9.803101 15.164139 -885.447754
v -6.887451 15.297984 -885.457520
v 5.613434 15.907702 -885.510437
v 8.113434 16.005342 -885.502686
v 8.143890 16.032110 -888.987427
v 10.613464 16.097010 -885.495850
v 13.113708 16.182596 -885.490112
v 13.143799 16.198051 -888.943726
v 5.612122 15.877254 -885.361450
v 8.112091 15.975082 -885.353699
v 10.612183 16.066944 -885.346924
v 13.112305 16.152735 -885.341125
v 3.144165 15.839424 -889.031006
v 3.113495 15.804173 -885.519287
v -4.386261 15.457031 -885.584717
v -1.886353 15.578867 -885.562866
v -1.855621 15.799303 -889.074585
v 0.613617 15.694611 -885.541077
v -4.387543 15.425945 -885.435730
v -1.887634 15.547918 -885.413940
v 0.612366 15.663822 -885.392090
v 3.112122 15.773549 -885.370239
v -73.071243 10.680835 -861.361328
v -72.701172 11.290317 -870.872070
v -77.720764 10.800173 -866.823181
v -67.449631 11.763782 -874.610657
v -61.985107 12.219802 -878.025696
v -56.327499 12.657611 -881.105103
v -38.405121 13.854130 -888.227661
v -44.516083 13.475541 -886.215088
v -32.186798 14.211452 -889.868896
v -50.497345 13.076447 -883.838135
v -25.883636 14.546741 -891.133179
v -19.518341 14.859233 -892.016113
v -13.113953 15.148170 -892.515015
v -6.824768 15.412774 -892.630005
v 8.174683 16.052990 -892.499084
v 3.174835 15.865949 -892.542725
v 13.174438 16.212646 -892.455444
v -1.824982 15.652291 -892.586426
v -120.148438 -0.929923 -738.467041
v -122.655930 -1.167914 -736.745361
v -122.573074 -1.134188 -736.621460
v -120.059082 -0.896228 -738.347778
v -125.255615 -1.405249 -735.156799
v -127.940247 -1.641840 -733.706421
v -127.870972 -1.608087 -733.574463
v -125.179382 -1.371512 -735.028687
v -130.702576 -1.877592 -732.398560
v -133.535049 -2.112405 -731.237610
v -133.480164 -2.078645 -731.098999
v -130.640427 -1.843828 -732.263123
v -136.429840 -2.346170 -730.227173
v -139.378830 -2.578817 -729.370728
v -139.338898 -2.545091 -729.227173
v -136.382309 -2.312429 -730.085938
v -154.646423 -3.721719 -727.483887
v -157.744431 -3.945562 -727.596680
v -157.751434 -3.912100 -727.447754
v -154.645538 -3.688192 -727.334839
v -160.836868 -4.167600 -727.874329
v -163.915024 -4.387743 -728.316711
v -163.937729 -4.354425 -728.169434
v -160.851761 -4.134206 -727.726074
v -142.373947 -2.810236 -728.671143
v -145.406815 -3.040334 -728.130798
v -145.382233 -3.006666 -727.983765
v -142.341660 -2.776533 -728.525574
v -148.468887 -3.269006 -727.751831
v -151.551697 -3.496168 -727.535828
v -151.542831 -3.462587 -727.387085
v -148.452179 -3.235376 -727.603760
v -207.170013 -8.267303 -800.294067
v -206.193207 -8.253337 -797.992798
v -203.570953 -8.122807 -799.084839
v -205.216370 -8.235705 -795.691589
v -204.239532 -8.214568 -793.390320
v -201.617310 -8.092338 -794.482300
v -207.307159 -8.302711 -800.235901
v -206.330338 -8.288569 -797.934631
v -205.353500 -8.270747 -795.633362
v -204.376678 -8.249396 -793.332153
v -205.524597 -8.139893 -803.687378
v -208.146835 -8.277447 -802.595337
v -203.262711 -8.190063 -791.089050
v -202.285873 -8.162359 -788.787781
v -199.663635 -7.871226 -789.879761
v -201.309036 -8.131609 -786.486511
v -200.332230 -8.093973 -784.185303
v -197.709991 -7.817850 -785.277222
v -203.399841 -8.224669 -791.030884
v -202.423019 -8.196722 -788.729614
v -201.446182 -8.165716 -786.428345
v -200.469360 -8.127642 -784.127075
v -195.365646 -7.823716 -772.733337
v -194.349960 -7.764298 -770.463867
v -191.848999 -7.605912 -771.469727
v -193.331329 -7.703458 -768.261047
v -192.217834 -7.641351 -766.128418
v -189.907150 -7.700840 -767.370789
v -195.505402 -7.853215 -772.672974
v -194.489716 -7.792950 -770.403442
v -193.468445 -7.731263 -768.195740
v -192.351105 -7.668298 -766.056458
v -193.802673 -7.683908 -776.072266
v -196.375946 -7.881547 -775.020752
v -199.355408 -8.044008 -781.884033
v -198.378571 -7.991849 -779.582764
v -195.756332 -7.754980 -780.674744
v -197.386200 -7.937643 -777.294373
v -199.492538 -8.076856 -781.825806
v -198.515717 -8.023863 -779.524536
v -197.524780 -7.968823 -777.234985
v -196.515381 -7.911890 -774.960693
v -208.283966 -8.313015 -802.537109
v -166.970093 -4.605890 -728.922974
v -167.000610 -4.572656 -728.777100
v -122.536011 -1.229253 -730.627075
v -120.082474 -1.136076 -726.611328
v -114.099380 -0.663011 -730.517639
v -116.964447 -0.755304 -734.250854
v -128.478088 -1.522566 -727.606201
v -126.463593 -1.607622 -723.353271
v -134.725327 -1.991556 -725.226196
v -133.172668 -2.076890 -720.783691
v -141.208725 -2.456953 -723.517639
v -140.135208 -2.543114 -718.935669
v -161.343155 -4.002236 -722.614990
v -161.757629 -3.915803 -717.927124
v -154.508514 -3.463338 -717.495178
v -154.592804 -3.552332 -722.200500
v -168.030518 -4.266908 -723.746765
v -168.939209 -4.362141 -719.129150
v -147.856018 -2.917936 -722.503906
v -147.273804 -3.005517 -717.833984
v -200.338257 -8.024570 -800.457031
v -202.291916 -8.036369 -805.059570
v -198.384613 -8.000354 -795.854492
v -196.430939 -7.965030 -791.251953
v -194.477295 -7.919967 -786.649475
v -188.616302 -7.739594 -772.841919
v -190.569962 -7.805910 -777.444397
v -186.800018 -7.668866 -769.006104
v -192.523621 -7.866476 -782.046997
v -319.077606 13.822543 -665.047607
v -319.077606 13.528646 -667.547607
v -320.282196 13.528646 -667.547607
v -319.077606 13.230491 -670.047607
v -319.077606 12.928254 -672.547607
v -320.282196 12.928254 -672.547607
v -318.928650 13.793633 -665.047607
v -318.928650 13.499736 -667.547607
v -318.928650 13.201583 -670.047607
v -318.928650 12.899344 -672.547607
v -320.282166 14.112026 -662.547546
v -319.077637 14.112017 -662.547607
v -319.077606 12.622105 -675.047607
v -319.077637 12.312211 -677.547607
v -320.282196 12.312211 -677.547546
v -319.077606 11.998750 -680.047607
v -319.077637 11.681890 -682.547607
v -320.282166 11.681890 -682.547607
v -318.928650 12.593196 -675.047607
v -318.928650 12.283302 -677.547607
v -318.928650 11.969840 -680.047607
v -318.928650 11.652984 -682.547607
v -319.077637 10.052587 -695.047607
v -319.077637 9.718923 -697.547607
v -320.282166 9.718923 -697.547546
v -319.077637 9.383058 -700.047607
v -319.077637 9.045162 -702.547607
v -320.282166 9.045163 -702.547546
v -318.928650 10.023675 -695.047607
v -318.928650 9.690011 -697.547607
v -318.928650 9.354146 -700.047607
v -318.928650 9.016250 -702.547607
v -320.282166 10.383878 -692.547485
v -319.077606 10.383877 -692.547607
v -319.077637 11.361802 -685.047607
v -319.077637 11.038656 -687.547607
v -320.282166 11.038658 -687.547546
v -319.077637 10.712625 -690.047607
v -318.928650 11.332891 -685.047607
v -318.928650 11.009745 -687.547607
v -318.928650 10.683714 -690.047607
v -318.928650 10.354965 -692.547607
v -318.928650 14.083107 -662.547607
v -319.077637 8.705407 -705.047607
v -318.928650 8.676497 -705.047607
v -247.238647 -8.859189 -825.225464
v -249.657013 -8.748071 -825.974670
v -249.694000 -8.736405 -825.830322
v -247.286591 -8.847623 -825.084351
v -252.070831 -8.628213 -826.448853
v -254.333191 -8.499772 -826.778320
v -254.347595 -8.487844 -826.630005
v -252.096558 -8.616422 -826.302124
v -256.858307 -8.362920 -826.963013
v -259.371307 -8.217824 -827.019287
v -259.362854 -8.205541 -826.870239
v -256.861237 -8.350820 -826.814148
v -261.878326 -8.064641 -826.867188
v -264.181000 -7.903540 -826.547607
v -264.149963 -7.890836 -826.401062
v -261.858582 -8.052159 -826.718872
v -275.853210 -6.985017 -822.017944
v -277.847015 -6.779866 -820.581665
v -277.751678 -6.765519 -820.465698
v -275.768707 -6.970983 -821.895325
v -279.714661 -6.567948 -819.022034
v -281.533203 -6.349422 -817.395508
v -281.430389 -6.334432 -817.286255
v -279.615448 -6.553281 -818.909302
v -266.631439 -7.734685 -825.982422
v -269.031433 -7.558240 -825.215454
v -268.978485 -7.545037 -825.075317
v -266.589355 -7.721746 -825.838562
v -271.366455 -7.374372 -824.251831
v -273.619415 -7.183244 -823.183472
v -273.548126 -7.169499 -823.057861
v -271.302979 -7.360913 -824.116211
v -283.313599 -6.124466 -815.723999
v -285.053223 -5.893235 -814.012207
v -284.943329 -5.877542 -813.910278
v -283.207245 -6.109124 -815.618408
v -315.947113 -1.530599 -788.367004
v -315.111633 -1.804229 -791.201782
v -319.224884 -1.732177 -792.859131
v -314.179993 -2.073825 -794.006470
v -313.153320 -2.339274 -796.777771
v -317.813934 -2.259948 -800.287415
v -315.803528 -1.562822 -788.327332
v -314.969482 -1.836627 -791.157227
v -314.039459 -2.106399 -793.957092
v -313.014526 -2.372020 -796.723572
v -320.263977 -1.139444 -787.143921
v -316.685486 -1.253042 -785.505371
v -312.032745 -2.600463 -799.512451
v -310.819641 -2.857285 -802.207336
v -316.176453 -2.592163 -807.522949
v -309.515381 -3.109623 -804.859253
v -308.121460 -3.357368 -807.465271
v -314.222198 -3.085057 -814.418335
v -311.895905 -2.633391 -799.453613
v -310.684845 -2.890385 -802.143860
v -309.382812 -3.142902 -804.791260
v -307.991333 -3.390820 -807.392700
v -299.867493 -4.523286 -819.701233
v -297.973267 -4.741128 -821.969727
v -305.437714 -4.448259 -831.583984
v -296.002838 -4.953588 -824.172302
v -293.958466 -5.160570 -826.306396
v -301.284607 -5.039908 -835.809204
v -299.751526 -4.557576 -819.607666
v -297.860596 -4.775575 -821.872253
v -295.893524 -4.988194 -824.071045
v -293.852661 -5.195322 -826.201538
v -308.943634 -4.013947 -826.571228
v -301.683289 -4.300182 -817.369507
v -306.639526 -3.600403 -810.022217
v -305.071320 -3.838627 -812.527100
v -311.845245 -3.559262 -820.815186
v -303.418549 -4.071927 -814.977173
v -306.511902 -3.634029 -809.945312
v -304.946381 -3.872425 -812.445923
v -303.296509 -4.105888 -814.891785
v -301.564240 -4.334310 -817.279907
v -244.916107 -8.961396 -824.324646
v -244.974731 -8.949918 -824.187683
v -251.134598 -8.974401 -823.453125
v -254.897064 -8.741529 -824.071472
v -258.375977 -8.473672 -824.249878
v -262.003357 -8.172189 -824.241455
v -266.493683 -7.838445 -823.598083
v -277.256165 -7.079667 -818.564880
v -281.536957 -6.657372 -815.056824
v -285.318726 -6.208290 -811.357300
v -271.865601 -7.473813 -821.588257
v -320.260406 -2.200248 -799.731873
v -320.268280 -1.677958 -793.301880
v -320.243622 -2.705540 -806.871704
v -320.227844 -3.193032 -814.064941
v -319.579590 -4.540759 -840.867981
v -319.748230 -4.111441 -826.825867
v -319.547668 -4.949089 -849.951660
v -320.205627 -3.661931 -820.453491
v -247.093857 -9.170907 -822.127075
v -305.559998 14.396919 -660.047485
v -305.510986 14.112043 -662.547546
v -305.644897 14.083134 -662.547546
v -305.693359 14.368011 -660.047485
v -305.657745 14.952196 -655.047485
v -305.608887 14.677027 -657.547546
v -305.741760 14.648119 -657.547546
v -305.790070 14.923287 -655.047485
v -305.755219 15.487032 -650.047546
v -305.706512 15.222253 -652.547546
v -305.838318 15.193345 -652.547546
v -305.886505 15.458123 -650.047546
v -305.852386 16.000057 -645.047546
v -305.803833 15.746357 -647.547546
v -305.934601 15.717448 -647.547546
v -305.982635 15.971149 -645.047546
v -306.142181 17.394590 -630.047546
v -306.094086 17.178223 -632.547546
v -306.221710 17.149315 -632.547485
v -306.269318 17.365683 -630.047485
v -306.238190 17.806688 -625.047546
v -306.190247 17.604136 -627.547485
v -306.316833 17.575228 -627.547485
v -306.364288 17.777781 -625.047546
v -305.949280 16.489906 -640.047485
v -305.900879 16.247965 -642.547485
v -306.030579 16.219057 -642.547485
v -306.078491 16.460999 -640.047485
v -306.045898 16.955206 -635.047485
v -305.997620 16.725710 -637.547546
v -306.126282 16.696802 -637.547485
v -306.174042 16.926298 -635.047485
v -306.333923 18.190134 -620.047546
v -306.286102 18.002077 -622.547546
v -306.411682 17.973171 -622.547485
v -306.458984 18.161226 -620.047546
v -306.429382 18.543560 -615.047546
v -306.381683 18.370686 -617.547546
v -306.506226 18.341778 -617.547546
v -306.553375 18.514650 -615.047546
v -306.524506 18.865591 -610.047485
v -306.476959 18.708584 -612.547546
v -306.600494 18.679676 -612.547485
v -306.647522 18.836683 -610.047485
v -306.619354 19.154863 -605.047485
v -306.571960 19.014408 -607.547485
v -306.694458 18.985500 -607.547485
v -306.741333 19.125956 -605.047485
v -306.902161 19.812433 -590.047546
v -306.855225 19.725737 -592.547546
v -306.974670 19.696829 -592.547485
v -307.021118 19.783525 -590.047546
v -306.995880 19.956976 -585.047607
v -306.949066 19.889570 -587.547546
v -307.067505 19.860662 -587.547546
v -307.113800 19.928070 -585.047546
v -306.713928 19.410019 -600.047485
v -306.666687 19.286787 -602.547485
v -306.788147 19.257877 -602.547485
v -306.834900 19.381098 -600.047485
v -306.808197 19.629652 -595.047546
v -306.761108 19.524351 -597.547546
v -306.881561 19.495443 -597.547485
v -306.928131 19.600744 -595.047546
v -319.457184 20.147524 -545.047607
v -319.457184 20.147524 -547.547607
v -320.282166 20.147486 -547.547607
v -319.457184 20.147524 -550.047607
v -319.457184 20.147524 -552.547607
v -320.282196 20.147486 -552.547607
v -319.308228 20.118614 -545.047607
v -319.308228 20.118614 -547.547607
v -319.308228 20.118614 -550.047607
v -319.308228 20.118614 -552.547607
v -320.282166 20.147532 -542.547546
v -319.457184 20.147526 -542.547607
v -319.457184 20.147524 -555.047607
v -319.457184 20.147526 -557.547607
v -320.282196 20.147486 -557.547607
v -319.457214 20.147526 -560.047607
v -319.457214 20.147526 -562.547607
v -320.282196 20.147488 -562.547607
v -319.308228 20.118614 -555.047607
v -319.308228 20.118614 -557.547607
v -319.308228 20.118614 -560.047607
v -319.308228 20.118614 -562.547607
v -319.457214 20.125896 -575.047607
v -319.457214 20.099119 -577.547607
v -320.282166 20.099081 -577.547546
v -319.457214 20.061930 -580.047607
v -319.457214 20.014494 -582.547607
v -320.282166 20.014458 -582.547546
v -319.308228 20.096985 -575.047607
v -319.308228 20.070208 -577.547607
v -319.308228 20.033016 -580.047607
v -319.308228 19.985582 -582.547607
v -320.282166 20.142050 -572.547607
v -319.457214 20.142090 -572.547607
v -319.457214 20.147526 -565.047607
v -319.457214 20.147526 -567.547607
v -320.282196 20.147488 -567.547546
v -319.457214 20.147524 -570.047607
v -319.308228 20.118614 -565.047607
v -319.308228 20.118614 -567.547607
v -319.308228 20.118612 -570.047607
v -319.308228 20.113178 -572.547607
v -319.418030 19.956972 -585.047607
v -319.077637 17.806688 -625.047607
v -319.077637 17.604136 -627.547607
v -320.282166 17.604113 -627.547485
v -319.077637 17.394590 -630.047546
v -319.077637 17.178225 -632.547546
v -320.282166 17.178202 -632.547546
v -318.928650 17.777773 -625.047607
v -318.928650 17.575220 -627.547546
v -318.928650 17.365675 -630.047546
v -318.928650 17.149309 -632.547546
v -320.282166 18.002054 -622.547485
v -319.077637 18.002077 -622.547607
v -319.077637 16.955210 -635.047546
v -319.077637 16.725712 -637.547546
v -320.282135 16.725689 -637.547485
v -319.077637 16.489908 -640.047546
v -319.077637 16.247969 -642.547546
v -320.282166 16.247946 -642.547485
v -318.928650 16.926291 -635.047546
v -318.928650 16.696795 -637.547546
v -318.928650 16.460991 -640.047546
v -318.928650 16.219051 -642.547546
v -319.077637 14.952202 -655.047546
v -319.077637 14.677033 -657.547546
v -320.282135 14.677010 -657.547485
v -319.077637 14.396927 -660.047546
v -318.928650 14.923282 -655.047546
v -318.928650 14.648114 -657.547546
v -318.928650 14.368006 -660.047546
v -320.282135 15.222235 -652.547485
v -319.077637 15.222259 -652.547546
v -319.077637 16.000059 -645.047607
v -319.077637 15.746362 -647.547546
v -320.282166 15.746336 -647.547485
v -319.077637 15.487037 -650.047546
v -318.928650 15.971143 -645.047546
v -318.928650 15.717443 -647.547546
v -318.928650 15.458117 -650.047546
v -318.928650 15.193340 -652.547546
v -319.308228 20.118616 -542.547607
v -319.269043 19.928061 -585.047607
v -320.282166 19.889544 -587.547546
v -307.042603 20.014484 -582.547485
v -307.160034 19.985577 -582.547546
v -318.928650 17.973164 -622.547546
v -303.196625 14.677014 -658.020203
v -303.133392 15.222243 -652.976318
v -303.250458 14.112030 -663.066284
v -303.060669 15.746344 -647.934509
v -302.978546 16.247952 -642.894897
v -302.675507 17.604122 -627.788818
v -302.555603 18.002066 -622.757690
v -302.785950 17.178209 -632.822021
v -302.886963 16.725698 -637.857300
v -302.426270 18.370674 -617.728760
v -302.287537 18.708576 -612.701904
v -302.139313 19.014397 -607.677246
v -301.981659 19.286777 -602.654785
v -302.788635 20.068098 -587.547485
v -302.662689 19.904272 -592.547485
v -301.452057 19.889557 -587.600098
v -301.638031 19.725725 -592.616211
v -302.914185 20.193020 -582.547485
v -301.256653 20.014471 -582.586182
v -302.536346 19.524334 -597.547485
v -301.814545 19.524340 -597.634460
v 408.520630 30.427753 -881.951660
v 406.472778 30.410254 -883.385620
v 406.387329 30.439787 -883.263550
v 408.435181 30.457270 -881.829651
v 404.424896 30.397432 -884.819519
v 402.376953 30.389664 -886.253479
v 402.291565 30.419233 -886.131470
v 404.339417 30.426981 -884.697510
v 400.329163 30.387325 -887.687378
v 398.281250 30.390776 -889.121399
v 398.195862 30.420383 -888.999268
v 400.243744 30.416914 -887.565369
v 396.233337 30.400377 -890.555298
v 394.185486 30.416466 -891.989258
v 394.100067 30.446096 -891.867188
v 396.147888 30.429996 -890.433289
v 383.946075 30.595953 -899.158997
v 381.898193 30.649895 -900.592896
v 381.812744 30.679462 -900.470825
v 383.860657 30.625540 -899.036926
v 379.850403 30.709000 -902.026794
v 377.802551 30.772881 -903.460754
v 377.717102 30.802410 -903.338684
v 379.764923 30.738546 -901.904785
v 392.137604 30.439281 -893.423218
v 390.089783 30.468882 -894.857117
v 390.004364 30.498510 -894.735046
v 392.052185 30.468918 -893.301147
v 388.041870 30.505077 -896.291077
v 385.993958 30.547558 -897.725037
v 385.908539 30.577160 -897.602966
v 387.956360 30.534693 -896.169067
v 375.754639 30.841152 -904.894714
v 375.669189 30.870663 -904.772644
v 403.570740 30.519445 -883.383484
v 399.475006 30.513653 -886.251404
v 407.666473 30.544867 -880.515564
v 395.379150 30.529882 -889.119324
v 391.283447 30.569807 -891.987122
v 378.996216 30.829741 -900.590698
v 374.900513 30.956890 -903.458618
v 383.091888 30.721210 -897.722900
v 387.187683 30.633894 -894.854980
v 96.065063 17.742903 -874.063416
v 93.352356 17.618660 -873.435974
v 93.384430 17.647568 -873.290466
v 96.100128 17.771811 -873.918579
v 90.627350 17.503485 -872.864502
v 87.891129 17.397646 -872.349243
v 87.917206 17.426554 -872.202576
v 90.656418 17.532393 -872.718384
v 85.144943 17.301418 -871.890442
v 82.389786 17.215069 -871.488220
v 82.409866 17.243979 -871.340576
v 85.167984 17.330328 -871.743225
v 79.626999 17.138868 -871.142761
v 76.857681 17.073090 -870.854248
v 76.871597 17.101997 -870.705933
v 79.643967 17.167776 -870.994751
v 63.084152 16.909985 -870.263184
v 60.584152 16.909437 -870.263184
v 60.584152 16.938347 -870.114197
v 63.084167 16.938894 -870.114197
v 58.084213 16.909439 -870.263184
v 55.584213 16.909439 -870.263184
v 55.584229 16.938347 -870.114197
v 58.084213 16.938347 -870.114197
v 74.083023 17.018002 -870.622803
v 71.304245 16.973879 -870.448486
v 71.312042 17.002787 -870.299744
v 74.093872 17.046911 -870.474243
v 68.522339 16.940987 -870.331421
v 65.738678 16.919598 -870.271667
v 65.740341 16.948507 -870.122681
v 68.527069 16.969894 -870.182495
v 52.982239 16.909441 -870.263672
v 52.980988 16.938347 -870.114624
v 91.922806 17.710930 -863.430786
v 92.665359 17.532383 -855.260986
v 98.488510 17.771801 -857.933044
v 97.605728 17.950348 -865.617432
v 86.193222 17.508863 -861.470032
v 86.795898 17.330318 -852.682312
v 80.426468 17.167759 -859.738403
v 80.889954 17.167765 -850.198242
v 74.632523 17.046892 -858.238831
v 74.957748 17.046898 -847.810730
v 58.153473 17.116882 -855.136719
v 58.298878 16.938337 -841.534302
v 63.277348 16.938883 -843.411133
v 63.182526 17.117420 -855.969421
v 52.924301 16.938339 -854.337708
v 53.209843 16.938339 -839.481995
v 68.821106 17.148428 -856.973877
v 69.009323 16.969885 -845.522278
v 200.753632 28.850328 -936.576233
v 198.718353 28.605358 -935.124451
v 202.713898 28.605356 -931.704163
v 196.683044 28.356726 -933.672729
v 194.647766 28.104706 -932.220947
v 198.829178 28.104704 -928.234375
v 206.639328 29.091372 -935.118591
v 202.788925 29.091372 -938.027954
v 192.612488 27.849571 -930.769226
v 190.577209 27.591585 -929.317444
v 193.557510 27.591578 -925.139221
v 188.541916 27.331028 -927.865723
v 186.506607 27.068163 -926.413940
v 189.486923 27.068155 -922.235718
v 191.181961 27.068163 -921.091370
v 194.985306 27.591585 -924.700195
v 176.330185 25.728745 -919.155151
v 174.294907 25.457737 -917.703369
v 177.275208 25.636282 -913.525146
v 180.006271 25.457737 -909.696350
v 183.693665 25.999073 -913.603027
v 181.345779 26.177612 -916.428650
v 172.259598 25.186317 -916.251648
v 170.224335 24.914761 -914.799866
v 173.204620 24.914761 -910.621643
v 175.935699 24.914761 -906.792786
v 178.365479 25.999073 -920.606934
v 184.471329 26.803265 -924.962158
v 182.436035 26.536602 -923.510437
v 185.416336 26.715149 -919.332153
v 187.418427 26.536606 -917.396545
v 180.400757 26.268448 -922.058655
v 197.199173 30.010817 -988.508484
v 191.728378 29.560568 -983.609070
v 194.157898 29.560570 -963.254578
v 199.082611 30.010811 -966.983826
v 202.813797 30.439926 -993.175171
v 208.559937 30.845739 -997.599060
v 204.173172 30.618475 -970.544189
v 209.416183 31.024279 -973.923340
v 226.458282 31.902054 -1009.320801
v 220.395264 31.578794 -1005.680603
v 220.302063 31.578796 -980.086487
v 232.600464 32.217247 -1012.683350
v 225.914719 31.901711 -982.843872
v 231.619522 32.200989 -985.367126
v 214.424728 31.226082 -1001.770569
v 214.797409 31.404623 -977.108521
v 202.702423 29.062454 -938.149292
v 200.667114 28.821409 -936.697510
v 198.631836 28.576439 -935.245789
v 196.596527 28.327806 -933.794006
v 194.561249 28.075788 -932.342224
v 192.525970 27.820652 -930.890503
v 190.490692 27.562666 -929.438721
v 188.455399 27.302107 -927.987000
v 178.278946 25.970154 -920.728210
v 176.243652 25.699823 -919.276428
v 174.208374 25.428814 -917.824646
v 172.173080 25.157396 -916.372925
v 186.420090 27.039244 -926.535217
v 184.384827 26.774343 -925.083496
v 182.349518 26.507683 -923.631714
v 180.314240 26.239527 -922.179932
v 195.989777 29.328197 -951.825256
v 198.076141 29.560570 -953.252136
v 200.365845 29.788198 -954.757324
v 202.687805 30.010818 -956.212402
v 196.075562 29.299284 -951.704651
v 198.161346 29.531658 -953.131714
v 200.448029 29.759287 -954.635071
v 202.767242 29.981901 -956.087891
v 205.021423 30.228149 -957.638733
v 207.368042 30.439926 -959.032837
v 209.746307 30.645882 -960.371277
v 212.154877 30.845741 -961.653320
v 205.098816 30.199238 -957.511414
v 207.442444 30.411013 -958.903748
v 209.817657 30.616968 -960.240479
v 212.223145 30.816826 -961.520935
v 224.605118 31.744118 -967.195068
v 227.166977 31.901714 -968.125549
v 229.749512 32.051319 -968.995605
v 232.351273 32.193134 -969.804626
v 224.657410 31.715199 -967.055542
v 227.215988 31.872797 -967.984863
v 229.795212 32.022404 -968.853760
v 232.393616 32.164089 -969.661804
v 222.065338 31.578798 -966.204529
v 214.592438 31.039232 -962.878296
v 217.057617 31.226086 -964.045593
v 219.549026 31.406033 -965.154541
v 214.657562 31.010315 -962.744324
v 217.119583 31.197170 -963.910095
v 219.607803 31.377117 -965.017639
v 222.120895 31.549885 -966.066284
v 170.137787 24.885839 -914.921143
v 375.754547 30.841152 -904.894714
v 373.706665 30.913437 -906.328674
v 373.621185 30.942932 -906.206604
v 375.669067 30.870670 -904.772705
v 371.658752 30.989340 -907.762634
v 369.610840 31.068481 -909.196594
v 369.525452 31.097939 -909.074524
v 371.573334 31.018814 -907.640564
v 367.563019 31.150475 -910.630493
v 365.515137 31.234932 -912.064453
v 365.429657 31.264353 -911.942444
v 367.477570 31.179913 -910.508423
v 363.467255 31.321468 -913.498352
v 361.419373 31.409706 -914.932312
v 361.333923 31.439089 -914.810242
v 363.381775 31.350870 -913.376343
v 351.179962 31.862808 -922.102051
v 349.132050 31.953115 -923.536011
v 349.046631 31.982378 -923.413940
v 351.094513 31.892090 -921.979980
v 347.084198 32.044582 -924.969910
v 345.036316 32.139763 -926.403870
v 344.950867 32.168243 -926.281799
v 346.998718 32.073479 -924.847900
v 359.371490 31.499250 -916.366272
v 357.323608 31.589718 -917.800232
v 357.238159 31.619059 -917.678162
v 359.286041 31.528610 -916.244263
v 355.275726 31.680725 -919.234131
v 353.227844 31.771885 -920.668091
v 353.142365 31.801186 -920.546021
v 355.190277 31.710045 -919.112061
v 319.550385 34.032288 -961.635071
v 321.966980 33.992611 -960.403992
v 330.063812 34.155693 -977.751465
v 324.360626 33.941536 -959.127380
v 326.703125 33.877819 -957.756348
v 335.132324 34.037415 -974.486816
v 319.480530 33.996391 -961.502686
v 321.895447 33.956810 -960.275269
v 324.285858 33.905796 -958.999878
v 326.625031 33.842190 -957.629517
v 324.828979 34.234035 -980.773987
v 317.126160 34.066135 -962.844238
v 329.009003 33.802242 -956.298096
v 331.340546 33.715622 -954.822693
v 340.022278 34.047047 -970.987915
v 333.494995 33.620716 -953.527466
v 335.542908 33.518456 -952.093506
v 344.376160 33.841389 -967.647095
v 328.928680 33.766758 -956.172974
v 331.259918 33.680325 -954.701843
v 333.409546 33.585609 -953.405396
v 335.457428 33.483547 -951.971436
v 345.782318 32.915653 -944.923767
v 347.830170 32.783588 -943.489868
v 357.081177 32.894932 -957.843689
v 349.878052 32.650047 -942.055908
v 351.925934 32.516079 -940.621948
v 361.288177 32.614357 -954.585938
v 345.696838 32.881939 -944.801758
v 347.744720 32.750156 -943.367798
v 349.792603 32.616905 -941.933838
v 351.840454 32.483234 -940.499939
v 352.860199 33.168625 -961.106445
v 343.734436 33.045216 -946.357666
v 337.590790 33.408844 -950.659546
v 339.638672 33.292793 -949.225586
v 348.625183 33.606037 -964.374268
v 341.686554 33.171257 -947.791626
v 337.505310 33.374142 -950.537476
v 339.553192 33.258320 -949.103577
v 341.601074 33.137024 -947.669617
v 343.648956 33.011234 -946.235657
v 353.973816 32.382732 -939.187988
v 356.021698 32.251087 -937.754089
v 365.481140 32.514103 -951.333374
v 358.069550 32.122223 -936.320129
v 360.117462 31.997217 -934.886169
v 369.660095 32.245502 -948.085754
v 353.888397 32.350201 -939.065918
v 355.936218 32.218876 -937.632019
v 357.984070 32.090336 -936.198120
v 360.031982 31.965666 -934.764160
v 362.165344 31.877172 -933.452271
v 364.213226 31.763197 -932.018311
v 373.825043 31.817610 -944.843201
v 366.261078 31.656393 -930.584351
v 368.308960 31.557882 -929.150391
v 377.975983 31.596434 -941.605774
v 362.079895 31.845964 -933.330200
v 364.127777 31.732336 -931.896301
v 366.175629 31.625887 -930.462341
v 368.223541 31.527742 -929.028381
v 378.548370 31.131660 -921.980713
v 380.596252 31.053715 -920.546753
v 390.344635 31.267385 -931.923706
v 382.644135 30.979000 -919.112854
v 384.692017 30.907888 -917.678894
v 394.439514 30.945513 -928.706421
v 378.462921 31.101542 -921.858643
v 380.510773 31.023554 -920.424744
v 382.558655 30.948799 -918.990784
v 384.606567 30.877647 -917.556824
v 386.235748 31.423800 -935.145996
v 376.500488 31.212444 -923.414673
v 370.356842 31.468031 -927.716492
v 372.404724 31.381016 -926.282532
v 382.112854 31.411657 -938.373352
v 374.452606 31.295694 -924.848633
v 370.271393 31.438080 -927.594421
v 372.319275 31.351021 -926.160461
v 374.367157 31.265657 -924.726562
v 376.415039 31.182371 -923.292603
v 317.059326 34.030136 -962.710205
v 342.988464 32.237671 -927.837769
v 342.902985 32.265755 -927.715759
v 370.831970 31.099804 -906.330994
v 366.747681 31.255503 -909.209656
v 374.900360 30.956890 -903.458679
v 362.647369 31.420965 -912.094360
v 358.530701 31.593149 -914.984863
v 346.079865 32.119278 -923.688965
v 341.895142 32.287601 -926.600525
v 350.247223 31.945374 -920.782349
v 354.397430 31.768974 -917.880981
v 252.146347 25.105333 -685.252991
v 247.614838 24.856308 -683.139893
v 256.842072 24.856329 -671.587524
v 256.677887 25.350533 -687.366089
v 261.373627 25.283899 -673.700623
v 265.905151 25.529099 -675.813721
v 261.209473 25.591642 -689.479187
v 265.255920 25.828388 -691.515015
v 270.436707 25.591661 -677.926819
v 274.677704 25.828415 -680.060791
v 277.394440 26.509794 -697.120483
v 273.302612 26.287731 -695.223816
v 282.643188 26.466299 -685.136658
v 281.485535 26.726429 -698.988159
v 286.347565 26.688372 -688.062439
v 289.843903 26.726458 -691.229004
v 269.145081 26.060509 -693.335022
v 278.747437 26.060528 -682.465271
v 265.822693 24.981312 -663.937012
v 268.100159 25.105362 -664.922546
v 270.336670 25.228458 -665.995667
v 272.559631 25.350559 -667.057251
v 265.886841 24.952396 -663.796326
v 268.164764 25.076447 -664.781372
v 270.402008 25.199539 -665.853516
v 272.625916 25.321644 -666.913391
v 263.532806 24.856337 -662.998169
v 274.763367 25.471642 -668.120178
v 276.821716 25.591667 -669.228088
v 279.034241 25.774694 -670.288330
v 281.233521 25.892508 -671.441772
v 274.830994 25.442728 -667.973511
v 276.884735 25.562752 -669.093079
v 279.101196 25.745779 -670.155273
v 281.304932 25.863590 -671.311035
v 291.569611 26.463547 -678.275330
v 293.488495 26.573915 -679.844055
v 295.352783 26.682928 -681.476074
v 297.160431 26.790550 -683.169495
v 291.661926 26.434626 -678.158386
v 293.584656 26.544996 -679.730286
v 295.452759 26.654005 -681.365601
v 297.264038 26.761629 -683.062439
v 289.598267 26.351852 -676.771667
v 283.391968 26.009161 -672.668335
v 285.507141 26.124626 -673.966492
v 287.576691 26.238869 -675.334839
v 283.467773 25.980246 -672.540039
v 285.587219 26.095709 -673.840881
v 287.660950 26.209951 -675.211975
v 289.686584 26.322933 -676.651672
v 263.596619 24.827423 -662.857788
v 368.624939 29.207222 -724.559387
v 366.359192 29.161745 -723.502869
v 366.422119 29.190653 -723.367798
v 368.687866 29.236132 -724.424316
v 364.093658 29.113806 -722.444031
v 361.839233 29.063440 -721.306152
v 361.901855 29.092348 -721.173340
v 364.156342 29.142714 -722.311279
v 359.587280 29.010683 -720.168213
v 357.337799 28.955566 -719.030396
v 357.400299 28.984476 -718.897644
v 359.649811 29.039591 -720.035461
v 355.090851 28.898125 -717.892578
v 352.846344 28.838390 -716.754822
v 352.908661 28.867296 -716.622070
v 355.153259 28.927032 -717.759827
v 342.038818 28.553955 -711.339539
v 339.773041 28.481165 -710.283020
v 339.835968 28.510075 -710.147949
v 342.101807 28.582863 -711.204529
v 337.547699 28.406319 -709.174011
v 335.388855 28.329443 -707.940552
v 335.466431 28.358351 -707.813354
v 337.617920 28.435226 -709.042664
v 350.604309 28.776394 -715.617126
v 348.364777 28.712170 -714.479492
v 348.427002 28.741091 -714.346680
v 350.666595 28.805302 -715.484375
v 346.127747 28.645756 -713.341858
v 343.893188 28.577183 -712.204224
v 343.955231 28.606091 -712.071411
v 346.189880 28.674664 -713.209045
v 333.302979 28.250574 -706.585999
v 331.296875 28.169746 -705.114807
v 331.388397 28.198656 -704.997192
v 333.387634 28.279484 -706.463440
v 329.377136 28.086994 -703.531555
v 327.549866 28.002352 -701.841492
v 327.654114 28.031261 -701.734985
v 329.475159 28.115904 -703.419373
v 325.821167 27.915852 -700.049805
v 324.196594 27.827522 -698.162292
v 324.312225 27.856430 -698.068420
v 325.931274 27.944759 -699.949463
v 322.681396 27.737404 -696.185059
v 321.280640 27.645527 -694.124390
v 321.406250 27.674437 -694.044189
v 322.802216 27.766312 -696.097839
v 313.498169 27.113464 -682.730347
v 311.530212 27.011740 -680.627197
v 311.644775 27.040648 -680.531616
v 313.614990 27.142374 -682.640869
v 309.457825 26.908491 -678.707092
v 307.398132 26.803751 -676.780334
v 307.505615 26.832661 -676.677185
v 309.569275 26.937401 -678.606934
v 319.980774 27.551924 -691.993286
v 318.551819 27.456636 -689.661987
v 318.677856 27.485544 -689.582520
v 320.108459 27.580832 -691.916565
v 317.157837 27.312208 -687.308228
v 315.347168 27.213633 -685.016296
v 315.466278 27.242540 -684.932312
v 317.281372 27.341116 -687.225525
v 305.383240 26.697554 -674.760376
v 305.487244 26.726463 -674.653687
v 369.504730 29.321245 -714.584045
v 376.015381 29.142704 -702.054993
v 380.546936 29.236122 -704.168091
v 373.931335 29.414669 -716.681030
v 365.051758 29.039574 -712.494141
v 371.483826 29.039581 -699.941895
v 360.563477 28.927015 -710.423645
v 366.952301 28.927021 -697.828796
v 356.032867 28.805290 -708.382263
v 362.420746 28.805290 -695.715698
v 342.376770 28.566280 -702.523071
v 350.096619 28.387743 -689.921265
v 353.357697 28.535383 -691.489502
v 346.827271 28.713924 -704.414490
v 338.319824 28.410545 -700.357788
v 346.295898 28.231998 -687.934692
v 351.455109 28.674644 -706.377441
v 357.889221 28.674656 -693.602600
v 334.523590 28.246965 -697.792480
v 342.544006 28.068419 -685.892395
v 331.040344 28.075821 -694.857788
v 338.958130 27.897276 -683.511047
v 327.921875 27.718821 -691.585266
v 335.378967 27.718828 -680.976501
v 325.138367 27.533342 -687.928528
v 331.237915 27.533348 -678.062073
v 313.844543 27.115936 -674.628479
v 316.775940 26.937389 -669.038818
v 321.165161 27.142363 -671.454102
v 317.902039 27.320902 -678.932190
v 309.624237 26.726454 -670.441406
v 312.838165 26.726665 -666.771851
v 321.719360 27.519651 -683.396545
v 326.215881 27.341105 -674.782776
vn 0.0193 0.9985 0.0504
vn 0.0196 0.9985 0.0504
vn 0.0362 0.9993 0.0045
vn 0.0255 0.9997 -0.0040
vn 0.0532 0.9977 -0.0426
vn 0.0424 0.9985 -0.0356
vn 0.0198 0.9985 0.0505
vn 0.0201 0.9985 0.0506
vn 0.0346 0.9994 0.0038
vn 0.0495 0.9978 -0.0443
vn 0.0190 0.9986 0.0503
vn 0.0407 0.9991 0.0071
vn 0.0406 0.9992 0.0050
vn 0.0311 0.9995 0.0010
vn 0.0389 0.9992 0.0075
vn 0.0404 0.9991 0.0092
vn 0.0161 0.9996 0.0216
vn 0.0413 0.9991 0.0054
vn 0.0398 0.9992 0.0043
vn 0.0203 0.9985 0.0507
vn 0.0206 0.9985 0.0509
vn 0.0330 0.9994 0.0032
vn 0.0458 0.9979 -0.0456
vn 0.0208 0.9985 0.0511
vn 0.0212 0.9985 0.0513
vn 0.0405 0.9992 0.0059
vn 0.0420 0.9980 -0.0467
vn 0.0399 0.9988 0.0293
vn 0.0302 0.9995 0.0018
vn 0.0438 0.9990 0.0086
vn 0.0426 0.9991 -0.0056
vn 0.0293 0.9996 0.0020
vn 0.0287 0.9996 0.0021
vn 0.0200 0.9998 -0.0000
vn 0.0295 0.9996 0.0025
vn 0.0336 0.9981 0.0513
vn 0.0332 0.9982 0.0507
vn 0.0425 0.9991 0.0014
vn 0.0355 0.9994 0.0017
vn 0.0341 0.9981 -0.0505
vn 0.0379 0.9981 -0.0492
vn 0.0469 0.9986 0.0257
vn 0.0332 0.9994 0.0007
vn 0.0616 0.9981 0.0080
vn 0.0543 0.9983 -0.0198
vn 0.0329 0.9981 0.0519
vn 0.0134 0.9996 0.0256
vn 0.0295 0.9981 0.0532
vn 0.0189 0.9998 -0.0024
vn 0.0255 0.9989 -0.0387
vn 0.0328 0.9981 0.0526
vn 0.0333 0.9994 0.0009
vn 0.0421 0.9984 0.0379
vn 0.0439 0.9990 0.0081
vn 0.0534 0.9983 0.0214
vn 0.0573 0.9983 0.0098
vn 0.0710 0.9971 -0.0286
vn 0.0578 0.9980 0.0242
vn 0.0160 0.9986 0.0514
vn 0.0433 0.9990 0.0076
vn 0.0426 0.9991 0.0067
vn 0.0420 0.9991 0.0085
vn 0.0413 0.9991 0.0106
vn 0.0420 0.9991 0.0062
vn 0.0223 0.9989 0.0420
vn 0.0245 0.9989 0.0388
vn 0.0274 0.9985 0.0464
vn 0.0202 0.9989 0.0419
vn 0.0256 0.9987 0.0445
vn 0.0274 0.9983 0.0505
vn 0.0111 0.9986 0.0525
vn 0.0043 0.9986 0.0534
vn 0.0276 0.9981 0.0558
vn 0.0234 0.9987 0.0452
vn 0.0080 0.9984 0.0561
vn 0.0070 0.9984 0.0562
vn 0.0257 0.9985 0.0482
vn 0.0087 0.9990 0.0448
vn 0.0216 0.9991 0.0360
vn 0.0151 0.9997 0.0183
vn 0.0062 0.9984 0.0563
vn 0.0252 0.9985 0.0480
vn 0.0272 0.9988 0.0410
vn 0.0284 0.9988 0.0395
vn 0.0278 0.9988 0.0400
vn 0.0270 0.9988 0.0400
vn 0.0254 0.9988 0.0414
vn 0.0378 0.9984 0.0409
vn 0.0426 0.9985 0.0350
vn 0.0423 0.9985 0.0358
vn 0.0436 0.9983 0.0390
vn 0.0445 0.9981 0.0415
vn 0.0446 0.9981 0.0416
vn 0.0328 0.9986 0.0406
vn 0.0280 0.9984 0.0485
vn 0.0445 0.9982 0.0414
vn 0.0445 0.9982 0.0408
vn 0.0445 0.9982 0.0411
vn 0.0444 0.9982 0.0412
vn -0.0753 0.9971 0.0123
vn -0.0735 0.9972 0.0139
vn -0.0355 0.9981 0.0505
vn 0.0027 0.9963 0.0863
vn -0.0017 0.9963 0.0857
vn -0.0390 0.9981 0.0478
vn -0.0731 0.9972 0.0178
vn -0.0712 0.9973 0.0193
vn -0.0378 0.9975 0.0604
vn 0.0081 0.9962 0.0868
vn -0.0759 0.9971 0.0088
vn -0.0567 0.9970 0.0522
vn -0.0207 0.9982 0.0570
vn -0.0356 0.9971 0.0679
vn -0.0263 0.9969 0.0737
vn -0.0192 0.9981 0.0593
vn -0.0160 0.9981 0.0592
vn -0.0141 0.9985 0.0530
vn -0.0244 0.9979 0.0607
vn -0.0573 0.9975 0.0413
vn -0.0551 0.9976 0.0419
vn -0.0138 0.9974 0.0714
vn 0.0353 0.9959 0.0837
vn 0.0299 0.9959 0.0851
vn -0.0144 0.9980 0.0619
vn -0.0312 0.9971 0.0697
vn 0.0036 0.9979 0.0643
vn -0.0194 0.9958 0.0896
vn 0.0039 0.9957 0.0930
vn -0.0588 0.9975 0.0381
vn -0.0317 0.9989 0.0337
vn -0.0623 0.9975 0.0338
vn -0.0083 0.9987 0.0496
vn 0.0209 0.9972 0.0714
vn -0.0610 0.9974 0.0373
vn -0.0547 0.9967 0.0598
vn -0.0604 0.9961 0.0637
vn -0.0551 0.9968 0.0574
vn -0.0527 0.9963 0.0677
vn -0.0869 0.9941 0.0647
vn -0.0924 0.9945 0.0495
vn -0.0489 0.9966 0.0662
vn -0.0388 0.9982 0.0467
vn -0.0723 0.9960 0.0527
vn -0.0797 0.9955 0.0517
vn -0.0260 0.9985 0.0481
vn -0.0348 0.9990 0.0297
vn -0.0174 0.9991 0.0398
vn -0.0048 0.9998 0.0195
vn -0.0864 0.9950 0.0506
vn -0.0328 0.9983 0.0474
vn -0.0527 0.9972 0.0525
vn -0.0493 0.9974 0.0530
vn -0.0565 0.9972 0.0482
vn -0.0240 0.9976 0.0654
vn 0.0076 0.9990 0.0438
vn 0.0101 0.9990 0.0443
vn 0.0126 0.9990 0.0431
vn 0.0284 0.9986 0.0455
vn 0.0320 0.9985 0.0435
vn 0.0105 0.9994 0.0318
vn -0.0109 0.9990 0.0436
vn 0.0248 0.9987 0.0434
vn 0.0155 0.9989 0.0448
vn 0.0183 0.9989 0.0433
vn 0.0216 0.9987 0.0451
vn 0.0172 0.9994 0.0294
vn 0.0135 0.9995 0.0275
vn 0.0179 0.9993 0.0331
vn 0.0112 0.9996 0.0247
vn 0.0161 0.9995 0.0256
vn 0.0169 0.9995 0.0282
vn 0.0344 0.9993 0.0143
vn 0.0354 0.9993 -0.0157
vn 0.0117 0.9993 0.0356
vn -0.0139 0.9981 0.0607
vn 0.0212 0.9993 0.0297
vn 0.0305 0.9994 -0.0168
vn 0.0279 0.9995 -0.0173
vn -0.0030 0.9998 0.0217
vn -0.0330 0.9975 0.0622
vn 0.0218 0.9996 -0.0199
vn 0.0145 0.9996 -0.0244
vn -0.0104 0.9998 0.0178
vn -0.0364 0.9975 0.0614
vn -0.0114 0.9995 0.0303
vn -0.0093 0.9994 0.0328
vn 0.0031 0.9995 0.0310
vn -0.0135 0.9996 0.0237
vn -0.0319 0.9991 0.0291
vn -0.0326 0.9994 0.0150
vn 0.0069 0.9999 0.0085
vn -0.0089 0.9998 -0.0176
vn -0.0086 0.9996 0.0283
vn 0.0123 0.9986 0.0506
vn -0.0112 0.9995 0.0284
vn 0.0069 0.9996 -0.0265
vn 0.0050 0.9996 -0.0263
vn -0.0289 0.9995 0.0118
vn -0.0357 0.9973 0.0637
vn -0.0197 0.9998 -0.0044
vn -0.0119 0.9998 -0.0165
vn -0.0140 0.9998 -0.0157
vn -0.0224 0.9993 0.0308
vn 0.0001 0.9970 0.0772
vn -0.0252 0.9996 0.0140
vn -0.0030 0.9993 0.0365
vn -0.0245 0.9992 0.0322
vn -0.0138 0.9990 0.0425
vn -0.0011 0.9994 0.0350
vn 0.0006 0.9994 0.0337
vn -0.0000 0.9996 0.0285
vn -0.0007 0.9997 0.0243
vn 0.0030 0.9995 0.0310
vn 0.0053 0.9996 0.0287
vn 0.0044 0.9997 0.0241
vn 0.0036 0.9998 0.0205
vn -0.0201 0.9996 -0.0219
vn -0.0190 0.9996 -0.0228
vn 0.0182 0.9998 0.0041
vn 0.0590 0.9977 0.0328
vn 0.0501 0.9984 0.0257
vn 0.0303 0.9995 -0.0013
vn 0.0632 0.9976 0.0269
vn -0.0211 0.9996 -0.0211
vn 0.0288 0.9996 0.0061
vn -0.0187 0.9996 -0.0228
vn 0.0085 0.9996 0.0252
vn 0.0215 0.9997 0.0093
vn 0.0082 0.9998 0.0155
vn 0.0073 0.9999 -0.0112
vn 0.0113 0.9997 0.0224
vn 0.0668 0.9954 0.0685
vn 0.0665 0.9954 0.0683
vn 0.0689 0.9955 0.0645
vn 0.0673 0.9954 0.0685
vn 0.0692 0.9955 0.0647
vn 0.0482 0.9979 0.0432
vn 0.0707 0.9956 0.0608
vn 0.0710 0.9956 0.0610
vn 0.0716 0.9955 0.0615
vn 0.0720 0.9955 0.0618
vn 0.0722 0.9955 0.0620
vn 0.0723 0.9955 0.0619
vn 0.0567 0.9970 0.0527
vn 0.0690 0.9956 0.0632
vn 0.0672 0.9957 0.0643
vn 0.0736 0.9954 0.0613
vn 0.0755 0.9946 0.0713
vn 0.0611 0.9966 0.0557
vn 0.0599 0.9965 0.0588
vn 0.0685 0.9957 0.0616
vn 0.0593 0.9968 0.0537
vn 0.0580 0.9967 0.0566
vn 0.0758 0.9945 0.0729
vn 0.0724 0.9956 0.0592
vn 0.0659 0.9958 0.0639
vn 0.0647 0.9954 0.0708
vn 0.0639 0.9955 0.0704
vn 0.0632 0.9955 0.0702
vn 0.0648 0.9964 0.0550
vn 0.0630 0.9966 0.0534
vn 0.0611 0.9968 0.0518
vn 0.0601 0.9969 0.0508
vn 0.0663 0.9962 0.0564
vn 0.0620 0.9956 0.0695
vn 0.0610 0.9958 0.0690
vn 0.0667 0.9956 0.0656
vn -0.0074 1.0000 -0.0002
vn -0.0074 1.0000 -0.0004
vn -0.0072 1.0000 -0.0003
vn -0.0073 1.0000 -0.0003
vn -0.0072 1.0000 -0.0002
vn -0.0216 0.9998 -0.0019
vn -0.0072 1.0000 -0.0004
vn -0.0076 1.0000 -0.0000
vn -0.0147 0.9998 0.0111
vn -0.0080 0.9997 0.0223
vn -0.0244 0.9997 -0.0021
vn -0.0076 0.9997 0.0223
vn -0.0071 0.9997 0.0223
vn -0.0070 1.0000 0.0007
vn -0.0049 0.9997 0.0228
vn -0.0043 0.9997 0.0230
vn 0.0082 1.0000 0.0013
vn 0.0021 0.9999 0.0117
vn -0.0059 1.0000 0.0003
vn 0.0114 0.9999 0.0018
vn -0.0064 1.0000 0.0007
vn -0.0053 0.9997 0.0226
vn -0.0067 0.9997 0.0223
vn -0.0062 0.9997 0.0224
vn -0.0067 1.0000 0.0007
vn -0.0058 0.9997 0.0225
vn -0.0058 1.0000 0.0003
vn -0.0056 1.0000 0.0004
vn -0.0058 1.0000 0.0004
vn -0.0055 1.0000 0.0004
vn -0.0053 1.0000 0.0005
vn -0.0343 0.9994 0.0015
vn -0.0078 1.0000 -0.0006
vn -0.0085 1.0000 -0.0014
vn -0.0075 1.0000 -0.0002
vn -0.0135 0.9998 -0.0146
vn -0.0069 0.9997 -0.0213
vn -0.0066 0.9997 -0.0216
vn -0.0067 0.9997 -0.0213
vn 0.0004 1.0000 -0.0077
vn -0.0068 0.9998 -0.0212
vn -0.0059 1.0000 0.0004
vn -0.0059 1.0000 0.0005
vn -0.0112 0.9998 0.0133
vn -0.0009 0.9997 0.0254
vn -0.0213 0.9998 0.0001
vn -0.0004 0.9997 0.0258
vn 0.0007 0.9997 0.0261
vn -0.0045 1.0000 -0.0015
vn -0.0039 1.0000 0.0007
vn -0.0037 1.0000 0.0008
vn -0.0038 1.0000 0.0012
vn -0.0035 1.0000 0.0008
vn -0.0032 1.0000 0.0009
vn -0.0143 0.9999 0.0022
vn 0.0122 0.9999 -0.0004
vn -0.0040 1.0000 0.0007
vn 0.0011 0.9996 0.0267
vn 0.0025 0.9996 0.0272
vn 0.0092 1.0000 -0.0034
vn 0.0080 0.9999 0.0137
vn -0.0181 0.9997 0.0153
vn -0.0463 0.9989 -0.0070
vn -0.0143 0.9998 -0.0143
vn -0.0060 0.9996 -0.0280
vn -0.0038 1.0000 0.0015
vn 0.0061 0.9999 -0.0138
vn -0.0034 1.0000 0.0013
vn -0.0060 0.9995 -0.0317
vn -0.0330 0.9992 -0.0221
vn 0.0364 0.9993 0.0094
vn 0.0354 0.9993 0.0098
vn 0.0355 0.9993 0.0100
vn 0.0346 0.9993 0.0107
vn 0.0335 0.9994 0.0112
vn 0.0362 0.9993 -0.0011
vn 0.0247 0.9997 0.0070
vn 0.0372 0.9993 0.0085
vn 0.0032 0.9983 -0.0582
vn 0.0001 0.9989 -0.0472
vn -0.0023 0.9994 -0.0346
vn 0.0048 0.9999 -0.0093
vn -0.0045 0.9976 -0.0688
vn 0.0094 0.9960 -0.0885
vn 0.0272 0.9993 -0.0252
vn -0.0072 0.9991 -0.0420
vn 0.0055 0.9992 -0.0401
vn -0.0081 0.9991 -0.0411
vn -0.0092 0.9991 -0.0406
vn -0.0116 0.9995 -0.0279
vn -0.0046 1.0000 -0.0025
vn 0.0276 0.9995 0.0154
vn 0.0151 0.9998 0.0139
vn 0.0267 0.9995 0.0163
vn 0.0255 0.9995 0.0169
vn 0.0257 0.9995 0.0171
vn -0.0186 0.9993 -0.0336
vn -0.0200 0.9993 -0.0330
vn -0.0223 0.9995 -0.0203
vn -0.0262 0.9997 0.0036
vn -0.0240 0.9996 0.0170
vn -0.0273 0.9995 0.0165
vn -0.0049 0.9995 -0.0326
vn -0.0177 0.9992 -0.0346
vn 0.0246 0.9995 0.0179
vn 0.0233 0.9996 0.0184
vn 0.0260 0.9996 0.0062
vn 0.0170 0.9997 -0.0178
vn 0.0296 0.9993 -0.0209
vn 0.0288 0.9994 -0.0205
vn 0.0289 0.9994 -0.0203
vn 0.0281 0.9994 -0.0198
vn 0.0273 0.9994 -0.0194
vn 0.0305 0.9990 -0.0317
vn 0.0298 0.9993 -0.0210
vn 0.0299 0.9993 -0.0213
vn 0.0216 0.9984 -0.0522
vn -0.0125 0.9976 -0.0678
vn 0.0015 0.9977 -0.0673
vn -0.0135 0.9975 -0.0694
vn 0.0615 0.9979 0.0192
vn 0.0650 0.9977 0.0190
vn 0.0328 0.9992 -0.0220
vn 0.0022 0.9980 -0.0638
vn 0.0015 0.9980 -0.0633
vn 0.0308 0.9993 -0.0221
vn 0.0647 0.9977 0.0210
vn 0.0651 0.9976 0.0217
vn 0.0418 0.9988 -0.0259
vn 0.0035 0.9979 -0.0648
vn 0.0600 0.9980 0.0196
vn 0.0617 0.9980 -0.0104
vn 0.0341 0.9991 -0.0246
vn 0.0479 0.9984 -0.0295
vn 0.0374 0.9985 -0.0387
vn 0.0347 0.9991 -0.0252
vn 0.0354 0.9990 -0.0255
vn 0.0279 0.9994 -0.0212
vn 0.0355 0.9990 -0.0253
vn 0.0703 0.9974 0.0178
vn 0.0709 0.9973 0.0175
vn 0.0477 0.9984 -0.0300
vn 0.0094 0.9976 -0.0689
vn 0.0083 0.9976 -0.0682
vn 0.0391 0.9989 -0.0251
vn 0.0674 0.9976 -0.0145
vn 0.0395 0.9988 -0.0284
vn 0.0667 0.9970 -0.0380
vn 0.0456 0.9974 -0.0567
vn 0.0699 0.9974 0.0182
vn 0.0399 0.9992 0.0056
vn 0.0688 0.9975 0.0190
vn 0.0242 0.9995 -0.0194
vn 0.0041 0.9986 -0.0531
vn 0.0693 0.9974 0.0185
vn -0.0077 0.9999 0.0085
vn -0.0118 0.9999 0.0088
vn -0.0099 0.9999 0.0061
vn -0.0134 0.9999 0.0065
vn -0.0180 0.9998 0.0064
vn -0.0213 0.9997 0.0088
vn -0.0055 1.0000 0.0071
vn -0.0059 0.9999 0.0107
vn -0.0041 0.9991 0.0427
vn 0.0383 0.9978 0.0545
vn -0.0403 0.9992 0.0045
vn 0.0374 0.9978 0.0549
vn 0.0355 0.9978 0.0554
vn -0.0308 0.9995 -0.0001
vn 0.0450 0.9968 0.0659
vn 0.0385 0.9972 0.0636
vn -0.0284 0.9996 0.0073
vn -0.0257 0.9996 0.0118
vn 0.0504 0.9964 0.0688
vn 0.0186 0.9997 0.0130
vn 0.0366 0.9975 0.0600
vn 0.0412 0.9973 0.0600
vn -0.0222 0.9997 0.0073
vn 0.0455 0.9969 0.0645
vn -0.0083 0.9998 -0.0165
vn -0.0476 0.9989 -0.0039
vn -0.0775 0.9969 -0.0114
vn -0.0322 0.9993 0.0172
vn 0.0024 0.9985 0.0550
vn -0.0013 0.9986 0.0524
vn -0.0115 0.9993 0.0362
vn -0.0850 0.9958 -0.0336
vn -0.1156 0.9922 -0.0459
vn -0.0576 0.9983 0.0123
vn 0.0048 0.9981 0.0607
vn -0.0375 0.9991 0.0194
vn -0.0792 0.9967 0.0178
vn -0.0190 0.9994 0.0304
vn -0.0392 0.9986 0.0362
vn -0.0279 0.9987 0.0416
vn -0.0185 0.9994 0.0299
vn -0.0173 0.9994 0.0293
vn -0.0181 0.9996 0.0217
vn -0.0264 0.9994 0.0227
vn -0.0948 0.9950 -0.0304
vn -0.0920 0.9956 -0.0159
vn -0.0437 0.9978 0.0492
vn 0.0265 0.9959 0.0862
vn 0.0460 0.9961 0.0747
vn -0.0271 0.9995 0.0187
vn -0.0606 0.9967 0.0540
vn -0.0153 0.9985 0.0525
vn -0.0720 0.9926 0.0975
vn -0.0359 0.9942 0.1009
vn -0.1023 0.9940 -0.0400
vn -0.0412 0.9991 -0.0134
vn -0.0880 0.9959 -0.0210
vn -0.0073 0.9998 0.0173
vn 0.0459 0.9973 0.0579
vn -0.0939 0.9950 -0.0345
vn -0.0079 1.0000 0.0054
vn -0.0036 1.0000 0.0063
vn -0.0143 0.9999 0.0041
vn -0.0952 0.9946 -0.0420
vn -0.0978 0.9936 -0.0559
vn -0.1046 0.9937 -0.0400
vn -0.1017 0.9938 -0.0458
vn -0.0409 0.9988 -0.0267
vn -0.0876 0.9949 -0.0490
vn 0.0032 1.0000 -0.0001
vn 0.0016 1.0000 0.0004
vn 0.0106 0.9999 0.0001
vn 0.0017 1.0000 -0.0000
vn 0.0032 1.0000 -0.0000
vn 0.0014 1.0000 0.0002
vn 0.0001 0.9959 0.0899
vn 0.0229 0.9988 0.0435
vn 0.0176 0.9997 0.0154
vn 0.0183 0.9990 -0.0411
vn 0.0009 1.0000 -0.0001
vn 0.0001 0.9951 0.0984
vn 0.0021 0.9956 0.0941
vn 0.0064 0.9997 0.0243
vn 0.0112 0.9986 -0.0508
vn -0.0007 0.9937 0.1116
vn 0.0026 0.9945 0.1046
vn 0.0075 0.9995 0.0310
vn 0.0140 0.9986 -0.0508
vn 0.0164 0.9999 -0.0012
vn 0.0158 0.9999 -0.0000
vn 0.0160 0.9999 -0.0004
vn 0.0053 0.9999 -0.0095
vn 0.0028 1.0000 0.0050
vn 0.0151 0.9999 -0.0006
vn -0.0029 0.9912 0.1325
vn 0.0024 0.9926 0.1211
vn 0.0019 0.9992 0.0408
vn 0.0165 0.9986 -0.0508
vn -0.0180 0.9970 0.0755
vn -0.0000 1.0000 -0.0000
vn 0.0377 0.9993 0.0012
vn 0.0358 0.9994 -0.0031
vn 0.0331 0.9986 0.0409
vn 0.0215 0.9998 -0.0000
vn 0.0155 0.9998 -0.0080
vn 0.0237 0.9984 0.0508
vn 0.0115 0.9999 -0.0044
vn 0.0143 0.9998 0.0099
vn 0.0266 0.9996 -0.0001
vn 0.0266 0.9996 -0.0000
vn 0.0429 0.9991 -0.0031
vn 0.0225 0.9997 -0.0080
vn 0.0306 0.9982 0.0508
vn 0.0402 0.9984 0.0409
vn 0.0039 1.0000 -0.0090
vn 0.0095 0.9998 0.0198
vn 0.0362 0.9993 0.0006
vn 0.0280 0.9996 -0.0000
vn 0.0383 0.9987 -0.0329
vn 0.0222 0.9976 -0.0653
vn 0.0229 0.9976 -0.0655
vn 0.0237 0.9976 -0.0653
vn 0.0211 0.9998 -0.0000
vn 0.0076 0.9994 -0.0329
vn 0.0252 0.9997 -0.0000
vn 0.0259 0.9997 -0.0002
vn 0.0300 0.9974 -0.0655
vn 0.0306 0.9974 -0.0653
vn 0.0144 0.9994 -0.0328
vn 0.0319 0.9995 0.0012
vn 0.0293 0.9974 -0.0653
vn 0.0273 0.9996 -0.0001
vn 0.0455 0.9984 -0.0328
vn 0.0336 0.9994 0.0038
vn 0.0316 0.9995 -0.0000
vn 0.0089 1.0000 0.0011
vn 0.0141 0.9996 -0.0254
vn -0.0000 0.9987 -0.0508
vn 0.0143 0.9999 0.0038
vn 0.0109 0.9991 0.0409
vn -0.0000 0.9987 0.0508
vn -0.0089 1.0000 -0.0011
vn -0.0141 0.9996 -0.0254
vn -0.0287 0.9996 -0.0077
vn -0.0218 0.9996 0.0198
vn -0.0084 0.9999 0.0124
vn 0.0037 1.0000 0.0073
vn 0.0120 0.9999 0.0071
vn -0.0092 0.9999 0.0138
vn -0.0086 1.0000 -0.0005
vn 0.0005 1.0000 0.0003
vn -0.0111 0.9999 -0.0066
vn 0.0096 0.9999 -0.0135
vn -0.0025 1.0000 -0.0061
vn -0.0190 0.9994 0.0277
vn -0.0062 1.0000 0.0054
vn 0.0089 0.9999 -0.0121
vn 0.0083 1.0000 -0.0002
vn -0.1422 0.9893 0.0337
vn -0.1423 0.9891 0.0381
vn -0.0971 0.9923 0.0770
vn -0.0982 0.9930 0.0658
vn -0.0944 0.9935 0.0629
vn -0.0820 0.9946 0.0633
vn -0.1425 0.9888 0.0451
vn -0.1372 0.9893 0.0491
vn -0.1078 0.9906 0.0838
vn -0.1127 0.9913 0.0681
vn -0.1497 0.9883 0.0279
vn -0.1380 0.9890 0.0540
vn -0.1354 0.9892 0.0558
vn -0.0884 0.9935 0.0723
vn -0.1125 0.9915 0.0656
vn -0.1396 0.9887 0.0548
vn -0.1385 0.9888 0.0557
vn -0.0882 0.9934 0.0730
vn -0.1124 0.9915 0.0656
vn -0.1490 0.9872 0.0569
vn -0.1491 0.9870 0.0606
vn -0.0848 0.9935 0.0766
vn -0.1020 0.9919 0.0763
vn -0.1030 0.9922 0.0709
vn -0.0651 0.9961 0.0600
vn -0.1493 0.9868 0.0626
vn -0.1497 0.9867 0.0629
vn -0.0849 0.9934 0.0766
vn -0.1001 0.9920 0.0764
vn -0.1471 0.9876 0.0548
vn -0.1392 0.9887 0.0563
vn -0.0776 0.9950 0.0622
vn -0.1139 0.9913 0.0664
vn -0.1415 0.9885 0.0541
vn -0.1491 0.9868 0.0632
vn -0.2063 0.9785 0.0041
vn -0.2071 0.9783 0.0081
vn -0.2087 0.9779 0.0153
vn -0.2100 0.9775 0.0219
vn -0.2109 0.9771 0.0285
vn -0.2115 0.9767 0.0355
vn -0.2113 0.9768 0.0351
vn -0.2138 0.9763 0.0333
vn -0.2210 0.9747 0.0342
vn -0.2228 0.9742 0.0374
vn -0.2237 0.9737 0.0429
vn -0.2242 0.9735 0.0454
vn -0.2158 0.9758 0.0354
vn -0.2172 0.9755 0.0351
vn -0.2185 0.9752 0.0348
vn -0.2198 0.9749 0.0345
vn -0.2252 0.9732 0.0456
vn -0.2262 0.9730 0.0456
vn 0.0076 0.9908 0.1349
vn 0.0045 0.9908 0.1352
vn -0.0533 0.9970 0.0566
vn 0.0022 0.9909 0.1347
vn -0.0009 0.9909 0.1347
vn -0.0594 0.9967 0.0552
vn 0.0685 0.9755 0.2091
vn 0.0634 0.9755 0.2108
vn 0.0585 0.9754 0.2125
vn 0.0534 0.9754 0.2139
vn -0.0520 0.9969 0.0591
vn 0.0097 0.9906 0.1364
vn -0.0021 0.9889 0.1483
vn 0.0067 0.9878 0.1556
vn -0.0660 0.9965 0.0505
vn 0.0039 0.9879 0.1552
vn 0.0001 0.9879 0.1550
vn -0.0548 0.9975 0.0436
vn 0.0483 0.9754 0.2152
vn 0.0432 0.9754 0.2162
vn 0.0380 0.9754 0.2170
vn 0.0328 0.9755 0.2176
vn -0.0154 0.9884 0.1513
vn -0.0189 0.9885 0.1503
vn -0.0467 0.9985 0.0298
vn -0.0182 0.9907 0.1350
vn -0.0307 0.9919 0.1231
vn -0.0395 0.9988 0.0278
vn 0.0070 0.9758 0.2183
vn 0.0020 0.9760 0.2180
vn -0.0031 0.9761 0.2173
vn -0.0081 0.9762 0.2165
vn -0.0538 0.9979 0.0350
vn -0.0128 0.9882 0.1523
vn -0.0027 0.9880 0.1544
vn -0.0064 0.9881 0.1539
vn -0.0545 0.9977 0.0393
vn -0.0091 0.9882 0.1530
vn 0.0277 0.9755 0.2181
vn 0.0224 0.9756 0.2184
vn 0.0173 0.9757 0.2186
vn 0.0121 0.9758 0.2185
vn -0.0323 0.9921 0.1212
vn -0.0348 0.9922 0.1197
vn -0.0494 0.9985 0.0228
vn -0.0362 0.9924 0.1178
vn -0.0385 0.9925 0.1161
vn -0.0534 0.9984 0.0184
vn -0.0130 0.9764 0.2154
vn -0.0179 0.9766 0.2143
vn -0.0226 0.9768 0.2131
vn -0.0274 0.9770 0.2116
vn -0.0454 0.9908 0.1273
vn -0.0405 0.9897 0.1376
vn -0.0563 0.9984 0.0111
vn -0.0428 0.9898 0.1358
vn -0.0484 0.9898 0.1342
vn -0.0467 0.9989 0.0109
vn -0.0320 0.9772 0.2100
vn -0.0365 0.9774 0.2082
vn -0.0415 0.9776 0.2062
vn -0.0479 0.9777 0.2044
vn -0.0400 0.9937 0.1045
vn -0.0380 0.9939 0.1034
vn -0.0361 0.9993 0.0060
vn -0.0351 0.9942 0.1020
vn -0.0343 0.9944 0.1000
vn -0.0334 0.9994 0.0042
vn -0.0401 0.9790 0.1997
vn -0.0377 0.9794 0.1985
vn -0.0353 0.9797 0.1975
vn -0.0341 0.9800 0.1961
vn -0.0270 0.9996 0.0120
vn -0.0430 0.9935 0.1058
vn -0.0504 0.9898 0.1334
vn -0.0482 0.9900 0.1328
vn -0.0375 0.9992 0.0108
vn -0.0385 0.9921 0.1192
vn -0.0506 0.9778 0.2036
vn -0.0483 0.9780 0.2028
vn -0.0459 0.9784 0.2018
vn -0.0430 0.9787 0.2007
vn 0.0715 0.9753 0.2088
vn -0.0527 0.9971 0.0550
vn -0.0510 0.9970 0.0575
vn -0.0533 0.9973 0.0509
vn -0.0830 0.9964 0.0148
vn -0.0764 0.9971 -0.0026
vn -0.0658 0.9977 -0.0188
vn -0.0698 0.9975 -0.0136
vn -0.0427 0.9990 0.0155
vn -0.0733 0.9973 -0.0082
vn -0.0481 0.9986 0.0216
vn -0.0458 0.9988 0.0176
vn -0.0549 0.9981 -0.0282
vn -0.0457 0.9981 -0.0404
vn -0.0350 0.9994 0.0059
vn -0.0294 0.9996 -0.0023
vn -0.0327 0.9995 0.0046
vn -0.0451 0.9981 -0.0419
vn -0.1856 0.9732 -0.1361
vn -0.1828 0.9728 -0.1427
vn -0.1299 0.9897 -0.0607
vn -0.1304 0.9900 -0.0534
vn -0.1746 0.9728 -0.1523
vn -0.1660 0.9728 -0.1617
vn -0.1216 0.9889 -0.0850
vn -0.1272 0.9896 -0.0671
vn -0.1569 0.9728 -0.1706
vn -0.1471 0.9728 -0.1788
vn -0.1189 0.9874 -0.1040
vn -0.1256 0.9874 -0.0967
vn -0.1370 0.9729 -0.1864
vn -0.1264 0.9729 -0.1935
vn -0.1063 0.9875 -0.1161
vn -0.1138 0.9874 -0.1096
vn -0.0683 0.9734 -0.2186
vn -0.0559 0.9736 -0.2214
vn -0.0624 0.9903 -0.1243
vn -0.0706 0.9901 -0.1210
vn -0.0434 0.9737 -0.2237
vn -0.0309 0.9738 -0.2251
vn -0.0411 0.9897 -0.1372
vn -0.0561 0.9903 -0.1270
vn -0.1154 0.9730 -0.1997
vn -0.1041 0.9731 -0.2055
vn -0.0923 0.9877 -0.1265
vn -0.1004 0.9876 -0.1210
vn -0.0923 0.9732 -0.2107
vn -0.0804 0.9733 -0.2150
vn -0.0819 0.9886 -0.1260
vn -0.0858 0.9877 -0.1307
vn -0.1306 0.9901 0.0506
vn -0.1301 0.9903 0.0484
vn -0.0359 0.9993 0.0099
vn -0.1294 0.9905 0.0470
vn -0.1286 0.9907 0.0448
vn -0.0373 0.9993 -0.0014
vn -0.2147 0.9729 0.0860
vn -0.2143 0.9731 0.0842
vn -0.2137 0.9734 0.0825
vn -0.2130 0.9737 0.0807
vn -0.0367 0.9993 0.0121
vn -0.1315 0.9900 0.0514
vn -0.1450 0.9885 0.0419
vn -0.1551 0.9865 0.0533
vn -0.0399 0.9992 -0.0087
vn -0.1540 0.9867 0.0514
vn -0.1530 0.9871 0.0461
vn -0.0355 0.9994 0.0013
vn -0.2123 0.9740 0.0790
vn -0.2113 0.9744 0.0773
vn -0.2106 0.9747 0.0749
vn -0.2095 0.9753 0.0703
vn -0.1254 0.9916 0.0319
vn -0.1208 0.9923 0.0282
vn -0.0133 0.9999 -0.0036
vn -0.0972 0.9948 0.0307
vn -0.0809 0.9966 0.0131
vn 0.0005 0.9999 0.0104
vn -0.1830 0.9815 0.0559
vn -0.1779 0.9826 0.0543
vn -0.1723 0.9834 0.0567
vn -0.1675 0.9841 0.0585
vn -0.0226 0.9997 -0.0079
vn -0.1311 0.9908 0.0332
vn -0.1480 0.9881 0.0428
vn -0.1434 0.9889 0.0385
vn -0.0293 0.9996 -0.0037
vn -0.1364 0.9899 0.0376
vn -0.2059 0.9764 0.0656
vn -0.2011 0.9775 0.0634
vn -0.1939 0.9791 0.0612
vn -0.1880 0.9804 0.0586
vn -0.2152 0.9727 0.0871
vn -0.0245 0.9736 -0.2269
vn -0.0407 0.9878 -0.1500
vn -0.0667 0.9977 0.0135
vn -0.0668 0.9976 0.0193
vn -0.0633 0.9977 0.0239
vn -0.0706 0.9973 0.0210
vn -0.0615 0.9981 0.0076
vn -0.0486 0.9982 0.0362
vn -0.0727 0.9974 0.0021
vn -0.0567 0.9976 0.0404
vn -0.0717 0.9974 -0.0056
vn -0.0600 0.9976 0.0342
vn -0.0568 0.9980 -0.0266
vn -0.0609 0.9979 -0.0226
vn -0.0718 0.9974 -0.0089
vn -0.0778 0.9967 -0.0247
vn -0.0410 0.9989 -0.0217
vn -0.0480 0.9988 -0.0015
vn -0.0763 0.9970 -0.0134
vn -0.0624 0.9977 0.0278
vn -0.0275 0.9996 0.0074
vn -0.0280 0.9996 0.0093
vn -0.0269 0.9996 0.0045
vn 0.0075 0.9997 -0.0242
vn 0.0223 0.9995 -0.0207
vn 0.0280 0.9992 -0.0298
vn 0.0262 0.9993 -0.0256
vn 0.0126 0.9999 -0.0002
vn 0.0241 0.9994 -0.0232
vn 0.0944 0.9888 -0.1154
vn 0.0951 0.9886 -0.1171
vn -0.0005 0.9931 -0.1176
vn 0.0944 0.9884 -0.1187
vn 0.0950 0.9882 -0.1202
vn -0.0005 0.9927 -0.1208
vn 0.1893 0.9753 -0.1138
vn 0.1893 0.9751 -0.1155
vn 0.1892 0.9749 -0.1171
vn 0.1892 0.9747 -0.1186
vn -0.0005 0.9935 -0.1141
vn 0.0957 0.9890 -0.1127
vn 0.0944 0.9881 -0.1217
vn 0.0949 0.9878 -0.1231
vn -0.0004 0.9923 -0.1237
vn 0.0945 0.9877 -0.1245
vn 0.0949 0.9875 -0.1258
vn -0.0004 0.9920 -0.1264
vn 0.1891 0.9746 -0.1201
vn 0.1890 0.9744 -0.1215
vn 0.1891 0.9743 -0.1228
vn 0.1890 0.9741 -0.1241
vn 0.0945 0.9868 -0.1312
vn 0.0949 0.9867 -0.1321
vn -0.0003 0.9912 -0.1327
vn 0.0946 0.9866 -0.1329
vn 0.1264 0.9830 -0.1331
vn -0.0002 0.9910 -0.1338
vn 0.1889 0.9734 -0.1295
vn 0.1889 0.9733 -0.1303
vn 0.1889 0.9732 -0.1312
vn 0.1889 0.9731 -0.1319
vn -0.0003 0.9914 -0.1309
vn 0.0949 0.9869 -0.1303
vn 0.0945 0.9874 -0.1270
vn 0.0949 0.9872 -0.1282
vn -0.0003 0.9917 -0.1287
vn 0.0945 0.9871 -0.1293
vn 0.1890 0.9740 -0.1253
vn 0.1890 0.9738 -0.1265
vn 0.1889 0.9737 -0.1275
vn 0.1889 0.9735 -0.1285
vn 0.1893 0.9754 -0.1127
vn 0.1888 0.9731 -0.1323
vn 0.0657 0.9961 -0.0594
vn 0.0640 0.9959 -0.0642
vn 0.0441 0.9988 0.0197
vn 0.0378 0.9991 0.0175
vn 0.0649 0.9955 -0.0687
vn 0.0635 0.9952 -0.0740
vn 0.0574 0.9983 0.0126
vn 0.0497 0.9987 0.0136
vn 0.0597 0.9950 -0.0798
vn 0.0576 0.9947 -0.0854
vn 0.0629 0.9980 -0.0096
vn 0.0557 0.9984 -0.0021
vn 0.0563 0.9942 -0.0913
vn 0.0513 0.9939 -0.0971
vn 0.0654 0.9975 -0.0255
vn 0.0633 0.9978 -0.0212
vn 0.0173 0.9919 -0.1257
vn 0.0073 0.9916 -0.1288
vn 0.0979 0.9951 -0.0113
vn 0.0793 0.9967 -0.0194
vn 0.0025 0.9913 -0.1313
vn -0.0014 0.9909 -0.1349
vn 0.1274 0.9918 0.0070
vn 0.1046 0.9945 -0.0050
vn 0.0429 0.9938 -0.1021
vn 0.0365 0.9935 -0.1075
vn 0.0631 0.9976 -0.0292
vn 0.0631 0.9976 -0.0288
vn 0.0313 0.9931 -0.1134
vn 0.0251 0.9921 -0.1229
vn 0.0717 0.9971 -0.0251
vn 0.0704 0.9972 -0.0237
vn -0.0050 0.9903 -0.1390
vn -0.0090 0.9897 -0.1428
vn 0.1745 0.9837 0.0441
vn 0.1317 0.9913 0.0061
vn 0.1154 0.9911 -0.0661
vn 0.1389 0.9889 -0.0518
vn 0.0670 0.9946 -0.0794
vn 0.1430 0.9889 -0.0414
vn 0.1494 0.9881 -0.0364
vn 0.0311 0.9978 -0.0582
vn 0.2263 0.9737 -0.0273
vn 0.2288 0.9732 -0.0221
vn 0.2300 0.9731 -0.0126
vn 0.2309 0.9730 -0.0031
vn 0.0676 0.9939 -0.0866
vn 0.0677 0.9946 -0.0790
vn 0.1529 0.9880 -0.0230
vn 0.1643 0.9863 -0.0169
vn 0.0263 0.9982 -0.0541
vn 0.1629 0.9866 -0.0103
vn 0.1615 0.9869 -0.0041
vn 0.0347 0.9976 -0.0599
vn 0.2313 0.9729 0.0066
vn 0.2313 0.9728 0.0162
vn 0.2310 0.9726 0.0259
vn 0.2302 0.9725 0.0357
vn 0.1495 0.9884 0.0256
vn 0.1466 0.9887 0.0314
vn 0.0645 0.9965 -0.0538
vn 0.1430 0.9892 0.0335
vn 0.1348 0.9903 0.0330
vn 0.0756 0.9952 -0.0618
vn 0.2197 0.9719 0.0840
vn 0.2163 0.9718 0.0934
vn 0.2126 0.9717 0.1028
vn 0.2117 0.9713 0.1083
vn 0.0433 0.9979 -0.0473
vn 0.1522 0.9881 0.0198
vn 0.1596 0.9872 0.0020
vn 0.1573 0.9875 0.0080
vn 0.0359 0.9976 -0.0589
vn 0.1549 0.9878 0.0139
vn 0.2290 0.9724 0.0454
vn 0.2272 0.9723 0.0551
vn 0.2253 0.9721 0.0649
vn 0.2227 0.9720 0.0745
vn 0.0656 0.9963 -0.0556
vn 0.0421 0.9990 0.0123
vn 0.0286 0.9927 0.1174
vn 0.0556 0.9922 0.1118
vn 0.0676 0.9943 0.0823
vn 0.0768 0.9955 0.0558
vn 0.0847 0.9952 0.0493
vn 0.1819 0.9773 0.1087
vn 0.2520 0.9564 0.1477
vn 0.2744 0.9485 0.1580
vn 0.1099 0.9916 0.0686
vn 0.0122 0.9974 -0.0704
vn 0.0868 0.9928 -0.0829
vn -0.0324 0.9975 -0.0620
vn -0.0252 0.9970 -0.0738
vn 0.0177 0.9989 -0.0438
vn -0.0102 0.9985 -0.0534
vn 0.0345 0.9980 -0.0537
vn -0.0172 0.9971 -0.0742
vn 0.0100 0.9931 0.1168
vn -0.1173 0.9866 -0.1133
vn -0.1118 0.9871 -0.1147
vn -0.2096 0.9710 -0.1147
vn -0.2105 0.9709 -0.1138
vn -0.1161 0.9872 -0.1095
vn -0.1170 0.9868 -0.1118
vn -0.2112 0.9710 -0.1119
vn -0.2121 0.9710 -0.1100
vn -0.1151 0.9877 -0.1054
vn -0.1159 0.9874 -0.1078
vn -0.2130 0.9711 -0.1080
vn -0.2138 0.9711 -0.1059
vn -0.1146 0.9883 -0.1010
vn -0.1151 0.9879 -0.1035
vn -0.2147 0.9711 -0.1038
vn -0.2156 0.9712 -0.1016
vn -0.1141 0.9897 -0.0863
vn -0.1143 0.9894 -0.0891
vn -0.2201 0.9714 -0.0896
vn -0.2209 0.9714 -0.0870
vn -0.1143 0.9902 -0.0808
vn -0.1144 0.9899 -0.0837
vn -0.2218 0.9714 -0.0843
vn -0.2227 0.9715 -0.0816
vn -0.1142 0.9888 -0.0964
vn -0.1146 0.9885 -0.0990
vn -0.2165 0.9712 -0.0993
vn -0.2173 0.9713 -0.0970
vn -0.1141 0.9893 -0.0915
vn -0.1143 0.9890 -0.0942
vn -0.2182 0.9713 -0.0946
vn -0.2192 0.9713 -0.0921
vn -0.1146 0.9906 -0.0751
vn -0.1147 0.9903 -0.0781
vn -0.2236 0.9715 -0.0787
vn -0.2245 0.9715 -0.0759
vn -0.1152 0.9909 -0.0690
vn -0.1151 0.9907 -0.0722
vn -0.2255 0.9715 -0.0730
vn -0.2266 0.9715 -0.0699
vn -0.1157 0.9913 -0.0627
vn -0.1156 0.9911 -0.0660
vn -0.2274 0.9715 -0.0669
vn -0.2283 0.9715 -0.0637
vn -0.1164 0.9916 -0.0562
vn -0.1162 0.9914 -0.0595
vn -0.2292 0.9715 -0.0605
vn -0.2303 0.9714 -0.0573
vn -0.1397 0.9896 -0.0351
vn -0.1394 0.9895 -0.0388
vn -0.2350 0.9712 -0.0399
vn -0.2359 0.9711 -0.0362
vn -0.1410 0.9896 -0.0274
vn -0.1406 0.9896 -0.0312
vn -0.2371 0.9709 -0.0325
vn -0.2380 0.9708 -0.0287
vn -0.1170 0.9919 -0.0492
vn -0.1170 0.9917 -0.0528
vn -0.2312 0.9714 -0.0539
vn -0.2322 0.9713 -0.0505
vn -0.1283 0.9906 -0.0484
vn -0.1174 0.9920 -0.0458
vn -0.2332 0.9713 -0.0470
vn -0.2342 0.9712 -0.0435
vn 0.0957 0.9954 -0.0000
vn 0.1905 0.9817 -0.0000
vn 0.0931 0.9956 -0.0086
vn 0.0956 0.9953 -0.0127
vn -0.0013 0.9999 -0.0128
vn 0.0932 0.9955 -0.0168
vn 0.0952 0.9953 -0.0202
vn -0.0013 0.9998 -0.0210
vn 0.1905 0.9817 -0.0084
vn 0.1905 0.9816 -0.0126
vn 0.1905 0.9816 -0.0166
vn 0.1905 0.9815 -0.0191
vn -0.0010 1.0000 -0.0044
vn 0.0956 0.9954 -0.0043
vn -0.0004 1.0000 -0.0001
vn 0.0943 0.9955 -0.0011
vn 0.1905 0.9817 -0.0011
vn 0.1905 0.9817 -0.0042
vn 0.0661 0.9975 -0.0230
vn 0.0943 0.9924 -0.0790
vn 0.0954 0.9921 -0.0818
vn -0.0009 0.9966 -0.0821
vn 0.0943 0.9919 -0.0845
vn 0.0953 0.9916 -0.0871
vn -0.0008 0.9962 -0.0875
vn 0.1899 0.9787 -0.0779
vn 0.1899 0.9785 -0.0807
vn 0.1898 0.9783 -0.0834
vn 0.1899 0.9780 -0.0860
vn -0.0009 0.9969 -0.0783
vn 0.0950 0.9925 -0.0776
vn 0.0944 0.9915 -0.0897
vn 0.0953 0.9912 -0.0922
vn -0.0008 0.9957 -0.0927
vn 0.0944 0.9910 -0.0947
vn 0.0953 0.9907 -0.0971
vn -0.0007 0.9952 -0.0975
vn 0.1898 0.9778 -0.0885
vn 0.1898 0.9776 -0.0910
vn 0.1897 0.9774 -0.0934
vn 0.1897 0.9772 -0.0958
vn 0.0944 0.9897 -0.1079
vn 0.0951 0.9894 -0.1099
vn -0.0006 0.9939 -0.1104
vn 0.0944 0.9892 -0.1118
vn 0.1895 0.9761 -0.1065
vn 0.1894 0.9759 -0.1084
vn 0.1894 0.9757 -0.1103
vn -0.0006 0.9943 -0.1064
vn 0.0952 0.9898 -0.1059
vn 0.0944 0.9906 -0.0994
vn 0.0952 0.9903 -0.1016
vn -0.0007 0.9948 -0.1021
vn 0.0944 0.9901 -0.1038
vn 0.1897 0.9769 -0.0980
vn 0.1896 0.9767 -0.1002
vn 0.1896 0.9765 -0.1024
vn 0.1895 0.9763 -0.1045
vn 0.1904 0.9815 -0.0196
vn -0.0058 0.9997 -0.0250
vn -0.1427 0.9894 -0.0254
vn -0.2389 0.9707 -0.0267
vn 0.1900 0.9788 -0.0765
vn -0.0212 0.9937 -0.1101
vn -0.0172 0.9942 -0.1061
vn -0.0244 0.9934 -0.1124
vn -0.0139 0.9947 -0.1018
vn -0.0110 0.9952 -0.0972
vn -0.0050 0.9966 -0.0818
vn -0.0037 0.9971 -0.0762
vn -0.0067 0.9962 -0.0872
vn -0.0087 0.9957 -0.0923
vn -0.0026 0.9975 -0.0702
vn -0.0017 0.9979 -0.0640
vn -0.0011 0.9983 -0.0575
vn -0.0006 0.9987 -0.0505
vn 0.0434 0.9986 -0.0294
vn 0.0653 0.9966 -0.0512
vn 0.1337 0.9906 -0.0301
vn 0.1600 0.9857 -0.0535
vn 0.0304 0.9993 -0.0238
vn 0.1107 0.9936 -0.0235
vn -0.0000 0.9987 -0.0502
vn -0.0053 0.9990 -0.0437
vn 0.1059 0.9809 -0.1632
vn 0.1066 0.9809 -0.1626
vn 0.0684 0.9918 -0.1076
vn 0.0656 0.9922 -0.1058
vn 0.1083 0.9809 -0.1617
vn 0.1101 0.9809 -0.1606
vn 0.0728 0.9916 -0.1069
vn 0.0700 0.9918 -0.1070
vn 0.1119 0.9808 -0.1595
vn 0.1139 0.9808 -0.1581
vn 0.0773 0.9914 -0.1055
vn 0.0745 0.9916 -0.1060
vn 0.1160 0.9808 -0.1569
vn 0.1181 0.9808 -0.1554
vn 0.0820 0.9912 -0.1035
vn 0.0792 0.9914 -0.1042
vn 0.1281 0.9807 -0.1480
vn 0.1298 0.9806 -0.1467
vn 0.0925 0.9913 -0.0936
vn 0.0912 0.9913 -0.0948
vn 0.1313 0.9806 -0.1455
vn 0.1327 0.9806 -0.1443
vn 0.0947 0.9914 -0.0901
vn 0.0937 0.9914 -0.0913
vn 0.1203 0.9807 -0.1539
vn 0.1224 0.9807 -0.1524
vn 0.0863 0.9912 -0.1006
vn 0.0839 0.9913 -0.1016
vn 0.1244 0.9807 -0.1508
vn 0.1263 0.9807 -0.1494
vn 0.0898 0.9912 -0.0972
vn 0.0879 0.9913 -0.0983
vn 0.1333 0.9806 -0.1437
vn 0.0959 0.9913 -0.0898
vn 0.0319 0.9981 -0.0522
vn 0.0372 0.9979 -0.0524
vn 0.0282 0.9983 -0.0513
vn 0.0425 0.9978 -0.0517
vn 0.0474 0.9976 -0.0496
vn 0.0556 0.9978 -0.0373
vn 0.0562 0.9978 -0.0338
vn 0.0538 0.9977 -0.0419
vn 0.0511 0.9976 -0.0461
vn -0.0854 0.9808 -0.1751
vn -0.0821 0.9808 -0.1768
vn -0.0646 0.9934 -0.0947
vn -0.0674 0.9932 -0.0950
vn -0.0753 0.9809 -0.1791
vn -0.0683 0.9811 -0.1812
vn -0.0540 0.9938 -0.0973
vn -0.0593 0.9936 -0.0960
vn -0.0612 0.9812 -0.1831
vn -0.0539 0.9813 -0.1848
vn -0.0448 0.9945 -0.0952
vn -0.0484 0.9940 -0.0983
vn -0.0465 0.9814 -0.1864
vn -0.0390 0.9815 -0.1877
vn -0.0303 0.9952 -0.0931
vn -0.0361 0.9951 -0.0921
vn -0.0022 0.9817 -0.1905
vn -0.0001 0.9817 -0.1905
vn -0.0002 0.9948 -0.1018
vn -0.0021 0.9948 -0.1019
vn -0.0000 0.9817 -0.1905
vn -0.0019 0.9951 -0.0986
vn -0.0000 0.9948 -0.1016
vn -0.0313 0.9815 -0.1887
vn -0.0235 0.9816 -0.1895
vn -0.0167 0.9951 -0.0978
vn -0.0246 0.9953 -0.0938
vn -0.0156 0.9817 -0.1900
vn -0.0079 0.9817 -0.1904
vn -0.0070 0.9948 -0.1016
vn -0.0129 0.9948 -0.1015
vn -0.0000 0.9817 -0.1904
vn -0.0000 0.9954 -0.0953
vn -0.0364 0.9993 0.0054
vn -0.0265 0.9993 0.0247
vn -0.0289 0.9992 0.0265
vn -0.0404 0.9992 0.0033
vn -0.0415 0.9991 0.0041
vn -0.0212 0.9995 0.0222
vn -0.0388 0.9992 0.0006
vn -0.0256 0.9997 0.0061
vn -0.0049 1.0000 0.0007
vn -0.0157 0.9999 0.0006
vn -0.0143 0.9999 -0.0001
vn 0.0049 0.9999 0.0134
vn 0.0029 0.9999 0.0146
vn -0.0024 1.0000 0.0006
vn -0.0326 0.9995 -0.0020
vn -0.0053 0.9999 0.0097
vn 0.0058 1.0000 0.0020
vn -0.0001 0.9999 0.0117
vn -0.1256 0.9920 -0.0114
vn -0.1280 0.9917 -0.0108
vn -0.0627 0.9953 0.0739
vn -0.1294 0.9915 -0.0117
vn -0.1316 0.9912 -0.0113
vn -0.0638 0.9955 0.0703
vn -0.0595 0.9954 0.0757
vn -0.1185 0.9929 -0.0013
vn -0.1332 0.9910 -0.0164
vn -0.1389 0.9901 -0.0179
vn -0.0576 0.9950 0.0820
vn -0.1396 0.9901 -0.0173
vn -0.1404 0.9900 -0.0168
vn -0.0650 0.9954 0.0699
vn -0.0575 0.9942 0.0904
vn -0.0333 0.9936 0.1083
vn -0.1523 0.9879 -0.0294
vn -0.1525 0.9879 -0.0292
vn -0.0961 0.9930 0.0687
vn -0.0614 0.9937 0.0942
vn -0.0432 0.9937 0.1039
vn -0.0805 0.9944 0.0679
vn -0.1518 0.9882 -0.0192
vn -0.1431 0.9896 -0.0156
vn -0.1157 0.9904 0.0750
vn -0.0923 0.9918 0.0879
vn -0.1521 0.9879 -0.0296
vn -0.1417 0.9896 -0.0264
vn -0.1513 0.9880 -0.0301
vn -0.0590 0.9958 0.0704
vn -0.0237 0.9939 0.1080
vn -0.1517 0.9880 -0.0298
vn -0.0727 0.9973 0.0069
vn -0.0741 0.9972 0.0088
vn -0.0771 0.9968 0.0207
vn -0.0886 0.9959 0.0181
vn -0.0756 0.9971 -0.0010
vn -0.0702 0.9975 -0.0046
vn -0.0887 0.9959 0.0150
vn -0.0680 0.9976 0.0107
vn -0.0526 0.9986 -0.0008
vn -0.0545 0.9985 -0.0018
vn -0.0434 0.9991 0.0034
vn -0.0520 0.9986 -0.0011
vn -0.0546 0.9985 0.0015
vn -0.0523 0.9986 0.0004
vn -0.0651 0.9979 -0.0060
vn -0.0512 0.9987 0.0061
vn -0.1868 0.9773 -0.0997
vn -0.1875 0.9772 -0.0993
vn -0.1886 0.9771 -0.0984
vn -0.1898 0.9770 -0.0976
vn -0.1908 0.9768 -0.0968
vn -0.1917 0.9767 -0.0961
vn -0.1925 0.9766 -0.0955
vn -0.1933 0.9765 -0.0950
vn -0.1958 0.9762 -0.0931
vn -0.1961 0.9762 -0.0929
vn -0.1962 0.9762 -0.0928
vn -0.1964 0.9761 -0.0927
vn -0.1940 0.9764 -0.0944
vn -0.1946 0.9764 -0.0940
vn -0.1951 0.9763 -0.0937
vn -0.1955 0.9763 -0.0933
vn -0.0166 0.9904 0.1370
vn -0.0239 0.9924 0.1208
vn -0.0208 0.9929 0.1175
vn -0.0222 0.9930 0.1160
vn 0.0346 0.9772 0.2097
vn 0.0369 0.9773 0.2085
vn 0.0370 0.9778 0.2063
vn 0.0344 0.9781 0.2051
vn -0.0227 0.9929 0.1169
vn -0.0196 0.9928 0.1181
vn -0.0197 0.9930 0.1166
vn -0.0212 0.9931 0.1152
vn 0.0323 0.9787 0.2026
vn 0.0302 0.9789 0.2019
vn 0.0273 0.9791 0.2015
vn 0.0245 0.9792 0.2012
vn -0.0241 0.9945 0.1023
vn -0.0241 0.9946 0.1012
vn -0.0233 0.9947 0.1003
vn -0.0255 0.9954 0.0926
vn 0.0126 0.9800 0.1984
vn 0.0106 0.9802 0.1977
vn 0.0087 0.9804 0.1970
vn 0.0078 0.9804 0.1971
vn -0.0249 0.9943 0.1034
vn -0.0210 0.9933 0.1137
vn -0.0221 0.9934 0.1122
vn -0.0208 0.9939 0.1080
vn 0.0220 0.9794 0.2007
vn 0.0194 0.9796 0.2001
vn 0.0170 0.9797 0.1996
vn 0.0148 0.9799 0.1990
vn -0.1963 0.9762 -0.0927
vn 0.1347 0.9805 -0.1429
vn 0.1351 0.9806 -0.1423
vn 0.0965 0.9915 -0.0870
vn 0.0954 0.9917 -0.0863
vn 0.1361 0.9805 -0.1414
vn 0.1371 0.9805 -0.1407
vn 0.0978 0.9916 -0.0845
vn 0.0973 0.9916 -0.0854
vn 0.1379 0.9805 -0.1400
vn 0.1385 0.9805 -0.1394
vn 0.0983 0.9918 -0.0820
vn 0.0983 0.9917 -0.0829
vn 0.1391 0.9805 -0.1388
vn 0.1394 0.9805 -0.1384
vn 0.0982 0.9920 -0.0795
vn 0.0986 0.9919 -0.0804
vn 0.1396 0.9806 -0.1375
vn 0.1396 0.9806 -0.1374
vn 0.0938 0.9930 -0.0723
vn 0.0953 0.9927 -0.0734
vn 0.1391 0.9811 -0.1349
vn 0.1386 0.9815 -0.1319
vn 0.0897 0.9939 -0.0646
vn 0.0933 0.9933 -0.0688
vn 0.1398 0.9805 -0.1380
vn 0.1399 0.9805 -0.1377
vn 0.0973 0.9923 -0.0770
vn 0.0982 0.9921 -0.0780
vn 0.1399 0.9806 -0.1376
vn 0.1398 0.9806 -0.1375
vn 0.0958 0.9926 -0.0747
vn 0.0971 0.9924 -0.0756
vn -0.0426 0.9925 0.1143
vn -0.0418 0.9923 0.1162
vn 0.0103 0.9998 0.0141
vn -0.0407 0.9925 0.1156
vn -0.0402 0.9926 0.1150
vn 0.0046 0.9999 0.0135
vn -0.0933 0.9723 0.2145
vn -0.0949 0.9714 0.2175
vn -0.0969 0.9717 0.2155
vn -0.0998 0.9722 0.2117
vn 0.0077 0.9999 0.0127
vn -0.0422 0.9928 0.1125
vn -0.0421 0.9921 0.1184
vn -0.0380 0.9912 0.1272
vn 0.0065 0.9998 0.0212
vn -0.0336 0.9919 0.1229
vn -0.0354 0.9917 0.1238
vn 0.0247 0.9991 0.0345
vn -0.0999 0.9722 0.2117
vn -0.0959 0.9709 0.2195
vn -0.0935 0.9723 0.2141
vn -0.0969 0.9728 0.2103
vn -0.0224 0.9922 0.1224
vn -0.0212 0.9923 0.1221
vn 0.0399 0.9986 0.0334
vn -0.0204 0.9924 0.1216
vn -0.0200 0.9925 0.1210
vn 0.0269 0.9993 0.0277
vn -0.0847 0.9741 0.2097
vn -0.0830 0.9744 0.2087
vn -0.0817 0.9748 0.2075
vn -0.0807 0.9752 0.2060
vn 0.0507 0.9978 0.0423
vn -0.0238 0.9922 0.1224
vn -0.0328 0.9916 0.1248
vn -0.0305 0.9916 0.1257
vn 0.0423 0.9982 0.0432
vn -0.0256 0.9918 0.1248
vn -0.0940 0.9730 0.2107
vn -0.0913 0.9732 0.2110
vn -0.0888 0.9735 0.2108
vn -0.0867 0.9738 0.2105
vn -0.0228 0.9924 0.1211
vn -0.0230 0.9921 0.1229
vn 0.0212 0.9993 0.0313
vn -0.0236 0.9923 0.1215
vn -0.0244 0.9925 0.1196
vn 0.0438 0.9979 0.0477
vn -0.0799 0.9757 0.2041
vn -0.0794 0.9762 0.2019
vn -0.0793 0.9767 0.1996
vn -0.0795 0.9772 0.1969
vn -0.0226 0.9930 0.1163
vn -0.0239 0.9936 0.1106
vn 0.0443 0.9982 0.0407
vn -0.0257 0.9938 0.1079
vn -0.0277 0.9941 0.1049
vn 0.0288 0.9993 0.0257
vn -0.0800 0.9778 0.1939
vn -0.0809 0.9783 0.1907
vn -0.0821 0.9789 0.1872
vn -0.0835 0.9795 0.1835
vn -0.0362 0.9937 0.1064
vn -0.0372 0.9937 0.1061
vn 0.0267 0.9989 0.0383
vn -0.0355 0.9939 0.1044
vn -0.0339 0.9946 0.0978
vn 0.0390 0.9983 0.0444
vn -0.0881 0.9797 0.1801
vn -0.0893 0.9797 0.1796
vn -0.0905 0.9797 0.1790
vn -0.0912 0.9796 0.1789
vn 0.0053 0.9998 0.0194
vn -0.0350 0.9937 0.1069
vn -0.0292 0.9943 0.1030
vn -0.0300 0.9943 0.1026
vn 0.0113 0.9998 0.0150
vn -0.0339 0.9941 0.1034
vn -0.0846 0.9798 0.1812
vn -0.0855 0.9798 0.1809
vn -0.0862 0.9797 0.1807
vn -0.0871 0.9797 0.1804
vn -0.0935 0.9722 0.2146
vn 0.1377 0.9820 -0.1296
vn 0.0859 0.9948 -0.0550
vn 0.0579 0.9979 -0.0293
vn 0.0581 0.9980 -0.0257
vn 0.0575 0.9978 -0.0318
vn 0.0574 0.9981 -0.0219
vn 0.0557 0.9983 -0.0178
vn 0.0455 0.9990 -0.0023
vn 0.0380 0.9992 0.0100
vn 0.0498 0.9987 -0.0091
vn 0.0532 0.9985 -0.0135
vn -0.0457 0.9986 0.0282
vn -0.0400 0.9987 0.0319
vn -0.0650 0.9967 0.0478
vn -0.0443 0.9988 0.0200
vn -0.0531 0.9977 0.0416
vn -0.0259 0.9994 0.0244
vn -0.0393 0.9989 0.0243
vn -0.0420 0.9985 0.0341
vn -0.0268 0.9994 0.0220
vn -0.0407 0.9988 0.0288
vn -0.0431 0.9988 0.0226
vn -0.0443 0.9985 0.0312
vn -0.0504 0.9979 0.0404
vn -0.0350 0.9992 0.0191
vn -0.0228 0.9995 0.0204
vn -0.0073 0.9999 0.0078
vn -0.0408 0.9986 0.0347
vn -0.0518 0.9979 0.0386
vn -0.0072 0.9931 0.1174
vn -0.0007 0.9931 0.1176
vn 0.0005 0.9933 0.1152
vn 0.0002 0.9935 0.1142
vn 0.0264 0.9815 0.1897
vn 0.0313 0.9819 0.1867
vn 0.0341 0.9823 0.1841
vn 0.0333 0.9827 0.1821
vn -0.0113 0.9944 0.1049
vn 0.0013 0.9942 0.1073
vn -0.0117 0.9931 0.1163
vn -0.0080 0.9933 0.1157
vn 0.0054 0.9942 0.1078
vn 0.0350 0.9834 0.1781
vn 0.0312 0.9802 0.1954
vn 0.0319 0.9799 0.1969
vn 0.0506 0.9806 0.1893
vn 0.0286 0.9937 0.1082
vn 0.0324 0.9938 0.1063
vn 0.0351 0.9944 0.0999
vn 0.0317 0.9948 0.0970
vn 0.0836 0.9807 0.1767
vn 0.0898 0.9807 0.1734
vn 0.0961 0.9808 0.1699
vn 0.0996 0.9807 0.1685
vn 0.0249 0.9937 0.1097
vn 0.0090 0.9942 0.1069
vn 0.0129 0.9943 0.1058
vn 0.0169 0.9938 0.1097
vn 0.0574 0.9807 0.1872
vn 0.0641 0.9807 0.1850
vn 0.0706 0.9807 0.1824
vn 0.0771 0.9807 0.1796
vn 0.0247 0.9813 0.1909
vn -0.0967 0.9815 -0.1650
vn -0.0971 0.9815 -0.1649
vn -0.0607 0.9944 -0.0861
vn -0.0585 0.9949 -0.0826
vn -0.1018 0.9809 -0.1656
vn -0.1052 0.9809 -0.1639
vn -0.0658 0.9947 -0.0785
vn -0.0639 0.9942 -0.0869
vn -0.1062 0.9808 -0.1636
vn -0.1071 0.9808 -0.1632
vn -0.0631 0.9952 -0.0753
vn -0.0622 0.9952 -0.0758
vn -0.1080 0.9807 -0.1628
vn -0.1090 0.9807 -0.1624
vn -0.0647 0.9951 -0.0742
vn -0.0639 0.9952 -0.0747
vn -0.0985 0.9815 -0.1642
vn -0.1091 0.9812 -0.1592
vn -0.0710 0.9943 -0.0791
vn -0.0617 0.9946 -0.0835
vn -0.1162 0.9812 -0.1538
vn -0.1254 0.9812 -0.1465
vn -0.0808 0.9941 -0.0722
vn -0.0755 0.9942 -0.0767
vn -0.1099 0.9807 -0.1620
vn -0.1108 0.9806 -0.1617
vn -0.0663 0.9951 -0.0731
vn -0.0655 0.9951 -0.0737
vn -0.1116 0.9806 -0.1612
vn -0.1021 0.9809 -0.1657
vn -0.0583 0.9949 -0.0827
vn -0.0670 0.9951 -0.0726
vn -0.1342 0.9812 -0.1387
vn -0.1424 0.9812 -0.1304
vn -0.0904 0.9939 -0.0626
vn -0.0857 0.9940 -0.0677
vn -0.1502 0.9812 -0.1216
vn -0.1573 0.9811 -0.1123
vn -0.0989 0.9937 -0.0518
vn -0.0947 0.9938 -0.0575
vn -0.1639 0.9811 -0.1027
vn -0.1700 0.9811 -0.0927
vn -0.1042 0.9940 -0.0335
vn -0.1026 0.9936 -0.0462
vn -0.1753 0.9811 -0.0823
vn -0.1796 0.9811 -0.0723
vn -0.1008 0.9947 -0.0205
vn -0.0989 0.9947 -0.0265
vn -0.1663 0.9810 -0.0999
vn -0.1572 0.9816 -0.1085
vn -0.1008 0.9936 -0.0505
vn -0.1055 0.9934 -0.0459
vn -0.1538 0.9817 -0.1122
vn -0.1579 0.9812 -0.1105
vn -0.1010 0.9939 -0.0453
vn -0.1003 0.9935 -0.0541
vn -0.1807 0.9811 -0.0689
vn -0.1859 0.9806 -0.0620
vn -0.1076 0.9940 -0.0212
vn -0.0990 0.9949 -0.0183
vn -0.1807 0.9808 -0.0730
vn -0.1713 0.9807 -0.0944
vn -0.1089 0.9931 -0.0441
vn -0.1153 0.9930 -0.0263
vn -0.1609 0.9809 -0.1089
vn -0.0938 0.9947 -0.0413
vn -0.0309 0.9994 0.0139
vn -0.0121 0.9997 0.0206
vn -0.0112 0.9997 0.0202
vn -0.0173 0.9998 0.0077
vn -0.0346 0.9992 0.0184
vn -0.0205 0.9997 0.0163
vn -0.0202 0.9997 0.0125
vn -0.0209 0.9997 0.0106
vn -0.0216 0.9997 0.0135
vn -0.0225 0.9997 0.0114
vn -0.0279 0.9995 0.0160
vn -0.0274 0.9992 0.0294
vn -0.0240 0.9995 0.0204
vn -0.0101 0.9999 0.0058
vn -0.0295 0.9994 0.0182
vn -0.0257 0.9992 0.0304
vn -0.0113 0.9999 0.0081
vn -0.0241 0.9996 0.0121
vn -0.0304 0.9993 0.0204
vn -0.0259 0.9992 0.0318
vn -0.0422 0.9986 0.0325
vn -0.0256 0.9991 0.0331
vn -0.0434 0.9983 0.0390
vn -0.0319 0.9991 0.0286
vn -0.0189 0.9996 0.0201
vn -0.0293 0.9994 0.0191
vn -0.0356 0.9990 0.0281
vn -0.0239 0.9989 0.0413
vn -0.0229 0.9992 0.0334
vn -0.0311 0.9993 0.0193
vn -0.0485 0.9981 0.0383
vn -0.0377 0.9983 0.0446
vn -0.0154 0.9998 0.0128
vn -0.0177 0.9996 0.0238
vt -7.285013 1.024215
vt -6.921525 1.024215
vt -6.921520 1.510310
vt -7.648507 1.510310
vt -6.921520 1.996405
vt -7.648507 1.996405
vt -6.558030 1.024215
vt -6.194542 1.024215
vt -6.194536 1.510310
vt -6.194536 1.996405
vt -7.648507 1.024215
vt -9.102474 1.510311
vt -8.738985 1.024216
vt -8.375490 1.510310
vt -8.375490 1.996405
vt -9.102474 1.996406
vt -8.011995 1.024215
vt -9.102474 1.024216
vt -8.375490 1.024215
vt -11.646915 1.024216
vt -11.283422 1.024216
vt -11.283422 1.510311
vt -12.010410 1.510311
vt -11.283422 1.996406
vt -12.010405 1.996406
vt -10.919933 1.024216
vt -10.556438 1.024216
vt -10.556438 1.510311
vt -10.556438 1.996406
vt -12.010410 1.024216
vt -10.192951 1.024216
vt -9.829456 1.024216
vt -9.829456 1.510311
vt -9.829456 1.996406
vt -9.465963 1.024216
vt -6.194542 1.207251
vt -9.465967 1.024216
vt -8.738979 1.024216
vt -11.348764 1.698840
vt -11.359652 1.001270
vt -12.097527 1.001270
vt -12.097527 1.530885
vt -10.621777 1.001270
vt -11.359652 1.530885
vt -12.075748 1.698840
vt -10.621777 1.530885
vt -11.844109 1.024216
vt -2.002755 1.020071
vt -2.305663 1.495462
vt -2.305663 1.020071
vt -1.699841 1.495462
vt -1.396933 1.020071
vt -1.094025 1.495462
vt -1.699841 1.020071
vt -0.791117 1.020070
vt -1.094025 1.020070
vt -0.488203 1.495462
vt -0.488203 1.020070
vt -6.243491 1.020072
vt -6.546400 1.495463
vt -6.546400 1.020072
vt -5.940577 1.495463
vt -5.637670 1.020072
vt -5.940577 1.020072
vt -5.334761 1.495463
vt -5.031853 1.020071
vt -5.334761 1.020072
vt -4.728940 1.495463
vt -3.214393 1.020071
vt -3.517301 1.495462
vt -3.517301 1.020071
vt -2.911485 1.495462
vt -2.608571 1.020071
vt -2.911485 1.020071
vt -4.426031 1.020071
vt -4.728940 1.020071
vt -4.123117 1.495463
vt -3.820209 1.020071
vt -4.123117 1.020071
vt -6.194536 1.322849
vt -6.194536 1.293462
vt 7.387453 0.999972
vt 7.690361 0.999972
vt 7.690361 1.020069
vt 7.387453 1.020069
vt 7.993269 0.999971
vt 8.296183 0.999971
vt 8.296183 1.020069
vt 7.993269 1.020069
vt 8.599092 0.999971
vt 8.902000 0.999971
vt 8.902000 1.020069
vt 8.599092 1.020069
vt 9.204914 0.999971
vt 9.507820 0.999971
vt 9.507820 1.020068
vt 9.204914 1.020069
vt 11.022373 0.999971
vt 11.325279 0.999971
vt 11.325279 1.020068
vt 11.022373 1.020068
vt 11.628189 0.999971
vt 11.931097 0.999970
vt 11.931097 1.020068
vt 11.628189 1.020068
vt 9.810729 0.999971
vt 10.113643 0.999971
vt 10.113643 1.020068
vt 9.810729 1.020068
vt 10.416552 0.999971
vt 10.719460 0.999971
vt 10.719460 1.020068
vt 10.416552 1.020068
vt 12.234005 0.999970
vt 12.536913 0.999970
vt 12.536913 1.020068
vt 12.234005 1.020068
vt -11.646915 1.003595
vt -11.283422 1.003595
vt -10.919933 1.003595
vt -10.556438 1.003595
vt -10.192945 1.003595
vt -9.829456 1.003594
vt -9.465963 1.003594
vt -9.102474 1.003594
vt -7.285013 1.003594
vt -6.921525 1.003594
vt -6.558030 1.003594
vt -6.194542 1.003594
vt -8.738979 1.003594
vt -8.375490 1.003594
vt -8.011995 1.003594
vt -7.648507 1.003594
vt -10.919928 1.003595
vt -12.010410 1.003595
vt -11.998774 0.999976
vt -11.695866 0.999976
vt -11.695866 1.020073
vt -11.998774 1.020073
vt -11.392958 0.999976
vt -11.090044 0.999976
vt -11.090044 1.020073
vt -11.392958 1.020073
vt -10.787134 0.999975
vt -10.484226 0.999975
vt -10.484226 1.020073
vt -10.787134 1.020073
vt -10.181320 0.999975
vt -9.878405 0.999975
vt -9.878405 1.020073
vt -10.181320 1.020073
vt -8.363859 0.999975
vt -8.060946 0.999975
vt -8.060946 1.020072
vt -8.363859 1.020072
vt -7.758037 0.999975
vt -7.455129 0.999975
vt -7.455129 1.020072
vt -7.758037 1.020072
vt -9.575499 0.999975
vt -9.272589 0.999975
vt -9.272589 1.020072
vt -9.575499 1.020072
vt -8.969675 0.999975
vt -8.666767 0.999975
vt -8.666767 1.020072
vt -8.969675 1.020072
vt -7.152221 0.999975
vt -7.152221 1.020072
vt -10.192951 1.003595
vt -6.849308 0.999974
vt -6.849308 1.020072
vt -6.546400 0.999974
vt -6.243491 0.999974
vt -5.940577 0.999974
vt -5.637670 0.999974
vt -5.334761 0.999974
vt -5.031853 0.999974
vt -3.517301 0.999974
vt -3.214393 0.999974
vt -2.911485 0.999974
vt -2.608571 0.999973
vt -4.728940 0.999974
vt -4.426031 0.999974
vt -4.123117 0.999974
vt -3.820209 0.999974
vt -2.305663 0.999973
vt -2.002755 0.999973
vt -1.699841 0.999973
vt -1.396933 0.999973
vt -1.094025 0.999973
vt -0.791117 0.999973
vt -0.488203 0.999973
vt -0.185295 0.999973
vt -0.185295 1.020070
vt 1.329256 0.999972
vt 1.632165 0.999972
vt 1.632165 1.020070
vt 1.329256 1.020070
vt 1.935073 0.999972
vt 2.237981 0.999972
vt 2.237981 1.020070
vt 1.935073 1.020070
vt 0.117619 0.999973
vt 0.420527 0.999973
vt 0.420527 1.020070
vt 0.117619 1.020070
vt 0.723436 0.999973
vt 1.026343 0.999972
vt 1.026343 1.020070
vt 0.723436 1.020070
vt 2.540895 0.999972
vt 2.540895 1.020070
vt 12.839827 0.999970
vt 13.142735 0.999970
vt 13.142735 1.020068
vt 12.839827 1.020068
vt 13.445650 0.999970
vt 13.748558 0.999970
vt 13.748558 1.020067
vt 13.445650 1.020067
vt 14.051466 0.999970
vt 14.354380 0.999970
vt 14.354380 1.020067
vt 14.051466 1.020067
vt 15.868927 0.999969
vt 16.171841 0.999969
vt 16.171841 1.020067
vt 15.868927 1.020067
vt 16.474747 0.999969
vt 16.777660 0.999969
vt 16.777655 1.020067
vt 16.474747 1.020067
vt 14.657288 0.999970
vt 14.960196 0.999970
vt 14.960201 1.020067
vt 14.657288 1.020067
vt 15.263109 0.999970
vt 15.566019 0.999969
vt 15.566019 1.020067
vt 15.263109 1.020067
vt -9.465967 1.003594
vt -8.738985 1.003594
vt 17.080563 0.999969
vt 17.080563 1.020067
vt -11.283422 2.000000
vt -10.556438 2.000000
vt -12.010410 2.000000
vt -9.829456 2.000000
vt -9.102474 2.000000
vt -6.921520 2.000000
vt -6.194536 2.000000
vt -7.648507 2.000000
vt -8.375490 2.000000
s 1
usemtl GRASSB.001
f 1/1/1 2/2/2 3/3/3
f 4/4/4 3/3/3 5/5/5
f 5/5/5 6/6/6 4/4/4
f 7/7/7 8/8/8 9/9/9
f 3/3/3 9/9/9 10/10/10
f 10/10/10 5/5/5 3/3/3
f 1/1/1 4/4/4 11/11/11
f 7/7/7 3/3/3 2/2/2
f 12/12/12 13/13/13 14/14/14
f 12/12/12 14/14/14 15/15/15
f 15/15/15 64/16/16 12/12/12
f 16/17/17 11/11/11 4/4/4
f 14/14/14 4/4/4 6/6/6
f 6/6/6 15/15/15 14/14/14
f 13/13/13 12/12/12 17/18/18
f 16/17/17 14/14/14 18/19/19
f 19/20/20 20/21/21 21/22/22
f 9/23/9 21/22/22 22/24/23
f 22/24/23 10/25/10 9/23/9
f 23/26/24 24/27/25 25/28/26
f 21/22/22 25/28/26 26/29/27
f 26/29/27 22/24/23 21/22/22
f 19/20/20 9/23/9 8/30/8
f 23/26/24 21/22/22 20/21/21
f 27/31/28 28/32/29 29/33/30
f 25/28/26 29/33/30 30/34/31
f 30/34/31 26/29/27 25/28/26
f 31/35/32 32/18/33 33/12/34
f 29/33/30 33/12/34 34/16/35
f 34/16/35 30/34/31 29/33/30
f 27/31/28 25/28/26 24/27/25
f 31/35/32 29/33/30 28/32/29
f 35/1/36 36/2/37 37/3/38
f 38/4/39 37/3/38 39/5/40
f 39/5/40 40/6/41 38/4/39
f 41/7/42 42/36/43 43/9/44
f 37/3/38 43/9/44 44/10/45
f 44/10/45 39/5/40 37/3/38
f 35/1/36 38/4/39 45/11/46
f 41/7/42 37/3/38 36/2/37
f 46/13/47 47/19/48 48/14/49
f 33/12/34 48/14/49 49/15/50
f 49/15/50 34/16/35 33/12/34
f 50/17/51 45/11/46 38/4/39
f 48/14/49 38/4/39 40/6/41
f 40/6/41 49/15/50 48/14/49
f 46/13/47 33/12/34 32/18/33
f 50/17/51 48/14/49 47/19/48
f 37/3/38 41/7/42 43/9/44
f 38/4/39 35/1/36 37/3/38
f 48/14/49 50/17/51 38/4/39
f 33/12/34 46/13/47 48/14/49
f 29/33/30 31/35/32 33/12/34
f 25/28/26 27/31/28 29/33/30
f 21/22/22 23/26/24 25/28/26
f 9/23/9 19/20/20 21/22/22
f 3/3/3 7/7/7 9/9/9
f 4/4/4 1/1/1 3/3/3
f 14/14/14 16/17/17 4/4/4
f 14/14/14 13/13/13 18/19/19
f 41/7/42 51/8/52 42/36/43
f 52/26/53 53/27/54 54/28/55
f 55/29/56 56/24/57 57/22/58
f 55/29/56 57/22/58 54/28/55
f 52/26/53 57/22/58 58/21/59
f 59/31/60 60/32/61 61/33/62
f 62/34/63 55/29/56 54/28/55
f 63/35/64 17/18/18 12/12/12
f 64/16/16 62/34/63 61/33/62
f 62/34/63 54/28/55 61/33/62
f 59/31/60 54/28/55 53/27/54
f 64/16/16 61/33/62 12/12/12
f 63/35/64 61/33/62 60/32/61
f 61/33/62 63/35/64 12/12/12
f 54/28/55 59/31/60 61/33/62
f 57/22/58 52/26/53 54/28/55
f 65/24/65 66/25/66 67/23/67
f 68/29/68 65/24/65 69/22/69
f 65/24/65 67/23/67 69/22/69
f 68/29/68 69/22/69 70/28/70
f 71/34/71 68/29/68 70/28/70
f 72/16/72 71/34/71 73/33/73
f 71/34/71 70/28/70 73/33/73
f 72/16/72 73/33/73 74/12/74
f 75/5/75 76/6/76 77/4/77
f 78/10/78 75/5/75 79/3/79
f 75/5/75 77/4/77 79/3/79
f 78/10/78 79/3/79 80/9/80
f 81/15/81 72/16/72 74/12/74
f 76/6/76 81/15/81 82/14/82
f 81/15/81 74/12/74 82/14/82
f 76/6/76 82/14/82 77/4/77
f 83/20/83 84/21/84 69/22/69
f 85/26/85 86/27/86 70/28/70
f 83/20/83 67/23/67 87/30/87
f 85/26/85 69/22/69 84/21/84
f 88/31/88 89/32/89 73/33/73
f 90/37/90 91/18/91 74/12/74
f 88/31/88 70/28/70 86/27/86
f 90/37/90 73/33/73 89/32/89
f 92/1/92 93/2/93 79/3/79
f 94/7/94 95/8/95 80/9/80
f 92/1/92 77/4/77 96/11/96
f 94/7/94 79/3/79 93/2/93
f 97/38/97 98/19/98 82/14/82
f 99/17/99 96/11/96 77/4/77
f 97/38/97 74/12/74 91/18/91
f 99/17/99 82/14/82 98/19/98
f 67/23/67 83/20/83 69/22/69
f 69/22/69 85/26/85 70/28/70
f 70/28/70 88/31/88 73/33/73
f 73/33/73 90/37/90 74/12/74
f 74/12/74 97/38/97 82/14/82
f 82/14/82 99/17/99 77/4/77
f 77/4/77 92/1/92 79/3/79
f 79/3/79 94/7/94 80/9/80
f 100/20/100 101/21/101 102/22/102
f 103/24/103 104/25/104 105/23/105
f 106/26/106 107/27/107 108/28/108
f 109/29/109 103/24/103 102/22/102
f 103/24/103 105/23/105 102/22/102
f 100/20/100 105/23/105 110/30/110
f 109/29/109 102/22/102 108/28/108
f 106/26/106 102/22/102 101/21/101
f 111/31/111 112/32/112 113/33/113
f 114/34/114 109/29/109 108/28/108
f 115/35/115 116/18/116 117/12/117
f 118/16/118 114/34/114 113/33/113
f 114/34/114 108/28/108 113/33/113
f 111/31/111 108/28/108 107/27/107
f 118/16/118 113/33/113 117/12/117
f 115/35/115 113/33/113 112/32/112
f 119/1/119 120/2/120 121/3/121
f 122/5/122 123/6/123 124/4/124
f 125/7/125 126/8/126 127/9/127
f 128/10/128 122/5/122 121/3/121
f 122/5/122 124/4/124 121/3/121
f 119/1/119 124/4/124 129/11/129
f 128/10/128 121/3/121 127/9/127
f 125/7/125 121/3/121 120/2/120
f 130/13/130 131/19/131 132/14/132
f 133/15/133 118/16/118 117/12/117
f 134/17/134 129/11/129 124/4/124
f 123/6/123 133/15/133 132/14/132
f 133/15/133 117/12/117 132/14/132
f 130/13/130 117/12/117 116/18/116
f 123/6/123 132/14/132 124/4/124
f 134/17/134 132/14/132 131/19/131
f 121/3/121 125/7/125 127/9/127
f 124/4/124 119/1/119 121/3/121
f 132/14/132 134/17/134 124/4/124
f 117/12/117 130/13/130 132/14/132
f 113/33/113 115/35/115 117/12/117
f 108/28/108 111/31/111 113/33/113
f 102/22/102 106/26/106 108/28/108
f 105/23/105 100/20/100 102/22/102
f 135/29/135 136/24/136 137/22/137
f 135/29/135 137/22/137 138/28/138
f 139/34/139 135/29/135 138/28/138
f 140/16/140 139/34/139 141/33/141
f 139/34/139 138/28/138 141/33/141
f 140/16/140 141/33/141 142/12/142
f 143/5/143 144/6/144 145/4/145
f 146/10/146 143/5/143 147/3/147
f 143/5/143 145/4/145 147/3/147
f 146/10/146 147/3/147 148/9/148
f 149/15/149 140/16/140 142/12/142
f 144/6/144 149/15/149 150/14/150
f 149/15/149 142/12/142 150/14/150
f 144/6/144 150/14/150 145/4/145
f 151/26/151 152/27/152 138/28/138
f 151/26/151 137/22/137 153/21/153
f 154/31/154 155/32/155 141/33/141
f 156/37/156 157/18/157 142/12/142
f 154/31/154 138/28/138 152/27/152
f 156/37/156 141/33/141 155/32/155
f 158/1/158 159/2/159 147/3/147
f 160/7/160 161/8/161 148/9/148
f 158/1/158 145/4/145 162/11/162
f 160/7/160 147/3/147 159/2/159
f 163/38/163 164/19/164 150/14/150
f 165/17/165 162/11/162 145/4/145
f 163/38/163 142/12/142 157/18/157
f 165/17/165 150/14/150 164/19/164
f 137/22/137 151/26/151 138/28/138
f 138/28/138 154/31/154 141/33/141
f 141/33/141 156/37/156 142/12/142
f 142/12/142 163/38/163 150/14/150
f 150/14/150 165/17/165 145/4/145
f 145/4/145 158/1/158 147/3/147
f 147/3/147 160/7/160 148/9/148
f 166/20/166 167/21/167 168/22/168
f 169/24/169 170/25/170 171/23/171
f 172/26/172 173/27/173 174/28/174
f 175/29/175 169/24/169 168/22/168
f 169/24/169 171/23/171 168/22/168
f 166/20/166 171/23/171 176/30/176
f 175/29/175 168/22/168 174/28/174
f 172/26/172 168/22/168 167/21/167
f 177/31/177 178/32/178 179/33/179
f 180/34/180 175/29/175 174/28/174
f 181/35/181 182/18/182 183/12/183
f 184/16/184 180/34/180 179/33/179
f 180/34/180 174/28/174 179/33/179
f 177/31/177 174/28/174 173/27/173
f 184/16/184 179/33/179 183/12/183
f 181/35/181 179/33/179 178/32/178
f 185/1/185 186/2/186 187/3/187
f 188/5/188 189/6/189 190/4/190
f 191/7/191 208/8/192 203/9/193
f 192/10/194 188/5/188 187/3/187
f 188/5/188 190/4/190 187/3/187
f 185/1/185 190/4/190 193/11/195
f 192/10/194 187/3/187 203/9/193
f 191/7/191 187/3/187 186/2/186
f 194/13/196 195/19/197 196/14/198
f 197/15/199 184/16/184 183/12/183
f 198/17/200 193/11/195 190/4/190
f 189/6/189 197/15/199 196/14/198
f 197/15/199 183/12/183 196/14/198
f 194/13/196 183/12/183 182/18/182
f 189/6/189 196/14/198 190/4/190
f 198/17/200 196/14/198 195/19/197
f 187/3/187 191/7/191 203/9/193
f 190/4/190 185/1/185 187/3/187
f 196/14/198 198/17/200 190/4/190
f 183/12/183 194/13/196 196/14/198
f 179/33/179 181/35/181 183/12/183
f 174/28/174 177/31/177 179/33/179
f 168/22/168 172/26/172 174/28/174
f 171/23/171 166/20/166 168/22/168
f 199/20/201 200/21/202 201/22/203
f 202/24/204 192/25/194 203/23/193
f 204/26/205 205/27/206 206/28/207
f 207/29/208 202/24/204 201/22/203
f 202/24/204 203/23/193 201/22/203
f 199/20/201 203/23/193 208/30/192
f 207/29/208 201/22/203 206/28/207
f 204/26/205 201/22/203 200/21/202
f 209/31/209 210/32/210 211/33/211
f 212/34/212 207/29/208 206/28/207
f 213/35/213 214/18/214 215/12/215
f 216/16/216 212/34/212 211/33/211
f 212/34/212 206/28/207 211/33/211
f 209/31/209 206/28/207 205/27/206
f 216/16/216 211/33/211 215/12/215
f 213/35/213 211/33/211 210/32/210
f 217/1/217 218/2/218 219/3/219
f 220/5/220 221/6/221 222/4/222
f 223/10/223 220/5/220 219/3/219
f 220/5/220 222/4/222 219/3/219
f 217/1/217 222/4/222 224/11/224
f 223/10/223 219/3/219 225/9/225
f 226/7/226 219/3/219 218/2/218
f 215/12/215 227/13/227 228/14/228
f 229/15/229 216/16/216 215/12/215
f 230/17/230 224/11/224 222/4/222
f 221/6/221 229/15/229 228/14/228
f 229/15/229 215/12/215 228/14/228
f 227/13/227 215/12/215 214/18/214
f 221/6/221 228/14/228 222/4/222
f 230/17/230 228/14/228 231/19/231
f 219/3/219 226/7/226 225/9/225
f 222/4/222 217/1/217 219/3/219
f 228/14/228 230/17/230 222/4/222
f 228/14/228 227/13/227 231/19/231
f 211/33/211 213/35/213 215/12/215
f 206/28/207 209/31/209 211/33/211
f 201/22/203 204/26/205 206/28/207
f 203/23/193 199/20/201 201/22/203
f 232/24/232 233/25/233 234/23/234
f 245/29/235 232/24/232 235/22/236
f 232/24/232 234/23/234 235/22/236
f 245/29/235 235/22/236 236/28/237
f 237/7/238 238/8/239 234/9/234
f 239/20/240 240/21/241 235/22/236
f 241/26/242 242/27/243 236/28/237
f 239/20/240 234/23/234 238/30/239
f 241/26/242 235/22/236 240/21/241
f 234/23/234 239/20/240 235/22/236
f 235/22/236 241/26/242 236/28/237
f 236/28/237 243/33/244 244/34/245
f 244/34/245 245/29/235 236/28/237
f 243/33/244 246/12/246 247/16/247
f 247/16/247 244/34/245 243/33/244
f 248/4/248 249/3/249 250/5/250
f 250/5/250 251/6/251 248/4/248
f 249/3/249 252/9/252 253/10/253
f 253/10/253 250/5/250 249/3/249
f 246/12/246 254/14/254 255/15/255
f 255/15/255 247/16/247 246/12/246
f 254/14/254 248/4/248 251/6/251
f 251/6/251 255/15/255 254/14/254
f 256/31/256 257/32/257 243/33/244
f 258/37/258 259/18/259 246/12/246
f 256/31/256 236/28/237 242/27/243
f 258/37/258 243/33/244 257/32/257
f 260/1/260 261/2/261 249/3/249
f 262/7/262 263/8/263 252/9/252
f 260/1/260 248/4/248 264/11/264
f 262/7/262 249/3/249 261/2/261
f 265/38/265 266/19/266 254/14/254
f 267/17/267 264/11/264 248/4/248
f 265/38/265 246/12/246 259/18/259
f 267/17/267 254/14/254 266/19/266
f 236/28/237 256/31/256 243/33/244
f 243/33/244 258/37/258 246/12/246
f 246/12/246 265/38/265 254/14/254
f 254/14/254 267/17/267 248/4/248
f 248/4/248 260/1/260 249/3/249
f 249/3/249 262/7/262 252/9/252
f 268/20/268 269/21/269 270/22/270
f 271/26/271 272/27/272 273/28/273
f 268/20/268 274/23/274 275/30/275
f 271/26/271 270/22/270 269/21/269
f 276/31/276 277/32/277 278/33/278
f 279/35/279 280/18/280 281/12/281
f 276/31/276 273/28/273 272/27/272
f 279/35/279 278/33/278 277/32/277
f 282/1/282 283/2/283 284/3/284
f 285/7/285 286/8/286 287/9/287
f 282/1/282 288/4/288 289/11/289
f 285/7/285 284/3/284 283/2/283
f 290/13/290 291/19/291 292/14/292
f 293/17/293 289/11/289 288/4/288
f 290/13/290 281/12/281 280/18/280
f 293/17/293 292/14/292 291/19/291
f 294/20/294 295/21/295 296/22/296
f 297/26/297 315/27/298 314/28/299
f 294/20/294 287/23/287 286/30/286
f 297/26/297 296/22/296 295/21/295
f 274/23/274 268/20/268 270/22/270
f 270/22/270 271/26/271 273/28/273
f 273/28/273 276/31/276 278/33/278
f 278/33/278 279/35/279 281/12/281
f 281/12/281 290/13/290 292/14/292
f 292/14/292 293/17/293 288/4/288
f 288/4/288 282/1/282 284/3/284
f 284/3/284 285/7/285 287/9/287
f 287/23/287 294/20/294 296/22/296
f 296/22/296 297/26/297 314/28/299
f 298/24/300 299/25/301 274/23/274
f 300/29/302 298/24/300 270/22/270
f 298/24/300 274/23/274 270/22/270
f 300/29/302 270/22/270 273/28/273
f 301/34/303 300/29/302 273/28/273
f 302/16/304 301/34/303 278/33/278
f 301/34/303 273/28/273 278/33/278
f 302/16/304 278/33/278 281/12/281
f 303/5/305 304/6/306 288/4/288
f 305/10/307 303/5/305 284/3/284
f 303/5/305 288/4/288 284/3/284
f 305/10/307 284/3/284 287/9/287
f 306/15/308 302/16/304 281/12/281
f 304/6/306 306/15/308 292/14/292
f 306/15/308 281/12/281 292/14/292
f 304/6/306 292/14/292 288/4/288
f 307/24/309 305/25/307 287/23/287
f 331/29/310 307/24/309 296/22/296
f 307/24/309 287/23/287 296/22/296
f 331/29/310 296/22/296 314/28/299
f 308/31/311 309/32/312 310/33/313
f 311/37/314 312/18/315 313/12/316
f 308/31/311 314/28/299 315/27/298
f 311/37/314 310/33/313 309/32/312
f 316/1/317 317/2/318 318/3/319
f 319/7/320 320/8/321 321/9/322
f 316/1/317 322/4/323 323/11/324
f 319/7/320 318/3/319 317/2/318
f 324/38/325 325/19/326 326/14/327
f 327/17/328 323/11/324 322/4/323
f 324/38/325 313/12/316 312/18/315
f 327/17/328 326/14/327 325/19/326
f 328/20/329 321/23/322 320/30/321
f 314/28/299 308/31/311 310/33/313
f 310/33/313 311/37/314 313/12/316
f 313/12/316 324/38/325 326/14/327
f 326/14/327 327/17/328 322/4/323
f 322/4/323 316/1/317 318/3/319
f 318/3/319 319/7/320 321/9/322
f 321/23/322 328/20/329 329/22/330
f 330/34/331 331/29/310 314/28/299
f 332/16/332 330/34/331 310/33/313
f 330/34/331 314/28/299 310/33/313
f 332/16/332 310/33/313 313/12/316
f 333/5/333 334/6/334 322/4/323
f 335/10/335 333/5/333 318/3/319
f 333/5/333 322/4/323 318/3/319
f 335/10/335 318/3/319 321/9/322
f 336/15/336 332/16/332 313/12/316
f 334/6/334 336/15/336 326/14/327
f 336/15/336 313/12/316 326/14/327
f 334/6/334 326/14/327 322/4/323
f 337/24/337 335/25/335 321/23/322
f 337/24/337 321/23/322 329/22/330
f 338/1/338 339/2/339 340/3/340
f 341/7/341 342/8/342 343/9/343
f 338/1/338 344/4/344 345/11/345
f 341/7/341 340/3/340 339/2/339
f 346/38/346 347/19/347 348/14/348
f 349/17/349 345/11/345 344/4/344
f 346/38/346 387/12/350 350/18/351
f 349/17/349 348/14/348 347/19/347
f 351/20/352 352/21/353 353/22/354
f 354/26/355 355/27/356 356/28/357
f 351/20/352 343/23/343 342/30/342
f 354/26/355 353/22/354 352/21/353
f 357/31/358 358/32/359 359/33/360
f 360/37/361 361/18/362 362/12/363
f 357/31/358 356/28/357 355/27/356
f 360/37/361 359/33/360 358/32/359
f 363/1/364 364/2/365 365/3/366
f 366/7/367 367/8/368 368/9/369
f 363/1/364 369/4/370 370/11/371
f 366/7/367 365/3/366 364/2/365
f 371/38/372 372/19/373 373/14/374
f 374/17/375 370/11/371 369/4/370
f 371/38/372 362/12/363 361/18/362
f 374/17/375 373/14/374 372/19/373
f 387/12/350 346/38/346 348/14/348
f 348/14/348 349/17/349 344/4/344
f 344/4/344 338/1/338 340/3/340
f 340/3/340 341/7/341 343/9/343
f 343/23/343 351/20/352 353/22/354
f 353/22/354 354/26/355 356/28/357
f 356/28/357 357/31/358 359/33/360
f 359/33/360 360/37/361 362/12/363
f 362/12/363 371/38/372 373/14/374
f 373/14/374 374/17/375 369/4/370
f 369/4/370 363/1/364 365/3/366
f 365/3/366 366/7/367 368/9/369
f 375/20/376 376/21/377 377/22/378
f 378/26/379 379/27/380 380/28/381
f 375/20/376 381/23/382 382/30/383
f 378/26/379 377/22/378 376/21/377
f 383/31/384 384/32/385 385/33/386
f 386/37/387 350/18/351 387/12/350
f 383/31/384 380/28/381 379/27/380
f 386/37/387 385/33/386 384/32/385
f 381/23/382 375/20/376 377/22/378
f 377/22/378 378/26/379 380/28/381
f 380/28/381 383/31/384 385/33/386
f 385/33/386 386/37/387 387/12/350
f 388/20/388 389/21/389 390/22/390
f 391/24/391 392/25/392 393/23/393
f 394/26/394 395/27/395 396/28/396
f 397/29/397 391/24/391 390/22/390
f 391/24/391 393/23/393 390/22/390
f 388/20/388 393/23/393 398/30/398
f 397/29/397 390/22/390 396/28/396
f 394/26/394 390/22/390 389/21/389
f 399/31/399 400/32/400 401/33/401
f 402/34/402 397/29/397 396/28/396
f 403/35/403 404/18/404 405/12/405
f 406/16/406 402/34/402 401/33/401
f 402/34/402 396/28/396 401/33/401
f 399/31/399 396/28/396 395/27/395
f 406/16/406 401/33/401 405/12/405
f 403/35/403 401/33/401 400/32/400
f 407/1/407 408/2/408 409/3/409
f 410/5/410 411/6/411 412/4/412
f 413/7/413 414/8/414 415/9/415
f 416/10/416 410/5/410 409/3/409
f 410/5/410 412/4/412 409/3/409
f 407/1/407 412/4/412 417/11/417
f 416/10/416 409/3/409 415/9/415
f 413/7/413 409/3/409 408/2/408
f 418/13/418 419/19/419 420/14/420
f 421/15/421 406/16/406 405/12/405
f 422/17/422 417/11/417 412/4/412
f 411/6/411 421/15/421 420/14/420
f 421/15/421 405/12/405 420/14/420
f 418/13/418 405/12/405 404/18/404
f 411/6/411 420/14/420 412/4/412
f 422/17/422 420/14/420 419/19/419
f 409/3/409 413/7/413 415/9/415
f 412/4/412 407/1/407 409/3/409
f 420/14/420 422/17/422 412/4/412
f 405/12/405 418/13/418 420/14/420
f 401/33/401 403/35/403 405/12/405
f 396/28/396 399/31/399 401/33/401
f 390/22/390 394/26/394 396/28/396
f 393/23/393 388/20/388 390/22/390
f 423/20/423 424/21/424 425/22/425
f 426/26/426 427/27/427 428/28/428
f 423/20/423 429/23/429 430/30/430
f 426/26/426 425/22/425 424/21/424
f 431/31/431 432/32/432 433/33/433
f 434/35/434 435/18/435 436/12/436
f 431/31/431 428/28/428 427/27/427
f 434/35/434 433/33/433 432/32/432
f 437/1/437 438/2/438 439/3/439
f 437/1/437 440/4/440 441/11/441
f 442/7/442 439/3/439 438/2/438
f 443/13/443 444/19/444 445/14/445
f 446/17/446 441/11/441 440/4/440
f 443/13/443 436/12/436 435/18/435
f 446/17/446 445/14/445 444/19/444
f 429/23/429 423/20/423 425/22/425
f 425/22/425 426/26/426 428/28/428
f 428/28/428 431/31/431 433/33/433
f 433/33/433 434/35/434 436/12/436
f 436/12/436 443/13/443 445/14/445
f 445/14/445 446/17/446 440/4/440
f 440/4/440 437/1/437 439/3/439
f 439/3/439 442/7/442 447/9/447
f 448/20/448 449/21/449 450/39/450
f 451/40/451 452/41/452 453/42/453
f 454/26/454 455/27/455 456/28/456
f 457/43/457 451/40/451 450/44/450
f 451/40/451 453/42/453 450/44/450
f 448/20/448 453/45/453 458/30/458
f 457/43/457 450/44/450 456/46/456
f 454/26/454 450/22/450 449/21/449
f 459/31/459 460/32/460 461/33/461
f 462/34/462 457/29/457 456/28/456
f 463/35/463 464/18/464 465/12/465
f 466/16/466 462/34/462 461/33/461
f 462/34/462 456/28/456 461/33/461
f 459/31/459 456/28/456 455/27/455
f 466/16/466 461/33/461 465/12/465
f 463/35/463 461/33/461 460/32/460
f 467/1/467 468/2/468 469/3/469
f 470/5/470 471/6/471 472/4/472
f 473/7/473 474/8/474 475/9/475
f 476/10/476 470/5/470 469/3/469
f 470/5/470 472/4/472 469/3/469
f 467/1/467 472/4/472 477/11/477
f 476/10/476 469/3/469 475/9/475
f 473/7/473 469/3/469 468/2/468
f 478/13/478 479/19/479 480/14/480
f 481/15/481 466/16/466 465/12/465
f 482/17/482 477/11/477 472/4/472
f 471/6/471 481/15/481 480/14/480
f 481/15/481 465/12/465 480/14/480
f 478/13/478 465/12/465 464/18/464
f 471/6/471 480/14/480 472/4/472
f 482/17/482 480/14/480 479/19/479
f 483/24/483 484/25/484 429/23/429
f 485/29/485 483/24/483 425/22/425
f 483/24/483 429/23/429 425/22/425
f 485/29/485 425/22/425 428/28/428
f 486/34/486 485/29/485 428/28/428
f 487/16/487 486/34/486 433/33/433
f 486/34/486 428/28/428 433/33/433
f 487/16/487 433/33/433 436/12/436
f 488/5/488 489/6/489 440/4/440
f 490/10/490 488/5/488 439/3/439
f 488/5/488 440/4/440 439/3/439
f 490/10/490 439/3/439 447/9/447
f 491/15/491 487/16/487 436/12/436
f 489/6/489 491/15/491 445/14/445
f 491/15/491 436/12/436 445/14/445
f 489/6/489 445/14/445 440/4/440
f 469/3/469 473/7/473 475/9/475
f 472/4/472 467/1/467 469/3/469
f 480/14/480 482/17/482 472/4/472
f 465/12/465 478/13/478 480/14/480
f 461/33/461 463/35/463 465/12/465
f 456/28/456 459/31/459 461/33/461
f 450/22/450 454/26/454 456/28/456
f 453/45/453 448/20/448 450/39/450
f 492/21/492 493/20/493 494/22/494
f 495/25/495 496/24/496 497/23/497
f 498/27/498 499/26/499 500/28/500
f 496/24/496 501/29/501 494/22/494
f 497/23/497 496/24/496 494/22/494
f 497/23/497 493/20/493 502/47/502
f 494/22/494 501/29/501 500/28/500
f 494/22/494 499/26/499 492/21/492
f 503/32/503 504/31/504 505/33/505
f 501/29/501 506/34/506 500/28/500
f 507/18/507 508/35/508 509/12/509
f 506/34/506 510/16/510 505/33/505
f 500/28/500 506/34/506 505/33/505
f 500/28/500 504/31/504 498/27/498
f 505/33/505 510/16/510 509/12/509
f 505/33/505 508/35/508 503/32/503
f 511/2/511 512/1/512 513/3/513
f 514/6/514 515/5/512 516/4/515
f 516/4/515 515/5/512 513/3/513
f 516/4/515 512/1/512 517/11/516
f 518/19/517 519/13/518 520/14/519
f 510/16/510 521/15/520 509/12/509
f 517/11/516 522/17/521 516/4/515
f 521/15/520 514/6/514 520/14/519
f 509/12/509 521/15/520 520/14/519
f 509/12/509 519/13/518 507/18/507
f 520/14/519 514/6/514 516/4/515
f 520/14/519 522/17/521 518/19/517
f 512/1/512 516/4/515 513/3/513
f 522/17/521 520/14/519 516/4/515
f 519/13/518 509/12/509 520/14/519
f 508/35/508 505/33/505 509/12/509
f 504/31/504 500/28/500 505/33/505
f 499/26/499 494/22/494 500/28/500
f 493/20/493 497/23/497 494/22/494
f 523/48/522 524/49/522 554/50/522
f 524/49/522 523/48/522 525/51/522
f 526/52/522 527/53/522 525/51/522
f 525/51/522 528/54/522 526/52/522
f 529/55/522 527/53/522 530/56/522
f 527/53/522 529/55/522 531/57/522
f 529/55/522 532/58/522 531/57/522
f 526/52/522 530/56/522 527/53/522
f 523/48/522 528/54/522 525/51/522
f 533/59/522 534/60/522 535/61/522
f 534/60/522 533/59/522 536/62/522
f 537/63/522 536/62/522 538/64/522
f 536/62/522 537/63/522 539/65/522
f 540/66/522 539/65/522 541/67/522
f 539/65/522 540/66/522 542/68/522
f 543/69/522 544/70/522 545/71/522
f 544/70/522 543/69/522 546/72/522
f 547/73/522 546/72/522 548/74/522
f 546/72/522 547/73/522 524/49/522
f 549/75/522 542/68/522 550/76/522
f 542/68/522 549/75/522 551/77/522
f 552/78/522 551/77/522 553/79/522
f 551/77/522 552/78/522 544/70/522
f 547/73/522 554/50/522 524/49/522
f 543/69/522 548/74/522 546/72/522
f 552/78/522 545/71/522 544/70/522
f 549/75/522 553/79/522 551/77/522
f 540/66/522 550/76/522 542/68/522
f 537/63/522 541/67/522 539/65/522
f 533/59/522 538/64/522 536/62/522
f 555/23/523 556/22/524 557/24/525
f 557/24/525 558/25/526 555/23/523
f 556/22/524 559/28/527 560/29/528
f 560/29/528 557/24/525 556/22/524
f 559/28/527 561/33/529 562/34/530
f 562/34/530 560/29/528 559/28/527
f 561/33/529 563/12/531 564/16/532
f 564/16/532 562/34/530 561/33/529
f 565/4/533 566/3/534 567/5/535
f 567/5/535 568/6/536 565/4/533
f 566/3/534 569/9/537 570/10/538
f 570/10/538 567/5/535 566/3/534
f 563/12/531 571/14/539 572/15/540
f 572/15/540 564/16/532 563/12/531
f 571/14/539 565/4/533 568/6/536
f 568/6/536 572/15/540 571/14/539
f 573/20/541 574/21/542 556/22/524
f 575/26/543 576/27/544 559/28/527
f 573/20/541 555/23/523 577/30/545
f 575/26/543 556/22/524 574/21/542
f 578/31/546 579/32/547 561/33/529
f 580/37/548 581/18/532 563/12/531
f 578/31/546 559/28/527 576/27/544
f 580/37/548 561/33/529 579/32/547
f 582/1/549 583/2/550 566/3/534
f 584/7/551 585/80/552 569/9/537
f 582/1/549 565/4/533 586/11/553
f 584/7/551 566/3/534 583/2/550
f 587/38/554 588/19/540 571/14/539
f 589/17/555 586/11/553 565/4/533
f 587/38/554 563/12/531 581/18/532
f 589/17/555 571/14/539 588/19/540
f 555/23/523 573/20/541 556/22/524
f 556/22/524 575/26/543 559/28/527
f 559/28/527 578/31/546 561/33/529
f 561/33/529 580/37/548 563/12/531
f 563/12/531 587/38/554 571/14/539
f 571/14/539 589/17/555 565/4/533
f 565/4/533 582/1/549 566/3/534
f 566/3/534 584/7/551 569/9/537
f 584/7/551 590/81/556 585/80/552
f 584/7/551 591/8/557 590/81/556
f 592/20/522 593/21/522 594/22/522
f 595/24/522 596/25/522 597/23/522
f 598/26/522 599/27/522 600/28/558
f 601/29/522 595/24/522 594/22/522
f 595/24/522 597/23/522 594/22/522
f 592/20/522 597/23/522 602/30/522
f 601/29/522 594/22/522 600/28/558
f 598/26/522 594/22/522 593/21/522
f 603/31/559 604/32/560 605/33/561
f 606/34/562 601/29/522 600/28/558
f 607/37/560 608/18/560 609/12/522
f 610/16/563 606/34/562 605/33/561
f 606/34/562 600/28/558 605/33/561
f 603/31/559 600/28/558 599/27/522
f 610/16/563 605/33/561 609/12/522
f 607/37/560 605/33/561 604/32/560
f 611/1/560 612/2/560 613/3/564
f 614/5/563 615/6/563 616/4/522
f 617/7/565 618/8/522 619/9/566
f 620/10/567 614/5/563 613/3/564
f 614/5/563 616/4/522 613/3/564
f 611/1/560 616/4/522 621/11/560
f 620/10/567 613/3/564 619/9/566
f 617/7/565 613/3/564 612/2/560
f 622/38/560 623/19/560 624/14/522
f 625/15/563 610/16/563 609/12/522
f 626/17/560 621/11/560 616/4/522
f 615/6/563 625/15/563 624/14/522
f 625/15/563 609/12/522 624/14/522
f 622/38/560 609/12/522 608/18/560
f 615/6/563 624/14/522 616/4/522
f 626/17/560 624/14/522 623/19/560
f 597/23/522 592/20/522 594/22/522
f 594/22/522 598/26/522 600/28/558
f 600/28/558 603/31/559 605/33/561
f 605/33/561 607/37/560 609/12/522
f 609/12/522 622/38/560 624/14/522
f 624/14/522 626/17/560 616/4/522
f 616/4/522 611/1/560 613/3/564
f 613/3/564 617/7/565 619/9/566
f 627/20/522 628/21/522 629/22/568
f 630/23/522 629/22/568 631/24/522
f 631/24/522 632/25/522 630/23/522
f 633/26/569 634/27/570 635/28/571
f 629/22/568 635/28/571 636/29/572
f 636/29/572 631/24/522 629/22/568
f 627/20/522 630/23/522 637/30/522
f 633/26/569 629/22/568 628/21/522
f 638/31/570 639/32/570 640/33/573
f 635/28/571 640/33/573 641/34/574
f 641/34/574 636/29/572 635/28/571
f 642/35/570 643/18/570 644/12/573
f 640/33/573 644/12/573 645/16/574
f 645/16/574 641/34/574 640/33/573
f 638/31/570 635/28/571 634/27/570
f 642/35/570 640/33/573 639/32/570
f 646/1/522 647/2/522 648/3/568
f 649/4/575 648/3/568 650/5/522
f 650/5/522 651/6/576 649/4/575
f 652/7/569 653/8/570 654/9/577
f 648/3/568 654/9/577 655/10/578
f 655/10/578 650/5/522 648/3/568
f 646/1/522 649/4/575 656/11/522
f 652/7/569 648/3/568 647/2/522
f 657/13/570 658/19/570 659/14/579
f 644/12/573 659/14/579 660/15/574
f 660/15/574 645/16/574 644/12/573
f 661/17/580 656/11/522 649/4/575
f 659/14/579 649/4/575 651/6/576
f 651/6/576 660/15/574 659/14/579
f 657/13/570 644/12/573 643/18/570
f 661/17/580 659/14/579 658/19/570
f 648/3/568 652/7/569 654/9/577
f 649/4/575 646/1/522 648/3/568
f 659/14/579 661/17/580 649/4/575
f 644/12/573 657/13/570 659/14/579
f 640/33/573 642/35/570 644/12/573
f 635/28/571 638/31/570 640/33/573
f 629/22/568 633/26/569 635/28/571
f 630/23/522 627/20/522 629/22/568
f 662/20/581 663/21/582 664/22/583
f 665/24/584 666/25/585 667/23/586
f 668/26/587 669/27/588 670/28/589
f 671/29/590 665/24/584 664/22/583
f 665/24/584 667/23/586 664/22/583
f 662/20/581 667/23/586 672/30/591
f 671/29/590 664/22/583 670/28/589
f 668/26/587 664/22/583 663/21/582
f 673/31/592 674/32/593 675/33/594
f 676/34/595 671/29/590 670/28/589
f 677/37/596 678/18/597 679/12/598
f 680/16/599 676/34/595 675/33/594
f 676/34/595 670/28/589 675/33/594
f 673/31/592 670/28/589 669/27/588
f 680/16/599 675/33/594 679/12/598
f 677/37/596 675/33/594 674/32/593
f 681/1/600 682/2/601 683/3/602
f 684/5/603 685/6/604 686/4/605
f 687/7/606 688/8/607 689/9/608
f 690/10/609 684/5/603 683/3/602
f 684/5/603 686/4/605 683/3/602
f 681/1/600 686/4/605 691/11/610
f 690/10/609 683/3/602 689/9/608
f 687/7/606 683/3/602 682/2/601
f 692/38/611 693/19/611 694/14/612
f 695/15/613 680/16/599 679/12/598
f 696/17/614 691/11/610 686/4/605
f 685/6/604 695/15/613 694/14/612
f 695/15/613 679/12/598 694/14/612
f 692/38/611 679/12/598 678/18/597
f 685/6/604 694/14/612 686/4/605
f 696/17/614 694/14/612 693/19/611
f 697/20/615 689/23/608 688/30/607
f 683/3/602 687/7/606 689/9/608
f 686/4/605 681/1/600 683/3/602
f 694/14/612 696/17/614 686/4/605
f 679/12/598 692/38/611 694/14/612
f 675/33/594 677/37/596 679/12/598
f 670/28/589 673/31/592 675/33/594
f 664/22/583 668/26/587 670/28/589
f 667/23/586 662/20/581 664/22/583
f 698/82/616 699/83/617 662/84/581
f 662/84/581 672/85/591 698/82/616
f 700/86/618 701/87/619 668/88/587
f 668/88/587 663/89/582 700/86/618
f 702/90/620 703/91/621 673/92/592
f 673/92/592 669/93/588 702/90/620
f 704/94/622 705/95/623 677/96/596
f 677/96/596 674/97/593 704/94/622
f 706/98/624 707/99/625 681/100/600
f 681/100/600 691/101/610 706/98/624
f 708/102/626 709/103/627 687/104/606
f 687/104/606 682/105/601 708/102/626
f 710/106/628 711/107/629 692/108/611
f 692/108/611 678/109/597 710/106/628
f 712/110/630 713/111/631 696/112/614
f 696/112/614 693/113/611 712/110/630
f 714/114/632 715/115/633 697/116/615
f 697/116/615 688/117/607 714/114/632
f 709/103/627 714/114/632 688/117/607
f 688/117/607 687/104/606 709/103/627
f 707/99/625 708/102/626 682/105/601
f 682/105/601 681/100/600 707/99/625
f 713/111/631 706/98/624 691/101/610
f 691/101/610 696/112/614 713/111/631
f 711/107/629 712/110/630 693/113/611
f 693/113/611 692/108/611 711/107/629
f 705/95/623 710/106/628 678/109/597
f 678/109/597 677/96/596 705/95/623
f 703/91/621 704/94/622 674/97/593
f 674/97/593 673/92/592 703/91/621
f 701/87/619 702/90/620 669/93/588
f 669/93/588 668/88/587 701/87/619
f 699/83/617 700/86/618 663/89/582
f 663/89/582 662/84/581 699/83/617
f 716/20/634 717/21/635 718/22/636
f 719/26/637 720/27/638 721/28/639
f 722/118/640 723/119/641 717/21/635
f 717/21/635 716/20/634 722/118/640
f 724/120/642 725/121/643 720/27/638
f 720/27/638 719/26/637 724/120/642
f 716/20/634 726/23/644 727/30/645
f 719/26/637 718/22/636 717/21/635
f 728/31/646 729/32/647 730/33/648
f 731/35/649 732/18/650 733/12/651
f 734/122/652 735/123/653 729/32/647
f 729/32/647 728/31/646 734/122/652
f 736/124/654 737/125/655 732/18/650
f 732/18/650 731/35/649 736/124/654
f 728/31/646 721/28/639 720/27/638
f 731/35/649 730/33/648 729/32/647
f 738/1/656 739/2/657 740/3/658
f 741/7/659 742/8/660 743/9/661
f 744/126/662 745/127/663 739/2/657
f 739/2/657 738/1/656 744/126/662
f 746/128/664 747/129/665 742/8/660
f 742/8/660 741/7/659 746/128/664
f 738/1/656 748/4/666 749/11/667
f 741/7/659 740/3/658 739/2/657
f 750/13/668 751/19/669 752/14/670
f 753/17/671 749/11/667 748/4/666
f 754/130/672 755/131/673 751/19/669
f 751/19/669 750/13/668 754/130/672
f 756/132/674 757/133/675 749/11/667
f 749/11/667 753/17/671 756/132/674
f 750/13/668 733/12/651 732/18/650
f 753/17/671 752/14/670 751/19/669
f 758/20/676 759/21/677 760/22/678
f 761/26/679 762/27/680 763/28/681
f 764/118/682 765/119/683 759/21/677
f 759/21/677 758/20/676 764/118/682
f 766/134/684 767/121/685 762/27/680
f 762/27/680 761/26/679 766/134/684
f 758/20/676 743/23/661 742/30/660
f 761/26/679 760/22/678 759/21/677
f 768/31/686 769/32/687 770/33/688
f 771/37/689 772/18/690 773/12/691
f 774/122/692 775/123/693 769/32/687
f 769/32/687 768/31/686 774/122/692
f 776/124/694 777/125/695 772/18/690
f 772/18/690 771/37/689 776/124/694
f 768/31/686 763/28/681 762/27/680
f 771/37/689 770/33/688 769/32/687
f 778/1/696 779/2/697 780/3/698
f 781/7/699 782/8/700 783/9/701
f 784/126/702 785/127/703 779/2/697
f 779/2/697 778/1/696 784/126/702
f 786/128/704 787/129/705 782/8/700
f 782/8/700 781/7/699 786/128/704
f 778/1/696 788/4/706 789/11/707
f 781/7/699 780/3/698 779/2/697
f 790/38/708 791/19/709 792/14/710
f 793/17/711 789/11/707 788/4/706
f 794/130/712 795/131/713 791/19/709
f 791/19/709 790/38/708 794/130/712
f 796/132/714 797/133/715 789/11/707
f 789/11/707 793/17/711 796/132/714
f 790/38/708 773/12/691 772/18/690
f 793/17/711 792/14/710 791/19/709
f 716/20/634 727/30/645 798/135/716
f 726/23/644 716/20/634 718/22/636
f 798/135/716 722/118/640 716/20/634
f 719/26/637 717/21/635 723/119/641
f 718/22/636 719/26/637 721/28/639
f 723/119/641 724/120/642 719/26/637
f 728/31/646 720/27/638 725/121/643
f 721/28/639 728/31/646 730/33/648
f 725/121/643 734/122/652 728/31/646
f 731/35/649 729/32/647 735/123/653
f 730/33/648 731/35/649 733/12/651
f 735/123/653 736/124/654 731/35/649
f 750/13/668 732/18/650 737/125/655
f 733/12/651 750/13/668 752/14/670
f 737/125/655 754/130/672 750/13/668
f 753/17/671 751/19/669 755/131/673
f 752/14/670 753/17/671 748/4/666
f 755/131/673 756/132/674 753/17/671
f 738/1/656 749/11/667 757/133/675
f 748/4/666 738/1/656 740/3/658
f 757/133/675 744/126/662 738/1/656
f 741/7/659 739/2/657 745/127/663
f 740/3/658 741/7/659 743/9/661
f 745/127/663 746/128/664 741/7/659
f 758/20/676 742/30/660 747/135/665
f 743/23/661 758/20/676 760/22/678
f 747/135/665 764/118/682 758/20/676
f 761/26/679 759/21/677 765/119/683
f 760/22/678 761/26/679 763/28/681
f 765/119/683 766/134/684 761/26/679
f 768/31/686 762/27/680 767/121/685
f 763/28/681 768/31/686 770/33/688
f 767/121/685 774/122/692 768/31/686
f 771/37/689 769/32/687 775/123/693
f 770/33/688 771/37/689 773/12/691
f 775/123/693 776/124/694 771/37/689
f 790/38/708 772/18/690 777/125/695
f 773/12/691 790/38/708 792/14/710
f 777/125/695 794/130/712 790/38/708
f 793/17/711 791/19/709 795/131/713
f 792/14/710 793/17/711 788/4/706
f 795/131/713 796/132/714 793/17/711
f 778/1/696 789/11/707 797/133/715
f 788/4/706 778/1/696 780/3/698
f 797/133/715 784/126/702 778/1/696
f 781/7/699 779/2/697 785/127/703
f 780/3/698 781/7/699 783/9/701
f 785/127/703 786/128/704 781/7/699
f 799/24/717 800/25/718 726/23/644
f 801/29/719 799/24/717 718/22/636
f 799/24/717 726/23/644 718/22/636
f 801/29/719 718/22/636 721/28/639
f 802/34/720 801/29/719 721/28/639
f 803/16/721 802/34/720 730/33/648
f 802/34/720 721/28/639 730/33/648
f 803/16/721 730/33/648 733/12/651
f 804/5/722 805/6/723 748/4/666
f 806/10/724 804/5/722 740/3/658
f 804/5/722 748/4/666 740/3/658
f 806/10/724 740/3/658 743/9/661
f 807/15/725 803/16/721 733/12/651
f 805/6/723 807/15/725 752/14/670
f 807/15/725 733/12/651 752/14/670
f 805/6/723 752/14/670 748/4/666
f 808/24/726 806/25/724 743/23/661
f 809/29/727 808/24/726 760/22/678
f 808/24/726 743/23/661 760/22/678
f 809/29/727 760/22/678 763/28/681
f 810/34/728 809/29/727 763/28/681
f 811/16/729 810/34/728 770/33/688
f 810/34/728 763/28/681 770/33/688
f 811/16/729 770/33/688 773/12/691
f 812/5/730 813/6/731 788/4/706
f 814/10/732 812/5/730 780/3/698
f 812/5/730 788/4/706 780/3/698
f 814/10/732 780/3/698 783/9/701
f 815/15/733 811/16/729 773/12/691
f 813/6/731 815/15/733 792/14/710
f 815/15/733 773/12/691 792/14/710
f 813/6/731 792/14/710 788/4/706
f 816/136/734 817/137/735 818/138/736
f 818/138/736 819/139/737 816/136/734
f 820/140/738 821/141/739 822/142/740
f 822/142/740 823/143/741 820/140/738
f 824/144/742 825/145/743 826/146/744
f 826/146/744 827/147/745 824/144/742
f 828/148/746 829/149/747 830/150/748
f 830/150/748 831/151/749 828/148/746
f 832/152/750 833/153/751 834/154/752
f 834/154/752 835/155/753 832/152/750
f 836/156/754 837/157/755 838/158/756
f 838/158/756 839/159/757 836/156/754
f 840/160/758 841/161/759 842/162/760
f 842/162/760 843/163/761 840/160/758
f 844/164/762 845/165/763 846/166/764
f 846/166/764 847/167/765 844/164/762
f 848/20/766 849/21/767 850/22/768
f 851/26/769 852/27/770 853/28/771
f 854/118/772 855/119/773 849/21/767
f 849/21/767 848/20/766 854/118/772
f 856/120/774 857/121/775 852/27/770
f 852/27/770 851/26/769 856/120/774
f 848/20/766 858/23/776 859/30/777
f 851/26/769 850/22/768 849/21/767
f 860/31/778 861/32/779 862/33/780
f 863/35/781 864/18/782 865/12/783
f 866/122/784 867/123/785 861/32/779
f 861/32/779 860/31/778 866/122/784
f 868/124/786 869/125/787 864/18/782
f 864/18/782 863/35/781 868/124/786
f 860/31/778 853/28/771 852/27/770
f 863/35/781 862/33/780 861/32/779
f 870/1/788 871/2/789 872/3/790
f 873/7/791 874/8/792 875/9/793
f 876/126/794 877/127/795 871/2/789
f 871/2/789 870/1/788 876/126/794
f 878/128/796 879/129/797 874/8/792
f 874/8/792 873/7/791 878/128/796
f 870/1/788 880/4/798 881/11/799
f 873/7/791 872/3/790 871/2/789
f 882/13/800 883/19/801 884/14/802
f 885/17/803 881/11/799 880/4/798
f 886/130/804 887/131/805 883/19/801
f 883/19/801 882/13/800 886/130/804
f 888/132/806 889/133/807 881/11/799
f 881/11/799 885/17/803 888/132/806
f 882/13/800 865/12/783 864/18/782
f 885/17/803 884/14/802 883/19/801
f 848/20/766 859/30/777 890/135/808
f 858/23/776 848/20/766 850/22/768
f 890/135/808 854/118/772 848/20/766
f 851/26/769 849/21/767 855/119/773
f 850/22/768 851/26/769 853/28/771
f 855/119/773 856/120/774 851/26/769
f 860/31/778 852/27/770 857/121/775
f 853/28/771 860/31/778 862/33/780
f 857/121/775 866/122/784 860/31/778
f 863/35/781 861/32/779 867/123/785
f 862/33/780 863/35/781 865/12/783
f 867/123/785 868/124/786 863/35/781
f 882/13/800 864/18/782 869/125/787
f 865/12/783 882/13/800 884/14/802
f 869/125/787 886/130/804 882/13/800
f 885/17/803 883/19/801 887/131/805
f 884/14/802 885/17/803 880/4/798
f 887/131/805 888/132/806 885/17/803
f 870/1/788 881/11/799 889/133/807
f 880/4/798 870/1/788 872/3/790
f 889/133/807 876/126/794 870/1/788
f 873/7/791 871/2/789 877/127/795
f 872/3/790 873/7/791 875/9/793
f 877/127/795 878/128/796 873/7/791
f 837/157/755 891/168/809 892/169/810
f 892/169/810 838/158/756 837/157/755
f 833/153/751 836/156/754 839/159/757
f 839/159/757 834/154/752 833/153/751
f 845/165/763 832/152/750 835/155/753
f 835/155/753 846/166/764 845/165/763
f 841/161/759 844/164/762 847/167/765
f 847/167/765 842/162/760 841/161/759
f 829/149/747 840/160/758 843/163/761
f 843/163/761 830/150/748 829/149/747
f 825/145/743 828/148/746 831/151/749
f 831/151/749 826/146/744 825/145/743
f 821/141/739 824/144/742 827/147/745
f 827/147/745 822/142/740 821/141/739
f 817/137/735 820/140/738 823/143/741
f 823/143/741 818/138/736 817/137/735
f 818/20/736 823/21/741 893/22/811
f 894/24/812 895/25/813 896/23/814
f 822/26/740 827/27/745 897/28/815
f 898/29/816 894/24/812 893/22/811
f 894/24/812 896/23/814 893/22/811
f 818/20/736 896/23/814 819/30/737
f 898/29/816 893/22/811 897/28/815
f 822/26/740 893/22/811 823/21/741
f 826/31/744 831/32/749 899/33/817
f 900/34/818 898/29/816 897/28/815
f 830/35/748 843/18/761 901/12/819
f 902/16/820 900/34/818 899/33/817
f 900/34/818 897/28/815 899/33/817
f 826/31/744 897/28/815 827/27/745
f 902/16/820 899/33/817 901/12/819
f 830/35/748 899/33/817 831/32/749
f 834/1/752 839/2/757 903/3/821
f 904/5/822 905/6/823 906/4/824
f 838/7/756 892/8/810 907/9/825
f 908/10/826 904/5/822 903/3/821
f 904/5/822 906/4/824 903/3/821
f 834/1/752 906/4/824 835/11/753
f 908/10/826 903/3/821 907/9/825
f 838/7/756 903/3/821 839/2/757
f 842/13/760 847/19/765 909/14/827
f 910/15/828 902/16/820 901/12/819
f 846/17/764 835/11/753 906/4/824
f 905/6/823 910/15/828 909/14/827
f 910/15/828 901/12/819 909/14/827
f 842/13/760 901/12/819 843/18/761
f 905/6/823 909/14/827 906/4/824
f 846/17/764 909/14/827 847/19/765
f 911/24/829 912/25/830 858/23/776
f 913/29/831 911/24/829 850/22/768
f 911/24/829 858/23/776 850/22/768
f 913/29/831 850/22/768 853/28/771
f 914/34/832 913/29/831 853/28/771
f 915/16/833 914/34/832 862/33/780
f 914/34/832 853/28/771 862/33/780
f 915/16/833 862/33/780 865/12/783
f 916/5/834 917/6/835 880/4/798
f 918/10/836 916/5/834 872/3/790
f 916/5/834 880/4/798 872/3/790
f 918/10/836 872/3/790 875/9/793
f 919/15/837 915/16/833 865/12/783
f 917/6/835 919/15/837 884/14/802
f 919/15/837 865/12/783 884/14/802
f 917/6/835 884/14/802 880/4/798
f 903/3/821 838/7/756 907/9/825
f 906/4/824 834/1/752 903/3/821
f 909/14/827 846/17/764 906/4/824
f 901/12/819 842/13/760 909/14/827
f 899/33/817 830/35/748 901/12/819
f 897/28/815 826/31/744 899/33/817
f 893/22/811 822/26/740 897/28/815
f 896/23/814 818/20/736 893/22/811
f 920/20/838 921/21/839 922/22/840
f 923/26/841 924/27/842 925/28/843
f 926/118/844 927/119/845 921/21/839
f 921/21/839 920/20/838 926/118/844
f 928/120/846 929/121/847 924/27/842
f 924/27/842 923/26/841 928/120/846
f 920/20/838 930/23/848 931/30/849
f 923/26/841 922/22/840 921/21/839
f 932/31/850 933/32/851 934/33/852
f 935/37/853 936/18/854 937/12/855
f 938/170/856 939/123/857 933/32/851
f 933/32/851 932/31/850 938/170/856
f 940/124/858 941/125/859 936/18/854
f 936/18/854 935/37/853 940/124/858
f 932/31/850 925/28/843 924/27/842
f 935/37/853 934/33/852 933/32/851
f 942/1/860 943/2/861 944/3/862
f 945/7/863 946/8/864 947/9/865
f 948/126/866 949/127/867 943/2/861
f 943/2/861 942/1/860 948/126/866
f 950/128/868 951/129/869 946/8/864
f 946/8/864 945/7/863 950/128/868
f 942/1/860 952/4/870 953/11/871
f 945/7/863 944/3/862 943/2/861
f 954/38/872 955/19/873 956/14/874
f 957/17/875 953/11/871 952/4/870
f 958/130/876 959/131/877 955/19/873
f 955/19/873 954/38/872 958/130/876
f 960/132/878 961/133/879 953/11/871
f 953/11/871 957/17/875 960/132/878
f 954/38/872 937/12/855 936/18/854
f 957/17/875 956/14/874 955/19/873
f 920/20/838 931/30/849 962/135/880
f 930/23/848 920/20/838 922/22/840
f 962/135/880 926/118/844 920/20/838
f 923/26/841 921/21/839 927/119/845
f 922/22/840 923/26/841 925/28/843
f 927/119/845 928/120/846 923/26/841
f 932/31/850 924/27/842 929/121/847
f 925/28/843 932/31/850 934/33/852
f 929/121/847 938/170/856 932/31/850
f 935/37/853 933/32/851 939/123/857
f 934/33/852 935/37/853 937/12/855
f 939/123/857 940/124/858 935/37/853
f 954/38/872 936/18/854 941/125/859
f 937/12/855 954/38/872 956/14/874
f 941/125/859 958/130/876 954/38/872
f 957/17/875 955/19/873 959/131/877
f 956/14/874 957/17/875 952/4/870
f 959/131/877 960/132/878 957/17/875
f 942/1/860 953/11/871 961/133/879
f 952/4/870 942/1/860 944/3/862
f 961/133/879 948/126/866 942/1/860
f 945/7/863 943/2/861 949/127/867
f 944/3/862 945/7/863 947/9/865
f 949/127/867 950/128/868 945/7/863
f 963/20/881 946/30/864 951/135/869
f 951/135/869 964/118/881 963/20/881
f 965/168/882 966/171/883 967/172/884
f 967/172/884 968/169/885 965/168/882
f 969/173/886 970/174/887 971/59/888
f 971/59/888 972/61/889 969/173/886
f 973/175/890 974/176/891 975/63/892
f 975/63/892 976/64/893 973/175/890
f 977/177/894 978/178/895 979/66/896
f 979/66/896 980/67/897 977/177/894
f 981/179/898 982/180/899 983/69/900
f 983/69/900 984/71/901 981/179/898
f 985/181/902 986/182/903 987/73/904
f 987/73/904 988/74/905 985/181/902
f 989/183/906 990/184/907 991/75/908
f 991/75/908 992/76/909 989/183/906
f 993/185/910 994/186/911 995/78/912
f 995/78/912 996/79/913 993/185/910
f 997/187/914 998/188/915 999/48/916
f 999/48/916 1000/50/917 997/187/914
f 1001/20/918 1002/21/919 1003/22/920
f 1004/26/921 1005/27/922 1006/28/923
f 1007/118/924 1008/119/925 1002/21/919
f 1002/21/919 1001/20/918 1007/118/924
f 1009/120/926 1010/121/927 1005/27/922
f 1005/27/922 1004/26/921 1009/120/926
f 1001/20/918 1011/23/928 1012/30/929
f 1004/26/921 1003/22/920 1002/21/919
f 1013/31/930 1014/32/931 1015/33/932
f 1016/35/933 1017/18/934 1018/12/935
f 1019/122/936 1020/123/937 1014/32/931
f 1014/32/931 1013/31/930 1019/122/936
f 1021/124/938 1022/125/939 1017/18/934
f 1017/18/934 1016/35/933 1021/124/938
f 1013/31/930 1006/28/923 1005/27/922
f 1016/35/933 1015/33/932 1014/32/931
f 1023/1/940 1024/2/941 1025/3/942
f 1026/7/943 1027/8/944 1028/9/945
f 1029/126/946 1030/127/947 1024/2/941
f 1024/2/941 1023/1/940 1029/126/946
f 1031/128/948 1032/129/949 1027/8/944
f 1027/8/944 1026/7/943 1031/128/948
f 1023/1/940 1033/4/950 1034/11/951
f 1026/7/943 1025/3/942 1024/2/941
f 1035/13/952 1036/19/953 1037/14/954
f 1038/17/955 1034/11/951 1033/4/950
f 1039/130/956 1040/131/957 1036/19/953
f 1036/19/953 1035/13/952 1039/130/956
f 1041/132/958 1042/133/959 1034/11/951
f 1034/11/951 1038/17/955 1041/132/958
f 1035/13/952 1018/12/935 1017/18/934
f 1038/17/955 1037/14/954 1036/19/953
f 1011/23/928 1001/20/918 1003/22/920
f 1004/26/921 1002/21/919 1008/119/925
f 1003/22/920 1004/26/921 1006/28/923
f 1008/119/925 1009/120/926 1004/26/921
f 1013/31/930 1005/27/922 1010/121/927
f 1006/28/923 1013/31/930 1015/33/932
f 1010/121/927 1019/122/936 1013/31/930
f 1016/35/933 1014/32/931 1020/123/937
f 1015/33/932 1016/35/933 1018/12/935
f 1020/123/937 1021/124/938 1016/35/933
f 1035/13/952 1017/18/934 1022/125/939
f 1018/12/935 1035/13/952 1037/14/954
f 1022/125/939 1039/130/956 1035/13/952
f 1038/17/955 1036/19/953 1040/131/957
f 1037/14/954 1038/17/955 1033/4/950
f 1040/131/957 1041/132/958 1038/17/955
f 1023/1/940 1034/11/951 1042/133/959
f 1033/4/950 1023/1/940 1025/3/942
f 1042/133/959 1029/126/946 1023/1/940
f 1026/7/943 1024/2/941 1030/127/947
f 1025/3/942 1026/7/943 1028/9/945
f 1030/127/947 1031/128/948 1026/7/943
f 986/182/903 997/187/914 1000/50/917
f 1000/50/917 987/73/904 986/182/903
f 982/180/899 985/181/902 988/74/905
f 988/74/905 983/69/900 982/180/899
f 994/186/911 981/179/898 984/71/901
f 984/71/901 995/78/912 994/186/911
f 990/184/907 993/185/910 996/79/913
f 996/79/913 991/75/908 990/184/907
f 978/178/895 989/183/906 992/76/909
f 992/76/909 979/66/896 978/178/895
f 974/176/891 977/177/894 980/67/897
f 980/67/897 975/63/892 974/176/891
f 970/174/887 973/175/890 976/64/893
f 976/64/893 971/59/888 970/174/887
f 966/171/883 969/173/886 972/61/889
f 972/61/889 967/172/884 966/171/883
f 1043/157/960 965/168/882 968/169/885
f 968/169/885 1044/158/961 1043/157/960
f 1044/7/961 968/8/885 1045/9/962
f 967/20/884 972/21/889 1046/22/963
f 971/26/888 976/27/893 1047/28/964
f 967/20/884 1045/23/962 968/30/885
f 971/26/888 1046/22/963 972/21/889
f 975/31/892 980/32/897 1048/33/965
f 979/35/896 992/18/909 1049/12/966
f 975/31/892 1047/28/964 976/27/893
f 979/35/896 1048/33/965 980/32/897
f 1050/4/967 988/2/905 1051/3/968
f 1051/3/968 1000/8/917 1052/9/969
f 983/1/900 1050/4/967 984/11/901
f 987/7/904 1051/3/968 988/2/905
f 1049/12/966 991/13/908 1053/14/970
f 995/17/912 984/11/901 1050/4/967
f 991/13/908 1049/12/966 992/18/909
f 995/17/912 1053/14/970 996/19/913
f 999/20/916 1052/23/969 1000/30/917
f 1054/29/971 1055/24/972 1003/22/920
f 1055/24/972 1011/23/928 1003/22/920
f 1054/29/971 1003/22/920 1006/28/923
f 1056/34/973 1054/29/971 1006/28/923
f 1057/16/974 1056/34/973 1015/33/932
f 1056/34/973 1006/28/923 1015/33/932
f 1057/16/974 1015/33/932 1018/12/935
f 1058/5/975 1059/6/976 1033/4/950
f 1060/10/977 1058/5/975 1025/3/942
f 1058/5/975 1033/4/950 1025/3/942
f 1060/10/977 1025/3/942 1028/9/945
f 1061/15/978 1057/16/974 1018/12/935
f 1059/6/976 1061/15/978 1037/14/954
f 1061/15/978 1018/12/935 1037/14/954
f 1059/6/976 1037/14/954 1033/4/950
f 1051/3/968 987/7/904 1000/8/917
f 1050/4/967 983/1/900 988/2/905
f 1053/14/970 995/17/912 1050/4/967
f 1053/14/970 991/13/908 996/19/913
f 1048/33/965 979/35/896 1049/12/966
f 1047/28/964 975/31/892 1048/33/965
f 1046/22/963 971/26/888 1047/28/964
f 1045/23/962 967/20/884 1046/22/963
f 1062/3/979 1044/7/961 1045/9/962
f 1063/138/980 1064/139/981 1065/136/982
f 1065/136/982 1066/137/983 1063/138/980
f 1067/142/984 1068/143/985 1069/140/986
f 1069/140/986 1070/141/987 1067/142/984
f 1071/146/988 1072/147/989 1073/144/990
f 1073/144/990 1074/145/991 1071/146/988
f 1075/150/992 1076/151/993 1077/148/994
f 1077/148/994 1078/149/995 1075/150/992
f 1079/154/996 1080/155/997 1081/152/998
f 1081/152/998 1082/153/999 1079/154/996
f 1083/158/1000 1084/159/1001 1085/156/1002
f 1085/156/1002 1086/157/1003 1083/158/1000
f 1087/162/1004 1088/163/1005 1089/160/1006
f 1089/160/1006 1090/161/1007 1087/162/1004
f 1091/166/1008 1092/167/1009 1093/164/1010
f 1093/164/1010 1094/165/1011 1091/166/1008
f 1095/172/1012 1096/169/1013 1097/168/1014
f 1097/168/1014 1098/171/1015 1095/172/1012
f 1099/59/1016 1100/61/1017 1101/173/1018
f 1101/173/1018 1102/174/1019 1099/59/1016
f 1103/63/1020 1104/64/1021 1105/175/1022
f 1105/175/1022 1106/176/1023 1103/63/1020
f 1107/66/1024 1108/67/1025 1109/177/1026
f 1109/177/1026 1110/178/1027 1107/66/1024
f 1111/69/1028 1112/71/1029 1113/179/1030
f 1113/179/1030 1114/180/1031 1111/69/1028
f 1115/73/1032 1116/74/1033 1117/181/1034
f 1117/181/1034 1118/182/1035 1115/73/1032
f 1119/75/1036 1120/76/1037 1121/183/1038
f 1121/183/1038 1122/184/1039 1119/75/1036
f 1123/78/1040 1124/79/1041 1125/185/1042
f 1125/185/1042 1126/186/1043 1123/78/1040
f 1127/20/1044 1128/21/1044 1129/22/522
f 1130/26/1044 1131/27/1044 1132/28/522
f 1128/21/1044 1127/20/1044 1133/118/1045
f 1133/118/1045 1134/119/1045 1128/21/1044
f 1131/27/1044 1130/26/1044 1135/120/1045
f 1135/120/1045 1136/121/1045 1131/27/1044
f 1127/20/1044 1137/23/522 1138/30/1044
f 1130/26/1044 1129/22/522 1128/21/1044
f 1139/31/1044 1140/32/1044 1141/33/522
f 1142/35/1044 1143/18/1044 1144/12/522
f 1140/32/1044 1139/31/1044 1145/122/1045
f 1145/122/1045 1146/123/1045 1140/32/1044
f 1143/18/1044 1142/35/1044 1147/124/1045
f 1147/124/1045 1148/125/1045 1143/18/1044
f 1139/31/1044 1132/28/522 1131/27/1044
f 1142/35/1044 1141/33/522 1140/32/1044
f 1149/1/1046 1150/2/1047 1151/3/1048
f 1152/7/1049 1153/8/1050 1154/9/1051
f 1150/2/1047 1149/1/1046 1155/126/1052
f 1155/126/1052 1156/127/1053 1150/2/1047
f 1153/8/1050 1152/7/1049 1157/128/1054
f 1157/128/1054 1158/129/1055 1153/8/1050
f 1149/1/1046 1159/4/1056 1160/11/1057
f 1152/7/1049 1151/3/1048 1150/2/1047
f 1161/13/1044 1162/19/1044 1163/14/1058
f 1164/17/1059 1160/11/1057 1159/4/1056
f 1162/19/1044 1161/13/1044 1165/130/1045
f 1165/130/1045 1166/131/1045 1162/19/1044
f 1160/11/1057 1164/17/1059 1167/132/1060
f 1167/132/1060 1168/133/1061 1160/11/1057
f 1161/13/1044 1144/12/522 1143/18/1044
f 1164/17/1059 1163/14/1058 1162/19/1044
f 1169/20/1062 1154/23/1051 1153/30/1050
f 1170/20/1063 1171/21/1064 1172/22/1065
f 1173/26/1066 1174/27/1067 1175/28/1068
f 1171/21/1064 1170/20/1063 1176/118/1069
f 1176/118/1069 1177/119/1070 1171/21/1064
f 1174/27/1067 1173/26/1066 1178/120/1071
f 1178/120/1071 1179/121/1072 1174/27/1067
f 1170/20/1063 1180/23/1073 1181/30/1074
f 1173/26/1066 1172/22/1065 1171/21/1064
f 1182/31/1075 1183/32/1076 1184/33/1077
f 1185/37/1078 1186/18/1079 1187/12/1080
f 1183/32/1076 1182/31/1075 1188/122/1081
f 1188/122/1081 1189/123/1082 1183/32/1076
f 1186/18/1079 1185/37/1078 1190/124/1083
f 1190/124/1083 1191/125/1084 1186/18/1079
f 1182/31/1075 1175/28/1068 1174/27/1067
f 1185/37/1078 1184/33/1077 1183/32/1076
f 1192/1/1085 1193/2/1086 1194/3/1087
f 1195/7/1088 931/8/849 930/9/848
f 1193/2/1086 1192/1/1085 1196/126/1089
f 1196/126/1089 1197/127/1090 1193/2/1086
f 931/8/849 1195/7/1088 1198/128/1091
f 1198/128/1091 962/129/880 931/8/849
f 1192/1/1085 1199/4/1092 1200/11/1093
f 1195/7/1088 1194/3/1087 1193/2/1086
f 1201/38/1094 1202/19/1095 1203/14/1096
f 1204/17/1097 1200/11/1093 1199/4/1092
f 1202/19/1095 1201/38/1094 1205/130/1098
f 1205/130/1098 1206/131/1099 1202/19/1095
f 1200/11/1093 1204/17/1097 1207/132/1100
f 1207/132/1100 1208/133/1101 1200/11/1093
f 1201/38/1094 1187/12/1080 1186/18/1079
f 1204/17/1097 1203/14/1096 1202/19/1095
f 1209/135/1045 1133/118/1045 1127/20/1044
f 1127/20/1044 1138/30/1044 1209/135/1045
f 1137/23/522 1127/20/1044 1129/22/522
f 1134/119/1045 1135/120/1045 1130/26/1044
f 1130/26/1044 1128/21/1044 1134/119/1045
f 1129/22/522 1130/26/1044 1132/28/522
f 1136/121/1045 1145/122/1045 1139/31/1044
f 1139/31/1044 1131/27/1044 1136/121/1045
f 1132/28/522 1139/31/1044 1141/33/522
f 1146/123/1045 1147/124/1045 1142/35/1044
f 1142/35/1044 1140/32/1044 1146/123/1045
f 1141/33/522 1142/35/1044 1144/12/522
f 1148/125/1045 1165/130/1045 1161/13/1044
f 1161/13/1044 1143/18/1044 1148/125/1045
f 1144/12/522 1161/13/1044 1163/14/1058
f 1166/131/1045 1167/132/1060 1164/17/1059
f 1164/17/1059 1162/19/1044 1166/131/1045
f 1163/14/1058 1164/17/1059 1159/4/1056
f 1168/133/1061 1155/126/1052 1149/1/1046
f 1149/1/1046 1160/11/1057 1168/133/1061
f 1159/4/1056 1149/1/1046 1151/3/1048
f 1156/127/1053 1157/128/1054 1152/7/1049
f 1152/7/1049 1150/2/1047 1156/127/1053
f 1151/3/1048 1152/7/1049 1154/9/1051
f 1158/135/1055 1210/118/1102 1169/20/1062
f 1169/20/1062 1153/30/1050 1158/135/1055
f 1154/23/1051 1169/20/1062 1211/22/1103
f 1212/50/1104 1115/73/1032 1118/182/1035
f 1118/182/1035 1213/187/1105 1212/50/1104
f 1116/74/1033 1111/69/1028 1114/180/1031
f 1114/180/1031 1117/181/1034 1116/74/1033
f 1112/71/1029 1123/78/1040 1126/186/1043
f 1126/186/1043 1113/179/1030 1112/71/1029
f 1124/79/1041 1119/75/1036 1122/184/1039
f 1122/184/1039 1125/185/1042 1124/79/1041
f 1120/76/1037 1107/66/1024 1110/178/1027
f 1110/178/1027 1121/183/1038 1120/76/1037
f 1108/67/1025 1103/63/1020 1106/176/1023
f 1106/176/1023 1109/177/1026 1108/67/1025
f 1104/64/1021 1099/59/1016 1102/174/1019
f 1102/174/1019 1105/175/1022 1104/64/1021
f 1100/61/1017 1095/172/1012 1098/171/1015
f 1098/171/1015 1101/173/1018 1100/61/1017
f 1214/135/1106 1176/118/1069 1170/20/1063
f 1170/20/1063 1181/30/1074 1214/135/1106
f 1180/23/1073 1170/20/1063 1172/22/1065
f 1096/169/1013 1083/158/1000 1086/157/1003
f 1086/157/1003 1097/168/1014 1096/169/1013
f 1177/119/1070 1178/120/1071 1173/26/1066
f 1173/26/1066 1171/21/1064 1177/119/1070
f 1172/22/1065 1173/26/1066 1175/28/1068
f 1084/159/1001 1079/154/996 1082/153/999
f 1082/153/999 1085/156/1002 1084/159/1001
f 1179/121/1072 1188/122/1081 1182/31/1075
f 1182/31/1075 1174/27/1067 1179/121/1072
f 1175/28/1068 1182/31/1075 1184/33/1077
f 1080/155/997 1091/166/1008 1094/165/1011
f 1094/165/1011 1081/152/998 1080/155/997
f 1189/123/1082 1190/124/1083 1185/37/1078
f 1185/37/1078 1183/32/1076 1189/123/1082
f 1184/33/1077 1185/37/1078 1187/12/1080
f 1092/167/1009 1087/162/1004 1090/161/1007
f 1090/161/1007 1093/164/1010 1092/167/1009
f 1191/125/1084 1205/130/1098 1201/38/1094
f 1201/38/1094 1186/18/1079 1191/125/1084
f 1187/12/1080 1201/38/1094 1203/14/1096
f 1088/163/1005 1075/150/992 1078/149/995
f 1078/149/995 1089/160/1006 1088/163/1005
f 1206/131/1099 1207/132/1100 1204/17/1097
f 1204/17/1097 1202/19/1095 1206/131/1099
f 1203/14/1096 1204/17/1097 1199/4/1092
f 1076/151/993 1071/146/988 1074/145/991
f 1074/145/991 1077/148/994 1076/151/993
f 1208/133/1101 1196/126/1089 1192/1/1085
f 1192/1/1085 1200/11/1093 1208/133/1101
f 1199/4/1092 1192/1/1085 1194/3/1087
f 1072/147/989 1067/142/984 1070/141/987
f 1070/141/987 1073/144/990 1072/147/989
f 1197/127/1090 1198/128/1091 1195/7/1088
f 1195/7/1088 1193/2/1086 1197/127/1090
f 1194/3/1087 1195/7/1088 930/9/848
f 1068/143/985 1063/138/980 1066/137/983
f 1066/137/983 1069/140/986 1068/143/985
f 1063/20/980 1068/21/985 1215/22/1107
f 1067/26/984 1072/27/989 1216/28/1108
f 1063/20/980 1217/23/1109 1064/30/981
f 1067/26/984 1215/22/1107 1068/21/985
f 1071/31/988 1076/32/993 1218/33/1110
f 1075/35/992 1088/18/1005 1219/12/1111
f 1071/31/988 1216/28/1108 1072/27/989
f 1075/35/992 1218/33/1110 1076/32/993
f 1079/1/996 1084/2/1001 1220/3/1112
f 1083/7/1000 1096/8/1013 1221/9/1113
f 1079/1/996 1222/4/1114 1080/11/997
f 1083/7/1000 1220/3/1112 1084/2/1001
f 1087/13/1004 1092/19/1009 1223/14/1115
f 1091/17/1008 1080/11/997 1222/4/1114
f 1087/13/1004 1219/12/1111 1088/18/1005
f 1091/17/1008 1223/14/1115 1092/19/1009
f 1095/20/1012 1100/21/1017 1224/22/1116
f 1099/26/1016 1104/27/1021 1225/28/1117
f 1095/20/1012 1221/23/1113 1096/30/1013
f 1099/26/1016 1224/22/1116 1100/21/1017
f 1103/31/1020 1108/32/1025 1226/33/1118
f 1107/35/1024 1120/18/1037 1227/12/1119
f 1103/31/1020 1225/28/1117 1104/27/1021
f 1107/35/1024 1226/33/1118 1108/32/1025
f 1111/1/1028 1116/2/1033 1228/3/1120
f 1229/4/1121 1228/3/1120 1230/5/1122
f 1230/5/1122 1231/6/1123 1229/4/1121
f 1115/7/1032 1212/8/1104 1232/9/1124
f 1228/3/1120 1232/9/1124 1233/10/1125
f 1233/10/1125 1230/5/1122 1228/3/1120
f 1111/1/1028 1229/4/1121 1112/11/1029
f 1115/7/1032 1228/3/1120 1116/2/1033
f 1227/12/1119 1119/13/1036 1234/14/1126
f 1123/17/1040 1112/11/1029 1229/4/1121
f 1234/14/1126 1229/4/1121 1231/6/1123
f 1231/6/1123 1235/15/1127 1234/14/1126
f 1235/15/1127 1227/12/1119 1234/14/1126
f 1119/13/1036 1227/12/1119 1120/18/1037
f 1123/17/1040 1234/14/1126 1124/19/1041
f 1228/3/1120 1115/7/1032 1232/9/1124
f 1229/4/1121 1111/1/1028 1228/3/1120
f 1234/14/1126 1123/17/1040 1229/4/1121
f 1234/14/1126 1119/13/1036 1124/19/1041
f 1226/33/1118 1107/35/1024 1227/12/1119
f 1225/28/1117 1103/31/1020 1226/33/1118
f 1224/22/1116 1099/26/1016 1225/28/1117
f 1221/23/1113 1095/20/1012 1224/22/1116
f 1220/3/1112 1083/7/1000 1221/9/1113
f 1222/4/1114 1079/1/996 1220/3/1112
f 1223/14/1115 1091/17/1008 1222/4/1114
f 1219/12/1111 1087/13/1004 1223/14/1115
f 1218/33/1110 1075/35/992 1219/12/1111
f 1216/28/1108 1071/31/988 1218/33/1110
f 1215/22/1107 1067/26/984 1216/28/1108
f 1217/23/1109 1063/20/980 1215/22/1107
f 1236/187/1128 1237/188/1129 1238/48/1130
f 1238/48/1130 1239/50/1131 1236/187/1128
f 1240/189/1132 1241/190/1133 1242/52/1134
f 1242/52/1134 1243/54/1135 1240/189/1132
f 1244/191/1136 1245/192/1137 1246/55/1138
f 1246/55/1138 1247/56/1139 1244/191/1136
f 1248/193/1140 1249/194/1141 1250/195/1142
f 1250/195/1142 1251/58/1143 1248/193/1140
f 1252/196/1144 1253/197/1145 1254/198/1146
f 1254/198/1146 1255/199/1147 1252/196/1144
f 1256/200/1148 1257/201/1149 1258/202/1150
f 1258/202/1150 1259/203/1151 1256/200/1148
f 1260/204/1152 1261/205/1153 1262/206/1154
f 1262/206/1154 1263/207/1155 1260/204/1152
f 1264/208/1156 1265/209/1157 1266/210/1158
f 1266/210/1158 1267/211/1159 1264/208/1156
f 1257/201/1149 1268/212/1160 1269/213/1161
f 1269/213/1161 1258/202/1150 1257/201/1149
f 1253/197/1145 1256/200/1148 1259/203/1151
f 1259/203/1151 1254/198/1146 1253/197/1145
f 1265/209/1157 1252/196/1144 1255/199/1147
f 1255/199/1147 1266/210/1158 1265/209/1157
f 1261/205/1153 1264/208/1156 1267/211/1159
f 1267/211/1159 1262/206/1154 1261/205/1153
f 1249/194/1141 1260/204/1152 1263/207/1155
f 1263/207/1155 1250/195/1142 1249/194/1141
f 1245/192/1137 1248/193/1140 1251/58/1143
f 1251/58/1143 1246/55/1138 1245/192/1137
f 1241/190/1133 1244/191/1136 1247/56/1139
f 1247/56/1139 1242/52/1134 1241/190/1133
f 1237/188/1129 1240/189/1132 1243/54/1135
f 1243/54/1135 1238/48/1130 1237/188/1129
f 1238/20/1130 1243/21/1135 1270/22/1162
f 1242/26/1134 1247/27/1139 1271/28/1163
f 1238/20/1130 1272/23/1164 1239/30/1131
f 1242/26/1134 1270/22/1162 1243/21/1135
f 1246/31/1138 1251/32/1143 1273/33/1165
f 1250/35/1142 1263/18/1155 1274/12/1166
f 1246/31/1138 1271/28/1163 1247/27/1139
f 1250/35/1142 1273/33/1165 1251/32/1143
f 1254/1/1146 1259/2/1151 1275/3/1167
f 1258/7/1150 1269/8/1161 1276/9/1168
f 1254/1/1146 1277/4/1169 1255/11/1147
f 1258/7/1150 1275/3/1167 1259/2/1151
f 1262/13/1154 1267/19/1159 1278/14/1170
f 1266/17/1158 1255/11/1147 1277/4/1169
f 1262/13/1154 1274/12/1166 1263/18/1155
f 1266/17/1158 1278/14/1170 1267/19/1159
f 1275/3/1167 1258/7/1150 1276/9/1168
f 1277/4/1169 1254/1/1146 1275/3/1167
f 1278/14/1170 1266/17/1158 1277/4/1169
f 1274/12/1166 1262/13/1154 1278/14/1170
f 1273/33/1165 1250/35/1142 1274/12/1166
f 1271/28/1163 1246/31/1138 1273/33/1165
f 1270/22/1162 1242/26/1134 1271/28/1163
f 1272/23/1164 1238/20/1130 1270/22/1162
f 1279/187/1171 1280/188/1172 1281/48/1173
f 1281/48/1173 1282/50/1174 1279/187/1171
f 1283/189/1175 1284/190/1176 1285/52/1177
f 1285/52/1177 1286/54/1178 1283/189/1175
f 1287/191/1179 1288/192/1180 1289/55/1181
f 1289/55/1181 1290/56/1182 1287/191/1179
f 1291/193/1183 1292/194/1184 1293/195/1185
f 1293/195/1185 1294/58/1186 1291/193/1183
f 1295/196/1187 1296/197/1188 1297/198/1189
f 1297/198/1189 1298/199/1190 1295/196/1187
f 1299/200/1191 1300/201/1191 1301/202/1192
f 1301/202/1192 1302/203/1193 1299/200/1191
f 1303/204/1194 1304/205/1195 1305/206/1196
f 1305/206/1196 1306/207/1197 1303/204/1194
f 1307/208/1198 1308/209/1199 1309/210/1200
f 1309/210/1200 1310/211/1201 1307/208/1198
f 1300/201/1191 1311/212/1202 1312/213/1203
f 1312/213/1203 1301/202/1192 1300/201/1191
f 1296/197/1188 1299/200/1191 1302/203/1193
f 1302/203/1193 1297/198/1189 1296/197/1188
f 1308/209/1199 1295/196/1187 1298/199/1190
f 1298/199/1190 1309/210/1200 1308/209/1199
f 1304/205/1195 1307/208/1198 1310/211/1201
f 1310/211/1201 1305/206/1196 1304/205/1195
f 1292/194/1184 1303/204/1194 1306/207/1197
f 1306/207/1197 1293/195/1185 1292/194/1184
f 1288/192/1180 1291/193/1183 1294/58/1186
f 1294/58/1186 1289/55/1181 1288/192/1180
f 1284/190/1176 1287/191/1179 1290/56/1182
f 1290/56/1182 1285/52/1177 1284/190/1176
f 1280/188/1172 1283/189/1175 1286/54/1178
f 1286/54/1178 1281/48/1173 1280/188/1172
f 1281/20/1173 1286/21/1178 1313/22/1204
f 1314/24/1205 1315/25/1206 1316/23/1207
f 1285/26/1177 1290/27/1182 1317/28/1208
f 1318/29/1209 1314/24/1205 1313/22/1204
f 1314/24/1205 1316/23/1207 1313/22/1204
f 1281/20/1173 1316/23/1207 1282/30/1174
f 1318/29/1209 1313/22/1204 1317/28/1208
f 1285/26/1177 1313/22/1204 1286/21/1178
f 1289/31/1181 1294/32/1186 1319/33/1210
f 1320/34/1211 1318/29/1209 1317/28/1208
f 1293/35/1185 1306/18/1197 1321/12/1212
f 1322/16/1213 1320/34/1211 1319/33/1210
f 1320/34/1211 1317/28/1208 1319/33/1210
f 1289/31/1181 1317/28/1208 1290/27/1182
f 1322/16/1213 1319/33/1210 1321/12/1212
f 1293/35/1185 1319/33/1210 1294/32/1186
f 1297/1/1189 1302/2/1193 1323/3/1214
f 1324/5/1215 1325/6/1216 1326/4/1217
f 1301/7/1192 1312/8/1203 1327/9/1218
f 1328/10/1219 1324/5/1215 1323/3/1214
f 1324/5/1215 1326/4/1217 1323/3/1214
f 1297/1/1189 1326/4/1217 1298/11/1190
f 1328/10/1219 1323/3/1214 1327/9/1218
f 1301/7/1192 1323/3/1214 1302/2/1193
f 1305/13/1196 1310/19/1201 1329/14/1220
f 1330/15/1221 1322/16/1213 1321/12/1212
f 1309/17/1200 1298/11/1190 1326/4/1217
f 1325/6/1216 1330/15/1221 1329/14/1220
f 1330/15/1221 1321/12/1212 1329/14/1220
f 1305/13/1196 1321/12/1212 1306/18/1197
f 1325/6/1216 1329/14/1220 1326/4/1217
f 1309/17/1200 1329/14/1220 1310/19/1201
f 1323/3/1214 1301/7/1192 1327/9/1218
f 1326/4/1217 1297/1/1189 1323/3/1214
f 1329/14/1220 1309/17/1200 1326/4/1217
f 1321/12/1212 1305/13/1196 1329/14/1220
f 1319/33/1210 1293/35/1185 1321/12/1212
f 1317/28/1208 1289/31/1181 1319/33/1210
f 1313/22/1204 1285/26/1177 1317/28/1208
f 1316/23/1207 1281/20/1173 1313/22/1204
f 1331/20/1222 1332/21/1223 1333/22/1224
f 1334/26/1225 1335/27/1226 1336/28/1227
f 1331/20/1222 1337/23/1228 1338/30/1229
f 1334/26/1225 1333/22/1224 1332/21/1223
f 1339/31/1230 1340/32/1231 1341/33/1232
f 1342/37/1233 1343/18/1234 1344/12/1235
f 1345/16/1236 1346/34/1237 1341/33/1232
f 1346/34/1237 1336/28/1227 1341/33/1232
f 1339/31/1230 1336/28/1227 1335/27/1226
f 1345/16/1236 1341/33/1232 1344/12/1235
f 1342/37/1233 1341/33/1232 1340/32/1231
f 1347/1/1238 1348/2/1239 1349/3/1240
f 1350/5/1241 1351/6/1242 1352/4/1243
f 1353/7/1244 1354/8/1245 1355/9/1246
f 1356/10/1247 1350/5/1241 1349/3/1240
f 1350/5/1241 1352/4/1243 1349/3/1240
f 1347/1/1238 1352/4/1243 1357/11/1248
f 1356/10/1247 1349/3/1240 1355/9/1246
f 1353/7/1244 1349/3/1240 1348/2/1239
f 1358/13/1249 1359/19/1250 1360/14/1251
f 1361/15/1252 1345/16/1236 1344/12/1235
f 1362/17/1253 1357/11/1248 1352/4/1243
f 1351/6/1242 1361/15/1252 1360/14/1251
f 1361/15/1252 1344/12/1235 1360/14/1251
f 1358/13/1249 1344/12/1235 1343/18/1234
f 1351/6/1242 1360/14/1251 1352/4/1243
f 1362/17/1253 1360/14/1251 1359/19/1250
f 1363/29/1254 1364/24/1255 1365/22/1256
f 1363/29/1254 1365/22/1256 1366/28/1257
f 1367/34/1258 1363/29/1254 1366/28/1257
f 1368/16/1259 1367/34/1258 1369/33/1260
f 1367/34/1258 1366/28/1257 1369/33/1260
f 1368/16/1259 1369/33/1260 1370/12/1261
f 1371/5/1262 1372/6/1263 1373/4/1264
f 1374/10/1265 1371/5/1262 1375/3/1266
f 1371/5/1262 1373/4/1264 1375/3/1266
f 1374/10/1265 1375/3/1266 1376/9/1267
f 1377/15/1268 1368/16/1259 1370/12/1261
f 1372/6/1263 1377/15/1268 1378/14/1269
f 1377/15/1268 1370/12/1261 1378/14/1269
f 1372/6/1263 1378/14/1269 1373/4/1264
f 1349/3/1240 1353/7/1244 1355/9/1246
f 1352/4/1243 1347/1/1238 1349/3/1240
f 1360/14/1251 1362/17/1253 1352/4/1243
f 1344/12/1235 1358/13/1249 1360/14/1251
f 1341/33/1232 1342/37/1233 1344/12/1235
f 1336/28/1227 1339/31/1230 1341/33/1232
f 1333/22/1224 1334/26/1225 1336/28/1227
f 1337/23/1228 1331/20/1222 1333/22/1224
f 1379/114/1270 1380/115/1271 1331/116/1222
f 1331/116/1222 1338/117/1229 1379/114/1270
f 1381/214/1272 1382/215/1273 1334/216/1225
f 1334/216/1225 1332/217/1223 1381/214/1272
f 1383/218/1274 1384/219/1275 1339/220/1230
f 1339/220/1230 1335/221/1226 1383/218/1274
f 1385/222/1276 1386/223/1277 1342/224/1233
f 1342/224/1233 1340/225/1231 1385/222/1276
f 1387/226/1278 1388/227/1279 1347/228/1238
f 1347/228/1238 1357/229/1248 1387/226/1278
f 1389/230/1280 1390/231/1281 1353/232/1244
f 1353/232/1244 1348/233/1239 1389/230/1280
f 1391/234/1282 1392/235/1283 1358/236/1249
f 1358/236/1249 1343/237/1234 1391/234/1282
f 1393/238/1284 1394/239/1285 1362/240/1253
f 1362/240/1253 1359/241/1250 1393/238/1284
f 1395/20/1286 1396/21/1287 1365/22/1256
f 1397/26/1288 1398/27/1289 1366/28/1257
f 1399/118/1290 1400/119/1291 1396/21/1287
f 1396/21/1287 1395/20/1286 1399/118/1290
f 1401/134/1292 1402/121/1293 1398/27/1289
f 1398/27/1289 1397/26/1288 1401/134/1292
f 1397/26/1288 1365/22/1256 1396/21/1287
f 1403/31/1294 1404/32/1295 1369/33/1260
f 1405/37/1296 1406/18/1297 1370/12/1261
f 1407/122/1298 1408/123/1299 1404/32/1295
f 1404/32/1295 1403/31/1294 1407/122/1298
f 1409/242/1300 1410/125/1301 1406/18/1297
f 1406/18/1297 1405/37/1296 1409/242/1300
f 1403/31/1294 1366/28/1257 1398/27/1289
f 1405/37/1296 1369/33/1260 1404/32/1295
f 1411/1/1302 1412/2/1303 1375/3/1266
f 1413/7/1304 1414/8/1305 1376/9/1267
f 1415/126/1306 1416/127/1307 1412/2/1303
f 1412/2/1303 1411/1/1302 1415/126/1306
f 1417/128/1308 1418/129/1309 1414/8/1305
f 1414/8/1305 1413/7/1304 1417/128/1308
f 1411/1/1302 1373/4/1264 1419/11/1310
f 1413/7/1304 1375/3/1266 1412/2/1303
f 1420/38/1311 1421/19/1312 1378/14/1269
f 1422/17/1313 1419/11/1310 1373/4/1264
f 1423/243/1314 1424/131/1315 1421/19/1312
f 1421/19/1312 1420/38/1311 1423/243/1314
f 1425/132/1316 1426/133/1317 1419/11/1310
f 1419/11/1310 1422/17/1313 1425/132/1316
f 1420/38/1311 1370/12/1261 1406/18/1297
f 1422/17/1313 1378/14/1269 1421/19/1312
f 1390/231/1281 1427/244/1318 1354/245/1245
f 1354/245/1245 1353/232/1244 1390/231/1281
f 1388/227/1279 1389/230/1280 1348/233/1239
f 1348/233/1239 1347/228/1238 1388/227/1279
f 1394/239/1285 1387/226/1278 1357/229/1248
f 1357/229/1248 1362/240/1253 1394/239/1285
f 1392/235/1283 1393/238/1284 1359/241/1250
f 1359/241/1250 1358/236/1249 1392/235/1283
f 1386/223/1277 1391/234/1282 1343/237/1234
f 1343/237/1234 1342/224/1233 1386/223/1277
f 1384/219/1275 1385/222/1276 1340/225/1231
f 1340/225/1231 1339/220/1230 1384/219/1275
f 1382/215/1273 1383/218/1274 1335/221/1226
f 1335/221/1226 1334/216/1225 1382/215/1273
f 1380/115/1271 1381/214/1272 1332/217/1223
f 1332/217/1223 1331/116/1222 1380/115/1271
f 1397/26/1288 1396/21/1287 1400/119/1291
f 1365/22/1256 1397/26/1288 1366/28/1257
f 1400/119/1291 1401/134/1292 1397/26/1288
f 1403/31/1294 1398/27/1289 1402/121/1293
f 1366/28/1257 1403/31/1294 1369/33/1260
f 1402/121/1293 1407/122/1298 1403/31/1294
f 1405/37/1296 1404/32/1295 1408/123/1299
f 1369/33/1260 1405/37/1296 1370/12/1261
f 1408/123/1299 1409/242/1300 1405/37/1296
f 1420/38/1311 1406/18/1297 1410/125/1301
f 1370/12/1261 1420/38/1311 1378/14/1269
f 1410/125/1301 1423/243/1314 1420/38/1311
f 1422/17/1313 1421/19/1312 1424/131/1315
f 1378/14/1269 1422/17/1313 1373/4/1264
f 1424/131/1315 1425/132/1316 1422/17/1313
f 1411/1/1302 1419/11/1310 1426/133/1317
f 1373/4/1264 1411/1/1302 1375/3/1266
f 1426/133/1317 1415/126/1306 1411/1/1302
f 1413/7/1304 1412/2/1303 1416/127/1307
f 1375/3/1266 1413/7/1304 1376/9/1267
f 1416/127/1307 1417/128/1308 1413/7/1304
f 1428/136/1319 1429/137/1320 1430/138/1321
f 1430/138/1321 1431/139/1322 1428/136/1319
f 1432/140/1323 1433/141/1324 1434/142/1325
f 1434/142/1325 1435/143/1326 1432/140/1323
f 1436/144/1327 1437/145/1328 1438/146/1329
f 1438/146/1329 1439/147/1330 1436/144/1327
f 1440/148/1331 1441/149/1332 1442/150/1333
f 1442/150/1333 1443/151/1334 1440/148/1331
f 1444/152/1335 1445/153/1336 1446/154/1337
f 1446/154/1337 1447/155/1338 1444/152/1335
f 1448/156/1339 1449/157/1340 1450/158/1341
f 1450/158/1341 1451/159/1342 1448/156/1339
f 1452/160/1343 1453/161/1344 1454/162/1345
f 1454/162/1345 1455/163/1346 1452/160/1343
f 1456/164/1347 1457/165/1348 1458/166/1349
f 1458/166/1349 1459/167/1350 1456/164/1347
f 1460/20/1351 1461/21/1352 1462/246/1353
f 1463/26/1354 1464/27/1355 1465/247/1356
f 1466/118/1357 1467/119/1358 1461/21/1352
f 1461/21/1352 1460/20/1351 1466/118/1357
f 1468/134/1359 1469/121/1360 1464/27/1355
f 1464/27/1355 1463/26/1354 1468/134/1359
f 1460/20/1351 1470/248/1361 1471/30/1362
f 1463/26/1354 1462/246/1353 1461/21/1352
f 1472/31/1363 1473/32/1364 1474/249/1365
f 1475/37/1366 1476/18/1367 1477/250/1368
f 1478/122/1369 1479/123/1370 1473/32/1364
f 1473/32/1364 1472/31/1363 1478/122/1369
f 1480/124/1371 1481/125/1372 1476/18/1367
f 1476/18/1367 1475/37/1366 1480/124/1371
f 1472/31/1363 1465/247/1356 1464/27/1355
f 1475/37/1366 1474/249/1365 1473/32/1364
f 1482/1/1373 1483/2/1374 1484/251/1375
f 1485/7/1376 1486/8/1377 1487/252/1378
f 1488/126/1379 1489/127/1380 1483/2/1374
f 1483/2/1374 1482/1/1373 1488/126/1379
f 1490/128/1381 1491/129/1382 1486/8/1377
f 1486/8/1377 1485/7/1376 1490/128/1381
f 1482/1/1373 1492/253/1383 1493/11/1384
f 1485/7/1376 1484/251/1375 1483/2/1374
f 1494/38/1385 1495/19/1386 1496/254/1387
f 1497/17/1388 1493/11/1384 1492/253/1383
f 1498/130/1389 1499/131/1390 1495/19/1386
f 1495/19/1386 1494/38/1385 1498/130/1389
f 1500/132/1391 1501/133/1392 1493/11/1384
f 1493/11/1384 1497/17/1388 1500/132/1391
f 1494/38/1385 1477/250/1368 1476/18/1367
f 1497/17/1388 1496/254/1387 1495/19/1386
f 1502/20/1393 1503/21/1394 1504/246/1395
f 1505/26/1396 1506/27/1397 1507/247/1398
f 1508/118/1399 1509/119/1400 1503/21/1394
f 1503/21/1394 1502/20/1393 1508/118/1399
f 1510/120/1401 1511/121/1402 1506/27/1397
f 1506/27/1397 1505/26/1396 1510/120/1401
f 1502/20/1393 1487/248/1378 1486/30/1377
f 1505/26/1396 1504/246/1395 1503/21/1394
f 1512/31/1403 1513/32/1404 1514/249/1405
f 1515/37/1406 1516/18/1407 1517/250/1408
f 1518/122/1409 1519/123/1410 1513/32/1404
f 1513/32/1404 1512/31/1403 1518/122/1409
f 1520/124/1411 1521/125/1412 1516/18/1407
f 1516/18/1407 1515/37/1406 1520/124/1411
f 1512/31/1403 1507/247/1398 1506/27/1397
f 1515/37/1406 1514/249/1405 1513/32/1404
f 1522/1/1413 1523/2/1414 1524/251/1415
f 1525/7/1416 1526/8/1417 1527/252/1418
f 1528/126/1419 1529/127/1420 1523/2/1414
f 1523/2/1414 1522/1/1413 1528/126/1419
f 1530/128/1421 1531/129/1422 1526/8/1417
f 1526/8/1417 1525/7/1416 1530/128/1421
f 1522/1/1413 1532/253/1423 1533/11/1424
f 1525/7/1416 1524/251/1415 1523/2/1414
f 1534/38/1425 1535/19/1426 1536/254/1427
f 1537/17/1428 1533/11/1424 1532/253/1423
f 1538/130/1429 1539/131/1430 1535/19/1426
f 1535/19/1426 1534/38/1425 1538/130/1429
f 1540/132/1431 1541/133/1432 1533/11/1424
f 1533/11/1424 1537/17/1428 1540/132/1431
f 1534/38/1425 1517/250/1408 1516/18/1407
f 1537/17/1428 1536/254/1427 1535/19/1426
f 1460/20/1351 1471/30/1362 1542/135/1433
f 1470/248/1361 1460/20/1351 1462/246/1353
f 1542/135/1433 1466/118/1357 1460/20/1351
f 1463/26/1354 1461/21/1352 1467/119/1358
f 1462/246/1353 1463/26/1354 1465/247/1356
f 1467/119/1358 1468/134/1359 1463/26/1354
f 1472/31/1363 1464/27/1355 1469/121/1360
f 1465/247/1356 1472/31/1363 1474/249/1365
f 1469/121/1360 1478/122/1369 1472/31/1363
f 1475/37/1366 1473/32/1364 1479/123/1370
f 1474/249/1365 1475/37/1366 1477/250/1368
f 1479/123/1370 1480/124/1371 1475/37/1366
f 1494/38/1385 1476/18/1367 1481/125/1372
f 1477/250/1368 1494/38/1385 1496/254/1387
f 1481/125/1372 1498/130/1389 1494/38/1385
f 1497/17/1388 1495/19/1386 1499/131/1390
f 1496/254/1387 1497/17/1388 1492/253/1383
f 1499/131/1390 1500/132/1391 1497/17/1388
f 1482/1/1373 1493/11/1384 1501/133/1392
f 1492/253/1383 1482/1/1373 1484/251/1375
f 1501/133/1392 1488/126/1379 1482/1/1373
f 1485/7/1376 1483/2/1374 1489/127/1380
f 1484/251/1375 1485/7/1376 1487/252/1378
f 1489/127/1380 1490/128/1381 1485/7/1376
f 1502/20/1393 1486/30/1377 1491/135/1382
f 1487/248/1378 1502/20/1393 1504/246/1395
f 1491/135/1382 1508/118/1399 1502/20/1393
f 1449/157/1340 1543/168/1434 1544/169/1435
f 1544/169/1435 1450/158/1341 1449/157/1340
f 1505/26/1396 1503/21/1394 1509/119/1400
f 1504/246/1395 1505/26/1396 1507/247/1398
f 1509/119/1400 1510/120/1401 1505/26/1396
f 1445/153/1336 1448/156/1339 1451/159/1342
f 1451/159/1342 1446/154/1337 1445/153/1336
f 1512/31/1403 1506/27/1397 1511/121/1402
f 1507/247/1398 1512/31/1403 1514/249/1405
f 1511/121/1402 1518/122/1409 1512/31/1403
f 1457/165/1348 1444/152/1335 1447/155/1338
f 1447/155/1338 1458/166/1349 1457/165/1348
f 1515/37/1406 1513/32/1404 1519/123/1410
f 1514/249/1405 1515/37/1406 1517/250/1408
f 1519/123/1410 1520/124/1411 1515/37/1406
f 1453/161/1344 1456/164/1347 1459/167/1350
f 1459/167/1350 1454/162/1345 1453/161/1344
f 1534/38/1425 1516/18/1407 1521/125/1412
f 1517/250/1408 1534/38/1425 1536/254/1427
f 1521/125/1412 1538/130/1429 1534/38/1425
f 1441/149/1332 1452/160/1343 1455/163/1346
f 1455/163/1346 1442/150/1333 1441/149/1332
f 1537/17/1428 1535/19/1426 1539/131/1430
f 1536/254/1427 1537/17/1428 1532/253/1423
f 1539/131/1430 1540/132/1431 1537/17/1428
f 1437/145/1328 1440/148/1331 1443/151/1334
f 1443/151/1334 1438/146/1329 1437/145/1328
f 1522/1/1413 1533/11/1424 1541/133/1432
f 1532/253/1423 1522/1/1413 1524/251/1415
f 1541/133/1432 1528/126/1419 1522/1/1413
f 1433/141/1324 1436/144/1327 1439/147/1330
f 1439/147/1330 1434/142/1325 1433/141/1324
f 1525/7/1416 1523/2/1414 1529/127/1420
f 1524/251/1415 1525/7/1416 1527/252/1418
f 1529/127/1420 1530/128/1421 1525/7/1416
f 1429/137/1320 1432/140/1323 1435/143/1326
f 1435/143/1326 1430/138/1321 1429/137/1320
f 1430/20/1321 1435/21/1326 1545/22/1436
f 1434/26/1325 1439/27/1330 1546/28/1437
f 1430/20/1321 1547/23/1438 1431/30/1322
f 1434/26/1325 1545/22/1436 1435/21/1326
f 1438/31/1329 1443/32/1334 1548/33/1439
f 1442/35/1333 1455/18/1346 1549/12/1440
f 1438/31/1329 1546/28/1437 1439/27/1330
f 1442/35/1333 1548/33/1439 1443/32/1334
f 1446/1/1337 1451/2/1342 1550/3/1441
f 1450/7/1341 1544/8/1435 1551/9/1442
f 1446/1/1337 1552/4/1443 1447/11/1338
f 1450/7/1341 1550/3/1441 1451/2/1342
f 1454/13/1345 1459/19/1350 1553/14/1444
f 1458/17/1349 1447/11/1338 1552/4/1443
f 1454/13/1345 1549/12/1440 1455/18/1346
f 1458/17/1349 1553/14/1444 1459/19/1350
f 1550/3/1441 1450/7/1341 1551/9/1442
f 1552/4/1443 1446/1/1337 1550/3/1441
f 1553/14/1444 1458/17/1349 1552/4/1443
f 1549/12/1440 1454/13/1345 1553/14/1444
f 1548/33/1439 1442/35/1333 1549/12/1440
f 1546/28/1437 1438/31/1329 1548/33/1439
f 1545/22/1436 1434/26/1325 1546/28/1437
f 1547/23/1438 1430/20/1321 1545/22/1436
f 1554/24/1445 1555/25/1446 1556/23/1447
f 1557/29/1448 1554/24/1445 1558/22/1449
f 1554/24/1445 1556/23/1447 1558/22/1449
f 1557/29/1448 1558/22/1449 1559/28/1450
f 1560/34/1451 1557/29/1448 1559/28/1450
f 1561/16/1452 1560/34/1451 1562/33/1453
f 1560/34/1451 1559/28/1450 1562/33/1453
f 1561/16/1452 1562/33/1453 1563/12/1454
f 1564/5/1455 1565/6/1456 1566/4/1457
f 1567/10/1458 1564/5/1455 1568/3/1459
f 1564/5/1455 1566/4/1457 1568/3/1459
f 1567/10/1458 1568/3/1459 1569/9/1460
f 1570/15/1461 1561/16/1452 1563/12/1454
f 1565/6/1456 1570/15/1461 1571/14/1462
f 1570/15/1461 1563/12/1454 1571/14/1462
f 1565/6/1456 1571/14/1462 1566/4/1457
f 1572/20/1463 1573/21/1464 1558/22/1449
f 1574/26/1465 1575/27/1466 1559/28/1450
f 1576/118/1467 1577/119/1468 1573/21/1464
f 1573/21/1464 1572/20/1463 1576/118/1467
f 1578/120/1469 1579/121/1470 1575/27/1466
f 1575/27/1466 1574/26/1465 1578/120/1469
f 1572/20/1463 1556/23/1447 1580/30/1471
f 1574/26/1465 1558/22/1449 1573/21/1464
f 1581/31/1472 1582/32/1473 1562/33/1453
f 1583/37/1474 1584/18/1475 1563/12/1454
f 1585/122/1476 1586/123/1477 1582/32/1473
f 1582/32/1473 1581/31/1472 1585/122/1476
f 1587/124/1478 1588/125/1479 1584/18/1475
f 1584/18/1475 1583/37/1474 1587/124/1478
f 1581/31/1472 1559/28/1450 1575/27/1466
f 1583/37/1474 1562/33/1453 1582/32/1473
f 1589/1/1480 1590/2/1481 1568/3/1459
f 1591/7/1482 1592/8/1483 1569/9/1460
f 1593/126/1484 1594/127/1485 1590/2/1481
f 1590/2/1481 1589/1/1480 1593/126/1484
f 1595/128/1486 1596/129/1487 1592/8/1483
f 1592/8/1483 1591/7/1482 1595/128/1486
f 1589/1/1480 1566/4/1457 1597/11/1488
f 1591/7/1482 1568/3/1459 1590/2/1481
f 1598/38/1489 1599/19/1490 1571/14/1462
f 1600/17/1491 1597/11/1488 1566/4/1457
f 1601/130/1492 1602/131/1493 1599/19/1490
f 1599/19/1490 1598/38/1489 1601/130/1492
f 1603/132/1494 1604/133/1495 1597/11/1488
f 1597/11/1488 1600/17/1491 1603/132/1494
f 1598/38/1489 1563/12/1454 1584/18/1475
f 1600/17/1491 1571/14/1462 1599/19/1490
f 1572/20/1463 1580/30/1471 1605/135/1496
f 1556/23/1447 1572/20/1463 1558/22/1449
f 1605/135/1496 1576/118/1467 1572/20/1463
f 1574/26/1465 1573/21/1464 1577/119/1468
f 1558/22/1449 1574/26/1465 1559/28/1450
f 1577/119/1468 1578/120/1469 1574/26/1465
f 1581/31/1472 1575/27/1466 1579/121/1470
f 1559/28/1450 1581/31/1472 1562/33/1453
f 1579/121/1470 1585/122/1476 1581/31/1472
f 1583/37/1474 1582/32/1473 1586/123/1477
f 1562/33/1453 1583/37/1474 1563/12/1454
f 1586/123/1477 1587/124/1478 1583/37/1474
f 1598/38/1489 1584/18/1475 1588/125/1479
f 1563/12/1454 1598/38/1489 1571/14/1462
f 1588/125/1479 1601/130/1492 1598/38/1489
f 1600/17/1491 1599/19/1490 1602/131/1493
f 1571/14/1462 1600/17/1491 1566/4/1457
f 1602/131/1493 1603/132/1494 1600/17/1491
f 1589/1/1480 1597/11/1488 1604/133/1495
f 1566/4/1457 1589/1/1480 1568/3/1459
f 1604/133/1495 1593/126/1484 1589/1/1480
f 1591/7/1482 1590/2/1481 1594/127/1485
f 1568/3/1459 1591/7/1482 1569/9/1460
f 1594/127/1485 1595/128/1486 1591/7/1482
f 1606/168/1497 1607/171/1498 1608/172/1499
f 1608/172/1499 1609/169/1500 1606/168/1497
f 1610/173/1501 1611/174/1502 1612/59/1503
f 1612/59/1503 1613/61/1504 1610/173/1501
f 1614/175/1505 1615/176/1506 1616/63/1507
f 1616/63/1507 1617/64/1508 1614/175/1505
f 1618/177/1509 1619/178/1510 1620/66/1511
f 1620/66/1511 1621/67/1512 1618/177/1509
f 1622/179/1513 1623/180/1514 1624/69/1515
f 1624/69/1515 1625/71/1516 1622/179/1513
f 1626/181/1517 1627/182/1518 1628/73/1519
f 1628/73/1519 1629/74/1520 1626/181/1517
f 1630/183/1521 1631/184/1522 1632/75/1523
f 1632/75/1523 1633/76/1524 1630/183/1521
f 1634/185/1525 1635/186/1526 1636/78/1527
f 1636/78/1527 1637/79/1528 1634/185/1525
f 1638/187/1529 1639/188/1530 1640/48/1531
f 1640/48/1531 1641/50/1532 1638/187/1529
f 1642/189/1533 1643/190/1534 1644/52/1535
f 1644/52/1535 1645/54/1536 1642/189/1533
f 1646/191/1537 1647/192/1538 1648/55/1539
f 1648/55/1539 1649/56/1540 1646/191/1537
f 1650/193/1541 1651/194/1542 1652/195/1543
f 1652/195/1543 1653/58/1544 1650/193/1541
f 1654/196/1545 1655/197/1546 1656/198/1547
f 1656/198/1547 1657/199/1548 1654/196/1545
f 1658/200/1549 1659/201/1550 1660/202/1551
f 1660/202/1551 1661/203/1552 1658/200/1549
f 1662/204/1553 1663/205/1554 1664/206/1555
f 1664/206/1555 1665/207/1556 1662/204/1553
f 1666/208/1557 1667/209/1558 1668/210/1559
f 1668/210/1559 1669/211/1560 1666/208/1557
f 1659/201/1550 1670/212/1561 1671/213/1562
f 1671/213/1562 1660/202/1551 1659/201/1550
f 1655/197/1546 1658/200/1549 1661/203/1552
f 1661/203/1552 1656/198/1547 1655/197/1546
f 1667/209/1558 1654/196/1545 1657/199/1548
f 1657/199/1548 1668/210/1559 1667/209/1558
f 1663/205/1554 1666/208/1557 1669/211/1560
f 1669/211/1560 1664/206/1555 1663/205/1554
f 1651/194/1542 1662/204/1553 1665/207/1556
f 1665/207/1556 1652/195/1543 1651/194/1542
f 1647/192/1538 1650/193/1541 1653/58/1544
f 1653/58/1544 1648/55/1539 1647/192/1538
f 1643/190/1534 1646/191/1537 1649/56/1540
f 1649/56/1540 1644/52/1535 1643/190/1534
f 1639/188/1530 1642/189/1533 1645/54/1536
f 1645/54/1536 1640/48/1531 1639/188/1530
f 1627/182/1518 1638/187/1529 1641/50/1532
f 1641/50/1532 1628/73/1519 1627/182/1518
f 1623/180/1514 1626/181/1517 1629/74/1520
f 1629/74/1520 1624/69/1515 1623/180/1514
f 1635/186/1526 1622/179/1513 1625/71/1516
f 1625/71/1516 1636/78/1527 1635/186/1526
f 1631/184/1522 1634/185/1525 1637/79/1528
f 1637/79/1528 1632/75/1523 1631/184/1522
f 1619/178/1510 1630/183/1521 1633/76/1524
f 1633/76/1524 1620/66/1511 1619/178/1510
f 1615/176/1506 1618/177/1509 1621/67/1512
f 1621/67/1512 1616/63/1507 1615/176/1506
f 1611/174/1502 1614/175/1505 1617/64/1508
f 1617/64/1508 1612/59/1503 1611/174/1502
f 1607/171/1498 1610/173/1501 1613/61/1504
f 1613/61/1504 1608/172/1499 1607/171/1498
f 1608/20/1499 1613/21/1504 1672/22/1563
f 1673/24/1564 1674/25/1565 1675/23/1566
f 1612/26/1503 1617/27/1508 1676/28/1567
f 1677/29/1568 1673/24/1564 1672/22/1563
f 1673/24/1564 1675/23/1566 1672/22/1563
f 1608/20/1499 1675/23/1566 1609/30/1500
f 1677/29/1568 1672/22/1563 1676/28/1567
f 1612/26/1503 1672/22/1563 1613/21/1504
f 1616/31/1507 1621/32/1512 1678/33/1569
f 1679/34/1570 1677/29/1568 1676/28/1567
f 1620/35/1511 1633/18/1524 1680/12/1571
f 1681/16/1572 1679/34/1570 1678/33/1569
f 1679/34/1570 1676/28/1567 1678/33/1569
f 1616/31/1507 1676/28/1567 1617/27/1508
f 1681/16/1572 1678/33/1569 1680/12/1571
f 1620/35/1511 1678/33/1569 1621/32/1512
f 1624/1/1515 1629/2/1520 1682/3/1573
f 1683/5/1574 1684/6/1575 1685/4/1576
f 1628/7/1519 1641/8/1532 1686/9/1577
f 1687/10/1578 1683/5/1574 1682/3/1573
f 1683/5/1574 1685/4/1576 1682/3/1573
f 1624/1/1515 1685/4/1576 1625/11/1516
f 1687/10/1578 1682/3/1573 1686/9/1577
f 1628/7/1519 1682/3/1573 1629/2/1520
f 1680/12/1571 1632/13/1523 1688/14/1579
f 1689/15/1580 1681/16/1572 1680/12/1571
f 1636/17/1527 1625/11/1516 1685/4/1576
f 1684/6/1575 1689/15/1580 1688/14/1579
f 1689/15/1580 1680/12/1571 1688/14/1579
f 1632/13/1523 1680/12/1571 1633/18/1524
f 1684/6/1575 1688/14/1579 1685/4/1576
f 1636/17/1527 1688/14/1579 1637/19/1528
f 1640/20/1531 1645/21/1536 1690/22/1581
f 1691/24/1582 1687/25/1578 1686/23/1577
f 1644/26/1535 1649/27/1540 1692/28/1583
f 1693/29/1584 1691/24/1582 1690/22/1581
f 1691/24/1582 1686/23/1577 1690/22/1581
f 1640/20/1531 1686/23/1577 1641/30/1532
f 1693/29/1584 1690/22/1581 1692/28/1583
f 1644/26/1535 1690/22/1581 1645/21/1536
f 1648/31/1539 1653/32/1544 1694/33/1585
f 1695/34/1586 1693/29/1584 1692/28/1583
f 1652/35/1543 1665/18/1556 1696/12/1587
f 1697/16/1588 1695/34/1586 1694/33/1585
f 1695/34/1586 1692/28/1583 1694/33/1585
f 1648/31/1539 1692/28/1583 1649/27/1540
f 1697/16/1588 1694/33/1585 1696/12/1587
f 1652/35/1543 1694/33/1585 1653/32/1544
f 1656/1/1547 1661/2/1552 1698/3/1589
f 1699/5/1590 1700/6/1591 1701/4/1592
f 1660/7/1551 1671/8/1562 1702/9/1593
f 1703/10/1594 1699/5/1590 1698/3/1589
f 1699/5/1590 1701/4/1592 1698/3/1589
f 1656/1/1547 1701/4/1592 1657/11/1548
f 1703/10/1594 1698/3/1589 1702/9/1593
f 1660/7/1551 1698/3/1589 1661/2/1552
f 1664/13/1555 1669/19/1560 1704/14/1595
f 1705/15/1596 1697/16/1588 1696/12/1587
f 1668/17/1559 1657/11/1548 1701/4/1592
f 1700/6/1591 1705/15/1596 1704/14/1595
f 1705/15/1596 1696/12/1587 1704/14/1595
f 1664/13/1555 1696/12/1587 1665/18/1556
f 1700/6/1591 1704/14/1595 1701/4/1592
f 1668/17/1559 1704/14/1595 1669/19/1560
f 1698/3/1589 1660/7/1551 1702/9/1593
f 1701/4/1592 1656/1/1547 1698/3/1589
f 1704/14/1595 1668/17/1559 1701/4/1592
f 1696/12/1587 1664/13/1555 1704/14/1595
f 1694/33/1585 1652/35/1543 1696/12/1587
f 1692/28/1583 1648/31/1539 1694/33/1585
f 1690/22/1581 1644/26/1535 1692/28/1583
f 1686/23/1577 1640/20/1531 1690/22/1581
f 1682/3/1573 1628/7/1519 1686/9/1577
f 1685/4/1576 1624/1/1515 1682/3/1573
f 1688/14/1579 1636/17/1527 1685/4/1576
f 1688/14/1579 1632/13/1523 1637/19/1528
f 1678/33/1569 1620/35/1511 1680/12/1571
f 1676/28/1567 1616/31/1507 1678/33/1569
f 1672/22/1563 1612/26/1503 1676/28/1567
f 1675/23/1566 1608/20/1499 1672/22/1563
