# Blender 4.4.3
# www.blender.org
mtllib GRASSYARD.mtl
o GRASSYARD
v 349.057617 17.111118 -542.152771
v 385.428345 18.418396 -564.363831
v 285.466614 23.538607 -588.474304
v 326.970978 25.827156 -611.109985
v 296.820282 15.582155 -504.963745
v 313.695190 16.130461 -520.674194
v 243.444794 20.568464 -551.260437
v 255.142258 21.116772 -561.612549
v 430.971039 20.497755 -592.587463
v 372.088318 27.504934 -641.281006
v 450.132812 19.926533 -601.988770
v 390.536865 27.329500 -650.221313
v 481.853577 17.481964 -616.780457
v 422.257629 27.849783 -665.012939
v 511.773438 14.987000 -624.418762
v 453.978363 26.992954 -679.804626
v 474.816589 26.992954 -691.700745
v 437.705566 29.600657 -727.645630
v 416.867340 29.600658 -715.749512
v 532.611694 14.987000 -636.314880
v 547.826904 6.955250 -602.818481
v 511.490021 10.922007 -708.855957
v 474.378998 11.863349 -744.800842
v 569.285095 8.115542 -653.470093
v 584.500305 6.955248 -619.973694
v 15.822327 11.537487 -339.032349
v 12.871001 11.425385 -344.697693
v 12.659925 11.424183 -344.682678
v -108.012611 -1.596871 34.761379
v -97.969315 -1.651748 34.761372
v -97.969238 -1.651749 16.104988
v -108.012497 -1.596873 16.104984
v -87.925926 -1.668968 34.761356
v -87.925919 -1.668970 16.104984
v -118.055931 -1.505627 34.761375
v -118.055824 -1.505629 16.104988
v -77.882584 -1.668969 34.761356
v -77.882591 -1.668971 16.104979
v -67.839272 -1.668971 34.761372
v -67.839279 -1.668972 16.104979
v -108.011055 -1.596901 -39.118877
v -118.054390 -1.505670 -38.254261
v -118.054398 -1.505667 -19.597879
v -108.011093 -1.596899 -20.462494
v -97.967781 -1.651767 -39.876686
v -97.967766 -1.651765 -21.220295
v -87.924446 -1.668978 -40.478870
v -87.924446 -1.668977 -21.822489
v -67.837753 -1.669077 -41.021214
v -77.881149 -1.668977 -40.876656
v -77.881134 -1.668975 -22.220264
v -67.837723 -1.669076 -22.364830
v -128.099228 -1.379360 34.761372
v -128.099228 -1.379362 16.104994
v -148.185822 -1.027142 34.761383
v -138.142548 -1.219417 34.761372
v -138.142502 -1.219419 16.104988
v -148.185806 -1.027143 16.104988
v -158.229111 -0.803881 34.761379
v -158.229126 -0.803883 16.104992
v -168.272476 -0.550978 34.761383
v -168.272552 -0.550979 16.105007
v -188.359100 0.038266 34.761395
v -178.315796 -0.269781 34.761383
v -178.315857 -0.269783 16.105003
v -148.184387 -1.027239 -35.507679
v -158.227661 -0.804004 -34.703915
v -158.227661 -0.804001 -16.047525
v -148.184357 -1.027237 -16.851297
v -168.270981 -0.551133 -34.037369
v -168.271027 -0.551130 -15.380978
v -138.141083 -1.219492 -36.399860
v -138.141052 -1.219490 -17.743481
v -128.097702 -1.379418 -37.331661
v -128.097733 -1.379416 -18.675282
v -178.314331 -0.269971 -33.556847
v -178.314331 -0.269968 -14.900467
v -188.357635 0.038135 -33.311180
v -188.357681 0.038136 -14.654784
v 713.354919 -4.428619 -267.305725
v 657.860107 1.254971 -423.597778
v 609.156311 2.075609 -213.283783
v 553.661621 1.309809 -369.575867
v 572.578735 1.735289 -379.077850
v 772.515198 -5.194396 -124.526779
v 668.316589 1.309834 -70.504837
v 821.050171 -7.068347 -20.860931
v 716.851562 -0.564119 33.161011
v 826.380554 -9.704527 106.822357
v 708.480225 -1.626777 100.473663
v 847.927307 -5.959111 -339.099335
v 792.432495 7.801299 -495.391357
v 907.087524 -6.724887 -196.320404
v 955.622437 -3.479493 -92.654556
v 977.952576 -3.194497 122.544983
v 472.539856 8.170681 223.746979
v 719.197571 7.387198 242.033569
v 499.896606 -0.027621 109.609711
v 689.045227 1.309849 128.602753
v 313.813934 7.404893 203.742126
v 341.170685 -0.793408 89.604828
v 202.404602 3.409979 190.165314
v 229.761353 -2.667370 76.028015
v 68.766418 0.773788 184.716766
v 96.123047 -5.303564 70.579590
v 438.739075 8.658721 372.480164
v 750.728333 13.598441 342.960815
v 280.013184 7.892933 352.475281
v 168.603882 6.018973 338.898499
v 34.965637 3.382780 333.450073
v -105.162476 8.170677 182.716034
v -77.805664 -0.027624 68.578766
v -261.557495 10.598989 184.006866
v -234.200806 -0.793410 69.869568
v -391.838867 10.666431 140.453400
v -318.112427 1.394990 49.129211
v -511.159180 10.039314 49.857422
v -409.168701 5.257482 -8.225403
v -138.963257 8.658718 331.449219
v -295.358276 11.087027 332.740051
v -486.243896 13.275424 260.252319
v -642.800293 12.648302 126.894012
v -668.397217 7.851288 -97.839447
v -571.695190 7.851282 -175.478455
v -682.009033 14.605082 -125.778625
v 769.633545 19.019653 -602.494995
v 739.461304 26.875031 -762.593872
v 635.262939 16.561785 -708.571899
v 665.434998 8.706408 -548.473083
v 904.205811 35.494385 -674.288452
v 874.033569 29.397314 -834.387512
v 933.082703 34.044846 -560.244507
v 981.113647 24.930939 -410.441132
v 1011.285950 3.472118 -250.342178
v 1003.711060 -5.401978 -125.466934
v 592.825256 1.427582 -392.933929
v 1223.096191 22.403877 -151.105682
v 1286.468262 -7.729850 -376.627808
v 1144.529541 8.007199 -195.580505
v 1193.350952 -25.141497 -370.493378
v 1179.284546 20.842163 -4.882357
v 1103.251465 8.637515 -47.290894
v 1150.385742 17.297153 99.061157
v 1076.136230 8.408549 58.106720
v 1124.542114 15.857247 226.242737
v 1052.557129 8.098424 187.134277
v 1323.187744 29.852463 -97.026489
v 1408.149658 16.327879 -385.720520
v 1276.050537 25.650278 46.481228
v 1244.810547 22.816685 148.514252
v 1215.999634 20.080503 273.274353
v 1096.116821 24.759129 393.813965
v 1027.137451 15.896278 357.156677
v 1074.101562 -7.213306 546.048645
v 1007.860413 -18.730518 511.625793
v 1183.637451 25.771551 437.632629
v 1158.036865 -6.687432 586.939636
v -513.385254 24.197470 -497.153381
v -512.264893 11.126180 -249.821289
v -397.453735 15.999180 -478.835144
v -401.549194 5.048834 -288.779480
v -505.894409 23.431673 -656.959534
v -389.962708 15.233380 -638.641235
v -501.099609 19.436752 -769.090576
v -385.167908 13.359412 -750.772339
v -506.151855 16.800552 -902.744263
v -390.220459 10.723208 -884.426086
v -664.311768 24.685497 -519.181641
v -655.536621 17.337414 -197.502380
v -656.820923 23.919699 -678.987793
v -652.026123 22.045732 -791.118774
v -657.078491 19.409529 -924.772644
v -448.209595 18.613714 -1023.832764
v -374.404602 10.415431 -939.928406
v -253.111694 21.042025 -1032.230347
v -249.710449 9.649650 -924.915710
v -115.885132 21.493719 -1025.986572
v -163.326111 12.222294 -927.926575
v -522.281006 19.101732 -1157.164795
v -261.297424 21.530039 -1184.536011
v -57.862122 24.102699 -1167.044800
v 95.935974 38.063251 -1104.078857
v 92.539307 29.864969 -986.758240
v -163.325989 15.031497 -927.926758
v 282.514374 52.410019 -1171.428467
v 283.220093 38.465706 -1071.003052
v 430.432556 42.669079 -1123.279907
v 371.123444 35.843864 -1021.997437
v 603.547974 40.032898 -1051.222656
v 534.197144 33.955563 -956.532898
v 96.780701 39.770565 -1223.075073
v 284.220062 49.593960 -1280.995483
v 505.950256 45.278049 -1255.798340
v 692.215515 42.641869 -1175.327881
v 716.339783 30.306524 -874.375610
v 614.452515 22.108240 -833.541077
v 837.134888 30.794548 -949.109375
v 316.633636 35.745056 -816.324768
v 334.196014 36.510834 -802.680542
v 405.901855 31.293629 -817.360046
v 343.287476 30.527840 -862.551208
v 269.550629 35.521606 -812.151550
v 255.479828 33.533802 -893.447388
v 201.420166 35.137989 -794.840942
v 189.838837 29.060648 -837.860962
v 69.076050 29.871174 -712.478699
v 37.094727 26.526451 -756.849243
v -144.632385 19.576468 -624.669495
v -136.798340 3.302163 -670.091187
v 216.940338 29.922806 -748.690125
v 79.337585 22.753855 -690.426147
v 114.697632 20.227024 -664.629822
v 216.489014 24.705589 -728.021118
v 321.000641 35.521606 -784.407776
v 338.711456 30.624718 -766.021729
v 334.196136 36.510834 -802.680420
v 69.911560 24.532446 -624.669434
v 114.697754 20.227026 -664.629761
v 3.269592 23.401491 -624.669434
v 157.927322 16.020660 -538.031677
v 157.520294 17.913399 -579.085938
v 138.944412 17.913399 -579.089417
v 188.805267 18.425781 -586.237000
v 188.444214 16.020617 -540.627686
v 206.723312 17.913336 -579.076294
v 167.806213 19.482887 -615.590210
v 175.447113 20.023205 -625.839661
v 161.630859 20.023203 -638.256409
v 206.953186 16.020615 -542.203186
v 165.727310 14.825883 -505.336365
v 159.436554 15.597429 -526.892090
v 144.213120 15.198459 -510.753540
v 203.498901 20.568460 -610.251831
v 198.226074 20.023132 -605.366821
v 209.775330 19.482819 -589.908875
v 190.754517 18.949654 -593.155518
v 207.070511 18.425781 -582.854004
v 151.961273 19.482885 -625.285645
v 144.813263 18.949720 -610.771912
v 162.157883 18.949722 -604.121521
v 148.500580 14.825884 -498.386292
v 214.825577 20.568460 -595.528687
v 158.690643 18.425848 -591.816467
v 191.446182 15.198421 -524.536621
v 209.278152 15.198421 -529.740906
v 173.499237 20.568436 -649.251221
v 194.130463 14.825751 -516.794189
v 211.357086 14.825750 -523.744568
v 184.749023 21.228992 -634.627197
v 193.930130 19.482817 -599.603882
v 141.175674 15.597430 -523.485596
v -302.302307 20.146217 -400.583313
v -298.252441 20.146215 -394.122192
v -281.953613 20.146215 -403.033539
v -286.635559 20.146217 -410.564117
v -296.576843 20.146217 -390.346741
v -279.033936 20.146215 -396.455078
v -307.675323 20.146219 -409.017212
v -292.008545 20.146215 -418.998047
v -313.048309 20.146217 -417.451111
v -297.381531 20.146217 -427.431946
v -295.545197 20.146215 -386.347076
v -277.236389 20.146215 -389.485901
v -295.185638 20.146215 -382.232147
v -276.609955 20.146215 -382.315948
v -239.573013 1.513438 27.975170
v -226.495667 1.110946 31.391499
v -222.799988 1.110946 11.123236
v -233.328781 1.513439 11.216557
v -210.657715 0.730023 29.965214
v -210.643082 0.730022 11.185371
v -252.294754 1.936152 23.409973
v -246.505157 1.936152 11.221325
v -264.560272 2.377743 17.732040
v -263.043640 2.377742 10.041803
v -199.691223 0.372013 34.678471
v -199.075409 0.372011 11.147205
v -188.358505 0.039581 13.469725
v -188.358444 0.039583 9.942621
v -219.452896 2.096845 -37.056015
v -226.473694 3.002520 -39.575317
v -233.549866 1.593595 -22.312984
v -224.966644 1.262769 -19.233032
v -233.242767 3.982195 -42.708736
v -241.825363 1.951158 -26.143740
v -212.235992 1.307777 -35.170776
v -216.143616 0.960023 -16.928211
v -204.880066 0.682290 -33.934502
v -207.150620 0.686701 -15.416797
v -188.357590 0.038130 -33.311356
v -197.443298 0.371979 -33.356979
v -198.058838 0.371982 -14.710756
v -188.357590 0.038132 -14.654980
v -188.359283 0.038189 13.681421
v -188.359192 0.038265 16.105019
v -188.359146 0.038262 34.761234
v -299.118286 3.312175 10.521843
v -288.052002 2.836866 18.281982
v -278.030701 2.836866 2.545588
v -287.737885 3.312174 -4.261504
v -309.450989 3.802322 1.808718
v -296.801575 3.802322 -11.904512
v -318.968323 4.305969 -7.788435
v -305.150024 4.305968 -20.322964
v -335.262451 5.348260 -29.324392
v -327.594879 4.821763 -18.193546
v -312.717072 4.821762 -29.450153
v -319.442902 5.348262 -39.213905
v -245.813736 6.018849 -50.713982
v -251.516113 7.017889 -55.522423
v -264.165405 3.170797 -41.809071
v -257.194000 2.741104 -35.930531
v -256.768524 7.975915 -60.818710
v -270.586700 3.621840 -48.284050
v -239.706482 4.998299 -46.431438
v -249.727585 2.334110 -30.694920
v -261.529327 8.880072 -66.560944
v -276.407043 4.092894 -55.304192
v -265.760864 9.724030 -72.703568
v -281.580292 4.582607 -62.813889
v -354.962708 7.535961 -71.909904
v -351.200409 6.979599 -62.597908
v -333.902496 6.979602 -69.586670
v -337.664795 7.535962 -78.898666
v -347.438110 6.428661 -53.285915
v -330.140228 6.428660 -60.274754
v -358.724976 8.096397 -81.221893
v -341.427063 8.096400 -88.210655
v -362.568634 8.659569 -92.726761
v -344.904510 8.659570 -98.730263
v -341.910034 5.884490 -41.092476
v -325.274078 5.884489 -49.536728
v -335.262299 5.348434 -29.324226
v -319.442780 5.348433 -39.213791
v -280.067139 12.715008 -104.704796
v -283.829437 13.418635 -114.016823
v -301.127319 7.264123 -107.027992
v -297.365051 6.701282 -97.715996
v -286.838867 14.084126 -121.749832
v -304.524780 7.837554 -115.811218
v -276.304871 11.988062 -95.392822
v -293.602753 6.150375 -88.404015
v -272.542542 11.236785 -86.080780
v -289.840454 5.612748 -79.091965
v -269.429657 10.507504 -79.198067
v -286.065552 5.089747 -70.753700
v -360.254639 9.788722 -123.052719
v -361.364990 9.224127 -106.588295
v -343.154755 9.224127 -110.644203
v -341.712311 9.788723 -125.113495
v -358.842316 10.352010 -140.832397
v -340.185883 10.352011 -140.873734
v -357.481659 10.912666 -156.234695
v -338.930450 10.912666 -154.256134
v -351.360657 12.020517 -184.062103
v -355.176971 11.469315 -170.312622
v -336.948914 11.469314 -166.337372
v -333.670135 12.020520 -178.136871
v -289.799622 15.340016 -135.150635
v -290.176086 15.952476 -142.018005
v -308.832367 9.607924 -142.045151
v -308.349274 9.010798 -133.157913
v -289.806549 16.542126 -148.889587
v -308.350311 10.210255 -150.936249
v -288.682617 14.716837 -128.368073
v -306.907501 8.420225 -124.378937
v -288.694733 17.087742 -155.684448
v -306.907898 10.816449 -159.726562
v -286.852753 17.563160 -162.322601
v -304.521362 11.425161 -168.312637
v -279.522278 20.146311 -532.546814
v -279.522278 20.146311 -542.546814
v -298.098175 20.146311 -542.546814
v -298.098175 20.146311 -532.546814
v -279.522278 20.146313 -522.546814
v -298.098175 20.146313 -522.546875
v -298.098175 20.146315 -512.546814
v -298.098175 20.146317 -502.546814
v -297.611725 20.146215 -493.648468
v -346.554657 20.566002 -533.601501
v -344.986633 20.370651 -523.222412
v -322.906097 20.146296 -522.548279
v -322.906067 20.146296 -532.548279
v -343.296844 20.229597 -512.871216
v -322.906067 20.146296 -512.548218
v -348.004242 20.812212 -544.008118
v -322.906067 20.146297 -542.548218
v -341.481995 20.146294 -502.548279
v -322.906067 20.146294 -502.548248
v -340.553040 20.146296 -487.062714
v -322.889893 20.146296 -489.506592
v -276.599609 20.151268 -463.832550
v -276.564087 20.151270 -476.361267
v -287.669128 20.146219 -469.188446
v -282.296143 20.146223 -460.754547
v -292.432648 20.146219 -477.120392
v -278.732513 20.146225 -453.367004
v -295.714264 20.146219 -485.171509
v -297.611633 20.146215 -493.648376
v -323.794342 20.146217 -434.319031
v -318.421326 20.146215 -425.885132
v -302.754578 20.146215 -435.865906
v -307.220001 20.146215 -444.299042
v -328.400391 20.146217 -442.752258
v -311.826050 20.146217 -452.732269
v -334.473083 20.146217 -454.926941
v -317.115967 20.146217 -463.266235
v -339.406860 20.146215 -470.577148
v -321.156433 20.146215 -476.044586
v -279.428192 18.108614 -622.757080
v -279.537598 17.372499 -632.821350
v -299.744476 17.176956 -632.821350
v -299.545044 18.000805 -622.757080
v -279.608521 16.573404 -642.894165
v -299.905975 16.246706 -642.894226
v -279.280273 18.759907 -612.701355
v -299.307648 18.707304 -612.701294
v -279.093903 19.306147 -602.654175
v -299.032318 19.285498 -602.654175
v -278.605621 20.013178 -582.585510
v -278.869019 19.729147 -592.615601
v -298.719055 19.724436 -592.615540
v -298.367828 20.013178 -582.585510
v -278.303741 20.140757 -572.564087
v -297.978638 20.140759 -572.564026
v -277.963379 20.146193 -562.551147
v -297.551514 20.146193 -562.551147
v -277.988251 20.146097 -542.546753
v -277.584534 20.146196 -552.546814
v -297.086456 20.146196 -552.546814
v -297.952087 20.146133 -542.546692
v -279.640961 15.734383 -652.975647
v -300.029541 15.221001 -652.975647
v -279.634888 14.879228 -663.065552
v -300.115143 14.110802 -663.065552
v -352.683960 22.103420 -585.901917
v -351.675232 21.815899 -575.389160
v -322.906097 20.140736 -572.548279
v -322.906097 20.013130 -582.548218
v -350.561249 21.443270 -564.902405
v -322.906097 20.146175 -562.548279
v -353.590729 22.263390 -596.440186
v -322.906067 19.724373 -592.548218
v -354.398804 22.303314 -607.003540
v -322.906097 19.285414 -602.548218
v -355.732178 22.053038 -628.204285
v -355.111511 22.230701 -617.591736
v -322.906097 18.707203 -612.548218
v -322.906067 18.000690 -622.548218
v -356.264038 21.777832 -638.840698
v -322.906067 17.176830 -632.548218
v -356.710419 21.412580 -649.500793
v -322.906067 16.246567 -642.548218
v -357.359924 20.441854 -670.890015
v -357.074615 20.964788 -660.183960
v -322.906067 15.220850 -652.548218
v -322.906097 14.110529 -662.548279
v -349.338684 21.105701 -554.441895
v -322.906097 20.146173 -552.548279
v -348.004272 20.812092 -544.008179
v -322.906097 20.146175 -542.548279
v -322.116699 14.142692 -232.632706
v -331.369385 13.628924 -221.750214
v -316.501526 13.628927 -210.480316
v -308.556305 14.143742 -219.819473
v -339.387390 13.101718 -209.933182
v -323.386841 13.101719 -200.339081
v -314.575012 14.085325 -240.336914
v -301.268372 14.302547 -227.260452
v -308.092987 14.111220 -246.960159
v -294.642914 14.507402 -234.033615
v -346.077148 12.565126 -197.320969
v -329.132050 12.565129 -189.515381
v -351.360901 12.020509 -184.062027
v -333.670349 12.020512 -178.136765
v -272.725098 18.403082 -185.788879
v -268.390228 18.485723 -188.709946
v -279.026978 14.459282 -204.037048
v -286.238373 13.858170 -198.651642
v -259.709656 18.036053 -194.777267
v -270.768005 15.054835 -209.803650
v -277.196808 18.360035 -180.528763
v -292.023163 13.252851 -191.853027
v -281.070709 18.210421 -174.818527
v -297.035797 12.644662 -184.471191
v -286.853027 17.562986 -162.322525
v -284.301849 17.943201 -168.725800
v -301.218109 12.034957 -176.593384
v -304.521576 11.424970 -168.312531
v -241.815903 17.148973 -210.951477
v -234.234192 17.000412 -220.318497
v -247.050964 16.519861 -229.578705
v -255.206802 16.077169 -222.707108
v -227.670685 17.066235 -230.404907
v -240.102219 16.943756 -238.498795
v -250.337311 17.534014 -202.406372
v -262.684174 15.617029 -216.100784
v -234.310394 17.347511 -251.909851
v -209.264893 17.729784 -266.859009
v -227.916840 17.729782 -267.285034
v -302.088531 15.368406 -254.979340
v -304.873260 14.668520 -250.840454
v -290.159485 15.206460 -239.372894
v -286.268555 16.010900 -245.093567
v -299.752228 15.636065 -259.409180
v -282.995483 16.345909 -251.210968
v -297.893188 15.981612 -264.041168
v -280.379028 16.721603 -257.618347
v -295.661041 19.143837 -273.745209
v -296.528107 17.665712 -268.824371
v -278.444000 18.398647 -264.245667
v -278.656372 10.045642 -744.093750
v -278.764648 9.867596 -754.260803
v -299.902313 2.123203 -754.260803
v -299.794037 3.501176 -744.093750
v -278.837036 9.877680 -764.436523
v -299.974701 0.770221 -764.436462
v -278.514709 10.389253 -733.935181
v -299.651825 4.893198 -733.935303
v -278.790192 10.723004 -723.785278
v -299.831848 6.288320 -723.785278
v -279.225739 11.774373 -703.511108
v -279.027222 11.190165 -713.643921
v -299.973938 7.675589 -713.643921
v -300.078064 9.044052 -703.511108
v -279.385742 12.456855 -693.386963
v -300.144257 10.382762 -693.386902
v -279.507294 13.216879 -683.271179
v -300.172485 11.680782 -683.271179
v -279.590332 14.032140 -673.164185
v -300.162781 12.927136 -673.164124
v -278.681274 9.581998 -770.986572
v -299.721039 -0.546807 -773.116516
v -298.400940 -1.816934 -781.129883
v -357.778351 17.750301 -713.933838
v -357.775574 18.498297 -703.140747
v -322.906097 10.382558 -692.548218
v -323.904114 9.043843 -702.548157
v -357.707123 19.201246 -692.368774
v -322.906067 11.680577 -682.548218
v -357.718719 16.964773 -724.747864
v -324.740662 7.675376 -712.548157
v -357.600006 16.156868 -735.582214
v -325.415741 6.295205 -722.548157
v -357.198486 14.630897 -757.310730
v -357.425507 15.386431 -746.436646
v -325.929321 4.962746 -732.548157
v -326.281433 3.661107 -742.548157
v -356.922272 13.892613 -768.203918
v -326.472046 2.396485 -752.548157
v -356.600159 13.173958 -779.116028
v -326.612854 1.175059 -762.548157
v -354.767883 12.166463 -811.426758
v -355.987305 12.656070 -794.532043
v -326.622772 0.003036 -774.812744
v -357.569672 19.851662 -681.618347
v -322.906097 12.926948 -672.548157
v -357.359955 20.442034 -670.889954
v -322.906067 14.110712 -662.548218
v -213.284027 19.017183 -309.257599
v -214.336517 19.271833 -319.245636
v -232.890152 19.271832 -317.290558
v -231.837708 19.017181 -307.302490
v -215.389008 19.496931 -329.233612
v -233.942688 19.496931 -327.278564
v -212.231537 18.734316 -299.269623
v -230.785172 18.734316 -297.314484
v -211.179047 18.424582 -289.281586
v -229.732727 18.424580 -287.326477
v -210.120392 18.089323 -278.837830
v -228.716507 18.089319 -277.334229
v -295.310547 20.070450 -307.036560
v -295.310608 19.736660 -296.993225
v -277.022369 20.069305 -296.993225
v -277.024261 20.210011 -307.036560
v -295.310608 19.775415 -286.949860
v -277.022339 20.263939 -286.949860
v -295.310608 20.233589 -317.079834
v -276.874054 20.233591 -317.079803
v -295.310547 20.458685 -327.123199
v -276.654175 20.458687 -327.123199
v -295.312073 19.714994 -278.673035
v -277.041199 20.322195 -277.909302
v -277.200684 19.832500 -271.059631
v -153.033691 10.987189 -282.822327
v -158.105347 12.529243 -335.208923
v -182.454544 12.529243 -326.726898
v -217.494034 19.853064 -349.209717
v -192.549744 19.853065 -351.788452
v -237.100159 19.981405 -357.242615
v -236.047668 19.853064 -347.254608
v -172.321030 19.853062 -358.891144
v -186.423889 19.853058 -372.101776
v -238.152695 20.074810 -367.230652
v -216.441544 19.691124 -339.221680
v -234.995178 19.691122 -337.266571
v -239.205170 20.131926 -377.218689
v -171.538635 19.853056 -389.309631
v -295.310730 19.852995 -347.210663
v -295.310608 20.189909 -337.166473
v -276.654175 20.189913 -337.166473
v -276.654327 19.852995 -347.210632
v -295.310699 19.981411 -357.253815
v -276.654327 19.981411 -357.253845
v -295.310730 20.074814 -367.297180
v -276.654327 20.074814 -367.297180
v -295.310699 20.131926 -377.340515
v -276.654327 20.131929 -377.340546
v -169.083954 16.486982 -392.792938
v -177.051849 17.406755 -398.906921
v -185.019775 18.253506 -405.020905
v -192.987671 18.920832 -411.134857
v -141.271301 12.529243 -354.739258
v -140.601730 12.128199 -347.421814
v -129.244446 12.128198 -362.222931
v -137.212341 12.840758 -368.336914
v -132.633820 11.571544 -341.307831
v -121.276535 11.571541 -356.108948
v -146.035889 18.104298 -362.685883
v -145.180237 13.671072 -374.450897
v -150.314041 19.691122 -369.812775
v -153.148148 14.580988 -380.564880
v -157.435791 19.853060 -376.098999
v -161.116058 15.532344 -386.678864
v -124.665909 11.208953 -335.193848
v -113.308624 11.208952 -349.994934
v -116.698029 11.078585 -329.079895
v -105.340729 11.078584 -343.880981
v -349.774506 9.933722 -892.448914
v -354.664062 10.391986 -851.669250
v -326.721893 -4.067372 -827.103699
v -326.457733 -4.899544 -858.043030
v -354.670349 10.956944 -837.376953
v -327.214996 -3.154850 -813.985474
v -306.357178 8.380919 -892.704590
v -297.005585 -5.645165 -857.930115
v -285.187012 7.267714 -890.417236
v -273.575500 -6.298050 -857.794556
v -236.892853 5.180185 -885.876770
v -261.023560 6.193742 -891.850281
v -256.111115 -6.852005 -857.803284
v -237.532104 -7.300841 -853.073181
v -214.237152 4.405173 -873.310120
v -220.278168 -7.638362 -844.431091
v -196.166992 3.837284 -854.909607
v -209.276642 -7.858380 -829.877319
v -182.782593 3.316009 -826.131714
v -186.588852 3.489321 -836.408691
v -203.783600 -7.956184 -815.289185
v -199.876282 -7.979717 -806.084106
v -354.700684 11.438557 -820.677979
v -327.248688 -2.168162 -799.757629
v -354.767944 12.166489 -811.426636
v -326.522064 -1.113485 -787.757019
v -244.380524 -9.330972 -817.771973
v -252.186584 -8.975678 -820.261169
v -256.996521 7.765826 -789.671143
v -238.315918 -9.529854 -812.119202
v -258.412231 -8.474938 -820.889282
v -265.510773 -7.839707 -820.384277
v -265.232086 9.840081 -793.280396
v -260.171600 9.505765 -792.571899
v -275.340698 -7.080922 -815.803162
v -282.932007 -6.209537 -808.990845
v -270.016449 9.808918 -790.746521
v -288.146973 -5.236504 -802.957520
v -273.517395 9.656564 -786.686279
v -292.493286 -4.172774 -796.271179
v -277.844360 9.346071 -776.104126
v -276.608337 9.288320 -781.365784
v -295.890198 -3.029288 -789.056030
v -232.380646 -9.562870 -803.624939
v -254.141144 7.133028 -783.051697
v -227.867950 -9.473094 -794.740112
v -59.013561 11.081594 -377.095886
v -64.815933 11.078440 -385.293549
v -74.241371 11.081527 -366.317505
v -75.589935 11.139500 -301.711517
v -61.729931 11.173832 -296.338867
v -55.893406 11.174180 -314.059662
v -67.755608 11.139786 -318.644165
v -47.332981 11.214796 -292.591919
v -43.571587 11.215204 -310.866028
v -88.730286 11.112309 -308.636139
v -79.001953 11.112526 -324.556305
v -100.760727 11.092765 -316.851837
v -89.403938 11.092909 -331.653320
v -116.696999 11.078367 -329.079346
v -108.728836 11.081371 -322.965576
v -97.372032 11.081438 -337.767059
v -105.340187 11.078366 -343.880829
v -47.357059 11.140532 -363.653412
v -50.831409 11.113090 -365.486420
v -63.111580 11.112871 -350.894043
v -56.279060 11.140246 -343.910309
v -53.231117 11.093275 -368.925964
v -68.439011 11.093130 -358.119904
v -40.802460 11.175099 -361.114899
v -48.040752 11.174749 -338.500610
v -33.988258 11.216285 -359.343781
v -38.908836 11.215742 -334.725372
v -17.693954 11.314603 -291.726318
v -2.844196 11.372432 -291.726318
v -5.494377 11.372990 -308.747314
v -18.204212 11.315116 -308.706177
v 11.762791 11.434871 -291.726318
v 7.007870 11.435471 -308.890472
v -32.589325 11.261889 -291.726318
v -30.952902 11.262352 -309.108246
v 22.516727 11.501412 -291.726318
v 18.311268 11.502047 -308.856171
v 35.363918 11.571551 -291.726318
v 29.656727 11.572217 -308.864655
v -19.942219 11.316475 -358.197510
v -27.004063 11.263577 -358.366119
v -28.992058 11.262961 -333.349396
v -18.971272 11.315791 -333.122162
v -12.896225 11.374472 -358.842896
v -9.085136 11.373726 -334.051605
v -5.959755 11.437058 -360.296356
v 0.633324 11.436257 -336.029755
v 0.774681 11.503734 -362.541199
v 10.171642 11.502882 -339.221649
v -170.244965 2.535723 -786.799683
v -172.742645 2.747789 -794.949646
v -188.154388 -7.775517 -778.469055
v -184.472626 -7.652245 -770.216309
v -175.892242 2.969379 -805.370483
v -192.061707 -7.878421 -787.674133
v -168.406815 2.391794 -783.564148
v -180.189941 -7.519485 -764.016235
v -166.032150 2.658648 -781.021790
v -174.749985 -6.919090 -758.914734
v -160.217667 3.243109 -778.368347
v -163.251953 2.951338 -779.273376
v -168.420990 -6.214630 -755.118469
v -161.505905 -5.446823 -752.771057
v -157.093338 3.554457 -778.302368
v -154.327972 -4.621792 -751.947632
v -154.044250 3.913695 -779.021973
v -147.215378 -3.745647 -752.652893
v -148.766403 4.901690 -782.415955
v -151.224792 4.352751 -780.433655
v -140.486588 -2.824508 -754.822388
v -134.435883 -1.864582 -758.326904
v -179.226105 3.150501 -815.776367
v -195.969025 -7.950091 -796.879150
v -182.782654 3.316085 -826.131836
v -199.876343 -7.979645 -806.084229
v -173.128983 8.848760 -694.959961
v -153.513535 8.968636 -692.986084
v -154.428162 -3.418812 -714.132446
v -169.568985 -4.320546 -715.824890
v -134.000397 9.626147 -695.186523
v -139.348434 -2.496846 -715.665405
v -191.960388 8.769112 -701.051697
v -184.369019 -5.195879 -719.869446
v -209.149811 8.272713 -711.018250
v -194.685196 -6.038648 -727.783875
v -235.545807 8.368788 -740.735046
v -223.907089 8.524134 -724.439331
v -203.293091 -6.842719 -741.192383
v -210.354095 -7.601928 -755.299805
v -242.419250 8.024436 -755.436462
v -215.512360 -8.310128 -767.368591
v -246.326553 7.487996 -764.641541
v -219.433838 -8.961152 -776.612000
v -254.141205 7.132915 -783.051697
v -250.233887 7.244332 -773.846558
v -223.552399 -9.277163 -785.735840
v -227.868042 -9.473197 -794.740234
v -113.079193 9.918533 -697.735229
v -125.005615 -1.560784 -720.322083
v -93.567627 10.212719 -703.510437
v 55.937920 15.290216 -386.238739
v 45.779503 15.122713 -386.203339
v 48.949535 11.800527 -367.921936
v 60.095024 11.880027 -367.957520
v 35.455116 14.904111 -386.586975
v 36.119953 11.722587 -367.942413
v 68.791267 15.414247 -386.499298
v 71.107452 11.960579 -367.987274
v 24.317678 14.615711 -386.927216
v 24.171986 11.646712 -367.944489
v 11.388523 14.212482 -386.548248
v 12.605953 11.573411 -367.931763
v 69.419579 11.878067 -291.726318
v 77.232086 11.958599 -291.726318
v 74.588638 11.959349 -308.811249
v 65.276108 11.878809 -308.844452
v 61.724998 11.798602 -291.726318
v 56.023022 11.799332 -308.866821
v 54.191616 11.720708 -291.726318
v 47.089508 11.721422 -308.834534
v 46.861858 11.644895 -291.726318
v 38.260303 11.645586 -308.811340
v 29.656643 11.572228 -308.864502
v 81.766075 15.466950 -386.707520
v 82.687744 12.041680 -368.073914
v 94.789284 15.451586 -386.708313
v 94.311302 12.122824 -368.058075
v 96.064224 12.120837 -291.726318
v 103.937683 12.201530 -291.726318
v 102.687599 12.202274 -308.808167
v 93.422012 12.121588 -308.836365
v 85.118530 12.039691 -291.726318
v 84.124649 12.040443 -308.797546
v 120.687828 15.237587 -386.387726
v 107.787582 15.373048 -386.617401
v 105.912567 12.203502 -368.055481
v 117.426323 12.283210 -368.018646
v 128.593048 15.157949 -386.710236
v 128.537231 12.361440 -368.053925
v 146.703705 14.878675 -386.748535
v 138.153473 15.018805 -386.728729
v 137.559235 12.437687 -368.081848
v 111.851318 12.281266 -291.726318
v 112.000404 12.282000 -308.810059
v 119.765572 12.359537 -291.726318
v 121.313072 12.360254 -308.795593
v 129.634094 12.435838 -291.726318
v 131.107330 12.436535 -308.998260
v 141.684448 12.509662 -293.891144
v 141.532898 12.510332 -310.823517
v -143.244141 8.472861 -796.458252
v -144.373306 7.382621 -790.408936
v -122.677200 1.187765 -774.754272
v -120.825775 2.242132 -782.871094
v -145.294724 6.411050 -787.542908
v -125.349991 0.147811 -768.545532
v -140.900940 9.903980 -806.596558
v -118.746643 3.304799 -792.652527
v -138.554245 11.328176 -816.725342
v -116.667542 4.369652 -802.434021
v -130.081055 14.299273 -844.453308
v -135.431381 12.816534 -829.366882
v -114.141464 5.430564 -813.611694
v -109.957169 6.481421 -826.188965
v -122.999237 15.689394 -858.686401
v -104.299133 7.552855 -838.164673
v -114.305374 17.047716 -871.853760
v -97.251190 8.696890 -849.366943
v -92.653259 19.269859 -894.256470
v -104.138382 18.240339 -883.765381
v -88.917206 9.788045 -859.635376
v -79.419174 10.820111 -868.823486
v -146.768539 5.583915 -784.832642
v -129.320602 -0.871621 -762.979492
v -148.766418 4.901865 -782.416016
v -134.435913 -1.864403 -758.326843
v -25.580383 16.368763 -753.895813
v -22.025055 17.185341 -757.498779
v -56.836609 7.515976 -791.315002
v -61.775360 6.482534 -786.169189
v -17.930023 18.020874 -760.901489
v -51.261047 8.528386 -796.349487
v -28.517822 15.867583 -750.081299
v -65.905350 5.696592 -780.803345
v -31.805939 15.487132 -744.701233
v -69.538147 4.869343 -774.731079
v -40.497101 14.684418 -733.476440
v -35.969971 15.120913 -738.854065
v -73.382385 4.006969 -768.346191
v -77.287781 3.115597 -761.943970
v -46.994202 13.537363 -727.284668
v -82.175476 2.201397 -754.391174
v -60.815689 12.556279 -719.907471
v -90.740295 1.270513 -745.483154
v -77.900467 11.144835 -713.477600
v -101.382660 0.329107 -737.047668
v -112.035721 -0.616785 -727.861572
v -13.371246 18.859989 -764.111877
v -45.199158 9.512393 -801.389832
v -8.997406 19.619062 -767.895691
v -37.084991 21.817635 -919.679504
v -52.038696 21.413494 -915.970215
v -45.399414 13.501450 -888.685913
v -32.767456 14.236455 -892.427856
v -66.416946 20.854149 -910.454895
v -57.500702 12.682980 -883.452271
v -21.764008 22.064035 -921.551331
v -19.787964 14.881886 -894.626221
v -6.635925 22.159597 -921.596924
v -6.801331 15.431619 -895.253784
v 13.471344 22.288921 -920.561035
v 3.420593 22.280268 -921.071350
v 3.198273 15.879541 -895.166504
v 13.197937 16.219534 -895.079224
v 23.516632 22.179840 -920.065674
v 23.197510 16.445486 -894.991943
v 33.556427 22.128378 -919.584900
v 33.197174 16.712715 -894.904785
v 53.620880 21.716064 -918.666870
v 43.591156 21.975977 -919.118774
v 43.196777 16.878824 -894.817505
v 53.196411 16.936920 -894.730225
v -80.018997 20.140118 -903.189514
v -68.895828 11.787164 -876.800171
v 44.240234 24.953501 -784.008423
v 52.225067 25.279877 -785.687378
v 30.395966 16.444777 -830.892700
v 22.590881 16.081171 -829.133911
v 60.160797 25.495993 -787.436768
v 38.201050 16.712696 -832.651489
v 36.204468 24.521605 -782.403442
v 14.785828 15.628005 -827.375122
v 28.120087 23.988745 -780.877197
v 6.980804 15.091395 -825.616455
v 13.541229 22.672249 -777.968384
v 23.284790 23.393091 -779.608154
v 0.027893 14.477445 -823.825317
v -8.076233 13.792283 -821.867310
v 7.407928 21.914503 -776.535156
v -16.351929 13.042027 -819.411499
v 1.556580 21.145870 -774.349243
v -24.282684 12.232784 -815.976929
v -3.935516 20.376963 -771.451660
v -31.752991 11.370676 -811.611023
v -38.653870 10.461715 -806.374573
v 68.048889 25.596968 -789.252441
v 46.006104 16.878820 -834.410278
v 75.890808 25.577700 -791.131226
v 53.811188 16.937035 -836.169006
v 180.476379 14.127326 -386.705536
v 172.681030 14.323002 -386.800446
v 173.511887 12.712621 -368.046722
v 182.476349 12.771360 -368.044617
v 164.862213 14.503131 -386.873474
v 164.520493 12.649367 -368.100616
v 188.217606 13.917850 -387.317200
v 191.438248 12.825067 -368.028625
v 157.050934 14.666127 -387.237549
v 155.537659 12.582106 -368.079071
v 146.599045 12.511343 -368.092499
v 189.453506 12.769975 -306.635559
v 196.927383 12.824295 -328.195648
v 184.706802 12.770496 -323.871033
v 177.695709 12.711120 -303.782440
v 174.230759 12.711686 -320.385986
v 165.781952 12.647762 -301.673706
v 163.506882 12.648369 -316.888245
v 141.684311 12.509469 -293.891479
v 153.759201 12.580411 -299.270508
v 152.742462 12.581052 -313.635925
v 141.532730 12.510139 -310.823853
v 186.797089 13.433907 -446.113098
v 200.081879 12.873260 -368.125000
v 209.071213 12.915421 -368.154816
v 217.804199 12.951044 -368.630981
v 197.296509 13.264618 -438.296875
v 226.267365 12.979622 -371.287903
v 208.520615 13.136697 -431.562531
v 233.798828 13.000649 -374.804871
v 234.923691 12.950259 -321.180542
v 246.098206 12.979015 -325.819885
v 238.406891 12.979246 -342.817108
v 228.315567 12.950558 -338.627411
v 256.959198 13.000234 -331.152191
v 248.215118 13.000392 -347.632568
v 223.541428 12.914472 -316.905426
v 218.042496 12.914833 -334.733002
v 211.811905 12.872157 -313.245270
v 207.309906 12.872578 -331.586853
v 200.023468 12.823822 -310.424194
v 267.463654 13.013408 -337.156372
v 257.701447 13.013489 -353.054810
v 277.570251 13.018030 -343.808746
v 266.828339 13.018030 -359.062347
v 86.270943 21.629206 -920.177795
v 78.810875 21.363142 -918.928345
v 81.362000 17.329014 -896.063843
v 90.024879 17.770510 -898.230286
v 71.252464 21.282528 -918.307922
v 72.300812 17.045582 -895.025391
v 93.581978 22.064682 -922.046448
v 98.024818 18.352751 -901.813843
v 98.467308 22.836159 -927.757446
v 105.742805 19.058399 -906.205933
v 110.435020 24.520861 -936.684143
v 104.611931 23.618814 -931.908203
v 113.124962 19.870132 -911.381042
v 120.120049 20.770617 -917.307312
v 116.536285 25.525448 -942.643372
v 126.933075 21.742523 -924.140991
v 123.625015 26.595844 -949.896362
v 134.025314 22.768526 -931.602539
v 130.673508 27.700806 -957.238159
v 141.083130 23.831293 -939.153564
v 63.372444 21.411367 -918.327454
v 63.084911 16.937550 -894.730774
v 53.620979 21.716061 -918.666992
v 53.196468 16.936918 -894.730347
v 167.244003 27.221611 -848.279053
v 176.257462 27.934277 -857.101379
v 153.463379 21.742392 -886.635071
v 144.042877 20.770494 -879.911804
v 183.282776 28.751698 -864.316650
v 161.604538 22.768389 -892.442078
v 156.501251 26.612165 -839.169922
v 133.470108 19.870022 -873.075806
v 145.098419 26.094824 -830.550903
v 122.434158 19.058310 -866.626709
v 123.912941 25.339727 -816.045044
v 133.109024 25.685486 -822.417236
v 111.010391 18.352676 -860.551514
v 99.276764 17.770458 -854.843384
v 113.376259 25.154722 -809.642456
v 87.313156 17.328981 -849.502197
v 100.149330 25.157452 -802.995789
v 75.200989 17.045578 -844.536377
v 87.101746 25.309361 -797.111023
v 63.276676 16.937572 -840.049927
v 53.811253 16.937031 -836.169189
v 190.288391 29.600140 -871.524719
v 169.745697 23.831150 -898.249146
v 197.281860 30.459051 -878.718323
v 177.886780 24.913345 -904.056091
v 310.431793 13.018357 -367.085114
v 318.627136 13.018355 -372.890717
v 299.647369 13.018356 -382.308685
v 302.236481 13.018358 -361.279541
v 291.452057 13.018357 -376.503113
v 294.041138 13.018360 -355.473938
v 283.256744 13.018359 -370.697510
v 285.845825 13.018361 -349.668335
v 275.061401 13.018360 -364.891907
v 351.408447 13.018351 -396.113098
v 359.603760 13.018349 -401.918701
v 348.819366 13.018348 -417.142273
v 340.624023 13.018349 -411.336670
v 326.822479 13.018354 -378.696289
v 335.017792 13.018353 -384.501892
v 324.233368 13.018352 -399.725464
v 316.038055 13.018353 -393.919861
v 307.842712 13.018354 -388.114258
v 367.799103 13.018347 -407.724304
v 357.014679 13.018347 -422.947845
v 319.341217 13.010999 -464.627441
v 313.542786 13.010999 -464.809418
v 311.511993 13.011002 -446.345093
v 319.978821 13.011003 -446.062714
v 325.095612 13.011000 -465.277710
v 328.388428 13.011003 -446.996216
v 336.001556 13.011001 -468.992798
v 330.687347 13.011000 -466.743866
v 336.567322 13.011003 -449.123413
v 344.347168 13.011003 -452.397430
v 307.820251 13.010998 -465.822906
v 303.163025 13.011002 -447.840515
v 301.241364 13.010998 -468.019287
v 294.735962 13.011000 -450.619751
v 291.874634 13.010997 -471.521362
v 285.369232 13.010999 -454.121826
v 282.507935 13.010995 -475.023407
v 276.002502 13.010998 -457.623901
v 352.306030 35.887451 -1022.956970
v 338.276947 36.336716 -1032.473755
v 326.476624 34.622353 -1009.996826
v 338.916412 34.533669 -1001.206177
v 323.923920 36.622265 -1040.665039
v 313.774475 34.591019 -1017.610291
v 369.075226 35.209885 -1010.535461
v 354.095276 34.323158 -989.574768
v 378.035675 34.576401 -1002.810608
v 362.332611 33.925903 -982.472290
v 392.797729 33.024269 -989.608582
v 385.416290 33.837791 -996.208435
v 369.714539 33.400925 -975.873657
v 377.096497 32.808342 -969.275024
v 400.179688 33.181995 -983.009888
v 384.478424 32.217274 -962.676392
v 407.561646 32.650551 -976.411255
v 391.860382 31.699116 -956.077759
v 414.943604 32.260841 -969.812622
v 399.242340 31.322548 -949.479126
v 306.780640 36.823277 -1048.505493
v 298.330322 34.447960 -1025.019531
v 285.837189 36.885197 -1050.355469
v 328.730011 32.845490 -903.462585
v 337.710541 32.644707 -898.413391
v 348.294861 31.973747 -918.053345
v 339.923798 32.309601 -923.874023
v 346.622650 32.436253 -893.380249
v 356.597565 31.627771 -912.253540
v 319.679138 33.015495 -908.525940
v 330.912048 32.665054 -929.752441
v 310.556244 33.131153 -913.601807
v 321.715179 32.971607 -935.656494
v 297.691956 34.019966 -919.760681
v 303.692963 33.633972 -917.198792
v 313.491455 33.169609 -940.797607
v 305.519897 33.271698 -944.941772
v 291.358063 34.407402 -921.857422
v 297.191681 33.329063 -948.415649
v 284.769379 34.792587 -923.438721
v 288.585510 33.362057 -951.187500
v 271.341034 35.528984 -925.048950
v 278.748474 35.125969 -925.424683
v 279.782776 33.368549 -953.231873
v 352.699219 32.242382 -889.295227
v 364.834106 31.296152 -906.476196
v 360.995422 32.083763 -883.529724
v 451.853333 32.047688 -936.819397
v 444.471436 31.949362 -943.418030
v 428.770172 30.597647 -923.084473
v 436.152100 30.622026 -916.485840
v 437.089478 31.918543 -950.016663
v 421.388214 30.656340 -929.683167
v 459.235260 32.201687 -930.220764
v 443.533997 30.711958 -909.887207
v 466.617249 32.383461 -923.622131
v 450.915955 30.845600 -903.288574
v 481.381104 32.470612 -910.424866
v 473.999146 32.428108 -917.023499
v 458.297913 30.999773 -896.689941
v 465.679840 31.150885 -890.091309
v 488.763062 32.487885 -903.826233
v 473.061798 31.275177 -883.492676
v 496.144989 32.456375 -897.227600
v 480.443726 31.348837 -876.894043
v 510.908905 32.197758 -884.030273
v 503.526947 32.352242 -890.628906
v 487.825684 31.348015 -870.295410
v 495.207672 31.255829 -863.696777
v 429.707520 31.959122 -956.615356
v 414.006287 30.804453 -936.281799
v 422.325562 32.065998 -963.213928
v 406.624329 31.032915 -942.880371
v 426.380157 31.014339 -837.504822
v 434.571747 30.916143 -831.769043
v 446.695740 31.264046 -849.084106
v 438.504272 31.135649 -854.819824
v 442.763245 30.773024 -826.033325
v 454.887299 31.341862 -843.348267
v 418.188690 31.091127 -843.240601
v 430.312744 30.980497 -860.555542
v 409.997162 31.169525 -848.976318
v 422.121216 30.822403 -866.291321
v 393.614075 31.417786 -860.447876
v 401.805603 31.271624 -854.712097
v 413.929688 30.685034 -872.027039
v 405.738159 30.591755 -877.762817
v 385.422546 31.625141 -866.183655
v 397.546631 30.564852 -883.498596
v 377.231079 31.905378 -871.919373
v 389.355042 30.622633 -889.234375
v 369.039490 31.978100 -877.655151
v 381.163574 30.771952 -894.970154
v 373.006775 31.003107 -900.723450
v 450.954773 30.561172 -820.297546
v 463.078827 31.345217 -837.612488
v 471.270264 31.255947 -831.876831
v 408.790283 12.583968 -436.872437
v 406.154297 12.351779 -457.895782
v 397.971924 12.583967 -452.071899
v 414.336670 12.075792 -463.719635
v 400.607941 12.769534 -431.048584
v 389.789551 12.769535 -446.248047
v 381.607239 12.905666 -440.424194
v 375.994415 13.018344 -413.529938
v 384.243195 12.989543 -419.400848
v 373.424896 12.989542 -434.600342
v 365.210022 13.018343 -428.753448
v 369.317932 12.583940 -492.332428
v 361.135590 12.769513 -486.508545
v 371.953949 12.769515 -471.309082
v 380.136322 12.583941 -477.132965
v 352.953247 12.905649 -480.684723
v 363.771606 12.905650 -465.485229
v 377.500305 12.351747 -498.156281
v 388.318665 12.351751 -482.956818
v 385.682678 12.075758 -503.980164
v 396.501007 12.075761 -488.780701
v 344.770874 12.989531 -474.860840
v 351.568329 13.011003 -456.747986
v 438.883698 11.013216 -481.191193
v 430.701416 11.403691 -475.367371
v 457.884399 10.455539 -471.815552
v 447.066010 10.467895 -487.015015
v 433.337341 11.758826 -454.344025
v 422.519043 11.758821 -469.543488
v 455.248383 9.832799 -492.838898
v 463.430756 9.185746 -498.662750
v 402.047363 11.403650 -515.627869
v 393.865021 11.758782 -509.804016
v 404.683350 11.758786 -494.604553
v 412.865723 11.403651 -500.428406
v 410.229706 11.013173 -521.451721
v 421.048065 11.013174 -506.252258
v 418.412048 10.590166 -527.275574
v 429.230438 10.590169 -512.076111
v 434.776855 9.657750 -538.923340
v 426.594452 10.137455 -533.099426
v 437.412781 10.137456 -517.899963
v 445.595215 9.657752 -523.723877
v 549.445251 32.386913 -842.079590
v 533.054565 31.747040 -864.234253
v 517.353394 30.913225 -843.900757
v 533.025269 30.801159 -829.869629
v 525.672607 31.895157 -870.832947
v 509.971375 31.026649 -850.499390
v 574.013184 31.843678 -811.108154
v 559.203369 30.690838 -802.087769
v 549.909058 33.169170 -762.482178
v 538.770569 30.582661 -777.527588
v 516.388794 33.175632 -744.120789
v 525.451843 33.175632 -748.346985
v 517.601318 30.483479 -765.182495
v 508.538269 30.380756 -760.956299
v 507.325714 33.175632 -739.894653
v 499.475220 30.281353 -756.730164
v 498.262634 33.175632 -735.668457
v 490.412170 30.185658 -752.503967
v 480.136444 33.175537 -727.216064
v 489.199554 33.175636 -731.442261
v 481.349060 30.094065 -748.277771
v 472.285950 30.006868 -744.051514
v 518.290649 32.045456 -877.431580
v 502.589447 31.141043 -857.098022
v 510.908783 32.197933 -884.030151
v 495.207458 31.256004 -863.696655
v 459.146240 30.305817 -814.561768
v 448.139221 30.087614 -814.247559
v 459.100281 30.087618 -792.115051
v 468.200745 30.179211 -796.840698
v 439.608582 30.000513 -808.879150
v 450.040405 30.000517 -787.418091
v 174.911682 32.917019 -998.148682
v 165.642700 31.966524 -989.730042
v 176.200928 28.103521 -972.696228
v 185.506042 29.090183 -981.362549
v 156.370972 30.953360 -981.320007
v 166.895782 27.066978 -964.029846
v 186.085083 33.768963 -1008.078796
v 195.798401 30.009636 -990.747803
v 199.352539 34.469238 -1018.421753
v 207.401123 30.844555 -1000.031067
v 227.454285 35.596962 -1035.579102
v 213.182373 35.038177 -1027.613281
v 219.488586 31.577606 -1008.283875
v 231.953857 32.232670 -1015.434998
v 242.043213 36.112408 -1042.252319
v 244.686951 32.879051 -1021.423096
v 256.820068 36.527653 -1047.574463
v 257.575409 33.457836 -1026.197021
v 285.837097 36.885197 -1050.355469
v 271.653229 36.786121 -1051.495605
v 270.505798 33.904682 -1029.716309
v 284.169495 34.216022 -1031.715454
v 147.095093 29.896254 -972.916748
v 157.590607 25.997887 -955.363464
v 137.814178 28.813843 -964.518677
v 148.285492 24.913576 -946.697144
v 246.962738 35.748169 -922.136963
v 252.818390 35.951355 -923.886414
v 244.721191 32.706509 -953.135803
v 236.770721 32.193150 -950.797058
v 258.879669 35.982643 -924.947449
v 253.058990 33.076855 -954.560242
v 241.374481 35.388985 -919.701721
v 229.256683 31.557560 -947.582642
v 236.108551 34.890221 -916.593689
v 222.220795 30.814852 -943.542114
v 225.330292 33.600033 -907.176819
v 231.213440 34.268730 -912.835876
v 215.698212 29.973242 -938.732300
v 208.501251 29.090063 -932.731445
v 218.283295 32.898148 -900.130432
v 200.658844 28.103399 -925.906006
v 211.268402 32.127834 -893.030640
v 192.982330 27.066849 -918.814453
v 204.271881 31.308323 -885.889893
v 185.467255 25.997761 -911.367920
v 265.078491 35.826569 -925.328491
v 261.726593 33.279644 -955.045959
v 271.340942 35.528976 -925.048950
v 270.655365 33.347427 -954.583313
v 443.884125 33.175568 -710.311218
v 452.947205 33.175564 -714.537415
v 445.096741 29.776487 -731.372925
v 436.033691 29.711290 -727.146729
v 462.010315 33.175564 -718.763611
v 454.159851 29.847750 -735.599121
v 434.821014 33.175568 -706.085022
v 426.970581 29.652548 -722.920532
v 417.907471 29.600658 -718.694397
v 471.073364 33.175564 -722.989807
v 463.222900 29.924685 -739.825256
v 480.136444 33.175560 -727.215942
v 405.060669 29.704828 -788.319275
v 396.317139 29.646086 -783.407715
v 405.309082 29.646259 -764.386414
v 414.183228 29.705006 -768.929932
v 396.468262 29.594364 -759.875549
v 413.761475 29.770025 -793.322144
v 423.092346 29.770205 -773.505554
v 422.419800 29.841286 -798.416443
v 432.037598 29.841469 -778.112610
v 439.608643 30.000340 -808.879089
v 431.035522 29.918224 -803.602051
v 441.019836 29.918402 -782.750305
v 482.321838 7.111722 -489.190582
v 486.290344 6.434133 -490.013123
v 489.095215 6.534412 -508.307434
v 481.908142 7.201119 -507.687897
v 478.828979 7.790137 -487.678192
v 475.211365 7.867139 -505.817108
v 473.676300 9.138059 -483.170532
v 475.922150 8.466554 -485.618683
v 469.212402 8.529656 -502.848938
v 463.431030 9.185755 -498.662842
v 491.293640 7.527015 -575.589722
v 471.473785 8.085984 -563.357422
v 480.546234 8.085987 -546.829468
v 499.837646 7.527017 -558.764954
v 456.975525 8.629342 -551.768311
v 464.509888 8.629345 -536.551208
v 443.081421 9.154264 -545.116516
v 454.219086 9.154265 -529.941284
v 434.777100 9.657934 -538.923401
v 445.595428 9.657937 -523.723938
v 496.678101 3.788369 -484.421417
v 499.772400 3.157171 -478.733459
v 516.388672 3.289250 -487.216125
v 511.925995 3.917107 -494.976288
v 495.147186 4.434484 -487.071869
v 507.665894 4.558368 -500.840088
v 492.821991 5.092694 -489.004150
v 502.372681 5.210217 -505.029846
v 489.969116 5.760185 -490.012085
v 496.125854 5.869840 -507.550110
v 526.988708 6.955251 -590.922363
v 524.282715 6.955253 -572.338257
v 549.343140 6.373506 -577.901428
v 540.208130 6.373507 -561.631836
v 586.284363 5.191365 -537.130981
v 573.928101 5.784608 -553.820190
v 559.623047 5.784608 -547.210388
v 574.468262 5.191368 -530.489502
v 593.092529 4.596606 -525.305054
v 580.667664 4.596607 -518.476074
v 502.751068 2.543707 -472.194580
v 520.097168 2.677619 -479.062469
v 505.097656 1.950794 -465.397308
v 523.017151 2.085033 -470.588409
v 506.789948 1.381253 -458.402649
v 525.121155 1.514310 -461.870148
v 598.750244 4.003139 -512.881287
v 585.600891 4.003140 -507.708740
v 612.689697 2.831269 -478.651672
v 603.205383 3.413788 -499.971558
v 589.603210 3.413790 -495.118652
v 389.279419 32.192440 -685.865479
v 398.342468 32.485249 -690.091675
v 390.718262 29.391449 -706.015869
v 381.655182 29.234798 -701.789673
v 407.405518 32.771420 -694.317810
v 399.781372 29.506069 -710.242065
v 380.216309 31.887171 -681.639282
v 372.592102 29.038258 -697.563477
v 371.153198 31.564032 -677.413086
v 363.529053 28.803965 -693.337280
v 355.265411 30.935801 -673.174988
v 362.090149 31.218073 -673.186890
v 354.466003 28.534052 -689.111084
v 347.790405 28.230665 -685.778015
v 345.725128 30.533083 -669.811279
v 341.026245 27.895941 -681.614563
v 343.596069 30.125439 -667.563416
v 334.167786 27.532011 -676.238403
v 325.256989 29.084785 -654.509583
v 332.300201 29.591118 -659.753540
v 323.235291 27.141024 -669.841675
v 314.359131 26.725193 -664.674438
v 416.468628 33.057201 -698.544006
v 408.844421 29.576519 -714.468201
v 425.757935 33.175568 -701.858826
v 309.559937 28.230692 -740.601074
v 295.088440 27.895967 -734.390747
v 308.071838 27.895971 -718.609985
v 320.900940 28.230692 -724.293945
v 284.131073 27.532042 -729.332581
v 294.349640 27.532043 -712.289246
v 324.782562 28.534073 -747.595337
v 333.064453 28.534250 -729.998108
v 333.845642 28.803982 -751.821533
v 342.127502 28.804159 -734.224304
v 351.971802 29.234810 -760.273926
v 342.908691 29.038271 -756.047729
v 351.190582 29.038450 -738.450439
v 360.253601 29.234987 -742.676636
v 361.034851 29.391453 -764.500061
v 369.316650 29.391632 -746.902832
v 370.097900 29.506069 -768.726257
v 378.379761 29.506245 -751.129028
v 387.531006 29.594191 -778.587524
v 379.161011 29.576513 -772.952454
v 387.442841 29.576691 -755.355164
v 275.693970 27.141054 -725.171814
v 285.343445 27.141060 -708.139832
v 266.843445 26.725143 -721.623962
v 277.882538 26.725147 -704.830383
v 506.781555 -0.606910 -429.723877
v 505.079926 -1.017321 -422.702850
v 525.659851 -0.912793 -416.617371
v 526.204529 -0.493660 -425.814423
v 507.808472 -0.159039 -436.869202
v 526.375000 -0.038574 -435.041656
v 508.152496 0.323480 -444.074188
v 526.808655 0.449650 -444.016449
v 506.789795 1.381078 -458.402954
v 507.811584 0.837824 -451.273712
v 526.389038 0.968193 -452.986298
v 525.120972 1.514136 -461.870483
v 610.153198 0.627306 -424.254486
v 611.008911 1.153804 -437.799835
v 596.042725 1.153805 -439.526367
v 594.342346 0.627307 -427.735718
v 611.662598 1.698509 -451.463318
v 596.616333 1.698509 -451.419556
v 609.445557 0.121837 -410.949707
v 591.529602 0.121837 -416.154266
v 612.048828 2.258603 -465.121704
v 596.059204 2.258604 -463.307953
v 594.377319 2.831270 -475.084351
v 496.100037 -1.995585 -403.012909
v 491.901886 -2.227957 -397.106262
v 509.133148 -2.173401 -383.619080
v 514.386047 -1.926275 -391.318848
v 485.740601 -2.408772 -389.373444
v 502.715881 -2.370479 -375.897736
v 499.715942 -1.714477 -409.286438
v 518.840088 -1.631918 -399.302948
v 502.717957 -1.387449 -415.869690
v 522.762512 -1.293153 -407.751770
v 479.480469 -2.535212 -381.519806
v 496.080048 -2.514691 -368.751709
v 470.769897 -2.604459 -368.836029
v 487.373474 -2.603219 -360.328278
v 582.852051 -0.359789 -399.134338
v 564.123718 -0.814752 -386.099304
v 547.835693 -1.240233 -376.352600
v 535.788513 0.916634 -359.808960
v 529.634583 -1.633409 -367.139801
v 527.443359 0.558572 -354.283203
v 522.184448 -1.991471 -360.150208
v 521.562988 0.238447 -350.543396
v 515.693298 -2.311595 -351.816986
v 512.610229 -2.591063 -347.420227
v 200.621780 22.757296 -689.402161
v 191.558685 22.213297 -685.175964
v 199.409241 22.213301 -668.340515
v 208.472275 22.757299 -672.566650
v 182.495605 21.665754 -680.949768
v 190.346115 21.665758 -664.114319
v 209.684845 23.295618 -693.628357
v 217.535355 23.295622 -676.792847
v 218.747925 23.826122 -697.854492
v 226.598404 23.826124 -681.019043
v 236.809998 24.855125 -706.264832
v 227.810989 24.346672 -702.080688
v 235.661469 24.346674 -685.245178
v 244.724548 24.855129 -689.471375
v 245.937103 25.349350 -710.533020
v 253.787613 25.349350 -693.697571
v 253.400604 25.827206 -714.121277
v 262.222046 25.827206 -697.774109
v 259.281067 26.286547 -717.165771
v 269.970093 26.286551 -701.293701
v 172.339645 21.116812 -676.149231
v 180.797775 21.116814 -659.610657
v 158.501450 20.568611 -668.025146
v 169.827652 20.571289 -653.301636
v 280.347656 26.456022 -626.631287
v 289.410767 27.153204 -630.857544
v 281.560242 25.349297 -647.692993
v 272.497131 24.855074 -643.466797
v 300.797638 27.838255 -636.432800
v 291.767578 25.827150 -652.667114
v 271.284637 25.707685 -622.405151
v 263.434143 24.346621 -639.240662
v 262.221558 24.908390 -618.178955
v 254.371048 23.826071 -635.014465
v 244.095367 23.159889 -609.726562
v 253.158478 24.058769 -613.952820
v 245.307968 23.295567 -630.788269
v 236.244888 22.757244 -626.562073
v 235.032349 22.213249 -605.500427
v 227.181824 22.213247 -622.335938
v 225.969238 21.665707 -601.274231
v 218.118729 21.665707 -618.109680
v 218.031235 21.116768 -597.557434
v 209.572678 21.116770 -614.095825
v 314.125549 28.482922 -643.482239
v 302.994934 26.286495 -658.355164
v 325.257263 29.084972 -654.509766
v 170.446655 15.232881 -495.133514
v 165.727356 15.726033 -505.336365
v 225.236816 13.642389 -502.676544
v 220.995911 13.887986 -507.398041
v 203.153107 13.887988 -494.275208
v 209.147217 13.642391 -488.392822
v 217.245102 14.168533 -512.517578
v 197.816284 14.168535 -500.681641
v 229.925858 13.433883 -498.399780
v 215.725204 13.433885 -483.086823
v 235.016647 13.264602 -494.610077
v 222.807938 13.264604 -478.403931
v 246.198441 13.052277 -488.636719
v 240.458801 13.136687 -491.344940
v 230.311722 13.136689 -474.384888
v 238.149780 13.052279 -471.064362
v 254.407532 13.013510 -485.529663
v 247.340332 13.013512 -467.898285
v 263.774292 13.011093 -482.027588
v 257.018799 13.011095 -464.524841
v 282.507782 13.010994 -475.023438
v 273.140991 13.011094 -478.525513
v 266.572754 13.011096 -461.100067
v 276.002350 13.010997 -457.623901
v 214.021530 14.481894 -517.984436
v 193.203049 14.481895 -507.554260
v 211.357132 14.825928 -523.744568
v 189.077011 14.825751 -514.709595
v 478.839630 -3.277941 34.721500
v 499.897461 -3.277941 34.647816
v 499.888092 -3.277945 15.980171
v 522.408691 -3.277942 34.566231
v 522.394653 -3.277945 15.909832
v 547.666077 -3.277943 34.558903
v 547.697815 -3.277946 15.902512
v 407.868286 -3.277963 -56.113529
v 405.157928 -3.277964 -50.763500
v 418.594086 -3.277961 -37.550171
v 423.031555 -3.277960 -45.066391
v 416.828613 -3.278038 -70.844727
v 411.584167 -3.277963 -62.580742
v 427.775269 -3.277959 -52.703705
v 432.887360 -3.278059 -61.348751
v 455.632202 -3.277938 34.766701
v 478.945801 -3.277945 16.054344
v 455.640594 -3.277942 16.099293
v 435.075775 -3.277939 34.855331
v 435.049988 -3.277942 16.188107
v 418.892151 -3.277939 34.842773
v 419.185730 -3.277943 16.177944
v 405.999420 -3.277937 34.732151
v 405.897156 -3.277941 16.065441
v 397.035797 -3.277967 -39.068413
v 393.712280 -3.277969 -36.460213
v 396.499390 -3.277966 -21.057999
v 401.861145 -3.277964 -22.347826
v 402.399536 -3.277965 -45.950676
v 400.106934 -3.277966 -42.589161
v 409.051056 -3.277963 -26.081814
v 414.364380 -3.277962 -30.286900
v 394.155548 -3.277938 34.754429
v 394.154724 -3.277941 16.098022
v 384.112213 -3.277936 34.754879
v 384.111389 -3.277939 16.098499
v 374.068909 -3.277936 34.755314
v 374.068085 -3.277940 16.098946
v 353.982208 -3.278037 34.756222
v 364.025574 -3.277936 34.755791
v 364.024750 -3.277940 16.099419
v 353.981354 -3.278040 16.099888
v 389.373779 -3.277970 -34.690006
v 382.334198 -3.277973 -33.894157
v 382.335052 -3.277970 -20.642059
v 389.943909 -3.277967 -20.630058
v 374.067291 -3.277946 -33.317276
v 374.068115 -3.277943 -20.622467
v 364.023987 -3.277948 -33.316811
v 364.024811 -3.277944 -20.622028
v 353.980591 -3.277949 -33.316353
v 353.981476 -3.277946 -20.621550
v 563.819031 -3.278033 -66.712296
v 563.838989 -3.278034 -77.536804
v 551.594727 -3.278036 -77.865601
v 551.518311 -3.278034 -67.025421
v 563.798889 -3.278036 -89.460083
v 551.582642 -3.278037 -89.440590
v 563.664368 -3.278032 -56.670391
v 551.349731 -3.278032 -56.983528
v 456.493042 -3.278033 -140.489532
v 451.380981 -3.278035 -131.844574
v 467.439758 -3.278031 -122.348457
v 472.551849 -3.278031 -130.993393
v 463.559814 -3.278032 -113.218208
v 463.917847 -3.278031 -150.133865
v 478.006805 -3.278030 -140.842285
v 487.147003 -3.278032 -166.208221
v 491.591492 -3.278029 -148.554855
v 517.032166 -3.278126 -169.079239
v 505.525421 -3.278031 -168.277222
v 507.397461 -3.278028 -150.186020
v 523.345581 -3.278123 -151.523560
v 554.760071 -3.278038 -92.767830
v 563.754089 -3.278038 -92.766525
v 572.792847 -3.278036 -89.458771
v 575.418457 -3.278061 -95.347099
v 572.994873 -3.278139 -95.347862
v 594.084473 -3.279375 -89.465195
v 563.158630 -3.278027 -26.544655
v 563.327148 -3.278028 -36.586571
v 551.012634 -3.278031 -36.899696
v 550.844055 -3.278029 -26.857780
v 563.495728 -3.278031 -46.628490
v 551.181152 -3.278032 -46.941620
v 562.990112 -3.278025 -16.502754
v 550.675476 -3.278025 -16.815880
v 562.821533 -3.278024 -6.460837
v 550.506958 -3.278027 -6.773972
v 562.484375 -3.278123 13.878769
v 562.652954 -3.278022 3.581078
v 550.338379 -3.278024 3.267944
v 550.169800 -3.278123 13.565636
v 437.276886 -3.278035 -105.424484
v 432.164825 -3.278035 -96.779533
v 448.223572 -3.278035 -87.283379
v 453.335663 -3.278033 -95.928314
v 427.052734 -3.278036 -88.134621
v 443.111511 -3.278034 -78.638435
v 442.388977 -3.278036 -114.069397
v 458.447723 -3.278033 -104.573265
v 447.501038 -3.278035 -122.714325
v 421.940674 -3.278038 -79.489655
v 437.999420 -3.278034 -69.993484
v 432.887360 -3.278036 -61.348549
v 243.505188 -2.672971 34.761230
v 253.548492 -2.860480 34.761238
v 243.505188 -2.672975 16.104853
v 253.548508 -2.860484 16.104856
v 233.461853 -2.474288 34.761230
v 233.461853 -2.474292 16.104853
v 263.591797 -3.025719 34.761238
v 263.591827 -3.025722 16.104856
v 273.635132 -3.157591 34.761238
v 273.635132 -3.157594 16.104862
v 283.678436 -3.244999 34.761242
v 293.721832 -3.276949 34.761250
v 283.678436 -3.245003 16.104866
v 293.721863 -3.276953 16.104876
v 263.590912 -2.029666 -30.508179
v 253.547607 -2.334416 -30.544483
v 263.590332 -3.025787 -16.047667
v 253.547012 -2.860523 -16.851437
v 273.634247 -2.183598 -30.533203
v 273.633667 -3.157692 -15.381123
v 245.441132 -1.992054 -30.512775
v 243.503708 -2.672995 -17.743622
v 233.460373 -1.586021 -30.522541
v 233.460373 -2.474298 -18.675419
v 283.677582 -2.253057 -30.511639
v 283.676971 -3.245140 -14.900602
v 293.720886 -2.331504 -30.498974
v 293.720276 -3.277035 -14.654922
v 203.331909 -1.922165 34.761227
v 213.375214 -2.087788 34.761230
v 203.331909 -1.922168 16.104847
v 213.375214 -2.087792 16.104849
v 193.288574 -1.789753 34.761227
v 193.288574 -1.789756 16.104843
v 223.418533 -2.275528 34.761230
v 223.418533 -2.275531 16.104847
v 183.245239 -1.701651 34.761219
v 183.245239 -1.701655 16.104841
v 173.201935 -1.668956 34.761219
v 173.201935 -1.668959 16.104834
v 223.417038 -1.527938 -30.556602
v 216.509689 -1.691035 -31.418468
v 223.417053 -2.275529 -19.598026
v 213.373749 -2.087785 -20.462629
v 313.809143 -3.278038 34.757961
v 323.852417 -3.278038 34.757500
v 323.851654 -3.278042 16.101133
v 313.808319 -3.278042 16.101612
v 333.895813 -3.278038 34.757084
v 333.894958 -3.278041 16.100670
v 303.765839 -3.278037 34.758423
v 303.764984 -3.278040 16.102034
v 293.721680 -3.276955 34.761299
v 293.721680 -3.278040 16.102474
v 343.939148 -3.278038 34.756615
v 343.938293 -3.278043 16.100191
v 353.982391 -3.278038 34.756157
v 353.981598 -3.278043 16.099752
v 313.807556 -2.331501 -30.499805
v 303.764191 -2.331503 -30.499401
v 303.765045 -3.278033 -14.657797
v 313.808350 -3.278031 -14.658285
v 293.720123 -3.277041 -14.654907
v 323.850830 -2.331500 -30.500214
v 323.851654 -3.278030 -14.658678
v 333.894196 -2.331497 -30.500694
v 333.895020 -3.278027 -14.659161
v 343.937500 -3.278030 -33.315998
v 343.938324 -3.278026 -14.659601
v 133.027191 -1.668966 34.761227
v 143.070496 -1.668967 34.761219
v 143.070496 -1.668969 16.104843
v 133.027191 -1.668968 16.104843
v 153.113831 -1.668968 34.761219
v 153.113831 -1.668970 16.104839
v 122.983879 -1.668965 34.761227
v 122.983879 -1.668967 16.104843
v 163.157166 -1.668969 34.761215
v 163.157166 -1.668971 16.104839
v 173.200485 -1.668970 34.761215
v 173.200485 -1.668972 16.104832
v 112.940544 -1.668964 34.761227
v 112.940544 -1.668966 16.104851
v 92.853897 -1.668962 34.761234
v 102.897209 -1.668963 34.761227
v 102.897209 -1.668965 16.104851
v 92.853897 -1.668964 16.104851
v 82.810593 -1.668961 34.761234
v 82.810593 -1.668963 16.104851
v 72.767258 -1.668960 34.761234
v 72.767258 -1.668962 16.104858
v 62.723946 -1.668959 34.761234
v 62.723946 -1.668961 16.104858
v 12.507198 -1.669052 34.761257
v 22.550522 -1.669053 34.761253
v 22.550522 -1.669054 16.104874
v 12.507198 -1.669053 16.104874
v 32.593842 -1.669054 34.761253
v 32.593842 -1.669055 16.104870
v 42.637165 -1.669055 34.761246
v 42.637165 -1.669056 16.104870
v 52.680489 -1.669056 34.761246
v 52.680489 -1.669057 16.104862
v 2.463875 -1.669051 34.761257
v 2.463875 -1.669052 16.104874
v -7.579433 -1.669050 34.761257
v -7.579433 -1.669051 16.104881
v -27.666092 -1.669048 34.761265
v -17.622772 -1.669049 34.761257
v -17.622772 -1.669050 16.104881
v -27.666092 -1.669049 16.104881
v -37.709404 -1.669047 34.761265
v -37.709404 -1.669049 16.104881
v -47.752724 -1.669046 34.761265
v -47.752724 -1.669048 16.104889
v -67.839432 -1.669145 34.761276
v -57.796043 -1.669045 34.761265
v -57.796043 -1.669047 16.104889
v -67.839432 -1.669147 16.104900
v 571.623230 -3.277955 -213.752243
v 568.787109 -3.277958 -223.386795
v 547.229614 -3.277957 -217.011993
v 550.065735 -3.277955 -207.377441
v 565.951050 -3.277960 -233.021378
v 546.888672 -3.277958 -227.394699
v 574.459290 -3.277955 -204.117676
v 552.824402 -3.277953 -197.778824
v 577.295349 -3.277953 -194.483093
v 555.660461 -3.277952 -188.144241
v 563.114929 -3.277960 -242.655975
v 545.217834 -3.277960 -237.387695
v 560.278870 -3.277962 -252.290543
v 542.381775 -3.277961 -247.022263
v 506.320679 -3.277939 -194.530975
v 509.156769 -3.277939 -184.896423
v 530.977356 -3.277939 -191.366348
v 527.825928 -3.277939 -200.258591
v 511.992828 -3.277939 -175.261841
v 533.813477 -3.277939 -181.731766
v 503.484589 -3.277939 -204.165543
v 524.168823 -3.277939 -209.612381
v 500.648499 -3.277937 -213.800140
v 520.511658 -3.277937 -218.966202
v 494.976318 -3.278039 -233.069321
v 497.812439 -3.277938 -223.434692
v 516.854553 -3.277937 -228.319992
v 512.873413 -3.278038 -238.337585
v 582.967529 -3.277949 -175.213928
v 580.131470 -3.277950 -184.848495
v 562.234375 -3.277950 -179.580231
v 565.070435 -3.277948 -169.945663
v 587.440369 -3.277947 -158.298187
v 568.931396 -3.277946 -155.757935
v 592.637939 -3.277943 -134.627747
v 574.070984 -3.277943 -132.550659
v 594.074829 -3.278061 -95.354836
v 594.994019 -3.277940 -112.143768
v 575.429810 -3.277940 -112.171730
v 517.031982 -3.277947 -169.079193
v 536.649536 -3.277939 -172.097168
v 523.345581 -3.277944 -151.523544
v 537.311584 -3.277939 -161.559845
v 537.373535 -3.277941 -154.783524
v 469.400085 -3.156257 -319.738953
v 472.242706 -3.244426 -310.106323
v 490.136200 -3.244426 -315.386780
v 487.293579 -3.156258 -325.019409
v 466.245239 -3.016059 -330.667633
v 484.377747 -3.016059 -335.057648
v 470.769867 -2.604455 -368.836151
v 465.078827 -2.826650 -350.158264
v 483.605499 -2.826650 -347.962067
v 487.373413 -2.603214 -360.328369
v 537.532104 -3.244428 -329.372101
v 535.525208 -3.156270 -336.342529
v 515.287354 -3.156268 -333.426270
v 519.638611 -3.244427 -324.091614
v 523.875854 -0.245982 -340.700378
v 512.135559 -3.016080 -343.414856
v 517.461182 -0.105795 -344.237915
v 512.013000 -2.826678 -345.460175
v 516.406250 -0.041025 -347.928528
v 512.610107 -2.590883 -347.420258
v 480.770660 -3.277960 -281.208405
v 483.613312 -3.277961 -271.575775
v 501.506805 -3.277961 -276.856262
v 498.664154 -3.277961 -286.488892
v 477.928009 -3.277960 -290.841064
v 495.821503 -3.277960 -296.121521
v 475.085358 -3.277747 -300.473694
v 492.978851 -3.277747 -305.754181
v 540.374756 -3.277739 -319.739502
v 522.481262 -3.277739 -314.459015
v 543.217407 -3.277949 -310.106842
v 525.323914 -3.277948 -304.826355
v 548.902710 -3.277946 -290.841583
v 546.060059 -3.277948 -300.474182
v 528.166565 -3.277947 -295.193726
v 531.009216 -3.277946 -285.561096
v 486.455963 -3.277961 -261.943176
v 504.349457 -3.277961 -267.223663
v 489.298615 -3.277961 -252.310516
v 507.192108 -3.277961 -257.591003
v 492.141266 -3.277961 -242.677887
v 510.034760 -3.277962 -247.958359
v 494.983917 -3.277962 -233.045258
v 512.877380 -3.277962 -238.325745
v 551.745361 -3.277944 -281.208954
v 533.851868 -3.277944 -275.928467
v 554.588013 -3.277942 -271.576324
v 536.694519 -3.277942 -266.295837
v 560.273315 -3.278040 -252.311005
v 557.430664 -3.277941 -261.943695
v 539.537170 -3.277940 -256.663208
v 542.379822 -3.278040 -247.030518
v -111.232452 16.486826 -450.875061
v -117.611282 17.406605 -458.876678
v -132.269302 17.406605 -448.341095
v -126.467194 16.486830 -440.143311
v -124.207748 18.570599 -465.457214
v -138.071426 18.253366 -456.538910
v -105.430321 15.532185 -442.677246
v -120.665100 15.532188 -431.945526
v -99.628204 14.580834 -434.479431
v -114.862976 14.580835 -423.747742
v -88.023994 12.840632 -418.083862
v -93.826096 13.670931 -426.281647
v -109.060852 13.670933 -415.549927
v -103.258774 12.840634 -407.352142
v -82.221893 12.128094 -409.886108
v -97.456642 12.128094 -399.154327
v -76.419777 11.571465 -401.688293
v -91.654533 11.571467 -390.956543
v -64.815506 11.078474 -385.292603
v -70.617676 11.208909 -393.490479
v -85.852455 11.208913 -382.758759
v -80.043785 11.078443 -374.515137
v -130.243652 19.576475 -471.366364
v -143.873535 18.988953 -464.736694
v -130.217865 19.576473 -546.748596
v -144.632553 19.576473 -546.748596
v -130.217865 19.576479 -491.821136
v -144.632568 19.576479 -491.821136
v -57.095230 19.764446 -546.748596
v -57.095238 19.764452 -491.821136
v -28.763336 23.742582 -546.748535
v -28.763344 23.742588 -491.821136
v 3.269586 30.434967 -546.748535
v 3.269577 30.434973 -491.821106
v 33.143494 33.618053 -546.748535
v 33.143486 33.618057 -491.821106
v 69.911568 33.664333 -546.748535
v 69.911560 33.664337 -491.821106
v 103.451401 29.779535 -546.748535
v 103.451393 29.779541 -491.821106
v 132.168762 20.800077 -546.748535
v 132.168762 23.718742 -491.821106
v 138.944397 16.466011 -549.083069
v 139.418350 16.020662 -536.456543
v 153.995712 14.481943 -486.506195
v -130.217850 19.576471 -581.661194
v -144.632553 19.576471 -581.661194
v -57.095222 19.764444 -581.661133
v -28.763329 22.833721 -581.661133
v 3.269591 27.504168 -581.661133
v 33.143501 29.725565 -581.661133
v 69.911575 29.725565 -581.661133
v 103.451408 27.014463 -581.661133
v 132.168732 20.380527 -581.661133
v 138.944351 17.445038 -569.379639
v 138.944397 16.931343 -559.083069
v -130.217834 19.576468 -624.669495
v -144.632538 19.576468 -624.669495
v -57.095207 19.764441 -624.669495
v -28.763321 21.023678 -624.669495
v 33.143509 24.532448 -624.669434
v 103.451416 23.152174 -624.669434
v 132.168777 20.998762 -624.669434
v 140.425430 18.425846 -595.199829
v -111.506592 9.724030 -150.989105
v -266.469452 9.056199 -98.675034
v -257.434692 9.724035 -79.233521
v -63.412155 9.724035 -79.233505
v 52.880432 9.724029 -172.984741
v 100.974884 9.724034 -101.229126
v 202.557709 9.724027 -219.860611
v 250.652191 9.724031 -148.104996
v 300.617645 9.724020 -321.655884
v 348.712067 9.724025 -249.900253
v 375.994476 10.086484 -413.529846
v 427.490265 9.724015 -371.601990
v -270.553101 15.278560 -166.731674
v -277.085815 14.155880 -150.336456
v -222.192810 17.347511 -241.100632
v -75.589920 8.207638 -301.711517
v -100.760757 8.160901 -316.851807
v 35.363892 8.639701 -291.726318
v 77.232086 9.026736 -291.726318
v 200.023468 9.891959 -310.424164
v 234.923676 10.018396 -321.180511
v 285.845917 10.086499 -349.668304
v 256.959076 10.068371 -331.152161
v 111.851318 9.349404 -291.726318
v 153.759216 9.648548 -299.270508
v -47.333008 8.282933 -292.591919
v -17.693970 8.382739 -291.726318
v -272.916962 10.486772 -114.633171
v -278.032532 12.408154 -132.741852
v -252.249710 15.104195 -183.833527
v -227.588806 14.068547 -211.122131
v 449.701935 11.013219 -465.991699
v 441.519684 11.403698 -460.167847
v 456.911041 9.664617 -408.361816
v 425.154999 12.075797 -448.520142
v 416.972565 12.351784 -442.696289
v 392.425507 12.905668 -425.224670
v 466.066742 9.802019 -477.639404
v 491.443451 8.773335 -447.858093
v 473.675995 9.138051 -483.170471
v -177.382904 10.987191 -274.340332
v -211.046585 20.151270 -512.820801
v -211.116257 20.151272 -494.164551
v -189.468994 20.147017 -513.040161
v -189.442795 20.147017 -494.383759
v -144.438446 19.575022 -513.111938
v -166.690735 19.973892 -513.083374
v -166.739487 19.973892 -494.427032
v -144.607880 19.575022 -494.456360
v -220.232147 19.573582 -429.859528
v -225.724991 19.500525 -430.459137
v -219.844543 20.068005 -402.341248
v -215.093826 19.642891 -427.827576
v -231.180664 19.430136 -429.583618
v -236.210083 19.376835 -427.295441
v -240.454605 19.362820 -423.757782
v -242.686569 19.402283 -419.003448
v -242.860596 19.493689 -414.014252
v -242.278625 19.662939 -407.468994
v -241.318359 20.090637 -397.193970
v -240.257690 20.151413 -387.206757
v -208.923538 19.581572 -423.362854
v -200.955643 19.361179 -417.248871
v -204.281113 20.004414 -413.880127
v -229.898041 20.151270 -512.973328
v -254.887924 20.151268 -512.975464
v -254.893051 20.151270 -494.319122
v -229.891525 20.151270 -494.316956
v -276.753296 20.151266 -513.160950
v -276.607727 20.151268 -494.526978
vn 0.0250 0.9947 0.0993
vn 0.0271 0.9927 0.1177
vn 0.0200 0.9931 0.1158
vn 0.0235 0.9919 0.1247
vn 0.0326 0.9970 0.0698
vn 0.0275 0.9964 0.0802
vn 0.0280 0.9964 0.0802
vn 0.0243 0.9955 0.0918
vn 0.0504 0.9951 0.0853
vn 0.0408 0.9945 0.0963
vn 0.0820 0.9954 0.0492
vn 0.0567 0.9936 0.0979
vn 0.0967 0.9921 0.0794
vn 0.0657 0.9885 0.1363
vn 0.0923 0.9851 0.1452
vn 0.0615 0.9932 0.0986
vn 0.1875 0.9803 -0.0619
vn 0.1451 0.9863 -0.0783
vn 0.0260 0.9986 0.0456
vn 0.1625 0.9844 0.0674
vn 0.1201 0.9836 0.1346
vn 0.1062 0.9768 0.1860
vn 0.2833 0.9407 -0.1866
vn 0.3015 0.9163 -0.2636
vn 0.1298 0.9915 0.0004
vn 0.0134 0.9995 0.0286
vn -0.0068 0.9998 -0.0162
vn 0.0073 1.0000 -0.0000
vn 0.0036 1.0000 -0.0000
vn 0.0009 1.0000 -0.0000
vn 0.0108 0.9999 -0.0000
vn -0.0000 1.0000 -0.0000
vn 0.0072 1.0000 -0.0000
vn 0.0107 0.9999 -0.0000
vn 0.0109 0.9999 -0.0000
vn 0.0074 1.0000 -0.0000
vn 0.0035 1.0000 -0.0000
vn 0.0037 1.0000 -0.0000
vn 0.0008 1.0000 -0.0000
vn 0.0142 0.9999 -0.0000
vn 0.0207 0.9998 -0.0000
vn 0.0175 0.9998 -0.0000
vn 0.0237 0.9997 -0.0000
vn 0.0266 0.9996 -0.0000
vn 0.0307 0.9995 -0.0000
vn 0.0293 0.9996 -0.0000
vn 0.0206 0.9998 -0.0000
vn 0.0236 0.9997 -0.0000
vn 0.0238 0.9997 -0.0000
vn 0.0208 0.9998 -0.0000
vn 0.0265 0.9996 -0.0000
vn 0.0174 0.9998 -0.0000
vn 0.0176 0.9998 -0.0000
vn 0.0141 0.9999 -0.0000
vn 0.0143 0.9999 -0.0000
vn 0.0294 0.9996 -0.0000
vn 0.0376 0.9992 0.0126
vn -0.0143 0.9993 0.0352
vn 0.0477 0.9988 -0.0068
vn -0.1606 0.9558 -0.2462
vn -0.1256 0.9758 -0.1791
vn 0.0353 0.9994 -0.0039
vn 0.0557 0.9984 -0.0127
vn 0.0159 0.9999 0.0039
vn 0.0644 0.9979 0.0086
vn 0.0053 0.9988 -0.0494
vn 0.0695 0.9973 -0.0221
vn -0.0476 0.9960 0.0761
vn -0.0506 0.9940 0.0972
vn -0.0421 0.9991 0.0109
vn -0.0237 0.9997 0.0082
vn -0.0263 0.9989 -0.0384
vn -0.0013 0.9992 -0.0405
vn 0.0139 0.9974 -0.0706
vn 0.0050 0.9977 -0.0678
vn 0.0368 0.9975 -0.0599
vn -0.0132 0.9992 -0.0380
vn -0.0014 0.9974 -0.0720
vn -0.0227 0.9990 -0.0388
vn -0.0176 0.9979 -0.0626
vn 0.0103 0.9993 -0.0351
vn 0.0035 0.9986 -0.0523
vn -0.0095 0.9999 -0.0054
vn 0.0043 0.9986 -0.0528
vn -0.0139 0.9998 -0.0110
vn -0.0168 0.9996 -0.0213
vn 0.0126 0.9999 -0.0110
vn 0.0270 0.9991 -0.0332
vn 0.0249 0.9975 -0.0667
vn 0.0139 0.9992 -0.0387
vn 0.0191 0.9953 -0.0948
vn 0.0216 0.9990 -0.0382
vn 0.0400 0.9970 -0.0657
vn 0.0196 0.9994 -0.0294
vn 0.0343 0.9993 -0.0112
vn 0.0219 0.9998 0.0017
vn 0.0120 0.9999 -0.0032
vn 0.0116 0.9999 -0.0126
vn 0.0079 0.9998 -0.0193
vn 0.0103 0.9999 -0.0111
vn 0.0070 0.9999 0.0087
vn 0.5741 0.8146 -0.0828
vn -0.0600 0.9947 0.0830
vn -0.0515 0.9979 0.0380
vn -0.0679 0.9959 0.0592
vn -0.0687 0.9960 0.0575
vn -0.0867 0.9953 0.0436
vn -0.0144 0.9999 -0.0018
vn -0.1526 0.9847 0.0842
vn -0.1565 0.9789 0.1316
vn -0.0854 0.9937 0.0722
vn 0.0916 0.9929 0.0761
vn -0.0746 0.9934 -0.0876
vn 0.0022 1.0000 -0.0046
vn -0.1017 0.9924 -0.0687
vn -0.1872 0.9626 -0.1959
vn -0.1300 0.9845 -0.1178
vn -0.1936 0.9526 -0.2346
vn -0.0950 0.9954 -0.0115
vn -0.1374 0.9898 -0.0385
vn -0.0877 0.9961 0.0014
vn -0.1197 0.9927 -0.0136
vn -0.0627 0.9975 -0.0317
vn -0.0900 0.9954 -0.0319
vn -0.0615 0.9978 -0.0236
vn -0.1545 0.9770 -0.1472
vn -0.0603 0.9982 0.0071
vn -0.0625 0.9980 0.0079
vn -0.0284 0.9992 -0.0267
vn -0.1056 0.9923 0.0650
vn -0.1441 0.9891 0.0291
vn -0.1588 0.9696 0.1859
vn -0.2588 0.9489 0.1804
vn -0.0619 0.9930 0.1007
vn -0.1024 0.9761 0.1918
vn 0.0382 0.9991 0.0186
vn 0.0655 0.9964 0.0540
vn 0.0680 0.9973 0.0285
vn 0.0754 0.9954 0.0590
vn 0.0369 0.9992 -0.0161
vn 0.0717 0.9974 -0.0071
vn 0.0369 0.9990 -0.0256
vn 0.0610 0.9979 -0.0225
vn 0.0338 0.9994 0.0026
vn 0.0534 0.9985 -0.0067
vn 0.0021 1.0000 0.0079
vn 0.0389 0.9984 0.0413
vn 0.0099 0.9998 -0.0147
vn 0.0200 0.9996 -0.0184
vn 0.0152 0.9999 -0.0058
vn 0.0096 0.9996 0.0279
vn 0.0224 0.9974 0.0684
vn -0.0095 0.9986 0.0512
vn -0.0167 0.9942 0.1061
vn -0.0339 0.9988 0.0357
vn -0.0155 0.9951 0.0975
vn -0.0024 1.0000 0.0050
vn -0.0098 0.9999 0.0069
vn -0.0615 0.9981 0.0003
vn -0.0660 0.9972 0.0347
vn -0.0437 0.9964 0.0729
vn -0.0481 0.9979 0.0425
vn -0.0059 0.9996 0.0285
vn -0.0164 0.9903 0.1376
vn 0.0155 0.9989 0.0450
vn -0.0003 0.9965 0.0835
vn 0.0057 0.9989 0.0472
vn 0.0066 0.9976 0.0689
vn -0.0669 0.9977 0.0138
vn -0.0086 1.0000 -0.0050
vn 0.0093 0.9996 0.0250
vn 0.0133 0.9994 0.0308
vn -0.0187 0.9988 0.0452
vn -0.0461 0.9967 0.0664
vn 0.0123 0.9996 0.0264
vn 0.0383 0.9966 -0.0724
vn 0.0481 0.9919 -0.1176
vn 0.0485 0.9946 -0.0919
vn 0.0547 0.9952 -0.0808
vn -0.0091 0.9997 -0.0229
vn -0.0155 0.9986 -0.0508
vn -0.0773 0.9935 -0.0831
vn -0.1218 0.9868 -0.1066
vn -0.0603 0.9977 -0.0318
vn -0.0765 0.9953 -0.0588
vn -0.2518 0.9209 -0.2977
vn -0.3008 0.8802 -0.3672
vn 0.0487 0.9715 0.2319
vn -0.0067 0.9943 0.1066
vn 0.0015 0.9932 0.1163
vn 0.0807 0.9660 0.2456
vn 0.0727 0.9790 0.1907
vn 0.0771 0.9805 0.1808
vn 0.1084 0.9835 0.1446
vn 0.1014 0.9841 0.1455
vn 0.0445 0.9987 -0.0235
vn -0.0188 0.9926 -0.1199
vn 0.0290 0.9928 -0.1160
vn 0.0823 0.9965 -0.0152
vn -0.0472 0.9963 -0.0720
vn 0.0030 0.9991 0.0412
vn -0.0021 0.9992 0.0409
vn 0.0046 0.9992 0.0391
vn 0.0024 0.9994 0.0333
vn -0.0054 0.9977 0.0680
vn 0.0080 0.9986 0.0532
vn -0.0056 0.9964 0.0840
vn -0.0226 0.9992 0.0329
vn -0.0463 0.9985 0.0301
vn -0.0222 0.9994 0.0274
vn 0.0049 0.9983 0.0581
vn 0.0096 0.9995 0.0306
vn 0.0060 0.9994 0.0336
vn 0.0141 0.9995 0.0284
vn -0.0596 0.9957 0.0715
vn -0.0407 0.9970 0.0653
vn -0.0788 0.9919 0.0995
vn -0.0144 0.9972 0.0736
vn -0.0371 0.9925 0.1161
vn -0.0323 0.9992 0.0233
vn -0.0083 0.9994 0.0334
vn -0.0160 0.9992 0.0359
vn -0.0055 0.9992 0.0387
vn -0.1125 0.9918 0.0614
vn -0.0090 0.9993 0.0375
vn 0.0126 0.9992 0.0379
vn 0.0155 0.9988 0.0468
vn 0.0129 0.9983 0.0568
vn -0.0524 0.9982 0.0276
vn 0.0170 0.9990 0.0422
vn 0.0166 0.9985 0.0526
vn -0.0992 0.9946 0.0314
vn -0.0344 0.9966 0.0751
vn 0.5716 0.8188 -0.0532
vn -0.0000 1.0000 0.0029
vn 0.0306 0.9995 0.0095
vn 0.0281 0.9996 0.0039
vn 0.0327 0.9994 0.0078
vn 0.0353 0.9993 0.0138
vn 0.0283 0.9996 0.0003
vn 0.0296 0.9996 0.0017
vn 0.0299 0.9995 0.0133
vn 0.0307 0.9994 0.0136
vn 0.0237 0.9997 0.0064
vn 0.0236 0.9997 0.0069
vn 0.0309 0.9995 0.0005
vn 0.0312 0.9995 0.0006
vn 0.0313 0.9995 0.0010
vn 0.0306 0.9995 0.0006
vn 0.0781 0.9932 0.0861
vn 0.0686 0.9896 0.1262
vn 0.0203 0.9969 0.0758
vn 0.0312 0.9985 0.0449
vn 0.0477 0.9853 0.1640
vn 0.0019 0.9942 0.1072
vn 0.0752 0.9960 0.0480
vn 0.0348 0.9992 0.0182
vn 0.0530 0.9985 0.0157
vn 0.0330 0.9995 0.0027
vn 0.0360 0.9994 0.0008
vn 0.0380 0.9993 0.0025
vn 0.0348 0.9994 0.0007
vn 0.0344 0.9994 -0.0000
vn 0.0399 0.9992 0.0057
vn 0.0296 0.9993 0.0215
vn 0.0267 0.9995 0.0160
vn 0.0270 0.9995 0.0185
vn 0.0308 0.9992 0.0251
vn 0.0284 0.9993 0.0248
vn 0.0292 0.9992 0.0285
vn 0.0267 0.9993 0.0279
vn 0.0273 0.9991 0.0318
vn 0.0235 0.9992 0.0335
vn 0.0247 0.9992 0.0308
vn 0.0249 0.9991 0.0349
vn 0.0235 0.9990 0.0377
vn -0.0192 0.9752 0.2204
vn -0.0599 0.9700 0.2355
vn -0.0862 0.9803 0.1778
vn -0.0530 0.9857 0.1602
vn -0.1017 0.9652 0.2411
vn -0.1206 0.9747 0.1880
vn 0.0176 0.9804 0.1961
vn -0.0230 0.9904 0.1362
vn -0.1421 0.9609 0.2378
vn -0.1546 0.9694 0.1908
vn -0.1982 0.9569 0.2121
vn -0.1701 0.9656 0.1968
vn 0.0208 0.9985 0.0515
vn 0.0206 0.9985 0.0510
vn 0.0193 0.9988 0.0448
vn 0.0189 0.9987 0.0467
vn 0.0192 0.9987 0.0475
vn 0.0188 0.9986 0.0489
vn 0.0159 0.9989 0.0436
vn 0.0140 0.9988 0.0471
vn 0.0196 0.9992 0.0362
vn 0.0191 0.9990 0.0403
vn 0.0210 0.9992 0.0336
vn 0.0207 0.9991 0.0377
vn -0.2614 0.9490 0.1763
vn -0.2679 0.9465 0.1798
vn -0.2672 0.9490 0.1675
vn -0.2606 0.9512 0.1649
vn -0.2795 0.9441 0.1749
vn -0.2782 0.9474 0.1581
vn -0.2537 0.9513 0.1752
vn -0.2527 0.9540 0.1612
vn -0.2383 0.9530 0.1873
vn -0.2385 0.9571 0.1645
vn -0.2123 0.9546 0.2091
vn -0.2152 0.9606 0.1761
vn 0.0051 0.9994 0.0346
vn 0.0109 0.9991 0.0405
vn 0.0078 0.9991 0.0419
vn 0.0029 0.9993 0.0363
vn 0.0011 0.9994 0.0349
vn -0.0013 0.9993 0.0376
vn -0.0029 0.9992 0.0386
vn -0.0059 0.9991 0.0418
vn -0.0105 0.9992 0.0396
vn -0.0072 0.9992 0.0393
vn -0.0107 0.9990 0.0425
vn -0.0143 0.9990 0.0427
vn -0.3129 0.9427 0.1162
vn -0.3238 0.9428 0.0799
vn -0.3186 0.9456 0.0662
vn -0.3086 0.9459 0.0998
vn -0.3286 0.9436 0.0409
vn -0.3238 0.9456 0.0314
vn -0.2971 0.9429 0.1503
vn -0.2944 0.9466 0.1318
vn -0.3257 0.9455 -0.0002
vn -0.3234 0.9463 -0.0038
vn -0.3216 0.9466 -0.0214
vn -0.3212 0.9468 -0.0220
vn -0.0000 1.0000 -0.0003
vn -0.0001 1.0000 -0.0001
vn -0.0002 1.0000 -0.0000
vn -0.0001 1.0000 -0.0000
vn 0.0147 0.9997 0.0174
vn 0.0079 0.9999 0.0137
vn 0.0128 0.9999 0.0022
vn 0.0208 0.9998 0.0026
vn 0.0028 0.9999 0.0097
vn 0.0062 1.0000 0.0018
vn 0.0194 0.9997 0.0156
vn -0.0000 1.0000 0.0043
vn 0.0014 1.0000 0.0012
vn -0.0006 1.0000 0.0002
vn -0.0004 1.0000 -0.0000
vn -0.0004 1.0000 0.0002
vn -0.0007 1.0000 0.0004
vn -0.0003 1.0000 -0.0000
vn -0.0003 1.0000 0.0001
vn -0.0007 1.0000 0.0003
vn -0.0002 1.0000 0.0001
vn -0.0068 0.9975 -0.0699
vn -0.0119 0.9969 -0.0778
vn -0.0081 0.9963 -0.0854
vn -0.0044 0.9972 -0.0750
vn -0.0192 0.9963 -0.0836
vn -0.0138 0.9954 -0.0946
vn -0.0036 0.9982 -0.0601
vn -0.0021 0.9980 -0.0634
vn -0.0016 0.9988 -0.0485
vn -0.0008 0.9987 -0.0504
vn -0.0001 0.9998 -0.0204
vn -0.0005 0.9994 -0.0353
vn -0.0002 0.9993 -0.0363
vn -0.0000 0.9998 -0.0209
vn -0.0000 1.0000 -0.0065
vn -0.0000 1.0000 -0.0068
vn -0.0294 0.9958 -0.0872
vn -0.0219 0.9945 -0.1024
vn -0.0487 0.9945 -0.0932
vn -0.0287 0.9944 -0.1019
vn 0.0649 0.9978 0.0113
vn 0.0523 0.9984 0.0226
vn 0.0628 0.9980 -0.0027
vn 0.0765 0.9969 -0.0164
vn 0.0412 0.9988 0.0267
vn 0.0507 0.9987 0.0031
vn 0.0784 0.9969 -0.0011
vn 0.0913 0.9953 -0.0317
vn 0.0927 0.9956 -0.0125
vn 0.1069 0.9932 -0.0458
vn 0.1231 0.9919 -0.0323
vn 0.1076 0.9939 -0.0229
vn 0.1230 0.9907 -0.0587
vn 0.1397 0.9877 -0.0705
vn 0.1391 0.9894 -0.0407
vn 0.1568 0.9843 -0.0812
vn 0.1554 0.9867 -0.0482
vn 0.1744 0.9805 -0.0906
vn 0.1824 0.9812 -0.0633
vn 0.1721 0.9836 -0.0546
vn 0.1923 0.9763 -0.0989
vn 0.2049 0.9728 -0.1080
vn 0.0315 0.9992 0.0240
vn 0.0399 0.9992 0.0031
vn 0.0251 0.9994 0.0249
vn 0.0336 0.9994 0.0060
vn -0.0102 0.9999 0.0125
vn -0.0217 0.9993 0.0307
vn -0.0260 0.9992 0.0320
vn -0.0203 0.9997 0.0157
vn -0.0186 0.9993 0.0336
vn -0.0228 0.9991 0.0354
vn -0.0070 1.0000 -0.0040
vn -0.0217 0.9998 0.0007
vn -0.0552 0.9980 0.0316
vn -0.0571 0.9979 0.0305
vn -0.0151 0.9992 0.0360
vn -0.0192 0.9991 0.0383
vn -0.0121 0.9993 0.0362
vn -0.0159 0.9991 0.0387
vn -0.1645 0.9741 -0.1552
vn -0.1111 0.9812 -0.1580
vn -0.1734 0.9742 -0.1441
vn -0.2098 0.9684 -0.1348
vn -0.0628 0.9897 -0.1289
vn -0.1365 0.9835 -0.1186
vn -0.2158 0.9669 -0.1364
vn -0.2515 0.9610 -0.1149
vn -0.2569 0.9598 -0.1134
vn -0.2800 0.9552 -0.0957
vn -0.3048 0.9504 -0.0614
vn -0.2901 0.9536 -0.0806
vn -0.3019 0.9508 -0.0693
vn -0.3112 0.9488 -0.0543
vn -0.0285 0.9986 -0.0450
vn -0.0207 0.9997 -0.0121
vn -0.0471 0.9989 -0.0056
vn -0.0703 0.9969 -0.0362
vn -0.0145 0.9999 0.0092
vn -0.0269 0.9995 0.0137
vn -0.0413 0.9956 -0.0841
vn -0.1026 0.9920 -0.0731
vn -0.0133 0.9998 0.0165
vn -0.0177 0.9997 0.0186
vn -0.0054 0.9994 0.0330
vn -0.0054 0.9999 0.0152
vn -0.0817 0.9949 0.0596
vn -0.1000 0.9918 0.0794
vn -0.0881 0.9936 0.0707
vn -0.0726 0.9960 0.0526
vn -0.0618 0.9974 0.0383
vn -0.0559 0.9979 0.0316
vn -0.1063 0.9796 0.1706
vn -0.0799 0.9878 0.1337
vn -0.0972 0.9630 0.2515
vn -0.1208 0.9548 0.2717
vn -0.0835 0.9735 0.2129
vn -0.0393 0.9961 0.0786
vn -0.3130 0.9491 -0.0358
vn -0.3629 0.9316 -0.0212
vn -0.3254 0.9394 -0.1083
vn -0.2787 0.9537 -0.1132
vn -0.4086 0.9121 -0.0349
vn -0.3749 0.9194 -0.1193
vn -0.2674 0.9624 -0.0473
vn -0.2341 0.9649 -0.1189
vn -0.2225 0.9732 -0.0580
vn -0.1903 0.9738 -0.1243
vn -0.1423 0.9870 -0.0750
vn -0.1799 0.9814 -0.0671
vn -0.1517 0.9806 -0.1245
vn -0.1182 0.9853 -0.1237
vn -0.1100 0.9906 -0.0812
vn -0.0898 0.9885 -0.1217
vn -0.0829 0.9929 -0.0857
vn -0.0664 0.9907 -0.1187
vn -0.0607 0.9942 -0.0883
vn -0.0476 0.9923 -0.1145
vn -0.4364 0.8950 -0.0920
vn -0.4033 0.8988 -0.1716
vn -0.4796 0.8635 -0.1558
vn -0.4139 0.8890 -0.1957
vn 0.2636 0.9618 -0.0743
vn 0.2409 0.9680 -0.0707
vn 0.2703 0.9540 -0.1295
vn 0.3006 0.9421 -0.1484
vn 0.2235 0.9723 -0.0681
vn 0.2472 0.9619 -0.1170
vn 0.2880 0.9547 -0.0744
vn 0.3258 0.9340 -0.1467
vn 0.3107 0.9479 -0.0705
vn 0.3493 0.9263 -0.1411
vn 0.3529 0.9337 -0.0611
vn 0.3323 0.9409 -0.0656
vn 0.3704 0.9194 -0.1321
vn 0.3900 0.9125 -0.1233
vn 0.3718 0.9266 -0.0564
vn 0.4081 0.9057 -0.1148
vn 0.3812 0.9239 -0.0330
vn 0.4241 0.9003 -0.0979
vn 0.4129 0.9107 -0.0148
vn 0.3944 0.9189 -0.0097
vn 0.4450 0.8925 -0.0736
vn 0.4732 0.8780 -0.0721
vn 0.2062 0.9764 -0.0645
vn 0.2288 0.9670 -0.1121
vn 0.1939 0.9793 -0.0577
vn 0.2177 0.9705 -0.1036
vn 0.0028 0.9996 0.0266
vn 0.0025 0.9997 0.0237
vn 0.0022 0.9998 0.0208
vn 0.0031 0.9996 0.0293
vn 0.0033 0.9995 0.0312
vn 0.0031 0.9995 0.0317
vn 0.0028 0.9995 0.0310
vn 0.0015 0.9994 0.0334
vn -0.0112 0.9997 0.0217
vn -0.0211 0.9997 0.0122
vn -0.0146 0.9999 0.0004
vn -0.0050 0.9999 0.0104
vn -0.0291 0.9996 -0.0003
vn -0.0238 0.9997 -0.0105
vn -0.0026 0.9999 0.0171
vn -0.0000 0.9999 0.0125
vn -0.0000 1.0000 -0.0022
vn -0.0000 1.0000 -0.0023
vn -0.0415 0.9976 0.0547
vn -0.0324 0.9989 0.0345
vn 0.0320 0.9992 0.0256
vn 0.0432 0.9985 0.0329
vn 0.0099 0.9995 0.0285
vn 0.0098 0.9996 0.0282
vn 0.0616 0.9977 0.0268
vn 0.0592 0.9969 0.0522
vn 0.0013 0.9999 0.0127
vn 0.0026 1.0000 0.0023
vn 0.0016 0.9999 0.0107
vn 0.0032 1.0000 0.0015
vn 0.0036 1.0000 0.0061
vn 0.0020 0.9998 0.0192
vn 0.0050 1.0000 0.0031
vn -0.0094 0.9997 -0.0219
vn 0.0033 1.0000 -0.0010
vn 0.4524 0.7500 -0.4826
vn 0.1156 0.9897 -0.0841
vn -0.0000 0.9999 -0.0104
vn -0.0000 0.9995 -0.0301
vn -0.0000 0.9999 0.0110
vn -0.0000 1.0000 0.0075
vn 0.4417 0.7629 -0.4721
vn 0.4396 0.7694 -0.4634
vn 0.4355 0.7809 -0.4478
vn 0.3122 0.8688 -0.3843
vn 0.0701 0.9965 0.0446
vn 0.1028 0.9942 -0.0303
vn 0.0988 0.9909 -0.0916
vn 0.0622 0.9970 0.0466
vn 0.0503 0.9980 0.0386
vn 0.0517 0.9979 0.0380
vn 0.0583 0.9975 0.0403
vn 0.0363 0.9990 0.0278
vn 0.5914 0.7826 0.1945
vn 0.3318 0.8905 -0.3114
vn 0.4639 0.8053 -0.3691
vn 0.4946 0.8246 -0.2747
vn 0.5520 0.7523 -0.3598
vn 0.4947 0.8245 -0.2747
vn 0.4640 0.8053 -0.3691
vn 0.4472 0.7593 -0.4728
vn 0.0195 0.9997 0.0149
vn 0.0103 0.9999 0.0079
vn 0.4768 0.8788 0.0201
vn 0.4464 0.8947 0.0178
vn 0.4881 0.8725 -0.0250
vn 0.5551 0.8316 -0.0176
vn 0.4766 0.8785 -0.0342
vn 0.4927 0.8686 -0.0531
vn 0.0215 0.9278 0.3725
vn 0.0353 0.9262 0.3754
vn 0.0286 0.9278 0.3721
vn 0.0203 0.9278 0.3726
vn 0.0328 0.9285 0.3699
vn 0.0343 0.9304 0.3650
vn -0.0964 0.9293 0.3564
vn 0.0099 0.9318 0.3628
vn -0.0229 0.9341 0.3562
vn -0.1225 0.9279 0.3520
vn -0.2078 0.9179 0.3380
vn -0.2547 0.9168 0.3078
vn -0.3323 0.9041 0.2687
vn -0.3731 0.9048 0.2051
vn -0.3992 0.9020 0.1645
vn -0.3945 0.8996 0.1872
vn -0.3997 0.9016 0.1654
vn -0.3962 0.9022 0.1705
vn 0.4650 0.8844 -0.0407
vn 0.4991 0.8621 -0.0880
vn 0.4692 0.8806 -0.0659
vn 0.4986 0.8612 -0.0984
vn 0.2697 0.8717 -0.4093
vn 0.1500 0.8770 -0.4564
vn 0.3950 0.8820 -0.2571
vn 0.3946 0.8569 -0.3318
vn 0.0815 0.8827 -0.4629
vn 0.0463 0.8853 -0.4627
vn -0.0548 0.8047 -0.5911
vn 0.0642 0.7919 -0.6073
vn -0.2231 0.8390 -0.4963
vn -0.3428 0.8165 -0.4645
vn 0.7126 0.5257 -0.4646
vn -0.1667 0.8507 -0.4985
vn 0.0641 0.7919 -0.6073
vn -0.3592 0.8212 -0.4435
vn -0.3895 0.8194 -0.4204
vn -0.4650 0.8323 -0.3015
vn -0.4147 0.8380 -0.3546
vn -0.4898 0.8513 -0.1880
vn -0.4178 0.8615 -0.2886
vn 0.4470 0.8527 -0.2704
vn 0.4885 0.8631 -0.1282
vn 0.4663 0.8548 -0.2276
vn -0.0004 1.0000 -0.0006
vn -0.0002 1.0000 -0.0003
vn -0.0020 1.0000 -0.0008
vn -0.0025 1.0000 -0.0007
vn -0.0027 1.0000 -0.0010
vn -0.0021 1.0000 -0.0010
vn -0.0030 1.0000 -0.0005
vn -0.0033 1.0000 -0.0008
vn -0.0014 1.0000 -0.0008
vn -0.0015 1.0000 -0.0010
vn -0.0010 1.0000 -0.0007
vn -0.0011 1.0000 -0.0008
vn -0.0002 1.0000 -0.0002
vn -0.0006 1.0000 -0.0004
vn -0.0046 1.0000 -0.0028
vn -0.0040 1.0000 -0.0039
vn -0.0025 1.0000 -0.0015
vn -0.0033 1.0000 -0.0012
vn -0.0017 1.0000 -0.0024
vn -0.0013 1.0000 -0.0014
vn -0.0049 1.0000 -0.0018
vn -0.0040 1.0000 -0.0010
vn -0.0059 1.0000 -0.0014
vn -0.0046 1.0000 -0.0007
vn -0.0039 1.0000 0.0003
vn -0.0043 1.0000 0.0009
vn -0.0046 1.0000 0.0006
vn -0.0042 1.0000 -0.0000
vn -0.0053 1.0000 0.0014
vn -0.0052 1.0000 0.0013
vn -0.0035 1.0000 -0.0002
vn -0.0038 1.0000 -0.0004
vn -0.0059 1.0000 0.0017
vn -0.0061 1.0000 0.0016
vn -0.0055 1.0000 0.0019
vn -0.0076 1.0000 -0.0000
vn -0.0068 1.0000 -0.0008
vn -0.0052 1.0000 -0.0001
vn -0.0057 1.0000 0.0005
vn -0.0082 1.0000 0.0009
vn -0.0062 1.0000 0.0013
vn -0.0086 1.0000 0.0020
vn -0.0064 1.0000 0.0021
vn -0.0084 1.0000 0.0025
vn -0.0061 1.0000 0.0025
vn -0.4077 0.8926 0.1923
vn -0.4331 0.8879 0.1549
vn -0.4276 0.8873 0.1725
vn -0.3914 0.8953 0.2127
vn -0.4250 0.8922 0.1527
vn -0.4221 0.8910 0.1671
vn -0.3602 0.9009 0.2421
vn -0.3528 0.9024 0.2473
vn -0.3232 0.9092 0.2624
vn -0.3037 0.9120 0.2756
vn -0.1457 0.9381 0.3143
vn -0.2351 0.9245 0.3001
vn -0.2363 0.9247 0.2986
vn -0.1708 0.9364 0.3066
vn -0.0739 0.9488 0.3071
vn -0.1124 0.9464 0.3028
vn -0.0274 0.9567 0.2898
vn -0.0621 0.9545 0.2917
vn 0.0021 0.9631 0.2690
vn -0.0050 0.9615 0.2746
vn -0.0190 0.9606 0.2772
vn 0.0029 0.9632 0.2688
vn -0.4143 0.8968 0.1555
vn -0.4121 0.8957 0.1667
vn -0.4111 0.8982 0.1556
vn -0.4062 0.8985 0.1664
vn 0.0952 0.8533 -0.5127
vn -0.0248 0.8649 -0.5013
vn -0.0368 0.8581 -0.5122
vn 0.0711 0.8401 -0.5377
vn -0.0985 0.8814 -0.4619
vn -0.1482 0.8653 -0.4788
vn 0.2031 0.8318 -0.5166
vn 0.1990 0.8291 -0.5225
vn 0.3267 0.8356 -0.4416
vn 0.3434 0.8506 -0.3982
vn 0.4171 0.8732 -0.2521
vn 0.3934 0.8582 -0.3297
vn 0.4028 0.8699 -0.2848
vn 0.4191 0.8755 -0.2405
vn 0.4276 0.8748 -0.2280
vn 0.4263 0.8729 -0.2370
vn 0.4336 0.8732 -0.2223
vn 0.4319 0.8713 -0.2330
vn 0.4484 0.8696 -0.2068
vn 0.4445 0.8714 -0.2073
vn 0.4412 0.8683 -0.2268
vn 0.4440 0.8656 -0.2317
vn -0.1165 0.9215 -0.3705
vn -0.1984 0.8990 -0.3904
vn -0.2260 0.9484 -0.2223
vn -0.2020 0.9219 -0.3307
vn -0.0096 0.9830 0.1834
vn -0.0178 0.9841 0.1767
vn -0.0079 0.9833 0.1820
vn -0.0064 0.9828 0.1845
vn -0.0244 0.9862 0.1640
vn -0.0097 0.9850 0.1725
vn -0.0037 0.9829 0.1840
vn -0.0052 0.9831 0.1830
vn -0.0249 0.9883 0.1504
vn -0.0102 0.9872 0.1590
vn -0.0267 0.9895 0.1420
vn -0.0138 0.9886 0.1498
vn -0.0100 0.9999 0.0021
vn -0.0100 0.9999 0.0012
vn -0.0088 1.0000 0.0017
vn -0.0089 1.0000 0.0025
vn -0.0100 0.9999 0.0030
vn -0.0089 1.0000 0.0033
vn -0.0101 0.9999 0.0038
vn -0.0089 1.0000 0.0041
vn -0.0069 1.0000 0.0032
vn -0.0087 1.0000 0.0040
vn -0.0081 1.0000 0.0035
vn -0.0085 1.0000 0.0029
vn -0.0008 0.9833 0.1817
vn -0.0047 0.9838 0.1792
vn 0.0042 0.9853 0.1709
vn 0.0015 0.9841 0.1773
vn -0.0048 0.9849 0.1732
vn -0.0044 0.9863 0.1650
vn -0.0087 1.0000 0.0011
vn -0.0099 1.0000 0.0005
vn -0.0089 1.0000 0.0010
vn -0.0085 1.0000 0.0011
vn -0.0090 1.0000 0.0008
vn -0.0089 1.0000 0.0009
vn 0.0102 0.9866 0.1631
vn -0.0043 0.9879 0.1549
vn 0.0117 0.9882 0.1526
vn -0.0038 0.9895 0.1443
vn 0.0097 0.9909 0.1342
vn 0.0125 0.9899 0.1412
vn -0.0047 0.9911 0.1331
vn 0.0027 0.9935 0.1134
vn -0.0097 1.0000 -0.0003
vn -0.0087 1.0000 0.0002
vn -0.0089 1.0000 -0.0008
vn -0.0083 1.0000 -0.0005
vn -0.0072 1.0000 -0.0004
vn -0.0074 1.0000 -0.0006
vn -0.0061 1.0000 0.0001
vn -0.0067 1.0000 -0.0003
vn 0.1552 0.9711 0.1815
vn 0.0902 0.9671 0.2379
vn 0.1383 0.9705 0.1976
vn 0.1770 0.9710 0.1608
vn -0.0006 0.9527 0.3040
vn 0.0933 0.9687 0.2301
vn 0.1749 0.9691 0.1736
vn 0.1981 0.9685 0.1508
vn 0.1945 0.9667 0.1660
vn 0.2134 0.9655 0.1495
vn 0.2051 0.9616 0.1821
vn 0.2088 0.9640 0.1646
vn 0.2263 0.9624 0.1500
vn 0.2218 0.9603 0.1692
vn 0.1884 0.9601 0.2069
vn 0.2013 0.9593 0.1980
vn 0.1693 0.9591 0.2268
vn 0.1763 0.9589 0.2225
vn 0.1380 0.9589 0.2481
vn 0.1491 0.9588 0.2417
vn 0.1518 0.9590 0.2395
vn 0.1116 0.9597 0.2579
vn -0.0016 0.9599 0.2802
vn 0.0557 0.9675 0.2465
vn -0.0009 0.9626 0.2709
vn 0.0386 0.9665 0.2536
vn -0.2355 0.9713 -0.0348
vn -0.2386 0.9705 -0.0333
vn -0.2299 0.9724 -0.0404
vn -0.2348 0.9714 -0.0350
vn -0.2251 0.9731 -0.0501
vn -0.2170 0.9746 -0.0559
vn -0.2199 0.9740 -0.0538
vn -0.2423 0.9697 -0.0313
vn -0.2119 0.9746 -0.0726
vn -0.2567 0.9661 -0.0272
vn -0.2297 0.9695 -0.0855
vn -0.2114 0.9733 -0.0894
vn -0.2665 0.9632 -0.0343
vn -0.2700 0.9618 -0.0460
vn -0.2162 0.9690 -0.1193
vn -0.2483 0.9633 -0.1024
vn -0.1751 0.9647 -0.1968
vn -0.2324 0.9570 -0.1739
vn -0.1900 0.9552 -0.2271
vn -0.2444 0.9468 -0.2094
vn -0.2193 0.9738 -0.0598
vn -0.2054 0.9763 -0.0687
vn -0.2007 0.9764 -0.0798
vn -0.2007 0.9769 -0.0741
vn 0.0261 0.9634 0.2667
vn 0.0507 0.9619 0.2688
vn 0.0401 0.9630 0.2665
vn 0.0129 0.9648 0.2627
vn 0.0760 0.9606 0.2673
vn 0.0683 0.9615 0.2660
vn 0.0029 0.9654 0.2608
vn -0.0126 0.9670 0.2545
vn -0.0182 0.9678 0.2512
vn -0.0348 0.9691 0.2442
vn -0.0096 0.9720 0.2348
vn -0.0213 0.9699 0.2427
vn -0.0378 0.9710 0.2363
vn -0.0268 0.9733 0.2280
vn -0.0059 0.9740 0.2263
vn -0.0233 0.9754 0.2193
vn -0.0032 0.9760 0.2177
vn -0.0202 0.9774 0.2106
vn 0.0104 0.9791 0.2031
vn 0.0076 0.9779 0.2089
vn -0.0098 0.9794 0.2016
vn -0.0074 0.9806 0.1957
vn 0.1015 0.9597 0.2622
vn 0.0969 0.9604 0.2613
vn -0.0780 0.9848 -0.1555
vn -0.0673 0.9849 -0.1593
vn -0.0756 0.9847 -0.1567
vn -0.0864 0.9845 -0.1529
vn -0.0560 0.9850 -0.1635
vn -0.0642 0.9849 -0.1609
vn -0.0880 0.9845 -0.1520
vn -0.0964 0.9841 -0.1495
vn -0.1192 0.9832 -0.1384
vn -0.1137 0.9836 -0.1399
vn -0.1205 0.9832 -0.1374
vn -0.1290 0.9826 -0.1333
vn -0.1178 0.9833 -0.1387
vn -0.1244 0.9829 -0.1358
vn -0.1573 0.9805 -0.1182
vn -0.1416 0.9822 -0.1233
vn -0.1761 0.9790 -0.1024
vn -0.1626 0.9808 -0.1078
vn -0.1929 0.9773 -0.0872
vn -0.1829 0.9788 -0.0920
vn -0.0440 0.9848 -0.1680
vn -0.0520 0.9848 -0.1654
vn -0.0383 0.9847 -0.1701
vn -0.0446 0.9847 -0.1682
vn 0.0236 0.9969 0.0755
vn 0.0187 0.9958 0.0900
vn -0.0031 0.9967 0.0808
vn -0.0015 0.9978 0.0663
vn 0.0156 0.9946 0.1025
vn -0.0037 0.9956 0.0937
vn 0.2792 0.9602 0.0125
vn 0.0098 0.9995 0.0294
vn 0.0160 0.9933 0.1147
vn -0.0049 0.9945 0.1044
vn -0.0046 1.0000 0.0011
vn -0.0044 1.0000 0.0009
vn -0.0045 1.0000 0.0012
vn -0.0050 1.0000 0.0012
vn -0.0053 1.0000 0.0011
vn -0.0054 1.0000 0.0009
vn -0.0057 1.0000 0.0008
vn -0.0060 1.0000 0.0003
vn -0.0057 1.0000 0.0006
vn -0.0061 1.0000 0.0004
vn -0.0063 1.0000 0.0001
vn 0.0259 0.9997 0.0019
vn -0.0050 1.0000 0.0080
vn -0.0041 1.0000 0.0078
vn -0.0020 1.0000 0.0060
vn 0.0148 0.9999 -0.0002
vn -0.0010 1.0000 0.0038
vn 0.0112 0.9999 -0.0007
vn -0.0014 1.0000 0.0030
vn -0.0025 1.0000 0.0010
vn -0.0019 1.0000 0.0009
vn -0.0021 1.0000 0.0009
vn -0.0027 1.0000 0.0010
vn -0.0013 1.0000 0.0007
vn -0.0014 1.0000 0.0007
vn -0.0031 1.0000 0.0010
vn -0.0033 1.0000 0.0010
vn -0.0036 1.0000 0.0010
vn -0.0039 1.0000 0.0009
vn -0.0006 1.0000 0.0004
vn -0.0100 0.9845 0.1749
vn -0.0026 0.9844 0.1761
vn -0.0087 0.9846 0.1746
vn -0.0023 0.9844 0.1759
vn 0.0074 0.9833 0.1818
vn -0.0067 0.9841 0.1775
vn 0.0228 0.9846 0.1731
vn 0.0106 0.9845 0.1753
vn 0.0068 0.9848 0.1735
vn 0.0079 0.9851 0.1720
vn 0.0110 0.9833 0.1815
vn -0.0030 0.9839 0.1785
vn 0.0155 0.9843 0.1761
vn 0.0280 0.9835 0.1789
vn 0.0307 0.9830 0.1809
vn 0.0409 0.9830 0.1792
vn 0.0384 0.9825 0.1825
vn 0.0457 0.9825 0.1808
vn 0.0419 0.9814 0.1873
vn 0.0394 0.9817 0.1861
vn 0.0466 0.9817 0.1844
vn 0.0548 0.9814 0.1841
vn 0.0168 0.9816 0.1901
vn -0.0007 0.9830 0.1836
vn 0.0238 0.9803 0.1961
vn 0.0058 0.9820 0.1887
vn -0.1489 0.9846 -0.0914
vn -0.1697 0.9825 -0.0762
vn -0.1672 0.9829 -0.0772
vn -0.1525 0.9842 -0.0901
vn -0.1846 0.9805 -0.0676
vn -0.1773 0.9816 -0.0708
vn -0.1339 0.9855 -0.1041
vn -0.1397 0.9849 -0.1023
vn -0.1218 0.9859 -0.1147
vn -0.1283 0.9853 -0.1130
vn -0.1075 0.9862 -0.1258
vn -0.1185 0.9857 -0.1198
vn -0.1168 0.9858 -0.1204
vn -0.1016 0.9866 -0.1277
vn -0.0854 0.9867 -0.1381
vn -0.0869 0.9866 -0.1384
vn -0.0674 0.9863 -0.1509
vn -0.0730 0.9860 -0.1499
vn -0.0614 0.9855 -0.1582
vn -0.0607 0.9857 -0.1575
vn -0.0655 0.9855 -0.1563
vn -0.0646 0.9854 -0.1574
vn -0.1883 0.9798 -0.0681
vn -0.1810 0.9809 -0.0712
vn -0.1897 0.9797 -0.0654
vn -0.1834 0.9805 -0.0713
vn 0.0321 0.9990 0.0306
vn 0.0001 1.0000 -0.0000
vn 0.0009 1.0000 -0.0005
vn 0.0001 1.0000 -0.0005
vn 0.0015 1.0000 -0.0011
vn 0.0060 1.0000 -0.0039
vn -0.0114 0.9981 0.0603
vn -0.0218 0.9973 0.0695
vn -0.0286 0.9980 0.0556
vn -0.0166 0.9988 0.0456
vn -0.0295 0.9964 0.0797
vn -0.0370 0.9971 0.0665
vn 0.0065 0.9986 0.0531
vn 0.0019 0.9992 0.0400
vn 0.0301 0.9978 0.0587
vn 0.0233 0.9987 0.0457
vn 0.0179 0.9994 0.0288
vn 0.0463 0.9970 0.0614
vn 0.0379 0.9982 0.0464
vn 0.0267 0.9986 0.0461
vn 0.0036 0.9994 0.0354
vn 0.0194 0.9979 0.0621
vn 0.0121 0.9983 0.0564
vn 0.0111 0.9984 0.0550
vn -0.0074 0.9991 0.0414
vn -0.0009 0.9990 0.0457
vn 0.0002 0.9988 0.0481
vn -0.0133 0.9989 0.0451
vn -0.0295 0.9944 0.1015
vn -0.0454 0.9958 0.0792
vn -0.0095 0.9900 0.1409
vn -0.0349 0.9936 0.1072
vn 0.0302 0.9995 -0.0127
vn 0.0358 0.9992 -0.0181
vn 0.0433 0.9990 -0.0075
vn 0.0380 0.9993 -0.0018
vn 0.0425 0.9989 -0.0218
vn 0.0477 0.9988 -0.0140
vn 0.0229 0.9997 -0.0078
vn 0.0312 0.9995 0.0034
vn 0.0401 0.9991 0.0097
vn 0.0319 0.9995 0.0024
vn 0.0589 0.9983 -0.0046
vn 0.0574 0.9983 0.0113
vn 0.0295 0.9995 -0.0132
vn 0.0264 0.9993 -0.0274
vn 0.0600 0.9980 -0.0204
vn 0.0242 0.9989 -0.0411
vn 0.0619 0.9974 -0.0358
vn 0.0212 0.9983 -0.0547
vn 0.0425 0.9971 -0.0637
vn 0.0555 0.9971 -0.0529
vn 0.0151 0.9976 -0.0677
vn 0.0086 0.9972 -0.0739
vn 0.0455 0.9986 -0.0257
vn 0.0500 0.9986 -0.0184
vn 0.0440 0.9984 -0.0368
vn 0.0476 0.9986 -0.0237
vn -0.0455 0.9984 0.0334
vn -0.0384 0.9987 0.0350
vn -0.0354 0.9986 0.0405
vn -0.0430 0.9983 0.0381
vn -0.0301 0.9989 0.0366
vn -0.0265 0.9987 0.0433
vn -0.0508 0.9982 0.0327
vn -0.0487 0.9981 0.0365
vn -0.0483 0.9981 0.0373
vn -0.0493 0.9982 0.0353
vn -0.0389 0.9986 0.0369
vn -0.0428 0.9983 0.0393
vn -0.0471 0.9984 0.0316
vn -0.0431 0.9986 0.0294
vn -0.0332 0.9988 0.0361
vn -0.0372 0.9989 0.0287
vn -0.0256 0.9990 0.0367
vn -0.0295 0.9991 0.0296
vn -0.0145 0.9992 0.0375
vn -0.0179 0.9991 0.0376
vn -0.0210 0.9993 0.0319
vn -0.0171 0.9993 0.0331
vn -0.0215 0.9991 0.0377
vn -0.0172 0.9988 0.0455
vn -0.0009 0.9999 0.0110
vn -0.0043 0.9998 0.0217
vn -0.0131 0.9999 0.0062
vn -0.0100 0.9999 -0.0048
vn -0.0055 0.9994 0.0335
vn -0.0141 0.9997 0.0184
vn 0.0044 1.0000 0.0015
vn -0.0048 0.9999 -0.0147
vn 0.0118 0.9999 -0.0069
vn 0.0024 0.9997 -0.0233
vn 0.0318 0.9993 -0.0205
vn 0.0210 0.9997 -0.0142
vn 0.0116 0.9995 -0.0307
vn 0.0225 0.9991 -0.0368
vn 0.0437 0.9987 -0.0257
vn 0.0347 0.9985 -0.0415
vn 0.0445 0.9983 -0.0382
vn 0.0416 0.9982 -0.0432
vn 0.0421 0.9982 -0.0417
vn 0.0459 0.9983 -0.0350
vn -0.0057 0.9990 0.0447
vn -0.0132 0.9994 0.0316
vn -0.0049 0.9987 0.0514
vn -0.0114 0.9991 0.0400
vn 0.0169 0.9998 -0.0121
vn 0.0205 0.9997 -0.0146
vn 0.0206 0.9997 -0.0147
vn 0.0240 0.9996 -0.0171
vn 0.0130 0.9999 -0.0093
vn 0.0089 0.9999 -0.0063
vn 0.0089 0.9999 -0.0064
vn 0.0046 1.0000 -0.0033
vn 0.0046 1.0000 -0.0032
vn 0.0089 0.9999 -0.0059
vn 0.0084 0.9999 -0.0060
vn 0.0302 0.9993 -0.0215
vn 0.0384 0.9989 -0.0271
vn 0.0379 0.9989 -0.0270
vn 0.0494 0.9982 -0.0339
vn 0.0482 0.9983 -0.0338
vn 0.0273 0.9994 -0.0194
vn 0.0272 0.9994 -0.0194
vn 0.0559 0.9978 -0.0364
vn 0.0529 0.9979 -0.0360
vn 0.0689 0.9973 -0.0249
vn 0.0554 0.9978 -0.0362
vn 0.0330 0.9992 -0.0235
vn 0.0355 0.9991 -0.0253
vn 0.0389 0.9989 -0.0277
vn 0.0378 0.9989 -0.0269
vn -0.0500 0.9977 0.0451
vn -0.0266 0.9994 0.0212
vn -0.0309 0.9991 0.0301
vn -0.0502 0.9969 0.0601
vn -0.0113 0.9993 0.0346
vn -0.0128 0.9994 0.0321
vn -0.0733 0.9972 0.0112
vn -0.0983 0.9945 -0.0376
vn -0.0890 0.9903 -0.1064
vn -0.0920 0.9903 -0.1037
vn -0.0635 0.9891 -0.1325
vn -0.0667 0.9898 -0.1258
vn -0.0725 0.9893 -0.1264
vn -0.0713 0.9886 -0.1329
vn -0.0657 0.9884 -0.1373
vn -0.0732 0.9878 -0.1376
vn -0.0678 0.9876 -0.1419
vn -0.0750 0.9870 -0.1422
vn -0.0722 0.9863 -0.1485
vn -0.0698 0.9868 -0.1462
vn -0.0766 0.9862 -0.1466
vn -0.0789 0.9857 -0.1488
vn -0.0121 0.9993 0.0358
vn -0.0136 0.9994 0.0332
vn -0.0123 0.9992 0.0368
vn -0.0138 0.9993 0.0342
vn -0.0161 0.9998 0.0097
vn -0.0129 0.9999 0.0064
vn -0.0085 0.9999 0.0067
vn -0.0050 0.9999 0.0097
vn -0.0078 1.0000 0.0038
vn -0.0077 1.0000 0.0038
vn 0.0731 0.9814 0.1774
vn 0.0630 0.9811 0.1831
vn 0.0635 0.9810 0.1832
vn 0.0694 0.9815 0.1784
vn 0.0585 0.9811 0.1844
vn 0.0601 0.9810 0.1843
vn 0.0780 0.9822 0.1708
vn 0.0704 0.9828 0.1709
vn 0.0703 0.9837 0.1656
vn 0.0606 0.9845 0.1646
vn 0.0405 0.9867 0.1574
vn 0.0551 0.9854 0.1610
vn 0.0470 0.9861 0.1593
vn 0.0336 0.9873 0.1551
vn 0.0281 0.9880 0.1519
vn 0.0186 0.9887 0.1485
vn 0.0199 0.9894 0.1437
vn 0.0085 0.9902 0.1392
vn -0.0120 0.9909 0.1342
vn -0.0035 0.9910 0.1336
vn -0.0027 0.9910 0.1336
vn -0.0018 0.9899 0.1416
vn 0.0548 0.9813 0.1844
vn 0.0573 0.9812 0.1842
vn -0.0843 0.9924 -0.0897
vn -0.0447 0.9946 -0.0933
vn -0.0741 0.9930 -0.0923
vn -0.1041 0.9907 -0.0875
vn -0.0042 0.9959 -0.0908
vn -0.0426 0.9948 -0.0929
vn -0.1219 0.9892 -0.0808
vn -0.1321 0.9881 -0.0791
vn -0.1565 0.9854 -0.0674
vn -0.1582 0.9851 -0.0675
vn -0.1669 0.9839 -0.0637
vn -0.1708 0.9834 -0.0608
vn -0.1713 0.9834 -0.0606
vn -0.1728 0.9830 -0.0615
vn -0.1703 0.9833 -0.0646
vn -0.1806 0.9817 -0.0611
vn -0.1787 0.9818 -0.0640
vn -0.1904 0.9799 -0.0596
vn -0.1858 0.9804 -0.0648
vn -0.1970 0.9785 -0.0603
vn 0.0312 0.9962 -0.0817
vn -0.0135 0.9960 -0.0885
vn 0.0507 0.9959 -0.0747
vn 0.0037 0.9965 -0.0837
vn -0.0779 0.9833 -0.1647
vn -0.0765 0.9839 -0.1615
vn -0.0817 0.9834 -0.1618
vn -0.0826 0.9828 -0.1649
vn -0.0750 0.9846 -0.1581
vn -0.0807 0.9841 -0.1583
vn -0.0791 0.9827 -0.1676
vn -0.0833 0.9823 -0.1677
vn -0.0806 0.9823 -0.1689
vn -0.0809 0.9814 -0.1741
vn -0.0734 0.9853 -0.1544
vn -0.0795 0.9848 -0.1547
vn -0.0711 0.9858 -0.1524
vn -0.0774 0.9852 -0.1527
vn -0.0056 1.0000 0.0026
vn -0.0050 1.0000 0.0024
vn -0.0017 1.0000 0.0008
vn -0.0046 1.0000 0.0022
vn -0.0062 1.0000 0.0029
vn -0.0067 1.0000 0.0032
vn -0.0066 1.0000 0.0032
vn -0.0074 1.0000 0.0035
vn -0.0072 1.0000 0.0034
vn -0.0071 1.0000 0.0034
vn -0.0073 1.0000 0.0035
vn 0.1753 0.9845 0.0105
vn 0.1675 0.9850 0.0426
vn 0.0976 0.9951 0.0139
vn 0.0994 0.9950 -0.0041
vn 0.1876 0.9820 -0.0228
vn 0.1004 0.9947 -0.0229
vn 0.1725 0.9825 -0.0695
vn 0.1945 0.9790 -0.0606
vn 0.0933 0.9948 -0.0412
vn 0.0779 0.9958 -0.0485
vn 0.0174 0.9998 -0.0090
vn 0.0233 0.9997 -0.0125
vn 0.0233 0.9996 -0.0126
vn 0.0192 0.9998 -0.0078
vn 0.0292 0.9994 -0.0164
vn 0.0327 0.9993 -0.0165
vn 0.0339 0.9991 -0.0245
vn 0.0359 0.9991 -0.0238
vn 0.0396 0.9988 -0.0282
vn 0.0386 0.9989 -0.0281
vn 0.0723 0.9895 0.1253
vn 0.0313 0.9960 0.0833
vn 0.0297 0.9974 0.0656
vn 0.0507 0.9963 0.0690
vn 0.1255 0.9807 0.1498
vn 0.0749 0.9951 0.0647
vn 0.1625 0.9789 0.1235
vn 0.0899 0.9947 0.0507
vn 0.1731 0.9814 0.0833
vn 0.0963 0.9948 0.0323
vn 0.0221 0.9998 0.0014
vn 0.0252 0.9997 0.0058
vn 0.0209 0.9997 0.0091
vn 0.0201 0.9997 0.0137
vn 0.0173 0.9993 0.0317
vn 0.0127 0.9997 0.0229
vn 0.0120 0.9996 0.0253
vn 0.0171 0.9994 0.0306
vn 0.0211 0.9990 0.0382
vn 0.0204 0.9990 0.0406
vn 0.0207 0.9966 0.0793
vn 0.0211 0.9976 0.0659
vn 0.0124 0.9969 0.0780
vn 0.0139 0.9978 0.0653
vn 0.0078 0.9968 0.0793
vn 0.0100 0.9977 0.0667
vn 0.0178 0.9990 0.0410
vn 0.0169 0.9989 0.0439
vn 0.0066 0.9996 0.0261
vn 0.0118 0.9994 0.0321
vn 0.0109 0.9994 0.0333
vn 0.0067 0.9989 0.0456
vn -0.0955 0.9855 -0.1402
vn -0.0975 0.9841 -0.1482
vn -0.0859 0.9853 -0.1474
vn -0.0863 0.9864 -0.1396
vn -0.1007 0.9823 -0.1577
vn -0.0862 0.9839 -0.1568
vn -0.0945 0.9865 -0.1335
vn -0.0871 0.9873 -0.1330
vn -0.0944 0.9873 -0.1278
vn -0.0882 0.9879 -0.1274
vn -0.0731 0.9861 -0.1492
vn -0.0717 0.9884 -0.1341
vn -0.0923 0.9867 -0.1341
vn -0.1207 0.9813 -0.1501
vn -0.2085 0.9700 -0.1252
vn -0.1580 0.9769 -0.1442
vn -0.1925 0.9735 -0.1234
vn -0.1386 0.9814 -0.1331
vn -0.1341 0.9852 -0.1072
vn -0.1381 0.9828 -0.1223
vn -0.1197 0.9855 -0.1206
vn -0.1107 0.9877 -0.1106
vn -0.0916 0.9814 -0.1688
vn -0.0874 0.9819 -0.1682
vn -0.0168 0.9998 0.0125
vn -0.0207 0.9997 0.0150
vn -0.0190 0.9997 0.0147
vn -0.0189 0.9998 0.0117
vn -0.0311 0.9994 0.0182
vn -0.0273 0.9995 0.0179
vn -0.0208 0.9997 0.0108
vn -0.0224 0.9997 0.0105
vn -0.0228 0.9997 0.0107
vn -0.0160 0.9998 0.0075
vn -0.0195 0.9998 0.0092
vn -0.0123 0.9999 0.0058
vn -0.0084 1.0000 0.0039
vn -0.0039 1.0000 0.0018
vn -0.0040 1.0000 0.0019
vn -0.0376 0.9990 0.0227
vn -0.0393 0.9990 0.0227
vn -0.0420 0.9987 0.0281
vn -0.0425 0.9988 0.0250
vn -0.0186 0.9983 0.0556
vn -0.0212 0.9986 0.0486
vn -0.0162 0.9990 0.0418
vn -0.0140 0.9988 0.0478
vn -0.0145 0.9980 0.0616
vn -0.0099 0.9986 0.0528
vn -0.0091 0.9977 0.0672
vn -0.0049 0.9983 0.0575
vn 0.0012 0.9974 0.0717
vn -0.0027 0.9974 0.0718
vn 0.0008 0.9981 0.0611
vn 0.0042 0.9981 0.0607
vn -0.0075 0.9992 0.0389
vn -0.0034 0.9992 0.0403
vn -0.0062 0.9990 0.0434
vn -0.0100 0.9991 0.0414
vn 0.0015 0.9991 0.0417
vn -0.0013 0.9990 0.0449
vn -0.0230 0.9997 -0.0088
vn 0.0061 0.9991 0.0430
vn 0.0038 0.9989 0.0460
vn -0.0221 0.9994 0.0271
vn -0.0175 0.9997 0.0187
vn -0.0160 0.9997 0.0175
vn -0.0181 0.9995 0.0240
vn -0.0109 0.9999 0.0114
vn -0.0121 0.9999 0.0121
vn -0.0234 0.9991 0.0343
vn -0.0186 0.9994 0.0300
vn -0.0230 0.9989 0.0414
vn -0.0177 0.9992 0.0356
vn -0.0059 1.0000 0.0069
vn -0.0078 0.9999 0.0078
vn -0.0021 1.0000 0.0040
vn -0.0040 1.0000 0.0047
vn -0.1224 0.9868 -0.1058
vn -0.1386 0.9708 -0.1958
vn -0.1512 0.9618 -0.2281
vn -0.1522 0.9655 -0.2115
vn -0.1686 0.9631 -0.2098
vn -0.2022 0.9556 -0.2142
vn -0.2503 0.9434 -0.2174
vn -0.4143 0.8170 -0.4011
vn -0.2833 0.9148 -0.2877
vn -0.3893 0.8555 -0.3414
vn -0.5552 0.7585 -0.3411
vn -0.0490 0.9985 0.0228
vn -0.0494 0.9985 0.0230
vn -0.0471 0.9986 0.0226
vn -0.0483 0.9986 0.0225
vn -0.0484 0.9986 0.0226
vn -0.0476 0.9986 0.0222
vn -0.0453 0.9987 0.0213
vn -0.0467 0.9987 0.0218
vn -0.0466 0.9987 0.0218
vn -0.0483 0.9986 0.0226
vn -0.0458 0.9987 0.0225
vn -0.0554 0.9981 0.0285
vn -0.0468 0.9985 0.0277
vn -0.0496 0.9983 0.0302
vn -0.0437 0.9986 0.0292
vn -0.0376 0.9991 0.0213
vn -0.0421 0.9989 0.0208
vn -0.0273 0.9994 0.0209
vn -0.0334 0.9992 0.0202
vn -0.1000 0.9936 -0.0520
vn -0.0965 0.9933 -0.0641
vn -0.0841 0.9945 -0.0632
vn -0.0830 0.9952 -0.0511
vn -0.0902 0.9931 -0.0749
vn -0.0830 0.9938 -0.0739
vn -0.0990 0.9943 -0.0391
vn -0.0791 0.9961 -0.0380
vn -0.0970 0.9950 -0.0244
vn -0.0741 0.9970 -0.0231
vn -0.0901 0.9959 0.0109
vn -0.0941 0.9955 -0.0077
vn -0.0680 0.9977 -0.0062
vn -0.0607 0.9981 0.0126
vn -0.0649 0.9976 0.0221
vn -0.0531 0.9983 0.0248
vn -0.0513 0.9984 0.0248
vn -0.0922 0.9947 0.0463
vn -0.0605 0.9975 0.0376
vn -0.1015 0.9915 -0.0814
vn -0.0845 0.9931 -0.0808
vn -0.1360 0.9872 -0.0834
vn -0.1072 0.9907 -0.0834
vn 0.3750 0.9153 -0.1470
vn -0.0264 0.9983 0.0529
vn -0.0275 0.9978 0.0610
vn 0.0221 0.9994 0.0268
vn 0.0227 0.9992 0.0333
vn 0.0200 0.9995 0.0256
vn 0.0192 0.9996 0.0203
vn 0.0224 0.9990 0.0397
vn 0.0201 0.9993 0.0308
vn 0.0203 0.9996 0.0204
vn 0.0175 0.9997 0.0152
vn 0.0174 0.9997 0.0144
vn 0.0149 0.9998 0.0104
vn 0.0074 1.0000 0.0040
vn 0.0134 0.9999 0.0089
vn 0.0113 0.9999 0.0063
vn 0.0065 1.0000 0.0029
vn 0.0021 1.0000 0.0009
vn 0.0020 1.0000 0.0008
vn 0.0211 0.9987 0.0458
vn 0.0194 0.9992 0.0360
vn 0.0204 0.9985 0.0502
vn 0.0190 0.9990 0.0396
vn -0.0000 1.0000 0.0002
vn -0.0000 1.0000 0.0001
vn 0.0192 0.9998 -0.0000
vn 0.0198 0.9998 -0.0000
vn 0.0148 0.9999 -0.0000
vn 0.0059 1.0000 -0.0000
vn 0.0032 1.0000 -0.0000
vn -0.0088 0.9977 0.0673
vn 0.0144 0.9988 0.0477
vn 0.0023 0.9982 0.0601
vn 0.0184 0.9989 0.0435
vn 0.0109 0.9979 0.0639
vn 0.0083 0.9978 0.0655
vn 0.0322 0.9982 0.0511
vn 0.0187 0.9980 0.0611
vn 0.0152 0.9974 0.0700
vn 0.0113 0.9973 0.0731
vn 0.0061 0.9980 0.0622
vn 0.0038 0.9980 0.0636
vn 0.0077 0.9982 0.0596
vn 0.0038 0.9981 0.0620
vn 0.0110 0.9999 -0.0000
vn 0.0060 1.0000 -0.0000
vn 0.0033 1.0000 -0.0000
vn -0.0123 0.9975 0.0698
vn -0.0100 0.9984 0.0552
vn 0.0064 0.9982 0.0597
vn 0.0152 0.9991 0.0405
vn -0.0000 1.0000 -0.0001
vn -0.0000 0.9982 0.0596
vn 0.0001 0.9982 0.0596
vn 0.0594 0.9965 0.0595
vn 0.0174 0.9991 0.0392
vn 0.0685 0.9970 0.0369
vn 0.0030 0.9999 0.0101
vn 0.0017 1.0000 0.0058
vn 0.0029 0.9999 0.0105
vn 0.0029 0.9999 0.0110
vn 0.0017 0.9999 0.0126
vn -0.0040 0.9999 0.0131
vn -0.0003 0.9999 0.0115
vn -0.0032 0.9999 0.0141
vn -0.0081 0.9998 0.0156
vn 0.0014 1.0000 0.0071
vn 0.0017 0.9999 0.0121
vn 0.0021 0.9999 0.0117
vn 0.0017 1.0000 0.0059
vn -0.2771 0.2711 0.9218
vn 0.0019 0.9999 0.0134
vn 0.0021 0.9999 0.0118
vn 0.0018 0.9999 0.0125
vn -0.4145 0.4837 0.7708
vn -0.2511 0.9623 0.1042
vn -0.5101 0.8528 0.1116
vn -0.5342 0.8286 0.1672
vn -0.4743 0.8796 0.0362
vn -0.4418 0.8967 -0.0267
vn 0.0005 1.0000 0.0016
vn 0.0535 0.9957 0.0754
vn 0.0525 0.9949 0.0862
vn 0.0508 0.9962 0.0711
vn 0.0535 0.9957 0.0760
vn 0.0421 0.9921 0.1178
vn 0.0370 0.9963 0.0781
vn 0.0544 0.9955 0.0772
vn 0.0531 0.9957 0.0754
vn 0.0441 0.9971 0.0626
vn 0.0497 0.9963 0.0706
vn 0.0363 0.9980 0.0515
vn 0.0363 0.9980 0.0516
vn 0.0263 0.9990 0.0374
vn 0.0075 0.9999 0.0106
vn 0.0141 0.9997 0.0200
vn 0.0262 0.9896 0.1416
vn 0.0246 0.9953 0.0932
vn -0.0013 1.0000 -0.0000
vn -0.0710 0.9975 -0.0000
vn -0.1685 0.9857 -0.0092
vn -0.1719 0.9851 -0.0000
vn -0.1480 0.9884 -0.0341
vn -0.1554 0.9878 -0.0000
vn -0.0500 0.9974 -0.0516
vn -0.0537 0.9986 -0.0000
vn 0.0569 0.9968 -0.0558
vn 0.0570 0.9984 -0.0000
vn 0.1955 0.9793 -0.0517
vn 0.1610 0.9870 -0.0000
vn 0.4181 0.9081 -0.0249
vn 0.3610 0.9299 -0.0701
vn 0.5451 0.8380 0.0264
vn -0.0587 0.9983 -0.0036
vn -0.1274 0.9913 -0.0347
vn -0.1054 0.9908 -0.0848
vn -0.0336 0.9932 -0.1116
vn 0.0443 0.9928 -0.1116
vn 0.1573 0.9844 -0.0785
vn 0.2634 0.9647 0.0050
vn 0.3244 0.9448 0.0469
vn 0.4796 0.8775 0.0043
vn -0.0353 0.9993 -0.0132
vn -0.0735 0.9956 -0.0575
vn 0.0870 0.9946 -0.0569
vn 0.0946 0.9948 0.0375
vn 0.0073 0.9999 0.0084
vn 0.0055 0.9996 0.0291
vn -0.0106 0.9997 -0.0216
vn -0.0016 1.0000 -0.0032
vn 0.0003 1.0000 0.0010
vn 0.0031 1.0000 0.0048
vn -0.0000 1.0000 0.0009
vn 0.0029 1.0000 0.0036
vn 0.0046 1.0000 0.0030
vn 0.0287 0.9977 0.0619
vn 0.0270 0.9955 0.0913
vn 0.0023 1.0000 -0.0095
vn -0.0057 0.9999 -0.0093
vn -0.0093 0.9999 -0.0078
vn -0.0027 1.0000 0.0006
vn -0.0017 1.0000 0.0024
vn 0.0067 0.9999 0.0083
vn 0.0013 1.0000 0.0037
vn -0.0087 0.9999 -0.0075
vn -0.0071 1.0000 -0.0063
vn -0.0015 0.9999 -0.0109
vn -0.0043 0.9999 -0.0124
vn 0.0249 0.9957 0.0897
vn 0.0269 0.9947 0.0991
vn 0.0346 0.9993 0.0155
vn 0.0104 0.9986 0.0521
vn 0.0456 0.9987 0.0224
vn 0.0395 0.9988 0.0300
vn 0.0375 0.9993 0.0026
vn 0.0039 1.0000 -0.0000
vn 0.0180 0.9998 0.0001
vn 0.0128 0.9999 -0.0000
vn 0.0128 0.9999 0.0001
vn 0.0180 0.9998 0.0002
vn -0.0093 0.9998 -0.0178
vn -0.0138 0.9998 -0.0173
vn 0.0037 0.9999 -0.0160
vn -0.0168 0.9997 -0.0164
vn -0.0175 0.9997 -0.0162
vn -0.0171 0.9997 -0.0164
vn -0.0165 0.9997 -0.0173
vn -0.0144 0.9997 -0.0208
vn -0.0109 0.9995 -0.0311
vn -0.0042 0.9998 -0.0219
vn 0.0190 0.9993 -0.0312
vt 0.644430 1.420000
vt 0.416270 1.420000
vt 0.780601 1.770000
vt 0.528600 1.770000
vt 0.988442 1.420000
vt 0.865905 1.420000
vt 1.079854 1.770000
vt 0.996574 1.770000
vt 0.129304 1.420000
vt 0.237491 1.770000
vt 0.016197 1.420000
vt 0.128937 1.770000
vt -0.168663 1.420000
vt -0.055922 1.770000
vt -0.323546 1.420000
vt -0.240781 1.770000
vt 1.346076 1.608960
vt 1.826170 1.668404
vt 1.518907 1.930487
vt 1.999001 1.989931
vt 0.602530 1.510312
vt 0.775362 1.831839
vt 0.275040 1.677974
vt 0.447872 1.999501
vt 1.072035 1.099147
vt 1.552128 1.158592
vt 0.328489 1.000500
vt 0.000999 1.168161
vt 2.998501 1.999500
vt 2.998502 1.000500
vt 11.645077 -30.732948
vt 11.643694 -30.940487
vt 12.019514 -30.935675
vt 12.021395 -30.738289
vt 11.649727 -31.148689
vt 12.024494 -31.132385
vt 11.651860 -30.527328
vt 12.028313 -30.539442
vt 11.663648 -31.355511
vt 12.037001 -31.329618
vt 11.683078 -31.558834
vt 12.055586 -31.529068
vt 12.446653 -33.549362
vt 12.451595 -33.350559
vt 12.077009 -33.309574
vt 12.071706 -33.516476
vt 12.445798 -33.746429
vt 12.070656 -33.725422
vt 12.449927 -33.942783
vt 12.075120 -33.934967
vt 12.468500 -34.339794
vt 12.458476 -34.139900
vt 12.084513 -34.142979
vt 12.095179 -34.347290
vt 11.661416 -30.324104
vt 12.037887 -30.338572
vt 11.677910 -29.924343
vt 11.670990 -30.123222
vt 12.047441 -30.135330
vt 12.054228 -29.929688
vt 11.679793 -29.726915
vt 12.055613 -29.722099
vt 11.674813 -29.530140
vt 12.049578 -29.513828
vt 11.643694 -29.133286
vt 11.662296 -29.332838
vt 12.035648 -29.306923
vt 12.016199 -29.103502
vt 12.471212 -32.738438
vt 12.471757 -32.529507
vt 12.096636 -32.507683
vt 12.096293 -32.704967
vt 12.466530 -32.319927
vt 12.091722 -32.311123
vt 12.466196 -32.945263
vt 12.091633 -32.903980
vt 12.458858 -33.149323
vt 12.084452 -33.105385
vt 12.456075 -32.111862
vt 12.082094 -32.113838
vt 12.444019 -31.907475
vt 12.070656 -31.913818
vt -3.629812 6.882794
vt -2.354671 3.597831
vt -1.674800 8.179345
vt -0.333083 5.065327
vt -0.687092 4.812867
vt -5.053279 9.845552
vt -3.191190 11.259073
vt -6.376306 11.848952
vt -4.771593 13.783083
vt -7.578275 14.224365
vt -5.803880 15.919876
vt -6.266357 5.323436
vt -5.182556 2.185919
vt -7.487327 8.039113
vt -8.632801 9.785222
vt -10.059447 12.813763
vt -7.514461 22.217369
vt -8.396298 17.369686
vt -5.171920 21.572685
vt -6.063533 17.054354
vt -7.350051 25.469772
vt -5.030342 25.102692
vt -7.322545 27.751434
vt -4.981672 27.475073
vt -7.581971 30.454712
vt -5.243806 30.258244
vt -10.546890 22.905474
vt -10.477750 17.535765
vt -10.357750 25.894779
vt -10.371411 28.032440
vt -10.592258 30.568096
vt -8.265360 33.935604
vt -5.875330 34.004230
vt -9.329974 36.961288
vt -7.032200 37.346931
vt -9.908957 39.681122
vt -7.443911 39.515949
vt -10.170605 42.675316
vt -7.867299 42.047482
vt -11.351832 33.658310
vt -12.246896 36.301296
vt -13.059319 39.733727
vt -13.121608 43.469509
vt -10.685134 47.001934
vt -8.263495 46.995377
vt -10.592846 47.584106
vt -5.016115 -0.077497
vt -5.268373 -3.456728
vt -2.939752 -3.029947
vt -2.814410 0.766737
vt -7.877894 -0.901971
vt -8.308577 -3.711080
vt -8.167046 1.185483
vt -9.036153 3.960356
vt -9.558651 6.956578
vt -9.554015 9.207519
vt -1.068680 4.461874
vt -1.376907 4.028766
vt 2.231356 -41.134766
vt 2.096168 -45.886974
vt 4.010616 -41.628418
vt 3.931805 -45.378445
vt 2.334603 -38.055984
vt 4.048896 -38.483540
vt 2.342588 -35.878796
vt 4.011164 -36.279659
vt 2.176743 -33.270134
vt 3.789972 -33.654434
vt 0.002212 -40.568844
vt -0.301928 -46.584103
vt 0.186116 -37.562092
vt 0.243904 -35.417969
vt 0.146649 -32.832787
vt 1.851763 -29.865997
vt 3.396301 -30.212334
vt 1.540732 -26.719479
vt 3.032778 -27.013363
vt -0.074243 -29.456324
vt -0.301928 -26.343971
vt -9.074226 -41.296673
vt -10.116614 -46.172997
vt -6.805379 -42.036285
vt -7.797974 -45.904514
vt -8.604403 -38.036179
vt -6.329324 -38.489746
vt -8.569048 -35.701149
vt -6.183132 -35.835831
vt -9.138253 -32.996464
vt -6.825193 -32.718765
vt -12.041220 -40.437740
vt -13.121610 -46.584106
vt -11.541836 -37.593449
vt -11.664488 -35.653450
vt -12.096161 -33.365639
vt -8.985954 -30.369267
vt -6.782329 -31.137020
vt -5.941882 -27.823696
vt -4.450541 -29.343046
vt -3.817367 -25.615402
vt -3.194824 -27.945221
vt -11.662328 -28.779928
vt -8.111230 -25.862518
vt -5.898039 -23.263313
vt -4.014755 -20.743031
vt -1.718885 -21.209883
vt -2.175259 -27.084438
vt -5.180174 -16.882162
vt -3.259035 -16.639023
vt -5.313290 -13.729742
vt -2.863971 -13.932178
vt -6.125791 -9.931299
vt -3.854885 -9.656917
vt -6.425746 -20.531481
vt -7.234569 -17.224918
vt -8.456293 -13.774662
vt -9.044973 -10.358610
vt -5.781147 -5.747342
vt -3.535754 -6.095177
vt -8.725078 -5.709903
vt 11.409119 -36.114674
vt 11.513948 -35.642509
vt 10.683263 -34.378445
vt 10.329197 -35.838802
vt 11.596386 -37.191143
vt 10.036709 -37.442177
vt 11.807341 -38.787731
vt 10.875797 -38.776096
vt 12.009313 -42.050358
vt 10.919182 -42.064178
vt 10.743790 -46.584103
vt 10.036709 -45.885666
vt 4.080051 -28.532162
vt 4.106466 -31.558834
vt 4.860680 -31.096752
vt 4.470554 -28.710693
vt 4.361156 -26.331741
vt 4.860578 -26.210171
vt 4.205575 -25.857609
vt 4.860680 -24.536745
vt 1.089046 -22.778328
vt 0.694484 -21.208834
vt 0.210003 -21.769709
vt 0.230825 -22.982500
vt 1.089046 -20.755167
vt 2.916712 -23.985106
vt 2.873311 -24.832100
vt 3.248606 -24.827427
vt 3.241825 -25.122215
vt 12.647784 -30.201820
vt 12.686480 -31.084337
vt 13.025418 -30.300293
vt 2.872759 -25.718460
vt 2.891651 -26.004059
vt 3.259555 -25.999163
vt 13.052645 -31.066013
vt 2.863067 -23.299946
vt 2.916926 -23.751945
vt 3.272105 -23.476305
vt 12.796729 -29.679615
vt 12.729305 -29.805407
vt 13.042426 -30.046986
vt 12.654885 -30.068808
vt 13.024235 -30.213619
vt 3.242318 -25.701920
vt 3.235563 -25.411987
vt 2.863067 -25.420025
vt 3.227239 -23.217178
vt 13.101586 -29.899046
vt 2.866900 -25.121645
vt 3.292189 -23.990908
vt 12.706689 -31.398550
vt 13.078410 -31.333685
vt 3.262083 -26.312819
vt 12.736716 -31.558834
vt 13.101586 -31.461159
vt 2.898774 -26.272577
vt 12.685125 -29.936150
vt 3.292783 -23.735098
vt 13.310886 -44.698853
vt 13.297899 -44.540447
vt 12.923922 -44.556030
vt 12.937176 -44.728432
vt 13.299322 -44.454231
vt 12.926768 -44.415886
vt 13.321848 -44.904900
vt 12.947119 -44.924961
vt 13.328895 -45.108208
vt 12.954450 -45.124187
vt 13.336018 -45.309807
vt 12.962044 -45.325058
vt 13.311717 -44.369671
vt 12.949221 -44.276360
vt 13.336018 -44.289207
vt 12.992208 -44.139450
vt 1.511960 -25.281633
vt 1.445983 -25.539230
vt 1.856184 -25.613113
vt 1.854717 -25.397394
vt 1.471620 -25.855614
vt 1.850584 -25.858992
vt 1.587707 -25.031197
vt 1.843733 -25.123219
vt 1.658558 -24.786154
vt 1.813976 -24.756184
vt 1.374416 -26.075457
vt 1.848125 -26.092010
vt 1.799520 -26.307236
vt 1.870448 -26.307823
vt 12.885442 -33.631264
vt 12.894411 -33.466515
vt 12.516628 -33.455528
vt 12.507513 -33.625572
vt 12.904388 -33.297977
vt 12.526424 -33.288002
vt 12.880745 -33.791737
vt 12.502913 -33.799034
vt 12.883610 -33.948006
vt 12.507142 -33.976032
vt 12.926188 -34.281467
vt 12.897008 -34.100212
vt 12.524279 -34.155518
vt 12.555799 -34.347290
vt 1.791849 -26.312819
vt 1.742522 -26.312819
vt 1.367560 -26.303778
vt 1.432011 -24.147675
vt 1.427173 -24.400057
vt 1.803801 -24.403254
vt 1.807381 -24.142345
vt 1.427020 -23.896862
vt 1.800728 -23.879114
vt 1.411096 -23.645000
vt 1.783226 -23.618549
vt 1.368462 -23.123608
vt 1.388188 -23.388887
vt 1.759331 -23.365019
vt 1.739868 -23.121225
vt 12.917446 -32.955261
vt 12.918717 -32.785458
vt 12.537480 -32.788445
vt 12.537689 -32.955708
vt 12.918077 -32.619675
vt 12.535198 -32.618599
vt 12.912628 -33.126896
vt 12.533994 -33.121811
vt 12.918902 -32.459465
vt 12.534693 -32.444580
vt 12.926188 -32.305748
vt 12.541734 -32.264839
vt 2.811762 -24.133881
vt 2.804953 -23.934166
vt 2.428500 -23.950634
vt 2.435227 -24.155718
vt 2.798027 -23.731647
vt 2.422188 -23.748453
vt 2.822479 -24.330027
vt 2.446470 -24.364525
vt 2.831911 -24.562954
vt 2.456178 -24.599913
vt 2.773376 -23.460857
vt 2.401948 -23.513657
vt 2.719817 -23.192577
vt 2.355884 -23.280392
vt 12.501614 -28.381716
vt 12.498868 -28.169001
vt 12.103364 -28.201710
vt 12.105907 -28.395449
vt 12.489786 -27.988956
vt 12.093772 -28.023834
vt 12.497442 -28.589638
vt 12.102874 -28.592964
vt 12.490783 -28.794239
vt 12.098013 -28.793364
vt 12.504374 -29.097439
vt 12.490800 -28.947214
vt 12.100793 -28.977501
vt 12.120167 -29.160330
vt 2.716498 -25.118340
vt 2.755219 -24.811491
vt 2.382328 -24.856251
vt 2.345073 -25.172331
vt 2.716969 -25.454519
vt 2.347266 -25.516241
vt 2.753065 -25.744394
vt 2.384068 -25.805071
vt 2.831911 -26.292719
vt 2.796743 -26.013727
vt 2.427442 -26.062685
vt 2.460626 -26.312819
vt 12.483665 -27.681633
vt 12.483040 -27.527426
vt 12.086937 -27.529085
vt 12.086770 -27.693855
vt 12.484424 -27.375887
vt 12.089657 -27.362350
vt 12.485640 -27.836189
vt 12.088502 -27.858309
vt 12.490193 -27.228920
vt 12.098042 -27.192070
vt 12.504374 -27.087982
vt 12.117346 -27.017080
vt 13.086443 -22.097126
vt 13.097994 -21.896648
vt 12.723954 -21.876862
vt 12.712040 -22.078491
vt 13.075686 -22.295956
vt 12.701270 -22.281961
vt 13.124619 -22.483765
vt 12.694373 -22.486410
vt 12.693924 -22.690269
vt 12.704350 -22.870430
vt 13.124619 -22.855637
vt 12.571416 -31.353260
vt 12.529373 -31.151560
vt 12.087177 -31.145323
vt 12.097643 -31.353165
vt 12.494463 -30.952398
vt 12.086767 -30.933018
vt 12.616627 -31.558834
vt 12.113488 -31.556309
vt 12.470385 -30.754871
vt 12.101015 -30.717178
vt 12.503103 -30.467049
vt 12.145803 -30.434732
vt 13.363307 -42.641312
vt 13.348852 -42.403030
vt 13.129440 -42.551666
vt 13.262690 -42.720036
vt 13.366259 -42.044575
vt 13.029614 -42.382042
vt 13.366259 -42.848068
vt 12.973442 -42.212944
vt 12.947451 -42.039093
vt 12.609631 -29.391691
vt 12.588055 -29.191479
vt 12.216389 -29.231258
vt 12.220866 -29.423218
vt 12.616011 -29.584187
vt 12.226013 -29.617554
vt 12.616627 -29.852726
vt 12.225970 -29.859798
vt 12.581357 -30.166870
vt 12.196316 -30.141665
vt 12.473164 -42.476330
vt 12.476676 -42.267700
vt 12.069673 -42.263760
vt 12.067630 -42.462116
vt 12.473804 -42.058235
vt 12.065760 -42.065517
vt 12.465014 -42.682785
vt 12.061212 -42.661507
vt 12.454723 -42.886475
vt 12.052699 -42.862667
vt 12.438953 -43.285797
vt 12.445095 -43.087364
vt 12.044806 -43.066093
vt 12.040468 -43.271912
vt 12.438875 -43.482407
vt 12.042540 -43.479584
vt 12.446828 -43.678104
vt 12.053205 -43.687706
vt 12.470839 -44.073147
vt 12.463479 -43.874149
vt 12.072919 -43.893978
vt 12.071950 -44.098000
vt 12.464363 -41.849861
vt 12.055513 -41.866158
vt 12.450658 -41.644508
vt 12.040468 -41.664097
vt 4.776866 -22.804049
vt 4.772782 -22.591511
vt 4.197704 -22.491980
vt 4.181629 -22.692619
vt 4.765903 -22.378611
vt 4.212936 -22.291815
vt 4.778874 -23.016117
vt 4.165233 -22.893967
vt 4.779569 -23.227818
vt 4.149139 -23.096140
vt 4.779459 -23.651041
vt 4.779608 -23.439363
vt 4.133897 -23.299110
vt 4.119904 -23.502745
vt 4.779362 -23.863159
vt 4.107370 -23.706820
vt 4.779315 -24.076004
vt 4.096383 -23.911116
vt 4.779608 -24.505590
vt 4.779037 -24.289791
vt 4.086944 -24.115421
vt 4.080049 -24.319395
vt 4.755681 -22.165712
vt 4.226979 -22.091789
vt 4.741035 -21.953402
vt 4.239247 -21.891253
vt 1.814038 -21.926956
vt 1.837321 -21.641119
vt 1.461617 -21.629864
vt 1.442303 -21.877234
vt 1.832826 -21.354145
vt 1.457465 -21.382116
vt 1.782855 -22.142626
vt 1.412349 -22.084089
vt 1.754491 -22.329609
vt 1.383078 -22.270229
vt 1.796426 -21.067688
vt 1.427295 -21.137825
vt 1.725621 -20.787901
vt 1.367560 -20.899036
vt 11.219316 -29.480993
vt 11.191551 -29.584423
vt 11.564032 -29.679869
vt 11.605774 -29.506266
vt 11.143891 -29.794415
vt 11.514734 -29.875200
vt 11.222216 -29.339685
vt 11.612535 -29.329042
vt 11.213337 -29.199352
vt 11.603414 -29.151182
vt 11.156875 -28.926584
vt 11.191869 -29.061287
vt 11.576897 -28.974049
vt 11.532082 -28.799950
vt 11.089145 -30.273905
vt 11.090021 -30.514114
vt 11.409489 -30.494543
vt 11.448872 -30.280643
vt 11.113766 -30.757002
vt 11.411871 -30.721043
vt 11.106404 -30.034180
vt 11.476446 -30.079039
vt 11.170597 -30.996378
vt 11.497519 -30.996899
vt 11.332708 -31.558834
vt 11.612535 -31.309664
vt 1.744347 -22.536583
vt 1.745262 -22.433273
vt 1.369533 -22.408203
vt 1.367560 -22.546011
vt 1.752922 -22.638689
vt 1.378566 -22.683470
vt 1.770691 -22.738771
vt 1.402587 -22.819683
vt 1.835941 -22.939299
vt 1.798203 -22.841305
vt 1.439889 -22.957235
vt 1.491019 -23.090071
vt 7.846835 -22.565844
vt 7.849989 -22.778683
vt 8.302537 -22.770775
vt 8.292665 -22.571613
vt 7.859762 -22.990536
vt 8.320939 -22.970327
vt 7.850025 -22.354225
vt 8.290430 -22.371563
vt 7.867117 -22.145498
vt 8.300787 -22.170029
vt 7.902763 -21.737032
vt 7.885654 -21.939896
vt 8.313919 -21.966213
vt 8.326718 -21.759838
vt 7.915841 -21.536108
vt 8.336161 -21.551201
vt 7.922895 -21.336048
vt 8.339819 -21.341402
vt 7.917544 -20.933163
vt 7.923101 -21.135572
vt 8.336722 -21.132347
vt 8.328399 -20.926094
vt 7.868792 -23.125378
vt 8.339265 -23.142803
vt 7.864430 -23.230738
vt 8.339819 -23.307367
vt 5.607959 -23.482170
vt 5.613088 -23.265388
vt 4.891834 -23.050009
vt 4.902128 -23.253830
vt 5.616579 -23.048216
vt 4.899944 -22.847445
vt 5.602172 -23.698360
vt 4.908888 -23.458252
vt 5.596808 -23.913969
vt 4.913071 -23.663452
vt 5.592190 -24.344475
vt 5.593252 -24.129183
vt 4.916053 -23.869368
vt 4.918625 -24.075953
vt 5.594092 -24.560400
vt 4.921506 -24.282915
vt 5.598945 -24.777464
vt 4.927039 -24.489799
vt 5.617872 -25.428377
vt 5.610735 -25.085846
vt 4.937594 -24.741806
vt 4.951474 -25.006866
vt 5.617872 -22.830940
vt 4.906889 -22.645145
vt 5.616090 -22.613972
vt 4.911981 -22.442522
vt 9.112770 -22.182444
vt 9.110395 -22.386108
vt 9.486546 -22.386446
vt 9.489510 -22.185450
vt 9.111909 -22.590687
vt 9.487084 -22.586588
vt 9.116381 -21.980953
vt 9.493097 -21.982300
vt 9.117550 -21.781443
vt 9.493595 -21.776939
vt 9.110395 -21.333397
vt 9.113973 -21.573513
vt 9.488948 -21.570972
vt 9.483377 -21.366043
vt 1.901601 -22.417440
vt 1.903315 -22.625595
vt 2.271427 -22.615223
vt 2.270450 -22.418234
vt 1.913480 -22.833593
vt 2.280192 -22.811890
vt 1.906284 -22.211161
vt 2.278448 -22.219887
vt 1.914441 -22.007460
vt 2.291084 -22.019400
vt 1.927798 -23.003208
vt 2.294468 -22.989868
vt 1.930838 -23.104082
vt 2.305110 -23.126999
vt 3.726053 -20.615107
vt 4.718910 -20.988605
vt 4.779608 -20.470905
vt 3.784788 -20.099897
vt 3.869185 -21.860098
vt 4.779608 -21.416100
vt 0.210182 -19.718668
vt 0.210003 -20.222527
vt 0.411884 -19.344177
vt 0.210003 -19.343399
vt 0.293307 -20.641607
vt 0.602525 -20.397934
vt 0.613531 -19.345259
vt 9.117130 -22.794056
vt 9.491657 -22.787729
vt 0.814082 -19.344982
vt 1.274829 -19.780447
vt 1.014863 -19.343523
vt 0.929120 -20.724014
vt 1.477509 -20.110035
vt 1.928785 -21.607277
vt 1.922927 -21.806326
vt 2.299513 -21.816231
vt 2.305110 -21.610495
vt 1.929443 -21.409750
vt 2.305078 -21.403080
vt 1.923178 -21.212551
vt 2.297601 -21.195518
vt 1.903834 -20.916418
vt 1.909986 -21.014162
vt 2.283093 -20.990122
vt 2.275224 -20.889698
vt 11.149435 -22.444645
vt 11.092056 -22.820944
vt 11.258547 -22.648403
vt 11.257244 -22.440670
vt 11.234472 -22.233700
vt 11.084119 -21.626436
vt 11.216099 -22.032146
vt 11.197902 -21.830837
vt 11.179844 -21.629469
vt 10.938249 -23.376455
vt 10.834006 -23.484850
vt 11.209970 -23.463688
vt 11.202808 -23.264751
vt 10.846682 -23.690086
vt 11.221521 -23.663025
vt 10.991617 -23.161892
vt 11.226795 -23.063307
vt 11.052823 -23.003696
vt 11.251503 -22.856987
vt 10.864298 -23.894863
vt 11.237766 -23.861799
vt 10.885904 -24.097374
vt 11.258547 -24.061655
vt 10.348468 -28.272415
vt 9.873957 -27.624062
vt 9.060426 -27.667877
vt 9.454002 -28.145720
vt 9.695242 -27.408566
vt 8.910210 -27.449511
vt 9.860638 -28.880936
vt 9.110690 -28.771221
vt 9.692687 -29.212465
vt 8.966722 -29.323486
vt 9.578392 -30.070709
vt 9.666694 -29.640322
vt 8.936709 -29.733786
vt 8.887877 -30.187817
vt 9.467878 -30.512659
vt 8.850799 -30.649698
vt 9.351034 -30.950056
vt 8.757407 -31.057159
vt 9.156724 -31.508266
vt 9.228153 -31.310442
vt 8.646423 -31.366718
vt 8.590475 -31.558834
vt 9.490206 -27.151543
vt 8.741560 -27.219328
vt 9.381622 -27.003162
vt 8.590475 -27.032648
vt 11.177843 -20.265488
vt 11.057242 -20.368073
vt 11.579615 -20.871950
vt 11.330610 -20.215523
vt 10.981342 -20.462093
vt 10.911709 -20.580378
vt 11.419581 -21.004435
vt 11.497705 -20.926800
vt 10.851825 -20.779160
vt 10.835311 -20.972578
vt 11.375355 -21.113214
vt 10.834003 -21.125061
vt 11.359053 -21.226641
vt 10.844986 -21.278885
vt 11.381371 -21.461773
vt 11.354668 -21.355524
vt 10.869808 -21.433746
vt 10.911954 -21.595284
vt 11.530167 -20.185183
vt 11.727013 -20.856009
vt 11.727013 -20.171692
vt 4.908933 -22.150196
vt 4.891835 -22.359009
vt 5.255065 -22.411366
vt 5.270761 -22.217196
vt 2.275866 -25.345409
vt 2.284074 -25.071032
vt 1.908527 -25.057871
vt 1.901603 -25.341465
vt 2.299577 -24.794586
vt 1.922776 -24.777626
vt 2.277300 -25.620964
vt 1.904275 -25.623011
vt 2.283291 -25.895477
vt 1.911599 -25.895893
vt 2.313918 -26.286098
vt 2.294116 -26.088345
vt 1.922846 -26.108189
vt 1.943244 -26.312819
vt 4.977106 -21.726566
vt 4.975972 -21.825310
vt 5.358975 -21.892574
vt 5.415312 -21.733469
vt 4.947536 -21.925528
vt 5.307939 -22.038242
vt 4.982383 -21.556057
vt 5.462706 -21.565678
vt 4.987091 -21.392206
vt 5.496178 -21.390446
vt 2.287485 -24.227757
vt 2.299258 -23.934109
vt 1.953110 -23.975422
vt 1.943349 -24.236191
vt 2.311440 -23.638233
vt 1.962682 -23.724518
vt 2.289800 -24.515171
vt 1.936380 -24.504091
vt 2.313918 -23.418068
vt 1.969289 -23.500629
vt 2.309520 -23.158157
vt 1.967267 -23.275124
vt 4.980348 -21.079639
vt 4.987318 -21.233953
vt 5.496204 -21.206720
vt 5.486572 -21.019783
vt 4.963732 -20.930088
vt 5.463227 -20.831881
vt 4.934966 -20.786085
vt 5.424127 -20.642548
vt 4.891835 -20.648808
vt 5.362580 -20.452137
vt 13.084076 -28.165533
vt 13.138607 -27.969122
vt 12.650149 -28.037247
vt 12.595213 -28.183647
vt 13.183105 -27.729809
vt 12.682646 -27.863991
vt 13.065055 -28.255827
vt 12.558329 -28.309130
vt 13.057622 -28.342789
vt 12.538837 -28.438427
vt 13.072039 -28.498665
vt 13.059726 -28.424038
vt 12.535529 -28.569679
vt 12.550723 -28.701145
vt 13.095126 -28.565962
vt 12.586755 -28.829994
vt 13.128908 -28.624842
vt 12.644913 -28.952381
vt 13.224279 -28.711111
vt 13.172556 -28.673775
vt 12.724877 -29.063961
vt 12.824905 -29.160330
vt 13.208756 -27.501871
vt 12.694263 -27.680714
vt 13.224276 -27.284029
vt 12.696277 -27.489164
vt 10.178950 -25.433937
vt 10.146147 -25.788469
vt 10.644020 -25.787895
vt 10.683048 -25.439352
vt 10.128895 -26.156130
vt 10.622571 -26.118202
vt 10.208280 -25.089029
vt 10.703413 -25.066328
vt 10.207430 -24.749264
vt 10.734819 -24.739269
vt 10.140447 -24.037313
vt 10.171680 -24.400177
vt 10.781130 -24.361265
vt 10.800012 -24.004738
vt 10.133465 -23.735477
vt 10.802850 -23.716915
vt 10.125729 -23.545620
vt 10.795745 -23.502007
vt 10.085115 -23.155846
vt 10.108234 -23.352678
vt 10.774281 -23.294113
vt 10.743711 -23.093063
vt 10.085114 -26.564911
vt 10.636203 -26.433710
vt 10.094954 -26.972008
vt 10.703419 -26.730736
vt 10.459516 -32.512703
vt 10.462811 -32.300446
vt 10.087708 -32.365677
vt 10.080900 -32.583462
vt 10.462437 -32.083572
vt 10.083055 -32.116997
vt 10.450064 -32.776253
vt 10.067399 -32.801994
vt 10.448424 -31.852253
vt 10.064526 -31.884338
vt 10.407814 -31.591553
vt 10.036712 -31.655956
vt 0.138474 -22.038643
vt 0.153180 -21.878153
vt -0.194718 -21.904396
vt -0.213721 -22.087151
vt 0.120896 -22.195408
vt -0.236118 -22.269745
vt 0.101700 -22.347504
vt -0.258446 -22.447445
vt 0.054135 -22.723789
vt 0.082513 -22.494371
vt -0.280512 -22.624117
vt -0.301928 -22.796154
vt 10.436883 -33.036812
vt 10.053605 -33.035637
vt 10.416088 -33.550461
vt 10.423477 -33.294662
vt 10.041595 -33.273212
vt 10.036712 -33.512161
vt 0.171713 -21.486809
vt 0.170444 -21.321272
vt -0.173125 -21.357052
vt -0.173543 -21.536572
vt 0.164005 -21.715057
vt -0.180736 -21.717871
vt 10.414811 -33.804138
vt 10.039260 -33.749760
vt 10.427759 -33.959232
vt 10.049662 -33.979443
vt 10.459456 -34.317219
vt 10.442296 -34.147255
vt 10.064919 -34.164593
vt 10.083935 -34.347290
vt 0.161754 -21.154844
vt -0.181736 -21.177275
vt 0.145468 -20.989620
vt -0.199145 -20.997498
vt 0.116715 -20.786818
vt -0.230191 -20.807747
vt 0.031989 -20.551805
vt -0.301928 -20.608025
vt 10.942096 -29.347897
vt 10.915956 -29.223898
vt 10.380006 -29.086239
vt 10.407360 -29.251493
vt 10.908533 -29.159946
vt 10.379625 -28.949459
vt 10.973681 -29.557396
vt 10.439184 -29.449646
vt 11.004224 -29.764839
vt 10.469344 -29.649006
vt 11.057995 -30.335899
vt 11.039449 -30.021608
vt 10.500930 -29.879471
vt 10.516340 -30.151163
vt 11.051307 -30.646416
vt 10.509975 -30.426741
vt 11.022167 -30.953503
vt 10.485090 -30.703281
vt 10.888138 -31.558834
vt 10.969060 -31.257444
vt 10.441979 -30.976723
vt 10.379627 -31.242340
vt 10.912545 -29.095127
vt 10.406874 -28.813498
vt 10.928435 -29.031971
vt 10.461826 -28.684107
vt 10.534910 -21.327419
vt 10.539726 -21.224098
vt 9.542892 -21.218222
vt 9.538342 -21.363092
vt 10.554730 -21.116402
vt 9.557548 -21.066547
vt 10.542746 -21.424633
vt 9.548968 -21.499866
vt 10.567013 -21.549274
vt 9.575831 -21.640833
vt 10.591591 -21.833290
vt 10.585094 -21.692379
vt 9.603606 -21.789724
vt 9.630738 -21.940193
vt 10.578638 -22.013638
vt 9.660177 -22.121576
vt 10.482246 -22.311043
vt 9.659120 -22.375126
vt 10.263690 -23.004843
vt 10.332432 -22.641247
vt 9.628997 -22.653034
vt 9.615993 -22.939373
vt 10.578781 -21.005262
vt 9.578519 -20.908199
vt 10.591591 -20.888397
vt 9.606465 -20.743925
vt 7.417137 -23.689213
vt 7.438680 -23.388954
vt 6.850739 -23.339081
vt 6.843733 -23.612453
vt 7.429682 -23.083939
vt 6.832077 -23.070383
vt 7.371675 -23.983267
vt 6.816067 -23.889023
vt 7.309456 -24.265127
vt 6.773267 -24.163998
vt 7.240160 -24.640944
vt 7.269905 -24.452097
vt 6.740088 -24.377129
vt 6.717501 -24.591198
vt 7.219960 -24.831770
vt 6.705332 -24.804811
vt 7.209445 -25.024847
vt 6.703530 -25.016554
vt 7.208804 -25.420221
vt 7.206566 -25.220654
vt 6.709717 -25.224815
vt 6.720744 -25.428383
vt 7.384547 -22.778261
vt 6.783698 -22.807968
vt 7.300845 -22.477919
vt 6.703530 -22.553888
vt 7.734038 -20.940491
vt 7.741279 -20.775114
vt 6.735003 -20.975609
vt 6.729434 -21.135439
vt 7.746068 -20.610708
vt 6.739591 -20.815609
vt 7.724131 -21.106798
vt 6.722785 -21.295185
vt 7.711363 -21.273893
vt 6.714960 -21.454947
vt 7.687638 -21.576584
vt 7.709101 -21.376270
vt 6.711293 -21.598724
vt 6.703553 -21.765665
vt 7.680095 -21.705290
vt 6.703531 -21.939053
vt 7.687901 -21.832712
vt 6.723379 -22.111895
vt 7.748805 -22.077026
vt 7.710934 -21.957176
vt 6.763055 -22.281933
vt 6.822576 -22.446758
vt 7.748630 -20.447304
vt 6.743303 -20.655369
vt 7.748805 -20.284990
vt 6.746185 -20.494820
vt 12.202026 -20.773243
vt 12.206574 -20.610777
vt 11.826929 -20.629763
vt 11.823135 -20.804821
vt 12.204210 -20.447470
vt 11.824598 -20.454664
vt 12.207006 -20.933207
vt 11.814836 -20.981606
vt 12.201403 -20.285484
vt 11.813348 -20.278725
vt 12.173337 -20.076111
vt 11.797812 -20.100988
vt 11.193800 -26.029396
vt 11.192442 -25.811525
vt 10.835328 -25.744986
vt 10.834006 -26.016790
vt 11.184744 -26.261177
vt 10.843396 -26.251101
vt 11.179449 -26.491835
vt 10.870744 -26.490990
vt 11.303766 -26.972008
vt 11.202975 -26.726671
vt 10.915439 -26.725622
vt 10.966239 -26.958160
vt 13.390118 -20.971968
vt 11.807071 -21.155483
vt 11.797812 -21.336290
vt 11.797840 -21.512461
vt 13.221336 -21.174814
vt 11.842117 -21.685560
vt 13.073827 -21.393282
vt 11.904969 -21.840748
vt 11.278849 -25.100067
vt 11.298301 -24.859789
vt 10.921964 -24.842415
vt 10.903887 -25.064011
vt 11.303766 -24.616173
vt 10.927511 -24.622570
vt 11.256289 -25.338959
vt 10.883175 -25.288736
vt 11.227617 -25.578012
vt 10.851549 -25.518154
vt 11.291027 -24.371124
vt 10.917157 -24.404377
vt 11.259051 -24.128529
vt 10.889071 -24.187145
vt 12.927908 -37.722519
vt 12.960636 -37.556698
vt 12.504550 -37.450172
vt 12.486514 -37.614914
vt 12.993753 -37.393784
vt 12.533025 -37.281471
vt 12.894581 -37.889450
vt 12.484002 -37.776745
vt 12.942972 -38.041294
vt 12.486198 -37.943649
vt 12.953380 -38.357586
vt 12.943810 -38.199966
vt 12.495081 -38.114590
vt 12.512980 -38.290367
vt 12.975505 -38.531334
vt 12.542646 -38.477417
vt 13.005646 -38.734375
vt 12.577534 -38.680138
vt 13.075388 -39.139587
vt 13.040039 -38.936493
vt 12.616058 -38.885708
vt 12.655269 -39.093796
vt 13.031096 -37.230228
vt 12.566674 -37.108265
vt 13.075388 -37.035118
vt 12.603145 -36.916336
vt 5.761370 -24.586321
vt 5.805439 -24.833008
vt 6.566481 -24.774069
vt 6.562622 -24.536808
vt 5.843918 -25.030972
vt 6.568255 -24.978199
vt 5.728497 -24.310551
vt 6.566305 -24.276875
vt 5.705681 -24.031460
vt 6.576181 -24.011387
vt 5.671027 -23.531796
vt 5.690362 -23.749199
vt 6.589488 -23.741726
vt 6.605713 -23.469929
vt 5.657694 -23.291214
vt 6.623633 -23.198275
vt 5.657816 -23.000660
vt 6.642606 -22.928997
vt 5.649029 -22.463345
vt 5.663992 -22.717518
vt 6.663666 -22.669832
vt 6.672375 -22.463345
vt 5.882567 -25.229593
vt 6.570097 -25.181419
vt 5.921916 -25.428379
vt 6.572738 -25.384066
vt 13.075932 -23.514013
vt 13.077658 -23.309826
vt 12.701625 -23.310797
vt 12.699307 -23.511194
vt 13.072243 -23.716232
vt 12.695620 -23.713442
vt 13.069958 -23.916603
vt 12.693924 -23.917656
vt 13.077658 -24.319254
vt 13.071657 -24.116358
vt 12.696613 -24.122540
vt 12.703253 -24.326851
vt 12.878693 -32.233685
vt 12.878752 -32.031563
vt 12.502913 -32.031258
vt 12.503141 -32.233685
vt 13.075036 -23.104980
vt 13.068496 -22.901585
vt 12.694103 -22.910032
vt 12.699987 -23.111008
vt 12.879244 -31.829288
vt 12.503408 -31.828987
vt 12.879021 -31.626865
vt 12.503470 -31.626865
vt 11.388264 -27.784967
vt 11.378004 -27.916693
vt 11.752117 -27.955187
vt 11.765252 -27.801418
vt 11.392101 -27.655542
vt 11.770094 -27.645582
vt 11.371424 -27.409597
vt 11.387331 -27.530048
vt 11.763006 -27.486950
vt 11.739586 -27.326166
vt 11.307246 -27.205736
vt 11.696189 -27.165174
vt 11.362614 -28.048464
vt 11.732426 -28.108213
vt 11.338284 -28.202492
vt 11.704569 -28.268726
vt 11.315993 -28.417440
vt 11.683107 -28.456570
vt 11.307246 -28.623207
vt 11.674659 -28.652956
vt 0.231837 -24.891861
vt 0.214024 -25.221949
vt 0.727417 -25.195866
vt 0.747796 -24.878571
vt 0.210003 -25.547672
vt 0.718432 -25.501162
vt 0.248604 -24.486742
vt 0.766218 -24.478626
vt 0.262584 -24.258698
vt 0.778802 -24.249207
vt 0.271248 -23.875719
vt 0.270466 -24.067459
vt 0.785945 -24.039886
vt 0.785358 -23.830734
vt 0.264903 -23.684141
vt 0.777457 -23.622549
vt 0.252131 -23.491589
vt 0.762506 -23.416313
vt 0.210003 -23.101913
vt 0.233315 -23.297844
vt 0.741754 -23.213108
vt 0.717570 -23.013655
vt 0.232965 -25.923410
vt 0.733396 -25.849001
vt 0.397578 -26.312819
vt 0.748429 -26.164591
vt 12.041351 -35.874390
vt 12.051684 -36.092407
vt 12.497689 -36.058434
vt 12.507762 -35.862850
vt 12.070291 -36.306656
vt 12.495455 -36.254284
vt 12.040472 -35.652836
vt 12.522155 -35.658058
vt 12.050824 -35.427898
vt 12.548092 -35.452648
vt 12.070662 -35.118515
vt 12.063545 -35.259830
vt 12.579741 -35.272362
vt 12.604153 -35.103954
vt 12.072760 -34.975128
vt 12.622249 -34.932529
vt 12.068800 -34.831669
vt 12.632641 -34.757854
vt 12.040472 -34.554260
vt 12.079865 -34.699474
vt 12.633102 -34.580276
vt 12.620183 -34.395813
vt 12.078059 -36.458710
vt 12.500650 -36.450436
vt 12.091412 -36.664356
vt 12.511263 -36.648857
vt 12.039402 -32.705757
vt 12.039499 -32.502602
vt 11.522980 -32.544186
vt 11.521746 -32.740208
vt 12.035388 -32.299263
vt 11.520325 -32.348549
vt 12.035996 -32.907803
vt 11.517626 -32.937294
vt 12.030721 -33.108212
vt 11.512085 -33.135933
vt 12.020887 -33.503925
vt 12.025064 -33.306831
vt 11.506768 -33.336323
vt 11.503342 -33.538357
vt 12.019632 -33.699947
vt 11.503250 -33.741520
vt 12.022316 -33.895584
vt 11.507394 -33.944859
vt 12.039499 -34.289436
vt 12.029194 -34.091728
vt 11.515672 -34.147163
vt 11.526728 -34.347286
vt 12.027143 -32.096951
vt 11.513493 -32.152393
vt 12.016114 -31.896824
vt 11.503267 -31.954655
vt 12.495527 -39.991730
vt 12.496528 -39.785488
vt 12.070709 -39.790401
vt 12.069194 -39.987312
vt 12.491313 -39.578758
vt 12.066395 -39.593990
vt 12.489868 -40.196285
vt 12.063301 -40.185547
vt 12.481769 -40.398609
vt 12.055092 -40.385700
vt 12.467974 -40.796879
vt 12.473675 -40.598690
vt 12.046951 -40.588100
vt 12.041326 -40.792717
vt 12.466751 -40.993778
vt 12.040468 -40.998993
vt 12.471497 -41.190224
vt 12.045968 -41.205734
vt 12.493953 -41.585747
vt 12.482254 -41.387241
vt 12.058018 -41.411179
vt 12.073887 -41.613346
vt 12.479731 -39.373272
vt 12.055869 -39.396954
vt 12.463757 -39.170738
vt 12.040468 -39.197838
vt 12.418134 -38.318016
vt 12.425039 -38.119156
vt 12.048594 -38.107021
vt 12.041816 -38.312725
vt 12.434636 -37.918270
vt 12.058180 -37.903683
vt 12.416289 -38.515396
vt 12.040472 -38.520329
vt 12.421339 -38.712097
vt 12.046580 -38.728592
vt 12.452853 -39.110340
vt 12.433959 -38.909294
vt 12.060625 -38.935452
vt 12.080308 -39.139587
vt 12.240870 -23.638290
vt 12.244381 -23.848003
vt 12.619389 -23.833656
vt 12.616993 -23.638014
vt 12.258005 -24.056778
vt 12.631235 -24.029373
vt 12.245870 -23.430187
vt 12.622367 -23.441135
vt 12.256289 -23.224873
vt 12.632788 -23.242182
vt 12.280149 -24.261097
vt 12.662769 -24.326851
vt 12.451202 -37.509392
vt 12.452853 -37.301830
vt 12.077025 -37.305977
vt 12.074898 -37.503620
vt 12.447239 -37.093464
vt 12.072425 -37.108826
vt 12.444268 -37.715023
vt 12.067828 -37.702667
vt 12.433912 -36.886337
vt 12.060463 -36.911026
vt 12.414537 -36.695511
vt 12.042605 -36.710941
vt 12.279835 -22.822670
vt 12.268710 -23.022514
vt 12.645138 -23.040609
vt 12.656161 -22.836235
vt 12.286777 -22.624580
vt 12.662769 -22.629433
vt 12.287354 -22.427250
vt 12.662545 -22.421427
vt 12.268056 -22.029140
vt 12.280664 -22.229351
vt 12.654682 -22.214310
vt 12.641334 -22.010332
vt 9.265045 -23.917362
vt 9.215312 -23.397640
vt 8.723188 -23.575161
vt 8.859199 -24.007113
vt 9.170885 -23.210293
vt 8.676660 -23.373049
vt 9.507182 -24.615850
vt 9.215909 -24.759113
vt 9.190969 -25.515284
vt 8.861753 -25.344582
vt 8.961722 -26.152973
vt 8.991320 -25.979349
vt 8.643613 -25.875425
vt 8.597555 -26.113825
vt 8.960807 -26.334702
vt 8.590476 -26.343071
vt 8.979883 -26.520334
vt 8.609071 -26.562386
vt 9.056579 -26.901688
vt 9.013499 -26.708904
vt 8.644395 -26.771914
vt 8.688522 -26.972008
vt 9.128321 -23.018917
vt 8.633456 -23.174671
vt 9.085201 -22.825207
vt 8.590476 -22.979124
vt 8.258918 -20.491671
vt 8.058640 -20.396362
vt 8.052340 -20.893831
vt 8.258918 -20.892380
vt 7.856414 -20.414522
vt 7.846834 -20.894932
vt 0.173354 -23.913332
vt 0.178848 -23.657675
vt -0.225934 -23.581444
vt -0.228135 -23.833178
vt 0.175189 -23.398346
vt -0.233751 -23.331686
vt 0.160568 -24.210577
vt -0.238404 -24.114050
vt 0.136236 -24.534986
vt -0.261555 -24.421364
vt 0.105830 -25.151136
vt 0.114242 -24.847410
vt -0.286638 -24.733444
vt -0.301928 -25.048279
vt 0.116335 -25.448856
vt -0.299557 -25.360559
vt 0.144049 -25.743082
vt -0.279331 -25.662867
vt 0.134761 -26.312817
vt 0.178848 -26.037224
vt -0.250094 -25.949757
vt -0.232390 -26.237312
vt 0.159613 -23.139233
vt -0.253334 -23.081205
vt 0.135053 -22.883944
vt -0.281674 -22.827307
vt 5.771863 -21.726408
vt 5.757174 -21.856277
vt 6.364739 -21.948288
vt 6.385380 -21.791403
vt 5.732022 -21.983210
vt 6.329368 -22.107473
vt 5.776678 -21.594303
vt 6.392782 -21.636541
vt 5.772172 -21.460579
vt 6.388260 -21.483219
vt 5.730385 -21.150627
vt 5.758792 -21.325842
vt 6.372720 -21.330835
vt 6.353336 -21.154573
vt 5.701598 -20.938702
vt 6.339064 -20.957005
vt 5.680913 -20.729637
vt 6.327809 -20.755560
vt 5.649029 -20.322479
vt 5.665454 -20.524609
vt 6.314063 -20.547892
vt 6.302867 -20.336941
vt 5.695819 -22.106255
vt 6.277863 -22.268961
vt 5.649029 -22.224407
vt 6.208588 -22.432188
vt 12.961134 -33.539188
vt 12.959080 -33.739803
vt 13.340163 -33.741390
vt 13.342134 -33.539215
vt 12.957342 -33.941978
vt 13.337849 -33.942017
vt 12.960856 -33.339394
vt 13.341267 -33.336155
vt 12.957342 -33.138908
vt 13.337362 -33.133896
vt 12.958418 -34.145039
vt 13.337847 -34.141811
vt 12.962523 -34.347290
vt 13.341079 -34.342300
vt 12.960977 -46.163166
vt 12.965845 -46.366238
vt 13.388906 -46.384823
vt 13.392351 -46.185181
vt 12.970961 -46.568745
vt 13.387548 -46.584103
vt 12.955994 -45.960712
vt 13.397120 -45.984028
vt 12.949085 -45.759174
vt 13.401354 -45.780880
vt 12.923916 -45.356213
vt 12.938558 -45.557999
vt 13.403525 -45.576210
vt 13.403525 -45.371044
vt 11.155605 -28.245655
vt 11.131035 -28.155432
vt 10.749693 -28.181255
vt 10.778628 -28.305927
vt 11.188110 -28.322029
vt 10.821493 -28.425804
vt 11.276087 -28.431963
vt 11.228693 -28.384350
vt 10.880058 -28.538105
vt 10.959585 -28.652952
vt 8.432005 -28.225941
vt 8.360388 -27.780890
vt 7.979895 -27.816940
vt 8.053221 -28.284580
vt 8.269750 -27.422304
vt 7.927748 -27.435259
vt 8.261512 -27.111296
vt 7.892075 -27.192759
vt 8.213392 -26.907768
vt 7.846835 -26.984251
vt 11.161924 -27.822540
vt 11.200586 -27.661764
vt 10.840055 -27.574526
vt 10.798105 -27.721270
vt 11.134770 -27.902504
vt 10.758486 -27.835287
vt 11.119226 -27.985271
vt 10.736285 -27.946011
vt 11.116899 -28.066139
vt 10.732930 -28.060066
vt 8.559320 -28.953638
vt 8.195539 -28.840784
vt 8.333491 -29.331694
vt 7.969317 -29.271080
vt 8.112278 -30.321703
vt 8.170344 -29.936615
vt 7.894654 -29.791019
vt 7.848071 -30.292967
vt 8.122988 -30.566120
vt 7.846835 -30.612423
vt 11.228769 -27.493366
vt 10.867948 -27.418272
vt 11.251298 -27.335409
vt 10.891691 -27.254398
vt 11.276087 -27.188084
vt 10.921839 -27.082628
vt 8.171204 -30.809420
vt 7.898019 -30.877861
vt 8.483431 -31.443155
vt 8.243851 -31.050571
vt 7.979322 -31.162777
vt 8.131725 -31.558834
vt 12.640373 -25.432388
vt 12.641425 -25.224466
vt 12.280672 -25.235819
vt 12.279534 -25.431400
vt 12.633845 -25.016188
vt 12.273803 -25.040768
vt 12.632496 -25.638826
vt 12.272053 -25.627979
vt 12.619883 -25.843571
vt 12.260037 -25.825624
vt 12.535951 -26.168306
vt 12.604245 -26.046947
vt 12.244911 -26.024145
vt 12.235579 -26.172382
vt 12.495556 -26.369844
vt 12.236771 -26.331223
vt 12.509739 -26.430683
vt 12.256623 -26.506245
vt 12.551504 -26.878317
vt 12.528730 -26.703981
vt 12.258280 -26.764311
vt 12.263531 -26.972008
vt 12.617311 -24.809711
vt 12.258252 -24.845211
vt 12.612429 -24.609343
vt 12.235579 -24.647356
vt 11.451044 -32.591839
vt 11.472094 -32.268799
vt 11.071210 -32.364719
vt 11.053206 -32.642372
vt 11.471407 -32.019367
vt 11.074824 -32.067547
vt 11.429873 -32.930492
vt 11.037874 -32.911549
vt 11.418254 -33.130421
vt 11.026203 -33.113884
vt 11.403120 -33.526039
vt 11.408778 -33.328861
vt 11.016665 -33.318005
vt 11.011111 -33.523830
vt 11.402824 -33.722286
vt 11.011316 -33.730881
vt 11.409083 -33.918182
vt 11.018604 -33.938087
vt 11.472094 -34.310555
vt 11.422204 -34.114708
vt 11.033073 -34.143757
vt 11.058106 -34.347290
vt 11.459394 -31.826157
vt 11.069242 -31.871960
vt 11.458049 -31.632935
vt 11.062763 -31.709282
vt 9.021251 -22.093441
vt 9.024833 -21.935848
vt 8.590478 -21.928247
vt 8.619922 -22.098488
vt 9.022932 -22.249256
vt 8.645280 -22.270985
vt 9.031301 -22.401896
vt 8.655470 -22.443493
vt 9.079240 -22.693068
vt 9.049133 -22.549904
vt 8.677820 -22.618532
vt 8.715530 -22.794054
vt 7.918170 -25.809895
vt 7.967417 -26.067318
vt 8.270614 -26.032537
vt 8.243646 -25.783140
vt 8.005440 -26.333721
vt 8.304791 -26.275928
vt 7.846835 -25.562233
vt 8.221805 -25.532913
vt 8.046423 -26.605907
vt 8.356523 -26.510403
vt 8.086706 -26.876606
vt 8.434278 -26.736237
vt 9.053192 -21.451385
vt 9.066205 -21.291019
vt 8.629521 -21.243483
vt 8.618063 -21.415947
vt 9.079240 -21.075766
vt 8.646879 -21.055786
vt 9.041962 -21.613449
vt 8.608198 -21.584084
vt 9.032281 -21.775547
vt 8.595835 -21.755241
vt 9.078292 -20.861586
vt 8.660766 -20.870424
vt 9.038408 -20.547823
vt 8.678878 -20.634472
vt 8.002530 -25.120579
vt 8.239443 -25.122513
vt 8.213920 -24.279190
vt 8.136925 -24.677631
vt 8.361576 -24.648682
vt 8.397884 -24.254412
vt 8.236931 -23.870255
vt 8.434278 -23.848755
vt 8.247095 -23.660805
vt 8.414918 -23.651199
vt 8.297857 -23.404617
vt 8.269519 -23.518063
vt 8.379837 -23.445663
vt 8.362516 -23.338522
vt 11.763972 -22.790047
vt 11.766661 -22.583689
vt 11.392311 -22.585575
vt 11.389402 -22.782883
vt 11.762995 -22.376402
vt 11.389338 -22.389048
vt 11.756768 -22.994801
vt 11.382252 -22.981390
vt 11.747033 -23.197840
vt 11.372673 -23.181271
vt 11.726845 -23.598381
vt 11.736614 -23.399405
vt 11.362410 -23.382502
vt 11.352941 -23.584854
vt 11.719177 -23.799816
vt 11.345324 -23.787960
vt 11.716379 -23.965317
vt 11.342862 -23.978659
vt 11.735218 -24.273315
vt 11.719481 -24.097780
vt 11.338451 -24.151697
vt 11.334924 -24.326851
vt 11.749020 -22.144415
vt 11.377935 -22.181540
vt 11.690071 -21.823214
vt 11.334924 -21.932755
vt 11.735874 -25.421745
vt 11.748027 -25.221127
vt 11.372420 -25.201321
vt 11.360500 -25.403509
vt 11.758950 -24.965912
vt 11.382392 -24.972406
vt 11.724865 -25.621742
vt 11.349668 -25.606564
vt 11.715896 -25.820971
vt 11.340862 -25.810753
vt 11.709186 -26.216764
vt 11.710180 -26.019306
vt 11.335406 -26.016273
vt 11.334924 -26.223064
vt 11.714350 -26.413660
vt 11.340983 -26.430496
vt 11.726513 -26.609991
vt 11.354527 -26.637194
vt 11.761367 -26.857601
vt 11.743018 -26.783024
vt 11.373737 -26.830130
vt 11.408097 -26.972008
vt 11.761367 -24.661201
vt 11.389145 -24.719406
vt 11.670128 -24.358011
vt 11.383819 -24.458187
vt 4.047377 -25.478956
vt 3.783669 -25.478956
vt 3.802676 -25.852915
vt 4.029305 -25.853069
vt 12.566245 -40.947182
vt 12.564106 -41.089268
vt 13.006851 -41.132336
vt 12.998291 -40.977005
vt 12.558777 -41.227886
vt 13.010729 -41.289577
vt 12.566963 -40.803070
vt 12.988016 -40.822655
vt 12.566875 -40.658825
vt 12.977433 -40.668171
vt 12.560481 -40.377331
vt 12.565289 -40.516407
vt 12.966078 -40.512482
vt 12.951633 -40.354733
vt 12.549375 -40.191288
vt 12.933422 -40.170238
vt 12.542225 -39.985092
vt 12.920946 -39.969803
vt 12.527685 -39.581993
vt 12.536029 -39.782867
vt 12.910752 -39.767242
vt 12.900714 -39.565300
vt 12.547636 -41.362000
vt 13.005934 -41.449326
vt 12.527685 -41.490524
vt 12.994345 -41.613346
vt 10.051968 -24.456354
vt 10.053958 -24.016415
vt 9.677519 -24.033598
vt 9.675080 -24.441374
vt 10.006622 -23.544153
vt 9.637166 -23.600208
vt 9.902460 -23.036001
vt 9.538337 -23.109865
vt 12.712438 -35.255585
vt 12.740410 -35.376080
vt 13.123629 -35.386879
vt 13.091426 -35.220909
vt 12.664259 -34.908543
vt 12.687823 -35.104980
vt 13.066502 -35.045559
vt 13.035374 -34.847187
vt 10.021544 -24.930897
vt 9.645687 -24.901917
vt 9.985465 -25.345751
vt 9.610118 -25.312553
vt 9.954768 -25.668875
vt 9.580013 -25.631838
vt 9.931735 -25.923941
vt 9.555964 -25.902199
vt 12.786460 -35.674522
vt 12.782413 -35.769775
vt 13.069921 -35.906075
vt 13.111948 -35.815678
vt 12.763725 -35.488998
vt 12.776997 -35.574062
vt 13.148673 -35.670292
vt 13.162062 -35.543484
vt 9.918814 -26.156898
vt 9.543202 -26.143841
vt 9.913905 -26.353394
vt 9.538337 -26.352293
vt 9.916390 -26.549650
vt 9.541629 -26.561138
vt 9.943360 -26.946243
vt 9.926756 -26.746716
vt 9.553273 -26.768410
vt 9.570676 -26.972008
vt 12.759213 -35.879349
vt 12.707121 -36.044247
vt 12.955391 -36.127266
vt 13.012219 -36.006596
vt 12.675249 -36.235935
vt 12.922990 -36.272224
vt 12.664259 -36.456863
vt 12.914886 -36.459488
vt 12.676601 -36.664356
vt 12.927277 -36.655571
vt 7.469836 -24.893507
vt 7.480246 -25.118431
vt 7.725962 -25.106243
vt 7.718000 -24.894527
vt 7.508451 -25.361990
vt 7.750863 -25.333546
vt 7.474911 -24.685837
vt 7.723411 -24.697411
vt 7.487138 -24.481171
vt 7.735394 -24.498230
vt 3.342818 -24.715199
vt 3.351479 -24.902378
vt 3.728049 -24.885275
vt 3.716357 -24.664833
vt 3.375501 -25.091421
vt 3.752511 -25.091928
vt 3.337518 -24.495552
vt 3.666239 -24.407434
vt 3.323940 -23.992144
vt 3.681909 -24.054928
vt 3.395132 -23.440266
vt 3.386569 -23.661774
vt 3.741269 -23.699600
vt 3.752511 -23.367020
vt 7.697475 -25.406700
vt 7.518949 -25.428383
vt 3.783666 -25.884228
vt 3.902328 -25.936907
vt 3.902012 -25.887983
vt 3.783666 -26.312763
vt 3.902225 -26.312819
vt 7.513670 -24.079994
vt 7.501460 -24.279373
vt 7.749685 -24.296593
vt 7.762115 -24.092161
vt 7.519790 -23.882679
vt 7.768288 -23.884800
vt 7.515946 -23.686985
vt 7.763580 -23.675293
vt 7.469836 -23.289474
vt 7.499214 -23.491844
vt 7.744719 -23.466650
vt 7.713877 -23.258379
vt 3.358829 -25.490818
vt 3.353329 -25.696054
vt 3.729163 -25.698833
vt 3.735270 -25.500055
vt 3.354040 -25.903023
vt 3.728919 -25.896259
vt 3.367576 -25.288942
vt 3.744453 -25.298344
vt 3.362063 -26.109404
vt 3.735702 -26.093943
vt 3.375428 -26.312819
vt 3.748309 -26.293732
vt 11.819807 -25.952530
vt 11.826725 -26.151403
vt 12.196262 -25.940420
vt 12.203043 -26.146069
vt 11.810241 -25.751635
vt 12.186707 -25.737169
vt 11.828603 -26.348812
vt 12.204424 -26.353634
vt 11.823623 -26.545544
vt 12.198389 -26.561855
vt 11.811110 -26.742779
vt 11.792522 -26.942234
vt 12.184464 -26.768681
vt 12.165031 -26.972008
vt 10.395505 -27.658154
vt 10.416147 -27.863434
vt 10.687157 -27.635645
vt 10.691673 -27.834593
vt 10.382288 -27.450493
vt 10.687613 -27.438274
vt 10.436697 -28.026531
vt 10.698164 -28.036486
vt 10.463286 -28.264153
vt 10.701775 -28.241722
vt 10.379625 -27.242926
vt 10.693397 -27.240675
vt 10.384028 -27.038513
vt 10.701775 -27.040554
vt 11.792522 -25.135170
vt 11.793905 -25.342735
vt 12.168344 -25.139992
vt 12.170221 -25.337397
vt 11.798559 -24.926949
vt 12.173324 -24.943260
vt 11.800684 -25.548378
vt 12.177138 -25.536276
vt 11.812483 -24.720121
vt 12.185837 -24.746027
vt 11.831916 -24.516796
vt 12.204424 -24.546570
vt 10.478510 -28.462543
vt 10.467649 -28.601177
vt 10.698536 -28.448421
vt 10.689919 -28.652956
vt 12.951439 -43.286301
vt 12.949272 -43.487759
vt 13.325790 -43.489460
vt 13.327618 -43.286385
vt 12.947445 -43.690834
vt 13.323628 -43.690918
vt 12.951156 -43.085705
vt 13.326509 -43.082378
vt 12.947445 -42.884373
vt 13.322241 -42.879223
vt 12.948557 -43.894836
vt 13.323909 -43.891510
vt 12.952824 -44.098000
vt 13.327573 -44.092831
vt 9.436055 -20.695217
vt 9.436737 -20.491236
vt 9.117388 -20.491934
vt 9.115914 -20.692547
vt 9.433756 -20.287966
vt 9.115000 -20.290642
vt 9.432600 -20.897896
vt 9.112393 -20.894354
vt 9.429898 -21.099161
vt 9.110394 -21.097626
vt 9.485485 -21.302235
vt 9.110394 -21.300501
vt 12.208332 -22.697784
vt 12.209713 -22.490250
vt 11.833893 -22.495071
vt 11.832012 -22.692451
vt 12.203680 -22.282045
vt 11.828911 -22.298355
vt 12.201551 -22.903395
vt 11.825098 -22.891293
vt 12.189755 -22.075224
vt 11.816405 -22.101128
vt 12.170325 -21.871904
vt 11.797817 -21.901674
vt 12.191998 -23.106609
vt 11.815533 -23.092148
vt 12.175516 -23.506302
vt 12.182432 -23.307461
vt 11.805978 -23.295361
vt 11.799199 -23.500975
vt 12.173637 -23.703684
vt 11.797817 -23.708506
vt 12.178619 -23.900398
vt 11.803850 -23.916710
vt 12.209713 -24.297083
vt 12.191126 -24.097628
vt 11.817776 -24.123531
vt 11.837205 -24.326851
vt 12.450983 -44.955032
vt 12.452367 -44.747501
vt 12.076547 -44.752319
vt 12.074665 -44.949699
vt 12.446331 -44.539291
vt 12.071565 -44.555603
vt 12.432410 -44.332478
vt 12.059055 -44.358376
vt 12.412977 -44.129150
vt 12.040468 -44.158924
vt 12.444206 -45.160645
vt 12.067751 -45.148544
vt 12.434653 -45.363861
vt 12.058183 -45.349396
vt 12.418171 -45.763557
vt 12.425085 -45.564716
vt 12.048629 -45.552612
vt 12.041850 -45.758221
vt 12.416289 -45.960938
vt 12.040468 -45.965752
vt 12.421269 -46.157650
vt 12.046504 -46.173962
vt 12.452367 -46.554337
vt 12.433779 -46.354877
vt 12.060426 -46.380779
vt 12.079859 -46.584103
vt 1.310190 -23.928030
vt 1.325205 -23.722500
vt 0.873018 -23.696457
vt 0.857962 -23.894444
vt 1.334592 -23.514832
vt 0.935156 -23.501932
vt 1.291471 -24.131500
vt 0.837862 -24.092461
vt 1.271249 -24.332151
vt 0.817101 -24.294100
vt 1.336404 -23.307379
vt 0.962308 -23.304811
vt 1.332284 -23.103155
vt 0.958767 -23.104658
vt 12.707896 -26.001963
vt 12.695923 -26.195700
vt 13.152637 -26.230556
vt 13.154476 -26.031960
vt 12.675366 -26.388987
vt 13.131464 -26.440662
vt 12.711831 -25.807854
vt 13.141313 -25.820883
vt 12.706942 -25.613316
vt 13.118610 -25.610981
vt 12.672585 -25.218737
vt 12.693218 -25.417503
vt 13.086537 -25.404140
vt 13.043940 -25.187820
vt 1.240626 -24.722404
vt 1.252438 -24.529690
vt 0.875497 -24.505720
vt 0.862008 -24.718121
vt 1.238642 -25.055264
vt 0.861508 -25.032372
vt 1.274250 -25.518757
vt 0.899983 -25.536715
vt 1.336404 -26.281387
vt 1.322520 -25.950821
vt 0.932957 -25.968130
vt 0.966794 -26.312819
vt 12.715782 -26.538816
vt 13.102799 -26.648523
vt 12.672585 -26.903482
vt 13.014250 -26.848955
vt 12.950359 -26.972004
vt 10.879892 -33.414433
vt 10.869529 -33.230396
vt 10.493962 -33.247078
vt 10.508936 -33.473286
vt 10.919785 -33.616814
vt 10.555563 -33.709625
vt 10.967093 -34.347290
vt 10.979959 -33.970974
vt 10.609134 -33.992275
vt 10.606432 -34.263512
vt 12.906786 -42.478371
vt 12.916291 -42.333447
vt 12.512700 -42.251194
vt 12.531265 -42.458809
vt 12.751531 -42.136986
vt 12.522081 -42.040226
vt 12.649495 -42.031185
vt 12.528259 -41.999241
vt 12.636139 -41.954967
vt 12.543732 -41.960686
vt 10.916305 -32.651154
vt 10.939495 -32.449825
vt 10.564654 -32.413662
vt 10.541144 -32.613754
vt 10.893713 -32.848499
vt 10.517822 -32.818073
vt 10.876327 -33.041626
vt 10.499798 -33.028610
vt 12.896753 -42.678379
vt 12.521193 -42.662895
vt 12.889383 -42.878078
vt 12.513714 -42.867554
vt 12.883591 -43.276798
vt 12.884911 -43.077549
vt 12.509156 -43.072636
vt 12.507830 -43.278061
vt 10.959396 -32.245129
vt 10.584625 -32.215988
vt 10.973065 -32.038391
vt 10.598539 -32.019119
vt 10.979313 -31.831814
vt 10.605400 -31.821442
vt 10.979959 -31.627869
vt 10.606558 -31.621208
vt 12.885715 -43.475796
vt 12.510083 -43.483742
vt 12.891609 -43.674591
vt 12.516375 -43.689503
vt 12.916291 -44.073696
vt 12.901663 -43.873493
vt 12.527287 -43.894764
vt 12.542992 -44.098000
vt 12.483523 -45.982689
vt 12.496199 -46.194405
vt 12.859249 -46.184898
vt 12.859211 -45.986481
vt 12.535919 -46.383976
vt 12.866755 -46.383411
vt 12.488866 -45.775734
vt 12.864862 -45.787029
vt 12.497805 -45.571075
vt 12.873866 -45.585735
vt 12.514747 -45.169151
vt 12.507391 -45.368965
vt 12.883451 -45.382145
vt 12.890682 -45.176193
vt 12.517291 -44.971107
vt 12.892763 -44.968353
vt 12.513065 -44.773987
vt 12.887531 -44.759911
vt 12.483523 -44.376991
vt 12.501329 -44.576550
vt 12.874424 -44.552925
vt 12.856138 -44.348648
vt 12.578423 -46.552673
vt 12.880953 -46.584103
vt 6.698606 -31.259897
vt 6.693750 -31.550262
vt 7.801330 -31.267590
vt 7.795526 -31.558834
vt 6.698267 -29.786924
vt 7.805411 -29.781414
vt 6.692605 -29.210424
vt 7.799513 -29.196289
vt 6.681666 -28.551010
vt 7.787001 -28.527193
vt 6.664500 -27.945835
vt 7.768381 -27.913733
vt 6.633169 -27.204468
vt 7.736480 -27.167171
vt 6.596344 -26.521591
vt 7.701437 -26.487791
vt 6.563956 -25.909565
vt 7.675389 -25.902411
vt 6.506115 -25.751034
vt 6.768612 -25.725111
vt 7.815679 -25.459534
vt 7.563359 -25.532553
vt 5.997713 -31.260439
vt 5.998091 -31.550133
vt 5.993930 -29.793535
vt 5.988307 -29.222233
vt 5.977660 -28.572983
vt 5.961185 -27.971514
vt 5.931472 -27.231403
vt 5.893397 -26.551224
vt 5.842293 -25.955997
vt 5.880796 -25.807192
vt 6.083976 -25.789078
vt 6.297432 -25.769997
vt 5.132570 -31.268990
vt 5.136557 -31.558834
vt 5.127648 -29.803524
vt 5.121466 -29.239323
vt 5.109339 -28.600933
vt 5.092805 -28.007452
vt 5.064562 -27.279066
vt 5.026556 -26.617958
vt 4.969985 -26.054281
vt 4.891836 -25.673784
vt 5.209606 -25.764889
vt 5.542104 -25.814548
vt 7.297475 -25.613892
vt 7.033813 -25.679890
vt 6.763558 -34.753208
vt 4.293912 -32.478420
vt 4.080053 -32.816437
vt 5.407083 -35.858147
vt 6.689046 -38.312714
vt 5.004899 -38.562183
vt 5.836670 -41.384201
vt 4.132855 -41.082169
vt 5.763039 -44.200024
vt 4.080051 -43.654938
vt 5.487803 -46.584103
vt 4.130690 -46.428547
vt 5.343321 -31.719364
vt 5.011128 -31.775543
vt 7.061019 -31.712727
vt 7.639128 -31.589989
vt 9.585008 -36.395760
vt 10.005556 -35.987133
vt 8.950013 -38.722893
vt 8.495057 -39.742947
vt 7.301801 -42.460011
vt 6.806368 -43.260902
vt 6.367472 -44.454243
vt 6.572465 -43.758778
vt 8.066923 -40.526657
vt 7.674500 -41.459030
vt 9.284688 -36.923851
vt 9.151136 -37.551689
vt 4.481287 -32.211094
vt 4.718205 -31.939625
vt 5.810034 -31.862778
vt 6.508860 -31.991852
vt 3.271023 -22.609280
vt 3.349411 -22.406183
vt 2.518527 -21.778044
vt 3.189837 -22.803843
vt 3.422064 -22.193867
vt 3.484616 -21.974117
vt 3.534719 -21.752113
vt 3.573902 -21.532991
vt 3.605276 -21.319151
vt 3.631505 -21.110901
vt 2.345073 -20.882668
vt 3.675712 -20.706692
vt 3.654502 -20.907595
vt 3.107786 -22.991446
vt 2.345073 -22.744761
vt 3.020718 -23.161423
vt 9.611827 -34.761288
vt 9.589196 -34.243591
vt 0.750750 1.999500
vt 1.000500 1.999500
vt 1.000500 1.000500
vt 0.750750 1.000500
vt 0.501000 1.999500
vt 0.501000 1.000500
vt 0.001498 1.999501
vt 0.251250 1.999500
vt 0.251250 1.000500
vt 0.001499 1.000500
vt 2.249251 1.000500
vt 1.999501 1.000500
vt 1.999501 1.999501
vt 2.499001 1.000500
vt 2.249251 1.999500
vt 1.749751 1.000500
vt 1.749751 1.999500
vt 1.500001 1.000500
vt 1.500001 1.999500
vt 1.250250 1.000500
vt 1.250250 1.999500
vt 2.748751 1.000500
vt 2.499001 1.999501
vt 2.949082 1.198178
vt 2.748751 1.999500
s 1
usemtl GRASSOUT.005
f 1/1/1 2/2/2 3/3/3
f 4/4/4 3/3/3 2/2/2
f 5/5/5 6/6/6 7/7/7
f 8/8/8 7/7/7 6/6/6
f 6/6/6 1/1/1 8/8/8
f 3/3/3 8/8/8 1/1/1
f 2/2/2 9/9/9 4/4/4
f 10/10/10 4/4/4 9/9/9
f 9/9/9 11/11/11 10/10/10
f 12/12/12 10/10/10 11/11/11
f 11/11/11 13/13/13 12/12/12
f 14/14/14 12/12/12 13/13/13
f 13/13/13 15/15/15 14/14/14
f 16/16/16 14/14/14 15/15/15
f 17/17/17 18/18/18 16/19/16
f 19/20/19 16/19/16 18/18/18
f 20/21/20 17/17/17 15/22/15
f 16/19/16 15/22/15 17/17/17
f 21/23/21 20/21/20 1332/24/22
f 15/22/15 1332/24/22 20/21/20
f 22/25/23 23/26/24 17/17/17
f 18/18/18 17/17/17 23/26/24
f 24/27/25 22/25/23 20/21/20
f 17/17/17 20/21/20 22/25/23
f 25/28/26 24/27/25 21/23/21
f 20/21/20 21/23/21 24/27/25
f 26/29/27 27/30/27 28/30/27
f 29/31/28 30/32/29 31/33/29
f 31/33/29 32/34/28 29/31/28
f 30/32/29 33/35/30 34/36/30
f 34/36/30 31/33/29 30/32/29
f 35/37/31 29/31/28 32/34/28
f 32/34/28 36/38/31 35/37/31
f 33/35/30 37/39/32 38/40/32
f 38/40/32 34/36/30 33/35/30
f 37/39/32 39/41/32 40/42/32
f 40/42/32 38/40/32 37/39/32
f 41/43/33 42/44/34 43/45/35
f 43/45/35 44/46/36 41/43/33
f 45/47/37 41/43/33 44/46/36
f 44/46/36 46/48/38 45/47/37
f 47/49/39 45/47/37 46/48/38
f 46/48/38 48/50/30 47/49/39
f 49/51/32 50/52/32 51/53/32
f 51/53/32 52/54/32 49/51/32
f 50/52/32 47/49/39 48/50/30
f 48/50/30 51/53/32 50/52/32
f 53/55/40 35/37/31 36/38/31
f 36/38/31 54/56/40 53/55/40
f 55/57/41 56/58/42 57/59/42
f 57/59/42 58/60/41 55/57/41
f 56/58/42 53/55/40 54/56/40
f 54/56/40 57/59/42 56/58/42
f 59/61/43 55/57/41 58/60/41
f 58/60/41 60/62/43 59/61/43
f 61/63/44 59/61/43 60/62/43
f 60/62/43 62/64/44 61/63/44
f 63/65/45 64/66/46 65/67/46
f 65/67/46 295/68/45 63/65/45
f 64/66/46 61/63/44 62/64/44
f 62/64/44 65/67/46 64/66/46
f 66/69/47 67/70/48 68/71/49
f 68/71/49 69/72/50 66/69/47
f 67/70/48 70/73/51 71/74/44
f 71/74/44 68/71/49 67/70/48
f 72/75/52 66/69/47 69/72/50
f 69/72/50 73/76/53 72/75/52
f 74/77/54 72/75/52 73/76/53
f 73/76/53 75/78/55 74/77/54
f 42/44/34 74/77/54 75/78/55
f 75/78/55 43/45/35 42/44/34
f 70/73/51 76/79/46 77/80/56
f 77/80/56 71/74/44 70/73/51
f 76/79/46 78/81/45 79/82/45
f 79/82/45 77/80/56 76/79/46
f 80/83/57 81/84/58 82/85/59
f 83/86/60 82/85/59 84/87/61
f 85/88/62 80/83/57 82/85/59
f 82/85/59 86/89/63 85/88/62
f 87/90/64 85/88/62 88/91/65
f 86/89/63 88/91/65 85/88/62
f 89/92/66 87/90/64 88/91/65
f 88/91/65 90/93/67 89/92/66
f 91/94/68 92/95/69 80/83/57
f 81/84/58 80/83/57 92/95/69
f 93/96/70 91/94/68 80/83/57
f 80/83/57 85/88/62 93/96/70
f 94/97/71 93/96/70 87/90/64
f 85/88/62 87/90/64 93/96/70
f 95/98/72 94/97/71 87/90/64
f 87/90/64 89/92/66 95/98/72
f 96/99/73 97/100/74 98/101/75
f 99/102/76 98/101/75 97/100/74
f 100/103/77 96/99/73 98/101/75
f 98/101/75 101/104/78 100/103/77
f 102/105/79 100/103/77 103/106/80
f 101/104/78 103/106/80 100/103/77
f 104/107/81 102/105/79 103/106/80
f 103/106/80 105/108/82 104/107/81
f 106/109/83 107/110/84 96/99/73
f 97/100/74 96/99/73 107/110/84
f 108/111/85 106/109/83 96/99/73
f 96/99/73 100/103/77 108/111/85
f 109/112/86 108/111/85 102/105/79
f 100/103/77 102/105/79 108/111/85
f 110/113/87 109/112/86 102/105/79
f 102/105/79 104/107/81 110/113/87
f 97/100/74 89/92/66 99/102/76
f 90/93/67 99/102/76 89/92/66
f 107/110/84 95/98/72 97/100/74
f 89/92/66 97/100/74 95/98/72
f 111/114/88 104/107/81 112/115/89
f 105/108/82 112/115/89 104/107/81
f 113/116/90 111/114/88 112/115/89
f 112/115/89 114/117/91 113/116/90
f 115/118/92 113/116/90 116/119/93
f 114/117/91 116/119/93 113/116/90
f 117/120/94 115/118/92 116/119/93
f 116/119/93 118/121/95 117/120/94
f 119/122/96 110/113/87 111/114/88
f 104/107/81 111/114/88 110/113/87
f 120/123/97 119/122/96 111/114/88
f 111/114/88 113/116/90 120/123/97
f 121/124/98 120/123/97 115/118/92
f 113/116/90 115/118/92 120/123/97
f 122/125/99 121/124/98 115/118/92
f 115/118/92 117/120/94 122/125/99
f 123/126/100 117/120/94 118/121/95
f 118/121/95 124/127/101 123/126/100
f 123/126/100 122/125/99 117/120/94
f 122/125/102 123/126/102 125/128/102
f 126/129/103 127/130/104 128/131/105
f 128/131/105 129/132/106 126/129/103
f 92/95/69 126/129/103 81/84/58
f 129/132/106 81/84/58 126/129/103
f 130/133/107 131/134/108 127/130/104
f 127/130/104 126/129/103 130/133/107
f 132/135/109 130/133/107 92/95/69
f 126/129/103 92/95/69 130/133/107
f 133/136/110 132/135/109 91/94/68
f 92/95/69 91/94/68 132/135/109
f 134/137/111 133/136/110 91/94/68
f 91/94/68 93/96/70 134/137/111
f 135/138/112 134/137/111 94/97/71
f 93/96/70 94/97/71 134/137/111
f 84/87/61 82/85/59 136/139/113
f 136/139/113 82/85/59 1421/140/114
f 1421/140/114 82/85/59 81/84/58
f 137/141/115 138/142/116 139/143/117
f 140/144/118 139/143/117 138/142/116
f 141/145/119 137/141/115 139/143/117
f 139/143/117 142/146/120 141/145/119
f 143/147/121 141/145/119 144/148/122
f 142/146/120 144/148/122 141/145/119
f 145/149/123 143/147/121 144/148/122
f 144/148/122 146/150/124 145/149/123
f 147/151/125 148/152/126 137/141/115
f 138/142/116 137/141/115 148/152/126
f 149/153/127 147/151/125 137/141/115
f 137/141/115 141/145/119 149/153/127
f 150/154/128 149/153/127 143/147/121
f 141/145/119 143/147/121 149/153/127
f 151/155/129 150/154/128 143/147/121
f 143/147/121 145/149/123 151/155/129
f 152/156/130 145/149/123 153/157/131
f 146/150/124 153/157/131 145/149/123
f 154/158/132 152/156/130 153/157/131
f 153/157/131 155/159/133 154/158/132
f 156/160/134 151/155/129 152/156/130
f 145/149/123 152/156/130 151/155/129
f 157/161/135 156/160/134 152/156/130
f 152/156/130 154/158/132 157/161/135
f 158/162/136 159/163/137 160/164/138
f 161/165/139 160/164/138 159/163/137
f 162/166/140 158/162/136 160/164/138
f 160/164/138 163/167/141 162/166/140
f 164/168/142 162/166/140 165/169/143
f 163/167/141 165/169/143 162/166/140
f 166/170/144 164/168/142 165/169/143
f 165/169/143 167/171/145 166/170/144
f 168/172/146 169/173/147 158/162/136
f 159/163/137 158/162/136 169/173/147
f 170/174/148 168/172/146 158/162/136
f 158/162/136 162/166/140 170/174/148
f 171/175/149 170/174/148 164/168/142
f 162/166/140 164/168/142 170/174/148
f 172/176/150 171/175/149 164/168/142
f 164/168/142 166/170/144 172/176/150
f 173/177/151 166/170/144 174/178/152
f 167/171/145 174/178/152 166/170/144
f 175/179/153 173/177/151 174/178/152
f 174/178/152 176/180/154 175/179/153
f 177/181/155 175/179/153 178/182/156
f 176/180/154 178/182/156 175/179/153
f 179/183/157 172/176/150 173/177/151
f 166/170/144 173/177/151 172/176/150
f 180/184/158 179/183/157 173/177/151
f 173/177/151 175/179/153 180/184/158
f 181/185/159 180/184/158 177/181/155
f 175/179/153 177/181/155 180/184/158
f 182/186/160 177/181/155 183/187/161
f 184/188/162 183/187/161 177/181/155
f 185/189/163 182/186/160 183/187/161
f 183/187/161 186/190/164 185/189/163
f 187/191/165 185/189/163 188/192/166
f 186/190/164 188/192/166 185/189/163
f 189/193/167 187/191/165 188/192/166
f 188/192/166 190/194/168 189/193/167
f 191/195/169 181/185/159 182/186/160
f 177/181/155 182/186/160 181/185/159
f 192/196/170 191/195/169 182/186/160
f 182/186/160 185/189/163 192/196/170
f 193/197/171 192/196/170 187/191/165
f 185/189/163 187/191/165 192/196/170
f 194/198/172 193/197/171 187/191/165
f 187/191/165 189/193/167 194/198/172
f 195/199/173 189/193/167 196/200/174
f 190/194/168 196/200/174 189/193/167
f 127/130/104 195/199/173 196/200/174
f 196/200/174 128/131/105 127/130/104
f 197/201/175 194/198/172 195/199/173
f 189/193/167 195/199/173 194/198/172
f 131/134/108 197/201/175 195/199/173
f 195/199/173 127/130/104 131/134/108
f 198/202/176 199/203/177 200/204/178
f 200/204/178 201/205/179 198/202/176
f 202/206/180 198/202/176 203/207/181
f 201/205/179 203/207/181 198/202/176
f 204/208/182 202/206/180 203/207/181
f 203/207/181 205/209/183 204/208/182
f 206/210/184 204/208/182 207/211/185
f 205/209/183 207/211/185 204/208/182
f 208/212/186 206/210/184 207/211/185
f 207/211/185 209/213/187 208/212/186
f 210/214/188 211/215/189 212/216/190
f 212/216/190 213/217/191 210/214/188
f 214/218/192 210/214/188 215/219/193
f 213/217/191 215/219/193 210/214/188
f 216/220/194 214/218/192 215/219/193
f 215/219/193 200/221/195 216/220/194
f 211/222/196 1905/223/197 217/224/198
f 217/224/198 218/225/199 211/222/196
f 211/222/196 219/226/200 1905/223/197
f 220/227/201 221/228/202 222/229/203
f 1908/230/204 222/229/203 221/228/202
f 223/231/205 224/232/206 225/233/207
f 226/234/208 227/235/209 228/236/210
f 229/237/211 225/233/207 224/232/206
f 230/238/212 231/239/213 232/240/214
f 233/241/215 234/242/216 235/243/217
f 236/244/218 223/231/205 237/245/219
f 238/246/220 239/247/221 240/248/222
f 232/240/214 241/249/223 230/238/212
f 235/243/217 242/250/224 233/241/215
f 221/228/202 243/251/225 1908/230/204
f 231/239/213 220/227/201 1888/252/226
f 224/232/206 244/253/227 245/254/228
f 222/229/203 1888/252/226 220/227/201
f 245/254/228 229/237/211 224/232/206
f 246/255/229 228/236/210 227/235/209
f 244/253/227 247/256/230 248/257/231
f 240/248/222 226/234/208 238/246/220
f 243/251/225 240/248/222 239/247/221
f 227/235/209 249/258/232 246/255/229
f 237/245/219 235/243/217 250/259/233
f 250/259/233 236/244/218 237/245/219
f 1888/252/226 251/260/234 231/239/213
f 228/236/210 238/246/220 226/234/208
f 239/247/221 1908/230/204 243/251/225
f 248/257/231 245/254/228 244/253/227
f 225/233/207 237/245/219 223/231/205
f 234/242/216 250/259/233 235/243/217
f 251/260/234 232/240/214 231/239/213
f 252/261/32 253/262/32 254/263/32
f 254/263/32 255/264/32 252/261/32
f 253/262/32 256/265/32 257/266/32
f 257/266/32 254/263/32 253/262/32
f 258/267/32 252/261/32 255/264/32
f 255/264/32 259/268/32 258/267/32
f 260/269/32 258/267/32 259/268/32
f 259/268/32 261/270/32 260/269/32
f 401/271/32 260/269/32 261/270/32
f 261/270/32 402/272/32 401/271/32
f 256/265/32 262/273/32 263/274/32
f 263/274/32 257/266/32 256/265/32
f 262/273/32 264/275/235 265/276/32
f 265/276/32 263/274/32 262/273/32
f 266/277/236 267/278/237 268/279/238
f 268/279/238 269/280/239 266/277/236
f 267/278/237 270/281/240 271/282/241
f 271/282/241 268/279/238 267/278/237
f 272/283/242 266/277/236 269/280/239
f 269/280/239 273/284/243 272/283/242
f 274/285/244 272/283/242 273/284/243
f 273/284/243 275/286/245 274/285/244
f 270/281/240 276/287/246 277/288/247
f 277/288/247 271/282/241 270/281/240
f 276/287/246 278/289/248 279/290/249
f 279/290/249 277/288/247 276/287/246
f 280/291/250 281/292/251 282/293/252
f 282/293/252 283/294/253 280/291/250
f 281/292/251 284/295/254 285/296/255
f 285/296/255 282/293/252 281/292/251
f 286/297/256 280/291/250 283/294/253
f 283/294/253 287/298/257 286/297/256
f 288/299/258 286/297/256 287/298/257
f 287/298/257 289/300/259 288/299/258
f 290/301/260 291/302/261 292/303/262
f 292/303/262 293/304/263 290/301/260
f 291/302/261 288/299/258 289/300/259
f 289/300/259 292/303/262 291/302/261
f 276/287/246 294/305/264 278/289/248
f 276/287/246 295/306/56 294/305/264
f 276/287/246 296/307/56 295/306/56
f 297/308/265 298/309/266 299/310/267
f 299/310/267 300/311/268 297/308/265
f 298/309/266 274/285/244 275/286/245
f 275/286/245 299/310/267 298/309/266
f 301/312/269 297/308/265 300/311/268
f 300/311/268 302/313/270 301/312/269
f 303/314/271 301/312/269 302/313/270
f 302/313/270 304/315/272 303/314/271
f 305/316/273 306/317/274 307/318/275
f 307/318/275 308/319/276 305/316/273
f 306/317/274 303/314/271 304/315/272
f 304/315/272 307/318/275 306/317/274
f 309/320/277 310/321/278 311/322/279
f 311/322/279 312/323/280 309/320/277
f 310/321/278 313/324/281 314/325/282
f 314/325/282 311/322/279 310/321/278
f 315/326/283 309/320/277 312/323/280
f 312/323/280 316/327/284 315/326/283
f 284/295/254 315/326/283 316/327/284
f 316/327/284 285/296/255 284/295/254
f 313/324/281 317/328/285 318/329/286
f 318/329/286 314/325/282 313/324/281
f 317/328/285 319/330/287 320/331/288
f 320/331/288 318/329/286 317/328/285
f 321/332/289 322/333/290 323/334/290
f 323/334/290 324/335/289 321/332/289
f 322/333/290 325/336/291 326/337/292
f 326/337/292 323/334/290 322/333/290
f 327/338/293 321/332/289 324/335/289
f 324/335/289 328/339/294 327/338/293
f 329/340/295 327/338/293 328/339/294
f 328/339/294 330/341/296 329/340/295
f 325/336/291 331/342/297 332/343/298
f 332/343/298 326/337/292 325/336/291
f 331/342/297 333/344/299 334/345/300
f 334/345/300 332/343/298 331/342/297
f 335/346/301 336/347/302 337/348/303
f 337/348/303 338/349/304 335/346/301
f 336/347/302 339/350/305 340/351/306
f 340/351/306 337/348/303 336/347/302
f 341/352/307 335/346/301 338/349/304
f 338/349/304 342/353/308 341/352/307
f 343/354/309 341/352/307 342/353/308
f 342/353/308 344/355/310 343/354/309
f 319/356/287 345/357/311 346/358/312
f 346/358/312 320/359/288 319/356/287
f 345/357/311 343/354/309 344/355/310
f 344/355/310 346/358/312 345/357/311
f 347/360/313 348/361/314 349/362/315
f 349/362/315 350/363/316 347/360/313
f 348/361/314 329/340/295 330/341/296
f 330/341/296 349/362/315 348/361/314
f 351/364/317 347/360/313 350/363/316
f 350/363/316 352/365/318 351/364/317
f 353/366/319 351/364/317 352/365/318
f 352/365/318 354/367/320 353/366/319
f 355/368/321 356/369/322 357/370/323
f 357/370/323 358/371/324 355/368/321
f 356/369/322 353/366/319 354/367/320
f 354/367/320 357/370/323 356/369/322
f 359/372/325 360/373/326 361/374/327
f 361/374/327 362/375/328 359/372/325
f 360/373/326 363/376/329 364/377/330
f 364/377/330 361/374/327 360/373/326
f 365/378/331 359/372/325 362/375/328
f 362/375/328 366/379/332 365/378/331
f 339/350/305 365/378/331 366/379/332
f 366/379/332 340/351/306 339/350/305
f 363/376/329 367/380/333 368/381/334
f 368/381/334 364/377/330 363/376/329
f 367/380/333 369/382/335 370/383/336
f 370/383/336 368/381/334 367/380/333
f 371/384/32 372/385/32 373/386/32
f 373/386/32 374/387/32 371/384/32
f 375/388/337 371/384/32 374/387/32
f 374/387/32 376/389/338 375/388/337
f 1977/390/338 375/388/337 376/389/338
f 376/389/338 377/391/339 1977/390/338
f 378/392/339 379/393/339 1978/394/340
f 1978/394/340 1977/390/338 377/391/339
f 377/391/339 378/392/339 1978/394/340
f 380/395/341 381/396/342 382/397/343
f 382/397/343 383/398/344 380/395/341
f 381/396/342 384/399/345 385/400/346
f 385/400/346 382/397/343 381/396/342
f 386/401/347 380/395/341 383/398/344
f 383/398/344 387/402/51 386/401/347
f 384/399/345 388/403/348 389/404/349
f 389/404/349 385/400/346 384/399/345
f 388/403/348 390/405/32 391/406/32
f 391/406/32 389/404/349 388/403/348
f 392/407/350 393/408/351 394/409/352
f 394/409/352 395/410/353 392/407/350
f 393/408/351 1978/411/354 396/412/355
f 396/412/355 394/409/352 393/408/351
f 397/413/356 392/407/350 395/410/353
f 398/414/357 396/412/355 1978/411/354
f 399/415/357 398/414/357 1978/411/354
f 400/416/32 401/417/32 402/418/32
f 402/418/32 403/419/32 400/416/32
f 404/420/32 400/416/32 403/419/32
f 403/419/32 405/421/32 404/420/32
f 406/422/32 404/420/32 405/421/32
f 405/421/32 407/423/32 406/422/32
f 390/405/32 408/424/32 409/425/32
f 409/425/32 391/406/32 390/405/32
f 408/424/32 406/422/32 407/423/32
f 407/423/32 409/425/32 408/424/32
f 410/426/358 411/427/359 412/428/360
f 412/428/360 413/429/361 410/426/358
f 411/427/359 414/430/362 415/431/363
f 415/431/363 412/428/360 411/427/359
f 416/432/364 410/426/358 413/429/361
f 413/429/361 417/433/365 416/432/364
f 418/434/366 416/432/364 417/433/365
f 417/433/365 419/435/367 418/434/366
f 420/436/368 421/437/369 422/438/370
f 422/438/370 423/439/371 420/436/368
f 421/437/369 418/434/366 419/435/367
f 419/435/367 422/438/370 421/437/369
f 424/440/372 420/436/368 423/439/371
f 423/439/371 425/441/373 424/440/372
f 426/442/337 424/440/372 425/441/373
f 425/441/373 427/443/337 426/442/337
f 428/444/32 429/445/32 430/446/32
f 430/446/32 431/447/32 428/444/32
f 429/445/32 426/442/337 427/443/337
f 427/443/337 430/446/32 429/445/32
f 414/430/362 432/448/374 433/449/375
f 433/449/375 415/431/363 414/430/362
f 432/448/374 434/450/376 435/451/377
f 435/451/377 433/449/375 432/448/374
f 436/452/378 437/453/379 438/454/380
f 438/454/380 439/455/381 436/452/378
f 437/453/379 440/456/382 441/457/383
f 441/457/383 438/454/380 437/453/379
f 442/458/384 436/452/378 439/455/381
f 439/455/381 443/459/385 442/458/384
f 444/460/386 442/458/384 443/459/385
f 443/459/385 445/461/387 444/460/386
f 446/462/388 447/463/389 448/464/390
f 448/464/390 449/465/391 446/462/388
f 447/463/389 444/460/386 445/461/387
f 445/461/387 448/464/390 447/463/389
f 450/466/392 446/462/388 449/465/391
f 449/465/391 451/467/393 450/466/392
f 452/468/394 450/466/392 451/467/393
f 451/467/393 453/469/395 452/468/394
f 454/470/396 455/471/397 456/472/398
f 456/472/398 457/473/399 454/470/396
f 455/471/397 452/468/394 453/469/395
f 453/469/395 456/472/398 455/471/397
f 440/456/382 458/474/400 459/475/401
f 459/475/401 441/457/383 440/456/382
f 458/474/400 460/476/402 461/477/403
f 461/477/403 459/475/401 458/474/400
f 462/478/404 463/479/405 464/480/406
f 464/480/406 465/481/407 462/478/404
f 463/479/405 466/482/408 467/483/409
f 467/483/409 464/480/406 463/479/405
f 468/484/410 462/478/404 465/481/407
f 465/481/407 469/485/411 468/484/410
f 470/486/412 468/484/410 469/485/411
f 469/485/411 471/487/413 470/486/412
f 466/482/408 472/488/414 473/489/415
f 473/489/415 467/483/409 466/482/408
f 472/488/414 474/490/416 475/491/417
f 475/491/417 473/489/415 472/488/414
f 476/492/418 477/493/419 478/494/420
f 478/494/420 479/495/421 476/492/418
f 477/493/419 480/496/422 481/497/423
f 481/497/423 478/494/420 477/493/419
f 482/498/424 476/492/418 479/495/421
f 479/495/421 483/499/425 482/498/424
f 484/500/426 482/498/424 483/499/425
f 483/499/425 485/501/427 484/500/426
f 486/502/428 487/503/429 488/504/430
f 488/504/430 489/505/431 486/502/428
f 487/503/429 484/500/426 485/501/427
f 485/501/427 488/504/430 487/503/429
f 490/506/432 491/507/433 492/508/434
f 492/508/434 493/509/435 490/506/432
f 491/507/433 494/510/436 495/511/437
f 495/511/437 492/508/434 491/507/433
f 496/512/438 490/506/432 493/509/435
f 493/509/435 497/513/439 496/512/438
f 480/496/422 496/512/438 497/513/439
f 497/513/439 481/497/423 480/496/422
f 494/510/436 1923/514/440 498/515/441
f 498/515/441 495/511/437 494/510/436
f 1923/514/440 499/516/442 500/517/443
f 500/517/443 498/515/441 1923/514/440
f 501/518/444 502/519/445 503/520/446
f 503/520/446 504/521/447 501/518/444
f 502/519/445 470/486/412 471/487/413
f 471/487/413 503/520/446 502/519/445
f 505/522/448 501/518/444 504/521/447
f 504/521/447 506/523/449 505/522/448
f 507/524/450 505/522/448 506/523/449
f 506/523/449 508/525/451 507/524/450
f 509/526/452 510/527/453 511/528/454
f 511/528/454 584/529/455 509/526/452
f 510/527/453 507/524/450 508/525/451
f 508/525/451 511/528/454 510/527/453
f 512/530/456 513/531/457 514/532/458
f 514/532/458 515/533/459 512/530/456
f 513/531/457 516/534/460 517/535/461
f 517/535/461 514/532/458 513/531/457
f 518/536/462 512/530/456 515/533/459
f 515/533/459 519/537/463 518/536/462
f 520/538/464 518/536/462 519/537/463
f 519/537/463 521/539/465 520/538/464
f 522/540/466 523/541/467 524/542/468
f 524/542/468 525/543/469 522/540/466
f 523/541/467 520/538/464 521/539/465
f 521/539/465 524/542/468 523/541/467
f 526/544/470 522/540/466 525/543/469
f 525/543/469 527/545/471 526/544/470
f 528/546/472 526/544/470 527/545/471
f 527/545/471 529/547/473 528/546/472
f 434/548/376 530/549/474 531/550/475
f 531/550/475 435/551/377 434/548/376
f 530/549/474 528/546/472 529/547/473
f 529/547/473 531/550/475 530/549/474
f 516/534/460 532/552/476 533/553/477
f 533/553/477 517/535/461 516/534/460
f 532/552/476 669/554/478 534/555/479
f 534/555/479 533/553/477 532/552/476
f 535/556/480 536/557/481 537/558/482
f 537/558/482 538/559/483 535/556/480
f 536/557/481 539/560/484 540/561/485
f 540/561/485 537/558/482 536/557/481
f 541/562/486 535/556/480 538/559/483
f 538/559/483 542/563/487 541/562/486
f 543/564/488 541/562/486 542/563/487
f 542/563/487 544/565/489 543/564/488
f 545/566/490 546/567/491 547/568/492
f 547/568/492 548/569/493 545/566/490
f 546/567/491 543/564/488 544/565/489
f 544/565/489 547/568/492 546/567/491
f 549/570/494 545/566/490 548/569/493
f 548/569/493 550/571/495 549/570/494
f 551/572/496 549/570/494 550/571/495
f 550/571/495 552/573/497 551/572/496
f 553/574/498 554/575/499 555/576/500
f 555/576/500 654/577/501 553/574/498
f 554/575/499 551/572/496 552/573/497
f 552/573/497 555/576/500 554/575/499
f 539/560/484 556/578/502 557/579/503
f 557/579/503 540/561/485 539/560/484
f 556/578/502 558/580/504 559/581/505
f 559/581/505 557/579/503 556/578/502
f 560/582/506 561/583/507 562/584/507
f 562/584/507 563/585/506 560/582/506
f 561/583/507 564/586/508 565/587/508
f 565/587/508 562/584/507 561/583/507
f 566/588/509 560/582/506 563/585/506
f 563/585/506 567/589/509 566/588/509
f 568/590/510 566/588/509 567/589/509
f 567/589/509 569/591/511 568/590/510
f 499/592/442 570/593/512 571/594/513
f 571/594/513 500/595/443 499/592/442
f 570/593/512 568/590/510 569/591/511
f 569/591/511 571/594/513 570/593/512
f 572/596/514 573/597/515 574/598/516
f 574/598/516 575/599/517 572/596/514
f 573/597/515 576/600/518 577/601/519
f 577/601/519 574/598/516 573/597/515
f 578/602/520 572/596/514 575/599/517
f 575/599/517 579/603/521 578/602/520
f 580/604/522 578/602/520 579/603/521
f 579/603/521 581/605/523 580/604/522
f 576/600/518 582/606/524 583/607/525
f 583/607/525 577/601/519 576/600/518
f 582/606/524 509/608/452 584/609/455
f 584/609/455 583/607/525 582/606/524
f 585/610/526 586/611/527 587/612/528
f 587/612/528 1949/613/529 585/610/526
f 1925/614/530 614/615/531 586/611/527
f 586/611/527 585/610/526 1925/614/530
f 588/616/532 589/617/533 590/618/534
f 590/618/534 591/619/532 588/616/532
f 589/617/533 592/620/32 593/621/535
f 594/622/536 590/618/534 589/617/533
f 564/586/508 595/623/537 596/624/537
f 596/624/537 565/587/508 564/586/508
f 594/622/536 593/621/535 597/625/538
f 593/621/535 594/622/536 589/617/533
f 593/621/535 1960/626/539 1969/627/540
f 1969/627/540 597/625/538 593/621/535
f 593/621/535 598/628/541 1972/629/542
f 593/621/535 1972/629/542 1960/626/539
f 599/630/543 600/631/544 601/632/544
f 601/632/544 602/633/543 599/630/543
f 600/631/544 580/604/522 581/605/523
f 581/605/523 601/632/544 600/631/544
f 603/634/545 599/630/543 602/633/543
f 602/633/543 604/635/545 603/634/545
f 605/636/546 603/634/545 604/635/545
f 604/635/545 606/637/546 605/636/546
f 264/638/235 607/639/348 608/640/348
f 608/640/348 265/641/32 264/638/235
f 607/639/348 605/636/546 606/637/546
f 606/637/546 608/640/348 607/639/348
f 598/642/541 623/643/547 624/644/548
f 624/644/548 609/645/549 598/642/541
f 609/645/549 610/646/550 598/642/541
f 1972/647/542 598/642/541 610/646/550
f 610/646/550 611/648/551 1972/647/542
f 612/649/552 1971/650/553 1972/647/542
f 611/648/551 612/649/552 1972/647/542
f 613/651/554 614/652/555 615/653/556
f 615/653/556 616/654/557 613/651/554
f 614/652/555 617/655/558 618/656/558
f 618/656/558 615/653/556 614/652/555
f 619/657/559 613/651/559 616/654/559
f 616/654/560 620/658/561 619/657/562
f 621/659/563 619/657/564 620/658/565
f 620/658/565 622/660/566 621/659/563
f 623/643/547 621/659/563 622/660/566
f 622/660/566 624/644/548 623/643/547
f 617/655/558 625/661/567 626/662/567
f 626/662/567 618/656/558 617/655/558
f 625/661/567 627/663/568 628/664/568
f 628/664/568 626/662/567 625/661/567
f 629/665/569 630/666/570 631/667/571
f 631/667/571 632/668/572 629/665/569
f 630/666/570 633/669/573 634/670/574
f 634/670/574 631/667/571 630/666/570
f 635/671/575 629/665/576 632/668/577
f 632/668/577 636/672/578 635/671/575
f 637/673/579 635/671/575 636/672/578
f 636/672/578 638/674/580 637/673/579
f 639/675/581 640/676/582 641/677/583
f 641/677/583 642/678/584 639/675/581
f 640/676/582 637/673/579 638/674/580
f 638/674/580 641/677/583 640/676/582
f 643/679/585 639/675/581 642/678/584
f 642/678/584 644/680/586 643/679/585
f 645/681/587 643/679/585 644/680/586
f 644/680/586 646/682/588 645/681/587
f 647/683/589 648/684/590 649/685/591
f 649/685/591 650/686/592 647/683/589
f 648/684/590 645/681/587 646/682/588
f 646/682/588 649/685/591 648/684/590
f 633/669/573 651/687/593 652/688/594
f 652/688/594 634/670/574 633/669/573
f 651/687/593 653/689/595 654/690/596
f 654/690/596 652/688/594 651/687/593
f 655/691/597 656/692/598 657/693/599
f 658/694/600 655/691/597 657/693/599
f 656/692/598 659/695/601 657/693/599
f 659/695/601 660/696/602 657/693/599
f 661/697/603 662/698/604 663/699/605
f 663/699/605 664/700/606 661/697/603
f 662/698/607 657/693/607 660/696/607
f 660/696/608 663/699/605 662/698/609
f 665/701/610 661/697/603 664/700/606
f 664/700/606 666/702/611 665/701/610
f 667/703/612 665/701/610 666/702/611
f 666/702/611 668/704/613 667/703/612
f 669/705/478 670/706/614 671/707/615
f 671/707/615 534/708/479 669/705/478
f 670/706/614 667/703/612 668/704/613
f 668/704/613 671/707/615 670/706/614
f 672/709/616 658/694/600 657/693/599
f 657/693/599 673/710/617 674/711/618
f 674/711/618 672/709/616 657/693/599
f 675/712/619 676/713/620 1866/714/620
f 1866/714/620 677/715/619 675/712/619
f 678/716/621 679/717/622 680/718/623
f 680/718/623 681/719/624 678/716/621
f 679/717/622 682/720/625 683/721/626
f 683/721/626 680/718/623 679/717/622
f 684/722/627 678/716/621 681/719/624
f 681/719/624 685/723/628 684/722/627
f 686/724/629 684/722/627 685/723/628
f 685/723/628 687/725/630 686/724/629
f 688/726/631 689/727/632 690/728/632
f 690/728/632 691/729/631 688/726/631
f 689/727/632 686/724/629 687/725/630
f 687/725/630 690/728/632 689/727/632
f 692/730/633 693/731/634 694/732/635
f 694/732/635 695/733/636 692/730/633
f 693/731/634 696/734/637 697/735/638
f 697/735/638 694/732/635 693/731/634
f 698/736/639 692/730/633 695/733/636
f 695/733/636 699/737/640 698/736/639
f 696/734/637 675/712/619 677/715/619
f 677/715/619 697/735/638 696/734/637
f 700/738/641 698/736/639 699/737/640
f 699/737/640 701/739/642 700/738/641
f 702/740/643 703/741/644 704/742/645
f 704/742/645 705/743/646 702/740/643
f 703/741/644 706/744/647 707/745/648
f 707/745/648 704/742/645 703/741/644
f 708/746/649 702/740/643 705/743/646
f 705/743/646 709/747/650 708/746/649
f 682/720/625 708/746/649 709/747/650
f 709/747/650 683/721/626 682/720/625
f 706/744/647 710/748/651 711/749/652
f 711/749/652 707/745/648 706/744/647
f 710/748/651 712/750/653 713/751/651
f 713/751/651 711/749/652 710/748/651
f 714/752/654 715/753/655 716/754/656
f 716/754/656 717/755/657 714/752/654
f 715/753/655 700/738/641 701/739/642
f 701/739/642 716/754/656 715/753/655
f 718/756/658 714/752/654 717/755/657
f 717/755/657 719/757/659 718/756/658
f 720/758/660 718/756/658 719/757/659
f 719/757/659 721/759/661 720/758/660
f 722/760/662 720/758/660 721/759/661
f 721/759/661 723/761/663 722/760/662
f 724/762/664 725/763/665 726/764/666
f 726/764/666 727/765/667 724/762/664
f 725/763/665 728/766/668 729/767/669
f 729/767/669 726/764/666 725/763/665
f 730/768/670 724/762/664 727/765/667
f 727/765/667 731/769/671 730/768/670
f 732/770/672 730/768/670 731/769/671
f 731/769/671 733/771/673 732/770/672
f 734/772/674 735/773/675 736/774/676
f 736/774/676 737/775/677 734/772/674
f 735/773/675 732/770/672 733/771/673
f 733/771/673 736/774/676 735/773/675
f 738/776/678 734/772/674 737/775/677
f 737/775/677 739/777/679 738/776/678
f 740/778/680 738/776/678 739/777/679
f 739/777/679 741/779/681 740/778/680
f 742/780/682 743/781/683 744/782/684
f 744/782/684 745/783/685 742/780/682
f 743/781/683 740/778/680 741/779/681
f 741/779/681 744/782/684 743/781/683
f 728/766/668 746/784/686 747/785/687
f 747/785/687 729/767/669 728/766/668
f 746/784/686 748/786/688 749/787/689
f 749/787/689 747/785/687 746/784/686
f 750/788/690 751/789/691 752/790/692
f 752/790/692 753/791/693 750/788/690
f 751/789/691 754/792/694 755/793/695
f 755/793/695 752/790/692 751/789/691
f 756/794/696 750/788/690 753/791/693
f 753/791/693 757/795/697 756/794/696
f 758/796/698 756/794/696 757/795/697
f 757/795/697 759/797/699 758/796/698
f 760/798/700 761/799/701 762/800/702
f 762/800/702 763/801/703 760/798/700
f 761/799/701 758/796/698 759/797/699
f 759/797/699 762/800/702 761/799/701
f 764/802/704 760/798/700 763/801/703
f 763/801/703 765/803/705 764/802/704
f 766/804/706 764/802/704 765/803/705
f 765/803/705 767/805/707 766/804/706
f 768/806/708 769/807/709 770/808/710
f 770/808/710 771/809/711 768/806/708
f 769/807/709 766/804/706 767/805/707
f 767/805/707 770/808/710 769/807/709
f 754/792/694 772/810/712 773/811/713
f 773/811/713 755/793/695 754/792/694
f 772/810/712 774/812/714 871/813/715
f 871/813/715 773/811/713 772/810/712
f 775/814/716 776/815/717 777/816/718
f 777/816/718 778/817/719 775/814/716
f 776/815/717 779/818/720 780/819/721
f 780/819/721 777/816/718 776/815/717
f 781/820/722 775/814/716 778/817/719
f 778/817/719 782/821/723 781/820/722
f 779/818/720 783/822/724 784/823/725
f 784/823/725 780/819/721 779/818/720
f 783/822/724 785/824/726 786/825/727
f 786/825/727 784/823/725 783/822/724
f 787/826/728 788/827/729 789/828/730
f 789/828/730 790/829/731 787/826/728
f 791/830/732 787/826/728 790/829/731
f 790/829/731 792/831/733 791/830/732
f 793/832/734 791/830/732 792/831/733
f 792/831/733 794/833/735 793/832/734
f 712/834/736 795/835/737 796/836/738
f 796/836/738 797/837/739 712/834/736
f 795/835/737 793/832/734 794/833/735
f 794/833/735 796/836/738 795/835/737
f 798/838/740 781/820/722 782/821/723
f 782/821/723 799/839/741 798/838/740
f 809/840/742 800/841/743 801/842/744
f 801/842/744 810/843/745 809/840/742
f 800/841/743 798/838/740 799/839/741
f 799/839/741 801/842/744 800/841/743
f 802/844/746 803/845/747 804/846/748
f 804/846/748 805/847/749 802/844/746
f 806/848/750 802/844/746 805/847/749
f 805/847/749 807/849/751 806/848/750
f 788/827/729 806/848/750 807/849/751
f 807/849/751 789/828/730 788/827/729
f 808/850/752 809/840/742 810/843/745
f 810/843/745 811/851/753 808/850/752
f 812/852/754 808/850/752 811/851/753
f 811/851/753 813/853/755 812/852/754
f 814/854/756 815/855/757 816/856/758
f 816/856/758 934/857/759 814/854/756
f 815/855/757 812/852/754 813/853/755
f 813/853/755 816/856/758 815/855/757
f 803/845/747 817/858/760 818/859/761
f 818/859/761 804/846/748 803/845/747
f 817/858/760 819/860/762 820/861/763
f 820/861/763 818/859/761 817/858/760
f 819/860/762 821/862/764 822/863/765
f 822/863/765 820/861/763 819/860/762
f 821/862/764 823/864/766 824/865/767
f 824/865/767 822/863/765 821/862/764
f 825/866/768 826/867/769 827/868/770
f 827/868/770 828/869/771 825/866/768
f 826/867/769 829/870/772 830/871/773
f 830/871/773 827/868/770 826/867/769
f 831/872/774 825/866/768 828/869/771
f 828/869/771 832/873/775 831/872/774
f 833/874/776 831/872/774 832/873/775
f 832/873/775 834/875/777 833/874/776
f 835/876/778 836/877/779 837/878/780
f 837/878/780 838/879/781 835/876/778
f 836/877/779 833/874/776 834/875/777
f 834/875/777 837/878/780 836/877/779
f 839/880/782 835/876/778 838/879/781
f 838/879/781 840/881/783 839/880/782
f 841/882/784 839/880/782 840/881/783
f 840/881/783 842/883/785 841/882/784
f 843/884/786 844/885/787 845/886/788
f 845/886/788 846/887/789 843/884/786
f 844/885/787 841/882/784 842/883/785
f 842/883/785 845/886/788 844/885/787
f 829/870/772 847/888/790 848/889/791
f 848/889/791 830/871/773 829/870/772
f 847/888/790 849/890/792 850/891/793
f 850/891/793 848/889/791 847/888/790
f 851/892/794 852/893/795 853/894/796
f 853/894/796 854/895/797 851/892/794
f 852/893/795 855/896/798 856/897/799
f 856/897/799 853/894/796 852/893/795
f 857/898/800 851/892/794 854/895/797
f 854/895/797 858/899/801 857/898/800
f 859/900/802 857/898/800 858/899/801
f 858/899/801 860/901/803 859/900/802
f 861/902/804 862/903/805 863/904/806
f 863/904/806 864/905/807 861/902/804
f 862/903/805 859/900/802 860/901/803
f 860/901/803 863/904/806 862/903/805
f 865/906/808 861/902/804 864/905/807
f 864/905/807 866/907/809 865/906/808
f 867/908/810 865/906/808 866/907/809
f 866/907/809 868/909/811 867/908/810
f 774/910/714 869/911/812 870/912/813
f 870/912/813 871/913/715 774/910/714
f 869/911/812 867/908/810 868/909/811
f 868/909/811 870/912/813 869/911/812
f 855/896/798 872/914/814 873/915/815
f 873/915/815 856/897/799 855/896/798
f 872/914/814 874/916/816 919/917/817
f 919/917/817 873/915/815 872/914/814
f 875/918/818 876/919/819 877/920/820
f 877/920/820 878/921/821 875/918/818
f 876/919/819 879/922/822 880/923/823
f 880/923/823 877/920/820 876/919/819
f 881/924/824 875/918/818 878/921/821
f 878/921/821 882/925/825 881/924/824
f 883/926/826 881/924/824 882/925/825
f 882/925/825 884/927/827 883/926/826
f 885/928/828 886/929/829 887/930/830
f 887/930/830 888/931/831 885/928/828
f 886/929/829 883/926/826 884/927/827
f 884/927/827 887/930/830 886/929/829
f 889/932/832 885/928/828 888/931/831
f 888/931/831 890/933/833 889/932/832
f 891/934/834 889/932/832 890/933/833
f 890/933/833 892/935/835 891/934/834
f 893/936/836 894/937/837 895/938/838
f 895/938/838 896/939/839 893/936/836
f 894/937/837 891/934/834 892/935/835
f 892/935/835 895/938/838 894/937/837
f 879/922/822 897/940/840 898/941/841
f 898/941/841 880/923/823 879/922/822
f 897/940/840 843/942/786 846/943/789
f 846/943/789 898/941/841 897/940/840
f 899/944/842 900/945/843 901/946/844
f 901/946/844 902/947/845 899/944/842
f 900/945/843 903/948/846 904/949/847
f 904/949/847 901/946/844 900/945/843
f 905/950/848 899/944/842 902/947/845
f 902/947/845 906/951/849 905/950/848
f 907/952/850 905/950/848 906/951/849
f 906/951/849 908/953/851 907/952/850
f 909/954/852 910/955/853 911/956/854
f 911/956/854 912/957/855 909/954/852
f 910/955/853 907/952/850 908/953/851
f 908/953/851 911/956/854 910/955/853
f 913/958/856 909/954/852 912/957/855
f 912/957/855 914/959/857 913/958/856
f 915/960/858 913/958/856 914/959/857
f 914/959/857 916/961/859 915/960/858
f 874/962/816 917/963/860 918/964/861
f 918/964/861 919/965/817 874/962/816
f 917/963/860 915/960/858 916/961/859
f 916/961/859 918/964/861 917/963/860
f 903/948/846 920/966/862 921/967/863
f 921/967/863 904/949/847 903/948/846
f 920/966/862 922/968/864 923/969/865
f 923/969/865 921/967/863 920/966/862
f 924/970/866 925/971/867 926/972/868
f 926/972/868 927/973/869 924/970/866
f 925/971/867 928/974/870 929/975/871
f 929/975/871 926/972/868 925/971/867
f 930/976/872 924/970/866 927/973/869
f 927/973/869 931/977/873 930/976/872
f 928/974/870 932/978/874 933/979/875
f 933/979/875 929/975/871 928/974/870
f 932/978/874 814/980/756 934/981/759
f 934/981/759 933/979/875 932/978/874
f 935/982/876 964/983/877 936/984/644
f 936/984/644 937/985/878 935/982/876
f 938/986/879 935/982/876 937/985/878
f 937/985/878 939/987/880 938/986/879
f 940/988/881 938/986/879 939/987/880
f 939/987/880 941/989/882 940/988/881
f 942/990/883 943/991/884 944/992/885
f 944/992/885 945/993/886 942/990/883
f 943/991/884 940/988/881 941/989/882
f 941/989/882 944/992/885 943/991/884
f 946/994/887 930/976/872 931/977/873
f 931/977/873 947/995/888 946/994/887
f 948/996/889 949/997/890 946/994/887
f 947/995/888 948/996/889 946/994/887
f 950/998/891 946/994/887 949/997/890
f 949/997/890 951/999/892 950/998/891
f 952/1000/893 950/998/891 951/999/892
f 951/999/892 953/1001/894 952/1000/893
f 954/1002/895 955/1003/896 956/1004/897
f 956/1004/897 957/1005/898 954/1002/895
f 955/1003/896 958/1006/899 959/1007/900
f 959/1007/900 956/1004/897 955/1003/896
f 960/1008/901 954/1002/895 957/1005/898
f 957/1005/898 961/1009/902 960/1008/901
f 962/1010/903 960/1008/901 961/1009/902
f 961/1009/902 963/1011/904 962/1010/903
f 964/983/877 962/1010/903 963/1011/904
f 963/1011/904 936/984/644 964/983/877
f 958/1006/899 965/1012/905 966/1013/353
f 966/1013/353 959/1007/900 958/1006/899
f 965/1012/905 967/1014/357 968/1015/357
f 968/1015/357 966/1013/353 965/1012/905
f 969/1016/906 970/1017/907 971/1018/908
f 971/1018/908 972/1019/909 969/1016/906
f 970/1017/907 973/1020/910 974/1021/911
f 974/1021/911 971/1018/908 970/1017/907
f 975/1022/912 969/1016/906 972/1019/909
f 972/1019/909 976/1023/913 975/1022/912
f 977/1024/914 975/1022/912 976/1023/913
f 976/1023/913 978/1025/915 977/1024/914
f 979/1026/916 980/1027/917 981/1028/918
f 981/1028/918 982/1029/919 979/1026/916
f 980/1027/917 977/1024/914 978/1025/915
f 978/1025/915 981/1028/918 980/1027/917
f 983/1030/920 979/1026/916 982/1029/919
f 982/1029/919 984/1031/921 983/1030/920
f 985/1032/922 983/1030/920 984/1031/921
f 984/1031/921 986/1033/923 985/1032/922
f 1252/1034/924 987/1035/925 988/1036/926
f 988/1036/926 1253/1037/927 1252/1034/924
f 987/1035/925 985/1032/922 986/1033/923
f 986/1033/923 988/1036/926 987/1035/925
f 973/1020/910 989/1038/928 990/1039/929
f 990/1039/929 974/1021/911 973/1020/910
f 989/1038/928 991/1040/930 992/1041/931
f 992/1041/931 990/1039/929 989/1038/928
f 993/1042/932 994/1043/933 995/1044/934
f 995/1044/934 996/1045/935 993/1042/932
f 994/1043/933 997/1046/936 998/1047/937
f 998/1047/937 995/1044/934 994/1043/933
f 999/1048/938 993/1042/932 996/1045/935
f 996/1045/935 1000/1049/939 999/1048/938
f 1001/1050/940 999/1048/938 1000/1049/939
f 1000/1049/939 1002/1051/941 1001/1050/940
f 1003/1052/942 1004/1053/943 1005/1054/944
f 1005/1054/944 1006/1055/945 1003/1052/942
f 1004/1053/943 1001/1050/940 1002/1051/941
f 1002/1051/941 1005/1054/944 1004/1053/943
f 1007/1056/946 1003/1052/942 1006/1055/945
f 1006/1055/945 1008/1057/947 1007/1056/946
f 1009/1058/948 1007/1056/946 1008/1057/947
f 1008/1057/947 1010/1059/949 1009/1058/948
f 922/1060/950 1011/1061/951 1012/1062/952
f 1012/1062/952 1013/1063/953 922/1060/950
f 1011/1061/951 1009/1058/948 1010/1059/949
f 1010/1059/949 1012/1062/952 1011/1061/951
f 997/1046/936 1014/1064/954 1015/1065/955
f 1015/1065/955 998/1047/937 997/1046/936
f 1014/1064/954 1016/1066/956 1017/1067/957
f 1017/1067/957 1015/1065/955 1014/1064/954
f 1018/1068/32 1019/1069/32 1035/1070/32
f 1035/1070/32 1020/1071/32 1018/1068/32
f 1021/1072/32 1018/1068/32 1020/1071/32
f 1020/1071/32 1022/1073/32 1021/1072/32
f 1023/1074/32 1021/1072/32 1022/1073/32
f 1022/1073/32 1024/1075/32 1023/1074/32
f 967/1076/357 1025/1077/32 1026/1078/32
f 1026/1078/32 968/1079/357 967/1076/357
f 1025/1077/32 1023/1074/32 1024/1075/32
f 1024/1075/32 1026/1078/32 1025/1077/32
f 1027/1080/32 1028/1081/32 1029/1082/32
f 1029/1082/32 1030/1083/32 1027/1080/32
f 1031/1084/32 1032/1085/32 1033/1086/32
f 1033/1086/32 1034/1087/32 1031/1084/32
f 1019/1069/32 1031/1084/32 1034/1087/32
f 1034/1087/32 1035/1070/32 1019/1069/32
f 1028/1081/32 1036/1088/32 1037/1089/32
f 1037/1089/32 1029/1082/32 1028/1081/32
f 1036/1088/32 1160/1090/958 1163/1091/959
f 1163/1091/959 1037/1089/32 1036/1088/32
f 1038/1092/32 1039/1093/32 1040/1094/32
f 1040/1094/32 1041/1095/32 1038/1092/32
f 1042/1096/32 1038/1092/32 1041/1095/32
f 1041/1095/32 1043/1097/32 1042/1096/32
f 1044/1098/960 1045/1099/32 1046/1100/32
f 1046/1100/32 1047/1101/961 1044/1098/960
f 1045/1099/32 1042/1096/32 1043/1097/32
f 1043/1097/32 1046/1100/32 1045/1099/32
f 1174/1102/962 1044/1098/960 1047/1101/961
f 1047/1101/961 1175/1103/963 1174/1102/962
f 1039/1093/32 1048/1104/32 1049/1105/32
f 1049/1105/32 1040/1094/32 1039/1093/32
f 1048/1104/32 1050/1106/32 1051/1107/32
f 1051/1107/32 1049/1105/32 1048/1104/32
f 1050/1106/32 1052/1108/32 1053/1109/32
f 1053/1109/32 1051/1107/32 1050/1106/32
f 1052/1108/32 1054/1110/32 1055/1111/32
f 1055/1111/32 1053/1109/32 1052/1108/32
f 1056/1112/964 1057/1113/965 1058/1114/966
f 1058/1114/966 1059/1115/967 1056/1112/964
f 1057/1113/965 1060/1116/968 1061/1117/969
f 1061/1117/969 1058/1114/966 1057/1113/965
f 1062/1118/970 1056/1112/964 1059/1115/967
f 1059/1115/967 1063/1119/971 1062/1118/970
f 1064/1120/972 1062/1118/970 1063/1119/971
f 1063/1119/971 1065/1121/973 1064/1120/972
f 1066/1122/974 1067/1123/975 1068/1124/976
f 1068/1124/976 1069/1125/977 1066/1122/974
f 1067/1123/975 1064/1120/972 1065/1121/973
f 1065/1121/973 1068/1124/976 1067/1123/975
f 1070/1126/978 1066/1122/974 1069/1125/977
f 1069/1125/977 1071/1127/979 1070/1126/978
f 1072/1128/980 1070/1126/978 1071/1127/979
f 1071/1127/979 1073/1129/981 1072/1128/980
f 1127/1130/982 1074/1131/983 1075/1132/984
f 1075/1132/984 1128/1133/985 1127/1130/982
f 1074/1131/983 1072/1128/980 1073/1129/981
f 1073/1129/981 1075/1132/984 1074/1131/983
f 1060/1116/968 1076/1134/986 1077/1135/987
f 1077/1135/987 1061/1117/969 1060/1116/968
f 1076/1134/986 1078/1136/988 1249/1137/989
f 1249/1137/989 1077/1135/987 1076/1134/986
f 1079/1138/990 1080/1139/991 1081/1140/992
f 1081/1140/992 1082/1141/993 1079/1138/990
f 1080/1139/991 1083/1142/994 1084/1143/995
f 1084/1143/995 1081/1140/992 1080/1139/991
f 1085/1144/996 1079/1138/990 1082/1141/993
f 1082/1141/993 1086/1145/997 1085/1144/996
f 1087/1146/998 1085/1144/996 1086/1145/997
f 1086/1145/997 1088/1147/999 1087/1146/998
f 1089/1148/1000 1090/1149/1001 1091/1150/1002
f 1091/1150/1002 1092/1151/1003 1089/1148/1000
f 1090/1149/1001 1087/1146/998 1088/1147/999
f 1088/1147/999 1091/1150/1002 1090/1149/1001
f 1093/1152/1004 1089/1148/1000 1092/1151/1003
f 1092/1151/1003 1094/1153/1005 1093/1152/1004
f 1095/1154/1006 1093/1152/1004 1094/1153/1005
f 1094/1153/1005 1096/1155/1007 1095/1154/1006
f 1097/1156/1008 1098/1157/1009 1099/1158/1010
f 1099/1158/1010 1277/1159/1011 1097/1156/1008
f 1098/1157/1009 1095/1154/1006 1096/1155/1007
f 1096/1155/1007 1099/1158/1010 1098/1157/1009
f 1083/1142/994 1100/1160/1012 1101/1161/1013
f 1101/1161/1013 1084/1143/995 1083/1142/994
f 1100/1160/1012 1102/1162/1014 1149/1163/1015
f 1149/1163/1015 1101/1161/1013 1100/1160/1012
f 1103/1164/1016 1104/1165/1017 1105/1166/1018
f 1105/1166/1018 1106/1167/1019 1103/1164/1016
f 1104/1165/1017 1107/1168/1020 1108/1169/1021
f 1108/1169/1021 1105/1166/1018 1104/1165/1017
f 1109/1170/1022 1103/1164/1016 1106/1167/1019
f 1106/1167/1019 1110/1171/1023 1109/1170/1022
f 1111/1172/1024 1109/1170/1022 1110/1171/1023
f 1110/1171/1023 1112/1173/1025 1111/1172/1024
f 1113/1174/1026 1114/1175/1027 1115/1176/1028
f 1115/1176/1028 1116/1177/1029 1113/1174/1026
f 1114/1175/1027 1111/1172/1024 1112/1173/1025
f 1112/1173/1025 1115/1176/1028 1114/1175/1027
f 1117/1178/1030 1113/1174/1026 1116/1177/1029
f 1116/1177/1029 1118/1179/1031 1117/1178/1030
f 1119/1180/1032 1117/1178/1030 1118/1179/1031
f 1118/1179/1031 1120/1181/1033 1119/1180/1032
f 1121/1182/1034 1122/1183/1035 1123/1184/1036
f 1123/1184/1036 1124/1185/1037 1121/1182/1034
f 1122/1183/1035 1119/1180/1032 1120/1181/1033
f 1120/1181/1033 1123/1184/1036 1122/1183/1035
f 1107/1168/1020 1125/1186/1038 1126/1187/1039
f 1126/1187/1039 1108/1169/1021 1107/1168/1020
f 1125/1186/1038 1127/1188/982 1128/1189/985
f 1128/1189/985 1126/1187/1039 1125/1186/1038
f 1129/1190/1040 1130/1191/1041 1131/1192/1042
f 1131/1192/1042 1132/1193/1043 1129/1190/1040
f 1130/1191/1041 1133/1194/1044 1134/1195/1045
f 1134/1195/1045 1131/1192/1042 1130/1191/1041
f 1135/1196/1046 1129/1190/1040 1132/1193/1043
f 1132/1193/1043 1136/1197/1047 1135/1196/1046
f 1137/1198/1048 1135/1196/1046 1136/1197/1047
f 1136/1197/1047 1138/1199/1049 1137/1198/1048
f 1139/1200/1050 1140/1201/1051 1141/1202/1052
f 1141/1202/1052 1142/1203/1053 1139/1200/1050
f 1140/1201/1051 1137/1198/1048 1138/1199/1049
f 1138/1199/1049 1141/1202/1052 1140/1201/1051
f 1143/1204/1054 1139/1200/1050 1142/1203/1053
f 1142/1203/1053 1144/1205/1055 1143/1204/1054
f 1145/1206/1056 1143/1204/1054 1144/1205/1055
f 1144/1205/1055 1146/1207/1057 1145/1206/1056
f 1102/1208/1014 1147/1209/1058 1148/1210/1059
f 1148/1210/1059 1149/1211/1015 1102/1208/1014
f 1147/1209/1058 1145/1206/1056 1146/1207/1057
f 1146/1207/1057 1148/1210/1059 1147/1209/1058
f 1133/1194/1044 1150/1212/1060 1151/1213/1061
f 1151/1213/1061 1134/1195/1045 1133/1194/1044
f 1150/1212/1060 1222/1214/1062 1152/1215/1063
f 1152/1215/1063 1151/1213/1061 1150/1212/1060
f 1153/1216/1064 1944/1217/1065 1154/1218/1066
f 1154/1218/1066 1155/1219/1064 1153/1216/1064
f 1944/1217/1065 1943/1220/1067 1156/1221/1067
f 1156/1221/1067 1154/1218/1066 1944/1217/1065
f 1157/1222/1068 1153/1216/1064 1155/1219/1064
f 1155/1219/1064 1158/1223/1068 1157/1222/1068
f 1945/1224/1069 1157/1222/1068 1158/1223/1068
f 1158/1223/1068 1159/1225/1070 1945/1224/1069
f 1160/1226/958 1161/1227/1071 1162/1228/1072
f 1162/1228/1072 1163/1229/959 1160/1226/958
f 1161/1227/1071 1945/1224/1069 1159/1225/1070
f 1159/1225/1070 1162/1228/1072 1161/1227/1071
f 1164/1230/1064 1165/1231/1068 1166/1232/1068
f 1166/1232/1068 1167/1233/1064 1164/1230/1064
f 1165/1231/1068 1168/1234/1073 1169/1235/1074
f 1169/1235/1074 1166/1232/1068 1165/1231/1068
f 1170/1236/1066 1164/1230/1064 1167/1233/1064
f 1167/1233/1064 1171/1237/1066 1170/1236/1066
f 1172/1238/1067 1170/1236/1066 1171/1237/1066
f 1171/1237/1066 1173/1239/1067 1172/1238/1067
f 1168/1234/1073 1174/1240/962 1175/1241/963
f 1175/1241/963 1169/1235/1074 1168/1234/1073
f 1941/1242/1075 1940/1243/1076 1176/1244/1077
f 1176/1244/1077 1177/1245/1075 1941/1242/1075
f 1940/1243/1076 1178/1246/1078 1179/1247/1079
f 1179/1247/1079 1176/1244/1077 1940/1243/1076
f 1180/1248/1080 1941/1242/1075 1177/1245/1075
f 1177/1245/1075 1181/1249/1081 1180/1248/1080
f 1943/1220/1067 1180/1248/1080 1181/1249/1081
f 1181/1249/1081 1156/1221/1067 1943/1220/1067
f 1178/1246/1078 1946/1250/1082 1182/1251/1083
f 1182/1251/1083 1179/1247/1079 1178/1246/1078
f 1946/1250/1082 1948/1252/1084 1183/1253/1085
f 1183/1253/1085 1182/1251/1083 1946/1250/1082
f 1184/1254/1075 1185/1255/1081 1186/1256/1081
f 1186/1256/1081 1187/1257/1075 1184/1254/1075
f 1185/1255/1081 1172/1238/1067 1173/1239/1067
f 1173/1239/1067 1186/1256/1081 1185/1255/1081
f 1188/1258/1086 1184/1254/1075 1187/1257/1075
f 1187/1257/1075 1189/1259/1086 1188/1258/1086
f 1190/1260/1087 1188/1258/1086 1189/1259/1086
f 1189/1259/1086 1191/1261/1087 1190/1260/1087
f 1192/1262/1088 1193/1263/1089 1194/1264/1089
f 1194/1264/1089 1195/1265/1088 1192/1262/1088
f 1193/1263/1089 1190/1260/1087 1191/1261/1087
f 1191/1261/1087 1194/1264/1089 1193/1263/1089
f 1196/1266/1090 1197/1267/1091 1198/1268/1092
f 1198/1268/1092 1199/1269/1093 1196/1266/1090
f 1197/1267/1091 1200/1270/1094 1201/1271/1095
f 1201/1271/1095 1198/1268/1092 1197/1267/1091
f 1202/1272/1096 1196/1266/1090 1199/1269/1093
f 1199/1269/1093 1203/1273/1097 1202/1272/1096
f 1204/1274/1098 1202/1272/1096 1203/1273/1097
f 1203/1273/1097 1205/1275/1099 1204/1274/1098
f 1206/1276/1100 1207/1277/1101 1208/1278/1102
f 1208/1278/1102 1209/1279/1103 1206/1276/1100
f 1207/1277/1101 1204/1274/1098 1205/1275/1099
f 1205/1275/1099 1208/1278/1102 1207/1277/1101
f 1210/1280/1104 1206/1276/1100 1209/1279/1103
f 1209/1279/1103 1211/1281/1105 1210/1280/1104
f 1212/1282/1106 1210/1280/1104 1211/1281/1105
f 1211/1281/1105 1213/1283/1107 1212/1282/1106
f 1214/1284/1108 1215/1285/1109 1216/1286/1110
f 1216/1286/1110 1217/1287/1111 1214/1284/1108
f 1215/1285/1109 1212/1282/1106 1213/1283/1107
f 1213/1283/1107 1216/1286/1110 1215/1285/1109
f 1200/1270/1094 1218/1288/1112 1219/1289/1113
f 1219/1289/1113 1201/1271/1095 1200/1270/1094
f 1218/1288/1112 1220/1290/1114 1221/1291/1115
f 1221/1291/1115 1219/1289/1113 1218/1288/1112
f 1222/1292/1116 1223/1293/1117 1224/1294/1118
f 1224/1294/1118 1225/1295/1119 1222/1292/1116
f 1223/1293/1117 1226/1296/1120 1227/1297/1121
f 1227/1297/1121 1224/1294/1118 1223/1293/1117
f 1228/1298/1122 1229/1299/1123 1230/1300/1124
f 1230/1300/1124 1231/1301/1125 1228/1298/1122
f 1229/1299/1123 1232/1302/1126 1233/1303/1127
f 1233/1303/1127 1230/1300/1124 1229/1299/1123
f 1234/1304/1128 1228/1298/1122 1231/1301/1125
f 1231/1301/1125 1235/1305/1129 1234/1304/1128
f 1236/1306/1130 1234/1304/1128 1235/1305/1129
f 1235/1305/1129 1237/1307/1131 1236/1306/1130
f 1238/1308/1132 1239/1309/1133 1240/1310/1134
f 1240/1310/1134 1241/1311/1135 1238/1308/1132
f 1239/1309/1133 1236/1306/1130 1237/1307/1131
f 1237/1307/1131 1240/1310/1134 1239/1309/1133
f 1242/1312/1136 1238/1308/1132 1241/1311/1135
f 1241/1311/1135 1243/1313/1137 1242/1312/1136
f 1244/1314/1138 1242/1312/1136 1243/1313/1137
f 1243/1313/1137 1245/1315/1139 1244/1314/1138
f 1246/1316/1140 1247/1317/1141 1248/1318/1142
f 1248/1318/1142 1249/1319/1143 1246/1316/1140
f 1247/1317/1141 1244/1314/1138 1245/1315/1139
f 1245/1315/1139 1248/1318/1142 1247/1317/1141
f 1232/1302/1126 1250/1320/1144 1251/1321/1145
f 1251/1321/1145 1233/1303/1127 1232/1302/1126
f 1250/1320/1144 1252/1322/924 1253/1323/927
f 1253/1323/927 1251/1321/1145 1250/1320/1144
f 1254/1324/1146 1255/1325/1147 1256/1326/1148
f 1256/1326/1148 1257/1327/1149 1254/1324/1146
f 1255/1325/1147 1258/1328/1150 1259/1329/1151
f 1259/1329/1151 1256/1326/1148 1255/1325/1147
f 1260/1330/1152 1254/1324/1146 1257/1327/1149
f 1257/1327/1149 1261/1331/1153 1260/1330/1152
f 1262/1332/1154 1260/1330/1152 1261/1331/1153
f 1261/1331/1153 1263/1333/1155 1262/1332/1154
f 1264/1334/1156 1265/1335/1157 1266/1336/1158
f 1266/1336/1158 1267/1337/1159 1264/1334/1156
f 1265/1335/1157 1262/1332/1154 1263/1333/1155
f 1263/1333/1155 1266/1336/1158 1265/1335/1157
f 1268/1338/1160 1264/1334/1156 1267/1337/1159
f 1267/1337/1159 1269/1339/1161 1268/1338/1160
f 1270/1340/1162 1268/1338/1160 1269/1339/1161
f 1269/1339/1161 1271/1341/1163 1270/1340/1162
f 1016/1342/956 1272/1343/1164 1273/1344/1165
f 1273/1344/1165 1017/1345/957 1016/1342/956
f 1272/1343/1164 1270/1340/1162 1271/1341/1163
f 1271/1341/1163 1273/1344/1165 1272/1343/1164
f 1258/1328/1150 1274/1346/1166 1275/1347/1167
f 1275/1347/1167 1259/1329/1151 1258/1328/1150
f 1274/1346/1166 1276/1348/1168 1277/1349/1169
f 1277/1349/1169 1275/1347/1167 1274/1346/1166
f 1278/1350/1170 1279/1351/1171 1280/1352/1172
f 1280/1352/1172 1281/1353/1173 1278/1350/1170
f 1279/1351/1171 1282/1354/1174 1283/1355/1175
f 1283/1355/1175 1280/1352/1172 1279/1351/1171
f 1284/1356/1176 1278/1350/1170 1281/1353/1173
f 1281/1353/1173 1285/1357/1177 1284/1356/1176
f 1377/1358/1178 1284/1356/1176 1285/1357/1177
f 1285/1357/1177 1286/1359/1179 1377/1358/1178
f 1282/1354/1174 1287/1360/1180 1288/1361/1181
f 1288/1361/1181 1283/1355/1175 1282/1354/1174
f 1287/1360/1180 1289/1362/1182 1217/1363/1183
f 1217/1363/1183 1288/1361/1181 1287/1360/1180
f 1290/1364/1184 1291/1365/1185 1292/1366/1185
f 1292/1366/1185 1293/1367/1184 1290/1364/1184
f 1291/1365/1185 1396/1368/1186 1294/1369/1187
f 1294/1369/1187 1292/1366/1185 1291/1365/1185
f 1295/1370/1188 1290/1364/1184 1293/1367/1184
f 1293/1367/1184 1296/1371/1188 1295/1370/1188
f 1297/1372/1189 1295/1370/1188 1296/1371/1188
f 1296/1371/1188 1298/1373/1190 1297/1372/1189
f 1299/1374/1191 1300/1375/1192 1301/1376/1193
f 1301/1376/1193 1227/1377/1194 1299/1374/1191
f 1300/1375/1192 1297/1372/1189 1298/1373/1190
f 1298/1373/1190 1301/1376/1193 1300/1375/1192
f 1302/1378/1195 1303/1379/1196 1304/1380/1197
f 1304/1380/1197 1305/1381/1198 1302/1378/1195
f 1306/1382/1199 1302/1378/1195 1305/1381/1198
f 1305/1381/1198 1307/1383/1200 1306/1382/1199
f 1308/1384/1201 1309/1385/1202 1310/1386/1203
f 1310/1386/1203 1311/1387/1204 1308/1384/1201
f 1309/1385/1202 1306/1382/1199 1307/1383/1200
f 1307/1383/1200 1310/1386/1203 1309/1385/1202
f 1312/1388/1205 1313/1389/1206 1314/1390/1207
f 1314/1390/1207 1315/1391/1208 1312/1388/1205
f 1313/1389/1206 1316/1392/1209 1317/1393/1210
f 1317/1393/1210 1314/1390/1207 1313/1389/1206
f 1316/1392/1209 1318/1394/1211 1319/1395/1212
f 1319/1395/1212 1317/1393/1210 1316/1392/1209
f 1318/1394/1211 1320/1396/1213 1321/1397/1214
f 1321/1397/1214 1319/1395/1212 1318/1394/1211
f 1322/1398/1215 1323/1399/1216 1324/1400/1217
f 1324/1400/1217 1325/1401/1218 1322/1398/1215
f 1326/1402/1219 1322/1398/1215 1325/1401/1218
f 1325/1401/1218 1327/1403/1220 1326/1402/1219
f 1328/1404/1221 1326/1402/1219 1327/1403/1220
f 1327/1403/1220 1329/1405/1222 1328/1404/1221
f 1303/1379/1196 1330/1406/1223 1331/1407/1224
f 1331/1407/1224 1304/1380/1197 1303/1379/1196
f 1330/1406/1223 1328/1404/1221 1329/1405/1222
f 1329/1405/1222 1331/1407/1224 1330/1406/1223
f 1332/1408/1225 1312/1388/1205 1315/1391/1208
f 1315/1391/1208 1333/1409/1226 1332/1408/1225
f 1334/1410/1227 1332/1408/1225 1333/1409/1226
f 1333/1409/1226 1335/1411/1228 1334/1410/1227
f 1336/1412/1229 1337/1413/1230 1338/1414/1231
f 1338/1414/1231 1339/1415/1232 1336/1412/1229
f 1337/1413/1230 1334/1410/1227 1335/1411/1228
f 1335/1411/1228 1338/1414/1231 1337/1413/1230
f 1340/1416/1233 1336/1412/1229 1339/1415/1232
f 1339/1415/1232 1341/1417/1234 1340/1416/1233
f 1323/1399/1216 1342/1418/1235 1343/1419/1236
f 1343/1419/1236 1324/1400/1217 1323/1399/1216
f 1342/1418/1235 1344/1420/1237 1345/1421/1238
f 1345/1421/1238 1343/1419/1236 1342/1418/1235
f 1344/1420/1237 1346/1422/1239 1347/1423/1240
f 1347/1423/1240 1345/1421/1238 1344/1420/1237
f 1348/1424/1241 1340/1416/1233 1341/1417/1234
f 1341/1417/1234 1349/1425/1242 1348/1424/1241
f 1350/1426/1243 1351/1427/1244 1352/1428/1245
f 1352/1428/1245 1425/1429/1246 1350/1426/1243
f 1351/1427/1244 1348/1424/1241 1349/1425/1242
f 1349/1425/1242 1352/1428/1245 1351/1427/1244
f 1353/1430/1247 1354/1431/1248 1355/1432/1249
f 1355/1432/1249 1356/1433/1250 1353/1430/1247
f 1354/1431/1248 1357/1434/1251 1358/1435/1252
f 1358/1435/1252 1355/1432/1249 1354/1431/1248
f 1359/1436/1253 1353/1430/1247 1356/1433/1250
f 1356/1433/1250 1360/1437/1254 1359/1436/1253
f 1361/1438/1255 1359/1436/1253 1360/1437/1254
f 1360/1437/1254 1362/1439/1256 1361/1438/1255
f 1363/1440/1257 1364/1441/1258 1365/1442/1259
f 1365/1442/1259 1366/1443/1260 1363/1440/1257
f 1364/1441/1258 1361/1438/1255 1362/1439/1256
f 1362/1439/1256 1365/1442/1259 1364/1441/1258
f 1367/1444/1261 1363/1440/1257 1366/1443/1260
f 1366/1443/1260 1368/1445/1262 1367/1444/1261
f 1369/1446/1263 1367/1444/1261 1368/1445/1262
f 1368/1445/1262 1370/1447/1264 1369/1446/1263
f 1371/1448/1265 1372/1449/1266 1373/1450/1267
f 1373/1450/1267 1374/1451/1268 1371/1448/1265
f 1372/1449/1266 1369/1446/1263 1370/1447/1264
f 1370/1447/1264 1373/1450/1267 1372/1449/1266
f 1357/1434/1251 1375/1452/1269 1376/1453/1270
f 1376/1453/1270 1358/1435/1252 1357/1434/1251
f 1375/1452/1269 1377/1454/1178 1286/1455/1179
f 1286/1455/1179 1376/1453/1270 1375/1452/1269
f 1378/1456/1271 1379/1457/1272 1380/1458/1273
f 1380/1458/1273 1381/1459/1274 1378/1456/1271
f 1379/1457/1272 1382/1460/1275 1383/1461/1276
f 1383/1461/1276 1380/1458/1273 1379/1457/1272
f 1384/1462/1277 1378/1456/1271 1381/1459/1274
f 1381/1459/1274 1385/1463/1278 1384/1462/1277
f 1386/1464/1279 1384/1462/1277 1385/1463/1278
f 1385/1463/1278 1387/1465/1279 1386/1464/1279
f 1388/1466/1280 1389/1467/1281 1390/1468/1281
f 1390/1468/1281 1391/1469/1280 1388/1466/1280
f 1389/1467/1281 1386/1464/1279 1387/1465/1279
f 1387/1465/1279 1390/1468/1281 1389/1467/1281
f 1392/1470/1282 1388/1466/1280 1391/1469/1280
f 1391/1469/1280 1393/1471/1282 1392/1470/1282
f 1394/1472/1283 1392/1470/1282 1393/1471/1282
f 1393/1471/1282 1395/1473/1283 1394/1472/1283
f 1396/1474/1186 1397/1475/1284 1398/1476/1285
f 1398/1476/1285 1294/1477/1187 1396/1474/1186
f 1397/1475/1284 1394/1472/1283 1395/1473/1283
f 1395/1473/1283 1398/1476/1285 1397/1475/1284
f 1382/1460/1275 1399/1478/1286 1400/1479/1287
f 1400/1479/1287 1383/1461/1276 1382/1460/1275
f 1399/1478/1286 1401/1480/1288 1402/1481/1289
f 1402/1481/1289 1400/1479/1287 1399/1478/1286
f 1403/1482/1290 1404/1483/1291 1405/1484/1292
f 1405/1484/1292 1406/1485/1293 1403/1482/1290
f 1407/1486/1294 1403/1482/1290 1406/1485/1293
f 1406/1485/1293 1408/1487/1295 1407/1486/1294
f 1409/1488/1296 1407/1486/1294 1408/1487/1295
f 1408/1487/1295 1410/1489/1297 1409/1488/1296
f 1411/1490/1298 1412/1491/1299 1413/1492/1300
f 1413/1492/1300 1414/1493/1301 1411/1490/1298
f 1412/1491/1299 1409/1488/1296 1410/1489/1297
f 1410/1489/1297 1413/1492/1300 1412/1491/1299
f 1415/1494/1302 1416/1495/1303 1417/1496/1304
f 1417/1496/1304 1418/1497/1305 1415/1494/1302
f 1416/1495/1303 1419/1498/1306 1420/1499/1307
f 1420/1499/1307 1417/1496/1304 1416/1495/1303
f 1421/1500/114 1415/1494/1302 1418/1497/1305
f 1418/1497/1305 1422/1501/1308 1421/1500/114
f 1419/1498/1306 1423/1502/1309 1424/1503/1310
f 1424/1503/1310 1420/1499/1307 1419/1498/1306
f 1423/1502/1309 1350/1504/1243 1425/1505/1246
f 1425/1505/1246 1424/1503/1310 1423/1502/1309
f 1426/1506/1311 1427/1507/1312 1428/1508/1313
f 1428/1508/1313 1429/1509/1314 1426/1506/1311
f 1427/1507/1312 1430/1510/1315 1431/1511/1316
f 1431/1511/1316 1428/1508/1313 1427/1507/1312
f 1432/1512/1317 1426/1506/1311 1429/1509/1314
f 1429/1509/1314 1433/1513/1318 1432/1512/1317
f 1434/1514/1319 1432/1512/1317 1433/1513/1318
f 1433/1513/1318 1435/1515/1320 1434/1514/1319
f 1404/1483/1291 1434/1514/1319 1435/1515/1320
f 1435/1515/1320 1405/1484/1292 1404/1483/1291
f 1430/1510/1315 1436/1516/1321 1437/1517/1322
f 1437/1517/1322 1431/1511/1316 1430/1510/1315
f 1436/1516/1321 1438/1518/1323 1439/1519/1324
f 1439/1519/1324 1437/1517/1322 1436/1516/1321
f 136/1520/113 1421/1500/114 1422/1501/1308
f 1422/1501/1308 1440/1521/1325 136/1520/113
f 83/1522/60 84/1523/61 1441/1524/1326
f 1441/1524/1326 1442/1525/1327 83/1522/60
f 84/1523/61 136/1520/113 1440/1521/1325
f 1440/1521/1325 1441/1524/1326 84/1523/61
f 1443/1526/1328 83/1522/60 1442/1525/1327
f 1442/1525/1327 1444/1527/1329 1443/1526/1328
f 1445/1528/1330 1443/1526/1328 1444/1527/1329
f 1444/1527/1329 1446/1529/1331 1445/1528/1330
f 1811/1530/1332 1447/1531/1333 1448/1532/1334
f 1448/1532/1334 1449/1533/1335 1811/1530/1332
f 1447/1531/1333 1445/1528/1330 1446/1529/1331
f 1446/1529/1331 1448/1532/1334 1447/1531/1333
f 1450/1534/1336 1451/1535/1337 1452/1536/1337
f 1452/1536/1337 1453/1537/1336 1450/1534/1336
f 1451/1535/1337 1454/1538/1338 1455/1539/1339
f 1455/1539/1339 1452/1536/1337 1451/1535/1337
f 1456/1540/1340 1450/1534/1336 1453/1537/1336
f 1453/1537/1336 1457/1541/1340 1456/1540/1340
f 1458/1542/1341 1456/1540/1340 1457/1541/1340
f 1457/1541/1340 1459/1543/1341 1458/1542/1341
f 1460/1544/1342 1461/1545/1343 1462/1546/1344
f 1462/1546/1344 1463/1547/1342 1460/1544/1342
f 1461/1545/1343 1458/1542/1341 1459/1543/1341
f 1459/1543/1341 1462/1546/1344 1461/1545/1343
f 1464/1548/1345 1460/1544/1342 1463/1547/1342
f 1463/1547/1342 1465/1549/1346 1464/1548/1345
f 1466/1550/1347 1464/1548/1345 1465/1549/1346
f 1465/1549/1346 1467/1551/1348 1466/1550/1347
f 1401/1552/1288 1468/1553/1349 1469/1554/1350
f 1469/1554/1350 1402/1555/1289 1401/1552/1288
f 1468/1553/1349 1466/1550/1347 1467/1551/1348
f 1467/1551/1348 1469/1554/1350 1468/1553/1349
f 1454/1538/1338 1470/1556/1351 1471/1557/1352
f 1471/1557/1352 1455/1539/1339 1454/1538/1338
f 1470/1556/1351 1472/1558/1353 1473/1559/1354
f 1473/1559/1354 1471/1557/1352 1470/1556/1351
f 1474/1560/1355 1475/1561/1356 1476/1562/1357
f 1476/1562/1357 1477/1563/1358 1474/1560/1355
f 1475/1561/1356 1478/1564/1359 1479/1565/1360
f 1479/1565/1360 1476/1562/1357 1475/1561/1356
f 1480/1566/1361 1474/1560/1355 1477/1563/1358
f 1477/1563/1358 1481/1567/1362 1480/1566/1361
f 1482/1568/1363 1480/1566/1361 1481/1567/1362
f 1481/1567/1362 1483/1569/1364 1482/1568/1363
f 1484/1570/1365 1485/1571/1366 1486/1572/1367
f 1486/1572/1367 1487/1573/1368 1484/1570/1365
f 1485/1571/1366 1482/1568/1363 1483/1569/1364
f 1483/1569/1364 1486/1572/1367 1485/1571/1366
f 1488/1574/1369 1484/1570/1365 1487/1573/1368
f 1487/1573/1368 1489/1575/1337 1488/1574/1369
f 1490/1576/1370 1488/1574/1369 1489/1575/1337
f 1489/1575/1337 1491/1577/1371 1490/1576/1370
f 242/1578/224 1492/1579/1372 1493/1580/1373
f 1493/1580/1373 233/1581/215 242/1578/224
f 1492/1579/1372 1490/1576/1370 1491/1577/1371
f 1491/1577/1371 1493/1580/1373 1492/1579/1372
f 1478/1564/1359 1494/1582/1374 1495/1583/1375
f 1495/1583/1375 1479/1565/1360 1478/1564/1359
f 1494/1582/1374 1496/1584/1376 1374/1585/1377
f 1374/1585/1377 1495/1583/1375 1494/1582/1374
f 241/1586/223 1889/1587/1378 1497/1588/1379
f 1497/1588/1379 1498/1589/1380 241/1586/223
f 1499/1590/1381 1500/1591/1382 1501/1592/1383
f 1501/1592/1383 1502/1593/1384 1499/1590/1381
f 1500/1591/1382 1503/1594/1385 1504/1595/1386
f 1504/1595/1386 1501/1592/1383 1500/1591/1382
f 1505/1596/1387 1499/1590/1381 1502/1593/1384
f 1502/1593/1384 1506/1597/1388 1505/1596/1387
f 1507/1598/1389 1505/1596/1387 1506/1597/1388
f 1506/1597/1388 1508/1599/1390 1507/1598/1389
f 1509/1600/1391 1510/1601/1392 1511/1602/1393
f 1511/1602/1393 1512/1603/1394 1509/1600/1391
f 1510/1601/1392 1507/1598/1389 1508/1599/1390
f 1508/1599/1390 1511/1602/1393 1510/1601/1392
f 1513/1604/1395 1509/1600/1391 1512/1603/1394
f 1512/1603/1394 1514/1605/1396 1513/1604/1395
f 1515/1606/959 1513/1604/1395 1514/1605/1396
f 1514/1605/1396 1516/1607/959 1515/1606/959
f 1517/1608/32 1518/1609/32 1519/1610/32
f 1519/1610/32 1520/1611/32 1517/1608/32
f 1518/1609/32 1515/1606/959 1516/1607/959
f 1516/1607/959 1519/1610/32 1518/1609/32
f 1503/1594/1385 1521/1612/1397 1522/1613/1398
f 1522/1613/1398 1504/1595/1386 1503/1594/1385
f 1521/1612/1397 1523/1614/1399 1524/1615/1400
f 1524/1615/1400 1522/1613/1398 1521/1612/1397
f 1525/1616/32 1526/1617/32 1527/1618/32
f 1527/1618/32 1541/1619/32 1525/1616/32
f 1526/1617/32 1528/1620/32 1529/1621/32
f 1529/1621/32 1527/1618/32 1526/1617/32
f 1528/1620/32 1530/1622/32 1531/1623/32
f 1531/1623/32 1529/1621/32 1528/1620/32
f 1532/1624/32 1533/1625/32 1534/1626/32
f 1534/1626/32 1535/1627/32 1532/1624/32
f 1536/1628/32 1537/1629/32 1538/1630/32
f 1538/1630/32 1539/1631/32 1536/1628/32
f 1537/1629/32 1532/1624/32 1535/1627/32
f 1535/1627/32 1538/1630/32 1537/1629/32
f 1540/1632/32 1525/1616/32 1541/1619/32
f 1541/1619/32 1542/1633/32 1540/1632/32
f 1543/1634/32 1540/1632/32 1542/1633/32
f 1542/1633/32 1544/1635/32 1543/1634/32
f 1545/1636/32 1543/1634/32 1544/1635/32
f 1544/1635/32 1546/1637/32 1545/1636/32
f 1547/1638/32 1545/1636/32 1546/1637/32
f 1546/1637/32 1548/1639/32 1547/1638/32
f 1549/1640/32 1550/1641/32 1551/1642/32
f 1551/1642/32 1552/1643/32 1549/1640/32
f 1553/1644/32 1554/1645/32 1555/1646/32
f 1555/1646/32 1556/1647/32 1553/1644/32
f 1554/1645/32 1549/1640/32 1552/1643/32
f 1552/1643/32 1555/1646/32 1554/1645/32
f 1533/1625/32 1553/1644/32 1556/1647/32
f 1556/1647/32 1534/1626/32 1533/1625/32
f 1557/1648/32 1547/1638/32 1548/1639/32
f 1548/1639/32 1558/1649/32 1557/1648/32
f 1559/1650/32 1557/1648/32 1558/1649/32
f 1558/1649/32 1560/1651/32 1559/1650/32
f 1561/1652/32 1559/1650/32 1560/1651/32
f 1560/1651/32 1562/1653/32 1561/1652/32
f 1563/1654/32 1564/1655/32 1565/1656/32
f 1565/1656/32 1566/1657/32 1563/1654/32
f 1564/1655/32 1561/1652/32 1562/1653/32
f 1562/1653/32 1565/1656/32 1564/1655/32
f 1567/1658/32 1568/1659/32 1569/1660/32
f 1569/1660/32 1570/1661/32 1567/1658/32
f 1568/1659/32 1571/1662/32 1572/1663/32
f 1572/1663/32 1569/1660/32 1568/1659/32
f 1550/1641/32 1567/1658/32 1570/1661/32
f 1570/1661/32 1551/1642/32 1550/1641/32
f 1571/1662/32 1573/1664/32 1574/1665/32
f 1574/1665/32 1572/1663/32 1571/1662/32
f 1573/1664/32 1575/1666/32 1576/1667/32
f 1576/1667/32 1574/1665/32 1573/1664/32
f 1577/1668/32 1578/1669/32 1579/1670/32
f 1579/1670/32 1580/1671/32 1577/1668/32
f 1578/1669/32 1581/1672/32 1582/1673/32
f 1582/1673/32 1579/1670/32 1578/1669/32
f 1583/1674/32 1577/1668/32 1580/1671/32
f 1580/1671/32 1584/1675/32 1583/1674/32
f 1608/1676/32 1583/1674/32 1584/1675/32
f 1584/1675/32 1609/1677/32 1608/1676/32
f 1585/1678/32 1586/1679/32 1587/1680/32
f 1587/1680/32 1588/1681/32 1585/1678/32
f 1586/1679/32 1626/1682/32 1589/1683/32
f 1589/1683/32 1587/1680/32 1586/1679/32
f 1590/1684/32 1585/1678/32 1588/1681/32
f 1588/1681/32 1591/1685/32 1590/1684/32
f 1592/1686/32 1590/1684/32 1591/1685/32
f 1591/1685/32 1593/1687/32 1592/1686/32
f 1594/1688/32 1595/1689/32 1596/1690/32
f 1596/1690/32 1597/1691/32 1594/1688/32
f 1595/1689/32 1592/1686/32 1593/1687/32
f 1593/1687/32 1596/1690/32 1595/1689/32
f 1598/1692/32 1582/1673/32 1581/1672/32
f 1599/1693/32 1598/1692/32 1581/1672/32
f 1600/1694/32 1601/1695/32 1602/1696/32
f 1603/1697/1401 1785/1698/1402 1601/1695/32
f 1601/1695/32 1600/1694/32 1603/1697/1401
f 1604/1699/32 1605/1700/32 1606/1701/32
f 1606/1701/32 1607/1702/32 1604/1699/32
f 1605/1700/32 1608/1676/32 1609/1677/32
f 1609/1677/32 1606/1701/32 1605/1700/32
f 1610/1703/32 1604/1699/32 1607/1702/32
f 1607/1702/32 1611/1704/32 1610/1703/32
f 1612/1705/32 1610/1703/32 1611/1704/32
f 1611/1704/32 1613/1706/32 1612/1705/32
f 1614/1707/32 1615/1708/32 1616/1709/32
f 1616/1709/32 1617/1710/32 1614/1707/32
f 1615/1708/32 1612/1705/32 1613/1706/32
f 1613/1706/32 1616/1709/32 1615/1708/32
f 1618/1711/32 1619/1712/32 1620/1713/32
f 1620/1713/32 1621/1714/32 1618/1711/32
f 1619/1712/32 1622/1715/32 1623/1716/32
f 1623/1716/32 1620/1713/32 1619/1712/32
f 1624/1717/32 1618/1711/32 1621/1714/32
f 1621/1714/32 1625/1718/32 1624/1717/32
f 1626/1682/32 1624/1717/32 1625/1718/32
f 1625/1718/32 1589/1683/32 1626/1682/32
f 1622/1715/32 1627/1719/32 1628/1720/32
f 1628/1720/32 1623/1716/32 1622/1715/32
f 1627/1719/32 1536/1721/32 1629/1722/32
f 1629/1722/32 1628/1720/32 1627/1719/32
f 1630/1723/1403 1631/1724/53 1632/1725/1403
f 1633/1726/53 1632/1725/1403 1631/1724/53
f 1634/1727/1404 1630/1723/1403 1635/1728/1404
f 1632/1725/1403 1635/1728/1404 1630/1723/1403
f 1631/1724/53 1636/1729/1405 1633/1726/53
f 1637/1730/1405 1633/1726/53 1636/1729/1405
f 1636/1729/1405 1638/1731/35 1637/1730/1405
f 1639/1732/35 1637/1730/1405 1638/1731/35
f 1640/1733/1406 1641/1734/1407 1642/1735/1406
f 1643/1736/1407 1642/1735/1406 1641/1734/1407
f 1638/1731/35 1640/1733/1406 1639/1732/35
f 1642/1735/1406 1639/1732/35 1640/1733/1406
f 1644/1737/1408 1645/1738/1409 1646/1739/1410
f 1647/1740/1411 1646/1739/1410 1645/1738/1409
f 1648/1741/1412 1644/1737/1408 1649/1742/1413
f 1646/1739/1410 1649/1742/1413 1644/1737/1408
f 1645/1738/1409 1650/1743/1414 1647/1740/1411
f 1651/1744/1415 1647/1740/1411 1650/1743/1414
f 1650/1743/1414 1652/1745/1416 1651/1744/1415
f 1653/1746/1417 1651/1744/1415 1652/1745/1416
f 1654/1747/1418 1648/1741/1412 1655/1748/1419
f 1649/1742/1413 1655/1748/1419 1648/1741/1412
f 1656/1749/1420 1654/1747/1418 1657/1750/1421
f 1655/1748/1419 1657/1750/1421 1654/1747/1418
f 1658/1751/1405 1659/1752/53 1660/1753/1405
f 1661/1754/53 1660/1753/1405 1659/1752/53
f 1662/1755/1422 1658/1751/1405 1663/1756/1422
f 1660/1753/1405 1663/1756/1422 1658/1751/1405
f 1659/1752/53 1664/1757/1403 1661/1754/53
f 1665/1758/1403 1661/1754/53 1664/1757/1403
f 1664/1757/1403 1634/1727/1404 1665/1758/1403
f 1635/1728/1404 1665/1758/1403 1634/1727/1404
f 1666/1759/1423 1662/1755/1422 1667/1760/1423
f 1663/1756/1422 1667/1760/1423 1662/1755/1422
f 1668/1761/1424 1666/1759/1423 1669/1762/1424
f 1667/1760/1423 1669/1762/1424 1666/1759/1423
f 1670/1763/1425 1671/1764/1426 1672/1765/1427
f 1673/1766/1428 1672/1765/1427 1671/1764/1426
f 1652/1745/1416 1670/1763/1425 1653/1746/1417
f 1672/1765/1427 1653/1746/1417 1670/1763/1425
f 1674/1767/32 1675/1768/32 1676/1769/32
f 1676/1769/32 1677/1770/32 1674/1767/32
f 1675/1768/32 1678/1771/32 1679/1772/32
f 1679/1772/32 1676/1769/32 1675/1768/32
f 1680/1773/959 1674/1767/32 1677/1770/32
f 1677/1770/32 1681/1774/32 1680/1773/959
f 1682/1775/959 1680/1773/959 1681/1774/32
f 1681/1774/32 1683/1776/1429 1682/1775/959
f 1678/1771/32 1684/1777/32 1685/1778/32
f 1685/1778/32 1679/1772/32 1678/1771/32
f 1684/1777/32 1686/1779/32 1687/1780/32
f 1687/1780/32 1685/1778/32 1684/1777/32
f 1688/1781/1430 1689/1782/1430 1690/1783/1431
f 1690/1783/1431 1691/1784/1430 1688/1781/1430
f 1689/1782/1430 1656/1785/1430 1692/1786/1431
f 1692/1786/1431 1690/1783/1431 1689/1782/1430
f 1693/1787/1430 1688/1781/1430 1691/1784/1430
f 1691/1784/1430 1694/1788/1430 1693/1787/1430
f 1695/1789/1432 1693/1787/1430 1694/1788/1430
f 1694/1788/1430 1696/1790/1433 1695/1789/1432
f 1697/1791/1434 1695/1789/1432 1696/1790/1433
f 1696/1790/1433 1698/1792/32 1697/1791/1434
f 1699/1793/32 1700/1794/32 1701/1795/32
f 1701/1795/32 1702/1796/32 1699/1793/32
f 1700/1794/32 1703/1797/32 1704/1798/32
f 1704/1798/32 1701/1795/32 1700/1794/32
f 1705/1799/32 1699/1793/32 1702/1796/32
f 1702/1796/32 1706/1800/32 1705/1799/32
f 1703/1797/32 1707/1801/32 1708/1802/32
f 1708/1802/32 1704/1798/32 1703/1797/32
f 1707/1801/32 1709/1803/32 1710/1804/32
f 1710/1804/32 1708/1802/32 1707/1801/32
f 1711/1805/32 1705/1799/32 1706/1800/32
f 1706/1800/32 1712/1806/32 1711/1805/32
f 1713/1807/32 1714/1808/32 1715/1809/32
f 1715/1809/32 1716/1810/32 1713/1807/32
f 1714/1808/32 1711/1805/32 1712/1806/32
f 1712/1806/32 1715/1809/32 1714/1808/32
f 1717/1811/32 1713/1807/32 1716/1810/32
f 1716/1810/32 1718/1812/32 1717/1811/32
f 1719/1813/32 1717/1811/32 1718/1812/32
f 1718/1812/32 1720/1814/32 1719/1813/32
f 1731/1815/32 1721/1816/32 1722/1817/32
f 1722/1817/32 1732/1818/32 1731/1815/32
f 1721/1816/32 1719/1813/32 1720/1814/32
f 1720/1814/32 1722/1817/32 1721/1816/32
f 1723/1819/32 1724/1820/32 1725/1821/32
f 1725/1821/32 1726/1822/32 1723/1819/32
f 1724/1820/32 1727/1823/32 1728/1824/32
f 1728/1824/32 1725/1821/32 1724/1820/32
f 1727/1823/32 1729/1825/32 1730/1826/32
f 1730/1826/32 1728/1824/32 1727/1823/32
f 1729/1825/32 1731/1827/32 1732/1828/32
f 1732/1828/32 1730/1826/32 1729/1825/32
f 1733/1829/32 1723/1819/32 1726/1822/32
f 1726/1822/32 1734/1830/32 1733/1829/32
f 1735/1831/32 1733/1829/32 1734/1830/32
f 1734/1830/32 1736/1832/32 1735/1831/32
f 1737/1833/32 1738/1834/32 1739/1835/32
f 1739/1835/32 1740/1836/32 1737/1833/32
f 1738/1834/32 1735/1831/32 1736/1832/32
f 1736/1832/32 1739/1835/32 1738/1834/32
f 1741/1837/32 1737/1833/32 1740/1836/32
f 1740/1836/32 1742/1838/32 1741/1837/32
f 1743/1839/32 1741/1837/32 1742/1838/32
f 1742/1838/32 1744/1840/32 1743/1839/32
f 1745/1841/32 1746/1842/32 1747/1843/32
f 1747/1843/32 1748/1844/32 1745/1841/32
f 1746/1842/32 1743/1839/32 1744/1840/32
f 1744/1840/32 1747/1843/32 1746/1842/32
f 1749/1845/32 1750/1846/32 1751/1847/32
f 1751/1847/32 1752/1848/32 1749/1845/32
f 1750/1846/32 1753/1849/32 1754/1850/32
f 1754/1850/32 1751/1847/32 1750/1846/32
f 1755/1851/32 1749/1845/32 1752/1848/32
f 1752/1848/32 1756/1852/32 1755/1851/32
f 1757/1853/32 1755/1851/32 1756/1852/32
f 1756/1852/32 1758/1854/32 1757/1853/32
f 1753/1849/32 1759/1855/32 1760/1856/32
f 1760/1856/32 1754/1850/32 1753/1849/32
f 1759/1855/32 1761/1857/32 1762/1858/32
f 1762/1858/32 1760/1856/32 1759/1855/32
f 1763/1859/32 1764/1860/32 1765/1861/32
f 1765/1861/32 1766/1862/32 1763/1859/32
f 1764/1860/32 1767/1863/32 1768/1864/32
f 1768/1864/32 1765/1861/32 1764/1860/32
f 1769/1865/32 1763/1859/32 1766/1862/32
f 1766/1862/32 1770/1866/32 1769/1865/32
f 1771/1867/32 1769/1865/32 1770/1866/32
f 1770/1866/32 1772/1868/32 1771/1867/32
f 1773/1869/32 1774/1870/32 1775/1871/32
f 1775/1871/32 1776/1872/32 1773/1869/32
f 1774/1870/32 1771/1867/32 1772/1868/32
f 1772/1868/32 1775/1871/32 1774/1870/32
f 1777/1873/32 1778/1874/32 1779/1875/32
f 1779/1875/32 1780/1876/32 1777/1873/32
f 1778/1874/32 1757/1853/32 1758/1854/32
f 1758/1854/32 1779/1875/32 1778/1874/32
f 1781/1877/32 1777/1873/32 1780/1876/32
f 1780/1876/32 1782/1878/32 1781/1877/32
f 1783/1879/32 1781/1877/32 1782/1878/32
f 1782/1878/32 1784/1880/32 1783/1879/32
f 1785/1881/1402 1786/1882/32 1787/1883/32
f 1787/1883/32 1601/1884/32 1785/1881/1402
f 1786/1882/32 1783/1879/32 1784/1880/32
f 1784/1880/32 1787/1883/32 1786/1882/32
f 1767/1863/32 1788/1885/32 1789/1886/32
f 1789/1886/32 1768/1864/32 1767/1863/32
f 1789/1886/32 1788/1885/32 1790/1887/32
f 1790/1887/32 1791/1888/32 1789/1886/32
f 1790/1887/32 1792/1889/32 1791/1888/32
f 1793/1890/1435 1794/1891/1436 1795/1892/1436
f 1795/1892/1436 1796/1893/1437 1793/1890/1435
f 1797/1894/1438 1793/1890/1435 1796/1893/1437
f 1796/1893/1437 1798/1895/1439 1797/1894/1438
f 1799/1896/1440 1800/1897/1441 1801/1898/1442
f 1801/1898/1442 1802/1899/1443 1799/1896/1440
f 1800/1897/1441 1797/1894/1438 1798/1895/1439
f 1798/1895/1439 1801/1898/1442 1800/1897/1441
f 1803/1900/1444 1804/1901/1445 1805/1902/1446
f 1805/1902/1446 1806/1903/1447 1803/1900/1444
f 1804/1901/1448 1807/1904/1448 1808/1905/1448
f 1808/1905/1449 1805/1902/1450 1804/1901/1451
f 1807/1904/1452 1809/1906/1452 1810/1907/1452
f 1810/1907/1453 1808/1905/1453 1807/1904/1453
f 1809/1906/1454 1811/1908/1455 1812/1909/1456
f 1812/1909/1456 1810/1907/1457 1809/1906/1454
f 1813/1910/32 1814/1911/32 1815/1912/32
f 1815/1912/32 1816/1913/32 1813/1910/32
f 1817/1914/32 1813/1910/32 1816/1913/32
f 1816/1913/32 1818/1915/32 1817/1914/32
f 1794/1891/1436 1819/1916/1458 1820/1917/1458
f 1820/1917/1458 1795/1892/1436 1794/1891/1436
f 1819/1916/1458 1817/1914/32 1818/1915/32
f 1818/1915/32 1820/1917/1458 1819/1916/1458
f 1821/1918/1458 1803/1900/1444 1806/1903/1447
f 1806/1903/1447 1822/1919/1458 1821/1918/1458
f 1823/1920/32 1821/1918/1458 1822/1919/1458
f 1822/1919/1458 1824/1921/32 1823/1920/32
f 1825/1922/32 1826/1923/32 1827/1924/32
f 1827/1924/32 1828/1925/32 1825/1922/32
f 1826/1923/32 1823/1920/32 1824/1921/32
f 1824/1921/32 1827/1924/32 1826/1923/32
f 1814/1911/32 1829/1926/32 1830/1927/32
f 1830/1927/32 1815/1912/32 1814/1911/32
f 1829/1926/32 1831/1928/32 1832/1929/32
f 1832/1929/32 1830/1927/32 1829/1926/32
f 1831/1928/32 1833/1930/32 1834/1931/32
f 1834/1931/32 1832/1929/32 1831/1928/32
f 1833/1930/32 1835/1932/32 1836/1933/32
f 1836/1933/32 1834/1931/32 1833/1930/32
f 1837/1934/32 1825/1922/32 1828/1925/32
f 1828/1925/32 1838/1935/32 1837/1934/32
f 1839/1936/32 1837/1934/32 1838/1935/32
f 1838/1935/32 1840/1937/32 1839/1936/32
f 1841/1938/32 1842/1939/32 1843/1940/32
f 1843/1940/32 1844/1941/32 1841/1938/32
f 1842/1939/32 1839/1936/32 1840/1937/32
f 1840/1937/32 1843/1940/32 1842/1939/32
f 1845/1942/1459 1846/1943/1460 1847/1944/1461
f 1847/1944/1461 1848/1945/1462 1845/1942/1459
f 1846/1943/1460 1849/1946/1463 1850/1947/1464
f 1850/1947/1464 1847/1944/1461 1846/1943/1460
f 1851/1948/1465 1845/1942/1459 1848/1945/1462
f 1848/1945/1462 1852/1949/1465 1851/1948/1465
f 1853/1950/1466 1851/1948/1465 1852/1949/1465
f 1852/1949/1465 1854/1951/1466 1853/1950/1466
f 1855/1952/1467 1856/1953/1468 1857/1954/1468
f 1857/1954/1468 1858/1955/1467 1855/1952/1467
f 1856/1953/1468 1853/1950/1466 1854/1951/1466
f 1854/1951/1466 1857/1954/1468 1856/1953/1468
f 1859/1956/1469 1855/1952/1467 1858/1955/1467
f 1858/1955/1467 1860/1957/1470 1859/1956/1469
f 1861/1958/1471 1859/1956/1469 1860/1957/1470
f 1860/1957/1470 1862/1959/1471 1861/1958/1471
f 1863/1960/1472 1864/1961/1473 1865/1962/1473
f 1865/1962/1473 1866/1963/1472 1863/1960/1472
f 1864/1961/1473 1861/1958/1471 1862/1959/1471
f 1862/1959/1471 1865/1962/1473 1864/1961/1473
f 1849/1946/1463 1867/1964/1474 1868/1965/1475
f 1868/1965/1475 1850/1947/1464 1849/1946/1463
f 1869/1966/1476 1870/1967/32 1871/1968/1476
f 1872/1969/32 1871/1968/1476 1870/1967/32
f 1873/1970/1477 1869/1966/1476 1874/1971/1477
f 1871/1968/1476 1874/1971/1477 1869/1966/1476
f 1875/1972/1478 1873/1970/1477 1876/1973/1479
f 1874/1971/1477 1876/1973/1479 1873/1970/1477
f 1877/1974/1480 1875/1972/1478 1878/1975/1481
f 1876/1973/1479 1878/1975/1481 1875/1972/1478
f 1879/1976/1482 1877/1974/1480 1880/1977/1483
f 1878/1975/1481 1880/1977/1483 1877/1974/1480
f 1881/1978/1484 1879/1976/1482 1882/1979/1485
f 1880/1977/1483 1882/1979/1485 1879/1976/1482
f 1883/1980/1486 1881/1978/1484 1884/1981/1487
f 1882/1979/1485 1884/1981/1487 1881/1978/1484
f 1885/1982/1488 1883/1980/1486 1886/1983/1489
f 1884/1981/1487 1886/1983/1489 1883/1980/1486
f 1887/1984/1490 1885/1982/1488 1888/1985/226
f 1886/1983/1489 1889/1986/1378 241/1987/223
f 1890/1988/1476 1891/1989/32 1869/1966/1476
f 1870/1967/32 1869/1966/1476 1891/1989/32
f 1892/1990/1491 1890/1988/1476 1873/1970/1477
f 1869/1966/1476 1873/1970/1477 1890/1988/1476
f 1893/1991/1492 1892/1990/1491 1875/1972/1478
f 1873/1970/1477 1875/1972/1478 1892/1990/1491
f 1894/1992/1493 1893/1991/1492 1877/1974/1480
f 1875/1972/1478 1877/1974/1480 1893/1991/1492
f 1895/1993/1494 1894/1992/1493 1879/1976/1482
f 1877/1974/1480 1879/1976/1482 1894/1992/1493
f 1896/1994/1495 1895/1993/1494 1881/1978/1484
f 1879/1976/1482 1881/1978/1484 1895/1993/1494
f 1897/1995/1496 1896/1994/1495 1883/1980/1486
f 1881/1978/1484 1883/1980/1486 1896/1994/1495
f 1898/1996/1497 1897/1995/1496 1885/1982/1488
f 1883/1980/1486 1885/1982/1488 1897/1995/1496
f 222/1997/203 1898/1996/1497 1899/1998/1498
f 1885/1982/1488 1887/1984/1490 1900/1999/1499
f 1901/2000/1476 1902/2001/32 1890/1988/1476
f 1891/1989/32 1890/1988/1476 1902/2001/32
f 1903/2002/1500 1901/2000/1476 1892/1990/1491
f 1890/1988/1476 1892/1990/1491 1901/2000/1476
f 1904/2003/1501 1903/2002/1500 1893/1991/1492
f 1892/1990/1491 1893/1991/1492 1903/2002/1500
f 219/2004/200 1904/2003/1501 1894/1992/1493
f 1893/1991/1492 1894/1992/1493 1904/2003/1501
f 1905/2005/197 219/2004/200 1895/1993/1494
f 1894/1992/1493 1895/1993/1494 219/2004/200
f 217/2006/198 1905/2005/197 1896/1994/1495
f 1895/1993/1494 1896/1994/1495 1905/2005/197
f 1906/2007/1502 217/2006/198 1897/1995/1496
f 1896/1994/1495 1897/1995/1496 217/2006/198
f 1907/2008/1503 1906/2007/1502 1898/1996/1497
f 1897/1995/1496 1898/1996/1497 1906/2007/1502
f 238/2009/220 1907/2008/1503 239/2010/221
f 1898/1996/1497 222/1997/203 1908/2011/204
f 241/1987/223 232/2012/214 1886/1983/1489
f 1886/1983/1489 251/2013/234 1885/1982/1488
f 232/2012/214 251/2013/234 1886/1983/1489
f 1888/1985/226 1885/1982/1488 251/2013/234
f 1900/1999/1499 1898/1996/1497 1885/1982/1488
f 1899/1998/1498 1898/1996/1497 1900/1999/1499
f 1908/2011/204 1907/2008/1503 1898/1996/1497
f 239/2010/221 1907/2008/1503 1908/2011/204
f 1909/2014/1504 1910/2015/1505 1911/2016/1506
f 1911/2016/1506 1912/2017/32 1909/2014/1504
f 1913/2018/1507 1909/2014/1504 1912/2017/32
f 1912/2017/32 1914/2019/32 1913/2018/1507
f 1915/2020/1508 1913/2018/1507 1914/2019/32
f 1914/2019/32 1916/2021/32 1915/2020/1508
f 1917/2022/1509 1915/2020/1508 1916/2021/32
f 1916/2021/32 1918/2023/1510 1917/2022/1509
f 1919/2024/1511 1917/2022/1509 1918/2023/1510
f 1918/2023/1510 1920/2025/1512 1919/2024/1511
f 1909/2014/1504 1921/2026/1513 1922/2027/1514
f 1923/2028/440 1909/2014/1504 499/2029/442
f 1924/2030/1515 1925/2031/530 1909/2014/1504
f 1909/2014/1504 1913/2018/1507 1926/2032/1516
f 1927/2033/1517 1926/2032/1516 1913/2018/1507
f 1913/2018/1507 1915/2020/1508 1928/2034/1518
f 1929/2035/1519 1928/2034/1518 1915/2020/1508
f 1915/2020/1508 1917/2022/1509 1930/2036/1520
f 1919/2024/1511 1930/2036/1520 1917/2022/1509
f 1931/2037/1521 1929/2035/1519 1915/2020/1508
f 1930/2036/1520 1931/2037/1521 1915/2020/1508
f 1932/2038/1522 1927/2033/1517 1913/2018/1507
f 1933/2039/1523 1932/2038/1522 1913/2018/1507
f 1928/2034/1518 1933/2039/1523 1913/2018/1507
f 1934/2040/1524 1924/2030/1515 1909/2014/1504
f 1935/2041/1525 1934/2040/1524 1909/2014/1504
f 1926/2032/1516 1935/2041/1525 1909/2014/1504
f 1909/2014/1504 1936/2042/1526 1910/2015/1505
f 1909/2014/1504 1937/2043/1527 1936/2042/1526
f 1909/2014/1504 1922/2027/1514 1937/2043/1527
f 1909/2014/1504 1938/2044/1528 1921/2026/1513
f 1909/2014/1504 1939/2045/1529 1938/2044/1528
f 1909/2014/1504 1923/2028/440 1939/2045/1529
f 1940/2046/1076 1941/2047/1075 1942/2048/1530
f 1178/2049/1078 1940/2046/1076 1942/2048/1530
f 1941/2047/1075 1180/2050/1080 1942/2048/1530
f 1180/2050/1080 1943/2051/1067 1942/2048/1530
f 1944/2052/1065 1153/2053/1064 1942/2048/1530
f 1943/2051/1067 1944/2052/1065 1942/2048/1530
f 1153/2053/1064 1157/2054/1068 1942/2048/1530
f 1157/2054/1068 1945/2055/1069 1942/2048/1530
f 1920/2056/1531 1942/2048/1530 1160/2057/958
f 1161/2058/1071 1160/2057/958 1942/2048/1530
f 1945/2055/1069 1161/2058/1071 1942/2048/1530
f 1946/2059/1082 1178/2049/1078 1942/2048/1530
f 1942/2048/1530 1947/2060/1532 1946/2059/1082
f 1948/2061/1084 1946/2059/1082 1947/2060/1532
f 585/2062/526 1909/2014/1504 1925/2031/530
f 1949/2063/529 1909/2014/1504 585/2062/526
f 1950/2064/959 1973/2065/32 1976/2066/32
f 1976/2066/32 1951/2067/959 1950/2064/959
f 1952/2068/1533 1950/2064/959 1951/2067/959
f 1951/2067/959 1953/2069/1533 1952/2068/1533
f 1954/2070/1534 1955/2071/1535 1956/2072/1536
f 1956/2072/1536 1957/2073/1537 1954/2070/1534
f 1955/2071/1535 1952/2068/1533 1953/2069/1533
f 1953/2069/1533 1956/2072/1536 1955/2071/1535
f 1958/2074/1538 1959/2075/1539 1960/2076/539
f 1961/2077/1540 1958/2074/1538 1960/2078/539
f 1959/2075/1539 1962/2079/1541 1960/2080/539
f 1962/2079/1541 1963/2081/1542 1960/2082/539
f 1964/2083/1543 1965/2066/1544 1960/2065/539
f 1963/2081/1542 1964/2083/1543 1960/2084/539
f 1965/2066/1544 1966/2067/1545 1960/2064/539
f 1966/2067/1545 1967/2069/1546 1960/2068/539
f 1968/2072/1547 1969/2073/540 1960/2070/539
f 1967/2069/1546 1968/2072/1547 1960/2071/539
f 1970/2085/1548 1961/2077/1540 1960/2086/539
f 1971/30/553 1970/2085/1548 1972/2087/542
f 1972/2087/542 1970/2085/1548 1960/2088/539
f 1973/2065/32 1974/2084/32 1975/2083/32
f 1975/2083/32 1976/2066/32 1973/2065/32
f 1974/2084/32 1977/2082/338 1978/2081/340
f 1978/2081/340 1975/2083/32 1974/2084/32
