# Blender 4.4.3
# www.blender.org
mtllib GURDRA.mtl
o GURDRA
v -271.986359 16.931444 -197.923660
v -276.484039 16.931444 -205.242874
v -271.655823 16.931444 -198.118759
v -276.153503 16.931444 -205.437973
v -271.986359 20.540550 -197.923660
v -271.655823 20.540550 -198.118759
v -276.484039 20.540550 -205.242874
v -276.153503 20.540550 -205.437973
v -229.566666 20.714256 -270.953583
v -230.730301 20.714256 -282.902710
v -229.183319 20.714256 -270.976288
v -230.346954 20.714256 -282.925385
v -229.566666 25.856070 -270.953583
v -229.183319 25.856070 -270.976288
v -230.730301 25.856071 -282.902710
v -230.346954 25.856071 -282.925415
v -230.880051 20.714254 -284.491364
v -232.043671 20.714254 -296.440491
v -230.496689 20.714254 -284.514069
v -231.660324 20.714254 -296.463196
v -230.880051 25.856071 -284.491364
v -230.496689 25.856071 -284.514069
v -232.043671 25.856070 -296.440491
v -231.660324 25.856070 -296.463196
v -232.492752 20.714254 -298.197815
v -233.656387 20.714254 -310.146912
v -232.109406 20.714254 -298.220520
v -233.273041 20.714254 -310.169617
v -232.492752 25.856068 -298.197815
v -232.109406 25.856068 -298.220520
v -233.656387 25.856068 -310.146912
v -233.273041 25.856068 -310.169647
v -233.806137 20.714252 -311.735596
v -234.969772 20.714251 -323.684723
v -233.422791 20.714252 -311.758331
v -234.586426 20.714251 -323.707428
v -233.806137 25.856068 -311.735626
v -233.422791 25.856068 -311.758331
v -234.969772 25.856066 -323.684753
v -234.586426 25.856066 -323.707458
v -235.249023 20.714251 -325.033142
v -236.412659 20.714251 -336.982239
v -234.865677 20.714251 -325.055847
v -236.029297 20.714251 -337.004913
v -235.249023 25.856066 -325.033142
v -234.865677 25.856066 -325.055847
v -236.412659 25.856066 -336.982239
v -236.029312 25.856066 -337.004944
v -253.736374 8.713279 -57.341858
v -259.269073 8.713280 -50.770004
v -254.025543 8.713279 -57.594231
v -259.558258 8.713280 -51.022377
v -253.736374 12.322385 -57.341858
v -254.025543 12.322384 -57.594231
v -259.269073 12.322386 -50.770004
v -259.558258 12.322385 -51.022377
v 304.330658 15.118621 -388.175079
v 309.285126 15.118621 -391.578308
v 304.478760 15.118621 -387.951050
v 309.433228 15.118621 -391.354279
v 304.330658 17.643833 -388.175079
v 304.478760 17.643833 -387.951050
v 309.285126 17.643833 -391.578308
v 309.433228 17.643833 -391.354279
v 299.122864 15.118622 -384.584412
v 304.077332 15.118621 -387.987640
v 299.270966 15.118622 -384.360382
v 304.225433 15.118621 -387.763611
v 299.122864 17.445244 -384.584412
v 299.270966 17.445244 -384.360382
v 304.077332 17.445244 -387.987640
v 304.225433 17.445244 -387.763611
v 314.783081 15.118621 -395.454254
v 319.737549 15.118620 -398.857483
v 314.931152 15.118621 -395.230225
v 319.885620 15.118620 -398.633453
v 314.783081 17.643831 -395.454254
v 314.931152 17.643831 -395.230225
v 319.737549 17.643831 -398.857483
v 319.885620 17.643831 -398.633453
v 309.575287 15.118621 -391.863556
v 314.529755 15.118621 -395.266785
v 309.723358 15.118621 -391.639526
v 314.677826 15.118621 -395.042755
v 309.575287 17.533962 -391.863556
v 309.723358 17.533962 -391.639526
v 314.529755 17.533962 -395.266785
v 314.677826 17.533962 -395.042755
v 329.922577 15.118620 -406.273468
v 334.843231 15.118620 -409.725403
v 330.072876 15.118620 -406.050903
v 334.993530 15.118620 -409.502838
v 329.922577 17.643831 -406.273468
v 330.072876 17.643831 -406.050903
v 334.843231 17.643831 -409.725403
v 334.993530 17.643831 -409.502838
v 324.750458 15.118620 -402.631561
v 329.671112 15.118620 -406.083496
v 324.900757 15.118620 -402.409027
v 329.821411 15.118620 -405.860962
v 324.750458 17.413633 -402.631561
v 324.900757 17.413633 -402.409027
v 329.671112 17.413633 -406.083496
v 329.821411 17.413633 -405.860962
v -24.350790 13.526404 -311.053925
v -18.341551 13.526404 -310.920685
v -24.361519 13.526404 -310.785583
v -18.352280 13.526404 -310.652344
v -24.350790 16.051617 -311.053925
v -24.361519 16.051617 -310.785583
v -18.341551 16.051617 -310.920685
v -18.352280 16.051617 -310.652344
v -30.675150 13.526404 -311.183075
v -24.665909 13.526404 -311.049805
v -30.685879 13.526404 -310.914734
v -24.676638 13.526404 -310.781494
v -30.675150 15.853026 -311.183075
v -30.685879 15.853026 -310.914734
v -24.665909 15.853026 -311.049805
v -24.676640 15.853026 -310.781494
v -11.615062 13.526404 -310.853455
v -5.605821 13.526404 -310.720215
v -11.625792 13.526404 -310.585144
v -5.616550 13.526404 -310.451874
v -11.615062 16.051617 -310.853455
v -11.625791 16.051617 -310.585144
v -5.605821 16.051617 -310.720215
v -5.616550 16.051617 -310.451874
v -17.939421 13.526404 -310.982605
v -11.930180 13.526404 -310.849365
v -17.950150 13.526404 -310.714264
v -11.940908 13.526404 -310.581024
v -17.939421 15.941747 -310.982605
v -17.950150 15.941747 -310.714264
v -11.930180 15.941747 -310.849365
v -11.940909 15.941747 -310.581024
v 6.992891 13.526404 -310.787018
v 13.003149 13.526404 -310.713074
v 6.984806 13.526404 -310.518585
v 12.995066 13.526404 -310.444641
v 6.992891 16.051617 -310.787018
v 6.984808 16.051617 -310.518585
v 13.003149 16.051617 -310.713074
v 12.995066 16.051617 -310.444641
v 0.667564 13.526404 -310.853760
v 6.677826 13.526404 -310.779816
v 0.659485 13.526404 -310.585358
v 6.669744 13.526404 -310.511383
v 0.667564 15.821418 -310.853760
v 0.659481 15.821418 -310.585358
v 6.677826 15.821418 -310.779816
v 6.669741 15.821418 -310.511383
v 362.025970 14.580247 -461.806030
v 357.081848 14.580248 -458.387817
v 361.877228 14.580247 -462.029602
v 356.933075 14.580248 -458.611389
v 362.025970 16.111849 -461.806030
v 361.877228 16.111849 -462.029602
v 357.081848 16.111849 -458.387817
v 356.933075 16.111849 -458.611389
v 367.222870 14.580247 -465.412476
v 362.278748 14.580247 -461.994263
v 367.074127 14.580247 -465.636078
v 362.129974 14.580247 -462.217834
v 367.222870 15.913258 -465.412476
v 367.074097 15.913258 -465.636078
v 362.278748 15.913258 -461.994263
v 362.129974 15.913258 -462.217834
v 351.595673 14.580248 -454.495270
v 346.651520 14.580248 -451.077026
v 351.446899 14.580248 -454.718842
v 346.502777 14.580248 -451.300629
v 351.595673 16.111849 -454.495270
v 351.446899 16.111849 -454.718842
v 346.651520 16.111849 -451.077026
v 346.502777 16.111849 -451.300629
v 356.792572 14.580248 -458.101715
v 351.848419 14.580248 -454.683502
v 356.643799 14.580248 -458.325287
v 351.699646 14.580248 -454.907074
v 356.792572 16.001980 -458.101715
v 356.643799 16.001980 -458.325287
v 351.848419 16.001980 -454.683502
v 351.699646 16.001980 -454.907074
v 335.031158 14.585530 -446.505615
v 329.261993 14.585530 -444.818726
v 334.960388 14.585530 -446.764679
v 329.191223 14.585530 -445.077759
v 335.031158 17.110741 -446.505615
v 334.960388 17.110743 -446.764679
v 329.261993 17.110741 -444.818726
v 329.191223 17.110741 -445.077759
v 341.099487 14.585530 -448.291534
v 335.330322 14.585530 -446.604645
v 341.028717 14.585529 -448.550598
v 335.259552 14.585530 -446.863708
v 341.099487 16.880543 -448.291534
v 341.028717 16.880543 -448.550598
v 335.330322 16.880543 -446.604645
v 335.259552 16.880543 -446.863708
v 574.062744 7.061469 -527.142822
v 570.325256 7.061468 -533.805054
v 574.363342 7.061469 -527.304443
v 570.625854 7.061468 -533.966736
v 574.062744 10.018373 -527.142822
v 574.363342 10.018373 -527.304443
v 570.325256 10.018373 -533.805054
v 570.625854 10.018373 -533.966736
v 557.842957 7.749736 -545.793701
v 551.803040 7.749735 -550.470703
v 558.056641 7.749736 -546.059814
v 552.016724 7.749735 -550.736816
v 557.842957 10.959028 -545.793701
v 558.056641 10.959028 -546.059814
v 551.803040 10.959027 -550.470703
v 552.016724 10.959027 -550.736816
v 570.215393 7.390473 -534.637573
v 558.734253 7.390473 -545.409973
v 570.453979 7.390473 -534.881653
v 558.972778 7.390473 -545.654053
v 570.215393 10.460135 -534.637573
v 570.453979 10.460135 -534.881653
v 558.734253 10.460134 -545.409973
v 558.972778 10.460134 -545.654053
v 542.149170 8.237207 -557.643494
v 536.063477 8.237206 -562.260681
v 542.360291 8.237207 -557.911682
v 536.274536 8.237206 -562.528870
v 542.149170 11.446499 -557.643494
v 542.360291 11.446499 -557.911682
v 536.063477 11.446498 -562.260681
v 536.274536 11.446498 -562.528870
v 548.562378 8.237207 -552.795593
v 542.476624 8.237207 -557.412781
v 548.773438 8.237207 -553.063782
v 542.687683 8.237207 -557.680969
v 548.562378 11.153939 -552.795593
v 548.773438 11.153939 -553.063782
v 542.476624 11.153939 -557.412781
v 542.687683 11.153939 -557.680969
v 488.210541 -1.069283 -329.444397
v 489.837463 -1.069282 -323.658051
v 487.950775 -1.069283 -329.376312
v 489.577698 -1.069282 -323.589966
v 488.210541 1.455928 -329.444397
v 487.950775 1.455928 -329.376312
v 489.837463 1.455929 -323.658051
v 489.577698 1.455929 -323.589966
v 486.487701 -1.069283 -335.530945
v 488.114624 -1.069283 -329.744598
v 486.227905 -1.069283 -335.462860
v 487.854828 -1.069283 -329.676514
v 486.487701 1.257339 -335.530945
v 486.227905 1.257339 -335.462860
v 488.114624 1.257339 -329.744598
v 487.854828 1.257339 -329.676514
v 491.736969 -1.069282 -317.204987
v 493.363892 -1.069281 -311.418640
v 491.477173 -1.069282 -317.136902
v 493.104126 -1.069281 -311.350555
v 491.736969 1.455930 -317.204987
v 491.477173 1.455930 -317.136902
v 493.363892 1.455930 -311.418640
v 493.104126 1.455930 -311.350555
v 490.014099 -1.069282 -323.291534
v 491.641022 -1.069282 -317.505188
v 489.754333 -1.069282 -323.223450
v 491.381256 -1.069282 -317.437103
v 490.014099 1.346060 -323.291534
v 489.754333 1.346060 -323.223450
v 491.641022 1.346060 -317.505188
v 491.381256 1.346060 -317.437103
v 497.105927 -1.069281 -299.388306
v 498.789856 -1.069280 -293.618286
v 496.846832 -1.069281 -299.317657
v 498.530762 -1.069280 -293.547638
v 497.105927 1.455931 -299.388306
v 496.846832 1.455931 -299.317657
v 498.789856 1.455932 -293.618286
v 498.530762 1.455932 -293.547638
v 493.700897 -1.069281 -310.935608
v 497.007050 -1.069281 -299.687531
v 493.441803 -1.069281 -310.864960
v 496.747955 -1.069281 -299.616882
v 493.700897 1.225731 -310.935608
v 493.441803 1.225731 -310.864960
v 497.007050 1.225732 -299.687531
v 496.747955 1.225732 -299.616882
v 498.989929 -1.069280 -292.770477
v 502.296082 -1.069279 -281.522400
v 498.730835 -1.069280 -292.699829
v 502.036987 -1.069279 -281.451752
v 498.989929 1.225733 -292.770477
v 498.730835 1.225733 -292.699829
v 502.296082 1.225734 -281.522400
v 502.036987 1.225734 -281.451752
v 491.423279 1.945578 -315.813538
v 493.050201 1.945579 -310.027191
v 491.163513 1.945578 -315.745453
v 492.790436 1.945579 -309.959106
v 491.423279 4.470791 -315.813538
v 491.163513 4.470791 -315.745453
v 493.050201 4.470792 -310.027191
v 492.790436 4.470792 -309.959106
v 489.700439 1.945578 -321.900085
v 491.327362 1.945578 -316.113739
v 489.440643 1.945578 -321.832001
v 491.067566 1.945578 -316.045654
v 489.700439 4.272201 -321.900085
v 489.440643 4.272201 -321.832001
v 491.327362 4.272201 -316.113739
v 491.067566 4.272201 -316.045654
v 529.771240 1.044465 -369.237030
v 536.488464 1.044465 -372.874786
v 529.928406 1.044465 -368.934082
v 536.645630 1.044464 -372.571838
v 529.771240 4.001369 -369.237030
v 529.928406 4.001369 -368.934082
v 536.488464 4.001369 -372.874786
v 536.645630 4.001369 -372.571838
v 551.018372 1.587171 -380.877930
v 557.735596 1.587171 -384.515686
v 551.175537 1.587171 -380.574982
v 557.892761 1.587171 -384.212708
v 551.018372 4.796464 -380.877930
v 551.175537 4.796464 -380.574982
v 557.735596 4.796464 -384.515686
v 557.892761 4.796464 -384.212708
v 536.848755 1.115358 -373.141693
v 550.673096 1.115357 -380.674927
v 537.005920 1.115358 -372.838745
v 550.830261 1.115357 -380.371948
v 536.848755 4.185017 -373.141693
v 537.005920 4.185017 -372.838745
v 550.673096 4.185016 -380.674927
v 550.830261 4.185016 -380.371948
v 571.600708 1.587171 -392.524536
v 578.281738 1.587171 -396.228333
v 571.760803 1.587171 -392.223114
v 578.441895 1.587171 -395.926941
v 571.600708 4.796463 -392.524536
v 571.760803 4.796463 -392.223145
v 578.281738 4.796463 -396.228333
v 578.441895 4.796463 -395.926941
v 564.576416 1.587172 -388.614288
v 571.257446 1.587171 -392.318115
v 564.736572 1.587172 -388.312897
v 571.417603 1.587171 -392.016724
v 564.576416 4.503902 -388.614288
v 564.736572 4.503904 -388.312897
v 571.257446 4.503902 -392.318115
v 571.417603 4.503902 -392.016724
v 518.354980 -0.108584 -358.315186
v 523.076965 -0.108585 -364.320007
v 518.619507 -0.108584 -358.099487
v 523.341431 -0.108584 -364.104309
v 518.354980 3.100707 -358.315186
v 518.619507 3.100707 -358.099487
v 523.076965 3.100707 -364.320007
v 523.341431 3.100707 -364.104309
v 513.396729 -0.108584 -351.987000
v 518.118652 -0.108584 -357.991821
v 513.661194 -0.108584 -351.771301
v 518.383179 -0.108584 -357.776123
v 513.396729 2.808149 -351.987000
v 513.661194 2.808149 -351.771301
v 518.118652 2.808147 -357.991821
v 518.383118 2.808147 -357.776123
v 527.352173 -1.698671 -336.999573
v 512.674011 -1.698672 -342.692993
v 527.482056 -1.698671 -337.315186
v 512.803894 -1.698672 -343.008606
v 527.352173 1.370988 -336.999573
v 527.482056 1.370986 -337.315186
v 512.674011 1.370987 -342.692993
v 512.803894 1.370987 -343.008606
v 409.823456 -1.489128 13.974979
v 415.832703 -1.489128 14.108229
v 409.812744 -1.489128 14.243315
v 415.821991 -1.489128 14.376563
v 409.823456 1.036084 13.974979
v 409.812744 1.036084 14.243314
v 415.832703 1.036084 14.108229
v 415.821991 1.036084 14.376562
v 403.499115 -1.489128 13.845840
v 409.508362 -1.489128 13.979088
v 403.488373 -1.489128 14.114174
v 409.497620 -1.489128 14.247422
v 403.499115 0.837494 13.845840
v 403.488373 0.837494 14.114174
v 409.508362 0.837494 13.979088
v 409.497620 0.837494 14.247422
v 422.559204 -1.489128 14.175434
v 428.568451 -1.489128 14.308682
v 422.548462 -1.489128 14.443769
v 428.557709 -1.489128 14.577016
v 422.559204 1.036084 14.175434
v 422.548462 1.036084 14.443768
v 428.568451 1.036084 14.308682
v 428.557709 1.036084 14.577016
v 416.234833 -1.489128 14.046294
v 422.244080 -1.489128 14.179543
v 416.224121 -1.489128 14.314629
v 422.233337 -1.489128 14.447876
v 416.234833 0.926215 14.046294
v 416.224121 0.926215 14.314628
v 422.244080 0.926215 14.179542
v 422.233337 0.926215 14.447875
v 441.167145 -1.489128 14.241877
v 447.177399 -1.489128 14.315842
v 441.159058 -1.489128 14.510303
v 447.169312 -1.489128 14.584268
v 441.167145 1.036084 14.241877
v 441.159058 1.036084 14.510303
v 447.177399 1.036084 14.315842
v 447.169312 1.036084 14.584268
v 434.841827 -1.489128 14.175128
v 440.852081 -1.489128 14.249093
v 434.833740 -1.489128 14.443555
v 440.843994 -1.489128 14.517519
v 434.841827 0.805885 14.175127
v 434.833740 0.805885 14.443554
v 440.852081 0.805885 14.249092
v 440.843994 0.805885 14.517518
v 454.208008 -1.660035 14.090597
v 460.217255 -1.660035 14.223846
v 454.197296 -1.660035 14.358932
v 460.206543 -1.660035 14.492181
v 454.208008 0.865177 14.090597
v 454.197296 0.865177 14.358932
v 460.217255 0.865177 14.223846
v 460.206543 0.865177 14.492180
v 447.883667 -1.660035 13.961457
v 453.892914 -1.660035 14.094706
v 447.872925 -1.660035 14.229792
v 453.882172 -1.660035 14.363040
v 447.883667 0.666587 13.961457
v 447.872925 0.666587 14.229792
v 453.892914 0.666587 14.094706
v 453.882172 0.666587 14.363040
v 466.943756 -1.660035 14.291052
v 472.953003 -1.660035 14.424300
v 466.933014 -1.660035 14.559386
v 472.942261 -1.660035 14.692634
v 466.943756 0.865177 14.291052
v 466.933014 0.865177 14.559385
v 472.953003 0.865177 14.424300
v 472.942261 0.865177 14.692634
v 460.619385 -1.660035 14.161912
v 466.628632 -1.660035 14.295160
v 460.608673 -1.660035 14.430246
v 466.617920 -1.660035 14.563494
v 460.619385 0.755308 14.161912
v 460.608673 0.755308 14.430245
v 466.628632 0.755308 14.295159
v 466.617889 0.755308 14.563493
v 485.551697 -1.660035 14.357494
v 491.561951 -1.660035 14.431459
v 485.543610 -1.660035 14.625921
v 491.553894 -1.660035 14.699885
v 485.551697 0.865177 14.357494
v 485.543610 0.865177 14.625920
v 491.561951 0.865177 14.431459
v 491.553894 0.865177 14.699885
v 479.226379 -1.660035 14.290746
v 485.236633 -1.660035 14.364711
v 479.218292 -1.660035 14.559173
v 485.228546 -1.660035 14.633137
v 479.226379 0.634978 14.290745
v 479.218292 0.634978 14.559172
v 485.236633 0.634978 14.364710
v 485.228546 0.634978 14.633136
v -306.035431 0.404564 -863.950989
v -317.276672 0.404564 -864.103577
v -306.019653 0.404564 -864.453064
v -317.260925 0.404564 -864.605652
v -306.035431 5.127651 -863.950989
v -306.019653 5.127651 -864.453064
v -317.276672 5.127651 -864.103577
v -317.260925 5.127651 -864.605652
v -294.204865 0.404564 -863.811157
v -305.446106 0.404564 -863.963745
v -294.189117 0.404564 -864.313171
v -305.430359 0.404564 -864.465759
v -294.204865 4.756214 -863.811157
v -294.189117 4.756215 -864.313171
v -305.446106 4.756214 -863.963745
v -305.430359 4.756214 -864.465759
v -261.524811 -0.803273 -811.070679
v -250.289307 -0.803273 -810.680115
v -261.551178 -0.803273 -810.569092
v -250.315674 -0.803273 -810.178528
v -261.524811 3.919815 -811.070679
v -261.551178 3.919815 -810.569092
v -250.289307 3.919815 -810.680115
v -250.315674 3.919815 -810.178528
v -273.349731 -0.803273 -811.460999
v -262.114227 -0.803273 -811.070435
v -273.376099 -0.803273 -810.959412
v -262.140625 -0.803273 -810.568848
v -273.349731 3.714319 -811.460999
v -273.376099 3.714319 -810.959412
v -262.114227 3.714319 -811.070435
v -262.140625 3.714319 -810.568848
v -249.353775 -0.447393 -808.459534
v -238.751007 -0.447392 -789.265198
v -249.798141 -0.447393 -808.225342
v -239.195374 -0.447392 -789.031067
v -249.353775 3.845137 -808.459534
v -249.798141 3.845137 -808.225342
v -238.751007 3.845137 -789.265198
v -239.195389 3.845137 -789.031067
v -259.223755 4.835640 -809.720703
v -247.988251 4.835640 -809.330139
v -259.250122 4.835640 -809.219116
v -248.014633 4.835640 -808.828552
v -259.223755 9.558728 -809.720703
v -259.250122 9.558728 -809.219116
v -247.988251 9.558728 -809.330139
v -248.014633 9.558728 -808.828552
v -271.048676 4.835640 -810.111023
v -259.813171 4.835640 -809.720459
v -271.075073 4.835640 -809.609436
v -259.839569 4.835640 -809.218872
v -271.048676 9.187291 -810.111023
v -271.075073 9.187291 -809.609436
v -259.813171 9.187292 -809.720459
v -259.839569 9.187292 -809.218872
v -205.134918 -6.260888 -815.168274
v -214.412720 -6.260890 -830.394592
v -204.905151 -6.260888 -815.307312
v -214.182922 -6.260890 -830.533569
v -205.134918 -1.355504 -815.168274
v -204.905151 -1.355504 -815.307312
v -214.412720 -1.355505 -830.394592
v -214.182922 -1.355504 -830.533569
v -198.511139 -6.260885 -797.333923
v -205.257751 -6.260887 -813.838440
v -198.262238 -6.260884 -797.434692
v -205.008850 -6.260887 -813.939270
v -198.511139 -1.355501 -797.333923
v -198.262238 -1.355501 -797.434692
v -205.257751 -1.355502 -813.838440
v -205.008850 -1.355502 -813.939270
v -159.441086 -2.266035 -716.386719
v -129.818848 -1.560249 -719.214294
v -159.285553 -2.262050 -716.057617
v -129.663315 -1.556261 -718.885193
v -159.441086 4.312879 -716.386719
v -159.285553 4.316864 -716.057617
v -129.818848 5.018666 -719.214294
v -129.663315 5.022653 -718.885193
v -188.144684 -4.159049 -723.825134
v -161.494049 -3.101263 -716.512146
v -188.168930 -4.160414 -723.496948
v -161.518280 -3.102632 -716.183960
v -188.144684 2.630642 -723.825134
v -188.168930 2.629275 -723.496948
v -161.494049 3.688428 -716.512146
v -161.518280 3.687062 -716.183960
v -118.462578 1.071533 -726.833618
v -111.845093 1.071533 -730.411316
v -118.308022 1.071533 -726.535156
v -111.690536 1.071533 -730.112854
v -118.462578 4.231962 -726.833618
v -118.308022 4.231962 -726.535156
v -111.845093 4.231962 -730.411316
v -111.690536 4.231962 -730.112854
v -125.420212 1.071533 -723.056213
v -118.802727 1.071533 -726.633911
v -125.265656 1.071533 -722.757751
v -118.648163 1.071533 -726.335449
v -125.420212 3.943857 -723.056213
v -125.265656 3.943857 -722.757751
v -118.802719 3.943857 -726.633911
v -118.648163 3.943857 -726.335449
v 361.051758 32.555424 -912.501038
v 365.982086 32.555424 -909.062927
v 360.894257 32.555424 -912.283569
v 365.824585 32.555424 -908.845398
v 361.051758 35.080635 -912.501038
v 360.894257 35.080635 -912.283569
v 365.982086 35.080635 -909.062927
v 365.824585 35.080635 -908.845398
v 355.856750 32.787804 -916.110229
v 360.787079 32.787804 -912.672119
v 355.699249 32.787804 -915.892761
v 360.629578 32.787804 -912.454590
v 355.856750 35.114426 -916.110229
v 355.699249 35.114426 -915.892761
v 360.787079 35.114426 -912.672119
v 360.629578 35.114426 -912.454590
v 371.546234 32.272472 -905.282654
v 376.476532 32.272472 -901.844543
v 371.388733 32.272472 -905.065186
v 376.319031 32.272472 -901.627014
v 371.546234 34.797684 -905.282654
v 371.388733 34.797684 -905.065186
v 376.476532 34.797684 -901.844543
v 376.319031 34.797684 -901.627014
v 366.351227 32.400650 -908.891846
v 371.281555 32.400650 -905.453735
v 366.193726 32.400650 -908.674377
v 371.124054 32.400650 -905.236206
v 366.351227 34.815994 -908.891846
v 366.193726 34.815994 -908.674377
v 371.281555 34.815994 -905.453735
v 371.124054 34.815994 -905.236206
v 386.850098 32.116745 -894.548279
v 391.814087 32.116745 -891.158997
v 386.694763 32.116745 -894.329224
v 391.658722 32.116745 -890.939941
v 386.850098 34.641956 -894.548279
v 386.694763 34.641956 -894.329224
v 391.814087 34.641956 -891.158997
v 391.658722 34.641956 -890.939941
v 381.619751 32.223255 -898.106079
v 386.583740 32.223255 -894.716736
v 381.464417 32.223255 -897.887024
v 386.428406 32.223255 -894.497681
v 381.619751 34.518269 -898.106079
v 381.464417 34.518269 -897.887024
v 386.583740 34.518269 -894.716736
v 386.428375 34.518269 -894.497681
v 323.960938 34.069607 -937.607239
v 329.008514 34.069611 -934.343689
v 323.811127 34.069607 -937.384338
v 328.858704 34.069611 -934.120789
v 323.960938 36.594818 -937.607239
v 323.811127 36.594818 -937.384338
v 329.008514 36.594822 -934.343689
v 328.858704 36.594822 -934.120789
v 318.642853 34.200611 -941.032471
v 323.690430 34.200611 -937.768921
v 318.493042 34.200611 -940.809570
v 323.540619 34.200611 -937.546021
v 318.642853 36.527233 -941.032471
v 318.493042 36.527233 -940.809570
v 323.690430 36.527233 -937.768921
v 323.540619 36.527233 -937.546021
v 334.701508 33.759869 -930.760437
v 339.749084 33.759869 -927.496887
v 334.551727 33.759869 -930.537537
v 339.599304 33.759869 -927.273987
v 334.701508 36.285080 -930.760437
v 334.551727 36.285080 -930.537537
v 339.749084 36.285080 -927.496887
v 339.599304 36.285080 -927.273987
v 329.383423 33.966450 -934.185608
v 334.431000 33.966450 -930.922119
v 329.233643 33.966450 -933.962769
v 334.281219 33.966450 -930.699219
v 329.383423 36.381794 -934.185608
v 329.233643 36.381794 -933.962769
v 334.431000 36.381794 -930.922119
v 334.281219 36.381794 -930.699219
v 349.973938 33.091953 -920.297974
v 354.935577 33.091953 -916.905273
v 349.818420 33.091953 -920.079041
v 354.780060 33.091953 -916.686340
v 349.973938 35.617165 -920.297974
v 349.818420 35.617165 -920.079041
v 354.935577 35.617165 -916.905273
v 354.780060 35.617165 -916.686340
v 344.746033 33.274574 -923.859375
v 349.707672 33.274574 -920.466614
v 344.590515 33.274574 -923.640442
v 349.552185 33.274574 -920.247681
v 344.746033 35.569588 -923.859375
v 344.590515 35.569588 -923.640442
v 349.707672 35.569588 -920.466614
v 349.552185 35.569588 -920.247681
v 444.494019 31.782850 -733.295959
v 456.495758 31.893431 -738.814026
v 444.587067 31.782902 -733.044556
v 456.588806 31.893480 -738.562561
v 444.494019 35.586933 -733.295959
v 444.587067 35.586987 -733.044556
v 456.495758 35.697517 -738.814026
v 456.588806 35.697567 -738.562561
v 431.867615 31.666483 -727.478577
v 443.869385 31.777063 -732.996643
v 431.960663 31.666533 -727.227173
v 443.962433 31.777111 -732.745178
v 431.867615 35.171406 -727.478577
v 431.960663 35.171455 -727.227173
v 443.869385 35.281982 -732.996643
v 443.962433 35.282032 -732.745178
v 469.895081 32.017132 -745.064392
v 481.896851 32.127712 -750.582397
v 469.988129 32.017181 -744.812927
v 481.989899 32.127762 -750.330994
v 469.895081 35.821217 -745.064392
v 469.988159 35.821266 -744.812927
v 481.896851 35.931797 -750.582397
v 481.989899 35.931847 -750.330994
v 457.268707 31.900766 -739.247009
v 469.270447 32.011345 -744.765015
v 457.361755 31.900814 -738.995544
v 469.363525 32.011395 -744.513611
v 457.268707 35.539341 -739.247009
v 457.361755 35.539387 -738.995544
v 469.270447 35.649918 -744.765015
v 469.363495 35.649967 -744.513611
v 219.888947 23.413271 -620.410461
v 236.515991 24.289762 -628.323303
v 219.984070 23.413662 -620.160095
v 236.611115 24.290152 -628.072937
v 219.888947 28.958652 -620.410461
v 219.984070 28.959044 -620.160095
v 236.516006 29.835146 -628.323303
v 236.611115 29.835537 -628.072937
v 202.395142 22.490898 -612.072876
v 219.022202 23.367388 -619.985779
v 202.490250 22.491291 -611.822510
v 219.117310 23.367779 -619.735413
v 202.395157 27.600178 -612.072876
v 202.490265 27.600567 -611.822510
v 219.022202 28.476667 -619.985779
v 219.117294 28.477058 -619.735413
v 255.089539 25.270273 -637.252747
v 271.716583 26.146763 -645.165588
v 255.184647 25.270662 -637.002380
v 271.811707 26.147152 -644.915222
v 255.089539 30.815657 -637.252747
v 255.184662 30.816048 -637.002380
v 271.716583 31.692146 -645.165588
v 271.811707 31.692535 -644.915222
v 237.595734 24.347898 -628.915161
v 254.222778 25.224390 -636.828003
v 237.690842 24.348291 -628.664795
v 254.317902 25.224783 -636.577637
v 237.595734 29.652010 -628.915161
v 237.690857 29.652401 -628.664795
v 254.222778 30.528502 -636.828003
v 254.317902 30.528891 -636.577637
v 294.085449 26.840147 -655.616638
v 306.063965 27.441219 -661.188965
v 294.183807 26.840679 -655.367615
v 306.162323 27.441751 -660.939941
v 294.085449 30.644234 -655.616638
v 294.183807 30.644768 -655.367615
v 306.063965 31.245306 -661.188965
v 306.162323 31.245838 -660.939941
v 281.483734 26.207623 -649.742249
v 293.462250 26.808693 -655.314575
v 281.582092 26.208157 -649.493225
v 293.560608 26.809227 -655.065552
v 281.483734 29.664928 -649.742249
v 281.582092 29.665461 -649.493225
v 293.462250 30.265999 -655.314575
v 293.560608 30.266531 -655.065552
v 274.887238 21.526068 -417.882843
v 265.589600 21.526070 -412.055634
v 265.589600 21.926069 -412.055634
v 274.887238 21.926067 -417.882843
v 280.302582 21.526070 -409.242371
v 278.941467 21.526070 -411.414062
v 280.302582 21.926069 -409.242371
v 271.004944 21.526070 -403.415161
v 277.985596 21.526070 -407.790222
v 271.004944 21.926069 -403.415161
v 266.970001 21.526070 -409.853149
v 276.214294 21.526070 -415.765472
v 273.373230 17.923985 -402.582306
v 272.275970 17.923985 -401.894592
v 273.373230 17.838757 -402.582306
v 272.275970 17.838757 -401.894592
v 276.280090 15.312479 -404.404144
v 276.280090 15.227251 -404.404144
v 272.756042 17.923985 -403.567078
v 275.662872 15.312479 -405.388916
v 272.756042 17.838757 -403.567078
v 275.662872 15.227251 -405.388916
v 271.658752 17.923985 -402.879395
v 271.658752 17.838757 -402.879395
v 277.377350 15.312479 -405.091858
v 277.377350 15.227251 -405.091858
v 280.738983 13.186554 -407.198730
v 280.738983 13.101325 -407.198730
v 280.121796 13.186554 -408.183502
v 280.121796 13.101325 -408.183502
v 276.760162 15.312479 -406.076630
v 276.760162 15.227251 -406.076630
v 260.240753 13.084289 -421.247467
v 260.240753 16.698906 -421.247467
v 260.549988 13.084289 -421.441284
v 260.556488 16.698906 -421.445374
v 264.916443 13.084288 -423.717102
v 264.916443 16.698906 -423.717072
v 264.709076 13.084288 -424.047943
v 264.709076 16.698906 -424.047943
v 265.202972 16.628468 -412.672577
v 261.927795 16.628466 -417.898285
v 262.436188 16.628466 -418.216919
v 265.711365 16.628468 -412.991211
v 270.832733 17.919401 -424.277557
v 274.164612 17.919401 -418.961304
v 270.714050 17.919401 -424.206085
v 274.045959 17.919401 -418.889832
v 270.832733 19.151831 -424.277557
v 270.714050 19.151831 -424.206085
v 274.164612 19.151831 -418.961304
v 274.045959 19.151831 -418.889832
v 270.847931 22.038008 -403.468201
v 266.995544 22.038008 -409.614929
v 270.966614 22.038008 -403.539673
v 267.114227 22.038008 -409.686371
v 270.847931 23.910517 -403.468201
v 270.966614 23.910517 -403.539673
v 266.995544 23.910517 -409.614929
v 267.114227 23.910517 -409.686371
v 266.034454 21.869057 -413.494690
v 266.952057 21.869059 -414.069763
v 266.952057 21.797785 -414.069763
v 266.034454 21.797785 -413.494690
v 269.382935 19.685162 -415.593292
v 269.382935 19.613890 -415.593292
v 269.899078 19.685162 -414.769775
v 267.468201 21.869059 -413.246246
v 267.468201 21.797785 -413.246246
v 269.899078 19.613890 -414.769775
v 266.550568 21.869057 -412.671143
v 266.550568 21.797785 -412.671143
v 270.300537 19.685162 -416.168396
v 270.300537 19.613890 -416.168396
v 273.111755 17.907333 -417.930298
v 273.111755 17.836061 -417.930298
v 273.627869 17.907333 -417.106781
v 273.627869 17.836061 -417.106781
v 270.816681 19.685162 -415.344879
v 270.816681 19.613890 -415.344879
v 228.222198 13.084291 -397.603088
v 228.222198 16.698908 -397.603088
v 228.028397 13.084289 -397.912292
v 228.024323 16.698908 -397.918823
v 225.752594 13.084290 -402.278778
v 225.752594 16.698908 -402.278778
v 225.421722 13.084290 -402.071411
v 225.421722 16.698906 -402.071411
v 236.161148 16.628468 -402.247925
v 231.534821 16.628468 -399.348419
v 231.252731 16.628468 -399.798523
v 236.760544 16.628468 -402.623596
v 236.797089 16.628468 -402.565277
v 231.571365 16.628468 -399.290100
v 236.478455 16.628468 -403.073669
v -97.872566 10.142385 -689.503540
v -97.872566 13.757003 -689.503540
v -97.871567 10.142384 -689.868469
v -97.871544 13.757003 -689.876160
v -97.467659 10.142385 -694.775818
v -97.467659 13.757003 -694.775818
v -97.858139 10.142385 -694.776917
v -97.858131 13.757002 -694.776917
v -88.679733 13.686562 -689.198059
v -94.139572 13.686562 -689.213013
v -94.138115 13.686562 -689.744202
v -87.972351 13.686562 -689.196106
v -87.972534 13.686562 -689.127319
v -94.139755 13.686562 -689.144165
v -87.970894 13.686562 -689.727295
v 554.159729 3.189702 -186.055786
v 554.159729 3.018971 -186.055786
v 554.679138 3.191413 -184.314392
v 554.679138 3.020682 -184.314392
v 554.820923 3.020682 -184.356689
v 554.301575 3.018971 -186.098083
v 554.820923 3.191413 -184.356689
v 554.301575 3.189702 -186.098083
v 557.186279 1.348023 -186.958481
v 557.186279 1.177292 -186.958481
v 557.705688 1.349734 -185.217087
v 557.705688 1.179003 -185.217087
v 557.946350 1.179003 -185.288864
v 557.426941 1.177292 -187.030258
v 557.946350 1.349734 -185.288864
v 557.426941 1.348023 -187.030258
v 554.047180 0.364274 -186.022217
v 554.047180 0.011706 -186.022217
v 554.566528 0.367809 -184.280823
v 554.566528 0.015242 -184.280823
v 554.933472 0.015242 -184.390274
v 554.414124 0.011706 -186.131668
v 554.933472 0.367809 -184.390274
v 554.414124 0.364274 -186.131668
v 557.186279 -1.462964 -186.958481
v 557.186279 -1.633695 -186.958481
v 557.705688 -1.461253 -185.217087
v 557.705688 -1.631984 -185.217087
v 557.946350 -1.631984 -185.288864
v 557.426941 -1.633695 -187.030258
v 557.946350 -1.461253 -185.288864
v 557.426941 -1.462964 -187.030258
v 559.112427 1.348023 -187.532959
v 559.112427 1.177292 -187.532959
v 559.631775 1.349734 -185.791565
v 559.631775 1.179003 -185.791565
v 559.872437 1.179003 -185.863342
v 559.353088 1.177292 -187.604721
v 559.872437 1.349734 -185.863342
v 559.353088 1.348023 -187.604721
v 559.112427 -1.462964 -187.532959
v 559.112427 -1.633695 -187.532959
v 559.631775 -1.461253 -185.791565
v 559.631775 -1.631984 -185.791565
v 559.872437 -1.631984 -185.863342
v 559.353088 -1.633695 -187.604721
v 559.872437 -1.461253 -185.863342
v 559.353088 -1.462964 -187.604721
v 561.828552 -0.296560 -188.343048
v 561.828552 -0.467291 -188.343048
v 562.347900 -0.294849 -186.601654
v 562.347900 -0.465580 -186.601654
v 562.588562 -0.465580 -186.673431
v 562.069214 -0.467291 -188.414825
v 562.588562 -0.294849 -186.673431
v 562.069214 -0.296560 -188.414825
v 564.240967 -0.296560 -189.062576
v 564.240967 -0.467292 -189.062576
v 564.760376 -0.294849 -187.321182
v 564.760376 -0.465580 -187.321182
v 565.001038 -0.465580 -187.392960
v 564.481628 -0.467292 -189.134354
v 565.001038 -0.294850 -187.392960
v 564.481628 -0.296560 -189.134354
v 536.219971 0.327127 -180.954620
v 536.219971 0.060820 -180.954620
v 554.133667 0.330661 -186.105637
v 554.133667 0.064356 -186.105637
v 554.049805 0.064356 -186.386917
v 536.136108 0.060820 -181.235886
v 554.049805 0.330661 -186.386917
v 536.136108 0.327127 -181.235886
v 536.858154 0.327127 -178.815002
v 536.858154 0.060821 -178.815002
v 554.771851 0.330661 -183.966019
v 554.771851 0.064356 -183.966019
v 554.687927 0.064356 -184.247299
v 536.774231 0.060820 -179.096268
v 554.687927 0.330661 -184.247299
v 536.774231 0.327127 -179.096268
v 536.638245 3.189703 -179.114487
v 536.638245 3.018971 -179.114487
v 536.118835 3.191413 -180.855881
v 536.118835 3.020684 -180.855881
v 535.977051 3.020684 -180.813583
v 536.496460 3.018971 -179.072189
v 535.977051 3.191413 -180.813583
v 536.496460 3.189703 -179.072189
v 533.611694 1.348024 -178.211807
v 533.611694 1.177294 -178.211807
v 533.092285 1.349735 -179.953201
v 533.092285 1.179004 -179.953201
v 532.851685 1.179004 -179.881424
v 533.371033 1.177294 -178.140030
v 532.851685 1.349735 -179.881424
v 533.371033 1.348024 -178.140030
v 536.750793 0.364274 -179.148071
v 536.750793 0.011706 -179.148071
v 536.231445 0.367810 -180.889450
v 536.231445 0.015243 -180.889450
v 535.864502 0.015243 -180.780014
v 536.383850 0.011706 -179.038620
v 535.864502 0.367810 -180.780014
v 536.383850 0.364274 -179.038620
v 533.611694 -1.462963 -178.211807
v 533.611694 -1.633693 -178.211807
v 533.092285 -1.461252 -179.953201
v 533.092285 -1.631983 -179.953201
v 532.851685 -1.631983 -179.881424
v 533.371033 -1.633693 -178.140030
v 532.851685 -1.461253 -179.881424
v 533.371033 -1.462963 -178.140030
v 531.685547 1.348024 -177.637329
v 531.685547 1.177294 -177.637329
v 531.166199 1.349735 -179.378723
v 531.166199 1.179004 -179.378723
v 530.925537 1.179004 -179.306946
v 531.444946 1.177294 -177.565552
v 530.925537 1.349735 -179.306946
v 531.444946 1.348024 -177.565552
v 531.685547 -1.462963 -177.637329
v 531.685547 -1.633693 -177.637329
v 531.166199 -1.461253 -179.378723
v 531.166199 -1.631983 -179.378723
v 530.925537 -1.631983 -179.306946
v 531.444946 -1.633693 -177.565552
v 530.925537 -1.461253 -179.306946
v 531.444946 -1.462963 -177.565552
v 528.969421 -0.296559 -176.827225
v 528.969421 -0.467290 -176.827225
v 528.450073 -0.294848 -178.568619
v 528.450073 -0.465578 -178.568619
v 528.209412 -0.465579 -178.496841
v 528.728760 -0.467290 -176.755447
v 528.209412 -0.294848 -178.496841
v 528.728760 -0.296559 -176.755447
v 526.557007 -0.296559 -176.107697
v 526.557007 -0.467290 -176.107697
v 526.037598 -0.294848 -177.849091
v 526.037598 -0.465579 -177.849091
v 525.796936 -0.465579 -177.777313
v 526.316345 -0.467290 -176.035919
v 525.796936 -0.294848 -177.777313
v 526.316345 -0.296559 -176.035919
v 564.533325 -2.879667 -188.975388
v 564.974304 -2.879667 -187.496887
v 564.533325 -3.047191 -188.975388
v 564.974304 -3.047192 -187.496887
v 561.872925 -2.879667 -188.181900
v 561.872925 -3.047191 -188.181900
v 559.412720 -1.291815 -187.448135
v 559.412720 -1.459340 -187.448135
v 557.225769 -1.291815 -186.795868
v 557.225769 -1.459340 -186.795868
v 554.451294 0.543537 -185.968353
v 554.451294 0.376013 -185.968353
v 536.360535 0.543537 -179.154495
v 535.919556 0.543537 -180.632996
v 536.360535 0.376013 -179.154495
v 535.919556 0.376013 -180.632996
v 557.666748 -1.291815 -185.317368
v 554.892212 0.543537 -184.489853
v 557.666748 -1.459340 -185.317368
v 554.892212 0.376013 -184.489853
v 559.853699 -1.291815 -185.969650
v 559.853699 -1.459340 -185.969650
v 562.313904 -2.879667 -186.703415
v 562.313904 -3.047191 -186.703415
v 526.278442 -2.879666 -176.147461
v 525.837463 -2.879665 -177.625961
v 526.278442 -3.047190 -176.147461
v 525.837463 -3.047190 -177.625961
v 528.938843 -2.879665 -176.940948
v 528.938843 -3.047190 -176.940948
v 531.399048 -1.291814 -177.674713
v 531.399048 -1.459338 -177.674713
v 533.585999 -1.291814 -178.326996
v 533.585999 -1.459339 -178.326996
v 533.145020 -1.291815 -179.805481
v 533.145020 -1.459340 -179.805481
v 530.958069 -1.291814 -179.153214
v 530.958069 -1.459338 -179.153214
v 528.497864 -2.879665 -178.419449
v 528.497864 -3.047190 -178.419449
v 553.964233 3.146290 -186.254471
v 553.964233 2.961924 -186.254471
v 536.115906 3.146290 -181.122925
v 536.115906 2.961924 -181.122925
v 554.629028 2.961924 -184.025681
v 554.629028 3.146290 -184.025681
v 536.780640 3.146290 -178.894119
v 536.780640 2.961924 -178.894119
v 553.963257 2.961924 -186.158005
v 553.963257 3.146291 -186.158005
v 536.114929 3.146290 -181.026459
v 536.114929 2.961924 -181.026459
v 554.369141 3.146291 -184.027390
v 554.369141 2.961924 -184.027390
v 536.520813 3.146290 -178.895844
v 536.520813 2.961924 -178.895844
v -193.422623 6.545547 -13.177926
v -193.422623 6.374817 -13.177926
v -191.605438 6.547259 -13.173418
v -191.605438 6.376529 -13.173418
v -191.605072 6.376529 -13.321403
v -193.422256 6.374817 -13.325909
v -191.605072 6.547259 -13.321403
v -193.422256 6.545547 -13.325909
v -193.414795 4.703869 -16.336212
v -193.414795 4.533138 -16.336212
v -191.597595 4.705581 -16.331707
v -191.597595 4.534850 -16.331707
v -191.596970 4.534850 -16.582834
v -193.414169 4.533138 -16.587341
v -191.596970 4.705581 -16.582834
v -193.414169 4.703869 -16.587341
v -193.422913 3.720120 -13.060456
v -193.422913 3.367552 -13.060456
v -191.605728 3.723655 -13.055949
v -191.605728 3.371088 -13.055949
v -191.604767 3.371088 -13.438870
v -193.421967 3.367552 -13.443377
v -191.604767 3.723655 -13.438870
v -193.421967 3.720120 -13.443377
v -193.414795 1.892882 -16.336212
v -193.414795 1.722152 -16.336212
v -191.597595 1.894594 -16.331707
v -191.597595 1.723863 -16.331707
v -191.596970 1.723862 -16.582834
v -193.414169 1.722152 -16.587341
v -191.596970 1.894593 -16.582834
v -193.414169 1.892882 -16.587341
v -193.409805 4.703868 -18.346170
v -193.409805 4.533138 -18.346170
v -191.592606 4.705581 -18.341663
v -191.592606 4.534850 -18.341663
v -191.591995 4.534849 -18.592793
v -193.409180 4.533138 -18.597300
v -191.591995 4.705580 -18.592793
v -193.409180 4.703868 -18.597300
v -193.409805 1.892882 -18.346170
v -193.409805 1.722151 -18.346170
v -191.592606 1.894593 -18.341663
v -191.592606 1.723863 -18.341663
v -191.591995 1.723862 -18.592793
v -193.409180 1.722151 -18.597300
v -191.591995 1.894593 -18.592793
v -193.409180 1.892882 -18.597300
v -193.402771 3.059285 -21.180534
v -193.402771 2.888554 -21.180534
v -191.585587 3.060996 -21.176027
v -191.585587 2.890265 -21.176027
v -191.584961 2.890265 -21.427155
v -193.402145 2.888554 -21.431664
v -191.584961 3.060996 -21.427155
v -193.402145 3.059285 -21.431664
v -193.396530 3.059285 -23.697994
v -193.396530 2.888554 -23.697994
v -191.579330 3.060996 -23.693483
v -191.579330 2.890265 -23.693483
v -191.578705 2.890265 -23.944614
v -193.395905 2.888554 -23.949120
v -191.578705 3.060996 -23.944614
v -193.395905 3.059285 -23.949120
v -193.466080 3.682975 9.039801
v -193.466080 3.416668 9.039801
v -193.477859 3.686508 -13.167326
v -193.477859 3.420202 -13.167326
v -193.771378 3.420202 -13.168055
v -193.759598 3.416668 9.039071
v -193.771378 3.686508 -13.168055
v -193.759598 3.682975 9.039071
v -191.233337 3.682975 9.045338
v -191.233337 3.416668 9.045338
v -191.245117 3.686507 -13.161788
v -191.245117 3.420202 -13.161788
v -191.538635 3.420202 -13.162516
v -191.526855 3.416668 9.044610
v -191.538635 3.686507 -13.162516
v -191.526855 3.682975 9.044610
v -191.583496 6.545548 9.169607
v -191.583496 6.374818 9.169607
v -193.400696 6.547260 9.165098
v -193.400696 6.376531 9.165098
v -193.401062 6.376531 9.313083
v -191.583862 6.374818 9.317592
v -193.401062 6.547260 9.313083
v -191.583862 6.545548 9.317592
v -191.591339 4.703872 12.327895
v -191.591339 4.533141 12.327895
v -193.408524 4.705583 12.323388
v -193.408524 4.534852 12.323388
v -193.409149 4.534852 12.574517
v -191.591949 4.533141 12.579025
v -193.409149 4.705583 12.574517
v -191.591949 4.703872 12.579025
v -191.583206 3.720122 9.052138
v -191.583206 3.367555 9.052138
v -193.400391 3.723658 9.047632
v -193.400406 3.371091 9.047632
v -193.401352 3.371091 9.430553
v -191.584152 3.367555 9.435060
v -193.401352 3.723658 9.430553
v -191.584152 3.720122 9.435060
v -191.591339 1.892885 12.327895
v -191.591339 1.722154 12.327895
v -193.408524 1.894596 12.323388
v -193.408524 1.723865 12.323388
v -193.409149 1.723865 12.574517
v -191.591949 1.722154 12.579025
v -193.409149 1.894596 12.574517
v -191.591949 1.892885 12.579025
v -191.596313 4.703872 14.337854
v -191.596313 4.533141 14.337854
v -193.413513 4.705583 14.333347
v -193.413513 4.534852 14.333347
v -193.414139 4.534852 14.584476
v -191.596939 4.533141 14.588984
v -193.414139 4.705583 14.584476
v -191.596939 4.703872 14.588984
v -191.596313 1.892885 14.337854
v -191.596313 1.722154 14.337854
v -193.413513 1.894596 14.333347
v -193.413513 1.723865 14.333347
v -193.414139 1.723865 14.584476
v -191.596939 1.722154 14.588984
v -193.414139 1.894596 14.584476
v -191.596939 1.892885 14.588984
v -191.603348 3.059289 17.172218
v -191.603348 2.888557 17.172218
v -193.420547 3.061000 17.167711
v -193.420547 2.890269 17.167711
v -193.421158 2.890270 17.418839
v -191.603973 2.888557 17.423347
v -193.421158 3.061000 17.418839
v -191.603973 3.059289 17.423347
v -191.609589 3.059289 19.689678
v -191.609589 2.888557 19.689678
v -193.426788 3.061000 19.685169
v -193.426788 2.890270 19.685169
v -193.427399 2.890270 19.936298
v -191.610214 2.888557 19.940805
v -193.427414 3.060999 19.936298
v -191.610214 3.059289 19.940805
v -193.228790 0.476179 -23.952816
v -191.685928 0.476178 -23.948990
v -193.228790 0.308654 -23.952816
v -191.685928 0.308654 -23.948990
v -193.235672 0.476179 -21.176601
v -193.235672 0.308655 -21.176601
v -193.242035 2.064031 -18.609325
v -193.242035 1.896507 -18.609325
v -193.247696 2.064031 -16.327166
v -193.247696 1.896507 -16.327164
v -193.254883 3.899383 -13.431886
v -193.254883 3.731859 -13.431886
v -191.701843 3.899385 9.424007
v -193.244690 3.899385 9.420180
v -191.701843 3.731861 9.424007
v -193.244690 3.731861 9.420180
v -191.704849 2.064031 -16.323338
v -191.712036 3.899383 -13.428059
v -191.704849 1.896507 -16.323338
v -191.712036 3.731859 -13.428059
v -191.699188 2.064031 -18.605499
v -191.699188 1.896507 -18.605499
v -191.692825 0.476179 -21.172773
v -191.692825 0.308655 -21.172773
v -191.727936 0.476183 19.944937
v -193.270798 0.476184 19.941111
v -191.727936 0.308659 19.944937
v -193.270798 0.308659 19.941111
v -191.721054 0.476183 17.168720
v -191.721054 0.308658 17.168720
v -191.714691 2.064034 14.601446
v -191.714691 1.896510 14.601446
v -191.709030 2.064033 12.319285
v -191.709030 1.896509 12.319285
v -193.251877 2.064033 12.315457
v -193.251877 1.896509 12.315457
v -193.257538 2.064034 14.597620
v -193.257538 1.896510 14.597620
v -193.263901 0.476183 17.164896
v -193.263901 0.308658 17.164894
v -193.669220 6.502136 -13.047995
v -193.669220 6.317770 -13.047995
v -193.657257 6.502138 9.090999
v -193.657257 6.317770 9.090999
v -191.343399 6.317770 -13.042225
v -191.343399 6.502136 -13.042225
v -191.331451 6.502138 9.096768
v -191.331451 6.317771 9.096768
v -191.387207 6.502136 -13.042225
v -191.387207 6.317770 -13.042225
v -191.375259 6.502138 9.096768
v -191.375259 6.317771 9.096768
v -193.577499 6.317770 -13.042225
v -193.577499 6.502135 -13.042225
v -193.565552 6.502138 9.096768
v -193.565552 6.317771 9.096768
v -299.645782 25.780182 -597.350708
v -299.645782 25.609451 -597.350708
v -299.639648 25.781895 -595.533508
v -299.639648 25.611162 -595.533508
v -299.491669 25.611162 -595.533997
v -299.497803 25.609451 -597.351196
v -299.491669 25.781895 -595.533997
v -299.497803 25.780182 -597.351196
v -296.487488 23.938503 -597.361389
v -296.487488 23.767773 -597.361389
v -296.481354 23.940214 -595.544189
v -296.481354 23.769484 -595.544189
v -296.230225 23.769484 -595.545044
v -296.236359 23.767773 -597.362183
v -296.230225 23.940214 -595.545044
v -296.236359 23.938503 -597.362183
v -299.763245 22.954754 -597.350281
v -299.763245 22.602186 -597.350281
v -299.757111 22.958290 -595.533081
v -299.757111 22.605722 -595.533081
v -299.374176 22.605722 -595.534424
v -299.380341 22.602186 -597.351562
v -299.374176 22.958290 -595.534424
v -299.380341 22.954754 -597.351562
v -296.487488 21.127516 -597.361389
v -296.487488 20.956785 -597.361389
v -296.481354 21.129229 -595.544189
v -296.481354 20.958496 -595.544189
v -296.230225 20.958496 -595.545044
v -296.236359 20.956785 -597.362183
v -296.230225 21.129227 -595.545044
v -296.236359 21.127516 -597.362183
v -294.477539 23.938503 -597.368164
v -294.477539 23.767773 -597.368164
v -294.471405 23.940214 -595.550964
v -294.471405 23.769484 -595.550964
v -294.220276 23.769484 -595.551819
v -294.226410 23.767773 -597.369019
v -294.220276 23.940214 -595.551819
v -294.226410 23.938503 -597.369019
v -294.477539 21.127516 -597.368164
v -294.477539 20.956785 -597.368164
v -294.471405 21.129227 -595.550964
v -294.471405 20.958496 -595.550964
v -294.220276 20.958496 -595.551819
v -294.226410 20.956785 -597.369019
v -294.220276 21.129227 -595.551819
v -294.226410 21.127516 -597.369019
v -291.643188 22.293921 -597.377747
v -291.643188 22.123190 -597.377747
v -291.637054 22.295631 -595.560547
v -291.637054 22.124901 -595.560547
v -291.385925 22.124901 -595.561401
v -291.392059 22.123190 -597.378601
v -291.385925 22.295631 -595.561401
v -291.392059 22.293921 -597.378601
v -289.125732 22.293921 -597.386230
v -289.125732 22.123190 -597.386230
v -289.119598 22.295631 -595.569031
v -289.119598 22.124901 -595.569031
v -288.868469 22.124901 -595.569885
v -288.874603 22.123190 -597.387085
v -288.868469 22.295631 -595.569885
v -288.874603 22.293921 -597.387085
v -321.863373 22.917608 -597.263977
v -321.863373 22.651300 -597.263977
v -299.656708 22.921143 -597.405884
v -299.656708 22.654837 -597.405884
v -299.657684 22.654837 -597.699402
v -321.864380 22.651300 -597.557495
v -299.657684 22.921143 -597.699402
v -321.864380 22.917608 -597.557495
v -321.855835 22.917608 -595.031250
v -321.855835 22.651300 -595.031250
v -299.649170 22.921143 -595.173157
v -299.649170 22.654837 -595.173157
v -299.650146 22.654837 -595.466675
v -321.856812 22.651300 -595.324768
v -299.650146 22.921141 -595.466675
v -321.856812 22.917608 -595.324768
v -321.982147 25.780182 -595.380676
v -321.982147 25.609451 -595.380676
v -321.988281 25.781893 -597.197815
v -321.988281 25.611164 -597.197815
v -322.136292 25.611164 -597.197327
v -322.130127 25.609451 -595.380127
v -322.136261 25.781893 -597.197327
v -322.130127 25.780182 -595.380127
v -325.140442 23.938503 -595.369995
v -325.140442 23.767773 -595.369995
v -325.146576 23.940214 -597.187195
v -325.146576 23.769485 -597.187195
v -325.397705 23.769484 -597.186340
v -325.391571 23.767773 -595.369141
v -325.397705 23.940214 -597.186340
v -325.391571 23.938503 -595.369141
v -321.864685 22.954754 -595.381042
v -321.864685 22.602186 -595.381042
v -321.870819 22.958290 -597.198242
v -321.870819 22.605722 -597.198242
v -322.253754 22.605722 -597.196960
v -322.247589 22.602186 -595.379761
v -322.253754 22.958290 -597.196960
v -322.247589 22.954754 -595.379761
v -325.140442 21.127518 -595.369995
v -325.140442 20.956787 -595.369995
v -325.146576 21.129229 -597.187195
v -325.146576 20.958498 -597.187195
v -325.397705 20.958498 -597.186340
v -325.391571 20.956787 -595.369141
v -325.397705 21.129229 -597.186340
v -325.391571 21.127518 -595.369141
v -327.150391 23.938503 -595.363220
v -327.150391 23.767773 -595.363220
v -327.156525 23.940214 -597.180359
v -327.156525 23.769484 -597.180359
v -327.407654 23.769484 -597.179504
v -327.401520 23.767773 -595.362366
v -327.407654 23.940214 -597.179504
v -327.401520 23.938503 -595.362366
v -327.150391 21.127518 -595.363159
v -327.150391 20.956787 -595.363220
v -327.156525 21.129229 -597.180359
v -327.156525 20.958498 -597.180359
v -327.407654 20.958498 -597.179504
v -327.401520 20.956787 -595.362366
v -327.407654 21.129229 -597.179504
v -327.401520 21.127518 -595.362366
v -329.984741 22.293921 -595.353638
v -329.984741 22.123190 -595.353638
v -329.990875 22.295631 -597.170776
v -329.990875 22.124901 -597.170776
v -330.242004 22.124901 -597.169922
v -330.235870 22.123190 -595.352783
v -330.242004 22.295631 -597.169922
v -330.235870 22.293921 -595.352783
v -332.502197 22.293921 -595.345093
v -332.502197 22.123190 -595.345093
v -332.508331 22.295631 -597.162292
v -332.508331 22.124901 -597.162292
v -332.759460 22.124901 -597.161438
v -332.753326 22.123190 -595.344238
v -332.759460 22.295631 -597.161438
v -332.753326 22.293921 -595.344238
v -288.869934 19.710814 -597.219971
v -288.864716 19.710814 -595.677124
v -288.869934 19.543289 -597.219971
v -288.864716 19.543289 -595.677124
v -291.646149 19.710814 -597.210632
v -291.646149 19.543289 -597.210632
v -294.213409 21.298666 -597.201904
v -294.213409 21.131142 -597.201904
v -296.495575 21.298666 -597.194214
v -296.495575 21.131142 -597.194214
v -299.390839 23.134018 -597.184448
v -299.390839 22.966494 -597.184448
v -322.237244 23.134018 -595.497498
v -322.242462 23.134018 -597.040344
v -322.237244 22.966494 -595.497498
v -322.242462 22.966494 -597.040344
v -296.490356 21.298666 -595.651367
v -299.385620 23.134018 -595.641602
v -296.490356 21.131142 -595.651367
v -299.385620 22.966494 -595.641602
v -294.208191 21.298666 -595.659058
v -294.208191 21.131142 -595.659058
v -291.640930 19.710814 -595.667786
v -291.640930 19.543289 -595.667786
v -332.758148 19.710815 -595.461975
v -332.763367 19.710815 -597.004822
v -332.758148 19.543289 -595.461975
v -332.763367 19.543291 -597.004822
v -329.981934 19.710815 -595.471313
v -329.981934 19.543289 -595.471313
v -327.414673 21.298666 -595.480042
v -327.414673 21.131142 -595.480042
v -325.132507 21.298666 -595.487732
v -325.132507 21.131142 -595.487732
v -325.137726 21.298666 -597.030579
v -325.137726 21.131142 -597.030579
v -327.419891 21.298666 -597.022888
v -327.419891 21.131142 -597.022888
v -329.987152 19.710815 -597.014160
v -329.987152 19.543291 -597.014160
v -299.777161 25.736771 -597.596497
v -299.777161 25.552404 -597.596497
v -321.915710 25.736771 -597.454834
v -321.915710 25.552404 -597.454834
v -299.769287 25.552404 -595.270691
v -299.769287 25.736771 -595.270691
v -321.907837 25.736771 -595.129028
v -321.907837 25.552404 -595.129028
v -299.769562 25.736771 -595.314514
v -299.769562 25.552404 -595.314514
v -321.908081 25.736771 -595.172852
v -321.908081 25.552404 -595.172852
v -299.782379 25.552404 -597.504761
v -299.782379 25.736771 -597.504761
v -321.920929 25.736771 -597.363098
v -321.920929 25.552404 -597.363098
v -191.050400 0.664034 -780.557678
v -191.050400 0.442097 -780.557678
v -190.091446 0.666259 -778.398865
v -190.091446 0.444322 -778.398865
v -189.930374 0.444322 -778.465820
v -190.889328 0.442098 -780.624634
v -189.930374 0.666259 -778.465820
v -190.889328 0.664034 -780.624634
v -187.612869 0.215604 -781.985779
v -187.612869 -0.006334 -781.985779
v -186.653915 0.217828 -779.826965
v -186.653915 -0.004109 -779.826965
v -186.380585 -0.004109 -779.940491
v -187.339539 -0.006334 -782.099304
v -186.380585 0.217828 -779.940491
v -187.339539 0.215604 -782.099304
v -191.178253 -3.008808 -780.504578
v -191.178253 -3.467120 -780.504578
v -190.219299 -3.004214 -778.345764
v -190.219299 -3.462524 -778.345764
v -189.802521 -3.462524 -778.518921
v -190.761475 -3.467120 -780.677734
v -189.802521 -3.004213 -778.518921
v -190.761475 -3.008808 -780.677734
v -187.612869 -3.438468 -781.985779
v -187.612869 -3.660405 -781.985779
v -186.653915 -3.436244 -779.826965
v -186.653915 -3.658181 -779.826965
v -186.380585 -3.658181 -779.940491
v -187.339539 -3.660405 -782.099304
v -186.380585 -3.436244 -779.940491
v -187.339539 -3.438468 -782.099304
v -185.425201 0.215604 -782.894592
v -185.425201 -0.006334 -782.894592
v -184.466248 0.217828 -780.735779
v -184.466248 -0.004110 -780.735779
v -184.192917 -0.004110 -780.849365
v -185.151871 -0.006334 -783.008179
v -184.192917 0.217827 -780.849365
v -185.151871 0.215604 -783.008179
v -185.425201 -3.438468 -782.894592
v -185.425201 -3.660405 -782.894592
v -184.466248 -3.436244 -780.735779
v -184.466248 -3.658181 -780.735779
v -184.192917 -3.658181 -780.849365
v -185.151871 -3.660405 -783.008179
v -184.192917 -3.436244 -780.849365
v -185.151871 -3.438468 -783.008179
v -180.865585 0.494494 -784.767334
v -180.865585 0.272556 -784.767334
v -178.135391 0.496719 -783.186462
v -178.135391 0.274782 -783.186462
v -178.233414 0.274781 -783.465759
v -180.963608 0.272556 -785.046631
v -178.233414 0.496719 -783.465759
v -180.963608 0.494494 -785.046631
v -181.848297 0.494494 -787.566956
v -181.848297 0.272556 -787.566956
v -179.639038 0.496717 -788.403198
v -179.639038 0.274779 -788.403198
v -179.737076 0.274779 -788.682495
v -181.946320 0.272556 -787.846252
v -179.737076 0.496717 -788.682495
v -181.946320 0.494494 -787.846252
v -215.226288 -3.057096 -770.497742
v -215.226288 -3.403274 -770.497742
v -191.091217 -3.052501 -780.618469
v -191.091217 -3.398679 -780.618469
v -191.246109 -3.398679 -780.967163
v -215.381180 -3.403274 -770.846436
v -191.246109 -3.052501 -780.967163
v -215.381180 -3.057096 -770.846436
v -214.048050 -3.057096 -767.845276
v -214.048050 -3.403274 -767.845276
v -189.912979 -3.052502 -777.965942
v -189.912979 -3.398680 -777.965942
v -190.067871 -3.398680 -778.314636
v -214.202942 -3.403275 -768.193970
v -190.067871 -3.052503 -778.314636
v -214.202942 -3.057095 -768.193970
v -214.368866 0.664035 -768.204285
v -214.368866 0.442099 -768.204285
v -215.327820 0.666260 -770.363098
v -215.327820 0.444325 -770.363098
v -215.488892 0.444325 -770.296204
v -214.529938 0.442099 -768.137390
v -215.488892 0.666261 -770.296204
v -214.529938 0.664035 -768.137390
v -217.806396 0.806680 -766.776184
v -217.806396 0.584743 -766.776184
v -218.765350 0.808905 -768.934998
v -218.765350 0.586969 -768.934998
v -219.038681 0.586968 -768.821472
v -218.079727 0.584743 -766.662659
v -219.038681 0.808905 -768.821472
v -218.079727 0.806681 -766.662659
v -214.241013 -3.008807 -768.257385
v -214.241013 -3.467118 -768.257385
v -215.199966 -3.004211 -770.416199
v -215.199966 -3.462521 -770.416199
v -215.616745 -3.462522 -770.243042
v -214.657791 -3.467118 -768.084229
v -215.616745 -3.004211 -770.243042
v -214.657791 -3.008807 -768.084229
v -217.806396 -2.847391 -766.776184
v -217.806396 -3.069328 -766.776184
v -218.765350 -2.845167 -768.934998
v -218.765350 -3.067104 -768.934998
v -219.038681 -3.067104 -768.821472
v -218.079727 -3.069328 -766.662659
v -219.038681 -2.845167 -768.821472
v -218.079727 -2.847391 -766.662659
v -224.057892 2.128971 -764.045837
v -224.057892 1.907035 -764.045837
v -225.016861 2.131197 -766.204651
v -225.016861 1.909260 -766.204651
v -225.290192 1.909259 -766.091125
v -224.331238 1.907035 -763.932251
v -225.290192 2.131197 -766.091125
v -224.331238 2.128971 -763.932312
v -224.057907 -1.525099 -764.045837
v -224.057892 -1.747036 -764.045837
v -225.016846 -1.522874 -766.204651
v -225.016846 -1.744812 -766.204651
v -225.290192 -1.744812 -766.091125
v -224.331238 -1.747036 -763.932251
v -225.290192 -1.522875 -766.091125
v -224.331238 -1.525099 -763.932312
v -239.655609 11.005838 -757.104980
v -239.655609 10.783899 -757.104980
v -240.614563 11.008062 -759.263794
v -240.614578 10.786125 -759.263794
v -240.887909 10.786125 -759.150269
v -239.928955 10.783899 -756.991455
v -240.887909 11.008062 -759.150269
v -239.928955 11.005838 -756.991455
v -242.395660 11.005838 -755.966675
v -242.395660 10.783899 -755.966675
v -243.354614 11.008062 -758.125488
v -243.354614 10.786125 -758.125488
v -243.627945 10.786125 -758.011902
v -242.668991 10.783899 -755.853088
v -243.627945 11.008062 -758.011902
v -242.668991 11.005838 -755.853088
v -181.744751 -2.863351 -787.927734
v -179.869034 -2.863351 -788.637695
v -181.744751 -3.081119 -787.927734
v -179.869034 -3.081119 -788.637695
v -180.661041 -2.863349 -784.840332
v -180.661041 -3.081118 -784.840332
v -185.050140 -3.215987 -782.815247
v -185.050140 -3.433757 -782.815247
v -187.534088 -3.215988 -781.783325
v -187.534088 -3.433757 -781.783325
v -190.685349 -2.775779 -780.474182
v -190.685349 -2.993549 -780.474182
v -214.708191 -2.775779 -768.228943
v -215.522385 -2.775779 -770.061890
v -214.708191 -2.993548 -768.228943
v -215.522385 -2.993548 -770.061890
v -186.719894 -3.215988 -779.950439
v -189.871170 -2.775780 -778.641296
v -186.719894 -3.433756 -779.950439
v -189.871170 -2.993550 -778.641296
v -184.235962 -3.215988 -780.982361
v -184.235962 -3.433756 -780.982361
v -178.264374 -2.863349 -783.133240
v -178.264374 -3.081118 -783.133240
v -242.735916 7.647995 -755.990967
v -243.550110 7.647996 -757.823853
v -242.735916 7.430226 -755.990967
v -243.550095 7.430226 -757.823853
v -239.714249 7.647996 -757.246277
v -239.714249 7.430226 -757.246277
v -224.407242 -1.302618 -764.066345
v -224.407242 -1.520387 -764.066345
v -217.859451 -2.624911 -766.919800
v -217.859451 -2.842680 -766.919800
v -218.673645 -2.624911 -768.752686
v -218.673645 -2.842680 -768.752686
v -225.221420 -1.302618 -765.899231
v -225.221420 -1.520387 -765.899231
v -240.528427 7.647996 -759.079163
v -240.528427 7.430226 -759.079163
v -191.322433 0.607604 -780.791260
v -191.322433 0.367942 -780.791260
v -215.383362 0.607604 -770.701355
v -215.383362 0.367942 -770.701355
v -190.095078 0.367942 -778.028198
v -190.095078 0.607603 -778.028198
v -214.155991 0.607604 -767.938293
v -214.155991 0.367943 -767.938293
v -190.118317 0.607603 -778.080200
v -190.118317 0.367942 -778.080200
v -214.179230 0.607604 -767.990295
v -214.179230 0.367943 -767.990295
v -191.280060 0.367941 -780.679749
v -191.280060 0.607602 -780.679749
v -215.340988 0.607604 -770.589844
v -215.340988 0.367943 -770.589844
v 541.514954 38.259121 -820.624451
v 541.514954 38.048748 -820.624451
v 542.197510 38.261230 -818.490234
v 542.197510 38.050858 -818.490234
v 542.507507 38.050858 -818.554138
v 541.824951 38.048748 -820.688293
v 542.507507 38.261230 -818.554138
v 541.824951 38.259121 -820.688293
v 546.707764 36.503101 -822.140137
v 546.707764 36.292728 -822.140137
v 549.562561 36.505211 -819.129456
v 549.562561 36.294838 -819.129456
v 550.000854 36.294838 -819.440002
v 547.146057 36.292728 -822.450684
v 550.000854 36.505211 -819.440002
v 547.146057 36.503101 -822.450684
v 541.577881 34.777630 -820.605530
v 541.577881 34.343197 -820.605530
v 542.214294 34.781986 -818.458740
v 542.214294 34.347553 -818.458740
v 542.666687 34.347553 -818.592896
v 542.030212 34.343197 -820.739685
v 542.666687 34.781986 -818.592896
v 542.030212 34.777630 -820.739685
v 550.215698 36.503101 -824.625427
v 550.215698 36.292728 -824.625427
v 553.070496 36.505211 -821.614746
v 553.070496 36.294838 -821.614746
v 553.508789 36.294838 -821.925232
v 550.653992 36.292728 -824.935913
v 553.508789 36.505211 -821.925232
v 550.653992 36.503101 -824.935913
v 502.357422 34.731857 -812.852539
v 502.357422 34.403713 -812.852539
v 541.471680 34.736214 -820.684631
v 541.471680 34.408070 -820.684631
v 541.361450 34.408070 -821.029358
v 502.247162 34.403713 -813.197266
v 541.361450 34.736214 -821.029358
v 502.247162 34.731857 -813.197266
v 503.196045 34.731857 -810.230347
v 503.196045 34.403713 -810.230347
v 542.310364 34.736214 -818.062439
v 542.310364 34.408070 -818.062439
v 542.200073 34.408070 -818.407166
v 503.085815 34.403713 -810.575073
v 542.200073 34.736214 -818.407166
v 503.085815 34.731857 -810.575073
v 502.802490 38.259121 -810.587219
v 502.802490 38.048748 -810.587219
v 502.119934 38.261230 -812.721375
v 502.119934 38.050858 -812.721375
v 501.809937 38.050858 -812.657471
v 502.492493 38.048748 -810.523315
v 501.809937 38.261230 -812.657471
v 502.492493 38.259121 -810.523315
v 498.211578 35.989807 -809.715637
v 498.211578 35.779430 -809.715637
v 497.816406 35.991913 -811.919617
v 497.816406 35.781540 -811.919617
v 497.511810 35.781540 -811.864990
v 497.906982 35.779430 -809.661011
v 497.511810 35.991913 -811.864990
v 497.906982 35.989807 -809.661011
v 502.184631 34.777630 -810.427979
v 502.184631 34.343197 -810.427979
v 501.789429 34.781986 -812.631958
v 501.789429 34.347553 -812.631958
v 501.325012 34.347553 -812.548706
v 501.720184 34.343197 -810.344727
v 501.325012 34.781986 -812.548706
v 501.720184 34.777630 -810.344727
v 498.211578 32.526108 -809.715637
v 498.211578 32.315735 -809.715637
v 497.816406 32.528217 -811.919617
v 497.816406 32.317841 -811.919617
v 497.511810 32.317841 -811.864990
v 497.906982 32.315735 -809.661011
v 497.511810 32.528217 -811.864990
v 497.906982 32.526108 -809.661011
v 495.773773 35.989807 -809.278503
v 495.773773 35.779430 -809.278503
v 495.378601 35.991913 -811.482544
v 495.378601 35.781540 -811.482544
v 495.074005 35.781540 -811.427917
v 495.469177 35.779430 -809.223877
v 495.074005 35.991913 -811.427917
v 495.469177 35.989807 -809.223877
v 495.773773 32.526108 -809.278503
v 495.773773 32.315735 -809.278503
v 495.378601 32.528217 -811.482544
v 495.378601 32.317841 -811.482544
v 495.074005 32.317841 -811.427917
v 495.469177 32.315735 -809.223877
v 495.074005 32.528217 -811.427917
v 495.469177 32.526108 -809.223877
v 492.336090 33.963352 -808.662109
v 492.336090 33.752975 -808.662109
v 491.940918 33.965458 -810.866150
v 491.940918 33.755085 -810.866150
v 491.636322 33.755085 -810.811523
v 492.031494 33.752975 -808.607544
v 491.636322 33.965458 -810.811523
v 492.031494 33.963352 -808.607544
v 489.282745 33.963348 -808.114685
v 489.282745 33.752975 -808.114685
v 488.887573 33.965458 -810.318665
v 488.887573 33.755085 -810.318665
v 488.582977 33.755085 -810.264038
v 488.978149 33.752975 -808.060059
v 488.582977 33.965458 -810.264038
v 488.978149 33.963348 -808.060059
v 546.828979 33.250294 -821.974915
v 550.812012 33.250294 -824.796753
v 546.828979 33.043869 -821.974915
v 550.812012 33.043869 -824.796753
v 542.110596 34.998516 -820.538025
v 542.110596 34.792095 -820.538025
v 502.224731 34.998516 -810.615479
v 501.645233 34.998516 -812.427429
v 502.224731 34.792095 -810.615479
v 501.645233 34.792095 -812.427429
v 549.460022 33.250294 -819.217957
v 542.690125 34.998516 -818.726013
v 549.460022 33.043869 -819.217957
v 542.690125 34.792095 -818.726013
v 553.443054 33.250294 -822.039795
v 553.443054 33.043869 -822.039795
v 488.947205 30.780445 -808.201843
v 488.611694 30.780447 -810.073120
v 488.947205 30.574022 -808.201843
v 488.611694 30.574022 -810.073120
v 492.314362 30.780447 -808.805603
v 492.314362 30.574022 -808.805603
v 495.428131 32.736996 -809.363892
v 495.428131 32.530575 -809.363892
v 498.196075 32.736996 -809.860168
v 498.196075 32.530571 -809.860168
v 497.860535 32.736996 -811.731445
v 497.860535 32.530571 -811.731445
v 495.092590 32.736996 -811.235168
v 495.092590 32.530575 -811.235168
v 491.978851 30.780447 -810.676880
v 491.978851 30.574022 -810.676880
v 541.148987 38.205631 -820.857300
v 541.148987 37.978455 -820.857300
v 502.177399 38.205631 -813.054626
v 502.177399 37.978455 -813.054626
v 542.022583 37.978455 -818.125793
v 542.022583 38.205631 -818.125793
v 503.050995 38.205631 -810.323120
v 503.050995 37.978455 -810.323120
v 541.123840 37.978455 -820.736755
v 541.123840 38.205631 -820.736755
v 502.152313 38.205631 -812.934082
v 502.152313 37.978455 -812.934082
v 541.473450 38.205631 -818.107605
v 541.473450 37.978455 -818.107605
v 502.501892 38.205631 -810.304993
v 502.501892 37.978455 -810.304993
v 557.088867 34.175129 -816.854004
v 557.088867 33.964756 -816.854004
v 554.393494 34.339493 -814.243713
v 554.393494 34.129120 -814.243713
v 554.720459 34.129116 -813.831787
v 557.425781 33.964756 -816.437134
v 554.720459 34.339493 -813.831787
v 557.425781 34.175129 -816.437134
v 560.517212 34.175129 -812.649780
v 560.517212 33.964756 -812.649780
v 557.721802 34.339493 -810.089478
v 557.721802 34.129116 -810.089478
v 558.059937 34.129116 -809.671997
v 560.865356 33.964756 -812.227295
v 558.059937 34.339493 -809.671997
v 560.865356 34.175129 -812.227295
v 560.685303 30.992226 -812.076233
v 558.186279 31.154480 -809.756897
v 560.685303 30.785803 -812.076233
v 558.186279 30.948055 -809.756897
v 556.908508 30.992226 -816.710632
v 556.908508 30.785803 -816.710632
v 553.115601 33.171455 -821.425415
v 553.115601 32.965031 -821.425415
v 554.503174 31.154480 -814.344421
v 550.455566 33.186111 -819.393311
v 554.503174 30.948057 -814.344421
v 550.455566 32.979691 -819.393311
v 543.601257 34.235554 -827.077148
v 543.601257 34.025181 -827.077148
v 546.395813 34.399918 -829.580994
v 546.395813 34.189545 -829.581055
v 546.085022 34.189541 -830.005249
v 543.280701 34.025181 -827.506775
v 546.085022 34.399918 -830.005249
v 543.280701 34.235554 -827.506775
v 540.338440 34.235554 -831.411133
v 540.338440 34.025181 -831.411133
v 543.231018 34.399914 -833.861145
v 543.231018 34.189537 -833.861145
v 542.909302 34.189537 -834.291382
v 540.006897 34.025181 -831.846802
v 542.909302 34.399914 -834.291382
v 540.006897 34.235554 -831.846802
v 540.192749 31.052649 -831.990784
v 542.779785 31.214903 -834.211487
v 540.192749 30.846226 -831.990784
v 542.779785 31.008478 -834.211487
v 543.787048 31.052649 -827.213440
v 543.787048 30.846226 -827.213440
v 547.394287 33.231880 -822.355164
v 547.394287 33.025455 -822.355164
v 546.282288 31.214903 -829.484619
v 550.131165 33.246536 -824.282654
v 546.282288 31.008480 -829.484619
v 550.131165 33.040115 -824.282654
v 493.470428 3.407638 -278.034943
v 495.307739 3.407637 -278.583191
v 493.470428 3.281446 -278.034943
v 495.307739 3.281445 -278.583191
v 488.603058 -0.459040 -276.582581
v 488.603058 -0.585232 -276.582581
v 493.962463 3.407638 -276.385986
v 489.095093 -0.459040 -274.933624
v 493.962463 3.281447 -276.385986
v 489.095093 -0.585232 -274.933624
v 495.799774 3.407638 -276.934235
v 495.799774 3.281446 -276.934235
v 486.765747 -0.459040 -276.034363
v 486.765747 -0.585232 -276.034363
v 481.136841 -3.606756 -274.354767
v 481.136841 -3.732947 -274.354767
v 481.628876 -3.606755 -272.705811
v 481.628876 -3.732946 -272.705811
v 487.257782 -0.459040 -274.385406
v 487.257782 -0.585231 -274.385406
v 494.503632 3.407638 -274.571320
v 496.340973 3.407638 -275.119537
v 496.340973 3.281446 -275.119537
v 516.572693 3.407644 -187.604538
v 514.735229 3.407645 -187.056854
v 514.735229 3.281453 -187.056854
v 516.572693 3.281452 -187.604538
v 509.867432 -0.459033 -185.605988
v 509.867432 -0.585225 -185.605988
v 509.375885 -0.459033 -187.255096
v 514.243713 3.407645 -188.705963
v 514.243713 3.281454 -188.705963
v 509.375885 -0.585225 -187.255096
v 516.081177 3.407644 -189.253647
v 516.081177 3.281453 -189.253647
v 508.029938 -0.459033 -185.058304
v 508.029938 -0.585225 -185.058304
v 502.400513 -3.606749 -183.380417
v 502.400513 -3.732941 -183.380417
v 501.908997 -3.606749 -185.029526
v 501.908997 -3.732940 -185.029526
v 507.538391 -0.459033 -186.707413
v 507.538391 -0.585225 -186.707413
v 515.539978 3.407645 -191.068329
v 513.702515 3.407646 -190.520660
v 515.539978 3.281452 -191.068329
v -194.381439 16.659477 -686.540100
v -194.350021 16.659475 -688.457214
v -194.381439 16.533285 -686.540100
v -194.350021 16.533285 -688.457214
v -194.464645 12.792798 -681.461365
v -194.464645 12.666607 -681.461365
v -192.660858 16.659477 -686.511902
v -192.744080 12.792798 -681.433167
v -192.660858 16.533285 -686.511902
v -192.744080 12.666607 -681.433167
v -192.629456 16.659475 -688.429016
v -192.629456 16.533285 -688.429016
v -194.496063 12.792798 -679.544250
v -194.496063 12.666607 -679.544250
v -194.592300 9.645083 -673.670898
v -194.592300 9.518892 -673.670898
v -192.871719 9.645083 -673.642700
v -192.871719 9.518892 -673.642700
v -192.775482 12.792798 -679.516052
v -192.775482 12.666607 -679.516052
v -190.767456 16.659477 -686.480591
v -190.736038 16.659475 -688.397705
v -190.736038 16.533285 -688.397705
v -101.194252 16.659475 -681.293701
v -101.226250 16.659475 -679.376587
v -101.226250 16.533285 -679.376587
v -101.194252 16.533283 -681.293701
v -101.311005 12.792799 -674.297852
v -101.311005 12.666608 -674.297852
v -103.031570 12.792799 -674.326599
v -102.946808 16.659477 -679.405273
v -102.946808 16.533285 -679.405273
v -103.031570 12.666608 -674.326599
v -102.914810 16.659475 -681.322388
v -102.914810 16.533285 -681.322388
v -101.343002 12.792799 -672.380737
v -101.343002 12.666608 -672.380737
v -101.441025 9.645083 -666.507446
v -101.441025 9.518891 -666.507446
v -103.161583 9.645083 -666.536133
v -103.161583 9.518892 -666.536133
v -103.063568 12.792799 -672.409485
v -103.063568 12.666608 -672.409485
v -104.808228 16.659475 -681.353699
v -104.840210 16.659477 -679.436584
v -104.808228 16.533285 -681.353699
v -198.633423 17.922335 -698.451782
v -197.382919 17.922335 -697.341553
v -198.633423 17.773851 -698.451782
v -197.382919 17.773849 -697.341553
v -201.946213 13.372583 -701.392944
v -201.946213 13.224099 -701.392944
v -199.349274 17.922337 -697.653381
v -202.662064 13.372584 -700.594543
v -199.349274 17.773851 -697.653381
v -202.662064 13.224100 -700.594543
v -198.098785 17.922335 -696.543213
v -198.098785 17.773851 -696.543213
v -203.196716 13.372583 -702.503174
v -203.196716 13.224099 -702.503174
v -207.027802 9.668802 -705.904480
v -207.027802 9.520319 -705.904480
v -207.743668 9.668802 -705.106079
v -207.743668 9.520319 -705.106079
v -203.912582 13.372583 -701.704773
v -203.912582 13.224101 -701.704773
v -200.137238 17.922337 -696.775024
v -198.886734 17.922335 -695.664795
v -198.886734 17.773851 -695.664795
v -239.855698 17.922338 -657.336182
v -241.105957 17.922338 -658.446655
v -241.105957 17.773855 -658.446655
v -239.855698 17.773853 -657.336182
v -244.418106 13.372587 -661.388550
v -244.418106 13.224103 -661.388550
v -243.701904 13.372587 -662.186584
v -240.389771 17.922340 -659.244751
v -240.389771 17.773855 -659.244751
v -243.701904 13.224103 -662.186584
v -239.139496 17.922338 -658.134277
v -239.139496 17.773855 -658.134277
v -245.668365 13.372587 -662.499023
v -245.668365 13.224102 -662.499023
v -249.498718 9.668805 -665.901184
v -249.498718 9.520321 -665.901184
v -248.782516 9.668805 -666.699219
v -248.782516 9.520322 -666.699219
v -244.952164 13.372586 -663.297119
v -244.952164 13.224102 -663.297119
v -238.351532 17.922338 -659.012634
v -239.601807 17.922340 -660.123169
v -238.351532 17.773855 -659.012634
v 60.261875 1.286784 -9.587225
v 60.261871 1.286784 -8.852239
v 60.261871 1.201555 -8.852239
v 60.261875 1.201555 -9.587225
v 60.245335 1.201657 -9.507710
v 60.159706 1.201657 -9.507710
v 60.161472 -1.275835 -9.507710
v 60.245335 -1.275835 -9.507710
v 60.245335 1.201657 -9.571364
v 60.245335 -1.275835 -9.571364
v 60.161472 -1.275835 -9.571364
v 60.159706 1.201657 -9.571364
v 59.068054 1.201657 -9.511223
v 58.982426 1.201658 -9.511223
v 58.984196 -1.275835 -9.511223
v 59.068054 -1.275835 -9.511223
v 59.068054 1.201657 -9.574878
v 59.068054 -1.275835 -9.574878
v 58.984196 -1.275835 -9.574878
v 58.982426 1.201658 -9.574878
v 60.245335 1.201656 -8.584041
v 60.159706 1.201657 -8.584041
v 60.161476 -0.725938 -8.584041
v 60.245335 -0.725938 -8.584041
v 60.245335 1.201656 -8.647697
v 60.245335 -0.725938 -8.647697
v 60.161476 -0.725938 -8.647697
v 60.159706 1.201657 -8.647697
v 59.068058 1.201657 -8.587555
v 58.982430 1.201658 -8.587555
v 58.984200 -0.725938 -8.587555
v 59.068058 -0.725938 -8.587555
v 59.068058 1.201657 -8.651208
v 59.068058 -0.725938 -8.651208
v 58.984200 -0.725938 -8.651208
v 58.982430 1.201658 -8.651208
v 60.261871 1.286785 -5.764763
v 60.261871 1.201555 -5.764763
v 58.966900 1.286785 -5.764763
v 58.966904 1.286784 -8.852239
v 58.966900 1.201555 -5.764763
v 58.966904 1.201555 -8.852239
v 29.535892 1.730772 -20.148691
v 29.535892 1.730772 -27.604071
v 38.423203 1.730772 -20.148691
v 38.423203 1.730772 -27.604071
v 38.423203 1.429473 -20.148691
v 29.535892 1.429473 -20.148691
v 39.349346 1.730772 -20.148691
v 39.349342 1.730772 -27.604071
v 48.236656 1.730772 -20.148691
v 48.236656 1.730772 -27.604071
v 48.236656 1.429473 -20.148691
v 39.349346 1.429473 -20.148691
v 48.236656 1.730772 -20.042252
v 39.349346 1.730772 -20.042252
v 48.236656 1.429473 -20.042252
v 39.349346 1.429473 -20.042252
v 49.162521 1.730772 -20.148691
v 49.162521 1.730772 -27.604071
v 58.049831 1.730772 -20.148691
v 58.049831 1.730772 -27.604073
v 58.049831 1.429473 -20.148691
v 49.162521 1.429473 -20.148691
v 58.979263 1.730772 -20.148691
v 58.979263 1.730772 -27.604071
v 67.866577 1.730772 -20.148691
v 67.866577 1.730772 -27.604071
v 67.866577 1.429473 -20.148691
v 58.979263 1.429473 -20.148691
v 68.792717 1.730772 -20.148691
v 68.792717 1.730772 -27.604071
v 77.680023 1.730772 -20.148691
v 77.680023 1.730772 -27.604071
v 77.680023 1.429473 -20.148691
v 68.792717 1.429473 -20.148691
v 77.680023 1.730772 -20.042252
v 68.792717 1.730772 -20.042252
v 77.680023 1.429473 -20.042252
v 68.792717 1.429473 -20.042252
v 78.605888 1.730772 -20.148691
v 78.605888 1.730772 -27.604071
v 87.493202 1.730772 -20.148691
v 87.493202 1.730772 -27.604073
v 87.493202 1.429473 -20.148691
v 78.605888 1.429473 -20.148691
v 124.009766 1.730772 -20.148691
v 124.009766 1.730772 -27.604071
v 132.897079 1.730772 -20.148691
v 132.897079 1.730772 -27.604071
v 132.897079 1.429473 -20.148691
v 124.009766 1.429473 -20.148691
v 132.897079 1.730772 -20.042252
v 124.009766 1.730772 -20.042252
v 132.897079 1.429473 -20.042252
v 124.009766 1.429473 -20.042252
v 133.823212 1.730772 -20.148691
v 133.823212 1.730772 -27.604071
v 142.710526 1.730772 -20.148691
v 142.710526 1.730772 -27.604071
v 142.710526 1.429473 -20.148691
v 133.823212 1.429473 -20.148691
v 143.636398 1.730772 -20.148691
v 143.636398 1.730772 -27.604071
v 152.523712 1.730772 -20.148691
v 152.523712 1.730772 -27.604073
v 152.523712 1.429473 -20.148691
v 143.636398 1.429473 -20.148691
v 152.523712 1.730772 -20.042252
v 143.636398 1.730772 -20.042252
v 152.523712 1.429473 -20.042252
v 143.636398 1.429473 -20.042252
v 94.566383 1.730772 -20.148691
v 94.566383 1.730772 -27.604071
v 103.453697 1.730772 -20.148691
v 103.453697 1.730772 -27.604071
v 103.453697 1.429473 -20.148691
v 94.566383 1.429473 -20.148691
v 103.453697 1.730772 -20.042252
v 94.566383 1.730772 -20.042252
v 103.453697 1.429473 -20.042252
v 94.566383 1.429473 -20.042252
v 104.379837 1.730772 -20.148691
v 104.379837 1.730772 -27.604071
v 113.267143 1.730772 -20.148691
v 113.267143 1.730772 -27.604071
v 113.267143 1.429473 -20.148691
v 104.379837 1.429473 -20.148691
v 114.193008 1.730772 -20.148691
v 114.193008 1.730772 -27.604071
v 123.080322 1.730772 -20.148691
v 123.080322 1.730772 -27.604073
v 123.080322 1.429473 -20.148691
v 114.193008 1.429473 -20.148691
v -5.543465 1.730772 -20.148691
v -5.543465 1.730772 -27.604071
v 3.343846 1.730772 -20.148691
v 3.343846 1.730772 -27.604071
v 3.343846 1.429473 -20.148691
v -5.543465 1.429473 -20.148691
v 4.269988 1.730772 -20.148691
v 4.269987 1.730772 -27.604071
v 13.157299 1.730772 -20.148691
v 13.157298 1.730772 -27.604071
v 13.157299 1.429473 -20.148691
v 4.269988 1.429473 -20.148691
v 13.157299 1.730772 -20.042252
v 4.269988 1.730772 -20.042252
v 13.157299 1.429473 -20.042252
v 4.269988 1.429473 -20.042252
v 14.083163 1.730772 -20.148691
v 14.083163 1.730772 -27.604071
v 22.970474 1.730772 -20.148691
v 22.970474 1.730772 -27.604073
v 22.970474 1.429473 -20.148691
v 14.083163 1.429473 -20.148691
v -34.986862 1.730772 -20.148691
v -34.986862 1.730772 -27.604071
v -26.099552 1.730772 -20.148691
v -26.099552 1.730772 -27.604071
v -26.099552 1.429473 -20.148691
v -34.986862 1.429473 -20.148691
v -26.099552 1.730772 -20.042252
v -34.986862 1.730772 -20.042252
v -26.099552 1.429473 -20.042252
v -34.986862 1.429473 -20.042252
v -25.173410 1.730772 -20.148691
v -25.173410 1.730772 -27.604071
v -16.286098 1.730772 -20.148691
v -16.286098 1.730772 -27.604071
v -16.286098 1.429473 -20.148691
v -25.173410 1.429473 -20.148691
v -16.286098 1.730772 -20.042252
v -25.173410 1.730772 -20.042252
v -16.286098 1.429473 -20.042252
v -25.173410 1.429473 -20.042252
v -15.360234 1.730772 -20.148691
v -15.360234 1.730772 -27.604071
v -6.472922 1.730772 -20.148691
v -6.472922 1.730772 -27.604073
v -6.472922 1.429473 -20.148691
v -15.360234 1.429473 -20.148691
v 392.602478 18.919823 -446.454590
v 392.602478 18.684227 -446.454590
v 396.662781 20.357782 -440.804443
v 396.662781 20.122185 -440.804443
v 400.058472 18.919825 -436.079193
v 400.058472 18.684229 -436.079193
v 413.728058 20.122183 -453.067902
v 409.667725 18.684227 -458.718048
v 413.728058 20.357779 -453.067902
v 409.667725 18.919825 -458.718048
v 417.123718 18.684227 -448.342621
v 417.123718 18.919825 -448.342621
v 372.266846 19.466642 -432.219543
v 372.266846 19.231047 -432.219543
v 376.327148 20.904600 -426.569397
v 376.327148 20.669003 -426.569397
v 379.722839 19.466642 -421.844147
v 379.722839 19.231047 -421.844147
v 393.392426 20.669003 -438.832855
v 389.332092 19.231045 -444.483002
v 393.392426 20.904598 -438.832855
v 389.332092 19.466642 -444.483002
v 396.788086 19.231047 -434.107574
v 396.788086 19.466644 -434.107574
v 422.000244 18.371273 -467.553101
v 422.000244 18.135677 -467.553101
v 426.060547 19.809233 -461.902954
v 426.060547 19.573635 -461.902954
v 429.456238 18.371275 -457.177704
v 429.456238 18.135679 -457.177704
v 443.125824 19.573633 -474.166412
v 439.065491 18.135677 -479.816559
v 443.125824 19.809229 -474.166412
v 439.065491 18.371275 -479.816559
v 446.521484 18.135679 -469.441132
v 446.521484 18.371275 -469.441132
v 535.687317 3.257786 -274.434204
v 535.687317 3.022189 -274.434204
v 542.358948 4.695743 -276.408997
v 542.358948 4.460145 -276.408997
v 547.938477 3.257786 -278.060547
v 547.938477 3.022190 -278.060547
v 536.394409 4.460144 -296.559448
v 529.722839 3.022189 -294.584656
v 536.394409 4.695741 -296.559448
v 529.722839 3.257785 -294.584656
v 541.973999 3.022190 -298.210968
v 541.973999 3.257786 -298.210968
v 542.757202 3.218291 -249.416809
v 542.757202 2.982694 -249.416809
v 549.428833 4.656248 -251.391602
v 549.428833 4.420651 -251.391602
v 555.008362 3.218291 -253.043137
v 555.008362 2.982695 -253.043137
v 543.464294 4.420649 -271.542053
v 536.792725 2.982694 -269.567261
v 543.464294 4.656244 -271.542053
v 536.792725 3.218291 -269.567261
v 549.043884 2.982694 -273.193573
v 549.043884 3.218290 -273.193573
v 555.079590 3.218296 -194.211685
v 555.079590 2.982698 -194.211685
v 561.751221 4.656252 -196.186478
v 561.751221 4.420655 -196.186478
v 567.330750 3.218295 -197.838013
v 567.330750 2.982699 -197.838013
v 555.786682 4.420653 -216.336929
v 549.115112 2.982698 -214.362137
v 555.786682 4.656249 -216.336929
v 549.115112 3.218295 -214.362137
v 561.366272 2.982698 -217.988464
v 561.366272 3.218295 -217.988464
v -277.361328 26.574123 -297.146484
v -277.361328 26.338528 -297.146484
v -284.319092 28.012081 -297.155487
v -284.319092 27.776484 -297.155487
v -290.137909 26.574123 -297.163025
v -290.137909 26.338528 -297.163025
v -284.346283 27.776485 -276.140839
v -277.388550 26.338530 -276.131836
v -284.346283 28.012081 -276.140839
v -277.388550 26.574127 -276.131836
v -290.165100 26.338530 -276.148376
v -290.165100 26.574127 -276.148376
v -277.806122 26.574121 -323.102600
v -277.806122 26.338526 -323.102600
v -284.763885 28.012079 -323.111603
v -284.763885 27.776482 -323.111603
v -290.582703 26.574121 -323.119141
v -290.582703 26.338526 -323.119141
v -284.791077 27.776484 -302.096954
v -277.833344 26.338528 -302.087952
v -284.791077 28.012079 -302.096954
v -277.833344 26.574125 -302.087952
v -290.609894 26.338528 -302.104492
v -290.609894 26.574125 -302.104492
v -277.615021 26.574118 -379.568298
v -277.615021 26.338522 -379.568298
v -284.572784 28.012075 -379.577301
v -284.572784 27.776478 -379.577301
v -290.391602 26.574118 -379.584839
v -290.391602 26.338522 -379.584839
v -284.599976 27.776480 -358.562653
v -277.642242 26.338524 -358.553650
v -284.599976 28.012075 -358.562653
v -277.642242 26.574121 -358.553650
v -290.418793 26.338524 -358.570190
v -290.418793 26.574121 -358.570190
v 376.993256 3.218310 19.759499
v 376.993256 2.982714 19.759499
v 376.984253 4.656269 26.717243
v 376.984253 4.420672 26.717243
v 376.976715 3.218313 32.536076
v 376.976715 2.982716 32.536076
v 397.998901 4.420671 26.744429
v 398.007904 2.982715 19.786690
v 397.998901 4.656267 26.744429
v 398.007904 3.218312 19.786690
v 397.991364 2.982716 32.563263
v 397.991364 3.218313 32.563263
v 351.035431 3.218310 20.084846
v 351.035431 2.982714 20.084846
v 351.026428 4.656269 27.042591
v 351.026428 4.420672 27.042591
v 351.018890 3.218313 32.861423
v 351.018890 2.982716 32.861423
v 372.041077 4.420671 27.069777
v 372.050079 2.982715 20.112038
v 372.041077 4.656267 27.069777
v 372.050079 3.218312 20.112038
v 372.033539 2.982716 32.888611
v 372.033539 3.218313 32.888611
v 294.585602 3.218310 16.498158
v 294.585602 2.982714 16.498158
v 294.576599 4.656269 23.455902
v 294.576599 4.420672 23.455902
v 294.569061 3.218312 29.274736
v 294.569061 2.982716 29.274734
v 315.591248 4.420671 23.483088
v 315.600250 2.982715 16.525349
v 315.591248 4.656267 23.483088
v 315.600250 3.218311 16.525349
v 315.583710 2.982716 29.301922
v 315.583710 3.218313 29.301922
v -177.698303 5.660659 19.918468
v -177.698303 5.425064 19.918468
v -177.707306 7.098618 26.876211
v -177.707306 6.863020 26.876211
v -177.714828 5.660661 32.695045
v -177.714828 5.425066 32.695045
v -156.692673 6.863020 26.903397
v -156.683670 5.425065 19.945656
v -156.692673 7.098616 26.903397
v -156.683670 5.660660 19.945656
v -156.700195 5.425066 32.722229
v -156.700195 5.660662 32.722229
v -121.248474 4.890929 16.642387
v -121.248474 4.655334 16.642387
v -121.257477 6.328888 23.600132
v -121.257477 6.093290 23.600132
v -121.265007 4.890932 29.418966
v -121.265007 4.655335 29.418964
v -100.242844 6.093289 23.627317
v -100.233833 4.655334 16.669579
v -100.242844 6.328886 23.627317
v -100.233833 4.890931 16.669579
v -100.250366 4.655336 29.446152
v -100.250366 4.890933 29.446152
v -95.290649 4.890929 16.317039
v -95.290649 4.655334 16.317039
v -95.299652 6.328888 23.274782
v -95.299652 6.093290 23.274782
v -95.307182 4.890932 29.093616
v -95.307182 4.655335 29.093616
v -74.285019 6.093289 23.301968
v -74.276009 4.655334 16.344227
v -74.285019 6.328886 23.301968
v -74.276009 4.890931 16.344227
v -74.292542 4.655336 29.120802
v -74.292542 4.890933 29.120802
v 46.168171 7.703531 33.665585
v 46.168171 7.363083 33.665585
v 46.192055 7.363081 15.202794
v 46.192055 7.703529 15.202794
v 15.824852 7.703521 15.163505
v 15.824852 7.363071 15.163505
v 15.811848 9.781442 25.217791
v 15.811848 9.440992 25.217791
v 15.800972 7.703522 33.626297
v 15.800972 7.363074 33.626297
v 106.913452 9.441001 25.335651
v 106.926460 7.363083 15.281368
v 106.913452 9.781448 25.335651
v 106.926460 7.703532 15.281368
v 106.902573 7.363085 33.744156
v 106.902573 7.703533 33.744156
v 76.535370 7.703528 33.704872
v 76.535370 7.363081 33.704872
v 76.559250 7.363078 15.242078
v 76.559250 7.703527 15.242078
v -321.371765 26.699051 -530.242065
v -321.371765 26.463455 -530.242065
v -328.329041 28.137009 -530.160400
v -328.329041 27.901411 -530.160400
v -334.147491 26.699051 -530.092041
v -334.147491 26.463455 -530.092041
v -328.082275 27.901413 -509.147186
v -321.125000 26.463457 -509.228882
v -328.082275 28.137009 -509.147186
v -321.125000 26.699055 -509.228882
v -333.900696 26.463459 -509.078857
v -333.900696 26.699055 -509.078857
v -321.371765 26.699049 -555.456421
v -321.371765 26.463453 -555.456421
v -328.329041 28.137007 -555.374756
v -328.329041 27.901409 -555.374756
v -334.147491 26.699049 -555.306396
v -334.147491 26.463453 -555.306396
v -328.082275 27.901411 -534.361511
v -321.125000 26.463455 -534.443237
v -328.082275 28.137007 -534.361511
v -321.125000 26.699053 -534.443237
v -333.900696 26.463457 -534.293213
v -333.900696 26.699053 -534.293213
v -321.371765 26.699047 -580.141785
v -321.371765 26.463451 -580.141785
v -328.329041 28.137005 -580.060120
v -328.329041 27.901407 -580.060120
v -334.147491 26.699047 -579.991760
v -334.147491 26.463451 -579.991760
v -328.082275 27.901409 -559.046875
v -321.125000 26.463453 -559.128601
v -328.082275 28.137005 -559.046875
v -321.125000 26.699051 -559.128601
v -333.900696 26.463455 -558.978577
v -333.900696 26.699051 -558.978577
v 402.415039 43.787636 -973.338928
v 402.415039 43.447189 -973.338928
v 379.520233 43.787632 -993.288818
v 379.520233 43.447186 -993.288818
v 390.285828 43.447186 -959.419250
v 390.285828 43.787636 -959.419250
v 367.391022 43.447189 -979.369141
v 367.391022 43.787636 -979.369141
v 413.180603 43.787628 -939.469421
v 413.180603 43.447178 -939.469421
v 419.785828 45.865547 -947.049622
v 419.785828 45.525097 -947.049622
v 425.309814 43.787628 -953.389099
v 425.309814 43.447178 -953.389099
v 351.101440 45.525101 -1006.899231
v 344.496216 43.447186 -999.318970
v 351.101440 45.865551 -1006.899231
v 344.496216 43.787636 -999.318970
v 356.625427 43.447186 -1013.238647
v 356.625427 43.787636 -1013.238647
v 515.404602 40.308960 -872.047729
v 515.404602 39.968513 -872.047729
v 492.754639 40.308956 -892.275146
v 492.754639 39.968510 -892.275146
v 503.106598 39.968510 -858.276917
v 503.106598 40.308960 -858.276917
v 480.456665 39.968513 -878.504333
v 480.456665 40.308960 -878.504333
v 525.756531 40.308952 -838.049438
v 525.756531 39.968502 -838.049438
v 532.453613 42.386871 -845.548645
v 532.453613 42.046421 -845.548645
v 538.054504 40.308952 -851.820251
v 538.054504 39.968502 -851.820251
v 464.503876 42.046425 -906.230957
v 457.806763 39.968510 -898.731812
v 464.503876 42.386875 -906.230957
v 457.806763 40.308960 -898.731812
v 470.104736 39.968510 -912.502625
v 470.104736 40.308960 -912.502625
v 380.761200 36.009392 -745.629150
v 380.761200 35.773796 -745.629150
v 377.811768 37.447350 -751.930847
v 377.811768 37.211750 -751.930847
v 375.345093 36.009392 -757.200989
v 375.345093 35.773796 -757.200989
v 358.778687 37.211750 -743.022522
v 361.728119 35.773796 -736.720886
v 358.778687 37.447350 -743.022522
v 361.728119 36.009392 -736.720886
v 356.312012 35.773796 -748.292664
v 356.312012 36.009392 -748.292664
v 358.282166 35.578278 -735.428101
v 358.282166 35.342682 -735.428101
v 355.332733 37.016235 -741.729797
v 355.332733 36.780640 -741.729797
v 352.866089 35.578278 -746.999939
v 352.866089 35.342682 -746.999939
v 336.299652 36.780636 -732.821472
v 339.249115 35.342686 -726.519836
v 336.299652 37.016235 -732.821472
v 339.249115 35.578281 -726.519836
v 333.833008 35.342682 -738.091675
v 333.833008 35.578281 -738.091675
v 335.321442 34.946934 -725.008423
v 335.321442 34.711338 -725.008423
v 332.372009 36.384892 -731.310120
v 332.372009 36.149296 -731.310120
v 329.905334 34.946930 -736.580261
v 329.905334 34.711334 -736.580261
v 313.338928 36.149292 -722.401794
v 316.288391 34.711338 -716.100159
v 313.338928 36.384892 -722.401794
v 316.288391 34.946934 -716.100159
v 310.872284 34.711338 -727.671997
v 310.872284 34.946934 -727.671997
v 548.356628 -1.471497 -227.100769
v 548.356628 -1.699088 -227.100769
v 554.200745 0.551789 -228.609497
v 554.200745 0.324198 -228.609497
v 554.149475 0.324198 -228.807892
v 548.305420 -1.699088 -227.299164
v 554.149475 0.551789 -228.807892
v 548.305420 -1.471497 -227.299164
v 549.148560 -1.713060 -226.155838
v 547.894714 -1.713060 -225.832138
v 549.148560 -1.798288 -226.155838
v 547.894714 -1.798288 -225.832138
v 552.470215 -3.228301 -227.013367
v 552.470215 -3.313529 -227.013367
v 548.858032 -1.713060 -227.281143
v 552.179749 -3.228301 -228.138672
v 548.858032 -1.798288 -227.281143
v 552.179749 -3.313529 -228.138672
v 547.604187 -1.713060 -226.957443
v 547.604187 -1.798288 -226.957443
v 550.336426 -0.951121 -227.700546
v 550.336426 -0.861943 -227.700546
v 550.318359 -0.951121 -227.770569
v 550.318359 -0.861943 -227.770569
v 545.549011 -0.861945 -246.244659
v 545.549011 -0.951122 -246.244659
v 545.567078 -0.951122 -246.174652
v 545.567078 -0.861945 -246.174652
v 543.526306 -1.699090 -245.811142
v 543.526306 -1.471500 -245.811142
v 549.370422 0.551787 -247.319870
v 549.370422 0.324196 -247.319870
v 543.577515 -1.699090 -245.612747
v 549.421631 0.324196 -247.121475
v 549.421631 0.551787 -247.121475
v 543.577515 -1.471500 -245.612747
v 553.434753 0.757895 -229.380615
v 553.434753 0.692366 -229.380615
v 553.688538 0.757895 -229.446136
v 553.688538 0.692366 -229.446136
v 549.177185 0.692364 -246.921097
v 548.923401 0.692364 -246.855576
v 549.177185 0.757893 -246.921097
v 548.923401 0.757893 -246.855576
v 552.890198 0.555215 -229.240021
v 552.890198 0.489686 -229.240021
v 553.143982 0.555215 -229.305542
v 553.143982 0.489686 -229.305542
v 548.632629 0.489684 -246.780518
v 548.378784 0.489684 -246.714996
v 548.632629 0.555213 -246.780518
v 548.378784 0.555213 -246.714996
v 552.360901 0.376805 -229.103378
v 552.360901 0.311276 -229.103378
v 552.614685 0.376805 -229.168900
v 552.614685 0.311276 -229.168900
v 548.103333 0.311274 -246.643875
v 547.849487 0.311274 -246.578354
v 548.103333 0.376803 -246.643875
v 547.849487 0.376803 -246.578354
v 551.816284 0.174125 -228.962799
v 551.816284 0.108596 -228.962799
v 552.070129 0.174125 -229.028320
v 552.070129 0.108596 -229.028320
v 547.558716 0.108594 -246.503281
v 547.304932 0.108594 -246.437759
v 547.558716 0.174123 -246.503281
v 547.304932 0.174123 -246.437759
v 551.286377 -0.044473 -228.825974
v 551.286377 -0.110002 -228.825974
v 551.540161 -0.044473 -228.891495
v 551.540161 -0.110002 -228.891495
v 547.028748 -0.110004 -246.366470
v 546.774963 -0.110004 -246.300949
v 547.028748 -0.044475 -246.366470
v 546.774963 -0.044475 -246.300949
v 550.741760 -0.247154 -228.685394
v 550.741760 -0.312682 -228.685394
v 550.995544 -0.247154 -228.750916
v 550.995544 -0.312682 -228.750916
v 546.484192 -0.312684 -246.225876
v 546.230408 -0.312684 -246.160355
v 546.484192 -0.247156 -246.225876
v 546.230408 -0.247156 -246.160355
v 550.212463 -0.425564 -228.548752
v 550.212463 -0.491092 -228.548752
v 550.466309 -0.425563 -228.614258
v 550.466309 -0.491092 -228.614258
v 545.954895 -0.491094 -246.089233
v 545.701111 -0.491094 -246.023712
v 545.954895 -0.425565 -246.089233
v 545.701111 -0.425565 -246.023712
v 549.667908 -0.628244 -228.408157
v 549.667908 -0.693773 -228.408157
v 549.921692 -0.628244 -228.473679
v 549.921692 -0.693772 -228.473679
v 545.410339 -0.693774 -245.948639
v 545.156555 -0.693775 -245.883118
v 545.410339 -0.628246 -245.948639
v 545.156555 -0.628246 -245.883118
v 549.163330 -0.819086 -228.277893
v 549.163330 -0.884615 -228.277893
v 549.417175 -0.819086 -228.343414
v 549.417175 -0.884615 -228.343414
v 544.905762 -0.884617 -245.818390
v 544.651978 -0.884617 -245.752869
v 544.905762 -0.819088 -245.818390
v 544.651978 -0.819088 -245.752869
v 548.618774 -1.021766 -228.137314
v 548.618774 -1.087295 -228.137314
v 548.872559 -1.021766 -228.202835
v 548.872559 -1.087295 -228.202835
v 544.361206 -1.087297 -245.677795
v 544.107422 -1.087297 -245.612274
v 544.361206 -1.021768 -245.677795
v 544.107422 -1.021768 -245.612274
v 548.305664 -1.422968 -227.505157
v 543.678284 -1.422969 -245.429367
v 543.678284 -1.638520 -245.429367
v 548.305664 -1.638518 -227.505157
v 547.482483 -1.964189 -226.958313
v 547.482483 -2.106705 -226.958313
v 554.180603 -1.966908 -228.687515
v 554.180603 -2.109423 -228.687515
v 554.149719 -2.109423 -228.807114
v 547.451599 -2.106705 -227.077911
v 554.149719 -1.966908 -228.807114
v 547.451599 -1.964189 -227.077911
v 554.179260 -0.863645 -228.692627
v 554.179260 -0.952822 -228.692627
v 554.161194 -0.952822 -228.762650
v 554.161194 -0.863645 -228.762650
v 549.391846 -0.863646 -247.236740
v 549.391846 -0.952824 -247.236740
v 549.409973 -0.952824 -247.166733
v 549.409973 -0.863646 -247.166733
v 542.692444 -2.106707 -245.512650
v 542.692444 -1.964190 -245.512650
v 549.390564 -1.966909 -247.241852
v 549.390564 -2.109425 -247.241852
v 542.723328 -2.106707 -245.393051
v 549.421448 -2.109425 -247.122253
v 549.421448 -1.966909 -247.122253
v 542.723328 -1.964190 -245.393051
v 527.750366 -1.471503 -297.929443
v 527.750366 -1.699094 -297.929443
v 533.539612 0.551783 -299.636566
v 533.539612 0.324192 -299.636566
v 533.481689 0.324192 -299.833099
v 527.692383 -1.699094 -298.125977
v 533.481689 0.551783 -299.833099
v 527.692383 -1.471503 -298.125977
v 528.574036 -1.713065 -297.012054
v 527.331970 -1.713065 -296.645782
v 528.574036 -1.798293 -297.012054
v 527.331970 -1.798293 -296.645782
v 531.864563 -3.228306 -297.982361
v 531.864563 -3.313534 -297.982361
v 528.245361 -1.713066 -298.126801
v 531.535828 -3.228307 -299.097107
v 528.245361 -1.798293 -298.126801
v 531.535828 -3.313535 -299.097107
v 527.003235 -1.713066 -297.760529
v 527.003235 -1.798293 -297.760529
v 529.708557 -0.951127 -298.596375
v 529.708557 -0.861949 -298.596375
v 529.688110 -0.951127 -298.665741
v 529.688110 -0.861949 -298.665741
v 524.291626 -0.861950 -316.966461
v 524.291626 -0.951127 -316.966461
v 524.312073 -0.951127 -316.897095
v 524.312073 -0.861950 -316.897095
v 522.284851 -1.699095 -316.464233
v 522.284851 -1.471505 -316.464233
v 528.074097 0.551782 -318.171356
v 528.074097 0.324191 -318.171356
v 522.342834 -1.699095 -316.267700
v 528.132080 0.324191 -317.974823
v 528.132080 0.551782 -317.974823
v 522.342834 -1.471505 -316.267700
v 532.747803 0.757889 -300.381104
v 532.747803 0.692360 -300.381104
v 532.999207 0.757889 -300.455261
v 532.999207 0.692360 -300.455261
v 527.894592 0.692359 -317.766235
v 527.643188 0.692359 -317.692078
v 527.894592 0.757888 -317.766235
v 527.643188 0.757888 -317.692078
v 532.208313 0.555209 -300.222046
v 532.208313 0.489680 -300.222046
v 532.459717 0.555209 -300.296173
v 532.459717 0.489680 -300.296173
v 527.355164 0.489679 -317.607147
v 527.103699 0.489679 -317.533020
v 527.355164 0.555208 -317.607147
v 527.103699 0.555208 -317.533020
v 531.684021 0.376799 -300.067413
v 531.684021 0.311270 -300.067413
v 531.935425 0.376799 -300.141571
v 531.935425 0.311270 -300.141571
v 526.830811 0.311269 -317.452545
v 526.579407 0.311269 -317.378418
v 526.830811 0.376798 -317.452545
v 526.579407 0.376798 -317.378418
v 531.144531 0.174119 -299.908356
v 531.144531 0.108590 -299.908356
v 531.395935 0.174119 -299.982483
v 531.395935 0.108590 -299.982483
v 526.291321 0.108589 -317.293457
v 526.039917 0.108589 -317.219330
v 526.291321 0.174118 -317.293457
v 526.039917 0.174118 -317.219330
v 530.619568 -0.044479 -299.753540
v 530.619568 -0.110008 -299.753540
v 530.870972 -0.044479 -299.827667
v 530.870972 -0.110008 -299.827667
v 525.766357 -0.110009 -317.138672
v 525.514954 -0.110009 -317.064514
v 525.766357 -0.044480 -317.138672
v 525.514954 -0.044480 -317.064514
v 530.080078 -0.247160 -299.594452
v 530.080078 -0.312688 -299.594452
v 530.331482 -0.247160 -299.668610
v 530.331482 -0.312688 -299.668610
v 525.226868 -0.312689 -316.979584
v 524.975464 -0.312689 -316.905457
v 525.226868 -0.247161 -316.979584
v 524.975464 -0.247161 -316.905457
v 529.555786 -0.425570 -299.439850
v 529.555786 -0.491098 -299.439850
v 529.807190 -0.425569 -299.513977
v 529.807190 -0.491098 -299.513977
v 524.702576 -0.491099 -316.824982
v 524.451172 -0.491099 -316.750824
v 524.702576 -0.425570 -316.824982
v 524.451172 -0.425570 -316.750824
v 529.016296 -0.628250 -299.280792
v 529.016296 -0.693779 -299.280792
v 529.267700 -0.628250 -299.354919
v 529.267700 -0.693778 -299.354919
v 524.163086 -0.693779 -316.665894
v 523.911682 -0.693780 -316.591766
v 524.163086 -0.628251 -316.665894
v 523.911682 -0.628251 -316.591766
v 528.516479 -0.819092 -299.133392
v 528.516479 -0.884621 -299.133392
v 528.767883 -0.819092 -299.207520
v 528.767883 -0.884621 -299.207520
v 523.663269 -0.884622 -316.518494
v 523.411865 -0.884622 -316.444366
v 523.663269 -0.819093 -316.518494
v 523.411865 -0.819093 -316.444366
v 527.976990 -1.021772 -298.974304
v 527.976990 -1.087301 -298.974304
v 528.228455 -1.021772 -299.048462
v 528.228455 -1.087301 -299.048462
v 523.123840 -1.087302 -316.359436
v 522.872375 -1.087302 -316.285309
v 523.123840 -1.021773 -316.359436
v 522.872375 -1.021773 -316.285309
v 527.685608 -1.422974 -298.331848
v 522.449768 -1.422975 -316.087860
v 522.449768 -1.638525 -316.087860
v 527.685608 -1.638524 -298.331848
v 526.881531 -1.964195 -297.757263
v 526.881531 -2.106710 -297.757263
v 533.516846 -1.966914 -299.713837
v 533.516846 -2.109429 -299.713837
v 533.481873 -2.109429 -299.832336
v 526.846619 -2.106710 -297.875732
v 533.481873 -1.966914 -299.832336
v 526.846619 -1.964195 -297.875732
v 533.515320 -0.863651 -299.718903
v 533.515320 -0.952828 -299.718903
v 533.494873 -0.952828 -299.788269
v 533.494873 -0.863651 -299.788269
v 528.098389 -0.863651 -318.089020
v 528.098389 -0.952829 -318.089020
v 528.118835 -0.952829 -318.019653
v 528.118835 -0.863651 -318.019653
v 521.461670 -2.106712 -316.137482
v 521.461670 -1.964196 -316.137482
v 528.096924 -1.966914 -318.094055
v 528.096924 -2.109430 -318.094055
v 521.496582 -2.106712 -316.018982
v 528.131836 -2.109430 -317.975586
v 528.131836 -1.966914 -317.975586
v 521.496582 -1.964196 -316.018982
v 553.317871 -1.471482 -25.573141
v 553.317871 -1.699073 -25.573141
v 559.353638 0.551804 -25.573141
v 559.353638 0.324213 -25.573141
v 559.353638 0.324213 -25.778038
v 553.317871 -1.699073 -25.778038
v 559.353638 0.551804 -25.778038
v 553.317871 -1.471482 -25.778038
v 553.848511 -1.713045 -24.460249
v 552.553528 -1.713045 -24.460249
v 553.848511 -1.798273 -24.460249
v 552.553528 -1.798273 -24.460249
v 557.279053 -3.228285 -24.460249
v 557.279053 -3.313514 -24.460249
v 553.848511 -1.713045 -25.622452
v 557.279053 -3.228285 -25.622452
v 553.848511 -1.798273 -25.622452
v 557.279053 -3.313514 -25.622452
v 552.553528 -1.713045 -25.622452
v 552.553528 -1.798273 -25.622452
v 555.384766 -0.951105 -25.659004
v 555.384766 -0.861928 -25.659004
v 555.384766 -0.951105 -25.731316
v 555.384766 -0.861928 -25.731316
v 555.384766 -0.861929 -44.811111
v 555.384766 -0.951106 -44.811111
v 555.384766 -0.951106 -44.738796
v 555.384766 -0.861929 -44.738796
v 553.317871 -1.699074 -44.896965
v 553.317871 -1.471483 -44.896965
v 559.353638 0.551803 -44.896965
v 559.353638 0.324212 -44.896965
v 553.317871 -1.699074 -44.692066
v 559.353638 0.324212 -44.692062
v 559.353638 0.551803 -44.692062
v 553.317871 -1.471483 -44.692066
v 558.804688 0.757911 -26.511250
v 558.804688 0.692381 -26.511250
v 559.066833 0.757911 -26.511250
v 559.066833 0.692381 -26.511250
v 559.066833 0.692380 -44.559158
v 558.804749 0.692380 -44.559158
v 559.066833 0.757910 -44.559158
v 558.804749 0.757910 -44.559158
v 558.242310 0.555230 -26.511250
v 558.242310 0.489702 -26.511250
v 558.504395 0.555230 -26.511250
v 558.504395 0.489702 -26.511250
v 558.504395 0.489701 -44.559158
v 558.242310 0.489701 -44.559158
v 558.504395 0.555229 -44.559158
v 558.242310 0.555229 -44.559158
v 557.695618 0.376820 -26.511248
v 557.695618 0.311292 -26.511248
v 557.957764 0.376820 -26.511250
v 557.957764 0.311292 -26.511250
v 557.957764 0.311291 -44.559158
v 557.695618 0.311291 -44.559155
v 557.957764 0.376819 -44.559158
v 557.695618 0.376819 -44.559155
v 557.133179 0.174140 -26.511248
v 557.133179 0.108611 -26.511248
v 557.395325 0.174140 -26.511248
v 557.395325 0.108611 -26.511248
v 557.395325 0.108610 -44.559158
v 557.133179 0.108610 -44.559158
v 557.395325 0.174139 -44.559158
v 557.133179 0.174139 -44.559158
v 556.585876 -0.044458 -26.511248
v 556.585876 -0.109987 -26.511248
v 556.847961 -0.044458 -26.511248
v 556.847961 -0.109987 -26.511248
v 556.847961 -0.109988 -44.559158
v 556.585876 -0.109988 -44.559158
v 556.847961 -0.044459 -44.559158
v 556.585876 -0.044459 -44.559158
v 556.023438 -0.247138 -26.511248
v 556.023438 -0.312667 -26.511248
v 556.285583 -0.247138 -26.511248
v 556.285583 -0.312667 -26.511248
v 556.285583 -0.312668 -44.559158
v 556.023438 -0.312668 -44.559158
v 556.285583 -0.247139 -44.559158
v 556.023438 -0.247139 -44.559158
v 555.476807 -0.425548 -26.511248
v 555.476807 -0.491077 -26.511248
v 555.738892 -0.425548 -26.511248
v 555.738892 -0.491077 -26.511248
v 555.738892 -0.491078 -44.559158
v 555.476807 -0.491078 -44.559158
v 555.738892 -0.425549 -44.559158
v 555.476807 -0.425549 -44.559158
v 554.914368 -0.628229 -26.511248
v 554.914368 -0.693758 -26.511248
v 555.176453 -0.628229 -26.511248
v 555.176453 -0.693757 -26.511248
v 555.176453 -0.693758 -44.559158
v 554.914368 -0.693759 -44.559158
v 555.176453 -0.628230 -44.559158
v 554.914368 -0.628230 -44.559158
v 554.393250 -0.819071 -26.511248
v 554.393250 -0.884600 -26.511248
v 554.655396 -0.819071 -26.511248
v 554.655396 -0.884600 -26.511248
v 554.655396 -0.884601 -44.559158
v 554.393250 -0.884601 -44.559158
v 554.655396 -0.819072 -44.559158
v 554.393250 -0.819072 -44.559158
v 553.830811 -1.021751 -26.511248
v 553.830811 -1.087280 -26.511248
v 554.092957 -1.021751 -26.511248
v 554.092957 -1.087280 -26.511248
v 554.092957 -1.087281 -44.559158
v 553.830811 -1.087281 -44.559158
v 554.092957 -1.021752 -44.559158
v 553.830811 -1.021752 -44.559158
v 553.369629 -1.422953 -25.977438
v 553.369629 -1.422954 -44.489311
v 553.369629 -1.638504 -44.489311
v 553.369629 -1.638503 -25.977438
v 552.435852 -1.964174 -25.653719
v 552.435852 -2.106689 -25.653719
v 559.353638 -1.966892 -25.653719
v 559.353638 -2.109408 -25.653719
v 559.353638 -2.109408 -25.777246
v 552.435852 -2.106689 -25.777246
v 559.353638 -1.966892 -25.777246
v 552.435852 -1.964174 -25.777246
v 559.353638 -0.863629 -25.659006
v 559.353638 -0.952807 -25.659006
v 559.353638 -0.952807 -25.731318
v 559.353638 -0.863629 -25.731318
v 559.353638 -0.863630 -44.811111
v 559.353638 -0.952807 -44.811111
v 559.353638 -0.952807 -44.738800
v 559.353638 -0.863630 -44.738800
v 552.435852 -2.106690 -44.816391
v 552.435852 -1.964175 -44.816391
v 559.353638 -1.966893 -44.816391
v 559.353638 -2.109409 -44.816391
v 552.435852 -2.106691 -44.692863
v 559.353638 -2.109409 -44.692863
v 559.353638 -1.966893 -44.692863
v 552.435852 -1.964175 -44.692863
v -16.669785 4.813959 -30.760189
v -35.966846 4.813959 -30.760189
v -36.388031 4.813959 -30.961018
v -16.819469 4.813959 -30.961020
v -16.669785 4.813960 -20.097706
v 4.582371 4.813960 -20.097706
v 4.731692 4.813960 -19.896870
v -16.819469 4.813960 -19.896870
v 4.582371 4.813959 -30.760189
v 4.731692 4.813959 -30.961020
v 23.955832 4.813959 -30.760189
v 24.377729 4.813959 -30.961021
v 22.568264 4.981606 -19.780918
v 15.314089 4.981606 -19.780918
v 22.570728 4.981606 -19.919434
v 15.316553 4.981606 -19.919434
v 22.568264 6.284286 -19.780918
v 22.570728 6.284286 -19.919432
v 15.314089 6.284286 -19.780918
v 15.316553 6.284286 -19.919432
v 13.210384 4.981606 -19.780918
v 5.956209 4.981606 -19.780918
v 13.212849 4.981606 -19.919434
v 5.958673 4.981606 -19.919434
v 13.210384 6.284286 -19.780918
v 13.212849 6.284286 -19.919432
v 5.956209 6.284286 -19.780918
v 5.958673 6.284286 -19.919432
v -17.981495 4.981606 -19.780918
v -25.235670 4.981606 -19.780918
v -17.979029 4.981606 -19.919434
v -25.233200 4.981606 -19.919434
v -17.981495 6.284286 -19.780918
v -17.979029 6.284286 -19.919432
v -25.235670 6.284286 -19.780918
v -25.233200 6.284286 -19.919432
v -27.339354 4.981606 -19.780918
v -34.593529 4.981606 -19.780918
v -27.336887 4.981606 -19.919434
v -34.591064 4.981606 -19.919434
v -27.339354 6.284286 -19.780918
v -27.336887 6.284286 -19.919432
v -34.593529 6.284286 -19.780918
v -34.591064 6.284286 -19.919432
v -2.150797 4.981606 -19.793079
v -9.404973 4.981606 -19.793079
v -2.148332 4.981606 -19.931595
v -9.402508 4.981606 -19.931595
v -2.150797 6.284286 -19.793079
v -2.148332 6.284286 -19.931595
v -9.404973 6.284286 -19.793079
v -9.402508 6.284286 -19.931595
v 47.852959 4.813959 -30.760189
v 28.555897 4.813959 -30.760189
v 28.134712 4.813959 -30.961018
v 47.703274 4.813959 -30.961020
v 47.852959 4.813960 -20.097706
v 69.105118 4.813960 -20.097706
v 69.254433 4.813960 -19.896870
v 47.703274 4.813960 -19.896870
v 69.105118 4.813959 -30.760189
v 69.254433 4.813959 -30.961020
v 88.478577 4.813959 -30.760189
v 88.900475 4.813959 -30.961021
v 47.852959 4.813961 -14.665086
v 69.105118 4.813961 -14.665086
v 87.091125 4.981606 -19.780918
v 79.836945 4.981606 -19.780918
v 87.093582 4.981606 -19.919434
v 79.839409 4.981606 -19.919434
v 87.091125 6.284286 -19.780918
v 87.093582 6.284286 -19.919432
v 79.836945 6.284286 -19.780918
v 79.839409 6.284286 -19.919432
v 77.733246 4.981606 -19.780918
v 70.479065 4.981606 -19.780918
v 77.735703 4.981606 -19.919434
v 70.481529 4.981606 -19.919434
v 77.733246 6.284286 -19.780918
v 77.735703 6.284286 -19.919432
v 70.479065 6.284286 -19.780918
v 70.481529 6.284286 -19.919432
v 46.541363 4.981606 -19.780918
v 39.287186 4.981606 -19.780918
v 46.543827 4.981606 -19.919434
v 39.289658 4.981606 -19.919434
v 46.541363 6.284286 -19.780918
v 46.543827 6.284286 -19.919432
v 39.287186 6.284286 -19.780918
v 39.289658 6.284286 -19.919432
v 37.183502 4.981606 -19.780918
v 29.929327 4.981606 -19.780918
v 37.185966 4.981606 -19.919434
v 29.931791 4.981606 -19.919434
v 37.183502 6.284286 -19.780918
v 37.185966 6.284286 -19.919432
v 29.929327 6.284286 -19.780918
v 29.931791 6.284286 -19.919432
v 62.372101 4.981607 -14.323384
v 55.117924 4.981607 -14.323384
v 62.374565 4.981607 -14.461899
v 55.120388 4.981607 -14.461899
v 62.372101 6.284286 -14.323384
v 62.374565 6.284286 -14.461898
v 55.117924 6.284286 -14.323384
v 55.120388 6.284286 -14.461898
v 112.883446 4.813959 -30.760189
v 93.586380 4.813959 -30.760189
v 93.165199 4.813959 -30.961018
v 112.733765 4.813959 -30.961020
v 112.883446 4.813960 -20.097706
v 134.135605 4.813960 -20.097706
v 134.284927 4.813960 -19.896870
v 112.733765 4.813960 -19.896870
v 134.135605 4.813959 -30.760189
v 134.284927 4.813959 -30.961020
v 153.509064 4.813959 -30.760189
v 153.930954 4.813959 -30.961021
v 152.121475 4.981606 -19.780918
v 144.867310 4.981606 -19.780918
v 152.123947 4.981606 -19.919434
v 144.869766 4.981606 -19.919434
v 152.121475 6.284286 -19.780918
v 152.123947 6.284286 -19.919432
v 144.867310 6.284286 -19.780918
v 144.869766 6.284286 -19.919432
v 142.763596 4.981606 -19.780918
v 135.509430 4.981606 -19.780918
v 142.766068 4.981606 -19.919434
v 135.511887 4.981606 -19.919434
v 142.763596 6.284286 -19.780918
v 142.766068 6.284286 -19.919432
v 135.509430 6.284286 -19.780918
v 135.511887 6.284286 -19.919432
v 111.571724 4.981606 -19.780918
v 104.317543 4.981606 -19.780918
v 111.574188 4.981606 -19.919434
v 104.320015 4.981606 -19.919434
v 111.571724 6.284286 -19.780918
v 111.574188 6.284286 -19.919432
v 104.317543 6.284286 -19.780918
v 104.320015 6.284286 -19.919432
v 102.213860 4.981606 -19.780918
v 94.959686 4.981606 -19.780918
v 102.216324 4.981606 -19.919434
v 94.962151 4.981606 -19.919434
v 102.213860 6.284286 -19.780918
v 102.216324 6.284286 -19.919432
v 94.959686 6.284286 -19.780918
v 94.962151 6.284286 -19.919432
v 127.402443 4.981606 -19.793079
v 120.148262 4.981606 -19.793079
v 127.404907 4.981606 -19.931595
v 120.150726 4.981606 -19.931595
v 127.402443 6.284286 -19.793079
v 127.404907 6.284286 -19.931595
v 120.148262 6.284286 -19.793079
v 120.150726 6.284286 -19.931595
v -160.609756 1.924780 13.686204
v -160.609756 1.875435 13.686204
v -160.609756 1.924779 12.227415
v -160.609756 1.875435 12.227415
v -160.716675 1.875435 12.227413
v -160.716675 1.875435 13.686204
v -160.716675 1.924779 12.227413
v -160.716675 1.924780 13.686204
v -274.248077 22.938000 -376.831909
v -274.248077 22.888655 -376.831909
v -272.789337 22.938000 -376.819153
v -272.789337 22.888655 -376.819153
v -272.788422 22.888655 -376.926086
v -274.247131 22.888655 -376.938812
v -272.788422 22.938000 -376.926086
v -274.247131 22.938000 -376.938812
v 410.653351 14.561369 -495.926331
v 410.653351 14.512024 -495.926331
v 411.448761 14.561369 -494.703491
v 411.448761 14.512024 -494.703491
v 411.538391 14.512024 -494.761780
v 410.742981 14.512024 -495.984650
v 411.538391 14.561369 -494.761780
v 410.742981 14.561369 -495.984650
v 524.089661 1.284968 -404.925964
v 524.089661 1.235623 -404.925964
v 525.832581 1.284968 -404.096375
v 525.832581 1.235623 -404.096375
v 525.875671 1.235623 -404.194214
v 524.132812 1.235623 -405.023804
v 525.875671 1.284968 -404.194214
v 524.132812 1.284968 -405.023804
v 547.517273 -0.339525 -208.039337
v 547.517273 -0.388870 -208.039337
v 545.407410 -0.339525 -207.415894
v 545.407410 -0.388870 -207.415894
v 545.438049 -0.388870 -207.313477
v 547.547913 -0.388870 -207.936905
v 545.438049 -0.339525 -207.313477
v 547.547913 -0.339525 -207.936905
v -111.092674 1.452109 13.694406
v -111.092674 1.402764 13.694406
v -111.092674 1.452109 12.235618
v -111.092674 1.402764 12.235618
v -111.199585 1.402764 12.235615
v -111.199585 1.402764 13.694406
v -111.199585 1.452109 12.235615
v -111.199585 1.452109 13.694406
v -274.273071 22.301064 -327.316711
v -274.273071 22.251719 -327.316711
v -272.814331 22.301064 -327.303955
v -272.814331 22.251719 -327.303955
v -272.813416 22.251719 -327.410889
v -274.272125 22.251719 -327.423615
v -272.813416 22.301064 -327.410889
v -274.272125 22.301064 -327.423615
v 370.254822 15.808631 -467.281525
v 370.254822 15.759286 -467.281525
v 371.441956 15.808631 -465.461670
v 371.441956 15.759286 -465.461670
v 371.531586 15.759286 -465.519958
v 370.344452 15.759286 -467.339844
v 371.531586 15.808631 -465.519958
v 370.344452 15.808631 -467.339844
v 537.051697 -0.339528 -256.855042
v 537.051697 -0.388873 -256.855042
v 535.654114 -0.339528 -256.436920
v 535.654114 -0.388873 -256.436920
v 535.684753 -0.388873 -256.334503
v 537.082336 -0.388873 -256.752625
v 535.684753 -0.339528 -256.334503
v 537.082336 -0.339528 -256.752625
v -320.554077 10.200506 -715.904053
v -320.554077 10.151161 -715.904053
v -319.095306 10.200506 -715.904053
v -319.095306 10.151161 -715.904053
v -319.095306 10.151161 -716.010986
v -320.554077 10.151161 -716.010986
v -319.095306 10.200506 -716.010986
v -320.554077 10.200506 -716.010986
v -61.156967 1.257762 13.655044
v -61.156967 1.208417 13.655044
v -61.156967 1.257762 12.196256
v -61.156967 1.208417 12.196256
v -61.263882 1.208417 12.196253
v -61.263882 1.208417 13.655044
v -61.263882 1.257762 12.196253
v -61.263882 1.257762 13.655044
v -274.369781 20.138220 -277.382935
v -274.369781 20.088875 -277.382935
v -272.911041 20.138220 -277.370178
v -272.911041 20.088875 -277.370178
v -272.910126 20.088875 -277.477112
v -274.368835 20.088875 -277.489838
v -272.910126 20.138220 -277.477112
v -274.368835 20.138220 -277.489838
v 522.958496 -0.339532 -304.811340
v 522.958496 -0.388877 -304.811340
v 521.560913 -0.339532 -304.393219
v 521.560913 -0.388877 -304.393219
v 521.591553 -0.388877 -304.290802
v 522.989136 -0.388877 -304.708923
v 521.591553 -0.339532 -304.290802
v 522.989136 -0.339532 -304.708923
v -320.514771 16.671747 -665.968384
v -320.514771 16.622402 -665.968384
v -319.056000 16.671747 -665.968384
v -319.056000 16.622402 -665.968384
v -319.056000 16.622402 -666.075317
v -320.514771 16.622402 -666.075317
v -319.056000 16.671747 -666.075317
v -320.514771 16.671747 -666.075317
v -320.545929 3.175860 -765.421143
v -320.545929 3.126515 -765.421143
v -319.087128 3.175860 -765.421143
v -319.087128 3.126515 -765.421143
v -319.087128 3.126515 -765.528076
v -320.545929 3.126515 -765.528076
v -319.087128 3.175860 -765.528076
v -320.545929 3.175860 -765.528076
v 150.153763 29.876001 -945.383911
v 150.153763 29.771755 -945.383911
v 151.237427 29.876001 -943.919006
v 151.237427 29.771755 -943.919006
v 151.418549 29.771755 -944.054016
v 150.334869 29.771755 -945.518860
v 151.418549 29.876001 -944.054016
v 150.334869 29.876001 -945.518860
v 443.392914 35.803387 -855.170593
v 443.392914 35.699142 -855.170593
v 444.309601 35.803387 -856.745361
v 444.309601 35.699142 -856.745361
v 444.113983 35.699142 -856.858337
v 443.197296 35.699142 -855.283569
v 444.113983 35.803387 -856.858337
v 443.197296 35.803387 -855.283569
v 336.916260 32.588463 -681.781921
v 336.916260 32.484219 -681.781921
v 336.093048 32.588459 -683.407471
v 336.093048 32.484215 -683.407471
v 335.891907 32.484215 -683.304749
v 336.715118 32.484219 -681.679138
v 335.891907 32.588459 -683.304749
v 336.715118 32.588463 -681.679138
v 368.883057 33.773624 -698.497681
v 368.883057 33.669380 -698.497681
v 368.059845 33.773624 -700.123230
v 368.059845 33.669380 -700.123230
v 367.858704 33.669380 -700.020508
v 368.681915 33.669380 -698.394897
v 367.858704 33.773624 -700.020508
v 368.681915 33.773624 -698.394897
v 399.853088 34.268307 -712.902710
v 399.853088 34.164062 -712.902710
v 399.029877 34.268307 -714.528259
v 399.029877 34.164062 -714.528259
v 398.828735 34.164062 -714.425537
v 399.651947 34.164062 -712.799927
v 398.828735 34.268307 -714.425537
v 399.651947 34.268307 -712.799927
v 155.511108 3.169320 -21.392582
v 155.511108 3.169321 -20.097612
v 155.511108 3.084092 -21.392582
v 155.511108 3.084093 -20.097612
v 155.511108 0.557815 -24.823158
v 155.511108 0.472587 -24.823158
v 154.348907 3.169320 -21.392582
v 154.348892 0.557815 -24.823158
v 154.348907 3.084092 -21.392582
v 154.348892 0.472587 -24.823158
v 154.348907 3.169321 -20.097612
v 154.348907 3.084093 -20.097612
v 155.511108 0.557815 -26.118128
v 155.511108 0.472587 -26.118128
v 155.511108 -1.568112 -30.085447
v 155.511108 -1.653340 -30.085447
v 154.348892 -1.568112 -30.085447
v 154.348892 -1.653340 -30.085447
v 154.348892 0.557815 -26.118128
v 154.348892 0.472587 -26.118128
v 90.480606 3.169320 -21.392582
v 90.480606 3.169321 -20.097612
v 90.480606 3.084092 -21.392582
v 90.480606 3.084093 -20.097612
v 90.480606 0.557815 -24.823158
v 90.480606 0.472587 -24.823158
v 89.318398 3.169320 -21.392582
v 89.318398 0.557815 -24.823158
v 89.318398 3.084092 -21.392582
v 89.318398 0.472587 -24.823158
v 89.318398 3.169321 -20.097612
v 89.318398 3.084093 -20.097612
v 90.480606 0.557815 -26.118128
v 90.480606 0.472587 -26.118128
v 90.480606 -1.568112 -30.085447
v 90.480606 -1.653340 -30.085447
v 89.318398 -1.568112 -30.085447
v 89.318398 -1.653340 -30.085447
v 89.318398 0.557815 -26.118128
v 89.318398 0.472587 -26.118128
v 26.712246 3.169322 -20.097614
v 26.712246 3.169322 -21.392584
v 26.712246 3.084094 -21.392584
v 26.712246 3.084094 -20.097614
v 26.712246 0.557818 -24.823160
v 26.712246 0.472590 -24.823160
v 27.874454 0.557818 -24.823162
v 27.874451 3.169322 -21.392586
v 27.874451 3.084094 -21.392586
v 27.874454 0.472590 -24.823162
v 27.874451 3.169322 -20.097614
v 27.874451 3.084094 -20.097614
v 26.712246 0.557818 -26.118132
v 26.712246 0.472590 -26.118132
v 26.712246 -1.568108 -30.085451
v 26.712246 -1.653336 -30.085451
v 27.874451 -1.568108 -30.085451
v 27.874451 -1.653336 -30.085451
v 27.874454 0.557818 -26.118132
v 27.874454 0.472590 -26.118132
v -37.810539 3.169321 -20.097610
v -37.810539 3.169321 -21.392582
v -37.810539 3.084093 -21.392582
v -37.810539 3.084093 -20.097610
v -37.810539 0.557817 -24.823158
v -37.810539 0.472589 -24.823158
v -36.648331 0.557817 -24.823158
v -36.648331 3.169321 -21.392582
v -36.648331 3.084093 -21.392582
v -36.648331 0.472589 -24.823158
v -36.648331 3.169321 -20.097610
v -36.648331 3.084093 -20.097610
v -37.810539 0.557817 -26.118128
v -37.810539 0.472589 -26.118128
v -37.810539 -1.568109 -30.085447
v -37.810539 -1.653337 -30.085447
v -36.648331 -1.568109 -30.085447
v -36.648331 -1.653337 -30.085447
v -36.648331 0.557817 -26.118128
v -36.648331 0.472589 -26.118128
v 62.559383 0.866543 13.896010
v 62.854176 0.866543 13.896010
v 62.854176 0.987691 13.896010
v 62.559383 0.987691 13.896010
v 62.854176 0.866543 13.605253
v 62.854176 0.987691 13.605253
v 62.559383 0.866543 13.605253
v 62.559383 0.987691 13.605253
v 62.559383 0.516779 13.896010
v 62.854176 0.516779 13.896010
v 62.854176 0.637927 13.896010
v 62.559383 0.637927 13.896010
v 62.854176 0.516779 13.605253
v 62.854176 0.637927 13.605253
v 62.559383 0.516779 13.605253
v 62.559383 0.637927 13.605253
v 72.597237 0.866543 13.896010
v 72.892036 0.866543 13.896010
v 72.892036 0.987691 13.896010
v 72.597237 0.987691 13.896010
v 72.892036 0.866543 13.605253
v 72.892036 0.987691 13.605253
v 72.597237 0.866543 13.605253
v 72.597237 0.987691 13.605253
v 72.597244 0.516779 13.896010
v 72.892036 0.516779 13.896010
v 72.892036 0.637927 13.896010
v 72.597244 0.637927 13.896010
v 72.892036 0.516779 13.605253
v 72.892036 0.637927 13.605253
v 72.597244 0.516779 13.605253
v 72.597244 0.637927 13.605253
v 82.691162 0.866543 13.896010
v 82.985954 0.866543 13.896010
v 82.985954 0.987691 13.896010
v 82.691162 0.987691 13.896010
v 82.985954 0.866543 13.605253
v 82.985954 0.987691 13.605253
v 82.691162 0.866543 13.605253
v 82.691162 0.987691 13.605253
v 82.691162 0.516779 13.896010
v 82.985954 0.516779 13.896010
v 82.985954 0.637927 13.896010
v 82.691162 0.637927 13.896010
v 82.985954 0.516779 13.605253
v 82.985954 0.637927 13.605253
v 82.691162 0.516779 13.605253
v 82.691162 0.637927 13.605253
v 92.691467 0.866543 13.896010
v 92.986259 0.866543 13.896010
v 92.986259 0.987691 13.896010
v 92.691467 0.987691 13.896010
v 92.986259 0.866543 13.605253
v 92.986259 0.987691 13.605253
v 92.691467 0.866543 13.605253
v 92.691467 0.987691 13.605253
v 92.691467 0.516779 13.896010
v 92.986259 0.516779 13.896010
v 92.986259 0.637927 13.896010
v 92.691467 0.637927 13.896010
v 92.986259 0.516779 13.605253
v 92.986259 0.637927 13.605253
v 92.691467 0.516779 13.605253
v 92.691467 0.637927 13.605253
v 278.838470 -2.524829 -25.470142
v 270.391174 -2.524829 -25.470142
v 278.841339 -2.524829 -25.631439
v 270.394043 -2.524829 -25.631439
v 278.838470 -1.007892 -25.470142
v 278.841339 -1.007892 -25.631439
v 270.391174 -1.007892 -25.470142
v 270.394043 -1.007892 -25.631439
v 267.941467 -2.524829 -25.470142
v 259.494141 -2.524829 -25.470142
v 267.944305 -2.524829 -25.631439
v 259.497009 -2.524829 -25.631439
v 267.941467 -1.007892 -25.470142
v 267.944305 -1.007892 -25.631439
v 259.494141 -1.007892 -25.470142
v 259.497009 -1.007892 -25.631439
v 288.873627 -2.524829 -25.470142
v 280.426331 -2.524829 -25.470142
v 288.876495 -2.524829 -25.631439
v 280.429169 -2.524829 -25.631439
v 288.873627 -1.007892 -25.470142
v 288.876495 -1.007892 -25.631439
v 280.426331 -1.007892 -25.470142
v 280.429169 -1.007892 -25.631439
v 537.359741 14.428435 -156.471924
v 537.000732 14.428435 -155.131989
v 537.000732 14.269639 -155.131989
v 537.359741 14.269639 -156.471924
v 536.019836 14.428435 -154.151093
v 536.019836 14.269639 -154.151093
v 534.679871 14.428435 -153.792053
v 534.679871 14.269639 -153.792053
v 533.339966 14.428435 -154.151093
v 533.339966 14.269639 -154.151093
v 532.359070 14.428435 -155.131989
v 532.359070 14.269639 -155.131989
v 532.000000 14.428435 -156.471924
v 532.000000 14.269639 -156.471924
v 532.359070 14.428435 -157.811859
v 532.359070 14.269639 -157.811859
v 533.339966 14.428434 -158.792755
v 533.339966 14.269638 -158.792755
v 534.679871 14.428434 -159.151794
v 534.679871 14.269638 -159.151794
v 536.019836 14.428434 -158.792755
v 536.019836 14.269638 -158.792755
v 537.000732 14.428435 -157.811859
v 537.000732 14.269639 -157.811859
v -286.832336 14.997651 -120.572273
v -294.957428 14.997652 -117.782417
v -286.950500 14.997651 -120.937447
v -295.075592 14.997652 -118.147591
v -286.832336 18.606758 -120.572273
v -286.950500 18.606756 -120.937447
v -294.957428 18.606758 -117.782417
v -295.075592 18.606756 -118.147591
vn -0.0000 -1.0000 -0.0000
vn 0.5084 -0.0000 0.8611
vn 0.5083 -0.0000 0.8612
vn -0.0000 1.0000 -0.0000
vn -0.5084 -0.0000 -0.8611
vn -0.5083 -0.0000 -0.8612
vn 0.0591 -0.0000 0.9983
vn -0.0591 -0.0000 -0.9983
vn -0.0592 -0.0000 -0.9982
vn -0.0594 -0.0000 -0.9982
vn 0.0594 -0.0000 0.9982
vn 0.0592 -0.0000 0.9982
vn 0.6576 -0.0000 -0.7534
vn 0.6575 -0.0000 -0.7534
vn -0.6575 -0.0000 0.7534
vn -0.8342 -0.0000 0.5514
vn -0.8342 -0.0000 0.5515
vn 0.8342 -0.0000 -0.5515
vn 0.8342 -0.0000 -0.5514
vn -0.8341 -0.0000 0.5516
vn -0.8343 -0.0000 0.5513
vn 0.8343 -0.0000 -0.5513
vn -0.8343 -0.0000 0.5514
vn 0.8343 -0.0000 -0.5514
vn -0.8288 -0.0000 0.5595
vn -0.8286 -0.0000 0.5599
vn -0.8286 -0.0000 0.5598
vn 0.8286 -0.0000 -0.5598
vn 0.8288 -0.0000 -0.5595
vn 0.8286 -0.0000 -0.5599
vn -0.8287 -0.0000 0.5597
vn 0.8287 -0.0000 -0.5597
vn -0.9992 -0.0000 -0.0400
vn 0.9992 -0.0000 0.0399
vn 0.9992 -0.0000 0.0400
vn -0.9992 -0.0000 -0.0399
vn -0.9995 -0.0000 -0.0301
vn 0.9995 -0.0000 0.0301
vn 0.8326 -0.0000 -0.5539
vn -0.8325 -0.0000 0.5540
vn -0.8326 -0.0000 0.5539
vn -0.8324 -0.0000 0.5542
vn 0.8326 -0.0000 -0.5538
vn -0.8323 -0.0000 0.5543
vn -0.8325 -0.0000 0.5541
vn 0.8325 -0.0000 -0.5540
vn -0.8327 -0.0000 0.5538
vn 0.9647 -0.0000 -0.2635
vn 0.9646 -0.0000 -0.2636
vn -0.9647 -0.0000 0.2635
vn -0.9646 -0.0000 0.2636
vn 0.4737 -0.0000 0.8807
vn 0.4735 -0.0000 0.8808
vn -0.4737 -0.0000 -0.8807
vn -0.4740 -0.0000 -0.8806
vn -0.4738 -0.0000 -0.8806
vn 0.7797 -0.0000 0.6261
vn -0.7797 -0.0000 -0.6261
vn 0.7152 -0.0000 0.6989
vn 0.7150 -0.0000 0.6991
vn -0.7151 -0.0000 -0.6990
vn -0.7153 -0.0000 -0.6988
vn 0.7857 -0.0000 0.6186
vn 0.7858 -0.0000 0.6185
vn -0.7859 -0.0000 -0.6184
vn -0.7858 -0.0000 -0.6185
vn 0.7859 -0.0000 0.6183
vn 0.7858 -0.0000 0.6184
vn -0.7858 -0.0000 -0.6184
vn -0.2536 -0.0000 -0.9673
vn -0.2535 -0.0000 -0.9673
vn 0.2535 -0.0000 0.9673
vn 0.2536 -0.0000 0.9673
vn -0.2534 -0.0000 -0.9674
vn 0.2534 -0.0000 0.9674
vn 0.2533 -0.0000 0.9674
vn 0.2531 -0.0000 0.9674
vn -0.2533 -0.0000 -0.9674
vn -0.2537 -0.0000 -0.9673
vn -0.2632 -0.0000 -0.9648
vn -0.2630 -0.0000 -0.9648
vn 0.2632 -0.0000 0.9648
vn 0.2630 -0.0000 0.9648
vn -0.2632 -0.0000 -0.9647
vn 0.2628 -0.0000 0.9648
vn 0.2632 -0.0000 0.9647
vn -0.2531 -0.0000 -0.9674
vn -0.8876 -0.0000 0.4606
vn -0.8877 -0.0000 0.4604
vn 0.8876 -0.0000 -0.4605
vn 0.8879 -0.0000 -0.4600
vn 0.8877 -0.0000 -0.4604
vn -0.8876 -0.0000 0.4605
vn -0.8877 -0.0000 0.4605
vn 0.8877 -0.0000 -0.4605
vn -0.8831 -0.0000 0.4691
vn 0.8831 -0.0000 -0.4692
vn -0.8831 -0.0000 0.4692
vn -0.8830 -0.0000 0.4693
vn -0.6320 -0.0000 0.7749
vn -0.6319 -0.0000 0.7751
vn 0.6320 -0.0000 -0.7750
vn 0.6320 -0.0000 -0.7749
vn 0.9247 -0.0000 0.3806
vn -0.9247 -0.0000 -0.3806
vn 0.9995 -0.0000 0.0300
vn 0.9995 -0.0000 0.0314
vn -0.9995 -0.0000 -0.0313
vn -0.9995 -0.0000 -0.0314
vn 0.9995 -0.0000 0.0313
vn -0.9986 -0.0000 -0.0525
vn 0.9986 -0.0000 0.0525
vn 0.9986 -0.0000 0.0526
vn -0.4664 -0.0000 -0.8845
vn -0.4661 -0.0000 -0.8847
vn 0.4661 -0.0000 0.8847
vn 0.4663 -0.0000 0.8846
vn -0.9986 -0.0000 -0.0526
vn 0.5174 -0.0000 0.8558
vn 0.5178 -0.0000 0.8555
vn 0.5173 -0.0000 0.8558
vn -0.5174 -0.0000 -0.8557
vn -0.5172 -0.0000 -0.8559
vn 0.3752 -0.0000 0.9270
vn 0.3756 -0.0000 0.9268
vn 0.3755 -0.0000 0.9268
vn -0.3755 -0.0000 -0.9268
vn 0.0239 -0.9997 0.0008
vn -0.9040 -0.0000 0.4275
vn -0.9042 -0.0000 0.4271
vn -0.0239 0.9997 -0.0008
vn 0.9041 -0.0000 -0.4273
vn 0.9042 -0.0000 -0.4271
vn 0.0400 -0.9992 -0.0012
vn -0.9973 -0.0000 -0.0737
vn -0.0400 0.9992 0.0012
vn 0.9973 -0.0000 0.0736
vn 0.9973 -0.0000 0.0737
vn -0.8879 -0.0000 0.4600
vn -0.8880 -0.0000 0.4598
vn 0.8880 -0.0000 -0.4598
vn -0.8100 -0.0000 -0.5865
vn 0.8100 -0.0000 0.5865
vn -0.8098 -0.0000 -0.5867
vn 0.8101 -0.0000 0.5863
vn 0.8099 -0.0000 0.5866
vn 0.8098 -0.0000 0.5867
vn 0.8100 -0.0000 0.5864
vn -0.8097 -0.0000 -0.5868
vn -0.8158 -0.0000 -0.5784
vn -0.8156 -0.0000 -0.5787
vn -0.8155 -0.0000 -0.5787
vn -0.8158 -0.0000 -0.5783
vn 0.8157 -0.0000 0.5785
vn 0.8158 -0.0000 0.5783
vn 0.8155 -0.0000 0.5787
vn -0.8300 -0.0000 -0.5577
vn 0.8300 -0.0000 0.5577
vn -0.8299 -0.0000 -0.5579
vn 0.8299 -0.0000 0.5579
vn -0.8298 -0.0000 -0.5580
vn -0.8301 -0.0000 -0.5577
vn 0.8301 -0.0000 0.5577
vn -0.8299 -0.0000 -0.5580
vn -0.8301 -0.0000 -0.5576
vn 0.8301 -0.0000 0.5576
vn -0.8152 -0.0000 -0.5792
vn 0.8154 -0.0000 0.5789
vn 0.8152 -0.0000 0.5792
vn -0.8152 -0.0000 -0.5791
vn -0.8150 -0.0000 -0.5795
vn -0.8155 -0.0000 -0.5788
vn 0.8150 -0.0000 0.5794
vn 0.8156 -0.0000 0.5787
vn 0.0080 -1.0000 -0.0027
vn 0.0079 -1.0000 -0.0028
vn -0.9378 -0.0000 0.3472
vn -0.9378 -0.0000 0.3470
vn -0.0079 1.0000 0.0027
vn -0.0080 1.0000 0.0027
vn 0.9378 -0.0000 -0.3470
vn 0.0079 -1.0000 -0.0027
vn -0.9379 -0.0000 0.3470
vn -0.0079 1.0000 0.0028
vn 0.9379 -0.0000 -0.3470
vn 0.0080 -1.0000 -0.0028
vn -0.9378 -0.0000 0.3471
vn 0.9378 -0.0000 -0.3472
vn -0.9379 -0.0000 0.3468
vn -0.0080 1.0000 0.0028
vn 0.9378 -0.0000 -0.3471
vn 0.0452 -0.9989 -0.0156
vn -0.9348 -0.0000 0.3552
vn -0.9348 -0.0000 0.3551
vn -0.0452 0.9989 0.0156
vn 0.9348 -0.0000 -0.3551
vn 0.9348 -0.0000 -0.3552
vn 0.9349 -0.0000 -0.3550
vn 0.9350 -0.0000 -0.3547
vn 0.0432 -0.9990 -0.0149
vn -0.9301 -0.0000 0.3674
vn -0.0432 0.9990 0.0149
vn 0.9301 -0.0000 -0.3674
vn 0.9301 -0.0000 -0.3672
vn -0.5311 -0.0000 -0.8473
vn 0.8473 -0.0000 -0.5311
vn 0.8473 -0.0002 -0.5311
vn 0.5311 -0.0000 0.8473
vn 0.5311 0.0001 0.8473
vn -0.8473 -0.0000 0.5311
vn -0.8473 -0.0005 0.5311
vn 0.5310 -0.0000 0.8473
vn -0.5310 -0.0000 -0.8473
vn 0.5312 -0.0000 0.8472
vn 0.5308 -0.0000 0.8475
vn -0.5313 -0.0000 -0.8472
vn -0.5310 -0.0000 -0.8474
vn -0.5312 -0.0000 -0.8472
vn -0.8473 -0.0000 0.5310
vn -0.8474 -0.0000 0.5310
vn -0.5156 -0.0000 -0.8568
vn -0.5162 -0.0000 -0.8565
vn -0.5161 -0.0000 -0.8565
vn 0.5162 -0.0000 0.8565
vn 0.5158 -0.0000 0.8567
vn 0.5157 -0.0000 0.8568
vn 0.5164 -0.0000 0.8563
vn -0.5158 -0.0000 -0.8567
vn -0.5309 -0.0000 -0.8474
vn 0.5310 -0.0000 0.8474
vn -0.5312 -0.0000 -0.8473
vn -0.5308 -0.0000 -0.8475
vn 0.8474 -0.0000 -0.5310
vn 0.5309 -0.0000 0.8474
vn 0.5312 -0.0000 0.8473
vn -1.0000 -0.0000 -0.0027
vn -0.0028 -0.0000 1.0000
vn -0.0031 -0.0000 1.0000
vn -0.9583 -0.0000 0.2858
vn 0.9583 -0.0000 -0.2858
vn 0.0003 -1.0000 0.0009
vn 0.2859 -0.0000 0.9583
vn -0.0003 1.0000 -0.0009
vn -0.2857 -0.0000 -0.9583
vn 0.2858 -0.0000 0.9583
vn -0.2858 -0.0000 -0.9583
vn -0.2859 -0.0000 -0.9583
vn 0.0006 -1.0000 0.0019
vn -0.0006 1.0000 -0.0019
vn -0.2856 -0.0000 -0.9583
vn -0.2859 -0.0000 -0.9582
vn 0.2763 -0.0000 0.9611
vn 0.0002 -1.0000 -0.0001
vn 0.9583 -0.0000 -0.2857
vn -0.0002 1.0000 0.0001
vn -0.9583 -0.0000 0.2857
vn 0.9583 -0.0000 -0.2859
vn -0.9582 -0.0000 0.2859
vn -0.9583 -0.0000 0.2859
vn -0.0003 -1.0000 -0.0009
vn 0.0003 1.0000 0.0009
vn -0.0006 -1.0000 -0.0019
vn 0.0006 1.0000 0.0019
vn -0.2802 -0.0000 -0.9599
vn -0.2819 -0.0000 -0.9594
vn 0.2802 -0.0000 0.9599
vn 0.2819 -0.0000 0.9595
vn -0.2767 -0.0000 -0.9610
vn 0.2767 -0.0000 0.9610
vn 0.2862 -0.0000 0.9582
vn -0.2763 -0.0000 -0.9611
vn -0.0025 -0.0000 1.0000
vn 0.0025 -0.0000 -1.0000
vn 0.0009 -1.0000 -0.0000
vn 1.0000 -0.0000 0.0025
vn -0.0009 1.0000 -0.0000
vn -1.0000 -0.0000 -0.0025
vn 0.0019 -1.0000 -0.0000
vn -0.0019 1.0000 -0.0000
vn 1.0000 -0.0000 0.0024
vn 1.0000 -0.0000 -0.0005
vn -0.0000 -1.0000 -0.0002
vn -0.0000 1.0000 0.0002
vn -0.0009 -1.0000 -0.0000
vn 0.0009 1.0000 -0.0000
vn -0.0019 -1.0000 -0.0000
vn 0.0019 1.0000 -0.0000
vn -1.0000 -0.0000 -0.0024
vn -1.0000 -0.0000 -0.0007
vn -1.0000 -0.0000 -0.0012
vn 1.0000 -0.0000 0.0007
vn 1.0000 -0.0000 0.0012
vn -1.0000 -0.0000 0.0004
vn 1.0000 -0.0000 -0.0004
vn -1.0000 -0.0000 0.0005
vn -1.0000 -0.0000 0.0034
vn 1.0000 -0.0000 -0.0034
vn -0.0000 -1.0000 0.0009
vn 0.0030 -0.0000 1.0000
vn 0.0033 -0.0000 1.0000
vn 0.0036 -0.0000 1.0000
vn -0.0000 1.0000 -0.0009
vn -0.0036 -0.0000 -1.0000
vn -0.0033 -0.0000 -1.0000
vn -0.0030 -0.0000 -1.0000
vn 0.0032 -0.0000 1.0000
vn 0.0034 -0.0000 1.0000
vn -0.0031 -0.0000 -1.0000
vn -0.0028 -0.0000 -1.0000
vn -0.0000 -1.0000 0.0019
vn 0.0035 -0.0000 1.0000
vn -0.0000 1.0000 -0.0019
vn -0.0034 -0.0000 -1.0000
vn -0.0032 -0.0000 -1.0000
vn 0.0064 -0.0000 1.0000
vn 0.0002 -1.0000 -0.0000
vn 1.0000 -0.0000 -0.0033
vn -0.0002 1.0000 -0.0000
vn -1.0000 -0.0000 0.0033
vn -1.0000 0.0004 0.0034
vn -0.0000 -1.0000 -0.0009
vn -0.0000 1.0000 0.0009
vn 0.0042 -0.0000 1.0000
vn 0.0039 -0.0000 1.0000
vn 0.0040 -0.0000 1.0000
vn -0.0000 -1.0000 -0.0019
vn -0.0000 1.0000 0.0019
vn 0.0028 -0.0004 1.0000
vn 0.0031 -0.0002 1.0000
vn 0.0033 -0.0001 1.0000
vn -0.0035 -0.0000 -1.0000
vn -0.0052 -0.0000 -1.0000
vn -0.0047 -0.0000 -1.0000
vn 0.0052 -0.0000 1.0000
vn 0.0047 -0.0000 1.0000
vn -0.0063 -0.0000 -1.0000
vn 0.0063 -0.0000 1.0000
vn -0.0064 -0.0000 -1.0000
vn -0.9139 -0.0000 0.4060
vn 0.9139 -0.0000 -0.4060
vn 0.0004 -1.0000 0.0009
vn 0.3844 -0.0000 0.9232
vn 0.3839 -0.0000 0.9234
vn 0.3833 -0.0000 0.9236
vn -0.0004 1.0000 -0.0009
vn -0.3841 -0.0000 -0.9233
vn -0.3838 -0.0000 -0.9234
vn -0.3840 -0.0000 -0.9233
vn -0.3839 -0.0000 -0.9234
vn 0.3836 -0.0000 0.9235
vn 0.3835 -0.0000 0.9235
vn 0.3837 -0.0000 0.9234
vn -0.3837 -0.0000 -0.9234
vn -0.3833 -0.0000 -0.9236
vn 0.9139 -0.0000 -0.4059
vn 0.0007 -1.0000 0.0018
vn 0.3834 -0.0000 0.9236
vn -0.0007 1.0000 -0.0018
vn -0.3836 -0.0000 -0.9235
vn -0.3835 -0.0000 -0.9235
vn 0.3841 -0.0000 0.9233
vn 0.3838 -0.0000 0.9234
vn 0.3837 -0.0000 0.9235
vn -0.3837 -0.0000 -0.9235
vn -0.5011 -0.0000 0.8654
vn 0.5011 -0.0000 -0.8654
vn 0.0010 -1.0000 -0.0004
vn 0.9436 -0.0000 -0.3312
vn -0.0010 1.0000 0.0004
vn -0.9436 -0.0000 0.3312
vn 0.3540 -0.0000 0.9352
vn -0.3540 -0.0000 -0.9352
vn 0.0009 -1.0000 -0.0003
vn -0.0009 1.0000 0.0003
vn 0.3867 -0.0000 0.9222
vn -0.9139 -0.0000 0.4059
vn 0.9138 -0.0000 -0.4061
vn -0.9138 -0.0000 0.4061
vn -0.0004 -1.0000 -0.0009
vn -0.3834 -0.0000 -0.9236
vn 0.0004 1.0000 0.0009
vn -0.0007 -1.0000 -0.0018
vn 0.0007 1.0000 0.0018
vn -0.9139 0.0001 0.4059
vn 0.3839 0.0001 0.9234
vn 0.3837 0.0002 0.9235
vn 0.9139 0.0002 -0.4059
vn -0.3835 -0.0000 -0.9236
vn 0.3837 0.0001 0.9235
vn 0.3837 0.0002 0.9234
vn 0.9139 -0.0002 -0.4060
vn 0.3835 -0.0000 0.9236
vn -0.3540 -0.0000 -0.9353
vn -0.4018 -0.0000 -0.9157
vn -0.4189 -0.0000 -0.9080
vn -0.4007 -0.0000 -0.9162
vn -0.4009 -0.0000 -0.9161
vn -0.3852 -0.0000 -0.9228
vn -0.3851 -0.0000 -0.9229
vn 0.3852 -0.0000 0.9228
vn 0.3851 -0.0000 0.9229
vn 0.3612 -0.0000 0.9325
vn 0.3618 -0.0000 0.9323
vn 0.3389 -0.0000 0.9408
vn 0.3610 -0.0000 0.9326
vn 0.9600 -0.0000 -0.2799
vn -0.3866 -0.0000 -0.9222
vn 0.3866 -0.0000 0.9222
vn 0.3933 -0.0000 0.9194
vn 0.3973 -0.0000 0.9177
vn 0.3969 -0.0000 0.9178
vn 0.4039 -0.0000 0.9148
vn 0.4023 -0.0000 0.9155
vn 0.3922 -0.0000 0.9199
vn 0.3910 -0.0000 0.9204
vn -0.3922 -0.0000 -0.9199
vn -0.3910 -0.0000 -0.9204
vn -0.4040 -0.0000 -0.9148
vn -0.4024 -0.0000 -0.9155
vn -0.3934 -0.0000 -0.9194
vn -0.3968 -0.0000 -0.9179
vn -0.3837 -0.0001 -0.9235
vn -0.3932 -0.0000 -0.9195
vn -0.3867 -0.0000 -0.9222
vn -0.9525 -0.0000 0.3046
vn 0.9525 -0.0000 -0.3046
vn 0.0002 -1.0000 0.0009
vn 0.2021 -0.0000 0.9794
vn 0.2019 -0.0000 0.9794
vn 0.2018 -0.0000 0.9794
vn 0.2017 -0.0000 0.9795
vn -0.0002 1.0000 -0.0009
vn -0.2017 -0.0000 -0.9795
vn -0.2018 -0.0000 -0.9794
vn -0.2019 -0.0000 -0.9794
vn -0.2021 -0.0000 -0.9794
vn -0.7257 -0.0000 0.6881
vn -0.7256 -0.0000 0.6881
vn 0.7256 -0.0000 -0.6881
vn 0.7257 -0.0000 -0.6881
vn 0.0003 -1.0000 0.0004
vn 0.5782 -0.0000 0.8159
vn 0.5781 -0.0000 0.8159
vn 0.5780 -0.0000 0.8160
vn -0.0003 1.0000 -0.0004
vn -0.5782 -0.0000 -0.8159
vn -0.9588 -0.0000 0.2842
vn 0.9587 -0.0000 -0.2843
vn 0.9588 -0.0000 -0.2842
vn 0.9588 -0.0000 -0.2843
vn 0.2843 -0.0000 0.9587
vn -0.2844 -0.0000 -0.9587
vn -0.5780 -0.0000 -0.8160
vn 0.1963 -0.0000 0.9805
vn 0.0001 -1.0000 -0.0000
vn 0.0001 -1.0000 -0.0001
vn 0.9525 -0.0000 -0.3045
vn -0.0001 1.0000 -0.0000
vn -0.9524 -0.0000 0.3047
vn 0.9524 -0.0000 -0.3048
vn -0.9525 -0.0000 0.3045
vn -0.0002 -1.0000 -0.0009
vn 0.0002 1.0000 0.0009
vn 0.9843 -0.0000 -0.1765
vn -0.9843 -0.0000 0.1765
vn -0.1763 -0.0000 -0.9843
vn -0.1764 -0.0000 -0.9843
vn -0.1765 -0.0000 -0.9843
vn -0.1767 -0.0000 -0.9843
vn 0.1763 -0.0000 0.9843
vn 0.1764 -0.0000 0.9843
vn 0.1765 -0.0000 0.9843
vn 0.1767 -0.0000 0.9843
vn -0.0003 -1.0000 -0.0019
vn -0.1766 -0.0000 -0.9843
vn 0.0003 1.0000 0.0019
vn 0.1766 -0.0000 0.9843
vn -0.4261 -0.0000 -0.9047
vn -0.5781 -0.0000 -0.8160
vn -0.4579 -0.0000 -0.8890
vn -0.2384 -0.0000 -0.9712
vn -0.2487 -0.0000 -0.9686
vn 0.0725 -0.0000 0.9974
vn 0.1401 -0.0000 0.9901
vn 0.1301 -0.0000 0.9915
vn 0.0723 -0.0000 0.9974
vn 0.1403 -0.0000 0.9901
vn 0.5781 -0.0000 0.8160
vn -0.1965 -0.0000 -0.9805
vn 0.1965 -0.0000 0.9805
vn 0.1810 -0.0000 0.9835
vn 0.1797 -0.0000 0.9837
vn 0.1844 -0.0000 0.9829
vn -0.1791 -0.0000 -0.9838
vn -0.1807 -0.0000 -0.9835
vn -0.1783 -0.0000 -0.9840
vn -0.1963 -0.0000 -0.9805
vn -0.6957 -0.0000 -0.7184
vn 0.6937 -0.0000 0.7203
vn -0.0344 -0.9990 0.0273
vn -0.0342 -0.9990 0.0276
vn -0.0344 -0.9990 0.0274
vn -0.0341 -0.9990 0.0276
vn -0.7833 -0.0000 0.6217
vn 0.0342 0.9990 -0.0276
vn 0.0344 0.9990 -0.0273
vn 0.7778 -0.0000 -0.6285
vn 0.7778 -0.0000 -0.6286
vn 0.7777 -0.0000 -0.6286
vn 0.7777 -0.0000 -0.6287
vn -0.6754 -0.0000 -0.7374
vn 0.6734 -0.0000 0.7393
vn -0.0337 -0.9991 0.0273
vn -0.0335 -0.9991 0.0275
vn -0.0334 -0.9991 0.0275
vn -0.7771 -0.0000 0.6294
vn 0.0335 0.9991 -0.0276
vn 0.0337 0.9991 -0.0273
vn 0.7718 -0.0000 -0.6359
vn 0.7717 -0.0000 -0.6360
vn 0.6803 -0.0000 0.7330
vn 0.7774 -0.0000 -0.6290
vn 0.7752 -0.0000 -0.6317
vn 0.7770 -0.0000 -0.6295
vn 0.7769 -0.0000 -0.6296
vn 0.7791 -0.0000 -0.6269
vn -0.7800 -0.0000 0.6257
vn -0.7802 -0.0000 0.6255
vn -0.7800 -0.0000 0.6258
vn -0.7798 -0.0000 0.6261
vn -0.7801 -0.0000 0.6257
vn -0.7798 -0.0000 0.6260
vn 0.6673 -0.0000 0.7448
vn -0.6653 -0.0000 -0.7466
vn -0.6652 -0.0000 -0.7467
vn 0.0355 -0.9990 -0.0260
vn 0.0352 -0.9990 -0.0262
vn 0.0354 -0.9990 -0.0260
vn 0.8066 0.0003 -0.5910
vn 0.8067 0.0002 -0.5910
vn 0.8067 0.0001 -0.5909
vn 0.8067 -0.0000 -0.5909
vn -0.0352 0.9990 0.0263
vn -0.0354 0.9990 0.0260
vn -0.0354 0.9990 0.0259
vn -0.8015 -0.0000 0.5980
vn -0.8014 -0.0000 0.5981
vn 0.6463 -0.0000 0.7631
vn 0.6463 -0.0000 0.7630
vn -0.6442 -0.0000 -0.7648
vn -0.6442 -0.0000 -0.7649
vn 0.0348 -0.9991 -0.0260
vn 0.0345 -0.9991 -0.0262
vn 0.0347 -0.9991 -0.0260
vn 0.8009 -0.0000 -0.5988
vn -0.0345 0.9991 0.0263
vn -0.0347 0.9991 0.0260
vn -0.0345 0.9991 0.0262
vn -0.7958 -0.0000 0.6055
vn -0.7958 -0.0000 0.6056
vn -0.6514 -0.0000 -0.7588
vn -0.8012 -0.0000 0.5984
vn -0.7991 -0.0000 0.6012
vn -0.8008 -0.0000 0.5990
vn -0.8029 -0.0000 0.5961
vn 0.8037 -0.0000 -0.5950
vn 0.8039 -0.0000 -0.5948
vn 0.8037 -0.0000 -0.5951
vn 0.8035 -0.0000 -0.5953
vn 0.8035 -0.0000 -0.5954
vn -0.2860 -0.0000 -0.9582
vn 0.2860 -0.0000 0.9582
vn 0.2857 -0.0000 0.9583
vn 0.2856 -0.0000 0.9583
vn 0.2856 -0.0000 0.9584
vn -0.9583 -0.0000 0.2856
vn -0.9999 -0.0000 -0.0164
vn 0.9999 -0.0000 0.0164
vn -0.0164 -0.0000 0.9999
vn 0.0165 -0.0000 -0.9999
vn 0.0166 -0.0000 -0.9999
vn 0.9999 -0.0000 0.0167
vn -0.9999 -0.0000 -0.0167
vn -0.0167 -0.0000 0.9999
vn 0.6639 -0.0000 -0.7478
vn 0.6638 -0.0000 -0.7479
vn -0.6639 -0.0000 0.7479
vn -0.6641 -0.0000 0.7477
vn -0.6638 -0.0000 0.7479
vn -0.6640 -0.0000 0.7477
vn -0.6639 -0.0000 0.7478
vn 0.6640 -0.0000 -0.7477
vn 0.6641 -0.0000 -0.7477
vn -0.7445 -0.0000 -0.6676
vn -0.7446 -0.0000 -0.6675
vn -0.6642 -0.0000 0.7475
vn -0.6642 -0.0000 0.7476
vn 0.7444 -0.0000 0.6677
vn -0.6641 -0.0000 0.7476
vn 0.6640 -0.0000 -0.7478
vn -0.7442 -0.0000 -0.6679
vn -0.7442 -0.0000 -0.6680
vn 0.7444 -0.0000 0.6678
vn 1.0000 -0.0000 -0.0000
vn -0.0000 -0.0000 1.0000
vn -0.0000 -0.0000 -1.0000
vn -1.0000 -0.0007 -0.0000
vn -1.0000 -0.0009 -0.0000
vn -1.0000 -0.0000 -0.0000
vn -0.8121 -0.0000 0.5836
vn 0.8121 -0.0000 -0.5836
vn 0.5836 -0.0000 0.8121
vn -0.5836 -0.0000 -0.8121
vn -0.8120 -0.0000 0.5836
vn 0.8120 -0.0000 -0.5836
vn 0.2838 -0.0000 0.9589
vn -0.2838 -0.0000 -0.9589
vn 0.9589 -0.0000 -0.2838
vn -0.9589 -0.0000 0.2838
vn -0.2839 -0.0000 -0.9589
vn 0.0013 -0.0000 -1.0000
vn 0.0012 -0.0000 -1.0000
vn -0.0013 -0.0000 1.0000
vn -1.0000 -0.0000 -0.0013
vn 1.0000 -0.0000 0.0013
vn -0.0012 -0.0000 1.0000
vn -0.0117 -0.0000 -0.9999
vn -0.0118 -0.0000 -0.9999
vn 0.0117 -0.0000 0.9999
vn 0.0118 -0.0000 0.9999
vn -0.9999 -0.0000 0.0117
vn 0.9999 -0.0000 -0.0117
vn 0.0115 -0.0000 0.9999
vn 0.6570 -0.0000 -0.7539
vn -0.6570 -0.0000 0.7539
vn 0.7540 -0.0000 0.6569
vn 0.7539 -0.0000 0.6570
vn 0.6569 -0.0000 -0.7539
vn -0.7539 -0.0000 -0.6569
vn -0.7539 -0.0000 -0.6570
vn -0.7540 -0.0000 -0.6569
vn -0.6569 -0.0000 0.7539
vn 0.6661 -0.0000 -0.7459
vn -0.6661 -0.0000 0.7459
vn 0.7459 -0.0000 0.6661
vn 0.7458 -0.0000 0.6661
vn -0.7459 -0.0000 -0.6661
vn -0.7458 -0.0000 -0.6661
vn 0.9057 -0.0000 -0.4239
vn -0.9057 -0.0000 0.4239
vn -0.4239 -0.0000 -0.9057
vn 0.4239 -0.0000 0.9057
vn 0.2499 -0.0000 0.9683
vn 0.2501 -0.0000 0.9682
vn -0.2500 -0.0000 -0.9683
vn 0.3077 -0.9481 -0.0795
vn 0.3078 -0.9481 -0.0794
vn 0.9682 -0.0000 -0.2502
vn -0.3077 0.9482 0.0794
vn -0.3078 0.9481 0.0795
vn -0.9683 -0.0000 0.2499
vn 0.2500 -0.0000 0.9683
vn -0.2500 -0.0000 -0.9682
vn -0.2501 -0.0000 -0.9682
vn -0.9683 -0.0000 0.2498
vn -0.9683 -0.0000 0.2500
vn -0.2499 -0.0000 -0.9683
vn 0.2500 -0.0000 0.9682
vn 0.3077 -0.9482 -0.0794
vn 0.3077 -0.9481 -0.0794
vn 0.9683 -0.0000 -0.2499
vn -0.3078 0.9481 0.0794
vn -0.2498 -0.0000 -0.9683
vn -0.2497 -0.0000 -0.9683
vn 0.2498 -0.0000 0.9683
vn -0.0004 -1.0000 0.0001
vn 0.9682 -0.0000 -0.2500
vn 0.0004 1.0000 -0.0001
vn -0.9682 -0.0000 0.2500
vn 0.9683 -0.0000 -0.2498
vn 0.9681 -0.0000 -0.2507
vn 0.9681 -0.0000 -0.2508
vn 0.9681 -0.0000 -0.2506
vn 0.2829 -0.0000 0.9592
vn 0.2829 -0.0000 0.9591
vn -0.2829 -0.0000 -0.9591
vn 0.3048 -0.9482 -0.0899
vn 0.3049 -0.9481 -0.0899
vn 0.9592 -0.0000 -0.2827
vn 0.9592 -0.0000 -0.2826
vn -0.3049 0.9481 0.0899
vn -0.3049 0.9482 0.0899
vn -0.9591 -0.0000 0.2829
vn -0.9591 -0.0000 0.2830
vn 0.2828 -0.0000 0.9592
vn -0.2828 -0.0000 -0.9592
vn -0.2827 -0.0000 -0.9592
vn -0.2831 -0.0000 -0.9591
vn -0.2829 -0.0000 -0.9592
vn -0.9592 -0.0000 0.2828
vn -0.9592 -0.0000 0.2827
vn -0.9593 -0.0000 0.2825
vn 0.3049 -0.9481 -0.0900
vn 0.9591 -0.0000 -0.2830
vn 0.9591 -0.0000 -0.2829
vn -0.3048 0.9481 0.0900
vn -0.3048 0.9481 0.0899
vn 0.2827 -0.0000 0.9592
vn 0.2830 -0.0000 0.9591
vn 0.9592 -0.0000 -0.2829
vn 0.9591 -0.0000 -0.2831
vn 0.9592 -0.0000 -0.2828
vn -0.9592 -0.0000 0.2826
vn -0.9593 -0.0000 0.2826
vn 0.3178 -0.9481 -0.0000
vn -0.3178 0.9481 -0.0000
vn -0.0004 -1.0000 -0.0000
vn 0.0004 1.0000 -0.0000
vn 0.9998 -0.0000 0.0178
vn -0.9998 -0.0000 -0.0178
vn 0.9998 -0.0000 0.0177
vn -0.9998 -0.0000 -0.0177
vn -0.0087 -0.0000 1.0000
vn 0.0087 -0.0000 -1.0000
vn 1.0000 -0.0000 0.0086
vn -1.0000 -0.0000 -0.0088
vn -1.0000 -0.0000 -0.0089
vn -0.8383 -0.0000 0.5453
vn 0.8383 -0.0000 -0.5452
vn 0.8383 -0.0000 -0.5453
vn 0.5452 -0.0000 0.8383
vn -0.5457 -0.0000 -0.8380
vn -0.5455 -0.0000 -0.8381
vn -0.5453 -0.0000 -0.8382
vn -0.5452 -0.0000 -0.8383
vn -0.4298 -0.0000 0.9029
vn 0.4298 -0.0000 -0.9029
vn 0.9152 -0.0000 0.4030
vn 0.9151 -0.0000 0.4031
vn 0.9151 -0.0000 0.4032
vn -0.9149 -0.0000 -0.4037
vn -0.9149 -0.0000 -0.4036
vn -0.9150 -0.0000 -0.4035
vn -0.2834 -0.0000 -0.9590
vn 0.2834 -0.0000 0.9590
vn -0.9581 -0.0000 0.2866
vn 0.9581 -0.0000 -0.2866
vn -0.8376 -0.0000 0.5463
vn -0.8375 -0.0000 0.5464
vn 0.8376 -0.0000 -0.5463
vn -0.5456 -0.0000 -0.8381
vn -0.2866 -0.0000 -0.9580
vn 0.2866 -0.0000 0.9580
vn 0.2866 -0.0000 0.9581
vn -0.9580 -0.0000 0.2866
vn -0.9580 -0.0000 0.2867
vn 0.9580 -0.0000 -0.2866
vn 0.9580 -0.0000 -0.2867
vn -0.8039 -0.0000 0.5948
vn -0.8040 -0.0000 0.5947
vn 0.8039 -0.0000 -0.5947
vn 0.5979 -0.0000 0.8016
vn 0.5978 -0.0000 0.8017
vn 0.5976 -0.0000 0.8018
vn 0.5975 -0.0000 0.8019
vn -0.5980 -0.0000 -0.8015
vn -0.5977 -0.0000 -0.8017
vn -0.5973 -0.0000 -0.8020
vn -0.5971 -0.0000 -0.8022
vn 0.8642 -0.0000 0.5031
vn -0.8643 -0.0000 -0.5031
vn -0.8642 -0.0000 -0.5031
vn 0.5002 -0.0000 -0.8659
vn -0.5002 -0.0000 0.8659
vn 0.8921 -0.0000 -0.4518
vn -0.8921 -0.0000 0.4518
vn -0.4549 -0.0000 -0.8905
vn 0.4549 -0.0000 0.8905
vn -0.4544 -0.0000 -0.8908
vn -0.4547 -0.0000 -0.8906
vn -0.4552 -0.0000 -0.8904
vn -0.4554 -0.0000 -0.8903
vn 0.9998 -0.0000 0.0176
vn -0.9998 -0.0000 -0.0176
vn 0.9659 -0.0000 0.2588
vn 0.7071 -0.0000 0.7071
vn 0.2588 -0.0000 0.9659
vn -0.2588 -0.0000 0.9659
vn -0.5000 -0.0000 0.8660
vn -0.8660 -0.0000 0.5000
vn -0.9659 -0.0000 0.2588
vn -0.9659 -0.0000 -0.2588
vn -0.8660 -0.0000 -0.5000
vn -0.5000 -0.0000 -0.8660
vn -0.2588 -0.0000 -0.9659
vn 0.2588 -0.0000 -0.9659
vn 0.7071 -0.0000 -0.7071
vn 0.9659 -0.0000 -0.2588
vn 0.9514 -0.0000 -0.3079
vn -0.9514 -0.0000 0.3079
vt 2.000000 1.000000
vt 0.000000 1.000000
vt 2.000000 2.000000
vt 0.000000 2.000000
vt 0.001998 1.000500
vt 3.998001 1.000500
vt 3.998001 1.999501
vt 0.001998 1.999501
vt 0.001999 1.000500
vt 1.006364 1.000500
vt 3.998002 1.999501
vt 0.001999 1.999501
vt 3.002195 1.000500
vt 0.001997 1.000500
vt 1.020595 1.000500
vt 3.998000 1.999501
vt 0.001997 1.999501
vt 3.998000 1.000500
vt 3.018770 1.000500
vt 3.998002 1.000500
vt -1.060428 1.999501
vt -3.559195 1.999501
vt -1.060428 1.000499
vt -3.559195 1.000499
vt 5.559195 1.999501
vt 5.559195 1.000499
vt 3.060428 1.999501
vt 3.060428 1.000499
vt 1.998998 1.999501
vt 0.000998 1.999501
vt 1.998998 1.000499
vt 0.000998 1.000499
vt 3.998002 1.000499
vt 0.001998 1.000506
vt 3.998002 1.999494
vt 0.001998 1.744853
vt 3.998002 1.744853
vt 0.001998 1.255147
vt 3.998002 1.255147
vt 3.998000 1.999499
vt 0.001998 1.000502
vt 3.998000 1.000499
vt 3.539656 1.884913
vt 0.001998 1.884915
vt 3.998000 1.884913
vt 0.000100 1.999500
vt 0.000100 1.000504
vt 0.199900 1.999501
vt 0.199900 1.000505
vt 0.000100 1.000499
vt 0.000100 1.999495
vt 0.199900 1.000500
vt 0.199900 1.999496
vt 3.997998 1.999501
vt 3.997998 1.000500
vt 0.985824 1.999501
vt 0.985824 1.000500
vt 2.062122 1.999501
vt 2.062122 1.000500
vt 2.795880 1.999500
vt 2.795880 1.000499
vt 1.998999 1.999500
vt 0.000999 1.999501
vt 1.998999 1.000499
vt 0.000999 1.000499
vt 1.204120 1.999500
vt 1.204120 1.000499
vt 1.937877 1.999501
vt 1.937877 1.000500
vt 3.014176 1.999501
vt 3.014176 1.000500
vt -1.167773 1.999501
vt -1.167773 1.000499
vt 3.167772 1.000499
vt 3.167772 1.999501
vt 3.167773 1.000499
vt 3.167773 1.999500
vt -1.167772 1.999500
vt -1.167772 1.000499
vt 0.001998 1.999500
vt 0.001998 1.000514
vt 3.998002 1.999487
vt 1.506946 1.001499
vt 0.109742 1.001499
vt 1.506946 3.998501
vt 0.109743 3.998501
vt 1.999001 1.999496
vt 0.000999 1.999505
vt 0.000999 1.000505
vt 1.999001 1.000496
vt 1.999001 1.000499
vt 1.999001 2.000000
vt 0.000999 2.000000
vt 2.002692 0.998865
vt 0.004690 0.998865
vt 2.002692 1.999501
vt 0.004690 1.999501
vt 2.257747 1.999500
vt 2.210200 1.000499
vt 0.307293 1.999500
vt 0.259745 1.000499
vt 8.000000 2.000000
vt 0.000500 1.999501
vt 0.000500 1.000505
vt 0.999499 1.999500
vt 0.999499 1.000504
vt 0.999500 1.000499
vt 0.000501 1.000500
vt 0.999500 1.999495
vt 0.000501 1.999496
vt 0.002997 1.999498
vt 0.002997 1.000498
vt 5.997003 1.999502
vt 5.997003 1.000502
vt 5.997003 1.999492
vt 0.002997 1.999501
vt 0.002997 1.000508
vt 5.997003 1.000500
vt 6.493426 1.000546
vt 0.148476 1.000568
vt 0.009990 1.999500
vt 6.444210 1.999485
vt 13.012972 2.084804
vt 26.834301 2.084803
vt 26.931416 2.048409
vt 12.915625 2.048409
vt 13.481218 1.000523
vt 13.530316 1.999462
vt 19.851288 1.000500
vt 19.990009 1.999451
vt 13.012972 1.100321
vt 26.834301 1.100320
vt 0.000999 1.000506
vt 1.999001 1.999494
vt 1.999001 1.000506
vt 0.000999 1.999494
vt 1.999001 1.999501
vt 1.998989 1.000499
vt 1.998989 1.999501
s 1
usemtl GURDRA.058
f 1/1/1 2/2/1 3/3/1
f 4/4/1 3/3/1 2/2/1
f 5/1/2 1/2/2 6/3/2
f 3/4/3 6/3/3 1/2/3
f 7/1/4 5/2/4 8/3/4
f 6/4/4 8/3/4 5/2/4
f 2/1/5 7/2/5 4/3/5
f 8/4/6 4/3/6 7/2/6
f 9/1/1 10/2/1 11/3/1
f 12/4/1 11/3/1 10/2/1
f 13/1/7 9/2/7 14/3/7
f 11/4/7 14/3/7 9/2/7
f 15/1/4 13/2/4 16/3/4
f 14/4/4 16/3/4 13/2/4
f 10/1/8 15/2/8 12/3/8
f 16/4/9 12/3/9 15/2/9
f 17/1/1 18/2/1 19/3/1
f 20/4/1 19/3/1 18/2/1
f 21/1/7 17/2/7 22/3/7
f 19/4/7 22/3/7 17/2/7
f 23/1/4 21/2/4 24/3/4
f 22/4/4 24/3/4 21/2/4
f 18/1/8 23/2/10 20/3/8
f 24/4/9 20/3/9 23/2/9
f 25/1/1 26/2/1 27/3/1
f 28/4/1 27/3/1 26/2/1
f 29/1/7 25/2/11 30/3/7
f 27/4/12 30/3/12 25/2/12
f 31/1/4 29/2/4 32/3/4
f 30/4/4 32/3/4 29/2/4
f 26/1/8 31/2/8 28/3/8
f 32/4/8 28/3/8 31/2/8
f 33/1/1 34/2/1 35/3/1
f 36/4/1 35/3/1 34/2/1
f 37/1/7 33/2/7 38/3/7
f 35/4/12 38/3/12 33/2/12
f 39/1/4 37/2/4 40/3/4
f 38/4/4 40/3/4 37/2/4
f 34/1/8 39/2/8 36/3/8
f 40/4/9 36/3/9 39/2/9
f 41/1/1 42/2/1 43/3/1
f 44/4/1 43/3/1 42/2/1
f 45/1/7 41/2/7 46/3/7
f 43/4/7 46/3/7 41/2/7
f 47/1/4 45/2/4 48/3/4
f 46/4/4 48/3/4 45/2/4
f 42/1/8 47/2/8 44/3/8
f 48/4/8 44/3/8 47/2/8
f 49/1/1 50/2/1 51/3/1
f 52/4/1 51/3/1 50/2/1
f 53/1/13 49/2/13 54/3/13
f 51/4/14 54/3/14 49/2/14
f 55/1/4 53/2/4 56/3/4
f 54/4/4 56/3/4 53/2/4
f 50/1/15 55/2/15 52/3/15
f 56/4/15 52/3/15 55/2/15
f 57/1/1 58/2/1 59/3/1
f 60/4/1 59/3/1 58/2/1
f 61/1/16 57/2/16 62/3/16
f 59/4/17 62/3/17 57/2/17
f 63/1/4 61/2/4 64/3/4
f 62/4/4 64/3/4 61/2/4
f 58/1/18 63/2/18 60/3/18
f 64/4/19 60/3/19 63/2/19
f 65/1/1 66/2/1 67/3/1
f 68/4/1 67/3/1 66/2/1
f 69/1/20 65/2/20 70/3/20
f 67/4/17 70/3/17 65/2/17
f 71/1/4 69/2/4 72/3/4
f 70/4/4 72/3/4 69/2/4
f 66/1/18 71/2/18 68/3/18
f 72/4/18 68/3/18 71/2/18
f 73/1/1 74/2/1 75/3/1
f 76/4/1 75/3/1 74/2/1
f 77/1/21 73/2/21 78/3/21
f 75/4/16 78/3/16 73/2/16
f 79/1/4 77/2/4 80/3/4
f 78/4/4 80/3/4 77/2/4
f 74/1/19 79/2/19 76/3/19
f 80/4/22 76/3/22 79/2/22
f 81/1/1 82/2/1 83/3/1
f 84/4/1 83/3/1 82/2/1
f 85/1/23 81/2/23 86/3/23
f 83/4/17 86/3/17 81/2/17
f 87/1/4 85/2/4 88/3/4
f 86/4/4 88/3/4 85/2/4
f 82/1/18 87/2/18 84/3/18
f 88/4/24 84/3/24 87/2/24
f 89/1/1 90/2/1 91/3/1
f 92/4/1 91/3/1 90/2/1
f 93/1/25 89/2/26 94/3/25
f 91/4/27 94/3/27 89/2/27
f 95/1/4 93/2/4 96/3/4
f 94/4/4 96/3/4 93/2/4
f 90/1/28 95/2/28 92/3/28
f 96/4/29 92/3/30 95/2/29
f 97/1/1 98/2/1 99/3/1
f 100/4/1 99/3/1 98/2/1
f 101/1/31 97/2/31 102/3/31
f 99/4/31 102/3/31 97/2/31
f 103/1/4 101/2/4 104/3/4
f 102/4/4 104/3/4 101/2/4
f 98/1/32 103/2/32 100/3/32
f 104/4/32 100/3/32 103/2/32
f 105/1/1 106/2/1 107/3/1
f 108/4/1 107/3/1 106/2/1
f 109/1/33 105/2/33 110/3/33
f 107/4/33 110/3/33 105/2/33
f 111/1/4 109/2/4 112/3/4
f 110/4/4 112/3/4 109/2/4
f 106/1/34 111/2/34 108/3/34
f 112/4/35 108/3/35 111/2/35
f 113/1/1 114/2/1 115/3/1
f 116/4/1 115/3/1 114/2/1
f 117/1/36 113/2/36 118/3/36
f 115/4/33 118/3/33 113/2/33
f 119/1/4 117/2/4 120/3/4
f 118/4/4 120/3/4 117/2/4
f 114/1/35 119/2/35 116/3/35
f 120/4/35 116/3/35 119/2/35
f 121/1/1 122/2/1 123/3/1
f 124/4/1 123/3/1 122/2/1
f 125/1/33 121/2/33 126/3/33
f 123/4/33 126/3/33 121/2/33
f 127/1/4 125/2/4 128/3/4
f 126/4/4 128/3/4 125/2/4
f 122/1/35 127/2/35 124/3/35
f 128/4/35 124/3/35 127/2/35
f 129/1/1 130/2/1 131/3/1
f 132/4/1 131/3/1 130/2/1
f 133/1/33 129/2/33 134/3/33
f 131/4/36 134/3/36 129/2/36
f 135/1/4 133/2/4 136/3/4
f 134/4/4 136/3/4 133/2/4
f 130/1/35 135/2/35 132/3/35
f 136/4/35 132/3/35 135/2/35
f 137/1/1 138/2/1 139/3/1
f 140/4/1 139/3/1 138/2/1
f 141/1/37 137/2/37 142/3/37
f 139/4/37 142/3/37 137/2/37
f 143/1/4 141/2/4 144/3/4
f 142/4/4 144/3/4 141/2/4
f 138/1/38 143/2/38 140/3/38
f 144/4/38 140/3/38 143/2/38
f 145/1/1 146/2/1 147/3/1
f 148/4/1 147/3/1 146/2/1
f 149/1/37 145/2/37 150/3/37
f 147/4/37 150/3/37 145/2/37
f 151/1/4 149/2/4 152/3/4
f 150/4/4 152/3/4 149/2/4
f 146/1/38 151/2/38 148/3/38
f 152/4/38 148/3/38 151/2/38
f 153/1/1 154/2/1 155/3/1
f 156/4/1 155/3/1 154/2/1
f 157/1/39 153/2/39 158/3/39
f 155/4/39 158/3/39 153/2/39
f 159/1/4 157/2/4 160/3/4
f 158/4/4 160/3/4 157/2/4
f 154/1/40 159/2/40 156/3/40
f 160/4/41 156/3/42 159/2/41
f 161/1/1 162/2/1 163/3/1
f 164/4/1 163/3/1 162/2/1
f 165/1/39 161/2/39 166/3/39
f 163/4/43 166/3/43 161/2/43
f 167/1/4 165/2/4 168/3/4
f 166/4/4 168/3/4 165/2/4
f 162/1/41 167/2/44 164/3/41
f 168/4/45 164/3/45 167/2/45
f 169/1/1 170/2/1 171/3/1
f 172/4/1 171/3/1 170/2/1
f 173/1/46 169/2/46 174/3/46
f 171/4/46 174/3/46 169/2/46
f 175/1/4 173/2/4 176/3/4
f 174/4/4 176/3/4 173/2/4
f 170/1/47 175/2/47 172/3/47
f 176/4/41 172/3/41 175/2/41
f 177/1/1 178/2/1 179/3/1
f 180/4/1 179/3/1 178/2/1
f 181/1/46 177/2/46 182/3/46
f 179/4/46 182/3/46 177/2/46
f 183/1/4 181/2/4 184/3/4
f 182/4/4 184/3/4 181/2/4
f 178/1/40 183/2/40 180/3/40
f 184/4/40 180/3/40 183/2/40
f 185/1/1 186/2/1 187/3/1
f 188/4/1 187/3/1 186/2/1
f 189/1/48 185/2/48 190/3/48
f 187/4/49 190/3/49 185/2/49
f 191/1/4 189/2/4 192/3/4
f 190/4/4 192/3/4 189/2/4
f 186/1/50 191/2/50 188/3/50
f 192/4/51 188/3/51 191/2/51
f 193/1/1 194/2/1 195/3/1
f 196/4/1 195/3/1 194/2/1
f 197/1/48 193/2/48 198/3/48
f 195/4/49 198/3/49 193/2/49
f 199/1/4 197/2/4 200/3/4
f 198/4/4 200/3/4 197/2/4
f 194/1/50 199/2/50 196/3/50
f 200/4/51 196/3/51 199/2/51
f 201/1/1 202/2/1 203/3/1
f 204/4/1 203/3/1 202/2/1
f 205/1/52 201/2/52 206/3/52
f 203/4/53 206/3/53 201/2/53
f 207/1/4 205/2/4 208/3/4
f 206/4/4 208/3/4 205/2/4
f 202/1/54 207/2/55 204/3/54
f 208/4/56 204/3/56 207/2/56
f 209/1/1 210/2/1 211/3/1
f 212/4/1 211/3/1 210/2/1
f 213/1/57 209/2/57 214/3/57
f 211/4/57 214/3/57 209/2/57
f 215/1/4 213/2/4 216/3/4
f 214/4/4 216/3/4 213/2/4
f 210/1/58 215/2/58 212/3/58
f 216/4/58 212/3/58 215/2/58
f 217/1/1 218/2/1 219/3/1
f 220/4/1 219/3/1 218/2/1
f 221/1/59 217/2/59 222/3/59
f 219/4/60 222/3/60 217/2/60
f 223/1/4 221/2/4 224/3/4
f 222/4/4 224/3/4 221/2/4
f 218/1/61 223/2/61 220/3/61
f 224/4/62 220/3/62 223/2/62
f 225/1/1 226/2/1 227/3/1
f 228/4/1 227/3/1 226/2/1
f 229/1/63 225/2/63 230/3/63
f 227/4/64 230/3/64 225/2/64
f 231/1/4 229/2/4 232/3/4
f 230/4/4 232/3/4 229/2/4
f 226/1/65 231/2/65 228/3/65
f 232/4/66 228/3/66 231/2/66
f 233/1/1 234/2/1 235/3/1
f 236/4/1 235/3/1 234/2/1
f 237/1/67 233/2/67 238/3/67
f 235/4/68 238/3/68 233/2/68
f 239/1/4 237/2/4 240/3/4
f 238/4/4 240/3/4 237/2/4
f 234/1/69 239/2/69 236/3/69
f 240/4/69 236/3/69 239/2/69
f 241/1/1 242/2/1 243/3/1
f 244/4/1 243/3/1 242/2/1
f 245/1/70 241/2/70 246/3/70
f 243/4/71 246/3/71 241/2/71
f 247/1/4 245/2/4 248/3/4
f 246/4/4 248/3/4 245/2/4
f 242/1/72 247/2/72 244/3/72
f 248/4/73 244/3/73 247/2/73
f 249/1/1 250/2/1 251/3/1
f 252/4/1 251/3/1 250/2/1
f 253/1/70 249/2/70 254/3/70
f 251/4/74 254/3/74 249/2/74
f 255/1/4 253/2/4 256/3/4
f 254/4/4 256/3/4 253/2/4
f 250/1/75 255/2/75 252/3/75
f 256/4/73 252/3/73 255/2/73
f 257/1/1 258/2/1 259/3/1
f 260/4/1 259/3/1 258/2/1
f 261/1/74 257/2/74 262/3/74
f 259/4/70 262/3/70 257/2/70
f 263/1/4 261/2/4 264/3/4
f 262/4/4 264/3/4 261/2/4
f 258/1/73 263/2/76 260/3/73
f 264/4/77 260/3/72 263/2/77
f 265/1/1 266/2/1 267/3/1
f 268/4/1 267/3/1 266/2/1
f 269/1/78 265/2/78 270/3/78
f 267/4/79 270/3/79 265/2/79
f 271/1/4 269/2/4 272/3/4
f 270/4/4 272/3/4 269/2/4
f 266/1/72 271/2/72 268/3/72
f 272/4/72 268/3/72 271/2/72
f 273/1/1 274/2/1 275/3/1
f 276/4/1 275/3/1 274/2/1
f 277/1/80 273/2/80 278/3/80
f 275/4/81 278/3/81 273/2/81
f 279/1/4 277/2/4 280/3/4
f 278/4/4 280/3/4 277/2/4
f 274/1/82 279/2/82 276/3/82
f 280/4/83 276/3/83 279/2/83
f 281/1/1 282/2/1 283/3/1
f 284/4/1 283/3/1 282/2/1
f 285/1/84 281/2/84 286/3/84
f 283/4/81 286/3/81 281/2/81
f 287/1/4 285/2/4 288/3/4
f 286/4/4 288/3/4 285/2/4
f 282/1/85 287/2/85 284/3/85
f 288/4/86 284/3/86 287/2/86
f 289/1/1 290/2/1 291/3/1
f 292/4/1 291/3/1 290/2/1
f 293/1/81 289/2/81 294/3/81
f 291/4/84 294/3/84 289/2/84
f 295/1/4 293/2/4 296/3/4
f 294/4/4 296/3/4 293/2/4
f 290/1/83 295/2/83 292/3/83
f 296/4/83 292/3/83 295/2/83
f 297/1/1 298/2/1 299/3/1
f 300/4/1 299/3/1 298/2/1
f 301/1/70 297/2/70 302/3/70
f 299/4/71 302/3/71 297/2/71
f 303/1/4 301/2/4 304/3/4
f 302/4/4 304/3/4 301/2/4
f 298/1/72 303/2/72 300/3/72
f 304/4/73 300/3/73 303/2/73
f 305/1/1 306/2/1 307/3/1
f 308/4/1 307/3/1 306/2/1
f 309/1/70 305/2/87 310/3/70
f 307/4/74 310/3/74 305/2/74
f 311/1/4 309/2/4 312/3/4
f 310/4/4 312/3/4 309/2/4
f 306/1/75 311/2/75 308/3/75
f 312/4/73 308/3/73 311/2/73
f 313/1/1 314/2/1 315/3/1
f 316/4/1 315/3/1 314/2/1
f 317/1/88 313/2/88 318/3/88
f 315/4/89 318/3/89 313/2/89
f 319/1/4 317/2/4 320/3/4
f 318/4/4 320/3/4 317/2/4
f 314/1/90 319/2/91 316/3/90
f 320/4/92 316/3/92 319/2/92
f 321/1/1 322/2/1 323/3/1
f 324/4/1 323/3/1 322/2/1
f 325/1/89 321/2/89 326/3/89
f 323/4/93 326/3/93 321/2/93
f 327/1/4 325/2/4 328/3/4
f 326/4/4 328/3/4 325/2/4
f 322/1/92 327/2/92 324/3/92
f 328/4/90 324/3/90 327/2/90
f 329/1/1 330/2/1 331/3/1
f 332/4/1 331/3/1 330/2/1
f 333/1/94 329/2/94 334/3/94
f 331/4/89 334/3/89 329/2/89
f 335/1/4 333/2/4 336/3/4
f 334/4/4 336/3/4 333/2/4
f 330/1/95 335/2/95 332/3/95
f 336/4/92 332/3/92 335/2/92
f 337/1/1 338/2/1 339/3/1
f 340/4/1 339/3/1 338/2/1
f 341/1/96 337/2/96 342/3/96
f 339/4/96 342/3/96 337/2/96
f 343/1/4 341/2/4 344/3/4
f 342/4/4 344/3/4 341/2/4
f 338/1/97 343/2/97 340/3/97
f 344/4/97 340/3/97 343/2/97
f 345/1/1 346/2/1 347/3/1
f 348/4/1 347/3/1 346/2/1
f 349/1/98 345/2/98 350/3/98
f 347/4/99 350/3/99 345/2/99
f 351/1/4 349/2/4 352/3/4
f 350/4/4 352/3/4 349/2/4
f 346/1/97 351/2/97 348/3/97
f 352/4/97 348/3/97 351/2/97
f 353/1/1 354/2/1 355/3/1
f 356/4/1 355/3/1 354/2/1
f 357/1/100 353/2/100 358/3/100
f 355/4/101 358/3/101 353/2/101
f 359/1/4 357/2/4 360/3/4
f 358/4/4 360/3/4 357/2/4
f 354/1/102 359/2/102 356/3/102
f 360/4/102 356/3/102 359/2/102
f 361/1/1 362/2/1 363/3/1
f 364/4/1 363/3/1 362/2/1
f 365/1/100 361/2/100 366/3/100
f 363/4/100 366/3/100 361/2/100
f 367/1/4 365/2/4 368/3/4
f 366/4/4 368/3/4 365/2/4
f 362/1/102 367/2/102 364/3/102
f 368/4/103 364/3/103 367/2/103
f 369/1/1 370/2/1 371/3/1
f 372/4/1 371/3/1 370/2/1
f 373/1/104 369/2/104 374/3/104
f 371/4/104 374/3/104 369/2/104
f 375/1/4 373/2/4 376/3/4
f 374/4/4 376/3/4 373/2/4
f 370/1/105 375/2/105 372/3/105
f 376/4/105 372/3/105 375/2/105
f 377/1/1 378/2/1 379/3/1
f 380/4/1 379/3/1 378/2/1
f 381/1/36 377/2/36 382/3/36
f 379/4/36 382/3/36 377/2/36
f 383/1/4 381/2/4 384/3/4
f 382/4/4 384/3/4 381/2/4
f 378/1/34 383/2/34 380/3/34
f 384/4/34 380/3/34 383/2/34
f 385/1/1 386/2/1 387/3/1
f 388/4/1 387/3/1 386/2/1
f 389/1/33 385/2/33 390/3/33
f 387/4/33 390/3/33 385/2/33
f 391/1/4 389/2/4 392/3/4
f 390/4/4 392/3/4 389/2/4
f 386/1/35 391/2/35 388/3/35
f 392/4/35 388/3/35 391/2/35
f 393/1/1 394/2/1 395/3/1
f 396/4/1 395/3/1 394/2/1
f 397/1/33 393/2/33 398/3/33
f 395/4/33 398/3/33 393/2/33
f 399/1/4 397/2/4 400/3/4
f 398/4/4 400/3/4 397/2/4
f 394/1/35 399/2/35 396/3/35
f 400/4/35 396/3/35 399/2/35
f 401/1/1 402/2/1 403/3/1
f 404/4/1 403/3/1 402/2/1
f 405/1/36 401/2/36 406/3/36
f 403/4/36 406/3/36 401/2/36
f 407/1/4 405/2/4 408/3/4
f 406/4/4 408/3/4 405/2/4
f 402/1/35 407/2/35 404/3/35
f 408/4/35 404/3/35 407/2/35
f 409/1/1 410/2/1 411/3/1
f 412/4/1 411/3/1 410/2/1
f 413/1/37 409/2/37 414/3/37
f 411/4/37 414/3/37 409/2/37
f 415/1/4 413/2/4 416/3/4
f 414/4/4 416/3/4 413/2/4
f 410/1/38 415/2/38 412/3/38
f 416/4/38 412/3/38 415/2/38
f 417/1/1 418/2/1 419/3/1
f 420/4/1 419/3/1 418/2/1
f 421/1/37 417/2/37 422/3/37
f 419/4/37 422/3/37 417/2/37
f 423/1/4 421/2/4 424/3/4
f 422/4/4 424/3/4 421/2/4
f 418/1/38 423/2/38 420/3/38
f 424/4/38 420/3/38 423/2/38
f 425/1/1 426/2/1 427/3/1
f 428/4/1 427/3/1 426/2/1
f 429/1/36 425/2/36 430/3/36
f 427/4/36 430/3/36 425/2/36
f 431/1/4 429/2/4 432/3/4
f 430/4/4 432/3/4 429/2/4
f 426/1/34 431/2/34 428/3/34
f 432/4/34 428/3/34 431/2/34
f 433/1/1 434/2/1 435/3/1
f 436/4/1 435/3/1 434/2/1
f 437/1/33 433/2/33 438/3/33
f 435/4/33 438/3/33 433/2/33
f 439/1/4 437/2/4 440/3/4
f 438/4/4 440/3/4 437/2/4
f 434/1/35 439/2/35 436/3/35
f 440/4/35 436/3/35 439/2/35
f 441/1/1 442/2/1 443/3/1
f 444/4/1 443/3/1 442/2/1
f 445/1/33 441/2/33 446/3/33
f 443/4/33 446/3/33 441/2/33
f 447/1/4 445/2/4 448/3/4
f 446/4/4 448/3/4 445/2/4
f 442/1/35 447/2/35 444/3/35
f 448/4/35 444/3/35 447/2/35
f 449/1/1 450/2/1 451/3/1
f 452/4/1 451/3/1 450/2/1
f 453/1/36 449/2/36 454/3/36
f 451/4/36 454/3/36 449/2/36
f 455/1/4 453/2/4 456/3/4
f 454/4/4 456/3/4 453/2/4
f 450/1/34 455/2/34 452/3/34
f 456/4/35 452/3/35 455/2/35
f 457/1/1 458/2/1 459/3/1
f 460/4/1 459/3/1 458/2/1
f 461/1/37 457/2/37 462/3/37
f 459/4/37 462/3/37 457/2/37
f 463/1/4 461/2/4 464/3/4
f 462/4/4 464/3/4 461/2/4
f 458/1/106 463/2/106 460/3/106
f 464/4/106 460/3/106 463/2/106
f 465/1/1 466/2/1 467/3/1
f 468/4/1 467/3/1 466/2/1
f 469/1/37 465/2/37 470/3/37
f 467/4/37 470/3/37 465/2/37
f 471/1/4 469/2/4 472/3/4
f 470/4/4 472/3/4 469/2/4
f 466/1/38 471/2/38 468/3/38
f 472/4/38 468/3/38 471/2/38
f 473/1/1 474/2/1 475/3/1
f 476/4/1 475/3/1 474/2/1
f 477/1/107 473/2/107 478/3/107
f 475/4/107 478/3/107 473/2/107
f 479/1/4 477/2/4 480/3/4
f 478/4/4 480/3/4 477/2/4
f 474/1/108 479/2/108 476/3/108
f 480/4/109 476/3/109 479/2/109
f 481/1/1 482/2/1 483/3/1
f 484/4/1 483/3/1 482/2/1
f 485/1/107 481/2/107 486/3/107
f 483/4/110 486/3/110 481/2/110
f 487/1/4 485/2/4 488/3/4
f 486/4/4 488/3/4 485/2/4
f 482/1/109 487/2/109 484/3/109
f 488/4/109 484/3/109 487/2/109
f 489/1/1 490/2/1 491/3/1
f 492/4/1 491/3/1 490/2/1
f 493/1/111 489/2/111 494/3/111
f 491/4/111 494/3/111 489/2/111
f 495/1/4 493/2/4 496/3/4
f 494/4/4 496/3/4 493/2/4
f 490/1/112 495/2/112 492/3/112
f 496/4/112 492/3/112 495/2/112
f 497/1/1 498/2/1 499/3/1
f 500/4/1 499/3/1 498/2/1
f 501/1/111 497/2/111 502/3/111
f 499/4/111 502/3/111 497/2/111
f 503/1/4 501/2/4 504/3/4
f 502/4/4 504/3/4 501/2/4
f 498/1/113 503/2/113 500/3/113
f 504/4/113 500/3/113 503/2/113
f 505/1/1 506/2/1 507/3/1
f 508/4/1 507/3/1 506/2/1
f 509/1/114 505/2/114 510/3/114
f 507/4/115 510/3/115 505/2/115
f 511/1/4 509/2/4 512/3/4
f 510/4/4 512/3/4 509/2/4
f 506/1/116 511/2/116 508/3/116
f 512/4/117 508/3/117 511/2/117
f 513/1/1 514/2/1 515/3/1
f 516/4/1 515/3/1 514/2/1
f 517/1/111 513/2/111 518/3/111
f 515/4/111 518/3/111 513/2/111
f 519/1/4 517/2/4 520/3/4
f 518/4/4 520/3/4 517/2/4
f 514/1/112 519/2/112 516/3/112
f 520/4/112 516/3/112 519/2/112
f 521/1/1 522/2/1 523/3/1
f 524/4/1 523/3/1 522/2/1
f 525/1/118 521/2/118 526/3/118
f 523/4/118 526/3/118 521/2/118
f 527/1/4 525/2/4 528/3/4
f 526/4/4 528/3/4 525/2/4
f 522/1/113 527/2/113 524/3/113
f 528/4/112 524/3/112 527/2/112
f 529/1/1 530/2/1 531/3/1
f 532/4/1 531/3/1 530/2/1
f 533/1/119 529/2/120 534/3/119
f 531/4/120 534/3/121 529/2/120
f 535/1/4 533/2/4 536/3/4
f 534/4/4 536/3/4 533/2/4
f 530/1/122 535/2/122 532/3/122
f 536/4/123 532/3/123 535/2/123
f 537/1/1 538/2/1 539/3/1
f 540/4/1 539/3/1 538/2/1
f 541/1/124 537/2/125 542/3/124
f 539/4/126 542/3/126 537/2/126
f 543/1/4 541/2/4 544/3/4
f 542/4/4 544/3/4 541/2/4
f 538/1/127 543/2/127 540/3/127
f 544/4/127 540/3/127 543/2/127
f 545/1/128 546/2/128 547/3/128
f 548/4/128 547/3/128 546/2/128
f 549/1/129 545/2/129 550/3/129
f 547/4/130 550/3/130 545/2/130
f 551/1/131 549/2/131 552/3/131
f 550/4/131 552/3/131 549/2/131
f 546/1/132 551/2/132 548/3/132
f 552/4/133 548/3/133 551/2/133
f 553/1/134 554/2/134 555/3/134
f 556/4/134 555/3/134 554/2/134
f 557/1/135 553/2/135 558/3/135
f 555/4/135 558/3/135 553/2/135
f 559/1/136 557/2/136 560/3/136
f 558/4/136 560/3/136 557/2/136
f 554/1/137 559/2/137 556/3/137
f 560/4/138 556/3/138 559/2/138
f 561/1/1 562/2/1 563/3/1
f 564/4/1 563/3/1 562/2/1
f 565/1/139 561/2/139 566/3/139
f 563/4/140 566/3/140 561/2/140
f 567/1/4 565/2/4 568/3/4
f 566/4/4 568/3/4 565/2/4
f 562/1/141 567/2/141 564/3/141
f 568/4/141 564/3/141 567/2/141
f 569/1/1 570/2/1 571/3/1
f 572/4/1 571/3/1 570/2/1
f 573/1/140 569/2/140 574/3/140
f 571/4/140 574/3/140 569/2/140
f 575/1/4 573/2/4 576/3/4
f 574/4/4 576/3/4 573/2/4
f 570/1/91 575/2/91 572/3/91
f 576/4/141 572/3/141 575/2/141
f 577/1/1 578/2/1 579/3/1
f 580/4/1 579/3/1 578/2/1
f 581/1/142 577/2/142 582/3/142
f 579/4/142 582/3/142 577/2/142
f 583/1/4 581/2/4 584/3/4
f 582/4/4 584/3/4 581/2/4
f 578/1/143 583/2/143 580/3/143
f 584/4/143 580/3/143 583/2/143
f 585/1/1 586/2/1 587/3/1
f 588/4/1 587/3/1 586/2/1
f 589/1/144 585/2/144 590/3/144
f 587/4/144 590/3/144 585/2/144
f 591/1/4 589/2/4 592/3/4
f 590/4/4 592/3/4 589/2/4
f 586/1/145 591/2/146 588/3/145
f 592/4/147 588/3/148 591/2/147
f 593/1/1 594/2/1 595/3/1
f 596/4/1 595/3/1 594/2/1
f 597/1/149 593/2/149 598/3/149
f 595/4/142 598/3/149 593/2/142
f 599/1/4 597/2/4 600/3/4
f 598/4/4 600/3/4 597/2/4
f 594/1/143 599/2/143 596/3/143
f 600/4/143 596/3/143 599/2/143
f 601/1/1 602/2/1 603/3/1
f 604/4/1 603/3/1 602/2/1
f 605/1/142 601/2/142 606/3/142
f 603/4/149 606/3/149 601/2/149
f 607/1/4 605/2/4 608/3/4
f 606/4/4 608/3/4 605/2/4
f 602/1/143 607/2/143 604/3/143
f 608/4/143 604/3/143 607/2/143
f 609/1/1 610/2/1 611/3/1
f 612/4/1 611/3/1 610/2/1
f 613/1/150 609/2/151 614/3/150
f 611/4/152 614/3/153 609/2/152
f 615/1/4 613/2/4 616/3/4
f 614/4/4 616/3/4 613/2/4
f 610/1/154 615/2/154 612/3/154
f 616/4/154 612/3/154 615/2/154
f 617/1/1 618/2/1 619/3/1
f 620/4/1 619/3/1 618/2/1
f 621/1/151 617/2/151 622/3/151
f 619/4/153 622/3/153 617/2/153
f 623/1/4 621/2/4 624/3/4
f 622/4/4 624/3/4 621/2/4
f 618/1/155 623/2/155 620/3/155
f 624/4/156 620/3/156 623/2/156
f 625/1/1 626/2/1 627/3/1
f 628/4/1 627/3/1 626/2/1
f 629/1/157 625/2/157 630/3/157
f 627/4/157 630/3/157 625/2/157
f 631/1/4 629/2/4 632/3/4
f 630/4/4 632/3/4 629/2/4
f 626/1/158 631/2/158 628/3/158
f 632/4/158 628/3/158 631/2/158
f 633/1/1 634/2/1 635/3/1
f 636/4/1 635/3/1 634/2/1
f 637/1/159 633/2/159 638/3/159
f 635/4/159 638/3/159 633/2/159
f 639/1/4 637/2/4 640/3/4
f 638/4/4 640/3/4 637/2/4
f 634/1/160 639/2/160 636/3/160
f 640/4/160 636/3/160 639/2/160
f 641/1/1 642/2/1 643/3/1
f 644/4/1 643/3/1 642/2/1
f 645/1/161 641/2/161 646/3/161
f 643/4/162 646/3/162 641/2/162
f 647/1/4 645/2/4 648/3/4
f 646/4/4 648/3/4 645/2/4
f 642/1/163 647/2/163 644/3/163
f 648/4/163 644/3/163 647/2/163
f 649/1/1 650/2/1 651/3/1
f 652/4/1 651/3/1 650/2/1
f 653/1/164 649/2/164 654/3/164
f 651/4/165 654/3/165 649/2/165
f 655/1/4 653/2/4 656/3/4
f 654/4/4 656/3/4 653/2/4
f 650/1/160 655/2/166 652/3/160
f 656/4/166 652/3/166 655/2/166
f 657/1/1 658/2/1 659/3/1
f 660/4/1 659/3/1 658/2/1
f 661/1/167 657/2/167 662/3/167
f 659/4/167 662/3/167 657/2/167
f 663/1/4 661/2/4 664/3/4
f 662/4/4 664/3/4 661/2/4
f 658/1/168 663/2/168 660/3/168
f 664/4/169 660/3/169 663/2/169
f 665/1/1 666/2/1 667/3/1
f 668/4/1 667/3/1 666/2/1
f 669/1/152 665/2/170 670/3/152
f 667/4/171 670/3/172 665/2/171
f 671/1/4 669/2/4 672/3/4
f 670/4/4 672/3/4 669/2/4
f 666/1/173 671/2/168 668/3/173
f 672/4/174 668/3/169 671/2/174
f 673/1/175 674/2/175 675/3/175
f 676/4/176 675/3/176 674/2/176
f 677/1/177 673/2/177 678/3/177
f 675/4/178 678/3/178 673/2/178
f 679/1/179 677/2/179 680/3/179
f 678/4/180 680/3/180 677/2/180
f 674/1/181 679/2/181 676/3/181
f 680/4/181 676/3/181 679/2/181
f 681/1/182 682/2/182 683/3/182
f 684/4/182 683/3/182 682/2/182
f 685/1/177 681/2/177 686/3/177
f 683/4/183 686/3/183 681/2/183
f 687/1/180 685/2/180 688/3/180
f 686/4/184 688/3/184 685/2/184
f 682/1/185 687/2/185 684/3/185
f 688/4/185 684/3/185 687/2/185
f 689/1/186 690/2/186 691/3/186
f 692/4/182 691/3/182 690/2/182
f 693/1/187 689/2/187 694/3/187
f 691/4/178 694/3/178 689/2/178
f 695/1/180 693/2/180 696/3/180
f 694/4/180 696/3/180 693/2/180
f 690/1/181 695/2/181 692/3/181
f 696/4/188 692/3/188 695/2/188
f 697/1/182 698/2/182 699/3/182
f 700/4/175 699/3/175 698/2/175
f 701/1/189 697/2/189 702/3/189
f 699/4/183 702/3/183 697/2/183
f 703/1/190 701/2/190 704/3/190
f 702/4/179 704/3/179 701/2/179
f 698/1/191 703/2/191 700/3/191
f 704/4/188 700/3/188 703/2/188
f 705/1/192 706/2/192 707/3/192
f 708/4/192 707/3/192 706/2/192
f 709/1/193 705/2/193 710/3/193
f 707/4/194 710/3/194 705/2/194
f 711/1/195 709/2/195 712/3/195
f 710/4/195 712/3/195 709/2/195
f 706/1/196 711/2/196 708/3/196
f 712/4/197 708/3/197 711/2/197
f 713/1/192 714/2/192 715/3/192
f 716/4/192 715/3/192 714/2/192
f 717/1/193 713/2/193 718/3/193
f 715/4/194 718/3/194 713/2/194
f 719/1/195 717/2/195 720/3/195
f 718/4/195 720/3/195 717/2/195
f 714/1/197 719/2/197 716/3/197
f 720/4/198 716/3/198 719/2/198
f 721/1/192 722/2/192 723/3/192
f 724/4/192 723/3/192 722/2/192
f 725/1/193 721/2/193 726/3/193
f 723/4/194 726/3/194 721/2/194
f 727/1/195 725/2/195 728/3/195
f 726/4/195 728/3/195 725/2/195
f 722/1/196 727/2/196 724/3/196
f 728/4/197 724/3/197 727/2/197
f 729/1/192 730/2/192 731/3/192
f 732/4/192 731/3/192 730/2/192
f 733/1/194 729/2/194 734/3/194
f 731/4/194 734/3/194 729/2/194
f 735/1/195 733/2/195 736/3/195
f 734/4/195 736/3/195 733/2/195
f 730/1/197 735/2/199 732/3/197
f 736/4/196 732/3/196 735/2/196
f 737/1/200 738/2/200 739/3/200
f 740/4/200 739/3/200 738/2/200
f 741/1/201 737/2/201 742/3/201
f 739/4/201 742/3/201 737/2/201
f 743/1/202 741/2/202 744/3/202
f 742/4/202 744/3/202 741/2/202
f 738/1/203 743/2/203 740/3/203
f 744/4/203 740/3/203 743/2/203
f 745/1/200 746/2/200 747/3/200
f 748/4/200 747/3/200 746/2/200
f 749/1/201 745/2/201 750/3/201
f 747/4/201 750/3/201 745/2/201
f 751/1/202 749/2/202 752/3/202
f 750/4/202 752/3/202 749/2/202
f 746/1/204 751/2/204 748/3/204
f 752/4/203 748/3/203 751/2/203
f 753/5/205 754/6/205 755/7/205
f 755/7/205 756/8/205 753/5/205
f 757/9/206 758/10/207 756/11/206
f 756/11/206 759/12/206 757/9/206
f 760/5/208 761/13/209 759/7/208
f 759/7/208 762/8/208 760/5/208
f 754/14/210 763/15/211 762/16/210
f 762/16/210 755/17/210 754/14/210
f 763/15/211 760/18/210 762/16/210
f 761/13/209 757/6/208 759/7/208
f 764/19/206 753/20/206 756/11/206
f 758/10/207 764/19/206 756/11/206
f 765/21/212 766/22/208 767/23/208
f 768/24/208 767/23/208 766/22/208
f 769/25/208 765/21/212 770/26/208
f 767/23/208 770/26/208 765/21/212
f 771/27/213 772/22/205 773/28/213
f 774/24/205 773/28/213 772/22/205
f 775/25/205 771/27/213 776/26/205
f 773/28/213 776/26/205 771/27/213
f 777/21/208 769/22/208 778/23/208
f 770/24/208 778/23/208 769/22/208
f 779/25/214 777/21/215 780/26/214
f 778/23/208 780/26/208 777/21/208
f 781/29/206 779/30/206 782/31/206
f 780/32/206 782/31/206 779/30/206
f 783/27/213 781/22/205 784/28/213
f 782/24/216 784/28/216 781/22/216
f 772/25/205 783/27/213 774/26/205
f 784/28/213 774/26/205 783/27/213
f 785/33/217 786/34/218 787/35/217
f 788/8/218 787/35/217 786/34/218
f 789/36/210 790/37/219 791/38/210
f 792/39/220 791/38/210 790/37/219
f 793/40/1 794/8/1 795/41/1
f 795/41/1 796/42/1 793/40/1
f 797/1/1 798/2/1 799/3/1
f 800/4/1 799/3/1 798/2/1
f 801/1/221 797/2/222 802/3/221
f 799/4/223 802/3/221 797/2/223
f 803/1/4 801/2/4 804/3/4
f 802/4/4 804/3/4 801/2/4
f 798/1/224 803/2/225 800/3/224
f 804/4/226 800/3/227 803/2/226
f 805/1/1 806/2/1 807/3/1
f 808/4/1 807/3/1 806/2/1
f 809/1/225 805/2/225 810/3/225
f 807/4/225 810/3/225 805/2/225
f 811/1/4 809/2/4 812/3/4
f 810/4/4 812/3/4 809/2/4
f 806/1/228 811/2/228 808/3/228
f 812/4/228 808/3/228 811/2/228
f 813/22/217 814/21/217 815/23/229
f 815/23/229 816/24/217 813/22/217
f 814/21/217 817/25/229 818/26/217
f 818/26/217 815/23/229 814/21/217
f 819/22/230 820/27/208 821/28/208
f 821/28/208 822/24/230 819/22/230
f 820/27/208 823/25/230 824/26/230
f 824/26/230 821/28/208 820/27/208
f 817/22/229 825/21/205 826/23/231
f 826/23/231 818/24/217 817/22/229
f 825/21/205 827/25/232 828/26/232
f 828/26/232 826/23/231 825/21/205
f 827/30/206 829/29/233 830/31/233
f 830/31/233 828/32/206 827/30/206
f 829/22/234 831/27/208 832/28/208
f 832/28/208 830/24/234 829/22/234
f 831/27/208 819/25/230 822/26/230
f 822/26/230 832/28/208 831/27/208
f 833/33/210 834/34/220 835/35/210
f 836/8/220 835/35/210 834/34/220
f 837/36/230 838/37/208 839/38/212
f 840/39/235 839/38/212 838/37/208
f 841/43/1 842/44/1 843/41/1
f 841/43/1 844/45/1 845/40/1
f 841/43/1 846/8/1 842/44/1
f 845/40/1 846/8/1 841/43/1
f 841/43/1 847/42/1 844/45/1
f 843/41/1 847/42/1 841/43/1
f 848/33/236 849/34/236 850/35/236
f 851/8/236 850/35/236 849/34/236
f 852/36/237 853/37/238 854/38/237
f 855/39/238 854/38/237 853/37/238
f 856/43/1 857/44/1 858/41/1
f 856/43/1 859/45/1 860/40/1
f 856/43/1 861/8/1 857/44/1
f 860/40/1 861/8/1 856/43/1
f 856/43/1 862/42/1 859/45/1
f 858/41/1 862/42/1 856/43/1
f 863/8/239 864/34/239 865/35/239
f 866/33/239 865/35/239 864/34/239
f 867/33/240 868/34/240 869/35/240
f 870/8/240 869/35/240 868/34/240
f 866/36/241 864/37/241 867/38/241
f 868/39/241 867/38/241 864/37/241
f 865/46/242 866/47/242 869/48/242
f 867/49/242 869/48/242 866/47/242
f 863/37/243 865/36/243 870/39/243
f 869/38/243 870/39/243 865/36/243
f 864/50/244 863/51/244 868/52/244
f 870/53/244 868/52/244 863/51/244
f 871/8/239 872/34/239 873/35/239
f 874/33/239 873/35/239 872/34/239
f 875/33/240 876/34/240 877/35/240
f 878/8/240 877/35/240 876/34/240
f 874/36/241 872/37/241 875/38/241
f 876/39/241 875/38/241 872/37/241
f 873/46/242 874/47/245 877/48/245
f 875/49/245 877/48/245 874/47/245
f 871/37/243 873/36/243 878/39/243
f 877/38/243 878/39/243 873/36/243
f 872/50/246 871/51/246 876/52/246
f 878/53/247 876/52/246 871/51/246
f 879/8/239 880/34/239 881/35/239
f 882/33/239 881/35/239 880/34/239
f 883/33/240 884/34/240 885/35/240
f 886/8/240 885/35/240 884/34/240
f 882/36/248 880/37/248 883/38/248
f 884/39/248 883/38/248 880/37/248
f 881/46/245 882/47/245 885/48/245
f 883/49/245 885/48/245 882/47/245
f 879/37/249 881/36/249 886/39/249
f 885/38/249 886/39/249 881/36/249
f 880/50/246 879/51/246 884/52/246
f 886/53/246 884/52/246 879/51/246
f 887/8/239 888/34/239 889/35/239
f 890/33/239 889/35/239 888/34/239
f 891/33/240 892/34/240 893/35/240
f 894/8/240 893/35/240 892/34/240
f 890/36/241 888/37/241 891/38/241
f 892/39/241 891/38/241 888/37/241
f 889/46/242 890/47/245 893/48/245
f 891/49/245 893/48/245 890/47/245
f 887/37/243 889/36/243 894/39/243
f 893/38/243 894/39/243 889/36/243
f 888/50/247 887/51/246 892/52/246
f 894/53/246 892/52/246 887/51/246
f 895/8/239 896/34/239 897/35/239
f 898/33/239 897/35/239 896/34/239
f 899/33/240 900/34/240 901/35/240
f 902/8/240 901/35/240 900/34/240
f 898/36/241 896/37/241 899/38/241
f 900/39/241 899/38/241 896/37/241
f 897/46/245 898/47/245 901/48/245
f 899/49/242 901/48/245 898/47/245
f 895/37/243 897/36/243 902/39/243
f 901/38/243 902/39/243 897/36/243
f 896/50/246 895/51/244 900/52/244
f 902/53/250 900/52/244 895/51/244
f 903/8/239 904/34/239 905/35/239
f 906/33/239 905/35/239 904/34/239
f 907/33/240 908/34/240 909/35/240
f 910/8/240 909/35/240 908/34/240
f 906/36/241 904/37/241 907/38/241
f 908/39/241 907/38/241 904/37/241
f 905/46/245 906/47/245 909/48/245
f 907/49/242 909/48/245 906/47/245
f 903/37/243 905/36/243 910/39/243
f 909/38/243 910/39/243 905/36/243
f 904/50/246 903/51/244 908/52/244
f 910/53/250 908/52/244 903/51/244
f 911/8/239 912/34/239 913/35/239
f 914/33/239 913/35/239 912/34/239
f 915/33/240 916/34/240 917/35/240
f 918/8/240 917/35/240 916/34/240
f 914/36/241 912/37/241 915/38/241
f 916/39/241 915/38/241 912/37/241
f 913/46/242 914/47/245 917/48/245
f 915/49/245 917/48/245 914/47/245
f 911/37/243 913/36/243 918/39/243
f 917/38/243 918/39/243 913/36/243
f 912/50/246 911/51/246 916/52/246
f 918/53/246 916/52/246 911/51/246
f 919/8/239 920/34/239 921/35/239
f 922/33/239 921/35/239 920/34/239
f 923/33/240 924/34/240 925/35/240
f 926/8/240 925/35/240 924/34/240
f 922/36/241 920/37/241 923/38/241
f 924/39/241 923/38/241 920/37/241
f 921/46/242 922/47/245 925/48/245
f 923/49/245 925/48/245 922/47/245
f 919/37/243 921/36/243 926/39/243
f 925/38/243 926/39/243 921/36/243
f 920/50/246 919/51/246 924/52/247
f 926/53/251 924/52/247 919/51/246
f 927/8/252 928/34/252 929/35/252
f 930/33/252 929/35/252 928/34/252
f 930/36/253 928/37/253 931/38/253
f 932/39/253 931/38/253 928/37/253
f 929/46/254 930/47/254 933/48/254
f 931/49/254 933/48/254 930/47/254
f 927/37/255 929/36/255 934/39/255
f 933/38/255 934/39/255 929/36/255
f 928/50/256 927/51/256 932/52/256
f 934/53/256 932/52/256 927/51/256
f 935/8/252 936/34/252 937/35/252
f 938/33/252 937/35/252 936/34/252
f 938/36/253 936/37/253 939/38/253
f 940/39/253 939/38/253 936/37/253
f 937/46/257 938/47/257 941/48/257
f 939/49/257 941/48/257 938/47/257
f 935/37/255 937/36/255 942/39/255
f 941/38/255 942/39/255 937/36/255
f 936/50/258 935/51/258 940/52/258
f 942/53/259 940/52/259 935/51/259
f 943/8/240 944/34/240 945/35/240
f 946/33/240 945/35/240 944/34/240
f 947/33/239 948/34/239 949/35/239
f 950/8/239 949/35/239 948/34/239
f 946/36/260 944/37/260 947/38/260
f 948/39/260 947/38/260 944/37/260
f 945/46/247 946/47/247 949/48/247
f 947/49/247 949/48/247 946/47/247
f 943/37/261 945/36/261 950/39/261
f 949/38/261 950/39/261 945/36/261
f 944/50/242 943/51/242 948/52/242
f 950/53/242 948/52/242 943/51/242
f 951/8/240 952/34/240 953/35/240
f 954/33/240 953/35/240 952/34/240
f 955/33/239 956/34/239 957/35/239
f 958/8/239 957/35/239 956/34/239
f 954/36/260 952/37/260 955/38/260
f 956/39/260 955/38/260 952/37/260
f 953/46/247 954/47/247 957/48/247
f 955/49/246 957/48/247 954/47/247
f 951/37/261 953/36/261 958/39/261
f 957/38/261 958/39/261 953/36/261
f 952/50/242 951/51/245 956/52/245
f 958/53/245 956/52/245 951/51/245
f 959/8/240 960/34/240 961/35/240
f 962/33/240 961/35/240 960/34/240
f 963/33/239 964/34/239 965/35/239
f 966/8/239 965/35/239 964/34/239
f 962/36/262 960/37/262 963/38/262
f 964/39/262 963/38/262 960/37/262
f 961/46/246 962/47/246 965/48/246
f 963/49/246 965/48/246 962/47/246
f 959/37/263 961/36/263 966/39/263
f 965/38/263 966/39/263 961/36/263
f 960/50/245 959/51/245 964/52/245
f 966/53/242 964/52/245 959/51/245
f 967/8/240 968/34/240 969/35/240
f 970/33/240 969/35/240 968/34/240
f 971/33/239 972/34/239 973/35/239
f 974/8/239 973/35/239 972/34/239
f 970/36/260 968/37/260 971/38/260
f 972/39/260 971/38/260 968/37/260
f 969/46/247 970/47/247 973/48/247
f 971/49/246 973/48/247 970/47/247
f 967/37/261 969/36/261 974/39/261
f 973/38/261 974/39/261 969/36/261
f 968/50/242 967/51/245 972/52/245
f 974/53/245 972/52/245 967/51/245
f 975/8/240 976/34/240 977/35/240
f 978/33/240 977/35/240 976/34/240
f 979/33/239 980/34/239 981/35/239
f 982/8/239 981/35/239 980/34/239
f 978/36/260 976/37/260 979/38/260
f 980/39/260 979/38/260 976/37/260
f 977/46/247 978/47/246 981/48/246
f 979/49/246 981/48/246 978/47/246
f 975/37/261 977/36/261 982/39/261
f 981/38/261 982/39/261 977/36/261
f 976/50/245 975/51/242 980/52/242
f 982/53/242 980/52/242 975/51/242
f 983/8/240 984/34/240 985/35/240
f 986/33/240 985/35/240 984/34/240
f 987/33/239 988/34/239 989/35/239
f 990/8/239 989/35/239 988/34/239
f 986/36/260 984/37/260 987/38/260
f 988/39/260 987/38/260 984/37/260
f 985/46/246 986/47/246 989/48/246
f 987/49/247 989/48/246 986/47/246
f 983/37/261 985/36/261 990/39/261
f 989/38/261 990/39/261 985/36/261
f 984/50/245 983/51/242 988/52/242
f 990/53/242 988/52/242 983/51/242
f 991/8/240 992/34/240 993/35/240
f 994/33/240 993/35/240 992/34/240
f 995/33/239 996/34/239 997/35/239
f 998/8/239 997/35/239 996/34/239
f 994/36/260 992/37/260 995/38/260
f 996/39/260 995/38/260 992/37/260
f 993/46/246 994/47/246 997/48/246
f 995/49/247 997/48/246 994/47/246
f 991/37/261 993/36/261 998/39/261
f 997/38/261 998/39/261 993/36/261
f 992/50/245 991/51/245 996/52/245
f 998/53/245 996/52/245 991/51/245
f 999/8/240 1000/34/240 1001/35/240
f 1002/33/240 1001/35/240 1000/34/240
f 1003/33/239 1004/34/239 1005/35/239
f 1006/8/239 1005/35/239 1004/34/239
f 1002/36/260 1000/37/260 1003/38/260
f 1004/39/260 1003/38/260 1000/37/260
f 1001/46/247 1002/47/246 1005/48/246
f 1003/49/246 1005/48/246 1002/47/246
f 999/37/261 1001/36/261 1006/39/261
f 1005/38/261 1006/39/261 1001/36/261
f 1000/50/242 999/51/245 1004/52/245
f 1006/53/245 1004/52/245 999/51/245
f 1007/54/240 1008/8/240 1009/55/240
f 1010/5/240 1009/55/240 1008/8/240
f 1011/56/246 1007/8/246 1012/57/246
f 1009/5/246 1012/57/246 1007/8/246
f 1013/58/246 1011/56/246 1014/59/246
f 1012/57/246 1014/59/246 1011/56/246
f 1015/60/247 1013/58/246 1016/61/246
f 1014/59/246 1016/61/246 1013/58/246
f 1017/11/264 1015/60/247 1018/20/265
f 1016/61/246 1018/20/265 1015/60/247
f 1019/62/239 1020/63/239 1021/64/239
f 1022/65/239 1021/64/239 1020/63/239
f 1023/66/245 1024/8/266 1025/67/245
f 1026/5/267 1025/67/245 1024/8/266
f 1027/68/245 1023/66/245 1028/69/245
f 1025/67/245 1028/69/245 1023/66/245
f 1029/70/245 1027/68/245 1030/71/245
f 1028/69/245 1030/71/245 1027/68/245
f 1008/11/245 1029/70/245 1010/20/245
f 1030/71/245 1010/20/245 1029/70/245
f 1017/72/264 1018/73/265 1022/74/268
f 1022/74/268 1020/75/268 1017/72/264
f 1026/76/267 1024/77/266 1019/78/269
f 1019/78/269 1021/79/269 1026/76/267
f 1031/54/239 1032/8/239 1033/55/239
f 1034/5/239 1033/55/239 1032/8/239
f 1035/56/270 1031/8/245 1036/57/245
f 1033/5/245 1036/57/245 1031/8/245
f 1037/58/245 1035/56/270 1038/59/245
f 1036/57/245 1038/59/245 1035/56/270
f 1039/60/245 1037/58/245 1040/61/245
f 1038/59/245 1040/61/245 1037/58/245
f 1019/11/242 1039/60/245 1021/20/242
f 1040/61/245 1021/20/242 1039/60/245
f 1041/66/247 1020/8/247 1042/67/247
f 1022/5/247 1042/67/247 1020/8/247
f 1043/68/246 1041/66/247 1044/69/246
f 1042/67/247 1044/69/246 1041/66/247
f 1045/70/244 1043/68/246 1046/71/246
f 1044/69/246 1046/71/246 1043/68/246
f 1032/11/246 1045/70/246 1034/20/246
f 1046/71/246 1034/20/246 1045/70/244
f 1047/80/271 1048/81/271 1049/82/271
f 1050/20/271 1049/82/271 1048/81/271
f 1051/81/252 1052/80/252 1053/82/252
f 1053/82/252 1054/20/252 1051/81/252
f 1055/81/252 1056/80/252 1057/82/252
f 1057/82/252 1058/20/252 1055/81/252
f 1059/80/271 1060/81/271 1061/82/271
f 1062/20/271 1061/82/271 1060/81/271
f 1063/8/272 1064/34/272 1065/35/272
f 1066/33/272 1065/35/272 1064/34/272
f 1067/33/273 1068/34/273 1069/35/273
f 1070/8/273 1069/35/273 1068/34/273
f 1066/36/274 1064/37/274 1067/38/274
f 1068/39/274 1067/38/274 1064/37/274
f 1065/46/275 1066/47/275 1069/48/275
f 1067/49/275 1069/48/275 1066/47/275
f 1063/37/276 1065/36/276 1070/39/276
f 1069/38/276 1070/39/276 1065/36/276
f 1064/50/277 1063/51/277 1068/52/277
f 1070/53/277 1068/52/277 1063/51/277
f 1071/8/272 1072/34/272 1073/35/272
f 1074/33/272 1073/35/272 1072/34/272
f 1075/33/273 1076/34/273 1077/35/273
f 1078/8/273 1077/35/273 1076/34/273
f 1074/36/274 1072/37/274 1075/38/274
f 1076/39/274 1075/38/274 1072/37/274
f 1073/46/275 1074/47/275 1077/48/275
f 1075/49/275 1077/48/275 1074/47/275
f 1071/37/276 1073/36/276 1078/39/276
f 1077/38/276 1078/39/276 1073/36/276
f 1072/50/277 1071/51/277 1076/52/277
f 1078/53/277 1076/52/277 1071/51/277
f 1079/8/272 1080/34/272 1081/35/272
f 1082/33/272 1081/35/272 1080/34/272
f 1083/33/273 1084/34/273 1085/35/273
f 1086/8/273 1085/35/273 1084/34/273
f 1082/36/278 1080/37/278 1083/38/278
f 1084/39/278 1083/38/278 1080/37/278
f 1081/46/275 1082/47/275 1085/48/275
f 1083/49/275 1085/48/275 1082/47/275
f 1079/37/279 1081/36/279 1086/39/279
f 1085/38/279 1086/39/279 1081/36/279
f 1080/50/277 1079/51/277 1084/52/277
f 1086/53/277 1084/52/277 1079/51/277
f 1087/8/272 1088/34/272 1089/35/272
f 1090/33/272 1089/35/272 1088/34/272
f 1091/33/273 1092/34/273 1093/35/273
f 1094/8/273 1093/35/273 1092/34/273
f 1090/36/274 1088/37/274 1091/38/274
f 1092/39/274 1091/38/274 1088/37/274
f 1089/46/275 1090/47/275 1093/48/275
f 1091/49/275 1093/48/275 1090/47/275
f 1087/37/276 1089/36/276 1094/39/276
f 1093/38/276 1094/39/276 1089/36/276
f 1088/50/277 1087/51/277 1092/52/277
f 1094/53/277 1092/52/277 1087/51/277
f 1095/8/272 1096/34/272 1097/35/272
f 1098/33/272 1097/35/272 1096/34/272
f 1099/33/273 1100/34/273 1101/35/273
f 1102/8/273 1101/35/273 1100/34/273
f 1098/36/274 1096/37/274 1099/38/274
f 1100/39/274 1099/38/274 1096/37/274
f 1097/46/280 1098/47/280 1101/48/280
f 1099/49/280 1101/48/280 1098/47/280
f 1095/37/276 1097/36/276 1102/39/276
f 1101/38/276 1102/39/276 1097/36/276
f 1096/50/277 1095/51/277 1100/52/277
f 1102/53/277 1100/52/277 1095/51/277
f 1103/8/272 1104/34/272 1105/35/272
f 1106/33/272 1105/35/272 1104/34/272
f 1107/33/273 1108/34/273 1109/35/273
f 1110/8/273 1109/35/273 1108/34/273
f 1106/36/274 1104/37/274 1107/38/274
f 1108/39/274 1107/38/274 1104/37/274
f 1105/46/280 1106/47/280 1109/48/280
f 1107/49/280 1109/48/280 1106/47/280
f 1103/37/276 1105/36/276 1110/39/276
f 1109/38/276 1110/39/276 1105/36/276
f 1104/50/277 1103/51/277 1108/52/277
f 1110/53/277 1108/52/277 1103/51/277
f 1111/8/272 1112/34/272 1113/35/272
f 1114/33/272 1113/35/272 1112/34/272
f 1115/33/273 1116/34/273 1117/35/273
f 1118/8/273 1117/35/273 1116/34/273
f 1114/36/274 1112/37/274 1115/38/274
f 1116/39/274 1115/38/274 1112/37/274
f 1113/46/275 1114/47/275 1117/48/275
f 1115/49/275 1117/48/275 1114/47/275
f 1111/37/276 1113/36/276 1118/39/276
f 1117/38/276 1118/39/276 1113/36/276
f 1112/50/277 1111/51/277 1116/52/277
f 1118/53/277 1116/52/277 1111/51/277
f 1119/8/272 1120/34/272 1121/35/272
f 1122/33/272 1121/35/272 1120/34/272
f 1123/33/273 1124/34/273 1125/35/273
f 1126/8/273 1125/35/273 1124/34/273
f 1122/36/274 1120/37/274 1123/38/274
f 1124/39/274 1123/38/274 1120/37/274
f 1121/46/275 1122/47/275 1125/48/275
f 1123/49/275 1125/48/275 1122/47/275
f 1119/37/276 1121/36/276 1126/39/276
f 1125/38/276 1126/39/276 1121/36/276
f 1120/50/277 1119/51/277 1124/52/277
f 1126/53/277 1124/52/277 1119/51/277
f 1127/8/281 1128/34/281 1129/35/281
f 1130/33/281 1129/35/281 1128/34/281
f 1130/36/282 1128/37/282 1131/38/282
f 1132/39/282 1131/38/282 1128/37/282
f 1129/46/273 1130/47/273 1133/48/273
f 1131/49/273 1133/48/273 1130/47/273
f 1127/37/283 1129/36/283 1134/39/283
f 1133/38/283 1134/39/283 1129/36/283
f 1128/50/272 1127/51/272 1132/52/272
f 1134/53/272 1132/52/272 1127/51/272
f 1135/8/281 1136/34/281 1137/35/281
f 1138/33/281 1137/35/281 1136/34/281
f 1138/36/282 1136/37/282 1139/38/282
f 1140/39/282 1139/38/282 1136/37/282
f 1137/46/273 1138/47/273 1141/48/273
f 1139/49/273 1141/48/273 1138/47/273
f 1135/37/283 1137/36/283 1142/39/283
f 1141/38/283 1142/39/283 1137/36/283
f 1136/50/272 1135/51/272 1140/52/272
f 1142/53/272 1140/52/272 1135/51/272
f 1143/8/273 1144/34/273 1145/35/273
f 1146/33/273 1145/35/273 1144/34/273
f 1147/33/272 1148/34/272 1149/35/272
f 1150/8/272 1149/35/272 1148/34/272
f 1146/36/284 1144/37/284 1147/38/284
f 1148/39/284 1147/38/284 1144/37/284
f 1145/46/277 1146/47/277 1149/48/277
f 1147/49/277 1149/48/277 1146/47/277
f 1143/37/285 1145/36/285 1150/39/285
f 1149/38/285 1150/39/285 1145/36/285
f 1144/50/275 1143/51/275 1148/52/275
f 1150/53/275 1148/52/275 1143/51/275
f 1151/8/273 1152/34/273 1153/35/273
f 1154/33/273 1153/35/273 1152/34/273
f 1155/33/272 1156/34/272 1157/35/272
f 1158/8/272 1157/35/272 1156/34/272
f 1154/36/284 1152/37/284 1155/38/284
f 1156/39/284 1155/38/284 1152/37/284
f 1153/46/277 1154/47/277 1157/48/277
f 1155/49/277 1157/48/277 1154/47/277
f 1151/37/285 1153/36/285 1158/39/285
f 1157/38/285 1158/39/285 1153/36/285
f 1152/50/280 1151/51/280 1156/52/280
f 1158/53/280 1156/52/280 1151/51/280
f 1159/8/273 1160/34/273 1161/35/273
f 1162/33/273 1161/35/273 1160/34/273
f 1163/33/272 1164/34/272 1165/35/272
f 1166/8/272 1165/35/272 1164/34/272
f 1162/36/286 1160/37/286 1163/38/286
f 1164/39/286 1163/38/286 1160/37/286
f 1161/46/277 1162/47/277 1165/48/277
f 1163/49/277 1165/48/277 1162/47/277
f 1159/37/287 1161/36/287 1166/39/287
f 1165/38/287 1166/39/287 1161/36/287
f 1160/50/275 1159/51/275 1164/52/275
f 1166/53/275 1164/52/275 1159/51/275
f 1167/8/273 1168/34/273 1169/35/273
f 1170/33/273 1169/35/273 1168/34/273
f 1171/33/272 1172/34/272 1173/35/272
f 1174/8/272 1173/35/272 1172/34/272
f 1170/36/284 1168/37/284 1171/38/284
f 1172/39/284 1171/38/284 1168/37/284
f 1169/46/277 1170/47/277 1173/48/277
f 1171/49/277 1173/48/277 1170/47/277
f 1167/37/285 1169/36/285 1174/39/285
f 1173/38/285 1174/39/285 1169/36/285
f 1168/50/280 1167/51/280 1172/52/280
f 1174/53/280 1172/52/280 1167/51/280
f 1175/8/273 1176/34/273 1177/35/273
f 1178/33/273 1177/35/273 1176/34/273
f 1179/33/272 1180/34/272 1181/35/272
f 1182/8/272 1181/35/272 1180/34/272
f 1178/36/284 1176/37/284 1179/38/284
f 1180/39/284 1179/38/284 1176/37/284
f 1177/46/277 1178/47/277 1181/48/277
f 1179/49/277 1181/48/277 1178/47/277
f 1175/37/285 1177/36/285 1182/39/285
f 1181/38/285 1182/39/285 1177/36/285
f 1176/50/275 1175/51/275 1180/52/275
f 1182/53/275 1180/52/275 1175/51/275
f 1183/8/273 1184/34/273 1185/35/273
f 1186/33/273 1185/35/273 1184/34/273
f 1187/33/272 1188/34/272 1189/35/272
f 1190/8/272 1189/35/272 1188/34/272
f 1186/36/284 1184/37/284 1187/38/284
f 1188/39/284 1187/38/284 1184/37/284
f 1185/46/277 1186/47/277 1189/48/277
f 1187/49/277 1189/48/277 1186/47/277
f 1183/37/285 1185/36/285 1190/39/285
f 1189/38/285 1190/39/285 1185/36/285
f 1184/50/275 1183/51/275 1188/52/275
f 1190/53/275 1188/52/275 1183/51/275
f 1191/8/273 1192/34/273 1193/35/273
f 1194/33/273 1193/35/273 1192/34/273
f 1195/33/272 1196/34/272 1197/35/272
f 1198/8/272 1197/35/272 1196/34/272
f 1194/36/284 1192/37/284 1195/38/284
f 1196/39/284 1195/38/284 1192/37/284
f 1193/46/288 1194/47/288 1197/48/288
f 1195/49/288 1197/48/288 1194/47/288
f 1191/37/285 1193/36/285 1198/39/285
f 1197/38/285 1198/39/285 1193/36/285
f 1192/50/275 1191/51/275 1196/52/275
f 1198/53/275 1196/52/275 1191/51/275
f 1199/8/273 1200/34/273 1201/35/273
f 1202/33/273 1201/35/273 1200/34/273
f 1203/33/272 1204/34/272 1205/35/272
f 1206/8/272 1205/35/272 1204/34/272
f 1202/36/284 1200/37/284 1203/38/284
f 1204/39/284 1203/38/284 1200/37/284
f 1201/46/277 1202/47/277 1205/48/277
f 1203/49/288 1205/48/277 1202/47/277
f 1199/37/285 1201/36/285 1206/39/285
f 1205/38/285 1206/39/285 1201/36/285
f 1200/50/275 1199/51/275 1204/52/275
f 1206/53/275 1204/52/275 1199/51/275
f 1207/54/273 1208/8/273 1209/55/273
f 1210/5/273 1209/55/273 1208/8/273
f 1211/56/277 1207/8/277 1212/57/277
f 1209/5/277 1212/57/277 1207/8/277
f 1213/58/277 1211/56/277 1214/59/277
f 1212/57/277 1214/59/277 1211/56/277
f 1215/60/277 1213/58/277 1216/61/277
f 1214/59/277 1216/61/277 1213/58/277
f 1217/11/289 1215/60/277 1218/20/290
f 1216/61/277 1218/20/290 1215/60/277
f 1219/62/272 1220/63/272 1221/64/272
f 1222/65/272 1221/64/272 1220/63/272
f 1223/66/275 1224/8/291 1225/67/275
f 1226/5/292 1225/67/275 1224/8/291
f 1227/68/275 1223/66/275 1228/69/275
f 1225/67/275 1228/69/275 1223/66/275
f 1229/70/275 1227/68/275 1230/71/275
f 1228/69/275 1230/71/275 1227/68/275
f 1208/11/275 1229/70/275 1210/20/275
f 1230/71/275 1210/20/275 1229/70/275
f 1217/72/289 1218/73/290 1222/74/293
f 1222/74/293 1220/75/293 1217/72/289
f 1226/76/292 1224/77/291 1219/78/294
f 1219/78/294 1221/79/294 1226/76/292
f 1231/54/272 1232/8/272 1233/55/272
f 1234/5/272 1233/55/272 1232/8/272
f 1235/56/275 1231/8/275 1236/57/275
f 1233/5/275 1236/57/275 1231/8/275
f 1237/58/275 1235/56/275 1238/59/275
f 1236/57/275 1238/59/275 1235/56/275
f 1239/60/275 1237/58/275 1240/61/275
f 1238/59/275 1240/61/275 1237/58/275
f 1219/11/275 1239/60/275 1221/20/275
f 1240/61/275 1221/20/275 1239/60/275
f 1241/66/277 1220/8/277 1242/67/277
f 1222/5/277 1242/67/277 1220/8/277
f 1243/68/277 1241/66/277 1244/69/277
f 1242/67/277 1244/69/277 1241/66/277
f 1245/70/277 1243/68/277 1246/71/277
f 1244/69/277 1246/71/277 1243/68/277
f 1232/11/277 1245/70/277 1234/20/277
f 1246/71/277 1234/20/277 1245/70/277
f 1247/80/295 1248/81/295 1249/82/295
f 1250/20/295 1249/82/295 1248/81/295
f 1251/81/281 1252/80/281 1253/82/281
f 1253/82/281 1254/20/281 1251/81/281
f 1255/80/295 1256/81/295 1257/82/295
f 1258/20/295 1257/82/295 1256/81/295
f 1259/81/281 1260/80/281 1261/82/281
f 1261/82/281 1262/20/281 1259/81/281
f 1263/8/296 1264/34/296 1265/35/296
f 1266/33/296 1265/35/296 1264/34/296
f 1267/33/297 1268/34/297 1269/35/297
f 1270/8/297 1269/35/297 1268/34/297
f 1266/36/298 1264/37/298 1267/38/298
f 1268/39/298 1267/38/298 1264/37/298
f 1265/46/299 1266/47/300 1269/48/300
f 1267/49/301 1269/48/300 1266/47/300
f 1263/37/302 1265/36/302 1270/39/302
f 1269/38/302 1270/39/302 1265/36/302
f 1264/50/303 1263/51/304 1268/52/304
f 1270/53/305 1268/52/304 1263/51/304
f 1271/8/296 1272/34/296 1273/35/296
f 1274/33/296 1273/35/296 1272/34/296
f 1275/33/297 1276/34/297 1277/35/297
f 1278/8/297 1277/35/297 1276/34/297
f 1274/36/298 1272/37/298 1275/38/298
f 1276/39/298 1275/38/298 1272/37/298
f 1273/46/306 1274/47/300 1277/48/307
f 1275/49/301 1277/48/307 1274/47/300
f 1271/37/302 1273/36/302 1278/39/302
f 1277/38/302 1278/39/302 1273/36/302
f 1272/50/303 1271/51/304 1276/52/308
f 1278/53/309 1276/52/308 1271/51/304
f 1279/8/296 1280/34/296 1281/35/296
f 1282/33/296 1281/35/296 1280/34/296
f 1283/33/297 1284/34/297 1285/35/297
f 1286/8/297 1285/35/297 1284/34/297
f 1282/36/310 1280/37/310 1283/38/310
f 1284/39/310 1283/38/310 1280/37/310
f 1281/46/307 1282/47/311 1285/48/311
f 1283/49/301 1285/48/311 1282/47/311
f 1279/37/312 1281/36/312 1286/39/312
f 1285/38/312 1286/39/312 1281/36/312
f 1280/50/313 1279/51/313 1284/52/313
f 1286/53/313 1284/52/313 1279/51/313
f 1287/8/296 1288/34/296 1289/35/296
f 1290/33/296 1289/35/296 1288/34/296
f 1291/33/297 1292/34/297 1293/35/297
f 1294/8/297 1293/35/297 1292/34/297
f 1290/36/298 1288/37/298 1291/38/298
f 1292/39/298 1291/38/298 1288/37/298
f 1289/46/306 1290/47/300 1293/48/307
f 1291/49/301 1293/48/307 1290/47/300
f 1287/37/302 1289/36/302 1294/39/302
f 1293/38/302 1294/39/302 1289/36/302
f 1288/50/303 1287/51/304 1292/52/308
f 1294/53/309 1292/52/308 1287/51/304
f 1295/8/296 1296/34/296 1297/35/296
f 1298/33/296 1297/35/296 1296/34/296
f 1299/33/297 1300/34/297 1301/35/297
f 1302/8/297 1301/35/297 1300/34/297
f 1298/36/298 1296/37/298 1299/38/298
f 1300/39/298 1299/38/298 1296/37/298
f 1297/46/301 1298/47/301 1301/48/301
f 1299/49/301 1301/48/301 1298/47/301
f 1295/37/302 1297/36/302 1302/39/302
f 1301/38/302 1302/39/302 1297/36/302
f 1296/50/314 1295/51/304 1300/52/313
f 1302/53/303 1300/52/313 1295/51/304
f 1303/8/296 1304/34/296 1305/35/296
f 1306/33/296 1305/35/296 1304/34/296
f 1307/33/297 1308/34/297 1309/35/297
f 1310/8/297 1309/35/297 1308/34/297
f 1306/36/298 1304/37/298 1307/38/298
f 1308/39/298 1307/38/298 1304/37/298
f 1305/46/301 1306/47/301 1309/48/301
f 1307/49/301 1309/48/301 1306/47/301
f 1303/37/302 1305/36/302 1310/39/302
f 1309/38/302 1310/39/302 1305/36/302
f 1304/50/314 1303/51/304 1308/52/313
f 1310/53/303 1308/52/313 1303/51/304
f 1311/8/296 1312/34/296 1313/35/296
f 1314/33/296 1313/35/296 1312/34/296
f 1315/33/297 1316/34/297 1317/35/297
f 1318/8/297 1317/35/297 1316/34/297
f 1314/36/298 1312/37/298 1315/38/298
f 1316/39/298 1315/38/298 1312/37/298
f 1313/46/306 1314/47/300 1317/48/307
f 1315/49/301 1317/48/307 1314/47/300
f 1311/37/302 1313/36/302 1318/39/302
f 1317/38/302 1318/39/302 1313/36/302
f 1312/50/303 1311/51/313 1316/52/304
f 1318/53/314 1316/52/304 1311/51/313
f 1319/8/296 1320/34/296 1321/35/296
f 1322/33/296 1321/35/296 1320/34/296
f 1323/33/297 1324/34/297 1325/35/297
f 1326/8/297 1325/35/297 1324/34/297
f 1322/36/298 1320/37/298 1323/38/298
f 1324/39/298 1323/38/298 1320/37/298
f 1321/46/306 1322/47/300 1325/48/307
f 1323/49/301 1325/48/307 1322/47/300
f 1319/37/302 1321/36/302 1326/39/302
f 1325/38/302 1326/39/302 1321/36/302
f 1320/50/303 1319/51/313 1324/52/304
f 1326/53/314 1324/52/304 1319/51/313
f 1327/8/315 1328/34/315 1329/35/315
f 1330/33/315 1329/35/315 1328/34/315
f 1330/36/316 1328/37/316 1331/38/316
f 1332/39/316 1331/38/316 1328/37/316
f 1329/46/317 1330/47/317 1333/48/317
f 1331/49/317 1333/48/317 1330/47/317
f 1327/37/318 1329/36/318 1334/39/318
f 1333/38/318 1334/39/318 1329/36/318
f 1328/50/296 1327/51/296 1332/52/296
f 1334/53/296 1332/52/296 1327/51/296
f 1335/8/315 1336/34/315 1337/35/315
f 1338/33/315 1337/35/315 1336/34/315
f 1338/36/316 1336/37/316 1339/38/316
f 1340/39/316 1339/38/316 1336/37/316
f 1337/46/317 1338/47/317 1341/48/317
f 1339/49/317 1341/48/317 1338/47/317
f 1335/37/318 1337/36/318 1342/39/318
f 1341/38/318 1342/39/318 1337/36/318
f 1336/50/319 1335/51/319 1340/52/319
f 1342/53/319 1340/52/319 1335/51/319
f 1343/8/297 1344/34/297 1345/35/297
f 1346/33/297 1345/35/297 1344/34/297
f 1347/33/320 1348/34/296 1349/35/320
f 1350/8/296 1349/35/320 1348/34/296
f 1346/36/321 1344/37/321 1347/38/321
f 1348/39/321 1347/38/321 1344/37/321
f 1345/46/305 1346/47/304 1349/48/304
f 1347/49/303 1349/48/304 1346/47/304
f 1343/37/322 1345/36/322 1350/39/322
f 1349/38/322 1350/39/322 1345/36/322
f 1344/50/323 1343/51/324 1348/52/325
f 1350/53/301 1348/52/325 1343/51/324
f 1351/8/297 1352/34/297 1353/35/297
f 1354/33/297 1353/35/297 1352/34/297
f 1355/33/296 1356/34/296 1357/35/296
f 1358/8/296 1357/35/296 1356/34/296
f 1354/36/321 1352/37/321 1355/38/321
f 1356/39/321 1355/38/321 1352/37/321
f 1353/46/303 1354/47/313 1357/48/304
f 1355/49/314 1357/48/304 1354/47/313
f 1351/37/322 1353/36/322 1358/39/322
f 1357/38/322 1358/39/322 1353/36/322
f 1352/50/301 1351/51/307 1356/52/300
f 1358/53/306 1356/52/300 1351/51/307
f 1359/8/297 1360/34/297 1361/35/297
f 1362/33/297 1361/35/297 1360/34/297
f 1363/33/296 1364/34/296 1365/35/296
f 1366/8/296 1365/35/296 1364/34/296
f 1362/36/326 1360/37/326 1363/38/326
f 1364/39/326 1363/38/326 1360/37/326
f 1361/46/314 1362/47/313 1365/48/313
f 1363/49/303 1365/48/313 1362/47/313
f 1359/37/327 1361/36/327 1366/39/327
f 1365/38/327 1366/39/327 1361/36/327
f 1360/50/301 1359/51/307 1364/52/307
f 1366/53/306 1364/52/307 1359/51/307
f 1367/8/297 1368/34/297 1369/35/297
f 1370/33/297 1369/35/297 1368/34/297
f 1371/33/296 1372/34/296 1373/35/296
f 1374/8/296 1373/35/296 1372/34/296
f 1370/36/321 1368/37/321 1371/38/321
f 1372/39/321 1371/38/321 1368/37/321
f 1369/46/303 1370/47/313 1373/48/304
f 1371/49/314 1373/48/304 1370/47/313
f 1367/37/322 1369/36/322 1374/39/322
f 1373/38/322 1374/39/322 1369/36/322
f 1368/50/301 1367/51/307 1372/52/300
f 1374/53/306 1372/52/300 1367/51/307
f 1375/8/297 1376/34/297 1377/35/297
f 1378/33/297 1377/35/297 1376/34/297
f 1379/33/296 1380/34/296 1381/35/296
f 1382/8/296 1381/35/296 1380/34/296
f 1378/36/321 1376/37/321 1379/38/321
f 1380/39/321 1379/38/321 1376/37/321
f 1377/46/314 1378/47/304 1381/48/313
f 1379/49/303 1381/48/313 1378/47/304
f 1375/37/322 1377/36/322 1382/39/322
f 1381/38/322 1382/39/322 1377/36/322
f 1376/50/306 1375/51/300 1380/52/307
f 1382/53/301 1380/52/307 1375/51/300
f 1383/8/297 1384/34/297 1385/35/297
f 1386/33/297 1385/35/297 1384/34/297
f 1387/33/296 1388/34/296 1389/35/296
f 1390/8/296 1389/35/296 1388/34/296
f 1386/36/321 1384/37/321 1387/38/321
f 1388/39/321 1387/38/321 1384/37/321
f 1385/46/314 1386/47/304 1389/48/313
f 1387/49/303 1389/48/313 1386/47/304
f 1383/37/322 1385/36/322 1390/39/322
f 1389/38/322 1390/39/322 1385/36/322
f 1384/50/328 1383/51/329 1388/52/330
f 1390/53/301 1388/52/330 1383/51/329
f 1391/8/297 1392/34/297 1393/35/297
f 1394/33/297 1393/35/297 1392/34/297
f 1395/33/296 1396/34/296 1397/35/296
f 1398/8/296 1397/35/296 1396/34/296
f 1394/36/321 1392/37/321 1395/38/321
f 1396/39/321 1395/38/321 1392/37/321
f 1393/46/303 1394/47/313 1397/48/304
f 1395/49/314 1397/48/304 1394/47/313
f 1391/37/322 1393/36/322 1398/39/322
f 1397/38/322 1398/39/322 1393/36/322
f 1392/50/301 1391/51/307 1396/52/300
f 1398/53/306 1396/52/300 1391/51/307
f 1399/8/297 1400/34/297 1401/35/297
f 1402/33/297 1401/35/297 1400/34/297
f 1403/33/296 1404/34/296 1405/35/296
f 1406/8/296 1405/35/296 1404/34/296
f 1402/36/321 1400/37/321 1403/38/321
f 1404/39/321 1403/38/321 1400/37/321
f 1401/46/303 1402/47/313 1405/48/304
f 1403/49/314 1405/48/304 1402/47/313
f 1399/37/322 1401/36/322 1406/39/322
f 1405/38/322 1406/39/322 1401/36/322
f 1400/50/306 1399/51/300 1404/52/307
f 1406/53/301 1404/52/307 1399/51/300
f 1407/54/297 1408/8/297 1409/55/297
f 1410/5/297 1409/55/297 1408/8/297
f 1411/56/314 1407/8/313 1412/57/304
f 1409/5/304 1412/57/304 1407/8/304
f 1413/58/331 1411/56/314 1414/59/331
f 1412/57/304 1414/59/331 1411/56/314
f 1415/60/304 1413/58/331 1416/61/304
f 1414/59/331 1416/61/304 1413/58/331
f 1417/11/332 1415/60/304 1418/20/333
f 1416/61/304 1418/20/333 1415/60/304
f 1419/62/296 1420/63/296 1421/64/296
f 1422/65/296 1421/64/296 1420/63/296
f 1423/66/311 1424/8/334 1425/67/307
f 1426/5/335 1425/67/307 1424/8/334
f 1427/68/307 1423/66/311 1428/69/307
f 1425/67/307 1428/69/307 1423/66/311
f 1429/70/307 1427/68/307 1430/71/307
f 1428/69/307 1430/71/307 1427/68/307
f 1408/11/300 1429/70/300 1410/20/300
f 1430/71/307 1410/20/307 1429/70/307
f 1417/72/332 1418/73/333 1422/74/336
f 1422/74/336 1420/75/336 1417/72/332
f 1426/76/335 1424/77/334 1419/78/337
f 1419/78/337 1421/79/337 1426/76/335
f 1431/54/296 1432/8/296 1433/55/296
f 1434/5/296 1433/55/296 1432/8/296
f 1435/56/307 1431/8/300 1436/57/307
f 1433/5/307 1436/57/307 1431/8/307
f 1437/58/307 1435/56/307 1438/59/307
f 1436/57/307 1438/59/307 1435/56/307
f 1439/60/300 1437/58/307 1440/61/300
f 1438/59/307 1440/61/300 1437/58/307
f 1419/11/311 1439/60/300 1421/20/311
f 1440/61/300 1421/20/311 1439/60/300
f 1441/66/331 1420/8/305 1442/67/313
f 1422/5/305 1442/67/313 1420/8/305
f 1443/68/313 1441/66/331 1444/69/313
f 1442/67/313 1444/69/313 1441/66/331
f 1445/70/305 1443/68/313 1446/71/314
f 1444/69/313 1446/71/314 1443/68/313
f 1432/11/313 1445/70/313 1434/20/313
f 1446/71/314 1434/20/304 1445/70/305
f 1447/80/338 1448/81/338 1449/82/338
f 1450/20/338 1449/82/338 1448/81/338
f 1451/81/315 1452/80/315 1453/82/315
f 1453/82/315 1454/20/315 1451/81/315
f 1455/80/338 1456/81/338 1457/82/338
f 1458/20/338 1457/82/338 1456/81/338
f 1459/81/315 1460/80/315 1461/82/315
f 1461/82/315 1462/20/315 1459/81/315
f 1463/8/339 1464/34/339 1465/35/339
f 1466/33/339 1465/35/339 1464/34/339
f 1467/33/340 1468/34/340 1469/35/340
f 1470/8/340 1469/35/340 1468/34/340
f 1466/36/341 1464/37/341 1467/38/341
f 1468/39/341 1467/38/341 1464/37/341
f 1465/46/342 1466/47/343 1469/48/343
f 1467/49/344 1469/48/343 1466/47/343
f 1463/37/345 1465/36/345 1470/39/345
f 1469/38/345 1470/39/345 1465/36/345
f 1464/50/346 1463/51/347 1468/52/348
f 1470/53/349 1468/52/348 1463/51/347
f 1471/8/339 1472/34/339 1473/35/339
f 1474/33/339 1473/35/339 1472/34/339
f 1475/33/340 1476/34/340 1477/35/340
f 1478/8/340 1477/35/340 1476/34/340
f 1474/36/341 1472/37/341 1475/38/341
f 1476/39/341 1475/38/341 1472/37/341
f 1473/46/350 1474/47/351 1477/48/350
f 1475/49/352 1477/48/350 1474/47/351
f 1471/37/345 1473/36/345 1478/39/345
f 1477/38/345 1478/39/345 1473/36/345
f 1472/50/353 1471/51/353 1476/52/354
f 1478/53/354 1476/52/354 1471/51/353
f 1479/8/339 1480/34/339 1481/35/339
f 1482/33/339 1481/35/339 1480/34/339
f 1483/33/355 1484/34/340 1485/35/355
f 1486/8/340 1485/35/355 1484/34/340
f 1482/36/356 1480/37/356 1483/38/356
f 1484/39/356 1483/38/356 1480/37/356
f 1481/46/343 1482/47/350 1485/48/350
f 1483/49/357 1485/48/350 1482/47/350
f 1479/37/358 1481/36/358 1486/39/358
f 1485/38/358 1486/39/358 1481/36/358
f 1480/50/349 1479/51/353 1484/52/353
f 1486/53/359 1484/52/353 1479/51/353
f 1487/8/339 1488/34/339 1489/35/339
f 1490/33/339 1489/35/339 1488/34/339
f 1491/33/340 1492/34/340 1493/35/340
f 1494/8/340 1493/35/340 1492/34/340
f 1490/36/341 1488/37/341 1491/38/341
f 1492/39/341 1491/38/341 1488/37/341
f 1489/46/344 1490/47/351 1493/48/350
f 1491/49/352 1493/48/350 1490/47/351
f 1487/37/345 1489/36/345 1494/39/345
f 1493/38/345 1494/39/345 1489/36/345
f 1488/50/353 1487/51/348 1492/52/360
f 1494/53/359 1492/52/360 1487/51/348
f 1495/8/339 1496/34/339 1497/35/339
f 1498/33/339 1497/35/339 1496/34/339
f 1499/33/340 1500/34/340 1501/35/340
f 1502/8/340 1501/35/340 1500/34/340
f 1498/36/341 1496/37/341 1499/38/341
f 1500/39/341 1499/38/341 1496/37/341
f 1497/46/361 1498/47/362 1501/48/363
f 1499/49/344 1501/48/363 1498/47/362
f 1495/37/345 1497/36/345 1502/39/345
f 1501/38/345 1502/39/345 1497/36/345
f 1496/50/347 1495/51/347 1500/52/364
f 1502/53/354 1500/52/364 1495/51/347
f 1503/8/339 1504/34/339 1505/35/339
f 1506/33/339 1505/35/339 1504/34/339
f 1507/33/340 1508/34/340 1509/35/340
f 1510/8/340 1509/35/340 1508/34/340
f 1506/36/341 1504/37/341 1507/38/341
f 1508/39/341 1507/38/341 1504/37/341
f 1505/46/362 1506/47/362 1509/48/363
f 1507/49/350 1509/48/363 1506/47/362
f 1503/37/345 1505/36/345 1510/39/345
f 1509/38/345 1510/39/345 1505/36/345
f 1504/50/353 1503/51/353 1508/52/353
f 1510/53/353 1508/52/353 1503/51/353
f 1511/8/365 1512/34/365 1513/35/365
f 1514/33/365 1513/35/365 1512/34/365
f 1515/33/366 1516/34/366 1517/35/366
f 1518/8/366 1517/35/366 1516/34/366
f 1514/36/367 1512/37/367 1515/38/367
f 1516/39/367 1515/38/367 1512/37/367
f 1513/46/368 1514/47/368 1517/48/368
f 1515/49/368 1517/48/368 1514/47/368
f 1511/37/369 1513/36/369 1518/39/369
f 1517/38/369 1518/39/369 1513/36/369
f 1512/50/370 1511/51/370 1516/52/370
f 1518/53/370 1516/52/370 1511/51/370
f 1519/8/371 1520/34/371 1521/35/371
f 1522/33/371 1521/35/371 1520/34/371
f 1523/33/372 1524/34/372 1525/35/372
f 1526/8/372 1525/35/372 1524/34/372
f 1522/36/373 1520/37/373 1523/38/373
f 1524/39/373 1523/38/373 1520/37/373
f 1521/46/368 1522/47/368 1525/48/368
f 1523/49/368 1525/48/368 1522/47/368
f 1519/37/374 1521/36/374 1526/39/374
f 1525/38/374 1526/39/374 1521/36/374
f 1520/50/370 1519/51/370 1524/52/370
f 1526/53/370 1524/52/370 1519/51/370
f 1527/8/375 1528/34/375 1529/35/375
f 1530/33/375 1529/35/375 1528/34/375
f 1530/36/253 1528/37/253 1531/38/253
f 1532/39/253 1531/38/253 1528/37/253
f 1529/46/355 1530/47/355 1533/48/355
f 1531/49/355 1533/48/355 1530/47/355
f 1527/37/255 1529/36/255 1534/39/255
f 1533/38/255 1534/39/255 1529/36/255
f 1528/50/376 1527/51/376 1532/52/376
f 1534/53/376 1532/52/376 1527/51/376
f 1535/8/375 1536/34/375 1537/35/375
f 1538/33/375 1537/35/375 1536/34/375
f 1538/36/253 1536/37/253 1539/38/253
f 1540/39/253 1539/38/253 1536/37/253
f 1537/46/377 1538/47/377 1541/48/377
f 1539/49/355 1541/48/355 1538/47/355
f 1535/37/255 1537/36/255 1542/39/255
f 1541/38/255 1542/39/255 1537/36/255
f 1536/50/376 1535/51/376 1540/52/376
f 1542/53/378 1540/52/378 1535/51/378
f 1543/8/355 1544/34/340 1545/35/340
f 1546/33/340 1545/35/340 1544/34/340
f 1547/33/376 1548/34/339 1549/35/339
f 1550/8/339 1549/35/339 1548/34/339
f 1546/36/379 1544/37/379 1547/38/379
f 1548/39/379 1547/38/379 1544/37/379
f 1545/46/348 1546/47/359 1549/48/360
f 1547/49/380 1549/48/360 1546/47/359
f 1543/37/381 1545/36/381 1550/39/381
f 1549/38/381 1550/39/381 1545/36/381
f 1544/50/357 1543/51/351 1548/52/350
f 1550/53/343 1548/52/350 1543/51/351
f 1551/8/340 1552/34/340 1553/35/340
f 1554/33/340 1553/35/340 1552/34/340
f 1555/33/339 1556/34/376 1557/35/339
f 1558/8/376 1557/35/339 1556/34/376
f 1554/36/379 1552/37/379 1555/38/379
f 1556/39/379 1555/38/379 1552/37/379
f 1553/46/354 1554/47/360 1557/48/359
f 1555/49/353 1557/48/359 1554/47/360
f 1551/37/381 1553/36/381 1558/39/381
f 1557/38/381 1558/39/381 1553/36/381
f 1552/50/352 1551/51/352 1556/52/352
f 1558/53/352 1556/52/352 1551/51/352
f 1559/8/355 1560/34/355 1561/35/340
f 1562/33/340 1561/35/340 1560/34/355
f 1563/33/339 1564/34/376 1565/35/339
f 1566/8/376 1565/35/339 1564/34/376
f 1562/36/382 1560/37/382 1563/38/382
f 1564/39/382 1563/38/382 1560/37/382
f 1561/46/359 1562/47/359 1565/48/359
f 1563/49/359 1565/48/359 1562/47/359
f 1559/37/383 1561/36/383 1566/39/383
f 1565/38/383 1566/39/383 1561/36/383
f 1560/50/350 1559/51/350 1564/52/350
f 1566/53/350 1564/52/350 1559/51/350
f 1567/8/340 1568/34/340 1569/35/340
f 1570/33/340 1569/35/340 1568/34/340
f 1571/33/339 1572/34/339 1573/35/339
f 1574/8/339 1573/35/339 1572/34/339
f 1570/36/379 1568/37/379 1571/38/379
f 1572/39/379 1571/38/379 1568/37/379
f 1569/46/354 1570/47/360 1573/48/359
f 1571/49/353 1573/48/359 1570/47/360
f 1567/37/381 1569/36/381 1574/39/381
f 1573/38/381 1574/39/381 1569/36/381
f 1568/50/352 1567/51/350 1572/52/351
f 1574/53/344 1572/52/351 1567/51/350
f 1575/8/340 1576/34/340 1577/35/340
f 1578/33/340 1577/35/340 1576/34/340
f 1579/33/339 1580/34/384 1581/35/339
f 1582/8/384 1581/35/339 1580/34/384
f 1578/36/379 1576/37/379 1579/38/379
f 1580/39/379 1579/38/379 1576/37/379
f 1577/46/353 1578/47/359 1581/48/360
f 1579/49/354 1581/48/360 1578/47/359
f 1575/37/381 1577/36/381 1582/39/381
f 1581/38/381 1582/39/381 1577/36/381
f 1576/50/363 1575/51/385 1580/52/385
f 1582/53/386 1580/52/385 1575/51/385
f 1583/8/387 1584/34/387 1585/35/340
f 1586/33/340 1585/35/340 1584/34/387
f 1587/33/339 1588/34/384 1589/35/339
f 1590/8/384 1589/35/339 1588/34/384
f 1586/36/379 1584/37/379 1587/38/379
f 1588/39/379 1587/38/379 1584/37/379
f 1585/46/364 1586/47/360 1589/48/388
f 1587/49/354 1589/48/388 1586/47/360
f 1583/37/381 1585/36/381 1590/39/381
f 1589/38/381 1590/39/381 1585/36/381
f 1584/50/389 1583/51/389 1588/52/390
f 1590/53/390 1588/52/390 1583/51/389
f 1591/8/340 1592/34/340 1593/35/391
f 1594/33/391 1593/35/391 1592/34/340
f 1595/33/339 1596/34/339 1597/35/339
f 1598/8/339 1597/35/339 1596/34/339
f 1594/36/379 1592/37/379 1595/38/379
f 1596/39/379 1595/38/379 1592/37/379
f 1593/46/364 1594/47/359 1597/48/360
f 1595/49/354 1597/48/360 1594/47/359
f 1591/37/381 1593/36/381 1598/39/381
f 1597/38/381 1598/39/381 1593/36/381
f 1592/50/363 1591/51/351 1596/52/392
f 1598/53/344 1596/52/392 1591/51/351
f 1599/8/355 1600/34/355 1601/35/340
f 1602/33/340 1601/35/340 1600/34/355
f 1603/33/339 1604/34/339 1605/35/339
f 1606/8/339 1605/35/339 1604/34/339
f 1602/36/379 1600/37/379 1603/38/379
f 1604/39/379 1603/38/379 1600/37/379
f 1601/46/354 1602/47/364 1605/48/347
f 1603/49/346 1605/48/347 1602/47/364
f 1599/37/381 1601/36/381 1606/39/381
f 1605/38/381 1606/39/381 1601/36/381
f 1600/50/344 1599/51/363 1604/52/362
f 1606/53/361 1604/52/362 1599/51/363
f 1607/54/372 1608/8/372 1609/55/372
f 1610/5/393 1609/55/393 1608/8/393
f 1611/56/370 1607/8/370 1612/57/370
f 1609/5/370 1612/57/370 1607/8/370
f 1613/58/394 1611/56/395 1614/59/396
f 1612/57/395 1614/59/397 1611/56/395
f 1615/60/359 1613/58/394 1616/61/359
f 1614/59/396 1616/61/359 1613/58/394
f 1617/11/398 1615/60/359 1618/20/399
f 1616/61/359 1618/20/399 1615/60/359
f 1619/62/376 1620/63/376 1621/64/376
f 1622/65/376 1621/64/376 1620/63/376
f 1623/66/350 1624/8/400 1625/67/350
f 1626/5/401 1625/67/350 1624/8/400
f 1627/68/402 1623/66/350 1628/69/403
f 1625/67/350 1628/69/403 1623/66/350
f 1629/70/404 1627/68/405 1630/71/404
f 1628/69/403 1630/71/404 1627/68/402
f 1608/11/406 1629/70/406 1610/20/406
f 1630/71/406 1610/20/406 1629/70/406
f 1617/72/398 1618/73/399 1622/74/407
f 1622/74/407 1620/75/407 1617/72/398
f 1626/76/401 1624/77/400 1619/78/408
f 1619/78/408 1621/79/408 1626/76/401
f 1631/54/376 1632/8/376 1633/55/376
f 1634/5/339 1633/55/339 1632/8/339
f 1635/56/409 1631/8/350 1636/57/410
f 1633/5/363 1636/57/411 1631/8/363
f 1637/58/412 1635/56/409 1638/59/413
f 1636/57/410 1638/59/413 1635/56/409
f 1639/60/414 1637/58/412 1640/61/415
f 1638/59/413 1640/61/415 1637/58/412
f 1619/11/363 1639/60/414 1621/20/350
f 1640/61/415 1621/20/350 1639/60/414
f 1641/66/416 1620/8/364 1642/67/417
f 1622/5/364 1642/67/417 1620/8/364
f 1643/68/418 1641/66/416 1644/69/419
f 1642/67/417 1644/69/419 1641/66/416
f 1645/70/420 1643/68/418 1646/71/421
f 1644/69/419 1646/71/421 1643/68/418
f 1632/11/422 1645/70/423 1634/20/422
f 1646/71/421 1634/20/364 1645/70/420
f 1647/80/424 1648/81/424 1649/82/424
f 1650/20/424 1649/82/424 1648/81/424
f 1651/81/375 1652/80/375 1653/82/375
f 1653/82/375 1654/20/375 1651/81/375
f 1655/80/424 1656/81/424 1657/82/424
f 1658/20/424 1657/82/424 1656/81/424
f 1659/81/375 1660/80/375 1661/82/375
f 1661/82/375 1662/20/375 1659/81/375
f 1663/8/425 1664/34/425 1665/35/425
f 1666/33/425 1665/35/425 1664/34/425
f 1667/33/426 1668/34/426 1669/35/426
f 1670/8/426 1669/35/426 1668/34/426
f 1666/36/427 1664/37/427 1667/38/427
f 1668/39/427 1667/38/427 1664/37/427
f 1665/46/428 1666/47/429 1669/48/430
f 1667/49/431 1669/48/430 1666/47/429
f 1663/37/432 1665/36/432 1670/39/432
f 1669/38/432 1670/39/432 1665/36/432
f 1664/50/433 1663/51/434 1668/52/435
f 1670/53/436 1668/52/435 1663/51/434
f 1671/8/437 1672/34/437 1673/35/438
f 1674/33/438 1673/35/438 1672/34/437
f 1675/33/439 1676/34/440 1677/35/439
f 1678/8/440 1677/35/439 1676/34/440
f 1674/36/441 1672/37/441 1675/38/441
f 1676/39/441 1675/38/441 1672/37/441
f 1673/46/442 1674/47/443 1677/48/444
f 1675/49/444 1677/48/444 1674/47/443
f 1671/37/445 1673/36/445 1678/39/445
f 1677/38/445 1678/39/445 1673/36/445
f 1672/50/446 1671/51/446 1676/52/446
f 1678/53/446 1676/52/446 1671/51/446
f 1679/8/447 1680/34/447 1681/35/447
f 1682/33/447 1681/35/447 1680/34/447
f 1683/33/448 1684/34/449 1685/35/450
f 1686/8/449 1685/35/450 1684/34/449
f 1682/36/248 1680/37/248 1683/38/248
f 1684/39/248 1683/38/248 1680/37/248
f 1681/46/451 1682/47/451 1685/48/451
f 1683/49/451 1685/48/451 1682/47/451
f 1679/37/249 1681/36/249 1686/39/249
f 1685/38/249 1686/39/249 1681/36/249
f 1680/50/452 1679/51/452 1684/52/452
f 1686/53/452 1684/52/452 1679/51/452
f 1687/8/438 1688/34/438 1689/35/438
f 1690/33/438 1689/35/438 1688/34/438
f 1691/33/439 1692/34/439 1693/35/439
f 1694/8/439 1693/35/439 1692/34/439
f 1690/36/441 1688/37/441 1691/38/441
f 1692/39/441 1691/38/441 1688/37/441
f 1689/46/444 1690/47/444 1693/48/444
f 1691/49/444 1693/48/444 1690/47/444
f 1687/37/445 1689/36/445 1694/39/445
f 1693/38/445 1694/39/445 1689/36/445
f 1688/50/453 1687/51/453 1692/52/453
f 1694/53/453 1692/52/453 1687/51/453
f 1695/8/454 1696/34/454 1697/35/454
f 1698/33/454 1697/35/454 1696/34/454
f 1698/36/455 1696/37/455 1699/38/455
f 1700/39/456 1699/38/456 1696/37/456
f 1697/46/426 1698/47/426 1701/48/426
f 1699/49/457 1701/48/457 1698/47/457
f 1695/37/458 1697/36/458 1702/39/458
f 1701/38/458 1702/39/458 1697/36/458
f 1696/50/459 1695/51/459 1700/52/459
f 1702/53/459 1700/52/459 1695/51/459
f 1703/8/454 1704/34/454 1705/35/454
f 1706/33/454 1705/35/454 1704/34/454
f 1706/36/455 1704/37/455 1707/38/455
f 1708/39/455 1707/38/455 1704/37/455
f 1705/46/460 1706/47/460 1709/48/460
f 1707/49/460 1709/48/460 1706/47/460
f 1703/37/458 1705/36/458 1710/39/458
f 1709/38/458 1710/39/458 1705/36/458
f 1704/50/425 1703/51/425 1708/52/425
f 1710/53/461 1708/52/461 1703/51/461
f 1711/8/426 1712/34/426 1713/35/426
f 1714/33/426 1713/35/426 1712/34/426
f 1715/33/425 1716/34/425 1717/35/425
f 1718/8/425 1717/35/425 1716/34/425
f 1714/36/462 1712/37/462 1715/38/462
f 1716/39/462 1715/38/462 1712/37/462
f 1713/46/436 1714/47/435 1717/48/434
f 1715/49/433 1717/48/434 1714/47/435
f 1711/37/463 1713/36/463 1718/39/463
f 1717/38/463 1718/39/463 1713/36/463
f 1712/50/431 1711/51/430 1716/52/429
f 1718/53/428 1716/52/429 1711/51/430
f 1719/8/464 1720/34/464 1721/35/464
f 1722/33/464 1721/35/464 1720/34/464
f 1723/33/465 1724/34/465 1725/35/465
f 1726/8/465 1725/35/465 1724/34/465
f 1722/36/462 1720/37/462 1723/38/462
f 1724/39/462 1723/38/462 1720/37/462
f 1721/46/466 1722/47/467 1725/48/468
f 1723/49/469 1725/48/468 1722/47/467
f 1719/37/463 1721/36/463 1726/39/463
f 1725/38/463 1726/39/463 1721/36/463
f 1720/50/470 1719/51/471 1724/52/472
f 1726/53/473 1724/52/472 1719/51/471
f 1727/8/464 1728/34/464 1729/35/464
f 1730/33/464 1729/35/464 1728/34/464
f 1731/33/465 1732/34/465 1733/35/465
f 1734/8/465 1733/35/465 1732/34/465
f 1730/36/474 1728/37/474 1731/38/474
f 1732/39/474 1731/38/474 1728/37/474
f 1729/46/466 1730/47/467 1733/48/467
f 1731/49/475 1733/48/467 1730/47/467
f 1727/37/476 1729/36/476 1734/39/476
f 1733/38/476 1734/39/476 1729/36/476
f 1728/50/470 1727/51/471 1732/52/471
f 1734/53/477 1732/52/471 1727/51/471
f 1735/8/464 1736/34/464 1737/35/464
f 1738/33/464 1737/35/464 1736/34/464
f 1739/33/465 1740/34/465 1741/35/465
f 1742/8/465 1741/35/465 1740/34/465
f 1738/36/462 1736/37/462 1739/38/462
f 1740/39/462 1739/38/462 1736/37/462
f 1737/46/466 1738/47/467 1741/48/468
f 1739/49/469 1741/48/468 1738/47/467
f 1735/37/463 1737/36/463 1742/39/463
f 1741/38/463 1742/39/463 1737/36/463
f 1736/50/470 1735/51/471 1740/52/472
f 1742/53/473 1740/52/472 1735/51/471
f 1743/8/464 1744/34/464 1745/35/464
f 1746/33/464 1745/35/464 1744/34/464
f 1747/33/465 1748/34/465 1749/35/465
f 1750/8/465 1749/35/465 1748/34/465
f 1746/36/462 1744/37/462 1747/38/462
f 1748/39/462 1747/38/462 1744/37/462
f 1745/46/469 1746/47/468 1749/48/467
f 1747/49/466 1749/48/467 1746/47/468
f 1743/37/463 1745/36/463 1750/39/463
f 1749/38/463 1750/39/463 1745/36/463
f 1744/50/470 1743/51/471 1748/52/472
f 1750/53/473 1748/52/472 1743/51/471
f 1751/8/464 1752/34/464 1753/35/464
f 1754/33/464 1753/35/464 1752/34/464
f 1755/33/465 1756/34/465 1757/35/465
f 1758/8/465 1757/35/465 1756/34/465
f 1754/36/462 1752/37/462 1755/38/462
f 1756/39/462 1755/38/462 1752/37/462
f 1753/46/469 1754/47/468 1757/48/467
f 1755/49/466 1757/48/467 1754/47/468
f 1751/37/463 1753/36/463 1758/39/463
f 1757/38/463 1758/39/463 1753/36/463
f 1752/50/470 1751/51/471 1756/52/472
f 1758/53/473 1756/52/472 1751/51/471
f 1759/8/464 1760/34/464 1761/35/464
f 1762/33/464 1761/35/464 1760/34/464
f 1763/33/465 1764/34/465 1765/35/465
f 1766/8/465 1765/35/465 1764/34/465
f 1762/36/462 1760/37/462 1763/38/462
f 1764/39/462 1763/38/462 1760/37/462
f 1761/46/469 1762/47/469 1765/48/469
f 1763/49/469 1765/48/469 1762/47/469
f 1759/37/463 1761/36/463 1766/39/463
f 1765/38/463 1766/39/463 1761/36/463
f 1760/50/470 1759/51/471 1764/52/472
f 1766/53/473 1764/52/472 1759/51/471
f 1767/8/464 1768/34/464 1769/35/464
f 1770/33/464 1769/35/464 1768/34/464
f 1771/33/465 1772/34/465 1773/35/465
f 1774/8/465 1773/35/465 1772/34/465
f 1770/36/462 1768/37/462 1771/38/462
f 1772/39/462 1771/38/462 1768/37/462
f 1769/46/466 1770/47/467 1773/48/468
f 1771/49/469 1773/48/468 1770/47/467
f 1767/37/463 1769/36/463 1774/39/463
f 1773/38/463 1774/39/463 1769/36/463
f 1768/50/470 1767/51/471 1772/52/472
f 1774/53/473 1772/52/472 1767/51/471
f 1775/60/478 1776/58/479 1777/61/480
f 1778/59/479 1777/61/480 1776/58/479
f 1779/11/481 1775/60/478 1780/20/482
f 1777/61/480 1780/20/482 1775/60/478
f 1781/62/425 1782/63/425 1783/64/425
f 1784/65/425 1783/64/425 1782/63/425
f 1785/66/483 1786/8/484 1787/67/483
f 1788/5/485 1787/67/486 1786/8/487
f 1789/68/488 1785/66/488 1790/69/488
f 1787/67/488 1790/69/488 1785/66/488
f 1779/72/481 1780/73/482 1784/74/489
f 1784/74/489 1782/75/489 1779/72/481
f 1788/76/485 1786/77/487 1781/78/490
f 1781/78/490 1783/79/490 1788/76/485
f 1791/54/465 1792/8/465 1793/55/465
f 1794/5/465 1793/55/465 1792/8/465
f 1795/56/472 1791/8/472 1796/57/472
f 1793/5/472 1796/57/472 1791/8/472
f 1797/58/472 1795/56/472 1798/59/472
f 1796/57/472 1798/59/472 1795/56/472
f 1799/60/491 1797/58/472 1800/61/492
f 1798/59/472 1800/61/492 1797/58/472
f 1781/11/493 1799/60/491 1783/20/493
f 1800/61/492 1783/20/493 1799/60/491
f 1801/66/494 1782/8/495 1802/67/496
f 1784/5/495 1802/67/496 1782/8/495
f 1803/68/468 1801/66/494 1804/69/468
f 1802/67/496 1804/69/468 1801/66/494
f 1805/70/468 1803/68/468 1806/71/468
f 1804/69/468 1806/71/468 1803/68/468
f 1792/11/468 1805/70/468 1794/20/468
f 1806/71/468 1794/20/468 1805/70/468
f 1807/80/497 1808/81/497 1809/82/497
f 1810/20/497 1809/82/497 1808/81/497
f 1811/81/454 1812/80/454 1813/82/454
f 1813/82/454 1814/20/454 1811/81/454
f 1815/81/454 1816/80/454 1817/82/454
f 1817/82/454 1818/20/454 1815/81/454
f 1819/80/497 1820/81/497 1821/82/497
f 1822/20/497 1821/82/497 1820/81/497
f 1823/8/498 1824/34/498 1825/35/498
f 1826/33/498 1825/35/498 1824/34/498
f 1827/33/499 1828/34/499 1829/35/499
f 1830/8/499 1829/35/499 1828/34/499
f 1826/36/500 1824/37/501 1827/38/502
f 1828/39/503 1827/38/502 1824/37/501
f 1825/46/504 1826/47/504 1829/48/504
f 1827/49/504 1829/48/504 1826/47/504
f 1823/37/505 1825/36/506 1830/39/505
f 1829/38/506 1830/39/505 1825/36/506
f 1824/50/507 1823/51/508 1828/52/509
f 1830/53/510 1828/52/509 1823/51/508
f 1831/8/511 1832/34/511 1833/35/511
f 1834/33/511 1833/35/511 1832/34/511
f 1835/33/512 1836/34/512 1837/35/512
f 1838/8/512 1837/35/512 1836/34/512
f 1834/36/513 1832/37/514 1835/38/513
f 1836/39/515 1835/38/513 1832/37/514
f 1833/46/516 1834/47/516 1837/48/516
f 1835/49/516 1837/48/516 1834/47/516
f 1831/37/517 1833/36/518 1838/39/517
f 1837/38/518 1838/39/517 1833/36/518
f 1832/50/519 1831/51/519 1836/52/520
f 1838/53/520 1836/52/520 1831/51/519
f 1839/54/521 1840/8/521 1841/55/521
f 1842/5/521 1841/55/521 1840/8/521
f 1843/56/522 1839/8/523 1844/57/524
f 1841/5/523 1844/57/525 1839/8/523
f 1845/58/526 1843/56/522 1846/59/526
f 1844/57/524 1846/59/526 1843/56/522
f 1847/70/527 1848/68/528 1849/71/529
f 1850/69/528 1849/71/529 1848/68/528
f 1840/11/530 1847/70/531 1842/20/530
f 1849/71/529 1842/20/532 1847/70/527
f 1851/8/533 1852/34/533 1853/35/533
f 1854/33/533 1853/35/533 1852/34/533
f 1855/33/534 1856/34/535 1857/35/534
f 1858/8/535 1857/35/534 1856/34/535
f 1854/36/536 1852/37/537 1855/38/538
f 1856/39/537 1855/38/538 1852/37/537
f 1853/46/539 1854/47/540 1857/48/541
f 1855/49/542 1857/48/541 1854/47/540
f 1851/37/543 1853/36/544 1858/39/543
f 1857/38/545 1858/39/543 1853/36/544
f 1852/50/546 1851/51/546 1856/52/547
f 1858/53/547 1856/52/547 1851/51/546
f 1859/8/548 1860/34/548 1861/35/549
f 1862/33/549 1861/35/549 1860/34/548
f 1863/33/550 1864/34/551 1865/35/550
f 1866/8/551 1865/35/550 1864/34/551
f 1862/36/552 1860/37/553 1863/38/554
f 1864/39/553 1863/38/554 1860/37/553
f 1861/46/555 1862/47/555 1865/48/555
f 1863/49/555 1865/48/555 1862/47/555
f 1859/37/556 1861/36/557 1866/39/558
f 1865/38/557 1866/39/558 1861/36/557
f 1860/50/559 1859/51/559 1864/52/560
f 1866/53/560 1864/52/560 1859/51/559
f 1867/54/561 1868/8/561 1869/55/561
f 1870/5/561 1869/55/561 1868/8/561
f 1871/56/562 1867/8/563 1872/57/564
f 1869/5/563 1872/57/564 1867/8/563
f 1873/58/565 1871/56/562 1874/59/565
f 1872/57/564 1874/59/565 1871/56/562
f 1875/70/566 1876/68/567 1877/71/568
f 1878/69/567 1877/71/568 1876/68/567
f 1868/11/569 1875/70/567 1870/20/569
f 1877/71/568 1870/20/570 1875/70/566
f 1879/21/571 1880/22/247 1881/23/571
f 1882/24/247 1881/23/571 1880/22/247
f 1883/25/571 1879/21/571 1884/26/571
f 1881/23/571 1884/26/571 1879/21/571
f 1885/27/245 1886/22/572 1887/28/245
f 1888/24/572 1887/28/245 1886/22/572
f 1889/25/572 1885/27/245 1890/26/572
f 1887/28/245 1890/26/572 1885/27/245
f 1891/21/247 1883/22/571 1892/23/247
f 1884/24/571 1892/23/247 1883/22/571
f 1893/25/247 1891/21/247 1894/26/247
f 1892/23/247 1894/26/247 1891/21/247
f 1895/29/258 1893/30/258 1896/31/258
f 1894/32/258 1896/31/258 1893/30/258
f 1897/27/572 1895/22/572 1898/28/572
f 1896/24/242 1898/28/270 1895/22/242
f 1886/25/572 1897/27/572 1888/26/572
f 1898/28/572 1888/26/572 1897/27/572
f 1899/27/4 1900/25/4 1885/27/4
f 1889/25/4 1885/27/4 1900/25/4
f 1900/25/240 1901/26/240 1889/25/240
f 1890/26/240 1889/25/240 1901/26/240
f 1902/22/573 1903/21/574 1904/23/574
f 1904/23/574 1905/24/573 1902/22/573
f 1903/21/574 1906/25/573 1907/26/573
f 1907/26/573 1904/23/574 1903/21/574
f 1908/22/244 1909/27/250 1910/28/250
f 1910/28/250 1911/24/244 1908/22/244
f 1909/27/250 1912/25/244 1913/26/244
f 1913/26/244 1910/28/250 1909/27/250
f 1906/22/573 1914/21/574 1915/23/574
f 1915/23/574 1907/24/573 1906/22/573
f 1914/21/574 1916/25/575 1917/26/575
f 1917/26/575 1915/23/574 1914/21/574
f 1916/30/576 1918/29/576 1919/31/576
f 1919/31/576 1917/32/576 1916/30/576
f 1918/22/250 1920/27/250 1921/28/250
f 1921/28/250 1919/24/250 1918/22/250
f 1920/27/250 1908/25/244 1911/26/244
f 1911/26/244 1921/28/250 1920/27/250
f 1922/25/4 1923/27/4 1909/27/4
f 1909/27/4 1912/25/4 1922/25/4
f 1924/26/240 1922/25/240 1912/25/240
f 1912/25/240 1913/26/240 1924/26/240
f 1925/21/577 1926/22/577 1927/23/577
f 1928/24/577 1927/23/577 1926/22/577
f 1929/25/577 1925/21/577 1930/26/577
f 1927/23/577 1930/26/577 1925/21/577
f 1931/27/578 1932/22/578 1933/28/578
f 1934/24/578 1933/28/578 1932/22/578
f 1935/25/578 1931/27/578 1936/26/578
f 1933/28/578 1936/26/578 1931/27/578
f 1937/21/577 1929/22/577 1938/23/577
f 1930/24/577 1938/23/577 1929/22/577
f 1939/25/577 1937/21/577 1940/26/577
f 1938/23/577 1940/26/577 1937/21/577
f 1941/29/579 1939/30/579 1942/31/579
f 1940/32/579 1942/31/579 1939/30/579
f 1943/27/578 1941/22/578 1944/28/578
f 1942/24/578 1944/28/578 1941/22/578
f 1932/25/578 1943/27/578 1934/26/578
f 1944/28/578 1934/26/578 1943/27/578
f 1945/27/4 1946/25/4 1931/27/4
f 1935/25/4 1931/27/4 1946/25/4
f 1946/25/580 1947/26/580 1935/25/580
f 1936/26/581 1935/25/581 1947/26/581
f 1948/22/582 1949/21/582 1950/23/582
f 1950/23/582 1951/24/582 1948/22/582
f 1949/21/582 1952/25/582 1953/26/582
f 1953/26/582 1950/23/582 1949/21/582
f 1954/22/583 1955/27/583 1956/28/583
f 1956/28/583 1957/24/583 1954/22/583
f 1955/27/583 1958/25/583 1959/26/583
f 1959/26/583 1956/28/583 1955/27/583
f 1952/22/582 1960/21/582 1961/23/582
f 1961/23/582 1953/24/582 1952/22/582
f 1960/21/582 1962/25/582 1963/26/582
f 1963/26/582 1961/23/582 1960/21/582
f 1962/30/584 1964/29/584 1965/31/584
f 1965/31/584 1963/32/584 1962/30/584
f 1964/22/583 1966/27/583 1967/28/583
f 1967/28/583 1965/24/583 1964/22/583
f 1966/27/583 1954/25/583 1957/26/583
f 1957/26/583 1967/28/583 1966/27/583
f 1968/25/4 1969/27/4 1955/27/4
f 1955/27/4 1958/25/4 1968/25/4
f 1970/26/580 1968/25/580 1958/25/580
f 1958/25/580 1959/26/580 1970/26/580
f 1971/21/585 1972/22/585 1973/23/586
f 1974/24/585 1973/23/586 1972/22/585
f 1975/25/586 1971/21/585 1976/26/585
f 1973/23/586 1976/26/585 1971/21/585
f 1977/27/587 1978/22/588 1979/28/589
f 1980/24/590 1979/28/589 1978/22/588
f 1981/25/591 1977/27/587 1982/26/591
f 1979/28/589 1982/26/591 1977/27/587
f 1983/21/592 1975/22/586 1984/23/593
f 1976/24/585 1984/23/593 1975/22/586
f 1985/25/586 1983/21/586 1986/26/586
f 1984/23/593 1986/26/586 1983/21/592
f 1987/29/594 1985/30/594 1988/31/594
f 1986/32/595 1988/31/595 1985/30/595
f 1989/27/591 1987/22/596 1990/28/587
f 1988/24/597 1990/28/597 1987/22/597
f 1978/25/588 1989/27/591 1980/26/590
f 1990/28/587 1980/26/590 1989/27/591
f 1991/27/4 1992/25/4 1977/27/4
f 1981/25/4 1977/27/4 1992/25/4
f 1992/25/598 1993/26/598 1981/25/598
f 1982/26/598 1981/25/598 1993/26/598
f 1994/22/588 1995/21/590 1996/23/591
f 1996/23/591 1997/24/588 1994/22/588
f 1995/21/590 1998/25/599 1999/26/588
f 1999/26/588 1996/23/591 1995/21/590
f 2000/22/600 2001/27/592 2002/28/592
f 2002/28/592 2003/24/592 2000/22/600
f 2001/27/592 2004/25/593 2005/26/593
f 2005/26/593 2002/28/592 2001/27/592
f 1998/22/599 2006/21/597 2007/23/596
f 2007/23/596 1999/24/588 1998/22/599
f 2006/21/597 2008/25/590 2009/26/590
f 2009/26/590 2007/23/596 2006/21/597
f 2008/30/601 2010/29/601 2011/31/601
f 2011/31/601 2009/32/602 2008/30/601
f 2010/22/585 2012/27/593 2013/28/593
f 2013/28/593 2011/24/585 2010/22/585
f 2012/27/593 2000/25/600 2003/26/592
f 2003/26/592 2013/28/593 2012/27/593
f 2014/25/4 2015/27/4 2001/27/4
f 2001/27/4 2004/25/4 2014/25/4
f 2016/26/603 2014/25/603 2004/25/598
f 2004/25/598 2005/26/598 2016/26/603
f 2017/30/604 2018/29/604 2019/31/604
f 2019/31/604 2020/32/604 2017/30/604
f 2021/34/605 2022/8/605 2023/35/605
f 2023/35/605 2024/33/605 2021/34/605
f 2025/34/606 2026/33/606 2027/35/606
f 2027/35/606 2028/8/606 2025/34/606
f 2021/37/604 2024/36/604 2026/38/604
f 2026/38/604 2025/39/604 2021/37/604
f 2023/36/607 2022/37/607 2028/39/607
f 2028/39/607 2027/38/607 2023/36/607
f 2029/34/605 2030/8/605 2031/35/605
f 2031/35/605 2032/33/605 2029/34/605
f 2033/34/606 2034/33/606 2035/35/606
f 2035/35/606 2036/8/606 2033/34/606
f 2029/37/604 2032/36/604 2034/38/604
f 2034/38/604 2033/39/604 2029/37/604
f 2031/36/607 2030/37/607 2036/39/607
f 2036/39/607 2035/38/607 2031/36/607
f 2037/34/605 2038/8/605 2039/35/605
f 2039/35/605 2040/33/605 2037/34/605
f 2041/34/606 2042/33/606 2043/35/606
f 2043/35/606 2044/8/606 2041/34/606
f 2037/37/604 2040/36/604 2042/38/604
f 2042/38/604 2041/39/604 2037/37/604
f 2039/36/608 2038/37/608 2044/39/608
f 2044/39/608 2043/38/608 2039/36/608
f 2045/34/605 2046/8/605 2047/35/605
f 2047/35/605 2048/33/605 2045/34/605
f 2049/34/606 2050/33/606 2051/35/606
f 2051/35/606 2052/8/606 2049/34/606
f 2045/37/604 2048/36/604 2050/38/604
f 2050/38/604 2049/39/604 2045/37/604
f 2047/36/608 2046/37/608 2052/39/608
f 2052/39/608 2051/38/608 2047/36/608
f 2018/30/604 2053/29/604 2054/31/604
f 2054/31/604 2019/32/604 2018/30/604
f 2055/29/609 2056/30/609 2057/31/609
f 2058/32/609 2057/31/609 2056/30/609
f 2059/83/1 2060/84/1 2061/85/1
f 2062/86/1 2061/85/1 2060/84/1
f 2059/87/606 2061/88/606 2063/89/606
f 2063/89/606 2064/90/606 2059/87/606
f 2065/83/1 2066/84/1 2067/85/1
f 2068/86/1 2067/85/1 2066/84/1
f 2065/87/606 2067/88/606 2069/89/606
f 2069/89/606 2070/90/606 2065/87/606
f 2071/88/605 2072/87/605 2073/89/605
f 2074/90/605 2073/89/605 2072/87/605
f 2075/83/1 2076/84/1 2077/85/1
f 2078/86/1 2077/85/1 2076/84/1
f 2075/87/606 2077/88/606 2079/89/606
f 2079/89/606 2080/90/606 2075/87/606
f 2081/83/1 2082/84/1 2083/85/1
f 2084/86/1 2083/85/1 2082/84/1
f 2081/87/606 2083/88/606 2085/89/606
f 2085/89/606 2086/90/606 2081/87/606
f 2087/83/1 2088/84/1 2089/85/1
f 2090/86/1 2089/85/1 2088/84/1
f 2087/87/606 2089/88/606 2091/89/606
f 2091/89/606 2092/90/606 2087/87/606
f 2093/88/605 2094/87/605 2095/89/605
f 2096/90/605 2095/89/605 2094/87/605
f 2097/83/1 2098/84/1 2099/85/1
f 2100/86/1 2099/85/1 2098/84/1
f 2097/87/606 2099/88/606 2101/89/606
f 2101/89/606 2102/90/606 2097/87/606
f 2103/83/1 2104/84/1 2105/85/1
f 2106/86/1 2105/85/1 2104/84/1
f 2103/87/606 2105/88/606 2107/89/606
f 2107/89/606 2108/90/606 2103/87/606
f 2109/88/605 2110/87/605 2111/89/605
f 2112/90/605 2111/89/605 2110/87/605
f 2113/83/1 2114/84/1 2115/85/1
f 2116/86/1 2115/85/1 2114/84/1
f 2113/87/606 2115/88/606 2117/89/606
f 2117/89/606 2118/90/606 2113/87/606
f 2119/83/1 2120/84/1 2121/85/1
f 2122/86/1 2121/85/1 2120/84/1
f 2119/87/606 2121/88/606 2123/89/606
f 2123/89/606 2124/90/606 2119/87/606
f 2125/88/605 2126/87/605 2127/89/605
f 2128/90/605 2127/89/605 2126/87/605
f 2129/83/1 2130/84/1 2131/85/1
f 2132/86/1 2131/85/1 2130/84/1
f 2129/87/606 2131/88/606 2133/89/606
f 2133/89/606 2134/90/606 2129/87/606
f 2135/88/605 2136/87/605 2137/89/605
f 2138/90/605 2137/89/605 2136/87/605
f 2139/83/1 2140/84/1 2141/85/1
f 2142/86/1 2141/85/1 2140/84/1
f 2139/87/606 2141/88/606 2143/89/606
f 2143/89/606 2144/90/606 2139/87/606
f 2145/83/1 2146/84/1 2147/85/1
f 2148/86/1 2147/85/1 2146/84/1
f 2145/87/606 2147/88/606 2149/89/606
f 2149/89/606 2150/90/606 2145/87/606
f 2151/83/1 2152/84/1 2153/85/1
f 2154/86/1 2153/85/1 2152/84/1
f 2151/87/606 2153/88/606 2155/89/606
f 2155/89/606 2156/90/606 2151/87/606
f 2157/83/1 2158/84/1 2159/85/1
f 2160/86/1 2159/85/1 2158/84/1
f 2157/87/606 2159/88/606 2161/89/606
f 2161/89/606 2162/90/606 2157/87/606
f 2163/88/605 2164/87/605 2165/89/605
f 2166/90/605 2165/89/605 2164/87/605
f 2167/83/1 2168/84/1 2169/85/1
f 2170/86/1 2169/85/1 2168/84/1
f 2167/87/606 2169/88/606 2171/89/606
f 2171/89/606 2172/90/606 2167/87/606
f 2173/83/1 2174/84/1 2175/85/1
f 2176/86/1 2175/85/1 2174/84/1
f 2173/87/606 2175/88/606 2177/89/606
f 2177/89/606 2178/90/606 2173/87/606
f 2179/88/605 2180/87/605 2181/89/605
f 2182/90/605 2181/89/605 2180/87/605
f 2183/83/1 2184/84/1 2185/85/1
f 2186/86/1 2185/85/1 2184/84/1
f 2183/87/606 2185/88/606 2187/89/606
f 2187/89/606 2188/90/606 2183/87/606
f 2189/88/605 2190/87/605 2191/89/605
f 2192/90/605 2191/89/605 2190/87/605
f 2193/83/1 2194/84/1 2195/85/1
f 2196/86/1 2195/85/1 2194/84/1
f 2193/87/606 2195/88/606 2197/89/606
f 2197/89/606 2198/90/606 2193/87/606
f 2199/4/610 2200/2/610 2201/3/610
f 2202/1/610 2201/3/610 2200/2/610
f 2201/4/610 2202/2/610 2203/3/610
f 2204/1/610 2203/3/610 2202/2/610
f 2205/91/611 2206/65/611 2207/92/611
f 2208/93/611 2207/92/611 2206/65/611
f 2209/94/611 2205/95/611 2210/96/611
f 2207/97/611 2210/96/611 2205/95/611
f 2203/98/612 2204/99/612 2210/100/612
f 2209/101/612 2210/100/612 2204/99/612
f 2200/4/613 2199/2/613 2206/102/613
f 2208/4/613 2206/2/613 2199/102/613
f 2211/4/614 2212/2/614 2213/3/610
f 2214/1/610 2213/3/610 2212/2/614
f 2213/4/610 2214/2/610 2215/3/610
f 2216/1/610 2215/3/610 2214/2/610
f 2217/91/611 2218/65/611 2219/92/611
f 2220/93/615 2219/92/615 2218/65/615
f 2221/94/615 2217/95/615 2222/96/615
f 2219/97/611 2222/96/611 2217/95/611
f 2215/98/612 2216/99/612 2222/100/612
f 2221/101/612 2222/100/612 2216/99/612
f 2212/4/613 2211/2/613 2218/102/613
f 2220/4/613 2218/2/613 2211/102/613
f 2223/4/610 2224/2/610 2225/3/610
f 2226/1/610 2225/3/610 2224/2/610
f 2225/4/610 2226/2/610 2227/3/614
f 2228/1/614 2227/3/614 2226/2/610
f 2229/91/611 2230/65/611 2231/92/611
f 2232/93/611 2231/92/611 2230/65/611
f 2233/94/615 2229/95/615 2234/96/615
f 2231/97/611 2234/96/611 2229/95/611
f 2227/98/612 2228/99/612 2234/100/612
f 2233/101/612 2234/100/612 2228/99/612
f 2224/4/613 2223/2/613 2230/102/613
f 2232/4/613 2230/2/613 2223/102/613
f 2235/4/616 2236/2/616 2237/3/616
f 2238/1/616 2237/3/616 2236/2/616
f 2237/4/616 2238/2/616 2239/3/616
f 2240/1/616 2239/3/616 2238/2/616
f 2241/91/617 2242/65/617 2243/92/617
f 2244/93/617 2243/92/617 2242/65/617
f 2245/94/617 2241/95/617 2246/96/617
f 2243/97/617 2246/96/617 2241/95/617
f 2239/98/618 2240/99/618 2246/100/618
f 2245/101/618 2246/100/618 2240/99/618
f 2236/4/619 2235/2/619 2242/102/619
f 2244/4/619 2242/2/619 2235/102/619
f 2247/4/616 2248/2/616 2249/3/616
f 2250/1/616 2249/3/616 2248/2/616
f 2249/4/616 2250/2/616 2251/3/616
f 2252/1/616 2251/3/616 2250/2/616
f 2253/91/617 2254/65/617 2255/92/617
f 2256/93/617 2255/92/617 2254/65/617
f 2257/94/620 2253/95/620 2258/96/620
f 2255/97/617 2258/96/617 2253/95/617
f 2251/98/618 2252/99/618 2258/100/618
f 2257/101/618 2258/100/618 2252/99/618
f 2248/4/619 2247/2/619 2254/102/619
f 2256/4/619 2254/2/619 2247/102/619
f 2259/4/616 2260/2/616 2261/3/616
f 2262/1/616 2261/3/616 2260/2/616
f 2261/4/616 2262/2/616 2263/3/616
f 2264/1/616 2263/3/616 2262/2/616
f 2265/91/617 2266/65/617 2267/92/617
f 2268/93/617 2267/92/617 2266/65/617
f 2269/94/617 2265/95/617 2270/96/617
f 2267/97/617 2270/96/617 2265/95/617
f 2263/98/618 2264/99/618 2270/100/618
f 2269/101/618 2270/100/618 2264/99/618
f 2260/4/619 2259/2/619 2266/102/619
f 2268/4/619 2266/2/619 2259/102/619
f 2271/4/621 2272/2/621 2273/3/621
f 2274/1/621 2273/3/621 2272/2/621
f 2273/4/621 2274/2/621 2275/3/622
f 2276/1/622 2275/3/622 2274/2/621
f 2277/91/623 2278/65/623 2279/92/623
f 2280/93/623 2279/92/623 2278/65/623
f 2281/94/623 2277/95/623 2282/96/623
f 2279/97/623 2282/96/623 2277/95/623
f 2275/98/624 2276/99/624 2282/100/624
f 2281/101/624 2282/100/624 2276/99/624
f 2272/4/625 2271/2/625 2278/102/625
f 2280/4/625 2278/2/625 2271/102/625
f 2283/4/621 2284/2/621 2285/3/621
f 2286/1/621 2285/3/621 2284/2/621
f 2285/4/621 2286/2/621 2287/3/621
f 2288/1/621 2287/3/621 2286/2/621
f 2289/91/623 2290/65/623 2291/92/623
f 2292/93/623 2291/92/623 2290/65/623
f 2293/94/623 2289/95/623 2294/96/623
f 2291/97/623 2294/96/626 2289/95/623
f 2287/98/624 2288/99/624 2294/100/624
f 2293/101/624 2294/100/624 2288/99/624
f 2284/4/625 2283/2/625 2290/102/625
f 2292/4/625 2290/2/625 2283/102/625
f 2295/4/621 2296/2/621 2297/3/621
f 2298/1/621 2297/3/621 2296/2/621
f 2297/4/621 2298/2/621 2299/3/621
f 2300/1/621 2299/3/621 2298/2/621
f 2301/91/623 2302/65/623 2303/92/623
f 2304/93/623 2303/92/623 2302/65/623
f 2305/94/623 2301/95/623 2306/96/623
f 2303/97/623 2306/96/623 2301/95/623
f 2299/98/624 2300/99/624 2306/100/624
f 2305/101/624 2306/100/624 2300/99/624
f 2296/4/625 2295/2/625 2302/102/625
f 2304/4/625 2302/2/625 2295/102/625
f 2307/4/624 2308/2/624 2309/3/624
f 2310/1/624 2309/3/624 2308/2/624
f 2309/4/624 2310/2/624 2311/3/624
f 2312/1/624 2311/3/624 2310/2/624
f 2313/91/625 2314/65/625 2315/92/625
f 2316/93/625 2315/92/625 2314/65/625
f 2317/94/625 2313/95/625 2318/96/625
f 2315/97/625 2318/96/625 2313/95/625
f 2311/98/623 2312/99/623 2318/100/623
f 2317/101/623 2318/100/623 2312/99/623
f 2308/4/621 2307/2/621 2314/102/621
f 2316/4/621 2314/2/621 2307/102/621
f 2319/4/624 2320/2/624 2321/3/624
f 2322/1/624 2321/3/624 2320/2/624
f 2321/4/624 2322/2/624 2323/3/624
f 2324/1/624 2323/3/624 2322/2/624
f 2325/91/625 2326/65/625 2327/92/625
f 2328/93/625 2327/92/625 2326/65/625
f 2329/94/625 2325/95/625 2330/96/625
f 2327/97/625 2330/96/625 2325/95/625
f 2323/98/623 2324/99/623 2330/100/623
f 2329/101/623 2330/100/623 2324/99/623
f 2320/4/621 2319/2/621 2326/102/621
f 2328/4/621 2326/2/621 2319/102/621
f 2331/4/624 2332/2/624 2333/3/624
f 2334/1/624 2333/3/624 2332/2/624
f 2333/4/624 2334/2/624 2335/3/624
f 2336/1/624 2335/3/624 2334/2/624
f 2337/91/625 2338/65/625 2339/92/625
f 2340/93/625 2339/92/625 2338/65/625
f 2341/94/625 2337/95/625 2342/96/625
f 2339/97/625 2342/96/625 2337/95/625
f 2335/98/623 2336/99/623 2342/100/623
f 2341/101/623 2342/100/623 2336/99/623
f 2332/4/621 2331/2/621 2338/102/621
f 2340/4/621 2338/2/621 2331/102/621
f 2343/4/624 2344/2/624 2345/3/624
f 2346/1/624 2345/3/624 2344/2/624
f 2345/4/624 2346/2/624 2347/3/624
f 2348/1/624 2347/3/624 2346/2/624
f 2349/91/625 2350/65/625 2351/92/625
f 2352/93/625 2351/92/625 2350/65/625
f 2353/94/625 2349/95/625 2354/96/625
f 2351/97/625 2354/96/625 2349/95/625
f 2347/98/623 2348/99/623 2354/100/623
f 2353/101/623 2354/100/623 2348/99/623
f 2344/4/621 2343/2/621 2350/102/621
f 2352/4/621 2350/2/621 2343/102/621
f 2355/4/624 2356/2/624 2357/3/624
f 2358/1/624 2357/3/624 2356/2/624
f 2357/4/624 2358/2/624 2359/3/624
f 2360/1/624 2359/3/624 2358/2/624
f 2361/91/625 2362/65/625 2363/92/625
f 2364/93/625 2363/92/625 2362/65/625
f 2365/94/625 2361/95/625 2366/96/625
f 2363/97/625 2366/96/625 2361/95/625
f 2359/98/623 2360/99/623 2366/100/623
f 2365/101/623 2366/100/623 2360/99/623
f 2356/4/621 2355/2/621 2362/102/621
f 2364/4/621 2362/2/621 2355/102/621
f 2367/4/624 2368/2/624 2369/3/624
f 2370/1/624 2369/3/624 2368/2/624
f 2369/4/624 2370/2/624 2371/3/624
f 2372/1/624 2371/3/624 2370/2/624
f 2373/91/625 2374/65/625 2375/92/625
f 2376/93/625 2375/92/625 2374/65/625
f 2377/94/625 2373/95/625 2378/96/625
f 2375/97/625 2378/96/625 2373/95/625
f 2371/98/623 2372/99/623 2378/100/623
f 2377/101/623 2378/100/623 2372/99/623
f 2368/4/621 2367/2/621 2374/102/621
f 2376/4/621 2374/2/621 2367/102/621
f 2379/98/623 2380/99/623 2395/100/623
f 2396/101/623 2395/100/623 2380/99/623
f 2381/4/621 2382/2/621 2397/102/621
f 2398/4/621 2397/2/621 2382/102/621
f 2383/4/624 2384/2/624 2385/3/624
f 2386/1/624 2385/3/624 2384/2/624
f 2385/4/624 2386/2/624 2387/3/624
f 2388/1/624 2387/3/624 2386/2/624
f 2387/98/623 2388/99/623 2379/100/623
f 2380/101/623 2379/100/623 2388/99/623
f 2384/4/621 2383/2/621 2381/102/621
f 2382/4/621 2381/2/621 2383/102/621
f 2389/91/625 2390/65/625 2391/92/625
f 2392/93/625 2391/92/625 2390/65/625
f 2393/94/625 2389/95/625 2394/96/625
f 2391/97/625 2394/96/625 2389/95/625
f 2395/98/623 2396/99/623 2394/100/623
f 2393/101/623 2394/100/623 2396/99/623
f 2397/4/621 2398/2/621 2390/102/621
f 2392/4/621 2390/2/621 2398/102/621
f 2399/4/627 2400/2/627 2401/3/628
f 2402/1/628 2401/3/628 2400/2/627
f 2401/4/628 2402/2/628 2403/3/628
f 2404/1/628 2403/3/628 2402/2/628
f 2405/91/629 2406/65/630 2407/92/629
f 2408/93/629 2407/92/629 2406/65/629
f 2409/94/630 2405/95/630 2410/96/630
f 2407/97/629 2410/96/629 2405/95/629
f 2403/98/631 2404/99/631 2410/100/631
f 2409/101/631 2410/100/631 2404/99/631
f 2400/4/632 2399/2/632 2406/102/632
f 2408/4/632 2406/2/632 2399/102/632
f 2411/4/628 2412/2/628 2413/3/628
f 2414/1/628 2413/3/628 2412/2/628
f 2413/4/628 2414/2/628 2415/3/628
f 2416/1/628 2415/3/628 2414/2/628
f 2417/91/629 2418/65/630 2419/92/629
f 2420/93/630 2419/92/633 2418/65/630
f 2421/94/630 2417/95/630 2422/96/630
f 2419/97/629 2422/96/629 2417/95/629
f 2415/98/631 2416/99/631 2422/100/631
f 2421/101/631 2422/100/631 2416/99/631
f 2412/4/632 2411/2/632 2418/102/632
f 2420/4/632 2418/2/632 2411/102/632
f 2423/4/627 2424/2/627 2425/3/628
f 2426/1/628 2425/3/628 2424/2/627
f 2425/4/628 2426/2/628 2427/3/628
f 2428/1/628 2427/3/628 2426/2/628
f 2429/91/630 2430/65/630 2431/92/630
f 2432/93/629 2431/92/629 2430/65/629
f 2433/94/630 2429/95/630 2434/96/630
f 2431/97/630 2434/96/630 2429/95/630
f 2427/98/631 2428/99/631 2434/100/631
f 2433/101/631 2434/100/631 2428/99/631
f 2424/4/632 2423/2/632 2430/102/632
f 2432/4/632 2430/2/632 2423/102/632
f 2435/98/634 2436/99/634 2437/100/634
f 2438/101/634 2437/100/634 2436/99/634
f 2439/4/635 2440/2/635 2441/102/635
f 2442/4/635 2441/2/635 2440/102/635
f 2443/4/636 2444/2/636 2445/3/637
f 2446/1/637 2445/3/637 2444/2/636
f 2445/4/637 2446/2/637 2447/3/636
f 2448/1/636 2447/3/636 2446/2/637
f 2447/98/638 2448/99/638 2435/100/634
f 2436/101/634 2435/100/634 2448/99/638
f 2444/4/635 2443/2/635 2439/102/635
f 2440/4/635 2439/2/635 2443/102/635
f 2449/91/639 2450/65/640 2451/92/639
f 2452/93/640 2451/92/640 2450/65/640
f 2453/94/640 2449/95/640 2454/96/640
f 2451/97/639 2454/96/641 2449/95/639
f 2437/98/634 2438/99/634 2454/100/634
f 2453/101/634 2454/100/634 2438/99/634
f 2441/4/635 2442/2/635 2450/102/642
f 2452/4/642 2450/2/642 2442/102/635
f 2455/98/643 2456/99/643 2457/100/643
f 2458/101/643 2457/100/643 2456/99/643
f 2459/4/644 2460/2/644 2461/102/644
f 2462/4/644 2461/2/644 2460/102/644
f 2463/4/645 2464/2/645 2465/3/645
f 2466/1/645 2465/3/645 2464/2/645
f 2465/4/645 2466/2/645 2467/3/646
f 2468/1/646 2467/3/646 2466/2/645
f 2467/98/643 2468/99/643 2455/100/643
f 2456/101/643 2455/100/643 2468/99/643
f 2464/4/644 2463/2/644 2459/102/644
f 2460/4/644 2459/2/644 2463/102/644
f 2469/91/647 2470/65/647 2471/92/647
f 2472/93/648 2471/92/648 2470/65/648
f 2473/94/648 2469/95/648 2474/96/648
f 2471/97/647 2474/96/647 2469/95/647
f 2457/98/643 2458/99/643 2474/100/643
f 2473/101/643 2474/100/643 2458/99/643
f 2461/4/644 2462/2/644 2470/102/644
f 2472/4/644 2470/2/644 2462/102/644
f 2475/4/649 2476/2/649 2477/3/649
f 2478/1/649 2477/3/649 2476/2/649
f 2477/4/649 2478/2/649 2479/3/649
f 2480/1/649 2479/3/649 2478/2/649
f 2481/91/650 2482/65/650 2483/92/650
f 2484/93/650 2483/92/650 2482/65/650
f 2485/94/650 2481/95/650 2486/96/650
f 2483/97/650 2486/96/650 2481/95/650
f 2479/98/651 2480/99/651 2486/100/651
f 2485/101/651 2486/100/651 2480/99/651
f 2476/4/652 2475/2/652 2482/102/652
f 2484/4/652 2482/2/652 2475/102/652
f 2487/4/649 2488/2/649 2489/3/649
f 2490/1/649 2489/3/649 2488/2/649
f 2489/4/649 2490/2/649 2491/3/649
f 2492/1/649 2491/3/649 2490/2/649
f 2493/91/650 2494/65/650 2495/92/650
f 2496/93/650 2495/92/650 2494/65/650
f 2497/94/650 2493/95/650 2498/96/650
f 2495/97/650 2498/96/650 2493/95/650
f 2491/98/651 2492/99/651 2498/100/651
f 2497/101/651 2498/100/651 2492/99/651
f 2488/4/652 2487/2/652 2494/102/652
f 2496/4/652 2494/2/652 2487/102/652
f 2499/4/649 2500/2/649 2501/3/649
f 2502/1/649 2501/3/649 2500/2/649
f 2501/4/649 2502/2/649 2503/3/649
f 2504/1/649 2503/3/649 2502/2/649
f 2505/91/650 2506/65/650 2507/92/650
f 2508/93/650 2507/92/650 2506/65/650
f 2509/94/650 2505/95/650 2510/96/650
f 2507/97/650 2510/96/650 2505/95/650
f 2503/98/651 2504/99/651 2510/100/651
f 2509/101/651 2510/100/651 2504/99/651
f 2500/4/652 2499/2/652 2506/102/652
f 2508/4/652 2506/2/652 2499/102/652
f 2511/8/653 2512/34/653 2513/35/654
f 2514/33/654 2513/35/654 2512/34/653
f 2515/33/655 2516/34/655 2517/35/655
f 2518/8/655 2517/35/655 2516/34/655
f 2514/36/656 2512/37/657 2515/38/656
f 2516/39/657 2515/38/656 2512/37/657
f 2513/46/658 2514/47/658 2517/48/658
f 2515/49/658 2517/48/658 2514/47/658
f 2511/37/659 2513/36/660 2518/39/659
f 2517/38/660 2518/39/659 2513/36/660
f 2512/50/661 2511/51/661 2516/52/661
f 2518/53/661 2516/52/661 2511/51/661
f 2519/21/653 2520/22/662 2521/23/653
f 2522/24/662 2521/23/653 2520/22/662
f 2523/25/654 2519/21/654 2524/26/654
f 2521/23/653 2524/26/653 2519/21/653
f 2525/27/663 2526/22/664 2527/28/663
f 2528/24/664 2527/28/664 2526/22/664
f 2529/25/655 2525/27/663 2530/26/655
f 2527/28/663 2530/26/655 2525/27/663
f 2531/50/665 2532/51/665 2533/52/665
f 2534/53/665 2533/52/665 2532/51/665
f 2535/51/661 2536/50/665 2537/52/661
f 2537/52/661 2538/53/666 2535/51/661
f 2539/34/667 2540/8/667 2541/35/664
f 2541/35/664 2542/33/664 2539/34/667
f 2543/34/662 2544/33/668 2545/35/668
f 2545/35/668 2546/8/662 2543/34/662
f 2539/37/669 2542/36/670 2544/38/670
f 2544/38/670 2543/39/669 2539/37/669
f 2542/47/671 2541/46/671 2545/48/671
f 2545/48/671 2544/49/671 2542/47/671
f 2541/36/672 2540/37/659 2546/39/659
f 2546/39/659 2545/38/672 2541/36/672
f 2540/51/661 2539/50/661 2543/52/661
f 2543/52/661 2546/53/661 2540/51/661
f 2547/103/662 2548/104/662 2549/105/662
f 2550/106/662 2549/105/662 2548/104/662
f 2551/107/664 2552/108/667 2553/109/663
f 2554/110/667 2553/109/663 2552/108/667
f 2550/111/1 2548/112/1 2551/113/1
f 2552/114/1 2551/113/1 2548/112/1
f 2555/103/662 2556/104/662 2557/105/662
f 2558/106/662 2557/105/662 2556/104/662
f 2559/107/663 2560/108/673 2561/109/663
f 2562/110/673 2561/109/663 2560/108/673
f 2558/111/1 2556/112/1 2559/113/1
f 2560/114/1 2559/113/1 2556/112/1
f 2563/103/662 2564/104/662 2565/105/662
f 2566/106/662 2565/105/662 2564/104/662
f 2567/107/673 2568/108/663 2569/109/673
f 2570/110/674 2569/109/673 2568/108/663
f 2566/111/1 2564/112/1 2567/113/1
f 2568/114/1 2567/113/1 2564/112/1
f 2571/103/653 2572/104/653 2573/105/653
f 2574/106/653 2573/105/653 2572/104/653
f 2575/107/667 2576/108/663 2577/109/667
f 2578/110/664 2577/109/667 2576/108/663
f 2574/111/1 2572/112/1 2575/113/1
f 2576/114/1 2575/113/1 2572/112/1
f 2579/103/654 2580/104/654 2581/105/654
f 2582/106/662 2581/105/662 2580/104/662
f 2583/107/664 2584/108/667 2585/109/663
f 2586/110/667 2585/109/663 2584/108/667
f 2582/111/1 2580/112/1 2583/113/1
f 2584/114/1 2583/113/1 2580/112/1
f 2587/103/662 2588/104/662 2589/105/662
f 2590/106/662 2589/105/662 2588/104/662
f 2591/107/664 2592/108/667 2593/109/663
f 2594/110/667 2593/109/663 2592/108/667
f 2590/111/1 2588/112/1 2591/113/1
f 2592/114/1 2591/113/1 2588/112/1
f 2595/103/653 2596/104/653 2597/105/653
f 2598/106/675 2597/105/675 2596/104/675
f 2599/107/664 2600/108/667 2601/109/663
f 2602/110/667 2601/109/663 2600/108/667
f 2598/111/1 2596/112/1 2599/113/1
f 2600/114/1 2599/113/1 2596/112/1
f 2603/103/662 2604/104/662 2605/105/662
f 2606/106/662 2605/105/662 2604/104/662
f 2607/107/664 2608/108/667 2609/109/663
f 2610/110/667 2609/109/663 2608/108/667
f 2606/111/1 2604/112/1 2607/113/1
f 2608/114/1 2607/113/1 2604/112/1
f 2611/103/653 2612/104/653 2613/105/653
f 2614/106/653 2613/105/653 2612/104/653
f 2615/107/664 2616/108/667 2617/109/663
f 2618/110/667 2617/109/663 2616/108/667
f 2614/111/1 2612/112/1 2615/113/1
f 2616/114/1 2615/113/1 2612/112/1
f 2619/103/662 2620/104/662 2621/105/662
f 2622/106/662 2621/105/662 2620/104/662
f 2623/107/664 2624/108/667 2625/109/663
f 2626/110/667 2625/109/663 2624/108/667
f 2622/111/1 2620/112/1 2623/113/1
f 2624/114/1 2623/113/1 2620/112/1
f 2627/115/666 2628/116/666 2629/117/666
f 2629/117/666 2630/118/666 2627/115/666
f 2526/29/671 2523/30/671 2528/31/671
f 2524/32/671 2528/31/671 2523/30/671
f 2631/8/662 2632/34/662 2633/35/662
f 2634/33/662 2633/35/662 2632/34/662
f 2635/33/655 2636/34/655 2637/35/655
f 2638/8/655 2637/35/655 2636/34/655
f 2634/36/676 2632/37/676 2635/38/676
f 2636/39/676 2635/38/676 2632/37/676
f 2633/46/677 2634/47/677 2637/48/677
f 2635/49/677 2637/48/677 2634/47/677
f 2631/37/678 2633/36/678 2638/39/678
f 2637/38/678 2638/39/678 2633/36/678
f 2632/50/679 2631/51/679 2636/52/679
f 2638/53/679 2636/52/679 2631/51/679
f 2532/8/662 2531/34/662 2639/35/662
f 2640/33/662 2639/35/662 2531/34/662
f 2641/33/655 2533/34/655 2642/35/655
f 2534/8/655 2642/35/655 2533/34/655
f 2640/36/676 2531/37/676 2641/38/676
f 2533/39/676 2641/38/676 2531/37/676
f 2639/46/680 2640/47/680 2642/48/680
f 2641/49/680 2642/48/680 2640/47/680
f 2532/37/678 2639/36/678 2534/39/678
f 2642/38/678 2534/39/678 2639/36/678
f 2536/34/655 2535/8/655 2643/35/655
f 2643/35/655 2644/33/655 2536/34/655
f 2537/34/662 2645/33/662 2646/35/662
f 2646/35/662 2538/8/662 2537/34/662
f 2536/37/676 2644/36/676 2645/38/676
f 2645/38/676 2537/39/676 2536/37/676
f 2644/47/681 2643/46/682 2646/48/681
f 2646/48/681 2645/49/683 2644/47/681
f 2643/36/678 2535/37/678 2538/39/678
f 2538/39/678 2646/38/678 2643/36/678
f 2647/34/655 2648/8/655 2649/35/655
f 2649/35/655 2650/33/655 2647/34/655
f 2651/34/662 2652/33/662 2653/35/662
f 2653/35/662 2654/8/662 2651/34/662
f 2647/37/676 2650/36/676 2652/38/676
f 2652/38/676 2651/39/676 2647/37/676
f 2650/47/677 2649/46/677 2653/48/677
f 2653/48/677 2652/49/677 2650/47/677
f 2649/36/678 2648/37/678 2654/39/678
f 2654/39/678 2653/38/678 2649/36/678
f 2648/51/679 2647/50/661 2651/52/666
f 2651/52/666 2654/53/679 2648/51/679
f 2655/8/684 2656/34/684 2657/35/685
f 2658/33/685 2657/35/685 2656/34/684
f 2659/33/686 2660/34/686 2661/35/686
f 2662/8/686 2661/35/686 2660/34/686
f 2658/36/687 2656/37/688 2659/38/687
f 2660/39/688 2659/38/687 2656/37/688
f 2657/46/689 2658/47/689 2661/48/689
f 2659/49/690 2661/48/689 2658/47/689
f 2655/37/691 2657/36/692 2662/39/691
f 2661/38/692 2662/39/691 2657/36/692
f 2656/50/693 2655/51/694 2660/52/694
f 2662/53/694 2660/52/694 2655/51/694
f 2663/21/684 2664/22/695 2665/23/684
f 2666/24/695 2665/23/684 2664/22/695
f 2667/25/684 2663/21/684 2668/26/684
f 2665/23/684 2668/26/684 2663/21/684
f 2669/27/696 2670/22/697 2671/28/697
f 2672/24/698 2671/28/698 2670/22/698
f 2673/25/699 2669/27/696 2674/26/699
f 2671/28/697 2674/26/699 2669/27/696
f 2675/50/700 2676/51/701 2677/52/700
f 2678/53/701 2677/52/700 2676/51/701
f 2679/51/700 2680/50/702 2681/52/701
f 2681/52/701 2682/53/694 2679/51/700
f 2683/34/699 2684/8/699 2685/35/699
f 2685/35/699 2686/33/699 2683/34/699
f 2687/34/695 2688/33/685 2689/35/685
f 2689/35/685 2690/8/695 2687/34/695
f 2683/37/703 2686/36/687 2688/38/687
f 2688/38/687 2687/39/703 2683/37/703
f 2686/47/704 2685/46/705 2689/48/704
f 2689/48/704 2688/49/704 2686/47/704
f 2685/36/706 2684/37/707 2690/39/707
f 2690/39/707 2689/38/706 2685/36/706
f 2684/51/694 2683/50/693 2687/52/694
f 2687/52/694 2690/53/694 2684/51/694
f 2691/103/685 2692/104/685 2693/105/685
f 2694/106/685 2693/105/685 2692/104/685
f 2695/107/686 2696/108/686 2697/109/686
f 2698/110/686 2697/109/686 2696/108/686
f 2694/111/1 2692/112/1 2695/113/1
f 2696/114/1 2695/113/1 2692/112/1
f 2699/103/708 2700/104/708 2701/105/708
f 2702/106/685 2701/105/685 2700/104/685
f 2703/107/699 2704/108/697 2705/109/699
f 2706/110/697 2705/109/699 2704/108/697
f 2702/111/1 2700/112/1 2703/113/1
f 2704/114/1 2703/113/1 2700/112/1
f 2707/103/685 2708/104/685 2709/105/685
f 2710/106/685 2709/105/685 2708/104/685
f 2711/107/697 2712/108/697 2713/109/697
f 2714/110/697 2713/109/697 2712/108/697
f 2710/111/1 2708/112/1 2711/113/1
f 2712/114/1 2711/113/1 2708/112/1
f 2715/103/708 2716/104/708 2717/105/708
f 2718/106/708 2717/105/708 2716/104/708
f 2719/107/697 2720/108/697 2721/109/697
f 2722/110/697 2721/109/697 2720/108/697
f 2718/111/1 2716/112/1 2719/113/1
f 2720/114/1 2719/113/1 2716/112/1
f 2723/103/708 2724/104/708 2725/105/708
f 2726/106/708 2725/105/708 2724/104/708
f 2727/107/686 2728/108/686 2729/109/686
f 2730/110/686 2729/109/686 2728/108/686
f 2726/111/1 2724/112/1 2727/113/1
f 2728/114/1 2727/113/1 2724/112/1
f 2731/103/709 2732/104/709 2733/105/709
f 2734/106/709 2733/105/709 2732/104/709
f 2735/107/697 2736/108/697 2737/109/697
f 2738/110/697 2737/109/697 2736/108/697
f 2734/111/1 2732/112/1 2735/113/1
f 2736/114/1 2735/113/1 2732/112/1
f 2739/103/709 2740/104/709 2741/105/709
f 2742/106/708 2741/105/708 2740/104/708
f 2743/107/686 2744/108/686 2745/109/686
f 2746/110/686 2745/109/686 2744/108/686
f 2742/111/1 2740/112/1 2743/113/1
f 2744/114/1 2743/113/1 2740/112/1
f 2747/103/708 2748/104/708 2749/105/708
f 2750/106/708 2749/105/708 2748/104/708
f 2751/107/697 2752/108/697 2753/109/697
f 2754/110/697 2753/109/697 2752/108/697
f 2750/111/1 2748/112/1 2751/113/1
f 2752/114/1 2751/113/1 2748/112/1
f 2755/103/708 2756/104/708 2757/105/708
f 2758/106/708 2757/105/708 2756/104/708
f 2759/107/697 2760/108/686 2761/109/696
f 2762/110/686 2761/109/696 2760/108/686
f 2758/111/1 2756/112/1 2759/113/1
f 2760/114/1 2759/113/1 2756/112/1
f 2763/103/684 2764/104/684 2765/105/684
f 2766/106/684 2765/105/684 2764/104/684
f 2767/107/697 2768/108/699 2769/109/697
f 2770/110/699 2769/109/697 2768/108/699
f 2766/111/1 2764/112/1 2767/113/1
f 2768/114/1 2767/113/1 2764/112/1
f 2771/115/700 2772/116/700 2773/117/700
f 2773/117/700 2774/118/700 2771/115/700
f 2670/29/710 2667/30/710 2672/31/710
f 2668/32/710 2672/31/710 2667/30/710
f 2775/8/695 2776/34/695 2777/35/695
f 2778/33/695 2777/35/695 2776/34/695
f 2779/33/696 2780/34/696 2781/35/696
f 2782/8/696 2781/35/696 2780/34/696
f 2778/36/676 2776/37/676 2779/38/676
f 2780/39/676 2779/38/676 2776/37/676
f 2777/46/711 2778/47/711 2781/48/711
f 2779/49/704 2781/48/711 2778/47/711
f 2775/37/678 2777/36/678 2782/39/678
f 2781/38/678 2782/39/678 2777/36/678
f 2776/50/701 2775/51/701 2780/52/701
f 2782/53/701 2780/52/701 2775/51/701
f 2676/8/695 2675/34/695 2783/35/695
f 2784/33/695 2783/35/695 2675/34/695
f 2785/33/699 2677/34/696 2786/35/699
f 2678/8/696 2786/35/699 2677/34/696
f 2784/36/676 2675/37/676 2785/38/676
f 2677/39/676 2785/38/676 2675/37/676
f 2783/46/689 2784/47/712 2786/48/689
f 2785/49/712 2786/48/689 2784/47/712
f 2676/37/678 2783/36/678 2678/39/678
f 2786/38/678 2678/39/678 2783/36/678
f 2680/34/696 2679/8/696 2787/35/696
f 2787/35/696 2788/33/696 2680/34/696
f 2681/34/695 2789/33/695 2790/35/695
f 2790/35/695 2682/8/695 2681/34/695
f 2680/37/676 2788/36/676 2789/38/676
f 2789/38/676 2681/39/676 2680/37/676
f 2788/47/712 2787/46/689 2790/48/689
f 2790/48/689 2789/49/712 2788/47/712
f 2787/36/678 2679/37/678 2682/39/678
f 2682/39/678 2790/38/678 2787/36/678
f 2791/34/696 2792/8/696 2793/35/696
f 2793/35/696 2794/33/696 2791/34/696
f 2795/34/695 2796/33/695 2797/35/695
f 2797/35/695 2798/8/695 2795/34/695
f 2791/37/676 2794/36/676 2796/38/676
f 2796/38/676 2795/39/676 2791/37/676
f 2794/47/689 2793/46/689 2797/48/689
f 2797/48/689 2796/49/689 2794/47/689
f 2793/36/678 2792/37/678 2798/39/678
f 2798/39/678 2797/38/678 2793/36/678
f 2792/51/713 2791/50/701 2795/52/713
f 2795/52/713 2798/53/714 2792/51/713
f 2799/8/605 2800/34/605 2801/35/605
f 2802/33/605 2801/35/605 2800/34/605
f 2803/33/606 2804/34/606 2805/35/606
f 2806/8/606 2805/35/606 2804/34/606
f 2802/36/715 2800/37/715 2803/38/715
f 2804/39/715 2803/38/715 2800/37/715
f 2801/46/604 2802/47/604 2805/48/604
f 2803/49/604 2805/48/604 2802/47/604
f 2799/37/716 2801/36/716 2806/39/716
f 2805/38/716 2806/39/716 2801/36/716
f 2800/50/609 2799/51/609 2804/52/609
f 2806/53/609 2804/52/609 2799/51/609
f 2807/21/605 2808/22/605 2809/23/605
f 2810/24/605 2809/23/605 2808/22/605
f 2811/25/605 2807/21/605 2812/26/605
f 2809/23/605 2812/26/605 2807/21/605
f 2813/27/606 2814/22/606 2815/28/606
f 2816/24/606 2815/28/606 2814/22/606
f 2817/25/606 2813/27/606 2818/26/606
f 2815/28/606 2818/26/606 2813/27/606
f 2819/50/609 2820/51/609 2821/52/609
f 2822/53/609 2821/52/609 2820/51/609
f 2823/51/609 2824/50/609 2825/52/609
f 2825/52/609 2826/53/609 2823/51/609
f 2827/34/606 2828/8/606 2829/35/606
f 2829/35/606 2830/33/606 2827/34/606
f 2831/34/605 2832/33/605 2833/35/605
f 2833/35/605 2834/8/605 2831/34/605
f 2827/37/715 2830/36/715 2832/38/715
f 2832/38/715 2831/39/715 2827/37/715
f 2830/47/604 2829/46/604 2833/48/604
f 2833/48/604 2832/49/604 2830/47/604
f 2829/36/716 2828/37/716 2834/39/716
f 2834/39/716 2833/38/716 2829/36/716
f 2828/51/609 2827/50/609 2831/52/609
f 2831/52/609 2834/53/609 2828/51/609
f 2835/103/605 2836/104/605 2837/105/605
f 2838/106/605 2837/105/605 2836/104/605
f 2839/107/606 2840/108/606 2841/109/606
f 2842/110/606 2841/109/606 2840/108/606
f 2838/111/1 2836/112/1 2839/113/1
f 2840/114/1 2839/113/1 2836/112/1
f 2843/103/605 2844/104/605 2845/105/605
f 2846/106/605 2845/105/605 2844/104/605
f 2847/107/606 2848/108/606 2849/109/606
f 2850/110/606 2849/109/606 2848/108/606
f 2846/111/1 2844/112/1 2847/113/1
f 2848/114/1 2847/113/1 2844/112/1
f 2851/103/605 2852/104/605 2853/105/605
f 2854/106/605 2853/105/605 2852/104/605
f 2855/107/606 2856/108/606 2857/109/606
f 2858/110/606 2857/109/606 2856/108/606
f 2854/111/1 2852/112/1 2855/113/1
f 2856/114/1 2855/113/1 2852/112/1
f 2859/103/605 2860/104/605 2861/105/605
f 2862/106/605 2861/105/605 2860/104/605
f 2863/107/606 2864/108/606 2865/109/606
f 2866/110/606 2865/109/606 2864/108/606
f 2862/111/1 2860/112/1 2863/113/1
f 2864/114/1 2863/113/1 2860/112/1
f 2867/103/605 2868/104/605 2869/105/605
f 2870/106/605 2869/105/605 2868/104/605
f 2871/107/606 2872/108/606 2873/109/606
f 2874/110/606 2873/109/606 2872/108/606
f 2870/111/1 2868/112/1 2871/113/1
f 2872/114/1 2871/113/1 2868/112/1
f 2875/103/605 2876/104/605 2877/105/605
f 2878/106/605 2877/105/605 2876/104/605
f 2879/107/606 2880/108/606 2881/109/606
f 2882/110/606 2881/109/606 2880/108/606
f 2878/111/1 2876/112/1 2879/113/1
f 2880/114/1 2879/113/1 2876/112/1
f 2883/103/605 2884/104/605 2885/105/605
f 2886/106/605 2885/105/605 2884/104/605
f 2887/107/606 2888/108/606 2889/109/606
f 2890/110/606 2889/109/606 2888/108/606
f 2886/111/1 2884/112/1 2887/113/1
f 2888/114/1 2887/113/1 2884/112/1
f 2891/103/605 2892/104/605 2893/105/605
f 2894/106/605 2893/105/605 2892/104/605
f 2895/107/606 2896/108/606 2897/109/606
f 2898/110/606 2897/109/606 2896/108/606
f 2894/111/1 2892/112/1 2895/113/1
f 2896/114/1 2895/113/1 2892/112/1
f 2899/103/605 2900/104/605 2901/105/605
f 2902/106/605 2901/105/605 2900/104/605
f 2903/107/606 2904/108/606 2905/109/606
f 2906/110/606 2905/109/606 2904/108/606
f 2902/111/1 2900/112/1 2903/113/1
f 2904/114/1 2903/113/1 2900/112/1
f 2907/103/605 2908/104/605 2909/105/605
f 2910/106/605 2909/105/605 2908/104/605
f 2911/107/606 2912/108/606 2913/109/606
f 2914/110/606 2913/109/606 2912/108/606
f 2910/111/1 2908/112/1 2911/113/1
f 2912/114/1 2911/113/1 2908/112/1
f 2915/115/609 2916/116/609 2917/117/609
f 2917/117/609 2918/118/609 2915/115/609
f 2814/29/604 2811/30/604 2816/31/604
f 2812/32/604 2816/31/604 2811/30/604
f 2919/8/605 2920/34/605 2921/35/605
f 2922/33/605 2921/35/605 2920/34/605
f 2923/33/606 2924/34/606 2925/35/606
f 2926/8/606 2925/35/606 2924/34/606
f 2922/36/717 2920/37/717 2923/38/717
f 2924/39/717 2923/38/717 2920/37/717
f 2921/46/604 2922/47/604 2925/48/604
f 2923/49/604 2925/48/604 2922/47/604
f 2919/37/718 2921/36/718 2926/39/718
f 2925/38/718 2926/39/718 2921/36/718
f 2920/50/609 2919/51/609 2924/52/609
f 2926/53/609 2924/52/609 2919/51/609
f 2820/8/605 2819/34/605 2927/35/605
f 2928/33/605 2927/35/605 2819/34/605
f 2929/33/606 2821/34/606 2930/35/606
f 2822/8/606 2930/35/606 2821/34/606
f 2928/36/717 2819/37/717 2929/38/717
f 2821/39/717 2929/38/717 2819/37/717
f 2927/46/604 2928/47/604 2930/48/604
f 2929/49/604 2930/48/604 2928/47/604
f 2820/37/718 2927/36/718 2822/39/718
f 2930/38/718 2822/39/718 2927/36/718
f 2824/34/606 2823/8/606 2931/35/606
f 2931/35/606 2932/33/606 2824/34/606
f 2825/34/605 2933/33/605 2934/35/605
f 2934/35/605 2826/8/605 2825/34/605
f 2824/37/717 2932/36/717 2933/38/717
f 2933/38/717 2825/39/717 2824/37/717
f 2932/47/604 2931/46/604 2934/48/604
f 2934/48/604 2933/49/604 2932/47/604
f 2931/36/718 2823/37/718 2826/39/718
f 2826/39/718 2934/38/718 2931/36/718
f 2935/34/606 2936/8/606 2937/35/606
f 2937/35/606 2938/33/606 2935/34/606
f 2939/34/605 2940/33/605 2941/35/605
f 2941/35/605 2942/8/605 2939/34/605
f 2935/37/717 2938/36/717 2940/38/717
f 2940/38/717 2939/39/717 2935/37/717
f 2938/47/604 2937/46/604 2941/48/604
f 2941/48/604 2940/49/604 2938/47/604
f 2937/36/718 2936/37/718 2942/39/718
f 2942/39/718 2941/38/718 2937/36/718
f 2936/51/609 2935/50/609 2939/52/609
f 2939/52/609 2942/53/609 2936/51/609
f 2943/119/1 2944/120/1 2945/121/1
f 2945/121/1 2946/122/1 2943/119/1
f 2947/123/1 2948/124/1 2949/125/1
f 2949/125/1 2950/126/1 2947/123/1
f 2951/127/1 2943/119/1 2946/122/1
f 2946/122/1 2952/128/1 2951/127/1
f 2953/129/1 2951/127/1 2952/128/1
f 2952/128/1 2954/130/1 2953/129/1
f 2955/1/1 2956/2/1 2957/3/1
f 2958/4/1 2957/3/1 2956/2/1
f 2959/1/719 2955/2/719 2960/3/719
f 2957/4/719 2960/3/719 2955/2/719
f 2961/1/4 2959/2/4 2962/3/4
f 2960/4/4 2962/3/4 2959/2/4
f 2956/1/720 2961/2/720 2958/3/720
f 2962/4/720 2958/3/720 2961/2/720
f 2963/1/1 2964/2/1 2965/3/1
f 2966/4/1 2965/3/1 2964/2/1
f 2967/1/719 2963/2/719 2968/3/719
f 2965/4/719 2968/3/719 2963/2/719
f 2969/1/4 2967/2/4 2970/3/4
f 2968/4/4 2970/3/4 2967/2/4
f 2964/1/720 2969/2/720 2966/3/720
f 2970/4/720 2966/3/720 2969/2/720
f 2971/1/1 2972/2/1 2973/3/1
f 2974/4/1 2973/3/1 2972/2/1
f 2975/1/719 2971/2/719 2976/3/719
f 2973/4/719 2976/3/719 2971/2/719
f 2977/1/4 2975/2/4 2978/3/4
f 2976/4/4 2978/3/4 2975/2/4
f 2972/1/720 2977/2/720 2974/3/720
f 2978/4/720 2974/3/720 2977/2/720
f 2979/1/1 2980/2/1 2981/3/1
f 2982/4/1 2981/3/1 2980/2/1
f 2983/1/719 2979/2/719 2984/3/719
f 2981/4/719 2984/3/719 2979/2/719
f 2985/1/4 2983/2/4 2986/3/4
f 2984/4/4 2986/3/4 2983/2/4
f 2980/1/720 2985/2/720 2982/3/720
f 2986/4/720 2982/3/720 2985/2/720
f 2987/1/1 2988/2/1 2989/3/1
f 2990/4/1 2989/3/1 2988/2/1
f 2991/1/719 2987/2/719 2992/3/719
f 2989/4/719 2992/3/719 2987/2/719
f 2993/1/4 2991/2/4 2994/3/4
f 2992/4/4 2994/3/4 2991/2/4
f 2988/1/720 2993/2/720 2990/3/720
f 2994/4/720 2990/3/720 2993/2/720
f 2995/119/1 2996/120/1 2997/121/1
f 2997/121/1 2998/122/1 2995/119/1
f 2999/123/1 3000/124/1 3001/125/1
f 3001/125/1 3002/126/1 2999/123/1
f 3003/127/1 2995/119/1 2998/122/1
f 2998/122/1 3004/128/1 3003/127/1
f 3005/129/1 3003/127/1 3004/128/1
f 3004/128/1 3006/130/1 3005/129/1
f 3000/124/4 2999/123/4 3007/131/4
f 3007/131/4 3008/132/4 3000/124/4
f 3009/1/1 3010/2/1 3011/3/1
f 3012/4/1 3011/3/1 3010/2/1
f 3013/1/721 3009/2/721 3014/3/721
f 3011/4/721 3014/3/721 3009/2/721
f 3015/1/4 3013/2/4 3016/3/4
f 3014/4/4 3016/3/4 3013/2/4
f 3010/1/720 3015/2/720 3012/3/720
f 3016/4/720 3012/3/720 3015/2/720
f 3017/1/1 3018/2/1 3019/3/1
f 3020/4/1 3019/3/1 3018/2/1
f 3021/1/721 3017/2/721 3022/3/721
f 3019/4/721 3022/3/721 3017/2/721
f 3023/1/4 3021/2/4 3024/3/4
f 3022/4/4 3024/3/4 3021/2/4
f 3018/1/720 3023/2/720 3020/3/720
f 3024/4/720 3020/3/720 3023/2/720
f 3025/1/1 3026/2/1 3027/3/1
f 3028/4/1 3027/3/1 3026/2/1
f 3029/1/719 3025/2/719 3030/3/719
f 3027/4/719 3030/3/719 3025/2/719
f 3031/1/4 3029/2/4 3032/3/4
f 3030/4/4 3032/3/4 3029/2/4
f 3026/1/720 3031/2/720 3028/3/720
f 3032/4/720 3028/3/720 3031/2/720
f 3033/1/1 3034/2/1 3035/3/1
f 3036/4/1 3035/3/1 3034/2/1
f 3037/1/719 3033/2/719 3038/3/719
f 3035/4/719 3038/3/719 3033/2/719
f 3039/1/4 3037/2/4 3040/3/4
f 3038/4/4 3040/3/4 3037/2/4
f 3034/1/720 3039/2/720 3036/3/720
f 3040/4/720 3036/3/720 3039/2/720
f 3041/1/1 3042/2/1 3043/3/1
f 3044/4/1 3043/3/1 3042/2/1
f 3045/1/719 3041/2/719 3046/3/719
f 3043/4/719 3046/3/719 3041/2/719
f 3047/1/4 3045/2/4 3048/3/4
f 3046/4/4 3048/3/4 3045/2/4
f 3042/1/720 3047/2/720 3044/3/720
f 3048/4/720 3044/3/720 3047/2/720
f 3049/119/1 3050/120/1 3051/121/1
f 3051/121/1 3052/122/1 3049/119/1
f 3053/123/1 3054/124/1 3055/125/1
f 3055/125/1 3056/126/1 3053/123/1
f 3057/127/1 3049/119/1 3052/122/1
f 3052/122/1 3058/128/1 3057/127/1
f 3059/129/1 3057/127/1 3058/128/1
f 3058/128/1 3060/130/1 3059/129/1
f 3061/1/1 3062/2/1 3063/3/1
f 3064/4/1 3063/3/1 3062/2/1
f 3065/1/719 3061/2/719 3066/3/719
f 3063/4/719 3066/3/719 3061/2/719
f 3067/1/4 3065/2/4 3068/3/4
f 3066/4/4 3068/3/4 3065/2/4
f 3062/1/722 3067/2/722 3064/3/722
f 3068/4/722 3064/3/722 3067/2/722
f 3069/1/1 3070/2/1 3071/3/1
f 3072/4/1 3071/3/1 3070/2/1
f 3073/1/719 3069/2/719 3074/3/719
f 3071/4/719 3074/3/719 3069/2/719
f 3075/1/4 3073/2/4 3076/3/4
f 3074/4/4 3076/3/4 3073/2/4
f 3070/1/722 3075/2/722 3072/3/722
f 3076/4/722 3072/3/722 3075/2/722
f 3077/1/1 3078/2/1 3079/3/1
f 3080/4/1 3079/3/1 3078/2/1
f 3081/1/719 3077/2/719 3082/3/719
f 3079/4/719 3082/3/719 3077/2/719
f 3083/1/4 3081/2/4 3084/3/4
f 3082/4/4 3084/3/4 3081/2/4
f 3078/1/720 3083/2/720 3080/3/720
f 3084/4/720 3080/3/720 3083/2/720
f 3085/1/1 3086/2/1 3087/3/1
f 3088/4/1 3087/3/1 3086/2/1
f 3089/1/719 3085/2/719 3090/3/719
f 3087/4/719 3090/3/719 3085/2/719
f 3091/1/4 3089/2/4 3092/3/4
f 3090/4/4 3092/3/4 3089/2/4
f 3086/1/720 3091/2/720 3088/3/720
f 3092/4/720 3088/3/720 3091/2/720
f 3093/1/1 3094/2/1 3095/3/1
f 3096/4/1 3095/3/1 3094/2/1
f 3097/1/719 3093/2/719 3098/3/719
f 3095/4/719 3098/3/719 3093/2/719
f 3099/1/4 3097/2/4 3100/3/4
f 3098/4/4 3100/3/4 3097/2/4
f 3094/1/720 3099/2/720 3096/3/720
f 3100/4/720 3096/3/720 3099/2/720
f 3101/63/604 3102/133/604 3103/134/604
f 3104/91/604 3103/134/604 3102/133/604
f 3105/65/609 3106/135/609 3107/136/609
f 3108/137/609 3107/136/609 3106/135/609
f 3104/137/1 3102/63/1 3105/91/1
f 3106/65/1 3105/91/1 3102/63/1
f 3103/134/606 3104/63/606 3107/138/606
f 3105/65/606 3107/138/606 3104/63/606
f 3101/137/4 3103/63/4 3108/91/4
f 3107/65/4 3108/91/4 3103/63/4
f 3102/139/605 3101/63/605 3106/135/605
f 3108/65/605 3106/135/605 3101/63/605
f 3109/63/723 3110/133/723 3111/134/723
f 3112/91/723 3111/134/723 3110/133/723
f 3113/65/724 3114/135/724 3115/136/724
f 3116/137/724 3115/136/724 3114/135/724
f 3112/137/1 3110/63/1 3113/91/1
f 3114/65/1 3113/91/1 3110/63/1
f 3111/134/725 3112/63/725 3115/138/725
f 3113/65/725 3115/138/725 3112/63/725
f 3109/137/4 3111/63/4 3116/91/4
f 3115/65/4 3116/91/4 3111/63/4
f 3110/139/726 3109/63/726 3114/135/727
f 3116/65/727 3114/135/727 3109/63/726
f 3117/63/728 3118/133/728 3119/134/728
f 3120/91/728 3119/134/728 3118/133/728
f 3121/65/729 3122/135/730 3123/136/729
f 3124/137/730 3123/136/729 3122/135/730
f 3120/137/1 3118/63/1 3121/91/1
f 3122/65/1 3121/91/1 3118/63/1
f 3119/134/731 3120/63/731 3123/138/731
f 3121/65/731 3123/138/731 3120/63/731
f 3117/137/4 3119/63/4 3124/91/4
f 3123/65/4 3124/91/4 3119/63/4
f 3118/139/732 3117/63/733 3122/135/734
f 3124/65/735 3122/135/734 3117/63/733
f 3125/63/736 3126/133/736 3127/134/736
f 3128/91/736 3127/134/736 3126/133/736
f 3129/65/737 3130/135/737 3131/136/737
f 3132/137/737 3131/136/737 3130/135/737
f 3128/137/1 3126/63/1 3129/91/1
f 3130/65/1 3129/91/1 3126/63/1
f 3127/134/738 3128/63/738 3131/138/739
f 3129/65/740 3131/138/739 3128/63/738
f 3125/137/4 3127/63/4 3132/91/4
f 3131/65/4 3132/91/4 3127/63/4
f 3126/139/741 3125/63/742 3130/135/743
f 3132/65/741 3130/135/743 3125/63/742
f 3133/63/744 3134/133/744 3135/134/744
f 3136/91/744 3135/134/744 3134/133/744
f 3137/65/745 3138/135/745 3139/136/745
f 3140/137/745 3139/136/745 3138/135/745
f 3136/137/1 3134/63/1 3137/91/1
f 3138/65/1 3137/91/1 3134/63/1
f 3135/134/746 3136/63/746 3139/138/746
f 3137/65/746 3139/138/746 3136/63/746
f 3133/137/4 3135/63/4 3140/91/4
f 3139/65/4 3140/91/4 3135/63/4
f 3134/139/747 3133/63/747 3138/135/747
f 3140/65/747 3138/135/747 3133/63/747
f 3141/63/604 3142/133/604 3143/134/604
f 3144/91/604 3143/134/604 3142/133/604
f 3145/65/609 3146/135/609 3147/136/609
f 3148/137/609 3147/136/609 3146/135/609
f 3144/137/1 3142/63/1 3145/91/1
f 3146/65/1 3145/91/1 3142/63/1
f 3143/134/606 3144/63/606 3147/138/606
f 3145/65/606 3147/138/606 3144/63/606
f 3141/137/4 3143/63/4 3148/91/4
f 3147/65/4 3148/91/4 3143/63/4
f 3142/139/605 3141/63/605 3146/135/605
f 3148/65/605 3146/135/605 3141/63/605
f 3149/63/723 3150/133/723 3151/134/723
f 3152/91/723 3151/134/723 3150/133/723
f 3153/65/724 3154/135/724 3155/136/724
f 3156/137/724 3155/136/724 3154/135/724
f 3152/137/1 3150/63/1 3153/91/1
f 3154/65/1 3153/91/1 3150/63/1
f 3151/134/725 3152/63/725 3155/138/725
f 3153/65/725 3155/138/725 3152/63/725
f 3149/137/4 3151/63/4 3156/91/4
f 3155/65/4 3156/91/4 3151/63/4
f 3150/139/726 3149/63/727 3154/135/727
f 3156/65/727 3154/135/727 3149/63/727
f 3157/63/748 3158/133/748 3159/134/749
f 3160/91/749 3159/134/749 3158/133/748
f 3161/65/750 3162/135/750 3163/136/750
f 3164/137/750 3163/136/750 3162/135/750
f 3160/137/1 3158/63/1 3161/91/1
f 3162/65/1 3161/91/1 3158/63/1
f 3159/134/731 3160/63/731 3163/138/731
f 3161/65/731 3163/138/731 3160/63/731
f 3157/137/4 3159/63/4 3164/91/4
f 3163/65/4 3164/91/4 3159/63/4
f 3158/139/735 3157/63/734 3162/135/751
f 3164/65/732 3162/135/751 3157/63/734
f 3165/63/752 3166/133/752 3167/134/752
f 3168/91/752 3167/134/752 3166/133/752
f 3169/65/753 3170/135/754 3171/136/753
f 3172/137/754 3171/136/753 3170/135/754
f 3168/137/1 3166/63/1 3169/91/1
f 3170/65/1 3169/91/1 3166/63/1
f 3167/134/746 3168/63/755 3171/138/755
f 3169/65/756 3171/138/755 3168/63/755
f 3165/137/4 3167/63/4 3172/91/4
f 3171/65/4 3172/91/4 3167/63/4
f 3166/139/747 3165/63/747 3170/135/747
f 3172/65/747 3170/135/747 3165/63/747
f 3173/63/605 3174/133/605 3175/134/605
f 3176/91/605 3175/134/605 3174/133/605
f 3177/65/606 3178/135/606 3179/136/606
f 3180/137/606 3179/136/606 3178/135/606
f 3176/137/1 3174/63/1 3177/91/1
f 3178/65/1 3177/91/1 3174/63/1
f 3175/134/604 3176/63/604 3179/138/604
f 3177/65/604 3179/138/604 3176/63/604
f 3173/137/4 3175/63/4 3180/91/4
f 3179/65/4 3180/91/4 3175/63/4
f 3174/139/609 3173/63/609 3178/135/609
f 3180/65/609 3178/135/609 3173/63/609
f 3181/63/604 3182/133/604 3183/134/604
f 3184/91/604 3183/134/604 3182/133/604
f 3185/65/609 3186/135/609 3187/136/609
f 3188/137/609 3187/136/609 3186/135/609
f 3184/137/1 3182/63/1 3185/91/1
f 3186/65/1 3185/91/1 3182/63/1
f 3183/134/606 3184/63/606 3187/138/606
f 3185/65/606 3187/138/606 3184/63/606
f 3181/137/4 3183/63/4 3188/91/4
f 3187/65/4 3188/91/4 3183/63/4
f 3182/139/605 3181/63/605 3186/135/605
f 3188/65/605 3186/135/605 3181/63/605
f 3189/63/723 3190/133/723 3191/134/723
f 3192/91/723 3191/134/723 3190/133/723
f 3193/65/724 3194/135/724 3195/136/724
f 3196/137/724 3195/136/724 3194/135/724
f 3192/137/1 3190/63/1 3193/91/1
f 3194/65/1 3193/91/1 3190/63/1
f 3191/134/725 3192/63/725 3195/138/725
f 3193/65/725 3195/138/725 3192/63/725
f 3189/137/4 3191/63/4 3196/91/4
f 3195/65/4 3196/91/4 3191/63/4
f 3190/139/726 3189/63/726 3194/135/727
f 3196/65/727 3194/135/727 3189/63/726
f 3197/63/752 3198/133/752 3199/134/752
f 3200/91/752 3199/134/752 3198/133/752
f 3201/65/753 3202/135/753 3203/136/753
f 3204/137/753 3203/136/753 3202/135/753
f 3200/137/1 3198/63/1 3201/91/1
f 3202/65/1 3201/91/1 3198/63/1
f 3199/134/756 3200/63/755 3203/138/755
f 3201/65/746 3203/138/755 3200/63/755
f 3197/137/4 3199/63/4 3204/91/4
f 3203/65/4 3204/91/4 3199/63/4
f 3198/139/747 3197/63/757 3202/135/757
f 3204/65/758 3202/135/757 3197/63/757
f 3205/63/605 3206/133/605 3207/134/605
f 3208/91/605 3207/134/605 3206/133/605
f 3209/65/606 3210/135/606 3211/136/606
f 3212/137/606 3211/136/606 3210/135/606
f 3208/137/1 3206/63/1 3209/91/1
f 3210/65/1 3209/91/1 3206/63/1
f 3207/134/604 3208/63/604 3211/138/604
f 3209/65/604 3211/138/604 3208/63/604
f 3205/137/4 3207/63/4 3212/91/4
f 3211/65/4 3212/91/4 3207/63/4
f 3206/139/609 3205/63/609 3210/135/609
f 3212/65/609 3210/135/609 3205/63/609
f 3213/63/605 3214/133/605 3215/134/605
f 3216/91/605 3215/134/605 3214/133/605
f 3217/65/606 3218/135/606 3219/136/606
f 3220/137/606 3219/136/606 3218/135/606
f 3216/137/1 3214/63/1 3217/91/1
f 3218/65/1 3217/91/1 3214/63/1
f 3215/134/604 3216/63/604 3219/138/604
f 3217/65/604 3219/138/604 3216/63/604
f 3213/137/4 3215/63/4 3220/91/4
f 3219/65/4 3220/91/4 3215/63/4
f 3214/139/609 3213/63/609 3218/135/609
f 3220/65/609 3218/135/609 3213/63/609
f 3221/63/759 3222/133/759 3223/134/760
f 3224/91/760 3223/134/760 3222/133/759
f 3225/65/761 3226/135/567 3227/136/761
f 3228/137/567 3227/136/761 3226/135/567
f 3224/137/1 3222/63/1 3225/91/1
f 3226/65/1 3225/91/1 3222/63/1
f 3223/134/762 3224/63/763 3227/138/764
f 3225/65/765 3227/138/764 3224/63/763
f 3221/137/4 3223/63/4 3228/91/4
f 3227/65/4 3228/91/4 3223/63/4
f 3222/139/766 3221/63/767 3226/135/768
f 3228/65/769 3226/135/768 3221/63/767
f 3229/63/770 3230/133/770 3231/134/770
f 3232/91/770 3231/134/770 3230/133/770
f 3233/65/771 3234/135/772 3235/136/771
f 3236/137/772 3235/136/771 3234/135/772
f 3232/137/1 3230/63/1 3233/91/1
f 3234/65/1 3233/91/1 3230/63/1
f 3231/134/773 3232/63/773 3235/138/773
f 3233/65/773 3235/138/773 3232/63/773
f 3229/137/4 3231/63/4 3236/91/4
f 3235/65/4 3236/91/4 3231/63/4
f 3230/139/774 3229/63/774 3234/135/774
f 3236/65/774 3234/135/774 3229/63/774
f 3237/63/775 3238/133/775 3239/134/775
f 3240/91/775 3239/134/775 3238/133/775
f 3241/65/776 3242/135/776 3243/136/776
f 3244/137/776 3243/136/776 3242/135/776
f 3240/137/1 3238/63/1 3241/91/1
f 3242/65/1 3241/91/1 3238/63/1
f 3239/134/777 3240/63/777 3243/138/777
f 3241/65/777 3243/138/777 3240/63/777
f 3237/137/4 3239/63/4 3244/91/4
f 3243/65/4 3244/91/4 3239/63/4
f 3238/139/778 3237/63/778 3242/135/778
f 3244/65/778 3242/135/778 3237/63/778
f 3245/63/775 3246/133/775 3247/134/775
f 3248/91/775 3247/134/775 3246/133/775
f 3249/65/776 3250/135/776 3251/136/776
f 3252/137/776 3251/136/776 3250/135/776
f 3248/137/1 3246/63/1 3249/91/1
f 3250/65/1 3249/91/1 3246/63/1
f 3247/134/777 3248/63/777 3251/138/777
f 3249/65/777 3251/138/777 3248/63/777
f 3245/137/4 3247/63/4 3252/91/4
f 3251/65/4 3252/91/4 3247/63/4
f 3246/139/778 3245/63/778 3250/135/778
f 3252/65/778 3250/135/778 3245/63/778
f 3253/63/775 3254/133/775 3255/134/775
f 3256/91/775 3255/134/775 3254/133/775
f 3257/65/776 3258/135/776 3259/136/776
f 3260/137/776 3259/136/776 3258/135/776
f 3256/137/1 3254/63/1 3257/91/1
f 3258/65/1 3257/91/1 3254/63/1
f 3255/134/779 3256/63/780 3259/138/781
f 3257/65/782 3259/138/781 3256/63/780
f 3253/137/4 3255/63/4 3260/91/4
f 3259/65/4 3260/91/4 3255/63/4
f 3254/139/778 3253/63/778 3258/135/778
f 3260/65/778 3258/135/778 3253/63/778
f 3261/21/604 3262/22/604 3263/23/604
f 3264/24/604 3263/23/604 3262/22/604
f 3265/25/604 3261/21/604 3266/26/604
f 3263/23/604 3266/26/604 3261/21/604
f 3267/27/609 3268/22/609 3269/28/609
f 3270/24/609 3269/28/609 3268/22/609
f 3271/25/609 3267/27/609 3272/26/609
f 3269/28/609 3272/26/609 3267/27/609
f 3273/21/604 3265/22/604 3274/23/604
f 3266/24/604 3274/23/604 3265/22/604
f 3275/25/604 3273/21/604 3276/26/604
f 3274/23/604 3276/26/604 3273/21/604
f 3277/29/606 3275/30/606 3278/31/606
f 3276/32/606 3278/31/606 3275/30/606
f 3279/27/609 3277/22/609 3280/28/609
f 3278/24/609 3280/28/609 3277/22/609
f 3268/25/609 3279/27/609 3270/26/609
f 3280/28/609 3270/26/609 3279/27/609
f 3281/21/604 3282/22/604 3283/23/604
f 3284/24/604 3283/23/604 3282/22/604
f 3285/25/604 3281/21/604 3286/26/604
f 3283/23/604 3286/26/604 3281/21/604
f 3287/27/609 3288/22/609 3289/28/609
f 3290/24/609 3289/28/609 3288/22/609
f 3291/25/609 3287/27/609 3292/26/609
f 3289/28/609 3292/26/609 3287/27/609
f 3293/21/604 3285/22/604 3294/23/604
f 3286/24/604 3294/23/604 3285/22/604
f 3295/25/604 3293/21/604 3296/26/604
f 3294/23/604 3296/26/604 3293/21/604
f 3297/29/606 3295/30/606 3298/31/606
f 3296/32/606 3298/31/606 3295/30/606
f 3299/27/609 3297/22/609 3300/28/609
f 3298/24/609 3300/28/609 3297/22/609
f 3288/25/609 3299/27/609 3290/26/609
f 3300/28/609 3290/26/609 3299/27/609
f 3301/22/609 3302/21/609 3303/23/609
f 3303/23/609 3304/24/609 3301/22/609
f 3302/21/609 3305/25/609 3306/26/609
f 3306/26/609 3303/23/609 3302/21/609
f 3307/22/604 3308/27/604 3309/28/604
f 3309/28/604 3310/24/604 3307/22/604
f 3308/27/604 3311/25/604 3312/26/604
f 3312/26/604 3309/28/604 3308/27/604
f 3305/22/609 3313/21/609 3314/23/609
f 3314/23/609 3306/24/609 3305/22/609
f 3313/21/609 3315/25/609 3316/26/609
f 3316/26/609 3314/23/609 3313/21/609
f 3315/30/606 3317/29/606 3318/31/606
f 3318/31/606 3316/32/606 3315/30/606
f 3317/22/604 3319/27/604 3320/28/604
f 3320/28/604 3318/24/604 3317/22/604
f 3319/27/604 3307/25/604 3310/26/604
f 3310/26/604 3320/28/604 3319/27/604
f 3321/22/609 3322/21/609 3323/23/609
f 3323/23/609 3324/24/609 3321/22/609
f 3322/21/609 3325/25/609 3326/26/609
f 3326/26/609 3323/23/609 3322/21/609
f 3327/22/604 3328/27/604 3329/28/604
f 3329/28/604 3330/24/604 3327/22/604
f 3328/27/604 3331/25/604 3332/26/604
f 3332/26/604 3329/28/604 3328/27/604
f 3325/22/609 3333/21/609 3334/23/609
f 3334/23/609 3326/24/609 3325/22/609
f 3333/21/609 3335/25/609 3336/26/609
f 3336/26/609 3334/23/609 3333/21/609
f 3335/30/606 3337/29/606 3338/31/606
f 3338/31/606 3336/32/606 3335/30/606
f 3337/22/604 3339/27/604 3340/28/604
f 3340/28/604 3338/24/604 3337/22/604
f 3339/27/604 3327/25/604 3330/26/604
f 3330/26/604 3340/28/604 3339/27/604
f 3341/65/605 3342/91/605 3343/137/605
f 3343/137/605 3344/63/605 3341/65/605
f 3342/65/604 3345/91/604 3346/137/604
f 3346/137/604 3343/63/604 3342/65/604
f 3345/65/606 3347/91/606 3348/137/606
f 3348/137/606 3346/63/606 3345/65/606
f 3347/65/609 3341/91/609 3344/137/609
f 3344/137/609 3348/63/609 3347/65/609
f 3349/65/605 3350/91/605 3351/137/605
f 3351/137/605 3352/63/605 3349/65/605
f 3350/65/604 3353/91/604 3354/137/604
f 3354/137/604 3351/63/604 3350/65/604
f 3353/65/606 3355/91/606 3356/137/606
f 3356/137/606 3354/63/606 3353/65/606
f 3355/65/609 3349/91/609 3352/137/609
f 3352/137/609 3356/63/609 3355/65/609
f 3357/65/605 3358/91/605 3359/137/605
f 3359/137/605 3360/63/605 3357/65/605
f 3358/65/604 3361/91/604 3362/137/604
f 3362/137/604 3359/63/604 3358/65/604
f 3361/65/606 3363/91/606 3364/137/606
f 3364/137/606 3362/63/606 3361/65/606
f 3363/65/609 3357/91/609 3360/137/609
f 3360/137/609 3364/63/609 3363/65/609
f 3365/65/605 3366/91/605 3367/137/605
f 3367/137/605 3368/63/605 3365/65/605
f 3366/65/604 3369/91/604 3370/137/604
f 3370/137/604 3367/63/604 3366/65/604
f 3369/65/606 3371/91/606 3372/137/606
f 3372/137/606 3370/63/606 3369/65/606
f 3371/65/609 3365/91/609 3368/137/609
f 3368/137/609 3372/63/609 3371/65/609
f 3373/65/605 3374/91/605 3375/137/605
f 3375/137/605 3376/63/605 3373/65/605
f 3374/65/604 3377/91/604 3378/137/604
f 3378/137/604 3375/63/604 3374/65/604
f 3377/65/606 3379/91/606 3380/137/606
f 3380/137/606 3378/63/606 3377/65/606
f 3379/65/609 3373/91/609 3376/137/609
f 3376/137/609 3380/63/609 3379/65/609
f 3381/65/605 3382/91/605 3383/137/605
f 3383/137/605 3384/63/605 3381/65/605
f 3382/65/604 3385/91/604 3386/137/604
f 3386/137/604 3383/63/604 3382/65/604
f 3385/65/606 3387/91/606 3388/137/606
f 3388/137/606 3386/63/606 3385/65/606
f 3387/65/609 3381/91/609 3384/137/609
f 3384/137/609 3388/63/609 3387/65/609
f 3389/65/605 3390/91/605 3391/137/605
f 3391/137/605 3392/63/605 3389/65/605
f 3390/65/604 3393/91/604 3394/137/604
f 3394/137/604 3391/63/604 3390/65/604
f 3393/65/606 3395/91/606 3396/137/606
f 3396/137/606 3394/63/606 3393/65/606
f 3395/65/609 3389/91/609 3392/137/609
f 3392/137/609 3396/63/609 3395/65/609
f 3397/65/605 3398/91/605 3399/137/605
f 3399/137/605 3400/63/605 3397/65/605
f 3398/65/604 3401/91/604 3402/137/604
f 3402/137/604 3399/63/604 3398/65/604
f 3401/65/606 3403/91/606 3404/137/606
f 3404/137/606 3402/63/606 3401/65/606
f 3403/65/609 3397/91/609 3400/137/609
f 3400/137/609 3404/63/609 3403/65/609
f 3405/1/1 3406/2/1 3407/3/1
f 3408/4/1 3407/3/1 3406/2/1
f 3409/1/719 3405/2/719 3410/3/719
f 3407/4/719 3410/3/719 3405/2/719
f 3411/1/4 3409/2/4 3412/3/4
f 3410/4/4 3412/3/4 3409/2/4
f 3406/1/720 3411/2/720 3408/3/720
f 3412/4/720 3408/3/720 3411/2/720
f 3413/1/1 3414/2/1 3415/3/1
f 3416/4/1 3415/3/1 3414/2/1
f 3417/1/783 3413/2/783 3418/3/783
f 3415/4/783 3418/3/783 3413/2/783
f 3419/1/4 3417/2/4 3420/3/4
f 3418/4/4 3420/3/4 3417/2/4
f 3414/1/720 3419/2/720 3416/3/720
f 3420/4/720 3416/3/720 3419/2/720
f 3421/1/1 3422/2/1 3423/3/1
f 3424/4/1 3423/3/1 3422/2/1
f 3425/1/719 3421/2/719 3426/3/719
f 3423/4/719 3426/3/719 3421/2/719
f 3427/1/4 3425/2/4 3428/3/4
f 3426/4/4 3428/3/4 3425/2/4
f 3422/1/784 3427/2/784 3424/3/784
f 3428/4/784 3424/3/784 3427/2/784
f 3429/2/604 3430/1/785 3431/3/785
f 3431/3/785 3432/4/604 3429/2/604
f 3430/2/786 3433/1/786 3434/3/786
f 3434/3/786 3431/4/786 3430/2/786
f 3433/2/787 3435/1/787 3436/3/787
f 3436/3/787 3434/4/787 3433/2/787
f 3435/2/788 3437/1/789 3438/3/789
f 3438/3/789 3436/4/788 3435/2/788
f 3437/2/789 3439/1/790 3440/3/790
f 3440/3/790 3438/4/789 3437/2/789
f 3439/2/790 3441/1/791 3442/3/791
f 3442/3/791 3440/4/790 3439/2/790
f 3441/2/792 3443/1/793 3444/3/793
f 3444/3/793 3442/4/792 3441/2/792
f 3443/2/793 3445/1/794 3446/3/794
f 3446/3/794 3444/4/793 3443/2/793
f 3445/2/794 3447/1/795 3448/3/795
f 3448/3/795 3446/4/794 3445/2/794
f 3447/2/796 3449/1/796 3450/3/796
f 3450/3/796 3448/4/796 3447/2/796
f 3449/2/797 3451/1/797 3452/3/797
f 3452/3/797 3450/4/797 3449/2/797
f 3451/2/798 3429/1/604 3432/3/604
f 3432/3/604 3452/4/798 3451/2/798
f 3453/1/1 3454/2/1 3455/3/1
f 3456/4/1 3455/3/1 3454/2/1
f 3457/1/799 3453/2/799 3458/3/799
f 3455/4/799 3458/3/799 3453/2/799
f 3459/1/4 3457/2/4 3460/3/4
f 3458/4/4 3460/3/4 3457/2/4
f 3454/1/800 3459/2/800 3456/3/800
f 3460/4/800 3456/3/800 3459/2/800
