# Blender 4.4.3
# www.blender.org
mtllib GURDRB.mtl
o GURDRB
v -193.859299 6.557787 -13.410717
v -193.859299 6.381178 -13.410717
v -193.860062 6.557787 -13.101938
v -193.860062 6.381177 -13.101938
v -193.859299 3.647984 -13.410716
v -193.859299 3.471375 -13.410714
v -193.860062 3.647984 -13.101936
v -193.860062 3.471374 -13.101936
v -193.675781 4.716106 -16.594425
v -193.675781 4.539499 -16.594425
v -193.676407 4.716106 -16.343788
v -193.676407 4.539497 -16.343788
v -193.675812 1.890739 -16.585958
v -193.675812 1.746808 -16.585958
v -193.676407 1.890739 -16.345901
v -193.676407 1.746807 -16.345901
v -191.324722 4.716106 -16.333271
v -191.324722 4.539497 -16.333271
v -191.324402 4.716106 -16.583906
v -191.324402 4.539497 -16.583906
v -191.324707 1.890740 -16.341736
v -191.324707 1.746808 -16.341736
v -191.324402 1.890740 -16.581795
v -191.324402 1.746807 -16.581795
v -191.164581 6.557786 -13.097927
v -191.164581 6.381177 -13.097928
v -191.163818 6.557786 -13.406707
v -191.163818 6.381177 -13.406707
v -191.164581 3.647983 -13.097927
v -191.164581 3.471374 -13.097927
v -191.163818 3.647983 -13.406707
v -191.163818 3.471374 -13.406707
v -193.670807 4.716106 -18.604383
v -193.670807 4.539497 -18.604383
v -193.671417 4.716106 -18.353746
v -193.671417 4.539497 -18.353746
v -193.670822 1.890739 -18.595917
v -193.670822 1.746808 -18.595917
v -193.671417 1.890739 -18.355858
v -193.671417 1.746807 -18.355858
v -191.319733 4.716106 -18.343225
v -191.319733 4.539497 -18.343225
v -191.319412 4.716106 -18.593863
v -191.319412 4.539497 -18.593863
v -191.319733 1.890740 -18.351692
v -191.319733 1.746808 -18.351692
v -191.319427 1.890739 -18.591753
v -191.319427 1.746807 -18.591753
v -193.663773 3.071523 -21.438747
v -193.663773 2.894915 -21.438747
v -193.664398 3.071523 -21.188112
v -193.664398 2.894914 -21.188112
v -191.312698 3.071523 -21.177589
v -191.312698 2.894914 -21.177589
v -191.312378 3.071523 -21.428226
v -191.312378 2.894914 -21.428226
v -193.663773 0.465975 -21.438747
v -193.663773 0.289367 -21.438747
v -193.664398 0.465975 -21.188112
v -193.664398 0.289366 -21.188112
v -191.312698 0.465975 -21.177589
v -191.312698 0.289366 -21.177589
v -191.312378 0.465975 -21.428226
v -191.312378 0.289366 -21.428226
v -193.657532 3.071523 -23.956207
v -193.657532 2.894914 -23.956207
v -193.658142 3.071523 -23.705570
v -193.658142 2.894914 -23.705570
v -191.306458 3.071523 -23.695049
v -191.306458 2.894914 -23.695049
v -191.306137 3.071523 -23.945686
v -191.306137 2.894914 -23.945686
v -193.657532 0.465975 -23.956207
v -193.657532 0.289366 -23.956207
v -193.658142 0.465975 -23.705570
v -193.658142 0.289366 -23.705570
v -191.306458 0.465975 -23.695049
v -191.306458 0.289366 -23.695049
v -191.306137 0.465975 -23.945686
v -191.306137 0.289366 -23.945686
v -193.737930 6.324438 3.487359
v -193.737930 6.147829 3.487359
v -193.739029 6.324438 3.928417
v -193.739029 6.147829 3.928417
v -193.742706 6.297431 6.796809
v -193.742706 6.120821 6.796809
v -193.743637 6.297431 7.172355
v -193.743637 6.120821 7.172355
v -193.742981 3.897408 6.911842
v -193.742981 3.720800 6.911842
v -193.743637 3.897408 7.172358
v -193.743637 3.720799 7.172358
v -191.146820 6.557787 9.402398
v -191.146820 6.381179 9.402398
v -191.146057 6.557787 9.093619
v -191.146057 6.381179 9.093619
v -191.146820 3.647986 9.402399
v -191.146820 3.471377 9.402398
v -191.146057 3.647986 9.093620
v -191.146057 3.471377 9.093620
v -191.330338 4.716110 12.586109
v -191.330338 4.539501 12.586109
v -191.329712 4.716110 12.335473
v -191.329712 4.539501 12.335473
v -191.330322 1.890742 12.577642
v -191.330322 1.746810 12.577642
v -191.329712 1.890742 12.337584
v -191.329712 1.746810 12.337584
v -193.681396 4.716110 12.324952
v -193.681396 4.539501 12.324952
v -193.681717 4.716109 12.575589
v -193.681717 4.539500 12.575589
v -193.681412 1.890742 12.333418
v -193.681412 1.746811 12.333420
v -193.681717 1.890742 12.573477
v -193.681717 1.746810 12.573477
v -193.841537 6.557787 9.089609
v -193.841537 6.381178 9.089610
v -193.842300 6.557787 9.398388
v -193.842300 6.381177 9.398388
v -193.841537 3.647986 9.089610
v -193.841537 3.471377 9.089611
v -193.842300 3.647986 9.398389
v -193.842300 3.471377 9.398389
v -191.335327 4.716110 14.596067
v -191.335327 4.539501 14.596067
v -191.334702 4.716110 14.345432
v -191.334702 4.539500 14.345432
v -191.335297 1.890742 14.587601
v -191.335297 1.746810 14.587601
v -191.334702 1.890742 14.347542
v -191.334702 1.746810 14.347542
v -193.686386 4.716109 14.334909
v -193.686386 4.539500 14.334909
v -193.686707 4.716109 14.585546
v -193.686707 4.539500 14.585546
v -193.686386 1.890742 14.343376
v -193.686386 1.746811 14.343376
v -193.686707 1.890742 14.583435
v -193.686707 1.746810 14.583435
v -191.342346 3.071527 17.430431
v -191.342346 2.894918 17.430431
v -191.341736 3.071527 17.179794
v -191.341736 2.894918 17.179794
v -193.693420 3.071527 17.169273
v -193.693420 2.894918 17.169273
v -193.693741 3.071527 17.419910
v -193.693741 2.894918 17.419910
v -191.342346 0.465978 17.430431
v -191.342346 0.289370 17.430431
v -191.341736 0.465978 17.179794
v -191.341736 0.289369 17.179794
v -193.693420 0.465979 17.169273
v -193.693420 0.289370 17.169273
v -193.693741 0.465979 17.419910
v -193.693741 0.289370 17.419910
v -191.348602 3.071527 19.947891
v -191.348602 2.894918 19.947891
v -191.347977 3.071527 19.697254
v -191.347977 2.894918 19.697254
v -193.699661 3.071527 19.686731
v -193.699661 2.894918 19.686731
v -193.699982 3.071527 19.937366
v -193.699982 2.894918 19.937366
v -191.348602 0.465979 19.947891
v -191.348602 0.289371 19.947891
v -191.347977 0.465979 19.697254
v -191.347977 0.289369 19.697254
v -193.699661 0.465979 19.686733
v -193.699661 0.289370 19.686733
v -193.699982 0.465980 19.937370
v -193.699982 0.289370 19.937370
v -193.738129 3.897408 3.391251
v -193.738129 3.720800 3.391251
v -193.738815 3.897407 3.666258
v -193.738815 3.720798 3.666258
v -191.267380 6.147830 3.501487
v -191.267380 6.324439 3.501487
v -191.268478 6.324439 3.942544
v -191.268478 6.147830 3.942544
v -191.276001 6.120822 6.802930
v -191.276001 6.297431 6.802930
v -191.276932 6.297431 7.178475
v -191.276932 6.120821 7.178475
v -191.276276 3.720800 6.917965
v -191.276276 3.897408 6.917965
v -191.276932 3.897408 7.178479
v -191.276932 3.720798 7.178479
v -191.267563 3.720799 3.405387
v -191.267563 3.897408 3.405387
v -191.268250 3.897407 3.680396
v -191.268250 3.720798 3.680396
v -193.526047 2.056708 -18.237949
v -193.526047 1.920593 -18.237949
v -193.526855 2.056707 -17.915403
v -193.526855 1.920593 -17.915403
v -193.528885 2.056708 -17.092529
v -193.528885 1.920593 -17.092529
v -193.529694 2.056707 -16.769981
v -193.529694 1.920593 -16.769981
v -193.576324 2.056711 12.656011
v -193.576324 1.920596 12.656011
v -193.577118 2.056710 12.978559
v -193.577118 1.920595 12.978559
v -193.579163 2.056711 13.801433
v -193.579163 1.920596 13.801433
v -193.579956 2.056710 14.123978
v -193.579956 1.920595 14.123978
v -193.531845 2.346260 -15.897312
v -193.532028 2.231341 -15.824370
v -193.532532 2.519110 -15.624990
v -193.532715 2.404190 -15.552047
v -193.536285 3.499309 -14.108689
v -193.536469 3.384390 -14.035747
v -193.536957 3.672159 -13.836367
v -193.537140 3.557239 -13.763425
v -193.522537 1.418180 -19.649780
v -193.522720 1.303261 -19.576838
v -193.523224 1.591030 -19.377457
v -193.523407 1.476110 -19.304514
v -193.571152 3.193599 10.572455
v -193.570969 3.079328 10.498501
v -193.571823 3.018348 10.843243
v -193.571640 2.904077 10.769286
v -193.586105 0.893699 16.602560
v -193.585922 0.779428 16.528605
v -193.586777 0.718448 16.873344
v -193.586594 0.604177 16.799391
v -193.665421 6.297431 8.487225
v -193.665421 6.120822 8.487225
v -193.666351 6.297431 8.862768
v -193.666351 6.120821 8.862771
v -191.314972 6.120822 8.493056
v -191.314972 6.297431 8.493054
v -191.315903 6.297431 8.868600
v -191.315903 6.120821 8.868600
v -193.679214 6.297430 -12.911160
v -193.679214 6.120820 -12.911160
v -193.750168 6.297429 -13.073682
v -193.750168 6.120820 -13.073680
v -191.328766 6.120821 -12.905329
v -191.328766 6.297430 -12.905329
v -191.329697 6.297430 -12.529785
v -191.329697 6.120821 -12.529783
v -191.368256 1.920593 -18.232597
v -191.368256 2.056708 -18.232597
v -191.369049 2.056707 -17.910049
v -191.369049 1.920593 -17.910049
v -191.371094 1.920593 -17.087177
v -191.371094 2.056708 -17.087177
v -191.371887 2.056707 -16.764629
v -191.371887 1.920593 -16.764629
v -191.472946 1.920597 12.661228
v -191.472946 2.056711 12.661228
v -191.473755 2.056710 12.983776
v -191.473755 1.920595 12.983776
v -191.475800 1.920597 13.806650
v -191.475800 2.056711 13.806650
v -191.476593 2.056710 14.129196
v -191.476593 1.920595 14.129196
v -191.374237 2.231341 -15.819017
v -191.374054 2.346260 -15.891960
v -191.374725 2.519110 -15.619637
v -191.374908 2.404190 -15.546695
v -191.378677 3.384390 -14.030395
v -191.378494 3.499309 -14.103337
v -191.379166 3.672159 -13.831014
v -191.379349 3.557239 -13.758071
v -191.364929 1.303261 -19.571484
v -191.364746 1.418180 -19.644426
v -191.365417 1.591030 -19.372103
v -191.365601 1.476110 -19.299162
v -191.467606 3.079328 10.503717
v -191.467789 3.193599 10.577674
v -191.468460 3.018348 10.848459
v -191.468277 2.904077 10.774506
v -191.482559 0.779428 16.533821
v -191.482742 0.893699 16.607777
v -191.483414 0.718448 16.878563
v -191.483231 0.604177 16.804607
v -193.737946 6.324437 -3.452662
v -193.737930 6.147828 -3.452662
v -193.739029 6.324437 -3.011604
v -193.739029 6.147828 -3.011604
v -193.742706 6.297430 -0.143211
v -193.742706 6.120821 -0.143211
v -193.743637 6.297430 0.232334
v -193.743637 6.120821 0.232334
v -193.742981 3.897408 -0.028177
v -193.742981 3.720800 -0.028177
v -193.743637 3.897407 0.232337
v -193.743637 3.720798 0.232337
v -193.738129 3.897408 -3.548771
v -193.738129 3.720799 -3.548771
v -193.738815 3.897407 -3.273762
v -193.738815 3.720798 -3.273762
v -191.267380 6.147828 -3.438534
v -191.267380 6.324438 -3.438534
v -191.268478 6.324438 -2.997475
v -191.268478 6.147828 -2.997475
v -191.276001 6.120822 -0.137090
v -191.276001 6.297430 -0.137090
v -191.276932 6.297430 0.238455
v -191.276932 6.120821 0.238455
v -191.276276 3.720799 -0.022054
v -191.276276 3.897408 -0.022054
v -191.276932 3.897407 0.238459
v -191.276932 3.720798 0.238459
v -191.267563 3.720799 -3.534633
v -191.267563 3.897408 -3.534633
v -191.268250 3.897407 -3.259624
v -191.268250 3.720798 -3.259624
v -193.737946 6.324437 -9.374398
v -193.737930 6.147828 -9.374397
v -193.739029 6.324437 -8.933340
v -193.739029 6.147828 -8.933339
v -193.742706 6.297430 -6.064948
v -193.742706 6.120821 -6.064948
v -193.743637 6.297430 -5.689403
v -193.743637 6.120821 -5.689403
v -193.742981 3.897408 -5.949913
v -193.742981 3.720799 -5.949913
v -193.743637 3.897407 -5.689399
v -193.743637 3.720798 -5.689399
v -193.738129 3.897407 -9.470507
v -193.738129 3.720798 -9.470507
v -193.738815 3.897406 -9.195498
v -193.738815 3.720797 -9.195498
v -191.267380 6.147828 -9.360269
v -191.267380 6.324437 -9.360270
v -191.268478 6.324437 -8.919211
v -191.268478 6.147828 -8.919210
v -191.276001 6.120821 -6.058825
v -191.276001 6.297430 -6.058825
v -191.276932 6.297430 -5.683280
v -191.276932 6.120821 -5.683280
v -191.276276 3.720798 -5.943789
v -191.276276 3.897408 -5.943789
v -191.276932 3.897407 -5.683277
v -191.276932 3.720798 -5.683277
v -191.267563 3.720798 -9.456368
v -191.267563 3.897407 -9.456368
v -191.268250 3.897406 -9.181360
v -191.268250 3.720797 -9.181360
v -299.415558 25.792421 -597.788696
v -299.415558 25.615812 -597.788696
v -299.724335 25.792421 -597.787659
v -299.724335 25.615812 -597.787659
v -299.415558 22.882618 -597.788696
v -299.415558 22.706009 -597.788696
v -299.724335 22.882618 -597.787659
v -299.724335 22.706009 -597.787659
v -296.230835 23.950741 -597.623840
v -296.230835 23.774134 -597.623840
v -296.481445 23.950741 -597.623047
v -296.481445 23.774132 -597.623047
v -296.239288 21.125374 -597.623840
v -296.239288 20.981441 -597.623840
v -296.479340 21.125374 -597.623047
v -296.479340 20.981441 -597.623047
v -296.478210 23.950741 -595.271301
v -296.478210 23.774132 -595.271301
v -296.227570 23.950741 -595.272461
v -296.227570 23.774132 -595.272461
v -296.469727 21.125374 -595.271362
v -296.469727 20.981441 -595.271362
v -296.229675 21.125374 -595.272461
v -296.229675 20.981441 -595.272461
v -299.712555 25.792419 -595.092224
v -299.712555 25.615810 -595.092224
v -299.403778 25.792419 -595.093262
v -299.403778 25.615810 -595.093262
v -299.712555 22.882618 -595.092224
v -299.712555 22.706009 -595.092224
v -299.403778 22.882618 -595.093262
v -299.403778 22.706009 -595.093262
v -294.220856 23.950741 -597.630676
v -294.220856 23.774132 -597.630676
v -294.471497 23.950741 -597.629822
v -294.471497 23.774132 -597.629822
v -294.229340 21.125374 -597.630615
v -294.229340 20.981441 -597.630615
v -294.469391 21.125374 -597.629822
v -294.469391 20.981441 -597.629822
v -294.468262 23.950741 -595.278137
v -294.468262 23.774132 -595.278137
v -294.217621 23.950741 -595.279236
v -294.217621 23.774132 -595.279236
v -294.459778 21.125374 -595.278137
v -294.459778 20.981441 -595.278137
v -294.219727 21.125374 -595.279236
v -294.219727 20.981441 -595.279236
v -291.386505 22.306158 -597.640259
v -291.386505 22.129549 -597.640259
v -291.637146 22.306158 -597.639404
v -291.637146 22.129549 -597.639404
v -291.633881 22.306158 -595.287659
v -291.633881 22.129549 -595.287659
v -291.383240 22.306158 -595.288818
v -291.383240 22.129549 -595.288818
v -291.386505 19.700611 -597.640259
v -291.386505 19.524002 -597.640259
v -291.637146 19.700611 -597.639404
v -291.637146 19.524002 -597.639404
v -291.633881 19.700611 -595.287659
v -291.633881 19.524002 -595.287659
v -291.383240 19.700611 -595.288818
v -291.383240 19.524002 -595.288818
v -288.869049 22.306158 -597.648743
v -288.869049 22.129549 -597.648743
v -289.119690 22.306158 -597.647888
v -289.119690 22.129549 -597.647888
v -289.116425 22.306158 -595.296204
v -289.116425 22.129549 -595.296204
v -288.865814 22.306158 -595.297363
v -288.865814 22.129549 -595.297363
v -288.869049 19.700611 -597.648743
v -288.869049 19.524002 -597.648743
v -289.119690 19.700611 -597.647888
v -289.119690 19.524002 -597.647888
v -289.116425 19.700609 -595.296204
v -289.116425 19.524002 -595.296204
v -288.865814 19.700609 -595.297363
v -288.865814 19.524000 -595.297363
v -316.312622 25.559071 -597.568359
v -316.312622 25.382462 -597.568359
v -316.753693 25.559071 -597.566833
v -316.753693 25.382462 -597.566833
v -319.622040 25.532064 -597.553711
v -319.622040 25.355453 -597.553711
v -319.997589 25.532064 -597.552429
v -319.997589 25.355453 -597.552429
v -319.737091 23.132042 -597.553345
v -319.737091 22.955433 -597.553345
v -319.997589 23.132040 -597.552429
v -319.997589 22.955431 -597.552429
v -322.212372 25.792419 -594.942627
v -322.212372 25.615812 -594.942627
v -321.903595 25.792419 -594.943665
v -321.903595 25.615812 -594.943665
v -322.212372 22.882618 -594.942627
v -322.212372 22.706009 -594.942627
v -321.903595 22.882618 -594.943665
v -321.903595 22.706009 -594.943665
v -325.397125 23.950743 -595.107483
v -325.397125 23.774134 -595.107483
v -325.146484 23.950743 -595.108337
v -325.146484 23.774134 -595.108337
v -325.388641 21.125374 -595.107483
v -325.388641 20.981443 -595.107483
v -325.148590 21.125374 -595.108337
v -325.148590 20.981443 -595.108337
v -325.149750 23.950743 -597.460022
v -325.149750 23.774134 -597.460022
v -325.400360 23.950741 -597.458862
v -325.400360 23.774132 -597.458862
v -325.158203 21.125374 -597.459961
v -325.158203 20.981443 -597.459961
v -325.398254 21.125374 -597.458862
v -325.398254 20.981441 -597.458862
v -321.915375 25.792419 -597.639099
v -321.915375 25.615810 -597.639099
v -322.224152 25.792419 -597.638062
v -322.224152 25.615810 -597.638062
v -321.915375 22.882618 -597.639099
v -321.915375 22.706009 -597.639099
v -322.224152 22.882618 -597.638062
v -322.224152 22.706009 -597.638062
v -327.407074 23.950743 -595.100708
v -327.407074 23.774134 -595.100708
v -327.156433 23.950743 -595.101501
v -327.156433 23.774132 -595.101501
v -327.398590 21.125374 -595.100708
v -327.398590 20.981443 -595.100708
v -327.158539 21.125374 -595.101501
v -327.158539 20.981441 -595.101501
v -327.159698 23.950741 -597.453247
v -327.159698 23.774132 -597.453247
v -327.410309 23.950741 -597.452087
v -327.410309 23.774132 -597.452087
v -327.168152 21.125374 -597.453186
v -327.168152 20.981443 -597.453186
v -327.408203 21.125374 -597.452087
v -327.408203 20.981441 -597.452087
v -330.241425 22.306160 -595.091125
v -330.241425 22.129551 -595.091125
v -329.990784 22.306160 -595.091980
v -329.990784 22.129549 -595.091980
v -329.994049 22.306158 -597.443665
v -329.994049 22.129551 -597.443665
v -330.244690 22.306158 -597.442505
v -330.244690 22.129549 -597.442505
v -330.241425 19.700611 -595.091125
v -330.241425 19.524002 -595.091125
v -329.990784 19.700611 -595.091980
v -329.990784 19.524002 -595.091980
v -329.994049 19.700611 -597.443665
v -329.994049 19.524002 -597.443665
v -330.244690 19.700611 -597.442505
v -330.244690 19.524002 -597.442505
v -332.758881 22.306158 -595.082581
v -332.758881 22.129551 -595.082581
v -332.508240 22.306158 -595.083435
v -332.508240 22.129549 -595.083435
v -332.511505 22.306158 -597.435181
v -332.511505 22.129551 -597.435181
v -332.762115 22.306158 -597.434021
v -332.762115 22.129549 -597.434021
v -332.758881 19.700611 -595.082581
v -332.758881 19.524002 -595.082581
v -332.508240 19.700611 -595.083435
v -332.508240 19.524002 -595.083435
v -332.511505 19.700611 -597.435181
v -332.511505 19.524002 -597.435181
v -332.762146 19.700611 -597.434021
v -332.762146 19.524002 -597.434021
v -316.216522 23.132042 -597.569092
v -316.216522 22.955433 -597.569092
v -316.491516 23.132040 -597.568176
v -316.491516 22.955431 -597.568176
v -316.312286 25.382462 -595.097778
v -316.312286 25.559071 -595.097778
v -316.753326 25.559071 -595.096252
v -316.753326 25.382462 -595.096252
v -319.613708 25.355455 -595.087036
v -319.613708 25.532064 -595.087036
v -319.989258 25.532064 -595.085754
v -319.989258 25.355453 -595.085754
v -319.728760 22.955433 -595.086609
v -319.728760 23.132042 -595.086609
v -319.989258 23.132040 -595.085754
v -319.989258 22.955431 -595.085754
v -316.216187 22.955433 -595.098511
v -316.216187 23.132040 -595.098511
v -316.491180 23.132040 -595.097595
v -316.491180 22.955431 -595.097595
v -294.586456 21.291342 -597.483765
v -294.586456 21.155228 -597.483765
v -294.908997 21.291342 -597.482666
v -294.908997 21.155228 -597.482666
v -295.731873 21.291342 -597.479919
v -295.731873 21.155228 -597.479919
v -296.054413 21.291342 -597.478821
v -296.054413 21.155228 -597.478821
v -325.480164 21.291344 -597.353027
v -325.480164 21.155228 -597.353027
v -325.802734 21.291342 -597.351929
v -325.802734 21.155228 -597.351929
v -326.625580 21.291344 -597.349121
v -326.625580 21.155228 -597.349121
v -326.948120 21.291342 -597.348022
v -326.948120 21.155228 -597.348022
v -296.927094 21.580894 -597.475830
v -297.000031 21.465975 -597.475586
v -297.199402 21.753744 -597.474915
v -297.272339 21.638824 -597.474670
v -298.715698 22.733944 -597.469788
v -298.788635 22.619024 -597.469543
v -298.988007 22.906794 -597.468872
v -299.060974 22.791874 -597.468628
v -293.174622 20.652815 -597.488525
v -293.247559 20.537895 -597.488281
v -293.446930 20.825665 -597.487610
v -293.519897 20.710745 -597.487366
v -323.396637 22.428230 -597.360046
v -323.322662 22.313961 -597.360291
v -323.667419 22.252979 -597.359131
v -323.593445 22.138708 -597.359375
v -329.426697 20.128330 -597.339661
v -329.352753 20.014061 -597.339905
v -329.697510 19.953081 -597.338745
v -329.623535 19.838810 -597.338989
v -321.311981 25.532064 -597.466553
v -321.311981 25.355455 -597.466553
v -321.687531 25.532064 -597.465271
v -321.687531 25.355455 -597.465271
v -321.304047 25.355455 -595.116089
v -321.304047 25.532063 -595.116089
v -321.679596 25.532063 -595.114807
v -321.679596 25.355455 -595.114807
v -299.914032 25.532064 -597.605713
v -299.914032 25.355455 -597.605713
v -299.751953 25.532063 -597.677612
v -299.751953 25.355453 -597.677612
v -299.906097 25.355455 -595.255249
v -299.906097 25.532064 -595.255249
v -300.281647 25.532064 -595.254028
v -300.281647 25.355455 -595.254028
v -294.579163 21.155228 -595.325989
v -294.579163 21.291342 -595.325989
v -294.901703 21.291342 -595.324890
v -294.901703 21.155228 -595.324890
v -295.724579 21.155228 -595.322083
v -295.724579 21.291342 -595.322083
v -296.047119 21.291342 -595.320984
v -296.047119 21.155228 -595.320984
v -325.473053 21.155230 -595.249634
v -325.473053 21.291344 -595.249634
v -325.795624 21.291342 -595.248535
v -325.795624 21.155228 -595.248535
v -326.618469 21.155230 -595.245789
v -326.618469 21.291344 -595.245789
v -326.941040 21.291342 -595.244690
v -326.941040 21.155228 -595.244690
v -296.992737 21.465975 -595.317810
v -296.919800 21.580894 -595.318054
v -297.192108 21.753744 -595.317139
v -297.265045 21.638824 -595.316895
v -298.781342 22.619024 -595.311768
v -298.708405 22.733944 -595.312012
v -298.980743 22.906794 -595.311096
v -299.053680 22.791874 -595.310852
v -293.240265 20.537895 -595.330505
v -293.167328 20.652815 -595.330750
v -293.439667 20.825665 -595.329834
v -293.512604 20.710745 -595.329590
v -323.315552 22.313961 -595.256958
v -323.389526 22.428230 -595.256714
v -323.660309 22.252979 -595.255798
v -323.586334 22.138708 -595.256042
v -329.345642 20.014061 -595.236572
v -329.419617 20.128330 -595.236328
v -329.690399 19.953079 -595.235413
v -329.616425 19.838810 -595.235657
v -309.372711 25.559071 -597.609009
v -309.372711 25.382462 -597.609009
v -309.813782 25.559071 -597.607544
v -309.813782 25.382462 -597.607544
v -312.682159 25.532063 -597.594360
v -312.682159 25.355453 -597.594360
v -313.057678 25.532063 -597.593140
v -313.057678 25.355453 -597.593140
v -312.797180 23.132042 -597.593994
v -312.797180 22.955433 -597.593994
v -313.057678 23.132040 -597.593140
v -313.057678 22.955431 -597.593140
v -309.276611 23.132042 -597.609741
v -309.276611 22.955433 -597.609741
v -309.551636 23.132040 -597.608826
v -309.551636 22.955431 -597.608826
v -309.372375 25.382462 -595.138428
v -309.372375 25.559071 -595.138428
v -309.813446 25.559071 -595.136902
v -309.813446 25.382462 -595.136902
v -312.673828 25.355455 -595.127686
v -312.673828 25.532063 -595.127686
v -313.049347 25.532063 -595.126404
v -313.049347 25.355453 -595.126404
v -312.788849 22.955433 -595.127319
v -312.788849 23.132042 -595.127319
v -313.049347 23.132040 -595.126404
v -313.049347 22.955431 -595.126404
v -309.276276 22.955433 -595.139160
v -309.276276 23.132040 -595.139160
v -309.551300 23.132040 -595.138245
v -309.551300 22.955431 -595.138245
v -303.451080 25.559071 -597.643738
v -303.451080 25.382462 -597.643738
v -303.892151 25.559071 -597.642212
v -303.892151 25.382462 -597.642212
v -306.760498 25.532063 -597.629089
v -306.760498 25.355453 -597.629089
v -307.136047 25.532063 -597.627808
v -307.136047 25.355453 -597.627808
v -306.875549 23.132042 -597.628723
v -306.875549 22.955433 -597.628723
v -307.136047 23.132040 -597.627808
v -307.136047 22.955431 -597.627808
v -303.354980 23.132042 -597.644470
v -303.354980 22.955433 -597.644470
v -303.630005 23.132040 -597.643555
v -303.630005 22.955431 -597.643555
v -303.450745 25.382462 -595.173096
v -303.450745 25.559071 -595.173096
v -303.891785 25.559071 -595.171631
v -303.891785 25.382462 -595.171631
v -306.752167 25.355455 -595.162415
v -306.752167 25.532063 -595.162415
v -307.127716 25.532063 -595.161133
v -307.127716 25.355453 -595.161133
v -306.867218 22.955433 -595.161987
v -306.867218 23.132040 -595.161987
v -307.127716 23.132040 -595.161133
v -307.127716 22.955431 -595.161133
v -303.354645 22.955433 -595.173889
v -303.354645 23.132040 -595.173889
v -303.629639 23.132040 -595.172913
v -303.629639 22.955431 -595.172913
v -191.028946 0.679946 -781.181946
v -191.028946 0.450367 -781.181946
v -191.365021 0.679945 -781.042297
v -191.365021 0.450367 -781.042297
v -191.028946 -3.102580 -781.181946
v -191.028946 -3.332159 -781.181946
v -191.365021 -3.102580 -781.042297
v -191.365021 -3.332159 -781.042297
v -187.470612 0.231513 -782.413086
v -187.470612 0.001934 -782.413086
v -187.743408 0.231512 -782.299744
v -187.743408 0.001933 -782.299744
v -187.479813 -3.441254 -782.409241
v -187.479813 -3.628354 -782.409241
v -187.741104 -3.441254 -782.300659
v -187.741104 -3.628354 -782.300659
v -186.507477 0.231512 -779.503784
v -186.507477 0.001933 -779.503784
v -186.234848 0.231511 -779.617493
v -186.234848 0.001933 -779.617493
v -186.498276 -3.441254 -779.507629
v -186.498276 -3.628354 -779.507629
v -186.237152 -3.441254 -779.616516
v -186.237152 -3.628354 -779.616516
v -189.939682 0.679943 -777.841309
v -189.939682 0.450365 -777.841309
v -189.603607 0.679943 -777.980896
v -189.603607 0.450365 -777.980896
v -189.939682 -3.102581 -777.841309
v -189.939682 -3.332160 -777.841309
v -189.603592 -3.102581 -777.980896
v -189.603607 -3.332159 -777.980896
v -185.282944 0.231512 -783.321899
v -185.282944 0.001934 -783.321899
v -185.555740 0.231512 -783.208557
v -185.555740 0.001934 -783.208557
v -185.292145 -3.441254 -783.318054
v -185.292145 -3.628354 -783.318054
v -185.553436 -3.441254 -783.209534
v -185.553436 -3.628354 -783.209534
v -184.319824 0.231511 -780.412659
v -184.319824 0.001933 -780.412659
v -184.047180 0.231511 -780.526306
v -184.047180 0.001933 -780.526306
v -184.310608 -3.441254 -780.416504
v -184.310608 -3.628354 -780.416504
v -184.049484 -3.441254 -780.525391
v -184.049484 -3.628355 -780.525391
v -181.284210 0.510403 -784.933350
v -181.284210 0.280824 -784.933350
v -181.186371 0.510403 -784.654663
v -181.186371 0.280824 -784.654663
v -177.804520 0.510403 -783.314575
v -177.804520 0.280824 -783.314575
v -177.902725 0.510402 -783.593140
v -177.902725 0.280824 -783.593140
v -181.284210 -2.876613 -784.933350
v -181.284210 -3.106191 -784.933350
v -181.186371 -2.876613 -784.654663
v -181.186371 -3.106191 -784.654663
v -177.804520 -2.876613 -783.314575
v -177.804520 -3.106191 -783.314575
v -177.902725 -2.876613 -783.593140
v -177.902725 -3.106191 -783.593140
v -182.266907 0.510401 -787.732971
v -182.266907 0.280824 -787.732971
v -182.169083 0.510402 -787.454285
v -182.169083 0.280824 -787.454285
v -179.308182 0.510400 -788.531250
v -179.308182 0.280823 -788.531250
v -179.406387 0.510400 -788.809875
v -179.406387 0.280822 -788.809875
v -182.266907 -2.876613 -787.732971
v -182.266922 -3.106191 -787.732971
v -182.169083 -2.876613 -787.454285
v -182.169083 -3.106191 -787.454285
v -179.308182 -2.876614 -788.531250
v -179.308182 -3.106192 -788.531250
v -179.406387 -2.876614 -788.809875
v -179.406387 -3.106193 -788.809875
v -209.334442 0.376608 -773.347351
v -209.334442 0.147030 -773.347351
v -209.814499 0.376608 -773.147949
v -209.814499 0.147029 -773.147949
v -212.934662 0.341501 -771.846863
v -212.934662 0.111922 -771.846863
v -213.343414 0.341500 -771.677063
v -213.343414 0.111922 -771.677063
v -213.059860 -2.778348 -771.794861
v -213.059860 -3.007925 -771.794861
v -213.343414 -2.778348 -771.677063
v -213.343414 -3.007927 -771.677063
v -214.390320 0.679945 -767.580078
v -214.390320 0.450368 -767.580078
v -214.054230 0.679944 -767.719666
v -214.054245 0.450368 -767.719666
v -214.390320 -3.102579 -767.580078
v -214.390320 -3.332157 -767.580078
v -214.054230 -3.102579 -767.719666
v -214.054245 -3.332158 -767.719666
v -217.948654 0.822589 -766.348938
v -217.948654 0.593011 -766.348938
v -217.675858 0.822589 -766.462280
v -217.675858 0.593011 -766.462280
v -217.939453 -2.850177 -766.352722
v -217.939453 -3.037277 -766.352722
v -217.678162 -2.850177 -766.461304
v -217.678162 -3.037277 -766.461304
v -218.911789 0.822590 -769.258179
v -218.911789 0.593011 -769.258179
v -219.184418 0.822589 -769.144470
v -219.184418 0.593011 -769.144470
v -218.920990 -2.850177 -769.254333
v -218.920990 -3.037277 -769.254333
v -219.182129 -2.850177 -769.145447
v -219.182114 -3.037277 -769.145447
v -215.479584 0.679945 -770.920654
v -215.479584 0.450366 -770.920654
v -215.815674 0.679945 -770.781067
v -215.815659 0.450366 -770.781067
v -215.479584 -3.102579 -770.920654
v -215.479584 -3.332157 -770.920654
v -215.815659 -3.102579 -770.781067
v -215.815659 -3.332157 -770.781067
v -224.200165 2.144881 -763.618530
v -224.200165 1.915302 -763.618530
v -223.927368 2.144881 -763.731873
v -223.927368 1.915302 -763.731873
v -224.190948 -1.527884 -763.622375
v -224.190948 -1.714984 -763.622375
v -223.929672 -1.527884 -763.730896
v -223.929672 -1.714985 -763.730896
v -225.163284 2.144881 -766.527832
v -225.163284 1.915303 -766.527832
v -225.435928 2.144881 -766.414124
v -225.435928 1.915302 -766.414124
v -225.172501 -1.527885 -766.523987
v -225.172501 -1.714984 -766.523987
v -225.433624 -1.527885 -766.415100
v -225.433624 -1.714985 -766.415100
v -239.797882 11.021748 -756.677673
v -239.797882 10.792168 -756.677673
v -239.525085 11.021748 -756.791016
v -239.525085 10.792168 -756.791016
v -240.761002 11.021746 -759.586975
v -240.761002 10.792168 -759.586975
v -241.033630 11.021746 -759.473267
v -241.033630 10.792168 -759.473267
v -239.797882 7.634730 -756.677673
v -239.797882 7.405153 -756.677673
v -239.525085 7.634730 -756.791016
v -239.525085 7.405152 -756.791016
v -240.761017 7.634732 -759.586975
v -240.761017 7.405154 -759.586975
v -241.033646 7.634732 -759.473267
v -241.033646 7.405153 -759.473267
v -242.537918 11.021748 -755.539368
v -242.537918 10.792168 -755.539368
v -242.265137 11.021748 -755.652710
v -242.265137 10.792168 -755.652710
v -243.501038 11.021746 -758.448608
v -243.501038 10.792168 -758.448608
v -243.773682 11.021746 -758.334961
v -243.773682 10.792168 -758.334961
v -242.537918 7.634730 -755.539368
v -242.537918 7.405153 -755.539368
v -242.265137 7.634730 -755.652710
v -242.265137 7.405152 -755.652710
v -243.501038 7.634730 -758.448608
v -243.501038 7.405153 -758.448608
v -243.773682 7.634730 -758.334961
v -243.773682 7.405152 -758.334961
v -209.230057 -2.778348 -773.391357
v -209.230057 -3.007926 -773.391357
v -209.529388 -2.778349 -773.266968
v -209.529388 -3.007927 -773.266968
v -208.039383 0.147029 -770.408691
v -208.039383 0.376608 -770.408691
v -208.519440 0.376608 -770.209290
v -208.519440 0.147029 -770.209290
v -211.632950 0.111923 -768.916443
v -211.632965 0.341501 -768.916443
v -212.041702 0.341501 -768.746582
v -212.041702 0.111922 -768.746582
v -211.758163 -3.007925 -768.864380
v -211.758163 -2.778348 -768.864380
v -212.041702 -2.778349 -768.746582
v -212.041702 -3.007927 -768.746582
v -207.935028 -3.007926 -770.452698
v -207.935028 -2.778348 -770.452698
v -208.234344 -2.778349 -770.328308
v -208.234344 -3.007927 -770.328308
v -185.604507 -3.225507 -782.983337
v -185.604507 -3.402446 -782.983337
v -185.955582 -3.225508 -782.837463
v -185.955582 -3.402447 -782.837463
v -186.851196 -3.225507 -782.465393
v -186.851196 -3.402446 -782.465393
v -187.202271 -3.225508 -782.319580
v -187.202271 -3.402447 -782.319580
v -219.215942 -2.634430 -768.982788
v -219.215942 -2.811369 -768.982788
v -219.567001 -2.634430 -768.836975
v -219.567001 -2.811370 -768.836975
v -188.152084 -2.849110 -781.924988
v -188.231476 -2.998498 -781.891968
v -188.448486 -2.624419 -781.801819
v -188.527878 -2.773806 -781.768860
v -190.098846 -1.350234 -781.116211
v -190.178238 -1.499620 -781.083252
v -190.395248 -1.125542 -780.993103
v -190.474640 -1.274929 -780.960083
v -184.067856 -4.470761 -783.621704
v -184.147247 -4.620147 -783.588745
v -184.364258 -4.246068 -783.498596
v -184.443649 -4.395456 -783.465576
v -240.088013 8.190735 -759.717529
v -240.007523 8.042191 -759.750977
v -240.382751 7.962922 -759.595093
v -240.302246 7.814378 -759.628540
v -214.731323 0.341501 -770.985840
v -214.731323 0.111924 -770.985840
v -215.140060 0.341501 -770.815979
v -215.140076 0.111922 -770.815979
v -213.490967 0.111924 -768.193481
v -213.490967 0.341501 -768.193481
v -213.899704 0.341500 -768.023682
v -213.899704 0.111922 -768.023682
v -191.476501 0.341500 -780.740845
v -191.476501 0.111921 -780.740845
v -191.337463 0.341500 -780.899048
v -191.337463 0.111921 -780.899048
v -190.236130 0.111921 -777.948486
v -190.236130 0.341500 -777.948486
v -190.644882 0.341500 -777.778687
v -190.644882 0.111922 -777.778687
v -184.465820 -3.402445 -780.419861
v -184.465820 -3.225508 -780.419861
v -184.816879 -3.225508 -780.274048
v -184.816879 -3.402447 -780.274048
v -185.712509 -3.402445 -779.901978
v -185.712509 -3.225508 -779.901978
v -186.063568 -3.225508 -779.756104
v -186.063568 -3.402447 -779.756104
v -218.105972 -2.811368 -766.484009
v -218.105972 -2.634430 -766.484009
v -218.457031 -2.634430 -766.338135
v -218.457031 -2.811369 -766.338135
v -187.092789 -2.998498 -779.328552
v -187.013397 -2.849111 -779.361511
v -187.309799 -2.624419 -779.238342
v -187.389191 -2.773806 -779.205383
v -189.039551 -1.499621 -778.519775
v -188.960159 -1.350234 -778.552734
v -189.256561 -1.125542 -778.429626
v -189.335953 -1.274930 -778.396606
v -238.897552 8.042191 -757.252136
v -238.978043 8.190735 -757.218750
v -239.272766 7.962922 -757.096252
v -239.192276 7.814378 -757.129700
v -201.789963 0.376607 -776.505859
v -201.789963 0.147028 -776.505859
v -202.270020 0.376607 -776.306396
v -202.270020 0.147028 -776.306396
v -205.390182 0.341500 -775.005371
v -205.390182 0.111921 -775.005310
v -205.798920 0.341500 -774.835510
v -205.798920 0.111920 -774.835510
v -205.515381 -2.778348 -774.953308
v -205.515381 -3.007926 -774.953308
v -205.798935 -2.778348 -774.835510
v -205.798935 -3.007927 -774.835510
v -201.685577 -2.778349 -776.549805
v -201.685577 -3.007926 -776.549805
v -201.984894 -2.778350 -776.425476
v -201.984894 -3.007928 -776.425476
v -200.494904 0.147029 -773.567200
v -200.494904 0.376608 -773.567200
v -200.974960 0.376608 -773.367798
v -200.974960 0.147029 -773.367798
v -204.088470 0.111924 -772.074890
v -204.088470 0.341501 -772.074890
v -204.497223 0.341501 -771.905090
v -204.497223 0.111922 -771.905090
v -204.213684 -3.007925 -772.022888
v -204.213684 -2.778348 -772.022888
v -204.497223 -2.778349 -771.905090
v -204.497223 -3.007927 -771.905090
v -200.390549 -3.007926 -773.611145
v -200.390533 -2.778349 -773.611145
v -200.689865 -2.778350 -773.486816
v -200.689865 -3.007927 -773.486816
v -195.352448 0.376607 -779.200928
v -195.352448 0.147028 -779.200928
v -195.832504 0.376607 -779.001465
v -195.832504 0.147028 -779.001465
v -198.952667 0.341499 -777.700378
v -198.952667 0.111921 -777.700378
v -199.361420 0.341499 -777.530579
v -199.361420 0.111920 -777.530579
v -199.077881 -2.778349 -777.648376
v -199.077881 -3.007926 -777.648376
v -199.361420 -2.778350 -777.530579
v -199.361420 -3.007928 -777.530579
v -195.248077 -2.778349 -779.244873
v -195.248077 -3.007926 -779.244873
v -195.547394 -2.778350 -779.120544
v -195.547394 -3.007928 -779.120544
v -194.057404 0.147028 -776.262268
v -194.057404 0.376607 -776.262268
v -194.537460 0.376607 -776.062805
v -194.537460 0.147028 -776.062805
v -197.650970 0.111924 -774.769958
v -197.650970 0.341500 -774.769958
v -198.059708 0.341500 -774.600159
v -198.059708 0.111922 -774.600159
v -197.776169 -3.007926 -774.717957
v -197.776169 -2.778348 -774.717957
v -198.059723 -2.778349 -774.600159
v -198.059723 -3.007927 -774.600159
v -193.953033 -3.007927 -776.306213
v -193.953033 -2.778350 -776.306213
v -194.252350 -2.778350 -776.181885
v -194.252350 -3.007928 -776.181885
v 541.836060 38.274200 -821.237976
v 541.836060 38.056583 -821.237976
v 541.189270 38.274200 -821.104675
v 541.189270 38.056583 -821.104675
v 541.836121 34.688744 -821.237976
v 541.836060 34.471127 -821.237976
v 541.189270 34.688744 -821.104675
v 541.189270 34.471127 -821.104675
v 546.943909 36.518181 -822.700623
v 546.943909 36.300564 -822.700623
v 546.506470 36.518181 -822.390686
v 546.506470 36.300564 -822.390686
v 546.929138 33.036762 -822.690125
v 546.929138 32.859413 -822.690125
v 546.510193 33.036762 -822.393311
v 546.510193 32.859409 -822.393311
v 549.789001 36.518181 -818.879883
v 549.789001 36.300564 -818.879883
v 550.226135 36.518181 -819.190063
v 550.226135 36.300564 -819.190063
v 549.803711 33.036762 -818.890381
v 549.803711 32.859413 -818.890381
v 550.222473 33.036762 -819.187439
v 550.222473 32.859409 -819.187439
v 542.207275 38.274200 -817.940186
v 542.207275 38.056583 -817.940186
v 542.854126 38.274200 -818.073486
v 542.854126 38.056583 -818.073486
v 542.207275 34.688744 -817.940186
v 542.207275 34.471127 -817.940186
v 542.854126 34.688744 -818.073486
v 542.854126 34.471127 -818.073486
v 550.451843 36.518181 -825.185852
v 550.451843 36.300564 -825.185852
v 550.014404 36.518181 -824.875977
v 550.014404 36.300564 -824.875977
v 550.437073 33.036762 -825.175415
v 550.437073 32.859413 -825.175415
v 550.018127 33.036762 -824.878540
v 550.018127 32.859409 -824.878540
v 553.296936 36.518181 -821.365112
v 553.296936 36.300564 -821.365112
v 553.734131 36.518181 -821.675293
v 553.734131 36.300564 -821.675293
v 553.311707 33.036762 -821.375610
v 553.311707 32.859413 -821.375610
v 553.730408 33.036762 -821.672729
v 553.730408 32.859409 -821.672729
v 524.421875 37.986668 -817.639282
v 524.421875 37.769051 -817.639282
v 523.497925 37.986668 -817.448853
v 523.497925 37.769051 -817.448853
v 517.490356 37.953392 -816.206238
v 517.490356 37.735771 -816.206238
v 516.703613 37.953392 -816.044067
v 516.703613 37.735771 -816.044067
v 517.249390 34.996082 -816.156555
v 517.249390 34.778465 -816.156555
v 516.703613 34.996082 -816.044067
v 516.703613 34.778465 -816.044067
v 502.481323 38.274200 -809.973633
v 502.481323 38.056583 -809.973633
v 503.128174 38.274200 -810.106934
v 503.128174 38.056583 -810.106934
v 502.481323 34.688744 -809.973633
v 502.481354 34.471127 -809.973633
v 503.128174 34.688744 -810.106934
v 503.128174 34.471127 -810.106934
v 497.956085 36.004887 -809.342285
v 497.956085 35.787270 -809.342285
v 498.260071 36.004887 -809.396790
v 498.260071 35.787270 -809.396790
v 497.966339 32.523468 -809.344116
v 497.966339 32.346115 -809.344116
v 498.257507 32.523468 -809.396301
v 498.257507 32.346115 -809.396301
v 497.754333 36.004887 -812.250061
v 497.754333 35.787270 -812.250061
v 497.450409 36.004887 -812.195190
v 497.450409 35.787270 -812.195190
v 497.744080 32.523468 -812.248230
v 497.744080 32.346115 -812.248230
v 497.452972 32.523468 -812.195679
v 497.452972 32.346115 -812.195679
v 502.110138 38.274200 -813.271423
v 502.110138 38.056583 -813.271423
v 501.463287 38.274200 -813.138123
v 501.463287 38.056583 -813.138123
v 502.110138 34.688744 -813.271423
v 502.110138 34.471127 -813.271423
v 501.463287 34.688744 -813.138123
v 501.463287 34.471127 -813.138123
v 495.518280 36.004887 -808.905151
v 495.518280 35.787270 -808.905151
v 495.822266 36.004887 -808.959656
v 495.822266 35.787266 -808.959656
v 495.528534 32.523468 -808.907043
v 495.528534 32.346115 -808.907043
v 495.819702 32.523468 -808.959229
v 495.819702 32.346115 -808.959229
v 495.316528 36.004887 -811.812988
v 495.316528 35.787270 -811.812988
v 495.012604 36.004887 -811.758118
v 495.012604 35.787270 -811.758118
v 495.306274 32.523468 -811.811157
v 495.306274 32.346115 -811.811157
v 495.015167 32.523468 -811.758545
v 495.015167 32.346115 -811.758545
v 492.080597 33.978432 -808.288818
v 492.080597 33.760815 -808.288818
v 492.384583 33.978432 -808.343323
v 492.384583 33.760811 -808.343323
v 491.878845 33.978432 -811.196594
v 491.878845 33.760811 -811.196594
v 491.574921 33.978432 -811.141724
v 491.574921 33.760811 -811.141724
v 492.080597 30.767874 -808.288818
v 492.080597 30.550257 -808.288818
v 492.384583 30.767874 -808.343323
v 492.384583 30.550255 -808.343323
v 491.878845 30.767874 -811.196594
v 491.878845 30.550257 -811.196594
v 491.574921 30.767874 -811.141724
v 491.574921 30.550255 -811.141724
v 489.027252 33.978432 -807.741333
v 489.027252 33.760815 -807.741333
v 489.331238 33.978432 -807.795837
v 489.331238 33.760811 -807.795837
v 488.825500 33.978432 -810.649170
v 488.825500 33.760811 -810.649170
v 488.521606 33.978432 -810.594299
v 488.521606 33.760811 -810.594299
v 489.027252 30.767874 -807.741333
v 489.027252 30.550257 -807.741333
v 489.331238 30.767874 -807.795837
v 489.331238 30.550255 -807.795837
v 488.825500 30.767874 -810.649170
v 488.825500 30.550255 -810.649170
v 488.521606 30.767874 -810.594299
v 488.521606 30.550255 -810.594299
v 531.190063 34.996082 -818.913269
v 531.190063 34.778465 -818.913269
v 530.613953 34.996082 -818.794556
v 530.613953 34.778465 -818.794556
v 525.312317 37.769051 -814.625732
v 525.312317 37.986668 -814.625732
v 524.388367 37.986668 -814.435303
v 524.388367 37.769051 -814.435303
v 518.380981 37.735775 -813.244934
v 518.380981 37.953392 -813.244934
v 517.594299 37.953392 -813.082825
v 517.594238 37.735771 -813.082825
v 518.140015 34.778465 -813.195312
v 518.140015 34.996082 -813.195312
v 517.594238 34.996082 -813.082825
v 517.594238 34.778465 -813.082825
v 525.513489 34.778465 -814.667725
v 525.513489 34.996082 -814.667725
v 524.937378 34.996082 -814.548950
v 524.937378 34.778465 -814.548950
v 497.376160 32.727974 -812.049683
v 497.376160 32.560253 -812.049683
v 496.984955 32.727974 -811.979553
v 496.984955 32.560253 -811.979553
v 495.986908 32.727974 -811.800598
v 495.986908 32.560253 -811.800598
v 495.595703 32.727974 -811.730469
v 495.595703 32.560253 -811.730469
v 545.846680 33.598057 -821.704346
v 547.092224 33.456451 -820.284119
v 546.744263 33.811043 -820.037598
v 546.616943 33.669437 -819.947388
v 543.420593 34.505547 -821.162415
v 543.267761 34.363941 -821.130920
v 542.850098 34.718533 -821.044800
v 542.697327 34.576927 -821.013306
v 499.903229 34.128849 -812.502808
v 499.992920 33.988045 -812.518860
v 499.574799 33.912903 -812.443909
v 499.664490 33.772099 -812.460022
v 492.589539 31.294910 -811.191467
v 492.679230 31.154106 -811.207520
v 492.261108 31.078966 -811.132568
v 492.350800 30.938162 -811.148682
v 503.438538 37.953392 -813.326660
v 503.438538 37.735775 -813.326660
v 502.651825 37.953392 -813.164490
v 502.651825 37.735771 -813.164490
v 504.321411 37.735775 -810.566223
v 504.321411 37.953392 -810.566223
v 503.534698 37.953392 -810.404053
v 503.534668 37.735771 -810.404053
v 540.858643 37.953392 -820.809509
v 540.858643 37.735771 -820.809509
v 541.171936 37.953392 -820.963440
v 541.171936 37.735771 -820.963440
v 541.741516 37.735771 -818.049072
v 541.741516 37.953392 -818.049072
v 540.954773 37.953392 -817.886902
v 540.954773 37.735771 -817.886902
v 497.833557 32.560253 -809.498596
v 497.833557 32.727974 -809.498596
v 497.442352 32.727974 -809.428467
v 497.442352 32.560253 -809.428467
v 496.444336 32.560253 -809.249512
v 496.444336 32.727974 -809.249512
v 496.053131 32.727974 -809.179382
v 496.053131 32.560253 -809.179382
v 548.851929 33.456451 -818.288452
v 548.979248 33.598057 -818.378662
v 548.503906 33.811043 -818.041931
v 548.376648 33.669437 -817.951782
v 544.078308 34.363941 -818.596680
v 544.231079 34.505547 -818.628235
v 543.660583 34.718533 -818.510620
v 543.507812 34.576927 -818.479126
v 500.450348 33.988045 -809.967773
v 500.360626 34.128849 -809.951721
v 500.032196 33.912903 -809.892822
v 500.121918 33.772099 -809.908875
v 493.136658 31.154106 -808.656433
v 493.046936 31.294910 -808.640381
v 492.718536 31.078966 -808.581482
v 492.808228 30.938160 -808.597534
v 513.774414 37.986668 -815.489746
v 513.774414 37.769051 -815.489746
v 512.850464 37.986668 -815.299316
v 512.850464 37.769051 -815.299316
v 506.842896 37.953392 -814.056702
v 506.842896 37.735771 -814.056702
v 506.056183 37.953392 -813.894592
v 506.056183 37.735771 -813.894592
v 506.601929 34.996082 -814.007080
v 506.601929 34.778465 -814.007080
v 506.056183 34.996082 -813.894592
v 506.056183 34.778465 -813.894592
v 531.251709 37.986668 -818.956665
v 531.251709 37.769051 -818.956665
v 530.327759 37.986668 -818.766235
v 530.327759 37.769051 -818.766235
v 524.320190 37.953392 -817.523621
v 524.320190 37.735771 -817.523621
v 523.533447 37.953392 -817.361450
v 523.533447 37.735771 -817.361450
v 524.079163 34.996082 -817.473938
v 524.079163 34.778465 -817.473938
v 523.533447 34.996082 -817.361450
v 523.533447 34.778465 -817.361450
v 538.587830 37.769051 -817.371155
v 538.587830 37.986668 -817.371155
v 537.663879 37.986668 -817.180664
v 537.663879 37.769051 -817.180664
v 531.656494 37.735775 -815.990356
v 531.656494 37.953392 -815.990356
v 530.869812 37.953392 -815.828186
v 530.869812 37.735771 -815.828186
v 531.415527 34.778465 -815.940674
v 531.415527 34.996082 -815.940674
v 530.869812 34.996082 -815.828186
v 530.869751 34.778465 -815.828186
v 538.789001 34.778465 -817.413147
v 538.789001 34.996082 -817.413147
v 538.212891 34.996082 -817.294373
v 538.212891 34.778465 -817.294373
v 513.213379 37.769051 -812.261719
v 513.213379 37.986668 -812.261719
v 512.289429 37.986668 -812.071228
v 512.289429 37.769051 -812.071228
v 506.282043 37.735775 -810.880920
v 506.282043 37.953392 -810.880920
v 505.495331 37.953392 -810.718750
v 505.495331 37.735771 -810.718750
v 506.041046 34.778465 -810.831238
v 506.041046 34.996082 -810.831238
v 505.495300 34.996082 -810.718750
v 505.495300 34.778465 -810.718750
v 513.414551 34.778465 -812.303711
v 513.414551 34.996082 -812.303711
v 512.838440 34.996082 -812.184937
v 512.838440 34.778465 -812.184937
v 557.710449 34.190208 -816.659607
v 557.710449 33.972591 -816.659607
v 557.372681 34.190208 -817.076416
v 557.372681 33.972591 -817.076416
v 554.105164 34.352463 -813.998535
v 554.105164 34.134846 -813.998535
v 554.430359 34.352463 -813.588440
v 554.430359 34.134846 -813.588440
v 557.710449 30.979652 -816.659607
v 557.710449 30.762035 -816.659607
v 557.372681 30.979652 -817.076416
v 557.372681 30.762035 -817.076416
v 554.105164 31.141907 -813.998535
v 554.105164 30.924290 -813.998535
v 554.430359 31.141907 -813.588440
v 554.430359 30.924290 -813.588440
v 561.164734 34.190208 -812.442383
v 561.164734 33.972591 -812.442383
v 560.815796 34.190208 -812.864746
v 560.815796 33.972591 -812.864746
v 557.418579 34.352463 -809.851807
v 557.418579 34.134846 -809.851807
v 557.754944 34.352463 -809.436157
v 557.754944 34.134846 -809.436157
v 561.164734 30.979652 -812.442383
v 561.164734 30.762035 -812.442383
v 560.815796 30.979652 -812.864746
v 560.815796 30.762035 -812.864746
v 557.418579 31.141907 -809.851807
v 557.418579 30.924290 -809.851807
v 557.754944 31.141907 -809.436157
v 557.754944 30.924290 -809.436157
v 552.099609 32.173611 -816.658508
v 552.192017 32.315212 -816.540100
v 551.847412 32.528198 -816.981750
v 551.755371 32.386593 -817.099976
v 542.987671 34.250633 -827.295532
v 542.987671 34.033016 -827.295532
v 543.309021 34.250633 -826.865967
v 543.309021 34.033016 -826.865967
v 546.693359 34.412888 -829.814819
v 546.693359 34.195271 -829.814819
v 546.384338 34.412888 -830.237183
v 546.384338 34.195271 -830.237183
v 542.987671 31.040075 -827.295532
v 542.987671 30.822458 -827.295532
v 543.309021 31.040075 -826.865906
v 543.309021 30.822458 -826.865967
v 546.693359 31.202330 -829.814819
v 546.693359 30.984713 -829.814819
v 546.384338 31.202330 -830.237183
v 546.384338 30.984713 -830.237183
v 539.699463 34.250633 -831.643433
v 539.699463 34.033016 -831.643433
v 540.031738 34.250633 -831.207886
v 540.031738 34.033016 -831.207886
v 543.543213 34.412884 -834.086914
v 543.543213 34.195267 -834.086914
v 543.223267 34.412884 -834.515259
v 543.223267 34.195267 -834.515259
v 539.699463 31.040075 -831.643433
v 539.699463 30.822458 -831.643433
v 540.031738 31.040075 -831.207886
v 540.031738 30.822458 -831.207886
v 543.543213 31.202330 -834.086914
v 543.543213 30.984713 -834.086914
v 543.223267 31.202330 -834.515259
v 543.223267 30.984713 -834.515259
v 549.967224 32.234035 -825.749023
v 548.506592 32.375637 -827.200989
v 548.833801 32.588623 -826.746277
v 548.921204 32.447018 -826.624634
v 173.006500 4.121069 26.486816
v 173.096664 4.101406 26.426758
v 173.208206 4.235344 26.650879
v 173.006638 4.231842 26.450684
v 173.096802 4.212179 26.390625
v 173.315567 4.098316 26.431152
v 173.404190 4.119574 26.493652
v 173.197968 4.235428 26.650391
v 173.315704 4.208441 26.393555
v 173.404327 4.229698 26.455566
v 550.798035 -0.877658 -227.815369
v 550.798035 -0.941179 -227.815369
v 551.024780 -0.877658 -227.873901
v 551.024780 -0.941179 -227.873901
v 548.380432 -1.525478 -227.098434
v 548.379517 -1.632696 -227.098221
v 548.594177 -1.447309 -227.153625
v 548.593262 -1.554527 -227.153397
v 553.980286 0.425214 -228.544113
v 553.980347 0.317995 -228.544128
v 554.193970 0.503383 -228.599289
v 554.194092 0.396165 -228.599304
v 546.008545 -0.941181 -246.367661
v 546.008545 -0.877660 -246.367661
v 546.235291 -0.877660 -246.426193
v 546.235291 -0.941181 -246.426193
v 543.545105 -1.632698 -245.824478
v 543.546021 -1.525480 -245.824707
v 543.759766 -1.447311 -245.879883
v 543.758850 -1.554529 -245.879654
v 549.145935 0.317994 -247.270386
v 549.145874 0.425212 -247.270370
v 549.359558 0.503381 -247.325546
v 549.359619 0.396163 -247.325562
v 550.515991 -1.997675 -227.739197
v 550.515991 -2.080695 -227.739197
v 550.683716 -1.997675 -227.782501
v 550.683716 -2.080695 -227.782501
v 552.131104 -1.982314 -228.156158
v 552.131104 -2.096056 -228.156158
v 552.357849 -1.982314 -228.214691
v 552.357849 -2.096056 -228.214691
v 553.968140 -1.975047 -228.630402
v 553.968140 -2.103323 -228.630402
v 554.171143 -1.975047 -228.682831
v 554.171143 -2.103323 -228.682831
v 548.348755 -1.982314 -227.179688
v 548.348755 -2.096056 -227.179688
v 548.575500 -1.982314 -227.238235
v 548.575500 -2.096056 -227.238235
v 552.130310 -0.877658 -228.159302
v 552.130310 -0.941179 -228.159302
v 552.357056 -0.877658 -228.217834
v 552.357056 -0.941179 -228.217834
v 553.967285 -0.873599 -228.633545
v 553.967285 -0.945237 -228.633545
v 554.170349 -0.873599 -228.685974
v 554.170349 -0.945237 -228.685974
v 550.783630 -1.997675 -227.808289
v 550.783630 -2.080695 -227.808289
v 550.951355 -1.997675 -227.851593
v 550.951355 -2.080695 -227.851593
v 552.466675 -1.997675 -228.242798
v 552.466675 -2.080695 -228.242798
v 552.634460 -1.997675 -228.286102
v 552.634460 -2.080695 -228.286102
v 552.468628 -0.877658 -228.246643
v 552.468628 -0.941179 -228.246643
v 552.695374 -0.877658 -228.305191
v 552.695374 -0.941179 -228.305191
v 545.724854 -2.080697 -246.297775
v 545.724854 -1.997677 -246.297775
v 545.892578 -1.997677 -246.341080
v 545.892578 -2.080697 -246.341080
v 547.339966 -2.096058 -246.714737
v 547.339966 -1.982316 -246.714737
v 547.566711 -1.982316 -246.773270
v 547.566711 -2.096058 -246.773270
v 549.177002 -2.103325 -247.188980
v 549.177002 -1.975049 -247.188980
v 549.380066 -1.975049 -247.241409
v 549.380066 -2.103325 -247.241409
v 543.557617 -2.096058 -245.738281
v 543.557617 -1.982316 -245.738281
v 543.784363 -1.982316 -245.796814
v 543.784363 -2.096058 -245.796814
v 547.340820 -0.941181 -246.711594
v 547.340820 -0.877660 -246.711594
v 547.567566 -0.877660 -246.770126
v 547.567566 -0.941181 -246.770126
v 549.177795 -0.945239 -247.185837
v 549.177795 -0.873601 -247.185837
v 549.380859 -0.873601 -247.238251
v 549.380859 -0.945239 -247.238251
v 545.992493 -2.080697 -246.366867
v 545.992493 -1.997677 -246.366867
v 546.160278 -1.997677 -246.410172
v 546.160278 -2.080697 -246.410172
v 547.675598 -2.080697 -246.801376
v 547.675598 -1.997677 -246.801376
v 547.843323 -1.997677 -246.844681
v 547.843323 -2.080697 -246.844681
v 547.679138 -0.941181 -246.798935
v 547.679138 -0.877660 -246.798935
v 547.905884 -0.877660 -246.857468
v 547.905884 -0.941181 -246.857468
v 530.166016 -0.877664 -298.726868
v 530.166016 -0.941185 -298.726868
v 530.390625 -0.877664 -298.793121
v 530.390625 -0.941185 -298.793121
v 527.774231 -1.525483 -297.927917
v 527.773315 -1.632702 -297.927673
v 527.985962 -1.447315 -297.990356
v 527.985046 -1.554533 -297.990112
v 533.321533 0.425208 -299.563690
v 533.321594 0.317989 -299.563721
v 533.533264 0.503377 -299.626129
v 533.533325 0.396159 -299.626160
v 524.746704 -0.941186 -317.105072
v 524.746704 -0.877665 -317.105072
v 524.971313 -0.877665 -317.171295
v 524.971313 -0.941186 -317.171295
v 522.303223 -1.632703 -316.478210
v 522.304077 -1.525485 -316.478455
v 522.515808 -1.447316 -316.540894
v 522.514954 -1.554534 -316.540619
v 527.851440 0.317989 -318.114227
v 527.851379 0.425207 -318.114227
v 528.063110 0.503376 -318.176666
v 528.063171 0.396158 -318.176666
v 529.886719 -1.997681 -298.641113
v 529.886719 -2.080701 -298.641113
v 530.052856 -1.997681 -298.690125
v 530.052856 -2.080701 -298.690125
v 531.486633 -1.982319 -299.112915
v 531.486633 -2.096062 -299.112915
v 531.711243 -1.982319 -299.179138
v 531.711243 -2.096062 -299.179138
v 533.306458 -1.975053 -299.649536
v 533.306458 -2.103329 -299.649536
v 533.507568 -1.975053 -299.708832
v 533.507568 -2.103329 -299.708832
v 527.739807 -1.982319 -298.008057
v 527.739807 -2.096061 -298.008057
v 527.964417 -1.982319 -298.074280
v 527.964417 -2.096061 -298.074280
v 531.485718 -0.877664 -299.116028
v 531.485718 -0.941185 -299.116028
v 531.710327 -0.877664 -299.182281
v 531.710327 -0.941185 -299.182281
v 533.305542 -0.873605 -299.652649
v 533.305542 -0.945243 -299.652649
v 533.506653 -0.873605 -299.711945
v 533.506653 -0.945243 -299.711945
v 530.151855 -1.997681 -298.719299
v 530.151855 -2.080701 -298.719299
v 530.317993 -1.997681 -298.768311
v 530.317993 -2.080701 -298.768311
v 531.819092 -1.997681 -299.210938
v 531.819092 -2.080701 -299.210938
v 531.985291 -1.997681 -299.259949
v 531.985291 -2.080701 -299.259949
v 531.820923 -0.877664 -299.214874
v 531.820923 -0.941185 -299.214874
v 532.045532 -0.877664 -299.281097
v 532.045532 -0.941185 -299.281097
v 524.465576 -2.080702 -317.025543
v 524.465576 -1.997682 -317.025543
v 524.631714 -1.997682 -317.074554
v 524.631714 -2.080702 -317.074554
v 526.065491 -2.096063 -317.497345
v 526.065491 -1.982321 -317.497345
v 526.290100 -1.982321 -317.563568
v 526.290100 -2.096063 -317.563568
v 527.885315 -2.103330 -318.033936
v 527.885315 -1.975054 -318.033936
v 528.086426 -1.975054 -318.093262
v 528.086426 -2.103330 -318.093262
v 522.318665 -2.096063 -316.392487
v 522.318665 -1.982321 -316.392487
v 522.543274 -1.982321 -316.458710
v 522.543274 -2.096063 -316.458710
v 526.066406 -0.941186 -317.494232
v 526.066406 -0.877665 -317.494232
v 526.291077 -0.877665 -317.560455
v 526.291077 -0.941186 -317.560455
v 527.886230 -0.945244 -318.030823
v 527.886230 -0.873606 -318.030823
v 528.087341 -0.873606 -318.090149
v 528.087341 -0.945244 -318.090149
v 524.730713 -2.080702 -317.103729
v 524.730713 -1.997682 -317.103729
v 524.896851 -1.997682 -317.152740
v 524.896851 -2.080702 -317.152740
v 526.397949 -2.080702 -317.595367
v 526.397949 -1.997682 -317.595367
v 526.564148 -1.997682 -317.644379
v 526.564148 -2.080702 -317.644379
v 526.401611 -0.941186 -317.593048
v 526.401611 -0.877665 -317.593048
v 526.626221 -0.877665 -317.659271
v 526.626221 -0.941186 -317.659271
v 555.860474 -0.877643 -25.654779
v 555.860474 -0.941164 -25.654779
v 556.094604 -0.877643 -25.654779
v 556.094604 -0.941164 -25.654779
v 553.340332 -1.525463 -25.564941
v 553.339478 -1.632681 -25.564941
v 553.561096 -1.447294 -25.564941
v 553.560181 -1.554512 -25.564941
v 559.123779 0.425229 -25.564943
v 559.123840 0.318010 -25.564943
v 559.344543 0.503398 -25.564943
v 559.344604 0.396180 -25.564943
v 555.860474 -0.941165 -44.815331
v 555.860474 -0.877644 -44.815331
v 556.094666 -0.877644 -44.815331
v 556.094666 -0.941165 -44.815331
v 553.339478 -1.632682 -44.905167
v 553.340332 -1.525464 -44.905167
v 553.561096 -1.447295 -44.905167
v 553.560181 -1.554513 -44.905167
v 559.123901 0.318010 -44.905167
v 559.123779 0.425228 -44.905167
v 559.344543 0.503397 -44.905167
v 559.344604 0.396179 -44.905167
v 555.568298 -1.997660 -25.651531
v 555.568298 -2.080680 -25.651531
v 555.741577 -1.997660 -25.651531
v 555.741577 -2.080680 -25.651531
v 557.236389 -1.982299 -25.651531
v 557.236389 -2.096041 -25.651531
v 557.470581 -1.982299 -25.651531
v 557.470581 -2.096041 -25.651531
v 559.133606 -1.975032 -25.651531
v 559.133606 -2.103308 -25.651531
v 559.343323 -1.975032 -25.651531
v 559.343323 -2.103308 -25.651531
v 553.330017 -1.982299 -25.651531
v 553.330017 -2.096041 -25.651531
v 553.564209 -1.982299 -25.651531
v 553.564209 -2.096041 -25.651531
v 557.236389 -0.877643 -25.654781
v 557.236389 -0.941164 -25.654781
v 557.470581 -0.877643 -25.654781
v 557.470581 -0.941164 -25.654781
v 559.133606 -0.873584 -25.654781
v 559.133606 -0.945222 -25.654781
v 559.343323 -0.873584 -25.654781
v 559.343323 -0.945222 -25.654781
v 555.844727 -1.997660 -25.651531
v 555.844727 -2.080680 -25.651531
v 556.017944 -1.997660 -25.651531
v 556.017944 -2.080680 -25.651531
v 557.582947 -1.997660 -25.651531
v 557.582947 -2.080680 -25.651531
v 557.756226 -1.997660 -25.651531
v 557.756226 -2.080680 -25.651531
v 557.585815 -0.877643 -25.654781
v 557.585815 -0.941164 -25.654781
v 557.820007 -0.877643 -25.654781
v 557.820007 -0.941164 -25.654781
v 555.568298 -2.080681 -44.818581
v 555.568298 -1.997661 -44.818581
v 555.741577 -1.997661 -44.818581
v 555.741577 -2.080681 -44.818581
v 557.236389 -2.096042 -44.818581
v 557.236389 -1.982300 -44.818581
v 557.470581 -1.982300 -44.818581
v 557.470581 -2.096042 -44.818581
v 559.133606 -2.103309 -44.818581
v 559.133606 -1.975033 -44.818581
v 559.343323 -1.975033 -44.818581
v 559.343323 -2.103309 -44.818581
v 553.330017 -2.096042 -44.818581
v 553.330017 -1.982300 -44.818581
v 553.564209 -1.982300 -44.818581
v 553.564209 -2.096042 -44.818581
v 557.236389 -0.941165 -44.815331
v 557.236389 -0.877644 -44.815331
v 557.470581 -0.877644 -44.815331
v 557.470581 -0.941165 -44.815331
v 559.133606 -0.945223 -44.815331
v 559.133606 -0.873585 -44.815331
v 559.343323 -0.873585 -44.815331
v 559.343323 -0.945223 -44.815331
v 555.844727 -2.080681 -44.818581
v 555.844727 -1.997661 -44.818581
v 556.017944 -1.997661 -44.818581
v 556.017944 -2.080681 -44.818581
v 557.582947 -2.080681 -44.818581
v 557.582947 -1.997661 -44.818581
v 557.756226 -1.997661 -44.818581
v 557.756226 -2.080681 -44.818581
v 557.585815 -0.941165 -44.815331
v 557.585815 -0.877644 -44.815331
v 557.820007 -0.877644 -44.815331
v 557.820007 -0.941165 -44.815331
v -398.669556 24.946148 -240.222992
v -398.604004 24.926487 -240.309418
v -398.425415 25.060423 -240.134033
v -398.681152 25.056923 -240.257034
v -398.615601 25.037264 -240.343460
v -398.395508 24.923393 -240.376221
v -398.291504 24.944653 -240.346542
v -398.435059 25.060509 -240.130829
v -398.407715 25.033520 -240.412094
v -398.303833 25.054779 -240.382401
v -371.104309 25.018925 -250.098145
v -371.038696 24.997944 -250.184555
v -370.860229 25.130249 -250.009171
v -371.115967 25.129696 -250.132187
v -371.050354 25.108715 -250.218613
v -370.830261 24.991650 -250.251373
v -370.726196 25.011623 -250.221695
v -370.869873 25.130482 -250.006012
v -370.842590 25.101776 -250.287262
v -370.738525 25.121746 -250.257568
v -343.929321 23.957827 -258.764618
v -343.863770 23.936371 -258.851013
v -343.685242 24.068092 -258.675659
v -343.941040 24.068598 -258.798645
v -343.875427 24.047142 -258.885101
v -343.655273 23.928940 -258.917847
v -343.551270 23.948452 -258.888184
v -343.694885 24.068382 -258.672455
v -343.667542 24.039066 -258.953735
v -343.563477 24.058580 -258.924042
v -317.141357 24.038147 -268.544830
v -317.075806 24.017023 -268.631256
v -316.897217 24.149157 -268.455902
v -317.153015 24.148920 -268.578888
v -317.087463 24.127794 -268.665314
v -316.867310 24.010401 -268.698090
v -316.763306 24.030247 -268.668396
v -316.906921 24.149408 -268.452698
v -316.879578 24.120527 -268.733948
v -316.775574 24.140375 -268.704254
v -486.035156 25.256617 -221.128799
v -485.969604 25.236959 -221.215225
v -485.791016 25.370905 -221.039856
v -486.046753 25.367388 -221.162842
v -485.981201 25.347731 -221.249268
v -485.761108 25.233891 -221.282043
v -485.657104 25.255171 -221.252350
v -485.800781 25.370989 -221.036667
v -485.773315 25.344019 -221.317917
v -485.669312 25.365299 -221.288239
v -458.673218 24.710068 -223.953430
v -458.607666 24.690411 -224.039856
v -458.429199 24.824358 -223.864471
v -458.684937 24.820841 -223.987457
v -458.619263 24.801186 -224.073883
v -458.399170 24.687344 -224.106659
v -458.295166 24.708624 -224.076965
v -458.438843 24.824442 -223.861298
v -458.411499 24.797470 -224.142532
v -458.307495 24.818750 -224.112839
v -431.749756 25.327990 -228.937012
v -431.684082 25.308332 -229.023438
v -431.505615 25.442278 -228.848068
v -431.761353 25.438763 -228.971069
v -431.695679 25.419104 -229.057495
v -431.475586 25.305265 -229.090271
v -431.371582 25.326546 -229.060562
v -431.515259 25.442362 -228.844879
v -431.487915 25.415392 -229.126129
v -431.383911 25.436674 -229.096451
v -578.057373 25.256618 -207.173401
v -577.991821 25.236961 -207.259827
v -577.813232 25.370907 -207.084442
v -578.068970 25.367390 -207.207458
v -578.003418 25.347733 -207.293884
v -577.783325 25.233892 -207.326630
v -577.679321 25.255173 -207.296967
v -577.822998 25.370991 -207.081268
v -577.795532 25.344021 -207.362518
v -577.691528 25.365301 -207.332825
v -548.593384 24.710070 -212.130447
v -548.527710 24.690413 -212.216873
v -548.349243 24.824360 -212.041504
v -548.604980 24.820843 -212.164520
v -548.539429 24.801188 -212.250916
v -548.319336 24.687346 -212.283691
v -548.215210 24.708626 -212.253998
v -548.359009 24.824444 -212.038315
v -548.331665 24.797472 -212.319565
v -548.227661 24.818752 -212.289886
v -520.658447 25.327990 -215.710266
v -520.592896 25.308332 -215.796692
v -520.414307 25.442278 -215.621323
v -520.670044 25.438763 -215.744324
v -520.604492 25.419104 -215.830750
v -520.384399 25.305265 -215.863495
v -520.280396 25.326546 -215.833832
v -520.424072 25.442362 -215.618134
v -520.396729 25.415392 -215.899384
v -520.292603 25.436674 -215.869690
v -645.443726 21.126516 -155.888275
v -645.378174 21.106859 -155.974701
v -645.199585 21.240803 -155.799316
v -645.455444 21.237289 -155.922333
v -645.389771 21.217630 -156.008759
v -645.169678 21.103790 -156.041504
v -645.065674 21.125072 -156.011810
v -645.209229 21.240887 -155.796127
v -645.181885 21.213919 -156.077377
v -645.077881 21.235199 -156.047699
v -612.271362 24.004147 -180.151825
v -612.205811 23.984488 -180.238251
v -612.027222 24.118433 -180.062881
v -612.283081 24.114920 -180.185883
v -612.217529 24.095263 -180.272308
v -611.997314 23.981421 -180.305084
v -611.893188 24.002703 -180.275391
v -612.036865 24.118519 -180.059692
v -612.009644 24.091551 -180.340942
v -611.905518 24.112831 -180.311249
v 540.586975 5.809005 -245.585709
v 540.673096 5.787551 -245.519623
v 540.496765 5.919273 -245.342026
v 540.621155 5.919776 -245.597122
v 540.707214 5.898323 -245.531082
v 540.738770 5.780128 -245.310806
v 540.708557 5.799638 -245.206940
v 540.493652 5.919570 -245.351822
v 540.774658 5.890254 -245.322906
v 540.744507 5.909770 -245.219055
v 547.293335 5.809008 -209.312042
v 547.379333 5.787554 -209.245972
v 547.203125 5.919276 -209.068375
v 547.327454 5.919779 -209.323456
v 547.413452 5.898325 -209.257416
v 547.445190 5.780130 -209.037216
v 547.414978 5.799641 -208.933334
v 547.200073 5.919573 -209.078217
v 547.481079 5.890257 -209.049301
v 547.450928 5.909772 -208.945450
v 639.996033 8.248979 -142.021225
v 640.055481 8.229321 -141.930466
v 639.830322 8.363267 -141.821167
v 640.032043 8.359753 -142.020828
v 640.091431 8.340096 -141.930023
v 640.048340 8.226254 -141.711716
v 639.985474 8.247536 -141.623627
v 639.830505 8.363353 -141.831390
v 640.086243 8.336383 -141.711227
v 640.023376 8.357664 -141.623184
v 629.437927 7.702430 -168.300201
v 629.527893 7.682772 -168.239624
v 629.362854 7.816717 -168.051468
v 629.471313 7.813202 -168.313766
v 629.561218 7.793546 -168.253113
v 629.606384 7.679704 -168.035187
v 629.582581 7.700985 -167.929703
v 629.359192 7.816802 -168.060944
v 629.641541 7.789832 -168.049576
v 629.617737 7.811114 -167.943985
v 616.358276 8.248974 -199.325745
v 616.417664 8.229317 -199.234940
v 616.192505 8.363262 -199.125732
v 616.394165 8.359747 -199.325348
v 616.453613 8.340091 -199.234558
v 616.410522 8.226250 -199.016190
v 616.347656 8.247531 -198.928162
v 616.192688 8.363348 -199.135925
v 616.448425 8.336378 -199.015671
v 616.385620 8.357659 -198.927719
v 605.792236 7.702424 -226.036301
v 605.882263 7.682768 -225.975693
v 605.717163 7.816713 -225.787598
v 605.825562 7.813198 -226.049881
v 605.915588 7.793542 -225.989227
v 605.960693 7.679700 -225.771317
v 605.936951 7.700981 -225.665771
v 605.713501 7.816798 -225.797012
v 605.995850 7.789828 -225.785599
v 605.972046 7.811110 -225.680023
v 594.678772 8.248970 -257.487610
v 594.738098 8.229313 -257.396790
v 594.512939 8.363258 -257.287537
v 594.714722 8.359743 -257.487122
v 594.774109 8.340087 -257.396362
v 594.731018 8.226246 -257.178101
v 594.668152 8.247527 -257.090088
v 594.513245 8.363344 -257.297791
v 594.768982 8.336374 -257.177612
v 594.706055 8.357656 -257.089600
v 585.684204 7.702420 -283.841614
v 585.774109 7.682764 -283.781006
v 585.609131 7.816709 -283.592896
v 585.717529 7.813193 -283.855164
v 585.807495 7.793538 -283.794495
v 585.852661 7.679696 -283.576538
v 585.828796 7.700976 -283.471008
v 585.605408 7.816793 -283.602356
v 585.887756 7.789824 -283.590881
v 585.863953 7.811106 -283.485352
v 574.957703 8.248965 -314.547729
v 575.017151 8.229308 -314.456909
v 574.791992 8.363254 -314.347717
v 574.993713 8.359738 -314.547302
v 575.053101 8.340081 -314.456543
v 575.010071 8.226241 -314.238037
v 574.947083 8.247522 -314.149963
v 574.792175 8.363339 -314.357788
v 575.047913 8.336370 -314.237549
v 574.985046 8.357651 -314.149475
v 566.353027 7.702415 -341.727417
v 566.442993 7.682759 -341.666748
v 566.277954 7.816704 -341.478638
v 566.386414 7.813189 -341.740967
v 566.476318 7.793533 -341.680359
v 566.521484 7.679691 -341.462341
v 566.497681 7.700972 -341.356812
v 566.274231 7.816789 -341.488098
v 566.556641 7.789819 -341.476624
v 566.532837 7.811101 -341.371155
v 261.927917 43.543964 -957.302368
v 261.834778 43.522991 -957.246765
v 261.734741 43.655293 -957.476196
v 261.926056 43.654736 -957.266418
v 261.832855 43.633762 -957.210815
v 261.616455 43.516697 -957.262756
v 261.531067 43.536671 -957.329224
v 261.744995 43.655529 -957.475464
v 261.614410 43.626827 -957.224915
v 261.529022 43.646793 -957.291260
v 241.090118 42.137363 -954.548584
v 241.020828 42.115906 -954.465149
v 240.850143 42.247627 -954.648132
v 241.100296 42.248131 -954.514038
v 241.030975 42.226677 -954.430603
v 240.809555 42.108475 -954.407532
v 240.706909 42.127987 -954.441711
v 240.859909 42.247913 -954.650940
v 240.820312 42.218605 -954.371094
v 240.717712 42.238117 -954.405334
v 223.765060 41.599598 -947.250732
v 223.716858 41.578472 -947.153503
v 223.508575 41.710606 -947.292297
v 223.782928 41.710369 -947.219543
v 223.734726 41.689243 -947.122314
v 223.524628 41.571850 -947.048767
v 223.416901 41.591698 -947.058411
v 223.517502 41.710857 -947.297241
v 223.543472 41.681980 -947.015747
v 223.435776 41.701828 -947.025391
v 284.857208 42.661488 -954.577393
v 284.757660 42.640366 -954.534180
v 284.687958 42.772495 -954.774597
v 284.850708 42.772263 -954.542053
v 284.751221 42.751141 -954.498840
v 284.543152 42.633743 -954.578003
v 284.467072 42.653591 -954.654907
v 284.697968 42.772755 -954.772644
v 284.536316 42.743870 -954.540710
v 284.460175 42.763714 -954.617554
v 446.572693 38.376259 -905.363586
v 446.678894 38.355133 -905.341309
v 446.596924 38.487259 -905.104797
v 446.598511 38.487030 -905.388733
v 446.704651 38.465908 -905.366455
v 446.828583 38.348515 -905.181702
v 446.846313 38.368359 -905.074951
v 446.589874 38.487518 -905.112305
v 446.855804 38.458637 -905.208252
v 446.873535 38.478485 -905.101440
v 320.867462 35.960430 -718.018188
v 320.920227 35.939304 -718.113037
v 321.121735 36.071434 -717.964478
v 320.851074 36.071201 -718.050232
v 320.903870 36.050079 -718.145020
v 321.117065 35.932686 -718.208557
v 321.224274 35.952530 -718.193848
v 321.112457 36.071690 -717.960022
v 321.099792 36.042809 -718.242432
v 321.207001 36.062656 -718.227661
v -277.540192 27.369385 -398.298492
v -277.625275 27.349728 -398.365753
v -277.446655 27.483673 -398.540894
v -277.574524 27.480160 -398.287659
v -277.659668 27.460501 -398.354828
v -277.688293 27.346661 -398.575317
v -277.656586 27.367943 -398.678772
v -277.443756 27.483759 -398.531006
v -277.724365 27.456787 -398.563721
v -277.692657 27.478069 -398.667236
v -278.700745 25.622061 -454.379211
v -278.785217 25.602406 -454.311249
v -278.916321 25.736349 -454.524475
v -278.697632 25.732832 -454.343445
v -278.782166 25.713179 -454.275360
v -279.003723 25.599337 -454.296722
v -279.097443 25.620617 -454.350464
v -278.906067 25.736435 -454.525269
v -279.000427 25.709463 -454.258881
v -279.094177 25.730745 -454.312683
v -304.659424 25.075514 -436.154449
v -304.757019 25.055859 -436.201691
v -304.620483 25.189802 -436.411285
v -304.690430 25.186289 -436.136353
v -304.788147 25.166632 -436.183411
v -304.863861 25.052790 -436.392548
v -304.855347 25.074070 -436.500458
v -304.615540 25.189888 -436.402252
v -304.896637 25.162920 -436.373413
v -304.888062 25.184200 -436.481262
v -277.101746 25.075510 -491.162659
v -277.032990 25.055855 -491.078796
v -277.244873 25.189798 -490.945709
v -277.066040 25.186285 -491.165985
v -276.997040 25.166628 -491.082153
v -277.016205 25.052786 -490.860565
v -277.069153 25.074066 -490.766266
v -277.245605 25.189884 -490.955933
v -276.978455 25.162916 -490.864197
v -277.031342 25.184196 -490.769897
v -265.570465 12.529111 -40.268471
v -265.463623 12.509451 -40.249573
v -265.538147 12.643386 -40.010658
v -265.545502 12.639885 -40.294395
v -265.438660 12.620224 -40.275494
v -265.308990 12.506355 -40.094608
v -265.287933 12.527617 -39.988491
v -265.545410 12.643470 -40.017830
v -265.282684 12.616486 -40.121918
v -265.261627 12.637744 -40.015804
v -245.948212 11.380523 -26.165455
v -245.839813 11.359539 -26.160629
v -245.882568 11.491843 -25.914036
v -245.926819 11.491293 -26.194401
v -245.818420 11.470311 -26.189585
v -245.666321 11.353246 -26.027130
v -245.631592 11.373217 -25.924654
v -245.890717 11.492080 -25.920223
v -245.643799 11.463372 -26.057632
v -245.609055 11.483342 -25.955162
v -221.722626 10.199474 -16.004322
v -221.618668 10.178019 -16.035324
v -221.578156 10.309741 -15.788358
v -221.711945 10.310246 -16.038689
v -221.607956 10.288791 -16.069687
v -221.410950 10.170587 -15.966121
v -221.344543 10.190100 -15.880729
v -221.587860 10.310030 -15.791518
v -221.399689 10.280714 -16.002329
v -221.333298 10.300228 -15.916938
v -310.922333 18.651018 -139.514160
v -310.858704 18.631359 -139.426270
v -311.078461 18.765293 -139.306427
v -310.886383 18.761791 -139.515411
v -310.822723 18.742130 -139.427505
v -310.855408 18.628262 -139.207367
v -310.914093 18.649525 -139.116470
v -311.078644 18.765379 -139.316666
v -310.817535 18.738392 -139.208694
v -310.876160 18.759651 -139.117767
v -304.641388 17.237316 -110.484146
v -304.560364 17.216333 -110.412048
v -304.749054 17.348637 -110.247681
v -304.606567 17.348087 -110.493134
v -304.525452 17.327106 -110.421005
v -304.509918 17.210041 -110.198997
v -304.547607 17.230011 -110.097595
v -304.751465 17.348875 -110.257599
v -304.473206 17.320166 -110.208458
v -304.510895 17.340137 -110.107071
v -293.890045 14.963367 -83.200890
v -293.798828 14.941915 -83.142151
v -293.959930 15.073636 -82.950645
v -293.856964 15.074140 -83.215149
v -293.765778 15.052686 -83.156387
v -293.716156 14.934482 -82.939423
v -293.737793 14.953996 -82.833420
v -293.963867 15.073924 -82.960075
v -293.681366 15.044607 -82.954445
v -293.702942 15.064122 -82.848442
v -283.063141 14.245929 -60.927505
v -282.962830 14.224805 -60.886185
v -283.086731 14.356938 -60.668758
v -283.033203 14.356702 -60.947491
v -282.932892 14.335578 -60.906158
v -282.844940 14.218183 -60.701706
v -282.847076 14.238029 -60.593552
v -283.092285 14.357189 -60.677307
v -282.813416 14.328308 -60.722763
v -282.815521 14.348157 -60.614601
v -329.719910 15.625258 -65.114220
v -329.812286 15.603805 -65.171181
v -329.654938 15.735526 -65.365791
v -329.752686 15.736030 -65.099335
v -329.845032 15.714578 -65.156288
v -329.898865 15.596372 -65.372261
v -329.879333 15.615887 -65.478661
v -329.650787 15.735814 -65.356445
v -329.933380 15.706496 -65.356560
v -329.913879 15.726012 -65.462959
v -682.741699 19.963106 -127.004715
v -682.676147 19.943449 -127.091133
v -682.497559 20.077394 -126.915756
v -682.753357 20.073877 -127.038773
v -682.687744 20.054222 -127.125183
v -682.467651 19.940380 -127.157944
v -682.363586 19.961662 -127.128265
v -682.507324 20.077478 -126.912575
v -682.479858 20.050508 -127.193817
v -682.375916 20.071791 -127.164139
v -321.368103 29.926363 -496.783691
v -321.420593 29.905380 -496.878632
v -321.187988 30.037685 -496.971039
v -321.403961 30.037132 -496.786774
v -321.456482 30.016151 -496.881714
v -321.397369 29.899090 -497.096313
v -321.328186 29.919062 -497.179443
v -321.189026 30.037922 -496.960815
v -321.435181 30.009216 -497.099548
v -321.366028 30.029184 -497.182709
v -320.944824 29.344599 -543.068604
v -321.005615 29.323141 -543.158447
v -320.782166 29.454863 -543.271240
v -320.980835 29.455370 -543.068481
v -321.041595 29.433912 -543.158386
v -321.001892 29.315712 -543.377380
v -320.940399 29.335224 -543.466370
v -320.782257 29.455153 -543.261047
v -321.039856 29.425838 -543.377258
v -320.978363 29.445354 -543.466248
v -321.015686 29.554090 -578.794800
v -321.074982 29.532965 -578.885620
v -320.849701 29.665096 -578.994690
v -321.051666 29.664862 -578.795227
v -321.110962 29.643738 -578.886108
v -321.067657 29.526346 -579.104431
v -321.004669 29.546190 -579.192383
v -320.849945 29.665352 -578.984497
v -321.105652 29.636473 -579.104980
v -321.042664 29.656317 -579.192871
v -354.603455 25.744511 -662.741150
v -354.543457 25.735270 -662.651367
v -354.766541 25.881390 -662.540344
v -354.567596 25.854816 -662.741089
v -354.507599 25.845575 -662.651245
v -354.548370 25.757248 -662.433411
v -354.610138 25.788565 -662.345154
v -354.766388 25.880306 -662.550537
v -354.510620 25.866913 -662.433350
v -354.572388 25.898228 -662.345093
v -354.275177 27.576323 -633.588623
v -354.215149 27.564741 -633.498779
v -354.438293 27.707968 -633.387817
v -354.239319 27.686626 -633.588501
v -354.179321 27.675045 -633.498657
v -354.220093 27.581032 -633.280884
v -354.281860 27.610043 -633.192627
v -354.438110 27.707148 -633.397949
v -354.182312 27.690695 -633.280762
v -354.244110 27.719704 -633.192505
v -351.523621 27.569454 -605.196350
v -351.463623 27.554789 -605.106506
v -351.686707 27.694204 -604.995544
v -351.487762 27.679754 -605.196289
v -351.427765 27.665091 -605.106445
v -351.468506 27.563595 -604.888611
v -351.530304 27.589567 -604.800415
v -351.686554 27.693735 -605.005737
v -351.430786 27.673252 -604.888550
v -351.492554 27.699224 -604.800293
v -348.768494 29.146112 -576.806152
v -348.708496 29.127573 -576.716309
v -348.931610 29.262197 -576.605347
v -348.732666 29.256407 -576.806091
v -348.672668 29.237867 -576.716248
v -348.713440 29.126966 -576.498413
v -348.775208 29.149122 -576.410217
v -348.931458 29.262167 -576.615540
v -348.675659 29.236620 -576.498352
v -348.737427 29.258776 -576.410095
v -281.664612 25.723852 -249.629639
v -281.682037 25.702393 -249.736725
v -281.431946 25.834114 -249.745285
v -281.697327 25.834621 -249.644669
v -281.714752 25.813162 -249.751740
v -281.586823 25.694960 -249.933853
v -281.493652 25.714476 -249.988785
v -281.436310 25.834406 -249.736053
v -281.621277 25.805088 -249.949646
v -281.528107 25.824600 -250.004578
v -294.299896 22.989925 -191.880219
v -294.305054 22.968800 -191.771866
v -294.551483 23.100931 -191.815262
v -294.271027 23.100697 -191.858795
v -294.276123 23.079571 -191.750397
v -294.438995 22.962177 -191.598694
v -294.541534 22.982025 -191.564240
v -294.545319 23.101185 -191.823349
v -294.408539 23.072308 -191.576096
v -294.511078 23.092152 -191.541641
v -351.602844 17.991945 -790.405273
v -351.575195 17.981918 -790.264221
v -351.829895 18.127607 -790.159241
v -351.568054 18.102190 -790.396667
v -351.540405 18.092155 -790.255615
v -351.653778 18.002306 -789.957275
v -351.743530 18.033104 -789.846558
v -351.826294 18.126600 -790.173645
v -351.617096 18.111900 -789.948303
v -351.706818 18.142702 -789.837769
v -354.275452 20.098642 -754.325134
v -354.215454 20.090050 -754.235291
v -354.438538 20.237219 -754.124329
v -354.239594 20.208923 -754.325012
v -354.179596 20.200325 -754.235229
v -354.220367 20.113758 -754.017395
v -354.282135 20.145842 -753.929138
v -354.438385 20.236055 -754.134521
v -354.182617 20.223396 -754.017273
v -354.244385 20.255476 -753.929016
v -354.957703 21.577358 -725.932922
v -354.897705 21.569754 -725.843079
v -355.120819 21.717934 -725.732117
v -354.921875 21.687666 -725.932800
v -354.861877 21.680067 -725.842957
v -354.902649 21.595762 -725.625183
v -354.964417 21.628723 -725.536865
v -355.120667 21.716661 -725.742249
v -354.864868 21.705425 -725.625061
v -354.926636 21.738392 -725.536804
v -354.465973 23.780132 -697.542664
v -354.405975 23.772591 -697.452881
v -354.629089 23.920815 -697.341858
v -354.430145 23.890442 -697.542603
v -354.370148 23.882896 -697.452759
v -354.410889 23.798700 -697.234924
v -354.472687 23.831697 -697.146667
v -354.628937 23.919537 -697.352051
v -354.373138 23.908367 -697.234863
v -354.434937 23.941364 -697.146606
v -166.870743 25.075520 -350.008270
v -166.909912 25.055864 -349.907166
v -167.129974 25.189808 -350.026184
v -166.850220 25.186295 -349.978760
v -166.889282 25.166636 -349.877502
v -167.091614 25.052794 -349.785126
v -167.199829 25.074074 -349.784912
v -167.121414 25.189892 -350.031830
v -167.069885 25.162924 -349.754059
v -167.178055 25.184204 -349.753815
v -158.061462 25.622065 -376.566254
v -157.955582 25.602409 -376.542664
v -158.040588 25.736353 -376.307281
v -158.035400 25.732838 -376.591034
v -157.929413 25.713184 -376.567444
v -157.807999 25.599342 -376.380798
v -157.791504 25.620623 -376.273987
v -158.047501 25.736441 -376.314667
v -157.780457 25.709471 -376.406982
v -157.764053 25.730751 -376.300110
v -186.450607 25.075516 -399.785278
v -186.347122 25.055861 -399.817719
v -186.303070 25.189804 -399.571472
v -186.440338 25.186291 -399.819763
v -186.336853 25.166632 -399.852264
v -186.138504 25.052790 -399.751801
v -186.070847 25.074070 -399.667297
v -186.312836 25.189888 -399.574646
v -186.127747 25.162920 -399.788116
v -186.060181 25.184200 -399.703705
v -201.567352 29.175875 -419.969818
v -201.675369 29.154892 -419.979736
v -201.620956 29.287197 -420.224091
v -201.590073 29.286642 -419.941864
v -201.698090 29.265661 -419.951843
v -201.842331 29.148600 -420.121368
v -201.872177 29.168571 -420.225342
v -201.613129 29.287432 -420.217468
v -201.866287 29.258726 -420.091919
v -201.896133 29.278692 -420.195892
v -225.630295 28.694601 -432.410736
v -225.717133 28.673147 -432.345764
v -225.840363 28.804869 -432.563599
v -225.628448 28.805374 -432.374756
v -225.715347 28.783918 -432.309784
v -225.936020 28.665716 -432.339081
v -226.027802 28.685226 -432.396332
v -225.830185 28.805155 -432.563995
v -225.934082 28.775843 -432.301178
v -226.025848 28.795357 -432.358429
v -242.507233 29.421270 -414.082489
v -242.446350 29.400145 -413.992676
v -242.669662 29.532276 -413.879639
v -242.471252 29.532042 -414.082642
v -242.410370 29.510918 -413.992859
v -242.449738 29.393528 -413.773773
v -242.511124 29.413370 -413.684753
v -242.669556 29.532532 -413.889832
v -242.411774 29.503647 -413.773956
v -242.473160 29.523497 -413.684937
v -202.013870 25.622068 -340.131775
v -202.098328 25.602413 -340.063782
v -202.229416 25.736357 -340.277008
v -202.010727 25.732841 -340.095978
v -202.095291 25.713188 -340.027924
v -202.316849 25.599346 -340.049133
v -202.410629 25.620626 -340.102936
v -202.219193 25.736444 -340.277740
v -202.313568 25.709475 -340.011353
v -202.407333 25.730755 -340.065155
v -237.352753 26.878325 -336.202026
v -237.260986 26.858665 -336.144165
v -237.419922 26.992613 -335.951019
v -237.319824 26.989092 -336.216553
v -237.227951 26.969437 -336.158844
v -237.176086 26.855597 -335.942566
v -237.196503 26.876879 -335.836243
v -237.423904 26.992697 -335.960510
v -237.141357 26.965725 -335.957886
v -237.161880 26.987005 -335.851685
v -278.178711 25.693441 -335.377625
v -278.082825 25.673788 -335.428528
v -277.994354 25.807730 -335.194458
v -278.175018 25.804216 -335.413422
v -278.079163 25.784559 -335.464355
v -277.865601 25.670717 -335.401825
v -277.783600 25.691998 -335.331238
v -278.004517 25.807817 -335.195709
v -277.861725 25.780844 -335.439514
v -277.779724 25.802126 -335.368988
v -277.001343 25.075518 -371.641144
v -277.096619 25.055862 -371.693146
v -276.949951 25.189806 -371.895782
v -277.033325 25.186293 -371.624664
v -277.128601 25.166634 -371.676392
v -277.193909 25.052792 -371.889038
v -277.180054 25.074072 -371.996338
v -276.945343 25.189890 -371.886414
v -277.227448 25.162922 -371.871521
v -277.213684 25.184202 -371.978760
v -190.938583 3.462825 -821.237549
v -191.028900 3.443065 -821.296753
v -190.866913 3.577323 -821.486084
v -190.971603 3.572986 -821.223572
v -191.061935 3.553226 -821.282837
v -191.109528 3.440146 -821.499268
v -191.087143 3.461623 -821.604675
v -190.863083 3.577399 -821.476685
v -191.144318 3.549651 -821.484619
v -191.121948 3.571132 -821.589966
v -206.524094 7.673242 -861.905518
v -206.707535 7.655799 -861.974854
v -206.745483 7.793186 -862.289429
v -206.547287 7.783375 -861.878174
v -206.730576 7.765930 -861.947388
v -207.057648 7.658653 -862.257263
v -207.162338 7.682539 -862.417419
v -206.729065 7.792993 -862.276306
v -207.081696 7.768135 -862.228149
v -207.186218 7.792015 -862.388184
v -270.972443 11.251391 -896.235962
v -271.146393 11.236734 -896.139343
v -271.415161 11.377260 -896.311646
v -270.966248 11.361553 -896.200684
v -271.140015 11.346901 -896.104065
v -271.594452 11.246194 -896.051025
v -271.787109 11.272685 -896.073059
v -271.394104 11.376760 -896.315857
v -271.587585 11.355714 -896.013855
v -271.780182 11.382205 -896.035950
v -349.902283 15.152226 -895.863647
v -349.940735 15.139903 -895.725281
v -350.215271 15.283187 -895.745850
v -349.875061 15.262416 -895.840332
v -349.913452 15.250091 -895.702026
v -350.148376 15.154953 -895.486389
v -350.278046 15.183677 -895.427856
v -350.205627 15.282431 -895.757019
v -350.119537 15.264489 -895.462036
v -350.249176 15.293216 -895.403503
v -182.222931 2.488294 -787.998962
v -182.313263 2.467740 -788.058167
v -182.151245 2.600419 -788.247498
v -182.255951 2.598523 -787.985046
v -182.346298 2.577971 -788.044312
v -182.393875 2.462571 -788.260742
v -182.371490 2.483027 -788.366028
v -182.147430 2.600602 -788.238098
v -182.428665 2.572160 -788.246094
v -182.406265 2.592607 -788.351379
v -252.699463 1.450950 -822.678589
v -252.804779 1.429973 -822.652588
v -252.833496 1.562278 -822.901184
v -252.711731 1.561725 -822.644714
v -252.817093 1.540744 -822.618713
v -253.008911 1.423682 -822.731567
v -253.071182 1.443652 -822.820007
v -252.823883 1.562510 -822.897522
v -253.021912 1.533813 -822.695923
v -253.084213 1.553775 -822.784363
v -200.750168 1.653053 -805.688721
v -200.660828 1.631928 -805.627075
v -200.827911 1.764057 -805.440735
v -200.716675 1.763824 -805.701904
v -200.627380 1.742703 -805.640320
v -200.584564 1.625309 -805.421875
v -200.609528 1.645153 -805.316650
v -200.831543 1.764317 -805.450256
v -200.549225 1.735436 -805.435791
v -200.574158 1.755280 -805.330566
v -281.056641 3.112567 -814.556946
v -281.075470 3.091110 -814.450134
v -281.314423 3.222831 -814.524536
v -281.030670 3.223335 -814.531982
v -281.049561 3.201880 -814.425171
v -281.230469 3.083678 -814.295410
v -281.336548 3.103190 -814.274292
v -281.307312 3.223121 -814.531799
v -281.203064 3.193810 -814.269104
v -281.309174 3.213321 -814.248047
v -300.768097 8.843638 -781.559448
v -300.728027 8.822513 -781.458618
v -300.970459 8.954644 -781.396484
v -300.732941 8.954410 -781.551880
v -300.692841 8.933285 -781.450989
v -300.778595 8.815893 -781.245605
v -300.857819 8.835738 -781.171936
v -300.968170 8.954899 -781.406433
v -300.741486 8.926023 -781.237549
v -300.820648 8.945867 -781.163940
v -128.166275 18.042126 -363.229736
v -128.274780 18.022469 -363.230072
v -128.242310 18.156414 -363.478302
v -128.186462 18.152897 -363.199951
v -128.294998 18.133242 -363.200348
v -128.453735 18.019402 -363.356384
v -128.492706 18.040682 -363.457153
v -128.233932 18.156498 -363.472412
v -128.475006 18.129528 -363.324890
v -128.513901 18.150810 -363.425781
v -48.837193 18.153168 -336.563995
v -48.731628 18.133509 -336.588348
v -48.706585 18.267454 -336.339447
v -48.824318 18.263941 -336.597565
v -48.718559 18.244284 -336.621979
v -48.528584 18.130442 -336.506409
v -48.467690 18.151722 -336.417023
v -48.716103 18.267542 -336.343353
v -48.515110 18.240570 -336.541901
v -48.454212 18.261852 -336.452332
v -19.506153 18.153168 -330.839996
v -19.416706 18.133511 -330.901428
v -19.302246 18.267454 -330.678955
v -19.506428 18.263941 -330.875916
v -19.417248 18.244284 -330.937469
v -19.198040 18.130442 -330.899719
v -19.108547 18.151724 -330.838867
v -19.312733 18.267542 -330.679138
v -19.198505 18.240572 -330.937622
v -19.109062 18.261852 -330.876831
v -100.915390 16.703476 -341.929749
v -101.023666 16.683819 -341.934418
v -100.981522 16.817764 -342.180939
v -100.936790 16.814251 -341.900848
v -101.045258 16.794594 -341.905365
v -101.197617 16.680752 -342.067413
v -101.232506 16.702034 -342.169830
v -100.973412 16.817850 -342.174652
v -101.220055 16.790880 -342.036865
v -101.254837 16.812160 -342.139343
v 7.353924 18.153168 -336.033722
v 7.430973 18.133511 -336.109863
v 7.583035 18.267454 -335.911285
v 7.347271 18.263941 -336.069061
v 7.424427 18.244284 -336.145477
v 7.646862 18.130444 -336.146790
v 7.745693 18.151724 -336.102692
v 7.572964 18.267542 -335.909576
v 7.639767 18.240572 -336.184082
v 7.738544 18.261854 -336.139771
v -253.992264 13.215487 -780.113525
v -253.901947 13.197261 -780.054321
v -254.063950 13.332303 -779.864929
v -253.959244 13.325778 -780.127441
v -253.868927 13.307555 -780.068237
v -253.821335 13.197518 -779.851746
v -253.843704 13.220056 -779.746399
v -254.067780 13.332232 -779.874390
v -253.786530 13.307172 -779.866394
v -253.808899 13.329709 -779.761047
v -239.472473 14.612489 -747.177490
v -239.382141 14.598899 -747.118225
v -239.544159 14.740264 -746.928955
v -239.439453 14.722713 -747.191406
v -239.349121 14.709132 -747.132141
v -239.301544 14.610671 -746.915710
v -239.323914 14.638003 -746.810364
v -239.548004 14.739654 -746.938354
v -239.266724 14.720254 -746.930359
v -239.289124 14.747587 -746.825012
v -212.966644 14.285913 -712.657410
v -212.819138 14.273321 -712.612183
v -212.818817 14.417135 -712.321289
v -212.944489 14.395998 -712.685608
v -212.797058 14.383400 -712.640442
v -212.553162 14.288132 -712.384460
v -212.481506 14.316931 -712.245056
v -212.831299 14.416386 -712.331848
v -212.529999 14.397558 -712.414307
v -212.458374 14.426359 -712.274963
v -161.078629 15.562142 -693.108765
v -160.934341 15.550155 -693.155518
v -160.772995 15.695582 -692.916504
v -161.076294 15.672120 -693.144531
v -160.932083 15.660129 -693.191284
v -160.593140 15.566871 -693.119507
v -160.458008 15.596627 -693.045654
v -160.788864 15.694746 -692.918091
v -160.590942 15.676194 -693.157288
v -160.455902 15.705940 -693.083374
v 79.490822 17.776939 -310.926849
v 79.426315 17.757282 -310.839783
v 79.245743 17.891226 -311.012909
v 79.502823 17.887712 -310.893005
v 79.438263 17.868055 -310.805695
v 79.218681 17.754213 -310.770386
v 79.114342 17.775494 -310.798859
v 79.255470 17.891312 -311.016113
v 79.231415 17.864342 -310.734650
v 79.127014 17.885624 -310.763245
v 110.252243 17.776939 -310.788269
v 110.187607 17.757282 -310.701111
v 110.007126 17.891226 -310.874329
v 110.264099 17.887712 -310.754333
v 110.199753 17.868055 -310.667145
v 109.980255 17.754213 -310.631653
v 109.875824 17.775496 -310.660156
v 110.017075 17.891312 -310.877441
v 109.992950 17.864344 -310.595978
v 109.888657 17.885624 -310.624420
v 39.141224 17.146500 -310.819336
v 39.044189 17.126842 -310.771210
v 38.962067 17.260788 -311.007446
v 39.136467 17.257275 -310.783752
v 39.039291 17.237617 -310.735352
v 38.827641 17.123775 -310.803711
v 38.747665 17.145058 -310.876617
v 38.972225 17.260874 -311.005859
v 38.822712 17.233904 -310.766113
v 38.742828 17.255184 -310.839142
v -92.847839 16.627089 -702.853821
v -92.772400 16.615437 -702.983276
v -92.495483 16.761396 -702.909729
v -92.869766 16.737053 -702.882202
v -92.794434 16.725395 -703.011597
v -92.497375 16.633028 -703.179626
v -92.349014 16.663145 -703.212646
v -92.508301 16.760521 -702.900513
v -92.520691 16.742329 -703.209351
v -92.372360 16.772449 -703.242371
v -61.859589 18.341188 -718.099487
v -61.876450 18.329418 -718.245972
v -61.610901 18.474783 -718.347351
v -61.894104 18.451208 -718.109375
v -61.910904 18.439432 -718.255798
v -61.773315 18.346481 -718.560791
v -61.674194 18.376299 -718.672852
v -61.615662 18.473930 -718.332642
v -61.809677 18.455841 -718.571045
v -61.710602 18.485655 -718.682861
v -36.406342 20.324780 -735.673828
v -36.414978 20.312584 -735.781555
v -36.166077 20.456223 -735.769897
v -36.437592 20.434940 -735.691406
v -36.446228 20.422745 -735.799072
v -36.304596 20.328001 -735.969482
v -36.207703 20.356897 -736.016479
v -36.171173 20.455446 -735.761047
v -36.337524 20.437513 -735.987976
v -36.240662 20.466417 -736.034973
v -16.533600 24.221764 -759.473511
v -16.553833 24.211460 -759.567810
v -16.312164 24.356272 -759.553101
v -16.565643 24.332066 -759.489380
v -16.585999 24.321762 -759.583679
v -16.467712 24.230879 -759.730225
v -16.379150 24.261173 -759.769409
v -16.316132 24.355312 -759.545471
v -16.501495 24.340548 -759.747070
v -16.412903 24.370842 -759.786255
v -123.428574 21.965302 -865.324097
v -123.441574 21.935156 -865.181519
v -123.714233 22.055529 -865.154724
v -123.397690 22.075579 -865.306030
v -123.410645 22.045431 -865.163330
v -123.602448 21.906469 -864.910889
v -123.719086 21.917286 -864.831238
v -123.706772 22.056808 -865.167480
v -123.569839 22.016104 -864.891907
v -123.686539 22.026917 -864.812134
v -138.061554 18.384077 -828.026855
v -138.021545 18.354959 -827.926392
v -138.262848 18.476538 -827.864258
v -138.026520 18.494358 -828.019226
v -137.986465 18.465240 -827.918884
v -138.071655 18.328756 -827.714294
v -138.150421 18.340574 -827.640869
v -138.260590 18.477701 -827.874146
v -138.034714 18.438402 -827.706421
v -138.113510 18.450214 -827.632935
v -154.861267 15.982795 -819.392822
v -154.810196 15.953748 -819.338379
v -155.035553 16.075420 -819.342529
v -154.826508 16.093084 -819.384277
v -154.775436 16.064035 -819.329834
v -154.832672 15.927718 -819.242065
v -154.899796 15.939610 -819.217773
v -155.034561 16.076576 -819.347046
v -154.796066 16.037363 -819.232849
v -154.863205 16.049253 -819.208496
v -130.684113 6.213070 -758.954956
v -130.658478 6.191945 -759.060425
v -130.424713 6.324075 -758.970825
v -130.708405 6.323842 -758.981567
v -130.682755 6.302720 -759.086914
v -130.494095 6.185326 -759.204895
v -130.386841 6.205170 -759.219116
v -130.432419 6.324333 -758.964050
v -130.519745 6.295452 -759.232910
v -130.412476 6.315299 -759.247192
v -97.557938 24.959299 -896.927124
v -97.618011 24.930590 -896.796997
v -97.883987 25.053068 -896.863037
v -97.534897 25.069534 -896.899719
v -97.595093 25.040823 -896.769409
v -97.860321 24.905563 -896.595764
v -97.997025 24.917933 -896.559692
v -97.872757 25.054180 -896.872437
v -97.835983 25.015154 -896.566895
v -97.972717 25.027521 -896.530762
v 48.382019 27.724323 -920.993530
v 48.291779 27.704744 -920.934387
v 48.182678 27.838091 -921.158447
v 48.381592 27.834614 -920.957764
v 48.291199 27.815037 -920.898560
v 48.073792 27.701635 -920.941162
v 47.986145 27.722794 -921.003723
v 48.192810 27.838175 -921.158203
v 48.073486 27.811295 -920.903442
v 47.985718 27.832447 -920.965942
v 19.227753 29.277800 -920.919678
v 19.137390 29.255470 -920.860474
v 19.028351 29.385414 -921.084595
v 19.227295 29.388092 -920.883911
v 19.136902 29.365765 -920.824646
v 18.919556 29.245687 -920.867310
v 18.831757 29.264141 -920.929871
v 19.038574 29.385817 -921.084351
v 18.919006 29.355335 -920.829590
v 18.831390 29.373787 -920.892090
v -13.011017 28.361092 -925.893616
v -13.101410 28.337284 -925.834412
v -13.210388 28.465742 -926.058472
v -13.011414 28.471342 -925.857788
v -13.101715 28.447538 -925.798584
v -13.319214 28.324091 -925.841248
v -13.406921 28.341230 -925.903809
v -13.200226 28.466299 -926.058228
v -13.319763 28.433693 -925.803467
v -13.407379 28.450834 -925.866028
v -51.954681 27.751356 -920.207581
v -52.061249 27.725021 -920.112183
v -52.278503 27.850559 -920.278931
v -51.944519 27.861582 -920.173218
v -52.051178 27.835238 -920.077820
v -52.362640 27.705809 -920.024536
v -52.501953 27.720554 -920.045959
v -52.264374 27.851395 -920.283081
v -52.351837 27.815382 -919.988342
v -52.491150 27.830132 -920.009827
v 3.160919 27.202723 -773.693604
v 3.179504 27.191483 -773.787964
v 3.394897 27.335144 -773.677734
v 3.137756 27.313028 -773.720947
v 3.156403 27.301788 -773.815308
v 3.322449 27.208633 -773.901978
v 3.418945 27.237999 -773.902222
v 3.388306 27.334288 -773.672363
v 3.298157 27.318295 -773.930786
v 3.394684 27.347662 -773.931152
v 24.099609 29.957869 -778.563354
v 24.148804 29.945364 -778.645996
v 24.315033 30.087460 -778.470093
v 24.086914 30.068174 -778.596924
v 24.136169 30.055668 -778.679565
v 24.321899 29.959438 -778.705688
v 24.412964 29.987553 -778.673706
v 24.306946 30.086739 -778.467285
v 24.308655 30.069096 -778.741089
v 24.399841 30.097214 -778.709106
v 46.360870 30.983471 -782.915161
v 46.433929 30.969257 -782.976685
v 46.530426 31.109232 -782.755249
v 46.360168 31.093775 -782.951050
v 46.433228 31.079559 -783.012451
v 46.614563 30.979172 -782.974854
v 46.688751 31.005606 -782.914307
v 46.522034 31.108715 -782.755249
v 46.613861 31.088831 -783.012695
v 46.688202 31.115263 -782.952026
v 68.005402 31.987022 -787.965088
v 68.095825 31.970652 -788.024292
v 68.204834 32.107967 -787.800293
v 68.005890 32.097321 -788.000977
v 68.096222 32.080952 -788.060181
v 68.313721 31.975340 -788.017456
v 68.401367 31.999655 -787.954956
v 68.194702 32.107693 -787.800537
v 68.314117 32.084995 -788.055176
v 68.401764 32.109310 -787.992676
v -2.342987 25.303244 -893.551514
v -2.247162 25.282259 -893.602417
v -2.158783 25.414566 -893.368164
v -2.339325 25.414013 -893.587280
v -2.243469 25.393032 -893.638184
v -2.029938 25.275969 -893.575439
v -1.947998 25.295942 -893.504761
v -2.169006 25.414804 -893.369446
v -2.026031 25.386099 -893.613159
v -1.944061 25.406065 -893.542603
v 35.859772 26.017162 -892.914185
v 35.950653 25.995707 -892.973450
v 36.059601 26.127428 -892.748169
v 35.860291 26.127934 -892.950195
v 35.951202 26.106478 -893.009399
v 36.169525 25.988277 -892.966003
v 36.257416 26.007790 -892.902954
v 36.049438 26.127718 -892.748413
v 36.170013 26.098406 -893.003967
v 36.257904 26.117918 -892.940918
v 65.628784 27.162806 -892.639160
v 65.720673 27.141680 -892.696899
v 65.825836 27.273811 -892.469788
v 65.629883 27.273577 -892.675171
v 65.721771 27.252453 -892.732910
v 65.939301 27.135061 -892.685852
v 66.026154 27.154905 -892.621338
v 65.815613 27.274067 -892.470215
v 65.940491 27.245188 -892.723816
v 66.027313 27.265032 -892.659302
v 187.008041 18.228785 -327.352783
v 186.973740 18.209127 -327.250031
v 186.748367 18.343073 -327.358551
v 187.029984 18.339558 -327.324310
v 186.995651 18.319901 -327.221313
v 186.798035 18.206059 -327.119629
v 186.690018 18.227341 -327.114380
v 186.756821 18.343159 -327.364685
v 186.821213 18.316187 -327.089630
v 186.713074 18.337469 -327.084473
v 216.295929 18.496351 -336.618073
v 216.261520 18.476692 -336.515167
v 216.036209 18.610636 -336.623932
v 216.317734 18.607124 -336.589508
v 216.283524 18.587465 -336.486633
v 216.085938 18.473623 -336.384888
v 215.977859 18.494905 -336.379608
v 216.044708 18.610723 -336.630005
v 216.109100 18.583752 -336.354889
v 216.001129 18.605034 -336.349579
v 148.680542 18.175463 -314.596741
v 148.603241 18.155806 -314.520905
v 148.451935 18.289749 -314.720032
v 148.687119 18.286238 -314.561432
v 148.609711 18.266579 -314.485321
v 148.387329 18.152737 -314.484772
v 148.288651 18.174021 -314.529205
v 148.462082 18.289837 -314.721771
v 148.394287 18.262867 -314.447449
v 148.295746 18.284147 -314.492096
v 233.650803 21.459923 -372.761688
v 233.707977 21.440266 -372.853882
v 233.902222 21.574209 -372.696045
v 233.635986 21.570696 -372.794495
v 233.693176 21.551039 -372.886688
v 233.909271 21.437197 -372.940002
v 234.015625 21.458479 -372.920227
v 233.892853 21.574295 -372.691956
v 233.893646 21.547325 -372.974548
v 234.000031 21.568607 -372.954773
v 97.221443 30.420946 -794.432556
v 97.311272 30.401375 -794.492554
v 97.422249 30.534742 -794.269409
v 97.221550 30.531242 -794.468384
v 97.311348 30.511669 -794.528381
v 97.529182 30.398319 -794.487610
v 97.617439 30.419512 -794.425842
v 97.412102 30.534826 -794.269592
v 97.529274 30.507973 -794.525391
v 97.617531 30.529161 -794.463623
v 133.048294 31.558968 -819.147644
v 133.149796 31.542532 -819.223328
v 133.318909 31.679794 -819.022888
v 133.043182 31.669266 -819.183105
v 133.144653 31.652832 -819.258728
v 133.417862 31.547142 -819.258301
v 133.535370 31.571457 -819.213562
v 133.306396 31.679520 -819.021179
v 133.412415 31.656799 -819.295654
v 133.529816 31.681112 -819.250916
v 156.147110 30.896757 -843.164368
v 156.228790 30.883772 -843.261658
v 156.440292 31.025286 -843.106079
v 156.133957 31.007059 -843.197693
v 156.215546 30.994074 -843.294922
v 156.482590 30.896729 -843.358276
v 156.607742 30.924419 -843.342102
v 156.428421 31.024626 -843.101501
v 156.468597 31.006388 -843.393311
v 156.593765 31.034082 -843.377197
v 166.622162 30.444773 -877.337097
v 166.678711 30.433977 -877.450439
v 166.920151 30.578194 -877.347839
v 166.601654 30.555079 -877.366516
v 166.658173 30.544283 -877.479797
v 166.902527 30.452236 -877.602722
v 167.027740 30.482073 -877.615784
v 166.909744 30.577291 -877.340698
v 166.880859 30.561903 -877.633606
v 167.005951 30.591738 -877.646667
v 139.317291 35.603817 -968.598450
v 139.278976 35.574490 -968.497437
v 139.059082 35.695797 -968.614624
v 139.337997 35.714100 -968.569153
v 139.299728 35.684772 -968.468201
v 139.098724 35.547764 -968.374878
v 138.990997 35.559368 -968.373901
v 139.067429 35.696987 -968.620361
v 139.120560 35.657406 -968.344055
v 139.012817 35.669010 -968.343140
v 116.852341 32.825527 -948.014282
v 116.814011 32.796909 -947.913269
v 116.594131 32.919102 -948.030457
v 116.873032 32.935810 -947.985046
v 116.834763 32.907192 -947.884033
v 116.633774 32.771923 -947.790710
v 116.526031 32.784241 -947.789795
v 116.602463 32.920208 -948.036194
v 116.655594 32.881565 -947.759949
v 116.547913 32.893883 -947.758972
v 100.323845 29.312914 -930.218079
v 100.280998 29.286259 -930.132935
v 100.106041 29.410885 -930.298828
v 100.338524 29.423204 -930.185364
v 100.295647 29.396547 -930.100220
v 100.115044 29.266054 -930.063721
v 100.023384 29.280312 -930.090393
v 100.113747 29.411772 -930.302185
v 100.130424 29.375700 -930.029236
v 100.038734 29.389957 -930.055908
v 78.161415 27.669510 -922.675293
v 78.099648 27.646070 -922.602295
v 77.967476 27.774679 -922.804199
v 78.168129 27.779802 -922.640076
v 78.106316 27.756361 -922.567139
v 77.921333 27.633688 -922.573242
v 77.837990 27.651121 -922.620361
v 77.975746 27.775198 -922.805603
v 77.928307 27.743338 -922.536194
v 77.844933 27.760767 -922.583252
v 255.725983 20.913376 -386.305481
v 255.756012 20.893717 -386.409729
v 255.985748 21.027664 -386.310486
v 255.702820 21.024149 -386.333069
v 255.732849 21.004492 -386.437317
v 255.926407 20.890650 -386.547180
v 256.034149 20.911932 -386.556976
v 255.977844 21.027748 -386.303986
v 255.901993 21.000778 -386.576202
v 256.009735 21.022060 -386.585999
v 277.848633 21.531296 -402.180817
v 277.873779 21.511637 -402.286316
v 278.107880 21.645580 -402.197876
v 277.824219 21.642067 -402.207245
v 277.849365 21.622410 -402.312775
v 278.037567 21.508570 -402.431549
v 278.144745 21.529850 -402.446381
v 278.100311 21.645668 -402.191071
v 278.011871 21.618698 -402.459442
v 278.119019 21.639978 -402.474243
v 312.376495 22.155186 -444.189331
v 312.464935 22.133732 -444.252258
v 312.582977 22.265455 -444.031555
v 312.375610 22.265959 -444.225372
v 312.463959 22.244507 -444.288208
v 312.683838 22.126305 -444.253845
v 312.774261 22.145817 -444.194458
v 312.572754 22.265747 -444.031525
v 312.682800 22.236431 -444.291687
v 312.773224 22.255947 -444.232361
v 387.017487 37.696941 -958.320190
v 386.909515 37.678036 -958.322571
v 386.946564 37.812229 -958.568970
v 386.996887 37.807240 -958.290894
v 386.888885 37.788342 -958.293274
v 386.733826 37.676601 -958.451599
v 386.696960 37.698452 -958.552856
v 386.954803 37.812244 -958.563049
v 386.712097 37.786259 -958.420776
v 386.675232 37.808102 -958.521912
v 360.067657 38.491253 -981.979248
v 359.959686 38.472195 -981.981628
v 359.996704 38.606182 -982.228088
v 360.047028 38.601551 -981.949951
v 359.938995 38.582485 -981.952393
v 359.783966 38.470364 -982.110718
v 359.747131 38.492054 -982.211914
v 360.004944 38.606213 -982.222107
v 359.762207 38.580021 -982.079834
v 359.725372 38.601704 -982.181030
v 331.573242 39.238449 -1005.255249
v 331.444489 39.219193 -1005.245422
v 331.403900 39.352951 -1005.505737
v 331.558838 39.348740 -1005.222473
v 331.430084 39.329491 -1005.212646
v 331.192230 39.216911 -1005.359131
v 331.113708 39.238419 -1005.459900
v 331.415710 39.353004 -1005.500488
v 331.177124 39.326569 -1005.324524
v 331.098572 39.348068 -1005.425293
v 321.834045 38.520382 -939.027222
v 321.942047 38.500332 -939.024780
v 321.904999 38.633114 -938.778381
v 321.854675 38.630680 -939.056458
v 321.962677 38.610638 -939.054138
v 322.117706 38.496128 -938.895813
v 322.154572 38.516842 -938.794556
v 321.896729 38.633251 -938.784363
v 322.139435 38.605778 -938.926636
v 322.176331 38.626492 -938.825439
v 345.371948 38.056320 -923.146057
v 345.479980 38.036102 -923.143677
v 345.442932 38.168686 -922.897217
v 345.392609 38.166611 -923.175354
v 345.500610 38.146400 -923.172974
v 345.655640 38.031494 -923.014648
v 345.692535 38.052048 -922.913391
v 345.434662 38.168839 -922.903198
v 345.677399 38.141151 -923.045532
v 345.714233 38.161705 -922.944275
v 409.385040 36.483326 -937.548218
v 409.277008 36.464558 -937.550598
v 409.314087 36.598911 -937.796997
v 409.364380 36.593616 -937.518921
v 409.256348 36.574848 -937.521301
v 409.101318 36.463436 -937.679626
v 409.064453 36.485409 -937.780823
v 409.322327 36.598904 -937.791016
v 409.079590 36.573093 -937.648743
v 409.042725 36.595066 -937.749939
v 476.284119 36.959942 -878.330383
v 476.176086 36.941387 -878.332764
v 476.213196 37.076023 -878.579163
v 476.263519 37.070240 -878.301086
v 476.155518 37.051693 -878.303467
v 476.000458 36.940823 -878.461792
v 475.963623 36.963017 -878.562988
v 476.221436 37.075993 -878.573242
v 475.978760 37.050480 -878.430908
v 475.941833 37.072674 -878.532166
v 456.118835 36.500557 -896.004578
v 456.010895 36.481972 -896.006958
v 456.047943 36.616554 -896.253418
v 456.098206 36.610855 -895.975342
v 455.990234 36.592262 -895.977661
v 455.835205 36.481308 -896.135986
v 455.798279 36.503456 -896.237244
v 456.056183 36.616524 -896.247437
v 455.813446 36.590958 -896.105164
v 455.776611 36.613113 -896.206299
v 435.383209 36.588448 -914.364197
v 435.275177 36.569794 -914.366577
v 435.312286 36.704292 -914.613037
v 435.362579 36.698746 -914.334900
v 435.254547 36.680092 -914.337280
v 435.099548 36.568970 -914.495605
v 435.062714 36.591057 -914.596802
v 435.320496 36.704277 -914.607056
v 435.077759 36.678619 -914.464722
v 435.040924 36.700714 -914.565979
v 397.265991 36.358139 -887.042053
v 397.374054 36.337662 -887.039673
v 397.336914 36.469910 -886.793274
v 397.286621 36.468430 -887.071350
v 397.394623 36.447960 -887.068970
v 397.549652 36.332413 -886.910706
v 397.586548 36.352715 -886.809448
v 397.328674 36.470100 -886.799255
v 397.571411 36.442070 -886.941528
v 397.608276 36.462372 -886.840332
v 420.132233 35.975430 -870.198059
v 420.240265 35.954884 -870.195618
v 420.203125 36.087040 -869.949280
v 420.152832 36.085720 -870.227356
v 420.260803 36.065174 -870.225037
v 420.415894 35.949459 -870.066650
v 420.452698 35.969692 -869.965454
v 420.194885 36.087238 -869.955261
v 420.437561 36.059109 -870.097534
v 420.474487 36.079342 -869.996277
v 443.670166 37.059887 -854.316895
v 443.778168 37.039295 -854.314514
v 443.741058 37.171398 -854.068176
v 443.690826 37.170177 -854.346191
v 443.798798 37.149593 -854.343811
v 443.953827 37.033764 -854.185547
v 443.990723 37.053959 -854.084290
v 443.732880 37.171597 -854.074036
v 443.975555 37.143414 -854.216370
v 444.012421 37.163601 -854.115173
v 443.884521 17.083405 -487.284393
v 443.852142 17.061949 -487.180878
v 443.624664 17.193670 -487.285187
v 443.907104 17.194176 -487.256348
v 443.874664 17.172720 -487.152771
v 443.678650 17.054514 -487.047180
v 443.570770 17.074026 -487.039825
v 443.632690 17.193956 -487.291473
v 443.702454 17.164642 -487.017639
v 443.594543 17.184156 -487.010254
v 398.944550 19.723848 -455.410767
v 398.905304 19.702723 -455.309601
v 398.685333 19.834854 -455.429108
v 398.965118 19.834618 -455.381226
v 398.925873 19.813496 -455.280090
v 398.723236 19.696106 -455.188019
v 398.615021 19.715950 -455.187927
v 398.693756 19.835114 -455.434814
v 398.744934 19.806236 -455.156799
v 398.636719 19.826078 -455.156830
v 177.215240 30.659180 -906.869263
v 177.253571 30.649364 -906.970276
v 177.473480 30.794785 -906.853088
v 177.194550 30.769482 -906.898499
v 177.232819 30.759670 -906.999512
v 177.433868 30.669981 -907.092834
v 177.541534 30.700752 -907.093750
v 177.465118 30.793762 -906.847290
v 177.412018 30.779642 -907.123596
v 177.519684 30.810417 -907.124573
v 197.959320 34.144878 -926.659119
v 197.997650 34.134430 -926.760132
v 198.217560 34.279068 -926.642944
v 197.938568 34.255180 -926.688354
v 197.976898 34.244736 -926.789368
v 198.177887 34.153496 -926.882690
v 198.285614 34.183640 -926.883667
v 198.209137 34.278114 -926.637207
v 198.156036 34.263161 -926.913452
v 198.263763 34.293297 -926.914429
v 284.278717 38.931858 -1036.959595
v 284.159241 38.912342 -1036.909790
v 284.038422 39.045780 -1037.144165
v 284.275299 39.042149 -1036.923828
v 284.155884 39.022640 -1036.874023
v 283.883179 38.909428 -1036.938477
v 283.776581 38.930668 -1037.009399
v 284.051331 39.045856 -1037.142822
v 283.879700 39.019077 -1036.900757
v 283.773132 39.040325 -1036.971802
v 236.710663 41.236591 -1041.794678
v 236.608582 41.213627 -1041.715332
v 236.430450 41.342808 -1041.909668
v 236.716766 41.346874 -1041.759399
v 236.614746 41.323925 -1041.679932
v 236.334900 41.202320 -1041.670288
v 236.213501 41.220150 -1041.710693
v 236.443207 41.343273 -1041.911743
v 236.341492 41.311977 -1041.633057
v 236.220093 41.329800 -1041.673584
v 192.634460 40.213600 -1017.300293
v 192.556213 40.187279 -1017.196411
v 192.332336 40.312286 -1017.336609
v 192.649658 40.323891 -1017.267822
v 192.571411 40.297562 -1017.163940
v 192.302307 40.167801 -1017.080139
v 192.173828 40.182327 -1017.086914
v 192.344116 40.313141 -1017.342041
v 192.318481 40.277443 -1017.046021
v 192.189941 40.291969 -1017.052734
v 167.460083 39.237556 -994.930786
v 167.421753 39.209114 -994.829834
v 167.201843 39.331512 -994.947021
v 167.480835 39.347847 -994.901611
v 167.442505 39.319397 -994.800598
v 167.241516 39.184517 -994.707275
v 167.133789 39.196976 -994.706299
v 167.210205 39.332603 -994.952759
v 167.263367 39.294159 -994.676514
v 167.155640 39.306618 -994.675537
v 509.017639 36.551197 -848.723450
v 508.909607 36.532658 -848.725830
v 508.946655 36.667301 -848.972290
v 508.997009 36.661488 -848.694153
v 508.888977 36.642956 -848.696533
v 508.733948 36.532108 -848.854858
v 508.697021 36.554310 -848.956055
v 508.954926 36.667271 -848.966309
v 508.712158 36.641766 -848.823975
v 508.675293 36.663967 -848.925232
v 373.821838 36.573151 -903.057068
v 373.929749 36.552773 -903.054749
v 373.892700 36.685150 -902.808350
v 373.842407 36.683441 -903.086426
v 373.950439 36.663071 -903.084045
v 374.105469 36.547768 -902.925720
v 374.142334 36.568169 -902.824463
v 373.884491 36.685326 -902.814270
v 374.127197 36.657425 -902.956604
v 374.164062 36.677826 -902.855347
v 472.765381 35.764141 -742.729736
v 472.821411 35.745327 -742.822021
v 473.016235 35.879642 -742.666748
v 472.750183 35.874432 -742.762207
v 472.806274 35.855625 -742.854614
v 473.020935 35.744122 -742.909668
v 473.127014 35.766056 -742.890991
v 473.006958 35.879635 -742.662598
v 473.005066 35.853779 -742.943970
v 473.111206 35.875713 -742.925293
v 498.356842 36.331783 -755.025452
v 498.412903 36.313084 -755.117798
v 498.607758 36.447529 -754.962463
v 498.341797 36.442074 -755.057983
v 498.397888 36.423382 -755.150330
v 498.612488 36.312145 -755.205444
v 498.718536 36.334187 -755.186707
v 498.598511 36.447514 -754.958313
v 498.596680 36.421795 -755.239685
v 498.702698 36.443844 -755.221008
v 539.428101 36.076595 -776.413513
v 539.573975 36.057972 -776.609680
v 539.925354 36.192524 -776.609863
v 539.407959 36.186893 -776.443359
v 539.553711 36.168270 -776.639404
v 540.010864 36.057240 -776.965637
v 540.221802 36.079365 -777.062866
v 539.904907 36.192501 -776.593140
v 539.988953 36.166889 -776.996460
v 540.199646 36.189014 -777.093628
v 539.140991 37.002312 -821.974304
v 538.926392 36.983749 -822.096924
v 538.881226 37.118362 -822.447266
v 539.114014 37.112610 -821.950623
v 538.899536 37.094048 -822.072998
v 538.515137 36.983139 -822.490723
v 538.390930 37.005318 -822.689636
v 538.900452 37.118332 -822.428955
v 538.487122 37.092789 -822.465210
v 538.362976 37.114975 -822.664062
v 471.522919 36.862370 -834.646057
v 471.630890 36.841763 -834.643677
v 471.593872 36.973850 -834.397278
v 471.543518 36.972668 -834.675354
v 471.651611 36.952061 -834.672974
v 471.806641 36.836201 -834.514648
v 471.843506 36.856380 -834.413452
v 471.585663 36.974056 -834.403198
v 471.828369 36.945858 -834.545532
v 471.865265 36.966030 -834.444275
v 501.370270 38.768776 -813.846863
v 501.263672 38.748192 -813.864502
v 501.335419 38.880310 -814.103149
v 501.345734 38.879066 -813.820740
v 501.239136 38.858482 -813.838379
v 501.108093 38.742676 -814.017151
v 501.085968 38.762871 -814.122620
v 501.342651 38.880516 -814.096130
v 501.082184 38.852333 -813.989685
v 501.060089 38.872528 -814.095093
v 498.322998 38.553040 -804.251404
v 498.257507 38.532509 -804.277893
v 498.334625 38.664680 -804.059448
v 498.303619 38.663338 -804.281494
v 498.238281 38.642799 -804.308105
v 498.179199 38.527115 -804.216248
v 498.178314 38.547356 -804.140564
v 498.338470 38.664879 -804.062378
v 498.159393 38.636765 -804.248352
v 498.158600 38.657005 -804.172729
v 479.822693 36.454926 -795.538269
v 479.766602 36.434464 -795.445923
v 479.571747 36.566734 -795.601257
v 479.837738 36.565224 -795.505737
v 479.781647 36.544762 -795.413391
v 479.567108 36.429253 -795.358276
v 479.461029 36.449570 -795.377014
v 479.581085 36.566917 -795.605347
v 479.582947 36.538910 -795.324036
v 479.476807 36.559227 -795.342712
v 453.730408 39.199936 -713.844482
v 453.786530 39.180954 -713.936768
v 453.981384 39.315056 -713.781494
v 453.715424 39.310234 -713.876953
v 453.771423 39.291252 -713.969299
v 453.986053 39.179337 -714.024414
v 454.092163 39.201111 -714.005737
v 453.972076 39.315071 -713.777344
v 453.970215 39.288994 -714.058716
v 454.076263 39.310760 -714.039978
v 446.840454 35.760902 -792.065796
v 446.787048 35.740570 -791.968018
v 446.601624 35.873001 -792.103088
v 446.854858 35.871193 -792.034912
v 446.801331 35.850868 -791.937134
v 446.596863 35.735680 -791.860352
v 446.495850 35.756119 -791.868164
v 446.610413 35.873177 -792.108154
v 446.611877 35.845329 -791.827820
v 446.510803 35.865776 -791.835632
v 416.612915 35.851547 -792.141052
v 416.557007 35.831352 -792.048157
v 416.375488 35.963959 -792.174683
v 416.626282 35.961838 -792.111877
v 416.570557 35.941650 -792.019104
v 416.364624 35.826797 -791.945068
v 416.264099 35.847382 -791.951782
v 416.384460 35.964111 -792.179565
v 416.378906 35.936455 -791.914429
v 416.278259 35.957039 -791.921082
v 389.585632 35.137402 -782.234863
v 389.528015 35.117374 -782.145691
v 389.348816 35.250187 -782.267761
v 389.598572 35.247700 -782.206848
v 389.541138 35.227673 -782.117676
v 389.333740 35.113232 -782.046997
v 389.233154 35.133976 -782.053711
v 389.357788 35.250324 -782.272339
v 389.347351 35.222881 -782.017456
v 389.246826 35.243626 -782.024170
v 471.895782 15.371140 -506.321594
v 471.845734 15.350157 -506.225342
v 471.640106 15.482462 -506.368164
v 471.913086 15.481909 -506.290039
v 471.862946 15.460928 -506.193787
v 471.651398 15.343863 -506.124451
v 471.543915 15.363834 -506.136200
v 471.649231 15.482697 -506.372986
v 471.669586 15.453990 -506.091156
v 471.562103 15.473957 -506.102844
v 501.671783 12.477339 -507.407959
v 501.566040 12.456212 -507.383575
v 501.541321 12.588345 -507.632690
v 501.658905 12.588110 -507.374329
v 501.553253 12.566986 -507.349976
v 501.363098 12.449599 -507.465912
v 501.302216 12.469443 -507.555389
v 501.550690 12.588605 -507.628967
v 501.349487 12.559727 -507.430389
v 501.288666 12.579569 -507.519958
v 534.267883 6.122998 -357.609497
v 534.359253 6.103342 -357.551025
v 534.198547 6.237286 -357.359222
v 534.300842 6.233771 -357.623962
v 534.392273 6.214114 -357.565399
v 534.442383 6.100274 -357.348511
v 534.421021 6.121556 -357.242340
v 534.194702 6.237372 -357.368591
v 534.477173 6.210402 -357.363525
v 534.455872 6.231683 -357.257507
v 509.953156 4.064083 -345.417999
v 510.027344 4.044425 -345.338776
v 509.824402 4.178369 -345.192444
v 509.988708 4.174855 -345.423767
v 510.062866 4.155198 -345.344635
v 510.058228 4.041357 -345.122131
v 510.011414 4.062639 -345.024597
v 509.822937 4.178455 -345.202454
v 510.095551 4.151484 -345.128174
v 510.048798 4.172766 -345.030609
v 514.431702 4.343515 -388.753082
v 514.420410 4.323858 -388.861053
v 514.670532 4.457803 -388.854980
v 514.399902 4.454289 -388.769989
v 514.388611 4.434632 -388.877838
v 514.526794 4.320790 -389.052185
v 514.622986 4.342072 -389.101715
v 514.665710 4.457889 -388.846069
v 514.493347 4.430918 -389.070038
v 514.589600 4.452199 -389.119507
v 283.926392 33.200005 -649.922241
v 283.883392 33.178879 -649.822571
v 283.668060 33.311008 -649.950317
v 283.945923 33.310776 -649.891968
v 283.902832 33.289654 -649.792358
v 283.697052 33.172253 -649.707947
v 283.588928 33.192097 -649.711914
v 283.676819 33.311260 -649.955750
v 283.717590 33.282379 -649.675964
v 283.609467 33.302227 -649.679993
v 190.101959 27.382187 -601.913879
v 190.089752 27.361061 -601.805969
v 189.846603 27.493191 -601.865723
v 190.129440 27.492958 -601.890564
v 190.117111 27.471836 -601.782776
v 189.944717 27.354431 -601.642151
v 189.840118 27.374275 -601.614563
v 189.853455 27.493435 -601.873413
v 189.973663 27.464556 -601.617554
v 189.869064 27.484402 -601.589966
v 185.700546 22.841986 -518.489197
v 185.791748 22.820860 -518.430176
v 185.629959 22.952990 -518.239136
v 185.733688 22.952757 -518.503418
v 185.824707 22.931635 -518.444397
v 185.873779 22.814230 -518.227478
v 185.851944 22.834074 -518.121521
v 185.626129 22.953234 -518.248779
v 185.908737 22.924355 -518.242371
v 185.886810 22.944201 -518.136475
v 217.741852 21.319628 -479.388794
v 217.850418 21.298502 -479.384888
v 217.809509 21.430632 -479.137970
v 217.762985 21.430399 -479.418060
v 217.871399 21.409279 -479.414062
v 218.024857 21.291878 -479.253052
v 218.060486 21.311722 -479.150848
v 217.801361 21.430883 -479.144287
v 218.047241 21.402002 -479.283722
v 218.082703 21.421850 -479.181610
v 427.909821 3.051827 -60.897316
v 427.913910 3.032171 -61.005772
v 428.160828 3.166116 -60.964760
v 427.880707 3.162601 -60.918480
v 427.884796 3.142943 -61.026936
v 428.046173 3.029103 -61.180191
v 428.148376 3.050385 -61.215675
v 428.154663 3.166200 -60.956589
v 428.015503 3.139230 -61.202503
v 428.117706 3.160512 -61.237965
v 410.496002 2.980456 -34.696968
v 410.540833 2.960799 -34.795753
v 410.753784 3.094744 -34.664375
v 410.477112 3.091230 -34.727577
v 410.521912 3.071572 -34.826412
v 410.729309 2.957732 -34.907169
v 410.837311 2.979013 -34.901310
v 410.745026 3.094829 -34.659096
v 410.709351 3.067860 -34.939445
v 410.817352 3.089141 -34.933533
v 385.385162 2.433909 -22.880632
v 385.475037 2.414252 -22.941366
v 385.587677 2.548197 -22.717876
v 385.385010 2.544683 -22.916615
v 385.474945 2.525026 -22.977362
v 385.693939 2.411184 -22.937586
v 385.782867 2.432466 -22.876038
v 385.577454 2.548282 -22.717979
v 385.693817 2.521313 -22.975494
v 385.782776 2.542594 -22.913923
v 356.843933 3.051830 -22.608973
v 356.934692 3.032173 -22.668413
v 357.044128 3.166118 -22.443327
v 356.844269 3.162604 -22.644968
v 356.935120 3.142946 -22.704407
v 357.153503 3.029105 -22.661484
v 357.241547 3.050387 -22.598644
v 357.033936 3.166203 -22.443596
v 357.153961 3.139233 -22.699408
v 357.242035 3.160515 -22.636570
v 400.004181 5.809024 14.098829
v 399.917114 5.787570 14.163620
v 399.794403 5.919292 13.945528
v 400.005859 5.919795 14.134846
v 399.918793 5.898341 14.199585
v 399.698364 5.780147 14.169920
v 399.606750 5.799658 14.112516
v 399.804718 5.919589 13.945347
v 399.700195 5.890273 14.207760
v 399.608490 5.909788 14.150408
v 457.473938 2.980450 -112.837540
v 457.460785 2.960793 -112.945244
v 457.711060 3.094738 -112.943840
v 457.441895 3.091223 -112.853851
v 457.428711 3.071568 -112.961563
v 457.563782 2.957726 -113.138397
v 457.659058 2.979007 -113.189606
v 457.706329 3.094823 -112.934792
v 457.529938 3.067853 -113.155594
v 457.625244 3.089135 -113.206795
v 443.683990 2.433904 -86.891228
v 443.686462 2.414247 -86.999680
v 443.933960 2.548191 -86.962234
v 443.654602 2.544678 -86.911964
v 443.657074 2.525020 -87.020439
v 443.816223 2.411179 -87.176010
v 443.917908 2.432460 -87.212914
v 443.927917 2.548277 -86.953949
v 443.785248 2.521307 -87.197876
v 443.886932 2.542588 -87.234795
v 538.587402 4.600498 -153.683380
v 538.609619 4.580841 -153.789597
v 538.846130 4.714786 -153.707657
v 538.562256 4.711270 -153.709183
v 538.584534 4.691615 -153.815399
v 538.769348 4.577773 -153.939331
v 538.876038 4.599054 -153.957077
v 538.838684 4.714870 -153.700653
v 538.742859 4.687901 -153.966461
v 538.849609 4.709182 -153.984238
v 499.745636 2.433900 -154.695709
v 499.836090 2.414242 -154.755569
v 499.946564 2.548187 -154.531006
v 499.745850 2.544673 -154.731705
v 499.836365 2.525016 -154.791565
v 500.054962 2.411174 -154.749619
v 500.143250 2.432456 -154.687195
v 499.936340 2.548272 -154.531204
v 500.055176 2.521302 -154.787521
v 500.143585 2.542583 -154.725098
v 474.275848 3.051820 -143.083405
v 474.291626 3.032164 -143.190750
v 474.532654 3.166109 -143.123230
v 474.249176 3.162594 -143.107559
v 474.265015 3.142937 -143.214951
v 474.442017 3.029096 -143.349823
v 474.547516 3.050378 -143.374023
v 474.525696 3.166194 -143.115753
v 474.414001 3.139224 -143.375336
v 474.519440 3.160506 -143.399490
v 613.114868 4.420934 -77.154503
v 613.173706 4.399809 -77.063385
v 612.947937 4.531942 -76.955421
v 613.150818 4.531707 -77.153877
v 613.209717 4.510581 -77.062759
v 613.165405 4.393189 -76.844627
v 613.101990 4.413034 -76.756973
v 612.948242 4.532195 -76.965591
v 613.203308 4.503316 -76.843933
v 613.139893 4.523162 -76.756279
v 586.555176 4.420934 -76.831314
v 586.464233 4.399809 -76.772133
v 586.355469 4.531942 -76.997520
v 586.554626 4.531707 -76.795319
v 586.463684 4.510581 -76.736137
v 586.245483 4.393188 -76.779678
v 586.157593 4.413033 -76.842789
v 586.365662 4.532194 -76.997238
v 586.244873 4.503315 -76.741730
v 586.156982 4.523162 -76.804832
v 563.086487 4.420933 -77.166344
v 562.995544 4.399808 -77.107155
v 562.886780 4.531942 -77.332535
v 563.085938 4.531706 -77.130341
v 562.994995 4.510580 -77.071159
v 562.776794 4.393187 -77.114670
v 562.688904 4.413033 -77.177773
v 562.896973 4.532193 -77.332268
v 562.776184 4.503314 -77.076759
v 562.688354 4.523161 -77.139862
v 612.779175 4.193840 -42.944221
v 612.838074 4.172857 -42.853104
v 612.612305 4.305161 -42.745110
v 612.815186 4.304610 -42.943558
v 612.874023 4.283630 -42.852402
v 612.829712 4.166564 -42.634323
v 612.766357 4.186536 -42.546661
v 612.612610 4.305398 -42.755280
v 612.867676 4.276690 -42.633652
v 612.804260 4.296661 -42.546005
v 611.853210 3.656988 -16.980835
v 611.912048 3.635534 -16.889709
v 611.686279 3.767255 -16.781677
v 611.889160 3.767760 -16.980164
v 611.948059 3.746305 -16.889000
v 611.903748 3.628102 -16.670921
v 611.840332 3.647615 -16.583260
v 611.686646 3.767544 -16.791885
v 611.941650 3.738228 -16.670258
v 611.878296 3.757742 -16.582565
v 611.885132 4.420940 13.641518
v 611.944031 4.399816 13.732635
v 611.718262 4.531949 13.840637
v 611.921143 4.531714 13.642143
v 611.979980 4.510588 13.733307
v 611.935730 4.393196 13.951385
v 611.872314 4.413041 14.039047
v 611.718567 4.532202 13.830460
v 611.973633 4.503322 13.952087
v 611.910217 4.523169 14.039780
v 585.324829 4.420941 13.964737
v 585.233887 4.399816 14.023918
v 585.125061 4.531949 13.798531
v 585.324280 4.531714 14.000732
v 585.233337 4.510588 14.059914
v 585.015076 4.393195 14.016365
v 584.927246 4.413040 13.953262
v 585.135315 4.532201 13.798805
v 585.014526 4.503322 14.054283
v 584.926636 4.523169 13.991211
v 561.856140 4.420940 13.629669
v 561.765198 4.399815 13.688858
v 561.656433 4.531949 13.463470
v 561.855591 4.531713 13.665710
v 561.764648 4.510587 13.724884
v 561.546387 4.393194 13.681335
v 561.458557 4.413040 13.618233
v 561.666626 4.532200 13.463776
v 561.545837 4.503321 13.719254
v 561.457947 4.523168 13.656189
v 562.573792 4.193840 -43.662560
v 562.632629 4.172856 -43.571434
v 562.406860 4.305161 -43.463440
v 562.609741 4.304610 -43.661892
v 562.668640 4.283628 -43.570732
v 562.624329 4.166564 -43.352646
v 562.560913 4.186536 -43.264992
v 562.407166 4.305398 -43.473610
v 562.662231 4.276690 -43.351990
v 562.598877 4.296661 -43.264328
v 561.647766 3.656988 -17.699158
v 561.706665 3.635534 -17.608040
v 561.480896 3.767255 -17.500000
v 561.683777 3.767760 -17.698486
v 561.742615 3.746305 -17.607330
v 561.698364 3.628102 -17.389244
v 561.634949 3.647615 -17.301590
v 561.481201 3.767544 -17.510216
v 561.736267 3.738228 -17.388588
v 561.672852 3.757742 -17.300896
v 263.376740 5.809024 14.098831
v 263.289673 5.787571 14.163618
v 263.166962 5.919292 13.945513
v 263.378479 5.919796 14.134850
v 263.291412 5.898342 14.199568
v 263.071014 5.780147 14.169914
v 262.979370 5.799658 14.112501
v 263.177368 5.919589 13.945333
v 263.072845 5.890273 14.207737
v 262.981140 5.909789 14.150408
v 202.285446 4.193845 26.157726
v 202.375671 4.172862 26.097467
v 202.487137 4.305167 26.321545
v 202.285553 4.304616 26.121735
v 202.375763 4.283635 26.061472
v 202.594528 4.166569 26.102409
v 202.683167 4.186540 26.164450
v 202.476929 4.305403 26.321381
v 202.594635 4.276696 26.064489
v 202.683273 4.296666 26.126526
v 230.800690 3.132745 26.842953
v 230.890900 3.111291 26.782694
v 231.002350 3.243013 27.006773
v 230.800781 3.243517 26.806961
v 230.890991 3.222063 26.746702
v 231.109772 3.103859 26.787636
v 231.198395 3.123372 26.849676
v 230.992157 3.243302 27.006611
v 231.109863 3.213985 26.749716
v 231.198486 3.233499 26.811758
v 259.313873 3.213069 26.349089
v 259.404083 3.191943 26.288830
v 259.515564 3.324078 26.512907
v 259.313995 3.323842 26.313097
v 259.404205 3.302716 26.252838
v 259.622955 3.185323 26.293772
v 259.711578 3.205169 26.355812
v 259.505371 3.324329 26.512747
v 259.623047 3.295449 26.255852
v 259.711700 3.315296 26.317892
v 324.915344 3.051830 -22.721214
v 325.006134 3.032173 -22.780638
v 325.115540 3.166118 -22.555569
v 324.915710 3.162603 -22.757187
v 325.006561 3.142946 -22.816626
v 325.224915 3.029106 -22.773701
v 325.312988 3.050387 -22.710863
v 325.105347 3.166202 -22.555836
v 325.225372 3.139233 -22.811649
v 325.313446 3.160515 -22.748810
v 173.803558 4.121059 -86.062881
v 173.893784 4.101399 -86.123131
v 174.005249 4.235334 -85.899063
v 173.803650 4.231833 -86.098862
v 173.893890 4.212173 -86.159126
v 174.112640 4.098303 -86.118195
v 174.201279 4.119563 -86.056152
v 173.995026 4.235418 -85.899216
v 174.112747 4.208431 -86.156113
v 174.201385 4.229692 -86.094078
v 198.652802 4.193836 -86.392563
v 198.743027 4.172853 -86.452820
v 198.854492 4.305158 -86.228752
v 198.652893 4.304607 -86.428558
v 198.743134 4.283627 -86.488815
v 198.961884 4.166559 -86.447884
v 199.050507 4.186532 -86.385849
v 198.844284 4.305394 -86.228912
v 198.961990 4.276687 -86.485802
v 199.050613 4.296656 -86.423767
v 214.287109 3.656984 -85.707336
v 214.377335 3.635528 -85.767593
v 214.488800 3.767250 -85.543518
v 214.287201 3.767755 -85.743332
v 214.377441 3.746300 -85.803589
v 214.596191 3.628097 -85.762657
v 214.684814 3.647609 -85.700615
v 214.478577 3.767539 -85.543678
v 214.596298 3.738223 -85.800575
v 214.684921 3.757736 -85.738533
v 244.311447 4.420933 -86.201195
v 244.401657 4.399808 -86.261459
v 244.513123 4.531942 -86.037384
v 244.311539 4.531706 -86.237190
v 244.401764 4.510581 -86.297447
v 244.620529 4.393188 -86.256516
v 244.709137 4.413033 -86.194473
v 244.502930 4.532193 -86.037544
v 244.620621 4.503314 -86.294434
v 244.709259 4.523161 -86.232391
v 245.015167 4.420935 -61.506351
v 245.075745 4.399809 -61.416348
v 244.852051 4.531943 -61.304100
v 245.051147 4.531708 -61.506382
v 245.111725 4.510582 -61.416363
v 245.071564 4.393189 -61.197464
v 245.009827 4.413035 -61.108635
v 244.852173 4.532195 -61.314304
v 245.109467 4.503316 -61.197495
v 245.047745 4.523163 -61.108654
v 245.015152 4.420936 -39.757565
v 245.075729 4.399811 -39.667564
v 244.852036 4.531945 -39.555317
v 245.051147 4.531709 -39.757599
v 245.111725 4.510583 -39.667580
v 245.071564 4.393190 -39.448681
v 245.009827 4.413036 -39.359848
v 244.852173 4.532196 -39.565517
v 245.109482 4.503317 -39.448711
v 245.047760 4.523164 -39.359871
v 174.233337 4.420935 -61.188416
v 174.190552 4.399809 -61.288109
v 174.431198 4.531943 -61.356823
v 174.197968 4.531708 -61.195072
v 174.155182 4.510582 -61.294785
v 174.235352 4.393189 -61.502403
v 174.312531 4.413035 -61.578209
v 174.429184 4.532195 -61.346813
v 174.198090 4.503316 -61.509415
v 174.275238 4.523163 -61.585239
v 174.247574 4.420937 -39.406593
v 174.196594 4.399811 -39.502354
v 174.430664 4.531945 -39.590973
v 174.211777 4.531709 -39.410267
v 174.160797 4.510583 -39.506046
v 174.223282 4.393191 -39.719646
v 174.293823 4.413036 -39.801651
v 174.429474 4.532197 -39.580837
v 174.185562 4.503317 -39.723518
v 174.256104 4.523164 -39.805531
v 278.522858 4.193836 -86.392563
v 278.613068 4.172853 -86.452820
v 278.724548 4.305158 -86.228752
v 278.522949 4.304607 -86.428558
v 278.613190 4.283627 -86.488815
v 278.831940 4.166559 -86.447884
v 278.920563 4.186532 -86.385849
v 278.714325 4.305394 -86.228912
v 278.832031 4.276687 -86.485802
v 278.920685 4.296656 -86.423767
v 294.157166 3.656984 -85.707336
v 294.247375 3.635528 -85.767593
v 294.358856 3.767250 -85.543518
v 294.157257 3.767755 -85.743332
v 294.247498 3.746300 -85.803589
v 294.466248 3.628097 -85.762657
v 294.554871 3.647609 -85.700615
v 294.348633 3.767539 -85.543686
v 294.466370 3.738223 -85.800575
v 294.554962 3.757736 -85.738541
v 324.181488 4.420933 -86.201195
v 324.271729 4.399808 -86.261459
v 324.383179 4.531942 -86.037384
v 324.181580 4.531706 -86.237190
v 324.271820 4.510581 -86.297447
v 324.490601 4.393188 -86.256516
v 324.579193 4.413033 -86.194473
v 324.372986 4.532193 -86.037544
v 324.490662 4.503314 -86.294434
v 324.579315 4.523161 -86.232391
v 324.885223 4.420935 -61.506351
v 324.945801 4.399809 -61.416348
v 324.722107 4.531943 -61.304100
v 324.921204 4.531708 -61.506382
v 324.981781 4.510582 -61.416363
v 324.941620 4.393189 -61.197464
v 324.879883 4.413035 -61.108635
v 324.722229 4.532195 -61.314304
v 324.979523 4.503316 -61.197495
v 324.917786 4.523163 -61.108654
v 324.885223 4.420936 -39.757565
v 324.945801 4.399811 -39.667564
v 324.722107 4.531945 -39.555317
v 324.921204 4.531709 -39.757599
v 324.981781 4.510583 -39.667580
v 324.941620 4.393190 -39.448681
v 324.879883 4.413036 -39.359848
v 324.722229 4.532196 -39.565517
v 324.979523 4.503317 -39.448711
v 324.917786 4.523164 -39.359871
v 278.522858 4.193840 -39.761028
v 278.613068 4.172857 -39.821285
v 278.724548 4.305162 -39.597210
v 278.522949 4.304611 -39.797016
v 278.613190 4.283630 -39.857281
v 278.831940 4.166563 -39.816345
v 278.920563 4.186535 -39.754307
v 278.714325 4.305398 -39.597374
v 278.832031 4.276691 -39.854267
v 278.920685 4.296660 -39.792229
v 294.157166 3.656986 -39.075798
v 294.247375 3.635531 -39.136055
v 294.358856 3.767253 -38.911980
v 294.157257 3.767758 -39.111786
v 294.247498 3.746303 -39.172047
v 294.466248 3.628100 -39.131119
v 294.554871 3.647613 -39.069077
v 294.348633 3.767542 -38.912140
v 294.466370 3.738225 -39.169041
v 294.554962 3.757740 -39.107002
v 62.426872 6.118382 -8.686811
v 62.336655 6.098724 -8.626553
v 62.225197 6.232669 -8.850628
v 62.426781 6.229155 -8.650818
v 62.336555 6.209497 -8.590558
v 62.117790 6.095656 -8.631494
v 62.029160 6.116938 -8.693535
v 62.235397 6.232755 -8.850468
v 62.117691 6.205784 -8.593575
v 62.029060 6.227067 -8.655613
v 52.900642 5.736544 -8.825165
v 52.810417 5.716887 -8.764909
v 52.698959 5.850831 -8.988984
v 52.900543 5.847315 -8.789173
v 52.810326 5.827660 -8.728914
v 52.591568 5.713819 -8.769850
v 52.502930 5.735099 -8.831891
v 52.709167 5.850916 -8.988824
v 52.591461 5.823946 -8.731930
v 52.502831 5.845228 -8.793969
v 81.026070 4.431533 34.547565
v 81.116302 4.411876 34.487309
v 81.227760 4.545821 34.711388
v 81.026169 4.542306 34.511574
v 81.116402 4.522649 34.451317
v 81.335152 4.408808 34.492249
v 81.423790 4.430090 34.554291
v 81.217545 4.545907 34.711224
v 81.335251 4.518936 34.454330
v 81.423889 4.540217 34.516373
v 109.541306 3.884985 26.842957
v 109.631531 3.865328 26.782700
v 109.742996 3.999273 27.006775
v 109.541405 3.995758 26.806965
v 109.631622 3.976101 26.746708
v 109.850388 3.862260 26.787640
v 109.939018 3.883541 26.849682
v 109.732780 3.999358 27.006615
v 109.850494 3.972388 26.749722
v 109.939117 3.993670 26.811760
v 138.054520 4.502906 26.349091
v 138.144745 4.483249 26.288830
v 138.256195 4.617194 26.512905
v 138.054611 4.613680 26.313099
v 138.144852 4.594022 26.252838
v 138.363602 4.480181 26.293774
v 138.452240 4.501463 26.355812
v 138.246002 4.617279 26.512745
v 138.363693 4.590309 26.255852
v 138.452332 4.611590 26.317894
v 154.332413 5.736544 -8.825169
v 154.242188 5.716887 -8.764912
v 154.130722 5.850831 -8.988987
v 154.332306 5.847315 -8.789177
v 154.242096 5.827660 -8.728918
v 154.023315 5.713819 -8.769854
v 153.934708 5.735099 -8.831894
v 154.140930 5.850916 -8.988827
v 154.023239 5.823946 -8.731934
v 153.934586 5.845228 -8.793972
v 132.654221 6.047009 -8.495464
v 132.563980 6.027351 -8.435205
v 132.452530 6.161296 -8.659284
v 132.654114 6.157782 -8.459473
v 132.563889 6.138124 -8.399214
v 132.345139 6.024283 -8.440149
v 132.256516 6.045566 -8.502188
v 132.462738 6.161382 -8.659121
v 132.345032 6.134412 -8.402227
v 132.256409 6.155694 -8.464269
v 97.303970 5.500461 -8.731726
v 97.213753 5.480803 -8.671467
v 97.102295 5.614748 -8.895542
v 97.303871 5.611234 -8.695734
v 97.213654 5.591578 -8.635475
v 96.994896 5.477736 -8.676407
v 96.906265 5.499016 -8.738449
v 97.112495 5.614833 -8.895382
v 96.994797 5.587864 -8.638489
v 96.906158 5.609146 -8.700527
v 173.128021 5.736544 -8.825171
v 173.037796 5.716887 -8.764915
v 172.926331 5.850831 -8.988990
v 173.127914 5.847315 -8.789179
v 173.037689 5.827660 -8.728920
v 172.818924 5.713819 -8.769855
v 172.730316 5.735099 -8.831896
v 172.936554 5.850916 -8.988830
v 172.818848 5.823946 -8.731936
v 172.730209 5.845228 -8.793975
v 157.940735 4.420937 -39.956108
v 158.030167 4.399811 -40.017517
v 158.144501 4.531945 -39.794888
v 157.940369 4.531709 -39.992096
v 158.029816 4.510583 -40.053505
v 158.249084 4.393191 -40.015392
v 158.338486 4.413036 -39.954494
v 158.134308 4.532197 -39.794926
v 158.248703 4.503317 -40.053307
v 158.338120 4.523164 -39.992413
v -68.033028 4.121067 26.487431
v -67.942802 4.101410 26.427170
v -67.831345 4.235356 26.651245
v -68.032936 4.231841 26.451439
v -67.942711 4.212185 26.391178
v -67.723938 4.098343 26.432114
v -67.635315 4.119624 26.494152
v -67.841553 4.235441 26.651085
v -67.723839 4.208471 26.394192
v -67.635216 4.229753 26.456234
v -38.754158 4.431533 26.157734
v -38.663940 4.411876 26.097477
v -38.552467 4.545821 26.321556
v -38.754059 4.542306 26.121742
v -38.663841 4.522650 26.061485
v -38.445084 4.408808 26.102421
v -38.356445 4.430090 26.164459
v -38.562683 4.545906 26.321392
v -38.444984 4.518937 26.064499
v -38.356346 4.540217 26.126541
v -10.238918 3.884986 26.842968
v -10.148701 3.865328 26.782707
v -10.037243 3.999273 27.006783
v -10.238834 3.995759 26.806973
v -10.148602 3.976101 26.746716
v -9.929848 3.862260 26.787647
v -9.841209 3.883542 26.849689
v -10.047459 3.999358 27.006622
v -9.929749 3.972388 26.749729
v -9.841110 3.993670 26.811768
v 18.274288 4.502906 26.349098
v 18.364506 4.483249 26.288837
v 18.475964 4.617194 26.512913
v 18.274374 4.613680 26.313107
v 18.364605 4.594022 26.252846
v 18.583372 4.480181 26.293781
v 18.671997 4.501463 26.355824
v 18.465763 4.617279 26.512756
v 18.583471 4.590310 26.255863
v 18.672096 4.611590 26.317902
v 24.387432 6.047009 -8.495462
v 24.297211 6.027351 -8.435203
v 24.185755 6.161297 -8.659281
v 24.387344 6.157782 -8.459470
v 24.297112 6.138124 -8.399211
v 24.078358 6.024284 -8.440146
v 23.989719 6.045566 -8.502185
v 24.195957 6.161383 -8.659117
v 24.078247 6.134412 -8.402225
v 23.989620 6.155694 -8.464266
v -8.436077 5.500462 -8.731719
v -8.526295 5.480803 -8.671459
v -8.637768 5.614748 -8.895535
v -8.436176 5.611234 -8.695726
v -8.526398 5.591578 -8.635468
v -8.745163 5.477736 -8.676401
v -8.833786 5.499016 -8.738441
v -8.627552 5.614833 -8.895374
v -8.745262 5.587864 -8.638481
v -8.833885 5.609146 -8.700520
v -32.640999 6.118382 -8.686806
v -32.731232 6.098724 -8.626547
v -32.842690 6.232669 -8.850622
v -32.641098 6.229155 -8.650812
v -32.731331 6.209498 -8.590553
v -32.950089 6.095656 -8.631489
v -33.038712 6.116939 -8.693529
v -32.832489 6.232755 -8.850462
v -32.950188 6.205784 -8.593569
v -33.038811 6.227067 -8.655608
v -67.108490 6.118382 -8.686803
v -67.198715 6.098724 -8.626543
v -67.310181 6.232669 -8.850618
v -67.108589 6.229155 -8.650808
v -67.198814 6.209498 -8.590551
v -67.417557 6.095656 -8.631485
v -67.506187 6.116939 -8.693525
v -67.299957 6.232755 -8.850458
v -67.417664 6.205784 -8.593565
v -67.506287 6.227067 -8.655603
v -52.134720 2.968179 -23.967606
v -52.224945 2.948522 -23.907341
v -52.336403 3.082467 -24.131420
v -52.134796 3.078952 -23.931610
v -52.225029 3.059296 -23.871353
v -52.443802 2.945455 -23.912289
v -52.532425 2.966736 -23.974327
v -52.326195 3.082552 -24.131264
v -52.443909 3.055582 -23.874367
v -52.532524 3.076864 -23.936409
v -68.043770 4.121053 -24.103508
v -68.133987 4.101396 -24.043259
v -68.245453 4.235341 -24.267326
v -68.043869 4.231826 -24.067528
v -68.134087 4.212170 -24.007263
v -68.352852 4.098328 -24.048195
v -68.441475 4.119609 -24.110233
v -68.235245 4.235426 -24.267178
v -68.352959 4.208456 -24.010281
v -68.441574 4.229738 -24.072323
v 554.256836 3.201941 -186.541031
v 554.256836 3.025332 -186.541031
v 553.960938 3.201941 -186.452774
v 553.960938 3.025331 -186.452774
v 554.256836 0.292137 -186.541031
v 554.256836 0.115528 -186.541031
v 553.960938 0.292137 -186.452774
v 553.960938 0.115528 -186.452774
v 557.358337 1.360261 -187.282822
v 557.358337 1.183653 -187.282822
v 557.118164 1.360261 -187.211182
v 557.118164 1.183652 -187.211182
v 557.350220 -1.465107 -187.280396
v 557.350220 -1.609039 -187.280396
v 557.120178 -1.465107 -187.211777
v 557.120178 -1.609039 -187.211777
v 557.785828 1.360261 -184.956238
v 557.785828 1.183652 -184.956238
v 558.025879 1.360261 -185.028168
v 558.025879 1.183652 -185.028168
v 557.793945 -1.465107 -184.958664
v 557.793945 -1.609039 -184.958664
v 558.023865 -1.465107 -185.027557
v 558.023865 -1.609039 -185.027557
v 554.733887 3.201939 -183.870499
v 554.733887 3.025331 -183.870499
v 555.029785 3.201939 -183.958755
v 555.029785 3.025331 -183.958755
v 554.733887 0.292137 -183.870499
v 554.733887 0.115528 -183.870499
v 555.029785 0.292137 -183.958755
v 555.029785 0.115528 -183.958755
v 559.284424 1.360261 -187.857285
v 559.284424 1.183652 -187.857285
v 559.044250 1.360261 -187.785660
v 559.044250 1.183652 -187.785660
v 559.276367 -1.465107 -187.854874
v 559.276367 -1.609039 -187.854874
v 559.046265 -1.465107 -187.786255
v 559.046265 -1.609039 -187.786255
v 559.711914 1.360261 -185.530716
v 559.711914 1.183652 -185.530716
v 559.952026 1.360261 -185.602631
v 559.952026 1.183652 -185.602631
v 559.720032 -1.465107 -185.533142
v 559.720032 -1.609039 -185.533142
v 559.950012 -1.465107 -185.602036
v 559.950012 -1.609039 -185.602036
v 562.000610 -0.284322 -188.667389
v 562.000610 -0.460931 -188.667389
v 561.760376 -0.284322 -188.595764
v 561.760376 -0.460931 -188.595764
v 562.428040 -0.284322 -186.340820
v 562.428040 -0.460931 -186.340820
v 562.668152 -0.284322 -186.412735
v 562.668152 -0.460931 -186.412735
v 562.000610 -2.889870 -188.667389
v 562.000610 -3.066479 -188.667389
v 561.760376 -2.889870 -188.595764
v 561.760376 -3.066479 -188.595764
v 562.428040 -2.889870 -186.340820
v 562.428040 -3.066479 -186.340820
v 562.668152 -2.889870 -186.412735
v 562.668152 -3.066479 -186.412735
v 564.413025 -0.284322 -189.386917
v 564.413025 -0.460931 -189.386917
v 564.172852 -0.284322 -189.315277
v 564.172852 -0.460931 -189.315277
v 564.840515 -0.284322 -187.060333
v 564.840515 -0.460931 -187.060333
v 565.080627 -0.284322 -187.132263
v 565.080627 -0.460932 -187.132263
v 564.413025 -2.889870 -189.386917
v 564.413025 -3.066479 -189.386917
v 564.172852 -2.889870 -189.315277
v 564.172852 -3.066479 -189.315277
v 564.840515 -2.889871 -187.060333
v 564.840515 -3.066479 -187.060333
v 565.080627 -2.889871 -187.132263
v 565.080627 -3.066480 -187.132263
v 546.291565 2.968590 -184.157578
v 546.291565 2.791981 -184.157578
v 545.868896 2.968590 -184.031525
v 545.868896 2.791981 -184.031525
v 543.121155 2.941583 -183.208389
v 543.121155 2.764974 -183.208389
v 542.761292 2.941583 -183.101059
v 542.761292 2.764974 -183.101059
v 543.010925 0.541561 -183.175522
v 543.010925 0.364952 -183.175522
v 542.761292 0.541560 -183.101059
v 542.761292 0.364951 -183.101059
v 536.541199 3.201940 -178.629257
v 536.541199 3.025332 -178.629257
v 536.837097 3.201940 -178.717514
v 536.837097 3.025332 -178.717514
v 536.541199 0.292138 -178.629257
v 536.541199 0.115530 -178.629257
v 536.837097 0.292138 -178.717514
v 536.837097 0.115530 -178.717514
v 533.439636 1.360263 -177.887466
v 533.439636 1.183653 -177.887466
v 533.679810 1.360263 -177.959106
v 533.679810 1.183653 -177.959106
v 533.447754 -1.465106 -177.889893
v 533.447754 -1.609038 -177.889893
v 533.677795 -1.465106 -177.958496
v 533.677795 -1.609038 -177.958496
v 533.012146 1.360262 -180.214050
v 533.012146 1.183653 -180.214050
v 532.772095 1.360262 -180.142120
v 532.772095 1.183653 -180.142120
v 533.004089 -1.465107 -180.211609
v 533.004089 -1.609038 -180.211609
v 532.774109 -1.465107 -180.142731
v 532.774109 -1.609038 -180.142731
v 536.064087 3.201940 -181.299789
v 536.064087 3.025331 -181.299774
v 535.768188 3.201940 -181.211533
v 535.768188 3.025331 -181.211533
v 536.064087 0.292138 -181.299789
v 536.064087 0.115529 -181.299774
v 535.768188 0.292138 -181.211533
v 535.768188 0.115529 -181.211533
v 531.513550 1.360263 -177.312988
v 531.513550 1.183654 -177.312988
v 531.753723 1.360263 -177.384628
v 531.753723 1.183653 -177.384628
v 531.521667 -1.465106 -177.315414
v 531.521667 -1.609037 -177.315414
v 531.751709 -1.465106 -177.384018
v 531.751709 -1.609037 -177.384018
v 531.086060 1.360262 -179.639572
v 531.086060 1.183653 -179.639572
v 530.845947 1.360262 -179.567642
v 530.845947 1.183652 -179.567642
v 531.077942 -1.465107 -179.637146
v 531.077942 -1.609038 -179.637146
v 530.847961 -1.465107 -179.568253
v 530.847961 -1.609039 -179.568253
v 528.797363 -0.284320 -176.502884
v 528.797363 -0.460929 -176.502884
v 529.037598 -0.284320 -176.574524
v 529.037598 -0.460930 -176.574524
v 528.369934 -0.284321 -178.829468
v 528.369934 -0.460930 -178.829468
v 528.129822 -0.284321 -178.757538
v 528.129822 -0.460930 -178.757538
v 528.797363 -2.889869 -176.502884
v 528.797363 -3.066477 -176.502884
v 529.037598 -2.889869 -176.574524
v 529.037598 -3.066478 -176.574524
v 528.369934 -2.889870 -178.829468
v 528.369934 -3.066478 -178.829468
v 528.129822 -2.889870 -178.757538
v 528.129822 -3.066478 -178.757538
v 526.384949 -0.284321 -175.783356
v 526.384949 -0.460929 -175.783356
v 526.625122 -0.284321 -175.854996
v 526.625122 -0.460930 -175.854996
v 525.957458 -0.284321 -178.109940
v 525.957458 -0.460930 -178.109940
v 525.717407 -0.284321 -178.038010
v 525.717407 -0.460930 -178.038010
v 526.384949 -2.889869 -175.783356
v 526.384949 -3.066477 -175.783356
v 526.625122 -2.889869 -175.854996
v 526.625122 -3.066478 -175.854996
v 525.957458 -2.889869 -178.109940
v 525.957458 -3.066478 -178.109940
v 525.717346 -2.889869 -178.038025
v 525.717346 -3.066478 -178.038025
v 549.398682 0.541561 -184.983398
v 549.398682 0.364952 -184.983398
v 549.135132 0.541560 -184.904800
v 549.135132 0.364951 -184.904800
v 546.990051 2.791982 -181.700836
v 546.990051 2.968591 -181.700836
v 546.567383 2.968591 -181.574768
v 546.567383 2.791982 -181.574768
v 543.814941 2.764975 -180.793793
v 543.814941 2.941583 -180.793793
v 543.455078 2.941583 -180.686462
v 543.455078 2.764974 -180.686462
v 543.704712 0.364952 -180.760910
v 543.704712 0.541561 -180.760910
v 543.455078 0.541560 -180.686462
v 543.455078 0.364951 -180.686462
v 547.082031 0.364952 -181.728714
v 547.082031 0.541560 -181.728714
v 546.818481 0.541560 -181.650116
v 546.818481 0.364951 -181.650116
v 558.975281 -1.299139 -187.613083
v 558.975281 -1.435253 -187.613083
v 558.666199 -1.299139 -187.520889
v 558.666199 -1.435254 -187.520889
v 557.877625 -1.299139 -187.285706
v 557.877625 -1.435253 -187.285706
v 557.568542 -1.299139 -187.193512
v 557.568542 -1.435254 -187.193512
v 532.725464 -1.299138 -180.018021
v 532.725464 -1.435252 -180.018021
v 532.416321 -1.299138 -179.925827
v 532.416321 -1.435253 -179.925827
v 531.627808 -1.299138 -179.690643
v 531.627808 -1.435252 -179.690643
v 531.318726 -1.299138 -179.598450
v 531.318726 -1.435253 -179.598450
v 556.732300 -1.009586 -186.944092
v 556.662354 -1.124506 -186.923233
v 556.471313 -0.836736 -186.866257
v 556.401428 -0.951656 -186.845398
v 555.018250 0.143463 -186.432877
v 554.948364 0.028544 -186.412018
v 554.757324 0.316313 -186.355042
v 554.687378 0.201393 -186.334183
v 560.328247 -1.937666 -188.016602
v 560.258301 -2.052586 -187.995743
v 560.067261 -1.764816 -187.938766
v 559.997375 -1.879736 -187.917908
v 534.722107 -0.162250 -180.613525
v 534.792969 -0.276520 -180.634659
v 534.462585 -0.337501 -180.536133
v 534.533447 -0.451772 -180.557266
v 528.943542 -2.462150 -178.890045
v 529.014404 -2.576420 -178.911179
v 528.684021 -2.637401 -178.812637
v 528.754883 -2.751672 -178.833786
v 536.691711 2.941584 -181.304749
v 536.691711 2.764975 -181.304749
v 536.331787 2.941584 -181.197403
v 536.331787 2.764975 -181.197403
v 537.363464 2.764975 -179.052338
v 537.363464 2.941583 -179.052338
v 537.003601 2.941583 -178.945007
v 537.003601 2.764974 -178.945007
v 553.830322 2.941583 -186.224609
v 553.830322 2.764974 -186.224609
v 553.965515 2.941583 -186.339401
v 553.965515 2.764974 -186.339401
v 554.502136 2.764975 -183.972214
v 554.502136 2.941584 -183.972214
v 554.142273 2.941584 -183.864868
v 554.142273 2.764974 -183.864868
v 559.591980 -1.435253 -185.545288
v 559.591980 -1.299139 -185.545288
v 559.282898 -1.299139 -185.453094
v 559.282898 -1.435254 -185.453094
v 558.494385 -1.435253 -185.217911
v 558.494385 -1.299139 -185.217911
v 558.185303 -1.299139 -185.125717
v 558.185303 -1.435254 -185.125717
v 533.326599 -1.435251 -178.002380
v 533.326599 -1.299137 -178.002380
v 533.017517 -1.299137 -177.910202
v 533.017517 -1.435252 -177.910202
v 532.229004 -1.435251 -177.675003
v 532.229004 -1.299137 -177.675003
v 531.919861 -1.299137 -177.582825
v 531.919861 -1.435252 -177.582825
v 557.279114 -1.124506 -184.855438
v 557.348999 -1.009586 -184.876297
v 557.088013 -0.836736 -184.798462
v 557.018127 -0.951656 -184.777603
v 555.565063 0.028544 -184.344223
v 555.635010 0.143463 -184.365082
v 555.374023 0.316313 -184.287247
v 555.304138 0.201393 -184.266403
v 560.875061 -2.052586 -185.927948
v 560.944946 -1.937667 -185.948807
v 560.683960 -1.764816 -185.870972
v 560.614075 -1.879736 -185.850113
v 535.394165 -0.276519 -178.619034
v 535.323242 -0.162249 -178.597900
v 535.063782 -0.337500 -178.520493
v 535.134644 -0.451771 -178.541641
v 529.615540 -2.576420 -176.895538
v 529.544678 -2.462149 -176.874405
v 529.285217 -2.637400 -176.797012
v 529.356079 -2.751671 -176.818146
v 541.416809 2.968591 -182.741287
v 541.416809 2.791981 -182.741287
v 540.994141 2.968591 -182.615219
v 540.994141 2.791981 -182.615219
v 538.246399 2.941583 -181.792084
v 538.246399 2.764974 -181.792084
v 537.886536 2.941583 -181.684753
v 537.886536 2.764974 -181.684753
v 538.136169 0.541561 -181.759216
v 538.136169 0.364952 -181.759216
v 537.886536 0.541560 -181.684753
v 537.886536 0.364951 -181.684753
v 549.424072 2.968591 -185.016556
v 549.424072 2.791982 -185.016556
v 549.001404 2.968591 -184.890488
v 549.001404 2.791982 -184.890488
v 546.253662 2.941584 -184.067352
v 546.253662 2.764975 -184.067352
v 545.893799 2.941584 -183.960022
v 545.893799 2.764974 -183.960022
v 546.143433 0.541561 -184.034485
v 546.143433 0.364952 -184.034485
v 545.893799 0.541560 -183.960022
v 545.893799 0.364951 -183.960022
v 553.062073 2.791982 -183.519409
v 553.062073 2.968591 -183.519409
v 552.639404 2.968591 -183.393356
v 552.639404 2.791982 -183.393356
v 549.886963 2.764975 -182.612381
v 549.886963 2.941583 -182.612381
v 549.527100 2.941583 -182.505035
v 549.527100 2.764974 -182.505035
v 549.776733 0.364952 -182.579498
v 549.776733 0.541561 -182.579498
v 549.527100 0.541560 -182.505035
v 549.527100 0.364951 -182.505035
v 553.154053 0.364952 -183.547287
v 553.154053 0.541560 -183.547287
v 552.890503 0.541560 -183.468689
v 552.890503 0.364951 -183.468689
v 541.443604 2.791982 -180.154770
v 541.443604 2.968591 -180.154770
v 541.020935 2.968591 -180.028717
v 541.020935 2.791982 -180.028717
v 538.268494 2.764975 -179.247742
v 538.268494 2.941583 -179.247742
v 537.908630 2.941583 -179.140396
v 537.908630 2.764974 -179.140396
v 538.158264 0.364952 -179.214859
v 538.158264 0.541561 -179.214859
v 537.908630 0.541560 -179.140396
v 537.908630 0.364951 -179.140396
v 541.535583 0.364952 -180.182648
v 541.535583 0.541560 -180.182648
v 541.272034 0.541560 -180.104050
v 541.272034 0.364951 -180.104050
vn -1.0000 -0.0000 -0.0025
vn 1.0000 -0.0000 0.0013
vn 1.0000 -0.0001 0.0025
vn 1.0000 -0.0000 0.0025
vn -1.0000 -0.0000 -0.0024
vn -1.0000 -0.0000 -0.0013
vn 1.0000 -0.0000 0.0024
vn -1.0000 -0.0002 -0.0025
vn -1.0000 0.0001 -0.0025
vn -1.0000 0.0002 -0.0025
vn -1.0000 0.0003 -0.0025
vn -1.0000 -0.0001 -0.0025
vn 0.9165 -0.0000 -0.4001
vn 0.9165 -0.0001 -0.4001
vn 1.0000 -0.0002 0.0025
vn -0.0034 -0.0000 -1.0000
vn -0.0032 -0.0000 -1.0000
vn -0.0030 -0.0000 -1.0000
vn -0.0028 -0.0000 -1.0000
vn -0.0040 -0.0000 -1.0000
vn -0.0035 -0.0000 -1.0000
vn -0.0031 -0.0000 -1.0000
vn -0.0026 -0.0000 -1.0000
vn 0.0041 -0.0000 1.0000
vn 0.0045 -0.0000 1.0000
vn 0.0048 -0.0000 1.0000
vn 0.0052 -0.0000 1.0000
vn 0.0044 -0.0000 1.0000
vn 0.0046 -0.0000 1.0000
vn 0.0047 -0.0000 1.0000
vn 0.0049 -0.0000 1.0000
vn 0.0036 -0.0000 1.0000
vn 0.0035 -0.0000 1.0000
vn 0.0033 -0.0000 1.0000
vn 0.0031 -0.0000 1.0000
vn 0.0043 -0.0000 1.0000
vn -0.0033 -0.0000 -1.0000
vn -0.0037 -0.0000 -1.0000
vn -0.0036 -0.0000 -1.0000
vn 0.0034 -0.0000 1.0000
vn 0.0032 -0.0000 1.0000
vn 0.0040 -0.0000 1.0000
vn 0.0038 -0.0000 1.0000
vn 0.0037 -0.0000 1.0000
vn -0.0045 -0.0000 -1.0000
vn -0.0046 -0.0000 -1.0000
vn -0.0047 -0.0000 -1.0000
vn -0.0048 -0.0000 -1.0000
vn -0.0049 -0.0000 -1.0000
vn -0.0044 -0.0000 -1.0000
vn 0.0028 -0.0000 1.0000
vn 0.0030 -0.0000 1.0000
vn -0.0041 -0.0000 -1.0000
vn -0.0038 -0.0000 -1.0000
vn -0.0042 -0.0000 -1.0000
vn 0.4054 -0.0000 0.9141
vn -0.3835 -0.0000 -0.9235
vn -0.3837 -0.0000 -0.9235
vn -0.3837 -0.0000 -0.9234
vn -0.3839 -0.0000 -0.9234
vn -0.3834 -0.0000 -0.9236
vn -0.3836 -0.0000 -0.9235
vn -0.3838 -0.0000 -0.9234
vn 0.3852 -0.0000 0.9228
vn 0.3850 -0.0000 0.9229
vn 0.3849 -0.0000 0.9229
vn 0.3848 -0.0000 0.9230
vn 0.3851 -0.0000 0.9229
vn 0.3849 -0.0000 0.9230
vn 0.3839 -0.0000 0.9234
vn 0.3836 -0.0000 0.9235
vn 0.3835 -0.0000 0.9236
vn 0.3832 -0.0000 0.9237
vn 0.3838 -0.0000 0.9234
vn 0.3837 -0.0000 0.9234
vn 0.3837 -0.0000 0.9235
vn 0.3835 -0.0000 0.9235
vn -0.3842 -0.0000 -0.9232
vn 0.3846 -0.0000 0.9231
vn -0.9436 -0.0000 0.3312
vn -0.9435 -0.0000 0.3312
vn -0.9435 -0.0000 0.3313
vn 0.9430 -0.0000 -0.3327
vn 0.9431 -0.0000 -0.3325
vn 0.9431 -0.0000 -0.3326
vn 0.9431 -0.0000 -0.3324
vn -0.9436 -0.0000 0.3311
vn 0.9432 -0.0000 -0.3324
vn 0.9432 -0.0000 -0.3323
vn -0.9436 0.0001 0.3311
vn -0.9436 0.0001 0.3312
vn 0.3834 -0.0000 0.9236
vn -0.3852 -0.0000 -0.9228
vn -0.3850 -0.0000 -0.9229
vn -0.3849 -0.0000 -0.9229
vn -0.3848 -0.0000 -0.9230
vn -0.3846 -0.0000 -0.9231
vn -0.3849 -0.0000 -0.9230
vn -0.3851 -0.0000 -0.9229
vn -0.3835 -0.0000 -0.9236
vn -0.3832 -0.0000 -0.9237
vn -0.3852 -0.0000 -0.9229
vn 0.3842 -0.0000 0.9232
vn 0.3836 0.0001 0.9235
vn 0.3835 0.0001 0.9235
vn -0.3838 -0.0002 -0.9234
vn -0.3838 -0.0001 -0.9234
vn -0.3830 0.0001 -0.9237
vn -0.3834 0.0001 -0.9236
vn -0.3842 -0.0000 -0.9233
vn -0.3846 -0.0001 -0.9231
vn -0.3830 -0.0000 -0.9237
vn -0.3834 -0.0001 -0.9236
vn -0.3842 -0.0002 -0.9233
vn -0.3846 -0.0002 -0.9231
vn 0.7511 -0.0000 0.6602
vn 0.7508 -0.0000 0.6605
vn 0.7509 -0.0000 0.6605
vn 0.3833 -0.0000 0.9236
vn 0.3840 -0.0000 0.9233
vn 0.3834 -0.0002 0.9236
vn 0.3835 -0.0002 0.9235
vn 0.3834 -0.0001 0.9236
vn 0.3837 0.0001 0.9235
vn 0.3838 0.0002 0.9234
vn 0.3841 0.0001 0.9233
vn 0.3842 0.0002 0.9233
vn 0.3838 -0.0001 0.9234
vn -0.3838 -0.0003 -0.9234
vn -0.3839 -0.0002 -0.9234
vn -0.3837 -0.0001 -0.9235
vn -0.3840 -0.0000 -0.9233
vn -0.3831 -0.0000 -0.9237
vn 0.3837 -0.0001 0.9235
vn -0.2019 -0.0000 -0.9794
vn -0.2018 -0.0000 -0.9794
vn -0.2017 -0.0000 -0.9794
vn -0.5783 -0.0000 -0.8158
vn -0.5782 -0.0000 -0.8159
vn -0.5781 -0.0000 -0.8159
vn -0.5781 -0.0000 -0.8160
vn 0.5787 -0.0000 0.8155
vn 0.5786 -0.0000 0.8156
vn 0.5785 -0.0000 0.8157
vn 0.2019 -0.0000 0.9794
vn -0.5780 -0.0000 -0.8161
vn -0.5779 -0.0000 -0.8161
vn -0.5784 -0.0000 -0.8158
vn 0.5787 -0.0000 0.8156
vn 0.5788 -0.0000 0.8155
vn -0.2020 -0.0000 -0.9794
vn -0.2021 -0.0000 -0.9794
vn 0.1766 -0.0000 0.9843
vn 0.1763 -0.0000 0.9843
vn -0.1775 -0.0000 -0.9841
vn -0.1780 -0.0000 -0.9840
vn -0.1778 -0.0000 -0.9841
vn -0.1776 -0.0000 -0.9841
vn -0.1774 -0.0000 -0.9841
vn 0.1762 -0.0000 0.9844
vn 0.1765 -0.0000 0.9843
vn 0.1767 -0.0000 0.9843
vn 0.1771 -0.0000 0.9842
vn 0.1757 -0.0000 0.9844
vn 0.1761 -0.0000 0.9844
vn 0.1764 -0.0000 0.9843
vn 0.1768 -0.0000 0.9842
vn -0.1777 -0.0000 -0.9841
vn -0.1771 -0.0000 -0.9842
vn 0.2018 -0.0000 0.9794
vn 0.2019 -0.0001 0.9794
vn -0.1763 -0.0000 -0.9843
vn -0.1764 -0.0000 -0.9843
vn -0.1766 -0.0000 -0.9843
vn -0.1767 -0.0000 -0.9843
vn -0.5168 -0.7689 0.3765
vn -0.5781 -0.0003 -0.8160
vn -0.2020 0.0001 -0.9794
vn -0.2021 0.0001 -0.9794
vn -0.1760 -0.0002 -0.9844
vn -0.1762 -0.0001 -0.9844
vn -0.1765 0.0002 -0.9843
vn -0.1767 0.0003 -0.9843
vn -0.1765 -0.0002 -0.9843
vn -0.1765 -0.0001 -0.9843
vn -0.1765 0.0001 -0.9843
vn -0.2017 -0.0000 -0.9795
vn 0.2020 -0.0000 0.9794
vn 0.2017 -0.0000 0.9794
vn 0.4411 -0.0000 0.8975
vn 0.5781 -0.0000 0.8160
vn 0.5780 -0.0000 0.8160
vn 0.5781 -0.0000 0.8159
vn 0.2022 0.0003 0.9794
vn 0.2023 0.0003 0.9793
vn 0.2017 0.0002 0.9795
vn 0.2015 0.0001 0.9795
vn 0.1766 0.0002 0.9843
vn 0.1767 0.0003 0.9843
vn 0.1764 0.0002 0.9843
vn 0.1763 0.0001 0.9843
vn 0.1763 0.0002 0.9843
vn 0.1763 0.0003 0.9843
vn 0.2021 -0.0000 0.9794
vn 0.2017 -0.0001 0.9794
vn 0.2016 -0.0001 0.9795
vn 0.2016 -0.0000 0.9795
vn 0.7770 -0.0000 -0.6295
vn 0.7769 -0.0000 -0.6296
vn -0.7836 -0.0000 0.6213
vn -0.7835 -0.0000 0.6213
vn -0.7835 -0.0000 0.6214
vn -0.7836 -0.0000 0.6212
vn 0.7710 -0.0000 -0.6369
vn -0.7773 -0.0000 0.6291
vn -0.7774 -0.0000 0.6291
vn -0.7884 0.0001 0.6151
vn -0.7883 0.0003 0.6153
vn -0.7888 -0.0004 0.6147
vn -0.7889 -0.0005 0.6146
vn -0.8007 -0.0000 0.5990
vn 0.8071 -0.0000 -0.5905
vn -0.8008 -0.0000 0.5989
vn -0.8008 -0.0000 0.5990
vn -0.8007 -0.0000 0.5991
vn -0.8006 -0.0000 0.5992
vn -0.7951 -0.0000 0.6065
vn 0.8012 -0.0000 -0.5984
vn 0.8012 -0.0000 -0.5985
vn 0.8011 -0.0000 -0.5985
vn 0.6786 0.3437 -0.6492
vn -0.5763 0.2980 0.7610
vn 0.1186 -0.8772 0.4653
vn -0.6885 0.2257 0.6892
vn 0.1215 0.9827 -0.1395
vn 0.9161 -0.1253 -0.3810
vn -0.5740 -0.2533 -0.7787
vn -0.5739 -0.2533 -0.7787
vn -0.1270 -0.8702 0.4761
vn -0.9059 -0.1359 -0.4010
vn -0.1234 0.9795 -0.1595
vn 0.6696 0.2421 0.7021
vn 0.5974 -0.2599 -0.7587
vn 0.5960 -0.2618 -0.7591
vn 0.5961 -0.2616 -0.7591
vn 0.5947 -0.2636 -0.7596
vn 0.2499 -0.0000 0.9683
vn 0.2500 -0.0005 0.9683
vn 0.2500 -0.0003 0.9683
vn 0.2500 -0.0001 0.9683
vn 0.2500 -0.0000 0.9683
vn 0.2498 -0.0000 0.9683
vn 0.2496 -0.0000 0.9684
vn -0.2499 -0.0000 -0.9683
vn -0.2500 -0.0000 -0.9682
vn -0.2500 -0.0002 -0.9683
vn -0.2501 0.0002 -0.9682
vn -0.2501 0.0003 -0.9682
vn -0.2505 -0.0001 -0.9681
vn -0.2500 -0.0002 -0.9682
vn 0.2502 -0.0000 0.9682
vn 0.2501 -0.0000 0.9682
vn 0.2500 -0.0000 0.9682
vn 0.2497 -0.0000 0.9683
vn -0.2501 -0.0000 -0.9682
vn -0.2500 -0.0000 -0.9683
vn -0.2498 -0.0000 -0.9683
vn -0.2504 -0.0000 -0.9681
vn 0.2831 -0.0000 0.9591
vn 0.2830 -0.0000 0.9591
vn 0.2827 -0.0000 0.9592
vn 0.2826 -0.0000 0.9592
vn 0.2829 -0.0006 0.9591
vn 0.2829 -0.0004 0.9591
vn 0.2829 -0.0003 0.9591
vn 0.2827 0.0003 0.9592
vn 0.2826 0.0002 0.9592
vn 0.2827 0.0001 0.9592
vn 0.2829 -0.0000 0.9591
vn -0.2829 -0.0000 -0.9592
vn -0.2828 -0.0004 -0.9592
vn -0.2829 -0.0006 -0.9592
vn -0.2827 -0.0000 -0.9592
vn -0.2826 0.0003 -0.9592
vn -0.2828 -0.0000 -0.9592
vn 0.2829 -0.0000 0.9592
vn 0.2828 -0.0000 0.9592
vn -0.2830 -0.0000 -0.9591
vn -0.2829 -0.0000 -0.9591
vn -0.2826 -0.0000 -0.9592
vn -0.2832 -0.0000 -0.9591
vn -0.0000 -0.0000 1.0000
vn -0.0000 -0.0000 -1.0000
vn 0.2647 -0.8773 0.4004
vn -0.4249 0.2250 0.8768
vn 0.0689 0.9828 -0.1713
vn 0.7413 -0.1250 -0.6594
vn -0.7978 -0.2520 -0.5478
vn -0.7978 -0.2519 -0.5478
vn -0.7978 -0.2519 -0.5477
vn 0.0373 -0.8698 0.4919
vn -0.9871 -0.1367 -0.0829
vn -0.1689 0.9794 -0.1104
vn 0.8626 0.2415 0.4445
vn 0.3141 -0.2624 -0.9124
vn 0.3142 -0.2621 -0.9124
vn 0.3142 -0.2622 -0.9124
vn 0.3143 -0.2619 -0.9125
vn 0.2529 -0.8785 0.4053
vn -0.4229 0.2252 0.8777
vn 0.0824 0.9810 -0.1757
vn 0.7410 -0.1247 -0.6598
vn -0.7992 -0.2517 -0.5458
vn -0.7992 -0.2518 -0.5457
vn -0.7992 -0.2519 -0.5457
vn 0.0253 -0.8684 0.4953
vn -0.9871 -0.1375 -0.0818
vn -0.1554 0.9811 -0.1152
vn 0.8637 0.2409 0.4427
vn 0.3108 -0.2628 -0.9134
vn 0.3111 -0.2627 -0.9133
vn 0.3111 -0.2627 -0.9134
vn 0.3114 -0.2626 -0.9133
vn 0.2486 -0.8790 0.4069
vn -0.4217 0.2252 0.8783
vn 0.0871 0.9803 -0.1772
vn 0.7407 -0.1248 -0.6602
vn -0.8003 -0.2517 -0.5442
vn -0.8000 -0.2518 -0.5446
vn -0.7998 -0.2518 -0.5450
vn 0.0213 -0.8678 0.4964
vn -0.9872 -0.1369 -0.0817
vn -0.1507 0.9816 -0.1170
vn 0.8643 0.2397 0.4421
vn 0.3100 -0.2632 -0.9136
vn 0.3099 -0.2632 -0.9136
vn 0.3098 -0.2632 -0.9136
vn 0.2517 -0.8787 0.4057
vn -0.4223 0.2254 0.8780
vn 0.0838 0.9808 -0.1762
vn 0.7408 -0.1247 -0.6601
vn -0.7997 -0.2517 -0.5451
vn -0.7997 -0.2518 -0.5450
vn -0.7997 -0.2519 -0.5450
vn 0.0243 -0.8682 0.4956
vn -0.9872 -0.1370 -0.0819
vn -0.1543 0.9812 -0.1158
vn 0.8639 0.2408 0.4424
vn 0.3107 -0.2627 -0.9135
vn 0.2648 -0.8773 0.4003
vn -0.4248 0.2250 0.8769
vn 0.0688 0.9828 -0.1713
vn -0.7977 -0.2520 -0.5478
vn -0.7977 -0.2520 -0.5479
vn 0.0373 -0.8698 0.4920
vn -0.9872 -0.1363 -0.0833
vn -0.1687 0.9795 -0.1103
vn 0.8625 0.2405 0.4452
vn 0.3143 -0.2626 -0.9123
vn 0.3141 -0.2626 -0.9124
vn 0.3139 -0.2625 -0.9124
vn 0.2649 -0.8772 0.4005
vn -0.4248 0.2243 0.8771
vn 0.0688 0.9828 -0.1712
vn 0.7415 -0.1250 -0.6592
vn -0.7979 -0.2522 -0.5475
vn -0.7976 -0.2520 -0.5481
vn -0.7976 -0.2520 -0.5480
vn -0.7973 -0.2518 -0.5486
vn 0.0375 -0.8698 0.4920
vn -0.9871 -0.1372 -0.0828
vn 0.8624 0.2414 0.4449
vn 0.3143 -0.2620 -0.9124
vn 0.3141 -0.2621 -0.9125
vn 0.3139 -0.2622 -0.9125
vn 0.2647 -0.8772 0.4005
vn -0.4248 0.2252 0.8768
vn -0.7973 -0.2518 -0.5485
vn 0.0375 -0.8699 0.4918
vn -0.1690 0.9794 -0.1104
vn 0.8623 0.2419 0.4448
vn 0.3143 -0.2617 -0.9125
vn 0.3141 -0.2620 -0.9125
vn 0.3142 -0.2620 -0.9125
vn 0.3140 -0.2622 -0.9125
vn 0.2647 -0.8773 0.4003
vn 0.7414 -0.1250 -0.6593
vn -0.7977 -0.2522 -0.5478
vn -0.7978 -0.2521 -0.5478
vn 0.0377 -0.8697 0.4922
vn -0.9872 -0.1358 -0.0833
vn 0.8625 0.2405 0.4453
vn 0.3138 -0.2627 -0.9124
vn 0.2647 -0.8771 0.4008
vn -0.4250 0.2252 0.8767
vn 0.7413 -0.1245 -0.6595
vn -0.7972 -0.2521 -0.5485
vn -0.7974 -0.2524 -0.5481
vn -0.7974 -0.2523 -0.5482
vn -0.7975 -0.2526 -0.5478
vn 0.0373 -0.8697 0.4922
vn -0.9870 -0.1377 -0.0828
vn 0.8623 0.2423 0.4447
vn 0.3140 -0.2623 -0.9125
vn 0.3140 -0.2620 -0.9126
vn 0.3139 -0.2617 -0.9127
vn -0.4247 0.2250 0.8769
vn 0.7414 -0.1250 -0.6594
vn -0.7978 -0.2522 -0.5477
vn -0.7978 -0.2521 -0.5477
vn 0.0376 -0.8698 0.4920
vn -0.1689 0.9794 -0.1105
vn 0.8623 0.2414 0.4452
vn 0.3137 -0.2624 -0.9125
vn -0.4248 0.2246 0.8770
vn 0.7413 -0.1254 -0.6593
vn -0.7976 -0.2531 -0.5475
vn -0.7974 -0.2527 -0.5479
vn -0.7975 -0.2527 -0.5479
vn -0.7973 -0.2523 -0.5483
vn 0.0374 -0.8699 0.4919
vn -0.9873 -0.1358 -0.0829
vn -0.1691 0.9794 -0.1105
vn 0.8626 0.2405 0.4449
vn 0.3143 -0.2621 -0.9124
vn 0.3140 -0.2627 -0.9124
vn 0.2648 -0.8773 0.4004
vn -0.4247 0.2249 0.8770
vn 0.0689 0.9828 -0.1714
vn 0.7411 -0.1245 -0.6598
vn -0.7977 -0.2528 -0.5476
vn -0.7977 -0.2525 -0.5476
vn -0.9870 -0.1377 -0.0824
vn -0.1686 0.9795 -0.1102
vn 0.8626 0.2405 0.4450
vn 0.3137 -0.2618 -0.9127
vn 0.3138 -0.2618 -0.9127
vn -0.4081 -0.8790 0.2466
vn -0.8757 0.2261 -0.4266
vn 0.1768 0.9803 0.0882
vn 0.6562 -0.1243 0.7443
vn 0.5488 -0.2516 -0.7972
vn 0.5490 -0.2517 -0.7971
vn 0.5491 -0.2517 -0.7969
vn -0.4967 -0.8677 0.0185
vn 0.0873 -0.1368 -0.9867
vn 0.1179 0.9816 -0.1502
vn -0.4467 0.2410 0.8616
vn 0.9121 -0.2628 0.3146
vn 0.9120 -0.2634 0.3144
vn 0.9120 -0.2640 0.3139
vn -0.4086 -0.8788 0.2464
vn -0.8760 0.2252 -0.4265
vn 0.1767 0.9803 0.0880
vn 0.6563 -0.1248 0.7441
vn 0.5496 -0.2513 -0.7967
vn 0.5494 -0.2516 -0.7968
vn 0.5492 -0.2519 -0.7969
vn -0.4966 -0.8678 0.0185
vn 0.0872 -0.1368 -0.9868
vn 0.1178 0.9816 -0.1502
vn -0.4466 0.2411 0.8616
vn 0.9121 -0.2629 0.3147
vn 0.9121 -0.2632 0.3144
vn 0.9121 -0.2631 0.3144
vn 0.9121 -0.2634 0.3142
vn -0.4662 -0.8772 0.1153
vn -0.6836 0.2236 -0.6948
vn 0.1381 0.9828 0.1223
vn 0.3722 -0.1245 0.9197
vn 0.7834 -0.2525 -0.5680
vn 0.7837 -0.2522 -0.5676
vn 0.7841 -0.2519 -0.5673
vn -0.4762 -0.8697 -0.1297
vn 0.4094 -0.1368 -0.9021
vn 0.1607 0.9794 -0.1221
vn -0.7086 0.2414 0.6630
vn 0.7543 -0.2630 0.6016
vn 0.7543 -0.2622 0.6019
vn 0.7543 -0.2623 0.6018
vn 0.7544 -0.2615 0.6021
vn -0.3850 -0.8772 0.2870
vn -0.8993 0.2254 -0.3749
vn 0.1750 0.9828 0.0592
vn 0.7000 -0.1250 0.7031
vn 0.5016 -0.2526 -0.8274
vn 0.5024 -0.2517 -0.8272
vn 0.5032 -0.2508 -0.8270
vn -0.4892 -0.8697 0.0651
vn 0.0268 -0.1378 -0.9901
vn 0.1006 0.9795 -0.1747
vn -0.3956 0.2414 0.8861
vn 0.9285 -0.2626 0.2624
vn 0.9287 -0.2619 0.2623
vn 0.9287 -0.2620 0.2624
vn 0.9289 -0.2613 0.2623
vn -0.4661 -0.8772 0.1149
vn -0.6837 0.2241 -0.6945
vn 0.1382 0.9828 0.1223
vn 0.3724 -0.1240 0.9198
vn 0.7840 -0.2514 -0.5675
vn 0.7838 -0.2522 -0.5675
vn 0.7836 -0.2529 -0.5675
vn -0.4756 -0.8700 -0.1296
vn 0.4096 -0.1368 -0.9020
vn 0.1608 0.9794 -0.1223
vn -0.7083 0.2423 0.6630
vn 0.7540 -0.2626 0.6020
vn 0.7542 -0.2618 0.6021
vn 0.7542 -0.2619 0.6021
vn 0.7544 -0.2611 0.6022
vn -0.3849 -0.8772 0.2871
vn -0.8995 0.2245 -0.3748
vn 0.1746 0.9829 0.0590
vn 0.6999 -0.1254 0.7031
vn 0.5020 -0.2513 -0.8276
vn 0.5021 -0.2524 -0.8272
vn 0.5021 -0.2523 -0.8272
vn 0.5021 -0.2534 -0.8268
vn -0.4891 -0.8698 0.0653
vn 0.0270 -0.1370 -0.9902
vn -0.3956 0.2410 0.8862
vn 0.9287 -0.2625 0.2618
vn 0.9288 -0.2619 0.2620
vn 0.9288 -0.2620 0.2620
vn 0.9289 -0.2614 0.2622
vn -0.4662 -0.8772 0.1147
vn -0.6832 0.2254 -0.6946
vn 0.1382 0.9828 0.1224
vn 0.3723 -0.1249 0.9197
vn 0.7842 -0.2525 -0.5668
vn 0.7841 -0.2519 -0.5672
vn 0.7841 -0.2520 -0.5672
vn 0.7840 -0.2514 -0.5676
vn -0.4761 -0.8697 -0.1299
vn 0.4095 -0.1372 -0.9019
vn 0.1604 0.9795 -0.1219
vn -0.7089 0.2405 0.6630
vn 0.7540 -0.2626 0.6021
vn 0.7539 -0.2626 0.6022
vn 0.7538 -0.2625 0.6023
vn -0.3853 -0.8771 0.2869
vn -0.8995 0.2245 -0.3747
vn 0.1748 0.9828 0.0591
vn 0.5023 -0.2526 -0.8270
vn 0.5026 -0.2522 -0.8269
vn 0.5025 -0.2522 -0.8269
vn 0.5028 -0.2518 -0.8269
vn -0.4891 -0.8698 0.0648
vn 0.0269 -0.1376 -0.9901
vn 0.1007 0.9794 -0.1748
vn -0.3957 0.2414 0.8861
vn 0.9285 -0.2625 0.2627
vn 0.9285 -0.2625 0.2625
vn 0.9286 -0.2625 0.2623
vn -0.4663 -0.8771 0.1152
vn -0.6834 0.2241 -0.6948
vn 0.3725 -0.1238 0.9197
vn 0.7835 -0.2525 -0.5678
vn 0.7835 -0.2528 -0.5676
vn 0.7836 -0.2531 -0.5674
vn -0.4761 -0.8697 -0.1302
vn 0.4098 -0.1367 -0.9019
vn 0.1607 0.9794 -0.1220
vn -0.7088 0.2413 0.6629
vn 0.7539 -0.2624 0.6024
vn 0.7541 -0.2622 0.6021
vn 0.7544 -0.2619 0.6019
vn -0.3852 -0.8772 0.2868
vn -0.8995 0.2245 -0.3749
vn 0.7004 -0.1240 0.7029
vn 0.5025 -0.2524 -0.8269
vn 0.5024 -0.2528 -0.8269
vn 0.5019 -0.2532 -0.8271
vn -0.4891 -0.8698 0.0651
vn 0.0271 -0.1371 -0.9902
vn 0.1007 0.9794 -0.1750
vn -0.3954 0.2418 0.8861
vn 0.9287 -0.2621 0.2624
vn 0.9288 -0.2616 0.2626
vn -0.0831 -0.8785 -0.4705
vn 0.7199 0.2255 -0.6565
vn -0.1419 0.9810 0.1322
vn -0.9339 -0.1247 0.3351
vn 0.5380 -0.2521 0.8043
vn 0.5379 -0.2520 0.8045
vn 0.5379 -0.2520 0.8044
vn 0.5378 -0.2519 0.8046
vn 0.1618 -0.8683 -0.4689
vn 0.8849 -0.1365 0.4454
vn 0.1013 0.9811 0.1652
vn -0.6353 0.2413 -0.7336
vn -0.6301 -0.2623 0.7309
vn -0.6299 -0.2632 0.7308
vn -0.6296 -0.2641 0.7307
vn -0.2311 -0.8788 -0.4174
vn 0.4598 0.2255 -0.8589
vn -0.0949 0.9803 0.1733
vn -0.7687 -0.1253 0.6272
vn 0.7753 -0.2519 0.5793
vn 0.7754 -0.2517 0.5791
vn 0.7754 -0.2518 0.5791
vn 0.7756 -0.2516 0.5790
vn 0.0005 -0.8677 -0.4970
vn 0.9826 -0.1375 0.1246
vn 0.1454 0.9816 0.1234
vn -0.8441 0.2409 -0.4791
vn -0.3502 -0.2632 0.8989
vn -0.3504 -0.2629 0.8989
vn -0.3504 -0.2630 0.8989
vn -0.3507 -0.2626 0.8989
vn -0.3234 -0.8787 -0.3512
vn 0.2497 0.2248 -0.9419
vn -0.0491 0.9808 0.1887
vn -0.6034 -0.1245 0.7877
vn 0.8878 -0.2514 0.3855
vn 0.8878 -0.2515 0.3855
vn 0.8877 -0.2516 0.3855
vn -0.1166 -0.8682 -0.4823
vn 0.9850 -0.1371 -0.1049
vn 0.1732 0.9812 0.0847
vn -0.9316 0.2413 -0.2719
vn -0.1358 -0.2634 0.9551
vn -0.1340 -0.2635 0.9553
vn -0.1341 -0.2635 0.9553
vn -0.1323 -0.2636 0.9555
vn -0.0204 -0.8787 -0.4769
vn 0.7987 0.2245 -0.5583
vn -0.1594 0.9808 0.1125
vn -0.9692 -0.1242 0.2126
vn 0.4301 -0.2514 0.8670
vn 0.4299 -0.2515 0.8671
vn 0.4297 -0.2516 0.8672
vn 0.2217 -0.8683 -0.4437
vn 0.8205 -0.1371 0.5549
vn 0.0778 0.9812 0.1765
vn -0.5366 0.2407 -0.8088
vn -0.7192 -0.2626 0.6433
vn -0.7187 -0.2631 0.6437
vn -0.7187 -0.2631 0.6436
vn -0.7182 -0.2636 0.6440
vn -0.2593 -0.8785 0.4012
vn -0.9741 0.2259 -0.0056
vn 0.1952 0.9808 0.0003
vn 0.9139 -0.1246 0.3863
vn 0.1505 -0.2521 -0.9559
vn 0.1501 -0.2520 -0.9560
vn 0.1497 -0.2520 -0.9561
vn -0.4370 -0.8685 0.2342
vn -0.3495 -0.1372 -0.9268
vn 0.0385 0.9813 -0.1887
vn -0.0294 0.2407 0.9702
vn 0.9583 -0.2634 -0.1103
vn 0.9584 -0.2632 -0.1102
vn 0.9584 -0.2632 -0.1103
vn 0.9585 -0.2631 -0.1102
vn 0.3060 -0.8788 0.3661
vn -0.2940 0.2250 0.9289
vn 0.0582 0.9808 -0.1861
vn 0.6403 -0.1245 -0.7580
vn -0.8687 -0.2518 -0.4265
vn -0.8683 -0.2519 -0.4273
vn -0.8684 -0.2518 -0.4272
vn -0.8680 -0.2519 -0.4280
vn 0.0932 -0.8683 0.4873
vn -0.9889 -0.1365 0.0584
vn -0.1690 0.9812 -0.0928
vn 0.9176 0.2411 0.3159
vn 0.1786 -0.2637 -0.9479
vn 0.1789 -0.2633 -0.9480
vn 0.1792 -0.2629 -0.9480
vn 0.4057 -0.8771 -0.2569
vn 0.8683 0.2260 0.4417
vn -0.1699 0.9828 -0.0721
vn -0.6448 -0.1259 -0.7539
vn -0.5639 -0.2516 0.7866
vn -0.5632 -0.2520 0.7870
vn -0.5625 -0.2523 0.7874
vn 0.4928 -0.8697 -0.0279
vn -0.1016 -0.1370 0.9853
vn -0.1135 0.9795 0.1666
vn 0.4617 0.2408 -0.8537
vn -0.9062 -0.2625 -0.3315
vn -0.9063 -0.2622 -0.3315
vn -0.9064 -0.2619 -0.3316
vn -0.1601 -0.8772 -0.4526
vn 0.6236 0.2242 -0.7489
vn -0.1080 0.9828 0.1497
vn -0.8784 -0.1249 0.4614
vn 0.6415 -0.2521 0.7245
vn 0.6417 -0.2522 0.7243
vn 0.6419 -0.2524 0.7241
vn 0.0814 -0.8697 -0.4867
vn 0.9380 -0.1372 0.3183
vn 0.1376 0.9794 0.1479
vn -0.7300 0.2411 -0.6395
vn -0.5240 -0.2629 0.8101
vn -0.5242 -0.2626 0.8101
vn -0.5243 -0.2624 0.8101
vn 0.3407 -0.8771 -0.3386
vn 0.9437 0.2245 0.2429
vn -0.1816 0.9828 -0.0336
vn -0.7932 -0.1240 -0.5963
vn -0.3800 -0.2518 0.8901
vn -0.3791 -0.2525 0.8903
vn -0.3791 -0.2524 0.8903
vn -0.3782 -0.2530 0.8905
vn 0.4751 -0.8697 -0.1340
vn 0.1139 -0.1370 0.9840
vn -0.0748 0.9794 0.1873
vn 0.2654 0.2417 -0.9333
vn -0.9565 -0.2624 -0.1272
vn -0.9566 -0.2619 -0.1275
vn -0.9566 -0.2620 -0.1275
vn -0.9567 -0.2615 -0.1278
vn -0.4515 -0.8770 0.1644
vn -0.7546 0.2246 -0.6166
vn 0.1506 0.9828 0.1066
vn 0.4693 -0.1257 0.8741
vn 0.7191 -0.2514 -0.6479
vn 0.7180 -0.2519 -0.6489
vn 0.7180 -0.2518 -0.6488
vn 0.7170 -0.2523 -0.6498
vn -0.4878 -0.8695 -0.0775
vn 0.3099 -0.1371 -0.9408
vn 0.1465 0.9794 -0.1388
vn -0.6326 0.2412 0.7360
vn 0.8147 -0.2623 0.5171
vn 0.8149 -0.2626 0.5167
vn 0.8151 -0.2629 0.5162
vn -0.2353 -0.8774 0.4181
vn -0.9740 0.2254 0.0225
vn 0.1839 0.9828 -0.0169
vn 0.9252 -0.1245 0.3585
vn 0.1233 -0.2523 -0.9597
vn 0.1233 -0.2524 -0.9597
vn 0.1233 -0.2525 -0.9597
vn -0.4208 -0.8698 0.2578
vn -0.3770 -0.1372 -0.9160
vn 0.0212 0.9795 -0.2004
vn -0.0020 0.2412 0.9705
vn 0.9553 -0.2620 -0.1370
vn -0.1896 -0.8785 0.4384
vn -0.9624 0.2254 0.1515
vn 0.1913 0.9810 -0.0321
vn 0.9642 -0.1247 0.2342
vn -0.0057 -0.2518 -0.9678
vn -0.0057 -0.2519 -0.9677
vn -0.3931 -0.8683 0.3024
vn -0.4938 -0.1367 -0.8588
vn 0.0064 0.9811 -0.1934
vn 0.1268 0.2406 0.9623
vn 0.9283 -0.2626 -0.2634
vn 0.9282 -0.2626 -0.2635
vn -0.0397 -0.8789 0.4754
vn -0.8591 0.2254 0.4596
vn 0.1750 0.9803 -0.0915
vn 0.9875 -0.1252 -0.0953
vn -0.3239 -0.2517 -0.9120
vn -0.3239 -0.2516 -0.9120
vn -0.3238 -0.2516 -0.9121
vn -0.2763 -0.8677 0.4132
vn -0.7484 -0.1369 -0.6490
vn -0.0526 0.9816 -0.1835
vn 0.4364 0.2404 0.8670
vn 0.7898 -0.2628 -0.5542
vn 0.7899 -0.2628 -0.5541
vn 0.7899 -0.2629 -0.5541
vn -0.4598 -0.8774 0.1368
vn -0.7155 0.2249 -0.6614
vn 0.1438 0.9828 0.1157
vn 0.4153 -0.1245 0.9011
vn 0.7563 -0.2516 -0.6039
vn 0.7562 -0.2520 -0.6039
vn 0.7561 -0.2524 -0.6039
vn -0.4818 -0.8697 -0.1075
vn 0.3664 -0.1372 -0.9203
vn 0.1547 0.9795 -0.1293
vn -0.6766 0.2409 0.6958
vn 0.7817 -0.2620 0.5659
vn 0.7818 -0.2621 0.5657
vn 0.7819 -0.2623 0.5656
vn -0.4238 -0.8784 0.2206
vn -0.8423 0.2255 -0.4895
vn 0.1687 0.9810 0.0957
vn 0.6002 -0.1254 0.7899
vn 0.6061 -0.2520 -0.7544
vn 0.6060 -0.2519 -0.7545
vn 0.6059 -0.2518 -0.7547
vn -0.4959 -0.8683 -0.0133
vn 0.1586 -0.1369 -0.9778
vn 0.1271 0.9811 -0.1461
vn -0.5086 0.2406 0.8267
vn 0.8864 -0.2627 0.3812
vn 0.8864 -0.2625 0.3812
vn 0.8865 -0.2624 0.3812
vn -0.3865 -0.8790 0.2793
vn -0.9079 0.2261 -0.3530
vn 0.1834 0.9803 0.0733
vn 0.7152 -0.1250 0.6877
vn 0.4815 -0.2517 -0.8395
vn 0.4816 -0.2516 -0.8395
vn 0.4817 -0.2515 -0.8395
vn -0.4935 -0.8677 0.0590
vn 0.0056 -0.1369 -0.9906
vn 0.1050 0.9816 -0.1593
vn -0.3741 0.2404 0.8957
vn 0.9349 -0.2623 0.2392
vn 0.9347 -0.2631 0.2389
vn 0.9346 -0.2639 0.2387
vn -0.3279 -0.8786 0.3470
vn -0.9567 0.2255 -0.1839
vn 0.1918 0.9808 0.0360
vn 0.8275 -0.1247 0.5475
vn 0.3227 -0.2519 -0.9124
vn 0.3229 -0.2518 -0.9123
vn 0.3228 -0.2518 -0.9123
vn 0.3230 -0.2517 -0.9123
vn -0.4731 -0.8681 0.1499
vn -0.1731 -0.1369 -0.9753
vn 0.0725 0.9812 -0.1786
vn -0.2070 0.2405 0.9483
vn 0.9627 -0.2621 0.0672
vn 0.9625 -0.2630 0.0671
vn 0.9625 -0.2629 0.0671
vn 0.9623 -0.2638 0.0670
vn 0.3811 -0.8789 -0.2869
vn 0.9148 0.2252 0.3352
vn -0.1846 0.9803 -0.0696
vn -0.7285 -0.1248 -0.6735
vn -0.4649 -0.2514 0.8489
vn -0.4650 -0.2516 0.8488
vn -0.4650 -0.2517 0.8487
vn 0.4921 -0.8678 -0.0688
vn 0.0138 -0.1369 0.9905
vn -0.1019 0.9816 0.1614
vn 0.3565 0.2406 -0.9028
vn -0.9393 -0.2628 -0.2207
vn -0.9393 -0.2628 -0.2205
vn -0.9393 -0.2628 -0.2204
vn -0.4248 0.2249 0.8769
vn 0.7413 -0.1254 -0.6594
vn -0.7978 -0.2520 -0.5477
vn -0.7975 -0.2525 -0.5479
vn -0.7972 -0.2530 -0.5481
vn 0.0374 -0.8699 0.4918
vn -0.9871 -0.1368 -0.0833
vn 0.8622 0.2423 0.4449
vn 0.3138 -0.2625 -0.9125
vn 0.3140 -0.2625 -0.9124
vn 0.3142 -0.2625 -0.9124
vn 0.4728 -0.8786 -0.0673
vn 0.6322 0.2251 0.7414
vn -0.1274 0.9810 -0.1463
vn -0.3040 -0.1249 -0.9444
vn -0.8224 -0.2521 0.5100
vn -0.8223 -0.2520 0.5102
vn -0.8222 -0.2519 0.5104
vn 0.4634 -0.8683 0.1771
vn -0.4740 -0.1372 0.8698
vn -0.1683 0.9811 0.0956
vn 0.7541 0.2408 -0.6110
vn -0.7095 -0.2627 -0.6539
vn -0.7098 -0.2629 -0.6535
vn -0.7100 -0.2631 -0.6532
vn 0.4650 -0.8791 -0.1048
vn 0.6961 0.2260 0.6815
vn -0.1399 0.9803 -0.1395
vn -0.3870 -0.1253 -0.9135
vn -0.7726 -0.2515 0.5829
vn -0.7729 -0.2516 0.5825
vn -0.7729 -0.2516 0.5826
vn -0.7732 -0.2516 0.5822
vn 0.4770 -0.8678 0.1394
vn -0.3946 -0.1371 0.9086
vn -0.1592 0.9816 0.1053
vn 0.6959 0.2406 -0.6766
vn -0.7657 -0.2634 -0.5868
vn -0.7656 -0.2633 -0.5869
vn -0.7657 -0.2633 -0.5869
vn -0.7656 -0.2632 -0.5870
vn 0.4668 -0.8786 -0.1003
vn 0.6845 0.2255 0.6933
vn -0.1377 0.9808 -0.1382
vn -0.3719 -0.1252 -0.9198
vn -0.7825 -0.2519 0.5694
vn -0.7826 -0.2518 0.5694
vn -0.7826 -0.2516 0.5694
vn 0.4750 -0.8681 0.1441
vn -0.4097 -0.1366 0.9019
vn -0.1609 0.9812 0.1062
vn 0.7072 0.2408 -0.6647
vn -0.7549 -0.2636 -0.6006
vn -0.7550 -0.2633 -0.6006
vn -0.7549 -0.2634 -0.6006
vn -0.7550 -0.2630 -0.6006
vn -0.4576 -0.8624 0.2167
vn -0.6780 0.2205 -0.7012
vn 0.1404 0.9901 0.0080
vn 0.3767 -0.1232 0.9181
vn 0.7911 -0.2566 -0.5552
vn 0.7911 -0.2569 -0.5551
vn 0.7911 -0.2568 -0.5551
vn 0.7911 -0.2571 -0.5550
vn -0.4807 -0.8765 -0.0256
vn 0.4063 -0.1395 -0.9030
vn 0.1563 0.9602 -0.2313
vn -0.7154 0.2461 0.6539
vn 0.7460 -0.2576 0.6140
vn 0.7464 -0.2574 0.6138
vn 0.7463 -0.2574 0.6138
vn 0.7466 -0.2571 0.6135
vn -0.4589 -0.8668 0.1951
vn -0.6805 0.2223 -0.6982
vn 0.1403 0.9895 0.0339
vn 0.3772 -0.1236 0.9179
vn 0.7880 -0.2562 -0.5599
vn 0.7883 -0.2558 -0.5596
vn 0.7886 -0.2554 -0.5593
vn -0.4805 -0.8757 -0.0485
vn 0.4054 -0.1383 -0.9036
vn 0.1571 0.9656 -0.2073
vn -0.7125 0.2442 0.6578
vn 0.7490 -0.2589 0.6098
vn 0.7493 -0.2588 0.6096
vn 0.7495 -0.2587 0.6094
vn -0.4616 -0.8714 0.1662
vn -0.6843 0.2231 -0.6942
vn 0.1400 0.9878 0.0677
vn 0.3786 -0.1236 0.9173
vn 0.7843 -0.2547 -0.5657
vn 0.7845 -0.2548 -0.5654
vn 0.7847 -0.2550 -0.5651
vn -0.4792 -0.8742 -0.0786
vn 0.4033 -0.1382 -0.9046
vn 0.1582 0.9717 -0.1753
vn -0.7085 0.2433 0.6624
vn 0.7529 -0.2599 0.6046
vn 0.7534 -0.2599 0.6041
vn 0.7533 -0.2599 0.6041
vn 0.7538 -0.2598 0.6036
vn -0.4643 -0.8762 0.1293
vn -0.6893 0.2236 -0.6891
vn 0.1395 0.9841 0.1098
vn 0.3808 -0.1245 0.9162
vn 0.7794 -0.2531 -0.5731
vn 0.7796 -0.2530 -0.5729
vn 0.7798 -0.2529 -0.5726
vn -0.4782 -0.8706 -0.1158
vn 0.4014 -0.1376 -0.9055
vn 0.1590 0.9781 -0.1341
vn -0.7034 0.2416 0.6685
vn 0.7586 -0.2617 0.5967
vn 0.7586 -0.2619 0.5967
vn 0.7586 -0.2620 0.5966
vn 0.4663 -0.8789 0.1002
vn 0.3459 0.2256 0.9107
vn -0.0684 0.9803 -0.1853
vn 0.0318 -0.1250 -0.9916
vn -0.9460 -0.2516 0.2042
vn -0.9460 -0.2516 0.2044
vn -0.9460 -0.2516 0.2043
vn -0.9460 -0.2516 0.2045
vn 0.3742 -0.8679 0.3266
vn -0.7394 -0.1369 0.6592
vn -0.1886 0.9816 0.0286
vn 0.9157 0.2407 -0.3219
vn -0.4486 -0.2629 -0.8542
vn -0.4486 -0.2630 -0.8542
vn -0.4373 -0.8785 -0.1921
vn -0.1492 0.2251 -0.9629
vn 0.0307 0.9808 0.1925
vn -0.2366 -0.1250 0.9635
vn 0.9676 -0.2523 -0.0030
vn 0.9677 -0.2522 -0.0033
vn 0.9677 -0.2521 -0.0036
vn -0.3008 -0.8681 -0.3948
vn 0.8599 -0.1369 -0.4917
vn 0.1926 0.9812 0.0081
vn -0.9625 0.2408 0.1247
vn 0.2615 -0.2628 0.9288
vn 0.2612 -0.2628 0.9288
vn 0.2613 -0.2628 0.9288
vn 0.2611 -0.2628 0.9289
vn -0.4856 -0.8736 0.0332
vn -0.6355 0.2573 -0.7280
vn 0.1359 0.9898 0.0438
vn 0.2927 -0.1660 0.9417
vn 0.9380 -0.2803 -0.2039
vn 0.9381 -0.2801 -0.2038
vn 0.9382 -0.2799 -0.2037
vn -0.4639 -0.8758 -0.1329
vn 0.7143 -0.1840 -0.6752
vn 0.1926 0.9745 -0.1152
vn -0.9087 0.2797 0.3097
vn 0.7027 -0.2887 0.6503
vn 0.7028 -0.2881 0.6504
vn 0.7029 -0.2879 0.6504
vn 0.7031 -0.2874 0.6504
vn -0.4572 -0.8610 0.2230
vn -0.6768 0.2212 -0.7022
vn 0.1413 0.9900 0.0004
vn 0.3758 -0.1227 0.9186
vn 0.7919 -0.2572 -0.5538
vn 0.7920 -0.2571 -0.5537
vn 0.7921 -0.2571 -0.5536
vn -0.4814 -0.8763 -0.0185
vn 0.4072 -0.1391 -0.9027
vn 0.1569 0.9583 -0.2387
vn -0.7164 0.2460 0.6529
vn 0.7453 -0.2574 0.6151
vn 0.7452 -0.2574 0.6152
vn 0.7451 -0.2573 0.6153
vn -0.4560 -0.8593 0.2316
vn -0.6761 0.2199 -0.7032
vn 0.1404 0.9901 -0.0101
vn 0.3753 -0.1232 0.9187
vn 0.7937 -0.2570 -0.5514
vn 0.7936 -0.2571 -0.5515
vn 0.7935 -0.2571 -0.5516
vn -0.4814 -0.8764 -0.0093
vn 0.4073 -0.1393 -0.9026
vn 0.1557 0.9561 -0.2481
vn -0.7171 0.2469 0.6517
vn 0.7443 -0.2569 0.6165
vn 0.7440 -0.2569 0.6168
vn 0.7437 -0.2569 0.6172
vn -0.4562 -0.8591 0.2321
vn -0.6760 0.2199 -0.7033
vn 0.1405 0.9900 -0.0106
vn 0.3760 -0.1229 0.9184
vn 0.7933 -0.2573 -0.5518
vn 0.7934 -0.2573 -0.5516
vn 0.7936 -0.2574 -0.5513
vn -0.4806 -0.8769 -0.0090
vn 0.4073 -0.1395 -0.9026
vn 0.1556 0.9560 -0.2486
vn -0.7176 0.2468 0.6512
vn 0.7437 -0.2565 0.6173
vn 0.7440 -0.2564 0.6170
vn 0.7443 -0.2563 0.6167
vn -0.3651 -0.8771 -0.3120
vn 0.1656 0.2251 -0.9602
vn -0.0188 0.9828 0.1835
vn -0.5300 -0.1260 0.8386
vn 0.9179 -0.2518 0.3067
vn 0.9180 -0.2522 0.3059
vn 0.9182 -0.2526 0.3052
vn -0.1717 -0.8698 -0.4626
vn 0.9715 -0.1372 -0.1935
vn 0.1928 0.9794 0.0593
vn -0.9519 0.2412 -0.1889
vn -0.0496 -0.2621 0.9638
vn -0.0495 -0.2622 0.9637
vn -0.0494 -0.2623 0.9637
vn -0.2537 -0.8772 0.4075
vn -0.9742 0.2247 -0.0206
vn 0.1841 0.9829 -0.0088
vn 0.9082 -0.1252 0.3993
vn 0.1658 -0.2522 -0.9534
vn 0.1656 -0.2523 -0.9534
vn 0.1657 -0.2523 -0.9534
vn 0.1655 -0.2523 -0.9534
vn -0.4316 -0.8696 0.2399
vn -0.3360 -0.1375 -0.9318
vn 0.0300 0.9794 -0.1996
vn -0.0449 0.2412 0.9694
vn 0.9601 -0.2628 -0.0959
vn 0.9602 -0.2625 -0.0955
vn 0.9602 -0.2625 -0.0956
vn 0.9603 -0.2622 -0.0952
vn -0.0162 -0.8771 0.4800
vn -0.8540 0.2252 0.4690
vn 0.1554 0.9828 -0.0998
vn 0.9862 -0.1252 -0.1083
vn -0.3328 -0.2520 -0.9087
vn -0.3330 -0.2522 -0.9086
vn -0.3332 -0.2524 -0.9084
vn -0.2544 -0.8698 0.4228
vn -0.7571 -0.1367 -0.6389
vn -0.0738 0.9794 -0.1878
vn 0.4457 0.2417 0.8619
vn 0.7845 -0.2619 -0.5622
vn 0.7846 -0.2618 -0.5620
vn 0.7847 -0.2616 -0.5619
vn 0.2102 -0.8786 -0.4287
vn 0.9685 0.2254 -0.1056
vn -0.1927 0.9810 0.0230
vn -0.9520 -0.1247 -0.2796
vn -0.0403 -0.2522 0.9668
vn -0.0402 -0.2520 0.9669
vn -0.0400 -0.2518 0.9670
vn 0.4071 -0.8682 -0.2836
vn 0.4527 -0.1372 0.8810
vn -0.0156 0.9811 0.1929
vn -0.0813 0.2409 -0.9671
vn -0.9397 -0.2627 0.2191
vn -0.9396 -0.2628 0.2191
vn -0.9396 -0.2629 0.2192
vn -0.1270 -0.8790 -0.4596
vn 0.6479 0.2256 -0.7275
vn -0.1327 0.9803 0.1462
vn -0.8941 -0.1252 0.4300
vn 0.6187 -0.2519 0.7441
vn 0.6189 -0.2517 0.7440
vn 0.6191 -0.2516 0.7439
vn 0.1170 -0.8677 -0.4831
vn 0.9263 -0.1371 0.3509
vn 0.1127 0.9816 0.1540
vn -0.7088 0.2409 -0.6630
vn -0.5501 -0.2631 0.7925
vn -0.5504 -0.2630 0.7924
vn -0.5503 -0.2630 0.7924
vn -0.5506 -0.2629 0.7923
vn -0.4649 -0.8787 0.1085
vn -0.6967 0.2252 -0.6811
vn 0.1400 0.9808 0.1357
vn 0.3883 -0.1247 0.9130
vn 0.7727 -0.2515 -0.5828
vn 0.7725 -0.2517 -0.5829
vn 0.7724 -0.2519 -0.5830
vn -0.4771 -0.8683 -0.1357
vn 0.3931 -0.1372 -0.9092
vn 0.1591 0.9812 -0.1092
vn -0.6954 0.2408 0.6771
vn 0.7658 -0.2631 0.5868
vn 0.7658 -0.2631 0.5869
vn 0.7657 -0.2631 0.5869
vn -0.1601 -0.8773 -0.4525
vn 0.6236 0.2243 -0.7489
vn -0.1081 0.9828 0.1496
vn -0.8784 -0.1252 0.4612
vn 0.6416 -0.2522 0.7244
vn 0.6419 -0.2520 0.7242
vn 0.6421 -0.2518 0.7241
vn 0.0818 -0.8697 -0.4867
vn 0.9380 -0.1372 0.3184
vn 0.1373 0.9794 0.1478
vn -0.7300 0.2409 -0.6395
vn -0.5241 -0.2622 0.8103
vn -0.5242 -0.2623 0.8102
vn -0.5244 -0.2623 0.8101
vn -0.3761 -0.8771 0.2987
vn -0.9106 0.2255 -0.3463
vn 0.1766 0.9828 0.0536
vn 0.7217 -0.1252 0.6808
vn 0.4766 -0.2522 -0.8422
vn 0.4760 -0.2527 -0.8423
vn 0.4761 -0.2526 -0.8423
vn 0.4756 -0.2531 -0.8425
vn -0.4868 -0.8698 0.0806
vn -0.0038 -0.1366 -0.9906
vn 0.0951 0.9794 -0.1779
vn -0.3679 0.2416 0.8980
vn 0.9364 -0.2630 0.2324
vn 0.9365 -0.2623 0.2329
vn 0.9364 -0.2624 0.2329
vn 0.9365 -0.2617 0.2334
vn 0.0720 -0.8773 0.4745
vn -0.7532 0.2251 0.6180
vn 0.1343 0.9828 -0.1265
vn 0.9497 -0.1240 -0.2877
vn -0.4934 -0.2525 -0.8323
vn -0.4939 -0.2526 -0.8320
vn -0.4938 -0.2526 -0.8321
vn -0.4943 -0.2526 -0.8318
vn -0.1724 -0.8698 0.4623
vn -0.8613 -0.1368 -0.4893
vn -0.1071 0.9794 -0.1712
vn 0.5962 0.2414 0.7657
vn 0.6678 -0.2617 -0.6968
vn 0.6676 -0.2619 -0.6969
vn 0.6677 -0.2619 -0.6969
vn 0.6675 -0.2621 -0.6970
vn 0.3565 -0.8772 -0.3217
vn 0.9303 0.2260 0.2890
vn -0.1798 0.9828 -0.0425
vn -0.7630 -0.1242 -0.6344
vn -0.4229 -0.2518 0.8705
vn -0.4218 -0.2525 0.8709
vn -0.4218 -0.2524 0.8708
vn -0.4207 -0.2530 0.8712
vn 0.4808 -0.8699 -0.1104
vn 0.0653 -0.1373 0.9884
vn -0.0840 0.9794 0.1836
vn 0.3113 0.2417 -0.9191
vn -0.9494 -0.2610 -0.1745
vn -0.9493 -0.2618 -0.1741
vn -0.9491 -0.2626 -0.1738
vn 0.3836 -0.8758 -0.2929
vn 0.9038 0.2249 0.3642
vn -0.1788 0.9823 -0.0551
vn -0.7085 -0.1246 -0.6946
vn -0.4899 -0.2532 0.8342
vn -0.4908 -0.2530 0.8337
vn -0.4905 -0.2530 0.8339
vn -0.4915 -0.2528 0.8334
vn 0.4900 -0.8687 -0.0728
vn -0.0148 -0.1371 0.9905
vn -0.0143 -0.1371 0.9905
vn -0.0144 -0.1371 0.9905
vn -0.1015 0.9788 0.1780
vn 0.3842 0.2418 -0.8910
vn -0.9315 -0.2626 -0.2516
vn -0.9316 -0.2625 -0.2515
vn -0.9316 -0.2624 -0.2514
vn 0.2394 -0.8788 -0.4128
vn 0.8663 0.2843 -0.4107
vn -0.1259 0.9885 0.0843
vn -0.9771 -0.2112 0.0258
vn -0.3145 -0.2904 0.9038
vn -0.3139 -0.2907 0.9039
vn -0.3138 -0.2909 0.9038
vn -0.3138 -0.2910 0.9038
vn 0.3371 -0.8738 -0.3505
vn 0.1477 -0.2238 0.9634
vn -0.0453 0.9833 0.1763
vn 0.2265 0.2970 -0.9276
vn -0.8166 -0.3089 0.4876
vn -0.8167 -0.3087 0.4875
vn -0.8168 -0.3086 0.4874
vn -0.8169 -0.3084 0.4873
vn -0.1737 -0.8782 -0.4457
vn 0.2396 0.2838 -0.9285
vn -0.0017 0.9891 0.1469
vn -0.6033 -0.2115 0.7689
vn 0.4824 -0.2914 0.8260
vn 0.4829 -0.2917 0.8256
vn 0.4834 -0.2920 0.8253
vn 0.4839 -0.2922 0.8249
vn -0.0655 -0.8745 -0.4806
vn 0.8273 -0.2259 0.5142
vn 0.1185 0.9824 0.1444
vn -0.5578 0.2975 -0.7748
vn -0.1495 -0.3092 0.9392
vn -0.1496 -0.3091 0.9392
vn -0.1497 -0.3089 0.9392
vn -0.1499 -0.3088 0.9392
vn -0.4412 -0.8747 -0.2006
vn -0.2440 0.2581 -0.9348
vn 0.0920 0.9893 0.1136
vn -0.1597 -0.1659 0.9731
vn 0.9310 -0.2801 0.2341
vn 0.9311 -0.2800 0.2337
vn 0.9312 -0.2799 0.2336
vn 0.9313 -0.2798 0.2333
vn -0.3470 -0.8745 -0.3388
vn 0.9404 -0.1841 -0.2858
vn 0.2149 0.9766 -0.0033
vn -0.9523 0.2781 -0.1258
vn 0.3406 -0.2884 0.8949
vn 0.3407 -0.2884 0.8949
vn 0.3407 -0.2884 0.8948
vn 0.3862 -0.8775 -0.2845
vn 0.9044 0.2252 0.3624
vn -0.1806 0.9814 -0.0650
vn -0.7087 -0.1253 -0.6943
vn -0.4897 -0.2521 0.8346
vn -0.4904 -0.2519 0.8343
vn -0.4911 -0.2517 0.8340
vn 0.4922 -0.8681 -0.0640
vn -0.0143 -0.1369 0.9905
vn -0.1039 0.9802 0.1683
vn 0.3830 0.2408 -0.8918
vn -0.9323 -0.2622 -0.2492
vn -0.9322 -0.2624 -0.2492
vn -0.9323 -0.2623 -0.2491
vn 0.0576 -0.8785 -0.4742
vn 0.0577 -0.8785 -0.4742
vn 0.8804 0.2248 -0.4176
vn 0.8806 0.2248 -0.4172
vn -0.1745 0.9810 0.0849
vn -0.9911 -0.1242 0.0480
vn 0.2776 -0.2525 0.9269
vn 0.2786 -0.2525 0.9266
vn 0.2781 -0.2525 0.9268
vn 0.2796 -0.2524 0.9263
vn 0.2909 -0.8685 -0.4014
vn 0.7166 -0.1369 0.6840
vn 0.0487 0.9811 0.1873
vn -0.3938 0.2407 -0.8871
vn -0.8155 -0.2632 0.5155
vn -0.8156 -0.2633 0.5153
vn -0.8155 -0.2633 0.5153
vn -0.8156 -0.2634 0.5151
vn -0.3939 -0.8786 0.2699
vn -0.3938 -0.8787 0.2699
vn -0.8963 0.2254 -0.3818
vn 0.1797 0.9808 0.0757
vn 0.6930 -0.1245 0.7101
vn 0.5083 -0.2520 -0.8235
vn 0.5086 -0.2519 -0.8233
vn 0.5086 -0.2519 -0.8234
vn 0.5088 -0.2519 -0.8232
vn -0.4938 -0.8683 0.0465
vn 0.0373 -0.1369 -0.9899
vn 0.1084 0.9813 -0.1593
vn -0.4022 0.2409 0.8833
vn -0.4019 0.2409 0.8834
vn 0.9261 -0.2637 0.2699
vn 0.9262 -0.2637 0.2696
vn 0.9263 -0.2635 0.2694
vn 0.9262 -0.2639 0.2695
vn -0.4078 -0.8787 -0.2482
vn -0.4073 -0.8789 -0.2483
vn -0.0255 0.2256 -0.9739
vn 0.0035 0.9803 0.1975
vn -0.3572 -0.1252 0.9256
vn 0.9604 -0.2520 0.1188
vn 0.9605 -0.2516 0.1190
vn 0.9606 -0.2512 0.1192
vn -0.2455 -0.8678 -0.4320
vn 0.9154 -0.1368 -0.3785
vn 0.1876 0.9816 0.0351
vn -0.9705 0.2410 0.0019
vn 0.1407 -0.2632 0.9544
vn 0.1411 -0.2629 0.9544
vn 0.1410 -0.2627 0.9545
vn -0.4778 -0.8785 0.0056
vn -0.5333 0.2250 -0.8155
vn 0.1075 0.9808 0.1628
vn 0.1820 -0.1248 0.9753
vn 0.8802 -0.2517 -0.4023
vn 0.8802 -0.2517 -0.4024
vn 0.8802 -0.2516 -0.4024
vn -0.4366 -0.8682 -0.2357
vn 0.5805 -0.1369 -0.8027
vn 0.1790 0.9812 -0.0722
vn -0.8250 0.2416 0.5108
vn 0.6213 -0.2631 0.7381
vn 0.6208 -0.2631 0.7385
vn 0.6202 -0.2632 0.7389
vn 0.1604 -0.8773 -0.4523
vn 0.9558 0.2252 -0.1890
vn -0.1782 0.9828 0.0482
vn -0.9728 -0.1252 -0.1948
vn 0.0428 -0.2522 0.9667
vn 0.0425 -0.2520 0.9668
vn 0.0426 -0.2520 0.9668
vn 0.0423 -0.2517 0.9669
vn 0.3702 -0.8696 -0.3268
vn 0.5280 -0.1378 0.8380
vn 0.0137 0.9794 0.2013
vn -0.1644 0.2409 -0.9565
vn -0.9173 -0.2628 0.2992
vn -0.9176 -0.2621 0.2990
vn -0.9178 -0.2614 0.2988
vn -0.0530 -0.8771 0.4774
vn -0.8876 0.2250 0.4018
vn 0.1625 0.9828 -0.0875
vn 0.9914 -0.1267 -0.0316
vn -0.2618 -0.2519 -0.9317
vn -0.2618 -0.2519 -0.9316
vn -0.2619 -0.2519 -0.9316
vn -0.2862 -0.8697 0.4021
vn -0.7054 -0.1378 -0.6953
vn -0.0589 0.9795 -0.1926
vn 0.3775 0.2405 0.8942
vn 0.8256 -0.2620 -0.4998
vn 0.8257 -0.2616 -0.4998
vn 0.8257 -0.2617 -0.4998
vn 0.8258 -0.2613 -0.4997
vn 0.1257 -0.8771 0.4635
vn -0.6785 0.2250 0.6992
vn 0.1192 0.9828 -0.1411
vn 0.9107 -0.1238 -0.3941
vn -0.5847 -0.2515 -0.7713
vn -0.5857 -0.2524 -0.7703
vn -0.5856 -0.2523 -0.7703
vn -0.5865 -0.2532 -0.7693
vn -0.1187 -0.8698 0.4789
vn -0.9112 -0.1375 -0.3883
vn -0.1258 0.9794 -0.1578
vn 0.6793 0.2420 0.6928
vn 0.5844 -0.2618 -0.7680
vn 0.5843 -0.2620 -0.7681
vn 0.5842 -0.2621 -0.7681
vn 0.1782 -0.8771 -0.4461
vn 0.9626 0.2252 -0.1509
vn -0.1798 0.9828 0.0410
vn -0.9640 -0.1267 -0.2336
vn 0.0036 -0.2518 0.9678
vn 0.0046 -0.2522 0.9677
vn 0.0045 -0.2522 0.9677
vn 0.0055 -0.2527 0.9675
vn 0.3829 -0.8698 -0.3112
vn 0.4945 -0.1372 0.8583
vn 0.0055 0.9795 0.2016
vn -0.1255 0.2409 -0.9624
vn -0.9288 -0.2621 0.2620
vn -0.9291 -0.2613 0.2616
vn -0.9291 -0.2614 0.2616
vn -0.9295 -0.2606 0.2612
vn 0.2054 -0.8771 0.4343
vn -0.5442 0.2251 0.8082
vn 0.0922 0.9828 -0.1597
vn 0.8271 -0.1271 -0.5474
vn -0.7121 -0.2518 -0.6553
vn -0.7124 -0.2522 -0.6549
vn -0.7124 -0.2521 -0.6549
vn -0.7127 -0.2525 -0.6544
vn -0.0326 -0.8697 0.4925
vn -0.9655 -0.1372 -0.2215
vn -0.1513 0.9795 -0.1331
vn 0.7907 0.2408 0.5628
vn 0.4397 -0.2625 -0.8589
vn 0.4405 -0.2615 -0.8588
vn 0.4412 -0.2605 -0.8588
vn -0.3758 -0.8757 0.3032
vn -0.9032 0.2245 -0.3659
vn 0.1703 0.9844 0.0434
vn 0.7085 -0.1244 0.6946
vn 0.4939 -0.2530 -0.8319
vn 0.4940 -0.2530 -0.8318
vn 0.4941 -0.2531 -0.8318
vn -0.4833 -0.8714 0.0837
vn 0.0162 -0.1374 -0.9904
vn 0.0924 0.9775 -0.1895
vn -0.3877 0.2417 0.8895
vn 0.9313 -0.2615 0.2536
vn 0.9312 -0.2617 0.2537
vn 0.9312 -0.2619 0.2537
vn -0.3565 -0.8687 0.3439
vn -0.9003 0.2225 -0.3740
vn 0.1522 0.9883 -0.0054
vn 0.7063 -0.1237 0.6970
vn 0.5044 -0.2549 -0.8249
vn 0.5036 -0.2549 -0.8255
vn 0.5036 -0.2549 -0.8254
vn 0.5028 -0.2549 -0.8260
vn -0.4686 -0.8742 0.1272
vn 0.0187 -0.1383 -0.9902
vn 0.0735 0.9690 -0.2358
vn -0.3952 0.2439 0.8856
vn 0.9287 -0.2599 0.2647
vn 0.9286 -0.2598 0.2648
vn 0.9288 -0.2593 0.2646
vn -0.2080 -0.8768 0.4336
vn -0.9170 0.2616 0.3012
vn 0.1141 0.9887 -0.0967
vn 0.9809 -0.1746 0.0853
vn 0.2581 -0.2882 -0.9221
vn 0.2579 -0.2882 -0.9222
vn 0.2578 -0.2883 -0.9222
vn 0.2576 -0.2884 -0.9222
vn -0.3360 -0.8732 0.3530
vn -0.2706 -0.1997 -0.9418
vn 0.0051 0.9788 -0.2049
vn -0.1519 0.2903 0.9448
vn 0.8740 -0.2912 -0.3889
vn 0.8741 -0.2911 -0.3889
vn 0.8741 -0.2910 -0.3889
vn 0.8742 -0.2908 -0.3889
vn 0.0820 -0.8750 0.4771
vn -0.5931 0.2602 0.7619
vn 0.0343 0.9885 -0.1475
vn 0.8619 -0.1727 -0.4767
vn -0.3167 -0.2872 -0.9040
vn -0.3167 -0.2873 -0.9040
vn -0.3166 -0.2874 -0.9040
vn -0.3166 -0.2875 -0.9039
vn -0.0722 -0.8723 0.4836
vn -0.7630 -0.1974 -0.6155
vn -0.1197 0.9773 -0.1748
vn 0.4179 0.2890 0.8613
vn 0.5081 -0.2904 -0.8108
vn 0.5079 -0.2901 -0.8111
vn 0.5079 -0.2900 -0.8112
vn 0.5077 -0.2896 -0.8114
vn -0.2695 -0.8771 -0.3976
vn 0.4145 0.2245 -0.8819
vn -0.0667 0.9828 0.1719
vn -0.7336 -0.1263 0.6677
vn 0.8039 -0.2516 0.5389
vn 0.8040 -0.2521 0.5386
vn 0.8040 -0.2520 0.5386
vn 0.8041 -0.2525 0.5382
vn -0.0433 -0.8697 -0.4917
vn 0.9880 -0.1372 0.0713
vn 0.1699 0.9795 0.1084
vn -0.8675 0.2406 -0.4353
vn -0.3039 -0.2621 0.9159
vn -0.3040 -0.2617 0.9160
vn -0.3041 -0.2613 0.9161
vn -0.2692 -0.8772 -0.3976
vn 0.4148 0.2257 -0.8815
vn -0.0670 0.9828 0.1722
vn -0.7336 -0.1244 0.6681
vn 0.8035 -0.2515 0.5396
vn 0.8042 -0.2523 0.5382
vn 0.8041 -0.2522 0.5383
vn 0.8048 -0.2530 0.5369
vn -0.0432 -0.8697 -0.4916
vn 0.9880 -0.1371 0.0715
vn 0.1702 0.9794 0.1084
vn -0.8674 0.2420 -0.4347
vn -0.3032 -0.2618 0.9163
vn -0.3032 -0.2619 0.9162
vn -0.3032 -0.2620 0.9162
vn -0.0585 -0.8770 -0.4768
vn 0.7701 0.2248 -0.5970
vn -0.1377 0.9828 0.1228
vn -0.9570 -0.1267 0.2608
vn 0.4707 -0.2515 0.8457
vn 0.4710 -0.2521 0.8453
vn 0.4710 -0.2520 0.8454
vn 0.4713 -0.2526 0.8450
vn 0.1851 -0.8698 -0.4573
vn 0.8474 -0.1372 0.5130
vn 0.1021 0.9795 0.1738
vn -0.5744 0.2410 -0.7823
vn -0.6871 -0.2621 0.6777
vn -0.6878 -0.2613 0.6773
vn -0.6877 -0.2614 0.6773
vn -0.6885 -0.2605 0.6769
vn 0.3812 -0.8742 0.3007
vn 0.0540 0.2596 0.9642
vn -0.0740 0.9885 -0.1321
vn 0.3361 -0.1712 -0.9261
vn -0.8386 -0.2869 -0.4632
vn -0.8388 -0.2869 -0.4628
vn -0.8388 -0.2870 -0.4626
vn -0.8390 -0.2870 -0.4622
vn 0.2685 -0.8722 0.4089
vn -0.9795 -0.1951 0.0508
vn -0.2092 0.9766 -0.0491
vn 0.8864 0.2878 0.3625
vn -0.1517 -0.2894 -0.9451
vn -0.1519 -0.2894 -0.9451
vn -0.1520 -0.2894 -0.9451
vn -0.1522 -0.2894 -0.9450
vn 0.4842 -0.8748 0.0145
vn 0.6086 0.2584 0.7502
vn -0.1360 0.9887 -0.0639
vn -0.2692 -0.1691 -0.9481
vn -0.9491 -0.2858 0.1322
vn -0.9492 -0.2857 0.1321
vn -0.9492 -0.2857 0.1320
vn -0.9492 -0.2857 0.1319
vn 0.4569 -0.8727 0.1719
vn -0.7541 -0.1918 0.6282
vn -0.1968 0.9767 0.0861
vn 0.9271 0.2865 -0.2417
vn -0.6777 -0.2887 -0.6763
vn -0.6775 -0.2883 -0.6766
vn -0.6775 -0.2881 -0.6768
vn -0.6774 -0.2876 -0.6771
vn 0.4970 -0.8658 0.0582
vn 0.2546 0.2224 0.9411
vn -0.1074 0.9888 -0.1034
vn 0.1170 -0.1234 -0.9854
vn -0.9609 -0.2559 0.1061
vn -0.9609 -0.2557 0.1060
vn -0.9609 -0.2558 0.1060
vn -0.9610 -0.2556 0.1060
vn 0.3970 -0.8739 0.2804
vn -0.7936 -0.1385 0.5925
vn -0.2399 0.9657 0.0995
vn 0.9421 0.2449 -0.2292
vn -0.3571 -0.2592 -0.8974
vn -0.3581 -0.2591 -0.8970
vn -0.3592 -0.2590 -0.8966
vn 0.5147 -0.8572 -0.0168
vn 0.2205 0.2014 0.9544
vn -0.1154 0.9898 -0.0833
vn 0.1233 -0.1059 -0.9867
vn -0.9431 -0.2412 0.2288
vn -0.9428 -0.2416 0.2295
vn -0.9429 -0.2415 0.2293
vn -0.9426 -0.2419 0.2300
vn 0.4121 -0.8755 0.2523
vn -0.7264 -0.1198 0.6768
vn -0.2538 0.9534 0.1634
vn 0.9087 0.2260 -0.3509
vn -0.3233 -0.2401 -0.9153
vn -0.3226 -0.2401 -0.9156
vn -0.3227 -0.2401 -0.9155
vn -0.3221 -0.2401 -0.9158
vn -0.4117 -0.8833 -0.2243
vn -0.4299 0.2619 -0.8640
vn 0.0385 0.9770 0.2099
vn 0.0222 -0.1688 0.9854
vn 0.9612 -0.2742 0.0297
vn 0.9612 -0.2743 0.0295
vn 0.9612 -0.2744 0.0295
vn 0.9612 -0.2745 0.0293
vn -0.3342 -0.8661 -0.3716
vn 0.8703 -0.1793 -0.4587
vn 0.1426 0.9869 0.0749
vn -0.9594 0.2712 0.0774
vn 0.5205 -0.2936 0.8018
vn 0.5205 -0.2939 0.8017
vn 0.5206 -0.2939 0.8016
vn 0.5206 -0.2942 0.8015
vn -0.4634 -0.8833 -0.0714
vn -0.5458 0.2292 -0.8060
vn 0.0879 0.9655 0.2451
vn 0.1871 -0.1259 0.9743
vn 0.8731 -0.2483 -0.4195
vn 0.8729 -0.2484 -0.4199
vn 0.8727 -0.2485 -0.4203
vn -0.4144 -0.8566 -0.3074
vn 0.5754 -0.1360 -0.8065
vn 0.1611 0.9868 0.0142
vn -0.8173 0.2371 0.5252
vn 0.6352 -0.2664 0.7250
vn 0.6354 -0.2664 0.7248
vn 0.6356 -0.2664 0.7246
vn -0.4744 -0.8800 -0.0243
vn -0.2055 0.1398 -0.9686
vn 0.0166 0.8886 0.4585
vn -0.0516 -0.0610 0.9968
vn 0.6771 -0.1575 -0.7189
vn 0.6770 -0.1577 -0.7188
vn 0.6771 -0.1577 -0.7188
vn 0.6770 -0.1579 -0.7188
vn -0.3243 -0.7984 -0.5074
vn 0.4221 -0.0650 -0.9042
vn 0.1691 0.9855 -0.0149
vn -0.6096 0.1373 0.7808
vn 0.3039 -0.1810 0.9353
vn 0.3065 -0.1812 0.9344
vn 0.3054 -0.1811 0.9348
vn 0.3080 -0.1814 0.9339
vn 0.3930 -0.8786 0.2714
vn -0.0373 0.2257 0.9735
vn 0.0066 0.9808 -0.1951
vn 0.4157 -0.1243 -0.9010
vn 0.4154 -0.1243 -0.9011
vn -0.9507 -0.2519 -0.1807
vn -0.9507 -0.2519 -0.1809
vn -0.9507 -0.2518 -0.1811
vn 0.2193 -0.8683 0.4450
vn -0.9376 -0.1372 0.3195
vn -0.1874 0.9813 -0.0445
vn 0.9687 0.2408 0.0605
vn -0.0798 -0.2630 -0.9615
vn -0.0797 -0.2633 -0.9614
vn -0.0795 -0.2635 -0.9614
vn -0.3212 -0.8827 -0.3431
vn -0.1132 0.2619 -0.9584
vn -0.0246 0.9786 0.2042
vn -0.3104 -0.1696 0.9353
vn 0.8945 -0.2747 0.3526
vn 0.8946 -0.2745 0.3526
vn 0.8946 -0.2744 0.3526
vn 0.8947 -0.2741 0.3526
vn -0.1988 -0.8671 -0.4568
vn 0.9737 -0.1795 -0.1401
vn 0.1187 0.9866 0.1117
vn -0.9291 0.2721 -0.2506
vn 0.2184 -0.2938 0.9306
vn 0.2186 -0.2940 0.9305
vn 0.2188 -0.2942 0.9303
vn -0.1154 -0.8772 -0.4660
vn 0.6941 0.2245 -0.6840
vn -0.1223 0.9828 0.1383
vn -0.9193 -0.1259 0.3728
vn 0.5686 -0.2518 0.7831
vn 0.5679 -0.2518 0.7836
vn 0.5680 -0.2518 0.7836
vn 0.5673 -0.2517 0.7841
vn 0.1294 -0.8699 -0.4760
vn 0.9025 -0.1378 0.4080
vn 0.1217 0.9795 0.1604
vn -0.6635 0.2414 -0.7081
vn -0.6026 -0.2611 0.7541
vn -0.6017 -0.2618 0.7546
vn -0.6018 -0.2618 0.7545
vn -0.6009 -0.2625 0.7550
vn -0.0885 -0.8798 -0.4670
vn 0.6900 0.2259 -0.6877
vn -0.1517 0.9788 0.1374
vn -0.9188 -0.1256 0.3741
vn 0.5737 -0.2505 0.7798
vn 0.5736 -0.2507 0.7798
vn 0.5735 -0.2508 0.7799
vn 0.1552 -0.8667 -0.4742
vn 0.9030 -0.1357 0.4076
vn 0.0922 0.9827 0.1609
vn -0.6673 0.2406 -0.7048
vn -0.5965 -0.2637 0.7580
vn -0.5965 -0.2635 0.7581
vn -0.5965 -0.2632 0.7582
vn -0.0755 -0.8803 -0.4683
vn 0.6883 0.2264 -0.6892
vn -0.1668 0.9763 0.1382
vn -0.9184 -0.1246 0.3755
vn 0.5768 -0.2506 0.7775
vn 0.5762 -0.2509 0.7778
vn 0.5756 -0.2513 0.7782
vn 0.1694 -0.8642 -0.4737
vn 0.9034 -0.1357 0.4067
vn 0.0768 0.9838 0.1620
vn -0.6701 0.2394 -0.7026
vn -0.5939 -0.2648 0.7597
vn -0.5937 -0.2647 0.7599
vn -0.5934 -0.2645 0.7602
vn -0.1738 -0.8822 -0.4377
vn 0.2835 0.2615 -0.9226
vn -0.0873 0.9810 0.1734
vn -0.6597 -0.1681 0.7325
vn 0.6784 -0.2749 0.6813
vn 0.6782 -0.2747 0.6816
vn 0.6780 -0.2745 0.6819
vn -0.0160 -0.8687 -0.4951
vn 0.9489 -0.1793 0.2597
vn 0.0820 0.9861 0.1448
vn -0.7507 0.2725 -0.6018
vn -0.1748 -0.2932 0.9399
vn -0.1755 -0.2929 0.9399
vn -0.1757 -0.2928 0.9399
vn -0.1764 -0.2926 0.9398
vn 0.4729 -0.8592 0.1955
vn -0.1791 0.2011 0.9631
vn -0.0632 0.9894 -0.1304
vn 0.5077 -0.1056 -0.8550
vn -0.9573 -0.2407 -0.1599
vn -0.9573 -0.2406 -0.1603
vn -0.9573 -0.2404 -0.1607
vn 0.2675 -0.8755 0.4024
vn -0.9351 -0.1195 0.3337
vn -0.2907 0.9559 0.0422
vn 0.9737 0.2248 0.0356
vn 0.0707 -0.2389 -0.9685
vn 0.0697 -0.2395 -0.9684
vn 0.0699 -0.2394 -0.9684
vn 0.0690 -0.2401 -0.9683
vn 0.3677 -0.8619 0.3491
vn -0.4892 0.2020 0.8485
vn -0.0002 0.9887 -0.1498
vn 0.7641 -0.1061 -0.6363
vn -0.8496 -0.2406 -0.4693
vn -0.8495 -0.2405 -0.4697
vn -0.8495 -0.2405 -0.4696
vn -0.8493 -0.2403 -0.4700
vn 0.1035 -0.8747 0.4736
vn -0.9928 -0.1195 0.0015
vn -0.2736 0.9597 -0.0636
vn 0.9065 0.2240 0.3580
vn 0.3868 -0.2407 -0.8902
vn 0.3865 -0.2409 -0.8903
vn 0.3866 -0.2409 -0.8903
vn 0.3862 -0.2412 -0.8903
vn 0.2137 -0.8651 0.4538
vn -0.7470 0.2014 0.6336
vn 0.0732 0.9872 -0.1415
vn 0.9342 -0.1046 -0.3410
vn -0.6529 -0.2381 -0.7190
vn -0.6520 -0.2379 -0.7199
vn -0.6522 -0.2380 -0.7197
vn -0.6513 -0.2378 -0.7206
vn -0.0815 -0.8731 0.4807
vn -0.9381 -0.1183 -0.3255
vn -0.2184 0.9639 -0.1524
vn 0.7414 0.2216 0.6335
vn 0.6639 -0.2401 -0.7082
vn 0.6638 -0.2402 -0.7083
vn 0.6639 -0.2402 -0.7082
vn 0.6637 -0.2403 -0.7083
vn 0.1457 -0.8735 0.4645
vn -0.6980 0.2244 0.6800
vn 0.0876 0.9864 -0.1392
vn 0.9201 -0.1242 -0.3715
vn -0.5612 -0.2538 -0.7878
vn -0.5617 -0.2540 -0.7874
vn -0.5616 -0.2540 -0.7874
vn -0.5621 -0.2541 -0.7871
vn -0.0987 -0.8727 0.4782
vn -0.9014 -0.1379 -0.4104
vn -0.1563 0.9746 -0.1601
vn 0.6589 0.2426 0.7121
vn 0.6072 -0.2604 -0.7506
vn 0.6073 -0.2604 -0.7506
vn 0.6074 -0.2603 -0.7505
vn 0.0592 -0.8786 0.4739
vn -0.7523 0.2248 0.6193
vn 0.1484 0.9810 -0.1248
vn 0.9495 -0.1246 -0.2879
vn -0.4967 -0.2518 -0.8306
vn -0.4966 -0.2517 -0.8307
vn -0.1846 -0.8684 0.4602
vn -0.8615 -0.1369 -0.4890
vn -0.0926 0.9811 -0.1699
vn 0.5977 0.2413 0.7645
vn 0.6665 -0.2626 -0.6978
vn 0.6657 -0.2633 -0.6982
vn 0.6658 -0.2632 -0.6982
vn 0.6651 -0.2639 -0.6986
vn 0.0971 -0.8789 0.4670
vn -0.6931 0.2258 0.6846
vn 0.1418 0.9803 -0.1375
vn 0.9199 -0.1252 -0.3716
vn -0.5698 -0.2517 -0.7823
vn -0.5699 -0.2513 -0.7823
vn -0.5699 -0.2514 -0.7823
vn -0.5701 -0.2510 -0.7823
vn -0.1473 -0.8678 0.4746
vn -0.9020 -0.1372 -0.4095
vn -0.1024 0.9816 -0.1609
vn 0.6646 0.2409 0.7073
vn 0.5998 -0.2632 -0.7556
vn 0.6002 -0.2631 -0.7554
vn 0.6006 -0.2629 -0.7551
vn 0.0926 -0.8786 0.4684
vn -0.7051 0.2255 0.6723
vn 0.1405 0.9808 -0.1352
vn 0.9261 -0.1249 -0.3561
vn -0.5557 -0.2520 -0.7922
vn -0.5558 -0.2520 -0.7922
vn -0.5559 -0.2520 -0.7921
vn -0.1523 -0.8682 0.4722
vn -0.8949 -0.1367 -0.4249
vn -0.1033 0.9813 -0.1627
vn 0.6524 0.2409 0.7186
vn 0.6133 -0.2633 -0.7446
vn 0.6133 -0.2632 -0.7447
vn -0.3792 -0.8772 -0.2945
vn 0.1201 0.2247 -0.9670
vn -0.0101 0.9828 0.1842
vn -0.4905 -0.1265 0.8622
vn 0.9314 -0.2520 0.2626
vn 0.9314 -0.2522 0.2625
vn 0.9314 -0.2521 0.2625
vn 0.9314 -0.2523 0.2624
vn -0.1934 -0.8697 -0.4540
vn 0.9614 -0.1373 -0.2386
vn 0.1953 0.9795 0.0504
vn -0.9598 0.2405 -0.1450
vn -0.0048 -0.2620 0.9651
vn -0.0052 -0.2615 0.9652
vn -0.0051 -0.2616 0.9652
vn -0.0056 -0.2611 0.9653
vn -0.3795 -0.8771 -0.2944
vn 0.1210 0.2254 -0.9667
vn -0.0103 0.9828 0.1844
vn -0.4903 -0.1248 0.8626
vn 0.9312 -0.2517 0.2635
vn 0.9314 -0.2520 0.2625
vn 0.9316 -0.2524 0.2616
vn -0.1933 -0.8697 -0.4540
vn 0.9614 -0.1372 -0.2384
vn 0.1955 0.9794 0.0503
vn -0.9595 0.2421 -0.1442
vn -0.0046 -0.2621 0.9650
vn -0.0044 -0.2622 0.9650
vn -0.2037 -0.8771 -0.4350
vn 0.5469 0.2246 -0.8065
vn -0.0928 0.9828 0.1595
vn -0.8290 -0.1266 0.5447
vn 0.7099 -0.2518 0.6578
vn 0.7101 -0.2522 0.6574
vn 0.7101 -0.2521 0.6575
vn 0.7102 -0.2525 0.6571
vn 0.0340 -0.8698 -0.4923
vn 0.9647 -0.1370 0.2249
vn 0.1509 0.9795 0.1336
vn -0.7888 0.2412 -0.5653
vn -0.4427 -0.2626 0.8574
vn -0.4436 -0.2613 0.8573
vn -0.4435 -0.2614 0.8573
vn -0.4445 -0.2601 0.8572
vn 0.3010 -0.8773 0.3738
vn -0.3402 0.2248 0.9131
vn 0.0525 0.9828 -0.1770
vn 0.6761 -0.1247 -0.7262
vn -0.8455 -0.2524 -0.4706
vn -0.8455 -0.2524 -0.4705
vn 0.0835 -0.8698 0.4863
vn -0.9905 -0.1375 0.0103
vn -0.1785 0.9794 -0.0940
vn 0.9004 0.2412 0.3620
vn 0.2270 -0.2620 -0.9380
vn 0.2269 -0.2621 -0.9380
vn 0.2268 -0.2622 -0.9380
vn 0.1193 -0.8773 0.4649
vn -0.6879 0.2249 0.6901
vn 0.1210 0.9828 -0.1394
vn 0.9161 -0.1243 -0.3811
vn -0.5760 -0.2520 -0.7777
vn -0.5755 -0.2522 -0.7780
vn -0.5755 -0.2522 -0.7779
vn -0.5750 -0.2524 -0.7783
vn -0.1253 -0.8697 0.4773
vn -0.9058 -0.1373 -0.4009
vn -0.1236 0.9794 -0.1594
vn 0.6696 0.2415 0.7024
vn 0.5945 -0.2623 -0.7601
vn 0.5948 -0.2623 -0.7599
vn 0.5951 -0.2622 -0.7597
vn 0.1881 -0.8770 0.4422
vn -0.4942 0.2454 0.8340
vn 0.0489 0.9876 -0.1490
vn 0.8033 -0.1478 -0.5769
vn -0.6038 -0.2691 -0.7503
vn -0.6032 -0.2691 -0.7508
vn -0.6032 -0.2692 -0.7508
vn -0.6026 -0.2692 -0.7513
vn -0.0045 -0.8740 0.4859
vn -0.9248 -0.1629 -0.3437
vn -0.1498 0.9789 -0.1389
vn 0.6905 0.2643 0.6733
vn 0.3916 -0.2791 -0.8768
vn 0.3918 -0.2790 -0.8767
vn 0.3918 -0.2789 -0.8767
vn 0.3921 -0.2787 -0.8767
vn 0.3082 -0.8740 0.3757
vn -0.2911 0.2447 0.9249
vn -0.0155 0.9893 -0.1451
vn 0.6485 -0.1474 -0.7468
vn -0.7549 -0.2706 -0.5974
vn -0.7549 -0.2707 -0.5973
vn -0.7550 -0.2709 -0.5972
vn 0.1336 -0.8755 0.4644
vn -0.9785 -0.1645 -0.1244
vn -0.2042 0.9749 -0.0890
vn 0.8226 0.2656 0.5027
vn 0.1845 -0.2779 -0.9427
vn 0.1838 -0.2781 -0.9428
vn 0.1837 -0.2782 -0.9428
vn 0.1830 -0.2784 -0.9429
vn 0.4006 -0.8715 0.2828
vn -0.0742 0.2440 0.9669
vn -0.0644 0.9899 -0.1265
vn 0.4597 -0.1473 -0.8758
vn -0.8713 -0.2712 -0.4090
vn -0.8713 -0.2712 -0.4089
vn -0.8714 -0.2712 -0.4089
vn -0.8714 -0.2711 -0.4089
vn 0.2519 -0.8761 0.4112
vn -0.9808 -0.1641 0.1053
vn -0.2346 0.9717 -0.0279
vn 0.9158 0.2664 0.3007
vn -0.0346 -0.2772 -0.9602
vn -0.0343 -0.2772 -0.9602
vn -0.0342 -0.2772 -0.9602
vn -0.0339 -0.2772 -0.9602
vn -0.2922 -0.8831 -0.3670
vn 0.1422 0.2291 -0.9630
vn -0.1027 0.9650 0.2414
vn -0.5200 -0.1262 0.8448
vn 0.9273 -0.2485 0.2798
vn 0.9275 -0.2484 0.2793
vn 0.9275 -0.2484 0.2794
vn 0.9276 -0.2483 0.2789
vn -0.0957 -0.8560 -0.5080
vn 0.9692 -0.1352 -0.2059
vn 0.1073 0.9869 0.1207
vn -0.9575 0.2369 -0.1646
vn -0.0207 -0.2669 0.9635
vn -0.0203 -0.2666 0.9636
vn -0.0204 -0.2666 0.9636
vn -0.0200 -0.2664 0.9637
vn -0.2972 -0.8831 -0.3630
vn 0.1430 0.2285 -0.9630
vn -0.0965 0.9666 0.2373
vn -0.5201 -0.1260 0.8448
vn 0.9271 -0.2481 0.2810
vn 0.9270 -0.2485 0.2809
vn 0.9269 -0.2489 0.2808
vn -0.1028 -0.8571 -0.5048
vn 0.9693 -0.1353 -0.2053
vn 0.1139 0.9867 0.1161
vn -0.9571 0.2377 -0.1659
vn -0.0231 -0.2660 0.9637
vn -0.0221 -0.2663 0.9636
vn -0.0222 -0.2662 0.9637
vn -0.0212 -0.2665 0.9636
vn -0.2483 -0.8818 -0.4009
vn 0.4200 0.2062 -0.8838
vn -0.1589 0.9622 0.2212
vn -0.7228 -0.1065 0.6827
vn 0.8960 -0.2318 0.3787
vn 0.8961 -0.2315 0.3787
vn 0.8962 -0.2312 0.3786
vn 0.0191 -0.8531 -0.5214
vn 0.9905 -0.1151 -0.0757
vn 0.1174 0.9854 0.1231
vn -0.9393 0.2155 -0.2669
vn -0.3048 -0.2465 0.9200
vn -0.3054 -0.2464 0.9198
vn -0.3053 -0.2464 0.9198
vn -0.3058 -0.2464 0.9197
vn -0.1850 -0.8793 -0.4389
vn 0.6163 0.2052 -0.7603
vn -0.1653 0.9711 0.1720
vn -0.8616 -0.1061 0.4964
vn 0.7781 -0.2335 0.5831
vn 0.7778 -0.2334 0.5836
vn 0.7779 -0.2334 0.5835
vn 0.7775 -0.2333 0.5840
vn 0.1029 -0.8601 -0.4997
vn 0.9805 -0.1160 0.1589
vn 0.1273 0.9821 0.1385
vn -0.8474 0.2176 -0.4843
vn -0.5156 -0.2448 0.8212
vn -0.5157 -0.2450 0.8210
vn -0.5159 -0.2452 0.8208
vn 0.3914 -0.8772 0.2781
vn -0.0804 0.2250 0.9710
vn 0.0025 0.9828 -0.1846
vn 0.4539 -0.1247 -0.8823
vn -0.9414 -0.2524 -0.2235
vn -0.9414 -0.2525 -0.2235
vn 0.2122 -0.8698 0.4455
vn -0.9506 -0.1372 0.2785
vn -0.1973 0.9794 -0.0421
vn 0.9649 0.2410 0.1043
vn -0.0356 -0.2621 -0.9644
vn -0.0356 -0.2620 -0.9644
vn 0.4039 -0.8772 0.2597
vn -0.0351 0.2247 0.9738
vn -0.0060 0.9828 -0.1845
vn 0.4123 -0.1247 -0.9025
vn -0.9507 -0.2527 -0.1797
vn -0.9508 -0.2525 -0.1795
vn -0.9509 -0.2523 -0.1794
vn 0.2331 -0.8697 0.4351
vn -0.9367 -0.1367 0.3224
vn -0.1990 0.9794 -0.0328
vn 0.9687 0.2410 0.0592
vn -0.0814 -0.2624 -0.9615
vn -0.0810 -0.2623 -0.9616
vn -0.0807 -0.2623 -0.9616
vn 0.1157 -0.8790 0.4626
vn -0.6647 0.2265 0.7120
vn 0.1363 0.9803 -0.1433
vn 0.9040 -0.1243 -0.4091
vn -0.6009 -0.2516 -0.7587
vn -0.6008 -0.2515 -0.7588
vn -0.6006 -0.2514 -0.7590
vn -0.1284 -0.8677 0.4802
vn -0.9177 -0.1370 -0.3729
vn -0.1090 0.9816 -0.1567
vn 0.6928 0.2409 0.6797
vn 0.5687 -0.2623 -0.7796
vn 0.5685 -0.2629 -0.7796
vn 0.5685 -0.2628 -0.7796
vn 0.5683 -0.2634 -0.7795
vn 0.1643 -0.8763 -0.4528
vn 0.9597 0.2242 -0.1696
vn -0.1732 0.9837 0.0490
vn -0.9690 -0.1245 -0.2134
vn 0.0228 -0.2528 0.9673
vn 0.0231 -0.2527 0.9673
vn 0.0234 -0.2526 0.9673
vn 0.3712 -0.8706 -0.3231
vn 0.5122 -0.1369 0.8479
vn 0.0159 0.9785 0.2055
vn -0.1450 0.2421 -0.9594
vn -0.9239 -0.2609 0.2798
vn -0.9237 -0.2617 0.2800
vn -0.9237 -0.2616 0.2800
vn -0.9234 -0.2624 0.2801
vn 0.1654 -0.8766 -0.4520
vn 0.9596 0.2243 -0.1699
vn -0.1747 0.9835 0.0480
vn -0.9688 -0.1255 -0.2136
vn 0.0228 -0.2526 0.9673
vn 0.0222 -0.2524 0.9674
vn 0.0216 -0.2523 0.9674
vn 0.3732 -0.8701 -0.3220
vn 0.5114 -0.1371 0.8484
vn 0.0143 0.9788 0.2045
vn -0.1451 0.2415 -0.9595
vn -0.9236 -0.2620 0.2797
vn -0.9236 -0.2621 0.2798
vn -0.9235 -0.2622 0.2799
vn 0.0965 -0.8791 -0.4668
vn 0.8513 0.2484 -0.4621
vn -0.1404 0.9859 0.0914
vn -0.9855 -0.1517 0.0759
vn 0.1129 -0.2696 0.9563
vn 0.1130 -0.2694 0.9564
vn 0.1131 -0.2693 0.9564
vn 0.2776 -0.8725 -0.4021
vn 0.5970 -0.1657 0.7849
vn 0.0290 0.9820 0.1869
vn -0.2264 0.2646 -0.9374
vn -0.7855 -0.2816 0.5511
vn -0.7851 -0.2822 0.5514
vn -0.7850 -0.2823 0.5514
vn -0.7846 -0.2829 0.5517
vn -0.1725 -0.8777 0.4470
vn -0.9592 0.2247 0.1716
vn 0.1831 0.9822 -0.0417
vn 0.9691 -0.1247 0.2130
vn -0.0252 -0.2518 -0.9675
vn -0.0253 -0.2522 -0.9673
vn -0.0254 -0.2526 -0.9672
vn -0.3796 -0.8695 0.3161
vn -0.5132 -0.1366 -0.8473
vn -0.0056 0.9801 -0.1986
vn 0.1469 0.2411 0.9593
vn 0.9229 -0.2619 -0.2822
vn 0.9227 -0.2625 -0.2823
vn 0.9225 -0.2631 -0.2825
vn -0.1740 -0.8779 0.4460
vn -0.9590 0.2256 0.1718
vn 0.1848 0.9819 -0.0408
vn 0.9691 -0.1247 0.2127
vn -0.0263 -0.2521 -0.9673
vn -0.0260 -0.2522 -0.9673
vn -0.0257 -0.2523 -0.9673
vn -0.3811 -0.8691 0.3153
vn -0.5123 -0.1371 -0.8478
vn -0.0040 0.9803 -0.1976
vn 0.1467 0.2410 0.9594
vn 0.9225 -0.2627 -0.2829
vn 0.9226 -0.2624 -0.2827
vn 0.9228 -0.2621 -0.2825
vn 0.1623 -0.8764 -0.4535
vn 0.9596 0.2247 -0.1693
vn -0.1721 0.9838 0.0499
vn -0.9689 -0.1245 -0.2138
vn 0.0204 -0.2527 0.9673
vn 0.0219 -0.2527 0.9673
vn 0.0218 -0.2527 0.9673
vn 0.0234 -0.2527 0.9673
vn 0.3699 -0.8707 -0.3241
vn 0.5122 -0.1376 0.8478
vn 0.0169 0.9783 0.2063
vn -0.1440 0.2417 -0.9596
vn -0.9238 -0.2615 0.2796
vn -0.9238 -0.2618 0.2796
vn -0.9238 -0.2617 0.2796
vn -0.9237 -0.2620 0.2795
vn 0.1607 -0.8761 -0.4546
vn 0.9598 0.2238 -0.1691
vn -0.1701 0.9841 0.0513
vn -0.9691 -0.1235 -0.2137
vn 0.0223 -0.2527 0.9673
vn 0.0224 -0.2527 0.9673
vn 0.3689 -0.8707 -0.3251
vn 0.5120 -0.1372 0.8479
vn 0.0188 0.9781 0.2074
vn -0.1437 0.2411 -0.9598
vn -0.9242 -0.2612 0.2787
vn -0.9239 -0.2618 0.2790
vn -0.9239 -0.2617 0.2790
vn -0.9237 -0.2623 0.2792
vn 0.1608 -0.8762 -0.4543
vn 0.9598 0.2241 -0.1688
vn -0.1706 0.9840 0.0510
vn -0.9689 -0.1244 -0.2137
vn 0.0228 -0.2522 0.9674
vn 0.0224 -0.2525 0.9673
vn 0.0219 -0.2528 0.9673
vn 0.3688 -0.8708 -0.3251
vn 0.5116 -0.1367 0.8483
vn 0.0185 0.9781 0.2075
vn -0.1437 0.2423 -0.9595
vn -0.9237 -0.2623 0.2793
vn -0.9239 -0.2616 0.2793
vn -0.9239 -0.2617 0.2793
vn -0.9241 -0.2610 0.2793
vn 0.1612 -0.8762 -0.4541
vn 0.9597 0.2245 -0.1690
vn -0.1710 0.9840 0.0505
vn 0.0216 -0.2527 0.9673
vn 0.0217 -0.2527 0.9673
vn 0.3695 -0.8707 -0.3245
vn 0.5119 -0.1371 0.8480
vn 0.0179 0.9782 0.2069
vn -0.1440 0.2411 -0.9598
vn -0.9238 -0.2621 0.2790
vn -0.9239 -0.2620 0.2789
vn -0.9239 -0.2619 0.2789
vn -0.1761 -0.8781 0.4449
vn -0.9590 0.2249 0.1722
vn 0.1868 0.9816 -0.0390
vn 0.9691 -0.1248 0.2128
vn -0.0263 -0.2519 -0.9674
vn -0.0259 -0.2520 -0.9674
vn -0.0254 -0.2521 -0.9674
vn -0.3833 -0.8688 0.3136
vn -0.5130 -0.1363 -0.8475
vn -0.0018 0.9806 -0.1961
vn 0.1479 0.2409 0.9592
vn 0.9224 -0.2627 -0.2833
vn 0.9224 -0.2624 -0.2833
vn 0.9225 -0.2622 -0.2832
vn -0.1771 -0.8782 0.4442
vn -0.9589 0.2254 0.1724
vn 0.1877 0.9815 -0.0386
vn 0.9693 -0.1239 0.2126
vn -0.0265 -0.2526 -0.9672
vn -0.0265 -0.2525 -0.9672
vn -0.0266 -0.2530 -0.9671
vn -0.3841 -0.8686 0.3132
vn -0.5126 -0.1373 -0.8475
vn -0.0010 0.9807 -0.1955
vn 0.1476 0.2404 0.9594
vn 0.9228 -0.2616 -0.2829
vn 0.9224 -0.2625 -0.2833
vn 0.9220 -0.2634 -0.2838
vn -0.1772 -0.8782 0.4443
vn -0.9589 0.2254 0.1722
vn 0.1879 0.9814 -0.0383
vn -0.0263 -0.2520 -0.9674
vn -0.0268 -0.2520 -0.9674
vn -0.0272 -0.2519 -0.9674
vn -0.3834 -0.8688 0.3132
vn -0.5130 -0.1366 -0.8474
vn -0.0008 0.9807 -0.1954
vn 0.1477 0.2409 0.9592
vn 0.9221 -0.2629 -0.2838
vn 0.9223 -0.2626 -0.2836
vn 0.9225 -0.2622 -0.2834
vn -0.3721 -0.8789 -0.2985
vn 0.0984 0.2253 -0.9693
vn -0.0218 0.9803 0.1962
vn -0.4725 -0.1252 0.8724
vn 0.9370 -0.2526 0.2411
vn 0.9372 -0.2520 0.2412
vn 0.9372 -0.2521 0.2412
vn 0.9373 -0.2515 0.2412
vn -0.1883 -0.8677 -0.4600
vn 0.9563 -0.1368 -0.2582
vn 0.1815 0.9816 0.0589
vn -0.9629 0.2406 -0.1222
vn 0.0179 -0.2628 0.9647
vn 0.0184 -0.2629 0.9647
vn 0.0189 -0.2630 0.9646
vn -0.3534 -0.8788 -0.3207
vn 0.1645 0.2256 -0.9602
vn -0.0321 0.9808 0.1924
vn -0.5304 -0.1249 0.8385
vn 0.9189 -0.2515 0.3038
vn 0.9188 -0.2518 0.3040
vn 0.9187 -0.2520 0.3041
vn -0.1592 -0.8682 -0.4700
vn 0.9716 -0.1369 -0.1931
vn 0.1799 0.9813 0.0688
vn -0.9524 0.2403 -0.1876
vn -0.0470 -0.2637 0.9635
vn -0.0480 -0.2632 0.9636
vn -0.0479 -0.2632 0.9635
vn -0.0488 -0.2627 0.9636
vn 0.4373 -0.8638 0.2501
vn -0.1763 0.2211 0.9592
vn -0.0699 0.9900 -0.1226
vn 0.5287 -0.1231 -0.8398
vn -0.9118 -0.2560 -0.3211
vn -0.9117 -0.2564 -0.3209
vn -0.9118 -0.2563 -0.3209
vn -0.9117 -0.2567 -0.3208
vn 0.2536 -0.8764 0.4094
vn -0.9711 -0.1394 0.1938
vn -0.2747 0.9615 0.0037
vn 0.9483 0.2455 0.2014
vn 0.0660 -0.2574 -0.9641
vn 0.0653 -0.2577 -0.9640
vn 0.0645 -0.2581 -0.9640
vn 0.4337 -0.8645 0.2539
vn -0.1751 0.2213 0.9594
vn -0.0641 0.9899 -0.1267
vn 0.5287 -0.1232 -0.8398
vn -0.9124 -0.2562 -0.3193
vn -0.9123 -0.2562 -0.3194
vn -0.9123 -0.2562 -0.3196
vn 0.2484 -0.8761 0.4131
vn -0.9711 -0.1390 0.1941
vn -0.2694 0.9630 -0.0003
vn 0.9486 0.2451 0.2003
vn 0.0637 -0.2579 -0.9641
vn 0.0637 -0.2578 -0.9641
vn -0.0536 -0.8794 -0.4730
vn 0.6620 0.2496 -0.7067
vn -0.1066 0.9857 0.1308
vn -0.9113 -0.1515 0.3829
vn 0.4080 -0.2701 0.8721
vn 0.4082 -0.2701 0.8720
vn 0.4083 -0.2701 0.8720
vn 0.4085 -0.2701 0.8719
vn 0.1386 -0.8724 -0.4688
vn 0.8127 -0.1662 0.5584
vn 0.0837 0.9822 0.1680
vn -0.5090 0.2649 -0.8190
vn -0.5682 -0.2841 0.7723
vn -0.5694 -0.2832 0.7717
vn -0.5696 -0.2831 0.7716
vn -0.5709 -0.2821 0.7710
vn -0.1496 -0.8813 -0.4482
vn 0.4470 0.2500 -0.8589
vn -0.0972 0.9825 0.1588
vn -0.7770 -0.1525 0.6107
vn 0.6290 -0.2683 0.7297
vn 0.6284 -0.2688 0.7300
vn 0.6283 -0.2689 0.7300
vn 0.6277 -0.2695 0.7303
vn 0.0355 -0.8700 -0.4917
vn 0.9324 -0.1652 0.3216
vn 0.0960 0.9847 0.1456
vn -0.7116 0.2632 -0.6514
vn -0.3411 -0.2838 0.8962
vn -0.3406 -0.2834 0.8965
vn -0.3406 -0.2833 0.8965
vn -0.3401 -0.2829 0.8968
vn -0.2404 -0.8825 -0.4042
vn 0.1968 0.2519 -0.9475
vn -0.0770 0.9787 0.1901
vn -0.5846 -0.1538 0.7966
vn 0.8006 -0.2683 0.5357
vn 0.8008 -0.2682 0.5355
vn 0.8008 -0.2681 0.5355
vn 0.8010 -0.2680 0.5353
vn -0.0718 -0.8672 -0.4928
vn 0.9840 -0.1657 0.0653
vn 0.1047 0.9862 0.1280
vn -0.8594 0.2628 -0.4385
vn -0.0824 -0.2850 0.9550
vn -0.0819 -0.2853 0.9549
vn -0.0814 -0.2856 0.9549
vn -0.2988 -0.8829 -0.3621
vn 0.1434 0.2278 -0.9631
vn -0.0951 0.9670 0.2363
vn -0.5203 -0.1260 0.8446
vn 0.9267 -0.2488 0.2818
vn 0.9267 -0.2489 0.2817
vn 0.9267 -0.2490 0.2816
vn -0.1038 -0.8575 -0.5039
vn 0.9693 -0.1354 -0.2054
vn 0.1151 0.9867 0.1151
vn -0.9571 0.2374 -0.1662
vn -0.0219 -0.2661 0.9637
vn -0.0219 -0.2660 0.9637
vn 0.1601 -0.8762 -0.4545
vn 0.9598 0.2240 -0.1690
vn -0.1699 0.9841 0.0513
vn -0.9689 -0.1245 -0.2137
vn 0.0228 -0.2527 0.9673
vn 0.0216 -0.2528 0.9673
vn 0.0217 -0.2528 0.9673
vn 0.0206 -0.2530 0.9673
vn 0.3683 -0.8709 -0.3255
vn 0.5115 -0.1374 0.8482
vn 0.0189 0.9781 0.2075
vn -0.1436 0.2413 -0.9598
vn -0.9237 -0.2620 0.2796
vn -0.9238 -0.2619 0.2793
vn -0.1758 -0.8779 0.4453
vn -0.9591 0.2249 0.1721
vn 0.1860 0.9818 -0.0397
vn 0.9690 -0.1252 0.2130
vn -0.0252 -0.2525 -0.9673
vn -0.0261 -0.2523 -0.9673
vn -0.0260 -0.2523 -0.9673
vn -0.0269 -0.2521 -0.9673
vn -0.3825 -0.8688 0.3143
vn -0.5126 -0.1371 -0.8476
vn -0.0028 0.9805 -0.1966
vn 0.1475 0.2409 0.9593
vn 0.9226 -0.2621 -0.2830
vn 0.9225 -0.2625 -0.2830
vn 0.9225 -0.2624 -0.2830
vn 0.9224 -0.2628 -0.2830
vn 0.3113 -0.8763 0.3677
vn -0.3330 0.2237 0.9160
vn 0.0432 0.9838 -0.1740
vn 0.6695 -0.1245 -0.7323
vn -0.8489 -0.2536 -0.4638
vn -0.8490 -0.2535 -0.4636
vn -0.8491 -0.2534 -0.4634
vn 0.0954 -0.8704 0.4830
vn -0.9904 -0.1371 0.0193
vn -0.1866 0.9784 -0.0887
vn 0.9034 0.2409 0.3548
vn 0.2191 -0.2622 -0.9398
vn 0.2190 -0.2623 -0.9398
vn 0.2189 -0.2625 -0.9398
vn 0.3124 -0.8762 0.3669
vn -0.3338 0.2247 0.9154
vn 0.0421 0.9839 -0.1736
vn 0.6694 -0.1250 -0.7323
vn -0.8485 -0.2530 -0.4648
vn -0.8486 -0.2528 -0.4647
vn -0.8487 -0.2526 -0.4646
vn 0.0954 -0.8708 0.4823
vn -0.9905 -0.1363 0.0190
vn -0.1880 0.9782 -0.0882
vn 0.9033 0.2411 0.3549
vn 0.2203 -0.2616 -0.9397
vn 0.2201 -0.2621 -0.9396
vn 0.2201 -0.2620 -0.9396
vn 0.2200 -0.2625 -0.9395
vn 0.3368 -0.8802 0.3343
vn 0.2894 0.2994 0.9092
vn -0.0540 0.9895 -0.1341
vn 0.0930 -0.2431 -0.9655
vn -0.7803 -0.2925 -0.5527
vn -0.7804 -0.2924 -0.5527
vn -0.7805 -0.2922 -0.5526
vn -0.7806 -0.2922 -0.5526
vn 0.2745 -0.8761 0.3963
vn -0.9526 -0.2428 -0.1832
vn -0.1463 0.9849 -0.0930
vn 0.8226 0.3013 0.4822
vn -0.3689 -0.3192 -0.8729
vn -0.3690 -0.3192 -0.8729
vn -0.3692 -0.3192 -0.8728
vn -0.3693 -0.3192 -0.8728
vn 0.2905 -0.8801 -0.3755
vn 0.8656 0.2982 -0.4022
vn -0.1259 0.9895 0.0705
vn -0.9697 -0.2424 0.0317
vn -0.4555 -0.2920 0.8410
vn -0.4552 -0.2922 0.8411
vn -0.4546 -0.2926 0.8412
vn -0.4543 -0.2928 0.8414
vn 0.3590 -0.8761 -0.3217
vn -0.0699 -0.2429 0.9675
vn -0.0746 0.9849 0.1564
vn 0.3807 0.3008 -0.8744
vn -0.8193 -0.3200 0.4757
vn -0.8194 -0.3199 0.4757
vn -0.8195 -0.3197 0.4757
vn -0.8195 -0.3195 0.4757
vn -0.1773 -0.8781 0.4444
vn -0.9590 0.2245 0.1727
vn 0.1879 0.9814 -0.0382
vn 0.9689 -0.1258 0.2130
vn -0.0263 -0.2518 -0.9674
vn -0.3836 -0.8688 0.3131
vn -0.5129 -0.1370 -0.8474
vn -0.0005 0.9808 -0.1952
vn 0.1475 0.2403 0.9594
vn 0.9224 -0.2625 -0.2835
vn 0.9224 -0.2622 -0.2837
vn 0.2385 -0.8781 -0.4148
vn 0.9738 0.2250 -0.0346
vn -0.1914 0.9814 0.0113
vn -0.9293 -0.1238 -0.3481
vn -0.1112 -0.2521 0.9613
vn -0.1102 -0.2522 0.9614
vn -0.1092 -0.2523 0.9615
vn 0.4249 -0.8685 -0.2553
vn 0.3871 -0.1368 0.9118
vn -0.0269 0.9807 0.1936
vn -0.0104 0.2411 -0.9704
vn -0.9531 -0.2629 0.1497
vn -0.9533 -0.2625 0.1495
vn -0.9534 -0.2620 0.1493
vn -0.0677 0.8643 -0.4983
vn -0.9812 -0.1349 0.1378
vn 0.3136 -0.9488 -0.0381
vn 0.9287 0.0621 -0.3656
vn -0.4151 0.1707 0.8936
vn -0.4161 0.1713 0.8930
vn -0.4156 0.1711 0.8933
vn -0.4167 0.1716 0.8927
vn -0.5007 0.8347 -0.2292
vn -0.7242 0.0705 0.6860
vn -0.1148 -0.9599 0.2558
vn 0.5215 -0.1527 -0.8395
vn 0.9851 0.1687 -0.0334
vn 0.9853 0.1672 -0.0340
vn 0.9852 0.1678 -0.0338
vn 0.9855 0.1663 -0.0344
vn -0.2976 -0.8779 -0.3752
vn 0.3306 0.2251 -0.9165
vn -0.0594 0.9816 0.1813
vn -0.6687 -0.1253 0.7329
vn 0.8508 -0.2522 0.4611
vn 0.8507 -0.2521 0.4612
vn 0.8506 -0.2521 0.4614
vn -0.0801 -0.8689 -0.4884
vn 0.9904 -0.1364 -0.0202
vn 0.1709 0.9806 0.0965
vn -0.9046 0.2403 -0.3520
vn -0.2161 -0.2626 0.9404
vn -0.2156 -0.2628 0.9405
vn -0.2151 -0.2629 0.9405
vn 0.3096 -0.8766 0.3685
vn -0.3327 0.2245 0.9159
vn 0.0449 0.9836 -0.1748
vn 0.6693 -0.1241 -0.7325
vn -0.8491 -0.2522 -0.4642
vn -0.8491 -0.2530 -0.4637
vn -0.8491 -0.2529 -0.4637
vn -0.8491 -0.2538 -0.4632
vn 0.0933 -0.8704 0.4835
vn -0.9903 -0.1376 0.0193
vn -0.1851 0.9786 -0.0894
vn 0.9033 0.2415 0.3545
vn 0.2196 -0.2620 -0.9398
vn 0.2195 -0.2620 -0.9398
vn 0.2200 -0.2618 -0.9397
vn -0.3473 -0.8622 -0.3688
vn 0.2548 0.2298 -0.9393
vn -0.0419 0.9825 0.1814
vn -0.6423 -0.1280 0.7557
vn 0.8730 -0.2337 0.4281
vn 0.8728 -0.2335 0.4286
vn 0.8726 -0.2332 0.4291
vn -0.1372 -0.8630 -0.4862
vn 0.9913 -0.1305 -0.0181
vn 0.1903 0.9770 0.0961
vn -0.9174 0.2232 -0.3294
vn -0.1268 -0.2661 0.9556
vn -0.1274 -0.2661 0.9555
vn -0.1280 -0.2660 0.9554
vn -0.3467 -0.8513 -0.3939
vn 0.2387 0.2213 -0.9456
vn -0.0394 0.9810 0.1899
vn -0.6275 -0.1252 0.7685
vn 0.8551 -0.2273 0.4660
vn 0.8556 -0.2273 0.4651
vn 0.8555 -0.2273 0.4652
vn 0.8560 -0.2274 0.4642
vn -0.1400 -0.8492 -0.5093
vn 0.9914 -0.1309 0.0071
vn 0.1926 0.9755 0.1058
vn -0.9047 0.2189 -0.3656
vn -0.1165 -0.2531 0.9604
vn -0.1158 -0.2536 0.9604
vn -0.1159 -0.2535 0.9604
vn -0.1151 -0.2540 0.9603
vn -0.3451 -0.8433 -0.4120
vn 0.2345 0.2135 -0.9484
vn -0.0380 0.9799 0.1956
vn -0.6195 -0.1232 0.7753
vn 0.8406 -0.2240 0.4931
vn 0.8409 -0.2247 0.4923
vn 0.8412 -0.2254 0.4915
vn -0.1381 -0.8395 -0.5255
vn 0.9911 -0.1304 0.0266
vn 0.1935 0.9746 0.1128
vn -0.8932 0.2174 -0.3936
vn -0.1156 -0.2451 0.9626
vn -0.1153 -0.2450 0.9626
vn -0.1150 -0.2450 0.9627
vn -0.3174 -0.8787 -0.3566
vn 0.2684 0.2247 -0.9367
vn -0.0515 0.9810 0.1870
vn -0.6190 -0.1242 0.7755
vn 0.8800 -0.2517 0.4027
vn 0.8799 -0.2515 0.4031
vn 0.8799 -0.2515 0.4030
vn 0.8798 -0.2513 0.4034
vn -0.1084 -0.8684 -0.4839
vn 0.9868 -0.1379 -0.0852
vn 0.1725 0.9811 0.0874
vn -0.9259 0.2408 -0.2909
vn -0.1531 -0.2627 0.9526
vn -0.1527 -0.2630 0.9526
vn -0.1524 -0.2633 0.9526
vn 0.0667 -0.8787 -0.4726
vn 0.8868 0.2259 -0.4033
vn -0.1773 0.9808 0.0816
vn -0.9917 -0.1247 0.0325
vn 0.2643 -0.2518 0.9310
vn 0.2647 -0.2519 0.9309
vn 0.2647 -0.2518 0.9309
vn 0.2651 -0.2519 0.9307
vn 0.2989 -0.8683 -0.3959
vn 0.7056 -0.1369 0.6952
vn 0.0441 0.9813 0.1874
vn -0.3798 0.2408 -0.8932
vn -0.8236 -0.2632 0.5023
vn -0.8239 -0.2631 0.5019
vn -0.8242 -0.2630 0.5015
vn -0.3776 -0.8775 0.2957
vn -0.9081 0.2236 -0.3539
vn 0.1760 0.9829 0.0550
vn 0.7161 -0.1240 0.6869
vn 0.4822 -0.2531 -0.8387
vn 0.4823 -0.2529 -0.8387
vn 0.4822 -0.2529 -0.8387
vn 0.4825 -0.2526 -0.8387
vn -0.4875 -0.8698 0.0762
vn 0.0047 -0.1366 -0.9906
vn 0.0967 0.9794 -0.1772
vn -0.3753 0.2425 0.8946
vn 0.9346 -0.2622 0.2405
vn 0.9343 -0.2630 0.2405
vn 0.9341 -0.2639 0.2405
vn -0.4395 -0.8771 0.1938
vn -0.7927 0.2250 -0.5665
vn 0.1572 0.9828 0.0967
vn 0.5249 -0.1240 0.8421
vn 0.5248 -0.1239 0.8421
vn 0.6740 -0.2530 -0.6941
vn 0.6740 -0.2528 -0.6942
vn 0.6740 -0.2528 -0.6941
vn 0.6740 -0.2526 -0.6942
vn -0.4911 -0.8699 -0.0459
vn 0.2479 -0.1365 -0.9591
vn 0.1372 0.9794 -0.1479
vn -0.5839 0.2405 0.7754
vn 0.8467 -0.2614 0.4634
vn 0.8467 -0.2618 0.4632
vn 0.8467 -0.2617 0.4632
vn 0.8467 -0.2620 0.4630
vn 0.4669 -0.8773 0.1108
vn 0.2892 0.2251 0.9304
vn -0.0668 0.9828 -0.1722
vn 0.0903 -0.1237 -0.9882
vn -0.9567 -0.2518 0.1460
vn -0.9567 -0.2519 0.1461
vn -0.9566 -0.2520 0.1461
vn 0.3640 -0.8697 0.3332
vn -0.7771 -0.1363 0.6145
vn -0.1986 0.9795 0.0349
vn 0.9340 0.2396 -0.2650
vn -0.3956 -0.2625 -0.8801
vn -0.3949 -0.2623 -0.8805
vn -0.3942 -0.2620 -0.8809
vn -0.3413 -0.8788 -0.3335
vn 0.2004 0.2252 -0.9535
vn -0.0393 0.9808 0.1910
vn -0.5617 -0.1247 0.8179
vn 0.9067 -0.2522 0.3380
vn 0.9067 -0.2518 0.3384
vn 0.9067 -0.2519 0.3384
vn 0.9066 -0.2515 0.3388
vn -0.1413 -0.8683 -0.4754
vn 0.9781 -0.1369 -0.1567
vn 0.1773 0.9813 0.0754
vn -0.9448 0.2402 -0.2228
vn -0.0833 -0.2636 0.9610
vn -0.0835 -0.2633 0.9611
vn -0.0837 -0.2630 0.9612
vn -0.4232 -0.8789 -0.2200
vn -0.0851 0.2254 -0.9706
vn 0.0179 0.9808 0.1942
vn -0.3000 -0.1240 0.9458
vn 0.9658 -0.2521 0.0599
vn 0.9659 -0.2518 0.0606
vn 0.9659 -0.2518 0.0605
vn 0.9659 -0.2515 0.0612
vn -0.2739 -0.8682 -0.4138
vn 0.8905 -0.1371 -0.4339
vn 0.1917 0.9812 0.0207
vn -0.9686 0.2411 0.0610
vn 0.1989 -0.2632 0.9440
vn 0.1991 -0.2631 0.9440
vn 0.1990 -0.2631 0.9440
vn 0.1992 -0.2631 0.9440
vn -0.3854 -0.8789 0.2813
vn -0.9069 0.2255 -0.3559
vn 0.1818 0.9808 0.0705
vn 0.7132 -0.1238 0.6899
vn 0.4850 -0.2521 -0.8374
vn 0.4853 -0.2518 -0.8373
vn 0.4852 -0.2518 -0.8373
vn 0.4855 -0.2516 -0.8372
vn -0.4926 -0.8681 0.0611
vn 0.0085 -0.1367 -0.9906
vn 0.1039 0.9812 -0.1624
vn -0.3769 0.2408 0.8944
vn 0.9338 -0.2638 0.2418
vn 0.9338 -0.2633 0.2423
vn 0.9338 -0.2628 0.2427
vn -0.1868 -0.8786 0.4394
vn -0.9611 0.2256 0.1594
vn 0.1923 0.9808 -0.0327
vn 0.9662 -0.1238 0.2261
vn -0.0148 -0.2529 -0.9674
vn -0.0139 -0.2525 -0.9675
vn -0.0139 -0.2526 -0.9675
vn -0.0130 -0.2522 -0.9676
vn -0.3915 -0.8681 0.3051
vn -0.5006 -0.1364 -0.8549
vn 0.0059 0.9812 -0.1928
vn 0.1349 0.2412 0.9611
vn 0.9255 -0.2638 -0.2716
vn 0.9259 -0.2631 -0.2711
vn 0.9259 -0.2632 -0.2711
vn 0.9262 -0.2625 -0.2706
vn 0.4466 -0.8773 0.1758
vn 0.1561 0.2249 0.9618
vn -0.0420 0.9828 -0.1797
vn 0.2280 -0.1247 -0.9656
vn -0.9676 -0.2524 0.0093
vn 0.3136 -0.8696 0.3813
vn -0.8556 -0.1372 0.4992
vn -0.2017 0.9794 0.0067
vn 0.9615 0.2414 -0.1312
vn -0.2673 -0.2624 -0.9272
vn -0.2673 -0.2623 -0.9272
vn -0.2672 -0.2623 -0.9273
vn 0.3469 -0.8772 0.3320
vn -0.2197 0.2248 0.9493
vn 0.0291 0.9828 -0.1823
vn 0.5767 -0.1250 -0.8074
vn -0.8991 -0.2522 -0.3578
vn -0.8991 -0.2523 -0.3576
vn -0.8992 -0.2524 -0.3574
vn 0.1458 -0.8698 0.4714
vn -0.9808 -0.1377 0.1380
vn -0.1891 0.9794 -0.0701
vn 0.9396 0.2414 0.2426
vn 0.1038 -0.2622 -0.9594
vn 0.1040 -0.2621 -0.9594
vn 0.1042 -0.2620 -0.9594
vn 0.1219 -0.8773 0.4643
vn -0.6843 0.2240 0.6939
vn 0.1202 0.9828 -0.1399
vn 0.9141 -0.1245 -0.3860
vn -0.5790 -0.2528 -0.7751
vn -0.5790 -0.2525 -0.7753
vn -0.5790 -0.2521 -0.7754
vn -0.1226 -0.8698 0.4779
vn -0.9079 -0.1377 -0.3959
vn -0.1244 0.9794 -0.1588
vn 0.6735 0.2410 0.6988
vn 0.5909 -0.2615 -0.7632
vn 0.5909 -0.2616 -0.7632
vn 0.5909 -0.2617 -0.7631
vn 0.1152 -0.8772 0.4660
vn -0.6941 0.2244 0.6840
vn 0.1222 0.9828 -0.1383
vn 0.9195 -0.1245 -0.3729
vn -0.5678 -0.2529 -0.7833
vn -0.5676 -0.2526 -0.7836
vn -0.5674 -0.2523 -0.7838
vn -0.1296 -0.8697 0.4763
vn -0.9022 -0.1377 -0.4088
vn -0.1220 0.9795 -0.1605
vn 0.6635 0.2410 0.7084
vn 0.6018 -0.2626 -0.7543
vn 0.6017 -0.2626 -0.7543
vn 0.6016 -0.2626 -0.7544
vn -0.1258 -0.8789 -0.4602
vn 0.6495 0.2261 -0.7260
vn -0.1330 0.9803 0.1459
vn -0.8951 -0.1253 0.4279
vn 0.6169 -0.2518 0.7456
vn 0.6168 -0.2517 0.7458
vn 0.6168 -0.2518 0.7458
vn 0.6166 -0.2517 0.7459
vn 0.1179 -0.8675 -0.4833
vn 0.9255 -0.1365 0.3534
vn 0.1124 0.9816 0.1545
vn -0.7071 0.2397 -0.6652
vn -0.5519 -0.2624 0.7915
vn -0.5515 -0.2631 0.7916
vn -0.5516 -0.2631 0.7916
vn -0.5512 -0.2637 0.7916
vn 0.4688 -0.8773 0.1028
vn 0.3063 0.2249 0.9250
vn -0.0699 0.9828 -0.1708
vn 0.0723 -0.1248 -0.9895
vn -0.9542 -0.2513 0.1625
vn -0.9539 -0.2522 0.1626
vn -0.9539 -0.2521 0.1626
vn -0.9537 -0.2530 0.1628
vn 0.3700 -0.8697 0.3268
vn -0.7656 -0.1377 0.6284
vn -0.1980 0.9794 0.0385
vn 0.9286 0.2414 -0.2819
vn -0.4107 -0.2625 -0.8732
vn -0.4106 -0.2625 -0.8732
vn 0.4492 -0.8773 0.1693
vn 0.1698 0.2246 0.9595
vn -0.0446 0.9828 -0.1791
vn 0.2141 -0.1247 -0.9688
vn -0.9675 -0.2519 0.0237
vn -0.9674 -0.2522 0.0237
vn -0.9673 -0.2525 0.0237
vn 0.3187 -0.8698 0.3767
vn -0.8483 -0.1372 0.5114
vn -0.2015 0.9794 0.0096
vn 0.9597 0.2410 -0.1449
vn -0.2803 -0.2622 -0.9234
vn -0.2803 -0.2623 -0.9234
vn -0.2804 -0.2623 -0.9234
vn 0.4107 -0.8773 0.2483
vn -0.0080 0.2252 0.9743
vn -0.0112 0.9828 -0.1842
vn 0.3872 -0.1250 -0.9135
vn -0.9554 -0.2524 -0.1531
vn -0.9554 -0.2524 -0.1534
vn -0.9553 -0.2524 -0.1537
vn 0.2447 -0.8698 0.4284
vn -0.9274 -0.1368 0.3483
vn -0.1999 0.9794 -0.0274
vn 0.9699 0.2414 0.0325
vn -0.1071 -0.2621 -0.9591
vn -0.1073 -0.2621 -0.9591
vn -0.1075 -0.2621 -0.9590
vn 0.1174 -0.8772 0.4656
vn -0.6911 0.2245 0.6871
vn 0.1215 0.9828 -0.1388
vn 0.9177 -0.1254 -0.3770
vn -0.5714 -0.2527 -0.7808
vn -0.5713 -0.2526 -0.7809
vn -0.5711 -0.2525 -0.7811
vn -0.1274 -0.8698 0.4767
vn -0.9040 -0.1377 -0.4047
vn -0.1229 0.9794 -0.1601
vn 0.6667 0.2405 0.7055
vn 0.5984 -0.2616 -0.7573
vn 0.5982 -0.2620 -0.7573
vn 0.5981 -0.2625 -0.7573
vn 0.4251 -0.8772 0.2231
vn 0.0509 0.2244 0.9732
vn -0.0223 0.9828 -0.1831
vn 0.3314 -0.1247 -0.9352
vn -0.9627 -0.2531 -0.0953
vn -0.9627 -0.2530 -0.0956
vn -0.9627 -0.2530 -0.0955
vn -0.9627 -0.2529 -0.0958
vn 0.2700 -0.8699 0.4127
vn -0.9047 -0.1368 0.4035
vn -0.2012 0.9794 -0.0152
vn 0.9701 0.2414 -0.0262
vn -0.1652 -0.2623 -0.9507
vn -0.1650 -0.2621 -0.9508
vn -0.1648 -0.2619 -0.9509
vn -0.4674 -0.8786 0.0981
vn -0.6812 0.2251 -0.6966
vn 0.1369 0.9808 0.1388
vn 0.3677 -0.1252 0.9215
vn 0.7855 -0.2514 -0.5655
vn 0.7851 -0.2525 -0.5656
vn 0.7851 -0.2524 -0.5656
vn 0.7847 -0.2535 -0.5657
vn -0.4746 -0.8679 -0.1466
vn 0.4138 -0.1369 -0.9000
vn 0.1613 0.9813 -0.1054
vn -0.7108 0.2399 0.6612
vn 0.7523 -0.2638 0.6037
vn 0.7524 -0.2635 0.6038
vn 0.7524 -0.2632 0.6038
vn -0.0998 -0.8785 -0.4672
vn 0.6943 0.2251 -0.6836
vn -0.1383 0.9808 0.1374
vn -0.9203 -0.1247 0.3708
vn 0.5683 -0.2517 0.7834
vn 0.5683 -0.2518 0.7834
vn 0.5682 -0.2519 0.7834
vn 0.1449 -0.8681 -0.4747
vn 0.9014 -0.1369 0.4107
vn 0.1059 0.9813 0.1610
vn -0.6635 0.2412 -0.7083
vn -0.6012 -0.2632 0.7545
vn -0.0997 -0.8786 -0.4670
vn 0.6941 0.2260 -0.6835
vn -0.1384 0.9808 0.1375
vn 0.5684 -0.2520 0.7833
vn 0.5683 -0.2519 0.7833
vn 0.9016 -0.1355 0.4108
vn 0.1061 0.9812 0.1612
vn -0.6638 0.2399 -0.7084
vn -0.6013 -0.2627 0.7546
vn -0.6015 -0.2622 0.7546
vn -0.4672 -0.8785 0.0997
vn -0.6809 0.2255 -0.6968
vn 0.1370 0.9810 0.1374
vn 0.3675 -0.1252 0.9216
vn 0.7850 -0.2530 -0.5654
vn 0.7855 -0.2519 -0.5653
vn 0.7855 -0.2520 -0.5653
vn 0.7859 -0.2508 -0.5652
vn -0.4739 -0.8686 -0.1449
vn 0.4138 -0.1365 -0.9001
vn 0.1614 0.9811 -0.1068
vn -0.7107 0.2409 0.6609
vn 0.7526 -0.2627 0.6039
vn 0.7525 -0.2623 0.6041
vn 0.7525 -0.2624 0.6041
vn 0.7525 -0.2621 0.6043
vn -0.4674 -0.8789 0.0949
vn -0.6816 0.2252 -0.6962
vn 0.1368 0.9803 0.1423
vn 0.3678 -0.1248 0.9215
vn 0.7850 -0.2518 -0.5660
vn 0.7850 -0.2511 -0.5662
vn 0.7850 -0.2512 -0.5662
vn 0.7851 -0.2505 -0.5664
vn -0.4741 -0.8676 -0.1498
vn 0.4136 -0.1374 -0.9001
vn 0.1615 0.9816 -0.1018
vn -0.7102 0.2406 0.6616
vn 0.7530 -0.2628 0.6032
vn 0.7531 -0.2631 0.6030
vn 0.7532 -0.2634 0.6028
vn -0.4670 -0.8788 0.0983
vn -0.6812 0.2255 -0.6965
vn 0.1370 0.9808 0.1389
vn 0.3677 -0.1246 0.9215
vn 0.3677 -0.1243 0.9216
vn 0.3677 -0.1248 0.9215
vn 0.7848 -0.2530 -0.5657
vn 0.7852 -0.2521 -0.5655
vn 0.7852 -0.2522 -0.5655
vn 0.7856 -0.2513 -0.5653
vn -0.4740 -0.8683 -0.1464
vn 0.4137 -0.1365 -0.9001
vn 0.1615 0.9812 -0.1055
vn -0.7107 0.2408 0.6610
vn 0.7525 -0.2627 0.6039
vn 0.7526 -0.2626 0.6039
vn 0.7526 -0.2626 0.6038
vn -0.0997 -0.8787 -0.4668
vn 0.6941 0.2259 -0.6836
vn -0.9202 -0.1247 0.3710
vn 0.5683 -0.2519 0.7834
vn 0.1448 -0.8682 -0.4746
vn 0.9014 -0.1374 0.4107
vn 0.1060 0.9813 0.1610
vn -0.6634 0.2412 -0.7083
vn -0.6014 -0.2627 0.7545
vn -0.6012 -0.2630 0.7546
vn -0.6010 -0.2632 0.7546
vn -0.0998 -0.8786 -0.4670
vn 0.6942 0.2259 -0.6834
vn -0.1385 0.9808 0.1376
vn -0.9204 -0.1238 0.3708
vn 0.5683 -0.2522 0.7832
vn 0.5682 -0.2523 0.7832
vn 0.5682 -0.2524 0.7832
vn 0.1449 -0.8681 -0.4748
vn -0.6637 0.2399 -0.7085
vn -0.6012 -0.2633 0.7545
vn -0.6009 -0.2638 0.7545
vn -0.4674 -0.8784 0.0995
vn -0.6810 0.2250 -0.6968
vn 0.3674 -0.1249 0.9216
vn 0.7855 -0.2525 -0.5650
vn 0.7856 -0.2516 -0.5653
vn 0.7855 -0.2517 -0.5653
vn 0.7856 -0.2507 -0.5656
vn -0.4741 -0.8684 -0.1452
vn 0.4137 -0.1370 -0.9000
vn 0.1615 0.9811 -0.1070
vn -0.7105 0.2417 0.6609
vn 0.7524 -0.2626 0.6041
vn 0.7525 -0.2626 0.6040
vn -0.4672 -0.8790 0.0951
vn -0.6815 0.2261 -0.6960
vn 0.3678 -0.1255 0.9214
vn 0.7849 -0.2506 -0.5666
vn 0.7850 -0.2512 -0.5663
vn 0.7851 -0.2517 -0.5659
vn -0.4739 -0.8678 -0.1497
vn 0.4135 -0.1369 -0.9002
vn 0.1612 0.9817 -0.1017
vn -0.7104 0.2398 0.6617
vn 0.7530 -0.2628 0.6033
vn 0.7530 -0.2631 0.6032
vn 0.7530 -0.2630 0.6032
vn 0.7530 -0.2633 0.6031
vn 0.6494 0.2263 -0.7260
vn -0.1330 0.9803 0.1460
vn -0.8950 -0.1252 0.4281
vn 0.6169 -0.2524 0.7455
vn 0.6167 -0.2522 0.7457
vn 0.6165 -0.2521 0.7459
vn 0.1178 -0.8677 -0.4828
vn 0.9254 -0.1369 0.3533
vn 0.1123 0.9816 0.1543
vn -0.7071 0.2402 -0.6651
vn -0.5518 -0.2626 0.7915
vn -0.5514 -0.2633 0.7916
vn -0.5514 -0.2632 0.7916
vn -0.5510 -0.2639 0.7917
vn 0.1067 -0.8784 0.4658
vn -0.6862 0.2254 0.6916
vn 0.1352 0.9810 -0.1391
vn 0.9157 -0.1252 -0.3818
vn -0.5773 -0.2519 -0.7767
vn -0.5774 -0.2519 -0.7767
vn -0.5774 -0.2520 -0.7766
vn -0.1379 -0.8683 0.4765
vn -0.9063 -0.1367 -0.4000
vn -0.1093 0.9811 -0.1597
vn 0.6718 0.2406 0.7006
vn 0.5923 -0.2629 -0.7616
vn 0.5923 -0.2627 -0.7617
vn 0.5923 -0.2626 -0.7617
vn 0.1022 -0.8790 0.4658
vn -0.6856 0.2256 0.6922
vn 0.1403 0.9803 -0.1391
vn 0.9157 -0.1248 -0.3820
vn -0.5783 -0.2516 -0.7761
vn -0.5783 -0.2517 -0.7761
vn -0.5782 -0.2518 -0.7760
vn -0.1423 -0.8678 0.4762
vn -0.9064 -0.1369 -0.3997
vn -0.1043 0.9816 -0.1599
vn 0.6725 0.2404 0.7000
vn 0.5915 -0.2628 -0.7623
vn 0.1053 -0.8787 0.4656
vn -0.6860 0.2257 0.6917
vn 0.1368 0.9808 -0.1391
vn 0.9158 -0.1247 -0.3819
vn -0.5776 -0.2516 -0.7765
vn -0.5777 -0.2516 -0.7765
vn -0.1391 -0.8682 0.4764
vn -0.9064 -0.1367 -0.3998
vn -0.1079 0.9812 -0.1597
vn 0.6720 0.2406 0.7004
vn 0.5922 -0.2627 -0.7618
vn 0.5921 -0.2628 -0.7618
vn 0.5920 -0.2629 -0.7618
vn 0.1151 -0.8772 0.4661
vn -0.6941 0.2240 0.6841
vn 0.1222 0.9828 -0.1382
vn 0.9195 -0.1245 -0.3728
vn -0.5676 -0.2525 -0.7836
vn -0.5675 -0.2527 -0.7837
vn -0.5673 -0.2529 -0.7837
vn -0.1296 -0.8698 0.4761
vn -0.9022 -0.1372 -0.4089
vn 0.6634 0.2412 0.7083
vn 0.6017 -0.2620 -0.7545
vn 0.6017 -0.2624 -0.7544
vn 0.6016 -0.2628 -0.7543
vn -0.6879 0.2247 0.6901
vn 0.9161 -0.1247 -0.3811
vn -0.5747 -0.2522 -0.7785
vn -0.5748 -0.2523 -0.7784
vn -0.5749 -0.2524 -0.7783
vn -0.1255 -0.8698 0.4772
vn -0.9059 -0.1370 -0.4007
vn -0.1234 0.9795 -0.1594
vn 0.6699 0.2409 0.7023
vn 0.5947 -0.2623 -0.7599
vn 0.5947 -0.2622 -0.7600
vn 0.1067 -0.8785 0.4656
vn 0.9158 -0.1247 -0.3818
vn -0.5772 -0.2519 -0.7768
vn -0.1378 -0.8683 0.4764
vn -0.9063 -0.1367 -0.3999
vn 0.6718 0.2404 0.7006
vn 0.5924 -0.2629 -0.7616
vn 0.5924 -0.2628 -0.7616
vn 0.1021 -0.8790 0.4658
vn -0.6856 0.2254 0.6922
vn 0.1402 0.9803 -0.1390
vn -0.5782 -0.2517 -0.7761
vn -0.5781 -0.2517 -0.7762
vn -0.9064 -0.1366 -0.3998
vn -0.1043 0.9816 -0.1598
vn 0.6724 0.2404 0.7000
vn 0.5915 -0.2631 -0.7622
vn 0.5915 -0.2630 -0.7622
vn 0.5916 -0.2630 -0.7622
vn 0.1054 -0.8786 0.4657
vn -0.6860 0.2253 0.6919
vn 0.1367 0.9808 -0.1391
vn -0.5777 -0.2518 -0.7764
vn -0.5776 -0.2518 -0.7765
vn -0.5775 -0.2517 -0.7766
vn -0.1391 -0.8681 0.4764
vn -0.9063 -0.1372 -0.3998
vn 0.6720 0.2404 0.7005
vn 0.5922 -0.2630 -0.7617
vn 0.5921 -0.2630 -0.7617
vn 0.5920 -0.2631 -0.7618
vn -0.4654 -0.8786 0.1070
vn -0.6942 0.2253 -0.6836
vn 0.1396 0.9808 0.1362
vn 0.3851 -0.1250 0.9144
vn 0.7745 -0.2516 -0.5804
vn 0.7746 -0.2516 -0.5803
vn -0.4769 -0.8681 -0.1375
vn 0.3967 -0.1367 -0.9077
vn 0.1594 0.9812 -0.1085
vn -0.6981 0.2403 0.6744
vn 0.7637 -0.2630 0.5895
vn 0.7638 -0.2630 0.5895
vn 0.7638 -0.2630 0.5894
vn -0.4653 -0.8787 0.1070
vn -0.6942 0.2255 -0.6836
vn 0.1396 0.9808 0.1363
vn 0.3850 -0.1250 0.9144
vn 0.7745 -0.2519 -0.5803
vn 0.7745 -0.2517 -0.5803
vn 0.3967 -0.1368 -0.9077
vn -0.6980 0.2406 0.6744
vn 0.7637 -0.2632 0.5895
vn 0.7638 -0.2629 0.5895
vn 0.7639 -0.2627 0.5894
vn 0.4771 -0.8787 -0.0186
vn 0.5551 0.2255 0.8007
vn -0.1118 0.9808 -0.1598
vn -0.2084 -0.1251 -0.9700
vn -0.8689 -0.2516 0.4262
vn -0.8689 -0.2517 0.4262
vn -0.8689 -0.2519 0.4262
vn 0.4431 -0.8681 0.2238
vn -0.5585 -0.1371 0.8181
vn -0.1768 0.9812 0.0770
vn 0.8112 0.2408 -0.5329
vn -0.6409 -0.2628 -0.7212
vn -0.6410 -0.2630 -0.7211
vn -0.6410 -0.2629 -0.7211
vn -0.6410 -0.2631 -0.7210
vn 0.4739 -0.8786 -0.0584
vn 0.6201 0.2253 0.7515
vn -0.1248 0.9808 -0.1499
vn -0.2888 -0.1250 -0.9492
vn -0.8301 -0.2519 0.4975
vn -0.8301 -0.2519 0.4974
vn -0.8302 -0.2519 0.4974
vn 0.4602 -0.8682 0.1858
vn -0.4880 -0.1368 0.8620
vn -0.1697 0.9812 0.0915
vn 0.7638 0.2406 -0.5990
vn -0.6991 -0.2628 -0.6649
vn -0.6991 -0.2629 -0.6649
vn -0.6991 -0.2630 -0.6649
vn 0.1068 -0.8785 0.4657
vn -0.6862 0.2252 0.6917
vn -0.5773 -0.2520 -0.7767
vn -0.1378 -0.8683 0.4765
vn -0.1093 0.9811 -0.1598
vn 0.6717 0.2406 0.7006
vn 0.5922 -0.2629 -0.7617
vn 0.1021 -0.8789 0.4659
vn -0.6855 0.2258 0.6922
vn 0.9156 -0.1252 -0.3820
vn -0.5782 -0.2516 -0.7761
vn -0.5782 -0.2515 -0.7762
vn -0.5781 -0.2514 -0.7763
vn -0.9064 -0.1364 -0.3998
vn 0.6724 0.2407 0.7000
vn 0.5914 -0.2634 -0.7621
vn 0.5916 -0.2633 -0.7621
vn 0.5917 -0.2631 -0.7620
vn 0.1053 -0.8786 0.4658
vn -0.6860 0.2250 0.6919
vn 0.1366 0.9808 -0.1390
vn 0.9157 -0.1252 -0.3819
vn -0.5776 -0.2520 -0.7765
vn -0.5775 -0.2521 -0.7765
vn -0.5774 -0.2521 -0.7765
vn -0.9063 -0.1370 -0.3998
vn -0.1079 0.9812 -0.1598
vn 0.6719 0.2406 0.7004
vn 0.5924 -0.2622 -0.7618
vn 0.5919 -0.2632 -0.7618
vn -0.4652 -0.8787 0.1069
vn -0.6942 0.2255 -0.6835
vn 0.3851 -0.1247 0.9144
vn -0.4768 -0.8682 -0.1375
vn 0.3967 -0.1369 -0.9077
vn 0.1593 0.9813 -0.1084
vn -0.6981 0.2404 0.6744
vn 0.7639 -0.2624 0.5896
vn 0.7638 -0.2628 0.5895
vn 0.7637 -0.2632 0.5894
vn -0.4652 -0.8787 0.1070
vn 0.3850 -0.1247 0.9144
vn 0.7745 -0.2516 -0.5803
vn 0.1593 0.9812 -0.1084
vn -0.6981 0.2408 0.6743
vn 0.7638 -0.2632 0.5894
vn 0.1067 -0.8786 0.4655
vn 0.1351 0.9810 -0.1391
vn -0.1378 -0.8684 0.4764
vn -0.9063 -0.1363 -0.4000
vn 0.5924 -0.2626 -0.7616
vn 0.5922 -0.2631 -0.7616
vn -0.6855 0.2256 0.6922
vn 0.1403 0.9803 -0.1390
vn -0.5782 -0.2515 -0.7761
vn -0.5781 -0.2517 -0.7761
vn -0.1423 -0.8678 0.4761
vn -0.1044 0.9816 -0.1599
vn 0.6725 0.2406 0.6999
vn 0.5915 -0.2631 -0.7621
vn 0.5916 -0.2629 -0.7622
vn -0.1194 -0.8772 -0.4650
vn 0.6879 0.2248 -0.6901
vn -0.1210 0.9828 0.1394
vn -0.9161 -0.1246 0.3811
vn 0.5749 -0.2524 0.7783
vn 0.5748 -0.2524 0.7784
vn 0.1253 -0.8698 -0.4773
vn 0.9059 -0.1371 0.4007
vn 0.1236 0.9794 0.1594
vn -0.6698 0.2413 -0.7022
vn -0.5949 -0.2622 0.7599
vn -0.5948 -0.2622 0.7599
vn -0.9161 -0.1247 0.3812
vn 0.1252 -0.8698 -0.4773
vn 0.9059 -0.1370 0.4007
vn 0.1236 0.9794 0.1595
vn -0.6698 0.2412 -0.7023
vn 0.1194 -0.8772 0.4650
vn -0.9059 -0.1372 -0.4007
vn -0.1235 0.9794 -0.1594
vn 0.6698 0.2411 0.7023
vn 0.5949 -0.2620 -0.7599
vn 0.5948 -0.2622 -0.7599
vn 0.5948 -0.2623 -0.7598
vn -0.6879 0.2248 0.6901
vn 0.9161 -0.1246 -0.3812
vn -0.5748 -0.2524 -0.7784
vn -0.1252 -0.8698 0.4773
vn 0.5949 -0.2623 -0.7598
vn 0.5949 -0.2622 -0.7599
vn 0.1195 -0.8772 0.4650
vn -0.6880 0.2246 0.6901
vn -0.5748 -0.2525 -0.7783
vn -0.5748 -0.2525 -0.7784
vn -0.9059 -0.1373 -0.4006
vn -0.1235 0.9795 -0.1594
vn 0.6698 0.2412 0.7022
vn 0.5948 -0.2621 -0.7599
vn -0.1194 -0.8772 -0.4651
vn 0.6879 0.2250 -0.6900
vn -0.9160 -0.1250 0.3812
vn 0.5748 -0.2525 0.7784
vn 0.1253 -0.8698 -0.4772
vn 0.9059 -0.1375 0.4006
vn -0.6698 0.2411 -0.7023
vn -0.5950 -0.2620 0.7598
vn -0.5949 -0.2621 0.7599
vn -0.1211 0.9828 0.1394
vn -0.9161 -0.1245 0.3812
vn 0.5748 -0.2525 0.7783
vn 0.9059 -0.1372 0.4007
vn 0.1236 0.9795 0.1594
vn -0.5949 -0.2623 0.7598
vn -0.5949 -0.2624 0.7598
vn -0.1194 -0.8773 -0.4649
vn 0.6879 0.2249 -0.6901
vn 0.5749 -0.2524 0.7784
vn 0.5749 -0.2523 0.7784
vn 0.1252 -0.8698 -0.4772
vn 0.1235 0.9795 0.1594
vn -0.5948 -0.2623 0.7599
vn -0.9161 -0.1247 0.3811
vn 0.5748 -0.2523 0.7784
vn 0.5749 -0.2522 0.7784
vn 0.1113 -0.8786 0.4643
vn -0.6771 0.2254 0.7005
vn 0.1349 0.9808 -0.1408
vn 0.9108 -0.1250 -0.3936
vn -0.5875 -0.2518 -0.7690
vn -0.5875 -0.2518 -0.7691
vn -0.5874 -0.2517 -0.7691
vn -0.1330 -0.8681 0.4782
vn -0.9113 -0.1369 -0.3882
vn -0.1099 0.9812 -0.1584
vn 0.6809 0.2405 0.6917
vn 0.5824 -0.2627 -0.7693
vn 0.5823 -0.2628 -0.7693
vn 0.5822 -0.2630 -0.7693
vn 0.1194 -0.8772 0.4649
vn -0.5749 -0.2524 -0.7784
vn 0.6698 0.2412 0.7023
vn 0.5949 -0.2622 -0.7598
vn 0.9161 -0.1247 -0.3812
vn -0.9059 -0.1372 -0.4006
vn -0.5749 -0.2525 -0.7783
vn -0.9059 -0.1371 -0.4007
vn 0.9161 -0.1246 -0.3811
vn -0.1253 -0.8698 0.4773
vn 0.5949 -0.2621 -0.7599
vn 0.5749 -0.2525 0.7783
vn -0.6698 0.2412 -0.7022
vn -0.5949 -0.2622 0.7598
vn -0.5948 -0.2623 0.7598
vn 0.6879 0.2247 -0.6901
vn -0.5949 -0.2621 0.7598
vn -0.2858 -0.0000 -0.9583
vn -0.2859 -0.0000 -0.9583
vn -0.2859 -0.0000 -0.9582
vn -0.2857 -0.0000 -0.9583
vn 0.2870 -0.0000 0.9579
vn 0.2871 -0.0000 0.9579
vn 0.2863 -0.0000 0.9581
vn 0.2858 -0.0000 0.9583
vn 0.2869 -0.0000 0.9580
vn 0.2868 -0.0000 0.9580
vn 0.2873 -0.0000 0.9578
vn 0.2859 -0.0000 0.9583
vn 0.2859 -0.0000 0.9582
vn 0.2857 -0.0000 0.9583
vn -0.2870 -0.0000 -0.9579
vn -0.2871 -0.0000 -0.9579
vn -0.2869 -0.0000 -0.9580
vn -0.2868 -0.0000 -0.9580
vn -0.2860 -0.0000 -0.9582
vn -0.2857 0.0001 -0.9583
vn -0.2858 0.0001 -0.9583
vn -0.2859 0.0001 -0.9583
vn -0.2858 0.0002 -0.9583
vn -0.2857 -0.0002 -0.9583
vn -0.2857 -0.0001 -0.9583
vn 0.6472 -0.0000 0.7623
vn 0.2859 0.0003 0.9583
vn 0.2859 0.0003 0.9582
vn 0.2858 0.0001 0.9583
vn 0.2860 -0.0000 0.9582
vn 0.2859 -0.0001 0.9583
vn 0.2860 -0.0002 0.9582
vn 0.2859 0.0001 0.9582
vn 0.2860 0.0002 0.9582
vn 0.2858 0.0003 0.9583
vn 0.2857 0.0005 0.9583
vn 0.2859 -0.0003 0.9583
vn 0.2857 0.0001 0.9583
vn 0.2857 0.0002 0.9583
vt 0.000000 2.000000
vt 0.000000 1.000000
vt 1.000000 2.000000
vt 1.000000 1.000000
vt 0.459676 1.000500
vt 0.134999 1.000500
vt 0.297338 1.500000
vt 0.459677 1.999500
vt 0.135000 1.999501
s 1
usemtl GURDRB.011
f 1/1/1 2/2/1 3/3/1
f 4/4/1 3/3/1 2/2/1
f 5/1/1 6/2/1 7/3/1
f 8/4/1 7/3/1 6/2/1
f 9/1/1 10/2/1 11/3/1
f 12/4/1 11/3/1 10/2/1
f 13/1/1 14/2/1 15/3/1
f 16/4/1 15/3/1 14/2/1
f 17/1/2 18/2/2 19/3/2
f 20/4/2 19/3/2 18/2/2
f 21/1/2 22/2/2 23/3/2
f 24/4/2 23/3/2 22/2/2
f 25/1/3 26/2/3 27/3/4
f 28/4/4 27/3/4 26/2/3
f 29/1/4 30/2/4 31/3/4
f 32/4/4 31/3/4 30/2/4
f 33/1/5 34/2/5 35/3/5
f 36/4/5 35/3/5 34/2/5
f 37/1/1 38/2/1 39/3/1
f 40/4/1 39/3/1 38/2/1
f 41/1/2 42/2/2 43/3/2
f 44/4/2 43/3/2 42/2/2
f 45/1/2 46/2/2 47/3/2
f 48/4/2 47/3/2 46/2/2
f 49/1/1 50/2/1 51/3/1
f 52/4/1 51/3/1 50/2/1
f 53/1/2 54/2/2 55/3/2
f 56/4/2 55/3/2 54/2/2
f 57/1/1 58/2/1 59/3/1
f 60/4/1 59/3/1 58/2/1
f 61/1/2 62/2/2 63/3/2
f 64/4/2 63/3/2 62/2/2
f 65/1/5 66/2/5 67/3/5
f 68/4/5 67/3/5 66/2/5
f 69/1/2 70/2/2 71/3/2
f 72/4/2 71/3/2 70/2/2
f 73/1/5 74/2/5 75/3/5
f 76/4/5 75/3/5 74/2/5
f 77/1/2 78/2/2 79/3/2
f 80/4/2 79/3/2 78/2/2
f 81/1/1 82/2/1 83/3/1
f 84/4/1 83/3/1 82/2/1
f 85/1/1 86/2/1 87/3/1
f 88/4/1 87/3/1 86/2/1
f 89/1/1 90/2/1 91/3/1
f 92/4/1 91/3/1 90/2/1
f 93/1/4 94/2/4 95/3/4
f 96/4/4 95/3/4 94/2/4
f 97/1/4 98/2/4 99/3/4
f 100/4/4 99/3/4 98/2/4
f 101/1/4 102/2/4 103/3/4
f 104/4/4 103/3/4 102/2/4
f 105/1/4 106/2/4 107/3/4
f 108/4/4 107/3/4 106/2/4
f 109/1/6 110/2/6 111/3/6
f 112/4/6 111/3/6 110/2/6
f 113/1/6 114/2/6 115/3/6
f 116/4/6 115/3/6 114/2/6
f 117/1/1 118/2/1 119/3/1
f 120/4/1 119/3/1 118/2/1
f 121/1/1 122/2/1 123/3/1
f 124/4/1 123/3/1 122/2/1
f 125/1/4 126/2/4 127/3/4
f 128/4/4 127/3/4 126/2/4
f 129/1/4 130/2/4 131/3/4
f 132/4/4 131/3/4 130/2/4
f 133/1/6 134/2/6 135/3/6
f 136/4/6 135/3/6 134/2/6
f 137/1/6 138/2/6 139/3/6
f 140/4/6 139/3/6 138/2/6
f 141/1/7 142/2/7 143/3/7
f 144/4/7 143/3/7 142/2/7
f 145/1/6 146/2/6 147/3/6
f 148/4/6 147/3/6 146/2/6
f 149/1/7 150/2/7 151/3/7
f 152/4/7 151/3/7 150/2/7
f 153/1/6 154/2/6 155/3/6
f 156/4/6 155/3/6 154/2/6
f 157/1/4 158/2/4 159/3/4
f 160/4/4 159/3/4 158/2/4
f 161/1/6 162/2/6 163/3/6
f 164/4/6 163/3/6 162/2/6
f 165/1/4 166/2/4 167/3/4
f 168/4/4 167/3/4 166/2/4
f 169/1/6 170/2/6 171/3/6
f 172/4/6 171/3/6 170/2/6
f 173/1/1 174/2/1 175/3/1
f 176/4/1 175/3/1 174/2/1
f 177/2/4 178/1/4 179/3/4
f 179/3/4 180/4/4 177/2/4
f 181/2/4 182/1/4 183/3/4
f 183/3/4 184/4/4 181/2/4
f 185/2/4 186/1/4 187/3/4
f 187/3/4 188/4/4 185/2/4
f 189/2/4 190/1/4 191/3/4
f 191/3/4 192/4/4 189/2/4
f 193/1/1 194/2/1 195/3/1
f 196/4/1 195/3/1 194/2/1
f 197/1/1 198/2/1 199/3/1
f 200/4/1 199/3/1 198/2/1
f 201/1/1 202/2/1 203/3/1
f 204/4/1 203/3/1 202/2/1
f 205/1/1 206/2/1 207/3/1
f 208/4/1 207/3/1 206/2/1
f 209/1/8 210/2/8 211/3/8
f 212/4/8 211/3/8 210/2/8
f 213/1/1 214/2/1 215/3/9
f 216/4/10 215/3/9 214/2/1
f 217/1/1 218/2/1 219/3/1
f 220/4/1 219/3/1 218/2/1
f 221/1/1 222/2/1 223/3/1
f 224/4/1 223/3/1 222/2/1
f 225/1/1 226/2/9 227/3/11
f 228/4/11 227/3/11 226/2/9
f 229/1/1 230/2/12 231/3/8
f 232/4/8 231/3/8 230/2/12
f 233/2/4 234/1/4 235/3/4
f 235/3/4 236/4/4 233/2/4
f 237/1/13 238/2/14 239/3/14
f 240/4/14 239/3/14 238/2/14
f 241/2/4 242/1/4 243/3/4
f 243/3/4 244/4/4 241/2/4
f 245/2/4 246/1/4 247/3/4
f 247/3/4 248/4/4 245/2/4
f 249/2/4 250/1/4 251/3/4
f 251/3/4 252/4/4 249/2/4
f 253/2/4 254/1/4 255/3/4
f 255/3/4 256/4/4 253/2/4
f 257/2/4 258/1/4 259/3/4
f 259/3/4 260/4/4 257/2/4
f 261/2/4 262/1/4 263/3/4
f 263/3/4 264/4/4 261/2/4
f 265/2/4 266/1/4 267/3/3
f 267/3/3 268/4/15 265/2/4
f 269/2/3 270/1/15 271/3/4
f 271/3/4 272/4/4 269/2/3
f 273/2/3 274/1/15 275/3/4
f 275/3/4 276/4/4 273/2/3
f 277/2/4 278/1/4 279/3/4
f 279/3/4 280/4/4 277/2/4
f 281/1/8 282/2/12 283/3/1
f 284/4/1 283/3/1 282/2/12
f 285/1/1 286/2/1 287/3/1
f 288/4/1 287/3/1 286/2/1
f 289/1/1 290/2/1 291/3/1
f 292/4/1 291/3/1 290/2/1
f 293/1/1 294/2/1 295/3/1
f 296/4/1 295/3/1 294/2/1
f 297/2/4 298/1/4 299/3/4
f 299/3/4 300/4/4 297/2/4
f 301/2/4 302/1/4 303/3/4
f 303/3/4 304/4/4 301/2/4
f 305/2/4 306/1/4 307/3/4
f 307/3/4 308/4/4 305/2/4
f 309/2/4 310/1/4 311/3/4
f 311/3/4 312/4/4 309/2/4
f 313/1/8 314/2/12 315/3/1
f 316/4/1 315/3/1 314/2/12
f 317/1/1 318/2/1 319/3/1
f 320/4/1 319/3/1 318/2/1
f 321/1/1 322/2/1 323/3/1
f 324/4/1 323/3/1 322/2/1
f 325/1/1 326/2/1 327/3/1
f 328/4/1 327/3/1 326/2/1
f 329/2/4 330/1/4 331/3/4
f 331/3/4 332/4/4 329/2/4
f 333/2/4 334/1/4 335/3/4
f 335/3/4 336/4/4 333/2/4
f 337/2/4 338/1/4 339/3/4
f 339/3/4 340/4/4 337/2/4
f 341/2/4 342/1/4 343/3/4
f 343/3/4 344/4/4 341/2/4
f 345/1/16 346/2/16 347/3/16
f 348/4/16 347/3/16 346/2/16
f 349/1/16 350/2/16 351/3/16
f 352/4/16 351/3/16 350/2/16
f 353/1/16 354/2/17 355/3/18
f 356/4/19 355/3/18 354/2/17
f 357/1/20 358/2/21 359/3/22
f 360/4/23 359/3/22 358/2/21
f 361/1/24 362/2/25 363/3/26
f 364/4/27 363/3/26 362/2/25
f 365/1/28 366/2/29 367/3/30
f 368/4/31 367/3/30 366/2/29
f 369/1/32 370/2/33 371/3/34
f 372/4/35 371/3/34 370/2/33
f 373/1/32 374/2/33 375/3/34
f 376/4/35 375/3/34 374/2/33
f 377/1/16 378/2/16 379/3/16
f 380/4/16 379/3/16 378/2/16
f 381/1/22 382/2/17 383/3/16
f 384/4/21 383/3/16 382/2/17
f 385/1/25 386/2/36 387/3/36
f 388/4/24 387/3/36 386/2/36
f 389/1/28 390/2/28 391/3/28
f 392/4/28 391/3/28 390/2/28
f 393/1/16 394/2/16 395/3/16
f 396/4/16 395/3/16 394/2/16
f 397/1/25 398/2/29 399/3/30
f 400/4/26 399/3/30 398/2/29
f 401/1/16 402/2/16 403/3/16
f 404/4/16 403/3/16 402/2/16
f 405/1/25 406/2/29 407/3/30
f 408/4/26 407/3/30 406/2/29
f 409/1/16 410/2/16 411/3/16
f 412/4/16 411/3/16 410/2/16
f 413/1/25 414/2/29 415/3/30
f 416/4/26 415/3/30 414/2/29
f 417/1/16 418/2/16 419/3/16
f 420/4/16 419/3/16 418/2/16
f 421/1/25 422/2/29 423/3/30
f 424/4/26 423/3/30 422/2/29
f 425/1/37 426/2/16 427/3/21
f 428/4/21 427/3/21 426/2/16
f 429/1/17 430/2/37 431/3/16
f 432/4/21 431/3/16 430/2/37
f 433/1/20 434/2/38 435/3/39
f 436/4/37 435/3/39 434/2/38
f 437/1/35 438/2/34 439/3/33
f 440/4/32 439/3/33 438/2/34
f 441/1/40 442/2/40 443/3/40
f 444/4/40 443/3/40 442/2/40
f 445/1/35 446/2/41 447/3/34
f 448/4/40 447/3/34 446/2/41
f 449/1/42 450/2/43 451/3/44
f 452/4/33 451/3/44 450/2/43
f 453/1/45 454/2/46 455/3/47
f 456/4/48 455/3/47 454/2/46
f 457/1/49 458/2/47 459/3/46
f 460/4/50 459/3/46 458/2/47
f 461/1/39 462/2/21 463/3/37
f 464/4/22 463/3/37 462/2/21
f 465/1/39 466/2/21 467/3/37
f 468/4/22 467/3/37 466/2/21
f 469/1/51 470/2/52 471/3/41
f 472/4/40 471/3/41 470/2/52
f 473/1/35 474/2/35 475/3/35
f 476/4/35 475/3/35 474/2/35
f 477/1/48 478/2/46 479/3/50
f 480/4/53 479/3/50 478/2/46
f 481/1/49 482/2/47 483/3/46
f 484/4/50 483/3/46 482/2/47
f 485/1/40 486/2/34 487/3/41
f 488/4/35 487/3/41 486/2/34
f 489/1/53 490/2/50 491/3/46
f 492/4/48 491/3/46 490/2/50
f 493/1/40 494/2/40 495/3/40
f 496/4/40 495/3/40 494/2/40
f 497/1/45 498/2/46 499/3/47
f 500/4/48 499/3/47 498/2/46
f 501/1/40 502/2/40 503/3/40
f 504/4/40 503/3/40 502/2/40
f 505/1/48 506/2/47 507/3/46
f 508/4/45 507/3/46 506/2/47
f 509/1/40 510/2/40 511/3/40
f 512/4/40 511/3/40 510/2/40
f 513/1/48 514/2/47 515/3/46
f 516/4/45 515/3/46 514/2/47
f 517/1/54 518/2/16 519/3/17
f 520/4/19 519/3/17 518/2/16
f 521/2/40 522/1/34 523/3/33
f 523/3/33 524/4/33 521/2/40
f 525/2/34 526/1/41 527/3/33
f 527/3/33 528/4/32 525/2/34
f 529/2/35 530/1/35 531/3/41
f 531/3/41 532/4/41 529/2/35
f 533/2/34 534/1/33 535/3/41
f 535/3/41 536/4/35 533/2/34
f 537/1/22 538/2/17 539/3/16
f 540/4/21 539/3/16 538/2/17
f 541/1/21 542/2/21 543/3/21
f 544/4/21 543/3/21 542/2/21
f 545/1/21 546/2/21 547/3/21
f 548/4/21 547/3/21 546/2/21
f 549/1/21 550/2/21 551/3/21
f 552/4/21 551/3/21 550/2/21
f 553/1/21 554/2/21 555/3/21
f 556/4/21 555/3/21 554/2/21
f 557/1/19 558/2/22 559/3/54
f 560/4/55 559/3/54 558/2/22
f 561/1/21 562/2/37 563/3/18
f 564/4/19 563/3/18 562/2/37
f 565/1/37 566/2/37 567/3/37
f 568/4/37 567/3/37 566/2/37
f 569/1/22 570/2/17 571/3/16
f 572/4/21 571/3/16 570/2/17
f 573/1/17 574/2/37 575/3/16
f 576/4/21 575/3/16 574/2/37
f 577/2/34 578/1/41 579/3/32
f 579/3/32 580/4/44 577/2/34
f 581/1/56 582/2/56 583/3/56
f 584/4/56 583/3/56 582/2/56
f 585/2/41 586/1/41 587/3/41
f 587/3/41 588/4/41 585/2/41
f 589/2/40 590/1/33 591/3/41
f 591/3/41 592/4/35 589/2/40
f 593/2/41 594/1/35 595/3/40
f 595/3/40 596/4/33 593/2/41
f 597/2/33 598/1/33 599/3/40
f 599/3/40 600/4/40 597/2/33
f 601/2/41 602/1/41 603/3/40
f 603/3/40 604/4/40 601/2/41
f 605/2/52 606/1/51 607/3/32
f 607/3/32 608/4/43 605/2/52
f 609/2/41 610/1/35 611/3/40
f 611/3/40 612/4/33 609/2/41
f 613/2/41 614/1/35 615/3/40
f 615/3/40 616/4/33 613/2/41
f 617/2/33 618/1/33 619/3/33
f 619/3/33 620/4/33 617/2/33
f 621/2/40 622/1/33 623/3/41
f 623/3/41 624/4/35 621/2/40
f 625/1/37 626/2/37 627/3/37
f 628/4/37 627/3/37 626/2/37
f 629/1/17 630/2/17 631/3/17
f 632/4/17 631/3/17 630/2/17
f 633/1/39 634/2/16 635/3/17
f 636/4/18 635/3/17 634/2/16
f 637/1/54 638/2/16 639/3/17
f 640/4/19 639/3/17 638/2/16
f 641/2/40 642/1/34 643/3/33
f 643/3/33 644/4/33 641/2/40
f 645/2/34 646/1/41 647/3/40
f 647/3/40 648/4/40 645/2/34
f 649/2/33 650/1/44 651/3/40
f 651/3/40 652/4/41 649/2/33
f 653/2/34 654/1/33 655/3/41
f 655/3/41 656/4/35 653/2/34
f 657/1/21 658/2/21 659/3/16
f 660/4/37 659/3/16 658/2/21
f 661/1/38 662/2/39 663/3/37
f 664/4/17 663/3/37 662/2/39
f 665/1/37 666/2/16 667/3/21
f 668/4/39 667/3/21 666/2/16
f 669/1/22 670/2/37 671/3/37
f 672/4/21 671/3/37 670/2/37
f 673/2/34 674/1/34 675/3/34
f 675/3/34 676/4/34 673/2/34
f 677/2/40 678/1/33 679/3/40
f 679/3/40 680/4/40 677/2/40
f 681/2/41 682/1/52 683/3/40
f 683/3/40 684/4/32 681/2/41
f 685/2/33 686/1/33 687/3/32
f 687/3/32 688/4/44 685/2/33
f 689/1/57 690/2/58 691/3/59
f 692/4/60 691/3/59 690/2/58
f 693/1/57 694/2/58 695/3/59
f 696/4/60 695/3/59 694/2/58
f 697/1/61 698/2/62 699/3/58
f 700/4/63 699/3/58 698/2/62
f 701/1/61 702/2/62 703/3/58
f 704/4/60 703/3/58 702/2/62
f 705/1/64 706/2/65 707/3/66
f 708/4/67 707/3/66 706/2/65
f 709/1/68 710/2/69 711/3/67
f 712/4/65 711/3/67 710/2/69
f 713/1/70 714/2/71 715/3/72
f 716/4/73 715/3/72 714/2/71
f 717/1/74 718/2/75 719/3/76
f 720/4/77 719/3/76 718/2/75
f 721/1/61 722/2/63 723/3/60
f 724/4/78 723/3/60 722/2/63
f 725/1/60 726/2/58 727/3/62
f 728/4/61 727/3/62 726/2/58
f 729/1/67 730/2/67 731/3/67
f 732/4/67 731/3/67 730/2/67
f 733/1/79 734/2/69 735/3/67
f 736/4/79 735/3/67 734/2/69
f 737/1/80 738/2/81 739/3/82
f 740/4/82 739/3/82 738/2/81
f 741/1/83 742/2/84 743/3/84
f 744/4/85 743/3/84 742/2/84
f 745/1/80 746/2/81 747/3/82
f 748/4/82 747/3/82 746/2/81
f 749/1/86 750/2/86 751/3/86
f 752/4/86 751/3/86 750/2/86
f 753/1/87 754/2/80 755/3/80
f 756/4/82 755/3/80 754/2/80
f 757/1/86 758/2/88 759/3/89
f 760/4/89 759/3/89 758/2/88
f 761/1/90 762/2/91 763/3/81
f 764/4/82 763/3/81 762/2/91
f 765/1/86 766/2/86 767/3/89
f 768/4/89 767/3/89 766/2/86
f 769/1/61 770/2/61 771/3/57
f 772/4/62 771/3/57 770/2/61
f 773/1/57 774/2/57 775/3/57
f 776/4/57 775/3/57 774/2/57
f 777/1/62 778/2/62 779/3/62
f 780/4/62 779/3/62 778/2/62
f 781/1/77 782/2/77 783/3/77
f 784/4/71 783/3/77 782/2/77
f 785/1/74 786/2/71 787/3/72
f 788/4/73 787/3/72 786/2/71
f 789/1/74 790/2/76 791/3/71
f 792/4/92 791/3/71 790/2/76
f 793/1/70 794/2/70 795/3/70
f 796/4/70 795/3/70 794/2/70
f 797/1/93 798/2/94 799/3/95
f 800/4/96 799/3/95 798/2/94
f 801/1/97 802/2/96 803/3/98
f 804/4/99 803/3/98 802/2/96
f 805/1/63 806/2/62 807/3/100
f 808/4/101 807/3/100 806/2/62
f 809/1/57 810/2/57 811/3/57
f 812/4/57 811/3/57 810/2/57
f 813/1/92 814/2/71 815/3/76
f 816/4/74 815/3/76 814/2/71
f 817/1/70 818/2/75 819/3/71
f 820/4/92 819/3/71 818/2/75
f 821/1/102 822/2/94 823/3/95
f 824/4/96 823/3/95 822/2/94
f 825/1/99 826/2/99 827/3/97
f 828/4/99 827/3/97 826/2/99
f 829/1/74 830/2/76 831/3/71
f 832/4/92 831/3/71 830/2/76
f 833/1/96 834/2/95 835/3/94
f 836/4/93 835/3/94 834/2/95
f 837/1/74 838/2/74 839/3/74
f 840/4/74 839/3/74 838/2/74
f 841/1/96 842/2/95 843/3/94
f 844/4/93 843/3/94 842/2/95
f 845/1/103 846/2/70 847/3/74
f 848/4/92 847/3/74 846/2/70
f 849/1/96 850/2/96 851/3/96
f 852/4/96 851/3/96 850/2/96
f 853/1/74 854/2/76 855/3/71
f 856/4/72 855/3/71 854/2/76
f 857/1/96 858/2/96 859/3/96
f 860/4/96 859/3/96 858/2/96
f 861/1/63 862/2/63 863/3/63
f 864/4/63 863/3/63 862/2/63
f 865/2/76 866/1/77 867/3/77
f 867/3/77 868/4/92 865/2/76
f 869/2/104 870/1/105 871/3/74
f 871/3/74 872/4/70 869/2/104
f 873/2/71 874/1/71 875/3/71
f 875/3/71 876/4/71 873/2/71
f 877/2/76 878/1/74 879/3/71
f 879/3/71 880/4/77 877/2/76
f 881/1/63 882/2/63 883/3/63
f 884/4/63 883/3/63 882/2/63
f 885/1/61 886/2/58 887/3/57
f 888/4/61 887/3/57 886/2/58
f 889/1/61 890/2/61 891/3/61
f 892/4/61 891/3/61 890/2/61
f 893/1/106 894/2/107 895/3/63
f 896/4/63 895/3/63 894/2/107
f 897/1/108 898/2/109 899/3/110
f 900/4/111 899/3/110 898/2/109
f 901/1/112 902/2/113 903/3/114
f 904/4/115 903/3/114 902/2/113
f 905/1/58 906/2/58 907/3/58
f 908/4/58 907/3/58 906/2/58
f 909/1/63 910/2/58 911/3/62
f 912/4/57 911/3/62 910/2/58
f 913/2/71 914/1/76 915/3/71
f 915/3/71 916/4/77 913/2/71
f 917/1/116 918/2/117 919/3/118
f 920/4/116 919/3/118 918/2/117
f 921/2/71 922/1/77 923/3/75
f 923/3/75 924/4/74 921/2/71
f 925/2/77 926/1/70 927/3/119
f 927/3/119 928/4/119 925/2/77
f 929/2/74 930/1/74 931/3/76
f 931/3/76 932/4/120 929/2/74
f 933/2/74 934/1/74 935/3/74
f 935/3/74 936/4/74 933/2/74
f 937/2/121 938/1/121 939/3/122
f 939/3/122 940/4/121 937/2/121
f 941/2/77 942/1/123 943/3/124
f 943/3/124 944/4/125 941/2/77
f 945/2/126 946/1/127 947/3/70
f 947/3/70 948/4/128 945/2/126
f 949/1/63 950/2/59 951/3/62
f 952/4/62 951/3/62 950/2/59
f 953/1/129 954/2/130 955/3/131
f 956/4/59 955/3/131 954/2/130
f 957/1/132 958/2/62 959/3/62
f 960/4/62 959/3/62 958/2/62
f 961/1/133 962/2/57 963/3/57
f 964/4/57 963/3/57 962/2/57
f 965/2/71 966/1/71 967/3/75
f 967/3/75 968/4/74 965/2/71
f 969/2/71 970/1/77 971/3/71
f 971/3/71 972/4/71 969/2/71
f 973/2/76 974/1/70 975/3/71
f 975/3/71 976/4/92 973/2/76
f 977/2/76 978/1/134 979/3/76
f 979/3/76 980/4/71 977/2/76
f 981/1/63 982/2/59 983/3/62
f 984/4/62 983/3/62 982/2/59
f 985/1/57 986/2/62 987/3/58
f 988/4/63 987/3/58 986/2/62
f 989/1/62 990/2/61 991/3/61
f 992/4/57 991/3/61 990/2/61
f 993/1/63 994/2/63 995/3/61
f 996/4/57 995/3/61 994/2/63
f 997/2/75 998/1/74 999/3/71
f 999/3/71 1000/4/71 997/2/75
f 1001/2/77 1002/1/77 1003/3/70
f 1003/3/70 1004/4/77 1001/2/77
f 1005/2/71 1006/1/74 1007/3/77
f 1007/3/77 1008/4/92 1005/2/71
f 1009/2/71 1010/1/74 1011/3/77
f 1011/3/77 1012/4/119 1009/2/71
f 1013/1/135 1014/2/135 1015/3/136
f 1016/4/137 1015/3/136 1014/2/135
f 1017/1/135 1018/2/135 1019/3/136
f 1020/4/137 1019/3/136 1018/2/135
f 1021/1/138 1022/2/139 1023/3/140
f 1024/4/141 1023/3/140 1022/2/139
f 1025/1/140 1026/2/139 1027/3/138
f 1028/4/138 1027/3/138 1026/2/139
f 1029/1/142 1030/2/142 1031/3/142
f 1032/4/142 1031/3/142 1030/2/142
f 1033/1/142 1034/2/142 1035/3/143
f 1036/4/144 1035/3/143 1034/2/142
f 1037/1/145 1038/2/145 1039/3/145
f 1040/4/145 1039/3/145 1038/2/145
f 1041/1/145 1042/2/145 1043/3/145
f 1044/4/145 1043/3/145 1042/2/145
f 1045/1/141 1046/2/141 1047/3/146
f 1048/4/147 1047/3/146 1046/2/141
f 1049/1/148 1050/2/138 1051/3/139
f 1052/4/141 1051/3/139 1050/2/138
f 1053/1/149 1054/2/149 1055/3/149
f 1056/4/149 1055/3/149 1054/2/149
f 1057/1/150 1058/2/150 1059/3/150
f 1060/4/150 1059/3/150 1058/2/150
f 1061/1/135 1062/2/135 1063/3/135
f 1064/4/135 1063/3/135 1062/2/135
f 1065/1/151 1066/2/151 1067/3/136
f 1068/4/136 1067/3/136 1066/2/151
f 1069/1/136 1070/2/135 1071/3/151
f 1072/4/152 1071/3/151 1070/2/135
f 1073/1/145 1074/2/145 1075/3/145
f 1076/4/145 1075/3/145 1074/2/145
f 1077/1/145 1078/2/145 1079/3/145
f 1080/4/145 1079/3/145 1078/2/145
f 1081/1/153 1082/2/153 1083/3/153
f 1084/4/153 1083/3/153 1082/2/153
f 1085/1/154 1086/2/154 1087/3/154
f 1088/4/154 1087/3/154 1086/2/154
f 1089/1/155 1090/2/155 1091/3/155
f 1092/4/155 1091/3/155 1090/2/155
f 1093/1/156 1094/2/157 1095/3/158
f 1096/4/159 1095/3/158 1094/2/157
f 1097/1/135 1098/2/135 1099/3/136
f 1100/4/137 1099/3/136 1098/2/135
f 1101/1/135 1102/2/135 1103/3/136
f 1104/4/137 1103/3/136 1102/2/135
f 1105/1/160 1106/2/161 1107/3/162
f 1108/4/163 1107/3/162 1106/2/161
f 1109/1/164 1110/2/165 1111/3/166
f 1112/4/167 1111/3/166 1110/2/165
f 1113/1/156 1114/2/157 1115/3/168
f 1116/4/155 1115/3/168 1114/2/157
f 1117/1/156 1118/2/157 1119/3/158
f 1120/4/159 1119/3/158 1118/2/157
f 1121/1/160 1122/2/166 1123/3/161
f 1124/4/153 1123/3/161 1122/2/166
f 1125/1/155 1126/2/168 1127/3/157
f 1128/4/156 1127/3/157 1126/2/168
f 1129/1/160 1130/2/166 1131/3/161
f 1132/4/153 1131/3/161 1130/2/166
f 1133/1/155 1134/2/155 1135/3/155
f 1136/4/155 1135/3/155 1134/2/155
f 1137/1/160 1138/2/166 1139/3/161
f 1140/4/153 1139/3/161 1138/2/166
f 1141/1/158 1142/2/158 1143/3/158
f 1144/4/158 1143/3/158 1142/2/158
f 1145/1/160 1146/2/166 1147/3/161
f 1148/4/153 1147/3/161 1146/2/166
f 1149/1/156 1150/2/168 1151/3/155
f 1152/4/169 1151/3/155 1150/2/168
f 1153/1/135 1154/2/135 1155/3/137
f 1156/4/137 1155/3/137 1154/2/135
f 1157/2/145 1158/1/145 1159/3/145
f 1159/3/145 1160/4/145 1157/2/145
f 1161/2/170 1162/1/170 1163/3/171
f 1163/3/171 1164/4/171 1161/2/170
f 1165/2/170 1166/1/170 1167/3/170
f 1167/3/170 1168/4/170 1165/2/170
f 1169/2/145 1170/1/145 1171/3/145
f 1171/3/145 1172/4/145 1169/2/145
f 1173/1/172 1174/2/173 1175/3/174
f 1176/4/175 1175/3/174 1174/2/173
f 1177/1/175 1178/2/174 1179/3/173
f 1180/4/172 1179/3/173 1178/2/174
f 1181/1/176 1182/2/176 1183/3/176
f 1184/4/177 1183/3/177 1182/2/177
f 1185/1/178 1186/2/178 1187/3/178
f 1188/4/179 1187/3/178 1186/2/178
f 1189/1/180 1190/2/181 1191/3/182
f 1192/4/183 1191/3/182 1190/2/181
f 1193/1/184 1194/2/185 1195/3/186
f 1196/4/182 1195/3/186 1194/2/185
f 1197/1/187 1198/2/137 1199/3/135
f 1200/4/151 1199/3/135 1198/2/137
f 1201/2/145 1202/1/188 1203/3/170
f 1203/3/170 1204/4/189 1201/2/145
f 1205/1/190 1206/2/190 1207/3/190
f 1208/4/190 1207/3/190 1206/2/190
f 1209/2/170 1210/1/170 1211/3/188
f 1211/3/188 1212/4/188 1209/2/170
f 1213/2/153 1214/1/162 1215/3/166
f 1215/3/166 1216/4/154 1213/2/153
f 1217/2/166 1218/1/154 1219/3/153
f 1219/3/153 1220/4/162 1217/2/166
f 1221/2/191 1222/1/192 1223/3/193
f 1223/3/193 1224/4/193 1221/2/191
f 1225/2/194 1226/1/195 1227/3/196
f 1227/3/196 1228/4/197 1225/2/194
f 1229/2/198 1230/1/199 1231/3/200
f 1231/3/200 1232/4/201 1229/2/198
f 1233/2/202 1234/1/203 1235/3/201
f 1235/3/201 1236/4/201 1233/2/202
f 1237/1/135 1238/2/135 1239/3/135
f 1240/4/135 1239/3/135 1238/2/135
f 1241/1/136 1242/2/136 1243/3/136
f 1244/4/136 1243/3/136 1242/2/136
f 1245/1/136 1246/2/136 1247/3/136
f 1248/4/136 1247/3/136 1246/2/136
f 1249/1/135 1250/2/135 1251/3/135
f 1252/4/135 1251/3/135 1250/2/135
f 1253/1/151 1254/2/151 1255/3/136
f 1256/4/136 1255/3/136 1254/2/151
f 1257/1/135 1258/2/135 1259/3/136
f 1260/4/136 1259/3/136 1258/2/135
f 1261/2/188 1262/1/188 1263/3/145
f 1263/3/145 1264/4/145 1261/2/188
f 1265/2/170 1266/1/170 1267/3/170
f 1267/3/170 1268/4/170 1265/2/170
f 1269/2/188 1270/1/204 1271/3/205
f 1271/3/205 1272/4/206 1269/2/188
f 1273/2/145 1274/1/145 1275/3/145
f 1275/3/145 1276/4/145 1273/2/145
f 1277/2/145 1278/1/145 1279/3/188
f 1279/3/188 1280/4/188 1277/2/145
f 1281/2/188 1282/1/188 1283/3/170
f 1283/3/170 1284/4/170 1281/2/188
f 1285/2/189 1286/1/207 1287/3/188
f 1287/3/188 1288/4/204 1285/2/189
f 1289/2/145 1290/1/145 1291/3/189
f 1291/3/189 1292/4/189 1289/2/145
f 1293/1/208 1294/2/208 1295/3/209
f 1296/4/209 1295/3/209 1294/2/208
f 1297/1/210 1298/2/210 1299/3/211
f 1300/4/212 1299/3/211 1298/2/210
f 1301/1/208 1302/2/208 1303/3/209
f 1304/4/209 1303/3/209 1302/2/208
f 1305/1/213 1306/2/210 1307/3/211
f 1308/4/212 1307/3/211 1306/2/210
f 1309/1/214 1310/2/214 1311/3/214
f 1312/4/214 1311/3/214 1310/2/214
f 1313/1/215 1314/2/215 1315/3/216
f 1316/4/216 1315/3/216 1314/2/215
f 1317/1/214 1318/2/214 1319/3/214
f 1320/4/214 1319/3/214 1318/2/214
f 1321/1/215 1322/2/215 1323/3/216
f 1324/4/216 1323/3/216 1322/2/215
f 1325/2/217 1326/1/218 1327/3/219
f 1327/3/219 1328/4/220 1325/2/217
f 1329/1/221 1330/2/221 1331/3/221
f 1332/4/221 1331/3/221 1330/2/221
f 1333/1/222 1334/2/222 1335/3/222
f 1336/4/222 1335/3/222 1334/2/222
f 1337/1/223 1338/2/224 1339/3/225
f 1340/4/226 1339/3/225 1338/2/224
f 1341/1/222 1342/2/222 1343/3/222
f 1344/4/222 1343/3/222 1342/2/222
f 1345/1/227 1346/2/227 1347/3/227
f 1348/4/227 1347/3/227 1346/2/227
f 1349/1/228 1350/2/228 1351/3/229
f 1352/4/230 1351/3/229 1350/2/228
f 1353/1/227 1354/2/227 1355/3/227
f 1356/4/227 1355/3/227 1354/2/227
f 1357/1/228 1358/2/228 1359/3/229
f 1360/4/230 1359/3/229 1358/2/228
f 1361/2/231 1362/1/231 1363/3/231
f 1363/3/232 1364/4/232 1361/2/232
f 1365/5/233 1366/6/233 1367/7/233
f 1368/8/234 1365/5/234 1367/7/234
f 1369/9/235 1368/8/235 1367/7/235
f 1366/6/236 1369/9/236 1367/7/236
f 1365/5/237 1368/8/238 1366/6/237
f 1366/6/237 1368/8/238 1369/9/238
f 1370/5/239 1371/6/239 1372/7/239
f 1373/8/240 1370/5/240 1372/7/240
f 1374/9/241 1373/8/241 1372/7/241
f 1371/6/242 1374/9/242 1372/7/242
f 1370/5/243 1373/8/244 1371/6/245
f 1371/6/245 1373/8/244 1374/9/246
f 1375/1/247 1376/2/247 1377/3/247
f 1378/4/247 1377/3/247 1376/2/247
f 1379/1/248 1380/2/249 1381/3/250
f 1382/4/251 1381/3/250 1380/2/249
f 1383/1/252 1384/2/247 1385/3/251
f 1386/4/253 1385/3/251 1384/2/247
f 1387/2/254 1388/1/254 1389/3/255
f 1389/3/255 1390/4/255 1387/2/254
f 1391/2/255 1392/1/256 1393/3/257
f 1393/3/257 1394/4/258 1391/2/255
f 1395/2/255 1396/1/255 1397/3/259
f 1397/3/259 1398/4/260 1395/2/255
f 1399/1/261 1400/2/251 1401/3/262
f 1402/4/262 1401/3/262 1400/2/251
f 1403/1/247 1404/2/247 1405/3/247
f 1406/4/247 1405/3/247 1404/2/247
f 1407/1/262 1408/2/262 1409/3/262
f 1410/4/262 1409/3/262 1408/2/262
f 1411/1/263 1412/2/263 1413/3/263
f 1414/4/263 1413/3/263 1412/2/263
f 1415/1/247 1416/2/247 1417/3/247
f 1418/4/247 1417/3/247 1416/2/247
f 1419/1/262 1420/2/263 1421/3/261
f 1422/4/261 1421/3/261 1420/2/263
f 1423/1/261 1424/2/251 1425/3/262
f 1426/4/262 1425/3/262 1424/2/251
f 1427/1/252 1428/2/252 1429/3/252
f 1430/4/252 1429/3/252 1428/2/252
f 1431/1/263 1432/2/264 1433/3/263
f 1434/4/263 1433/3/263 1432/2/264
f 1435/2/265 1436/1/265 1437/3/266
f 1437/3/266 1438/4/254 1435/2/265
f 1439/2/266 1440/1/254 1441/3/255
f 1441/3/255 1442/4/255 1439/2/266
f 1443/2/255 1444/1/255 1445/3/255
f 1445/3/255 1446/4/255 1443/2/255
f 1447/2/254 1448/1/254 1449/3/254
f 1449/3/254 1450/4/254 1447/2/254
f 1451/2/255 1452/1/255 1453/3/254
f 1453/3/254 1454/4/254 1451/2/255
f 1455/2/254 1456/1/254 1457/3/255
f 1457/3/255 1458/4/265 1455/2/254
f 1459/2/254 1460/1/267 1461/3/266
f 1461/3/266 1462/4/255 1459/2/254
f 1463/2/265 1464/1/265 1465/3/266
f 1465/3/266 1466/4/254 1463/2/265
f 1467/2/254 1468/1/254 1469/3/268
f 1469/3/268 1470/4/254 1467/2/254
f 1471/1/269 1472/2/270 1473/3/271
f 1474/4/272 1473/3/271 1472/2/270
f 1475/1/273 1476/2/273 1477/3/274
f 1478/4/275 1477/3/274 1476/2/273
f 1479/1/276 1480/2/277 1481/3/278
f 1482/4/279 1481/3/278 1480/2/277
f 1483/2/280 1484/1/280 1485/3/280
f 1485/3/280 1486/4/280 1483/2/280
f 1487/2/281 1488/1/282 1489/3/283
f 1489/3/283 1490/4/284 1487/2/281
f 1491/2/283 1492/1/283 1493/3/285
f 1493/3/285 1494/4/285 1491/2/283
f 1495/1/270 1496/2/270 1497/3/286
f 1498/4/287 1497/3/286 1496/2/270
f 1499/1/271 1500/2/271 1501/3/271
f 1502/4/271 1501/3/271 1500/2/271
f 1503/1/287 1504/2/287 1505/3/287
f 1506/4/287 1505/3/287 1504/2/287
f 1507/1/270 1508/2/279 1509/3/287
f 1510/4/271 1509/3/287 1508/2/279
f 1511/1/269 1512/2/269 1513/3/279
f 1514/4/286 1513/3/279 1512/2/269
f 1515/1/279 1516/2/286 1517/3/271
f 1518/4/271 1517/3/271 1516/2/286
f 1519/1/270 1520/2/270 1521/3/270
f 1522/4/270 1521/3/270 1520/2/270
f 1523/1/279 1524/2/279 1525/3/279
f 1526/4/279 1525/3/279 1524/2/279
f 1527/1/286 1528/2/286 1529/3/286
f 1530/4/286 1529/3/286 1528/2/286
f 1531/2/280 1532/1/285 1533/3/288
f 1533/3/288 1534/4/288 1531/2/280
f 1535/2/283 1536/1/283 1537/3/283
f 1537/3/283 1538/4/283 1535/2/283
f 1539/2/285 1540/1/285 1541/3/285
f 1541/3/285 1542/4/285 1539/2/285
f 1543/2/289 1544/1/288 1545/3/285
f 1545/3/285 1546/4/283 1543/2/289
f 1547/2/290 1548/1/288 1549/3/285
f 1549/3/285 1550/4/285 1547/2/290
f 1551/2/289 1552/1/289 1553/3/289
f 1553/3/289 1554/4/289 1551/2/289
f 1555/2/280 1556/1/285 1557/3/288
f 1557/3/288 1558/4/288 1555/2/280
f 1559/2/280 1560/1/289 1561/3/291
f 1561/3/291 1562/4/283 1559/2/280
f 1563/2/283 1564/1/290 1565/3/285
f 1565/3/285 1566/4/280 1563/2/283
f 1567/1/292 1568/2/292 1569/3/292
f 1570/4/292 1569/3/292 1568/2/292
f 1571/1/292 1572/2/292 1573/3/292
f 1574/4/292 1573/3/292 1572/2/292
f 1575/1/292 1576/2/292 1577/3/292
f 1578/4/292 1577/3/292 1576/2/292
f 1579/2/293 1580/1/293 1581/3/293
f 1581/3/293 1582/4/293 1579/2/293
f 1583/2/293 1584/1/293 1585/3/293
f 1585/3/293 1586/4/293 1583/2/293
f 1587/2/293 1588/1/293 1589/3/293
f 1589/3/293 1590/4/293 1587/2/293
f 1591/1/292 1592/2/292 1593/3/292
f 1594/4/292 1593/3/292 1592/2/292
f 1595/1/292 1596/2/292 1597/3/292
f 1598/4/292 1597/3/292 1596/2/292
f 1599/1/292 1600/2/292 1601/3/292
f 1602/4/292 1601/3/292 1600/2/292
f 1603/1/292 1604/2/292 1605/3/292
f 1606/4/292 1605/3/292 1604/2/292
f 1607/1/292 1608/2/292 1609/3/292
f 1610/4/292 1609/3/292 1608/2/292
f 1611/1/292 1612/2/292 1613/3/292
f 1614/4/292 1613/3/292 1612/2/292
f 1615/1/292 1616/2/292 1617/3/292
f 1618/4/292 1617/3/292 1616/2/292
f 1619/1/292 1620/2/292 1621/3/292
f 1622/4/292 1621/3/292 1620/2/292
f 1623/1/292 1624/2/292 1625/3/292
f 1626/4/292 1625/3/292 1624/2/292
f 1627/2/293 1628/1/293 1629/3/293
f 1629/3/293 1630/4/293 1627/2/293
f 1631/2/293 1632/1/293 1633/3/293
f 1633/3/293 1634/4/293 1631/2/293
f 1635/2/293 1636/1/293 1637/3/293
f 1637/3/293 1638/4/293 1635/2/293
f 1639/2/293 1640/1/293 1641/3/293
f 1641/3/293 1642/4/293 1639/2/293
f 1643/2/293 1644/1/293 1645/3/293
f 1645/3/293 1646/4/293 1643/2/293
f 1647/2/293 1648/1/293 1649/3/293
f 1649/3/293 1650/4/293 1647/2/293
f 1651/2/293 1652/1/293 1653/3/293
f 1653/3/293 1654/4/293 1651/2/293
f 1655/2/293 1656/1/293 1657/3/293
f 1657/3/293 1658/4/293 1655/2/293
f 1659/2/293 1660/1/293 1661/3/293
f 1661/3/293 1662/4/293 1659/2/293
f 1663/5/294 1664/6/294 1665/7/294
f 1666/8/295 1663/5/295 1665/7/295
f 1667/9/296 1666/8/296 1665/7/296
f 1664/6/297 1667/9/297 1665/7/297
f 1663/5/298 1666/8/299 1664/6/299
f 1664/6/299 1666/8/299 1667/9/300
f 1668/5/301 1669/6/301 1670/7/301
f 1671/8/302 1668/5/302 1670/7/302
f 1672/9/303 1671/8/303 1670/7/303
f 1669/6/304 1672/9/304 1670/7/304
f 1668/5/305 1671/8/306 1669/6/307
f 1669/6/307 1671/8/306 1672/9/308
f 1673/5/309 1674/6/309 1675/7/309
f 1676/8/310 1673/5/310 1675/7/310
f 1677/9/311 1676/8/311 1675/7/311
f 1674/6/312 1677/9/312 1675/7/312
f 1673/5/313 1676/8/314 1674/6/314
f 1674/6/314 1676/8/314 1677/9/315
f 1678/5/316 1679/6/316 1680/7/316
f 1681/8/317 1678/5/317 1680/7/317
f 1682/9/318 1681/8/318 1680/7/318
f 1679/6/319 1682/9/319 1680/7/319
f 1678/5/320 1681/8/321 1679/6/322
f 1679/6/322 1681/8/321 1682/9/323
f 1683/5/324 1684/6/324 1685/7/324
f 1686/8/325 1683/5/325 1685/7/325
f 1687/9/326 1686/8/326 1685/7/326
f 1684/6/327 1687/9/327 1685/7/327
f 1683/5/328 1686/8/329 1684/6/329
f 1684/6/329 1686/8/329 1687/9/330
f 1688/5/331 1689/6/331 1690/7/331
f 1691/8/332 1688/5/332 1690/7/332
f 1692/9/333 1691/8/333 1690/7/333
f 1689/6/334 1692/9/334 1690/7/334
f 1688/5/335 1691/8/336 1689/6/336
f 1689/6/336 1691/8/336 1692/9/337
f 1693/5/338 1694/6/338 1695/7/338
f 1696/8/339 1693/5/339 1695/7/339
f 1697/9/340 1696/8/340 1695/7/340
f 1694/6/341 1697/9/341 1695/7/341
f 1693/5/342 1696/8/343 1694/6/343
f 1694/6/343 1696/8/343 1697/9/344
f 1698/5/345 1699/6/345 1700/7/345
f 1701/8/346 1698/5/346 1700/7/346
f 1702/9/347 1701/8/347 1700/7/347
f 1699/6/348 1702/9/348 1700/7/348
f 1698/5/349 1701/8/349 1699/6/349
f 1699/6/349 1701/8/349 1702/9/349
f 1703/5/350 1704/6/350 1705/7/350
f 1706/8/351 1703/5/351 1705/7/351
f 1707/9/352 1706/8/352 1705/7/352
f 1704/6/297 1707/9/297 1705/7/297
f 1703/5/298 1706/8/353 1704/6/353
f 1704/6/353 1706/8/353 1707/9/354
f 1708/5/355 1709/6/355 1710/7/355
f 1711/8/356 1708/5/356 1710/7/356
f 1712/9/357 1711/8/357 1710/7/357
f 1709/6/358 1712/9/358 1710/7/358
f 1708/5/359 1711/8/360 1709/6/360
f 1709/6/360 1711/8/360 1712/9/361
f 1713/5/362 1714/6/362 1715/7/362
f 1716/8/363 1713/5/363 1715/7/363
f 1717/9/364 1716/8/364 1715/7/364
f 1714/6/365 1717/9/365 1715/7/365
f 1713/5/366 1716/8/367 1714/6/368
f 1714/6/368 1716/8/367 1717/9/369
f 1718/5/370 1719/6/370 1720/7/370
f 1721/8/371 1718/5/371 1720/7/371
f 1722/9/303 1721/8/303 1720/7/303
f 1719/6/372 1722/9/372 1720/7/372
f 1718/5/373 1721/8/374 1719/6/374
f 1719/6/374 1721/8/374 1722/9/375
f 1723/5/376 1724/6/376 1725/7/376
f 1726/8/377 1723/5/377 1725/7/377
f 1727/9/364 1726/8/364 1725/7/364
f 1724/6/365 1727/9/365 1725/7/365
f 1723/5/369 1726/8/378 1724/6/378
f 1724/6/378 1726/8/378 1727/9/378
f 1728/5/379 1729/6/379 1730/7/379
f 1731/8/371 1728/5/371 1730/7/371
f 1732/9/380 1731/8/380 1730/7/380
f 1729/6/381 1732/9/381 1730/7/381
f 1728/5/382 1731/8/383 1729/6/384
f 1729/6/384 1731/8/383 1732/9/385
f 1733/5/386 1734/6/386 1735/7/386
f 1736/8/377 1733/5/377 1735/7/377
f 1737/9/296 1736/8/296 1735/7/296
f 1734/6/387 1737/9/387 1735/7/387
f 1733/5/388 1736/8/389 1734/6/389
f 1734/6/389 1736/8/389 1737/9/300
f 1738/5/390 1739/6/390 1740/7/390
f 1741/8/391 1738/5/391 1740/7/391
f 1742/9/303 1741/8/303 1740/7/303
f 1739/6/392 1742/9/392 1740/7/392
f 1738/5/393 1741/8/361 1739/6/361
f 1739/6/361 1741/8/361 1742/9/305
f 1743/5/394 1744/6/394 1745/7/394
f 1746/8/395 1743/5/395 1745/7/395
f 1747/9/296 1746/8/296 1745/7/296
f 1744/6/396 1747/9/396 1745/7/396
f 1743/5/397 1746/8/398 1744/6/399
f 1744/6/399 1746/8/398 1747/9/400
f 1748/5/401 1749/6/401 1750/7/401
f 1751/8/402 1748/5/402 1750/7/402
f 1752/9/303 1751/8/303 1750/7/303
f 1749/6/403 1752/9/403 1750/7/403
f 1748/5/404 1751/8/405 1749/6/405
f 1749/6/405 1751/8/405 1752/9/406
f 1753/5/362 1754/6/362 1755/7/362
f 1756/8/407 1753/5/407 1755/7/407
f 1757/9/296 1756/8/296 1755/7/296
f 1754/6/408 1757/9/408 1755/7/408
f 1753/5/409 1756/8/410 1754/6/410
f 1754/6/410 1756/8/410 1757/9/299
f 1758/5/411 1759/6/411 1760/7/411
f 1761/8/371 1758/5/371 1760/7/371
f 1762/9/412 1761/8/412 1760/7/412
f 1759/6/413 1762/9/413 1760/7/413
f 1758/5/373 1761/8/385 1759/6/385
f 1759/6/385 1761/8/385 1762/9/414
f 1763/5/350 1764/6/350 1765/7/350
f 1766/8/415 1763/5/415 1765/7/415
f 1767/9/364 1766/8/364 1765/7/364
f 1764/6/416 1767/9/416 1765/7/416
f 1763/5/417 1766/8/418 1764/6/419
f 1764/6/419 1766/8/418 1767/9/420
f 1768/5/421 1769/6/421 1770/7/421
f 1771/8/422 1768/5/422 1770/7/422
f 1772/9/423 1771/8/423 1770/7/423
f 1769/6/424 1772/9/424 1770/7/424
f 1768/5/425 1771/8/305 1769/6/305
f 1769/6/305 1771/8/305 1772/9/426
f 1773/5/427 1774/6/427 1775/7/427
f 1776/8/428 1773/5/428 1775/7/428
f 1777/9/429 1776/8/429 1775/7/429
f 1774/6/430 1777/9/430 1775/7/430
f 1773/5/417 1776/8/431 1774/6/431
f 1774/6/431 1776/8/431 1777/9/432
f 1778/5/421 1779/6/421 1780/7/421
f 1781/8/433 1778/5/433 1780/7/433
f 1782/9/434 1781/8/434 1780/7/434
f 1779/6/435 1782/9/435 1780/7/435
f 1778/5/436 1781/8/437 1779/6/437
f 1779/6/437 1781/8/437 1782/9/437
f 1783/5/438 1784/6/438 1785/7/438
f 1786/8/439 1783/5/439 1785/7/439
f 1787/9/440 1786/8/440 1785/7/440
f 1784/6/441 1787/9/441 1785/7/441
f 1783/5/442 1786/8/443 1784/6/443
f 1784/6/443 1786/8/443 1787/9/444
f 1788/5/445 1789/6/445 1790/7/445
f 1791/8/446 1788/5/446 1790/7/446
f 1792/9/447 1791/8/447 1790/7/447
f 1789/6/448 1792/9/448 1790/7/448
f 1788/5/449 1791/8/450 1789/6/450
f 1789/6/450 1791/8/450 1792/9/451
f 1793/5/452 1794/6/452 1795/7/452
f 1796/8/453 1793/5/453 1795/7/453
f 1797/9/454 1796/8/454 1795/7/454
f 1794/6/455 1797/9/455 1795/7/455
f 1793/5/456 1796/8/457 1794/6/457
f 1794/6/457 1796/8/457 1797/9/458
f 1798/5/459 1799/6/459 1800/7/459
f 1801/8/460 1798/5/460 1800/7/460
f 1802/9/461 1801/8/461 1800/7/461
f 1799/6/462 1802/9/462 1800/7/462
f 1798/5/463 1801/8/464 1799/6/465
f 1799/6/465 1801/8/464 1802/9/466
f 1803/5/467 1804/6/467 1805/7/467
f 1806/8/468 1803/5/468 1805/7/468
f 1807/9/469 1806/8/469 1805/7/469
f 1804/6/470 1807/9/470 1805/7/470
f 1803/5/471 1806/8/472 1804/6/472
f 1804/6/472 1806/8/472 1807/9/473
f 1808/5/474 1809/6/474 1810/7/474
f 1811/8/475 1808/5/475 1810/7/475
f 1812/9/476 1811/8/476 1810/7/476
f 1809/6/477 1812/9/477 1810/7/477
f 1808/5/478 1811/8/479 1809/6/480
f 1809/6/480 1811/8/479 1812/9/481
f 1813/5/482 1814/6/482 1815/7/482
f 1816/8/483 1813/5/483 1815/7/483
f 1817/9/484 1816/8/484 1815/7/484
f 1814/6/485 1817/9/485 1815/7/485
f 1813/5/486 1816/8/487 1814/6/487
f 1814/6/487 1816/8/487 1817/9/488
f 1818/5/489 1819/6/489 1820/7/489
f 1821/8/490 1818/5/490 1820/7/490
f 1822/9/491 1821/8/491 1820/7/491
f 1819/6/492 1822/9/492 1820/7/492
f 1818/5/493 1821/8/494 1819/6/495
f 1819/6/495 1821/8/494 1822/9/496
f 1823/5/497 1824/6/497 1825/7/497
f 1826/8/498 1823/5/498 1825/7/498
f 1827/9/499 1826/8/499 1825/7/499
f 1824/6/500 1827/9/500 1825/7/500
f 1823/5/501 1826/8/502 1824/6/502
f 1824/6/502 1826/8/502 1827/9/503
f 1828/5/504 1829/6/504 1830/7/504
f 1831/8/505 1828/5/505 1830/7/505
f 1832/9/506 1831/8/506 1830/7/506
f 1829/6/507 1832/9/507 1830/7/507
f 1828/5/508 1831/8/509 1829/6/510
f 1829/6/510 1831/8/509 1832/9/511
f 1833/5/512 1834/6/512 1835/7/512
f 1836/8/513 1833/5/513 1835/7/513
f 1837/9/514 1836/8/514 1835/7/514
f 1834/6/515 1837/9/515 1835/7/515
f 1833/5/516 1836/8/517 1834/6/518
f 1834/6/518 1836/8/517 1837/9/519
f 1838/5/520 1839/6/520 1840/7/520
f 1841/8/521 1838/5/521 1840/7/521
f 1842/9/491 1841/8/491 1840/7/491
f 1839/6/522 1842/9/522 1840/7/522
f 1838/5/523 1841/8/524 1839/6/525
f 1839/6/525 1841/8/524 1842/9/526
f 1843/5/527 1844/6/527 1845/7/527
f 1846/8/528 1843/5/528 1845/7/528
f 1847/9/529 1846/8/529 1845/7/529
f 1844/6/530 1847/9/530 1845/7/530
f 1843/5/531 1846/8/532 1844/6/533
f 1844/6/533 1846/8/532 1847/9/534
f 1848/5/535 1849/6/535 1850/7/535
f 1851/8/536 1848/5/536 1850/7/536
f 1852/9/537 1851/8/537 1850/7/537
f 1849/6/538 1852/9/538 1850/7/538
f 1848/5/539 1851/8/540 1849/6/540
f 1849/6/540 1851/8/540 1852/9/541
f 1853/5/542 1854/6/542 1855/7/542
f 1856/8/543 1853/5/543 1855/7/543
f 1857/9/544 1856/8/544 1855/7/544
f 1854/6/485 1857/9/485 1855/7/485
f 1853/5/545 1856/8/546 1854/6/547
f 1854/6/547 1856/8/546 1857/9/548
f 1858/5/549 1859/6/549 1860/7/549
f 1861/8/550 1858/5/550 1860/7/550
f 1862/9/551 1861/8/551 1860/7/551
f 1859/6/552 1862/9/552 1860/7/552
f 1858/5/553 1861/8/554 1859/6/554
f 1859/6/554 1861/8/554 1862/9/555
f 1863/5/556 1864/6/556 1865/7/556
f 1866/8/557 1863/5/557 1865/7/557
f 1867/9/469 1866/8/469 1865/7/469
f 1864/6/558 1867/9/558 1865/7/558
f 1863/5/559 1866/8/560 1864/6/560
f 1864/6/560 1866/8/560 1867/9/561
f 1868/5/562 1869/6/562 1870/7/562
f 1871/8/563 1868/5/563 1870/7/563
f 1872/9/564 1871/8/564 1870/7/564
f 1869/6/565 1872/9/565 1870/7/565
f 1868/5/566 1871/8/567 1869/6/567
f 1869/6/567 1871/8/567 1872/9/568
f 1873/5/569 1874/6/569 1875/7/569
f 1876/8/570 1873/5/570 1875/7/570
f 1877/9/544 1876/8/544 1875/7/544
f 1874/6/571 1877/9/571 1875/7/571
f 1873/5/572 1876/8/573 1874/6/573
f 1874/6/573 1876/8/573 1877/9/574
f 1878/5/575 1879/6/575 1880/7/575
f 1881/8/576 1878/5/576 1880/7/576
f 1882/9/577 1881/8/577 1880/7/577
f 1879/6/578 1882/9/578 1880/7/578
f 1878/5/555 1881/8/495 1879/6/579
f 1879/6/579 1881/8/495 1882/9/580
f 1883/5/581 1884/6/581 1885/7/581
f 1886/8/582 1883/5/582 1885/7/582
f 1887/9/583 1886/8/583 1885/7/583
f 1884/6/584 1887/9/584 1885/7/584
f 1883/5/585 1886/8/586 1884/6/587
f 1884/6/587 1886/8/586 1887/9/588
f 1888/5/589 1889/6/589 1890/7/589
f 1891/8/590 1888/5/590 1890/7/590
f 1892/9/591 1891/8/591 1890/7/591
f 1889/6/592 1892/9/592 1890/7/592
f 1888/5/593 1891/8/594 1889/6/594
f 1889/6/594 1891/8/594 1892/9/595
f 1893/5/596 1894/6/596 1895/7/596
f 1896/8/597 1893/5/597 1895/7/597
f 1897/9/598 1896/8/598 1895/7/598
f 1894/6/599 1897/9/599 1895/7/599
f 1893/5/600 1896/8/601 1894/6/602
f 1894/6/602 1896/8/601 1897/9/603
f 1898/5/604 1899/6/604 1900/7/604
f 1901/8/605 1898/5/605 1900/7/605
f 1902/9/606 1901/8/606 1900/7/606
f 1899/6/607 1902/9/607 1900/7/607
f 1898/5/608 1901/8/609 1899/6/610
f 1899/6/610 1901/8/609 1902/9/611
f 1903/5/612 1904/6/612 1905/7/612
f 1906/8/613 1903/5/613 1905/7/613
f 1907/9/614 1906/8/614 1905/7/614
f 1904/6/615 1907/9/615 1905/7/615
f 1903/5/616 1906/8/617 1904/6/617
f 1904/6/617 1906/8/617 1907/9/618
f 1908/5/619 1909/6/619 1910/7/619
f 1911/8/620 1908/5/620 1910/7/620
f 1912/9/621 1911/8/621 1910/7/621
f 1909/6/622 1912/9/622 1910/7/622
f 1908/5/623 1911/8/624 1909/6/625
f 1909/6/625 1911/8/624 1912/9/626
f 1913/5/627 1914/6/627 1915/7/627
f 1916/8/628 1913/5/628 1915/7/628
f 1917/9/629 1916/8/629 1915/7/629
f 1914/6/630 1917/9/630 1915/7/630
f 1913/5/631 1916/8/632 1914/6/632
f 1914/6/632 1916/8/632 1917/9/633
f 1918/5/634 1919/6/634 1920/7/634
f 1921/8/635 1918/5/635 1920/7/635
f 1922/9/636 1921/8/636 1920/7/636
f 1919/6/637 1922/9/637 1920/7/637
f 1918/5/638 1921/8/639 1919/6/640
f 1919/6/640 1921/8/639 1922/9/641
f 1923/5/642 1924/6/642 1925/7/642
f 1926/8/643 1923/5/643 1925/7/643
f 1927/9/644 1926/8/644 1925/7/644
f 1924/6/645 1927/9/645 1925/7/645
f 1923/5/646 1926/8/647 1924/6/647
f 1924/6/647 1926/8/647 1927/9/648
f 1928/5/649 1929/6/649 1930/7/649
f 1931/8/650 1928/5/650 1930/7/650
f 1932/9/651 1931/8/651 1930/7/651
f 1929/6/652 1932/9/652 1930/7/652
f 1928/5/653 1931/8/654 1929/6/655
f 1929/6/655 1931/8/654 1932/9/656
f 1933/5/657 1934/6/657 1935/7/657
f 1936/8/658 1933/5/658 1935/7/658
f 1937/9/659 1936/8/659 1935/7/659
f 1934/6/660 1937/9/660 1935/7/660
f 1933/5/661 1936/8/662 1934/6/663
f 1934/6/663 1936/8/662 1937/9/664
f 1938/5/665 1939/6/665 1940/7/665
f 1941/8/666 1938/5/666 1940/7/666
f 1942/9/667 1941/8/667 1940/7/667
f 1939/6/668 1942/9/668 1940/7/668
f 1938/5/669 1941/8/670 1939/6/670
f 1939/6/670 1941/8/670 1942/9/671
f 1943/5/672 1944/6/672 1945/7/672
f 1946/8/673 1943/5/673 1945/7/673
f 1947/9/674 1946/8/674 1945/7/674
f 1944/6/675 1947/9/675 1945/7/675
f 1943/5/676 1946/8/677 1944/6/677
f 1944/6/677 1946/8/677 1947/9/678
f 1948/5/679 1949/6/679 1950/7/679
f 1951/8/680 1948/5/680 1950/7/680
f 1952/9/681 1951/8/681 1950/7/681
f 1949/6/682 1952/9/682 1950/7/682
f 1948/5/683 1951/8/684 1949/6/684
f 1949/6/684 1951/8/684 1952/9/685
f 1953/5/686 1954/6/686 1955/7/686
f 1956/8/687 1953/5/687 1955/7/687
f 1957/9/688 1956/8/688 1955/7/688
f 1954/6/689 1957/9/689 1955/7/689
f 1953/5/690 1956/8/691 1954/6/691
f 1954/6/691 1956/8/691 1957/9/692
f 1958/5/693 1959/6/693 1960/7/693
f 1961/8/694 1958/5/694 1960/7/694
f 1962/9/695 1961/8/695 1960/7/695
f 1959/6/696 1962/9/696 1960/7/696
f 1958/5/697 1961/8/698 1959/6/698
f 1959/6/698 1961/8/698 1962/9/699
f 1963/5/700 1964/6/700 1965/7/700
f 1966/8/701 1963/5/701 1965/7/701
f 1967/9/702 1966/8/702 1965/7/702
f 1964/6/703 1967/9/703 1965/7/703
f 1963/5/704 1966/8/705 1964/6/706
f 1964/6/706 1966/8/705 1967/9/707
f 1968/5/708 1969/6/708 1970/7/708
f 1971/8/709 1968/5/709 1970/7/709
f 1972/9/710 1971/8/710 1970/7/710
f 1969/6/711 1972/9/711 1970/7/711
f 1968/5/712 1971/8/713 1969/6/714
f 1969/6/714 1971/8/713 1972/9/715
f 1973/5/716 1974/6/716 1975/7/716
f 1976/8/717 1973/5/717 1975/7/717
f 1977/9/718 1976/8/718 1975/7/718
f 1974/6/719 1977/9/719 1975/7/719
f 1973/5/720 1976/8/721 1974/6/722
f 1974/6/722 1976/8/721 1977/9/723
f 1978/5/724 1979/6/724 1980/7/724
f 1981/8/725 1978/5/725 1980/7/725
f 1982/9/726 1981/8/726 1980/7/726
f 1979/6/727 1982/9/727 1980/7/727
f 1978/5/728 1981/8/729 1979/6/729
f 1979/6/729 1981/8/729 1982/9/730
f 1983/5/731 1984/6/731 1985/7/731
f 1986/8/732 1983/5/732 1985/7/732
f 1987/9/733 1986/8/733 1985/7/733
f 1984/6/734 1987/9/734 1985/7/734
f 1983/5/735 1986/8/736 1984/6/736
f 1984/6/736 1986/8/736 1987/9/737
f 1988/5/738 1989/6/738 1990/7/738
f 1991/8/739 1988/5/739 1990/7/739
f 1992/9/740 1991/8/740 1990/7/740
f 1989/6/741 1992/9/741 1990/7/741
f 1988/5/742 1991/8/742 1989/6/742
f 1989/6/742 1991/8/742 1992/9/742
f 1993/5/743 1994/6/743 1995/7/743
f 1996/8/744 1993/5/744 1995/7/744
f 1997/9/745 1996/8/745 1995/7/745
f 1994/6/746 1997/9/746 1995/7/746
f 1993/5/747 1996/8/747 1994/6/747
f 1994/6/747 1996/8/747 1997/9/748
f 1998/5/749 1999/6/749 2000/7/749
f 2001/8/750 1998/5/750 2000/7/750
f 2002/9/751 2001/8/751 2000/7/751
f 1999/6/752 2002/9/752 2000/7/752
f 1998/5/753 2001/8/753 1999/6/753
f 1999/6/753 2001/8/753 2002/9/754
f 2003/5/755 2004/6/755 2005/7/755
f 2006/8/756 2003/5/756 2005/7/756
f 2007/9/757 2006/8/757 2005/7/757
f 2004/6/758 2007/9/758 2005/7/758
f 2003/5/759 2006/8/760 2004/6/760
f 2004/6/760 2006/8/760 2007/9/761
f 2008/5/762 2009/6/762 2010/7/762
f 2011/8/763 2008/5/763 2010/7/763
f 2012/9/764 2011/8/764 2010/7/764
f 2009/6/765 2012/9/765 2010/7/765
f 2008/5/766 2011/8/767 2009/6/767
f 2009/6/767 2011/8/767 2012/9/768
f 2013/5/769 2014/6/769 2015/7/769
f 2016/8/770 2013/5/770 2015/7/770
f 2017/9/771 2016/8/771 2015/7/771
f 2014/6/772 2017/9/772 2015/7/772
f 2013/5/773 2016/8/774 2014/6/774
f 2014/6/774 2016/8/774 2017/9/775
f 2018/5/776 2019/6/776 2020/7/776
f 2021/8/777 2018/5/777 2020/7/777
f 2022/9/778 2021/8/778 2020/7/778
f 2019/6/779 2022/9/779 2020/7/779
f 2018/5/780 2021/8/781 2019/6/781
f 2019/6/781 2021/8/781 2022/9/782
f 2023/5/783 2024/6/783 2025/7/783
f 2026/8/784 2023/5/784 2025/7/784
f 2027/9/785 2026/8/785 2025/7/785
f 2024/6/786 2027/9/786 2025/7/786
f 2023/5/787 2026/8/788 2024/6/788
f 2024/6/788 2026/8/788 2027/9/789
f 2028/5/790 2029/6/790 2030/7/790
f 2031/8/791 2028/5/791 2030/7/791
f 2032/9/792 2031/8/792 2030/7/792
f 2029/6/793 2032/9/793 2030/7/793
f 2028/5/794 2031/8/795 2029/6/795
f 2029/6/795 2031/8/795 2032/9/796
f 2033/5/797 2034/6/797 2035/7/797
f 2036/8/798 2033/5/798 2035/7/798
f 2037/9/799 2036/8/799 2035/7/799
f 2034/6/800 2037/9/800 2035/7/800
f 2033/5/801 2036/8/802 2034/6/802
f 2034/6/802 2036/8/802 2037/9/803
f 2038/5/804 2039/6/804 2040/7/804
f 2041/8/805 2038/5/805 2040/7/805
f 2042/9/806 2041/8/806 2040/7/806
f 2039/6/807 2042/9/807 2040/7/807
f 2038/5/808 2041/8/809 2039/6/809
f 2039/6/809 2041/8/809 2042/9/810
f 2043/5/811 2044/6/811 2045/7/811
f 2046/8/812 2043/5/812 2045/7/812
f 2047/9/813 2046/8/813 2045/7/813
f 2044/6/814 2047/9/814 2045/7/814
f 2043/5/815 2046/8/816 2044/6/817
f 2044/6/817 2046/8/816 2047/9/818
f 2048/5/819 2049/6/819 2050/7/819
f 2051/8/820 2048/5/820 2050/7/820
f 2052/9/821 2051/8/821 2050/7/821
f 2049/6/822 2052/9/822 2050/7/822
f 2048/5/823 2051/8/824 2049/6/825
f 2049/6/825 2051/8/824 2052/9/826
f 2053/5/827 2054/6/827 2055/7/827
f 2056/8/828 2053/5/828 2055/7/828
f 2057/9/829 2056/8/829 2055/7/829
f 2054/6/830 2057/9/830 2055/7/830
f 2053/5/831 2056/8/832 2054/6/832
f 2054/6/832 2056/8/832 2057/9/833
f 2058/5/834 2059/6/834 2060/7/834
f 2061/8/835 2058/5/835 2060/7/835
f 2062/9/836 2061/8/836 2060/7/836
f 2059/6/837 2062/9/837 2060/7/837
f 2058/5/838 2061/8/839 2059/6/839
f 2059/6/839 2061/8/839 2062/9/840
f 2063/5/294 2064/6/294 2065/7/294
f 2066/8/841 2063/5/841 2065/7/841
f 2067/9/364 2066/8/364 2065/7/364
f 2064/6/842 2067/9/842 2065/7/842
f 2063/5/843 2066/8/844 2064/6/844
f 2064/6/844 2066/8/844 2067/9/845
f 2068/5/846 2069/6/846 2070/7/846
f 2071/8/847 2068/5/847 2070/7/847
f 2072/9/303 2071/8/303 2070/7/303
f 2069/6/848 2072/9/848 2070/7/848
f 2068/5/849 2071/8/850 2069/6/850
f 2069/6/850 2071/8/850 2072/9/851
f 2073/5/852 2074/6/852 2075/7/852
f 2076/8/853 2073/5/853 2075/7/853
f 2077/9/854 2076/8/854 2075/7/854
f 2074/6/855 2077/9/855 2075/7/855
f 2073/5/856 2076/8/857 2074/6/857
f 2074/6/857 2076/8/857 2077/9/858
f 2078/5/859 2079/6/859 2080/7/859
f 2081/8/860 2078/5/860 2080/7/860
f 2082/9/861 2081/8/861 2080/7/861
f 2079/6/862 2082/9/862 2080/7/862
f 2078/5/863 2081/8/864 2079/6/864
f 2079/6/864 2081/8/864 2082/9/865
f 2083/5/866 2084/6/866 2085/7/866
f 2086/8/867 2083/5/867 2085/7/867
f 2087/9/868 2086/8/868 2085/7/868
f 2084/6/869 2087/9/869 2085/7/869
f 2083/5/870 2086/8/871 2084/6/872
f 2084/6/872 2086/8/871 2087/9/873
f 2088/5/874 2089/6/874 2090/7/874
f 2091/8/875 2088/5/875 2090/7/875
f 2092/9/876 2091/8/876 2090/7/876
f 2089/6/877 2092/9/877 2090/7/877
f 2088/5/878 2091/8/879 2089/6/880
f 2089/6/880 2091/8/879 2092/9/881
f 2093/5/882 2094/6/882 2095/7/882
f 2096/8/883 2093/5/883 2095/7/883
f 2097/9/884 2096/8/884 2095/7/884
f 2094/6/885 2097/9/885 2095/7/885
f 2093/5/886 2096/8/887 2094/6/887
f 2094/6/887 2096/8/887 2097/9/888
f 2098/5/889 2099/6/889 2100/7/889
f 2101/8/890 2098/5/890 2100/7/890
f 2102/9/891 2101/8/891 2100/7/891
f 2099/6/892 2102/9/892 2100/7/892
f 2098/5/893 2101/8/894 2099/6/895
f 2099/6/895 2101/8/894 2102/9/896
f 2103/5/897 2104/6/897 2105/7/897
f 2106/8/898 2103/5/898 2105/7/898
f 2107/9/899 2106/8/899 2105/7/899
f 2104/6/900 2107/9/900 2105/7/900
f 2103/5/901 2106/8/902 2104/6/903
f 2104/6/903 2106/8/902 2107/9/904
f 2108/5/905 2109/6/905 2110/7/905
f 2111/8/906 2108/5/906 2110/7/906
f 2112/9/907 2111/8/907 2110/7/907
f 2109/6/908 2112/9/908 2110/7/908
f 2108/5/909 2111/8/910 2109/6/911
f 2109/6/911 2111/8/910 2112/9/912
f 2113/5/913 2114/6/913 2115/7/913
f 2116/8/914 2113/5/914 2115/7/914
f 2117/9/915 2116/8/915 2115/7/915
f 2114/6/916 2117/9/916 2115/7/916
f 2113/5/917 2116/8/918 2114/6/918
f 2114/6/918 2116/8/918 2117/9/919
f 2118/5/920 2119/6/920 2120/7/920
f 2121/8/921 2118/5/921 2120/7/921
f 2122/9/922 2121/8/922 2120/7/922
f 2119/6/923 2122/9/923 2120/7/923
f 2118/5/924 2121/8/925 2119/6/925
f 2119/6/925 2121/8/925 2122/9/926
f 2123/5/927 2124/6/927 2125/7/927
f 2126/8/928 2123/5/928 2125/7/928
f 2127/9/929 2126/8/929 2125/7/929
f 2124/6/930 2127/9/930 2125/7/930
f 2123/5/931 2126/8/932 2124/6/932
f 2124/6/932 2126/8/932 2127/9/933
f 2128/5/934 2129/6/934 2130/7/934
f 2131/8/935 2128/5/935 2130/7/935
f 2132/9/936 2131/8/936 2130/7/936
f 2129/6/937 2132/9/937 2130/7/937
f 2128/5/938 2131/8/939 2129/6/940
f 2129/6/940 2131/8/939 2132/9/941
f 2133/5/942 2134/6/942 2135/7/942
f 2136/8/943 2133/5/943 2135/7/943
f 2137/9/944 2136/8/944 2135/7/944
f 2134/6/945 2137/9/945 2135/7/945
f 2133/5/946 2136/8/947 2134/6/947
f 2134/6/947 2136/8/947 2137/9/948
f 2138/5/949 2139/6/949 2140/7/949
f 2141/8/950 2138/5/950 2140/7/950
f 2142/9/951 2141/8/951 2140/7/951
f 2139/6/952 2142/9/952 2140/7/952
f 2138/5/953 2141/8/954 2139/6/954
f 2139/6/954 2141/8/954 2142/9/955
f 2143/5/956 2144/6/956 2145/7/956
f 2146/8/957 2143/5/957 2145/7/957
f 2147/9/958 2146/8/958 2145/7/958
f 2144/6/959 2147/9/959 2145/7/959
f 2143/5/960 2146/8/961 2144/6/962
f 2144/6/962 2146/8/961 2147/9/963
f 2148/5/964 2149/6/964 2150/7/964
f 2151/8/965 2148/5/965 2150/7/965
f 2152/9/966 2151/8/966 2150/7/966
f 2149/6/967 2152/9/967 2150/7/967
f 2148/5/968 2151/8/968 2149/6/968
f 2149/6/968 2151/8/968 2152/9/969
f 2153/5/970 2154/6/970 2155/7/970
f 2156/8/971 2153/5/971 2155/7/971
f 2157/9/972 2156/8/972 2155/7/972
f 2154/6/973 2157/9/973 2155/7/973
f 2153/5/974 2156/8/975 2154/6/975
f 2154/6/975 2156/8/975 2157/9/976
f 2158/5/977 2159/6/977 2160/7/977
f 2161/8/978 2158/5/978 2160/7/978
f 2162/9/979 2161/8/979 2160/7/979
f 2159/6/980 2162/9/980 2160/7/980
f 2158/5/981 2161/8/982 2159/6/983
f 2159/6/983 2161/8/982 2162/9/984
f 2163/5/985 2164/6/985 2165/7/985
f 2166/8/986 2163/5/986 2165/7/986
f 2167/9/987 2166/8/987 2165/7/987
f 2164/6/988 2167/9/988 2165/7/988
f 2163/5/989 2166/8/990 2164/6/990
f 2164/6/990 2166/8/990 2167/9/991
f 2168/5/992 2169/6/992 2170/7/992
f 2171/8/993 2168/5/993 2170/7/993
f 2172/9/994 2171/8/994 2170/7/994
f 2169/6/995 2172/9/995 2170/7/995
f 2168/5/996 2171/8/997 2169/6/998
f 2169/6/998 2171/8/997 2172/9/999
f 2173/5/1000 2174/6/1000 2175/7/1000
f 2176/8/1001 2173/5/1001 2175/7/1001
f 2177/9/1002 2176/8/1002 2175/7/1002
f 2174/6/1003 2177/9/1003 2175/7/1003
f 2173/5/1004 2176/8/1005 2174/6/1005
f 2174/6/1005 2176/8/1005 2177/9/1006
f 2178/5/1007 2179/6/1007 2180/7/1007
f 2181/8/1008 2178/5/1008 2180/7/1008
f 2182/9/1009 2181/8/1009 2180/7/1009
f 2179/6/1010 2182/9/1010 2180/7/1010
f 2178/5/1011 2181/8/1012 2179/6/1012
f 2179/6/1012 2181/8/1012 2182/9/1013
f 2183/5/1014 2184/6/1014 2185/7/1014
f 2186/8/1015 2183/5/1015 2185/7/1015
f 2187/9/1016 2186/8/1016 2185/7/1016
f 2184/6/1017 2187/9/1017 2185/7/1017
f 2183/5/1018 2186/8/1019 2184/6/1019
f 2184/6/1019 2186/8/1019 2187/9/1020
f 2188/5/1021 2189/6/1021 2190/7/1021
f 2191/8/1022 2188/5/1022 2190/7/1022
f 2192/9/1023 2191/8/1023 2190/7/1023
f 2189/6/1024 2192/9/1024 2190/7/1024
f 2188/5/1025 2191/8/1026 2189/6/1026
f 2189/6/1026 2191/8/1026 2192/9/1027
f 2193/5/1028 2194/6/1028 2195/7/1028
f 2196/8/1029 2193/5/1029 2195/7/1029
f 2197/9/1030 2196/8/1030 2195/7/1030
f 2194/6/1031 2197/9/1031 2195/7/1031
f 2193/5/1032 2196/8/1033 2194/6/1033
f 2194/6/1033 2196/8/1033 2197/9/1034
f 2198/5/1035 2199/6/1035 2200/7/1035
f 2201/8/1036 2198/5/1036 2200/7/1036
f 2202/9/1037 2201/8/1037 2200/7/1037
f 2199/6/1038 2202/9/1038 2200/7/1038
f 2198/5/1039 2201/8/1040 2199/6/1040
f 2199/6/1040 2201/8/1040 2202/9/1041
f 2203/5/1042 2204/6/1042 2205/7/1042
f 2206/8/1043 2203/5/1043 2205/7/1043
f 2207/9/1044 2206/8/1044 2205/7/1044
f 2204/6/1045 2207/9/1045 2205/7/1045
f 2203/5/1046 2206/8/1047 2204/6/1047
f 2204/6/1047 2206/8/1047 2207/9/1048
f 2208/5/1049 2209/6/1049 2210/7/1049
f 2211/8/1050 2208/5/1050 2210/7/1050
f 2212/9/1051 2211/8/1051 2210/7/1051
f 2209/6/1052 2212/9/1052 2210/7/1052
f 2208/5/1053 2211/8/1054 2209/6/1054
f 2209/6/1054 2211/8/1054 2212/9/1055
f 2213/5/1056 2214/6/1056 2215/7/1056
f 2216/8/1057 2213/5/1057 2215/7/1057
f 2217/9/1058 2216/8/1058 2215/7/1058
f 2214/6/1059 2217/9/1059 2215/7/1059
f 2213/5/1060 2216/8/1061 2214/6/1062
f 2214/6/1062 2216/8/1061 2217/9/1063
f 2218/5/1064 2219/6/1064 2220/7/1064
f 2221/8/1065 2218/5/1065 2220/7/1065
f 2222/9/1066 2221/8/1066 2220/7/1066
f 2219/6/1067 2222/9/1067 2220/7/1067
f 2218/5/1068 2221/8/1069 2219/6/1070
f 2219/6/1070 2221/8/1069 2222/9/1071
f 2223/5/1072 2224/6/1072 2225/7/1072
f 2226/8/1073 2223/5/1073 2225/7/1073
f 2227/9/1074 2226/8/1074 2225/7/1074
f 2224/6/1075 2227/9/1075 2225/7/1075
f 2223/5/1076 2226/8/1077 2224/6/1077
f 2224/6/1077 2226/8/1077 2227/9/1078
f 2228/5/1079 2229/6/1079 2230/7/1079
f 2231/8/1080 2228/5/1080 2230/7/1080
f 2232/9/1081 2231/8/1081 2230/7/1081
f 2229/6/1082 2232/9/1082 2230/7/1082
f 2228/5/1083 2231/8/1084 2229/6/1084
f 2229/6/1084 2231/8/1084 2232/9/1085
f 2233/5/1086 2234/6/1086 2235/7/1086
f 2236/8/1087 2233/5/1087 2235/7/1087
f 2237/9/1088 2236/8/1088 2235/7/1088
f 2234/6/1089 2237/9/1089 2235/7/1089
f 2233/5/1090 2236/8/1091 2234/6/1091
f 2234/6/1091 2236/8/1091 2237/9/1092
f 2238/5/1093 2239/6/1093 2240/7/1093
f 2241/8/1094 2238/5/1094 2240/7/1094
f 2242/9/1095 2241/8/1095 2240/7/1095
f 2239/6/1096 2242/9/1096 2240/7/1096
f 2238/5/1097 2241/8/1098 2239/6/1098
f 2239/6/1098 2241/8/1098 2242/9/1099
f 2243/5/1100 2244/6/1100 2245/7/1100
f 2246/8/1101 2243/5/1101 2245/7/1101
f 2247/9/1102 2246/8/1102 2245/7/1102
f 2244/6/1103 2247/9/1103 2245/7/1103
f 2243/5/1104 2246/8/1105 2244/6/1105
f 2244/6/1105 2246/8/1105 2247/9/1106
f 2248/5/1107 2249/6/1107 2250/7/1107
f 2251/8/1108 2248/5/1108 2250/7/1108
f 2252/9/1109 2251/8/1109 2250/7/1109
f 2249/6/1110 2252/9/1110 2250/7/1110
f 2248/5/1111 2251/8/1112 2249/6/1113
f 2249/6/1113 2251/8/1112 2252/9/1114
f 2253/5/1115 2254/6/1115 2255/7/1115
f 2256/8/1116 2253/5/1116 2255/7/1116
f 2257/9/1117 2256/8/1117 2255/7/1117
f 2254/6/1118 2257/9/1118 2255/7/1118
f 2253/5/1119 2256/8/1120 2254/6/1120
f 2254/6/1120 2256/8/1120 2257/9/1121
f 2258/5/1122 2259/6/1122 2260/7/1122
f 2261/8/1123 2258/5/1123 2260/7/1123
f 2262/9/1124 2261/8/1124 2260/7/1124
f 2259/6/1125 2262/9/1125 2260/7/1125
f 2258/5/1126 2261/8/1127 2259/6/1126
f 2259/6/1126 2261/8/1127 2262/9/1128
f 2263/5/1129 2264/6/1129 2265/7/1129
f 2266/8/1130 2263/5/1130 2265/7/1130
f 2267/9/1131 2266/8/1131 2265/7/1131
f 2264/6/1132 2267/9/1132 2265/7/1132
f 2263/5/1133 2266/8/1134 2264/6/1134
f 2264/6/1134 2266/8/1134 2267/9/1135
f 2268/5/1136 2269/6/1136 2270/7/1136
f 2271/8/1137 2268/5/1137 2270/7/1137
f 2272/9/1138 2271/8/1138 2270/7/1138
f 2269/6/1139 2272/9/1139 2270/7/1139
f 2268/5/1140 2271/8/1141 2269/6/1141
f 2269/6/1141 2271/8/1141 2272/9/1142
f 2273/5/1143 2274/6/1143 2275/7/1143
f 2276/8/1144 2273/5/1144 2275/7/1144
f 2277/9/1145 2276/8/1145 2275/7/1145
f 2274/6/1146 2277/9/1146 2275/7/1146
f 2273/5/1147 2276/8/1148 2274/6/1149
f 2274/6/1149 2276/8/1148 2277/9/1150
f 2278/5/1151 2279/6/1151 2280/7/1151
f 2281/8/1152 2278/5/1152 2280/7/1152
f 2282/9/1153 2281/8/1153 2280/7/1153
f 2279/6/1154 2282/9/1154 2280/7/1154
f 2278/5/1155 2281/8/1156 2279/6/1157
f 2279/6/1157 2281/8/1156 2282/9/1158
f 2283/5/1159 2284/6/1159 2285/7/1159
f 2286/8/1160 2283/5/1160 2285/7/1160
f 2287/9/1161 2286/8/1161 2285/7/1161
f 2284/6/1162 2287/9/1162 2285/7/1162
f 2283/5/1163 2286/8/1164 2284/6/1165
f 2284/6/1165 2286/8/1164 2287/9/1166
f 2288/5/1167 2289/6/1167 2290/7/1167
f 2291/8/1168 2288/5/1168 2290/7/1168
f 2292/9/1169 2291/8/1169 2290/7/1169
f 2289/6/1170 2292/9/1170 2290/7/1170
f 2288/5/1171 2291/8/1172 2289/6/1173
f 2289/6/1173 2291/8/1172 2292/9/1174
f 2293/5/1175 2294/6/1175 2295/7/1175
f 2296/8/1176 2293/5/1176 2295/7/1176
f 2297/9/1177 2296/8/1177 2295/7/1177
f 2294/6/1178 2297/9/1178 2295/7/1178
f 2293/5/1179 2296/8/1180 2294/6/1181
f 2294/6/1181 2296/8/1180 2297/9/1182
f 2298/5/1183 2299/6/1183 2300/7/1183
f 2301/8/1184 2298/5/1184 2300/7/1184
f 2302/9/1185 2301/8/1185 2300/7/1185
f 2299/6/1186 2302/9/1186 2300/7/1186
f 2298/5/1187 2301/8/1188 2299/6/1188
f 2299/6/1188 2301/8/1188 2302/9/1189
f 2303/5/1190 2304/6/1190 2305/7/1190
f 2306/8/1191 2303/5/1191 2305/7/1191
f 2307/9/1192 2306/8/1192 2305/7/1192
f 2304/6/1193 2307/9/1193 2305/7/1193
f 2303/5/1194 2306/8/1195 2304/6/1196
f 2304/6/1196 2306/8/1195 2307/9/1197
f 2308/5/1198 2309/6/1198 2310/7/1198
f 2311/8/1199 2308/5/1200 2310/7/1201
f 2312/9/1202 2311/8/1202 2310/7/1202
f 2309/6/1203 2312/9/1203 2310/7/1203
f 2308/5/1204 2311/8/1205 2309/6/1205
f 2309/6/1205 2311/8/1205 2312/9/1206
f 2313/5/1207 2314/6/1207 2315/7/1207
f 2316/8/1208 2313/5/1208 2315/7/1208
f 2317/9/1209 2316/8/1209 2315/7/1209
f 2314/6/1210 2317/9/1210 2315/7/1210
f 2313/5/1211 2316/8/1212 2314/6/1213
f 2314/6/1213 2316/8/1212 2317/9/1214
f 2318/5/1215 2319/6/1215 2320/7/1215
f 2321/8/1216 2318/5/1216 2320/7/1216
f 2322/9/1217 2321/8/1217 2320/7/1217
f 2319/6/1218 2322/9/1218 2320/7/1218
f 2318/5/1219 2321/8/1220 2319/6/1221
f 2319/6/1221 2321/8/1220 2322/9/1222
f 2323/5/1223 2324/6/1223 2325/7/1223
f 2326/8/1224 2323/5/1224 2325/7/1224
f 2327/9/1225 2326/8/1225 2325/7/1225
f 2324/6/1226 2327/9/1226 2325/7/1226
f 2323/5/1227 2326/8/1228 2324/6/1229
f 2324/6/1229 2326/8/1228 2327/9/1230
f 2328/5/1231 2329/6/1231 2330/7/1231
f 2331/8/1232 2328/5/1232 2330/7/1232
f 2332/9/1233 2331/8/1233 2330/7/1233
f 2329/6/1234 2332/9/1234 2330/7/1234
f 2328/5/1235 2331/8/1236 2329/6/1237
f 2329/6/1237 2331/8/1236 2332/9/1238
f 2333/5/1239 2334/6/1239 2335/7/1239
f 2336/8/1240 2333/5/1240 2335/7/1240
f 2337/9/1241 2336/8/1241 2335/7/1241
f 2334/6/1242 2337/9/1242 2335/7/1242
f 2333/5/1243 2336/8/1244 2334/6/1245
f 2334/6/1245 2336/8/1244 2337/9/1246
f 2338/5/1247 2339/6/1247 2340/7/1247
f 2341/8/1248 2338/5/1248 2340/7/1248
f 2342/9/1249 2341/8/1249 2340/7/1249
f 2339/6/1250 2342/9/1250 2340/7/1250
f 2338/5/1251 2341/8/1252 2339/6/1252
f 2339/6/1252 2341/8/1252 2342/9/1253
f 2343/5/1254 2344/6/1254 2345/7/1254
f 2346/8/1255 2343/5/1255 2345/7/1255
f 2347/9/1256 2346/8/1256 2345/7/1256
f 2344/6/1257 2347/9/1257 2345/7/1257
f 2343/5/1258 2346/8/1259 2344/6/1259
f 2344/6/1259 2346/8/1259 2347/9/1260
f 2348/5/1261 2349/6/1261 2350/7/1261
f 2351/8/1262 2348/5/1262 2350/7/1262
f 2352/9/1263 2351/8/1263 2350/7/1263
f 2349/6/1264 2352/9/1264 2350/7/1264
f 2348/5/1265 2351/8/1266 2349/6/1266
f 2349/6/1266 2351/8/1266 2352/9/1267
f 2353/5/1268 2354/6/1268 2355/7/1269
f 2356/8/1270 2353/5/1271 2355/7/1271
f 2357/9/1272 2356/8/1272 2355/7/1272
f 2354/6/1273 2357/9/1273 2355/7/1273
f 2353/5/1274 2356/8/1275 2354/6/1276
f 2354/6/1276 2356/8/1275 2357/9/1277
f 2358/5/1278 2359/6/1278 2360/7/1278
f 2361/8/1279 2358/5/1279 2360/7/1279
f 2362/9/1280 2361/8/1280 2360/7/1280
f 2359/6/1281 2362/9/1281 2360/7/1281
f 2358/5/1282 2361/8/1283 2359/6/1284
f 2359/6/1284 2361/8/1283 2362/9/1285
f 2363/5/1286 2364/6/1287 2365/7/1286
f 2366/8/1288 2363/5/1288 2365/7/1288
f 2367/9/1289 2366/8/1289 2365/7/1289
f 2364/6/1290 2367/9/1290 2365/7/1290
f 2363/5/1291 2366/8/1292 2364/6/1293
f 2364/6/1293 2366/8/1292 2367/9/1294
f 2368/5/1295 2369/6/1295 2370/7/1295
f 2371/8/1296 2368/5/1296 2370/7/1296
f 2372/9/1297 2371/8/1297 2370/7/1297
f 2369/6/1298 2372/9/1298 2370/7/1299
f 2368/5/1300 2371/8/1301 2369/6/1302
f 2369/6/1302 2371/8/1301 2372/9/1303
f 2373/5/1304 2374/6/1305 2375/7/1305
f 2376/8/1306 2373/5/1306 2375/7/1306
f 2377/9/1307 2376/8/1307 2375/7/1307
f 2374/6/1308 2377/9/1308 2375/7/1308
f 2373/5/1309 2376/8/1310 2374/6/1310
f 2374/6/1310 2376/8/1310 2377/9/1311
f 2378/5/1312 2379/6/1312 2380/7/1312
f 2381/8/1313 2378/5/1313 2380/7/1313
f 2382/9/1314 2381/8/1314 2380/7/1314
f 2379/6/1315 2382/9/1315 2380/7/1315
f 2378/5/1316 2381/8/1317 2379/6/1317
f 2379/6/1317 2381/8/1317 2382/9/1318
f 2383/5/1319 2384/6/1319 2385/7/1319
f 2386/8/1320 2383/5/1320 2385/7/1320
f 2387/9/1321 2386/8/1321 2385/7/1321
f 2384/6/1322 2387/9/1322 2385/7/1322
f 2383/5/1323 2386/8/1324 2384/6/1323
f 2384/6/1323 2386/8/1324 2387/9/1325
f 2388/5/1326 2389/6/1326 2390/7/1326
f 2391/8/1327 2388/5/1327 2390/7/1327
f 2392/9/1328 2391/8/1328 2390/7/1328
f 2389/6/1329 2392/9/1329 2390/7/1329
f 2388/5/1330 2391/8/1331 2389/6/1331
f 2389/6/1331 2391/8/1331 2392/9/1332
f 2393/5/1333 2394/6/1333 2395/7/1333
f 2396/8/1334 2393/5/1334 2395/7/1334
f 2397/9/1335 2396/8/1335 2395/7/1335
f 2394/6/1336 2397/9/1336 2395/7/1336
f 2393/5/1337 2396/8/1338 2394/6/1339
f 2394/6/1339 2396/8/1338 2397/9/1340
f 2398/5/1341 2399/6/1341 2400/7/1341
f 2401/8/1342 2398/5/1342 2400/7/1342
f 2402/9/1343 2401/8/1343 2400/7/1343
f 2399/6/1344 2402/9/1344 2400/7/1344
f 2398/5/1345 2401/8/1346 2399/6/1346
f 2399/6/1346 2401/8/1346 2402/9/1347
f 2403/5/1348 2404/6/1348 2405/7/1348
f 2406/8/1349 2403/5/1349 2405/7/1349
f 2407/9/1350 2406/8/1350 2405/7/1350
f 2404/6/1351 2407/9/1351 2405/7/1351
f 2403/5/1352 2406/8/1353 2404/6/1353
f 2404/6/1353 2406/8/1353 2407/9/1354
f 2408/5/1355 2409/6/1355 2410/7/1355
f 2411/8/1356 2408/5/1356 2410/7/1356
f 2412/9/1357 2411/8/1357 2410/7/1357
f 2409/6/1358 2412/9/1358 2410/7/1358
f 2408/5/1359 2411/8/1360 2409/6/1361
f 2409/6/1361 2411/8/1360 2412/9/1362
f 2413/5/1363 2414/6/1363 2415/7/1363
f 2416/8/1364 2413/5/1364 2415/7/1364
f 2417/9/1365 2416/8/1365 2415/7/1365
f 2414/6/1366 2417/9/1366 2415/7/1366
f 2413/5/1367 2416/8/1368 2414/6/1369
f 2414/6/1369 2416/8/1368 2417/9/1370
f 2418/5/1371 2419/6/1371 2420/7/1371
f 2421/8/1372 2418/5/1372 2420/7/1372
f 2422/9/1373 2421/8/1373 2420/7/1373
f 2419/6/1374 2422/9/1374 2420/7/1374
f 2418/5/1375 2421/8/1376 2419/6/1376
f 2419/6/1376 2421/8/1376 2422/9/1377
f 2423/5/1378 2424/6/1378 2425/7/1378
f 2426/8/1379 2423/5/1379 2425/7/1379
f 2427/9/1380 2426/8/1380 2425/7/1380
f 2424/6/1381 2427/9/1381 2425/7/1381
f 2423/5/1382 2426/8/1383 2424/6/1384
f 2424/6/1384 2426/8/1383 2427/9/1385
f 2428/5/1386 2429/6/1386 2430/7/1386
f 2431/8/1387 2428/5/1387 2430/7/1387
f 2432/9/1388 2431/8/1388 2430/7/1388
f 2429/6/1389 2432/9/1389 2430/7/1389
f 2428/5/1390 2431/8/1391 2429/6/1392
f 2429/6/1392 2431/8/1391 2432/9/1393
f 2433/5/1394 2434/6/1394 2435/7/1394
f 2436/8/1395 2433/5/1395 2435/7/1395
f 2437/9/1396 2436/8/1396 2435/7/1396
f 2434/6/1397 2437/9/1397 2435/7/1397
f 2433/5/1398 2436/8/1399 2434/6/1400
f 2434/6/1400 2436/8/1399 2437/9/1401
f 2438/5/1402 2439/6/1402 2440/7/1402
f 2441/8/1403 2438/5/1403 2440/7/1403
f 2442/9/1404 2441/8/1404 2440/7/1404
f 2439/6/1405 2442/9/1405 2440/7/1405
f 2438/5/1406 2441/8/1407 2439/6/1407
f 2439/6/1407 2441/8/1407 2442/9/1408
f 2443/5/1409 2444/6/1409 2445/7/1409
f 2446/8/1410 2443/5/1410 2445/7/1410
f 2447/9/1411 2446/8/1411 2445/7/1411
f 2444/6/1412 2447/9/1412 2445/7/1412
f 2443/5/1413 2446/8/1414 2444/6/1414
f 2444/6/1414 2446/8/1414 2447/9/1415
f 2448/5/1416 2449/6/1416 2450/7/1416
f 2451/8/1417 2448/5/1417 2450/7/1417
f 2452/9/1418 2451/8/1418 2450/7/1418
f 2449/6/1419 2452/9/1419 2450/7/1419
f 2448/5/1420 2451/8/1421 2449/6/1421
f 2449/6/1421 2451/8/1421 2452/9/1422
f 2453/5/1423 2454/6/1423 2455/7/1423
f 2456/8/1424 2453/5/1424 2455/7/1424
f 2457/9/1425 2456/8/1425 2455/7/1425
f 2454/6/1426 2457/9/1426 2455/7/1426
f 2453/5/1427 2456/8/1428 2454/6/1429
f 2454/6/1429 2456/8/1428 2457/9/1430
f 2458/5/1431 2459/6/1431 2460/7/1431
f 2461/8/1432 2458/5/1432 2460/7/1432
f 2462/9/1433 2461/8/1433 2460/7/1433
f 2459/6/1434 2462/9/1434 2460/7/1434
f 2458/5/1435 2461/8/1436 2459/6/1436
f 2459/6/1436 2461/8/1436 2462/9/1437
f 2463/5/1438 2464/6/1438 2465/7/1438
f 2466/8/1439 2463/5/1439 2465/7/1439
f 2467/9/1440 2466/8/1440 2465/7/1440
f 2464/6/1441 2467/9/1441 2465/7/1441
f 2463/5/1442 2466/8/1443 2464/6/1444
f 2464/6/1444 2466/8/1443 2467/9/1445
f 2468/5/1446 2469/6/1446 2470/7/1446
f 2471/8/1447 2468/5/1447 2470/7/1447
f 2472/9/1448 2471/8/1448 2470/7/1448
f 2469/6/1449 2472/9/1449 2470/7/1449
f 2468/5/1450 2471/8/1451 2469/6/1452
f 2469/6/1452 2471/8/1451 2472/9/1453
f 2473/5/1454 2474/6/1454 2475/7/1454
f 2476/8/1455 2473/5/1455 2475/7/1455
f 2477/9/1456 2476/8/1456 2475/7/1456
f 2474/6/1457 2477/9/1457 2475/7/1457
f 2473/5/1458 2476/8/1459 2474/6/1460
f 2474/6/1460 2476/8/1459 2477/9/1461
f 2478/5/1462 2479/6/1462 2480/7/1462
f 2481/8/1463 2478/5/1463 2480/7/1463
f 2482/9/1464 2481/8/1464 2480/7/1464
f 2479/6/1465 2482/9/1465 2480/7/1465
f 2478/5/1466 2481/8/1467 2479/6/1468
f 2479/6/1468 2481/8/1467 2482/9/1469
f 2483/5/1470 2484/6/1470 2485/7/1470
f 2486/8/1471 2483/5/1471 2485/7/1471
f 2487/9/1472 2486/8/1472 2485/7/1472
f 2484/6/1473 2487/9/1473 2485/7/1473
f 2483/5/1474 2486/8/1475 2484/6/1476
f 2484/6/1476 2486/8/1475 2487/9/1477
f 2488/5/1478 2489/6/1478 2490/7/1478
f 2491/8/1479 2488/5/1479 2490/7/1479
f 2492/9/1480 2491/8/1480 2490/7/1480
f 2489/6/1481 2492/9/1481 2490/7/1481
f 2488/5/1482 2491/8/1483 2489/6/1483
f 2489/6/1483 2491/8/1483 2492/9/1484
f 2493/5/1485 2494/6/1485 2495/7/1485
f 2496/8/1486 2493/5/1486 2495/7/1486
f 2497/9/1487 2496/8/1487 2495/7/1487
f 2494/6/1488 2497/9/1488 2495/7/1488
f 2493/5/1489 2496/8/1490 2494/6/1491
f 2494/6/1491 2496/8/1490 2497/9/1492
f 2498/5/1493 2499/6/1493 2500/7/1493
f 2501/8/1494 2498/5/1494 2500/7/1494
f 2502/9/1495 2501/8/1495 2500/7/1495
f 2499/6/1496 2502/9/1496 2500/7/1496
f 2498/5/1497 2501/8/1498 2499/6/1498
f 2499/6/1498 2501/8/1498 2502/9/1499
f 2503/5/1500 2504/6/1500 2505/7/1500
f 2506/8/1501 2503/5/1501 2505/7/1501
f 2507/9/1502 2506/8/1502 2505/7/1502
f 2504/6/1503 2507/9/1503 2505/7/1503
f 2503/5/1504 2506/8/1505 2504/6/1506
f 2504/6/1506 2506/8/1505 2507/9/1507
f 2508/5/1508 2509/6/1508 2510/7/1508
f 2511/8/1509 2508/5/1509 2510/7/1509
f 2512/9/1510 2511/8/1510 2510/7/1510
f 2509/6/1511 2512/9/1511 2510/7/1511
f 2508/5/1512 2511/8/1513 2509/6/1514
f 2509/6/1514 2511/8/1513 2512/9/1515
f 2513/5/1516 2514/6/1516 2515/7/1516
f 2516/8/1517 2513/5/1517 2515/7/1517
f 2517/9/1518 2516/8/1518 2515/7/1518
f 2514/6/1519 2517/9/1519 2515/7/1519
f 2513/5/1520 2516/8/1521 2514/6/1522
f 2514/6/1522 2516/8/1521 2517/9/1523
f 2518/5/1524 2519/6/1524 2520/7/1524
f 2521/8/1525 2518/5/1525 2520/7/1525
f 2522/9/1526 2521/8/1526 2520/7/1526
f 2519/6/1527 2522/9/1527 2520/7/1527
f 2518/5/1528 2521/8/1529 2519/6/1530
f 2519/6/1530 2521/8/1529 2522/9/1531
f 2523/5/1532 2524/6/1532 2525/7/1532
f 2526/8/1533 2523/5/1533 2525/7/1533
f 2527/9/1534 2526/8/1534 2525/7/1534
f 2524/6/1535 2527/9/1535 2525/7/1535
f 2523/5/1536 2526/8/1537 2524/6/1538
f 2524/6/1538 2526/8/1537 2527/9/1539
f 2528/5/1540 2529/6/1540 2530/7/1540
f 2531/8/1541 2528/5/1541 2530/7/1541
f 2532/9/1542 2531/8/1542 2530/7/1542
f 2529/6/1543 2532/9/1543 2530/7/1543
f 2528/5/1544 2531/8/1545 2529/6/1546
f 2529/6/1546 2531/8/1545 2532/9/1547
f 2533/5/1548 2534/6/1548 2535/7/1548
f 2536/8/1549 2533/5/1549 2535/7/1549
f 2537/9/1550 2536/8/1550 2535/7/1550
f 2534/6/1551 2537/9/1551 2535/7/1551
f 2533/5/1552 2536/8/1553 2534/6/1554
f 2534/6/1554 2536/8/1553 2537/9/1555
f 2538/5/1556 2539/6/1556 2540/7/1556
f 2541/8/1557 2538/5/1557 2540/7/1557
f 2542/9/1558 2541/8/1558 2540/7/1558
f 2539/6/1559 2542/9/1559 2540/7/1559
f 2538/5/1560 2541/8/1561 2539/6/1561
f 2539/6/1561 2541/8/1561 2542/9/1562
f 2543/5/1563 2544/6/1563 2545/7/1563
f 2546/8/1564 2543/5/1564 2545/7/1564
f 2547/9/1565 2546/8/1565 2545/7/1565
f 2544/6/1566 2547/9/1566 2545/7/1566
f 2543/5/1567 2546/8/1568 2544/6/1569
f 2544/6/1569 2546/8/1568 2547/9/1570
f 2548/5/1571 2549/6/1571 2550/7/1571
f 2551/8/1572 2548/5/1572 2550/7/1572
f 2552/9/1573 2551/8/1573 2550/7/1573
f 2549/6/1574 2552/9/1574 2550/7/1574
f 2548/5/1575 2551/8/1576 2549/6/1577
f 2549/6/1577 2551/8/1576 2552/9/1578
f 2553/5/1579 2554/6/1579 2555/7/1579
f 2556/8/1580 2553/5/1580 2555/7/1580
f 2557/9/1581 2556/8/1581 2555/7/1581
f 2554/6/1582 2557/9/1582 2555/7/1582
f 2553/5/1583 2556/8/1584 2554/6/1585
f 2554/6/1585 2556/8/1584 2557/9/1586
f 2558/5/1587 2559/6/1587 2560/7/1587
f 2561/8/1588 2558/5/1588 2560/7/1588
f 2562/9/1589 2561/8/1589 2560/7/1589
f 2559/6/1590 2562/9/1590 2560/7/1590
f 2558/5/1591 2561/8/1592 2559/6/1593
f 2559/6/1593 2561/8/1592 2562/9/1594
f 2563/5/1595 2564/6/1595 2565/7/1595
f 2566/8/1596 2563/5/1596 2565/7/1596
f 2567/9/1597 2566/8/1597 2565/7/1597
f 2564/6/1598 2567/9/1598 2565/7/1598
f 2563/5/1599 2566/8/1600 2564/6/1600
f 2564/6/1600 2566/8/1600 2567/9/1601
f 2568/5/1602 2569/6/1602 2570/7/1602
f 2571/8/1603 2568/5/1603 2570/7/1603
f 2572/9/1604 2571/8/1604 2570/7/1604
f 2569/6/1605 2572/9/1605 2570/7/1605
f 2568/5/1606 2571/8/1607 2569/6/1607
f 2569/6/1607 2571/8/1607 2572/9/1608
f 2573/5/1609 2574/6/1609 2575/7/1609
f 2576/8/1610 2573/5/1610 2575/7/1610
f 2577/9/1611 2576/8/1611 2575/7/1611
f 2574/6/1612 2577/9/1612 2575/7/1612
f 2573/5/1613 2576/8/1614 2574/6/1615
f 2574/6/1615 2576/8/1614 2577/9/1616
f 2578/5/1617 2579/6/1617 2580/7/1617
f 2581/8/1618 2578/5/1618 2580/7/1618
f 2582/9/1619 2581/8/1619 2580/7/1619
f 2579/6/1620 2582/9/1620 2580/7/1620
f 2578/5/1621 2581/8/1622 2579/6/1623
f 2579/6/1623 2581/8/1622 2582/9/1624
f 2583/5/1625 2584/6/1625 2585/7/1625
f 2586/8/1626 2583/5/1626 2585/7/1626
f 2587/9/1627 2586/8/1627 2585/7/1627
f 2584/6/1628 2587/9/1628 2585/7/1629
f 2583/5/1630 2586/8/1631 2584/6/1631
f 2584/6/1631 2586/8/1631 2587/9/1632
f 2588/5/1633 2589/6/1633 2590/7/1633
f 2591/8/1634 2588/5/1634 2590/7/1634
f 2592/9/1635 2591/8/1635 2590/7/1635
f 2589/6/1636 2592/9/1636 2590/7/1636
f 2588/5/1637 2591/8/1638 2589/6/1638
f 2589/6/1638 2591/8/1638 2592/9/1639
f 2593/5/1640 2594/6/1640 2595/7/1640
f 2596/8/1641 2593/5/1641 2595/7/1641
f 2597/9/1642 2596/8/1642 2595/7/1642
f 2594/6/1643 2597/9/1643 2595/7/1643
f 2593/5/1644 2596/8/1645 2594/6/1646
f 2594/6/1646 2596/8/1645 2597/9/1647
f 2598/5/1648 2599/6/1648 2600/7/1648
f 2601/8/1649 2598/5/1649 2600/7/1649
f 2602/9/1650 2601/8/1650 2600/7/1650
f 2599/6/1651 2602/9/1651 2600/7/1651
f 2598/5/1652 2601/8/1653 2599/6/1653
f 2599/6/1653 2601/8/1653 2602/9/1654
f 2603/5/1655 2604/6/1655 2605/7/1655
f 2606/8/1656 2603/5/1656 2605/7/1656
f 2607/9/1657 2606/8/1657 2605/7/1657
f 2604/6/1658 2607/9/1658 2605/7/1658
f 2603/5/1659 2606/8/1660 2604/6/1661
f 2604/6/1661 2606/8/1660 2607/9/1662
f 2608/5/1663 2609/6/1663 2610/7/1663
f 2611/8/1664 2608/5/1664 2610/7/1664
f 2612/9/1665 2611/8/1665 2610/7/1665
f 2609/6/1666 2612/9/1666 2610/7/1666
f 2608/5/1667 2611/8/1668 2609/6/1669
f 2609/6/1669 2611/8/1668 2612/9/1670
f 2613/5/1671 2614/6/1671 2615/7/1671
f 2616/8/1672 2613/5/1672 2615/7/1672
f 2617/9/1673 2616/8/1673 2615/7/1673
f 2614/6/1674 2617/9/1674 2615/7/1674
f 2613/5/1675 2616/8/1676 2614/6/1676
f 2614/6/1676 2616/8/1676 2617/9/1677
f 2618/5/1678 2619/6/1678 2620/7/1678
f 2621/8/1679 2618/5/1679 2620/7/1679
f 2622/9/1680 2621/8/1680 2620/7/1680
f 2619/6/1681 2622/9/1681 2620/7/1681
f 2618/5/1682 2621/8/1683 2619/6/1683
f 2619/6/1683 2621/8/1683 2622/9/1684
f 2623/5/1685 2624/6/1685 2625/7/1685
f 2626/8/1686 2623/5/1686 2625/7/1686
f 2627/9/1687 2626/8/1687 2625/7/1687
f 2624/6/1688 2627/9/1688 2625/7/1688
f 2623/5/1689 2626/8/1690 2624/6/1690
f 2624/6/1690 2626/8/1690 2627/9/1691
f 2628/5/1692 2629/6/1692 2630/7/1692
f 2631/8/1693 2628/5/1693 2630/7/1693
f 2632/9/1694 2631/8/1694 2630/7/1694
f 2629/6/1695 2632/9/1695 2630/7/1695
f 2628/5/1696 2631/8/1697 2629/6/1697
f 2629/6/1697 2631/8/1697 2632/9/1698
f 2633/5/1699 2634/6/1699 2635/7/1699
f 2636/8/1700 2633/5/1700 2635/7/1700
f 2637/9/1701 2636/8/1701 2635/7/1701
f 2634/6/1702 2637/9/1702 2635/7/1702
f 2633/5/1703 2636/8/1704 2634/6/1704
f 2634/6/1704 2636/8/1704 2637/9/1705
f 2638/5/1706 2639/6/1706 2640/7/1706
f 2641/8/1707 2638/5/1707 2640/7/1707
f 2642/9/1708 2641/8/1708 2640/7/1708
f 2639/6/1709 2642/9/1709 2640/7/1709
f 2638/5/1710 2641/8/1711 2639/6/1712
f 2639/6/1712 2641/8/1711 2642/9/1713
f 2643/5/1714 2644/6/1714 2645/7/1714
f 2646/8/1715 2643/5/1715 2645/7/1715
f 2647/9/1716 2646/8/1716 2645/7/1716
f 2644/6/1717 2647/9/1717 2645/7/1717
f 2643/5/1718 2646/8/1719 2644/6/1719
f 2644/6/1719 2646/8/1719 2647/9/1720
f 2648/5/1721 2649/6/1721 2650/7/1721
f 2651/8/1722 2648/5/1722 2650/7/1722
f 2652/9/1723 2651/8/1723 2650/7/1723
f 2649/6/1724 2652/9/1724 2650/7/1724
f 2648/5/1725 2651/8/1726 2649/6/1727
f 2649/6/1727 2651/8/1726 2652/9/1728
f 2653/5/1729 2654/6/1729 2655/7/1729
f 2656/8/1730 2653/5/1730 2655/7/1730
f 2657/9/1731 2656/8/1731 2655/7/1731
f 2654/6/1732 2657/9/1732 2655/7/1732
f 2653/5/1733 2656/8/1734 2654/6/1735
f 2654/6/1735 2656/8/1734 2657/9/1736
f 2658/5/1737 2659/6/1737 2660/7/1737
f 2661/8/1738 2658/5/1738 2660/7/1738
f 2662/9/1739 2661/8/1739 2660/7/1739
f 2659/6/1740 2662/9/1740 2660/7/1740
f 2658/5/1741 2661/8/1742 2659/6/1743
f 2659/6/1743 2661/8/1742 2662/9/1744
f 2663/5/1745 2664/6/1745 2665/7/1745
f 2666/8/1746 2663/5/1746 2665/7/1746
f 2667/9/1747 2666/8/1747 2665/7/1747
f 2664/6/1748 2667/9/1748 2665/7/1748
f 2663/5/1749 2666/8/1750 2664/6/1751
f 2664/6/1751 2666/8/1750 2667/9/1752
f 2668/5/1753 2669/6/1753 2670/7/1753
f 2671/8/1754 2668/5/1754 2670/7/1754
f 2672/9/1755 2671/8/1755 2670/7/1755
f 2669/6/1756 2672/9/1756 2670/7/1756
f 2668/5/1757 2671/8/1758 2669/6/1759
f 2669/6/1759 2671/8/1758 2672/9/1760
f 2673/5/1761 2674/6/1761 2675/7/1761
f 2676/8/1762 2673/5/1762 2675/7/1762
f 2677/9/1763 2676/8/1763 2675/7/1763
f 2674/6/1764 2677/9/1764 2675/7/1764
f 2673/5/1765 2676/8/1766 2674/6/1767
f 2674/6/1767 2676/8/1766 2677/9/1768
f 2678/5/1769 2679/6/1769 2680/7/1769
f 2681/8/1770 2678/5/1770 2680/7/1770
f 2682/9/1771 2681/8/1771 2680/7/1771
f 2679/6/1772 2682/9/1772 2680/7/1772
f 2678/5/1773 2681/8/1774 2679/6/1774
f 2679/6/1774 2681/8/1774 2682/9/1775
f 2683/5/1776 2684/6/1776 2685/7/1776
f 2686/8/1777 2683/5/1777 2685/7/1777
f 2687/9/1778 2686/8/1778 2685/7/1778
f 2684/6/1779 2687/9/1779 2685/7/1779
f 2683/5/1780 2686/8/1781 2684/6/1781
f 2684/6/1781 2686/8/1781 2687/9/1781
f 2688/5/1782 2689/6/1782 2690/7/1782
f 2691/8/1783 2688/5/1783 2690/7/1783
f 2692/9/1784 2691/8/1784 2690/7/1784
f 2689/6/1785 2692/9/1785 2690/7/1785
f 2688/5/1786 2691/8/1787 2689/6/1788
f 2689/6/1788 2691/8/1787 2692/9/1789
f 2693/5/1790 2694/6/1790 2695/7/1790
f 2696/8/1791 2693/5/1791 2695/7/1791
f 2697/9/1792 2696/8/1792 2695/7/1792
f 2694/6/1793 2697/9/1793 2695/7/1793
f 2693/5/1794 2696/8/1795 2694/6/1796
f 2694/6/1796 2696/8/1795 2697/9/1797
f 2698/5/1798 2699/6/1798 2700/7/1798
f 2701/8/1799 2698/5/1799 2700/7/1799
f 2702/9/1800 2701/8/1800 2700/7/1800
f 2699/6/1801 2702/9/1801 2700/7/1801
f 2698/5/1802 2701/8/1803 2699/6/1803
f 2699/6/1803 2701/8/1803 2702/9/1804
f 2703/5/1805 2704/6/1805 2705/7/1805
f 2706/8/1806 2703/5/1806 2705/7/1806
f 2707/9/1807 2706/8/1807 2705/7/1807
f 2704/6/1808 2707/9/1808 2705/7/1808
f 2703/5/1809 2706/8/1810 2704/6/1810
f 2704/6/1810 2706/8/1810 2707/9/1811
f 2708/5/1812 2709/6/1812 2710/7/1812
f 2711/8/1813 2708/5/1813 2710/7/1813
f 2712/9/1814 2711/8/1814 2710/7/1814
f 2709/6/1815 2712/9/1815 2710/7/1815
f 2708/5/1816 2711/8/1817 2709/6/1817
f 2709/6/1817 2711/8/1817 2712/9/1817
f 2713/5/1818 2714/6/1818 2715/7/1818
f 2716/8/1819 2713/5/1819 2715/7/1819
f 2717/9/1820 2716/8/1820 2715/7/1820
f 2714/6/1821 2717/9/1821 2715/7/1821
f 2713/5/1822 2716/8/1823 2714/6/1824
f 2714/6/1824 2716/8/1823 2717/9/1825
f 2718/5/1826 2719/6/1826 2720/7/1826
f 2721/8/1827 2718/5/1827 2720/7/1827
f 2722/9/1828 2721/8/1828 2720/7/1828
f 2719/6/1829 2722/9/1829 2720/7/1829
f 2718/5/1830 2721/8/1831 2719/6/1832
f 2719/6/1832 2721/8/1831 2722/9/1833
f 2723/5/1834 2724/6/1834 2725/7/1834
f 2726/8/1835 2723/5/1835 2725/7/1835
f 2727/9/1836 2726/8/1836 2725/7/1836
f 2724/6/1837 2727/9/1837 2725/7/1837
f 2723/5/1838 2726/8/1839 2724/6/1822
f 2724/6/1822 2726/8/1839 2727/9/1840
f 2728/5/1841 2729/6/1841 2730/7/1841
f 2731/8/1842 2728/5/1842 2730/7/1842
f 2732/9/1843 2731/8/1843 2730/7/1843
f 2729/6/1844 2732/9/1844 2730/7/1844
f 2728/5/1830 2731/8/1845 2729/6/1845
f 2729/6/1845 2731/8/1845 2732/9/1846
f 2733/5/1847 2734/6/1847 2735/7/1847
f 2736/8/1848 2733/5/1848 2735/7/1848
f 2737/9/1849 2736/8/1849 2735/7/1849
f 2734/6/1850 2737/9/1850 2735/7/1850
f 2733/5/1851 2736/8/1852 2734/6/1853
f 2734/6/1853 2736/8/1852 2737/9/1854
f 2738/5/1855 2739/6/1855 2740/7/1855
f 2741/8/1856 2738/5/1856 2740/7/1856
f 2742/9/1857 2741/8/1857 2740/7/1857
f 2739/6/1858 2742/9/1858 2740/7/1858
f 2738/5/1859 2741/8/1860 2739/6/1861
f 2739/6/1861 2741/8/1860 2742/9/1862
f 2743/5/1863 2744/6/1863 2745/7/1863
f 2746/8/1864 2743/5/1864 2745/7/1864
f 2747/9/1865 2746/8/1865 2745/7/1865
f 2744/6/1866 2747/9/1866 2745/7/1866
f 2743/5/1867 2746/8/1867 2744/6/1867
f 2744/6/1867 2746/8/1867 2747/9/1868
f 2748/5/1869 2749/6/1869 2750/7/1869
f 2751/8/1870 2748/5/1870 2750/7/1870
f 2752/9/1871 2751/8/1871 2750/7/1871
f 2749/6/1872 2752/9/1872 2750/7/1872
f 2748/5/1873 2751/8/1874 2749/6/1874
f 2749/6/1874 2751/8/1874 2752/9/1875
f 2753/5/1876 2754/6/1876 2755/7/1876
f 2756/8/1877 2753/5/1877 2755/7/1877
f 2757/9/1878 2756/8/1878 2755/7/1878
f 2754/6/1879 2757/9/1879 2755/7/1879
f 2753/5/1880 2756/8/1881 2754/6/1882
f 2754/6/1882 2756/8/1881 2757/9/1883
f 2758/5/1884 2759/6/1884 2760/7/1884
f 2761/8/1885 2758/5/1885 2760/7/1885
f 2762/9/1886 2761/8/1886 2760/7/1886
f 2759/6/1887 2762/9/1887 2760/7/1887
f 2758/5/1888 2761/8/1889 2759/6/1889
f 2759/6/1889 2761/8/1889 2762/9/1890
f 2763/5/1891 2764/6/1891 2765/7/1891
f 2766/8/1892 2763/5/1892 2765/7/1892
f 2767/9/1893 2766/8/1893 2765/7/1893
f 2764/6/1894 2767/9/1894 2765/7/1894
f 2763/5/1895 2766/8/1896 2764/6/1897
f 2764/6/1897 2766/8/1896 2767/9/1898
f 2768/5/1899 2769/6/1899 2770/7/1899
f 2771/8/1900 2768/5/1900 2770/7/1900
f 2772/9/1901 2771/8/1901 2770/7/1901
f 2769/6/1902 2772/9/1902 2770/7/1902
f 2768/5/1903 2771/8/1904 2769/6/1905
f 2769/6/1905 2771/8/1904 2772/9/1906
f 2773/5/1907 2774/6/1907 2775/7/1907
f 2776/8/1908 2773/5/1908 2775/7/1908
f 2777/9/1909 2776/8/1909 2775/7/1909
f 2774/6/1910 2777/9/1910 2775/7/1910
f 2773/5/1911 2776/8/1912 2774/6/1912
f 2774/6/1912 2776/8/1912 2777/9/1913
f 2778/5/1914 2779/6/1914 2780/7/1914
f 2781/8/1915 2778/5/1915 2780/7/1915
f 2782/9/1916 2781/8/1916 2780/7/1916
f 2779/6/1917 2782/9/1917 2780/7/1917
f 2778/5/1918 2781/8/1919 2779/6/1920
f 2779/6/1920 2781/8/1919 2782/9/1921
f 2783/5/1922 2784/6/1922 2785/7/1922
f 2786/8/1923 2783/5/1923 2785/7/1923
f 2787/9/1924 2786/8/1924 2785/7/1924
f 2784/6/1925 2787/9/1925 2785/7/1925
f 2783/5/1926 2786/8/1927 2784/6/1928
f 2784/6/1928 2786/8/1927 2787/9/1929
f 2788/5/1930 2789/6/1930 2790/7/1930
f 2791/8/1931 2788/5/1931 2790/7/1931
f 2792/9/1932 2791/8/1932 2790/7/1932
f 2789/6/1933 2792/9/1933 2790/7/1933
f 2788/5/1934 2791/8/1935 2789/6/1936
f 2789/6/1936 2791/8/1935 2792/9/1937
f 2793/5/1938 2794/6/1938 2795/7/1938
f 2796/8/1939 2793/5/1939 2795/7/1939
f 2797/9/1940 2796/8/1940 2795/7/1940
f 2794/6/1941 2797/9/1941 2795/7/1941
f 2793/5/1942 2796/8/1943 2794/6/1944
f 2794/6/1944 2796/8/1943 2797/9/1945
f 2798/5/1946 2799/6/1946 2800/7/1946
f 2801/8/1947 2798/5/1947 2800/7/1947
f 2802/9/1948 2801/8/1948 2800/7/1948
f 2799/6/1949 2802/9/1949 2800/7/1949
f 2798/5/1950 2801/8/1951 2799/6/1952
f 2799/6/1952 2801/8/1951 2802/9/1953
f 2803/5/1954 2804/6/1954 2805/7/1954
f 2806/8/1955 2803/5/1955 2805/7/1955
f 2807/9/1956 2806/8/1956 2805/7/1956
f 2804/6/1957 2807/9/1957 2805/7/1957
f 2803/5/1958 2806/8/1959 2804/6/1959
f 2804/6/1959 2806/8/1959 2807/9/1960
f 2808/5/1961 2809/6/1961 2810/7/1961
f 2811/8/1962 2808/5/1962 2810/7/1962
f 2812/9/1963 2811/8/1963 2810/7/1963
f 2809/6/1964 2812/9/1964 2810/7/1964
f 2808/5/1965 2811/8/1966 2809/6/1967
f 2809/6/1967 2811/8/1966 2812/9/1968
f 2813/5/1969 2814/6/1969 2815/7/1969
f 2816/8/1970 2813/5/1970 2815/7/1970
f 2817/9/1971 2816/8/1971 2815/7/1971
f 2814/6/1972 2817/9/1972 2815/7/1972
f 2813/5/1973 2816/8/1974 2814/6/1974
f 2814/6/1974 2816/8/1974 2817/9/1975
f 2818/5/1976 2819/6/1976 2820/7/1976
f 2821/8/1977 2818/5/1977 2820/7/1977
f 2822/9/1978 2821/8/1978 2820/7/1978
f 2819/6/1979 2822/9/1979 2820/7/1979
f 2818/5/1980 2821/8/1981 2819/6/1982
f 2819/6/1982 2821/8/1981 2822/9/1983
f 2823/5/1984 2824/6/1984 2825/7/1984
f 2826/8/1985 2823/5/1985 2825/7/1985
f 2827/9/1986 2826/8/1986 2825/7/1986
f 2824/6/1987 2827/9/1987 2825/7/1987
f 2823/5/1988 2826/8/1989 2824/6/1990
f 2824/6/1990 2826/8/1989 2827/9/1991
f 2828/5/1992 2829/6/1992 2830/7/1992
f 2831/8/1993 2828/5/1993 2830/7/1993
f 2832/9/1994 2831/8/1994 2830/7/1994
f 2829/6/1995 2832/9/1995 2830/7/1995
f 2828/5/1996 2831/8/1997 2829/6/1997
f 2829/6/1997 2831/8/1997 2832/9/1998
f 2833/5/1999 2834/6/1999 2835/7/1999
f 2836/8/2000 2833/5/2000 2835/7/2000
f 2837/9/2001 2836/8/2001 2835/7/2001
f 2834/6/2002 2837/9/2002 2835/7/2002
f 2833/5/2003 2836/8/2003 2834/6/2003
f 2834/6/2003 2836/8/2003 2837/9/2004
f 2838/5/2005 2839/6/2005 2840/7/2005
f 2841/8/2006 2838/5/2006 2840/7/2006
f 2842/9/2007 2841/8/2007 2840/7/2007
f 2839/6/2008 2842/9/2008 2840/7/2008
f 2838/5/2009 2841/8/2009 2839/6/2009
f 2839/6/2009 2841/8/2009 2842/9/2010
f 2843/5/2011 2844/6/2011 2845/7/2011
f 2846/8/2012 2843/5/2012 2845/7/2012
f 2847/9/2013 2846/8/2013 2845/7/2013
f 2844/6/2014 2847/9/2014 2845/7/2014
f 2843/5/2015 2846/8/2016 2844/6/2016
f 2844/6/2016 2846/8/2016 2847/9/2017
f 2848/5/2018 2849/6/2018 2850/7/2018
f 2851/8/2019 2848/5/2019 2850/7/2019
f 2852/9/2020 2851/8/2020 2850/7/2020
f 2849/6/2021 2852/9/2021 2850/7/2021
f 2848/5/2022 2851/8/2023 2849/6/2023
f 2849/6/2023 2851/8/2023 2852/9/2024
f 2853/5/2025 2854/6/2025 2855/7/2025
f 2856/8/2026 2853/5/2026 2855/7/2026
f 2857/9/2027 2856/8/2027 2855/7/2027
f 2854/6/2028 2857/9/2028 2855/7/2028
f 2853/5/2029 2856/8/2030 2854/6/2030
f 2854/6/2030 2856/8/2030 2857/9/2031
f 2858/5/2032 2859/6/2032 2860/7/2032
f 2861/8/2033 2858/5/2033 2860/7/2033
f 2862/9/2034 2861/8/2034 2860/7/2034
f 2859/6/2035 2862/9/2035 2860/7/2035
f 2858/5/2036 2861/8/2037 2859/6/2038
f 2859/6/2038 2861/8/2037 2862/9/2039
f 2863/5/2040 2864/6/2040 2865/7/2040
f 2866/8/2041 2863/5/2041 2865/7/2041
f 2867/9/2042 2866/8/2042 2865/7/2042
f 2864/6/2043 2867/9/2043 2865/7/2043
f 2863/5/2044 2866/8/2045 2864/6/2045
f 2864/6/2045 2866/8/2045 2867/9/2046
f 2868/5/2047 2869/6/2047 2870/7/2047
f 2871/8/2048 2868/5/2048 2870/7/2048
f 2872/9/2049 2871/8/2049 2870/7/2049
f 2869/6/2050 2872/9/2050 2870/7/2050
f 2868/5/2051 2871/8/2052 2869/6/2053
f 2869/6/2053 2871/8/2052 2872/9/2054
f 2873/5/2055 2874/6/2055 2875/7/2055
f 2876/8/2056 2873/5/2056 2875/7/2056
f 2877/9/2057 2876/8/2057 2875/7/2057
f 2874/6/2058 2877/9/2058 2875/7/2058
f 2873/5/2059 2876/8/2060 2874/6/2060
f 2874/6/2060 2876/8/2060 2877/9/2061
f 2878/5/2062 2879/6/2062 2880/7/2062
f 2881/8/2063 2878/5/2063 2880/7/2063
f 2882/9/2064 2881/8/2064 2880/7/2064
f 2879/6/2065 2882/9/2065 2880/7/2065
f 2878/5/2066 2881/8/2067 2879/6/2067
f 2879/6/2067 2881/8/2067 2882/9/2068
f 2883/5/2069 2884/6/2069 2885/7/2069
f 2886/8/2070 2883/5/2070 2885/7/2070
f 2887/9/2071 2886/8/2071 2885/7/2071
f 2884/6/2072 2887/9/2072 2885/7/2072
f 2883/5/2073 2886/8/2074 2884/6/2074
f 2884/6/2074 2886/8/2074 2887/9/2075
f 2888/5/2076 2889/6/2076 2890/7/2076
f 2891/8/2077 2888/5/2077 2890/7/2077
f 2892/9/2078 2891/8/2078 2890/7/2078
f 2889/6/2079 2892/9/2079 2890/7/2079
f 2888/5/2080 2891/8/2081 2889/6/2082
f 2889/6/2082 2891/8/2081 2892/9/2083
f 2893/5/2084 2894/6/2084 2895/7/2084
f 2896/8/2085 2893/5/2085 2895/7/2085
f 2897/9/2086 2896/8/2086 2895/7/2086
f 2894/6/2087 2897/9/2087 2895/7/2087
f 2893/5/2088 2896/8/2089 2894/6/2089
f 2894/6/2089 2896/8/2089 2897/9/2090
f 2898/5/2091 2899/6/2091 2900/7/2091
f 2901/8/2092 2898/5/2092 2900/7/2092
f 2902/9/2093 2901/8/2093 2900/7/2093
f 2899/6/2094 2902/9/2094 2900/7/2094
f 2898/5/2095 2901/8/2096 2899/6/2096
f 2899/6/2096 2901/8/2096 2902/9/2097
f 2903/5/2098 2904/6/2098 2905/7/2098
f 2906/8/2099 2903/5/2099 2905/7/2099
f 2907/9/2100 2906/8/2100 2905/7/2100
f 2904/6/2101 2907/9/2101 2905/7/2101
f 2903/5/2102 2906/8/2103 2904/6/2103
f 2904/6/2103 2906/8/2103 2907/9/2104
f 2908/5/2105 2909/6/2105 2910/7/2105
f 2911/8/2106 2908/5/2106 2910/7/2106
f 2912/9/2107 2911/8/2107 2910/7/2107
f 2909/6/2108 2912/9/2108 2910/7/2108
f 2908/5/2109 2911/8/2110 2909/6/2110
f 2909/6/2110 2911/8/2110 2912/9/2111
f 2913/5/2112 2914/6/2112 2915/7/2112
f 2916/8/2113 2913/5/2113 2915/7/2113
f 2917/9/2114 2916/8/2114 2915/7/2114
f 2914/6/2115 2917/9/2115 2915/7/2115
f 2913/5/2116 2916/8/2117 2914/6/2118
f 2914/6/2118 2916/8/2117 2917/9/2119
f 2918/5/2120 2919/6/2120 2920/7/2120
f 2921/8/2121 2918/5/2121 2920/7/2121
f 2922/9/2122 2921/8/2122 2920/7/2122
f 2919/6/2123 2922/9/2123 2920/7/2123
f 2918/5/2124 2921/8/2125 2919/6/2126
f 2919/6/2126 2921/8/2125 2922/9/2127
f 2923/5/2128 2924/6/2128 2925/7/2128
f 2926/8/2129 2923/5/2129 2925/7/2129
f 2927/9/2130 2926/8/2130 2925/7/2130
f 2924/6/2131 2927/9/2131 2925/7/2131
f 2923/5/2044 2926/8/2132 2924/6/2133
f 2924/6/2133 2926/8/2132 2927/9/2117
f 2928/5/2134 2929/6/2134 2930/7/2134
f 2931/8/2135 2928/5/2135 2930/7/2135
f 2932/9/2136 2931/8/2136 2930/7/2136
f 2929/6/2137 2932/9/2137 2930/7/2137
f 2928/5/2138 2931/8/2139 2929/6/2140
f 2929/6/2140 2931/8/2139 2932/9/2141
f 2933/5/2142 2934/6/2142 2935/7/2142
f 2936/8/2143 2933/5/2143 2935/7/2143
f 2937/9/2144 2936/8/2144 2935/7/2144
f 2934/6/2145 2937/9/2145 2935/7/2145
f 2933/5/2146 2936/8/2147 2934/6/2147
f 2934/6/2147 2936/8/2147 2937/9/2148
f 2938/5/2149 2939/6/2149 2940/7/2149
f 2941/8/2150 2938/5/2150 2940/7/2150
f 2942/9/2151 2941/8/2151 2940/7/2151
f 2939/6/2152 2942/9/2152 2940/7/2152
f 2938/5/2153 2941/8/2154 2939/6/2155
f 2939/6/2155 2941/8/2154 2942/9/2156
f 2943/5/2157 2944/6/2157 2945/7/2157
f 2946/8/2158 2943/5/2158 2945/7/2158
f 2947/9/2159 2946/8/2159 2945/7/2159
f 2944/6/2115 2947/9/2115 2945/7/2115
f 2943/5/2160 2946/8/2118 2944/6/2161
f 2944/6/2161 2946/8/2118 2947/9/2117
f 2948/5/2162 2949/6/2162 2950/7/2162
f 2951/8/2163 2948/5/2163 2950/7/2163
f 2952/9/2164 2951/8/2164 2950/7/2164
f 2949/6/2165 2952/9/2165 2950/7/2165
f 2948/5/2166 2951/8/2167 2949/6/2167
f 2949/6/2167 2951/8/2167 2952/9/2168
f 2953/5/2169 2954/6/2169 2955/7/2169
f 2956/8/2170 2953/5/2170 2955/7/2170
f 2957/9/2171 2956/8/2171 2955/7/2171
f 2954/6/2172 2957/9/2172 2955/7/2172
f 2953/5/2173 2956/8/2174 2954/6/2174
f 2954/6/2174 2956/8/2174 2957/9/2175
f 2958/5/2176 2959/6/2176 2960/7/2176
f 2961/8/2177 2958/5/2177 2960/7/2177
f 2962/9/2178 2961/8/2178 2960/7/2178
f 2959/6/2179 2962/9/2179 2960/7/2179
f 2958/5/2180 2961/8/2181 2959/6/2181
f 2959/6/2181 2961/8/2181 2962/9/2182
f 2963/5/2183 2964/6/2183 2965/7/2183
f 2966/8/2184 2963/5/2184 2965/7/2184
f 2967/9/2185 2966/8/2185 2965/7/2185
f 2964/6/2186 2967/9/2186 2965/7/2186
f 2963/5/2102 2966/8/2187 2964/6/2188
f 2964/6/2188 2966/8/2187 2967/9/2189
f 2968/5/2190 2969/6/2190 2970/7/2190
f 2971/8/2191 2968/5/2191 2970/7/2191
f 2972/9/2192 2971/8/2192 2970/7/2192
f 2969/6/2193 2972/9/2193 2970/7/2193
f 2968/5/2194 2971/8/2195 2969/6/2195
f 2969/6/2195 2971/8/2195 2972/9/2196
f 2973/5/2197 2974/6/2197 2975/7/2197
f 2976/8/2198 2973/5/2198 2975/7/2198
f 2977/9/2199 2976/8/2199 2975/7/2199
f 2974/6/2172 2977/9/2172 2975/7/2172
f 2973/5/2200 2976/8/2201 2974/6/2201
f 2974/6/2201 2976/8/2201 2977/9/2202
f 2978/5/2203 2979/6/2203 2980/7/2203
f 2981/8/2204 2978/5/2204 2980/7/2204
f 2982/9/2205 2981/8/2205 2980/7/2205
f 2979/6/2206 2982/9/2206 2980/7/2206
f 2978/5/2207 2981/8/2208 2979/6/2208
f 2979/6/2208 2981/8/2208 2982/9/2209
f 2983/5/2210 2984/6/2210 2985/7/2210
f 2986/8/2211 2983/5/2211 2985/7/2211
f 2987/9/2212 2986/8/2212 2985/7/2212
f 2984/6/2213 2987/9/2213 2985/7/2213
f 2983/5/2214 2986/8/2215 2984/6/2216
f 2984/6/2216 2986/8/2215 2987/9/2217
f 2988/5/2218 2989/6/2218 2990/7/2218
f 2991/8/2219 2988/5/2219 2990/7/2219
f 2992/9/2220 2991/8/2220 2990/7/2220
f 2989/6/2221 2992/9/2221 2990/7/2221
f 2988/5/2222 2991/8/2223 2989/6/2223
f 2989/6/2223 2991/8/2223 2992/9/2224
f 2993/5/2225 2994/6/2225 2995/7/2225
f 2996/8/2226 2993/5/2226 2995/7/2226
f 2997/9/2227 2996/8/2227 2995/7/2227
f 2994/6/2228 2997/9/2228 2995/7/2228
f 2993/5/2229 2996/8/2230 2994/6/2230
f 2994/6/2230 2996/8/2230 2997/9/2231
f 2998/5/2232 2999/6/2232 3000/7/2232
f 3001/8/2233 2998/5/2233 3000/7/2233
f 3002/9/2234 3001/8/2234 3000/7/2234
f 2999/6/2235 3002/9/2235 3000/7/2235
f 2998/5/2236 3001/8/2237 2999/6/2238
f 2999/6/2238 3001/8/2237 3002/9/2239
f 3003/5/2240 3004/6/2240 3005/7/2240
f 3006/8/2241 3003/5/2241 3005/7/2241
f 3007/9/2242 3006/8/2242 3005/7/2242
f 3004/6/2243 3007/9/2243 3005/7/2243
f 3003/5/2244 3006/8/2245 3004/6/2246
f 3004/6/2246 3006/8/2245 3007/9/2247
f 3008/5/2248 3009/6/2248 3010/7/2248
f 3011/8/2249 3008/5/2249 3010/7/2249
f 3012/9/2250 3011/8/2250 3010/7/2250
f 3009/6/2251 3012/9/2251 3010/7/2251
f 3008/5/2252 3011/8/2253 3009/6/2253
f 3009/6/2253 3011/8/2253 3012/9/2254
f 3013/5/2255 3014/6/2255 3015/7/2255
f 3016/8/2256 3013/5/2256 3015/7/2256
f 3017/9/2257 3016/8/2257 3015/7/2257
f 3014/6/2258 3017/9/2258 3015/7/2258
f 3013/5/2259 3016/8/2260 3014/6/2260
f 3014/6/2260 3016/8/2260 3017/9/2261
f 3018/5/2262 3019/6/2262 3020/7/2262
f 3021/8/2263 3018/5/2263 3020/7/2263
f 3022/9/2264 3021/8/2264 3020/7/2264
f 3019/6/2265 3022/9/2265 3020/7/2265
f 3018/5/2266 3021/8/2267 3019/6/2267
f 3019/6/2267 3021/8/2267 3022/9/2267
f 3023/5/2268 3024/6/2268 3025/7/2268
f 3026/8/2269 3023/5/2269 3025/7/2269
f 3027/9/2270 3026/8/2270 3025/7/2270
f 3024/6/2271 3027/9/2271 3025/7/2271
f 3023/5/2272 3026/8/2273 3024/6/2274
f 3024/6/2274 3026/8/2273 3027/9/2275
f 3028/5/2276 3029/6/2276 3030/7/2276
f 3031/8/2277 3028/5/2277 3030/7/2277
f 3032/9/2278 3031/8/2278 3030/7/2278
f 3029/6/2279 3032/9/2279 3030/7/2279
f 3028/5/2280 3031/8/2281 3029/6/2282
f 3029/6/2282 3031/8/2281 3032/9/2283
f 3033/5/2284 3034/6/2284 3035/7/2284
f 3036/8/2285 3033/5/2285 3035/7/2285
f 3037/9/2286 3036/8/2286 3035/7/2286
f 3034/6/2287 3037/9/2287 3035/7/2287
f 3033/5/2288 3036/8/2289 3034/6/2290
f 3034/6/2290 3036/8/2289 3037/9/2291
f 3038/5/2292 3039/6/2292 3040/7/2292
f 3041/8/2293 3038/5/2293 3040/7/2293
f 3042/9/2294 3041/8/2294 3040/7/2294
f 3039/6/2295 3042/9/2295 3040/7/2295
f 3038/5/2296 3041/8/2297 3039/6/2298
f 3039/6/2298 3041/8/2297 3042/9/2299
f 3043/5/2300 3044/6/2300 3045/7/2300
f 3046/8/2301 3043/5/2301 3045/7/2301
f 3047/9/2302 3046/8/2302 3045/7/2302
f 3044/6/2303 3047/9/2303 3045/7/2303
f 3043/5/2304 3046/8/2305 3044/6/2306
f 3044/6/2306 3046/8/2305 3047/9/2307
f 3048/5/2308 3049/6/2308 3050/7/2308
f 3051/8/2309 3048/5/2309 3050/7/2309
f 3052/9/2310 3051/8/2310 3050/7/2310
f 3049/6/2311 3052/9/2311 3050/7/2311
f 3048/5/2312 3051/8/2313 3049/6/2313
f 3049/6/2313 3051/8/2313 3052/9/2314
f 3053/5/2315 3054/6/2315 3055/7/2315
f 3056/8/2316 3053/5/2316 3055/7/2316
f 3057/9/2317 3056/8/2317 3055/7/2317
f 3054/6/2318 3057/9/2318 3055/7/2318
f 3053/5/2319 3056/8/2320 3054/6/2320
f 3054/6/2320 3056/8/2320 3057/9/2321
f 3058/5/2322 3059/6/2322 3060/7/2322
f 3061/8/2323 3058/5/2323 3060/7/2323
f 3062/9/2324 3061/8/2324 3060/7/2324
f 3059/6/2325 3062/9/2325 3060/7/2325
f 3058/5/2326 3061/8/2327 3059/6/2327
f 3059/6/2327 3061/8/2327 3062/9/2327
f 3063/5/2328 3064/6/2328 3065/7/2328
f 3066/8/2329 3063/5/2329 3065/7/2329
f 3067/9/2330 3066/8/2330 3065/7/2330
f 3064/6/2331 3067/9/2331 3065/7/2331
f 3063/5/2332 3066/8/2333 3064/6/2334
f 3064/6/2334 3066/8/2333 3067/9/2335
f 3068/5/2336 3069/6/2336 3070/7/2336
f 3071/8/2337 3068/5/2337 3070/7/2337
f 3072/9/2338 3071/8/2338 3070/7/2338
f 3069/6/2339 3072/9/2339 3070/7/2339
f 3068/5/2340 3071/8/2341 3069/6/2341
f 3069/6/2341 3071/8/2341 3072/9/2139
f 3073/5/2342 3074/6/2342 3075/7/2342
f 3076/8/2343 3073/5/2343 3075/7/2343
f 3077/9/2344 3076/8/2344 3075/7/2344
f 3074/6/2345 3077/9/2345 3075/7/2345
f 3073/5/2346 3076/8/2347 3074/6/2348
f 3074/6/2348 3076/8/2347 3077/9/2349
f 3078/5/2350 3079/6/2350 3080/7/2350
f 3081/8/2351 3078/5/2351 3080/7/2351
f 3082/9/2352 3081/8/2352 3080/7/2352
f 3079/6/2353 3082/9/2353 3080/7/2353
f 3078/5/2354 3081/8/2355 3079/6/2356
f 3079/6/2356 3081/8/2355 3082/9/2357
f 3083/5/2358 3084/6/2358 3085/7/2358
f 3086/8/2359 3083/5/2359 3085/7/2359
f 3087/9/2360 3086/8/2360 3085/7/2360
f 3084/6/2361 3087/9/2361 3085/7/2361
f 3083/5/2362 3086/8/2363 3084/6/2363
f 3084/6/2363 3086/8/2363 3087/9/2364
f 3088/5/2365 3089/6/2365 3090/7/2365
f 3091/8/2366 3088/5/2366 3090/7/2366
f 3092/9/2367 3091/8/2367 3090/7/2367
f 3089/6/2368 3092/9/2368 3090/7/2368
f 3088/5/2369 3091/8/2370 3089/6/2370
f 3089/6/2370 3091/8/2370 3092/9/2371
f 3093/5/2372 3094/6/2372 3095/7/2372
f 3096/8/2373 3093/5/2373 3095/7/2373
f 3097/9/2374 3096/8/2374 3095/7/2374
f 3094/6/2375 3097/9/2375 3095/7/2375
f 3093/5/2376 3096/8/2377 3094/6/2377
f 3094/6/2377 3096/8/2377 3097/9/2378
f 3098/5/2379 3099/6/2379 3100/7/2379
f 3101/8/2380 3098/5/2380 3100/7/2380
f 3102/9/2381 3101/8/2381 3100/7/2381
f 3099/6/2382 3102/9/2382 3100/7/2382
f 3098/5/2383 3101/8/2384 3099/6/2385
f 3099/6/2385 3101/8/2384 3102/9/2386
f 3103/5/2387 3104/6/2387 3105/7/2387
f 3106/8/2388 3103/5/2388 3105/7/2388
f 3107/9/2389 3106/8/2389 3105/7/2389
f 3104/6/2390 3107/9/2390 3105/7/2390
f 3103/5/2391 3106/8/2392 3104/6/2393
f 3104/6/2393 3106/8/2392 3107/9/2394
f 3108/5/2395 3109/6/2395 3110/7/2395
f 3111/8/2396 3108/5/2396 3110/7/2396
f 3112/9/2397 3111/8/2397 3110/7/2397
f 3109/6/2398 3112/9/2398 3110/7/2398
f 3108/5/2399 3111/8/2400 3109/6/2401
f 3109/6/2401 3111/8/2400 3112/9/2402
f 3113/5/2403 3114/6/2403 3115/7/2403
f 3116/8/2404 3113/5/2404 3115/7/2404
f 3117/9/2405 3116/8/2405 3115/7/2405
f 3114/6/2406 3117/9/2406 3115/7/2406
f 3113/5/2407 3116/8/2408 3114/6/2409
f 3114/6/2409 3116/8/2408 3117/9/2410
f 3118/5/2411 3119/6/2411 3120/7/2411
f 3121/8/2412 3118/5/2412 3120/7/2412
f 3122/9/2413 3121/8/2413 3120/7/2413
f 3119/6/2414 3122/9/2414 3120/7/2414
f 3118/5/2415 3121/8/2416 3119/6/2417
f 3119/6/2417 3121/8/2416 3122/9/2418
f 3123/5/2419 3124/6/2419 3125/7/2419
f 3126/8/2420 3123/5/2420 3125/7/2420
f 3127/9/2421 3126/8/2421 3125/7/2421
f 3124/6/2422 3127/9/2422 3125/7/2422
f 3123/5/2102 3126/8/2200 3124/6/2200
f 3124/6/2200 3126/8/2200 3127/9/2423
f 3128/5/2424 3129/6/2424 3130/7/2424
f 3131/8/2425 3128/5/2425 3130/7/2425
f 3132/9/2426 3131/8/2426 3130/7/2426
f 3129/6/2427 3132/9/2427 3130/7/2427
f 3128/5/2180 3131/8/2428 3129/6/2428
f 3129/6/2428 3131/8/2428 3132/9/2429
f 3133/5/2430 3134/6/2430 3135/7/2430
f 3136/8/2431 3133/5/2431 3135/7/2431
f 3137/9/2432 3136/8/2432 3135/7/2432
f 3134/6/2433 3137/9/2433 3135/7/2433
f 3133/5/2434 3136/8/2435 3134/6/2435
f 3134/6/2435 3136/8/2435 3137/9/2436
f 3138/5/2437 3139/6/2437 3140/7/2437
f 3141/8/2438 3138/5/2438 3140/7/2438
f 3142/9/2439 3141/8/2439 3140/7/2439
f 3139/6/2440 3142/9/2440 3140/7/2440
f 3138/5/2441 3141/8/2442 3139/6/2442
f 3139/6/2442 3141/8/2442 3142/9/2443
f 3143/5/2444 3144/6/2444 3145/7/2444
f 3146/8/2445 3143/5/2445 3145/7/2445
f 3147/9/2446 3146/8/2446 3145/7/2446
f 3144/6/2447 3147/9/2447 3145/7/2447
f 3143/5/2448 3146/8/2449 3144/6/2450
f 3144/6/2450 3146/8/2449 3147/9/2451
f 3148/5/2452 3149/6/2452 3150/7/2452
f 3151/8/2453 3148/5/2453 3150/7/2453
f 3152/9/2454 3151/8/2454 3150/7/2454
f 3149/6/2455 3152/9/2455 3150/7/2455
f 3148/5/2456 3151/8/2457 3149/6/2458
f 3149/6/2458 3151/8/2457 3152/9/2459
f 3153/5/2460 3154/6/2460 3155/7/2460
f 3156/8/2461 3153/5/2461 3155/7/2461
f 3157/9/2462 3156/8/2462 3155/7/2462
f 3154/6/2463 3157/9/2463 3155/7/2463
f 3153/5/2464 3156/8/2465 3154/6/2465
f 3154/6/2465 3156/8/2465 3157/9/2466
f 3158/5/2467 3159/6/2467 3160/7/2467
f 3161/8/2468 3158/5/2468 3160/7/2468
f 3162/9/2469 3161/8/2469 3160/7/2469
f 3159/6/2470 3162/9/2470 3160/7/2470
f 3158/5/2471 3161/8/2472 3159/6/2472
f 3159/6/2472 3161/8/2472 3162/9/2473
f 3163/5/2474 3164/6/2474 3165/7/2474
f 3166/8/2475 3163/5/2475 3165/7/2475
f 3167/9/2476 3166/8/2476 3165/7/2476
f 3164/6/2477 3167/9/2477 3165/7/2477
f 3163/5/2478 3166/8/2479 3164/6/2480
f 3164/6/2480 3166/8/2479 3167/9/2481
f 3168/5/2482 3169/6/2482 3170/7/2482
f 3171/8/2483 3168/5/2483 3170/7/2483
f 3172/9/2484 3171/8/2484 3170/7/2484
f 3169/6/2485 3172/9/2485 3170/7/2485
f 3168/5/2369 3171/8/2486 3169/6/2487
f 3169/6/2487 3171/8/2486 3172/9/2488
f 3173/5/2489 3174/6/2489 3175/7/2489
f 3176/8/2490 3173/5/2490 3175/7/2490
f 3177/9/2491 3176/8/2491 3175/7/2491
f 3174/6/2492 3177/9/2492 3175/7/2492
f 3173/5/2493 3176/8/2494 3174/6/2494
f 3174/6/2494 3176/8/2494 3177/9/2495
f 3178/5/2496 3179/6/2496 3180/7/2496
f 3181/8/2497 3178/5/2497 3180/7/2497
f 3182/9/2498 3181/8/2498 3180/7/2498
f 3179/6/2499 3182/9/2499 3180/7/2499
f 3178/5/2500 3181/8/2501 3179/6/2501
f 3179/6/2501 3181/8/2501 3182/9/2502
f 3183/5/2503 3184/6/2503 3185/7/2503
f 3186/8/2504 3183/5/2504 3185/7/2504
f 3187/9/2505 3186/8/2505 3185/7/2505
f 3184/6/2506 3187/9/2506 3185/7/2506
f 3183/5/2507 3186/8/2508 3184/6/2509
f 3184/6/2509 3186/8/2508 3187/9/2510
f 3188/5/2511 3189/6/2511 3190/7/2511
f 3191/8/2512 3188/5/2512 3190/7/2512
f 3192/9/2513 3191/8/2513 3190/7/2513
f 3189/6/2514 3192/9/2514 3190/7/2514
f 3188/5/2515 3191/8/2516 3189/6/2517
f 3189/6/2517 3191/8/2516 3192/9/2518
f 3193/5/2519 3194/6/2519 3195/7/2519
f 3196/8/2520 3193/5/2520 3195/7/2520
f 3197/9/2521 3196/8/2521 3195/7/2521
f 3194/6/2522 3197/9/2522 3195/7/2522
f 3193/5/2523 3196/8/2524 3194/6/2524
f 3194/6/2524 3196/8/2524 3197/9/2525
f 3198/5/2526 3199/6/2526 3200/7/2526
f 3201/8/2527 3198/5/2527 3200/7/2527
f 3202/9/2528 3201/8/2528 3200/7/2528
f 3199/6/2529 3202/9/2529 3200/7/2529
f 3198/5/2530 3201/8/2531 3199/6/2531
f 3199/6/2531 3201/8/2531 3202/9/2532
f 3203/5/2533 3204/6/2533 3205/7/2533
f 3206/8/2534 3203/5/2534 3205/7/2534
f 3207/9/2535 3206/8/2535 3205/7/2535
f 3204/6/2536 3207/9/2536 3205/7/2536
f 3203/5/2537 3206/8/2538 3204/6/2539
f 3204/6/2539 3206/8/2538 3207/9/2540
f 3208/5/2541 3209/6/2541 3210/7/2541
f 3211/8/2542 3208/5/2542 3210/7/2542
f 3212/9/2543 3211/8/2543 3210/7/2543
f 3209/6/2544 3212/9/2544 3210/7/2544
f 3208/5/2545 3211/8/2546 3209/6/2546
f 3209/6/2546 3211/8/2546 3212/9/2547
f 3213/5/2548 3214/6/2548 3215/7/2548
f 3216/8/2549 3213/5/2549 3215/7/2549
f 3217/9/2550 3216/8/2550 3215/7/2550
f 3214/6/2551 3217/9/2551 3215/7/2551
f 3213/5/2552 3216/8/2553 3214/6/2554
f 3214/6/2554 3216/8/2553 3217/9/2555
f 3218/5/2556 3219/6/2556 3220/7/2556
f 3221/8/2557 3218/5/2557 3220/7/2557
f 3222/9/2558 3221/8/2558 3220/7/2558
f 3219/6/2559 3222/9/2559 3220/7/2559
f 3218/5/2560 3221/8/2561 3219/6/2561
f 3219/6/2561 3221/8/2561 3222/9/2562
f 3223/5/2563 3224/6/2563 3225/7/2563
f 3226/8/2564 3223/5/2564 3225/7/2564
f 3227/9/2565 3226/8/2565 3225/7/2565
f 3224/6/2566 3227/9/2566 3225/7/2566
f 3223/5/2567 3226/8/2568 3224/6/2569
f 3224/6/2569 3226/8/2568 3227/9/2570
f 3228/5/2571 3229/6/2571 3230/7/2571
f 3231/8/2572 3228/5/2572 3230/7/2572
f 3232/9/2573 3231/8/2573 3230/7/2573
f 3229/6/2574 3232/9/2574 3230/7/2574
f 3228/5/2575 3231/8/2576 3229/6/2576
f 3229/6/2576 3231/8/2576 3232/9/2577
f 3233/5/2578 3234/6/2578 3235/7/2578
f 3236/8/2579 3233/5/2579 3235/7/2579
f 3237/9/2580 3236/8/2580 3235/7/2580
f 3234/6/2581 3237/9/2582 3235/7/2582
f 3233/5/2583 3236/8/2584 3234/6/2585
f 3234/6/2585 3236/8/2584 3237/9/2586
f 3238/5/2587 3239/6/2587 3240/7/2587
f 3241/8/2588 3238/5/2588 3240/7/2588
f 3242/9/2589 3241/8/2589 3240/7/2589
f 3239/6/2590 3242/9/2590 3240/7/2590
f 3238/5/2591 3241/8/2592 3239/6/2593
f 3239/6/2593 3241/8/2592 3242/9/2594
f 3243/5/2595 3244/6/2595 3245/7/2595
f 3246/8/2596 3243/5/2596 3245/7/2596
f 3247/9/2597 3246/8/2597 3245/7/2597
f 3244/6/2598 3247/9/2598 3245/7/2598
f 3243/5/2599 3246/8/2600 3244/6/2600
f 3244/6/2600 3246/8/2600 3247/9/2601
f 3248/5/2602 3249/6/2602 3250/7/2602
f 3251/8/2603 3248/5/2603 3250/7/2603
f 3252/9/2604 3251/8/2604 3250/7/2604
f 3249/6/2605 3252/9/2605 3250/7/2605
f 3248/5/2606 3251/8/2607 3249/6/2607
f 3249/6/2607 3251/8/2607 3252/9/2608
f 3253/5/2609 3254/6/2609 3255/7/2609
f 3256/8/2610 3253/5/2610 3255/7/2610
f 3257/9/2611 3256/8/2611 3255/7/2611
f 3254/6/2612 3257/9/2612 3255/7/2612
f 3253/5/2613 3256/8/2614 3254/6/2615
f 3254/6/2615 3256/8/2614 3257/9/2616
f 3258/5/2617 3259/6/2617 3260/7/2617
f 3261/8/2618 3258/5/2618 3260/7/2618
f 3262/9/2619 3261/8/2619 3260/7/2619
f 3259/6/2620 3262/9/2620 3260/7/2620
f 3258/5/2621 3261/8/2622 3259/6/2622
f 3259/6/2622 3261/8/2622 3262/9/2623
f 3263/5/2624 3264/6/2624 3265/7/2624
f 3266/8/2625 3263/5/2625 3265/7/2625
f 3267/9/2626 3266/8/2626 3265/7/2626
f 3264/6/2627 3267/9/2627 3265/7/2627
f 3263/5/2628 3266/8/2629 3264/6/2630
f 3264/6/2630 3266/8/2629 3267/9/2631
f 3268/5/2632 3269/6/2632 3270/7/2632
f 3271/8/2633 3268/5/2633 3270/7/2633
f 3272/9/2634 3271/8/2634 3270/7/2634
f 3269/6/2635 3272/9/2635 3270/7/2635
f 3268/5/2636 3271/8/2637 3269/6/2638
f 3269/6/2638 3271/8/2637 3272/9/2639
f 3273/5/2640 3274/6/2640 3275/7/2640
f 3276/8/2641 3273/5/2641 3275/7/2641
f 3277/9/2642 3276/8/2642 3275/7/2642
f 3274/6/2643 3277/9/2643 3275/7/2643
f 3273/5/2644 3276/8/2645 3274/6/2646
f 3274/6/2646 3276/8/2645 3277/9/2647
f 3278/5/2648 3279/6/2648 3280/7/2648
f 3281/8/2649 3278/5/2649 3280/7/2649
f 3282/9/2650 3281/8/2650 3280/7/2650
f 3279/6/2651 3282/9/2651 3280/7/2651
f 3278/5/2652 3281/8/2653 3279/6/2653
f 3279/6/2653 3281/8/2653 3282/9/2654
f 3283/5/2655 3284/6/2655 3285/7/2655
f 3286/8/2656 3283/5/2656 3285/7/2656
f 3287/9/2657 3286/8/2657 3285/7/2657
f 3284/6/2658 3287/9/2658 3285/7/2658
f 3283/5/2659 3286/8/2660 3284/6/2661
f 3284/6/2661 3286/8/2660 3287/9/2662
f 3288/5/2663 3289/6/2663 3290/7/2663
f 3291/8/2664 3288/5/2664 3290/7/2664
f 3292/9/2665 3291/8/2665 3290/7/2665
f 3289/6/2666 3292/9/2666 3290/7/2666
f 3288/5/2667 3291/8/2668 3289/6/2669
f 3289/6/2669 3291/8/2668 3292/9/2670
f 3293/5/2671 3294/6/2671 3295/7/2671
f 3296/8/2672 3293/5/2672 3295/7/2672
f 3297/9/2673 3296/8/2673 3295/7/2673
f 3294/6/2674 3297/9/2674 3295/7/2674
f 3293/5/2675 3296/8/2675 3294/6/2675
f 3294/6/2675 3296/8/2675 3297/9/2675
f 3298/5/2676 3299/6/2676 3300/7/2676
f 3301/8/2677 3298/5/2677 3300/7/2677
f 3302/9/2678 3301/8/2678 3300/7/2678
f 3299/6/2679 3302/9/2679 3300/7/2679
f 3298/5/2680 3301/8/2681 3299/6/2680
f 3299/6/2680 3301/8/2681 3302/9/2682
f 3303/5/2683 3304/6/2683 3305/7/2683
f 3306/8/2684 3303/5/2684 3305/7/2684
f 3307/9/2685 3306/8/2685 3305/7/2685
f 3304/6/2686 3307/9/2686 3305/7/2686
f 3303/5/2687 3306/8/2688 3304/6/2688
f 3304/6/2688 3306/8/2688 3307/9/2689
f 3308/5/2690 3309/6/2690 3310/7/2690
f 3311/8/2691 3308/5/2691 3310/7/2691
f 3312/9/2692 3311/8/2692 3310/7/2692
f 3309/6/2693 3312/9/2693 3310/7/2693
f 3308/5/2694 3311/8/2695 3309/6/2695
f 3309/6/2695 3311/8/2695 3312/9/2696
f 3313/5/2697 3314/6/2697 3315/7/2697
f 3316/8/2698 3313/5/2698 3315/7/2698
f 3317/9/2699 3316/8/2699 3315/7/2699
f 3314/6/2700 3317/9/2700 3315/7/2700
f 3313/5/2701 3316/8/2702 3314/6/2702
f 3314/6/2702 3316/8/2702 3317/9/2703
f 3318/5/2704 3319/6/2704 3320/7/2704
f 3321/8/2705 3318/5/2705 3320/7/2705
f 3322/9/2706 3321/8/2706 3320/7/2706
f 3319/6/2707 3322/9/2707 3320/7/2707
f 3318/5/2708 3321/8/2709 3319/6/2709
f 3319/6/2709 3321/8/2709 3322/9/2710
f 3323/5/2711 3324/6/2711 3325/7/2711
f 3326/8/2712 3323/5/2712 3325/7/2712
f 3327/9/2713 3326/8/2713 3325/7/2713
f 3324/6/2714 3327/9/2714 3325/7/2714
f 3323/5/2715 3326/8/2716 3324/6/2716
f 3324/6/2716 3326/8/2716 3327/9/2717
f 3328/5/2718 3329/6/2718 3330/7/2718
f 3331/8/2719 3328/5/2719 3330/7/2719
f 3332/9/2720 3331/8/2720 3330/7/2720
f 3329/6/2721 3332/9/2721 3330/7/2721
f 3328/5/2722 3331/8/2723 3329/6/2723
f 3329/6/2723 3331/8/2723 3332/9/2724
f 3333/5/2725 3334/6/2725 3335/7/2725
f 3336/8/2726 3333/5/2726 3335/7/2726
f 3337/9/2727 3336/8/2727 3335/7/2727
f 3334/6/2728 3337/9/2728 3335/7/2728
f 3333/5/2729 3336/8/2730 3334/6/2731
f 3334/6/2731 3336/8/2730 3337/9/2732
f 3338/5/2733 3339/6/2733 3340/7/2733
f 3341/8/2734 3338/5/2734 3340/7/2734
f 3342/9/2735 3341/8/2735 3340/7/2735
f 3339/6/2736 3342/9/2736 3340/7/2736
f 3338/5/2737 3341/8/2738 3339/6/2739
f 3339/6/2739 3341/8/2738 3342/9/2740
f 3343/5/2741 3344/6/2741 3345/7/2741
f 3346/8/2742 3343/5/2742 3345/7/2742
f 3347/9/2743 3346/8/2743 3345/7/2743
f 3344/6/2744 3347/9/2744 3345/7/2744
f 3343/5/2745 3346/8/2746 3344/6/2747
f 3344/6/2747 3346/8/2746 3347/9/2748
f 3348/5/2749 3349/6/2749 3350/7/2749
f 3351/8/2750 3348/5/2750 3350/7/2750
f 3352/9/2751 3351/8/2751 3350/7/2751
f 3349/6/2752 3352/9/2752 3350/7/2752
f 3348/5/2753 3351/8/2754 3349/6/2754
f 3349/6/2754 3351/8/2754 3352/9/2754
f 3353/5/2755 3354/6/2755 3355/7/2755
f 3356/8/2756 3353/5/2756 3355/7/2756
f 3357/9/2757 3356/8/2757 3355/7/2757
f 3354/6/2758 3357/9/2758 3355/7/2758
f 3353/5/2759 3356/8/2760 3354/6/2760
f 3354/6/2760 3356/8/2760 3357/9/2761
f 3358/5/2762 3359/6/2762 3360/7/2762
f 3361/8/2763 3358/5/2763 3360/7/2763
f 3362/9/2764 3361/8/2764 3360/7/2764
f 3359/6/2765 3362/9/2765 3360/7/2765
f 3358/5/2766 3361/8/2767 3359/6/2767
f 3359/6/2767 3361/8/2767 3362/9/2768
f 3363/5/2769 3364/6/2769 3365/7/2769
f 3366/8/2770 3363/5/2770 3365/7/2770
f 3367/9/2771 3366/8/2771 3365/7/2771
f 3364/6/2772 3367/9/2772 3365/7/2772
f 3363/5/2773 3366/8/2774 3364/6/2774
f 3364/6/2774 3366/8/2774 3367/9/2775
f 3368/5/2776 3369/6/2776 3370/7/2776
f 3371/8/2777 3368/5/2777 3370/7/2777
f 3372/9/2778 3371/8/2778 3370/7/2778
f 3369/6/2779 3372/9/2779 3370/7/2779
f 3368/5/2780 3371/8/2781 3369/6/2781
f 3369/6/2781 3371/8/2781 3372/9/2782
f 3373/5/2783 3374/6/2783 3375/7/2783
f 3376/8/2784 3373/5/2784 3375/7/2784
f 3377/9/2785 3376/8/2785 3375/7/2785
f 3374/6/2786 3377/9/2786 3375/7/2786
f 3373/5/2787 3376/8/2788 3374/6/2788
f 3374/6/2788 3376/8/2788 3377/9/2789
f 3378/5/2790 3379/6/2790 3380/7/2790
f 3381/8/2791 3378/5/2791 3380/7/2791
f 3382/9/2792 3381/8/2792 3380/7/2792
f 3379/6/2793 3382/9/2793 3380/7/2793
f 3378/5/2794 3381/8/2795 3379/6/2795
f 3379/6/2795 3381/8/2795 3382/9/2796
f 3383/5/2797 3384/6/2797 3385/7/2797
f 3386/8/2798 3383/5/2798 3385/7/2798
f 3387/9/2799 3386/8/2799 3385/7/2799
f 3384/6/2800 3387/9/2800 3385/7/2800
f 3383/5/2801 3386/8/2802 3384/6/2803
f 3384/6/2803 3386/8/2802 3387/9/2804
f 3388/5/2805 3389/6/2805 3390/7/2805
f 3391/8/2806 3388/5/2806 3390/7/2806
f 3392/9/2807 3391/8/2807 3390/7/2807
f 3389/6/2808 3392/9/2808 3390/7/2808
f 3388/5/2809 3391/8/2810 3389/6/2810
f 3389/6/2810 3391/8/2810 3392/9/2811
f 3393/5/2812 3394/6/2812 3395/7/2812
f 3396/8/2813 3393/5/2813 3395/7/2813
f 3397/9/2814 3396/8/2814 3395/7/2814
f 3394/6/2815 3397/9/2815 3395/7/2815
f 3393/5/2816 3396/8/2817 3394/6/2818
f 3394/6/2818 3396/8/2817 3397/9/2819
f 3398/5/2820 3399/6/2820 3400/7/2820
f 3401/8/2821 3398/5/2821 3400/7/2821
f 3402/9/2822 3401/8/2822 3400/7/2822
f 3399/6/2823 3402/9/2823 3400/7/2823
f 3398/5/2824 3401/8/2825 3399/6/2825
f 3399/6/2825 3401/8/2825 3402/9/2826
f 3403/5/2827 3404/6/2827 3405/7/2827
f 3406/8/2828 3403/5/2828 3405/7/2828
f 3407/9/2829 3406/8/2829 3405/7/2829
f 3404/6/2830 3407/9/2830 3405/7/2830
f 3403/5/2831 3406/8/2832 3404/6/2832
f 3404/6/2832 3406/8/2832 3407/9/2833
f 3408/5/2834 3409/6/2834 3410/7/2834
f 3411/8/2835 3408/5/2835 3410/7/2835
f 3412/9/2836 3411/8/2836 3410/7/2836
f 3409/6/2837 3412/9/2837 3410/7/2837
f 3408/5/2838 3411/8/2838 3409/6/2838
f 3409/6/2838 3411/8/2838 3412/9/2838
f 3413/5/2839 3414/6/2839 3415/7/2839
f 3416/8/2840 3413/5/2840 3415/7/2840
f 3417/9/2841 3416/8/2841 3415/7/2841
f 3414/6/2830 3417/9/2830 3415/7/2830
f 3413/5/2842 3416/8/2843 3414/6/2843
f 3414/6/2843 3416/8/2843 3417/9/2833
f 3418/5/2834 3419/6/2834 3420/7/2834
f 3421/8/2844 3418/5/2844 3420/7/2844
f 3422/9/2845 3421/8/2845 3420/7/2845
f 3419/6/2846 3422/9/2846 3420/7/2846
f 3418/5/2838 3421/8/2847 3419/6/2847
f 3419/6/2847 3421/8/2847 3422/9/2848
f 3423/5/2849 3424/6/2849 3425/7/2849
f 3426/8/2850 3423/5/2850 3425/7/2850
f 3427/9/2851 3426/8/2851 3425/7/2851
f 3424/6/2852 3427/9/2852 3425/7/2852
f 3423/5/2853 3426/8/2854 3424/6/2855
f 3424/6/2855 3426/8/2854 3427/9/2856
f 3428/5/2857 3429/6/2857 3430/7/2857
f 3431/8/2858 3428/5/2858 3430/7/2858
f 3432/9/2859 3431/8/2859 3430/7/2859
f 3429/6/2860 3432/9/2860 3430/7/2860
f 3428/5/2861 3431/8/2862 3429/6/2863
f 3429/6/2863 3431/8/2862 3432/9/2864
f 3433/5/2865 3434/6/2865 3435/7/2865
f 3436/8/2866 3433/5/2866 3435/7/2866
f 3437/9/2867 3436/8/2867 3435/7/2867
f 3434/6/2868 3437/9/2868 3435/7/2868
f 3433/5/2869 3436/8/2870 3434/6/2871
f 3434/6/2871 3436/8/2870 3437/9/2872
f 3438/5/2873 3439/6/2873 3440/7/2873
f 3441/8/2874 3438/5/2874 3440/7/2874
f 3442/9/2875 3441/8/2875 3440/7/2875
f 3439/6/2876 3442/9/2876 3440/7/2876
f 3438/5/2877 3441/8/2878 3439/6/2878
f 3439/6/2878 3441/8/2878 3442/9/2879
f 3443/5/2880 3444/6/2880 3445/7/2880
f 3446/8/2881 3443/5/2881 3445/7/2881
f 3447/9/2882 3446/8/2882 3445/7/2882
f 3444/6/2883 3447/9/2884 3445/7/2885
f 3443/5/2886 3446/8/2887 3444/6/2888
f 3444/6/2888 3446/8/2887 3447/9/2889
f 3448/5/2890 3449/6/2890 3450/7/2890
f 3451/8/2891 3448/5/2891 3450/7/2891
f 3452/9/2892 3451/8/2892 3450/7/2892
f 3449/6/2893 3452/9/2893 3450/7/2893
f 3448/5/2894 3451/8/2895 3449/6/2895
f 3449/6/2895 3451/8/2895 3452/9/2896
f 3453/5/2897 3454/6/2897 3455/7/2897
f 3456/8/2898 3453/5/2898 3455/7/2898
f 3457/9/2841 3456/8/2841 3455/7/2841
f 3454/6/2899 3457/9/2899 3455/7/2899
f 3453/5/2833 3456/8/2833 3454/6/2833
f 3454/6/2833 3456/8/2833 3457/9/2900
f 3458/5/2901 3459/6/2901 3460/7/2901
f 3461/8/2902 3458/5/2902 3460/7/2902
f 3462/9/2903 3461/8/2903 3460/7/2903
f 3459/6/2904 3462/9/2904 3460/7/2904
f 3458/5/2905 3461/8/2906 3459/6/2906
f 3459/6/2906 3461/8/2906 3462/9/2907
f 3463/5/2908 3464/6/2908 3465/7/2908
f 3466/8/2909 3463/5/2909 3465/7/2909
f 3467/9/2910 3466/8/2910 3465/7/2910
f 3464/6/2911 3467/9/2911 3465/7/2911
f 3463/5/2912 3466/8/2913 3464/6/2913
f 3464/6/2913 3466/8/2913 3467/9/2914
f 3468/5/2915 3469/6/2915 3470/7/2915
f 3471/8/2835 3468/5/2835 3470/7/2835
f 3472/9/2903 3471/8/2903 3470/7/2903
f 3469/6/2916 3472/9/2916 3470/7/2916
f 3468/5/2905 3471/8/2917 3469/6/2917
f 3469/6/2917 3471/8/2917 3472/9/2918
f 3473/5/2919 3474/6/2919 3475/7/2919
f 3476/8/2920 3473/5/2920 3475/7/2920
f 3477/9/2851 3476/8/2851 3475/7/2851
f 3474/6/2921 3477/9/2921 3475/7/2921
f 3473/5/2922 3476/8/2923 3474/6/2924
f 3474/6/2924 3476/8/2923 3477/9/2925
f 3478/5/2926 3479/6/2926 3480/7/2926
f 3481/8/2927 3478/5/2927 3480/7/2927
f 3482/9/2928 3481/8/2928 3480/7/2928
f 3479/6/2929 3482/9/2929 3480/7/2929
f 3478/5/2930 3481/8/2931 3479/6/2931
f 3479/6/2931 3481/8/2931 3482/9/2861
f 3483/5/2932 3484/6/2932 3485/7/2932
f 3486/8/2933 3483/5/2933 3485/7/2933
f 3487/9/2867 3486/8/2867 3485/7/2867
f 3484/6/2934 3487/9/2934 3485/7/2934
f 3483/5/2935 3486/8/2871 3484/6/2936
f 3484/6/2936 3486/8/2871 3487/9/2937
f 3488/5/2938 3489/6/2938 3490/7/2938
f 3491/8/2939 3488/5/2939 3490/7/2939
f 3492/9/2940 3491/8/2940 3490/7/2940
f 3489/6/2941 3492/9/2941 3490/7/2941
f 3488/5/2942 3491/8/2943 3489/6/2944
f 3489/6/2944 3491/8/2943 3492/9/2945
f 3493/5/2725 3494/6/2725 3495/7/2725
f 3496/8/2946 3493/5/2946 3495/7/2946
f 3497/9/2947 3496/8/2947 3495/7/2947
f 3494/6/2948 3497/9/2948 3495/7/2948
f 3493/5/2949 3496/8/2950 3494/6/2950
f 3494/6/2950 3496/8/2950 3497/9/2951
f 3498/5/2952 3499/6/2952 3500/7/2952
f 3501/8/2953 3498/5/2953 3500/7/2953
f 3502/9/2954 3501/8/2954 3500/7/2954
f 3499/6/2955 3502/9/2955 3500/7/2955
f 3498/5/2956 3501/8/2957 3499/6/2958
f 3499/6/2958 3501/8/2957 3502/9/2959
f 3503/5/2960 3504/6/2960 3505/7/2960
f 3506/8/2961 3503/5/2961 3505/7/2961
f 3507/9/2962 3506/8/2962 3505/7/2962
f 3504/6/2963 3507/9/2963 3505/7/2963
f 3503/5/2964 3506/8/2965 3504/6/2965
f 3504/6/2965 3506/8/2965 3507/9/2966
f 3508/5/2967 3509/6/2967 3510/7/2967
f 3511/8/2968 3508/5/2968 3510/7/2968
f 3512/9/2969 3511/8/2969 3510/7/2969
f 3509/6/2970 3512/9/2970 3510/7/2970
f 3508/5/2971 3511/8/2972 3509/6/2972
f 3509/6/2972 3511/8/2972 3512/9/2973
f 3513/5/2974 3514/6/2974 3515/7/2974
f 3516/8/2975 3513/5/2975 3515/7/2975
f 3517/9/2976 3516/8/2976 3515/7/2976
f 3514/6/2977 3517/9/2977 3515/7/2977
f 3513/5/2978 3516/8/2979 3514/6/2979
f 3514/6/2979 3516/8/2979 3517/9/2980
f 3518/5/2981 3519/6/2981 3520/7/2981
f 3521/8/2982 3518/5/2982 3520/7/2982
f 3522/9/2983 3521/8/2983 3520/7/2983
f 3519/6/2984 3522/9/2984 3520/7/2984
f 3518/5/2985 3521/8/2985 3519/6/2985
f 3519/6/2985 3521/8/2985 3522/9/2985
f 3523/5/2986 3524/6/2986 3525/7/2986
f 3526/8/2987 3523/5/2987 3525/7/2987
f 3527/9/2988 3526/8/2988 3525/7/2988
f 3524/6/2989 3527/9/2989 3525/7/2989
f 3523/5/2990 3526/8/2991 3524/6/2991
f 3524/6/2991 3526/8/2991 3527/9/2991
f 3528/5/2992 3529/6/2992 3530/7/2992
f 3531/8/2993 3528/5/2993 3530/7/2993
f 3532/9/2994 3531/8/2994 3530/7/2994
f 3529/6/2995 3532/9/2995 3530/7/2995
f 3528/5/2996 3531/8/2997 3529/6/2997
f 3529/6/2997 3531/8/2997 3532/9/2998
f 3533/5/2999 3534/6/2999 3535/7/2999
f 3536/8/3000 3533/5/3000 3535/7/3000
f 3537/9/3001 3536/8/3001 3535/7/3001
f 3534/6/3002 3537/9/3002 3535/7/3002
f 3533/5/3003 3536/8/3004 3534/6/3004
f 3534/6/3004 3536/8/3004 3537/9/3005
f 3538/5/3006 3539/6/3006 3540/7/3006
f 3541/8/3007 3538/5/3007 3540/7/3007
f 3542/9/2720 3541/8/2720 3540/7/2720
f 3539/6/3008 3542/9/3008 3540/7/3008
f 3538/5/3009 3541/8/3010 3539/6/3010
f 3539/6/3010 3541/8/3010 3542/9/3011
f 3543/5/1876 3544/6/1876 3545/7/1876
f 3546/8/3012 3543/5/3012 3545/7/3012
f 3547/9/1878 3546/8/1878 3545/7/1878
f 3544/6/3013 3547/9/3013 3545/7/3013
f 3543/5/3014 3546/8/3015 3544/6/3015
f 3544/6/3015 3546/8/3015 3547/9/3016
f 3548/5/3017 3549/6/3017 3550/7/3017
f 3551/8/3018 3548/5/3018 3550/7/3018
f 3552/9/3019 3551/8/3019 3550/7/3019
f 3549/6/3020 3552/9/3020 3550/7/3020
f 3548/5/3021 3551/8/3022 3549/6/3022
f 3549/6/3022 3551/8/3022 3552/9/3022
f 3553/5/3023 3554/6/3023 3555/7/3023
f 3556/8/2961 3553/5/2961 3555/7/2961
f 3557/9/2962 3556/8/2962 3555/7/2962
f 3554/6/3024 3557/9/3024 3555/7/3024
f 3553/5/2965 3556/8/2964 3554/6/2964
f 3554/6/2964 3556/8/2964 3557/9/3025
f 3558/5/3026 3559/6/3026 3560/7/3026
f 3561/8/3027 3558/5/3027 3560/7/3027
f 3562/9/2969 3561/8/2969 3560/7/2969
f 3559/6/3028 3562/9/3028 3560/7/3028
f 3558/5/3029 3561/8/3030 3559/6/3030
f 3559/6/3030 3561/8/3030 3562/9/2973
f 3563/5/3031 3564/6/3031 3565/7/3031
f 3566/8/3032 3563/5/3032 3565/7/3032
f 3567/9/3033 3566/8/3033 3565/7/3033
f 3564/6/2977 3567/9/2977 3565/7/2977
f 3563/5/3034 3566/8/3035 3564/6/3035
f 3564/6/3035 3566/8/3035 3567/9/3035
f 3568/5/2981 3569/6/2981 3570/7/2981
f 3571/8/3036 3568/5/3036 3570/7/3036
f 3572/9/3037 3571/8/3037 3570/7/3037
f 3569/6/3038 3572/9/3038 3570/7/3038
f 3568/5/3039 3571/8/3040 3569/6/3040
f 3569/6/3040 3571/8/3040 3572/9/3041
f 3573/5/3042 3574/6/3042 3575/7/3042
f 3576/8/3043 3573/5/3043 3575/7/3043
f 3577/9/3044 3576/8/3044 3575/7/3044
f 3574/6/2989 3577/9/2989 3575/7/2989
f 3573/5/3045 3576/8/3046 3574/6/3046
f 3574/6/3046 3576/8/3046 3577/9/3047
f 3578/5/3048 3579/6/3048 3580/7/3048
f 3581/8/3049 3578/5/3049 3580/7/3049
f 3582/9/2994 3581/8/2994 3580/7/2994
f 3579/6/3050 3582/9/3050 3580/7/3050
f 3578/5/3051 3581/8/3052 3579/6/3052
f 3579/6/3052 3581/8/3052 3582/9/3053
f 3583/5/3054 3584/6/3054 3585/7/3054
f 3586/8/3055 3583/5/3055 3585/7/3055
f 3587/9/3056 3586/8/3056 3585/7/3056
f 3584/6/3057 3587/9/3057 3585/7/3057
f 3583/5/3058 3586/8/3058 3584/6/3058
f 3584/6/3058 3586/8/3058 3587/9/3059
f 3588/5/3060 3589/6/3060 3590/7/3060
f 3591/8/3061 3588/5/3061 3590/7/3061
f 3592/9/3062 3591/8/3062 3590/7/3062
f 3589/6/3063 3592/9/3063 3590/7/3063
f 3588/5/3064 3591/8/3065 3589/6/3065
f 3589/6/3065 3591/8/3065 3592/9/3066
f 3593/5/3067 3594/6/3067 3595/7/3067
f 3596/8/3068 3593/5/3068 3595/7/3068
f 3597/9/3069 3596/8/3069 3595/7/3069
f 3594/6/3070 3597/9/3070 3595/7/3070
f 3593/5/3071 3596/8/3072 3594/6/3072
f 3594/6/3072 3596/8/3072 3597/9/3059
f 3598/5/3060 3599/6/3060 3600/7/3060
f 3601/8/3073 3598/5/3073 3600/7/3073
f 3602/9/3062 3601/8/3062 3600/7/3062
f 3599/6/3074 3602/9/3074 3600/7/3074
f 3598/5/3075 3601/8/3076 3599/6/3065
f 3599/6/3065 3601/8/3076 3602/9/3077
f 3603/5/3078 3604/6/3078 3605/7/3078
f 3606/8/3079 3603/5/3079 3605/7/3079
f 3607/9/3080 3606/8/3080 3605/7/3080
f 3604/6/3081 3607/9/3081 3605/7/3081
f 3603/5/3082 3606/8/3083 3604/6/3083
f 3604/6/3083 3606/8/3083 3607/9/3084
f 3608/5/3085 3609/6/3085 3610/7/3085
f 3611/8/3086 3608/5/3086 3610/7/3086
f 3612/9/3087 3611/8/3087 3610/7/3087
f 3609/6/3088 3612/9/3088 3610/7/3088
f 3608/5/3089 3611/8/3090 3609/6/3091
f 3609/6/3091 3611/8/3090 3612/9/3092
f 3613/5/3093 3614/6/3093 3615/7/3093
f 3616/8/3094 3613/5/3094 3615/7/3094
f 3617/9/3095 3616/8/3095 3615/7/3095
f 3614/6/3096 3617/9/3096 3615/7/3096
f 3613/5/3097 3616/8/3098 3614/6/3098
f 3614/6/3098 3616/8/3098 3617/9/3099
f 3618/5/3100 3619/6/3100 3620/7/3100
f 3621/8/3101 3618/5/3101 3620/7/3101
f 3622/9/3102 3621/8/3102 3620/7/3102
f 3619/6/3103 3622/9/3103 3620/7/3103
f 3618/5/3104 3621/8/3105 3619/6/3105
f 3619/6/3105 3621/8/3105 3622/9/3106
f 3623/5/3107 3624/6/3107 3625/7/3107
f 3626/8/3108 3623/5/3108 3625/7/3108
f 3627/9/2962 3626/8/2962 3625/7/2962
f 3624/6/2963 3627/9/2963 3625/7/2963
f 3623/5/2966 3626/8/3109 3624/6/3109
f 3624/6/3109 3626/8/3109 3627/9/3025
f 3628/5/3110 3629/6/3110 3630/7/3110
f 3631/8/3027 3628/5/3027 3630/7/3027
f 3632/9/3111 3631/8/3111 3630/7/3111
f 3629/6/3112 3632/9/3112 3630/7/3112
f 3628/5/3029 3631/8/2971 3629/6/2971
f 3629/6/2971 3631/8/2971 3632/9/3113
f 3633/5/3114 3634/6/3114 3635/7/3114
f 3636/8/3115 3633/5/3115 3635/7/3115
f 3637/9/2976 3636/8/2976 3635/7/2976
f 3634/6/3116 3637/9/3116 3635/7/3116
f 3633/5/3117 3636/8/3118 3634/6/3118
f 3634/6/3118 3636/8/3118 3637/9/3119
f 3638/5/2981 3639/6/2981 3640/7/2981
f 3641/8/3120 3638/5/3120 3640/7/3120
f 3642/9/3037 3641/8/3037 3640/7/3037
f 3639/6/3121 3642/9/3121 3640/7/3121
f 3638/5/3122 3641/8/3123 3639/6/3123
f 3639/6/3123 3641/8/3123 3642/9/3124
f 3643/5/3125 3644/6/3125 3645/7/3125
f 3646/8/3126 3643/5/3126 3645/7/3126
f 3647/9/3127 3646/8/3127 3645/7/3127
f 3644/6/3128 3647/9/3128 3645/7/3128
f 3643/5/3129 3646/8/3130 3644/6/3130
f 3644/6/3130 3646/8/3130 3647/9/3131
f 3648/5/2992 3649/6/2992 3650/7/2992
f 3651/8/3132 3648/5/3132 3650/7/3132
f 3652/9/3133 3651/8/3133 3650/7/3133
f 3649/6/3134 3652/9/3134 3650/7/3134
f 3648/5/3135 3651/8/2996 3649/6/2996
f 3649/6/2996 3651/8/2996 3652/9/3136
f 3653/5/3137 3654/6/3137 3655/7/3137
f 3656/8/3138 3653/5/3138 3655/7/3138
f 3657/9/3069 3656/8/3069 3655/7/3069
f 3654/6/3139 3657/9/3139 3655/7/3139
f 3653/5/3058 3656/8/3058 3654/6/3058
f 3654/6/3058 3656/8/3058 3657/9/3059
f 3658/5/3140 3659/6/3140 3660/7/3140
f 3661/8/3141 3658/5/3141 3660/7/3141
f 3662/9/3142 3661/8/3142 3660/7/3142
f 3659/6/3143 3662/9/3143 3660/7/3143
f 3658/5/3144 3661/8/3145 3659/6/3145
f 3659/6/3145 3661/8/3145 3662/9/3146
f 3663/5/3147 3664/6/3147 3665/7/3147
f 3666/8/3138 3663/5/3138 3665/7/3138
f 3667/9/3069 3666/8/3069 3665/7/3069
f 3664/6/3148 3667/9/3148 3665/7/3148
f 3663/5/3058 3666/8/3149 3664/6/3149
f 3664/6/3149 3666/8/3149 3667/9/3059
f 3668/5/3140 3669/6/3140 3670/7/3140
f 3671/8/3141 3668/5/3141 3670/7/3141
f 3672/9/3150 3671/8/3150 3670/7/3150
f 3669/6/3151 3672/9/3151 3670/7/3151
f 3668/5/3144 3671/8/3145 3669/6/3145
f 3669/6/3145 3671/8/3145 3672/9/3152
f 3673/5/3153 3674/6/3153 3675/7/3153
f 3676/8/3108 3673/5/3108 3675/7/3108
f 3677/9/3154 3676/8/3154 3675/7/3154
f 3674/6/2963 3677/9/2963 3675/7/2963
f 3673/5/2965 3676/8/2964 3674/6/2964
f 3674/6/2964 3676/8/2964 3677/9/3025
f 3678/5/3155 3679/6/3155 3680/7/3155
f 3681/8/3156 3678/5/3156 3680/7/3156
f 3682/9/3111 3681/8/3111 3680/7/3111
f 3679/6/3112 3682/9/3112 3680/7/3112
f 3678/5/3157 3681/8/2971 3679/6/2971
f 3679/6/2971 3681/8/2971 3682/9/3158
f 3683/5/3114 3684/6/3114 3685/7/3114
f 3686/8/3159 3683/5/3159 3685/7/3159
f 3687/9/3160 3686/8/3160 3685/7/3160
f 3684/6/3116 3687/9/3116 3685/7/3116
f 3683/5/3161 3686/8/3117 3684/6/3117
f 3684/6/3117 3686/8/3117 3687/9/3162
f 3688/5/3163 3689/6/3163 3690/7/3163
f 3691/8/3120 3688/5/3120 3690/7/3120
f 3692/9/3164 3691/8/3164 3690/7/3164
f 3689/6/3165 3692/9/3165 3690/7/3165
f 3688/5/3122 3691/8/3166 3689/6/3166
f 3689/6/3166 3691/8/3166 3692/9/3167
f 3693/5/3168 3694/6/3168 3695/7/3168
f 3696/8/3169 3693/5/3169 3695/7/3169
f 3697/9/3170 3696/8/3170 3695/7/3170
f 3694/6/3171 3697/9/3171 3695/7/3171
f 3693/5/3172 3696/8/3172 3694/6/3172
f 3694/6/3172 3696/8/3172 3697/9/3173
f 3698/5/3174 3699/6/3174 3700/7/3174
f 3701/8/3175 3698/5/3175 3700/7/3175
f 3702/9/3176 3701/8/3176 3700/7/3176
f 3699/6/3177 3702/9/3177 3700/7/3177
f 3698/5/3178 3701/8/3178 3699/6/3178
f 3699/6/3178 3701/8/3178 3702/9/3179
f 3703/5/3168 3704/6/3168 3705/7/3168
f 3706/8/3169 3703/5/3169 3705/7/3169
f 3707/9/3170 3706/8/3170 3705/7/3170
f 3704/6/3180 3707/9/3180 3705/7/3180
f 3703/5/3173 3706/8/3173 3704/6/3173
f 3704/6/3173 3706/8/3173 3707/9/3172
f 3708/5/3181 3709/6/3181 3710/7/3181
f 3711/8/3182 3708/5/3182 3710/7/3182
f 3712/9/3183 3711/8/3183 3710/7/3183
f 3709/6/3184 3712/9/3184 3710/7/3184
f 3708/5/3179 3711/8/3179 3709/6/3179
f 3709/6/3179 3711/8/3179 3712/9/3178
f 3713/5/3185 3714/6/3185 3715/7/3185
f 3716/8/1877 3713/5/1877 3715/7/1877
f 3717/9/1878 3716/8/1878 3715/7/1878
f 3714/6/3013 3717/9/3013 3715/7/3013
f 3713/5/3015 3716/8/3015 3714/6/3015
f 3714/6/3015 3716/8/3015 3717/9/3015
f 3718/5/1884 3719/6/1884 3720/7/1884
f 3721/8/3186 3718/5/3186 3720/7/3186
f 3722/9/3187 3721/8/3187 3720/7/3187
f 3719/6/3188 3722/9/3188 3720/7/3188
f 3718/5/3189 3721/8/3190 3719/6/3190
f 3719/6/3190 3721/8/3190 3722/9/3191
f 3723/5/3185 3724/6/3185 3725/7/3185
f 3726/8/3192 3723/5/3192 3725/7/3192
f 3727/9/1878 3726/8/1878 3725/7/1878
f 3724/6/3193 3727/9/3193 3725/7/3193
f 3723/5/3194 3726/8/3194 3724/6/3194
f 3724/6/3194 3726/8/3194 3727/9/3194
f 3728/5/3195 3729/6/3195 3730/7/3195
f 3731/8/3018 3728/5/3018 3730/7/3018
f 3732/9/1886 3731/8/1886 3730/7/1886
f 3729/6/3188 3732/9/3188 3730/7/3188
f 3728/5/3196 3731/8/3197 3729/6/3197
f 3729/6/3197 3731/8/3197 3732/9/3197
f 3733/5/3198 3734/6/3198 3735/7/3198
f 3736/8/3199 3733/5/3199 3735/7/3199
f 3737/9/1878 3736/8/1878 3735/7/1878
f 3734/6/3013 3737/9/3013 3735/7/3013
f 3733/5/3200 3736/8/3201 3734/6/3201
f 3734/6/3201 3736/8/3201 3737/9/3194
f 3738/5/3195 3739/6/3195 3740/7/3195
f 3741/8/3202 3738/5/3202 3740/7/3202
f 3742/9/3203 3741/8/3203 3740/7/3203
f 3739/6/3204 3742/9/3204 3740/7/3204
f 3738/5/3189 3741/8/3205 3739/6/3205
f 3739/6/3205 3741/8/3205 3742/9/1889
f 3743/5/3206 3744/6/3206 3745/7/3206
f 3746/8/3207 3743/5/3207 3745/7/3207
f 3747/9/3170 3746/8/3170 3745/7/3170
f 3744/6/3208 3747/9/3208 3745/7/3208
f 3743/5/3209 3746/8/3172 3744/6/3172
f 3744/6/3172 3746/8/3172 3747/9/3172
f 3748/5/3210 3749/6/3210 3750/7/3210
f 3751/8/3211 3748/5/3211 3750/7/3211
f 3752/9/3176 3751/8/3176 3750/7/3176
f 3749/6/3212 3752/9/3212 3750/7/3212
f 3748/5/3213 3751/8/3214 3749/6/3214
f 3749/6/3214 3751/8/3214 3752/9/3179
f 3753/5/3168 3754/6/3168 3755/7/3168
f 3756/8/3207 3753/5/3207 3755/7/3207
f 3757/9/3215 3756/8/3215 3755/7/3215
f 3754/6/3216 3757/9/3216 3755/7/3216
f 3753/5/3173 3756/8/3209 3754/6/3209
f 3754/6/3209 3756/8/3209 3757/9/3217
f 3758/5/3174 3759/6/3174 3760/7/3174
f 3761/8/3218 3758/5/3218 3760/7/3218
f 3762/9/3219 3761/8/3219 3760/7/3219
f 3759/6/3212 3762/9/3212 3760/7/3212
f 3758/5/3178 3761/8/3220 3759/6/3220
f 3759/6/3220 3761/8/3220 3762/9/3221
f 3763/5/3222 3764/6/3222 3765/7/3222
f 3766/8/3223 3763/5/3223 3765/7/3223
f 3767/9/3170 3766/8/3170 3765/7/3170
f 3764/6/3216 3767/9/3216 3765/7/3216
f 3763/5/3172 3766/8/3224 3764/6/3224
f 3764/6/3224 3766/8/3224 3767/9/3225
f 3768/5/3226 3769/6/3226 3770/7/3226
f 3771/8/3175 3768/5/3175 3770/7/3175
f 3772/9/3227 3771/8/3227 3770/7/3227
f 3769/6/3212 3772/9/3212 3770/7/3212
f 3768/5/3214 3771/8/3179 3769/6/3179
f 3769/6/3179 3771/8/3179 3772/9/3228
f 3773/5/3222 3774/6/3222 3775/7/3222
f 3776/8/3169 3773/5/3169 3775/7/3169
f 3777/9/3170 3776/8/3170 3775/7/3170
f 3774/6/3229 3777/9/3229 3775/7/3229
f 3773/5/3230 3776/8/3231 3774/6/3231
f 3774/6/3231 3776/8/3231 3777/9/3231
f 3778/5/3210 3779/6/3210 3780/7/3210
f 3781/8/3218 3778/5/3218 3780/7/3218
f 3782/9/3176 3781/8/3176 3780/7/3176
f 3779/6/3184 3782/9/3184 3780/7/3184
f 3778/5/3213 3781/8/3178 3779/6/3214
f 3779/6/3214 3781/8/3178 3782/9/3228
f 3783/5/3232 3784/6/3232 3785/7/3232
f 3786/8/3233 3783/5/3233 3785/7/3233
f 3787/9/3234 3786/8/3234 3785/7/3234
f 3784/6/3235 3787/9/3235 3785/7/3235
f 3783/5/3236 3786/8/3237 3784/6/3237
f 3784/6/3237 3786/8/3237 3787/9/3238
f 3788/5/3239 3789/6/3239 3790/7/3239
f 3791/8/3240 3788/5/3240 3790/7/3240
f 3792/9/3241 3791/8/3241 3790/7/3241
f 3789/6/3242 3792/9/3242 3790/7/3242
f 3788/5/3243 3791/8/3244 3789/6/3244
f 3789/6/3244 3791/8/3244 3792/9/3245
f 3793/5/3246 3794/6/3246 3795/7/3246
f 3796/8/3192 3793/5/3192 3795/7/3192
f 3797/9/1878 3796/8/1878 3795/7/1878
f 3794/6/3193 3797/9/3193 3795/7/3193
f 3793/5/3247 3796/8/3247 3794/6/3247
f 3794/6/3247 3796/8/3247 3797/9/3194
f 3798/5/3195 3799/6/3195 3800/7/3195
f 3801/8/3186 3798/5/3186 3800/7/3186
f 3802/9/1886 3801/8/1886 3800/7/1886
f 3799/6/3248 3802/9/3248 3800/7/3248
f 3798/5/3197 3801/8/3197 3799/6/3197
f 3799/6/3197 3801/8/3197 3802/9/3249
f 3803/5/3185 3804/6/3185 3805/7/3185
f 3806/8/3192 3803/5/3192 3805/7/3192
f 3807/9/1878 3806/8/1878 3805/7/1878
f 3804/6/3250 3807/9/3250 3805/7/3250
f 3803/5/3016 3806/8/3247 3804/6/3247
f 3804/6/3247 3806/8/3247 3807/9/3194
f 3808/5/3195 3809/6/3195 3810/7/3195
f 3811/8/3251 3808/5/3251 3810/7/3251
f 3812/9/3187 3811/8/3187 3810/7/3187
f 3809/6/3248 3812/9/3248 3810/7/3248
f 3808/5/3190 3811/8/3190 3809/6/3190
f 3809/6/3190 3811/8/3190 3812/9/3190
f 3813/5/3185 3814/6/3185 3815/7/3185
f 3816/8/3192 3813/5/3192 3815/7/3192
f 3817/9/1878 3816/8/1878 3815/7/1878
f 3814/6/3013 3817/9/3013 3815/7/3013
f 3813/5/3252 3816/8/3194 3814/6/3194
f 3814/6/3194 3816/8/3194 3817/9/3194
f 3818/5/3195 3819/6/3195 3820/7/3195
f 3821/8/3253 3818/5/3253 3820/7/3253
f 3822/9/1886 3821/8/1886 3820/7/1886
f 3819/6/3248 3822/9/3248 3820/7/3248
f 3818/5/3190 3821/8/3190 3819/6/3190
f 3819/6/3190 3821/8/3190 3822/9/3190
f 3823/5/3185 3824/6/3185 3825/7/3185
f 3826/8/3192 3823/5/3192 3825/7/3192
f 3827/9/1878 3826/8/1878 3825/7/1878
f 3824/6/3254 3827/9/3254 3825/7/3254
f 3823/5/3016 3826/8/3016 3824/6/3016
f 3824/6/3016 3826/8/3016 3827/9/3194
f 3828/5/3255 3829/6/3255 3830/7/3255
f 3831/8/3186 3828/5/3186 3830/7/3186
f 3832/9/1886 3831/8/1886 3830/7/1886
f 3829/6/3204 3832/9/3204 3830/7/3204
f 3828/5/3256 3831/8/3197 3829/6/3197
f 3829/6/3197 3831/8/3197 3832/9/3197
f 3833/5/3168 3834/6/3168 3835/7/3168
f 3836/8/3169 3833/5/3169 3835/7/3169
f 3837/9/3170 3836/8/3170 3835/7/3170
f 3834/6/3229 3837/9/3229 3835/7/3229
f 3833/5/3257 3836/8/3173 3834/6/3173
f 3834/6/3173 3836/8/3173 3837/9/3173
f 3838/5/3181 3839/6/3181 3840/7/3181
f 3841/8/3175 3838/5/3175 3840/7/3175
f 3842/9/3176 3841/8/3176 3840/7/3176
f 3839/6/3184 3842/9/3184 3840/7/3184
f 3838/5/3228 3841/8/3179 3839/6/3179
f 3839/6/3179 3841/8/3179 3842/9/3178
f 3843/5/3168 3844/6/3168 3845/7/3168
f 3846/8/3169 3843/5/3169 3845/7/3169
f 3847/9/3170 3846/8/3170 3845/7/3170
f 3844/6/3180 3847/9/3180 3845/7/3180
f 3843/5/3172 3846/8/3224 3844/6/3224
f 3844/6/3224 3846/8/3224 3847/9/3224
f 3848/5/3174 3849/6/3174 3850/7/3174
f 3851/8/3218 3848/5/3218 3850/7/3218
f 3852/9/3183 3851/8/3183 3850/7/3183
f 3849/6/3258 3852/9/3258 3850/7/3258
f 3848/5/3259 3851/8/3178 3849/6/3178
f 3849/6/3178 3851/8/3178 3852/9/3178
f 3853/5/3168 3854/6/3168 3855/7/3168
f 3856/8/3169 3853/5/3169 3855/7/3169
f 3857/9/3170 3856/8/3170 3855/7/3170
f 3854/6/3229 3857/9/3229 3855/7/3229
f 3853/5/3173 3856/8/3173 3854/6/3173
f 3854/6/3173 3856/8/3173 3857/9/3173
f 3858/5/3174 3859/6/3174 3860/7/3174
f 3861/8/3175 3858/5/3175 3860/7/3175
f 3862/9/3183 3861/8/3183 3860/7/3183
f 3859/6/3258 3862/9/3258 3860/7/3258
f 3858/5/3259 3861/8/3178 3859/6/3178
f 3859/6/3178 3861/8/3178 3862/9/3178
f 3863/5/3168 3864/6/3168 3865/7/3168
f 3866/8/3223 3863/5/3223 3865/7/3223
f 3867/9/3170 3866/8/3170 3865/7/3170
f 3864/6/3180 3867/9/3180 3865/7/3180
f 3863/5/3224 3866/8/3173 3864/6/3173
f 3864/6/3173 3866/8/3173 3867/9/3173
f 3868/5/3181 3869/6/3181 3870/7/3181
f 3871/8/3182 3868/5/3182 3870/7/3182
f 3872/9/3183 3871/8/3183 3870/7/3183
f 3869/6/3177 3872/9/3177 3870/7/3177
f 3868/5/3260 3871/8/3220 3869/6/3220
f 3869/6/3220 3871/8/3220 3872/9/3259
f 3873/5/3168 3874/6/3168 3875/7/3168
f 3876/8/3261 3873/5/3261 3875/7/3261
f 3877/9/3170 3876/8/3170 3875/7/3170
f 3874/6/3216 3877/9/3216 3875/7/3216
f 3873/5/3257 3876/8/3217 3874/6/3217
f 3874/6/3217 3876/8/3217 3877/9/3209
f 3878/5/3181 3879/6/3181 3880/7/3181
f 3881/8/3175 3878/5/3175 3880/7/3175
f 3882/9/3183 3881/8/3183 3880/7/3183
f 3879/6/3212 3882/9/3212 3880/7/3212
f 3878/5/3259 3881/8/3259 3879/6/3259
f 3879/6/3259 3881/8/3259 3882/9/3259
f 3883/5/3168 3884/6/3168 3885/7/3168
f 3886/8/3169 3883/5/3169 3885/7/3169
f 3887/9/3170 3886/8/3170 3885/7/3170
f 3884/6/3180 3887/9/3180 3885/7/3180
f 3883/5/3230 3886/8/3224 3884/6/3224
f 3884/6/3224 3886/8/3224 3887/9/3172
f 3888/5/3181 3889/6/3181 3890/7/3181
f 3891/8/3218 3888/5/3218 3890/7/3218
f 3892/9/3176 3891/8/3176 3890/7/3176
f 3889/6/3258 3892/9/3258 3890/7/3258
f 3888/5/3259 3891/8/3262 3889/6/3262
f 3889/6/3262 3891/8/3262 3892/9/3262
f 3893/1/3263 3894/2/3263 3895/3/3263
f 3896/4/3263 3895/3/3263 3894/2/3263
f 3897/1/3263 3898/2/3263 3899/3/3263
f 3900/4/3263 3899/3/3263 3898/2/3263
f 3901/1/3263 3902/2/3263 3903/3/3264
f 3904/4/3265 3903/3/3264 3902/2/3263
f 3905/1/3266 3906/2/3263 3907/3/3264
f 3908/4/3265 3907/3/3264 3906/2/3263
f 3909/1/3267 3910/2/3267 3911/3/3267
f 3912/4/3267 3911/3/3267 3910/2/3267
f 3913/1/3267 3914/2/3267 3915/3/3268
f 3916/4/3268 3915/3/3268 3914/2/3267
f 3917/1/3269 3918/2/3270 3919/3/3270
f 3920/4/3270 3919/3/3270 3918/2/3270
f 3921/1/3270 3922/2/3270 3923/3/3270
f 3924/4/3270 3923/3/3270 3922/2/3270
f 3925/1/3263 3926/2/3263 3927/3/3263
f 3928/4/3263 3927/3/3263 3926/2/3263
f 3929/1/3263 3930/2/3263 3931/3/3263
f 3932/4/3263 3931/3/3263 3930/2/3263
f 3933/1/3267 3934/2/3271 3935/3/3271
f 3936/4/3272 3935/3/3271 3934/2/3271
f 3937/1/3267 3938/2/3267 3939/3/3267
f 3940/4/3271 3939/3/3267 3938/2/3267
f 3941/1/3266 3942/2/3266 3943/3/3266
f 3944/4/3266 3943/3/3266 3942/2/3266
f 3945/1/3272 3946/2/3271 3947/3/3271
f 3948/4/3267 3947/3/3271 3946/2/3271
f 3949/1/3266 3950/2/3266 3951/3/3266
f 3952/4/3266 3951/3/3266 3950/2/3266
f 3953/1/3267 3954/2/3267 3955/3/3267
f 3956/4/3267 3955/3/3267 3954/2/3267
f 3957/1/3263 3958/2/3263 3959/3/3264
f 3960/4/3265 3959/3/3264 3958/2/3263
f 3961/1/3273 3962/2/3267 3963/3/3267
f 3964/4/3267 3963/3/3267 3962/2/3267
f 3965/1/3263 3966/2/3263 3967/3/3263
f 3968/4/3263 3967/3/3263 3966/2/3263
f 3969/1/3267 3970/2/3267 3971/3/3267
f 3972/4/3267 3971/3/3267 3970/2/3267
f 3973/1/3263 3974/2/3263 3975/3/3263
f 3976/4/3263 3975/3/3263 3974/2/3263
f 3977/1/3264 3978/2/3263 3979/3/3263
f 3980/4/3263 3979/3/3263 3978/2/3263
f 3981/1/3264 3982/2/3264 3983/3/3264
f 3984/4/3264 3983/3/3264 3982/2/3264
f 3985/1/3270 3986/2/3270 3987/3/3270
f 3988/4/3270 3987/3/3270 3986/2/3270
f 3989/1/3270 3990/2/3270 3991/3/3270
f 3992/4/3270 3991/3/3270 3990/2/3270
f 3993/1/3270 3994/2/3270 3995/3/3274
f 3996/4/3275 3995/3/3274 3994/2/3270
f 3997/1/3276 3998/2/3270 3999/3/3270
f 4000/4/3270 3999/3/3270 3998/2/3270
f 4001/1/3277 4002/2/3278 4003/3/3278
f 4004/4/3278 4003/3/3278 4002/2/3278
f 4005/1/3279 4006/2/3279 4007/3/3279
f 4008/4/3279 4007/3/3279 4006/2/3279
f 4009/1/3263 4010/2/3263 4011/3/3266
f 4012/4/3266 4011/3/3266 4010/2/3263
f 4013/1/3263 4014/2/3263 4015/3/3263
f 4016/4/3263 4015/3/3263 4014/2/3263
f 4017/1/3274 4018/2/3270 4019/3/3270
f 4020/4/3270 4019/3/3270 4018/2/3270
f 4021/1/3276 4022/2/3270 4023/3/3270
f 4024/4/3270 4023/3/3270 4022/2/3270
f 4025/1/3277 4026/2/3277 4027/3/3277
f 4028/4/3277 4027/3/3277 4026/2/3277
f 4029/1/3277 4030/2/3277 4031/3/3277
f 4032/4/3279 4031/3/3277 4030/2/3277
f 4033/1/3276 4034/2/3270 4035/3/3270
f 4036/4/3274 4035/3/3270 4034/2/3270
f 4037/1/3277 4038/2/3277 4039/3/3277
f 4040/4/3277 4039/3/3277 4038/2/3277
f 4041/1/3276 4042/2/3276 4043/3/3270
f 4044/4/3270 4043/3/3270 4042/2/3276
f 4045/1/3277 4046/2/3277 4047/3/3277
f 4048/4/3277 4047/3/3277 4046/2/3277
f 4049/1/3274 4050/2/3270 4051/3/3270
f 4052/4/3270 4051/3/3270 4050/2/3270
f 4053/1/3277 4054/2/3277 4055/3/3277
f 4056/4/3277 4055/3/3277 4054/2/3277
f 4057/1/3275 4058/2/3270 4059/3/3270
f 4060/4/3276 4059/3/3270 4058/2/3270
f 4061/1/3277 4062/2/3279 4063/3/3279
f 4064/4/3280 4063/3/3279 4062/2/3279
f 4065/1/3264 4066/2/3263 4067/3/3263
f 4068/4/3266 4067/3/3263 4066/2/3263
f 4069/2/3274 4070/1/3274 4071/3/3270
f 4071/3/3270 4072/4/3270 4069/2/3274
f 4073/2/3270 4074/1/3270 4075/3/3270
f 4075/3/3270 4076/4/3270 4073/2/3270
f 4077/2/3270 4078/1/3276 4079/3/3270
f 4079/3/3270 4080/4/3274 4077/2/3270
f 4081/2/3270 4082/1/3276 4083/3/3270
f 4083/3/3270 4084/4/3274 4081/2/3270
f 4085/1/3264 4086/2/3264 4087/3/3264
f 4088/4/3264 4087/3/3264 4086/2/3264
f 4089/1/3264 4090/2/3263 4091/3/3263
f 4092/4/3263 4091/3/3263 4090/2/3263
f 4093/1/3263 4094/2/3263 4095/3/3263
f 4096/4/3266 4095/3/3263 4094/2/3263
f 4097/1/3263 4098/2/3263 4099/3/3263
f 4100/4/3264 4099/3/3263 4098/2/3263
f 4101/1/3281 4102/2/3265 4103/3/3264
f 4104/4/3264 4103/3/3264 4102/2/3265
f 4105/1/3282 4106/2/3283 4107/3/3264
f 4108/4/3281 4107/3/3264 4106/2/3283
f 4109/1/3263 4110/2/3263 4111/3/3284
f 4112/4/3284 4111/3/3284 4110/2/3263
f 4113/1/3266 4114/2/3266 4115/3/3283
f 4116/4/3285 4115/3/3283 4114/2/3266
f 4117/1/3286 4118/2/3287 4119/3/3283
f 4120/4/3285 4119/3/3283 4118/2/3287
f 4121/1/3263 4122/2/3263 4123/3/3263
f 4124/4/3263 4123/3/3263 4122/2/3263
f 4125/2/3270 4126/1/3270 4127/3/3270
f 4127/3/3270 4128/4/3270 4125/2/3270
f 4129/1/3288 4130/2/3288 4131/3/3288
f 4132/4/3288 4131/3/3288 4130/2/3288
f 4133/2/3274 4134/1/3274 4135/3/3274
f 4135/3/3274 4136/4/3274 4133/2/3274
f 4137/2/3274 4138/1/3274 4139/3/3270
f 4139/3/3270 4140/4/3270 4137/2/3274
f 4141/2/3270 4142/1/3270 4143/3/3274
f 4143/3/3274 4144/4/3274 4141/2/3270
f 4145/2/3270 4146/1/3270 4147/3/3270
f 4147/3/3270 4148/4/3270 4145/2/3270
f 4149/2/3276 4150/1/3276 4151/3/3276
f 4151/3/3276 4152/4/3276 4149/2/3276
f 4153/2/3289 4154/1/3290 4155/3/3291
f 4155/3/3291 4156/4/3270 4153/2/3289
f 4157/2/3276 4158/1/3292 4159/3/3293
f 4159/3/3293 4160/4/3294 4157/2/3276
f 4161/2/3295 4162/1/3296 4163/3/3270
f 4163/3/3270 4164/4/3276 4161/2/3295
f 4165/2/3297 4166/1/3298 4167/3/3293
f 4167/3/3293 4168/4/3299 4165/2/3297
f 4169/2/3270 4170/1/3270 4171/3/3300
f 4171/3/3300 4172/4/3301 4169/2/3270
f 4173/1/3263 4174/2/3263 4175/3/3264
f 4176/4/3264 4175/3/3264 4174/2/3263
f 4177/1/3263 4178/2/3263 4179/3/3263
f 4180/4/3264 4179/3/3263 4178/2/3263
f 4181/1/3264 4182/2/3263 4183/3/3263
f 4184/4/3266 4183/3/3263 4182/2/3263
f 4185/1/3263 4186/2/3263 4187/3/3263
f 4188/4/3263 4187/3/3263 4186/2/3263
f 4189/1/3263 4190/2/3263 4191/3/3263
f 4192/4/3264 4191/3/3263 4190/2/3263
f 4193/1/3266 4194/2/3263 4195/3/3263
f 4196/4/3264 4195/3/3263 4194/2/3263
f 4197/2/3270 4198/1/3276 4199/3/3270
f 4199/3/3270 4200/4/3274 4197/2/3270
f 4201/2/3274 4202/1/3274 4203/3/3270
f 4203/3/3270 4204/4/3270 4201/2/3274
f 4205/2/3274 4206/1/3292 4207/3/3274
f 4207/3/3274 4208/4/3270 4205/2/3274
f 4209/2/3274 4210/1/3274 4211/3/3270
f 4211/3/3270 4212/4/3270 4209/2/3274
f 4213/2/3270 4214/1/3270 4215/3/3270
f 4215/3/3270 4216/4/3270 4213/2/3270
f 4217/2/3274 4218/1/3274 4219/3/3270
f 4219/3/3270 4220/4/3270 4217/2/3274
f 4221/2/3274 4222/1/3274 4223/3/3270
f 4223/3/3270 4224/4/3270 4221/2/3274
f 4225/2/3270 4226/1/3274 4227/3/3270
f 4227/3/3270 4228/4/3276 4225/2/3270
