# Blender 4.4.3
# www.blender.org
mtllib LIGHTA.mtl
o LIGHTA
v -257.611755 11.314996 -86.355713
v -257.611755 11.418831 -86.355713
v -257.611755 11.418831 -86.208603
v -257.611755 11.314996 -86.208603
v -257.611755 11.975332 -86.309326
v -257.611755 12.079167 -86.309326
v -257.611755 12.079167 -86.208603
v -257.611755 11.975332 -86.208603
v -257.611755 12.625955 -86.355713
v -257.611755 12.657166 -86.355713
v -257.611755 12.657166 -86.208603
v -257.611755 12.625955 -86.208603
v -257.611755 13.150416 -86.414963
v -257.611755 13.254253 -86.414963
v -257.611755 13.254253 -86.208603
v -257.611755 13.150416 -86.208603
v -257.611755 13.763139 -86.355713
v -257.611755 13.866976 -86.355713
v -257.611755 13.866976 -86.208603
v -257.611755 13.765162 -86.208603
v -257.611755 14.358104 -86.355713
v -257.611755 14.506042 -86.355713
v -257.611755 14.506042 -86.208603
v -257.611755 14.358104 -86.208603
v -257.611755 15.018479 -86.355713
v -257.611755 15.166217 -86.355713
v -257.611755 15.166217 -86.208603
v -257.611755 15.018479 -86.208603
v -257.611755 15.686091 -86.430000
v -257.611755 15.789926 -86.430000
v -257.611755 15.789926 -86.208603
v -257.611755 15.686091 -86.208603
v -257.611755 11.016505 -85.894684
v -257.611755 10.912670 -85.894684
v -257.611755 11.016505 -85.993820
v -257.611755 10.912670 -85.993820
v -257.611755 11.528951 -85.941071
v -257.611755 11.425116 -85.941071
v -257.611755 11.528951 -85.993820
v -257.611755 11.425116 -85.993820
v -257.611755 12.106949 -85.894684
v -257.611755 12.075737 -85.894684
v -257.611755 12.106949 -85.993820
v -257.611755 12.075737 -85.993820
v -257.611755 12.704036 -85.806015
v -257.611755 12.600201 -85.806015
v -257.611755 12.704036 -85.993820
v -257.611755 12.600201 -85.993820
v -257.611755 13.316758 -85.894684
v -257.611755 13.212922 -85.894684
v -257.611755 13.316758 -85.993820
v -257.611755 13.212922 -85.993820
v -257.611755 13.955823 -85.894684
v -257.611755 13.807887 -85.894684
v -257.611755 13.955823 -85.993820
v -257.611755 13.807887 -85.993820
v -257.611755 14.615998 -85.894684
v -257.611755 14.468263 -85.894684
v -257.611755 14.615998 -85.993820
v -257.611755 14.468263 -85.993820
v -257.611755 15.234745 -85.820381
v -257.611755 15.135874 -85.820381
v -257.611755 15.234745 -85.993820
v -257.611755 15.135874 -85.993820
v -257.611755 16.189455 -86.309326
v -257.611755 16.293293 -86.309326
v -257.611755 16.293293 -86.208603
v -257.611755 16.189455 -86.208603
v -257.611755 16.840078 -86.355713
v -257.611755 16.871290 -86.355713
v -257.611755 16.871290 -86.208603
v -257.611755 16.840078 -86.208603
v -257.611755 17.364542 -86.399879
v -257.611755 17.468376 -86.399879
v -257.611755 17.468376 -86.208603
v -257.611755 17.364542 -86.208603
v -257.611755 17.977262 -86.355713
v -257.611755 18.081099 -86.355713
v -257.611755 18.081099 -86.208603
v -257.611755 17.979284 -86.208603
v -257.611755 18.572227 -86.355713
v -257.611755 18.720165 -86.355713
v -257.611755 18.720165 -86.208603
v -257.611755 18.572227 -86.208603
v -257.611755 15.743073 -85.941071
v -257.611755 15.639239 -85.941071
v -257.611755 15.743073 -85.993820
v -257.611755 15.639239 -85.993820
v -257.611755 16.321074 -85.894684
v -257.611755 16.289862 -85.894684
v -257.611755 16.321074 -85.993820
v -257.611755 16.289862 -85.993820
v -257.611755 16.918159 -85.806015
v -257.611755 16.814325 -85.806015
v -257.611755 16.918159 -85.993820
v -257.611755 16.814325 -85.993820
v -257.611755 17.530882 -85.894684
v -257.611755 17.427046 -85.894684
v -257.611755 17.530882 -85.993820
v -257.611755 17.427046 -85.993820
v -257.611755 18.169949 -85.894684
v -257.611755 18.022011 -85.894684
v -257.611755 18.169949 -85.993820
v -257.611755 18.022011 -85.993820
v -257.611755 18.830124 -85.894684
v -257.611755 18.682386 -85.894684
v -257.611755 18.830124 -85.993820
v -257.611755 18.682386 -85.993820
v -257.611725 19.296175 -87.121544
v -257.611725 19.296175 -86.813293
v -257.611725 19.149063 -87.121544
v -257.611725 19.149063 -86.813293
v -257.611725 19.935354 -87.121544
v -257.611725 19.935354 -86.813293
v -257.611725 19.788242 -87.121544
v -257.611725 19.788242 -86.813293
v -257.611755 19.296175 -85.534546
v -257.611755 19.296175 -85.226311
v -257.611755 19.149063 -85.226311
v -257.611755 19.149063 -85.534546
v -257.611755 19.935354 -85.534546
v -257.611755 19.935354 -85.226311
v -257.611755 19.788242 -85.226311
v -257.611755 19.788242 -85.534546
v -215.589676 11.314996 -86.355690
v -215.589676 11.418831 -86.355690
v -215.589676 11.418831 -86.208588
v -215.589676 11.314996 -86.208588
v -215.589676 11.975332 -86.309319
v -215.589676 12.079167 -86.309319
v -215.589676 12.079167 -86.208588
v -215.589676 11.975332 -86.208588
v -215.589676 12.625955 -86.355690
v -215.589676 12.657166 -86.355690
v -215.589676 12.657166 -86.208588
v -215.589676 12.625955 -86.208588
v -215.589676 13.150416 -86.414963
v -215.589676 13.254253 -86.414963
v -215.589676 13.254253 -86.208588
v -215.589676 13.150416 -86.208588
v -215.589676 13.763139 -86.355690
v -215.589676 13.866976 -86.355690
v -215.589676 13.866976 -86.208588
v -215.589676 13.765162 -86.208588
v -215.589676 14.358104 -86.355690
v -215.589676 14.506042 -86.355690
v -215.589676 14.506042 -86.208588
v -215.589676 14.358104 -86.208588
v -215.589676 15.018479 -86.355690
v -215.589676 15.166217 -86.355690
v -215.589676 15.166217 -86.208588
v -215.589676 15.018479 -86.208588
v -215.589676 15.686091 -86.430000
v -215.589676 15.789926 -86.430000
v -215.589676 15.789926 -86.208588
v -215.589676 15.686091 -86.208588
v -215.589676 11.016505 -85.894684
v -215.589676 10.912670 -85.894684
v -215.589676 11.016505 -85.993820
v -215.589676 10.912670 -85.993820
v -215.589676 11.528951 -85.941071
v -215.589676 11.425116 -85.941071
v -215.589676 11.528951 -85.993820
v -215.589676 11.425116 -85.993820
v -215.589676 12.106949 -85.894684
v -215.589676 12.075737 -85.894684
v -215.589676 12.106949 -85.993820
v -215.589676 12.075737 -85.993820
v -215.589676 12.704036 -85.806015
v -215.589676 12.600201 -85.806015
v -215.589676 12.704036 -85.993820
v -215.589676 12.600201 -85.993820
v -215.589676 13.316758 -85.894684
v -215.589676 13.212922 -85.894684
v -215.589676 13.316758 -85.993820
v -215.589676 13.212922 -85.993820
v -215.589676 13.955823 -85.894684
v -215.589676 13.807887 -85.894684
v -215.589676 13.955823 -85.993820
v -215.589676 13.807887 -85.993820
v -215.589676 14.615998 -85.894684
v -215.589676 14.468263 -85.894684
v -215.589676 14.615998 -85.993820
v -215.589676 14.468263 -85.993820
v -215.589676 15.234745 -85.820381
v -215.589676 15.135874 -85.820381
v -215.589676 15.234745 -85.993820
v -215.589676 15.135874 -85.993820
v -215.589676 16.189455 -86.309319
v -215.589676 16.293293 -86.309319
v -215.589676 16.293293 -86.208588
v -215.589676 16.189455 -86.208588
v -215.589676 16.840078 -86.355690
v -215.589676 16.871290 -86.355690
v -215.589676 16.871290 -86.208588
v -215.589676 16.840078 -86.208588
v -215.589676 17.364542 -86.399879
v -215.589676 17.468376 -86.399879
v -215.589676 17.468376 -86.208588
v -215.589676 17.364542 -86.208588
v -215.589676 17.977262 -86.355690
v -215.589676 18.081099 -86.355690
v -215.589676 18.081099 -86.208588
v -215.589676 17.979284 -86.208588
v -215.589676 18.572227 -86.355690
v -215.589676 18.720165 -86.355690
v -215.589676 18.720165 -86.208588
v -215.589676 18.572227 -86.208588
v -215.589676 15.743073 -85.941071
v -215.589676 15.639239 -85.941071
v -215.589676 15.743073 -85.993820
v -215.589676 15.639239 -85.993820
v -215.589676 16.321074 -85.894684
v -215.589676 16.289862 -85.894684
v -215.589676 16.321074 -85.993820
v -215.589676 16.289862 -85.993820
v -215.589676 16.918159 -85.806015
v -215.589676 16.814325 -85.806015
v -215.589676 16.918159 -85.993820
v -215.589676 16.814325 -85.993820
v -215.589676 17.530882 -85.894684
v -215.589676 17.427046 -85.894684
v -215.589676 17.530882 -85.993820
v -215.589676 17.427046 -85.993820
v -215.589676 18.169949 -85.894684
v -215.589676 18.022011 -85.894684
v -215.589676 18.169949 -85.993820
v -215.589676 18.022011 -85.993820
v -215.589676 18.830124 -85.894684
v -215.589676 18.682386 -85.894684
v -215.589676 18.830124 -85.993820
v -215.589676 18.682386 -85.993820
v -215.589676 19.296175 -87.121521
v -215.589676 19.296175 -86.813293
v -215.589676 19.149063 -87.121521
v -215.589676 19.149063 -86.813293
v -215.589676 19.935354 -87.121521
v -215.589676 19.935354 -86.813293
v -215.589676 19.788242 -87.121521
v -215.589676 19.788242 -86.813293
v -215.589676 19.296175 -85.534538
v -215.589676 19.296175 -85.226303
v -215.589676 19.149063 -85.226303
v -215.589676 19.149063 -85.534538
v -215.589676 19.935354 -85.534538
v -215.589676 19.935354 -85.226303
v -215.589676 19.788242 -85.226303
v -215.589676 19.788242 -85.534538
v -173.568497 11.314996 -86.355705
v -173.568497 11.418831 -86.355705
v -173.568497 11.418831 -86.208595
v -173.568497 11.314996 -86.208595
v -173.568497 11.975332 -86.309326
v -173.568497 12.079167 -86.309326
v -173.568497 12.079167 -86.208595
v -173.568497 11.975332 -86.208595
v -173.568497 12.625955 -86.355705
v -173.568497 12.657166 -86.355705
v -173.568497 12.657166 -86.208595
v -173.568497 12.625955 -86.208595
v -173.568497 13.150416 -86.414963
v -173.568497 13.254253 -86.414963
v -173.568497 13.254253 -86.208595
v -173.568497 13.150416 -86.208595
v -173.568497 13.763139 -86.355705
v -173.568497 13.866976 -86.355705
v -173.568497 13.866976 -86.208595
v -173.568497 13.765162 -86.208595
v -173.568497 14.358104 -86.355705
v -173.568497 14.506042 -86.355705
v -173.568497 14.506042 -86.208595
v -173.568497 14.358104 -86.208595
v -173.568497 15.018479 -86.355705
v -173.568497 15.166217 -86.355705
v -173.568497 15.166217 -86.208595
v -173.568497 15.018479 -86.208595
v -173.568497 15.686091 -86.430008
v -173.568497 15.789926 -86.430008
v -173.568497 15.789926 -86.208595
v -173.568497 15.686091 -86.208595
v -173.568497 11.016505 -85.894684
v -173.568497 10.912670 -85.894684
v -173.568497 11.016505 -85.993820
v -173.568497 10.912670 -85.993820
v -173.568497 11.528951 -85.941063
v -173.568497 11.425116 -85.941063
v -173.568497 11.528951 -85.993820
v -173.568497 11.425116 -85.993820
v -173.568497 12.106949 -85.894684
v -173.568497 12.075737 -85.894684
v -173.568497 12.106949 -85.993820
v -173.568497 12.075737 -85.993820
v -173.568497 12.704036 -85.806015
v -173.568497 12.600201 -85.806015
v -173.568497 12.704036 -85.993820
v -173.568497 12.600201 -85.993820
v -173.568497 13.316758 -85.894684
v -173.568497 13.212922 -85.894684
v -173.568497 13.316758 -85.993820
v -173.568497 13.212922 -85.993820
v -173.568497 13.955823 -85.894684
v -173.568497 13.807887 -85.894684
v -173.568497 13.955823 -85.993820
v -173.568497 13.807887 -85.993820
v -173.568497 14.615998 -85.894684
v -173.568497 14.468263 -85.894684
v -173.568497 14.615998 -85.993820
v -173.568497 14.468263 -85.993820
v -173.568497 15.234745 -85.820389
v -173.568497 15.135874 -85.820389
v -173.568497 15.234745 -85.993820
v -173.568497 15.135874 -85.993820
v -173.568497 16.189455 -86.309326
v -173.568497 16.293293 -86.309326
v -173.568497 16.293293 -86.208595
v -173.568497 16.189455 -86.208595
v -173.568497 16.840078 -86.355705
v -173.568497 16.871290 -86.355705
v -173.568497 16.871290 -86.208595
v -173.568497 16.840078 -86.208595
v -173.568497 17.364542 -86.399872
v -173.568497 17.468376 -86.399872
v -173.568497 17.468376 -86.208595
v -173.568497 17.364542 -86.208595
v -173.568497 17.977262 -86.355705
v -173.568497 18.081099 -86.355705
v -173.568497 18.081099 -86.208595
v -173.568497 17.979284 -86.208595
v -173.568497 18.572227 -86.355705
v -173.568497 18.720165 -86.355705
v -173.568497 18.720165 -86.208595
v -173.568497 18.572227 -86.208595
v -173.568497 15.743073 -85.941063
v -173.568497 15.639239 -85.941063
v -173.568497 15.743073 -85.993820
v -173.568497 15.639239 -85.993820
v -173.568497 16.321074 -85.894684
v -173.568497 16.289862 -85.894684
v -173.568497 16.321074 -85.993820
v -173.568497 16.289862 -85.993820
v -173.568497 16.918159 -85.806015
v -173.568497 16.814325 -85.806015
v -173.568497 16.918159 -85.993820
v -173.568497 16.814325 -85.993820
v -173.568497 17.530882 -85.894684
v -173.568497 17.427046 -85.894684
v -173.568497 17.530882 -85.993820
v -173.568497 17.427046 -85.993820
v -173.568497 18.169949 -85.894684
v -173.568497 18.022011 -85.894684
v -173.568497 18.169949 -85.993820
v -173.568497 18.022011 -85.993820
v -173.568497 18.830124 -85.894684
v -173.568497 18.682386 -85.894684
v -173.568497 18.830124 -85.993820
v -173.568497 18.682386 -85.993820
v -173.568451 19.296175 -87.121536
v -173.568451 19.296175 -86.813301
v -173.568451 19.149063 -87.121536
v -173.568451 19.149063 -86.813301
v -173.568451 19.935354 -87.121536
v -173.568451 19.935354 -86.813301
v -173.568451 19.788242 -87.121536
v -173.568451 19.788242 -86.813301
v -173.568497 19.296175 -85.534546
v -173.568497 19.296175 -85.226311
v -173.568497 19.149063 -85.226311
v -173.568497 19.149063 -85.534546
v -173.568497 19.935354 -85.534546
v -173.568497 19.935354 -85.226311
v -173.568497 19.788242 -85.226311
v -173.568497 19.788242 -85.534546
v -131.441971 11.314996 -86.355713
v -131.441971 11.418831 -86.355713
v -131.441971 11.418831 -86.208603
v -131.441971 11.314996 -86.208603
v -131.441971 11.975332 -86.309326
v -131.441971 12.079167 -86.309326
v -131.441971 12.079167 -86.208603
v -131.441971 11.975332 -86.208603
v -131.441971 12.625955 -86.355713
v -131.441971 12.657166 -86.355713
v -131.441971 12.657166 -86.208603
v -131.441971 12.625955 -86.208603
v -131.441971 13.150416 -86.414970
v -131.441971 13.254253 -86.414970
v -131.441971 13.254253 -86.208603
v -131.441971 13.150416 -86.208603
v -131.441971 13.763139 -86.355713
v -131.441971 13.866976 -86.355713
v -131.441971 13.866976 -86.208603
v -131.441971 13.765162 -86.208603
v -131.441971 14.358104 -86.355713
v -131.441971 14.506042 -86.355713
v -131.441971 14.506042 -86.208603
v -131.441971 14.358104 -86.208603
v -131.441971 15.018479 -86.355713
v -131.441971 15.166217 -86.355713
v -131.441971 15.166217 -86.208603
v -131.441971 15.018479 -86.208603
v -131.441971 15.686091 -86.430008
v -131.441971 15.789926 -86.430008
v -131.441971 15.789926 -86.208603
v -131.441971 15.686091 -86.208603
v -131.441971 11.016505 -85.894691
v -131.441971 10.912670 -85.894691
v -131.441971 11.016505 -85.993820
v -131.441971 10.912670 -85.993820
v -131.441971 11.528951 -85.941071
v -131.441971 11.425116 -85.941071
v -131.441971 11.528951 -85.993820
v -131.441971 11.425116 -85.993820
v -131.441971 12.106949 -85.894691
v -131.441971 12.075737 -85.894691
v -131.441971 12.106949 -85.993820
v -131.441971 12.075737 -85.993820
v -131.441971 12.704036 -85.806023
v -131.441971 12.600201 -85.806023
v -131.441971 12.704036 -85.993820
v -131.441971 12.600201 -85.993820
v -131.441971 13.316758 -85.894691
v -131.441971 13.212922 -85.894691
v -131.441971 13.316758 -85.993820
v -131.441971 13.212922 -85.993820
v -131.441971 13.955823 -85.894691
v -131.441971 13.807887 -85.894691
v -131.441971 13.955823 -85.993820
v -131.441971 13.807887 -85.993820
v -131.441971 14.615998 -85.894691
v -131.441971 14.468263 -85.894691
v -131.441971 14.615998 -85.993820
v -131.441971 14.468263 -85.993820
v -131.441971 15.234745 -85.820389
v -131.441971 15.135874 -85.820389
v -131.441971 15.234745 -85.993820
v -131.441971 15.135874 -85.993820
v -131.441971 16.189455 -86.309326
v -131.441971 16.293293 -86.309326
v -131.441971 16.293293 -86.208603
v -131.441971 16.189455 -86.208603
v -131.441971 16.840078 -86.355713
v -131.441971 16.871290 -86.355713
v -131.441971 16.871290 -86.208603
v -131.441971 16.840078 -86.208603
v -131.441971 17.364542 -86.399879
v -131.441971 17.468376 -86.399879
v -131.441971 17.468376 -86.208603
v -131.441971 17.364542 -86.208603
v -131.441971 17.977262 -86.355713
v -131.441971 18.081099 -86.355713
v -131.441971 18.081099 -86.208603
v -131.441971 17.979284 -86.208603
v -131.441971 18.572227 -86.355713
v -131.441971 18.720165 -86.355713
v -131.441971 18.720165 -86.208603
v -131.441971 18.572227 -86.208603
v -131.441971 15.743073 -85.941071
v -131.441971 15.639239 -85.941071
v -131.441971 15.743073 -85.993820
v -131.441971 15.639239 -85.993820
v -131.441971 16.321074 -85.894691
v -131.441971 16.289862 -85.894691
v -131.441971 16.321074 -85.993820
v -131.441971 16.289862 -85.993820
v -131.441971 16.918159 -85.806023
v -131.441971 16.814325 -85.806023
v -131.441971 16.918159 -85.993820
v -131.441971 16.814325 -85.993820
v -131.441971 17.530882 -85.894691
v -131.441971 17.427046 -85.894691
v -131.441971 17.530882 -85.993820
v -131.441971 17.427046 -85.993820
v -131.441971 18.169949 -85.894691
v -131.441971 18.022011 -85.894691
v -131.441971 18.169949 -85.993820
v -131.441971 18.022011 -85.993820
v -131.441971 18.830124 -85.894691
v -131.441971 18.682386 -85.894691
v -131.441971 18.830124 -85.993820
v -131.441971 18.682386 -85.993820
v -131.441956 19.296175 -87.121544
v -131.441956 19.296175 -86.813309
v -131.441956 19.149063 -87.121544
v -131.441956 19.149063 -86.813309
v -131.441956 19.935354 -87.121544
v -131.441956 19.935354 -86.813309
v -131.441956 19.788242 -87.121544
v -131.441956 19.788242 -86.813309
v -131.441971 19.296175 -85.534546
v -131.441971 19.296175 -85.226326
v -131.441971 19.149063 -85.226326
v -131.441971 19.149063 -85.534546
v -131.441971 19.935354 -85.534546
v -131.441971 19.935354 -85.226326
v -131.441971 19.788242 -85.226326
v -131.441971 19.788242 -85.534546
v -89.256134 11.314996 -86.355240
v -89.256134 11.418831 -86.355240
v -89.256134 11.418831 -86.208138
v -89.256134 11.314996 -86.208138
v -89.256134 11.975332 -86.308853
v -89.256134 12.079167 -86.308853
v -89.256134 12.079167 -86.208138
v -89.256134 11.975332 -86.208138
v -89.256134 12.625955 -86.355240
v -89.256134 12.657166 -86.355240
v -89.256134 12.657166 -86.208138
v -89.256134 12.625955 -86.208138
v -89.256134 13.150416 -86.414513
v -89.256134 13.254252 -86.414513
v -89.256134 13.254252 -86.208138
v -89.256134 13.150416 -86.208138
v -89.256134 13.763139 -86.355240
v -89.256134 13.866976 -86.355240
v -89.256134 13.866976 -86.208138
v -89.256134 13.765162 -86.208138
v -89.256134 14.358104 -86.355240
v -89.256134 14.506042 -86.355240
v -89.256134 14.506042 -86.208138
v -89.256134 14.358104 -86.208138
v -89.256134 15.018479 -86.355240
v -89.256134 15.166215 -86.355240
v -89.256134 15.166215 -86.208138
v -89.256134 15.018479 -86.208138
v -89.256134 15.686091 -86.429535
v -89.256134 15.789926 -86.429535
v -89.256134 15.789926 -86.208138
v -89.256134 15.686091 -86.208138
v -89.256134 11.016505 -85.894218
v -89.256134 10.912670 -85.894218
v -89.256134 11.016505 -85.993362
v -89.256134 10.912670 -85.993362
v -89.256134 11.528951 -85.940605
v -89.256134 11.425116 -85.940605
v -89.256134 11.528951 -85.993362
v -89.256134 11.425116 -85.993362
v -89.256134 12.106948 -85.894218
v -89.256134 12.075736 -85.894218
v -89.256134 12.106948 -85.993362
v -89.256134 12.075736 -85.993362
v -89.256134 12.704034 -85.805550
v -89.256134 12.600201 -85.805550
v -89.256134 12.704034 -85.993362
v -89.256134 12.600201 -85.993362
v -89.256134 13.316758 -85.894218
v -89.256134 13.212921 -85.894218
v -89.256134 13.316758 -85.993362
v -89.256134 13.212921 -85.993362
v -89.256134 13.955823 -85.894218
v -89.256134 13.807887 -85.894218
v -89.256134 13.955823 -85.993362
v -89.256134 13.807887 -85.993362
v -89.256134 14.615998 -85.894218
v -89.256134 14.468263 -85.894218
v -89.256134 14.615998 -85.993362
v -89.256134 14.468263 -85.993362
v -89.256134 15.234745 -85.819923
v -89.256134 15.135874 -85.819923
v -89.256134 15.234745 -85.993362
v -89.256134 15.135874 -85.993362
v -89.256134 16.189455 -86.308853
v -89.256134 16.293293 -86.308853
v -89.256134 16.293293 -86.208138
v -89.256134 16.189455 -86.208138
v -89.256134 16.840078 -86.355240
v -89.256134 16.871290 -86.355240
v -89.256134 16.871290 -86.208138
v -89.256134 16.840078 -86.208138
v -89.256134 17.364542 -86.399422
v -89.256134 17.468376 -86.399422
v -89.256134 17.468376 -86.208138
v -89.256134 17.364542 -86.208138
v -89.256134 17.977262 -86.355240
v -89.256134 18.081099 -86.355240
v -89.256134 18.081099 -86.208138
v -89.256134 17.979284 -86.208138
v -89.256134 18.572227 -86.355240
v -89.256134 18.720165 -86.355240
v -89.256134 18.720165 -86.208138
v -89.256134 18.572227 -86.208138
v -89.256134 15.743073 -85.940605
v -89.256134 15.639239 -85.940605
v -89.256134 15.743073 -85.993362
v -89.256134 15.639239 -85.993362
v -89.256134 16.321074 -85.894218
v -89.256134 16.289862 -85.894218
v -89.256134 16.321074 -85.993362
v -89.256134 16.289862 -85.993362
v -89.256134 16.918159 -85.805550
v -89.256134 16.814325 -85.805550
v -89.256134 16.918159 -85.993362
v -89.256134 16.814325 -85.993362
v -89.256134 17.530882 -85.894218
v -89.256134 17.427046 -85.894218
v -89.256134 17.530882 -85.993362
v -89.256134 17.427046 -85.993362
v -89.256134 18.169949 -85.894218
v -89.256134 18.022011 -85.894218
v -89.256134 18.169949 -85.993362
v -89.256134 18.022011 -85.993362
v -89.256134 18.830124 -85.894218
v -89.256134 18.682386 -85.894218
v -89.256134 18.830124 -85.993362
v -89.256134 18.682386 -85.993362
v -89.256073 19.296175 -87.121078
v -89.256073 19.296175 -86.812851
v -89.256073 19.149063 -87.121078
v -89.256073 19.149063 -86.812851
v -89.256073 19.935354 -87.121078
v -89.256073 19.935354 -86.812851
v -89.256073 19.788242 -87.121078
v -89.256073 19.788242 -86.812851
v -89.256134 19.296175 -85.534088
v -89.256134 19.296175 -85.225861
v -89.256134 19.149063 -85.225861
v -89.256134 19.149063 -85.534088
v -89.256134 19.935354 -85.534088
v -89.256134 19.935354 -85.225861
v -89.256134 19.788242 -85.225861
v -89.256134 19.788242 -85.534088
v -47.234894 11.314996 -86.355240
v -47.234894 11.418831 -86.355240
v -47.234894 11.418831 -86.208130
v -47.234894 11.314996 -86.208130
v -47.234894 11.975332 -86.308868
v -47.234894 12.079167 -86.308868
v -47.234894 12.079167 -86.208130
v -47.234894 11.975332 -86.208130
v -47.234894 12.625955 -86.355240
v -47.234894 12.657166 -86.355240
v -47.234894 12.657166 -86.208130
v -47.234894 12.625955 -86.208130
v -47.234894 13.150416 -86.414505
v -47.234894 13.254252 -86.414505
v -47.234894 13.254252 -86.208130
v -47.234894 13.150416 -86.208130
v -47.234894 13.763139 -86.355240
v -47.234894 13.866976 -86.355240
v -47.234894 13.866976 -86.208130
v -47.234894 13.765162 -86.208130
v -47.234894 14.358104 -86.355240
v -47.234894 14.506042 -86.355240
v -47.234894 14.506042 -86.208130
v -47.234894 14.358104 -86.208130
v -47.234894 15.018479 -86.355240
v -47.234894 15.166215 -86.355240
v -47.234894 15.166215 -86.208130
v -47.234894 15.018479 -86.208130
v -47.234894 15.686091 -86.429543
v -47.234894 15.789926 -86.429543
v -47.234894 15.789926 -86.208130
v -47.234894 15.686091 -86.208130
v -47.234894 11.016505 -85.894226
v -47.234894 10.912670 -85.894226
v -47.234894 11.016505 -85.993370
v -47.234894 10.912670 -85.993370
v -47.234894 11.528951 -85.940613
v -47.234894 11.425116 -85.940613
v -47.234894 11.528951 -85.993370
v -47.234894 11.425116 -85.993370
v -47.234894 12.106948 -85.894226
v -47.234894 12.075736 -85.894226
v -47.234894 12.106948 -85.993370
v -47.234894 12.075736 -85.993370
v -47.234894 12.704034 -85.805557
v -47.234894 12.600201 -85.805557
v -47.234894 12.704034 -85.993370
v -47.234894 12.600201 -85.993370
v -47.234894 13.316758 -85.894226
v -47.234894 13.212921 -85.894226
v -47.234894 13.316758 -85.993370
v -47.234894 13.212921 -85.993370
v -47.234894 13.955823 -85.894226
v -47.234894 13.807887 -85.894226
v -47.234894 13.955823 -85.993370
v -47.234894 13.807887 -85.993370
v -47.234894 14.615998 -85.894226
v -47.234894 14.468263 -85.894226
v -47.234894 14.615998 -85.993370
v -47.234894 14.468263 -85.993370
v -47.234894 15.234745 -85.819923
v -47.234894 15.135874 -85.819923
v -47.234894 15.234745 -85.993370
v -47.234894 15.135874 -85.993370
v -47.234894 16.189455 -86.308868
v -47.234894 16.293293 -86.308868
v -47.234894 16.293293 -86.208130
v -47.234894 16.189455 -86.208130
v -47.234894 16.840078 -86.355240
v -47.234894 16.871290 -86.355240
v -47.234894 16.871290 -86.208130
v -47.234894 16.840078 -86.208130
v -47.234894 17.364542 -86.399429
v -47.234894 17.468376 -86.399429
v -47.234894 17.468376 -86.208130
v -47.234894 17.364542 -86.208130
v -47.234894 17.977262 -86.355240
v -47.234894 18.081099 -86.355240
v -47.234894 18.081099 -86.208130
v -47.234894 17.979284 -86.208130
v -47.234894 18.572227 -86.355240
v -47.234894 18.720165 -86.355240
v -47.234894 18.720165 -86.208130
v -47.234894 18.572227 -86.208130
v -47.234894 15.743073 -85.940613
v -47.234894 15.639239 -85.940613
v -47.234894 15.743073 -85.993370
v -47.234894 15.639239 -85.993370
v -47.234894 16.321074 -85.894226
v -47.234894 16.289862 -85.894226
v -47.234894 16.321074 -85.993370
v -47.234894 16.289862 -85.993370
v -47.234894 16.918159 -85.805557
v -47.234894 16.814325 -85.805557
v -47.234894 16.918159 -85.993370
v -47.234894 16.814325 -85.993370
v -47.234894 17.530882 -85.894226
v -47.234894 17.427046 -85.894226
v -47.234894 17.530882 -85.993370
v -47.234894 17.427046 -85.993370
v -47.234894 18.169949 -85.894226
v -47.234894 18.022011 -85.894226
v -47.234894 18.169949 -85.993370
v -47.234894 18.022011 -85.993370
v -47.234894 18.830124 -85.894226
v -47.234894 18.682386 -85.894226
v -47.234894 18.830124 -85.993370
v -47.234894 18.682386 -85.993370
v -47.234894 19.296175 -87.121078
v -47.234894 19.296175 -86.812843
v -47.234894 19.149063 -87.121078
v -47.234894 19.149063 -86.812843
v -47.234894 19.935354 -87.121078
v -47.234894 19.935354 -86.812843
v -47.234894 19.788242 -87.121078
v -47.234894 19.788242 -86.812843
v -47.234894 19.296175 -85.534088
v -47.234894 19.296175 -85.225861
v -47.234894 19.149063 -85.225861
v -47.234894 19.149063 -85.534088
v -47.234894 19.935354 -85.534088
v -47.234894 19.935354 -85.225861
v -47.234894 19.788242 -85.225861
v -47.234894 19.788242 -85.534088
v -4.713135 11.314994 -88.716812
v -4.713135 11.418830 -88.716812
v -4.713135 11.418830 -88.569710
v -4.713135 11.314994 -88.569710
v -4.713135 11.975332 -88.670441
v -4.713135 12.079167 -88.670441
v -4.713135 12.079167 -88.569710
v -4.713135 11.975332 -88.569710
v -4.713135 12.625955 -88.716812
v -4.713135 12.657166 -88.716812
v -4.713135 12.657166 -88.569710
v -4.713135 12.625955 -88.569710
v -4.713135 13.150416 -88.776085
v -4.713135 13.254252 -88.776085
v -4.713135 13.254252 -88.569710
v -4.713135 13.150416 -88.569710
v -4.713135 13.763139 -88.716812
v -4.713135 13.866976 -88.716812
v -4.713135 13.866976 -88.569710
v -4.713135 13.765162 -88.569710
v -4.713135 14.358104 -88.716812
v -4.713135 14.506042 -88.716812
v -4.713135 14.506042 -88.569710
v -4.713135 14.358104 -88.569710
v -4.713135 15.018479 -88.716812
v -4.713135 15.166215 -88.716812
v -4.713135 15.166215 -88.569710
v -4.713135 15.018479 -88.569710
v -4.713135 15.686091 -88.791122
v -4.713135 15.789926 -88.791122
v -4.713135 15.789926 -88.569710
v -4.713135 15.686091 -88.569710
v -4.713135 11.016504 -88.255806
v -4.713135 10.912670 -88.255806
v -4.713135 11.016504 -88.354942
v -4.713135 10.912670 -88.354942
v -4.713135 11.528951 -88.302193
v -4.713135 11.425115 -88.302193
v -4.713135 11.528951 -88.354942
v -4.713135 11.425115 -88.354942
v -4.713135 12.106948 -88.255806
v -4.713135 12.075736 -88.255806
v -4.713135 12.106948 -88.354942
v -4.713135 12.075736 -88.354942
v -4.713135 12.704034 -88.167137
v -4.713135 12.600201 -88.167137
v -4.713135 12.704034 -88.354942
v -4.713135 12.600201 -88.354942
v -4.713135 13.316758 -88.255806
v -4.713135 13.212921 -88.255806
v -4.713135 13.316758 -88.354942
v -4.713135 13.212921 -88.354942
v -4.713135 13.955823 -88.255806
v -4.713135 13.807887 -88.255806
v -4.713135 13.955823 -88.354942
v -4.713135 13.807887 -88.354942
v -4.713135 14.615998 -88.255806
v -4.713135 14.468263 -88.255806
v -4.713135 14.615998 -88.354942
v -4.713135 14.468263 -88.354942
v -4.713135 15.234745 -88.181503
v -4.713135 15.135874 -88.181503
v -4.713135 15.234745 -88.354942
v -4.713135 15.135874 -88.354942
v -4.713135 16.189453 -88.670441
v -4.713135 16.293291 -88.670441
v -4.713135 16.293291 -88.569710
v -4.713135 16.189453 -88.569710
v -4.713135 16.840076 -88.716812
v -4.713135 16.871288 -88.716812
v -4.713135 16.871288 -88.569710
v -4.713135 16.840076 -88.569710
v -4.713135 17.364540 -88.761002
v -4.713135 17.468374 -88.761002
v -4.713135 17.468374 -88.569710
v -4.713135 17.364540 -88.569710
v -4.713135 17.977262 -88.716812
v -4.713135 18.081097 -88.716812
v -4.713135 18.081097 -88.569710
v -4.713135 17.979282 -88.569710
v -4.713135 18.572226 -88.716812
v -4.713135 18.720163 -88.716812
v -4.713135 18.720163 -88.569710
v -4.713135 18.572226 -88.569710
v -4.713135 15.743073 -88.302193
v -4.713135 15.639239 -88.302193
v -4.713135 15.743073 -88.354942
v -4.713135 15.639239 -88.354942
v -4.713135 16.321074 -88.255806
v -4.713135 16.289862 -88.255806
v -4.713135 16.321074 -88.354942
v -4.713135 16.289862 -88.354942
v -4.713135 16.918159 -88.167137
v -4.713135 16.814325 -88.167137
v -4.713135 16.918159 -88.354942
v -4.713135 16.814325 -88.354942
v -4.713135 17.530882 -88.255806
v -4.713135 17.427046 -88.255806
v -4.713135 17.530882 -88.354942
v -4.713135 17.427046 -88.354942
v -4.713135 18.169949 -88.255806
v -4.713135 18.022011 -88.255806
v -4.713135 18.169949 -88.354942
v -4.713135 18.022011 -88.354942
v -4.713135 18.830124 -88.255806
v -4.713135 18.682390 -88.255806
v -4.713135 18.830124 -88.354942
v -4.713135 18.682390 -88.354942
v -4.713104 19.296173 -89.482651
v -4.713104 19.296173 -89.174423
v -4.713104 19.149061 -89.482651
v -4.713104 19.149061 -89.174423
v -4.713104 19.935352 -89.482651
v -4.713104 19.935352 -89.174423
v -4.713104 19.788242 -89.482651
v -4.713104 19.788242 -89.174423
v -4.713135 19.296175 -87.895660
v -4.713135 19.296175 -87.587433
v -4.713135 19.149063 -87.587433
v -4.713135 19.149063 -87.895660
v -4.713135 19.935354 -87.895660
v -4.713135 19.935354 -87.587433
v -4.713135 19.788244 -87.587433
v -4.713135 19.788244 -87.895660
v 39.623474 11.314993 -95.511108
v 39.623474 11.418829 -95.511108
v 39.623474 11.418829 -95.363998
v 39.623474 11.314993 -95.363998
v 39.623474 11.975331 -95.464737
v 39.623474 12.079166 -95.464737
v 39.623474 12.079166 -95.363998
v 39.623474 11.975331 -95.363998
v 39.623474 12.625954 -95.511108
v 39.623474 12.657165 -95.511108
v 39.623474 12.657165 -95.363998
v 39.623474 12.625954 -95.363998
v 39.623474 13.150415 -95.570374
v 39.623474 13.254251 -95.570374
v 39.623474 13.254251 -95.363998
v 39.623474 13.150415 -95.363998
v 39.623474 13.763138 -95.511108
v 39.623474 13.866972 -95.511108
v 39.623474 13.866972 -95.363998
v 39.623474 13.765161 -95.363998
v 39.623474 14.358102 -95.511108
v 39.623474 14.506041 -95.511108
v 39.623474 14.506041 -95.363998
v 39.623474 14.358102 -95.363998
v 39.623474 15.018476 -95.511108
v 39.623474 15.166214 -95.511108
v 39.623474 15.166214 -95.363998
v 39.623474 15.018476 -95.363998
v 39.623474 15.686090 -95.585411
v 39.623474 15.789925 -95.585411
v 39.623474 15.789925 -95.363998
v 39.623474 15.686090 -95.363998
v 39.623474 11.016502 -95.050095
v 39.623474 10.912669 -95.050095
v 39.623474 11.016502 -95.149231
v 39.623474 10.912669 -95.149231
v 39.623474 11.528950 -95.096474
v 39.623474 11.425114 -95.096474
v 39.623474 11.528950 -95.149231
v 39.623474 11.425114 -95.149231
v 39.623474 12.106947 -95.050095
v 39.623474 12.075735 -95.050095
v 39.623474 12.106947 -95.149231
v 39.623474 12.075735 -95.149231
v 39.623474 12.704033 -94.961426
v 39.623474 12.600200 -94.961426
v 39.623474 12.704033 -95.149231
v 39.623474 12.600200 -95.149231
v 39.623474 13.316755 -95.050095
v 39.623474 13.212920 -95.050095
v 39.623474 13.316755 -95.149231
v 39.623474 13.212920 -95.149231
v 39.623474 13.955822 -95.050095
v 39.623474 13.807886 -95.050095
v 39.623474 13.955822 -95.149231
v 39.623474 13.807886 -95.149231
v 39.623474 14.615997 -95.050095
v 39.623474 14.468262 -95.050095
v 39.623474 14.615997 -95.149231
v 39.623474 14.468262 -95.149231
v 39.623474 15.234744 -94.975800
v 39.623474 15.135873 -94.975800
v 39.623474 15.234744 -95.149231
v 39.623474 15.135873 -95.149231
v 39.623474 16.189453 -95.464737
v 39.623474 16.293289 -95.464737
v 39.623474 16.293289 -95.363998
v 39.623474 16.189453 -95.363998
v 39.623474 16.840076 -95.511108
v 39.623474 16.871288 -95.511108
v 39.623474 16.871288 -95.363998
v 39.623474 16.840076 -95.363998
v 39.623474 17.364540 -95.555283
v 39.623474 17.468374 -95.555283
v 39.623474 17.468374 -95.363998
v 39.623474 17.364540 -95.363998
v 39.623474 17.977262 -95.511108
v 39.623474 18.081097 -95.511108
v 39.623474 18.081097 -95.363998
v 39.623474 17.979282 -95.363998
v 39.623474 18.572226 -95.511108
v 39.623474 18.720163 -95.511108
v 39.623474 18.720163 -95.363998
v 39.623474 18.572226 -95.363998
v 39.623474 15.743073 -95.096474
v 39.623474 15.639238 -95.096474
v 39.623474 15.743073 -95.149231
v 39.623474 15.639238 -95.149231
v 39.623474 16.321072 -95.050095
v 39.623474 16.289860 -95.050095
v 39.623474 16.321072 -95.149231
v 39.623474 16.289860 -95.149231
v 39.623474 16.918158 -94.961426
v 39.623474 16.814322 -94.961426
v 39.623474 16.918158 -95.149231
v 39.623474 16.814322 -95.149231
v 39.623474 17.530880 -95.050095
v 39.623474 17.427044 -95.050095
v 39.623474 17.530880 -95.149231
v 39.623474 17.427044 -95.149231
v 39.623474 18.169947 -95.050095
v 39.623474 18.022009 -95.050095
v 39.623474 18.169947 -95.149231
v 39.623474 18.022009 -95.149231
v 39.623474 18.830122 -95.050095
v 39.623474 18.682388 -95.050095
v 39.623474 18.830122 -95.149231
v 39.623474 18.682388 -95.149231
v 39.623413 19.296173 -96.276939
v 39.623413 19.296173 -95.968712
v 39.623413 19.149061 -96.276939
v 39.623413 19.149061 -95.968712
v 39.623413 19.935352 -96.276939
v 39.623413 19.935352 -95.968712
v 39.623413 19.788242 -96.276939
v 39.623413 19.788242 -95.968712
v 39.623474 19.296173 -94.689957
v 39.623474 19.296173 -94.381721
v 39.623474 19.149061 -94.381721
v 39.623474 19.149061 -94.689957
v 39.623474 19.935352 -94.689957
v 39.623474 19.935352 -94.381721
v 39.623474 19.788242 -94.381721
v 39.623474 19.788242 -94.689957
v 83.346588 11.314992 -101.712357
v 83.346588 11.418829 -101.712357
v 83.346588 11.418829 -101.565239
v 83.346588 11.314992 -101.565239
v 83.346588 11.975331 -101.665977
v 83.346588 12.079166 -101.665977
v 83.346588 12.079166 -101.565239
v 83.346588 11.975331 -101.565239
v 83.346588 12.625954 -101.712357
v 83.346588 12.657165 -101.712357
v 83.346588 12.657165 -101.565239
v 83.346588 12.625954 -101.565239
v 83.346588 13.150414 -101.771614
v 83.346588 13.254251 -101.771614
v 83.346588 13.254251 -101.565239
v 83.346588 13.150414 -101.565239
v 83.346588 13.763138 -101.712357
v 83.346588 13.866972 -101.712357
v 83.346588 13.866972 -101.565239
v 83.346588 13.765161 -101.565239
v 83.346588 14.358102 -101.712357
v 83.346588 14.506041 -101.712357
v 83.346588 14.506041 -101.565239
v 83.346588 14.358102 -101.565239
v 83.346588 15.018476 -101.712357
v 83.346588 15.166214 -101.712357
v 83.346588 15.166214 -101.565239
v 83.346588 15.018476 -101.565239
v 83.346588 15.686090 -101.786652
v 83.346588 15.789925 -101.786652
v 83.346588 15.789925 -101.565239
v 83.346588 15.686090 -101.565239
v 83.346588 11.016502 -101.251335
v 83.346588 10.912669 -101.251335
v 83.346588 11.016502 -101.350479
v 83.346588 10.912669 -101.350479
v 83.346588 11.528949 -101.297722
v 83.346588 11.425114 -101.297722
v 83.346588 11.528949 -101.350479
v 83.346588 11.425114 -101.350479
v 83.346588 12.106947 -101.251335
v 83.346588 12.075735 -101.251335
v 83.346588 12.106947 -101.350479
v 83.346588 12.075735 -101.350479
v 83.346588 12.704033 -101.162666
v 83.346588 12.600200 -101.162666
v 83.346588 12.704033 -101.350479
v 83.346588 12.600200 -101.350479
v 83.346588 13.316755 -101.251335
v 83.346588 13.212918 -101.251335
v 83.346588 13.316755 -101.350479
v 83.346588 13.212918 -101.350479
v 83.346588 13.955822 -101.251335
v 83.346588 13.807884 -101.251335
v 83.346588 13.955822 -101.350479
v 83.346588 13.807884 -101.350479
v 83.346588 14.615997 -101.251335
v 83.346588 14.468262 -101.251335
v 83.346588 14.615997 -101.350479
v 83.346588 14.468262 -101.350479
v 83.346588 15.234742 -101.177032
v 83.346588 15.135873 -101.177032
v 83.346588 15.234742 -101.350479
v 83.346588 15.135873 -101.350479
v 83.346588 16.189453 -101.665977
v 83.346588 16.293289 -101.665977
v 83.346588 16.293289 -101.565239
v 83.346588 16.189453 -101.565239
v 83.346588 16.840076 -101.712357
v 83.346588 16.871288 -101.712357
v 83.346588 16.871288 -101.565239
v 83.346588 16.840076 -101.565239
v 83.346588 17.364540 -101.756538
v 83.346588 17.468374 -101.756538
v 83.346588 17.468374 -101.565239
v 83.346588 17.364540 -101.565239
v 83.346588 17.977262 -101.712357
v 83.346588 18.081097 -101.712357
v 83.346588 18.081097 -101.565239
v 83.346588 17.979282 -101.565239
v 83.346588 18.572226 -101.712357
v 83.346588 18.720163 -101.712357
v 83.346588 18.720163 -101.565239
v 83.346588 18.572226 -101.565239
v 83.346588 15.743073 -101.297722
v 83.346588 15.639238 -101.297722
v 83.346588 15.743073 -101.350479
v 83.346588 15.639238 -101.350479
v 83.346588 16.321072 -101.251335
v 83.346588 16.289860 -101.251335
v 83.346588 16.321072 -101.350479
v 83.346588 16.289860 -101.350479
v 83.346588 16.918158 -101.162666
v 83.346588 16.814322 -101.162666
v 83.346588 16.918158 -101.350479
v 83.346588 16.814322 -101.350479
v 83.346588 17.530880 -101.251335
v 83.346588 17.427044 -101.251335
v 83.346588 17.530880 -101.350479
v 83.346588 17.427044 -101.350479
v 83.346588 18.169947 -101.251335
v 83.346588 18.022009 -101.251335
v 83.346588 18.169947 -101.350479
v 83.346588 18.022009 -101.350479
v 83.346588 18.830122 -101.251335
v 83.346588 18.682388 -101.251335
v 83.346588 18.830122 -101.350479
v 83.346588 18.682388 -101.350479
v 83.346680 19.296173 -102.478188
v 83.346680 19.296173 -102.169952
v 83.346680 19.149061 -102.478188
v 83.346680 19.149061 -102.169952
v 83.346680 19.935352 -102.478188
v 83.346680 19.935352 -102.169952
v 83.346680 19.788242 -102.478188
v 83.346680 19.788242 -102.169952
v 83.346588 19.296173 -100.891190
v 83.346588 19.296173 -100.582970
v 83.346588 19.149061 -100.582970
v 83.346588 19.149061 -100.891190
v 83.346588 19.935352 -100.891190
v 83.346588 19.935352 -100.582970
v 83.346588 19.788242 -100.582970
v 83.346588 19.788242 -100.891190
v 125.089050 11.314991 -111.994301
v 125.089050 11.418828 -111.994301
v 125.089050 11.418828 -111.847183
v 125.089050 11.314991 -111.847183
v 125.089050 11.975330 -111.947922
v 125.089050 12.079165 -111.947922
v 125.089050 12.079165 -111.847183
v 125.089050 11.975330 -111.847183
v 125.089050 12.625953 -111.994301
v 125.089050 12.657164 -111.994301
v 125.089050 12.657164 -111.847183
v 125.089050 12.625953 -111.847183
v 125.089050 13.150413 -112.053558
v 125.089050 13.254251 -112.053558
v 125.089050 13.254251 -111.847183
v 125.089050 13.150413 -111.847183
v 125.089050 13.763137 -111.994301
v 125.089050 13.866971 -111.994301
v 125.089050 13.866971 -111.847183
v 125.089050 13.765160 -111.847183
v 125.089050 14.358101 -111.994301
v 125.089050 14.506038 -111.994301
v 125.089050 14.506038 -111.847183
v 125.089050 14.358101 -111.847183
v 125.089050 15.018476 -111.994301
v 125.089050 15.166211 -111.994301
v 125.089050 15.166211 -111.847183
v 125.089050 15.018476 -111.847183
v 125.089050 15.686088 -112.068596
v 125.089050 15.789924 -112.068596
v 125.089050 15.789924 -111.847183
v 125.089050 15.686088 -111.847183
v 125.089050 11.016501 -111.533279
v 125.089050 10.912668 -111.533279
v 125.089050 11.016501 -111.632416
v 125.089050 10.912668 -111.632416
v 125.089050 11.528948 -111.579651
v 125.089050 11.425113 -111.579651
v 125.089050 11.528948 -111.632423
v 125.089050 11.425113 -111.632423
v 125.089050 12.106946 -111.533279
v 125.089050 12.075734 -111.533279
v 125.089050 12.106946 -111.632416
v 125.089050 12.075734 -111.632416
v 125.089050 12.704032 -111.444611
v 125.089050 12.600199 -111.444611
v 125.089050 12.704032 -111.632416
v 125.089050 12.600199 -111.632416
v 125.089050 13.316754 -111.533279
v 125.089050 13.212917 -111.533279
v 125.089050 13.316754 -111.632416
v 125.089050 13.212917 -111.632416
v 125.089050 13.955821 -111.533279
v 125.089050 13.807883 -111.533279
v 125.089050 13.955821 -111.632416
v 125.089050 13.807883 -111.632416
v 125.089050 14.615996 -111.533279
v 125.089050 14.468261 -111.533279
v 125.089050 14.615996 -111.632416
v 125.089050 14.468261 -111.632416
v 125.089050 15.234741 -111.458977
v 125.089050 15.135872 -111.458977
v 125.089050 15.234741 -111.632416
v 125.089050 15.135872 -111.632416
v 125.089050 16.189453 -111.947922
v 125.089050 16.293289 -111.947922
v 125.089050 16.293289 -111.847183
v 125.089050 16.189453 -111.847183
v 125.089050 16.840076 -111.994301
v 125.089050 16.871288 -111.994301
v 125.089050 16.871288 -111.847183
v 125.089050 16.840076 -111.847183
v 125.089050 17.364538 -112.038467
v 125.089050 17.468374 -112.038467
v 125.089050 17.468374 -111.847183
v 125.089050 17.364538 -111.847183
v 125.089050 17.977262 -111.994301
v 125.089050 18.081097 -111.994301
v 125.089050 18.081097 -111.847183
v 125.089050 17.979282 -111.847183
v 125.089050 18.572226 -111.994301
v 125.089050 18.720163 -111.994301
v 125.089050 18.720163 -111.847183
v 125.089050 18.572226 -111.847183
v 125.089050 15.743072 -111.579651
v 125.089050 15.639237 -111.579651
v 125.089050 15.743072 -111.632423
v 125.089050 15.639237 -111.632423
v 125.089050 16.321072 -111.533279
v 125.089050 16.289860 -111.533279
v 125.089050 16.321072 -111.632416
v 125.089050 16.289860 -111.632416
v 125.089050 16.918158 -111.444611
v 125.089050 16.814322 -111.444611
v 125.089050 16.918158 -111.632416
v 125.089050 16.814322 -111.632416
v 125.089050 17.530880 -111.533279
v 125.089050 17.427044 -111.533279
v 125.089050 17.530880 -111.632416
v 125.089050 17.427044 -111.632416
v 125.089050 18.169947 -111.533279
v 125.089050 18.022009 -111.533279
v 125.089050 18.169947 -111.632416
v 125.089050 18.022009 -111.632416
v 125.089050 18.830122 -111.533279
v 125.089050 18.682388 -111.533279
v 125.089050 18.830122 -111.632416
v 125.089050 18.682388 -111.632416
v 125.089142 19.296173 -112.760132
v 125.089142 19.296173 -112.451897
v 125.089142 19.149061 -112.760132
v 125.089142 19.149061 -112.451897
v 125.089142 19.935352 -112.760132
v 125.089142 19.935352 -112.451897
v 125.089142 19.788242 -112.760132
v 125.089142 19.788242 -112.451897
v 125.089050 19.296173 -111.173149
v 125.089050 19.296173 -110.864914
v 125.089050 19.149061 -110.864914
v 125.089050 19.149061 -111.173149
v 125.089050 19.935352 -111.173149
v 125.089050 19.935352 -110.864914
v 125.089050 19.788242 -110.864914
v 125.089050 19.788242 -111.173149
v -398.495972 24.816271 -240.318497
v -398.495972 25.038120 -240.318497
v -398.432129 25.038120 -240.133881
v -398.432129 24.816269 -240.133881
v -398.140015 24.769611 -239.241989
v -398.174072 24.504919 -239.385925
v -398.032349 24.504896 -239.343491
v -398.281738 24.504929 -239.284424
v -398.247681 24.504929 -239.140472
v -398.105835 24.504921 -239.098053
v -397.998291 24.504900 -239.199554
v -398.165161 24.858931 -239.348541
v -398.060181 24.858919 -239.317200
v -398.244873 24.858942 -239.273315
v -398.219727 24.858944 -239.166763
v -398.114868 24.858934 -239.135437
v -398.035156 24.858919 -239.210648
v -398.140015 24.858931 -239.241989
v -370.930725 24.886187 -250.193665
v -370.930725 25.108040 -250.193665
v -370.866943 25.108040 -250.009033
v -370.866943 24.886187 -250.009033
v -370.574768 24.839748 -249.117142
v -370.608887 24.574841 -249.261078
v -370.467163 24.573067 -249.218643
v -370.716431 24.576820 -249.159576
v -370.682373 24.577040 -249.015625
v -370.540649 24.575272 -248.973206
v -370.433044 24.573286 -249.074707
v -370.599915 24.928909 -249.223694
v -370.495056 24.927597 -249.192352
v -370.679688 24.930378 -249.148468
v -370.654480 24.930542 -249.041931
v -370.549622 24.929235 -249.010590
v -370.469849 24.927761 -249.085800
v -370.574768 24.929073 -249.117142
v -343.755798 23.824068 -258.860138
v -343.755798 24.045918 -258.860138
v -343.691956 24.045918 -258.675507
v -343.691956 23.824068 -258.675507
v -343.399780 23.777706 -257.783630
v -343.433838 23.512722 -257.927551
v -343.292175 23.510326 -257.885132
v -343.541504 23.515409 -257.826050
v -343.507324 23.515701 -257.682098
v -343.365662 23.513309 -257.639679
v -343.258057 23.510622 -257.741180
v -343.424927 23.866810 -257.890137
v -343.320068 23.865038 -257.858795
v -343.504639 23.868803 -257.814941
v -343.479492 23.869022 -257.708405
v -343.374573 23.867250 -257.677063
v -343.294922 23.865257 -257.752289
v -343.399780 23.867031 -257.783630
v -316.967773 23.905107 -268.640381
v -316.967773 24.126959 -268.640381
v -316.903992 24.126959 -268.455719
v -316.903992 23.905107 -268.455719
v -316.611816 23.858690 -267.563843
v -316.645935 23.593758 -267.707764
v -316.504211 23.591810 -267.665344
v -316.753540 23.595949 -267.606293
v -316.719421 23.596191 -267.462341
v -316.577698 23.594240 -267.419891
v -316.470154 23.592051 -267.521393
v -316.637024 23.947832 -267.670380
v -316.532104 23.946390 -267.639038
v -316.716736 23.949457 -267.595184
v -316.691528 23.949636 -267.488617
v -316.586670 23.948191 -267.457275
v -316.506897 23.946569 -267.532501
v -316.611816 23.948013 -267.563843
v -485.861572 25.126749 -221.224335
v -485.861572 25.348600 -221.224335
v -485.797729 25.348600 -221.039703
v -485.797729 25.126749 -221.039703
v -485.505615 25.080088 -220.147797
v -485.539673 24.815393 -220.291733
v -485.397949 24.815393 -220.249298
v -485.647339 24.815393 -220.190247
v -485.613159 24.815393 -220.046310
v -485.471558 24.815393 -220.003860
v -485.363892 24.815393 -220.105362
v -485.530640 25.169409 -220.254349
v -485.425903 25.169409 -220.223007
v -485.610474 25.169409 -220.179138
v -485.585327 25.169409 -220.072586
v -485.480347 25.169409 -220.041245
v -485.400635 25.169409 -220.116455
v -485.505615 25.169409 -220.147797
v -458.499756 24.580202 -224.048935
v -458.499756 24.802053 -224.048935
v -458.435913 24.802053 -223.864319
v -458.435913 24.580202 -223.864319
v -458.143677 24.533539 -222.972412
v -458.177734 24.268847 -223.116364
v -458.036133 24.268847 -223.073929
v -458.285400 24.268847 -223.014847
v -458.251343 24.268847 -222.870911
v -458.109619 24.268847 -222.828491
v -458.001953 24.268847 -222.929993
v -458.168823 24.622862 -223.078964
v -458.063965 24.622862 -223.047638
v -458.248657 24.622862 -223.003754
v -458.223511 24.622862 -222.897202
v -458.118530 24.622862 -222.865875
v -458.038818 24.622862 -222.941071
v -458.143677 24.622862 -222.972412
v -431.576172 25.198122 -229.032547
v -431.576172 25.419973 -229.032547
v -431.512329 25.419973 -228.847900
v -431.512329 25.198122 -228.847900
v -431.220093 25.151461 -227.956009
v -431.254272 24.886768 -228.099976
v -431.112549 24.886768 -228.057510
v -431.361816 24.886768 -227.998459
v -431.327759 24.886768 -227.854523
v -431.186035 24.886768 -227.812088
v -431.078369 24.886768 -227.913574
v -431.245361 25.240782 -228.062561
v -431.140381 25.240782 -228.031219
v -431.325073 25.240782 -227.987350
v -431.299805 25.240782 -227.880814
v -431.194946 25.240782 -227.849487
v -431.115234 25.240782 -227.924667
v -431.220093 25.240782 -227.956009
v -577.883789 25.126751 -207.268921
v -577.883789 25.348602 -207.268921
v -577.819946 25.348602 -207.084290
v -577.819946 25.126751 -207.084290
v -577.527832 25.080090 -206.192413
v -577.561890 24.815395 -206.336334
v -577.420166 24.815395 -206.293915
v -577.669556 24.815395 -206.234833
v -577.635376 24.815395 -206.090912
v -577.493774 24.815395 -206.048462
v -577.386108 24.815395 -206.149963
v -577.552979 25.169411 -206.298950
v -577.448120 25.169411 -206.267609
v -577.632690 25.169411 -206.223740
v -577.607666 25.169411 -206.117188
v -577.502686 25.169411 -206.085846
v -577.422852 25.169411 -206.161072
v -577.527832 25.169411 -206.192413
v -548.419800 24.580204 -212.225983
v -548.419800 24.802055 -212.225983
v -548.355957 24.802055 -212.041336
v -548.355957 24.580204 -212.041336
v -548.063843 24.533541 -211.149445
v -548.098022 24.268848 -211.293381
v -547.956299 24.268848 -211.250946
v -548.205444 24.268848 -211.191895
v -548.171387 24.268848 -211.047958
v -548.029663 24.268848 -211.005508
v -547.922119 24.268848 -211.107010
v -548.088989 24.622864 -211.255997
v -547.984131 24.622864 -211.224655
v -548.168701 24.622864 -211.180786
v -548.143555 24.622864 -211.074234
v -548.038696 24.622864 -211.042892
v -547.958984 24.622864 -211.118103
v -548.063843 24.622864 -211.149445
v -520.484985 25.198122 -215.805817
v -520.484985 25.419973 -215.805817
v -520.421021 25.419973 -215.621170
v -520.421021 25.198122 -215.621170
v -520.128906 25.151463 -214.729279
v -520.162964 24.886768 -214.873199
v -520.021240 24.886768 -214.830780
v -520.270630 24.886768 -214.771698
v -520.236572 24.886770 -214.627777
v -520.094849 24.886770 -214.585327
v -519.987183 24.886770 -214.686829
v -520.154053 25.240782 -214.835815
v -520.049194 25.240782 -214.804474
v -520.233887 25.240782 -214.760620
v -520.208618 25.240784 -214.654053
v -520.103760 25.240784 -214.622711
v -520.024048 25.240784 -214.697937
v -520.128906 25.240784 -214.729279
v -645.270142 20.996649 -155.983795
v -645.270142 21.218498 -155.983795
v -645.206299 21.218498 -155.799179
v -645.206299 20.996649 -155.799179
v -644.914185 20.949987 -154.907257
v -644.948242 20.685295 -155.051208
v -644.806519 20.685295 -155.008759
v -645.055908 20.685295 -154.949707
v -645.021851 20.685295 -154.805786
v -644.880127 20.685295 -154.763336
v -644.772339 20.685295 -154.864838
v -644.939453 21.039310 -155.013809
v -644.834473 21.039310 -154.982468
v -645.019043 21.039310 -154.938599
v -644.993896 21.039310 -154.832062
v -644.888916 21.039310 -154.800720
v -644.809204 21.039310 -154.875916
v -644.914185 21.039310 -154.907257
v -612.097778 23.874281 -180.247375
v -612.097778 24.096130 -180.247375
v -612.034058 24.096130 -180.062714
v -612.034058 23.874281 -180.062714
v -611.741821 23.827616 -179.170837
v -611.775879 23.562925 -179.314758
v -611.634277 23.562925 -179.272339
v -611.883545 23.562925 -179.213257
v -611.849365 23.562925 -179.069336
v -611.707642 23.562925 -179.026886
v -611.600098 23.562925 -179.128387
v -611.766968 23.916939 -179.277374
v -611.662109 23.916939 -179.246033
v -611.846680 23.916939 -179.202164
v -611.821533 23.916941 -179.095612
v -611.716675 23.916941 -179.064270
v -611.636963 23.916941 -179.139496
v -611.741821 23.916941 -179.170837
v 4.229459 1.674116 -19.032455
v 3.959111 1.166304 -18.840923
v 4.159336 1.226468 -18.629538
v 3.734230 1.354354 -18.890524
v 3.709579 1.602569 -18.728735
v 3.909801 1.662733 -18.517349
v 4.134683 1.474682 -18.467752
v 4.336636 1.685461 -19.201351
v 4.398171 1.703889 -19.136431
v 4.267483 1.743291 -19.216600
v 4.259857 1.819550 -19.166937
v 4.321393 1.837979 -19.102016
v 4.390549 1.780148 -19.086765
v 4.329015 1.761720 -19.151686
v 4.600097 1.676492 -19.037094
v 4.946373 1.200231 -18.892483
v 5.137465 1.427527 -18.907103
v 4.731749 1.199454 -18.686739
v 4.708219 1.425980 -18.495617
v 4.899310 1.653275 -18.510239
v 5.113935 1.654049 -18.715981
v 4.498459 1.691215 -19.209126
v 4.557187 1.761007 -19.213663
v 4.432456 1.690977 -19.145853
v 4.425180 1.760531 -19.087120
v 4.483910 1.830323 -19.091661
v 4.549911 1.830561 -19.154930
v 4.491183 1.760768 -19.150393
v -16.839420 1.674116 -19.076670
v -17.109768 1.166304 -18.885139
v -16.909542 1.226468 -18.673752
v -17.334648 1.354354 -18.934738
v -17.359299 1.602569 -18.772949
v -17.159077 1.662733 -18.561563
v -16.934196 1.474682 -18.511967
v -16.732243 1.685461 -19.245567
v -16.670708 1.703889 -19.180645
v -16.801395 1.743291 -19.260815
v -16.809021 1.819550 -19.211151
v -16.747486 1.837979 -19.146233
v -16.678329 1.780148 -19.130981
v -16.739864 1.761720 -19.195900
v -16.468782 1.676492 -19.081310
v -16.122505 1.200231 -18.936699
v -15.931414 1.427527 -18.951317
v -16.337132 1.199454 -18.730953
v -16.360661 1.425980 -18.539831
v -16.169569 1.653275 -18.554453
v -15.954943 1.654049 -18.760197
v -16.570419 1.691215 -19.253340
v -16.511692 1.761007 -19.257877
v -16.636423 1.690977 -19.190067
v -16.643700 1.760531 -19.131336
v -16.584969 1.830323 -19.135876
v -16.518967 1.830561 -19.199146
v -16.577694 1.760768 -19.194607
v 47.683342 4.757269 -14.355319
v 47.412994 4.249457 -14.163788
v 47.613220 4.309621 -13.952402
v 47.188114 4.437508 -14.213388
v 47.163464 4.685722 -14.051599
v 47.363686 4.745887 -13.840212
v 47.588570 4.557835 -13.790617
v 47.790520 4.768614 -14.524215
v 47.852055 4.787042 -14.459294
v 47.721367 4.826444 -14.539464
v 47.713741 4.902703 -14.489801
v 47.775276 4.921132 -14.424881
v 47.844433 4.863301 -14.409629
v 47.782898 4.844873 -14.474549
v 48.053982 4.759645 -14.359959
v 48.400257 4.283384 -14.215347
v 48.591351 4.510680 -14.229967
v 48.185631 4.282608 -14.009603
v 48.162102 4.509133 -13.818480
v 48.353195 4.736428 -13.833102
v 48.567822 4.737202 -14.038845
v 47.952343 4.774368 -14.531988
v 48.011070 4.844161 -14.536526
v 47.886341 4.774131 -14.468717
v 47.879066 4.843684 -14.409985
v 47.937794 4.913476 -14.414526
v 48.003796 4.913714 -14.477795
v 47.945068 4.843922 -14.473255
v 47.683342 1.674116 -19.076670
v 47.412994 1.166304 -18.885139
v 47.613220 1.226468 -18.673752
v 47.188114 1.354354 -18.934738
v 47.163464 1.602569 -18.772949
v 47.363686 1.662733 -18.561563
v 47.588570 1.474682 -18.511967
v 47.790520 1.685461 -19.245567
v 47.852055 1.703889 -19.180645
v 47.721367 1.743291 -19.260815
v 47.713741 1.819550 -19.211151
v 47.775276 1.837979 -19.146233
v 47.844433 1.780148 -19.130981
v 47.782898 1.761720 -19.195900
v 48.053982 1.676492 -19.081310
v 48.400257 1.200231 -18.936699
v 48.591351 1.427527 -18.951317
v 48.185631 1.199454 -18.730953
v 48.162102 1.425980 -18.539831
v 48.353195 1.653275 -18.554453
v 48.567822 1.654049 -18.760197
v 47.952343 1.691215 -19.253340
v 48.011070 1.761007 -19.257877
v 47.886341 1.690977 -19.190067
v 47.879066 1.760531 -19.131336
v 47.937794 1.830323 -19.135876
v 48.003796 1.830561 -19.199146
v 47.945068 1.760768 -19.194607
v 68.752319 4.757269 -14.355319
v 68.481972 4.249457 -14.163788
v 68.682198 4.309621 -13.952402
v 68.257088 4.437508 -14.213388
v 68.232437 4.685722 -14.051599
v 68.432663 4.745887 -13.840212
v 68.657547 4.557835 -13.790617
v 68.859497 4.768614 -14.524215
v 68.921036 4.787042 -14.459294
v 68.790344 4.826444 -14.539464
v 68.782715 4.902703 -14.489801
v 68.844254 4.921132 -14.424881
v 68.913406 4.863301 -14.409629
v 68.851875 4.844873 -14.474549
v 69.122955 4.759645 -14.359959
v 69.469231 4.283384 -14.215347
v 69.660324 4.510680 -14.229967
v 69.254608 4.282608 -14.009603
v 69.231079 4.509133 -13.818480
v 69.422173 4.736428 -13.833102
v 69.636795 4.737202 -14.038845
v 69.021317 4.774368 -14.531988
v 69.080048 4.844161 -14.536526
v 68.955315 4.774131 -14.468717
v 68.948044 4.843684 -14.409985
v 69.006775 4.913476 -14.414526
v 69.072769 4.913714 -14.477795
v 69.014046 4.843922 -14.473255
v 68.752319 1.674116 -19.032455
v 68.481972 1.166304 -18.840923
v 68.682198 1.226468 -18.629538
v 68.257088 1.354354 -18.890524
v 68.232437 1.602569 -18.728735
v 68.432663 1.662733 -18.517349
v 68.657547 1.474682 -18.467752
v 68.859497 1.685461 -19.201351
v 68.921036 1.703889 -19.136431
v 68.790344 1.743291 -19.216600
v 68.782715 1.819550 -19.166937
v 68.844254 1.837979 -19.102016
v 68.913406 1.780148 -19.086765
v 68.851875 1.761720 -19.151686
v 69.122955 1.676492 -19.037094
v 69.469231 1.200231 -18.892483
v 69.660324 1.427527 -18.907103
v 69.254608 1.199454 -18.686739
v 69.231079 1.425980 -18.495617
v 69.422173 1.653275 -18.510239
v 69.636795 1.654049 -18.715981
v 69.021317 1.691215 -19.209126
v 69.080048 1.761007 -19.213663
v 68.955315 1.690977 -19.145853
v 68.948044 1.760531 -19.087120
v 69.006775 1.830323 -19.091661
v 69.072769 1.830561 -19.154930
v 69.014046 1.760768 -19.150393
v 89.134132 1.674116 -19.012428
v 88.963089 1.166304 -18.728674
v 89.231201 1.226468 -18.615143
v 88.737167 1.354354 -18.684082
v 88.779358 1.602569 -18.525959
v 89.047470 1.662733 -18.412424
v 89.273392 1.474682 -18.457020
v 89.164719 1.685461 -19.210110
v 89.247101 1.703889 -19.175259
v 89.095245 1.743291 -19.196392
v 89.108139 1.819550 -19.147831
v 89.190521 1.837979 -19.112982
v 89.260002 1.780148 -19.126696
v 89.177620 1.761720 -19.161545
v 89.471909 1.676492 -19.165083
v 89.847115 1.200231 -19.171219
v 90.016365 1.427527 -19.261127
v 89.732826 1.199454 -18.896751
v 89.787788 1.425980 -18.712196
v 89.957039 1.653275 -18.802107
v 90.071335 1.654049 -19.076574
v 89.309891 1.691215 -19.282024
v 89.361893 1.761007 -19.309698
v 89.274742 1.690977 -19.197618
v 89.291595 1.760531 -19.140888
v 89.343590 1.830323 -19.168564
v 89.378738 1.830561 -19.252968
v 89.326736 1.760768 -19.225292
v 27.701941 1.674116 -19.219032
v 27.370714 1.166304 -19.226715
v 27.405201 1.226468 -18.937605
v 27.219883 1.354354 -19.400732
v 27.103540 1.602569 -19.285631
v 27.138023 1.662733 -18.996523
v 27.288857 1.474682 -18.822510
v 27.888744 1.685461 -19.290579
v 27.899366 1.703889 -19.201763
v 27.842360 1.743291 -19.344090
v 27.806601 1.819550 -19.308792
v 27.817226 1.837979 -19.219976
v 27.863611 1.780148 -19.166464
v 27.852985 1.761720 -19.255280
v 28.002096 1.676492 -19.001541
v 28.193621 1.200231 -18.678837
v 28.355671 1.427527 -18.576513
v 27.898619 1.199454 -18.641857
v 27.765667 1.425980 -18.502552
v 27.927717 1.653275 -18.400230
v 28.222719 1.654049 -18.437210
v 28.023222 1.691215 -19.200233
v 28.073051 1.761007 -19.168821
v 27.932501 1.690977 -19.188860
v 27.891607 1.760531 -19.146078
v 27.941441 1.830323 -19.114670
v 28.032160 1.830561 -19.126041
v 27.982330 1.760768 -19.157450
v 112.713837 1.674116 -19.076670
v 112.443489 1.166304 -18.885139
v 112.643715 1.226468 -18.673752
v 112.218613 1.354354 -18.934738
v 112.193962 1.602569 -18.772949
v 112.394180 1.662733 -18.561563
v 112.619064 1.474682 -18.511967
v 112.821014 1.685461 -19.245567
v 112.882553 1.703889 -19.180645
v 112.751862 1.743291 -19.260815
v 112.744232 1.819550 -19.211151
v 112.805771 1.837979 -19.146233
v 112.874924 1.780148 -19.130981
v 112.813393 1.761720 -19.195900
v 113.084473 1.676492 -19.081310
v 113.430756 1.200231 -18.936699
v 113.621841 1.427527 -18.951317
v 113.216125 1.199454 -18.730953
v 113.192596 1.425980 -18.539831
v 113.383690 1.653275 -18.554453
v 113.598312 1.654049 -18.760197
v 112.982841 1.691215 -19.253340
v 113.041565 1.761007 -19.257877
v 112.916840 1.690977 -19.190067
v 112.909561 1.760531 -19.131336
v 112.968292 1.830323 -19.135876
v 113.034286 1.830561 -19.199146
v 112.975563 1.760768 -19.194607
v 133.782684 1.674116 -19.032455
v 133.512329 1.166304 -18.840923
v 133.712555 1.226468 -18.629538
v 133.287445 1.354354 -18.890524
v 133.262802 1.602569 -18.728735
v 133.463013 1.662733 -18.517349
v 133.687897 1.474682 -18.467752
v 133.889862 1.685461 -19.201351
v 133.951385 1.703889 -19.136431
v 133.820694 1.743291 -19.216600
v 133.813080 1.819550 -19.166937
v 133.874619 1.837979 -19.102016
v 133.943771 1.780148 -19.086765
v 133.882233 1.761720 -19.151686
v 134.153320 1.676492 -19.037094
v 134.499588 1.200231 -18.892483
v 134.690689 1.427527 -18.907103
v 134.284973 1.199454 -18.686739
v 134.261444 1.425980 -18.495617
v 134.452530 1.653275 -18.510239
v 134.667160 1.654049 -18.715981
v 134.051682 1.691215 -19.209126
v 134.110413 1.761007 -19.213663
v 133.985672 1.690977 -19.145853
v 133.978394 1.760531 -19.087120
v 134.037125 1.830323 -19.091661
v 134.103134 1.830561 -19.154930
v 134.044403 1.760768 -19.150393
v 172.095459 0.239373 -10.542450
v 172.095459 0.239373 -10.626302
v 172.095459 0.156755 -10.626302
v 172.095459 0.156755 -10.542450
v 172.617264 0.337003 -10.723341
v 172.617264 0.059882 -10.723341
v 172.617264 0.027925 -10.757054
v 172.617264 0.368203 -10.757054
v 172.379868 0.027925 -10.411696
v 172.379868 0.368203 -10.411696
v 172.617264 0.027925 -10.411696
v 172.617264 0.368203 -10.411592
v 172.379868 0.027925 -10.757054
v 172.379868 0.368203 -10.757054
v 172.617264 0.337003 -10.436508
v 172.617264 0.059882 -10.436508
v 172.095459 -0.137877 -10.542450
v 172.095459 -0.137877 -10.626302
v 172.095459 -0.220496 -10.626302
v 172.095459 -0.220496 -10.542450
v 172.617264 -0.040248 -10.723341
v 172.617264 -0.317370 -10.723341
v 172.617264 -0.349328 -10.757054
v 172.617264 -0.009047 -10.757054
v 172.379868 -0.349328 -10.411696
v 172.379868 -0.009047 -10.411696
v 172.617264 -0.349328 -10.411696
v 172.617264 -0.009047 -10.411696
v 172.379868 -0.349328 -10.757054
v 172.379868 -0.009047 -10.757054
v 172.617264 -0.040250 -10.436508
v 172.617264 -0.317368 -10.436508
v 171.957428 0.199754 -10.586411
v 172.178329 0.199754 -10.586411
v 172.178329 -0.005128 -10.586585
v 171.957428 -0.005128 -10.586585
v 172.178329 0.199754 -10.574587
v 171.957428 0.199754 -10.574587
v 172.178329 -0.005128 -10.574761
v 171.957428 -0.005128 -10.574761
v 171.957428 -0.177615 -10.574384
v 172.178329 -0.177615 -10.574384
v 172.178329 -0.177615 -10.586598
v 171.957428 -0.177615 -10.586598
v 171.957428 -0.177314 -10.586411
v 172.178329 -0.177314 -10.586411
v 172.178329 -0.382132 -10.586585
v 171.957428 -0.382132 -10.586585
v 172.178329 -0.177314 -10.574587
v 171.957428 -0.177314 -10.574587
v 172.178329 -0.382132 -10.574761
v 171.957428 -0.382132 -10.574761
v 171.888519 0.211528 -10.178695
v 172.109421 0.211528 -10.178694
v 172.109421 0.211703 -10.412723
v 171.888519 0.211703 -10.412723
v 172.109421 0.199704 -10.178694
v 171.888519 0.199704 -10.178695
v 172.109421 0.199878 -10.412723
v 171.888519 0.199878 -10.412723
v 171.888519 0.199502 -10.629459
v 172.109421 0.199502 -10.629459
v 172.109421 0.211715 -10.629459
v 171.888519 0.211715 -10.629459
v 171.888519 -0.170428 -10.178695
v 172.109421 -0.170428 -10.178695
v 172.109421 -0.170253 -10.412723
v 171.888519 -0.170253 -10.412723
v 172.109421 -0.182252 -10.178695
v 171.888519 -0.182252 -10.178695
v 172.109421 -0.182078 -10.412723
v 171.888519 -0.182078 -10.412723
v 171.888519 -0.182454 -10.629459
v 172.109421 -0.182454 -10.629459
v 172.109421 -0.170239 -10.629459
v 171.888519 -0.170239 -10.629459
v 172.095459 0.239373 -10.187608
v 172.095459 0.239373 -10.271460
v 172.095459 0.156755 -10.271460
v 172.095459 0.156755 -10.187608
v 172.617264 0.337003 -10.368499
v 172.617264 0.059882 -10.368499
v 172.617264 0.027925 -10.402213
v 172.617264 0.368203 -10.402213
v 172.379868 0.027925 -10.056854
v 172.379868 0.368203 -10.056854
v 172.617264 0.027925 -10.056854
v 172.617264 0.368203 -10.056749
v 172.379868 0.027925 -10.402212
v 172.379868 0.368203 -10.402212
v 172.617264 0.337003 -10.081666
v 172.617264 0.059882 -10.081666
v 172.095459 -0.137877 -10.187608
v 172.095459 -0.137877 -10.271460
v 172.095459 -0.220496 -10.271460
v 172.095459 -0.220496 -10.187608
v 172.617264 -0.040248 -10.368499
v 172.617264 -0.317370 -10.368499
v 172.617264 -0.349328 -10.402213
v 172.617264 -0.009047 -10.402213
v 172.379868 -0.349328 -10.056854
v 172.379868 -0.009047 -10.056854
v 172.617264 -0.349328 -10.056854
v 172.617264 -0.009047 -10.056854
v 172.379868 -0.349328 -10.402212
v 172.379868 -0.009047 -10.402212
v 172.617264 -0.040250 -10.081666
v 172.617264 -0.317368 -10.081666
v 171.957428 0.199754 -10.237391
v 172.178329 0.199754 -10.237391
v 172.178329 -0.005128 -10.237564
v 171.957428 -0.005128 -10.237564
v 172.178329 0.199754 -10.225566
v 171.957428 0.199754 -10.225566
v 172.178329 -0.005128 -10.225740
v 171.957428 -0.005128 -10.225740
v 171.957428 -0.177615 -10.225363
v 172.178329 -0.177615 -10.225363
v 172.178329 -0.177615 -10.237577
v 171.957428 -0.177615 -10.237577
v 171.957428 -0.177314 -10.237391
v 172.178329 -0.177314 -10.237391
v 172.178329 -0.382132 -10.237564
v 171.957428 -0.382132 -10.237564
v 172.178329 -0.177314 -10.225566
v 171.957428 -0.177314 -10.225566
v 172.178329 -0.382132 -10.225740
v 171.957428 -0.382132 -10.225740
v -67.115341 0.613852 -10.542450
v -67.115341 0.613852 -10.626302
v -67.115341 0.531236 -10.626302
v -67.115341 0.531236 -10.542450
v -66.593536 0.434361 -10.723341
v -66.593536 0.402406 -10.757054
v -66.593536 0.742684 -10.757054
v -66.830933 0.402406 -10.411696
v -66.830933 0.742684 -10.411696
v -66.593536 0.402406 -10.411696
v -66.593536 0.742684 -10.411696
v -66.830933 0.402406 -10.757054
v -66.830933 0.742684 -10.757054
v -66.593536 0.711484 -10.436508
v -66.593536 0.711482 -10.723341
v -66.593536 0.434363 -10.436508
v -67.253357 0.615518 -10.586411
v -67.032471 0.615519 -10.586411
v -67.032471 0.381492 -10.586585
v -67.253357 0.381492 -10.586585
v -67.032471 0.615519 -10.574587
v -67.253357 0.615518 -10.574587
v -67.032471 0.381492 -10.574761
v -67.253357 0.381492 -10.574761
v -67.115341 0.239373 -10.542450
v -67.115341 0.239373 -10.626302
v -67.115341 0.156754 -10.626302
v -67.115341 0.156754 -10.542450
v -66.593536 0.337003 -10.723341
v -66.593536 0.059882 -10.723341
v -66.593536 0.027924 -10.757054
v -66.593536 0.368203 -10.757054
v -66.830933 0.027924 -10.411696
v -66.830933 0.368203 -10.411696
v -66.593536 0.027924 -10.411696
v -66.593536 0.368203 -10.411592
v -66.830933 0.027924 -10.757054
v -66.830933 0.368203 -10.757054
v -66.593536 0.337003 -10.436508
v -66.593536 0.059882 -10.436508
v -67.253357 0.196547 -10.574384
v -67.032471 0.196547 -10.574384
v -67.032471 0.196547 -10.586598
v -67.253357 0.196547 -10.586598
v -67.115341 -0.137877 -10.542450
v -67.115341 -0.137877 -10.626302
v -67.115341 -0.220496 -10.626302
v -67.115341 -0.220496 -10.542450
v -66.593536 -0.040248 -10.723341
v -66.593536 -0.317370 -10.723341
v -66.593536 -0.349328 -10.757054
v -66.593536 -0.009048 -10.757054
v -66.830933 -0.349328 -10.411696
v -66.830933 -0.009048 -10.411696
v -66.593536 -0.349328 -10.411696
v -66.593536 -0.009048 -10.411696
v -66.830933 -0.349328 -10.757054
v -66.830933 -0.009048 -10.757054
v -66.593536 -0.040250 -10.436508
v -66.593536 -0.317369 -10.436508
v -67.253357 0.199754 -10.586411
v -67.032471 0.199754 -10.586411
v -67.032471 -0.005128 -10.586585
v -67.253357 -0.005128 -10.586585
v -67.032471 0.199754 -10.574587
v -67.253357 0.199754 -10.574587
v -67.032471 -0.005128 -10.574761
v -67.253357 -0.005128 -10.574761
v -67.253357 -0.177615 -10.574384
v -67.032471 -0.177615 -10.574384
v -67.032471 -0.177615 -10.586598
v -67.253357 -0.177615 -10.586598
v -67.253357 -0.177314 -10.586411
v -67.032471 -0.177314 -10.586411
v -67.032471 -0.382133 -10.586585
v -67.253357 -0.382133 -10.586585
v -67.032471 -0.177314 -10.574587
v -67.253357 -0.177314 -10.574587
v -67.032471 -0.382133 -10.574761
v -67.253357 -0.382133 -10.574761
v -67.322266 0.562734 -10.178695
v -67.101379 0.562734 -10.178695
v -67.101379 0.562909 -10.412723
v -67.322266 0.562909 -10.412723
v -67.101379 0.550908 -10.178695
v -67.322266 0.550908 -10.178695
v -67.101379 0.551084 -10.412723
v -67.322266 0.551084 -10.412723
v -67.322266 0.550708 -10.629459
v -67.101379 0.550708 -10.629460
v -67.101379 0.562922 -10.629459
v -67.322266 0.562922 -10.629459
v -67.322266 0.211528 -10.178695
v -67.101379 0.211528 -10.178695
v -67.101379 0.211703 -10.412723
v -67.322266 0.211703 -10.412723
v -67.101379 0.199704 -10.178695
v -67.322266 0.199704 -10.178695
v -67.101379 0.199878 -10.412723
v -67.322266 0.199878 -10.412723
v -67.322266 0.199502 -10.629459
v -67.101379 0.199502 -10.629460
v -67.101379 0.211715 -10.629459
v -67.322266 0.211715 -10.629459
v -67.322266 -0.170428 -10.178695
v -67.101379 -0.170428 -10.178695
v -67.101379 -0.170253 -10.412723
v -67.322266 -0.170253 -10.412723
v -67.101379 -0.182252 -10.178695
v -67.322266 -0.182252 -10.178695
v -67.101379 -0.182078 -10.412723
v -67.322266 -0.182078 -10.412723
v -67.322266 -0.182454 -10.629459
v -67.101379 -0.182454 -10.629460
v -67.101379 -0.170239 -10.629459
v -67.322266 -0.170239 -10.629459
v -67.115341 0.613852 -10.187608
v -67.115341 0.613852 -10.271460
v -67.115341 0.531236 -10.271460
v -67.115341 0.531236 -10.187608
v -66.593536 0.434361 -10.368499
v -66.593536 0.402406 -10.402213
v -66.593536 0.742684 -10.402213
v -66.830933 0.402406 -10.056854
v -66.830933 0.742684 -10.056854
v -66.593536 0.402406 -10.056854
v -66.593536 0.742684 -10.056854
v -66.830933 0.402406 -10.402213
v -66.830933 0.742684 -10.402213
v -66.593536 0.711484 -10.081666
v -66.593536 0.711482 -10.368499
v -66.593536 0.434363 -10.081666
v -67.115341 0.239373 -10.187608
v -67.115341 0.239373 -10.271460
v -67.115341 0.156754 -10.271460
v -67.115341 0.156754 -10.187608
v -66.593536 0.337003 -10.368499
v -66.593536 0.059882 -10.368499
v -66.593536 0.027924 -10.402213
v -66.593536 0.368203 -10.402213
v -66.830933 0.027924 -10.056854
v -66.830933 0.368203 -10.056854
v -66.593536 0.027924 -10.056854
v -66.593536 0.368203 -10.056750
v -66.830933 0.027924 -10.402213
v -66.830933 0.368203 -10.402213
v -66.593536 0.337003 -10.081666
v -66.593536 0.059882 -10.081666
v -67.115341 -0.137878 -10.187608
v -67.115341 -0.137878 -10.271460
v -67.115341 -0.220496 -10.271460
v -67.115341 -0.220496 -10.187608
v -66.593536 -0.040248 -10.368499
v -66.593536 -0.317370 -10.368499
v -66.593536 -0.349328 -10.402213
v -66.593536 -0.009048 -10.402213
v -66.830933 -0.349328 -10.056854
v -66.830933 -0.009048 -10.056854
v -66.593536 -0.349328 -10.056854
v -66.593536 -0.009048 -10.056854
v -66.830933 -0.349328 -10.402213
v -66.830933 -0.009048 -10.402213
v -66.593536 -0.040250 -10.081666
v -66.593536 -0.317369 -10.081666
v -67.253357 0.615518 -10.237391
v -67.032471 0.615518 -10.237391
v -67.032471 0.381492 -10.237564
v -67.253357 0.381492 -10.237564
v -67.032471 0.615519 -10.225566
v -67.253357 0.615518 -10.225566
v -67.032471 0.381492 -10.225740
v -67.253357 0.381492 -10.225740
v -67.253357 0.196547 -10.225363
v -67.032471 0.196547 -10.225363
v -67.032471 0.196547 -10.237577
v -67.253357 0.196547 -10.237577
v -67.253357 0.199754 -10.237391
v -67.032471 0.199754 -10.237391
v -67.032471 -0.005128 -10.237564
v -67.253357 -0.005128 -10.237564
v -67.032471 0.199754 -10.225566
v -67.253357 0.199754 -10.225566
v -67.032471 -0.005128 -10.225740
v -67.253357 -0.005128 -10.225740
v -67.253357 -0.177615 -10.225363
v -67.032471 -0.177615 -10.225363
v -67.032471 -0.177615 -10.237577
v -67.253357 -0.177615 -10.237577
v -67.253357 -0.177314 -10.237391
v -67.032471 -0.177314 -10.237391
v -67.032471 -0.382133 -10.237564
v -67.253357 -0.382133 -10.237564
v -67.032471 -0.177314 -10.225566
v -67.253357 -0.177314 -10.225566
v -67.032471 -0.382133 -10.225740
v -67.253357 -0.382133 -10.225740
v 62.319679 0.893252 12.643229
v 62.319679 0.977104 12.643229
v 62.319679 0.977104 12.560609
v 62.319679 0.893252 12.560609
v 62.841488 1.074144 12.740858
v 62.841488 1.074144 12.463736
v 62.841488 1.107857 12.431779
v 62.841488 1.107857 12.772058
v 62.604092 0.762499 12.431779
v 62.604092 0.762499 12.772058
v 62.841488 0.762499 12.431779
v 62.841488 0.762499 12.772058
v 62.604092 1.107857 12.431779
v 62.604092 1.107857 12.772058
v 62.841488 0.787311 12.740857
v 62.841488 0.787311 12.463737
v 62.181656 0.937214 12.644894
v 62.402550 0.937214 12.644894
v 62.402550 0.937388 12.410865
v 62.181656 0.937388 12.410865
v 62.402550 0.925390 12.644894
v 62.181656 0.925390 12.644894
v 62.402550 0.925564 12.410865
v 62.181656 0.925564 12.410865
v 62.319679 0.893252 12.268747
v 62.319679 0.977104 12.268747
v 62.319679 0.977104 12.186129
v 62.319679 0.893252 12.186129
v 62.841488 1.074144 12.366377
v 62.841488 1.074144 12.089255
v 62.841488 1.107857 12.057298
v 62.841488 1.107857 12.397577
v 62.604092 0.762499 12.057298
v 62.604092 0.762499 12.397577
v 62.841488 0.762499 12.057298
v 62.841488 0.762394 12.397577
v 62.604092 1.107857 12.057298
v 62.604092 1.107857 12.397577
v 62.841488 0.787311 12.366376
v 62.841488 0.787311 12.089255
v 62.181656 0.925187 12.225922
v 62.402550 0.925187 12.225922
v 62.402550 0.937401 12.225922
v 62.181656 0.937401 12.225922
v 62.319679 0.893252 11.891496
v 62.319679 0.977104 11.891496
v 62.319679 0.977104 11.808877
v 62.319679 0.893252 11.808877
v 62.841488 1.074144 11.989125
v 62.841488 1.074144 11.712004
v 62.841488 1.107857 11.680046
v 62.841488 1.107857 12.020327
v 62.604092 0.762499 11.680046
v 62.604092 0.762499 12.020327
v 62.841488 0.762499 11.680046
v 62.841488 0.762499 12.020327
v 62.604092 1.107857 11.680046
v 62.604092 1.107857 12.020327
v 62.841488 0.787311 11.989124
v 62.841488 0.787311 11.712005
v 62.319679 0.893252 11.514590
v 62.319679 0.977104 11.514590
v 62.319679 0.977104 11.431971
v 62.319679 0.893252 11.431971
v 62.841488 1.074144 11.612220
v 62.841488 1.074144 11.335098
v 62.841488 1.107857 11.303141
v 62.841488 1.107857 11.643420
v 62.604092 0.762499 11.303141
v 62.604092 0.762499 11.643420
v 62.841488 0.762499 11.303141
v 62.841488 0.762499 11.643420
v 62.604092 1.107857 11.303141
v 62.604092 1.107857 11.643420
v 62.841488 0.787311 11.612219
v 62.841488 0.787311 11.335098
v 62.181656 0.937214 12.229128
v 62.402550 0.937214 12.229128
v 62.402550 0.937388 12.024245
v 62.181656 0.937388 12.024245
v 62.402550 0.925390 12.229128
v 62.181656 0.925390 12.229128
v 62.402550 0.925564 12.024245
v 62.181656 0.925564 12.024245
v 62.181656 0.925187 11.851758
v 62.402550 0.925187 11.851758
v 62.402550 0.937401 11.851758
v 62.181656 0.937401 11.851758
v 62.181656 0.937214 11.852058
v 62.402550 0.937214 11.852059
v 62.402550 0.937388 11.647241
v 62.181656 0.937388 11.647241
v 62.402550 0.925390 11.852059
v 62.181656 0.925390 11.852058
v 62.402550 0.925564 11.647241
v 62.181656 0.925564 11.647241
v 62.181656 0.925187 11.434574
v 62.402550 0.925187 11.434574
v 62.402550 0.937401 11.434574
v 62.181656 0.937401 11.434574
v 62.112751 0.529497 12.592108
v 62.333645 0.529497 12.592108
v 62.333645 0.763525 12.592282
v 62.112751 0.763525 12.592282
v 62.333645 0.529497 12.580284
v 62.112751 0.529497 12.580284
v 62.333645 0.763525 12.580458
v 62.112751 0.763525 12.580458
v 62.112751 0.980262 12.580081
v 62.333645 0.980263 12.580081
v 62.333645 0.980262 12.592295
v 62.112751 0.980262 12.592296
v 62.112751 0.529497 12.240902
v 62.333645 0.529497 12.240902
v 62.333645 0.763525 12.241076
v 62.112751 0.763525 12.241076
v 62.333645 0.529497 12.229078
v 62.112751 0.529497 12.229078
v 62.333645 0.763525 12.229252
v 62.112751 0.763525 12.229252
v 62.112751 0.980262 12.228875
v 62.333645 0.980263 12.228875
v 62.333645 0.980262 12.241089
v 62.112751 0.980262 12.241089
v 62.112751 0.529497 11.858946
v 62.333645 0.529497 11.858946
v 62.333645 0.763525 11.859120
v 62.112751 0.763525 11.859120
v 62.333645 0.529497 11.847122
v 62.112751 0.529497 11.847122
v 62.333645 0.763525 11.847296
v 62.112751 0.763525 11.847296
v 62.112751 0.980262 11.846919
v 62.333645 0.980263 11.846919
v 62.333645 0.980262 11.859134
v 62.112751 0.980262 11.859133
v 62.112751 0.529497 11.483174
v 62.333645 0.529497 11.483173
v 62.333645 0.763525 11.483348
v 62.112751 0.763525 11.483348
v 62.333645 0.529497 11.471350
v 62.112751 0.529497 11.471350
v 62.333645 0.763525 11.471523
v 62.112751 0.763525 11.471523
v 62.112751 0.980262 11.471147
v 62.333645 0.980263 11.471147
v 62.333645 0.980262 11.483361
v 62.112751 0.980262 11.483361
v 62.319679 0.538410 12.643229
v 62.319679 0.622262 12.643229
v 62.319679 0.622262 12.560609
v 62.319679 0.538410 12.560609
v 62.841488 0.719302 12.740858
v 62.841488 0.719302 12.463736
v 62.841488 0.753015 12.431779
v 62.841488 0.753015 12.772058
v 62.604092 0.407657 12.431779
v 62.604092 0.407657 12.772058
v 62.841488 0.407657 12.431779
v 62.841488 0.407657 12.772058
v 62.604092 0.753016 12.431779
v 62.604092 0.753016 12.772058
v 62.841488 0.432469 12.740857
v 62.841488 0.432469 12.463737
v 62.319679 0.538410 12.268747
v 62.319679 0.622262 12.268747
v 62.319679 0.622262 12.186129
v 62.319679 0.538410 12.186129
v 62.841488 0.719302 12.366377
v 62.841488 0.719302 12.089255
v 62.841488 0.753015 12.057298
v 62.841488 0.753015 12.397577
v 62.604092 0.407657 12.057298
v 62.604092 0.407657 12.397577
v 62.841488 0.407657 12.057298
v 62.841488 0.407553 12.397577
v 62.604092 0.753016 12.057298
v 62.604092 0.753016 12.397577
v 62.841488 0.432469 12.366376
v 62.841488 0.432469 12.089255
v 62.319679 0.538410 11.891496
v 62.319679 0.622262 11.891496
v 62.319679 0.622262 11.808877
v 62.319679 0.538410 11.808877
v 62.841488 0.719302 11.989125
v 62.841488 0.719302 11.712004
v 62.841488 0.753015 11.680046
v 62.604092 0.407657 11.680046
v 62.604092 0.407657 12.020327
v 62.841488 0.407657 11.680046
v 62.604092 0.753016 11.680046
v 62.604092 0.753016 12.020327
v 62.841488 0.432469 11.989124
v 62.841488 0.753016 12.020327
v 62.841488 0.407657 12.020327
v 62.841488 0.432469 11.712005
v 62.319679 0.538410 11.514590
v 62.319679 0.622262 11.514590
v 62.319679 0.622262 11.431971
v 62.319679 0.538410 11.431971
v 62.841488 0.719302 11.612220
v 62.841488 0.719302 11.335098
v 62.841488 0.753015 11.303141
v 62.841488 0.753015 11.643420
v 62.604092 0.407657 11.303141
v 62.604092 0.407657 11.643420
v 62.841488 0.407657 11.303141
v 62.841488 0.407657 11.643420
v 62.604092 0.753016 11.303141
v 62.604092 0.753016 11.643420
v 62.841488 0.432469 11.612219
v 62.841488 0.432469 11.335098
v 62.181656 0.588193 12.644894
v 62.402550 0.588193 12.644894
v 62.402550 0.588367 12.410865
v 62.181656 0.588367 12.410865
v 62.402550 0.576369 12.644894
v 62.181656 0.576369 12.644894
v 62.402550 0.576543 12.410865
v 62.181656 0.576543 12.410865
v 62.181656 0.576166 12.225922
v 62.402550 0.576166 12.225922
v 62.402550 0.588380 12.225922
v 62.181656 0.588380 12.225922
v 62.181656 0.588193 12.229128
v 62.402550 0.588193 12.229128
v 62.402550 0.588367 12.024245
v 62.181656 0.588367 12.024245
v 62.402550 0.576369 12.229128
v 62.181656 0.576369 12.229128
v 62.402550 0.576543 12.024245
v 62.181656 0.576543 12.024245
v 62.181656 0.576166 11.851758
v 62.402550 0.576166 11.851758
v 62.402550 0.588380 11.851758
v 62.181656 0.588380 11.851758
v 62.181656 0.588193 11.852058
v 62.402550 0.588193 11.852059
v 62.402550 0.588367 11.647241
v 62.181656 0.588367 11.647241
v 62.402550 0.576369 11.852059
v 62.181656 0.576369 11.852058
v 62.402550 0.576543 11.647241
v 62.181656 0.576543 11.647241
v 62.181656 0.576166 11.434574
v 62.402550 0.576166 11.434574
v 62.402550 0.588380 11.434574
v 62.181656 0.588380 11.434574
v 72.357536 0.893252 12.643229
v 72.357536 0.977104 12.643229
v 72.357536 0.977104 12.560609
v 72.357536 0.893252 12.560609
v 72.879349 1.074144 12.740858
v 72.879349 1.074144 12.463736
v 72.879349 1.107857 12.431779
v 72.879349 1.107857 12.772058
v 72.641945 0.762499 12.431779
v 72.641945 0.762499 12.772058
v 72.879349 0.762499 12.431779
v 72.641945 1.107857 12.431779
v 72.641945 1.107857 12.772058
v 72.879349 0.787311 12.740857
v 72.879349 0.787311 12.463737
v 72.879349 0.762499 12.772059
v 72.219513 0.937214 12.644894
v 72.440407 0.937214 12.644894
v 72.440407 0.937388 12.410865
v 72.219513 0.937388 12.410865
v 72.440407 0.925390 12.644894
v 72.219513 0.925390 12.644894
v 72.440407 0.925564 12.410865
v 72.219513 0.925564 12.410865
v 72.357536 0.893252 12.268747
v 72.357536 0.977104 12.268747
v 72.357536 0.977104 12.186128
v 72.357536 0.893252 12.186128
v 72.879349 1.074144 12.366377
v 72.879349 1.074144 12.089255
v 72.879349 1.107857 12.057298
v 72.641945 0.762499 12.057298
v 72.641945 0.762499 12.397577
v 72.879349 0.762499 12.057298
v 72.641945 1.107857 12.057298
v 72.641945 1.107857 12.397577
v 72.879349 0.787311 12.366376
v 72.879349 1.107857 12.397578
v 72.879349 0.762394 12.397578
v 72.879349 0.787311 12.089255
v 72.219513 0.925187 12.225922
v 72.440407 0.925187 12.225922
v 72.440407 0.937401 12.225922
v 72.219513 0.937401 12.225922
v 72.357536 0.893252 11.891496
v 72.357536 0.977104 11.891496
v 72.357536 0.977104 11.808877
v 72.357536 0.893252 11.808877
v 72.879349 1.074144 11.989125
v 72.879349 1.074144 11.712004
v 72.879349 1.107857 11.680046
v 72.879349 1.107857 12.020327
v 72.641945 0.762499 11.680046
v 72.641945 0.762499 12.020327
v 72.879349 0.762499 11.680046
v 72.879349 0.762499 12.020327
v 72.641945 1.107857 11.680046
v 72.641945 1.107857 12.020327
v 72.879349 0.787311 11.989124
v 72.879349 0.787311 11.712004
v 72.357536 0.893252 11.514590
v 72.357536 0.977104 11.514590
v 72.357536 0.977104 11.431971
v 72.357536 0.893252 11.431971
v 72.879349 1.074144 11.612220
v 72.879349 1.074144 11.335098
v 72.879349 1.107857 11.303141
v 72.879349 1.107857 11.643420
v 72.641945 0.762499 11.303141
v 72.641945 0.762499 11.643420
v 72.879349 0.762499 11.303141
v 72.879349 0.762499 11.643420
v 72.641945 1.107857 11.303141
v 72.641945 1.107857 11.643420
v 72.879349 0.787311 11.612219
v 72.879349 0.787311 11.335098
v 72.219513 0.937214 12.229128
v 72.440407 0.937214 12.229128
v 72.440407 0.937388 12.024245
v 72.219513 0.937388 12.024245
v 72.440407 0.925390 12.229128
v 72.219513 0.925390 12.229128
v 72.440407 0.925564 12.024245
v 72.219513 0.925564 12.024245
v 72.219513 0.925187 11.851758
v 72.440407 0.925187 11.851758
v 72.440407 0.937401 11.851758
v 72.219513 0.937401 11.851758
v 72.219513 0.937214 11.852058
v 72.440407 0.937214 11.852059
v 72.440407 0.937388 11.647241
v 72.219513 0.937388 11.647241
v 72.440407 0.925390 11.852059
v 72.219513 0.925390 11.852058
v 72.440407 0.925564 11.647241
v 72.219513 0.925564 11.647241
v 72.219513 0.925187 11.434574
v 72.440407 0.925187 11.434574
v 72.440407 0.937401 11.434574
v 72.219513 0.937401 11.434574
v 72.150604 0.529497 12.592108
v 72.371498 0.529497 12.592108
v 72.371498 0.763525 12.592282
v 72.150604 0.763525 12.592282
v 72.371498 0.529497 12.580284
v 72.150604 0.529497 12.580284
v 72.371498 0.763525 12.580458
v 72.150604 0.763525 12.580458
v 72.150604 0.980262 12.580081
v 72.371498 0.980263 12.580081
v 72.371498 0.980262 12.592295
v 72.150604 0.980262 12.592295
v 72.150604 0.529497 12.240902
v 72.371498 0.529497 12.240902
v 72.371498 0.763525 12.241076
v 72.150604 0.763525 12.241076
v 72.371498 0.529497 12.229078
v 72.150604 0.529497 12.229078
v 72.371498 0.763525 12.229252
v 72.150604 0.763525 12.229252
v 72.150604 0.980262 12.228875
v 72.371498 0.980263 12.228875
v 72.371498 0.980262 12.241089
v 72.150604 0.980262 12.241089
v 72.150604 0.529497 11.858946
v 72.371498 0.529497 11.858946
v 72.371498 0.763525 11.859120
v 72.150604 0.763525 11.859120
v 72.371498 0.529497 11.847122
v 72.150604 0.529497 11.847122
v 72.371498 0.763525 11.847296
v 72.150604 0.763525 11.847296
v 72.150604 0.980262 11.846919
v 72.371498 0.980263 11.846919
v 72.371498 0.980262 11.859134
v 72.150604 0.980262 11.859133
v 72.150604 0.529497 11.483173
v 72.371498 0.529497 11.483173
v 72.371498 0.763525 11.483348
v 72.150604 0.763525 11.483348
v 72.371498 0.529497 11.471350
v 72.150604 0.529497 11.471350
v 72.371498 0.763525 11.471523
v 72.150604 0.763525 11.471523
v 72.150604 0.980262 11.471147
v 72.371498 0.980263 11.471147
v 72.371498 0.980262 11.483361
v 72.150604 0.980262 11.483360
v 72.357536 0.538410 12.643229
v 72.357536 0.622262 12.643229
v 72.357536 0.622262 12.560609
v 72.357536 0.538410 12.560609
v 72.879349 0.719302 12.740858
v 72.879349 0.719302 12.463736
v 72.879349 0.753015 12.431779
v 72.879349 0.753015 12.772058
v 72.641945 0.407657 12.431779
v 72.641945 0.407657 12.772058
v 72.879349 0.407657 12.431779
v 72.641945 0.753015 12.431779
v 72.641945 0.753015 12.772058
v 72.879349 0.432469 12.740857
v 72.879349 0.432469 12.463737
v 72.879349 0.407657 12.772059
v 72.357536 0.538410 12.268747
v 72.357536 0.622262 12.268747
v 72.357536 0.622262 12.186128
v 72.357536 0.538410 12.186128
v 72.879349 0.719302 12.366377
v 72.879349 0.719302 12.089255
v 72.879349 0.753015 12.057298
v 72.641945 0.407657 12.057298
v 72.641945 0.407657 12.397577
v 72.879349 0.407657 12.057298
v 72.641945 0.753015 12.057298
v 72.641945 0.753015 12.397577
v 72.879349 0.432469 12.366376
v 72.879349 0.753015 12.397578
v 72.879349 0.432469 12.089255
v 72.879349 0.407552 12.397578
v 72.357536 0.538410 11.891496
v 72.357536 0.622262 11.891496
v 72.357536 0.622262 11.808877
v 72.357536 0.538410 11.808877
v 72.879349 0.719302 11.989125
v 72.879349 0.719302 11.712004
v 72.879349 0.753015 11.680046
v 72.879349 0.753015 12.020327
v 72.641945 0.407657 11.680046
v 72.641945 0.407657 12.020327
v 72.879349 0.407657 11.680046
v 72.879349 0.407657 12.020327
v 72.641945 0.753015 11.680046
v 72.641945 0.753015 12.020327
v 72.879349 0.432469 11.989124
v 72.879349 0.432469 11.712004
v 72.357536 0.538410 11.514590
v 72.357536 0.622262 11.514590
v 72.357536 0.622262 11.431971
v 72.357536 0.538410 11.431971
v 72.879349 0.719302 11.612220
v 72.879349 0.719302 11.335098
v 72.879349 0.753015 11.303141
v 72.879349 0.753015 11.643420
v 72.641945 0.407657 11.303141
v 72.641945 0.407657 11.643420
v 72.879349 0.407657 11.303141
v 72.879349 0.407657 11.643420
v 72.641945 0.753015 11.303141
v 72.641945 0.753015 11.643420
v 72.879349 0.432469 11.612219
v 72.879349 0.432469 11.335098
v 72.219513 0.588193 12.644894
v 72.440407 0.588193 12.644894
v 72.440407 0.588367 12.410865
v 72.219513 0.588367 12.410865
v 72.440407 0.576369 12.644894
v 72.219513 0.576369 12.644894
v 72.440407 0.576543 12.410865
v 72.219513 0.576543 12.410865
v 72.219513 0.576166 12.225922
v 72.440407 0.576166 12.225922
v 72.440407 0.588380 12.225922
v 72.219513 0.588380 12.225922
v 72.219513 0.588193 12.229128
v 72.440407 0.588193 12.229128
v 72.440407 0.588367 12.024245
v 72.219513 0.588367 12.024245
v 72.440407 0.576369 12.229128
v 72.219513 0.576369 12.229128
v 72.440407 0.576543 12.024245
v 72.219513 0.576543 12.024245
v 72.219513 0.576166 11.851758
v 72.440407 0.576166 11.851758
v 72.440407 0.588380 11.851758
v 72.219513 0.588380 11.851758
v 72.219513 0.588193 11.852058
v 72.440407 0.588193 11.852059
v 72.440407 0.588367 11.647241
v 72.219513 0.588367 11.647241
v 72.440407 0.576369 11.852059
v 72.219513 0.576369 11.852058
v 72.440407 0.576543 11.647241
v 72.219513 0.576543 11.647241
v 72.219513 0.576166 11.434574
v 72.440407 0.576166 11.434574
v 72.440407 0.588380 11.434574
v 72.219513 0.588380 11.434574
v 82.451454 0.893252 12.643229
v 82.451454 0.977104 12.643229
v 82.451454 0.977104 12.560609
v 82.451454 0.893252 12.560609
v 82.973267 1.074144 12.740858
v 82.973267 1.074144 12.463736
v 82.973267 1.107857 12.431779
v 82.973267 1.107857 12.772058
v 82.735870 0.762499 12.431779
v 82.735870 0.762499 12.772058
v 82.973267 0.762499 12.431779
v 82.973267 0.762499 12.772058
v 82.735870 1.107857 12.431779
v 82.735870 1.107857 12.772058
v 82.973267 0.787311 12.740857
v 82.973267 0.787311 12.463737
v 82.313431 0.937214 12.644894
v 82.534325 0.937214 12.644894
v 82.534325 0.937388 12.410865
v 82.313431 0.937388 12.410865
v 82.534325 0.925390 12.644894
v 82.313431 0.925390 12.644894
v 82.534325 0.925564 12.410865
v 82.313431 0.925564 12.410865
v 82.451454 0.893252 12.268747
v 82.451454 0.977104 12.268747
v 82.451454 0.977104 12.186129
v 82.451454 0.893252 12.186129
v 82.973267 1.074144 12.366377
v 82.973267 1.074144 12.089255
v 82.973267 1.107857 12.057298
v 82.973267 1.107857 12.397577
v 82.735870 0.762499 12.057298
v 82.735870 0.762499 12.397577
v 82.973267 0.762499 12.057298
v 82.973267 0.762394 12.397577
v 82.735870 1.107857 12.057298
v 82.735870 1.107857 12.397577
v 82.973267 0.787311 12.366376
v 82.973267 0.787311 12.089255
v 82.313431 0.925187 12.225922
v 82.534325 0.925187 12.225922
v 82.534325 0.937401 12.225922
v 82.313431 0.937401 12.225922
v 82.451454 0.893252 11.891496
v 82.451454 0.977104 11.891496
v 82.451454 0.977104 11.808877
v 82.451454 0.893252 11.808877
v 82.973267 1.074144 11.989125
v 82.973267 1.074144 11.712004
v 82.973267 1.107857 11.680046
v 82.973267 1.107857 12.020327
v 82.735870 0.762499 11.680046
v 82.735870 0.762499 12.020327
v 82.973267 0.762499 11.680046
v 82.973267 0.762499 12.020327
v 82.735870 1.107857 11.680046
v 82.735870 1.107857 12.020327
v 82.973267 0.787311 11.989124
v 82.973267 0.787311 11.712005
v 82.451454 0.893252 11.514590
v 82.451454 0.977104 11.514590
v 82.451454 0.977104 11.431971
v 82.451454 0.893252 11.431971
v 82.973267 1.074144 11.612220
v 82.973267 1.074144 11.335098
v 82.973267 1.107857 11.303141
v 82.973267 1.107857 11.643420
v 82.735870 0.762499 11.303141
v 82.735870 0.762499 11.643420
v 82.973267 0.762499 11.303141
v 82.973267 0.762499 11.643420
v 82.735870 1.107857 11.303141
v 82.735870 1.107857 11.643420
v 82.973267 0.787311 11.612219
v 82.973267 0.787311 11.335098
v 82.313431 0.937214 12.229128
v 82.534325 0.937214 12.229128
v 82.534325 0.937388 12.024245
v 82.313431 0.937388 12.024245
v 82.534325 0.925390 12.229128
v 82.313431 0.925390 12.229128
v 82.534325 0.925564 12.024245
v 82.313431 0.925564 12.024245
v 82.313431 0.925187 11.851758
v 82.534325 0.925187 11.851758
v 82.534325 0.937401 11.851758
v 82.313431 0.937401 11.851758
v 82.313431 0.937214 11.852058
v 82.534325 0.937214 11.852059
v 82.534325 0.937388 11.647241
v 82.313431 0.937388 11.647241
v 82.534325 0.925390 11.852059
v 82.313431 0.925390 11.852058
v 82.534325 0.925564 11.647241
v 82.313431 0.925564 11.647241
v 82.313431 0.925187 11.434574
v 82.534325 0.925187 11.434574
v 82.534325 0.937401 11.434574
v 82.313431 0.937401 11.434574
v 82.244522 0.529497 12.592108
v 82.465416 0.529497 12.592108
v 82.465416 0.763525 12.592282
v 82.244522 0.763525 12.592282
v 82.465416 0.529497 12.580284
v 82.244522 0.529497 12.580284
v 82.465416 0.763525 12.580458
v 82.244522 0.763525 12.580458
v 82.244522 0.980262 12.580081
v 82.465416 0.980263 12.580081
v 82.465416 0.980262 12.592296
v 82.244522 0.980262 12.592296
v 82.244522 0.529497 12.240902
v 82.465416 0.529497 12.240902
v 82.465416 0.763525 12.241076
v 82.244522 0.763525 12.241076
v 82.465416 0.529497 12.229078
v 82.244522 0.529497 12.229078
v 82.465416 0.763525 12.229252
v 82.244522 0.763525 12.229252
v 82.244522 0.980262 12.228875
v 82.465416 0.980263 12.228875
v 82.465416 0.980262 12.241089
v 82.244522 0.980262 12.241089
v 82.244522 0.529497 11.858946
v 82.465416 0.529497 11.858946
v 82.465416 0.763525 11.859120
v 82.244522 0.763525 11.859120
v 82.465416 0.529497 11.847122
v 82.244522 0.529497 11.847122
v 82.465416 0.763525 11.847296
v 82.244522 0.763525 11.847296
v 82.244522 0.980262 11.846919
v 82.465416 0.980263 11.846919
v 82.465416 0.980262 11.859134
v 82.244522 0.980262 11.859133
v 82.244522 0.529497 11.483174
v 82.465416 0.529497 11.483174
v 82.465416 0.763525 11.483348
v 82.244522 0.763525 11.483348
v 82.465416 0.529497 11.471350
v 82.244522 0.529497 11.471350
v 82.465416 0.763525 11.471523
v 82.244522 0.763525 11.471523
v 82.244522 0.980262 11.471147
v 82.465416 0.980263 11.471147
v 82.465416 0.980262 11.483361
v 82.244522 0.980262 11.483361
v 82.451454 0.538410 12.643229
v 82.451454 0.622262 12.643229
v 82.451454 0.622262 12.560609
v 82.451454 0.538410 12.560609
v 82.973267 0.719302 12.740858
v 82.973267 0.719302 12.463736
v 82.973267 0.753015 12.431779
v 82.973267 0.753015 12.772058
v 82.735870 0.407657 12.431779
v 82.735870 0.407657 12.772058
v 82.973267 0.407657 12.431779
v 82.973267 0.407657 12.772058
v 82.735870 0.753015 12.431779
v 82.735870 0.753015 12.772058
v 82.973267 0.432469 12.740857
v 82.973267 0.432469 12.463737
v 82.451454 0.538410 12.268747
v 82.451454 0.622262 12.268747
v 82.451454 0.622262 12.186129
v 82.451454 0.538410 12.186129
v 82.973267 0.719302 12.366377
v 82.973267 0.719302 12.089255
v 82.973267 0.753015 12.057298
v 82.973267 0.753015 12.397577
v 82.735870 0.407657 12.057298
v 82.735870 0.407657 12.397577
v 82.973267 0.407657 12.057298
v 82.973267 0.407552 12.397577
v 82.735870 0.753015 12.057298
v 82.735870 0.753015 12.397577
v 82.973267 0.432469 12.366376
v 82.973267 0.432469 12.089255
v 82.451454 0.538410 11.891496
v 82.451454 0.622262 11.891496
v 82.451454 0.622262 11.808877
v 82.451454 0.538410 11.808877
v 82.973267 0.719302 11.989125
v 82.973267 0.719302 11.712004
v 82.973267 0.753015 11.680046
v 82.973267 0.753015 12.020327
v 82.735870 0.407657 11.680046
v 82.735870 0.407657 12.020327
v 82.973267 0.407657 11.680046
v 82.973267 0.407657 12.020327
v 82.735870 0.753015 11.680046
v 82.735870 0.753015 12.020327
v 82.973267 0.432469 11.989124
v 82.973267 0.432469 11.712005
v 82.451454 0.538410 11.514590
v 82.451454 0.622262 11.514590
v 82.451454 0.622262 11.431971
v 82.451454 0.538410 11.431971
v 82.973267 0.719302 11.612220
v 82.973267 0.719302 11.335098
v 82.973267 0.753015 11.303141
v 82.973267 0.753015 11.643420
v 82.735870 0.407657 11.303141
v 82.735870 0.407657 11.643420
v 82.973267 0.407657 11.303141
v 82.973267 0.407657 11.643420
v 82.735870 0.753015 11.303141
v 82.735870 0.753015 11.643420
v 82.973267 0.432469 11.612219
v 82.973267 0.432469 11.335098
v 82.313431 0.588193 12.644894
v 82.534325 0.588193 12.644894
v 82.534325 0.588367 12.410865
v 82.313431 0.588367 12.410865
v 82.534325 0.576369 12.644894
v 82.313431 0.576369 12.644894
v 82.534325 0.576543 12.410865
v 82.313431 0.576543 12.410865
v 82.313431 0.576166 12.225922
v 82.534325 0.576166 12.225922
v 82.534325 0.588380 12.225922
v 82.313431 0.588380 12.225922
v 82.313431 0.588193 12.229128
v 82.534325 0.588193 12.229128
v 82.534325 0.588367 12.024245
v 82.313431 0.588367 12.024245
v 82.534325 0.576369 12.229128
v 82.313431 0.576369 12.229128
v 82.534325 0.576543 12.024245
v 82.313431 0.576543 12.024245
v 82.313431 0.576166 11.851758
v 82.534325 0.576166 11.851758
v 82.534325 0.588380 11.851758
v 82.313431 0.588380 11.851758
v 82.313431 0.588193 11.852058
v 82.534325 0.588193 11.852059
v 82.534325 0.588367 11.647241
v 82.313431 0.588367 11.647241
v 82.534325 0.576369 11.852059
v 82.313431 0.576369 11.852058
v 82.534325 0.576543 11.647241
v 82.313431 0.576543 11.647241
v 82.313431 0.576166 11.434574
v 82.534325 0.576166 11.434574
v 82.534325 0.588380 11.434574
v 82.313431 0.588380 11.434574
v 92.451759 0.893252 12.643229
v 92.451759 0.977104 12.643229
v 92.451759 0.977104 12.560609
v 92.451759 0.893252 12.560609
v 92.973572 1.074144 12.740858
v 92.973572 1.074144 12.463736
v 92.973572 1.107857 12.431779
v 92.973572 1.107857 12.772058
v 92.736176 0.762499 12.431779
v 92.736176 0.762499 12.772058
v 92.973572 0.762499 12.431779
v 92.973572 0.762499 12.772058
v 92.736176 1.107857 12.431779
v 92.736176 1.107857 12.772058
v 92.973572 0.787311 12.740857
v 92.973572 0.787311 12.463737
v 92.313736 0.937214 12.644894
v 92.534630 0.937214 12.644894
v 92.534630 0.937388 12.410865
v 92.313736 0.937388 12.410865
v 92.534630 0.925390 12.644894
v 92.313736 0.925390 12.644894
v 92.534630 0.925564 12.410865
v 92.313736 0.925564 12.410865
v 92.451759 0.893252 12.268747
v 92.451759 0.977104 12.268747
v 92.451759 0.977104 12.186129
v 92.451759 0.893252 12.186129
v 92.973572 1.074144 12.366377
v 92.973572 1.074144 12.089255
v 92.973572 1.107857 12.057298
v 92.973572 1.107857 12.397577
v 92.736176 0.762499 12.057298
v 92.736176 0.762499 12.397577
v 92.973572 0.762499 12.057298
v 92.973572 0.762394 12.397577
v 92.736176 1.107857 12.057298
v 92.736176 1.107857 12.397577
v 92.973572 0.787311 12.366376
v 92.973572 0.787311 12.089255
v 92.313736 0.925187 12.225922
v 92.534630 0.925187 12.225922
v 92.534630 0.937401 12.225922
v 92.313736 0.937401 12.225922
v 92.451759 0.893252 11.891496
v 92.451759 0.977104 11.891496
v 92.451759 0.977104 11.808877
v 92.451759 0.893252 11.808877
v 92.973572 1.074144 11.989125
v 92.973572 1.074144 11.712004
v 92.973572 1.107857 11.680046
v 92.973572 1.107857 12.020327
v 92.736176 0.762499 11.680046
v 92.736176 0.762499 12.020327
v 92.973572 0.762499 11.680046
v 92.973572 0.762499 12.020327
v 92.736176 1.107857 11.680046
v 92.736176 1.107857 12.020327
v 92.973572 0.787311 11.989124
v 92.973572 0.787311 11.712005
v 92.451759 0.893252 11.514590
v 92.451759 0.977104 11.514590
v 92.451759 0.977104 11.431971
v 92.451759 0.893252 11.431971
v 92.973572 1.074144 11.612220
v 92.973572 1.074144 11.335098
v 92.973572 1.107857 11.303141
v 92.973572 1.107857 11.643420
v 92.736176 0.762499 11.303141
v 92.736176 0.762499 11.643421
v 92.973572 0.762499 11.303141
v 92.973572 0.762499 11.643420
v 92.736176 1.107857 11.303141
v 92.736176 1.107857 11.643421
v 92.973572 0.787311 11.612219
v 92.973572 0.787311 11.335098
v 92.313736 0.937214 12.229128
v 92.534630 0.937214 12.229128
v 92.534630 0.937388 12.024245
v 92.313736 0.937388 12.024245
v 92.534630 0.925390 12.229128
v 92.313736 0.925390 12.229128
v 92.534630 0.925564 12.024245
v 92.313736 0.925564 12.024245
v 92.313736 0.925187 11.851758
v 92.534630 0.925187 11.851758
v 92.534630 0.937401 11.851758
v 92.313736 0.937401 11.851758
v 92.313736 0.937214 11.852058
v 92.534630 0.937214 11.852059
v 92.534630 0.937388 11.647241
v 92.313736 0.937388 11.647241
v 92.534630 0.925390 11.852059
v 92.313736 0.925390 11.852058
v 92.534630 0.925564 11.647241
v 92.313736 0.925564 11.647241
v 92.313736 0.925187 11.434574
v 92.534630 0.925187 11.434574
v 92.534630 0.937401 11.434574
v 92.313736 0.937401 11.434574
v 92.244827 0.529497 12.592108
v 92.465721 0.529497 12.592108
v 92.465721 0.763525 12.592282
v 92.244827 0.763525 12.592282
v 92.465721 0.529497 12.580284
v 92.244827 0.529497 12.580284
v 92.465721 0.763525 12.580458
v 92.244827 0.763525 12.580458
v 92.244827 0.980262 12.580081
v 92.465721 0.980263 12.580081
v 92.465721 0.980262 12.592295
v 92.244827 0.980262 12.592295
v 92.244827 0.529497 12.240902
v 92.465721 0.529497 12.240902
v 92.465721 0.763525 12.241076
v 92.244827 0.763525 12.241076
v 92.465721 0.529497 12.229078
v 92.244827 0.529497 12.229078
v 92.465721 0.763525 12.229252
v 92.244827 0.763525 12.229252
v 92.244827 0.980262 12.228875
v 92.465721 0.980263 12.228875
v 92.465721 0.980262 12.241089
v 92.244827 0.980262 12.241089
v 92.244827 0.529497 11.858946
v 92.465721 0.529497 11.858946
v 92.465721 0.763525 11.859120
v 92.244827 0.763525 11.859120
v 92.465721 0.529497 11.847122
v 92.244827 0.529497 11.847122
v 92.465721 0.763525 11.847296
v 92.244827 0.763525 11.847296
v 92.244827 0.980262 11.846919
v 92.465721 0.980263 11.846919
v 92.465721 0.980262 11.859134
v 92.244827 0.980262 11.859133
v 92.244827 0.529497 11.483173
v 92.465721 0.529497 11.483174
v 92.465721 0.763525 11.483348
v 92.244827 0.763525 11.483348
v 92.465721 0.529497 11.471350
v 92.244827 0.529497 11.471350
v 92.465721 0.763525 11.471523
v 92.244827 0.763525 11.471523
v 92.244827 0.980262 11.471147
v 92.465721 0.980263 11.471147
v 92.465721 0.980262 11.483361
v 92.244827 0.980262 11.483360
v 92.451759 0.538410 12.643229
v 92.451759 0.622262 12.643229
v 92.451759 0.622262 12.560609
v 92.451759 0.538410 12.560609
v 92.973572 0.719302 12.740858
v 92.973572 0.719302 12.463736
v 92.973572 0.753015 12.431779
v 92.973572 0.753015 12.772058
v 92.736176 0.407657 12.431779
v 92.736176 0.407657 12.772058
v 92.973572 0.407657 12.431779
v 92.973572 0.407657 12.772058
v 92.736176 0.753015 12.431779
v 92.736176 0.753015 12.772058
v 92.973572 0.432469 12.740857
v 92.973572 0.432469 12.463737
v 92.451759 0.538410 12.268747
v 92.451759 0.622262 12.268747
v 92.451759 0.622262 12.186129
v 92.451759 0.538410 12.186129
v 92.973572 0.719302 12.366377
v 92.973572 0.719302 12.089255
v 92.973572 0.753015 12.057298
v 92.973572 0.753015 12.397577
v 92.736176 0.407657 12.057298
v 92.736176 0.407657 12.397577
v 92.973572 0.407657 12.057298
v 92.973572 0.407552 12.397577
v 92.736176 0.753015 12.057298
v 92.736176 0.753015 12.397577
v 92.973572 0.432469 12.366376
v 92.973572 0.432469 12.089255
v 92.451759 0.538410 11.891496
v 92.451759 0.622262 11.891496
v 92.451759 0.622262 11.808877
v 92.451759 0.538410 11.808877
v 92.973572 0.719302 11.989125
v 92.973572 0.719302 11.712004
v 92.973572 0.753015 11.680046
v 92.973572 0.753015 12.020327
v 92.736176 0.407657 11.680046
v 92.736176 0.407657 12.020327
v 92.973572 0.407657 11.680046
v 92.973572 0.407657 12.020327
v 92.736176 0.753015 11.680046
v 92.736176 0.753015 12.020327
v 92.973572 0.432469 11.989124
v 92.973572 0.432469 11.712005
v 92.451759 0.538410 11.514590
v 92.451759 0.622262 11.514590
v 92.451759 0.622262 11.431971
v 92.451759 0.538410 11.431971
v 92.973572 0.719302 11.612220
v 92.973572 0.719302 11.335098
v 92.973572 0.753015 11.303141
v 92.973572 0.753015 11.643420
v 92.736176 0.407657 11.303141
v 92.736176 0.407657 11.643421
v 92.973572 0.407657 11.303141
v 92.973572 0.407657 11.643420
v 92.736176 0.753015 11.303141
v 92.736176 0.753015 11.643421
v 92.973572 0.432469 11.612219
v 92.973572 0.432469 11.335098
v 92.313736 0.588193 12.644894
v 92.534630 0.588193 12.644894
v 92.534630 0.588367 12.410865
v 92.313736 0.588367 12.410865
v 92.534630 0.576369 12.644894
v 92.313736 0.576369 12.644894
v 92.534630 0.576543 12.410865
v 92.313736 0.576543 12.410865
v 92.313736 0.576166 12.225922
v 92.534630 0.576166 12.225922
v 92.534630 0.588380 12.225922
v 92.313736 0.588380 12.225922
v 92.313736 0.588193 12.229128
v 92.534630 0.588193 12.229128
v 92.534630 0.588367 12.024245
v 92.313736 0.588367 12.024245
v 92.534630 0.576369 12.229128
v 92.313736 0.576369 12.229128
v 92.534630 0.576543 12.024245
v 92.313736 0.576543 12.024245
v 92.313736 0.576166 11.851758
v 92.534630 0.576166 11.851758
v 92.534630 0.588380 11.851758
v 92.313736 0.588380 11.851758
v 92.313736 0.588193 11.852058
v 92.534630 0.588193 11.852059
v 92.534630 0.588367 11.647241
v 92.313736 0.588367 11.647241
v 92.534630 0.576369 11.852059
v 92.313736 0.576369 11.852058
v 92.534630 0.576543 11.647241
v 92.313736 0.576543 11.647241
v 92.313736 0.576166 11.434574
v 92.534630 0.576166 11.434574
v 92.534630 0.588380 11.434574
v 92.313736 0.588380 11.434574
v 59.291767 1.685852 -3.508662
v 59.291767 1.769704 -3.508662
v 59.291767 1.769704 -3.591279
v 59.291767 1.685852 -3.591279
v 59.813576 1.866744 -3.411032
v 59.813576 1.866744 -3.688153
v 59.813576 1.900457 -3.720109
v 59.813576 1.900457 -3.379831
v 59.576180 1.555099 -3.720109
v 59.576180 1.555099 -3.379831
v 59.813576 1.555099 -3.720109
v 59.813576 1.555099 -3.379831
v 59.576180 1.900457 -3.720109
v 59.576180 1.900457 -3.379831
v 59.813576 1.579911 -3.411032
v 59.813576 1.579911 -3.688151
v 59.153744 1.729814 -3.506997
v 59.374638 1.729814 -3.506995
v 59.374638 1.729988 -3.741023
v 59.153744 1.729988 -3.741023
v 59.374638 1.717990 -3.506995
v 59.153744 1.717989 -3.506997
v 59.374638 1.718163 -3.741023
v 59.153744 1.718163 -3.741023
v 59.291767 1.685852 -3.883142
v 59.291767 1.769704 -3.883142
v 59.291767 1.769704 -3.965760
v 59.291767 1.685852 -3.965760
v 59.813576 1.866744 -3.785512
v 59.813576 1.866744 -4.062633
v 59.813576 1.900457 -4.094590
v 59.813576 1.900457 -3.754312
v 59.576180 1.555099 -4.094590
v 59.576180 1.555099 -3.754312
v 59.813576 1.555099 -4.094590
v 59.813576 1.554994 -3.754312
v 59.576180 1.900457 -4.094590
v 59.576180 1.900457 -3.754312
v 59.813576 1.579911 -3.785512
v 59.813576 1.579911 -4.062633
v 59.153744 1.717786 -3.925967
v 59.374638 1.717786 -3.925967
v 59.374638 1.730001 -3.925967
v 59.153744 1.730001 -3.925967
v 59.291767 1.685852 -4.260392
v 59.291767 1.769704 -4.260392
v 59.291767 1.769704 -4.343011
v 59.291767 1.685852 -4.343011
v 59.813576 1.866744 -4.162763
v 59.813576 1.866744 -4.439885
v 59.813576 1.900457 -4.471843
v 59.813576 1.900457 -4.131562
v 59.576180 1.555099 -4.471843
v 59.576180 1.555099 -4.131562
v 59.813576 1.555099 -4.471843
v 59.813576 1.555099 -4.131562
v 59.576180 1.900457 -4.471843
v 59.576180 1.900457 -4.131562
v 59.813576 1.579911 -4.162765
v 59.813576 1.579911 -4.439883
v 59.291767 1.685852 -4.637298
v 59.291767 1.769704 -4.637298
v 59.291767 1.769704 -4.719918
v 59.291767 1.685852 -4.719918
v 59.813576 1.866744 -4.539668
v 59.813576 1.866744 -4.816791
v 59.813576 1.900457 -4.848748
v 59.813576 1.900457 -4.508468
v 59.576180 1.555099 -4.848748
v 59.576180 1.555099 -4.508468
v 59.813576 1.555099 -4.848748
v 59.813576 1.555099 -4.508468
v 59.576180 1.900457 -4.848748
v 59.576180 1.900457 -4.508468
v 59.813576 1.579911 -4.539670
v 59.813576 1.579911 -4.816791
v 59.153744 1.729814 -3.922761
v 59.374638 1.729814 -3.922761
v 59.374638 1.729988 -4.127643
v 59.153744 1.729988 -4.127643
v 59.374638 1.717989 -3.922761
v 59.153744 1.717990 -3.922761
v 59.374638 1.718163 -4.127643
v 59.153744 1.718163 -4.127643
v 59.153744 1.717786 -4.300130
v 59.374638 1.717786 -4.300130
v 59.374638 1.730001 -4.300130
v 59.153744 1.730001 -4.300130
v 59.153744 1.729814 -4.299829
v 59.374638 1.729814 -4.299829
v 59.374638 1.729988 -4.504647
v 59.153744 1.729988 -4.504647
v 59.374638 1.717989 -4.299829
v 59.153744 1.717990 -4.299829
v 59.374638 1.718163 -4.504647
v 59.153744 1.718163 -4.504647
v 59.153744 1.717786 -4.717313
v 59.374638 1.717786 -4.717315
v 59.374638 1.730001 -4.717315
v 59.153744 1.730001 -4.717313
v 59.084839 1.322097 -3.559781
v 59.305733 1.322097 -3.559781
v 59.305733 1.556125 -3.559606
v 59.084839 1.556125 -3.559606
v 59.305733 1.322097 -3.571607
v 59.084839 1.322097 -3.571607
v 59.305733 1.556125 -3.571431
v 59.084839 1.556125 -3.571431
v 59.084839 1.772862 -3.571807
v 59.305733 1.772862 -3.571807
v 59.305733 1.772862 -3.559592
v 59.084839 1.772862 -3.559592
v 59.084839 1.322097 -3.910987
v 59.305733 1.322097 -3.910987
v 59.305733 1.556125 -3.910811
v 59.084839 1.556125 -3.910811
v 59.305733 1.322097 -3.922811
v 59.084839 1.322097 -3.922811
v 59.305733 1.556125 -3.922637
v 59.084839 1.556125 -3.922637
v 59.084839 1.772862 -3.923013
v 59.305733 1.772862 -3.923013
v 59.305733 1.772862 -3.910800
v 59.084839 1.772862 -3.910800
v 59.084839 1.322097 -4.292943
v 59.305733 1.322097 -4.292943
v 59.305733 1.556125 -4.292768
v 59.084839 1.556125 -4.292768
v 59.305733 1.322097 -4.304767
v 59.084839 1.322097 -4.304767
v 59.305733 1.556125 -4.304593
v 59.084839 1.556125 -4.304593
v 59.084839 1.772862 -4.304969
v 59.305733 1.772862 -4.304969
v 59.305733 1.772862 -4.292754
v 59.084839 1.772862 -4.292754
v 59.084839 1.322097 -4.668714
v 59.305733 1.322097 -4.668714
v 59.305733 1.556125 -4.668540
v 59.084839 1.556125 -4.668540
v 59.305733 1.322097 -4.680539
v 59.084839 1.322097 -4.680539
v 59.305733 1.556125 -4.680364
v 59.084839 1.556125 -4.680366
v 59.084839 1.772862 -4.680741
v 59.305733 1.772862 -4.680741
v 59.305733 1.772862 -4.668527
v 59.084839 1.772862 -4.668527
v 59.291767 1.331010 -3.508662
v 59.291767 1.414862 -3.508662
v 59.291767 1.414862 -3.591279
v 59.291767 1.331010 -3.591279
v 59.813576 1.511902 -3.411032
v 59.813576 1.511902 -3.688153
v 59.813576 1.545615 -3.720109
v 59.813576 1.545615 -3.379831
v 59.576180 1.200257 -3.720109
v 59.576180 1.200257 -3.379831
v 59.813576 1.200257 -3.720109
v 59.813576 1.200257 -3.379831
v 59.576180 1.545615 -3.720109
v 59.576180 1.545615 -3.379831
v 59.813576 1.225069 -3.411032
v 59.813576 1.225069 -3.688151
v 59.291767 1.331010 -3.883142
v 59.291767 1.414862 -3.883142
v 59.291767 1.414862 -3.965760
v 59.291767 1.331010 -3.965760
v 59.813576 1.511902 -3.785512
v 59.813576 1.511902 -4.062633
v 59.813576 1.545615 -4.094590
v 59.813576 1.545615 -3.754312
v 59.576180 1.200257 -4.094590
v 59.576180 1.200257 -3.754312
v 59.813576 1.200257 -4.094590
v 59.813576 1.200152 -3.754312
v 59.576180 1.545615 -4.094590
v 59.576180 1.545615 -3.754312
v 59.813576 1.225069 -3.785512
v 59.813576 1.225069 -4.062633
v 59.291767 1.414862 -4.260392
v 59.291767 1.414862 -4.343011
v 59.291767 1.331010 -4.343011
v 59.813576 1.511902 -4.439885
v 59.813576 1.545615 -4.471843
v 59.813576 1.545615 -4.131562
v 59.813576 1.511902 -4.162763
v 59.291767 1.331010 -4.260392
v 59.576180 1.200257 -4.471843
v 59.576180 1.200257 -4.131562
v 59.813576 1.200257 -4.471843
v 59.813576 1.200257 -4.131562
v 59.576180 1.545615 -4.471843
v 59.576180 1.545615 -4.131562
v 59.813576 1.225069 -4.162765
v 59.813576 1.225069 -4.439883
v 59.291767 1.331010 -4.637298
v 59.291767 1.414862 -4.637298
v 59.291767 1.414862 -4.719918
v 59.291767 1.331010 -4.719918
v 59.813576 1.511902 -4.539668
v 59.813576 1.511902 -4.816791
v 59.813576 1.545615 -4.848748
v 59.813576 1.545615 -4.508468
v 59.576180 1.200257 -4.848748
v 59.576180 1.200257 -4.508468
v 59.813576 1.200257 -4.848748
v 59.813576 1.200257 -4.508468
v 59.576180 1.545615 -4.848748
v 59.576180 1.545615 -4.508468
v 59.813576 1.225069 -4.539670
v 59.813576 1.225069 -4.816791
v 59.153744 1.380793 -3.506997
v 59.374638 1.380793 -3.506997
v 59.374638 1.380967 -3.741023
v 59.153744 1.380967 -3.741023
v 59.374638 1.368968 -3.506995
v 59.153744 1.368969 -3.506997
v 59.374638 1.369143 -3.741023
v 59.153744 1.369143 -3.741023
v 59.153744 1.368765 -3.925967
v 59.374638 1.368765 -3.925967
v 59.374638 1.380980 -3.925967
v 59.153744 1.380980 -3.925967
v 59.153744 1.380793 -3.922761
v 59.374638 1.380793 -3.922761
v 59.374638 1.380967 -4.127643
v 59.153744 1.380967 -4.127643
v 59.374638 1.368969 -3.922761
v 59.153744 1.368969 -3.922761
v 59.374638 1.369143 -4.127643
v 59.153744 1.369143 -4.127643
v 59.153744 1.368765 -4.300130
v 59.374638 1.368765 -4.300130
v 59.374638 1.380980 -4.300130
v 59.153744 1.380980 -4.300130
v 59.153744 1.380793 -4.299829
v 59.374638 1.380793 -4.299829
v 59.374638 1.380967 -4.504647
v 59.153744 1.380967 -4.504647
v 59.374638 1.368968 -4.299829
v 59.153744 1.368969 -4.299829
v 59.374638 1.369143 -4.504647
v 59.153744 1.369143 -4.504647
v 59.153744 1.368765 -4.717313
v 59.374638 1.368765 -4.717315
v 59.374638 1.380980 -4.717315
v 59.153744 1.380980 -4.717313
v 540.681580 5.675253 -245.411591
v 540.681580 5.897103 -245.411591
v 540.496521 5.897103 -245.348877
v 540.496521 5.675253 -245.348877
v 537.233398 5.589593 -244.481888
v 537.469543 5.155398 -244.536499
v 537.398743 5.151475 -244.304550
v 537.304321 5.159805 -244.713699
v 537.068115 5.160287 -244.659073
v 536.997192 5.156366 -244.427292
v 537.162598 5.151958 -244.249969
v 537.408203 5.735593 -244.522125
v 537.355896 5.732689 -244.350494
v 537.285706 5.738859 -244.653458
v 537.110901 5.739215 -244.613297
v 537.058594 5.736312 -244.441666
v 537.181091 5.733049 -244.310257
v 537.233398 5.735954 -244.481888
v 547.388062 5.675249 -209.137970
v 547.388062 5.897099 -209.137970
v 547.203064 5.897099 -209.075256
v 547.203064 5.675249 -209.075256
v 543.939697 5.589596 -208.208252
v 544.175781 5.155401 -208.262863
v 544.104980 5.151478 -208.030914
v 544.010559 5.159808 -208.440048
v 543.774353 5.160290 -208.385422
v 543.703491 5.156369 -208.153641
v 543.868896 5.151961 -207.976318
v 544.114441 5.735596 -208.248474
v 544.062134 5.732692 -208.076843
v 543.992004 5.738862 -208.379822
v 543.817139 5.739218 -208.339645
v 543.764832 5.736315 -208.168015
v 543.887390 5.733052 -208.036621
v 543.939697 5.735957 -208.208252
v 640.027710 8.119113 -141.825699
v 640.027710 8.340964 -141.825699
v 639.832397 8.340964 -141.827667
v 639.832397 8.119113 -141.827667
v 638.894165 8.072451 -141.851944
v 639.041260 7.807758 -141.835739
v 638.953674 7.807758 -141.716522
v 638.981750 7.807758 -141.971191
v 638.834717 7.807758 -141.987411
v 638.747131 7.807758 -141.868118
v 638.806580 7.807758 -141.732742
v 639.002991 8.161773 -141.839874
v 638.938293 8.161773 -141.751633
v 638.958923 8.161773 -141.940216
v 638.850159 8.161774 -141.952347
v 638.785400 8.161774 -141.864029
v 638.829468 8.161774 -141.763718
v 638.894165 8.161774 -141.851944
v 629.543152 7.572564 -168.132324
v 629.543152 7.794414 -168.132324
v 629.362366 7.794414 -168.058243
v 629.362366 7.572564 -168.058243
v 628.488342 7.525901 -167.716187
v 628.630127 7.261208 -167.758331
v 628.595703 7.261208 -167.614456
v 628.522705 7.261208 -167.860031
v 628.380981 7.261208 -167.817947
v 628.346558 7.261208 -167.674133
v 628.453979 7.261208 -167.572357
v 628.593323 7.615223 -167.747345
v 628.567871 7.615223 -167.640854
v 628.513672 7.615223 -167.822662
v 628.408752 7.615223 -167.791611
v 628.383362 7.615223 -167.685104
v 628.462952 7.615223 -167.609772
v 628.488342 7.615223 -167.716187
v 616.389893 8.119108 -199.130234
v 616.389893 8.340960 -199.130234
v 616.194580 8.340960 -199.132156
v 616.194580 8.119108 -199.132156
v 615.256348 8.072446 -199.156387
v 615.403381 7.807754 -199.140182
v 615.315796 7.807754 -199.020950
v 615.343933 7.807754 -199.275650
v 615.196960 7.807754 -199.291885
v 615.109314 7.807754 -199.172577
v 615.168884 7.807754 -199.037170
v 615.365173 8.161768 -199.144348
v 615.300476 8.161768 -199.056076
v 615.321106 8.161768 -199.244675
v 615.212341 8.161769 -199.256790
v 615.147583 8.161769 -199.168503
v 615.191650 8.161769 -199.068161
v 615.256348 8.161769 -199.156387
v 605.897461 7.572560 -225.868408
v 605.897461 7.794410 -225.868408
v 605.716675 7.794410 -225.794312
v 605.716675 7.572560 -225.794312
v 604.842651 7.525897 -225.452316
v 604.984436 7.261204 -225.494446
v 604.950012 7.261204 -225.350586
v 604.877014 7.261204 -225.596161
v 604.735291 7.261204 -225.554062
v 604.700928 7.261204 -225.410233
v 604.808289 7.261204 -225.308426
v 604.947632 7.615219 -225.483444
v 604.922180 7.615219 -225.376953
v 604.867981 7.615219 -225.558807
v 604.763062 7.615219 -225.527679
v 604.737671 7.615219 -225.421188
v 604.817200 7.615219 -225.345840
v 604.842651 7.615219 -225.452316
v 594.710449 8.119104 -257.292053
v 594.710449 8.340956 -257.292053
v 594.515137 8.340956 -257.293945
v 594.515137 8.119104 -257.293945
v 593.576904 8.072442 -257.318237
v 593.723938 7.807749 -257.302063
v 593.636353 7.807749 -257.182800
v 593.664490 7.807749 -257.437439
v 593.517395 7.807749 -257.453674
v 593.429810 7.807749 -257.334473
v 593.489319 7.807749 -257.199036
v 593.685730 8.161764 -257.306152
v 593.620972 8.161764 -257.217896
v 593.641602 8.161764 -257.406494
v 593.532837 8.161765 -257.418579
v 593.468079 8.161765 -257.330322
v 593.512146 8.161765 -257.229980
v 593.576904 8.161765 -257.318237
v 585.789368 7.572556 -283.673706
v 585.789368 7.794405 -283.673706
v 585.608643 7.794405 -283.599609
v 585.608643 7.572556 -283.599609
v 584.734558 7.525893 -283.257507
v 584.876404 7.261199 -283.299622
v 584.841980 7.261199 -283.155762
v 584.768921 7.261199 -283.401306
v 584.627136 7.261199 -283.359192
v 584.592773 7.261199 -283.215393
v 584.700134 7.261199 -283.113586
v 584.839539 7.615214 -283.288635
v 584.814148 7.615214 -283.182129
v 584.759888 7.615214 -283.364014
v 584.654907 7.615214 -283.332825
v 584.629639 7.615214 -283.226379
v 584.709167 7.615214 -283.151001
v 584.734558 7.615214 -283.257507
v 574.989380 8.119100 -314.352173
v 574.989380 8.340951 -314.352173
v 574.794067 8.340951 -314.354004
v 574.794067 8.119100 -314.354004
v 573.855835 8.072437 -314.378296
v 574.002930 7.807745 -314.362183
v 573.915405 7.807745 -314.242981
v 573.943420 7.807745 -314.497620
v 573.796448 7.807745 -314.513855
v 573.708923 7.807745 -314.394531
v 573.768372 7.807745 -314.259094
v 573.964722 8.161759 -314.366272
v 573.899963 8.161759 -314.278076
v 573.920654 8.161759 -314.466675
v 573.811829 8.161760 -314.478760
v 573.747131 8.161760 -314.390503
v 573.791199 8.161760 -314.290100
v 573.855835 8.161760 -314.378296
v 566.458191 7.572551 -341.559570
v 566.458191 7.794401 -341.559570
v 566.277466 7.794401 -341.485474
v 566.277466 7.572551 -341.485474
v 565.403442 7.525888 -341.143433
v 565.545166 7.261195 -341.185486
v 565.510803 7.261195 -341.041687
v 565.437805 7.261195 -341.287231
v 565.296021 7.261195 -341.245117
v 565.261658 7.261195 -341.101318
v 565.369019 7.261195 -340.999512
v 565.508362 7.615210 -341.174561
v 565.482971 7.615210 -341.068054
v 565.428772 7.615210 -341.249878
v 565.323792 7.615210 -341.218750
v 565.298462 7.615210 -341.112244
v 565.378052 7.615210 -341.036926
v 565.403442 7.615210 -341.143433
v 261.731293 43.411236 -957.278687
v 261.731293 43.633083 -957.278687
v 261.741119 43.633083 -957.473816
v 261.741119 43.411236 -957.473816
v 261.619568 43.325497 -961.637024
v 261.583130 42.891430 -961.397461
v 261.393829 42.888523 -961.548767
v 261.808899 42.894680 -961.485779
v 261.845245 42.895035 -961.725403
v 261.655914 42.892139 -961.876709
v 261.430176 42.888885 -961.788391
v 261.592529 43.471592 -961.459839
v 261.452332 43.469440 -961.571655
v 261.759705 43.473999 -961.525208
v 261.786804 43.474262 -961.702515
v 261.646606 43.472118 -961.814453
v 261.479370 43.469707 -961.749023
v 261.619568 43.471855 -961.637024
v 240.912506 42.003601 -954.460754
v 240.912506 42.225452 -954.460754
v 240.856812 42.225452 -954.648010
v 240.856812 42.003601 -954.648010
v 239.715393 41.917942 -958.354736
v 239.760895 41.483746 -958.116638
v 239.531937 41.479828 -958.196350
v 239.944275 41.488148 -958.275085
v 239.898819 41.488636 -958.513184
v 239.669861 41.484715 -958.592834
v 239.486481 41.480309 -958.434387
v 239.748932 42.063942 -958.178528
v 239.579498 42.061031 -958.237366
v 239.884842 42.067204 -958.295898
v 239.851303 42.067566 -958.472168
v 239.681854 42.064655 -958.531006
v 239.545959 42.061394 -958.413574
v 239.715393 42.064301 -958.354736
v 223.612549 41.466557 -947.124329
v 223.612549 41.688412 -947.124329
v 223.515152 41.688412 -947.293701
v 223.515152 41.466557 -947.293701
v 221.385803 41.380836 -951.028320
v 221.485031 40.946732 -950.807129
v 221.243851 40.943546 -950.831787
v 221.626984 40.950325 -951.003540
v 221.527740 40.950718 -951.224731
v 221.286606 40.947521 -951.249451
v 221.144699 40.943935 -951.052917
v 221.459152 41.526905 -950.864563
v 221.280670 41.524540 -950.882690
v 221.564240 41.529564 -951.010193
v 221.490967 41.529858 -951.173889
v 221.312531 41.527489 -951.192017
v 221.207352 41.524830 -951.046448
v 221.385803 41.527195 -951.028320
v 284.659088 42.528450 -954.579163
v 284.659088 42.750305 -954.579163
v 284.693909 42.750305 -954.771484
v 284.693909 42.528450 -954.771484
v 285.474457 42.442726 -958.998901
v 285.407715 42.008629 -958.765991
v 285.239319 42.005436 -958.940308
v 285.642883 42.012218 -958.824585
v 285.709656 42.012615 -959.057617
v 285.541260 42.009411 -959.231995
v 285.306091 42.005829 -959.173340
v 285.425018 42.588795 -958.826599
v 285.300232 42.586430 -958.955566
v 285.599243 42.591457 -958.870117
v 285.648743 42.591755 -959.042419
v 285.524078 42.589382 -959.171448
v 285.349792 42.586723 -959.127869
v 285.474457 42.589088 -958.998901
v 446.733429 38.243217 -905.247681
v 446.733429 38.465073 -905.247681
v 446.593933 38.465073 -905.110901
v 446.593933 38.243217 -905.110901
v 443.513947 38.157497 -902.111694
v 443.703064 37.723396 -902.263306
v 443.739746 37.720203 -902.023682
v 443.477234 37.726982 -902.351379
v 443.288086 37.727379 -902.199768
v 443.324768 37.724178 -901.960144
v 443.550598 37.720596 -901.872131
v 443.653931 38.303558 -902.223816
v 443.681213 38.301201 -902.046448
v 443.486572 38.306221 -902.288940
v 443.346558 38.306519 -902.176880
v 443.373779 38.304150 -901.999634
v 443.541138 38.301491 -901.934448
v 443.513947 38.303860 -902.111694
v 321.025757 35.827389 -718.137268
v 321.025757 36.049248 -718.137268
v 321.115051 36.049248 -717.963440
v 321.115051 35.827389 -717.963440
v 323.065063 35.741665 -714.132141
v 322.976501 35.307564 -714.357666
v 323.216187 35.304371 -714.321594
v 322.825348 35.311150 -714.168213
v 322.913940 35.311550 -713.942566
v 323.153687 35.308346 -713.906433
v 323.304749 35.304764 -714.096008
v 322.999573 35.887730 -714.299072
v 323.177063 35.885368 -714.272522
v 322.887695 35.890388 -714.158630
v 322.953156 35.890686 -713.991577
v 323.130493 35.888317 -713.965088
v 323.242493 35.885662 -714.105530
v 323.065063 35.888027 -714.132141
v -277.632477 27.239519 -398.474121
v -277.632477 27.461369 -398.474121
v -277.446686 27.461369 -398.534088
v -277.446686 27.239519 -398.534088
v -275.691528 27.192856 -399.020111
v -275.836121 26.928164 -398.988800
v -275.790863 26.928164 -399.129639
v -275.736694 26.928164 -398.879333
v -275.592102 26.928164 -398.910583
v -275.546875 26.928164 -399.051392
v -275.646332 26.928164 -399.160858
v -275.798431 27.282179 -398.997009
v -275.765106 27.282179 -399.101379
v -275.724945 27.282179 -398.915894
v -275.617798 27.282179 -398.938812
v -275.584381 27.282179 -399.043213
v -275.658081 27.282179 -399.124390
v -275.691528 27.282179 -399.020111
v -278.892090 25.492195 -454.328308
v -278.892090 25.714046 -454.328308
v -278.909485 25.714046 -454.522949
v -278.909485 25.492195 -454.522949
v -278.978302 25.445532 -455.458984
v -278.979919 25.180840 -455.311127
v -279.107208 25.180840 -455.386444
v -278.851044 25.180840 -455.383728
v -278.849579 25.180840 -455.531586
v -278.976776 25.180840 -455.606964
v -279.105652 25.180840 -455.534363
v -278.979645 25.534855 -455.349487
v -279.073975 25.534855 -455.405151
v -278.884064 25.534855 -455.403351
v -278.882843 25.534855 -455.512756
v -278.977173 25.534855 -455.568420
v -279.072601 25.534855 -455.514648
v -278.978302 25.534855 -455.458984
v -304.787231 24.945648 -436.305756
v -304.787231 25.167500 -436.305756
v -304.618835 25.167500 -436.404694
v -304.618835 24.945650 -436.404694
v -303.802521 24.898985 -436.867462
v -303.936798 24.634295 -436.805542
v -303.923370 24.634295 -436.952850
v -303.816101 24.634295 -436.720184
v -303.681732 24.634295 -436.781982
v -303.668121 24.634295 -436.929260
v -303.788910 24.634295 -437.014709
v -303.901917 24.988308 -436.821686
v -303.891968 24.988308 -436.930786
v -303.812500 24.988308 -436.758484
v -303.713013 24.988310 -436.804047
v -303.703003 24.988310 -436.913239
v -303.792511 24.988310 -436.976440
v -303.802521 24.988310 -436.867462
v -277.049194 24.945644 -490.971588
v -277.049194 25.167496 -490.971588
v -277.243469 25.167496 -490.952454
v -277.243469 24.945644 -490.952454
v -278.178711 24.898981 -490.875000
v -278.030731 24.634291 -490.874695
v -278.104950 24.634291 -490.746674
v -278.104614 24.634291 -491.002899
v -278.252502 24.634291 -491.003113
v -278.326660 24.634291 -490.875183
v -278.252960 24.634291 -490.746918
v -278.069275 24.988304 -490.874695
v -278.124115 24.988304 -490.779846
v -278.123901 24.988304 -490.969666
v -278.233429 24.988306 -490.969940
v -278.288269 24.988306 -490.875061
v -278.233582 24.988306 -490.780090
v -278.178711 24.988306 -490.875000
v -265.406219 12.399235 -40.157677
v -265.406250 12.621085 -40.157677
v -265.541382 12.621082 -40.016602
v -265.541382 12.399233 -40.016602
v -267.086121 12.313272 -38.397247
v -266.901794 11.879558 -38.554619
v -266.857666 11.879525 -38.316303
v -267.130249 11.879577 -38.635555
v -267.314575 11.879577 -38.478157
v -267.270447 11.879565 -38.239845
v -267.041962 11.879530 -38.158913
v -266.949646 12.459629 -38.513645
v -266.916840 12.459606 -38.337280
v -267.118927 12.459645 -38.573616
v -267.255432 12.459646 -38.457207
v -267.222626 12.459636 -38.280861
v -267.053345 12.459611 -38.220879
v -267.086121 12.459631 -38.397247
v -245.770950 11.247784 -26.076990
v -245.770950 11.469634 -26.076990
v -245.886536 11.469634 -25.919523
v -245.886536 11.247784 -25.919523
v -248.076263 11.162045 -22.376427
v -247.914001 10.727976 -22.556477
v -247.839188 10.725072 -22.325933
v -248.151047 10.731228 -22.606953
v -248.313293 10.731583 -22.426899
v -248.238510 10.728689 -22.196365
v -248.001434 10.725430 -22.145878
v -247.956085 11.308139 -22.509605
v -247.900604 11.305990 -22.339024
v -248.131744 11.310546 -22.547010
v -248.251923 11.310813 -22.413837
v -248.196426 11.308671 -22.243242
v -248.020767 11.306255 -22.205837
v -248.076263 11.308404 -22.376427
v -221.526154 10.065716 -15.978909
v -221.526154 10.287566 -15.978909
v -221.583710 10.287566 -15.792232
v -221.583710 10.065716 -15.792232
v -222.689850 9.980053 -12.074809
v -222.595657 9.545858 -12.298120
v -222.449326 9.541937 -12.104883
v -222.836136 9.550265 -12.268044
v -222.930359 9.550746 -12.044722
v -222.784042 9.546825 -11.851485
v -222.543533 9.542419 -11.881569
v -222.620041 10.126053 -12.240047
v -222.511658 10.123149 -12.097101
v -222.798233 10.129318 -12.217757
v -222.868073 10.129677 -12.052524
v -222.759689 10.126772 -11.909571
v -222.581482 10.123507 -11.931866
v -222.689850 10.126413 -12.074809
v -310.881409 18.521141 -139.320312
v -310.881409 18.742992 -139.320312
v -311.076599 18.742992 -139.312958
v -311.076599 18.521137 -139.312958
v -314.394043 18.435179 -139.315735
v -314.152130 18.001467 -139.300568
v -314.286194 18.001432 -139.098633
v -314.260010 18.001484 -139.517624
v -314.501892 18.001488 -139.532745
v -314.635925 18.001474 -139.330826
v -314.528076 18.001436 -139.113770
v -314.215027 18.581535 -139.304413
v -314.314148 18.581514 -139.154892
v -314.294952 18.581553 -139.465240
v -314.473969 18.581554 -139.476562
v -314.573059 18.581543 -139.327042
v -314.493164 18.581518 -139.166214
v -314.394043 18.581539 -139.315735
v -304.559631 17.104580 -110.303696
v -304.559631 17.326431 -110.303696
v -304.748688 17.326431 -110.254425
v -304.748688 17.104580 -110.254425
v -307.640045 17.018841 -109.424683
v -307.400574 16.584772 -109.462059
v -307.487946 16.581867 -109.235947
v -307.552673 16.588026 -109.650757
v -307.792114 16.588379 -109.613358
v -307.879517 16.585485 -109.387314
v -307.727386 16.582226 -109.198608
v -307.462799 17.164934 -109.452217
v -307.527313 17.162785 -109.284882
v -307.575500 17.167341 -109.592049
v -307.752747 17.167608 -109.564514
v -307.817291 17.165466 -109.397156
v -307.704620 17.163050 -109.257317
v -307.640045 17.165199 -109.424683
v -293.781433 14.829609 -83.035202
v -293.781433 15.051459 -83.035202
v -293.960632 15.051459 -82.957382
v -293.960632 14.829609 -82.957382
v -299.085968 14.743950 -81.112999
v -298.855103 14.309755 -81.186821
v -298.906555 14.305832 -80.949982
v -299.034485 14.314161 -81.349823
v -299.265320 14.314643 -81.275978
v -299.316803 14.310722 -81.039124
v -299.137421 14.306316 -80.876129
v -298.915070 14.889951 -81.167534
v -298.953033 14.887045 -80.992218
v -299.047974 14.893215 -81.288300
v -299.218872 14.893573 -81.233788
v -299.256836 14.890668 -81.058441
v -299.123932 14.887405 -80.937675
v -299.085968 14.890310 -81.112999
v -282.926422 14.112888 -60.784119
v -282.926422 14.334738 -60.784119
v -283.088623 14.334738 -60.675243
v -283.088623 14.112888 -60.675243
v -286.741791 14.027168 -58.388908
v -286.528076 13.593063 -58.503204
v -286.535919 13.589871 -58.260948
v -286.733887 13.596654 -58.631142
v -286.947632 13.597051 -58.516865
v -286.955536 13.593849 -58.274605
v -286.749695 13.590265 -58.146637
v -286.583527 14.173235 -58.473408
v -286.589264 14.170873 -58.294098
v -286.736115 14.175896 -58.568207
v -286.894348 14.176190 -58.483730
v -286.900055 14.173820 -58.304432
v -286.747498 14.171165 -58.209602
v -286.741791 14.173529 -58.388908
v -329.831726 15.491500 -65.277763
v -329.831726 15.713349 -65.277763
v -329.654114 15.713349 -65.359062
v -329.654114 15.491500 -65.359062
v -324.565796 15.405840 -67.303207
v -324.795166 14.971646 -67.224884
v -324.748291 14.967722 -67.462692
v -324.612610 14.976052 -67.065430
v -324.383240 14.976535 -67.143761
v -324.336426 14.972613 -67.381577
v -324.518921 14.968206 -67.541031
v -324.735596 15.551841 -67.245338
v -324.701050 15.548937 -67.421364
v -324.600311 15.555106 -67.127197
v -324.430511 15.555464 -67.185036
v -324.395996 15.552560 -67.361092
v -324.531219 15.549296 -67.479225
v -324.565796 15.552201 -67.303207
v -682.568115 19.833241 -127.100235
v -682.568115 20.055090 -127.100235
v -682.504333 20.055090 -126.915619
v -682.504333 19.833241 -126.915604
v -682.212158 19.786577 -126.023720
v -682.246216 19.521885 -126.167648
v -682.104553 19.521885 -126.125214
v -682.353821 19.521885 -126.066162
v -682.319702 19.521885 -125.922218
v -682.177979 19.521885 -125.879776
v -682.070435 19.521885 -125.981270
v -682.237305 19.875898 -126.130257
v -682.132446 19.875898 -126.098923
v -682.317017 19.875898 -126.055054
v -682.291870 19.875898 -125.948502
v -682.187012 19.875898 -125.917175
v -682.107300 19.875898 -125.992386
v -682.212158 19.875898 -126.023712
v -321.385254 29.793627 -496.981018
v -321.385254 30.015480 -496.981018
v -321.190582 30.015480 -496.964752
v -321.190582 29.793627 -496.964752
v -317.025574 29.707890 -496.948853
v -317.263824 29.273821 -496.993164
v -317.106384 29.270918 -497.177368
v -317.182983 29.277073 -496.764648
v -316.944733 29.277426 -496.720367
v -316.787231 29.274532 -496.904602
v -316.868073 29.271275 -497.133118
v -317.201843 29.853985 -496.981750
v -317.085449 29.851833 -497.118164
v -317.141998 29.856392 -496.812439
v -316.965668 29.856657 -496.779541
v -316.849182 29.854515 -496.915985
v -316.909058 29.852100 -497.085297
v -317.025574 29.854248 -496.948853
v -320.979553 29.210838 -543.263672
v -320.979553 29.432688 -543.263672
v -320.784210 29.432688 -543.264832
v -320.784210 29.210838 -543.264832
v -316.906158 29.125177 -543.325745
v -317.147461 28.690983 -543.348572
v -317.007050 28.687061 -543.546143
v -317.046570 28.695389 -543.128235
v -316.805237 28.695871 -543.105347
v -316.664856 28.691952 -543.302979
v -316.765808 28.687542 -543.523315
v -317.084747 29.271175 -543.342773
v -316.980896 29.268270 -543.489014
v -317.009979 29.274445 -543.179504
v -316.831390 29.274803 -543.162476
v -316.727539 29.271896 -543.308777
v -316.802307 29.268631 -543.472046
v -316.906158 29.271538 -543.325745
v -321.047180 29.421049 -578.990356
v -321.047180 29.642904 -578.990356
v -320.851807 29.642904 -578.988281
v -320.851807 29.421049 -578.988281
v -316.553253 29.335325 -578.927063
v -316.794189 28.901226 -578.953857
v -316.650513 28.898035 -579.149109
v -316.696960 28.904814 -578.731873
v -316.456055 28.905210 -578.705078
v -316.312347 28.902010 -578.900330
v -316.409637 28.898428 -579.122314
v -316.731567 29.481394 -578.947021
v -316.625305 29.479031 -579.091614
v -316.659454 29.484053 -578.782532
v -316.481232 29.484350 -578.762573
v -316.374969 29.481977 -578.907104
v -316.447052 29.479322 -579.071655
v -316.553253 29.481688 -578.927063
v -354.570007 25.637550 -662.546814
v -354.570007 25.858444 -662.546814
v -354.764496 25.858444 -662.546814
v -354.764496 25.637550 -662.546814
v -355.698853 25.589355 -662.561890
v -355.552307 25.327496 -662.547119
v -355.638336 25.341225 -662.427612
v -355.612854 25.312065 -662.681396
v -355.759369 25.310373 -662.696106
v -355.845398 25.324116 -662.576599
v -355.784882 25.339539 -662.442322
v -355.590393 25.679552 -662.550903
v -355.654022 25.689720 -662.462402
v -355.635254 25.668119 -662.650391
v -355.743713 25.666859 -662.661377
v -355.807312 25.677032 -662.572876
v -355.762482 25.688461 -662.473328
v -355.698853 25.678291 -662.561890
v -354.241699 27.464296 -633.394226
v -354.241699 27.685190 -633.394226
v -354.436218 27.685190 -633.394226
v -354.436218 27.464296 -633.394226
v -355.370605 27.416494 -633.409302
v -355.224030 27.154251 -633.394592
v -355.310059 27.164858 -633.275024
v -355.284546 27.142321 -633.528870
v -355.431122 27.141012 -633.543579
v -355.517151 27.151638 -633.424011
v -355.456604 27.163553 -633.289734
v -355.262146 27.506405 -633.398315
v -355.325745 27.514257 -633.309814
v -355.306976 27.497566 -633.497864
v -355.415436 27.496592 -633.508789
v -355.479034 27.504457 -633.420288
v -355.434204 27.513288 -633.320801
v -355.370605 27.505432 -633.409302
v -351.490173 27.450754 -605.001953
v -351.490173 27.671648 -605.001953
v -351.684662 27.671648 -605.001953
v -351.684662 27.450754 -605.001953
v -352.619019 27.403471 -605.017090
v -352.472473 27.140722 -605.002319
v -352.558502 27.147219 -604.882812
v -352.533020 27.133402 -605.136597
v -352.679535 27.132599 -605.151367
v -352.765564 27.139120 -605.031799
v -352.705048 27.146420 -604.897522
v -352.510559 27.493004 -605.006104
v -352.574188 27.497818 -604.917603
v -352.555420 27.487583 -605.105591
v -352.663879 27.486984 -605.116577
v -352.727478 27.491810 -605.028015
v -352.682617 27.497221 -604.928528
v -352.619019 27.492409 -605.017090
v -348.735046 29.019022 -576.611755
v -348.735046 29.239916 -576.611755
v -348.929565 29.239916 -576.611755
v -348.929565 29.019022 -576.611755
v -349.863922 28.972391 -576.626892
v -349.717377 28.709005 -576.612122
v -349.803406 28.710337 -576.492615
v -349.777893 28.707483 -576.746460
v -349.924438 28.707315 -576.761169
v -350.010468 28.708677 -576.641602
v -349.949951 28.710176 -576.507324
v -349.755463 29.061453 -576.615906
v -349.819092 29.062441 -576.527405
v -349.800323 29.060324 -576.715393
v -349.908752 29.060198 -576.726379
v -349.972382 29.061205 -576.637817
v -349.927521 29.062319 -576.538330
v -349.863922 29.061327 -576.626892
v -281.614258 25.590088 -249.821274
v -281.614258 25.811939 -249.821274
v -281.436493 25.811939 -249.740311
v -281.436493 25.590088 -249.740311
v -277.891266 25.504433 -248.167328
v -278.100677 25.070236 -248.289352
v -277.890289 25.066315 -248.409729
v -278.101654 25.074642 -248.046997
v -277.892242 25.075121 -247.924957
v -277.681854 25.071203 -248.045334
v -277.680878 25.066797 -248.287704
v -278.046234 25.650429 -248.257736
v -277.890533 25.647524 -248.346924
v -278.046906 25.653696 -248.078171
v -277.891998 25.654051 -247.987732
v -277.736328 25.651150 -248.076904
v -277.735657 25.647884 -248.256485
v -277.891266 25.650787 -248.167328
v -294.388855 22.856880 -191.703186
v -294.388855 23.078730 -191.703186
v -294.546021 23.078730 -191.819214
v -294.546021 22.856880 -191.819214
v -297.995728 22.771164 -194.384583
v -297.816101 22.337059 -194.221878
v -298.046814 22.333870 -194.147629
v -297.764984 22.340651 -194.458771
v -297.944641 22.341047 -194.621506
v -298.175385 22.337845 -194.547256
v -298.226440 22.334263 -194.310333
v -297.862854 22.917231 -194.264069
v -298.033630 22.914867 -194.209015
v -297.825012 22.919889 -194.439606
v -297.957886 22.920185 -194.560135
v -298.128601 22.917816 -194.505081
v -298.166443 22.915161 -194.329529
v -297.995728 22.917522 -194.384583
v -351.636566 17.883472 -790.122559
v -351.636566 18.104364 -790.122559
v -351.825714 18.104708 -790.167847
v -351.825714 17.883816 -790.167847
v -352.729187 17.837156 -790.407104
v -352.591736 17.574987 -790.351929
v -352.716156 17.587963 -790.201172
v -352.604492 17.560644 -790.557739
v -352.741852 17.559256 -790.613220
v -352.866638 17.572212 -790.462341
v -352.853699 17.586573 -790.256104
v -352.627472 17.927122 -790.366211
v -352.719574 17.936728 -790.254456
v -352.636963 17.916492 -790.518738
v -352.738617 17.915461 -790.559814
v -352.830902 17.925056 -790.448059
v -352.821320 17.935696 -790.295288
v -352.729187 17.926092 -790.407104
v -354.242004 19.993172 -754.130737
v -354.242004 20.214066 -754.130737
v -354.436493 20.214222 -754.130737
v -354.436493 19.993328 -754.130737
v -355.370850 19.945662 -754.145813
v -355.224304 19.683826 -754.131104
v -355.310333 19.698565 -754.011536
v -355.284851 19.667385 -754.265381
v -355.431396 19.665672 -754.280090
v -355.517395 19.680393 -754.160583
v -355.456879 19.696840 -754.026245
v -355.262421 20.035877 -754.134888
v -355.326019 20.046785 -754.046326
v -355.307251 20.023693 -754.234375
v -355.415710 20.022411 -754.245361
v -355.479309 20.033319 -754.156799
v -355.434448 20.045511 -754.057251
v -355.370850 20.034597 -754.145874
v -354.924255 21.473969 -725.738525
v -354.924255 21.694860 -725.738525
v -355.118774 21.694872 -725.738525
v -355.118774 21.473978 -725.738525
v -356.053131 21.425545 -725.753601
v -355.906586 21.163954 -725.738892
v -355.992615 21.179895 -725.619324
v -355.967102 21.146059 -725.873169
v -356.113647 21.144102 -725.887878
v -356.199677 21.160038 -725.768311
v -356.139160 21.177942 -725.634033
v -355.944672 21.515942 -725.742615
v -356.008301 21.527748 -725.654114
v -355.989532 21.502682 -725.842163
v -356.097992 21.501223 -725.853088
v -356.161591 21.513025 -725.764587
v -356.116730 21.526293 -725.665100
v -356.053131 21.514482 -725.753601
v -354.432526 23.676853 -697.348328
v -354.432526 23.897747 -697.348328
v -354.627045 23.897747 -697.348267
v -354.627045 23.676853 -697.348267
v -355.561401 23.628372 -697.363403
v -355.414856 23.366791 -697.348694
v -355.500885 23.382792 -697.229126
v -355.475372 23.348818 -697.482910
v -355.621918 23.346846 -697.497620
v -355.707947 23.362850 -697.378113
v -355.647430 23.380821 -697.243835
v -355.452942 23.718777 -697.352417
v -355.516541 23.730625 -697.263916
v -355.497803 23.705456 -697.451904
v -355.606262 23.703987 -697.462891
v -355.669861 23.715839 -697.374390
v -355.625000 23.729155 -697.274841
v -355.561401 23.717308 -697.363403
v -167.011154 24.945656 -349.868469
v -167.011154 25.167503 -349.868469
v -167.123398 25.167503 -350.028229
v -167.123398 24.945656 -350.028229
v -167.650787 24.898989 -350.804535
v -167.578293 24.634300 -350.675568
v -167.726227 24.634300 -350.677216
v -167.502960 24.634300 -350.802917
v -167.575500 24.634300 -350.931824
v -167.723389 24.634300 -350.933502
v -167.798767 24.634300 -350.806183
v -167.597229 24.988312 -350.709106
v -167.706741 24.988312 -350.710236
v -167.541428 24.988312 -350.803375
v -167.594986 24.988312 -350.898865
v -167.704605 24.988316 -350.899994
v -167.760361 24.988316 -350.805664
v -167.650787 24.988316 -350.804535
v -157.902222 25.492197 -376.448212
v -157.902222 25.714050 -376.448212
v -158.043518 25.714050 -376.313354
v -158.043518 25.492197 -376.313354
v -158.732544 25.445538 -375.676056
v -158.615906 25.180843 -375.766998
v -158.595428 25.180843 -375.620544
v -158.753021 25.180843 -375.822510
v -158.869598 25.180843 -375.731476
v -158.849182 25.180843 -375.585083
v -158.712006 25.180843 -375.529510
v -158.646042 25.534861 -375.743286
v -158.630844 25.534861 -375.634857
v -158.747742 25.534861 -375.784454
v -158.834076 25.534861 -375.717133
v -158.818787 25.534861 -375.608734
v -158.717239 25.534861 -375.567627
v -158.732544 25.534861 -375.676056
v -186.253738 24.945648 -399.762726
v -186.253738 25.167500 -399.762726
v -186.308701 25.167500 -399.575378
v -186.308701 24.945648 -399.575378
v -186.586975 24.898985 -398.679016
v -186.531372 24.634296 -398.816101
v -186.440384 24.634296 -398.699432
v -186.677795 24.634296 -398.795654
v -186.733398 24.634296 -398.658569
v -186.642517 24.634296 -398.541870
v -186.495987 24.634296 -398.562347
v -186.545761 24.988308 -398.780365
v -186.478348 24.988308 -398.694061
v -186.654236 24.988308 -398.765259
v -186.695496 24.988308 -398.663879
v -186.628082 24.988312 -398.577454
v -186.519501 24.988312 -398.592651
v -186.586975 24.988312 -398.679016
v -201.740189 29.043135 -420.066559
v -201.740189 29.264988 -420.066559
v -201.617264 29.264988 -420.218414
v -201.617264 29.043135 -420.218414
v -199.262268 28.957397 -423.653809
v -199.432877 28.523333 -423.481689
v -199.496704 28.520426 -423.715454
v -199.198456 28.526583 -423.420013
v -199.027847 28.526934 -423.592194
v -199.091675 28.524042 -423.825989
v -199.326096 28.520784 -423.887634
v -199.388580 29.103491 -423.526520
v -199.435959 29.101343 -423.699463
v -199.214935 29.105902 -423.480804
v -199.088593 29.106167 -423.608124
v -199.135925 29.104025 -423.781158
v -199.309601 29.101610 -423.826843
v -199.262268 29.103760 -423.653809
v -225.823517 28.560843 -432.366852
v -225.823517 28.782694 -432.366852
v -225.833878 28.782694 -432.561890
v -225.833878 28.560843 -432.561890
v -226.078064 28.475183 -436.432709
v -226.089478 28.040985 -436.190552
v -226.293457 28.037066 -436.321533
v -225.874084 28.045391 -436.301758
v -225.862671 28.045874 -436.543915
v -226.066711 28.041954 -436.674805
v -226.282043 28.037546 -436.563599
v -226.086594 28.621180 -436.253540
v -226.237610 28.618275 -436.350281
v -225.927002 28.624447 -436.335907
v -225.918488 28.624804 -436.515106
v -226.069504 28.621901 -436.611938
v -226.229080 28.618635 -436.529510
v -226.078064 28.621542 -436.432709
v -242.472260 29.288231 -413.887482
v -242.472260 29.510078 -413.887482
v -242.667618 29.510078 -413.886078
v -242.667618 29.288231 -413.886078
v -246.966614 29.202511 -413.870331
v -246.725266 28.768410 -413.847870
v -246.865372 28.765217 -413.650085
v -246.826401 28.771996 -414.068115
v -247.067749 28.772392 -414.090576
v -247.207916 28.769192 -413.892822
v -247.106720 28.765610 -413.672577
v -246.787994 29.348576 -413.853607
v -246.891632 29.346212 -413.707153
v -246.862976 29.351234 -414.016785
v -247.041550 29.351532 -414.033539
v -247.145233 29.349163 -413.887146
v -247.070190 29.346504 -413.723938
v -246.966614 29.348873 -413.870331
v -202.205292 25.492201 -340.080872
v -202.205292 25.714054 -340.080872
v -202.222687 25.714054 -340.275513
v -202.222687 25.492201 -340.275513
v -202.291443 25.445539 -341.211487
v -202.293091 25.180845 -341.063599
v -202.420334 25.180845 -341.138916
v -202.164185 25.180845 -341.136169
v -202.162643 25.180845 -341.284119
v -202.289902 25.180845 -341.359406
v -202.418793 25.180845 -341.286774
v -202.292786 25.534863 -341.101959
v -202.387054 25.534863 -341.157715
v -202.197220 25.534863 -341.155823
v -202.196030 25.534863 -341.265228
v -202.290344 25.534863 -341.320953
v -202.385757 25.534863 -341.267181
v -202.291443 25.534863 -341.211487
v -237.242447 26.748457 -336.037445
v -237.242447 26.970304 -336.037445
v -237.420776 26.970304 -335.957886
v -237.420776 26.748457 -335.957886
v -239.377960 26.701794 -335.141815
v -239.237610 26.437101 -335.188446
v -239.267456 26.437101 -335.043549
v -239.348129 26.437101 -335.286713
v -239.488525 26.437101 -335.240173
v -239.518433 26.437101 -335.095337
v -239.407913 26.437101 -334.997009
v -239.274078 26.791117 -335.176270
v -239.296158 26.791117 -335.068970
v -239.355942 26.791117 -335.249084
v -239.459930 26.791117 -335.214783
v -239.481949 26.791117 -335.107361
v -239.400085 26.791117 -335.034607
v -239.377960 26.791117 -335.141815
v -277.981079 25.563576 -335.391541
v -277.981079 25.785425 -335.391541
v -278.000610 25.785425 -335.197235
v -278.000610 25.563576 -335.197235
v -278.109406 25.516916 -334.264954
v -278.079895 25.252220 -334.409912
v -277.969177 25.252220 -334.311951
v -278.220245 25.252220 -334.362915
v -278.249634 25.252220 -334.217957
v -278.138855 25.252220 -334.119995
v -277.998535 25.252220 -334.167023
v -278.087585 25.606234 -334.372223
v -278.005493 25.606234 -334.299774
v -278.191498 25.606234 -334.337463
v -278.213287 25.606234 -334.230103
v -278.131226 25.606234 -334.157715
v -278.027344 25.606234 -334.192535
v -278.109406 25.606234 -334.264954
v -277.121887 24.945650 -371.798615
v -277.121887 25.167501 -371.798615
v -276.948792 25.167501 -371.888916
v -276.948792 24.945650 -371.888916
v -276.110535 24.898987 -372.311005
v -276.247803 24.634295 -372.255920
v -276.226929 24.634295 -372.402374
v -276.131470 24.634295 -372.164703
v -275.994110 24.634295 -372.219849
v -275.973236 24.634298 -372.366302
v -276.089722 24.634295 -372.457550
v -276.212097 24.988310 -372.270264
v -276.196777 24.988310 -372.378815
v -276.125885 24.988310 -372.202728
v -276.024231 24.988310 -372.243439
v -276.008850 24.988310 -372.351929
v -276.095215 24.988310 -372.419495
v -276.110535 24.988310 -372.311005
v -191.045334 3.333487 -821.403381
v -191.045334 3.554381 -821.403381
v -190.866287 3.555106 -821.479431
v -190.866302 3.334212 -821.479370
v -190.000305 3.290767 -821.830627
v -190.140945 3.026797 -821.786865
v -190.108490 3.027125 -821.930542
v -190.032776 3.026908 -821.686951
v -189.892136 3.027316 -821.730652
v -189.859650 3.027621 -821.874329
v -189.967834 3.027534 -821.974243
v -190.104401 3.379401 -821.798279
v -190.080444 3.379638 -821.904602
v -190.024261 3.379477 -821.724243
v -189.920151 3.379779 -821.756531
v -189.896194 3.380004 -821.862854
v -189.976349 3.379935 -821.936951
v -190.000305 3.379703 -821.830627
v -206.860001 7.549009 -862.129395
v -206.860001 7.769901 -862.129395
v -206.736404 7.770797 -862.279663
v -206.736450 7.549898 -862.279724
v -206.117584 7.506761 -862.981689
v -206.235046 7.243080 -862.887695
v -206.377441 7.246628 -863.109070
v -205.975845 7.239685 -862.759399
v -205.858032 7.239805 -862.852966
v -206.000061 7.243318 -863.075562
v -206.260376 7.246744 -863.203552
v -206.204590 7.595603 -862.912170
v -206.310120 7.598232 -863.076233
v -206.012543 7.593090 -862.817261
v -205.925232 7.593176 -862.886414
v -206.030426 7.595778 -863.051025
v -206.223251 7.598315 -863.145874
v -206.117584 7.595699 -862.981689
v -271.365814 11.133091 -896.121155
v -271.365814 11.353981 -896.121155
v -271.401611 11.354677 -896.312378
v -271.401520 11.133780 -896.312378
v -271.541168 11.089332 -897.237732
v -271.545166 10.826226 -897.087219
v -271.810059 10.833331 -897.119568
v -271.276184 10.818711 -897.204346
v -271.271576 10.818263 -897.354858
v -271.537109 10.825328 -897.388245
v -271.806580 10.832877 -897.270081
v -271.544281 11.178607 -897.126343
v -271.740417 11.183856 -897.150269
v -271.344910 11.173026 -897.213257
v -271.341492 11.172698 -897.324646
v -271.538055 11.177938 -897.349182
v -271.737671 11.183522 -897.261719
v -271.541168 11.178269 -897.237732
v -350.058960 15.038932 -895.626343
v -350.058960 15.259826 -895.626343
v -350.207733 15.260441 -895.751587
v -350.207733 15.039546 -895.751587
v -350.908081 14.994412 -896.370483
v -350.809937 14.731719 -896.259583
v -350.988556 14.741855 -896.180786
v -350.729187 14.720737 -896.449097
v -350.827118 14.719880 -896.560181
v -351.006195 14.729991 -896.481445
v -351.086945 14.740993 -896.291504
v -350.835480 15.083989 -896.288330
v -350.967773 15.091496 -896.229919
v -350.775696 15.075858 -896.428772
v -350.848145 15.075210 -896.511047
v -350.980591 15.082699 -896.452759
v -351.040436 15.090851 -896.312012
v -350.908081 15.083348 -896.370483
v -182.329666 2.357041 -788.164795
v -182.329666 2.577931 -788.164795
v -182.150635 2.578271 -788.240845
v -182.150635 2.357385 -788.240845
v -181.284622 2.312486 -788.591980
v -181.425308 2.048593 -788.548279
v -181.392807 2.047566 -788.691956
v -181.317108 2.049974 -788.448303
v -181.176468 2.050309 -788.492065
v -181.143997 2.049275 -788.635681
v -181.252182 2.047906 -788.735657
v -181.388748 2.401174 -788.559692
v -181.364792 2.400411 -788.666077
v -181.308594 2.402192 -788.485657
v -181.204483 2.402444 -788.517944
v -181.180527 2.401677 -788.624329
v -181.260681 2.400659 -788.698364
v -181.284622 2.401425 -788.591980
v -252.894440 1.318221 -822.713318
v -252.894440 1.540069 -822.713318
v -252.828110 1.540069 -822.897034
v -252.828110 1.318221 -822.897034
v -251.729614 1.232481 -826.914612
v -251.834366 0.798415 -826.696045
v -251.971283 0.795512 -826.896057
v -251.592682 0.801665 -826.714722
v -251.487976 0.802020 -826.933228
v -251.624924 0.799125 -827.133240
v -251.866577 0.795871 -827.114624
v -251.807205 1.378577 -826.752991
v -251.908661 1.376426 -826.900879
v -251.628174 1.380984 -826.766724
v -251.550568 1.381251 -826.928467
v -251.652008 1.379107 -827.076416
v -251.831070 1.376697 -827.062622
v -251.729614 1.378844 -826.914612
v -200.646820 1.520016 -805.519653
v -200.646820 1.741871 -805.519653
v -200.828384 1.741871 -805.447449
v -200.828384 1.520016 -805.447449
v -204.828751 1.434292 -803.873230
v -204.595718 1.000191 -803.939819
v -204.654602 0.996998 -803.704712
v -204.769897 1.003780 -804.108398
v -205.002960 1.004177 -804.041748
v -205.061859 1.000973 -803.806641
v -204.887634 0.997391 -803.638123
v -204.656296 1.580357 -803.922485
v -204.699738 1.577995 -803.748352
v -204.785416 1.583019 -804.047241
v -204.957870 1.583317 -803.998108
v -205.001373 1.580944 -803.824097
v -204.872238 1.578289 -803.699219
v -204.828751 1.580654 -803.873230
v -281.167419 2.978806 -814.392639
v -281.167419 3.200656 -814.392639
v -281.308533 3.200656 -814.527710
v -281.308533 2.978806 -814.527710
v -284.136505 2.893146 -817.182068
v -283.979034 2.458949 -816.997742
v -284.217407 2.455031 -816.953552
v -283.898224 2.463355 -817.226257
v -284.055695 2.463840 -817.410583
v -284.294037 2.459918 -817.366272
v -284.374847 2.455512 -817.137756
v -284.020111 3.039145 -817.045593
v -284.196411 3.036239 -817.012756
v -283.960205 3.042415 -817.214905
v -284.076660 3.042769 -817.351379
v -284.252960 3.039863 -817.318542
v -284.312866 3.036601 -817.149231
v -284.136505 3.039508 -817.182068
v -300.776031 8.710597 -781.361511
v -300.776031 8.932451 -781.361511
v -300.967102 8.932451 -781.402344
v -300.967102 8.710597 -781.402344
v -305.168030 8.624875 -782.315308
v -304.937195 8.190773 -782.241272
v -305.116791 8.187584 -782.078430
v -304.988403 8.194364 -782.478149
v -305.219238 8.194758 -782.552246
v -305.398834 8.191558 -782.389404
v -305.347534 8.187976 -782.152466
v -304.997223 8.770942 -782.260437
v -305.130005 8.768578 -782.139832
v -305.035248 8.773602 -782.435913
v -305.205994 8.773898 -782.490906
v -305.338806 8.771527 -782.370300
v -305.300812 8.768872 -782.194763
v -305.168030 8.771238 -782.315308
v -128.347122 17.912258 -363.310791
v -128.347122 18.134109 -363.310791
v -128.238052 18.134109 -363.472931
v -128.238052 17.912258 -363.472931
v -127.702148 17.865597 -364.243317
v -127.796555 17.600904 -364.129456
v -127.847961 17.600904 -364.268097
v -127.650681 17.600904 -364.104675
v -127.556351 17.600903 -364.218597
v -127.607849 17.600904 -364.357269
v -127.753677 17.600904 -364.382019
v -127.772171 17.954920 -364.159088
v -127.810318 17.954918 -364.261688
v -127.664032 17.954920 -364.140747
v -127.594116 17.954920 -364.224976
v -127.632385 17.954920 -364.327576
v -127.740356 17.954922 -364.345978
v -127.702148 17.954920 -364.243317
v -48.642395 18.023300 -336.526154
v -48.642395 18.245150 -336.526154
v -48.711903 18.245152 -336.343658
v -48.711903 18.023300 -336.343658
v -49.586727 17.976637 -334.421173
v -49.520748 17.711946 -334.553619
v -49.439079 17.711946 -334.430267
v -49.668282 17.711946 -334.544495
v -49.734283 17.711946 -334.412109
v -49.652721 17.711946 -334.288757
v -49.505058 17.711946 -334.297974
v -49.537846 18.065962 -334.519073
v -49.477253 18.065962 -334.427826
v -49.647133 18.065962 -334.512390
v -49.696201 18.065962 -334.414520
v -49.635529 18.065962 -334.323120
v -49.526215 18.065962 -334.329895
v -49.586727 18.065962 -334.421173
v -19.311192 18.023302 -330.876312
v -19.311192 18.245153 -330.876312
v -19.308796 18.245153 -330.681061
v -19.308796 18.023302 -330.681061
v -19.311234 17.976637 -328.433136
v -19.298382 17.711946 -328.580475
v -19.177120 17.711946 -328.495697
v -19.432278 17.711946 -328.518005
v -19.445240 17.711946 -328.370544
v -19.323978 17.711946 -328.285767
v -19.189907 17.711946 -328.348358
v -19.301662 18.065960 -328.542114
v -19.211746 18.065960 -328.479492
v -19.400894 18.065960 -328.495789
v -19.410450 18.065960 -328.386780
v -19.320644 18.065962 -328.324005
v -19.221432 18.065962 -328.370392
v -19.311234 18.065962 -328.433136
v -101.093063 16.573610 -342.018158
v -101.093063 16.795460 -342.018158
v -100.977509 16.795462 -342.175537
v -100.977509 16.573610 -342.175537
v -100.411270 16.526947 -342.923828
v -100.510086 16.262257 -342.813721
v -100.555954 16.262257 -342.954376
v -100.365448 16.262257 -342.783264
v -100.266426 16.262257 -342.893311
v -100.312332 16.262257 -343.033875
v -100.457047 16.262257 -343.064362
v -100.484337 16.616270 -342.842499
v -100.518372 16.616270 -342.946564
v -100.377258 16.616270 -342.819794
v -100.303825 16.616270 -342.901093
v -100.338043 16.616270 -343.005341
v -100.445236 16.616270 -343.027954
v -100.411270 16.616270 -342.923828
v 7.539646 18.023302 -336.103821
v 7.539646 18.245152 -336.103821
v 7.576313 18.245152 -335.912048
v 7.576313 18.023302 -335.912048
v 8.115887 17.976637 -333.497650
v 8.102482 17.711946 -333.644989
v 8.236843 17.711946 -333.583008
v 7.981777 17.711946 -333.559814
v 7.995052 17.711946 -333.412384
v 8.129177 17.711946 -333.350311
v 8.250057 17.711946 -333.435669
v 8.106045 18.065960 -333.606628
v 8.205532 18.065960 -333.560760
v 8.016582 18.065960 -333.543579
v 8.026127 18.065960 -333.434387
v 8.125790 18.065960 -333.388550
v 8.215336 18.065960 -333.451752
v 8.115887 18.065960 -333.497650
v -253.885529 13.089109 -779.947632
v -253.885529 13.310002 -779.947632
v -254.064575 13.310002 -779.871643
v -254.064575 13.089109 -779.871643
v -254.930557 13.042417 -779.520508
v -254.789902 12.779093 -779.564209
v -254.822388 12.780914 -779.420532
v -254.898087 12.777060 -779.664124
v -255.038727 12.776842 -779.620422
v -255.071198 12.778649 -779.476746
v -254.963028 12.780687 -779.376831
v -254.826447 13.131525 -779.552734
v -254.850403 13.132872 -779.446411
v -254.906601 13.130017 -779.626831
v -255.010712 13.129854 -779.594482
v -255.034683 13.131191 -779.488220
v -254.954514 13.132706 -779.414124
v -254.930557 13.131354 -779.520508
v -239.365723 14.496325 -747.011597
v -239.365723 14.717217 -747.011597
v -239.544769 14.717610 -746.935608
v -239.544769 14.496718 -746.935608
v -240.410767 14.451018 -746.584473
v -240.270111 14.188207 -746.628113
v -240.302597 14.196523 -746.484497
v -240.378296 14.179157 -746.728088
v -240.518921 14.178420 -746.684326
v -240.551422 14.186723 -746.540710
v -240.443222 14.195786 -746.440735
v -240.306641 14.540502 -746.616699
v -240.330612 14.546659 -746.510376
v -240.386780 14.533805 -746.690735
v -240.490906 14.533250 -746.658508
v -240.514862 14.539401 -746.552185
v -240.434723 14.546113 -746.478088
v -240.410767 14.539956 -746.584473
v -212.706451 14.172306 -712.483643
v -212.706451 14.393200 -712.483643
v -212.825500 14.394391 -712.329529
v -212.825500 14.173494 -712.329529
v -213.415665 14.131170 -711.604553
v -213.307648 13.868025 -711.705444
v -213.210297 13.878294 -711.512878
v -213.512619 13.857351 -711.797485
v -213.620926 13.856943 -711.696960
v -213.523712 13.867204 -711.503723
v -213.318085 13.877886 -711.411804
v -213.335709 14.220407 -711.679199
v -213.263550 14.228018 -711.536560
v -213.487579 14.212505 -711.747314
v -213.567749 14.212194 -711.672913
v -213.495758 14.219788 -711.530090
v -213.343414 14.227711 -711.461853
v -213.415665 14.220108 -711.604553
v -160.772018 15.450130 -693.113892
v -160.772018 15.671021 -693.113892
v -160.782867 15.672779 -692.919434
v -160.782867 15.451880 -692.919434
v -160.858566 15.411971 -691.987793
v -160.827179 15.148568 -692.132080
v -160.641754 15.160102 -692.029175
v -161.043884 15.136897 -692.091187
v -161.075760 15.136744 -691.947021
v -160.890137 15.148255 -691.843384
v -160.672760 15.159953 -691.884766
v -160.835251 15.501025 -692.094543
v -160.697891 15.509566 -692.018433
v -160.995880 15.492373 -692.064209
v -161.019409 15.492260 -691.957458
v -160.882019 15.500783 -691.880920
v -160.721115 15.509440 -691.911499
v -160.858566 15.500912 -691.987793
v 79.318130 17.647074 -310.829254
v 79.318130 17.868923 -310.829254
v 79.252472 17.868923 -311.013153
v 79.252472 17.647074 -311.013153
v 78.950043 17.600409 -311.901611
v 78.985825 17.335718 -311.758026
v 78.843552 17.335718 -311.798859
v 79.092087 17.335718 -311.860779
v 79.056374 17.335718 -312.004333
v 78.914307 17.335718 -312.045227
v 78.807907 17.335718 -311.942352
v 78.976402 17.689732 -311.795441
v 78.871048 17.689732 -311.825531
v 79.055206 17.689732 -311.871399
v 79.029015 17.689732 -311.977753
v 78.923523 17.689732 -312.007904
v 78.844727 17.689732 -311.931763
v 78.950043 17.689732 -311.901611
v 110.079697 17.647074 -310.690521
v 110.079697 17.868923 -310.690521
v 110.014069 17.868923 -310.874390
v 110.014069 17.647074 -310.874390
v 109.711586 17.600409 -311.762939
v 109.747261 17.335716 -311.619385
v 109.605057 17.335716 -311.660248
v 109.853668 17.335716 -311.722015
v 109.818024 17.335716 -311.865631
v 109.675797 17.335718 -311.906464
v 109.569336 17.335716 -311.803711
v 109.737953 17.689732 -311.656708
v 109.632614 17.689732 -311.686798
v 109.816780 17.689732 -311.732819
v 109.790413 17.689732 -311.838989
v 109.685059 17.689732 -311.869232
v 109.606277 17.689732 -311.793091
v 109.711586 17.689732 -311.762939
v 38.943024 17.016634 -310.811005
v 38.943024 17.238485 -310.811005
v 38.968239 17.238485 -311.004608
v 38.968239 17.016634 -311.004608
v 39.102966 16.969971 -311.933258
v 39.069508 16.705280 -311.789124
v 38.961464 16.705280 -311.890198
v 39.210907 16.705280 -311.832245
v 39.244503 16.705280 -311.976410
v 39.136536 16.705280 -312.077332
v 38.995060 16.705280 -312.034241
v 39.078190 17.059294 -311.826691
v 38.998154 17.059294 -311.901489
v 39.182976 17.059294 -311.858551
v 39.208031 17.059294 -311.965240
v 39.127819 17.059294 -312.039948
v 39.022995 17.059294 -312.008057
v 39.102966 17.059294 -311.933258
v -92.625320 16.515837 -703.058350
v -92.625320 16.736729 -703.058350
v -92.504791 16.738565 -702.905457
v -92.504791 16.517670 -702.905457
v -91.944214 16.478065 -702.157410
v -92.016510 16.214663 -702.286194
v -91.811783 16.226692 -702.330444
v -92.149139 16.202488 -702.113708
v -92.077133 16.202332 -701.984741
v -91.871872 16.214342 -702.028625
v -91.739182 16.226532 -702.201782
v -91.997574 16.567123 -702.252869
v -91.846024 16.576019 -702.285645
v -92.095871 16.558102 -702.124939
v -92.042679 16.557976 -702.029419
v -91.890762 16.566874 -702.062012
v -91.792435 16.575899 -702.190308
v -91.944214 16.566998 -702.157410
v -61.803421 18.229530 -718.390625
v -61.803421 18.450426 -718.390625
v -61.615784 18.451969 -718.338623
v -61.615784 18.231075 -718.338623
v -60.721146 18.190207 -718.067749
v -60.855835 17.926968 -718.128357
v -60.718323 17.938587 -718.281616
v -60.859131 17.915043 -717.914612
v -60.724670 17.914730 -717.853516
v -60.586517 17.926338 -718.007019
v -60.583496 17.938272 -718.221375
v -60.820831 18.279377 -718.112671
v -60.719009 18.287981 -718.226196
v -60.823242 18.270544 -717.954224
v -60.723663 18.270302 -717.909058
v -60.621521 18.278898 -718.022705
v -60.619247 18.287743 -718.181458
v -60.721146 18.279144 -718.067749
v -36.340912 20.211813 -735.859924
v -36.340912 20.432703 -735.859985
v -36.170990 20.433464 -735.765259
v -36.170990 20.212574 -735.765259
v -35.362213 20.168259 -735.297180
v -35.482971 19.905441 -735.381470
v -35.349701 19.915846 -735.443970
v -35.495544 19.894297 -735.234619
v -35.374695 19.893568 -735.150452
v -35.241364 19.903969 -735.213013
v -35.228882 19.915108 -735.359741
v -35.451569 20.257746 -735.359619
v -35.352966 20.265450 -735.405884
v -35.460846 20.249489 -735.250854
v -35.371460 20.248941 -735.188477
v -35.272797 20.256645 -735.234863
v -35.263550 20.264900 -735.343567
v -35.362213 20.257200 -735.297180
v -16.490845 24.112509 -759.635132
v -16.490845 24.333403 -759.635132
v -16.316467 24.333403 -759.549072
v -16.316467 24.112509 -759.549072
v -15.483826 24.064493 -759.124878
v -15.609863 23.802462 -759.200623
v -15.488495 23.814796 -759.251465
v -15.605133 23.788610 -759.073914
v -15.478973 23.787086 -758.998413
v -15.357819 23.799421 -759.049255
v -15.362579 23.813276 -759.175598
v -15.577118 24.154560 -759.180969
v -15.487335 24.163694 -759.218689
v -15.573578 24.144299 -759.087158
v -15.480225 24.143166 -759.031250
v -15.390594 24.152298 -759.068848
v -15.394135 24.162565 -759.162537
v -15.483826 24.153431 -759.124878
v -123.539749 21.813129 -865.063904
v -123.539749 22.034027 -865.063904
v -123.707825 22.034073 -865.161743
v -123.707825 21.813177 -865.161743
v -124.504303 21.768696 -865.651123
v -124.388321 21.503386 -865.558777
v -124.549316 21.489326 -865.450867
v -124.343140 21.519188 -865.758789
v -124.458969 21.520952 -865.851318
v -124.620209 21.506907 -865.743530
v -124.665390 21.491087 -865.543091
v -124.418564 21.856323 -865.582642
v -124.537735 21.845915 -865.502686
v -124.385056 21.868036 -865.730957
v -124.470673 21.869349 -865.799561
v -124.590012 21.858950 -865.719666
v -124.623520 21.847227 -865.571167
v -124.504303 21.857634 -865.651123
v -138.069229 18.234112 -827.829590
v -138.069229 18.455008 -827.829590
v -138.259460 18.455011 -827.870117
v -138.259460 18.234114 -827.870117
v -139.170273 18.189260 -828.079163
v -139.029984 17.924147 -828.034302
v -139.139038 17.911440 -827.935181
v -139.061310 17.938410 -828.178223
v -139.201599 17.939974 -828.223022
v -139.310608 17.927271 -828.124023
v -139.279236 17.913012 -827.980103
v -139.066483 18.277031 -828.045898
v -139.147110 18.267626 -827.972534
v -139.089615 18.287607 -828.152588
v -139.193497 18.288767 -828.185791
v -139.274078 18.279366 -828.112427
v -139.250900 18.268793 -828.005737
v -139.170273 18.278196 -828.079163
v -154.844391 15.832990 -819.297974
v -154.844391 16.053886 -819.297974
v -155.033035 16.053886 -819.344849
v -155.033035 15.832994 -819.344849
v -155.937973 15.788121 -819.577332
v -155.797028 15.523021 -819.535522
v -155.889526 15.510415 -819.505676
v -155.845642 15.537176 -819.607361
v -155.986740 15.538730 -819.648743
v -156.079010 15.526122 -819.619080
v -156.030380 15.511968 -819.547729
v -155.833649 15.875899 -819.546387
v -155.902023 15.866570 -819.524231
v -155.869659 15.886392 -819.599609
v -155.974060 15.887551 -819.630371
v -156.042328 15.878218 -819.608276
v -156.006317 15.867726 -819.555359
v -155.937988 15.877057 -819.577332
v -130.563141 6.080032 -759.111877
v -130.563141 6.301887 -759.111877
v -130.430862 6.301887 -758.968018
v -130.430862 6.080032 -758.968018
v -127.532333 5.994309 -755.793213
v -127.677750 5.560210 -755.987061
v -127.437073 5.557017 -756.015991
v -127.773010 5.563796 -755.764221
v -127.627579 5.564194 -755.570312
v -127.386902 5.560992 -755.599243
v -127.291687 5.557410 -755.822144
v -127.639877 6.140374 -755.936707
v -127.461746 6.138012 -755.958252
v -127.710342 6.143035 -755.771545
v -127.602875 6.143333 -755.627991
v -127.424805 6.140962 -755.649536
v -127.354263 6.138307 -755.814697
v -127.532333 6.140671 -755.793213
v -97.750031 24.810350 -896.718994
v -97.750031 25.031248 -896.718994
v -97.875580 25.031509 -896.867493
v -97.875580 24.810614 -896.867493
v -98.462387 24.766781 -897.595215
v -98.384018 24.501583 -897.469360
v -98.571869 24.489620 -897.421509
v -98.274338 24.515194 -897.642822
v -98.352448 24.516830 -897.768799
v -98.540665 24.504860 -897.721069
v -98.650360 24.491255 -897.547241
v -98.404373 24.854498 -897.502075
v -98.543564 24.845631 -897.466431
v -98.323135 24.864582 -897.630615
v -98.380875 24.865799 -897.723877
v -98.520187 24.856934 -897.688477
v -98.601471 24.846849 -897.559692
v -98.462387 24.855717 -897.595215
v 48.187286 27.594988 -920.961792
v 48.187286 27.815884 -920.961792
v 48.189056 27.815884 -921.156372
v 48.189056 27.594988 -921.156372
v 48.212311 27.548534 -922.090515
v 48.196259 27.284981 -921.944153
v 48.077515 27.284945 -922.031189
v 48.331085 27.285002 -922.003479
v 48.347046 27.284996 -922.149902
v 48.228302 27.284983 -922.236938
v 48.093475 27.284948 -922.177612
v 48.200378 27.637466 -921.982178
v 48.112396 27.637444 -922.046570
v 48.300201 27.637484 -922.026123
v 48.312164 27.637484 -922.134521
v 48.224304 27.637472 -922.198853
v 48.124298 27.637449 -922.154907
v 48.212311 27.637472 -922.090515
v 19.033051 29.142513 -920.887939
v 19.033051 29.363407 -920.887939
v 19.034760 29.363407 -921.082458
v 19.034760 29.142513 -921.082458
v 19.058014 29.096523 -922.016663
v 19.041931 28.832512 -921.870239
v 18.923187 28.828817 -921.957275
v 19.176758 28.836649 -921.929565
v 19.192780 28.837101 -922.075989
v 19.073914 28.833418 -922.163025
v 18.939240 28.829273 -922.103760
v 19.046051 29.185120 -921.908325
v 18.958160 29.182384 -921.972656
v 19.145935 29.188185 -921.952271
v 19.157806 29.188519 -922.060669
v 19.069855 29.185791 -922.125000
v 18.970001 29.182720 -922.081055
v 19.058014 29.185459 -922.016663
v -13.205719 28.222719 -925.861877
v -13.205719 28.443615 -925.861877
v -13.204010 28.443829 -926.056396
v -13.204041 28.222937 -926.056335
v -13.180756 28.178076 -926.990540
v -13.196777 27.913717 -926.844177
v -13.315552 27.908220 -926.931152
v -13.061951 27.920004 -926.903503
v -13.045990 27.920809 -927.049927
v -13.164734 27.915335 -927.136963
v -13.299591 27.909031 -927.077637
v -13.192688 28.266411 -926.882202
v -13.280579 28.262346 -926.946594
v -13.092773 28.271070 -926.926147
v -13.080872 28.271675 -927.034546
v -13.168854 28.267616 -927.098877
v -13.268707 28.262949 -927.054932
v -13.180756 28.267014 -926.990540
v -52.212830 27.607584 -920.093384
v -52.212830 27.828480 -920.093384
v -52.268982 27.828827 -920.279663
v -52.268982 27.607931 -920.279663
v -52.517242 27.564047 -921.180908
v -52.495544 27.299198 -921.034180
v -52.686249 27.290447 -921.065369
v -52.326508 27.309240 -921.149414
v -52.347931 27.310535 -921.296143
v -52.539032 27.301786 -921.327454
v -52.708344 27.291742 -921.211914
v -52.501282 27.652021 -921.072327
v -52.642578 27.645535 -921.095276
v -52.375977 27.659458 -921.157715
v -52.391907 27.660418 -921.266296
v -52.533295 27.653944 -921.289429
v -52.658722 27.646500 -921.203796
v -52.517242 27.652985 -921.180908
v 3.263702 27.091450 -773.824219
v 3.263702 27.312342 -773.824219
v 3.389465 27.312342 -773.675903
v 3.389465 27.091450 -773.675903
v 3.984192 27.043589 -772.955200
v 3.898682 26.781401 -773.074707
v 4.029846 26.792482 -773.072632
v 3.853119 26.768953 -772.957153
v 3.938843 26.767586 -772.837646
v 4.069733 26.778673 -772.835571
v 4.115204 26.791119 -772.953003
v 3.920959 27.133543 -773.043701
v 4.018005 27.141747 -773.042236
v 3.887207 27.124313 -772.956543
v 3.950562 27.123297 -772.868042
v 4.047424 27.131506 -772.866699
v 4.081146 27.140730 -772.953613
v 3.984192 27.132526 -772.955200
v 24.240387 29.843851 -778.652100
v 24.240387 30.064749 -778.652100
v 24.309265 30.064749 -778.470215
v 24.309265 29.843851 -778.470215
v 24.628479 29.796202 -777.592041
v 24.587921 29.533808 -777.733276
v 24.710968 29.543203 -777.687500
v 24.505463 29.523252 -777.637695
v 24.546204 29.522093 -777.496460
v 24.669006 29.531494 -777.450684
v 24.751251 29.542044 -777.546143
v 24.598511 29.886003 -777.696655
v 24.689545 29.892958 -777.662842
v 24.537445 29.878180 -777.625732
v 24.567505 29.877316 -777.521240
v 24.658386 29.884275 -777.487427
v 24.719360 29.892092 -777.558105
v 24.628479 29.885141 -777.592041
v 46.520996 30.865755 -782.951660
v 46.520996 31.086645 -782.951660
v 46.525085 31.086645 -782.757202
v 46.525085 30.865755 -782.757202
v 46.532257 30.818396 -781.822876
v 46.541260 30.555723 -781.969604
v 46.640533 30.562830 -781.885254
v 46.433014 30.547720 -781.907104
v 46.424316 30.546841 -781.760376
v 46.523376 30.553968 -781.676147
v 46.631317 30.561953 -781.738525
v 46.539001 30.907982 -781.931396
v 46.612427 30.913252 -781.869141
v 46.458801 30.902056 -781.885132
v 46.452271 30.901405 -781.776489
v 46.525665 30.906677 -781.714233
v 46.605652 30.912596 -781.760498
v 46.532257 30.907331 -781.822876
v 68.200134 31.864641 -787.996826
v 68.200104 32.085533 -787.996826
v 68.198456 32.085533 -787.802368
v 68.198456 31.864641 -787.802368
v 68.175110 31.817644 -786.868164
v 68.191162 31.554615 -787.014526
v 68.309998 31.558857 -786.927490
v 68.056396 31.549837 -786.955200
v 68.040405 31.549311 -786.808838
v 68.159149 31.553568 -786.721802
v 68.294006 31.558338 -786.781128
v 68.187073 31.906971 -786.976562
v 68.275085 31.910112 -786.912109
v 68.087219 31.903431 -786.932495
v 68.075317 31.903040 -786.824219
v 68.163239 31.906189 -786.759888
v 68.263214 31.909725 -786.803711
v 68.175110 31.906580 -786.868164
v -2.145416 25.170507 -893.565308
v -2.145416 25.392361 -893.565308
v -2.165009 25.392361 -893.370911
v -2.165009 25.170507 -893.370911
v -2.252380 25.084770 -889.206787
v -2.203979 24.650702 -889.444214
v -2.022491 24.647799 -889.283691
v -2.433868 24.653954 -889.367371
v -2.482208 24.654306 -889.129883
v -2.300690 24.651413 -888.969238
v -2.070862 24.648153 -889.046143
v -2.216461 25.230865 -889.382446
v -2.082062 25.228716 -889.263733
v -2.386749 25.233273 -889.325562
v -2.422699 25.233538 -889.149780
v -2.288269 25.231396 -889.031006
v -2.117950 25.228983 -889.087952
v -2.252380 25.231131 -889.206787
v 36.055450 25.883404 -892.945618
v 36.055450 26.105253 -892.945618
v 36.053253 26.105253 -892.750244
v 36.053253 25.883404 -892.750244
v 36.047577 25.797743 -888.871704
v 36.074554 25.363548 -889.112671
v 36.269684 25.359629 -888.968872
v 35.852478 25.367952 -889.015503
v 35.825500 25.368437 -888.774658
v 36.020660 25.364517 -888.630859
v 36.242706 25.360109 -888.728027
v 36.067627 25.943743 -889.050049
v 36.212128 25.940836 -888.943665
v 35.903107 25.947008 -888.978027
v 35.883026 25.947367 -888.799805
v 36.027527 25.944462 -888.693481
v 36.192047 25.941198 -888.765381
v 36.047577 25.944103 -888.871704
v 65.824890 27.029764 -892.667358
v 65.824890 27.251619 -892.667358
v 65.819458 27.251619 -892.472046
v 65.819458 27.029764 -892.472046
v 65.684509 26.944040 -888.175171
v 65.715424 26.509941 -888.415527
v 65.908203 26.506750 -888.268555
v 65.491791 26.513529 -888.322205
v 65.460876 26.513926 -888.081787
v 65.653595 26.510725 -887.934692
v 65.877258 26.507143 -888.028198
v 65.707489 27.090109 -888.353088
v 65.850250 27.087746 -888.244385
v 65.541809 27.092768 -888.283813
v 65.518799 27.093065 -888.105957
v 65.661499 27.090694 -887.997192
v 65.827209 27.088037 -888.066528
v 65.684509 27.090403 -888.175171
v 186.874146 18.098919 -327.206390
v 186.874146 18.320770 -327.206390
v 186.754791 18.320770 -327.360901
v 186.754791 18.098919 -327.360901
v 186.191727 18.052254 -328.111755
v 186.270218 17.787563 -327.986328
v 186.122314 17.787563 -327.981049
v 186.339432 17.787563 -328.116943
v 186.260941 17.787563 -328.242371
v 186.113190 17.787565 -328.237213
v 186.043930 17.787565 -328.106384
v 186.249710 18.141579 -328.018982
v 186.140198 18.141579 -328.014923
v 186.301056 18.141579 -328.115601
v 186.243210 18.141579 -328.208618
v 186.133530 18.141579 -328.204620
v 186.082275 18.141579 -328.107758
v 186.191727 18.141579 -328.111755
v 216.162292 18.366484 -336.471802
v 216.162292 18.588335 -336.471802
v 216.042877 18.588335 -336.626251
v 216.042877 18.366484 -336.626251
v 215.479752 18.319820 -337.377075
v 215.558105 18.055128 -337.251617
v 215.410309 18.055128 -337.246399
v 215.627518 18.055128 -337.382202
v 215.549103 18.055128 -337.507751
v 215.401184 18.055128 -337.502411
v 215.331848 18.055128 -337.371704
v 215.537674 18.409143 -337.284241
v 215.428253 18.409143 -337.280182
v 215.589111 18.409143 -337.381104
v 215.531113 18.409143 -337.473877
v 215.421570 18.409145 -337.469910
v 215.370285 18.409145 -337.373108
v 215.479752 18.409145 -337.377075
v 148.494659 18.045595 -314.527435
v 148.494659 18.267447 -314.527435
v 148.458633 18.267447 -314.719299
v 148.458633 18.045595 -314.719299
v 148.298721 17.998932 -315.643951
v 148.311615 17.734241 -315.496582
v 148.177551 17.734241 -315.559143
v 148.432678 17.734241 -315.581390
v 148.419922 17.734241 -315.728912
v 148.285980 17.734241 -315.791382
v 148.164810 17.734241 -315.706512
v 148.308212 18.088255 -315.535034
v 148.208908 18.088255 -315.581238
v 148.397919 18.088255 -315.597748
v 148.388733 18.088255 -315.706940
v 148.289261 18.088255 -315.753143
v 148.199539 18.088255 -315.690308
v 148.298721 18.088255 -315.643951
v 233.814606 21.330057 -372.873108
v 233.814606 21.551907 -372.873108
v 233.895477 21.551907 -372.695282
v 233.895477 21.330057 -372.695282
v 235.035431 21.283392 -370.198608
v 234.987976 21.018702 -370.338715
v 235.133057 21.018702 -370.309784
v 234.890381 21.018702 -370.227570
v 234.937851 21.018702 -370.087494
v 235.082916 21.018702 -370.058533
v 235.180511 21.018702 -370.169678
v 235.000366 21.372717 -370.302307
v 235.107758 21.372717 -370.280975
v 234.928070 21.372717 -370.219971
v 234.963135 21.372717 -370.116241
v 235.070496 21.372717 -370.094910
v 235.142822 21.372717 -370.177277
v 235.035431 21.372717 -370.198608
v 97.415855 30.291643 -794.466003
v 97.415855 30.512537 -794.466003
v 97.415855 30.512537 -794.271484
v 97.415855 30.291643 -794.271484
v 97.400742 30.245180 -793.337158
v 97.415497 29.981628 -793.483704
v 97.535019 29.981628 -793.397644
v 97.281204 29.981628 -793.423157
v 97.266449 29.981628 -793.276611
v 97.386032 29.981628 -793.190613
v 97.520309 29.981628 -793.251099
v 97.411713 30.334118 -793.445557
v 97.500214 30.334118 -793.381958
v 97.312210 30.334118 -793.400757
v 97.301254 30.334118 -793.292297
v 97.389755 30.334118 -793.228638
v 97.489273 30.334118 -793.273560
v 97.400742 30.334118 -793.337158
v 133.282013 31.436466 -819.216125
v 133.282013 31.657360 -819.216125
v 133.310715 31.657360 -819.023743
v 133.310715 31.436466 -819.023743
v 133.429932 31.389473 -818.096802
v 133.426544 31.126442 -818.244507
v 133.586975 31.130657 -818.181519
v 133.269501 31.121735 -818.159973
v 133.272842 31.121222 -818.012329
v 133.433380 31.125406 -817.949158
v 133.590561 31.130138 -818.033875
v 133.427521 31.478798 -818.206116
v 133.546265 31.481915 -818.159546
v 133.311218 31.475311 -818.143494
v 133.313507 31.474926 -818.034180
v 133.432388 31.478027 -817.987549
v 133.548798 31.481529 -818.050293
v 133.429932 31.478413 -818.096802
v 156.359589 30.781713 -843.285522
v 156.359589 31.002607 -843.285522
v 156.432098 31.002607 -843.105042
v 156.432098 30.781713 -843.105042
v 156.762726 30.734144 -842.230896
v 156.725296 30.471678 -842.373779
v 156.896561 30.480471 -842.349976
v 156.591446 30.461824 -842.254944
v 156.628693 30.460741 -842.112000
v 156.800110 30.469515 -842.088013
v 156.934143 30.479387 -842.207092
v 156.735046 30.823889 -842.336670
v 156.861877 30.830397 -842.319092
v 156.635895 30.816584 -842.248596
v 156.663467 30.815779 -842.142761
v 156.790298 30.822275 -842.125122
v 156.889587 30.829588 -842.213318
v 156.762726 30.823084 -842.230896
v 166.800095 30.334467 -877.503723
v 166.800095 30.555361 -877.503723
v 166.912491 30.555365 -877.344971
v 166.912491 30.334471 -877.344971
v 167.436615 30.286530 -876.571228
v 167.366989 30.024420 -876.701477
v 167.538757 30.036119 -876.717651
v 167.264801 30.011293 -876.555176
v 167.334229 30.009853 -876.424805
v 167.506134 30.021540 -876.440857
v 167.608521 30.034685 -876.587524
v 167.385147 30.376539 -876.667664
v 167.512299 30.385206 -876.679749
v 167.309387 30.366812 -876.559204
v 167.360809 30.365744 -876.462769
v 167.487976 30.374395 -876.474731
v 167.563812 30.384132 -876.583313
v 167.436554 30.375467 -876.571167
v 139.178452 35.453396 -968.458313
v 139.178452 35.674290 -968.458313
v 139.065460 35.674290 -968.616638
v 139.065460 35.453396 -968.616638
v 138.535172 35.408573 -969.386108
v 138.608322 35.143421 -969.258240
v 138.461044 35.130436 -969.258850
v 138.682449 35.158001 -969.385498
v 138.609344 35.159603 -969.513367
v 138.462067 35.146618 -969.513916
v 138.387894 35.132038 -969.386719
v 138.589233 35.496319 -969.291443
v 138.480225 35.486706 -969.291809
v 138.644196 35.507122 -969.385742
v 138.590118 35.508312 -969.480347
v 138.481155 35.498699 -969.480774
v 138.426208 35.487896 -969.386475
v 138.535217 35.497509 -969.386108
v 116.713486 32.676651 -947.874146
v 116.713486 32.897541 -947.874146
v 116.600555 32.897541 -948.032532
v 116.600555 32.676651 -948.032532
v 116.070251 32.631706 -948.801941
v 116.143356 32.366673 -948.674072
v 115.996078 32.354645 -948.674683
v 116.217545 32.380192 -948.801331
v 116.144394 32.381672 -948.929199
v 115.997116 32.369637 -948.929810
v 115.922974 32.356129 -948.802551
v 116.124268 32.719540 -948.707275
v 116.015305 32.710632 -948.707642
v 116.179230 32.729553 -948.801575
v 116.125214 32.730659 -948.896240
v 116.016190 32.721748 -948.896606
v 115.961243 32.711739 -948.802368
v 116.070251 32.720642 -948.801941
v 100.191460 29.168291 -930.121765
v 100.191460 29.389183 -930.121765
v 100.111717 29.389183 -930.299133
v 100.111717 29.168291 -930.299133
v 99.739861 29.123016 -931.156433
v 99.788963 28.858305 -931.017822
v 99.664742 28.848904 -931.056396
v 99.864082 28.868885 -931.118042
v 99.814781 28.870047 -931.256531
v 99.690681 28.860624 -931.294983
v 99.615730 28.850061 -931.195007
v 99.776161 29.211092 -931.053894
v 99.684227 29.204126 -931.082275
v 99.831795 29.218927 -931.128052
v 99.795403 29.219793 -931.230591
v 99.703529 29.212818 -931.259033
v 99.647972 29.204988 -931.184875
v 99.739861 29.211954 -931.156433
v 78.009575 27.531851 -922.612122
v 78.009575 27.752747 -922.612122
v 77.973076 27.752747 -922.803162
v 77.973076 27.531851 -922.803162
v 77.809944 27.486036 -923.723267
v 77.825569 27.221857 -923.577026
v 77.713173 27.216749 -923.643188
v 77.922371 27.227621 -923.657227
v 77.906548 27.228254 -923.803406
v 77.794243 27.223120 -923.869446
v 77.697639 27.217379 -923.789429
v 77.821449 27.574503 -923.615051
v 77.738243 27.570719 -923.663940
v 77.893181 27.578772 -923.674438
v 77.881554 27.579245 -923.782654
v 77.798393 27.575445 -923.831482
v 77.726814 27.571188 -923.772156
v 77.809944 27.574974 -923.723267
v 255.853439 20.783510 -386.457153
v 255.853439 21.005360 -386.457153
v 255.979477 21.005360 -386.307892
v 255.979477 20.783510 -386.307892
v 256.573425 20.736847 -385.581238
v 256.489777 20.472155 -385.703217
v 256.637238 20.472155 -385.714661
v 256.425995 20.472155 -385.569733
v 256.509644 20.472155 -385.447784
v 256.657135 20.472155 -385.459229
v 256.720917 20.472155 -385.592712
v 256.511566 20.826170 -385.671539
v 256.620697 20.826170 -385.680084
v 256.464294 20.826170 -385.572632
v 256.526154 20.826170 -385.482330
v 256.635315 20.826170 -385.490906
v 256.682587 20.826170 -385.589783
v 256.573425 20.826170 -385.581238
v 277.968903 21.401428 -402.338196
v 277.968903 21.623280 -402.338196
v 278.101776 21.623280 -402.195038
v 278.101776 21.401428 -402.195038
v 279.630310 21.354765 -400.319031
v 279.541046 21.090073 -400.436981
v 279.687836 21.090073 -400.455353
v 279.483551 21.090073 -400.300690
v 279.572815 21.090073 -400.182739
v 279.719574 21.090073 -400.201111
v 279.777069 21.090073 -400.337372
v 279.564301 21.444088 -400.406342
v 279.672913 21.444088 -400.420013
v 279.521698 21.444088 -400.305389
v 279.587708 21.444088 -400.218048
v 279.696320 21.444088 -400.231689
v 279.738953 21.444088 -400.332672
v 279.630310 21.444088 -400.319031
v 312.570831 22.021433 -444.228699
v 312.570831 22.243282 -444.228699
v 312.576508 22.243282 -444.033417
v 312.576508 22.021433 -444.033417
v 312.386597 21.935774 -438.589569
v 312.403656 21.501579 -438.831360
v 312.604553 21.497656 -438.695618
v 312.185791 21.505987 -438.725342
v 312.168640 21.506468 -438.483521
v 312.369537 21.502546 -438.347778
v 312.587494 21.498140 -438.453888
v 312.399323 22.081774 -438.768494
v 312.548065 22.078871 -438.668182
v 312.237915 22.085039 -438.689941
v 312.225037 22.085398 -438.510986
v 312.373779 22.082495 -438.410645
v 312.535248 22.079231 -438.489258
v 312.386597 22.082136 -438.589569
v 386.839081 37.569080 -958.404297
v 386.839081 37.789974 -958.404297
v 386.950653 37.789974 -958.563660
v 386.950653 37.569080 -958.563660
v 387.498962 37.522511 -959.320374
v 387.402802 37.259068 -959.208801
v 387.354248 37.259953 -959.347778
v 387.547546 37.258076 -959.181335
v 387.643616 37.257961 -959.292969
v 387.595032 37.258854 -959.431946
v 387.450348 37.259846 -959.459412
v 387.427765 37.611530 -959.237793
v 387.391754 37.612186 -959.340698
v 387.535004 37.610790 -959.217468
v 387.606201 37.610706 -959.300049
v 387.570129 37.611362 -959.402893
v 387.462921 37.612110 -959.423218
v 387.498993 37.611454 -959.320312
v 359.889221 38.363049 -982.063416
v 359.889221 38.583942 -982.063416
v 360.000763 38.583942 -982.222717
v 360.000763 38.363049 -982.222717
v 360.549103 38.316502 -982.979431
v 360.452942 38.053036 -982.867859
v 360.404388 38.053707 -983.006897
v 360.597656 38.052273 -982.840393
v 360.693787 38.052189 -982.951965
v 360.645172 38.052868 -983.091064
v 360.500458 38.053631 -983.118469
v 360.477905 38.405499 -982.896912
v 360.441864 38.406002 -982.999756
v 360.585114 38.404934 -982.876587
v 360.656311 38.404873 -982.959106
v 360.620270 38.405376 -983.062012
v 360.513062 38.405933 -983.082275
v 360.549103 38.405437 -982.979431
v 331.333099 39.109833 -1005.322266
v 331.333099 39.330727 -1005.322266
v 331.410553 39.330727 -1005.500671
v 331.410553 39.109833 -1005.500671
v 331.800568 39.063316 -1006.350098
v 331.724854 38.799820 -1006.223083
v 331.618500 38.800247 -1006.362305
v 331.906769 38.799339 -1006.210693
v 331.982666 38.799286 -1006.337585
v 331.876312 38.799713 -1006.477051
v 331.694061 38.800194 -1006.489380
v 331.744446 39.152290 -1006.256104
v 331.665649 39.152603 -1006.359131
v 331.879272 39.151939 -1006.246948
v 331.935455 39.151901 -1006.340820
v 331.856720 39.152214 -1006.443970
v 331.721649 39.152565 -1006.453125
v 331.800568 39.152252 -1006.350098
v 322.012451 38.390049 -938.943054
v 322.012451 38.610943 -938.943054
v 321.900909 38.610943 -938.783752
v 321.900909 38.390049 -938.783752
v 321.352600 38.343662 -938.027039
v 321.448700 38.080036 -938.138672
v 321.497314 38.079403 -937.999573
v 321.304047 38.080746 -938.166016
v 321.207916 38.080830 -938.054443
v 321.256500 38.080189 -937.915405
v 321.401184 38.079479 -937.888000
v 321.423798 38.432545 -938.109558
v 321.459839 38.432072 -938.006714
v 321.316589 38.433071 -938.129883
v 321.245392 38.433132 -938.047363
v 321.281403 38.432667 -937.944458
v 321.388611 38.432133 -937.924133
v 321.352600 38.432598 -938.027039
v 345.550415 37.925629 -923.061951
v 345.550415 38.146523 -923.061951
v 345.438843 38.146523 -922.902588
v 345.438843 37.925629 -922.902588
v 344.890533 37.879272 -922.145874
v 344.986664 37.615616 -922.257507
v 345.035248 37.614761 -922.118408
v 344.841980 37.616570 -922.284912
v 344.745850 37.616684 -922.173279
v 344.794434 37.615829 -922.034302
v 344.939148 37.614868 -922.006836
v 344.961731 37.968132 -922.228394
v 344.997772 37.967499 -922.125549
v 344.854492 37.968842 -922.248779
v 344.783295 37.968918 -922.166199
v 344.819336 37.968285 -922.063354
v 344.926575 37.967583 -922.042969
v 344.890533 37.968208 -922.145874
v 409.206604 36.355747 -937.632324
v 409.206604 36.576641 -937.632324
v 409.318146 36.576641 -937.791626
v 409.318146 36.355747 -937.791626
v 409.866425 36.309147 -938.548340
v 409.770294 36.045727 -938.436768
v 409.721741 36.046803 -938.575806
v 409.915039 36.044537 -938.409302
v 410.011108 36.044407 -938.520935
v 409.962555 36.045475 -938.659973
v 409.817871 36.046665 -938.687378
v 409.795258 36.398190 -938.465820
v 409.759247 36.398975 -938.568665
v 409.902496 36.397305 -938.445496
v 409.973663 36.397205 -938.528076
v 409.937592 36.397991 -938.630920
v 409.830414 36.398876 -938.651245
v 409.866425 36.398083 -938.548340
v 476.105713 36.832851 -878.414490
v 476.105713 37.053745 -878.414490
v 476.217285 37.053745 -878.573792
v 476.217285 36.832851 -878.573792
v 476.765594 36.786221 -879.330505
v 476.669464 36.522839 -879.218933
v 476.620850 36.524197 -879.357971
v 476.814117 36.521305 -879.191528
v 476.910278 36.521137 -879.303101
v 476.861633 36.522503 -879.442139
v 476.716980 36.524029 -879.469543
v 476.694366 36.875278 -879.247986
v 476.658325 36.876293 -879.350891
v 476.801605 36.874149 -879.227661
v 476.872833 36.874020 -879.310181
v 476.836761 36.875034 -879.413086
v 476.729584 36.876163 -879.433411
v 476.765594 36.875156 -879.330566
v 455.940430 36.373390 -896.088684
v 455.940430 36.594276 -896.088684
v 456.052002 36.594276 -896.248047
v 456.052032 36.373390 -896.247986
v 456.600311 36.326759 -897.004761
v 456.504181 36.063370 -896.893188
v 456.455597 36.064682 -897.032227
v 456.648895 36.061890 -896.865723
v 456.744995 36.061737 -896.977356
v 456.696411 36.063042 -897.116333
v 456.551697 36.064522 -897.143799
v 456.529114 36.415810 -896.922241
v 456.493103 36.416786 -897.025085
v 456.636292 36.414719 -896.901917
v 456.707489 36.414604 -896.984375
v 456.671478 36.415581 -897.087280
v 456.564331 36.416664 -897.107605
v 456.600311 36.415695 -897.004761
v 435.204742 36.461128 -914.448303
v 435.204773 36.682022 -914.448303
v 435.316345 36.682022 -914.607666
v 435.316345 36.461128 -914.607666
v 435.864624 36.414505 -915.364380
v 435.768524 36.151108 -915.252808
v 435.719940 36.152328 -915.391785
v 435.913208 36.149734 -915.225342
v 436.009338 36.149590 -915.336914
v 435.960724 36.150810 -915.475952
v 435.816040 36.152184 -915.503418
v 435.793427 36.503563 -915.281799
v 435.757385 36.504463 -915.384705
v 435.900665 36.502548 -915.261475
v 435.971832 36.502426 -915.344055
v 435.935822 36.503334 -915.446899
v 435.828644 36.504356 -915.467224
v 435.864624 36.503441 -915.364380
v 397.444397 36.226883 -886.958008
v 397.444397 36.447769 -886.958008
v 397.332825 36.447769 -886.798645
v 397.332825 36.226875 -886.798645
v 396.784546 36.180573 -886.041931
v 396.880676 35.916870 -886.153503
v 396.929260 35.915665 -886.014465
v 396.735992 35.918221 -886.180969
v 396.639893 35.918373 -886.069336
v 396.688477 35.917168 -885.930298
v 396.833191 35.915817 -885.902893
v 396.855743 36.269394 -886.124451
v 396.891785 36.268509 -886.021606
v 396.748535 36.270393 -886.144775
v 396.677368 36.270508 -886.062256
v 396.713379 36.269615 -885.959351
v 396.820618 36.268616 -885.939026
v 396.784546 36.269508 -886.041931
v 420.310608 35.844013 -870.114014
v 420.310608 36.064907 -870.114014
v 420.199066 36.064907 -869.954651
v 420.199066 35.844013 -869.954651
v 419.650757 35.797710 -869.197876
v 419.746887 35.534000 -869.309448
v 419.795471 35.532703 -869.170471
v 419.602203 35.535458 -869.336914
v 419.506042 35.535618 -869.225342
v 419.554657 35.534321 -869.086304
v 419.699371 35.532864 -869.058838
v 419.721924 35.886532 -869.280457
v 419.758026 35.885578 -869.177551
v 419.614746 35.887615 -869.300781
v 419.543579 35.887730 -869.218201
v 419.579559 35.886768 -869.115356
v 419.686829 35.885693 -869.095032
v 419.650818 35.886654 -869.197876
v 443.848541 36.928371 -854.232849
v 443.848541 37.149265 -854.232849
v 443.737030 37.149265 -854.073425
v 443.737030 36.928371 -854.073425
v 443.188690 36.882084 -853.316772
v 443.284821 36.618366 -853.428345
v 443.333466 36.617008 -853.289307
v 443.140167 36.619892 -853.455750
v 443.044067 36.620052 -853.344116
v 443.092560 36.618694 -853.205139
v 443.237366 36.617176 -853.177673
v 443.259888 36.970898 -853.399292
v 443.295959 36.969898 -853.296387
v 443.152710 36.972027 -853.419617
v 443.081543 36.972149 -853.337036
v 443.117554 36.971149 -853.234192
v 443.224792 36.970013 -853.213867
v 443.188690 36.971020 -853.316772
v 443.753540 16.949646 -487.135620
v 443.753540 17.171495 -487.135620
v 443.630920 17.171495 -487.287659
v 443.630920 16.949646 -487.287659
v 441.165344 16.863981 -490.281616
v 441.297974 16.429789 -490.078674
v 441.056000 16.425867 -490.065338
v 441.407379 16.434193 -490.295013
v 441.274750 16.434677 -490.497925
v 441.032684 16.430756 -490.484467
v 440.923340 16.426348 -490.268188
v 441.263458 17.009983 -490.131409
v 441.084259 17.007076 -490.121368
v 441.344421 17.013248 -490.291656
v 441.246399 17.013607 -490.441925
v 441.067291 17.010700 -490.431885
v 440.986237 17.007435 -490.271576
v 441.165344 17.010344 -490.281616
v 398.803955 19.590805 -455.271149
v 398.803955 19.812666 -455.271149
v 398.691833 19.812666 -455.431030
v 398.691833 19.590805 -455.431030
v 396.235687 19.505087 -458.959351
v 396.354309 19.070988 -458.748016
v 396.111938 19.067795 -458.750854
v 396.478058 19.074577 -458.956451
v 396.359375 19.074972 -459.167786
v 396.116974 19.071770 -459.170715
v 395.993317 19.068188 -458.962250
v 396.323395 19.651154 -458.802887
v 396.143982 19.648792 -458.804932
v 396.415039 19.653816 -458.957367
v 396.327332 19.654110 -459.113800
v 396.147980 19.651739 -459.115875
v 396.056274 19.649086 -458.961456
v 396.235687 19.651449 -458.959351
v 177.354095 30.550989 -907.009399
v 177.354095 30.771881 -907.009399
v 177.467072 30.771881 -906.851013
v 177.467072 30.550987 -906.851013
v 177.997345 30.502884 -906.081543
v 177.924225 30.240934 -906.209412
v 178.071564 30.253922 -906.208801
v 177.850128 30.226351 -906.082214
v 177.923187 30.224751 -905.954346
v 178.070465 30.237736 -905.953735
v 178.144684 30.252323 -906.080994
v 177.943329 30.593014 -906.176208
v 178.052277 30.602631 -906.175842
v 177.888336 30.582211 -906.081970
v 177.942413 30.581017 -905.987305
v 178.051422 30.590630 -905.986877
v 178.106354 30.601437 -906.081177
v 177.997345 30.591824 -906.081543
v 198.098175 34.035316 -926.799255
v 198.098175 34.256210 -926.799255
v 198.211090 34.256210 -926.640869
v 198.211090 34.035313 -926.640869
v 198.741364 33.987320 -925.871460
v 198.668304 33.725266 -925.999329
v 198.815582 33.737400 -925.998718
v 198.594147 33.711632 -925.872070
v 198.667267 33.710136 -925.744202
v 198.814484 33.722275 -925.743591
v 198.888702 33.735905 -925.870850
v 198.687408 34.077374 -925.966125
v 198.796356 34.086353 -925.965698
v 198.632416 34.067268 -925.871826
v 198.686432 34.066154 -925.777161
v 198.795441 34.075146 -925.776794
v 198.850433 34.085243 -925.871094
v 198.741364 34.076256 -925.871460
v 284.028931 38.802677 -1036.947632
v 284.028931 39.023563 -1036.947632
v 284.046387 39.023563 -1037.141357
v 284.046387 38.802677 -1037.141357
v 284.149597 38.756199 -1038.070312
v 284.117554 38.492664 -1037.926025
v 283.972382 38.492741 -1038.024780
v 284.294739 38.492573 -1037.971436
v 284.326935 38.492565 -1038.115723
v 284.181641 38.492641 -1038.214722
v 284.004211 38.492725 -1038.169189
v 284.125824 38.845150 -1037.963501
v 284.018311 38.845203 -1038.036621
v 284.257111 38.845081 -1037.997192
v 284.281006 38.845074 -1038.104004
v 284.173431 38.845135 -1038.177124
v 284.041962 38.845196 -1038.143433
v 284.149597 38.845135 -1038.070312
v 236.473022 41.099949 -1041.717529
v 236.473022 41.320843 -1041.717529
v 236.438843 41.320835 -1041.909058
v 236.438843 41.099949 -1041.909058
v 236.293884 41.054058 -1042.832397
v 236.300995 40.789951 -1042.684692
v 236.135010 40.785412 -1042.741699
v 236.459839 40.795025 -1042.775146
v 236.452881 40.795574 -1042.922852
v 236.286743 40.791065 -1042.980103
v 236.127686 40.785976 -1042.889404
v 236.299011 41.142582 -1042.723145
v 236.176147 41.139217 -1042.765259
v 236.416748 41.146343 -1042.790161
v 236.411682 41.146755 -1042.899414
v 236.288696 41.143406 -1042.941650
v 236.170898 41.139645 -1042.874512
v 236.293884 41.142994 -1042.832397
v 192.423950 40.069672 -1017.162598
v 192.423950 40.290565 -1017.162598
v 192.340637 40.290565 -1017.338318
v 192.340637 40.069672 -1017.338318
v 191.957947 40.024345 -1018.191040
v 192.003540 39.759689 -1018.050354
v 191.827393 39.750671 -1018.061279
v 192.133972 39.769791 -1018.179932
v 192.088562 39.770897 -1018.320618
v 191.912292 39.761902 -1018.331665
v 191.781677 39.751778 -1018.201843
v 191.991577 40.112457 -1018.086914
v 191.861206 40.105782 -1018.094910
v 192.088257 40.119949 -1018.182861
v 192.054688 40.120773 -1018.287048
v 191.924255 40.114105 -1018.295166
v 191.827515 40.106613 -1018.198975
v 191.957886 40.113281 -1018.191040
v 167.321167 39.089043 -994.790710
v 167.321167 39.309937 -994.790710
v 167.208252 39.309937 -994.949097
v 167.208252 39.089043 -994.949097
v 166.677979 39.044075 -995.718506
v 166.751099 38.779068 -995.590698
v 166.603821 38.767250 -995.591248
v 166.825256 38.792336 -995.717896
v 166.752136 38.793793 -995.845764
v 166.604858 38.781982 -995.846375
v 166.530701 38.768707 -995.719116
v 166.732056 39.131927 -995.623840
v 166.623047 39.123177 -995.624268
v 166.786987 39.141762 -995.718140
v 166.732910 39.142845 -995.812805
v 166.623901 39.134094 -995.813171
v 166.568970 39.124260 -995.718872
v 166.677979 39.133011 -995.718506
v 508.839172 36.424129 -848.807556
v 508.839233 36.645016 -848.807556
v 508.950745 36.645016 -848.966919
v 508.950745 36.424129 -848.966919
v 509.499054 36.377491 -849.723633
v 509.402954 36.114109 -849.612061
v 509.354309 36.115490 -849.751099
v 509.547607 36.112568 -849.584595
v 509.643738 36.112392 -849.696167
v 509.595154 36.113773 -849.835205
v 509.450409 36.115314 -849.862671
v 509.427887 36.466557 -849.641052
v 509.391785 36.467571 -849.743958
v 509.535095 36.465405 -849.620728
v 509.606262 36.465282 -849.703308
v 509.570190 36.466297 -849.806213
v 509.463013 36.467449 -849.826477
v 509.499054 36.466427 -849.723633
v 374.000244 36.442108 -902.973022
v 374.000244 36.663002 -902.973022
v 373.888672 36.663002 -902.813660
v 373.888672 36.442108 -902.813660
v 373.340332 36.395775 -902.056946
v 373.436493 36.132095 -902.168579
v 373.485016 36.131027 -902.029541
v 373.291779 36.133293 -902.195984
v 373.195648 36.133430 -902.084412
v 373.244202 36.132355 -901.945374
v 373.388977 36.131157 -901.917908
v 373.411530 36.484619 -902.139526
v 373.447601 36.483833 -902.036621
v 373.304321 36.485512 -902.159851
v 373.233124 36.485603 -902.077271
v 373.269135 36.484818 -901.974426
v 373.376343 36.483925 -901.954102
v 373.340332 36.484718 -902.056946
v 472.927429 35.636486 -742.842224
v 472.927368 35.857372 -742.842163
v 473.009521 35.857372 -742.665894
v 473.009583 35.636486 -742.665955
v 473.390808 35.589893 -741.812683
v 473.342224 35.326466 -741.951782
v 473.486877 35.327480 -741.924316
v 473.246094 35.325329 -741.840149
v 473.294617 35.325207 -741.701111
v 473.439331 35.326214 -741.673706
v 473.535461 35.327358 -741.785278
v 473.354858 35.678921 -741.915649
v 473.461975 35.679676 -741.895386
v 473.283630 35.678082 -741.832947
v 473.319580 35.677990 -741.730042
v 473.426636 35.678738 -741.709778
v 473.497864 35.679577 -741.792480
v 473.390808 35.678829 -741.812683
v 498.518860 36.204365 -755.137878
v 498.518860 36.425259 -755.137878
v 498.601135 36.425259 -754.961609
v 498.601135 36.204365 -754.961609
v 498.982300 36.157757 -754.108398
v 498.933716 35.894352 -754.247498
v 499.078430 35.895512 -754.220032
v 498.837585 35.893047 -754.135864
v 498.886169 35.892902 -753.996826
v 499.030884 35.894062 -753.969421
v 499.127014 35.895367 -754.080994
v 498.946411 36.246799 -754.211365
v 499.053497 36.247662 -754.191101
v 498.875183 36.245838 -754.128662
v 498.911072 36.245731 -754.025757
v 499.018188 36.246586 -754.005493
v 499.089386 36.247555 -754.088196
v 498.982300 36.246693 -754.108398
v 539.798340 35.949352 -776.760010
v 539.798340 36.170246 -776.760010
v 539.911316 36.170246 -776.600891
v 539.911316 35.949352 -776.600891
v 540.421143 35.902729 -775.809509
v 540.366699 35.639339 -775.954712
v 540.660217 35.640606 -776.086853
v 540.126465 35.637913 -775.679688
v 540.179565 35.637753 -775.533936
v 540.475403 35.639027 -775.664307
v 540.715637 35.640453 -775.942078
v 540.380981 35.991787 -775.916992
v 540.598511 35.992725 -776.014893
v 540.202820 35.990726 -775.712891
v 540.242493 35.990612 -775.605225
v 540.461182 35.991550 -775.701904
v 540.639160 35.992611 -775.907471
v 540.421143 35.991665 -775.809509
v 538.747681 36.875191 -822.302795
v 538.747681 37.096085 -822.302795
v 538.891907 37.096085 -822.434387
v 538.891907 36.875191 -822.434387
v 539.615417 36.828552 -823.036865
v 539.477600 36.565170 -822.965393
v 539.307983 36.566513 -823.242554
v 539.783081 36.563667 -822.757996
v 539.921509 36.563499 -822.828369
v 539.753296 36.564842 -823.108154
v 539.445374 36.566345 -823.314941
v 539.513245 36.917618 -822.984131
v 539.387756 36.918610 -823.189575
v 539.739807 36.916496 -822.830505
v 539.842346 36.916382 -822.882629
v 539.717651 36.917374 -823.089478
v 539.489624 36.918488 -823.242798
v 539.615417 36.917496 -823.036865
v 471.701385 36.730824 -834.561951
v 471.701385 36.951725 -834.561951
v 471.589813 36.951725 -834.402649
v 471.589813 36.730831 -834.402649
v 471.041473 36.684547 -833.645874
v 471.137665 36.420818 -833.757507
v 471.186218 36.419449 -833.618469
v 470.992920 36.422367 -833.784912
v 470.896790 36.422539 -833.673340
v 470.945374 36.421165 -833.534302
v 471.090118 36.419617 -833.506836
v 471.112640 36.773350 -833.728455
v 471.148712 36.772339 -833.625549
v 471.005432 36.774502 -833.748779
v 470.934265 36.774628 -833.666260
v 470.970306 36.773613 -833.563354
v 471.077545 36.772469 -833.543030
v 471.041473 36.773483 -833.645874
v 501.205597 38.637283 -813.955383
v 501.205597 38.858170 -813.955444
v 501.338654 38.858170 -814.097290
v 501.338654 38.637283 -814.097290
v 503.154877 38.590988 -815.975220
v 503.043884 38.327271 -815.878357
v 503.015442 38.325920 -816.022949
v 503.183167 38.328789 -815.830688
v 503.294159 38.328949 -815.927490
v 503.265778 38.327606 -816.072083
v 503.126495 38.326088 -816.119690
v 503.072632 38.679802 -815.903625
v 503.051605 38.678802 -816.010498
v 503.175934 38.680923 -815.868225
v 503.258118 38.681046 -815.939880
v 503.237000 38.680046 -816.046814
v 503.133759 38.678925 -816.082153
v 503.154877 38.679924 -815.975220
v 498.232880 38.421646 -804.227722
v 498.232880 38.642540 -804.227722
v 498.336029 38.642548 -804.062927
v 498.336029 38.421654 -804.062927
v 499.527557 38.375351 -802.117981
v 499.443024 38.111641 -802.237427
v 499.437836 38.110352 -802.129211
v 499.532227 38.113083 -802.226440
v 499.617737 38.113243 -802.107788
v 499.612366 38.111954 -801.998779
v 499.521606 38.110519 -802.009277
v 499.464905 38.464172 -802.206360
v 499.460999 38.463219 -802.126221
v 499.531158 38.465240 -802.198242
v 499.594330 38.465363 -802.110291
v 499.590271 38.464409 -802.029724
v 499.523193 38.463341 -802.037598
v 499.527557 38.464287 -802.117981
v 479.660706 36.323692 -795.425781
v 479.660706 36.544586 -795.425781
v 479.578430 36.544594 -795.602112
v 479.578430 36.323700 -795.602112
v 479.197266 36.277390 -796.455261
v 479.245850 36.013687 -796.316223
v 479.101227 36.012505 -796.343689
v 479.341980 36.015015 -796.427856
v 479.293365 36.015160 -796.566833
v 479.148682 36.013985 -796.594299
v 479.052551 36.012657 -796.482727
v 479.233154 36.366219 -796.352356
v 479.126099 36.365341 -796.372620
v 479.304413 36.367203 -796.435059
v 479.268494 36.367310 -796.537964
v 479.161346 36.366432 -796.558228
v 479.090149 36.365448 -796.475464
v 479.197266 36.366325 -796.455261
v 453.892487 39.071907 -713.956909
v 453.892487 39.292801 -713.956909
v 453.974701 39.292801 -713.780640
v 453.974701 39.071907 -713.780640
v 454.355835 39.025345 -712.927368
v 454.307312 38.761894 -713.066528
v 454.451996 38.762680 -713.039001
v 454.211182 38.761009 -712.954895
v 454.259766 38.760910 -712.815857
v 454.404419 38.761703 -712.788330
v 454.500580 38.762589 -712.899963
v 454.319977 39.114357 -713.030396
v 454.427094 39.114944 -713.010132
v 454.248779 39.113701 -712.947632
v 454.284668 39.113632 -712.844727
v 454.391785 39.114212 -712.824585
v 454.462982 39.114868 -712.907227
v 454.355835 39.114288 -712.927368
v 446.686035 35.629959 -791.937134
v 446.686035 35.850845 -791.937134
v 446.608032 35.850845 -792.104614
v 446.608032 35.629951 -792.104675
v 446.245239 35.583618 -792.918213
v 446.291565 35.319946 -792.784058
v 446.153748 35.318939 -792.796692
v 446.383057 35.321083 -792.905518
v 446.336670 35.321205 -793.039673
v 446.198914 35.320198 -793.052307
v 446.107483 35.319061 -792.930786
v 446.279419 35.672470 -792.818848
v 446.177551 35.671715 -792.828186
v 446.347229 35.673309 -792.908875
v 446.313110 35.673401 -793.008240
v 446.211060 35.672653 -793.017517
v 446.143311 35.671814 -792.927490
v 446.245239 35.672562 -792.918213
v 416.455566 35.720901 -792.018311
v 416.455566 35.941795 -792.018311
v 416.381897 35.941795 -792.176208
v 416.381897 35.720901 -792.176208
v 416.040161 35.674545 -792.944702
v 416.083130 35.410889 -792.817810
v 415.945984 35.410072 -792.829102
v 416.177368 35.411819 -792.933411
v 416.134399 35.411919 -793.060364
v 415.997192 35.411095 -793.071716
v 415.903015 35.410172 -792.956055
v 416.071960 35.763405 -792.850769
v 415.970398 35.762794 -792.859070
v 416.141785 35.764091 -792.936401
v 416.110046 35.764168 -793.030396
v 416.008484 35.763557 -793.038757
v 415.938660 35.762871 -792.953003
v 416.040161 35.763481 -792.944702
v 389.426086 35.007122 -782.117249
v 389.426086 35.228016 -782.117249
v 389.355225 35.228008 -782.269165
v 389.355225 35.007122 -782.269165
v 389.026489 34.960735 -783.009644
v 389.067383 34.697109 -782.887329
v 388.930237 34.696507 -782.898621
v 389.163757 34.697781 -782.998291
v 389.122925 34.697857 -783.120728
v 388.985657 34.697262 -783.132141
v 388.889221 34.696583 -783.021057
v 389.056641 35.049618 -782.919006
v 388.955139 35.049175 -782.927368
v 389.128052 35.050114 -783.001282
v 389.097961 35.050167 -783.091919
v 388.996399 35.049725 -783.100342
v 388.924866 35.049229 -783.018005
v 389.026489 35.049671 -783.009644
v 471.740784 15.238400 -506.198242
v 471.740784 15.460253 -506.198242
v 471.646851 15.460253 -506.369476
v 471.646851 15.238400 -506.369476
v 469.358185 15.152663 -509.849426
v 469.452850 14.718594 -509.626404
v 469.212402 14.715691 -509.655823
v 469.598724 14.721845 -509.820068
v 469.503876 14.722198 -510.043152
v 469.263336 14.719304 -510.072540
v 469.117584 14.716048 -509.878906
v 469.428192 15.298756 -509.684357
v 469.250122 15.296607 -509.706024
v 469.536163 15.301165 -509.827820
v 469.466156 15.301430 -509.992981
v 469.288025 15.299288 -510.014587
v 469.180054 15.296873 -509.871094
v 469.358185 15.299023 -509.849426
v 501.477295 12.344297 -507.445770
v 501.477295 12.566156 -507.445770
v 501.546509 12.566156 -507.628357
v 501.546509 12.344297 -507.628357
v 503.084717 12.258575 -511.642883
v 502.976593 11.824479 -511.425964
v 502.842743 11.821286 -511.628082
v 503.218475 11.828068 -511.440765
v 503.326630 11.828461 -511.657715
v 503.192871 11.825261 -511.859833
v 502.950867 11.821678 -511.844971
v 503.004547 12.404644 -511.482422
v 502.905457 12.402283 -511.631958
v 503.183807 12.407305 -511.493439
v 503.263977 12.407599 -511.653870
v 503.164886 12.405231 -511.803375
v 502.985626 12.402575 -511.792480
v 503.084717 12.404939 -511.642883
v 534.376892 5.993133 -357.444031
v 534.376892 6.214984 -357.444031
v 534.197937 6.214984 -357.365784
v 534.197937 5.993133 -357.365784
v 533.331970 5.946471 -357.003815
v 533.472778 5.681779 -357.049194
v 533.441711 5.681779 -356.904724
v 533.362976 5.681779 -357.148529
v 533.222229 5.681779 -357.103210
v 533.191223 5.681779 -356.958405
v 533.300903 5.681779 -356.859222
v 533.436218 6.035792 -357.037384
v 533.413269 6.035792 -356.930420
v 533.354919 6.035792 -357.110931
v 533.250610 6.035793 -357.077393
v 533.227722 6.035793 -356.970337
v 533.309082 6.035793 -356.896790
v 533.331970 6.035793 -357.003815
v 510.018097 3.934216 -345.230896
v 510.018097 4.156068 -345.230896
v 509.825409 4.156068 -345.199158
v 509.825409 3.934216 -345.199158
v 506.414459 3.887553 -344.966003
v 506.562012 3.622861 -344.975342
v 506.496368 3.622861 -344.842834
v 506.480072 3.622861 -345.098480
v 506.332489 3.622861 -345.089111
v 506.266846 3.622861 -344.956604
v 506.348785 3.622861 -344.833374
v 506.523712 3.976876 -344.972900
v 506.475189 3.976876 -344.874756
v 506.463013 3.976876 -345.064148
v 506.353760 3.976876 -345.057281
v 506.305145 3.976876 -344.959137
v 506.365936 3.976876 -344.867828
v 506.414459 3.976877 -344.966003
v 514.492981 4.213649 -388.941437
v 514.492981 4.435500 -388.941437
v 514.665710 4.435500 -388.850281
v 514.665710 4.213649 -388.850281
v 517.890442 4.166985 -386.711151
v 517.767273 3.902294 -386.792908
v 517.899597 3.902294 -386.858856
v 517.758179 3.902294 -386.645294
v 517.881348 3.902294 -386.563599
v 518.013733 3.902294 -386.629517
v 518.022949 3.902294 -386.777222
v 517.799194 4.256309 -386.771729
v 517.897278 4.256309 -386.820618
v 517.792480 4.256309 -386.662323
v 517.883667 4.256309 -386.601837
v 517.981628 4.256309 -386.650635
v 517.988403 4.256309 -386.760071
v 517.890442 4.256309 -386.711151
v 283.780792 33.066959 -649.787964
v 283.780792 33.288818 -649.787964
v 283.674591 33.288818 -649.951965
v 283.674591 33.066959 -649.951965
v 281.352295 32.981236 -653.569824
v 281.462921 32.547138 -653.354248
v 281.220825 32.543945 -653.366272
v 281.594421 32.550724 -653.557861
v 281.483765 32.551121 -653.773560
v 281.241577 32.547920 -653.785583
v 281.110168 32.544338 -653.581848
v 281.434082 33.127300 -653.410278
v 281.254852 33.124943 -653.419006
v 281.531403 33.129963 -653.561157
v 281.449646 33.130260 -653.720825
v 281.270538 33.127892 -653.729553
v 281.173096 33.125233 -653.578613
v 281.352295 33.127598 -653.569824
v 190.001678 27.249136 -601.743042
v 190.001678 27.470993 -601.743042
v 189.852356 27.470993 -601.869202
v 189.852356 27.249136 -601.869202
v 186.579681 27.163414 -604.656982
v 186.748138 26.729313 -604.482788
v 186.512970 26.726120 -604.424011
v 186.814835 26.732899 -604.715820
v 186.646332 26.733297 -604.890076
v 186.411087 26.730095 -604.831299
v 186.344482 26.726513 -604.598206
v 186.704285 27.309479 -604.528015
v 186.530212 27.307117 -604.484375
v 186.753571 27.312136 -604.700684
v 186.628967 27.312435 -604.829773
v 186.455063 27.310066 -604.786072
v 186.405640 27.307407 -604.613403
v 186.579681 27.309776 -604.656982
v 185.808853 22.708935 -518.323303
v 185.808853 22.930792 -518.323303
v 185.629410 22.930792 -518.245850
v 185.629410 22.708935 -518.245850
v 181.675522 22.623215 -516.558105
v 181.906448 22.189114 -516.631409
v 181.854340 22.185923 -516.394653
v 181.727554 22.192699 -516.794861
v 181.496475 22.193098 -516.721680
v 181.444321 22.189898 -516.484924
v 181.623306 22.186316 -516.321350
v 181.846436 22.769279 -516.612244
v 181.808029 22.766918 -516.436890
v 181.713821 22.771936 -516.733337
v 181.542755 22.772236 -516.679199
v 181.504364 22.769867 -516.504150
v 181.636948 22.767208 -516.382935
v 181.675522 22.769577 -516.558105
v 217.919968 21.186581 -479.302063
v 217.919968 21.408438 -479.302063
v 217.805695 21.408438 -479.143494
v 217.805695 21.186581 -479.143494
v 215.277145 21.100863 -475.666687
v 215.437805 20.666761 -475.848053
v 215.514465 20.663568 -475.618073
v 215.200348 20.670347 -475.896606
v 215.039536 20.670746 -475.715240
v 215.116211 20.667543 -475.485260
v 215.353745 20.663961 -475.436646
v 215.396103 21.246925 -475.800812
v 215.453018 21.244566 -475.630615
v 215.220139 21.249584 -475.836731
v 215.101028 21.249884 -475.702545
v 215.157867 21.247515 -475.532593
v 215.333862 21.244856 -475.496582
v 215.277145 21.247225 -475.666687
v 427.997040 2.921962 -61.075226
v 427.997040 3.143812 -61.075226
v 428.155304 3.143812 -60.960754
v 428.155304 2.921962 -60.960754
v 428.906799 2.875299 -60.398476
v 428.796234 2.610606 -60.496735
v 428.936554 2.610606 -60.543339
v 428.766418 2.610606 -60.351807
v 428.877014 2.610606 -60.253551
v 429.017395 2.610606 -60.300220
v 429.047180 2.610606 -60.445148
v 428.824982 2.964622 -60.471230
v 428.928833 2.964622 -60.505798
v 428.802917 2.964622 -60.363873
v 428.884735 2.964622 -60.291092
v 428.988586 2.964622 -60.325710
v 429.010651 2.964622 -60.433044
v 428.906799 2.964622 -60.398476
v 410.644043 2.850590 -34.828609
v 410.644043 3.072441 -34.828609
v 410.747223 3.072441 -34.662731
v 410.747223 2.850590 -34.662731
v 411.229950 2.803927 -33.857838
v 411.164795 2.539235 -33.990601
v 411.312378 2.539235 -33.980675
v 411.082367 2.539235 -33.867790
v 411.147522 2.539235 -33.735001
v 411.295135 2.539236 -33.725060
v 411.377533 2.539235 -33.847885
v 411.181763 2.893250 -33.956154
v 411.291016 2.893250 -33.948841
v 411.120697 2.893250 -33.865097
v 411.168884 2.893251 -33.766785
v 411.278107 2.893251 -33.759521
v 411.339142 2.893251 -33.850536
v 411.229950 2.893251 -33.857838
v 385.580200 2.304043 -22.915270
v 385.580200 2.525894 -22.915270
v 385.581238 2.525894 -22.719896
v 385.581238 2.304043 -22.719896
v 385.571045 2.257380 -21.781418
v 385.585083 1.992688 -21.928686
v 385.705597 1.992688 -21.842915
v 385.450562 1.992688 -21.867172
v 385.436523 1.992688 -21.719925
v 385.557068 1.992688 -21.634186
v 385.691589 1.992688 -21.695679
v 385.581512 2.346703 -21.890427
v 385.670715 2.346703 -21.826992
v 385.481842 2.346703 -21.844830
v 385.471375 2.346703 -21.735842
v 385.560669 2.346703 -21.672455
v 385.660309 2.346703 -21.718021
v 385.571045 2.346703 -21.781418
v 357.039429 2.921964 -22.640793
v 357.039429 3.143815 -22.640793
v 357.037689 3.143815 -22.445456
v 357.037689 2.921964 -22.445456
v 357.014008 2.875301 -21.507210
v 357.030151 2.610609 -21.654251
v 357.149353 2.610609 -21.566793
v 356.894714 2.610609 -21.594717
v 356.878571 2.610609 -21.447659
v 356.997864 2.610609 -21.360199
v 357.133301 2.610609 -21.419748
v 357.026001 2.964624 -21.616047
v 357.114258 2.964624 -21.551342
v 356.925690 2.964624 -21.571894
v 356.913635 2.964624 -21.463072
v 357.001984 2.964624 -21.398396
v 357.102234 2.964624 -21.442528
v 357.014008 2.964624 -21.507210
v 399.810913 5.675273 14.142296
v 399.810913 5.897122 14.142296
v 399.801025 5.897122 13.947159
v 399.801025 5.675273 13.947159
v 399.858307 5.589612 10.571463
v 399.846313 5.155418 10.813524
v 399.642517 5.151495 10.682064
v 400.061920 5.159824 10.702969
v 400.073944 5.160307 10.460829
v 399.870331 5.156386 10.329321
v 399.654541 5.151978 10.440001
v 399.849274 5.735613 10.750584
v 399.698425 5.732708 10.653399
v 400.009064 5.738878 10.668644
v 400.018188 5.739235 10.489471
v 399.867371 5.736331 10.392282
v 399.707489 5.733069 10.474276
v 399.858307 5.735973 10.571463
v 457.531921 2.850585 -113.027000
v 457.531921 3.072434 -113.027000
v 457.706299 3.072434 -112.939018
v 457.706299 2.850585 -112.939018
v 458.537292 2.803921 -112.502800
v 458.412598 2.539230 -112.582329
v 458.543793 2.539229 -112.650604
v 458.406097 2.539230 -112.434547
v 458.530853 2.539229 -112.355034
v 458.662109 2.539229 -112.423347
v 458.668549 2.539229 -112.571114
v 458.445038 2.893245 -112.561699
v 458.542114 2.893245 -112.612328
v 458.440247 2.893245 -112.452217
v 458.532532 2.893245 -112.393318
v 458.629608 2.893245 -112.443939
v 458.634399 2.893245 -112.553436
v 458.537292 2.893245 -112.502800
v 443.768616 2.304038 -87.070328
v 443.768616 2.525889 -87.070328
v 443.928528 2.525889 -86.958138
v 443.928528 2.304038 -86.958138
v 444.688019 2.257375 -86.406769
v 444.576050 1.992683 -86.503403
v 444.715729 1.992683 -86.552063
v 444.548370 1.992683 -86.358109
v 444.660339 1.992683 -86.261444
v 444.800018 1.992683 -86.310120
v 444.827728 1.992683 -86.455444
v 444.605225 2.346699 -86.478340
v 444.708527 2.346699 -86.514412
v 444.584717 2.346699 -86.370682
v 444.667480 2.346699 -86.299072
v 444.770874 2.346699 -86.335197
v 444.791382 2.346699 -86.442856
v 444.688019 2.346699 -86.406769
v 538.703247 4.470632 -153.844116
v 538.703247 4.692482 -153.844116
v 538.840027 4.692482 -153.704636
v 538.840027 4.470633 -153.704636
v 540.686401 4.423967 -151.770401
v 540.593933 4.159276 -151.885880
v 540.740173 4.159276 -151.908249
v 540.540161 4.159276 -151.748047
v 540.632690 4.159276 -151.632614
v 540.778931 4.159276 -151.654984
v 540.832581 4.159276 -151.792816
v 540.617981 4.513291 -151.855881
v 540.726196 4.513291 -151.872559
v 540.578186 4.513291 -151.753754
v 540.646606 4.513293 -151.668335
v 540.754822 4.513293 -151.684967
v 540.794617 4.513293 -151.787064
v 540.686401 4.513293 -151.770401
v 499.940979 2.304033 -154.728424
v 499.940979 2.525884 -154.728424
v 499.940094 2.525884 -154.533081
v 499.940094 2.304033 -154.533081
v 499.920715 2.257370 -153.594757
v 499.936157 1.992678 -153.741852
v 500.055847 1.992678 -153.654922
v 499.801025 1.992678 -153.681686
v 499.785583 1.992678 -153.534576
v 499.905243 1.992678 -153.447662
v 500.040405 1.992678 -153.507843
v 499.932220 2.346693 -153.703644
v 500.020813 2.346693 -153.639343
v 499.832123 2.346693 -153.659027
v 499.820526 2.346693 -153.550186
v 499.909210 2.346693 -153.485886
v 500.009338 2.346693 -153.530472
v 499.920715 2.346693 -153.594757
v 474.381836 2.921955 -143.250763
v 474.381836 3.143805 -143.250763
v 474.526764 3.143805 -143.119812
v 474.526764 2.921955 -143.119812
v 475.212891 2.875292 -142.479446
v 475.113617 2.610600 -142.589081
v 475.258179 2.610600 -142.620209
v 475.068298 2.610600 -142.448257
v 475.167542 2.610600 -142.338593
v 475.312164 2.610600 -142.369781
v 475.357452 2.610600 -142.510605
v 475.139465 2.964615 -142.560623
v 475.246460 2.964615 -142.583740
v 475.105865 2.964615 -142.456299
v 475.179291 2.964615 -142.375076
v 475.286285 2.964615 -142.398239
v 475.319855 2.964615 -142.502548
v 475.212891 2.964615 -142.479446
v 613.145447 4.287894 -76.958832
v 613.145447 4.509744 -76.958832
v 612.950134 4.509744 -76.961800
v 612.950134 4.287894 -76.961800
v 612.012085 4.241477 -76.991402
v 612.158997 3.976545 -76.974365
v 612.070740 3.974597 -76.855621
v 612.100281 3.978737 -77.110123
v 611.953369 3.978978 -77.127159
v 611.865112 3.977026 -77.008446
v 611.923828 3.974838 -76.872696
v 612.120789 4.330621 -76.978729
v 612.055542 4.329179 -76.890793
v 612.077271 4.332246 -77.079330
v 611.968567 4.332423 -77.092018
v 611.903320 4.330978 -77.004120
v 611.946777 4.329358 -76.903481
v 612.012085 4.330800 -76.991402
v 586.359497 4.287894 -76.800056
v 586.359497 4.509743 -76.800056
v 586.361816 4.509744 -76.995377
v 586.361816 4.287894 -76.995377
v 586.388184 4.241477 -77.933533
v 586.371643 3.976545 -77.786575
v 586.252625 3.974597 -77.874352
v 586.507202 3.978737 -77.845749
v 586.523743 3.978978 -77.992744
v 586.404724 3.977026 -78.080566
v 586.269165 3.974838 -78.021362
v 586.375916 4.330620 -77.824768
v 586.287720 4.329179 -77.889687
v 586.476318 4.332245 -77.868607
v 586.488647 4.332423 -77.977409
v 586.400513 4.330978 -78.042328
v 586.300049 4.329358 -77.998528
v 586.388184 4.330800 -77.933533
v 562.890869 4.287893 -77.135086
v 562.890869 4.509742 -77.135086
v 562.893188 4.509743 -77.330406
v 562.893188 4.287893 -77.330406
v 562.919495 4.241476 -78.268600
v 562.903015 3.976545 -78.121590
v 562.783936 3.974597 -78.209381
v 563.038574 3.978736 -78.180801
v 563.055115 3.978978 -78.327759
v 562.936035 3.977025 -78.415588
v 562.800476 3.974837 -78.356415
v 562.907227 4.330620 -78.159790
v 562.819092 4.329178 -78.224716
v 563.007690 4.332245 -78.203674
v 563.019958 4.332423 -78.312439
v 562.931824 4.330978 -78.377357
v 562.831360 4.329357 -78.333557
v 562.919495 4.330800 -78.268600
v 612.809753 4.061103 -42.748512
v 612.809753 4.282953 -42.748512
v 612.614441 4.282953 -42.751526
v 612.614441 4.061103 -42.751526
v 611.676392 4.014664 -42.781136
v 611.823303 3.749754 -42.764091
v 611.735107 3.747981 -42.645340
v 611.764587 3.751738 -42.899841
v 611.617676 3.751955 -42.916878
v 611.529419 3.750189 -42.798172
v 611.588135 3.748200 -42.662376
v 611.785095 4.103824 -42.768456
v 611.719849 4.102513 -42.680519
v 611.741638 4.105294 -42.869057
v 611.632874 4.105457 -42.881737
v 611.567627 4.104149 -42.793823
v 611.611145 4.102674 -42.693207
v 611.676392 4.103987 -42.781136
v 611.883789 3.523230 -16.785118
v 611.883789 3.745081 -16.785118
v 611.688477 3.745082 -16.788124
v 611.688477 3.523231 -16.788124
v 610.750366 3.476869 -16.817696
v 610.897339 3.211882 -16.800652
v 610.809082 3.209489 -16.681946
v 610.838623 3.214572 -16.936409
v 610.691711 3.214866 -16.953491
v 610.603455 3.212473 -16.834732
v 610.662170 3.209784 -16.698982
v 610.859131 3.565973 -16.805046
v 610.793884 3.564201 -16.717125
v 610.815613 3.567966 -16.905624
v 610.706909 3.568185 -16.918343
v 610.641663 3.566412 -16.830376
v 610.685181 3.564420 -16.729805
v 610.750366 3.566193 -16.817696
v 611.915771 4.287901 13.837273
v 611.915771 4.509751 13.837273
v 611.720459 4.509751 13.834259
v 611.720459 4.287901 13.834259
v 610.782349 4.241484 13.804619
v 610.929321 3.976552 13.821655
v 610.841064 3.974604 13.940407
v 610.870605 3.978744 13.685905
v 610.723633 3.978985 13.668823
v 610.635437 3.977032 13.787575
v 610.694092 3.974845 13.923363
v 610.891113 4.330627 13.817299
v 610.825867 4.329186 13.905266
v 610.847595 4.332252 13.716728
v 610.738892 4.332430 13.704002
v 610.673584 4.330985 13.791931
v 610.717102 4.329365 13.892540
v 610.782349 4.330807 13.804619
v 585.129150 4.287901 13.995987
v 585.129150 4.509750 13.995987
v 585.131470 4.509751 13.800629
v 585.131470 4.287901 13.800629
v 585.157837 4.241484 12.862488
v 585.141296 3.976552 13.009476
v 585.022278 3.974604 12.921654
v 585.276855 3.978744 12.950310
v 585.293396 3.978985 12.803307
v 585.174377 3.977033 12.715523
v 585.038818 3.974845 12.774651
v 585.145569 4.330627 12.971245
v 585.057373 4.329186 12.906326
v 585.245972 4.332252 12.927399
v 585.258301 4.332430 12.818642
v 585.170166 4.330985 12.753723
v 585.069702 4.329365 12.797562
v 585.157837 4.330807 12.862488
v 561.660461 4.287900 13.660965
v 561.660461 4.509749 13.660965
v 561.662781 4.509750 13.465645
v 561.662781 4.287900 13.465645
v 561.689148 4.241483 12.527458
v 561.672607 3.976552 12.674454
v 561.553589 3.974604 12.586624
v 561.808167 3.978743 12.615280
v 561.824707 3.978985 12.468246
v 561.705688 3.977032 12.380493
v 561.570129 3.974844 12.439629
v 561.676880 4.330627 12.636215
v 561.588684 4.329185 12.571297
v 561.777283 4.332252 12.592377
v 561.789612 4.332430 12.483574
v 561.701477 4.330985 12.418663
v 561.601013 4.329364 12.462540
v 561.689148 4.330807 12.527458
v 562.604370 4.061103 -43.466843
v 562.604370 4.282953 -43.466843
v 562.409058 4.282953 -43.469849
v 562.409058 4.061103 -43.469849
v 561.470947 4.014664 -43.499458
v 561.617920 3.749754 -43.482407
v 561.529663 3.747981 -43.363663
v 561.559204 3.751738 -43.618164
v 561.412292 3.751955 -43.635212
v 561.324036 3.750189 -43.516495
v 561.382751 3.748200 -43.380707
v 561.579712 4.103824 -43.486771
v 561.514465 4.102513 -43.398842
v 561.536194 4.105294 -43.587387
v 561.427490 4.105456 -43.600075
v 561.362244 4.104149 -43.512138
v 561.405701 4.102674 -43.411522
v 561.470947 4.103987 -43.499458
v 561.678345 3.523230 -17.503441
v 561.678345 3.745080 -17.503441
v 561.483032 3.745080 -17.506454
v 561.483032 3.523231 -17.506454
v 560.544983 3.476869 -17.536018
v 560.691895 3.211882 -17.518974
v 560.603699 3.209488 -17.400269
v 560.633179 3.214571 -17.654732
v 560.486267 3.214864 -17.671814
v 560.398010 3.212471 -17.553062
v 560.456726 3.209784 -17.417313
v 560.653687 3.565973 -17.523376
v 560.588501 3.564200 -17.435448
v 560.610229 3.567965 -17.623947
v 560.501465 3.568184 -17.636665
v 560.436218 3.566411 -17.548706
v 560.479736 3.564420 -17.448135
v 560.544983 3.566192 -17.536018
v 263.183502 5.675273 14.142282
v 263.183502 5.897122 14.142282
v 263.173645 5.897122 13.947149
v 263.173645 5.675273 13.947149
v 263.230957 5.589613 10.571455
v 263.218964 5.155418 10.813522
v 263.015167 5.151495 10.682056
v 263.434570 5.159825 10.702961
v 263.446594 5.160307 10.460817
v 263.242981 5.156385 10.329317
v 263.027191 5.151978 10.439993
v 263.221924 5.735613 10.750572
v 263.071075 5.732708 10.653378
v 263.381714 5.738879 10.668631
v 263.390839 5.739235 10.489458
v 263.240021 5.736332 10.392267
v 263.080139 5.733069 10.474262
v 263.230957 5.735973 10.571455
v 202.480682 4.061108 26.124128
v 202.480682 4.282959 26.124128
v 202.480682 4.282959 26.319475
v 202.480682 4.061108 26.319475
v 202.465515 4.014668 27.257891
v 202.480316 3.749758 27.110710
v 202.600388 3.747986 27.197105
v 202.345459 3.751743 27.171495
v 202.330688 3.751959 27.318676
v 202.450745 3.750194 27.405067
v 202.585602 3.748205 27.344282
v 202.476547 4.103829 27.148968
v 202.565445 4.102518 27.212849
v 202.376617 4.105299 27.194010
v 202.365601 4.105462 27.302931
v 202.454498 4.104154 27.366812
v 202.554428 4.102680 27.321772
v 202.465515 4.103992 27.257891
v 230.995926 2.998987 26.809357
v 230.995926 3.220838 26.809357
v 230.995926 3.220838 27.004705
v 230.995926 2.998988 27.004705
v 230.980743 2.952627 27.943117
v 230.995544 2.687640 27.795940
v 231.115631 2.685246 27.882332
v 230.860703 2.690329 27.856726
v 230.845917 2.690623 28.003906
v 230.965988 2.688230 28.090300
v 231.100830 2.685541 28.029512
v 230.991791 3.041730 27.834198
v 231.080673 3.039958 27.898079
v 230.891861 3.043723 27.879236
v 230.880829 3.043942 27.988163
v 230.969727 3.042169 28.052044
v 231.069656 3.040177 28.007002
v 230.980743 3.041950 27.943117
v 259.509125 3.080028 26.315491
v 259.509125 3.301879 26.315491
v 259.509155 3.301879 26.510839
v 259.509155 3.080028 26.510839
v 259.493958 3.033611 27.449253
v 259.508728 2.768679 27.302074
v 259.628815 2.766732 27.388468
v 259.373901 2.770871 27.362862
v 259.359131 2.771112 27.510038
v 259.479187 2.769160 27.596432
v 259.614044 2.766972 27.535645
v 259.504974 3.122755 27.340334
v 259.593872 3.121313 27.404215
v 259.405060 3.124379 27.385372
v 259.394043 3.124558 27.494295
v 259.482941 3.123113 27.558176
v 259.582886 3.121492 27.513138
v 259.493958 3.122934 27.449253
v 325.110870 2.921965 -22.753036
v 325.110870 3.143814 -22.753036
v 325.109070 3.143814 -22.557667
v 325.109070 2.921964 -22.557667
v 325.085419 2.875300 -21.619452
v 325.101562 2.610609 -21.766485
v 325.220795 2.610609 -21.679010
v 324.966125 2.610609 -21.706936
v 324.949982 2.610609 -21.559895
v 325.069305 2.610609 -21.472424
v 325.204712 2.610609 -21.531990
v 325.097412 2.964623 -21.728283
v 325.185699 2.964623 -21.663561
v 324.997101 2.964623 -21.684135
v 324.985077 2.964623 -21.575321
v 325.073425 2.964623 -21.510635
v 325.173676 2.964623 -21.554747
v 325.085419 2.964623 -21.619452
v 201.291794 2.405506 -39.190777
v 201.021439 1.897694 -38.999245
v 201.221664 1.957859 -38.787861
v 200.796570 2.085745 -39.048847
v 200.771912 2.333960 -38.887058
v 200.972137 2.394124 -38.675671
v 201.197021 2.206072 -38.626076
v 201.398972 2.416851 -39.359673
v 201.460510 2.435280 -39.294750
v 201.329819 2.474681 -39.374920
v 201.322189 2.550941 -39.325260
v 201.383728 2.569369 -39.260342
v 201.452881 2.511539 -39.245087
v 201.391342 2.493111 -39.310005
v 201.662430 2.407882 -39.195415
v 202.008698 1.931621 -39.050804
v 202.199799 2.158917 -39.065426
v 201.794083 1.930845 -38.845062
v 201.770554 2.157370 -38.653938
v 201.961639 2.384666 -38.668560
v 202.176270 2.385439 -38.874302
v 201.560791 2.422606 -39.367447
v 201.619522 2.492398 -39.371986
v 201.494781 2.422368 -39.304173
v 201.487518 2.491922 -39.245445
v 201.546249 2.561713 -39.249985
v 201.612244 2.561952 -39.313255
v 201.553513 2.492159 -39.308716
v 182.775894 2.405506 -39.190777
v 182.505554 1.897694 -38.999245
v 182.705780 1.957859 -38.787861
v 182.280670 2.085745 -39.048847
v 182.256012 2.333960 -38.887058
v 182.456238 2.394124 -38.675671
v 182.681122 2.206072 -38.626076
v 182.883072 2.416851 -39.359673
v 182.944611 2.435280 -39.294750
v 182.813919 2.474681 -39.374920
v 182.806290 2.550941 -39.325260
v 182.867828 2.569369 -39.260342
v 182.936981 2.511539 -39.245087
v 182.875458 2.493111 -39.310005
v 183.146530 2.407882 -39.195415
v 183.492798 1.931621 -39.050804
v 183.683899 2.158917 -39.065426
v 183.278183 1.930845 -38.845062
v 183.254654 2.157370 -38.653938
v 183.445740 2.384666 -38.668560
v 183.660370 2.385439 -38.874302
v 183.044891 2.422606 -39.367447
v 183.103622 2.492398 -39.371986
v 182.978882 2.422368 -39.304173
v 182.971619 2.491922 -39.245445
v 183.030334 2.561713 -39.249985
v 183.096344 2.561952 -39.313255
v 183.037628 2.492159 -39.308716
v 213.909775 2.405506 -39.190777
v 213.639420 1.897694 -38.999245
v 213.839645 1.957859 -38.787861
v 213.414551 2.085745 -39.048847
v 213.389893 2.333960 -38.887058
v 213.590118 2.394124 -38.675671
v 213.815002 2.206072 -38.626076
v 214.016953 2.416851 -39.359673
v 214.078491 2.435280 -39.294750
v 213.947800 2.474681 -39.374920
v 213.940170 2.550941 -39.325260
v 214.001709 2.569369 -39.260342
v 214.070862 2.511539 -39.245087
v 214.009323 2.493111 -39.310005
v 214.280411 2.407882 -39.195415
v 214.626678 1.931621 -39.050804
v 214.817780 2.158917 -39.065426
v 214.412064 1.930845 -38.845062
v 214.388535 2.157370 -38.653938
v 214.579620 2.384666 -38.668560
v 214.794250 2.385439 -38.874302
v 214.178772 2.422606 -39.367447
v 214.237503 2.492398 -39.371986
v 214.112762 2.422368 -39.304173
v 214.105499 2.491922 -39.245445
v 214.164215 2.561713 -39.249985
v 214.230225 2.561952 -39.313255
v 214.171494 2.492159 -39.308716
v 173.998810 3.991182 -86.096481
v 173.998810 4.213031 -86.096474
v 173.998810 4.213030 -85.901123
v 173.998810 3.991181 -85.901123
v 173.983643 3.944520 -84.962715
v 173.998444 3.679826 -85.109886
v 174.118500 3.679806 -85.023499
v 173.863586 3.679837 -85.049103
v 173.848785 3.679837 -84.901924
v 173.968872 3.679830 -84.815529
v 174.103729 3.679810 -84.876320
v 173.994659 4.033842 -85.071632
v 174.083557 4.033828 -85.007751
v 173.894730 4.033851 -85.026588
v 173.883713 4.033852 -84.917671
v 173.972626 4.033846 -84.853783
v 174.072540 4.033830 -84.898827
v 173.983643 4.033843 -84.962715
v 198.848053 4.061100 -86.426163
v 198.848053 4.282950 -86.426163
v 198.848053 4.282950 -86.230820
v 198.848053 4.061100 -86.230820
v 198.832886 4.014659 -85.292404
v 198.847672 3.749750 -85.439583
v 198.967743 3.747977 -85.353188
v 198.712830 3.751734 -85.378799
v 198.698029 3.751951 -85.231613
v 198.818100 3.750185 -85.145226
v 198.952957 3.748197 -85.206009
v 198.843903 4.103820 -85.401321
v 198.932800 4.102509 -85.337440
v 198.743973 4.105290 -85.356285
v 198.732941 4.105454 -85.247360
v 198.821869 4.104145 -85.183479
v 198.921783 4.102672 -85.228523
v 198.832886 4.103982 -85.292404
v 214.482361 3.523225 -85.740929
v 214.482361 3.745075 -85.740929
v 214.482361 3.745075 -85.545586
v 214.482361 3.523226 -85.545586
v 214.467194 3.476865 -84.607170
v 214.481979 3.211878 -84.754349
v 214.602051 3.209484 -84.667961
v 214.347137 3.214566 -84.693565
v 214.332352 3.214861 -84.546379
v 214.452423 3.212468 -84.459991
v 214.587265 3.209779 -84.520775
v 214.478210 3.565968 -84.716095
v 214.567108 3.564195 -84.652206
v 214.378296 3.567960 -84.671051
v 214.367264 3.568179 -84.562134
v 214.456177 3.566406 -84.498245
v 214.556091 3.564415 -84.543289
v 214.467194 3.566188 -84.607170
v 244.506683 4.287892 -86.234795
v 244.506683 4.509743 -86.234795
v 244.506699 4.509743 -86.039452
v 244.506699 4.287893 -86.039452
v 244.491531 4.241477 -85.101036
v 244.506302 3.976545 -85.248215
v 244.626389 3.974597 -85.161819
v 244.371460 3.978737 -85.187431
v 244.356674 3.978978 -85.040245
v 244.476746 3.977026 -84.953850
v 244.611603 3.974838 -85.014641
v 244.502533 4.330620 -85.209953
v 244.591446 4.329179 -85.146072
v 244.402618 4.332245 -85.164917
v 244.391602 4.332423 -85.055992
v 244.480499 4.330978 -84.992119
v 244.580444 4.329357 -85.037148
v 244.491531 4.330800 -85.101036
v 245.049438 4.287894 -61.311218
v 245.049438 4.509744 -61.311218
v 244.854095 4.509744 -61.310528
v 244.854095 4.287894 -61.310528
v 243.915634 4.241478 -61.322422
v 244.062851 3.976547 -61.308163
v 243.976883 3.974599 -61.187786
v 244.001602 3.978739 -61.442795
v 243.854370 3.978980 -61.457069
v 243.768402 3.977026 -61.336693
v 243.829651 3.974839 -61.202049
v 244.024582 4.330621 -61.311806
v 243.961014 4.329180 -61.222664
v 243.979202 4.332246 -61.411560
v 243.870239 4.332424 -61.422203
v 243.806671 4.330979 -61.333069
v 243.852051 4.329358 -61.233295
v 243.915634 4.330801 -61.322422
v 245.049438 4.287896 -39.562428
v 245.049438 4.509745 -39.562428
v 244.854095 4.509746 -39.561741
v 244.854095 4.287896 -39.561741
v 243.915619 4.241479 -39.573643
v 244.062851 3.976547 -39.559380
v 243.976883 3.974600 -39.438999
v 244.001587 3.978739 -39.694012
v 243.854370 3.978980 -39.708282
v 243.768387 3.977028 -39.587906
v 243.829651 3.974840 -39.453266
v 244.024582 4.330623 -39.563019
v 243.960999 4.329181 -39.473877
v 243.979187 4.332247 -39.662773
v 243.870239 4.332426 -39.673416
v 243.806656 4.330981 -39.584286
v 243.852051 4.329360 -39.484509
v 243.915619 4.330802 -39.573643
v 174.235931 4.287894 -61.386517
v 174.235931 4.509744 -61.386517
v 174.428009 4.509744 -61.350887
v 174.428009 4.287894 -61.350887
v 175.347900 4.241478 -61.164742
v 175.205887 3.976547 -61.206123
v 175.312744 3.974599 -61.308422
v 175.241058 3.978739 -61.062454
v 175.383057 3.978980 -61.021057
v 175.489914 3.977026 -61.123356
v 175.454742 3.974839 -61.267044
v 175.242813 4.330621 -61.195435
v 175.321854 4.329180 -61.271206
v 175.268890 4.332246 -61.088978
v 175.373962 4.332424 -61.058270
v 175.452988 4.330979 -61.134026
v 175.426941 4.329358 -61.240501
v 175.347900 4.330801 -61.164742
v 174.233566 4.287896 -39.604221
v 174.233566 4.509746 -39.604221
v 174.427948 4.509746 -39.584793
v 174.427948 4.287896 -39.584793
v 175.360199 4.241479 -39.476315
v 175.215240 3.976548 -39.505661
v 175.313141 3.974600 -39.616550
v 175.262299 3.978740 -39.365440
v 175.407288 3.978980 -39.336079
v 175.505188 3.977028 -39.446968
v 175.458130 3.974840 -39.587196
v 175.252930 4.330623 -39.498100
v 175.325348 4.329181 -39.580227
v 175.287811 4.332247 -39.394203
v 175.395096 4.332426 -39.372398
v 175.467499 4.330981 -39.454506
v 175.432617 4.329360 -39.558426
v 175.360199 4.330803 -39.476315
v 278.718109 4.061100 -86.426163
v 278.718109 4.282950 -86.426163
v 278.718109 4.282950 -86.230820
v 278.718109 4.061100 -86.230820
v 278.702942 4.014659 -85.292404
v 278.717712 3.749750 -85.439583
v 278.837799 3.747977 -85.353188
v 278.582855 3.751734 -85.378799
v 278.568085 3.751951 -85.231613
v 278.688141 3.750185 -85.145226
v 278.822998 3.748197 -85.206009
v 278.713959 4.103820 -85.401321
v 278.802856 4.102509 -85.337440
v 278.614014 4.105290 -85.356285
v 278.602997 4.105454 -85.247360
v 278.691895 4.104145 -85.183479
v 278.791840 4.102672 -85.228523
v 278.702942 4.103982 -85.292404
v 294.352386 3.523225 -85.740929
v 294.352386 3.745075 -85.740929
v 294.352386 3.745075 -85.545586
v 294.352386 3.523226 -85.545586
v 294.337250 3.476865 -84.607170
v 294.352051 3.211878 -84.754349
v 294.472107 3.209484 -84.667961
v 294.217194 3.214566 -84.693565
v 294.202393 3.214861 -84.546379
v 294.322479 3.212468 -84.459991
v 294.457306 3.209779 -84.520775
v 294.348267 3.565968 -84.716095
v 294.437164 3.564195 -84.652206
v 294.248352 3.567960 -84.671051
v 294.237305 3.568179 -84.562134
v 294.326233 3.566406 -84.498245
v 294.426147 3.564415 -84.543289
v 294.337250 3.566188 -84.607170
v 324.376740 4.287892 -86.234795
v 324.376740 4.509743 -86.234795
v 324.376770 4.509743 -86.039452
v 324.376770 4.287893 -86.039452
v 324.361572 4.241477 -85.101036
v 324.376373 3.976545 -85.248215
v 324.496429 3.974597 -85.161819
v 324.241516 3.978737 -85.187431
v 324.226715 3.978978 -85.040245
v 324.346802 3.977026 -84.953850
v 324.481659 3.974838 -85.014641
v 324.372589 4.330620 -85.209953
v 324.461517 4.329179 -85.146072
v 324.272675 4.332245 -85.164917
v 324.261658 4.332423 -85.055992
v 324.350555 4.330978 -84.992119
v 324.450500 4.329357 -85.037148
v 324.361572 4.330800 -85.101036
v 324.919495 4.287894 -61.311218
v 324.919495 4.509744 -61.311218
v 324.724152 4.509744 -61.310528
v 324.724152 4.287894 -61.310528
v 323.785675 4.241478 -61.322422
v 323.932922 3.976547 -61.308163
v 323.846924 3.974599 -61.187786
v 323.871643 3.978739 -61.442795
v 323.724426 3.978980 -61.457069
v 323.638458 3.977026 -61.336693
v 323.699707 3.974839 -61.202049
v 323.894653 4.330621 -61.311806
v 323.831055 4.329180 -61.222664
v 323.849243 4.332246 -61.411560
v 323.740295 4.332424 -61.422203
v 323.676727 4.330979 -61.333069
v 323.722107 4.329358 -61.233295
v 323.785675 4.330801 -61.322422
v 324.919495 4.287896 -39.562428
v 324.919495 4.509745 -39.562428
v 324.724152 4.509746 -39.561741
v 324.724152 4.287896 -39.561741
v 323.785675 4.241479 -39.573643
v 323.932892 3.976547 -39.559380
v 323.846924 3.974600 -39.438999
v 323.871643 3.978739 -39.694012
v 323.724426 3.978980 -39.708282
v 323.638458 3.977028 -39.587906
v 323.699707 3.974840 -39.453266
v 323.894623 4.330623 -39.563019
v 323.831055 4.329181 -39.473877
v 323.849243 4.332247 -39.662773
v 323.740295 4.332426 -39.673416
v 323.676697 4.330981 -39.584286
v 323.722107 4.329360 -39.484509
v 323.785675 4.330802 -39.573643
v 278.718109 4.061103 -39.794621
v 278.718109 4.282954 -39.794621
v 278.718109 4.282954 -39.599277
v 278.718109 4.061103 -39.599277
v 278.702942 4.014664 -38.660862
v 278.717712 3.749753 -38.808041
v 278.837799 3.747981 -38.721645
v 278.582855 3.751738 -38.747257
v 278.568085 3.751955 -38.600079
v 278.688141 3.750189 -38.513687
v 278.822998 3.748200 -38.574471
v 278.713959 4.103825 -38.769783
v 278.802856 4.102513 -38.705906
v 278.614014 4.105294 -38.724743
v 278.602997 4.105457 -38.615822
v 278.691895 4.104149 -38.551941
v 278.791840 4.102675 -38.596981
v 278.702942 4.103987 -38.660866
v 294.352386 3.523228 -39.109390
v 294.352386 3.745078 -39.109390
v 294.352386 3.745079 -38.914047
v 294.352386 3.523229 -38.914047
v 294.337250 3.476867 -37.975628
v 294.352051 3.211880 -38.122807
v 294.472107 3.209486 -38.036415
v 294.217194 3.214570 -38.062019
v 294.202393 3.214864 -37.914841
v 294.322479 3.212470 -37.828449
v 294.457306 3.209782 -37.889236
v 294.348267 3.565971 -38.084549
v 294.437164 3.564198 -38.020668
v 294.248352 3.567963 -38.039505
v 294.237305 3.568182 -37.930588
v 294.326233 3.566410 -37.866707
v 294.426147 3.564418 -37.911747
v 294.337250 3.566191 -37.975628
v 62.231636 5.988515 -8.653213
v 62.231636 6.210367 -8.653213
v 62.231636 6.210367 -8.848560
v 62.231636 5.988515 -8.848560
v 62.246803 5.941852 -9.786975
v 62.232002 5.677161 -9.639796
v 62.111931 5.677161 -9.726191
v 62.366859 5.677161 -9.700582
v 62.381645 5.677161 -9.847759
v 62.261581 5.677161 -9.934154
v 62.126724 5.677161 -9.873368
v 62.235786 6.031175 -9.678054
v 62.146881 6.031175 -9.741937
v 62.335709 6.031175 -9.723094
v 62.346725 6.031175 -9.832015
v 62.257812 6.031175 -9.895899
v 62.157890 6.031175 -9.850859
v 62.246803 6.031175 -9.786975
v 52.705406 5.606678 -8.791569
v 52.705406 5.828527 -8.791569
v 52.705406 5.828527 -8.986917
v 52.705406 5.606678 -8.986917
v 52.720566 5.560014 -9.925331
v 52.705772 5.295322 -9.778152
v 52.585709 5.295322 -9.864547
v 52.840630 5.295322 -9.838938
v 52.855408 5.295322 -9.986115
v 52.735344 5.295322 -10.072510
v 52.600494 5.295322 -10.011724
v 52.709557 5.649336 -9.816410
v 52.620651 5.649336 -9.880291
v 52.809479 5.649336 -9.861450
v 52.820488 5.649336 -9.970371
v 52.731583 5.649336 -10.034255
v 52.631660 5.649336 -9.989215
v 52.720573 5.649336 -9.925331
v 173.186646 3.944528 27.587578
v 173.201431 3.679835 27.440403
v 173.321503 3.679815 27.526794
v 173.066589 3.679845 27.501186
v 173.051804 3.679846 27.648365
v 173.171875 3.679838 27.734756
v 173.306717 3.679818 27.673973
v 173.197662 4.033850 27.478661
v 173.286560 4.033835 27.542542
v 173.097733 4.033859 27.523701
v 173.086716 4.033861 27.632622
v 173.175613 4.033854 27.696503
v 173.275558 4.033838 27.651463
v 173.186646 4.033851 27.587582
v 81.221321 4.301667 34.513969
v 81.221321 4.523519 34.513969
v 81.221321 4.523519 34.709320
v 81.221321 4.301667 34.709320
v 81.206146 4.255005 35.647732
v 81.220947 3.990313 35.500553
v 81.341011 3.990313 35.586945
v 81.086098 3.990313 35.561340
v 81.071312 3.990313 35.708519
v 81.191376 3.990313 35.794914
v 81.326225 3.990313 35.734127
v 81.217155 4.344328 35.538811
v 81.306068 4.344328 35.602692
v 81.117249 4.344328 35.583851
v 81.106224 4.344328 35.692772
v 81.195137 4.344328 35.756653
v 81.295059 4.344328 35.711617
v 81.206146 4.344328 35.647732
v 109.736542 3.755119 26.809361
v 109.736542 3.976970 26.809361
v 109.736542 3.976970 27.004711
v 109.736542 3.755119 27.004711
v 109.721390 3.708456 27.943123
v 109.736183 3.443764 27.795944
v 109.856247 3.443764 27.882336
v 109.601318 3.443764 27.856731
v 109.586533 3.443764 28.003906
v 109.706612 3.443764 28.090302
v 109.841461 3.443764 28.029518
v 109.732391 3.797779 27.834202
v 109.821304 3.797779 27.898083
v 109.632477 3.797779 27.879242
v 109.621460 3.797779 27.988163
v 109.710373 3.797779 28.052044
v 109.810295 3.797779 28.007008
v 109.721390 3.797779 27.943123
v 138.249756 4.373040 26.315495
v 138.249756 4.594891 26.315495
v 138.249756 4.594891 26.510838
v 138.249756 4.373040 26.510838
v 138.234589 4.326377 27.449253
v 138.249390 4.061685 27.302078
v 138.369461 4.061685 27.388470
v 138.114532 4.061685 27.362862
v 138.099762 4.061685 27.510040
v 138.219818 4.061685 27.596432
v 138.354675 4.061685 27.535648
v 138.245605 4.415700 27.340332
v 138.334518 4.415700 27.404217
v 138.145676 4.415700 27.385372
v 138.134674 4.415700 27.494297
v 138.223572 4.415700 27.558178
v 138.323502 4.415700 27.513134
v 138.234589 4.415700 27.449253
v 154.137177 5.606678 -8.791573
v 154.137177 5.828527 -8.791573
v 154.137177 5.828527 -8.986919
v 154.137177 5.606678 -8.986919
v 154.152344 5.560014 -9.925334
v 154.137558 5.295322 -9.778156
v 154.017471 5.295322 -9.864550
v 154.272385 5.295322 -9.838941
v 154.287170 5.295322 -9.986119
v 154.167114 5.295322 -10.072513
v 154.032257 5.295322 -10.011727
v 154.141312 5.649336 -9.816413
v 154.052414 5.649336 -9.880294
v 154.241241 5.649336 -9.861453
v 154.252258 5.649336 -9.970374
v 154.163361 5.649336 -10.034258
v 154.063431 5.649336 -9.989218
v 154.152344 5.649336 -9.925334
v 132.458984 5.917142 -8.461868
v 132.458984 6.138994 -8.461866
v 132.458984 6.138994 -8.657215
v 132.458984 5.917142 -8.657215
v 132.474136 5.870479 -9.595631
v 132.459351 5.605788 -9.448450
v 132.339279 5.605787 -9.534843
v 132.594208 5.605787 -9.509237
v 132.608978 5.605787 -9.656415
v 132.488907 5.605787 -9.742809
v 132.354065 5.605787 -9.682024
v 132.463120 5.959802 -9.486710
v 132.374222 5.959802 -9.550591
v 132.563049 5.959802 -9.531750
v 132.574066 5.959802 -9.640671
v 132.485153 5.959802 -9.704552
v 132.385223 5.959802 -9.659512
v 132.474136 5.959802 -9.595631
v 97.108719 5.370595 -8.698127
v 97.108719 5.592445 -8.698127
v 97.108734 5.592445 -8.893475
v 97.108734 5.370595 -8.893475
v 97.123894 5.323931 -9.831892
v 97.109108 5.059239 -9.684711
v 96.989029 5.059239 -9.771105
v 97.243958 5.059239 -9.745496
v 97.258743 5.059239 -9.892676
v 97.138680 5.059239 -9.979070
v 97.003815 5.059239 -9.918283
v 97.112885 5.413254 -9.722968
v 97.023972 5.413254 -9.786851
v 97.212799 5.413254 -9.768008
v 97.223816 5.413254 -9.876932
v 97.134918 5.413254 -9.940813
v 97.034988 5.413254 -9.895773
v 97.123894 5.413254 -9.831892
v 172.932770 5.606678 -8.791573
v 172.932770 5.828527 -8.791573
v 172.932770 5.828527 -8.986919
v 172.932770 5.606678 -8.986919
v 172.947952 5.560014 -9.925337
v 172.933151 5.295322 -9.778158
v 172.813080 5.297511 -9.864550
v 173.067993 5.295322 -9.838943
v 173.082764 5.295322 -9.986121
v 172.962723 5.295322 -10.072515
v 172.827850 5.295322 -10.011730
v 172.936920 5.649336 -9.816416
v 172.848007 5.649336 -9.880297
v 173.036865 5.649336 -9.861456
v 173.047867 5.649336 -9.970377
v 172.958969 5.649336 -10.034261
v 172.859055 5.649336 -9.989221
v 172.947968 5.649336 -9.925337
v 158.135544 4.287896 -39.992214
v 158.135544 4.509746 -39.992214
v 158.138062 4.509746 -39.796879
v 158.138062 4.287896 -39.796879
v 158.134918 4.241478 -38.858337
v 158.147812 3.976547 -39.005688
v 158.268982 3.974600 -38.920837
v 158.013763 3.978739 -38.943176
v 158.000854 3.978980 -38.795815
v 158.122025 3.977028 -38.710976
v 158.256088 3.974840 -38.773491
v 158.144516 4.330623 -38.967384
v 158.234253 4.329181 -38.904640
v 158.045197 4.332247 -38.921066
v 158.035583 4.332426 -38.812008
v 158.125290 4.330981 -38.749268
v 158.224640 4.329360 -38.795593
v 158.134918 4.330802 -38.858337
v -67.837784 3.991202 26.453831
v -67.837784 4.213053 26.453831
v -67.837784 4.213053 26.649181
v -67.837784 3.991202 26.649181
v -67.852959 3.944538 27.587593
v -67.838165 3.679847 27.440414
v -67.718086 3.679847 27.526810
v -67.973007 3.679847 27.501202
v -67.987801 3.679847 27.648380
v -67.867729 3.679847 27.734772
v -67.732872 3.679847 27.673988
v -67.841942 4.033862 27.478672
v -67.753036 4.033862 27.542557
v -67.941864 4.033862 27.523712
v -67.952881 4.033862 27.632633
v -67.863976 4.033862 27.696514
v -67.764046 4.033862 27.651478
v -67.852959 4.033862 27.587593
v -38.558922 4.301667 26.124138
v -38.558922 4.523518 26.124138
v -38.558922 4.523518 26.319489
v -38.558922 4.301667 26.319489
v -38.574081 4.255004 27.257900
v -38.559296 3.990312 27.110722
v -38.439217 3.990312 27.197113
v -38.694145 3.990312 27.171509
v -38.708931 3.990312 27.318687
v -38.588852 3.990312 27.405083
v -38.454002 3.990312 27.344296
v -38.563072 4.344327 27.148983
v -38.474167 4.344327 27.212864
v -38.662994 4.344327 27.194019
v -38.674011 4.344328 27.302940
v -38.585106 4.344328 27.366821
v -38.485184 4.344328 27.321785
v -38.574089 4.344328 27.257900
v -10.043682 3.755119 26.809364
v -10.043682 3.976970 26.809364
v -10.043682 3.976970 27.004715
v -10.043682 3.755119 27.004715
v -10.058853 3.708456 27.943130
v -10.044056 3.443764 27.795948
v -9.923981 3.443764 27.882343
v -10.178905 3.443764 27.856735
v -10.193691 3.443764 28.003918
v -10.073627 3.443764 28.090309
v -9.938778 3.443764 28.029522
v -10.047844 3.797779 27.834209
v -9.958931 3.797779 27.898090
v -10.147755 3.797779 27.879250
v -10.158779 3.797779 27.988171
v -10.069866 3.797779 28.052052
v -9.969944 3.797779 28.007011
v -10.058853 3.797779 27.943130
v 18.469524 4.373041 26.315502
v 18.469524 4.594891 26.315502
v 18.469524 4.594891 26.510849
v 18.469524 4.373040 26.510849
v 18.454353 4.326377 27.449265
v 18.469162 4.061685 27.302086
v 18.589226 4.061685 27.388477
v 18.334301 4.061685 27.362869
v 18.319515 4.061685 27.510048
v 18.439579 4.061685 27.596439
v 18.574440 4.061685 27.535660
v 18.465376 4.415700 27.340343
v 18.554276 4.415700 27.404224
v 18.365452 4.415700 27.385384
v 18.354429 4.415700 27.494305
v 18.443340 4.415700 27.558186
v 18.543262 4.415700 27.513145
v 18.454353 4.415700 27.449265
v 24.192194 5.917143 -8.461865
v 24.192194 6.138994 -8.461863
v 24.192194 6.138994 -8.657213
v 24.192194 5.917143 -8.657213
v 24.207354 5.870479 -9.595628
v 24.192568 5.605789 -9.448446
v 24.072491 5.605788 -9.534841
v 24.327417 5.605788 -9.509233
v 24.342203 5.605788 -9.656412
v 24.222137 5.605788 -9.742805
v 24.087276 5.605788 -9.682021
v 24.196342 5.959803 -9.486706
v 24.107443 5.959803 -9.550587
v 24.296265 5.959803 -9.531747
v 24.307289 5.959803 -9.640668
v 24.218376 5.959803 -9.704549
v 24.118454 5.959803 -9.659509
v 24.207367 5.959803 -9.595628
v -8.631313 5.370595 -8.698120
v -8.631313 5.592445 -8.698120
v -8.631313 5.592445 -8.893467
v -8.631313 5.370595 -8.893467
v -8.616154 5.323931 -9.831884
v -8.630951 5.059239 -9.684704
v -8.751019 5.059239 -9.771097
v -8.496090 5.059239 -9.745489
v -8.481304 5.059239 -9.892670
v -8.601383 5.059239 -9.979063
v -8.736233 5.059239 -9.918276
v -8.627167 5.413254 -9.722961
v -8.716076 5.413254 -9.786844
v -8.527245 5.413254 -9.768002
v -8.516232 5.413254 -9.876925
v -8.605129 5.413254 -9.940805
v -8.705055 5.413254 -9.895765
v -8.616154 5.413254 -9.831884
v -32.836250 5.988515 -8.653208
v -32.836250 6.210367 -8.653208
v -32.836250 6.210367 -8.848555
v -32.836250 5.988515 -8.848555
v -32.821075 5.941852 -9.786970
v -32.835876 5.677161 -9.639791
v -32.955940 5.677161 -9.726185
v -32.701027 5.677161 -9.700577
v -32.686226 5.677161 -9.847754
v -32.806305 5.677161 -9.934148
v -32.941154 5.677161 -9.873363
v -32.832092 6.031175 -9.678049
v -32.920998 6.031175 -9.741932
v -32.732170 6.031175 -9.723089
v -32.721153 6.031175 -9.832010
v -32.810066 6.031175 -9.895893
v -32.909988 6.031175 -9.850853
v -32.821075 6.031175 -9.786970
v -67.303726 5.988515 -8.653204
v -67.303726 6.210367 -8.653204
v -67.303734 6.210367 -8.848551
v -67.303734 5.988515 -8.848551
v -67.288551 5.941852 -9.786968
v -67.303352 5.677161 -9.639788
v -67.423424 5.677161 -9.726181
v -67.168503 5.677161 -9.700573
v -67.153725 5.677161 -9.847753
v -67.273781 5.677161 -9.934147
v -67.408638 5.677161 -9.873360
v -67.299576 6.031175 -9.678047
v -67.388489 6.031175 -9.741928
v -67.199646 6.031175 -9.723087
v -67.188629 6.031175 -9.832008
v -67.277542 6.031175 -9.895889
v -67.377464 6.031175 -9.850849
v -67.288551 6.031175 -9.786968
v -52.329964 2.838313 -23.934006
v -52.329964 3.060164 -23.934006
v -52.329948 3.060164 -24.129356
v -52.329948 2.838313 -24.129356
v -52.314774 2.791650 -25.067772
v -52.329597 2.526958 -24.920589
v -52.449646 2.526958 -25.006981
v -52.194740 2.526958 -24.981377
v -52.179932 2.526958 -25.128555
v -52.300003 2.526958 -25.214947
v -52.434860 2.526958 -25.154163
v -52.325798 2.880973 -24.958847
v -52.414711 2.880973 -25.022732
v -52.225876 2.880973 -25.003887
v -52.214859 2.880973 -25.112812
v -52.303757 2.880973 -25.176689
v -52.403679 2.880973 -25.131649
v -52.314774 2.880973 -25.067772
v -68.238998 3.991187 -24.069912
v -68.238998 4.213038 -24.069912
v -68.238998 4.213038 -24.265270
v -68.238998 3.991187 -24.265270
v -68.223846 3.944523 -25.203678
v -68.238625 3.679832 -25.056503
v -68.358719 3.679832 -25.142891
v -68.103783 3.679832 -25.117287
v -68.089005 3.679832 -25.264462
v -68.209061 3.679832 -25.350864
v -68.343918 3.679832 -25.290073
v -68.234856 4.033847 -25.094753
v -68.323761 4.033847 -25.158642
v -68.134933 4.033847 -25.139797
v -68.123917 4.033847 -25.248722
v -68.212814 4.033847 -25.312599
v -68.312744 4.033847 -25.267563
v -68.223839 4.033847 -25.203682
v 173.201706 3.991190 26.453125
v 173.201706 4.213041 26.453125
v 173.201782 4.213041 26.648438
v 173.201782 3.991190 26.648438
vn 1.0000 -0.0000 -0.0000
vn 0.9451 -0.0000 -0.3268
vn -0.2583 -0.4357 0.8622
vn 0.6175 -0.4356 0.6550
vn 0.8760 -0.4356 -0.2072
vn 0.2578 -0.4357 -0.8624
vn -0.6179 -0.4356 -0.6546
vn -0.8759 -0.4356 0.2072
vn 0.2855 0.0935 -0.9538
vn 0.2847 0.0933 -0.9541
vn 0.2844 0.0933 -0.9542
vn 0.2857 0.0935 -0.9537
vn -0.6830 0.0938 -0.7244
vn -0.6832 0.0938 -0.7242
vn -0.6833 0.0938 -0.7241
vn -0.9689 0.0935 0.2292
vn -0.9690 0.0936 0.2288
vn -0.9690 0.0937 0.2286
vn -0.9689 0.0935 0.2293
vn -0.2852 0.0934 0.9539
vn -0.2851 0.0934 0.9539
vn 0.6832 0.0939 0.7241
vn 0.6833 0.0939 0.7241
vn 0.6832 0.0939 0.7242
vn 0.9690 0.0933 -0.2289
vn 0.9691 0.0936 -0.2280
vn 0.9692 0.0937 -0.2276
vn 0.9689 0.0932 -0.2292
vn 0.0001 1.0000 -0.0000
vn 0.9452 -0.0000 -0.3265
vn -0.2636 -0.4341 0.8614
vn 0.6133 -0.4366 0.6582
vn 0.8750 -0.4379 -0.2063
vn 0.2528 -0.4373 -0.8631
vn -0.6223 -0.4346 -0.6510
vn -0.8768 -0.4333 0.2085
vn 0.2865 0.0934 -0.9535
vn 0.2860 0.0933 -0.9537
vn 0.2857 0.0933 -0.9538
vn 0.2867 0.0934 -0.9535
vn -0.6824 0.0937 -0.7249
vn -0.6821 0.0938 -0.7252
vn -0.6820 0.0938 -0.7253
vn -0.6825 0.0937 -0.7248
vn -0.9689 0.0936 0.2291
vn -0.9689 0.0935 0.2291
vn -0.9689 0.0934 0.2291
vn -0.2842 0.0936 0.9542
vn -0.2842 0.0934 0.9542
vn 0.6841 0.0937 0.7233
vn 0.6840 0.0937 0.7234
vn 0.6840 0.0937 0.7235
vn 0.6842 0.0937 0.7233
vn 0.9688 0.0933 -0.2297
vn 0.9688 0.0935 -0.2295
vn 0.9688 0.0936 -0.2294
vn 0.9688 0.0932 -0.2297
vn 0.0139 0.9999 -0.0048
vn 0.0140 0.9999 -0.0048
vn -0.2650 -0.4336 0.8613
vn 0.6111 -0.4370 0.6600
vn 0.8745 -0.4388 -0.2067
vn 0.2509 -0.4378 -0.8634
vn -0.6235 -0.4344 -0.6500
vn -0.8773 -0.4321 0.2087
vn 0.2870 0.0935 -0.9534
vn 0.2870 0.0934 -0.9534
vn 0.2869 0.0933 -0.9534
vn -0.6818 0.0939 -0.7255
vn -0.6819 0.0938 -0.7254
vn -0.6817 0.0939 -0.7256
vn -0.9688 0.0935 0.2296
vn -0.9689 0.0939 0.2288
vn -0.9690 0.0940 0.2285
vn -0.9687 0.0934 0.2299
vn -0.2839 0.0936 0.9543
vn -0.2839 0.0934 0.9543
vn -0.2840 0.0934 0.9543
vn 0.6845 0.0937 0.7230
vn 0.6848 0.0936 0.7227
vn 0.6849 0.0935 0.7226
vn 0.6844 0.0938 0.7231
vn 0.9689 0.0934 -0.2292
vn 0.9689 0.0935 -0.2289
vn 0.9688 0.0932 -0.2299
vn 0.0188 0.9998 -0.0065
vn 0.0189 0.9998 -0.0065
vn 0.9452 -0.0000 -0.3264
vn -0.2638 -0.4339 0.8615
vn 0.6123 -0.4369 0.6590
vn 0.8748 -0.4383 -0.2065
vn 0.2521 -0.4373 -0.8632
vn -0.6225 -0.4347 -0.6508
vn -0.8771 -0.4328 0.2082
vn 0.2869 0.0934 -0.9534
vn 0.2863 0.0933 -0.9536
vn 0.2860 0.0932 -0.9537
vn 0.2872 0.0935 -0.9533
vn -0.6823 0.0937 -0.7251
vn -0.6822 0.0938 -0.7251
vn -0.6823 0.0937 -0.7250
vn -0.9688 0.0935 0.2293
vn -0.9689 0.0936 0.2292
vn -0.9688 0.0935 0.2294
vn -0.2841 0.0935 0.9542
vn -0.2837 0.0934 0.9543
vn 0.6843 0.0936 0.7232
vn 0.6839 0.0937 0.7235
vn 0.6838 0.0937 0.7236
vn 0.6844 0.0936 0.7231
vn 0.9689 0.0933 -0.2294
vn 0.9688 0.0933 -0.2294
vn 0.9688 0.0934 -0.2294
vn 0.0153 0.9999 -0.0053
vn 0.0154 0.9999 -0.0053
vn -0.2582 -0.4356 0.8623
vn 0.6174 -0.4357 0.6550
vn 0.8758 -0.4356 -0.2080
vn 0.2584 -0.4356 -0.8623
vn -0.6175 -0.4357 -0.6549
vn -0.8759 -0.4357 0.2073
vn 0.2857 0.0934 -0.9537
vn -0.6829 0.0939 -0.7244
vn -0.6828 0.0940 -0.7246
vn -0.6827 0.0941 -0.7246
vn -0.6830 0.0939 -0.7244
vn -0.9688 0.0933 0.2297
vn -0.9689 0.0936 0.2290
vn -0.9690 0.0937 0.2287
vn -0.9687 0.0932 0.2300
vn -0.2857 0.0935 0.9537
vn -0.2851 0.0933 0.9540
vn -0.2848 0.0932 0.9541
vn -0.2859 0.0936 0.9537
vn 0.6830 0.0935 0.7244
vn 0.6832 0.0934 0.7242
vn 0.6833 0.0934 0.7242
vn 0.6830 0.0936 0.7244
vn 0.9688 0.0934 -0.2296
vn 0.9688 0.0937 -0.2293
vn -0.0000 1.0000 -0.0000
vn -0.2584 -0.4356 0.8623
vn 0.6175 -0.4355 0.6549
vn 0.8759 -0.4357 -0.2073
vn 0.2582 -0.4356 -0.8623
vn -0.6175 -0.4355 -0.6549
vn -0.8757 -0.4357 0.2080
vn 0.2856 0.0935 -0.9538
vn 0.2852 0.0933 -0.9539
vn 0.2851 0.0932 -0.9540
vn 0.2857 0.0936 -0.9537
vn -0.6829 0.0935 -0.7245
vn -0.6828 0.0936 -0.7246
vn -0.6827 0.0937 -0.7247
vn -0.6830 0.0935 -0.7244
vn -0.9689 0.0933 0.2292
vn -0.9690 0.0933 0.2288
vn -0.9690 0.0933 0.2287
vn -0.9689 0.0933 0.2293
vn -0.2853 0.0935 0.9539
vn -0.2849 0.0933 0.9540
vn -0.2854 0.0936 0.9538
vn 0.6830 0.0938 0.7244
vn 0.6830 0.0938 0.7243
vn 0.6831 0.0938 0.7243
vn 0.9688 0.0934 -0.2298
vn 0.9689 0.0937 -0.2290
vn 0.9690 0.0938 -0.2286
vn 0.9687 0.0933 -0.2301
vn 0.9451 -0.0000 -0.3267
vn 0.6178 -0.4357 0.6545
vn 0.2583 -0.4357 -0.8622
vn -0.6174 -0.4356 -0.6550
vn -0.8759 -0.4355 0.2080
vn 0.2857 0.0935 -0.9538
vn 0.2848 0.0934 -0.9540
vn 0.2860 0.0936 -0.9537
vn -0.6834 0.0938 -0.7240
vn -0.6834 0.0937 -0.7240
vn -0.9688 0.0936 0.2294
vn -0.9688 0.0934 0.2296
vn -0.9688 0.0936 0.2293
vn -0.2856 0.0935 0.9538
vn 0.6829 0.0939 0.7245
vn 0.6831 0.0938 0.7242
vn 0.6833 0.0938 0.7241
vn 0.6828 0.0939 0.7245
vn 0.9689 0.0936 -0.2290
vn 0.9690 0.0937 -0.2287
vn 0.9687 0.0932 -0.2300
vn -0.2580 -0.4357 0.8624
vn 0.8757 -0.4357 -0.2080
vn 0.2585 -0.4355 -0.8622
vn -0.6174 -0.4357 -0.6550
vn -0.8760 -0.4356 0.2072
vn 0.2854 0.0935 -0.9538
vn 0.2852 0.0935 -0.9539
vn 0.2851 0.0934 -0.9539
vn 0.2854 0.0936 -0.9538
vn -0.6830 0.0937 -0.7244
vn -0.9688 0.0931 0.2296
vn -0.9691 0.0934 0.2282
vn -0.9692 0.0935 0.2276
vn -0.9687 0.0930 0.2301
vn -0.2857 0.0934 0.9537
vn -0.2851 0.0932 0.9540
vn -0.2848 0.0930 0.9541
vn -0.2859 0.0935 0.9537
vn 0.6829 0.0937 0.7245
vn 0.6828 0.0936 0.7246
vn 0.6827 0.0935 0.7247
vn 0.6830 0.0937 0.7244
vn 0.9688 0.0936 -0.2293
vn 0.9689 0.0937 -0.2292
vn 0.6181 -0.4356 0.6544
vn 0.8761 -0.4354 -0.2073
vn -0.6178 -0.4357 -0.6546
vn -0.8758 -0.4356 0.2080
vn 0.2854 0.0934 -0.9538
vn 0.2854 0.0933 -0.9538
vn 0.2854 0.0932 -0.9539
vn -0.6836 0.0938 -0.7238
vn -0.6832 0.0939 -0.7241
vn -0.6830 0.0940 -0.7243
vn -0.6838 0.0937 -0.7236
vn -0.9689 0.0933 0.2291
vn -0.2856 0.0934 0.9538
vn -0.2852 0.0933 0.9539
vn -0.2857 0.0934 0.9538
vn 0.6834 0.0938 0.7240
vn 0.6832 0.0940 0.7241
vn 0.6834 0.0937 0.7240
vn 0.9690 0.0939 -0.2287
vn 0.9687 0.0932 -0.2301
vn 0.9449 -0.0000 -0.3273
vn 0.8759 -0.4357 -0.2072
vn -0.8758 -0.4360 0.2072
vn -0.6829 0.0936 -0.7245
vn -0.6828 0.0935 -0.7246
vn -0.6827 0.0935 -0.7247
vn -0.6830 0.0936 -0.7244
vn -0.9688 0.0935 0.2297
vn 0.6832 0.0937 0.7242
vn 0.6833 0.0936 0.7241
vn 0.6830 0.0939 0.7244
vn 0.9689 0.0937 -0.2288
vn 0.6174 -0.4358 0.6548
vn 0.8760 -0.4355 -0.2073
vn -0.6170 -0.4359 -0.6552
vn 0.2852 0.0934 -0.9539
vn 0.2851 0.0933 -0.9539
vn 0.2854 0.0937 -0.9538
vn -0.6831 0.0938 -0.7243
vn -0.6835 0.0936 -0.7239
vn -0.6837 0.0935 -0.7237
vn -0.9689 0.0936 0.2289
vn -0.9689 0.0934 0.2293
vn -0.2855 0.0936 0.9538
vn -0.2856 0.0936 0.9538
vn 0.6827 0.0938 0.7247
vn 0.6825 0.0938 0.7248
vn 0.9687 0.0936 -0.2300
vn 0.9687 0.0936 -0.2299
vn 0.9687 0.0937 -0.2298
vn 0.9687 0.0936 -0.2301
vn 0.9453 -0.0000 -0.3262
vn 0.6174 -0.4356 0.6550
vn -0.6177 -0.4358 -0.6546
vn 0.2857 0.0936 -0.9538
vn -0.9687 0.0934 0.2298
vn -0.9687 0.0933 0.2301
vn 0.6833 0.0939 0.7240
vn 0.6834 0.0939 0.7240
vn 0.9688 0.0934 -0.2297
vn 0.9687 0.0934 -0.2300
vn -0.6801 0.5464 0.4887
vn 0.0620 0.3232 0.9443
vn 0.4976 -0.4384 0.7485
vn 0.1911 -0.9768 0.0970
vn -0.5510 -0.7535 -0.3586
vn -0.9866 0.0081 -0.1627
vn 0.6064 -0.7013 -0.3749
vn 0.6060 -0.7014 -0.3751
vn 0.6059 -0.7015 -0.3752
vn 0.6064 -0.7012 -0.3748
vn -0.1939 -0.4604 -0.8663
vn -0.6639 0.3609 -0.6550
vn -0.6637 0.3606 -0.6553
vn -0.6637 0.3605 -0.6554
vn -0.6639 0.3610 -0.6549
vn -0.3332 0.9416 0.0477
vn -0.3330 0.9417 0.0481
vn -0.3329 0.9417 0.0482
vn -0.3332 0.9416 0.0476
vn 0.4672 0.7009 0.5390
vn 0.9370 -0.1206 0.3279
vn 0.9370 -0.1202 0.3280
vn 0.9370 -0.1200 0.3281
vn 0.5583 0.4912 -0.6686
vn 0.5582 0.4912 -0.6686
vn 0.5583 0.4913 -0.6686
vn -0.1482 0.1871 0.9711
vn 0.5600 0.5852 0.5864
vn 0.9758 0.1911 -0.1064
vn 0.6833 -0.6011 -0.4145
vn -0.0250 -0.9992 -0.0298
vn -0.4407 -0.6052 0.6630
vn 0.2990 -0.3095 -0.9027
vn 0.2987 -0.3099 -0.9026
vn 0.2987 -0.3100 -0.9026
vn 0.2990 -0.3094 -0.9027
vn -0.4650 -0.7388 -0.4878
vn -0.9133 -0.3139 0.2595
vn -0.9133 -0.3141 0.2591
vn -0.9133 -0.3142 0.2590
vn -0.9133 -0.3138 0.2595
vn -0.5978 0.5407 0.5918
vn -0.5974 0.5411 0.5919
vn -0.5973 0.5412 0.5919
vn -0.5979 0.5407 0.5918
vn 0.1660 0.9701 0.1768
vn 0.6145 0.5451 -0.5703
vn 0.6144 0.5455 -0.5701
vn 0.6143 0.5456 -0.5700
vn 0.6145 0.5450 -0.5703
vn -0.6107 0.4726 -0.6353
vn -0.6108 0.4726 -0.6353
vn 0.6061 -0.7014 -0.3751
vn -0.1940 -0.4604 -0.8663
vn -0.3333 0.9416 0.0476
vn 0.5582 0.4913 -0.6686
vn -0.4407 -0.6051 0.6630
vn 0.2988 -0.3099 -0.9026
vn -0.5975 0.5410 0.5919
vn 0.6144 0.5454 -0.5701
vn 0.6144 0.5455 -0.5700
vn -0.6107 0.4726 -0.6354
vn 0.4672 0.7008 0.5390
vn 0.9370 -0.1201 0.3280
vn 0.9370 -0.1207 0.3279
vn 0.2989 -0.3095 -0.9027
vn 0.2988 -0.3098 -0.9026
vn -0.9133 -0.3142 0.2591
vn -0.9133 -0.3143 0.2590
vn -0.5973 0.5411 0.5919
vn 0.6144 0.5456 -0.5700
vn -0.6637 0.3604 -0.6554
vn 0.9370 -0.1199 0.3281
vn 0.4976 -0.4384 0.7484
vn 0.6060 -0.7015 -0.3751
vn 0.6058 -0.7016 -0.3752
vn -0.1940 -0.4603 -0.8663
vn -0.3329 0.9417 0.0483
vn 0.9370 -0.1200 0.3280
vn 0.9370 -0.1198 0.3281
vn 0.5600 0.5853 0.5864
vn 0.6832 -0.6011 -0.4145
vn -0.5978 0.5408 0.5918
vn -0.6107 0.4727 -0.6353
vn 0.4673 0.7008 0.5390
vn -0.4276 0.5464 0.7202
vn 0.4349 0.3232 0.8405
vn 0.7557 -0.4384 0.4866
vn 0.2139 -0.9768 0.0124
vn -0.6485 -0.7535 -0.1080
vn -0.9693 0.0081 0.2459
vn 0.4056 -0.7012 -0.5863
vn 0.4051 -0.7014 -0.5864
vn 0.4050 -0.7015 -0.5864
vn -0.5246 -0.4604 -0.7162
vn -0.5246 -0.4604 -0.7161
vn -0.8706 0.3609 -0.3344
vn -0.8706 0.3605 -0.3347
vn -0.8706 0.3604 -0.3349
vn -0.8706 0.3610 -0.3343
vn -0.2862 0.9416 0.1771
vn -0.2859 0.9417 0.1774
vn -0.2858 0.9417 0.1775
vn -0.2863 0.9416 0.1771
vn 0.6439 0.7009 0.3068
vn 0.6440 0.7008 0.3068
vn 0.9899 -0.1206 -0.0747
vn 0.9900 -0.1201 -0.0746
vn 0.9900 -0.1199 -0.0745
vn 0.2438 0.4913 -0.8362
vn 0.2438 0.4912 -0.8362
vn 0.2439 0.4913 -0.8362
vn 0.2530 0.1871 0.9492
vn 0.7480 0.5852 0.3131
vn 0.8515 0.1911 -0.4882
vn 0.4601 -0.6011 -0.6534
vn -0.0349 -0.9992 -0.0173
vn -0.1384 -0.6052 0.7840
vn -0.0875 -0.3095 -0.9469
vn -0.0877 -0.3099 -0.9467
vn -0.0877 -0.3100 -0.9467
vn -0.0875 -0.3094 -0.9469
vn -0.6214 -0.7388 -0.2608
vn -0.7330 -0.3139 0.6035
vn -0.7332 -0.3141 0.6032
vn -0.7332 -0.3142 0.6031
vn -0.7330 -0.3138 0.6035
vn -0.3108 0.5407 0.7816
vn -0.3105 0.5411 0.7816
vn -0.3104 0.5412 0.7815
vn -0.3109 0.5407 0.7817
vn 0.2229 0.9701 0.0956
vn 0.3348 0.5451 -0.7686
vn 0.3347 0.5455 -0.7684
vn 0.3347 0.5456 -0.7683
vn 0.3348 0.5450 -0.7687
vn -0.8140 0.4726 -0.3377
vn -0.8140 0.4726 -0.3376
vn -0.8141 0.4726 -0.3376
vn -0.8374 0.5464 -0.0138
vn -0.5139 0.3232 0.7947
vn -0.0475 -0.4384 0.8975
vn 0.0954 -0.9768 0.1919
vn -0.2281 -0.7535 -0.6166
vn -0.6945 0.0081 -0.7194
vn 0.7103 -0.7013 0.0611
vn 0.7102 -0.7014 0.0608
vn 0.7101 -0.7015 0.0606
vn 0.7103 -0.7012 0.0612
vn 0.3614 -0.4604 -0.8108
vn -0.1417 0.3609 -0.9218
vn -0.1414 0.3606 -0.9219
vn -0.1413 0.3605 -0.9220
vn -0.1418 0.3610 -0.9217
vn -0.2958 0.9416 -0.1606
vn -0.2959 0.9417 -0.1602
vn -0.2959 0.9417 -0.1600
vn -0.2958 0.9416 -0.1607
vn 0.0532 0.7009 0.7113
vn 0.5561 -0.1206 0.8223
vn 0.5560 -0.1202 0.8224
vn 0.5560 -0.1200 0.8225
vn 0.8470 0.4912 -0.2033
vn 0.8470 0.4912 -0.2032
vn 0.8470 0.4913 -0.2032
vn 0.8470 0.4913 -0.2033
vn -0.6985 0.1871 0.6907
vn 0.0993 0.5852 0.8048
vn 0.8464 0.1911 0.4970
vn 0.7956 -0.6011 0.0752
vn -0.0022 -0.9992 -0.0389
vn -0.7493 -0.6051 0.2689
vn 0.7786 -0.3095 -0.5459
vn 0.7784 -0.3099 -0.5459
vn 0.7783 -0.3101 -0.5459
vn 0.7787 -0.3094 -0.5458
vn -0.0819 -0.7388 -0.6689
vn -0.8877 -0.3139 -0.3369
vn -0.8875 -0.3141 -0.3372
vn -0.8874 -0.3142 -0.3373
vn -0.8877 -0.3138 -0.3369
vn -0.8329 0.5407 0.1180
vn -0.8326 0.5411 0.1183
vn -0.8325 0.5412 0.1184
vn 0.0277 0.9701 0.2409
vn 0.8334 0.5451 -0.0908
vn 0.8332 0.5455 -0.0907
vn 0.8331 0.5456 -0.0907
vn 0.8335 0.5450 -0.0908
vn -0.1108 0.4726 -0.8743
vn -0.1109 0.4726 -0.8743
vn 0.4672 0.7009 0.5389
vn -0.9134 -0.3141 0.2591
vn -0.9134 -0.3142 0.2590
vn -0.6108 0.4725 -0.6354
vn -0.9866 0.0081 -0.1628
vn -0.6638 0.3606 -0.6553
vn 0.4673 0.7008 0.5391
vn 0.9370 -0.1203 0.3280
vn 0.9370 -0.1201 0.3281
vn 0.9758 0.1912 -0.1064
vn -0.4408 -0.6051 0.6630
vn -0.5974 0.5412 0.5918
vn -0.5972 0.5413 0.5918
vn -0.5979 0.5406 0.5918
vn -1.0000 -0.0000 -0.0000
vn 1.0000 0.0001 -0.0000
vn 1.0000 -0.0001 -0.0000
vn -0.4177 -0.0000 0.9086
vn -0.1834 -0.0000 0.9830
vn -0.1835 -0.0001 0.9830
vn -0.0002 -0.0001 1.0000
vn -0.0004 -0.0003 1.0000
vn -0.4126 -0.9109 -0.0000
vn -0.4125 -0.9109 -0.0000
vn -0.1805 -0.9836 -0.0000
vn -0.0000 -1.0000 -0.0000
vn -0.4177 -0.0000 -0.9086
vn -0.1834 -0.0000 -0.9830
vn -0.0000 -0.0000 -1.0000
vn -0.4126 0.9109 -0.0000
vn -0.4125 0.9109 -0.0000
vn -0.1805 0.9836 -0.0000
vn -0.0000 -0.0000 1.0000
vn -0.0000 0.0008 -1.0000
vn -0.0000 0.0005 -1.0000
vn -0.0000 -0.0009 1.0000
vn -0.0000 0.0007 1.0000
vn -0.0000 0.0022 1.0000
vn -0.0000 0.0001 -1.0000
vn -0.0000 1.0000 0.0007
vn -0.0000 1.0000 0.0004
vn -0.0000 -1.0000 -0.0007
vn -0.0000 -1.0000 0.0005
vn -0.0000 -1.0000 0.0017
vn -0.0000 1.0000 0.0001
vn 1.0000 0.0002 -0.0000
vn -0.0000 0.0007 -1.0000
vn -0.0000 0.0004 -1.0000
vn -0.0000 -0.0007 1.0000
vn -0.0000 0.0006 1.0000
vn -0.1804 0.9836 -0.0000
vn -0.0000 0.0020 1.0000
vn -0.0000 -1.0000 -0.0008
vn -0.4177 -0.9086 -0.0000
vn -0.1834 -0.9830 -0.0000
vn -0.4126 -0.0000 -0.9109
vn -0.1805 -0.0000 -0.9836
vn -0.4177 0.9086 -0.0000
vn -0.1834 0.9830 -0.0000
vn -0.4126 -0.0000 0.9109
vn -0.1805 -0.0000 0.9836
vn -0.0000 -1.0000 0.0006
vn -0.1835 -0.9830 -0.0001
vn -0.0002 -1.0000 -0.0001
vn -0.0004 -1.0000 -0.0003
vn -0.1804 -0.0000 0.9836
vn -0.0000 -1.0000 0.0020
vn -0.0000 1.0000 0.0008
vn -0.0000 1.0000 0.0005
vn -0.0000 -1.0000 0.0007
vn -0.0000 -1.0000 0.0022
vn -0.0000 -1.0000 0.0018
vn -0.0000 -0.0004 1.0000
vn -0.0000 -0.0005 -1.0000
vn -0.0000 -0.0017 -1.0000
vn -0.0000 -0.0001 1.0000
vn -0.1806 -0.0000 -0.9836
vn -0.1806 -0.0000 0.9836
vn 1.0000 -0.0002 -0.0000
vn -0.1833 -0.9830 -0.0000
vn -0.1833 0.9830 -0.0000
vn -0.4178 0.9086 -0.0000
vn -0.0000 -0.0008 1.0000
vn -0.8389 -0.4746 -0.2666
vn -0.4991 -0.0725 0.8635
vn -0.8389 0.4746 0.2666
vn -0.4991 0.0725 -0.8635
vn -0.0000 -1.0000 -0.0009
vn 0.3209 -0.0000 0.9471
vn 0.3210 -0.0000 0.9471
vn -0.8597 -0.4338 -0.2698
vn -0.6632 -0.4371 0.6075
vn 0.2015 -0.4390 0.8756
vn 0.8619 -0.4376 0.2563
vn 0.6532 -0.4344 -0.6202
vn -0.2040 -0.4323 -0.8783
vn 0.9518 0.0934 0.2920
vn 0.9519 0.0932 0.2918
vn 0.9520 0.0930 0.2917
vn 0.9518 0.0935 0.2921
vn 0.7294 0.0940 -0.6776
vn 0.7292 0.0940 -0.6778
vn 0.7291 0.0940 -0.6779
vn -0.2238 0.0934 -0.9701
vn -0.2231 0.0936 -0.9703
vn -0.2228 0.0937 -0.9703
vn -0.2240 0.0933 -0.9701
vn -0.9526 0.0935 -0.2896
vn -0.9528 0.0933 -0.2890
vn -0.9528 0.0932 -0.2888
vn -0.9525 0.0936 -0.2899
vn -0.7269 0.0937 0.6804
vn -0.7270 0.0939 0.6802
vn -0.7271 0.0940 0.6801
vn -0.7268 0.0937 0.6804
vn 0.2242 0.0933 0.9701
vn 0.2237 0.0935 0.9702
vn 0.2235 0.0936 0.9702
vn 0.2243 0.0932 0.9700
vn 0.0064 0.9998 0.0189
vn 0.3211 -0.0000 0.9470
vn -0.8598 -0.4336 -0.2698
vn -0.6632 -0.4370 0.6075
vn 0.2017 -0.4387 0.8757
vn 0.8618 -0.4378 0.2561
vn -0.2039 -0.4324 -0.8783
vn 0.9519 0.0934 0.2918
vn 0.9519 0.0935 0.2917
vn 0.9518 0.0933 0.2921
vn 0.7294 0.0938 -0.6777
vn 0.7294 0.0938 -0.6776
vn 0.7294 0.0939 -0.6776
vn 0.7293 0.0938 -0.6777
vn -0.2239 0.0933 -0.9701
vn -0.2232 0.0936 -0.9703
vn -0.2228 0.0938 -0.9703
vn -0.2241 0.0932 -0.9701
vn -0.9526 0.0936 -0.2895
vn -0.9528 0.0935 -0.2890
vn -0.9528 0.0935 -0.2888
vn -0.9526 0.0936 -0.2896
vn -0.7269 0.0938 0.6803
vn 0.2244 0.0933 0.9700
vn 0.2234 0.0936 0.9702
vn 0.2246 0.0932 0.9700
vn -0.0101 -0.0000 0.9999
vn -0.0102 -0.0000 0.9999
vn -0.0099 -0.0000 1.0000
vn -0.7255 -0.4354 -0.5330
vn -0.8240 -0.4357 0.3621
vn -0.0989 -0.4359 0.8945
vn 0.7255 -0.4358 0.5326
vn 0.8242 -0.4355 -0.3619
vn 0.0985 -0.4358 -0.8946
vn 0.8025 0.0934 0.5893
vn 0.8029 0.0933 0.5888
vn 0.8030 0.0933 0.5886
vn 0.8023 0.0934 0.5895
vn 0.9115 0.0936 -0.4004
vn 0.9115 0.0939 -0.4003
vn 0.9115 0.0940 -0.4003
vn 0.9115 0.0935 -0.4004
vn 0.1095 0.0933 -0.9896
vn 0.1099 0.0936 -0.9895
vn 0.1101 0.0937 -0.9895
vn 0.1094 0.0933 -0.9896
vn -0.8026 0.0937 -0.5891
vn -0.8028 0.0935 -0.5888
vn -0.8029 0.0935 -0.5887
vn -0.8026 0.0937 -0.5892
vn -0.9115 0.0939 0.4003
vn -0.9115 0.0937 0.4004
vn -0.9115 0.0936 0.4005
vn -0.9116 0.0940 0.4003
vn -0.1094 0.0935 0.9896
vn -0.1097 0.0937 0.9895
vn -0.1098 0.0938 0.9895
vn -0.1093 0.0934 0.9896
vn 0.3792 -0.0000 0.9253
vn 0.3793 -0.0000 0.9253
vn 0.3791 -0.0000 0.9253
vn -0.8754 -0.4356 -0.2094
vn -0.6189 -0.4355 0.6537
vn 0.2564 -0.4355 0.8629
vn 0.8753 -0.4358 0.2095
vn 0.6191 -0.4357 -0.6534
vn -0.2563 -0.4353 -0.8630
vn 0.9683 0.0934 0.2316
vn 0.9684 0.0933 0.2315
vn 0.9684 0.0933 0.2314
vn 0.9683 0.0935 0.2317
vn 0.6843 0.0937 -0.7231
vn 0.6841 0.0937 -0.7233
vn 0.6841 0.0938 -0.7234
vn 0.6844 0.0937 -0.7231
vn -0.2832 0.0932 -0.9545
vn -0.2827 0.0935 -0.9547
vn -0.2824 0.0935 -0.9547
vn -0.2835 0.0932 -0.9544
vn -0.9683 0.0935 -0.2316
vn -0.9685 0.0931 -0.2311
vn -0.9685 0.0929 -0.2309
vn -0.9682 0.0937 -0.2318
vn -0.6846 0.0938 0.7228
vn -0.6845 0.0934 0.7230
vn -0.6845 0.0932 0.7231
vn -0.6847 0.0940 0.7228
vn 0.2834 0.0935 0.9544
vn 0.2828 0.0936 0.9546
vn 0.2826 0.0936 0.9547
vn 0.2836 0.0935 0.9544
vn -0.7254 -0.4359 -0.5328
vn -0.8242 -0.4357 0.3618
vn -0.0990 -0.4357 0.8947
vn 0.7254 -0.4357 0.5329
vn 0.8240 -0.4356 -0.3624
vn 0.0987 -0.4354 -0.8948
vn 0.8025 0.0935 0.5892
vn 0.8028 0.0933 0.5889
vn 0.8029 0.0932 0.5888
vn 0.8025 0.0936 0.5893
vn 0.9116 0.0939 -0.4001
vn 0.9116 0.0935 -0.4003
vn 0.9116 0.0934 -0.4003
vn 0.9117 0.0940 -0.4001
vn 0.1093 0.0934 -0.9896
vn 0.1100 0.0936 -0.9895
vn 0.1102 0.0937 -0.9895
vn 0.1091 0.0933 -0.9896
vn -0.8026 0.0932 -0.5893
vn -0.8027 0.0934 -0.5890
vn -0.8028 0.0935 -0.5889
vn -0.8025 0.0932 -0.5893
vn -0.9113 0.0938 0.4009
vn -0.9115 0.0938 0.4005
vn -0.9116 0.0938 0.4003
vn -0.9112 0.0938 0.4011
vn -0.1099 0.0936 0.9895
vn -0.1102 0.0937 0.9895
vn -0.1092 0.0935 0.9896
vn -0.8755 -0.4354 -0.2095
vn -0.6188 -0.4355 0.6537
vn 0.2562 -0.4359 0.8627
vn 0.8756 -0.4355 0.2092
vn 0.6195 -0.4353 -0.6533
vn -0.2567 -0.4359 -0.8626
vn 0.9683 0.0934 0.2317
vn 0.6845 0.0937 -0.7230
vn 0.6843 0.0936 -0.7232
vn 0.6842 0.0935 -0.7233
vn 0.6845 0.0938 -0.7229
vn -0.2836 0.0935 -0.9544
vn -0.2835 0.0934 -0.9544
vn -0.9684 0.0932 -0.2313
vn -0.9685 0.0933 -0.2311
vn -0.9685 0.0933 -0.2310
vn -0.9684 0.0931 -0.2314
vn -0.6850 0.0934 0.7225
vn -0.6848 0.0937 0.7227
vn -0.6847 0.0938 0.7228
vn -0.6851 0.0933 0.7225
vn 0.2838 0.0935 0.9543
vn 0.2830 0.0937 0.9545
vn 0.2826 0.0938 0.9546
vn 0.2841 0.0934 0.9542
vn -0.0097 -0.0000 1.0000
vn -0.7254 -0.4358 -0.5327
vn -0.8242 -0.4356 0.3620
vn 0.7255 -0.4354 0.5330
vn 0.8242 -0.4354 -0.3622
vn 0.0989 -0.4357 -0.8946
vn 0.8025 0.0937 0.5893
vn 0.8026 0.0933 0.5892
vn 0.8027 0.0931 0.5891
vn 0.8024 0.0939 0.5893
vn 0.9115 0.0938 -0.4004
vn 0.9114 0.0935 -0.4007
vn 0.9114 0.0934 -0.4008
vn 0.9116 0.0939 -0.4003
vn 0.1092 0.0934 -0.9896
vn 0.1090 0.0933 -0.9896
vn -0.8024 0.0936 -0.5894
vn -0.8026 0.0935 -0.5892
vn -0.8026 0.0935 -0.5891
vn -0.8024 0.0936 -0.5895
vn -0.9115 0.0935 0.4005
vn -0.9115 0.0938 0.4004
vn -0.9115 0.0940 0.4003
vn -0.9115 0.0934 0.4005
vn -0.1098 0.0935 0.9895
vn -0.1101 0.0936 0.9895
vn -0.1091 0.0933 0.9896
vn 0.3794 -0.0000 0.9252
vn -0.8753 -0.4357 -0.2095
vn -0.6186 -0.4356 0.6539
vn 0.2565 -0.4353 0.8630
vn 0.8755 -0.4356 0.2092
vn 0.6194 -0.4356 -0.6532
vn -0.2566 -0.4358 -0.8627
vn 0.9683 0.0935 0.2315
vn 0.9684 0.0935 0.2311
vn 0.9685 0.0935 0.2309
vn 0.9683 0.0936 0.2317
vn 0.6842 0.0936 -0.7232
vn -0.2836 0.0934 -0.9544
vn -0.2837 0.0934 -0.9544
vn -0.9684 0.0936 -0.2311
vn -0.9687 0.0929 -0.2303
vn -0.9688 0.0926 -0.2299
vn -0.9683 0.0938 -0.2314
vn -0.6850 0.0938 0.7225
vn -0.6849 0.0938 0.7226
vn -0.6851 0.0938 0.7224
vn 0.2834 0.0936 0.9544
vn 0.2833 0.0937 0.9544
vn -0.0093 -0.0000 1.0000
vn -0.0092 -0.0000 1.0000
vn -0.0095 -0.0000 1.0000
vn -0.8243 -0.4353 0.3621
vn -0.0989 -0.4362 0.8944
vn 0.7259 -0.4355 0.5324
vn 0.8243 -0.4356 -0.3617
vn 0.0979 -0.4351 -0.8950
vn 0.8025 0.0935 0.5893
vn 0.8025 0.0933 0.5893
vn 0.8025 0.0932 0.5893
vn 0.9117 0.0935 -0.4002
vn 0.9117 0.0935 -0.4001
vn 0.9115 0.0935 -0.4005
vn 0.1098 0.0935 -0.9895
vn 0.1100 0.0935 -0.9895
vn 0.1091 0.0934 -0.9896
vn -0.8029 0.0933 -0.5888
vn -0.8029 0.0934 -0.5888
vn -0.8029 0.0932 -0.5888
vn -0.9116 0.0940 0.4002
vn -0.9116 0.0938 0.4002
vn -0.9116 0.0937 0.4002
vn -0.1085 0.0935 0.9897
vn -0.1093 0.0936 0.9896
vn -0.1082 0.0934 0.9897
vn -0.8756 -0.4353 -0.2093
vn -0.6193 -0.4351 0.6535
vn 0.2561 -0.4356 0.8629
vn 0.8755 -0.4355 0.2092
vn 0.6193 -0.4359 -0.6531
vn -0.2563 -0.4358 -0.8628
vn -0.2567 -0.4358 -0.8627
vn 0.9684 0.0934 0.2313
vn 0.9685 0.0934 0.2310
vn 0.9684 0.0934 0.2314
vn 0.6848 0.0936 -0.7227
vn 0.6844 0.0936 -0.7231
vn 0.6849 0.0936 -0.7226
vn -0.2834 0.0933 -0.9544
vn -0.2834 0.0935 -0.9544
vn -0.2833 0.0936 -0.9544
vn -0.9684 0.0937 -0.2312
vn -0.9685 0.0934 -0.2306
vn -0.9686 0.0933 -0.2304
vn -0.6844 0.0937 0.7230
vn -0.6842 0.0936 0.7232
vn -0.6850 0.0939 0.7224
vn 0.2836 0.0934 0.9544
vn 0.2833 0.0937 0.9545
vn 0.2831 0.0938 0.9545
vn 0.2837 0.0933 0.9543
vn -0.9987 -0.0000 -0.0503
vn 0.5666 -0.4342 -0.7004
vn -0.3224 -0.4365 -0.8400
vn -0.8887 -0.4381 -0.1354
vn -0.5575 -0.4371 0.7058
vn 0.3338 -0.4348 0.8364
vn 0.8911 -0.4333 0.1345
vn -0.6221 0.0936 0.7773
vn -0.6218 0.0934 0.7776
vn -0.6216 0.0933 0.7777
vn -0.6222 0.0937 0.7773
vn 0.3614 0.0939 0.9277
vn 0.3612 0.0939 0.9278
vn 0.3611 0.0939 0.9278
vn 0.3615 0.0939 0.9277
vn 0.9843 0.0935 0.1496
vn 0.9842 0.0937 0.1502
vn 0.9842 0.0937 0.1504
vn 0.9843 0.0934 0.1495
vn 0.6207 0.0935 -0.7784
vn 0.6200 0.0934 -0.7790
vn 0.6196 0.0934 -0.7793
vn 0.6210 0.0935 -0.7782
vn -0.3643 0.0936 -0.9266
vn -0.3637 0.0937 -0.9268
vn -0.3634 0.0937 -0.9269
vn -0.3645 0.0936 -0.9265
vn -0.9844 0.0933 -0.1492
vn -0.9843 0.0935 -0.1497
vn -0.9843 0.0935 -0.1500
vn -0.9844 0.0933 -0.1491
vn -0.0147 0.9999 -0.0008
vn -0.0147 0.9999 -0.0007
vn -0.9585 -0.0000 0.2851
vn 0.3025 -0.4337 -0.8487
vn -0.5819 -0.4371 -0.6858
vn -0.8828 -0.4389 0.1676
vn -0.2882 -0.4377 0.8517
vn 0.5947 -0.4344 0.6765
vn 0.8856 -0.4322 -0.1700
vn -0.3286 0.0934 0.9398
vn -0.3278 0.0932 0.9401
vn -0.3274 0.0932 0.9403
vn -0.3289 0.0935 0.9397
vn 0.6496 0.0938 0.7544
vn 0.6495 0.0939 0.7546
vn 0.6494 0.0939 0.7546
vn 0.6497 0.0937 0.7544
vn 0.9780 0.0935 -0.1864
vn 0.9781 0.0936 -0.1860
vn 0.9781 0.0937 -0.1858
vn 0.9780 0.0935 -0.1866
vn 0.3252 0.0935 -0.9410
vn 0.3248 0.0934 -0.9412
vn 0.3246 0.0934 -0.9412
vn 0.3254 0.0936 -0.9409
vn -0.6525 0.0937 -0.7520
vn -0.6519 0.0937 -0.7525
vn -0.6516 0.0937 -0.7527
vn -0.6527 0.0936 -0.7518
vn -0.9780 0.0932 0.1868
vn -0.9780 0.0934 0.1866
vn -0.9780 0.0935 0.1865
vn -0.0191 0.9998 0.0057
vn -0.8669 -0.0000 0.4984
vn -0.8668 -0.0000 0.4986
vn -0.8670 -0.0000 0.4983
vn 0.0974 -0.4342 -0.8955
vn -0.7253 -0.4368 -0.5321
vn -0.8202 -0.4385 0.3673
vn -0.0865 -0.4371 0.8952
vn 0.7339 -0.4345 0.5220
vn 0.8223 -0.4328 -0.3694
vn -0.1026 0.0934 0.9903
vn -0.1021 0.0933 0.9904
vn -0.1019 0.0932 0.9904
vn -0.1027 0.0935 0.9903
vn 0.8063 0.0939 0.5840
vn 0.8067 0.0938 0.5835
vn 0.8069 0.0937 0.5832
vn 0.8061 0.0940 0.5842
vn 0.9086 0.0935 -0.4072
vn 0.9087 0.0937 -0.4067
vn 0.9088 0.0937 -0.4066
vn 0.9085 0.0934 -0.4073
vn 0.0994 0.0936 -0.9906
vn 0.0992 0.0934 -0.9907
vn 0.0991 0.0933 -0.9907
vn 0.0995 0.0936 -0.9906
vn -0.8080 0.0937 -0.5817
vn -0.8076 0.0938 -0.5822
vn -0.8074 0.0939 -0.5825
vn -0.8082 0.0936 -0.5815
vn -0.9084 0.0933 0.4075
vn -0.9085 0.0935 0.4073
vn -0.9086 0.0936 0.4071
vn -0.9084 0.0932 0.4076
vn -0.0141 0.9999 0.0081
vn -0.9840 -0.0000 -0.1782
vn -0.9840 -0.0000 -0.1783
vn -0.9840 -0.0000 -0.1781
vn 0.6519 -0.4340 -0.6218
vn -0.2114 -0.4366 -0.8745
vn -0.8637 -0.4386 -0.2483
vn -0.6432 -0.4371 0.6287
vn 0.2243 -0.4347 0.8722
vn 0.8669 -0.4327 0.2476
vn -0.7168 0.0935 0.6910
vn -0.7165 0.0933 0.6913
vn -0.7163 0.0933 0.6915
vn -0.7169 0.0936 0.6909
vn 0.2392 0.0940 0.9664
vn 0.2402 0.0938 0.9662
vn 0.2407 0.0937 0.9661
vn 0.2388 0.0940 0.9665
vn 0.9570 0.0935 0.2745
vn 0.9569 0.0937 0.2750
vn 0.9568 0.0938 0.2752
vn 0.9571 0.0934 0.2743
vn 0.7156 0.0934 -0.6922
vn 0.7151 0.0935 -0.6928
vn 0.7148 0.0935 -0.6930
vn 0.7158 0.0934 -0.6920
vn -0.2422 0.0938 -0.9657
vn -0.2432 0.0937 -0.9654
vn -0.2436 0.0936 -0.9654
vn -0.2419 0.0938 -0.9658
vn -0.9572 0.0931 -0.2742
vn -0.9569 0.0934 -0.2749
vn -0.9568 0.0935 -0.2752
vn -0.9572 0.0930 -0.2739
vn -0.0160 0.9999 -0.0029
vn 0.7002 -0.0000 0.7140
vn 0.7000 -0.0000 0.7141
vn 0.7004 -0.0000 0.7138
vn -0.8915 -0.4338 0.1307
vn -0.3332 -0.4368 0.8356
vn 0.5617 -0.4386 0.7015
vn 0.8881 -0.4372 -0.1418
vn 0.3208 -0.4346 -0.8415
vn -0.5639 -0.4329 -0.7033
vn 0.9843 0.0936 -0.1497
vn 0.9843 0.0933 -0.1500
vn 0.9843 0.0931 -0.1501
vn 0.9843 0.0937 -0.1495
vn 0.3632 0.0940 -0.9270
vn 0.3631 0.0938 -0.9270
vn 0.3630 0.0938 -0.9270
vn 0.3632 0.0940 -0.9269
vn -0.6223 0.0937 -0.7771
vn -0.6220 0.0938 -0.7774
vn -0.6218 0.0938 -0.7775
vn -0.6225 0.0936 -0.7770
vn -0.9840 0.0934 0.1519
vn -0.9839 0.0933 0.1522
vn -0.9839 0.0932 0.1523
vn -0.9840 0.0935 0.1518
vn -0.3596 0.0937 0.9284
vn -0.3601 0.0936 0.9282
vn -0.3603 0.0936 0.9281
vn -0.3595 0.0937 0.9284
vn 0.6227 0.0933 0.7769
vn 0.6218 0.0934 0.7776
vn 0.6214 0.0935 0.7779
vn 0.6230 0.0932 0.7767
vn 0.0114 0.9999 0.0116
vn 0.0114 0.9999 0.0115
vn 0.8895 -0.0000 -0.4570
vn 0.8894 -0.0000 -0.4571
vn 0.8895 -0.0000 -0.4568
vn -0.1394 -0.4340 0.8901
vn 0.6992 -0.4367 0.5661
vn 0.8368 -0.4386 -0.3278
vn 0.1280 -0.4374 -0.8901
vn -0.7083 -0.4346 -0.5562
vn -0.8388 -0.4330 0.3301
vn 0.1492 0.0934 -0.9844
vn 0.1485 0.0932 -0.9845
vn 0.1482 0.0932 -0.9846
vn 0.1494 0.0935 -0.9843
vn -0.7775 0.0939 -0.6218
vn -0.7776 0.0937 -0.6218
vn -0.7775 0.0940 -0.6219
vn -0.9269 0.0936 0.3635
vn -0.9270 0.0937 0.3632
vn -0.9270 0.0938 0.3631
vn -0.9268 0.0936 0.3636
vn -0.1467 0.0936 0.9847
vn -0.1457 0.0933 0.9849
vn -0.1453 0.0932 0.9850
vn -0.1470 0.0937 0.9847
vn 0.7794 0.0937 0.6194
vn 0.7791 0.0938 0.6198
vn 0.7790 0.0938 0.6199
vn 0.7795 0.0937 0.6193
vn 0.9268 0.0932 -0.3638
vn 0.9269 0.0933 -0.3635
vn 0.9269 0.0934 -0.3634
vn 0.0144 0.9999 -0.0074
vn 0.0145 0.9999 -0.0074
vn -0.3072 -0.0000 -0.9516
vn 0.8570 -0.4355 0.2754
vn 0.6666 -0.4354 -0.6051
vn -0.1901 -0.4356 -0.8799
vn -0.8570 -0.4357 -0.2751
vn -0.6663 -0.4356 0.6053
vn 0.1902 -0.4354 0.8799
vn -0.9479 0.0938 -0.3043
vn -0.9483 0.0934 -0.3033
vn -0.9485 0.0932 -0.3028
vn -0.9478 0.0939 -0.3047
vn -0.7370 0.0937 0.6693
vn -0.7378 0.0939 0.6684
vn -0.7382 0.0939 0.6680
vn -0.7368 0.0936 0.6696
vn 0.2100 0.0930 0.9733
vn 0.2083 0.0935 0.9736
vn 0.2076 0.0937 0.9737
vn 0.2106 0.0928 0.9732
vn 0.9480 0.0933 0.3042
vn 0.9482 0.0929 0.3038
vn 0.9483 0.0927 0.3036
vn 0.9480 0.0935 0.3044
vn 0.7371 0.0934 -0.6692
vn 0.7370 0.0935 -0.6694
vn 0.7369 0.0936 -0.6695
vn 0.7372 0.0933 -0.6692
vn -0.2101 0.0930 -0.9732
vn -0.2101 0.0932 -0.9732
vn -0.2101 0.0933 -0.9732
vn -0.9960 -0.0000 0.0890
vn 0.4583 -0.4355 -0.7748
vn -0.4417 -0.4356 -0.7843
vn -0.9003 -0.4352 -0.0089
vn -0.4587 -0.4357 0.7744
vn 0.4416 -0.4358 0.7842
vn 0.9000 -0.4358 0.0095
vn -0.5068 0.0932 0.8570
vn -0.5060 0.0930 0.8575
vn -0.5056 0.0929 0.8578
vn -0.5071 0.0933 0.8568
vn 0.4889 0.0937 0.8673
vn 0.4885 0.0936 0.8675
vn 0.4883 0.0936 0.8676
vn 0.4890 0.0937 0.8672
vn 0.9956 0.0931 0.0101
vn 0.9956 0.0935 0.0108
vn 0.9955 0.0937 0.0111
vn 0.9956 0.0930 0.0099
vn 0.5077 0.0937 -0.8564
vn 0.5062 0.0933 -0.8573
vn 0.5056 0.0931 -0.8577
vn 0.5082 0.0938 -0.8561
vn -0.4887 0.0938 -0.8674
vn -0.4892 0.0938 -0.8671
vn -0.4895 0.0938 -0.8670
vn -0.4886 0.0939 -0.8675
vn -0.9956 0.0932 -0.0109
vn -0.9956 0.0935 -0.0120
vn -0.9955 0.0936 -0.0125
vn -0.9956 0.0931 -0.0105
vn -0.5066 -0.0000 -0.8622
vn -0.5064 -0.0000 -0.8623
vn -0.5067 -0.0000 -0.8621
vn 0.8964 -0.4356 0.0817
vn 0.5196 -0.4357 -0.7350
vn -0.3758 -0.4359 -0.8178
vn -0.8963 -0.4356 -0.0828
vn -0.5198 -0.4356 0.7349
vn 0.3762 -0.4355 0.8178
vn -0.9915 0.0934 -0.0903
vn -0.9915 0.0935 -0.0904
vn -0.9915 0.0936 -0.0904
vn -0.5750 0.0938 0.8128
vn -0.5743 0.0938 0.8132
vn -0.5740 0.0937 0.8134
vn -0.5752 0.0939 0.8126
vn 0.4159 0.0933 0.9046
vn 0.4154 0.0935 0.9048
vn 0.4151 0.0937 0.9049
vn 0.4161 0.0932 0.9045
vn 0.9914 0.0935 0.0915
vn 0.9915 0.0933 0.0911
vn 0.9915 0.0932 0.0909
vn 0.9914 0.0936 0.0916
vn 0.5748 0.0936 -0.8130
vn 0.5744 0.0934 -0.8132
vn 0.5742 0.0933 -0.8134
vn 0.5749 0.0937 -0.8128
vn -0.4157 0.0933 -0.9047
vn -0.4154 0.0936 -0.9048
vn -0.4152 0.0937 -0.9049
vn -0.4158 0.0932 -0.9046
vn 0.0980 -0.0000 0.9952
vn 0.0976 -0.0000 0.9952
vn 0.0979 -0.0000 0.9952
vn 0.0983 -0.0000 0.9952
vn -0.7785 -0.4361 -0.4515
vn -0.7800 -0.4354 0.4495
vn -0.0014 -0.4353 0.9003
vn 0.7789 -0.4354 0.4513
vn 0.7802 -0.4361 -0.4485
vn 0.0014 -0.4357 -0.9001
vn 0.8615 0.0936 0.4990
vn 0.8618 0.0935 0.4986
vn 0.8619 0.0934 0.4984
vn 0.8615 0.0936 0.4991
vn 0.8626 0.0937 -0.4971
vn 0.8628 0.0939 -0.4968
vn 0.8629 0.0939 -0.4966
vn 0.8626 0.0936 -0.4972
vn 0.0015 0.0933 -0.9956
vn 0.0024 0.0935 -0.9956
vn 0.0028 0.0936 -0.9956
vn 0.0012 0.0933 -0.9956
vn -0.8615 0.0935 -0.4992
vn -0.8618 0.0932 -0.4987
vn -0.8619 0.0930 -0.4985
vn -0.8614 0.0936 -0.4993
vn -0.8632 0.0936 0.4961
vn -0.8630 0.0934 0.4965
vn -0.8629 0.0934 0.4967
vn -0.8633 0.0936 0.4960
vn -0.0018 0.0933 0.9956
vn -0.0020 0.0934 0.9956
vn -0.0021 0.0934 0.9956
vn -0.0017 0.0932 0.9956
vn 0.7221 -0.0000 0.6918
vn 0.7222 -0.0000 0.6917
vn -0.8851 -0.4357 0.1638
vn -0.3007 -0.4356 0.8485
vn 0.5846 -0.4356 0.6845
vn 0.8851 -0.4356 -0.1639
vn 0.3005 -0.4357 -0.8485
vn -0.5846 -0.4356 -0.6845
vn 0.9789 0.0935 -0.1814
vn 0.9789 0.0933 -0.1819
vn 0.9789 0.0932 -0.1821
vn 0.9790 0.0936 -0.1813
vn 0.3325 0.0937 -0.9385
vn 0.3325 0.0937 -0.9384
vn -0.6464 0.0933 -0.7572
vn -0.6462 0.0934 -0.7575
vn -0.6460 0.0935 -0.7576
vn -0.6465 0.0933 -0.7572
vn -0.9789 0.0935 0.1814
vn -0.9789 0.0934 0.1819
vn -0.9788 0.0934 0.1821
vn -0.9790 0.0935 0.1813
vn -0.3324 0.0937 0.9385
vn -0.3325 0.0937 0.9384
vn 0.6465 0.0934 0.7572
vn 0.6461 0.0936 0.7575
vn 0.6460 0.0936 0.7576
vn 0.6466 0.0933 0.7571
vn 0.0001 1.0000 0.0001
vn 0.8061 -0.0000 0.5917
vn -0.8584 -0.4342 0.2731
vn -0.1931 -0.4366 0.8787
vn 0.6674 -0.4381 0.6022
vn 0.8539 -0.4371 -0.2825
vn 0.1819 -0.4346 -0.8821
vn -0.6700 -0.4332 -0.6029
vn 0.9473 0.0935 -0.3064
vn 0.9472 0.0933 -0.3067
vn 0.9472 0.0932 -0.3069
vn 0.9473 0.0936 -0.3063
vn 0.2086 0.0938 -0.9735
vn -0.7394 0.0935 -0.6667
vn -0.7392 0.0936 -0.6670
vn -0.7390 0.0936 -0.6671
vn -0.7395 0.0934 -0.6666
vn -0.9466 0.0936 0.3084
vn -0.9465 0.0933 0.3089
vn -0.9465 0.0932 0.3091
vn -0.9467 0.0936 0.3083
vn -0.2061 0.0937 0.9740
vn 0.7397 0.0933 0.6665
vn 0.7394 0.0934 0.6667
vn 0.7393 0.0935 0.6668
vn 0.7397 0.0932 0.6664
vn 0.0119 0.9999 0.0087
vn 0.9556 -0.0000 0.2946
vn -0.7225 -0.4337 0.5384
vn 0.1037 -0.4370 0.8935
vn 0.8275 -0.4390 0.3501
vn 0.7125 -0.4376 -0.5484
vn -0.1196 -0.4342 -0.8928
vn -0.8312 -0.4323 -0.3497
vn 0.7946 0.0934 -0.5999
vn 0.7944 0.0933 -0.6002
vn 0.7943 0.0933 -0.6003
vn 0.7946 0.0935 -0.5999
vn -0.1219 0.0938 -0.9881
vn -0.9172 0.0935 -0.3873
vn -0.9170 0.0936 -0.3876
vn -0.9170 0.0937 -0.3878
vn -0.9172 0.0934 -0.3872
vn -0.7928 0.0936 0.6023
vn -0.7926 0.0934 0.6026
vn -0.7925 0.0934 0.6027
vn -0.7928 0.0936 0.6022
vn 0.1253 0.0937 0.9877
vn 0.1253 0.0936 0.9877
vn 0.9174 0.0932 0.3869
vn 0.9172 0.0934 0.3872
vn 0.9172 0.0934 0.3874
vn 0.9174 0.0932 0.3868
vn 0.0190 0.9998 0.0059
vn 0.0191 0.9998 0.0059
vn 0.0377 -0.0000 0.9993
vn 0.0376 -0.0000 0.9993
vn -0.7499 -0.4356 -0.4979
vn -0.8061 -0.4357 0.4005
vn -0.0561 -0.4356 0.8984
vn 0.7500 -0.4355 0.4978
vn 0.8061 -0.4356 -0.4006
vn 0.0562 -0.4357 -0.8983
vn 0.8295 0.0935 0.5506
vn 0.8297 0.0935 0.5503
vn 0.8298 0.0934 0.5501
vn 0.8294 0.0935 0.5507
vn 0.8916 0.0938 -0.4431
vn 0.0623 0.0933 -0.9937
vn 0.0627 0.0935 -0.9936
vn 0.0629 0.0936 -0.9936
vn 0.0621 0.0932 -0.9937
vn -0.8296 0.0935 -0.5505
vn -0.8298 0.0933 -0.5502
vn -0.8299 0.0932 -0.5500
vn -0.8295 0.0935 -0.5506
vn -0.8916 0.0937 0.4430
vn -0.0623 0.0934 0.9937
vn -0.0626 0.0936 0.9936
vn -0.0627 0.0936 0.9936
vn -0.0622 0.0934 0.9937
vn -0.0000 1.0000 0.0002
vn 0.2522 -0.0000 0.9677
vn -0.8384 -0.4341 -0.3296
vn -0.7041 -0.4367 0.5600
vn 0.1381 -0.4380 0.8883
vn 0.8407 -0.4371 0.3195
vn 0.6975 -0.4346 -0.5698
vn -0.1395 -0.4332 -0.8904
vn 0.9284 0.0933 0.3598
vn 0.9285 0.0933 0.3594
vn 0.9286 0.0932 0.3592
vn 0.9283 0.0934 0.3599
vn 0.7759 0.0938 -0.6238
vn 0.7759 0.0939 -0.6238
vn -0.1533 0.0934 -0.9837
vn -0.1529 0.0936 -0.9838
vn -0.1527 0.0937 -0.9838
vn -0.1535 0.0934 -0.9837
vn -0.9291 0.0936 -0.3579
vn -0.9293 0.0933 -0.3574
vn -0.9294 0.0932 -0.3572
vn -0.9290 0.0937 -0.3580
vn -0.7743 0.0937 0.6258
vn -0.7744 0.0937 0.6257
vn -0.7745 0.0937 0.6256
vn -0.7743 0.0937 0.6259
vn 0.1535 0.0933 0.9837
vn 0.1531 0.0934 0.9838
vn 0.1530 0.0935 0.9838
vn 0.1536 0.0933 0.9837
vn 0.0037 0.9999 0.0142
vn 0.0037 0.9999 0.0143
vn 0.3983 -0.0000 0.9172
vn -0.8790 -0.4337 -0.1982
vn -0.6108 -0.4370 0.6603
vn 0.2729 -0.4390 0.8560
vn 0.8802 -0.4375 0.1841
vn 0.5999 -0.4342 -0.6720
vn -0.2755 -0.4323 -0.8586
vn 0.9726 0.0934 0.2127
vn 0.9727 0.0932 0.2123
vn 0.9728 0.0932 0.2122
vn 0.9726 0.0934 0.2128
vn 0.6708 0.0938 -0.7357
vn -0.3030 0.0935 -0.9484
vn -0.3026 0.0937 -0.9485
vn -0.3024 0.0937 -0.9486
vn -0.3032 0.0935 -0.9483
vn -0.9732 0.0936 -0.2098
vn -0.9734 0.0934 -0.2094
vn -0.9734 0.0933 -0.2092
vn -0.9732 0.0937 -0.2100
vn -0.6683 0.0937 0.7380
vn 0.3034 0.0932 0.9483
vn 0.3030 0.0934 0.9484
vn 0.3028 0.0934 0.9485
vn 0.3035 0.0932 0.9483
vn 0.0079 0.9998 0.0183
vn 0.5573 -0.0000 0.8303
vn -0.9002 -0.4341 -0.0349
vn -0.4804 -0.4368 0.7605
vn 0.4231 -0.4384 0.7930
vn 0.8990 -0.4373 0.0236
vn 0.4701 -0.4345 -0.7683
vn -0.4257 -0.4329 -0.7946
vn 0.9951 0.0934 0.0334
vn 0.9951 0.0933 0.0332
vn 0.9951 0.0933 0.0331
vn 0.9951 0.0935 0.0334
vn 0.5268 0.0938 -0.8448
vn 0.5266 0.0937 -0.8449
vn -0.4692 0.0935 -0.8781
vn -0.4689 0.0936 -0.8783
vn -0.4687 0.0936 -0.8784
vn -0.4693 0.0934 -0.8781
vn -0.9951 0.0936 -0.0311
vn -0.9952 0.0933 -0.0306
vn -0.9952 0.0932 -0.0304
vn -0.9951 0.0937 -0.0312
vn -0.5245 0.0937 0.8463
vn -0.5244 0.0937 0.8463
vn 0.4695 0.0932 0.8780
vn 0.4692 0.0934 0.8781
vn 0.4691 0.0934 0.8782
vn 0.4696 0.0932 0.8780
vn 0.0090 0.9999 0.0135
vn 0.0091 0.9999 0.0135
vn -0.4162 -0.0000 -0.9093
vn 0.8827 -0.4336 0.1811
vn 0.5977 -0.4370 -0.6722
vn -0.2895 -0.4390 -0.8506
vn -0.8835 -0.4377 -0.1667
vn -0.5867 -0.4342 0.6835
vn 0.2923 -0.4323 0.8530
vn -0.9766 0.0934 -0.1939
vn -0.9767 0.0932 -0.1934
vn -0.9767 0.0931 -0.1932
vn -0.9765 0.0935 -0.1940
vn -0.6562 0.0938 0.7487
vn -0.6562 0.0938 0.7488
vn -0.6561 0.0938 0.7488
vn 0.3215 0.0935 0.9423
vn 0.3210 0.0936 0.9424
vn 0.3209 0.0937 0.9425
vn 0.3216 0.0934 0.9422
vn 0.9772 0.0936 0.1907
vn 0.9773 0.0934 0.1902
vn 0.9773 0.0933 0.1901
vn 0.9771 0.0937 0.1908
vn 0.6538 0.0937 -0.7509
vn 0.6537 0.0937 -0.7509
vn 0.6537 0.0936 -0.7509
vn 0.6538 0.0937 -0.7508
vn -0.3219 0.0932 -0.9422
vn -0.3214 0.0933 -0.9423
vn -0.3213 0.0934 -0.9424
vn -0.3220 0.0932 -0.9421
vn -0.0083 0.9998 -0.0181
vn -0.2584 -0.4358 0.8621
vn 0.6178 -0.4354 0.6548
vn 0.8759 -0.4356 -0.2076
vn 0.2581 -0.4357 -0.8623
vn -0.8760 -0.4354 0.2076
vn 0.2857 0.0934 -0.9538
vn 0.2853 0.0933 -0.9539
vn 0.2858 0.0934 -0.9537
vn -0.6832 0.0936 -0.7242
vn -0.6833 0.0936 -0.7241
vn -0.9688 0.0934 0.2295
vn -0.2855 0.0934 0.9538
vn -0.2853 0.0933 0.9539
vn -0.2853 0.0932 0.9539
vn 0.6833 0.0940 0.7241
vn 0.9688 0.0934 -0.2295
vn 0.9689 0.0939 -0.2289
vn 0.9689 0.0941 -0.2287
vn 0.9688 0.0933 -0.2296
vn 0.0833 -0.0000 -0.9965
vn 0.0831 -0.0000 -0.9965
vn 0.0834 -0.0000 -0.9965
vn 0.6815 -0.4342 0.5891
vn 0.8501 -0.4365 -0.2945
vn 0.1648 -0.4380 -0.8837
vn -0.6871 -0.4372 -0.5804
vn -0.8470 -0.4348 0.3059
vn -0.1639 -0.4331 0.8863
vn -0.7563 0.0935 -0.6475
vn -0.7565 0.0933 -0.6473
vn -0.7566 0.0932 -0.6472
vn -0.7562 0.0935 -0.6476
vn -0.9390 0.0937 0.3309
vn -0.9391 0.0938 0.3307
vn -0.9391 0.0938 0.3306
vn -0.1821 0.0934 0.9788
vn -0.1827 0.0936 0.9787
vn -0.1830 0.0936 0.9786
vn -0.1818 0.0934 0.9789
vn 0.7576 0.0936 0.6460
vn 0.7579 0.0933 0.6456
vn 0.7581 0.0932 0.6455
vn 0.7574 0.0937 0.6461
vn 0.9382 0.0937 -0.3332
vn 0.1815 0.0933 -0.9790
vn 0.1820 0.0934 -0.9788
vn 0.1823 0.0935 -0.9788
vn 0.1813 0.0932 -0.9790
vn 0.0012 0.9999 -0.0147
vn -0.0060 -0.0000 -1.0000
vn -0.0063 -0.0000 -1.0000
vn -0.0056 -0.0000 -1.0000
vn 0.7303 -0.4338 0.5278
vn 0.8211 -0.4369 -0.3672
vn 0.0856 -0.4390 -0.8944
vn -0.7370 -0.4378 -0.5150
vn -0.8157 -0.4341 0.3823
vn -0.0837 -0.4322 0.8979
vn -0.8106 0.0934 -0.5781
vn -0.8108 0.0932 -0.5779
vn -0.8108 0.0932 -0.5778
vn -0.8106 0.0935 -0.5781
vn -0.9059 0.0938 0.4129
vn -0.9060 0.0938 0.4128
vn -0.9060 0.0939 0.4127
vn -0.9059 0.0938 0.4130
vn -0.0944 0.0936 0.9911
vn -0.0944 0.0937 0.9911
vn -0.0944 0.0935 0.9911
vn 0.8127 0.0936 0.5752
vn 0.8127 0.0935 0.5751
vn 0.9044 0.0935 -0.4163
vn 0.9044 0.0936 -0.4163
vn 0.9044 0.0937 -0.4163
vn 0.0934 0.0932 -0.9912
vn 0.0941 0.0933 -0.9912
vn 0.0943 0.0934 -0.9912
vn 0.0932 0.0932 -0.9913
vn -0.0001 0.9998 -0.0200
vn -0.0001 0.9998 -0.0199
vn 0.0106 -0.0000 -0.9999
vn 0.7222 -0.4341 0.5385
vn 0.8265 -0.4369 -0.3550
vn 0.1003 -0.4384 -0.8931
vn -0.7278 -0.4371 -0.5285
vn -0.8223 -0.4346 0.3674
vn -0.0990 -0.4329 0.8960
vn -0.8013 0.0934 -0.5909
vn -0.8014 0.0933 -0.5908
vn -0.8015 0.0933 -0.5907
vn -0.8012 0.0934 -0.5910
vn -0.9125 0.0939 0.3982
vn -0.9125 0.0937 0.3982
vn -0.9124 0.0939 0.3983
vn -0.1105 0.0935 0.9895
vn -0.1110 0.0937 0.9894
vn -0.1112 0.0937 0.9894
vn -0.1104 0.0935 0.9895
vn 0.8026 0.0935 0.5892
vn 0.8029 0.0933 0.5887
vn 0.8031 0.0933 0.5886
vn 0.9113 0.0937 -0.4008
vn 0.9114 0.0937 -0.4008
vn 0.9114 0.0937 -0.4007
vn 0.9113 0.0937 -0.4009
vn 0.1105 0.0932 -0.9895
vn 0.1105 0.0933 -0.9895
vn 0.1105 0.0934 -0.9895
vn 0.1105 0.0931 -0.9895
vn 0.0002 0.9999 -0.0162
vn 0.0002 0.9999 -0.0163
vn -0.7496 -0.4469 -0.4883
vn -0.8050 -0.4270 0.4118
vn -0.0863 -0.4168 0.9049
vn 0.7116 -0.4236 0.5605
vn 0.8352 -0.4432 -0.3255
vn 0.0940 -0.4562 -0.8849
vn 0.8131 0.0941 0.5745
vn 0.8133 0.0938 0.5743
vn 0.8133 0.0937 0.5742
vn 0.8130 0.0941 0.5746
vn 0.9035 0.0933 -0.4183
vn 0.9036 0.0932 -0.4181
vn 0.9036 0.0932 -0.4180
vn 0.9035 0.0933 -0.4184
vn 0.0982 0.0923 -0.9909
vn 0.0990 0.0925 -0.9908
vn 0.0993 0.0925 -0.9907
vn 0.0979 0.0922 -0.9909
vn -0.8031 0.0928 -0.5885
vn -0.8031 0.0927 -0.5885
vn -0.8032 0.0926 -0.5885
vn -0.9117 0.0939 0.4000
vn -0.9117 0.0941 0.3999
vn -0.9118 0.0942 0.3998
vn -0.9117 0.0938 0.4000
vn -0.1005 0.0944 0.9904
vn -0.1004 0.0944 0.9905
vn -0.1004 0.0945 0.9905
vn -0.1006 0.0944 0.9904
vn -0.0000 0.9935 -0.1141
vn -0.0000 0.9935 -0.1142
vn -0.7455 -0.4445 -0.4967
vn -0.8083 -0.4296 0.4026
vn -0.0870 -0.4210 0.9029
vn 0.7161 -0.4264 0.5526
vn 0.8319 -0.4416 -0.3360
vn 0.0926 -0.4512 -0.8876
vn 0.8122 0.0940 0.5758
vn 0.8125 0.0937 0.5754
vn 0.8126 0.0936 0.5753
vn 0.8121 0.0940 0.5759
vn 0.9046 0.0936 -0.4160
vn 0.9045 0.0935 -0.4160
vn 0.0987 0.0926 -0.9908
vn 0.0988 0.0927 -0.9908
vn -0.8045 0.0930 -0.5867
vn -0.8045 0.0929 -0.5866
vn -0.8046 0.0929 -0.5866
vn -0.9106 0.0942 0.4025
vn -0.9106 0.0943 0.4024
vn -0.9106 0.0944 0.4023
vn -0.9106 0.0941 0.4025
vn -0.1006 0.0942 0.9905
vn -0.1013 0.0944 0.9904
vn -0.1017 0.0944 0.9903
vn -0.1003 0.0941 0.9905
vn -0.0000 0.9961 -0.0884
vn -0.0000 0.9961 -0.0885
vn -0.7398 -0.4408 -0.5083
vn -0.8131 -0.4318 0.3904
vn -0.0889 -0.4265 0.9001
vn 0.7221 -0.4296 0.5423
vn 0.8276 -0.4395 -0.3493
vn 0.0917 -0.4452 -0.8907
vn 0.8106 0.0937 0.5780
vn 0.8108 0.0934 0.5778
vn 0.8109 0.0933 0.5778
vn 0.8105 0.0938 0.5781
vn 0.9057 0.0935 -0.4135
vn 0.9057 0.0934 -0.4135
vn 0.0996 0.0929 -0.9907
vn 0.0996 0.0930 -0.9907
vn -0.8059 0.0932 -0.5847
vn -0.8062 0.0929 -0.5843
vn -0.8064 0.0928 -0.5841
vn -0.8058 0.0933 -0.5848
vn -0.9096 0.0938 0.4048
vn -0.9095 0.0938 0.4049
vn -0.1004 0.0938 0.9905
vn -0.1000 0.0939 0.9905
vn -0.0999 0.0939 0.9906
vn -0.1006 0.0938 0.9905
vn -0.0000 0.9985 -0.0544
vn -0.0000 0.9985 -0.0543
vn -0.0000 0.9985 -0.0545
vn -0.7322 -0.4371 -0.5223
vn -0.8192 -0.4349 0.3739
vn -0.0900 -0.4336 0.8966
vn 0.7287 -0.4346 0.5293
vn 0.8220 -0.4365 -0.3656
vn 0.0908 -0.4374 -0.8947
vn 0.8085 0.0936 0.5810
vn 0.8087 0.0935 0.5807
vn 0.8088 0.0935 0.5806
vn 0.8084 0.0937 0.5811
vn 0.9073 0.0938 -0.4098
vn 0.9073 0.0936 -0.4100
vn 0.9072 0.0935 -0.4101
vn 0.9074 0.0939 -0.4097
vn 0.0996 0.0933 -0.9906
vn 0.1001 0.0935 -0.9906
vn 0.1003 0.0936 -0.9905
vn 0.0994 0.0932 -0.9907
vn -0.8076 0.0935 -0.5822
vn -0.8081 0.0934 -0.5815
vn -0.8084 0.0933 -0.5812
vn -0.8075 0.0935 -0.5825
vn -0.9080 0.0938 0.4082
vn -0.9080 0.0938 0.4084
vn -0.9081 0.0938 0.4082
vn -0.0994 0.0935 0.9907
vn -0.1003 0.0935 0.9905
vn -0.1008 0.0936 0.9905
vn -0.0990 0.0935 0.9907
vn -0.0000 0.9999 -0.0113
vn -0.0000 0.9999 -0.0112
vn 0.4145 -0.0000 -0.9100
vn 0.4144 -0.0000 -0.9101
vn 0.4146 -0.0000 -0.9100
vn 0.4414 -0.4336 0.7856
vn 0.8994 -0.4370 0.0116
vn 0.4532 -0.4390 -0.7758
vn -0.4526 -0.4376 -0.7769
vn -0.9008 -0.4342 0.0043
vn -0.4533 -0.4323 0.7795
vn -0.4933 0.0934 -0.8648
vn -0.4935 0.0933 -0.8647
vn -0.4936 0.0932 -0.8647
vn -0.4932 0.0934 -0.8649
vn -0.9956 0.0938 -0.0057
vn -0.9956 0.0938 -0.0055
vn -0.9956 0.0937 -0.0054
vn -0.9956 0.0939 -0.0057
vn -0.5015 0.0935 0.8601
vn -0.5020 0.0937 0.8598
vn -0.5022 0.0937 0.8597
vn -0.5013 0.0935 0.8602
vn 0.4959 0.0935 0.8633
vn 0.4960 0.0934 0.8633
vn 0.4961 0.0934 0.8632
vn 0.4958 0.0935 0.8634
vn 0.9956 0.0936 0.0023
vn 0.9956 0.0937 0.0021
vn 0.9956 0.0937 0.0020
vn 0.5013 0.0932 -0.8602
vn 0.5018 0.0934 -0.8599
vn 0.5020 0.0935 -0.8598
vn 0.5011 0.0932 -0.8603
vn 0.0083 0.9998 -0.0181
vn -0.5939 -0.0000 0.8045
vn -0.5940 -0.0000 0.8045
vn -0.2704 -0.4341 -0.8593
vn -0.8780 -0.4368 -0.1961
vn -0.6040 -0.4383 0.6656
vn 0.2811 -0.4372 0.8543
vn 0.8818 -0.4345 0.1835
vn 0.6046 -0.4329 -0.6686
vn 0.3040 0.0934 0.9481
vn 0.3043 0.0933 0.9480
vn 0.3044 0.0933 0.9480
vn 0.3039 0.0934 0.9481
vn 0.9729 0.0938 0.2113
vn 0.9729 0.0937 0.2112
vn 0.9729 0.0939 0.2114
vn 0.6686 0.0936 -0.7377
vn 0.6689 0.0937 -0.7374
vn 0.6691 0.0937 -0.7373
vn 0.6685 0.0935 -0.7378
vn -0.3063 0.0935 -0.9473
vn -0.3067 0.0934 -0.9472
vn -0.3068 0.0934 -0.9472
vn -0.3061 0.0936 -0.9474
vn -0.9735 0.0938 -0.2084
vn -0.9735 0.0937 -0.2084
vn -0.9735 0.0936 -0.2084
vn -0.6684 0.0932 0.7379
vn -0.6688 0.0934 0.7376
vn -0.6689 0.0935 0.7374
vn -0.6683 0.0931 0.7380
vn -0.0096 0.9999 0.0131
vn -0.0096 0.9999 0.0130
vn -0.2329 -0.0000 0.9725
vn -0.2335 -0.0000 0.9724
vn -0.2330 -0.0000 0.9725
vn -0.2325 -0.0000 0.9726
vn -0.6972 -0.4780 -0.5343
vn -0.8897 -0.4482 0.0864
vn -0.3058 -0.5582 0.7713
vn 0.6619 -0.4658 0.5873
vn 0.8894 -0.4565 -0.0240
vn 0.3022 -0.5978 -0.7425
vn 0.7716 0.1037 0.6275
vn 0.7718 0.1036 0.6273
vn 0.7720 0.1035 0.6271
vn 0.7715 0.1038 0.6277
vn 0.9928 0.0980 -0.0685
vn 0.9928 0.0980 -0.0686
vn 0.9928 0.0979 -0.0686
vn 0.9928 0.0981 -0.0684
vn 0.3704 0.1345 -0.9191
vn -0.7622 0.1030 -0.6391
vn -0.7625 0.1029 -0.6387
vn -0.7628 0.1027 -0.6384
vn -0.7620 0.1031 -0.6393
vn -0.9936 0.0983 0.0555
vn -0.9936 0.0983 0.0554
vn -0.9936 0.0984 0.0554
vn -0.3688 0.1369 0.9194
vn -0.3696 0.1373 0.9190
vn -0.3700 0.1375 0.9188
vn -0.3685 0.1368 0.9195
vn 0.0183 0.9973 -0.0706
vn 0.0184 0.9973 -0.0706
vn 0.0006 -0.0000 1.0000
vn -0.0006 -0.0000 1.0000
vn -0.7510 -0.4476 -0.4855
vn -0.8036 -0.4268 0.4148
vn -0.0863 -0.4157 0.9054
vn 0.7095 -0.4236 0.5631
vn 0.8362 -0.4437 -0.3224
vn 0.0943 -0.4577 -0.8841
vn 0.8135 0.0942 0.5738
vn 0.8140 0.0940 0.5732
vn 0.8142 0.0940 0.5729
vn 0.8134 0.0942 0.5741
vn 0.9033 0.0933 -0.4188
vn 0.9036 0.0933 -0.4181
vn 0.9032 0.0933 -0.4190
vn 0.0978 0.0922 -0.9909
vn 0.0995 0.0924 -0.9907
vn 0.1002 0.0925 -0.9907
vn 0.0972 0.0922 -0.9910
vn -0.8027 0.0929 -0.5891
vn -0.8029 0.0927 -0.5889
vn -0.8030 0.0927 -0.5888
vn -0.8027 0.0930 -0.5892
vn -0.9121 0.0940 0.3991
vn -0.9121 0.0940 0.3990
vn -0.9122 0.0941 0.3989
vn -0.9120 0.0940 0.3992
vn -0.1006 0.0945 0.9904
vn -0.1004 0.0945 0.9904
vn -0.1003 0.0946 0.9905
vn 0.0006 0.9926 -0.1218
vn 0.0007 0.9926 -0.1218
vn 0.0006 0.9925 -0.1218
vn -0.0001 -0.0000 1.0000
vn 0.0002 -0.0000 1.0000
vn -0.0004 -0.0000 1.0000
vn -0.7524 -0.4492 -0.4819
vn -0.8023 -0.4260 0.4182
vn -0.0853 -0.4139 0.9063
vn 0.7077 -0.4226 0.5662
vn 0.8374 -0.4446 -0.3179
vn 0.0946 -0.4592 -0.8833
vn 0.8139 0.0942 0.5733
vn 0.8141 0.0942 0.5730
vn 0.8142 0.0942 0.5729
vn 0.8138 0.0941 0.5734
vn 0.9031 0.0933 -0.4192
vn 0.9031 0.0931 -0.4191
vn 0.9031 0.0930 -0.4191
vn 0.9031 0.0934 -0.4192
vn 0.0979 0.0923 -0.9909
vn 0.0978 0.0923 -0.9909
vn 0.0983 0.0922 -0.9909
vn -0.8025 0.0928 -0.5894
vn -0.8024 0.0927 -0.5895
vn -0.8024 0.0927 -0.5896
vn -0.9122 0.0944 0.3987
vn -0.9124 0.0942 0.3984
vn -0.9125 0.0941 0.3982
vn -0.9122 0.0945 0.3988
vn -0.1012 0.0947 0.9903
vn -0.1015 0.0948 0.9903
vn -0.1002 0.0945 0.9905
vn -0.0000 0.9912 -0.1322
vn 0.0001 0.9912 -0.1321
vn 0.0001 0.9912 -0.1320
vn -0.0000 0.9912 -0.1321
vn 0.0003 -0.0000 1.0000
vn 0.0007 -0.0000 1.0000
vn 0.0004 -0.0000 1.0000
vn -0.7527 -0.4488 -0.4816
vn -0.8020 -0.4259 0.4189
vn -0.0863 -0.4137 0.9063
vn 0.7086 -0.4217 0.5657
vn 0.8373 -0.4447 -0.3180
vn 0.0943 -0.4596 -0.8831
vn 0.8141 0.0941 0.5730
vn 0.8144 0.0939 0.5726
vn 0.8146 0.0939 0.5724
vn 0.8140 0.0941 0.5731
vn 0.9029 0.0932 -0.4197
vn 0.9028 0.0935 -0.4199
vn 0.9027 0.0936 -0.4199
vn 0.0980 0.0921 -0.9909
vn 0.0990 0.0923 -0.9908
vn 0.0994 0.0924 -0.9907
vn 0.0977 0.0920 -0.9910
vn -0.8025 0.0927 -0.5895
vn -0.8024 0.0925 -0.5896
vn -0.8023 0.0924 -0.5897
vn -0.9123 0.0942 0.3986
vn -0.9123 0.0941 0.3985
vn -0.1008 0.0946 0.9904
vn -0.1010 0.0946 0.9904
vn -0.1012 0.0947 0.9904
vn -0.1007 0.0945 0.9904
vn -0.0000 0.9912 -0.1327
vn -0.0001 0.9912 -0.1327
vn 0.0001 0.9912 -0.1327
vn -0.0000 0.9912 -0.1326
vn -0.0001 0.9912 -0.1326
vn -0.8183 -0.0000 0.5748
vn -0.8184 -0.0000 0.5747
vn -0.8182 -0.0000 0.5750
vn 0.0102 -0.4358 -0.9000
vn -0.7748 -0.4355 -0.4583
vn -0.7845 -0.4355 0.4415
vn -0.0105 -0.4357 0.9000
vn 0.7745 -0.4357 0.4585
vn 0.7844 -0.4359 -0.4412
vn -0.0113 0.0937 0.9955
vn -0.0105 0.0935 0.9956
vn -0.0102 0.0935 0.9956
vn -0.0116 0.0937 0.9955
vn 0.8570 0.0938 0.5068
vn 0.8569 0.0939 0.5069
vn 0.8568 0.0939 0.5070
vn 0.8570 0.0938 0.5067
vn 0.8678 0.0934 -0.4881
vn 0.8681 0.0936 -0.4875
vn 0.8682 0.0938 -0.4873
vn 0.8677 0.0933 -0.4882
vn 0.0111 0.0936 -0.9956
vn 0.0103 0.0934 -0.9956
vn 0.0100 0.0933 -0.9956
vn 0.0113 0.0936 -0.9955
vn -0.8568 0.0936 -0.5071
vn -0.8570 0.0936 -0.5067
vn -0.8571 0.0935 -0.5065
vn -0.8567 0.0936 -0.5072
vn -0.8678 0.0933 0.4881
vn -0.8678 0.0934 0.4880
vn -0.8679 0.0934 0.4879
vn 0.6904 -0.0000 0.7234
vn 0.6903 -0.0000 0.7235
vn 0.6905 -0.0000 0.7234
vn -0.8914 -0.4357 0.1247
vn -0.3375 -0.4356 0.8345
vn 0.5540 -0.4354 0.7095
vn 0.8916 -0.4355 -0.1243
vn 0.3377 -0.4357 -0.8344
vn -0.5542 -0.4357 -0.7093
vn 0.9861 0.0931 -0.1379
vn 0.9860 0.0931 -0.1381
vn 0.9860 0.0931 -0.1382
vn 0.3733 0.0936 -0.9230
vn 0.3737 0.0936 -0.9228
vn 0.3739 0.0936 -0.9227
vn 0.3731 0.0936 -0.9230
vn -0.6126 0.0933 -0.7849
vn -0.6120 0.0935 -0.7853
vn -0.6118 0.0936 -0.7855
vn -0.6128 0.0933 -0.7847
vn -0.9860 0.0938 0.1378
vn -0.9859 0.0933 0.1386
vn -0.9859 0.0932 0.1390
vn -0.9860 0.0939 0.1375
vn -0.3735 0.0938 0.9229
vn -0.3736 0.0938 0.9228
vn -0.3737 0.0937 0.9228
vn 0.6124 0.0932 0.7850
vn 0.6114 0.0935 0.7858
vn 0.6110 0.0937 0.7861
vn 0.6128 0.0930 0.7848
vn 0.9595 -0.0000 0.2815
vn 0.9595 -0.0000 0.2816
vn 0.9596 -0.0000 0.2815
vn -0.7099 -0.4357 0.5533
vn 0.1246 -0.4356 0.8915
vn 0.8342 -0.4354 0.3384
vn 0.7101 -0.4356 -0.5531
vn -0.1242 -0.4358 -0.8914
vn -0.8341 -0.4358 -0.3383
vn 0.7849 0.0937 -0.6125
vn 0.7847 0.0935 -0.6128
vn 0.7846 0.0934 -0.6129
vn 0.7850 0.0938 -0.6124
vn -0.1375 0.0938 -0.9860
vn -0.1372 0.0939 -0.9861
vn -0.1371 0.0940 -0.9861
vn -0.1376 0.0938 -0.9860
vn -0.9225 0.0933 -0.3745
vn -0.9223 0.0936 -0.3751
vn -0.9222 0.0937 -0.3753
vn -0.9226 0.0932 -0.3743
vn -0.7855 0.0935 0.6118
vn -0.7852 0.0933 0.6122
vn -0.7851 0.0933 0.6123
vn -0.7856 0.0935 0.6117
vn 0.1380 0.0935 0.9860
vn 0.1378 0.0935 0.9860
vn 0.1381 0.0936 0.9860
vn 0.9226 0.0933 0.3743
vn -0.7773 -0.0000 -0.6292
vn 0.8704 -0.4342 -0.2322
vn 0.2344 -0.4366 -0.8686
vn -0.6379 -0.4381 -0.6333
vn -0.8663 -0.4371 0.2419
vn -0.2233 -0.4346 0.8725
vn 0.6406 -0.4332 0.6340
vn -0.9607 0.0935 0.2613
vn -0.9606 0.0933 0.2618
vn -0.9606 0.0932 0.2619
vn -0.9607 0.0935 0.2612
vn -0.2546 0.0938 0.9625
vn -0.2545 0.0938 0.9625
vn -0.2544 0.0938 0.9625
vn -0.2547 0.0937 0.9625
vn 0.7071 0.0934 0.7009
vn 0.7068 0.0937 0.7012
vn 0.7067 0.0937 0.7013
vn 0.7072 0.0934 0.7009
vn 0.9601 0.0936 -0.2634
vn 0.9601 0.0935 -0.2637
vn 0.9600 0.0934 -0.2638
vn 0.9602 0.0936 -0.2633
vn 0.2521 0.0936 -0.9632
vn 0.2521 0.0937 -0.9632
vn 0.2521 0.0937 -0.9631
vn 0.2520 0.0936 -0.9632
vn -0.7072 0.0933 -0.7008
vn -0.7070 0.0934 -0.7010
vn -0.7070 0.0935 -0.7010
vn -0.7073 0.0933 -0.7008
vn -0.0115 0.9999 -0.0093
vn -0.0115 0.9999 -0.0092
vn -0.0114 0.9999 -0.0092
vn -0.0114 0.9999 -0.0093
vn -0.9986 -0.0000 0.0530
vn -0.9986 -0.0000 0.0531
vn 0.4928 -0.4337 -0.7544
vn -0.4055 -0.4371 -0.8028
vn -0.8974 -0.4391 -0.0432
vn -0.4795 -0.4376 0.7606
vn 0.4203 -0.4342 0.7967
vn 0.9008 -0.4323 0.0416
vn -0.5391 0.0934 0.8370
vn -0.5386 0.0932 0.8374
vn -0.5383 0.0931 0.8376
vn -0.5393 0.0935 0.8369
vn 0.4552 0.0938 0.8854
vn 0.4553 0.0939 0.8854
vn 0.4554 0.0939 0.8853
vn 0.9945 0.0935 0.0471
vn 0.9945 0.0937 0.0473
vn 0.9945 0.0938 0.0474
vn 0.5361 0.0935 -0.8389
vn 0.5363 0.0934 -0.8388
vn 0.5364 0.0934 -0.8388
vn 0.5361 0.0935 -0.8390
vn -0.4583 0.0936 -0.8839
vn -0.4582 0.0936 -0.8839
vn -0.4581 0.0936 -0.8839
vn -0.9945 0.0932 -0.0468
vn -0.9945 0.0934 -0.0470
vn -0.9945 0.0934 -0.0471
vn -0.9946 0.0932 -0.0467
vn -0.0199 0.9998 0.0011
vn -0.0199 0.9998 0.0010
vn 0.0072 -0.0000 1.0000
vn 0.0070 -0.0000 1.0000
vn 0.0074 -0.0000 1.0000
vn -0.7319 -0.4339 -0.5253
vn -0.8202 -0.4368 0.3694
vn -0.0839 -0.4384 0.8949
vn 0.7371 -0.4371 0.5153
vn 0.8157 -0.4344 -0.3819
vn 0.0833 -0.4329 -0.8976
vn 0.8118 0.0934 0.5764
vn 0.8119 0.0933 0.5763
vn 0.8119 0.0932 0.5763
vn 0.8118 0.0935 0.5765
vn 0.9053 0.0939 -0.4143
vn 0.9053 0.0938 -0.4144
vn 0.9052 0.0938 -0.4144
vn 0.9053 0.0939 -0.4142
vn 0.0926 0.0935 -0.9913
vn 0.0932 0.0936 -0.9912
vn 0.0934 0.0937 -0.9912
vn 0.0924 0.0935 -0.9913
vn -0.8131 0.0935 -0.5746
vn -0.8132 0.0934 -0.5744
vn -0.8133 0.0933 -0.5743
vn -0.8130 0.0935 -0.5747
vn -0.9041 0.0937 0.4169
vn -0.9040 0.0937 0.4172
vn -0.9039 0.0936 0.4173
vn -0.0924 0.0933 0.9913
vn -0.0926 0.0934 0.9913
vn -0.0926 0.0935 0.9913
vn -0.0924 0.0932 0.9914
vn 0.0001 0.9999 0.0162
vn 0.0001 0.9999 0.0163
vn 0.4583 -0.4357 -0.7746
vn -0.4416 -0.4355 -0.7844
vn -0.9001 -0.4355 -0.0094
vn -0.4586 -0.4356 0.7746
vn 0.4419 -0.4356 0.7842
vn 0.9001 -0.4355 0.0094
vn -0.5072 0.0933 0.8568
vn -0.5071 0.0932 0.8569
vn -0.5070 0.0931 0.8569
vn -0.5073 0.0933 0.8567
vn 0.4885 0.0937 0.8675
vn 0.4890 0.0936 0.8672
vn 0.4892 0.0936 0.8671
vn 0.4883 0.0937 0.8677
vn 0.9956 0.0934 0.0105
vn 0.9956 0.0934 0.0107
vn 0.9956 0.0933 0.0104
vn 0.5068 0.0937 -0.8569
vn 0.5070 0.0935 -0.8569
vn 0.5071 0.0934 -0.8568
vn 0.5068 0.0937 -0.8570
vn -0.4888 0.0936 -0.8674
vn -0.4889 0.0936 -0.8673
vn -0.9956 0.0931 -0.0107
vn -0.9956 0.0934 -0.0114
vn -0.9956 0.0935 -0.0118
vn -0.9956 0.0930 -0.0104
vn 0.4075 -0.0000 0.9132
vn 0.4072 -0.0000 0.9133
vn 0.4078 -0.0000 0.9131
vn -0.8816 -0.4356 -0.1816
vn -0.5982 -0.4356 0.6726
vn 0.2834 -0.4357 0.8543
vn 0.8813 -0.4361 0.1821
vn 0.5986 -0.4355 -0.6723
vn -0.2834 -0.4354 -0.8545
vn 0.9752 0.0936 0.2008
vn 0.9752 0.0935 0.2007
vn 0.9751 0.0936 0.2008
vn 0.6615 0.0937 -0.7440
vn 0.6614 0.0937 -0.7441
vn 0.6614 0.0937 -0.7442
vn 0.6616 0.0937 -0.7440
vn -0.3129 0.0933 -0.9452
vn -0.3122 0.0935 -0.9454
vn -0.3119 0.0936 -0.9455
vn -0.3131 0.0932 -0.9451
vn -0.9751 0.0935 -0.2010
vn -0.9753 0.0932 -0.2003
vn -0.9754 0.0931 -0.1999
vn -0.9750 0.0936 -0.2013
vn -0.6617 0.0936 0.7439
vn -0.6615 0.0935 0.7441
vn -0.6614 0.0935 0.7442
vn 0.3133 0.0933 0.9451
vn 0.3127 0.0934 0.9452
vn 0.3125 0.0934 0.9453
vn 0.3135 0.0933 0.9450
vn 0.9950 -0.0000 0.1000
vn -0.5963 -0.4358 0.6741
vn 0.2857 -0.4355 0.8536
vn 0.8822 -0.4356 0.1789
vn 0.5965 -0.4354 -0.6743
vn -0.2864 -0.4358 -0.8533
vn -0.8822 -0.4356 -0.1788
vn 0.6595 0.0936 -0.7458
vn 0.6592 0.0934 -0.7462
vn 0.6591 0.0933 -0.7463
vn 0.6596 0.0937 -0.7457
vn -0.3160 0.0936 -0.9441
vn -0.3158 0.0937 -0.9442
vn -0.3157 0.0937 -0.9442
vn -0.9758 0.0933 -0.1979
vn -0.9757 0.0935 -0.1980
vn -0.9758 0.0933 -0.1978
vn -0.6593 0.0936 0.7461
vn -0.6589 0.0934 0.7464
vn -0.6588 0.0933 0.7465
vn -0.6594 0.0936 0.7459
vn 0.3163 0.0938 0.9440
vn 0.3162 0.0938 0.9441
vn 0.3161 0.0938 0.9441
vn 0.3164 0.0938 0.9440
vn 0.9758 0.0933 0.1979
vn 0.9756 0.0936 0.1985
vn 0.9756 0.0937 0.1988
vn 0.9758 0.0933 0.1977
vn -0.4626 -0.0000 -0.8866
vn -0.4623 -0.0000 -0.8867
vn -0.4625 -0.0000 -0.8866
vn -0.4628 -0.0000 -0.8864
vn 0.8911 -0.4356 0.1270
vn 0.5554 -0.4354 -0.7085
vn -0.3355 -0.4353 -0.8354
vn -0.8911 -0.4357 -0.1270
vn -0.5550 -0.4359 0.7085
vn 0.3358 -0.4358 0.8351
vn -0.9857 0.0937 -0.1403
vn -0.9858 0.0933 -0.1394
vn -0.9859 0.0931 -0.1391
vn -0.9856 0.0938 -0.1406
vn -0.6143 0.0938 0.7835
vn -0.6142 0.0937 0.7835
vn -0.6142 0.0936 0.7835
vn -0.6143 0.0939 0.7835
vn 0.3706 0.0932 0.9241
vn 0.3706 0.0933 0.9241
vn 0.3706 0.0934 0.9241
vn 0.3706 0.0931 0.9241
vn 0.9857 0.0934 0.1403
vn 0.9858 0.0932 0.1399
vn 0.9858 0.0932 0.1397
vn 0.9857 0.0934 0.1405
vn 0.6139 0.0937 -0.7838
vn 0.6133 0.0936 -0.7842
vn 0.6131 0.0936 -0.7845
vn 0.6141 0.0937 -0.7836
vn -0.3712 0.0932 -0.9239
vn -0.3706 0.0934 -0.9241
vn -0.3703 0.0935 -0.9242
vn -0.3714 0.0931 -0.9238
vn -0.3906 -0.0001 -0.9205
vn -0.3911 -0.0000 -0.9204
vn -0.3907 -0.0001 -0.9205
vn -0.3903 -0.0003 -0.9207
vn 0.8785 -0.4351 0.1973
vn 0.6112 -0.4351 -0.6611
vn -0.2665 -0.4355 -0.8599
vn -0.8778 -0.4357 -0.1992
vn -0.8775 -0.4361 -0.1994
vn -0.8776 -0.4360 -0.1994
vn -0.6104 -0.4362 0.6612
vn 0.2681 -0.4357 0.8592
vn 0.2687 -0.4357 0.8590
vn -0.9712 0.0935 -0.2190
vn -0.9713 0.0933 -0.2186
vn -0.9714 0.0932 -0.2184
vn -0.9712 0.0936 -0.2192
vn -0.6758 0.0936 0.7311
vn -0.6755 0.0937 0.7314
vn -0.6755 0.0938 0.7314
vn -0.6761 0.0936 0.7308
vn 0.2949 0.0933 0.9510
vn 0.2958 0.0934 0.9507
vn 0.2960 0.0934 0.9506
vn 0.2950 0.0933 0.9509
vn 0.9711 0.0935 0.2196
vn 0.9712 0.0933 0.2193
vn 0.9712 0.0933 0.2191
vn 0.9711 0.0935 0.2197
vn 0.6756 0.0938 -0.7313
vn 0.6757 0.0939 -0.7312
vn 0.6753 0.0939 -0.7315
vn 0.6755 0.0938 -0.7313
vn -0.2958 0.0935 -0.9507
vn -0.2949 0.0935 -0.9509
vn -0.2945 0.0935 -0.9511
vn -0.2961 0.0935 -0.9506
vn -0.0024 1.0000 0.0016
vn -0.0024 1.0000 0.0017
vn -0.7724 0.0001 -0.6351
vn -0.7725 -0.0000 -0.6350
vn -0.7725 0.0001 -0.6351
vn -0.7724 0.0002 -0.6352
vn 0.5621 -0.4882 -0.6676
vn 0.5830 -0.4905 -0.6478
vn 0.7278 -0.4938 -0.4760
vn 0.3895 -0.4582 -0.7990
vn -0.4435 -0.7006 -0.5590
vn -0.5686 -0.4893 0.6613
vn -0.5945 -0.4919 0.6361
vn -0.7366 -0.4935 0.4624
vn -0.3968 -0.4600 0.7944
vn 0.4425 -0.7102 0.5475
vn -0.8353 0.1096 0.5388
vn -0.8352 0.1096 0.5388
vn -0.8352 0.1096 0.5389
vn -0.8353 0.1095 0.5387
vn -0.4401 0.1002 0.8923
vn -0.4398 0.1001 0.8925
vn -0.4394 0.1000 0.8927
vn -0.4405 0.1003 0.8921
vn 0.6106 0.1890 0.7691
vn 0.6096 0.1894 0.7697
vn 0.6097 0.1893 0.7697
vn 0.6109 0.1889 0.7688
vn 0.8387 0.1092 -0.5336
vn 0.8386 0.1091 -0.5337
vn 0.8385 0.1089 -0.5339
vn 0.8388 0.1093 -0.5334
vn 0.4399 0.1000 -0.8925
vn 0.4399 0.1000 -0.8924
vn 0.4400 0.1000 -0.8924
vn 0.4398 0.1000 -0.8925
vn -0.6159 0.1897 -0.7646
vn -0.6142 0.1903 -0.7659
vn -0.6134 0.1906 -0.7664
vn -0.6171 0.1893 -0.7638
vn 0.0077 0.9999 0.0110
vn 0.0078 0.9999 0.0110
vn 0.0077 0.9999 0.0109
vn 0.0078 0.9999 0.0109
vn -0.9830 -0.0004 0.1838
vn -0.9829 -0.0000 0.1840
vn -0.9830 -0.0003 0.1838
vn -0.9830 -0.0007 0.1836
vn -0.1562 -0.4886 -0.8584
vn -0.1308 -0.4908 -0.8614
vn 0.0925 -0.4954 -0.8637
vn -0.3659 -0.4579 -0.8102
vn -0.7129 -0.7010 -0.0198
vn 0.1375 -0.4890 0.8614
vn 0.0978 -0.4918 0.8652
vn -0.1216 -0.4930 0.8615
vn 0.3457 -0.4607 0.8175
vn 0.6933 -0.7204 0.0182
vn -0.1173 0.1098 0.9870
vn -0.1172 0.1098 0.9870
vn -0.1170 0.1098 0.9870
vn -0.1174 0.1099 0.9870
vn 0.3995 0.1003 0.9112
vn 0.3998 0.1003 0.9111
vn 0.4003 0.1001 0.9109
vn 0.3991 0.1004 0.9114
vn 0.9811 0.1912 0.0295
vn 0.9812 0.1908 0.0295
vn 0.9812 0.1907 0.0295
vn 0.9811 0.1913 0.0295
vn 0.1269 0.1093 -0.9859
vn 0.1267 0.1092 -0.9859
vn 0.1263 0.1089 -0.9860
vn 0.1272 0.1095 -0.9858
vn -0.3971 0.0999 -0.9123
vn -0.3973 0.0999 -0.9122
vn -0.3977 0.0999 -0.9121
vn -0.3968 0.0998 -0.9124
vn -0.9809 0.1929 -0.0235
vn -0.9809 0.1932 -0.0244
vn -0.9808 0.1933 -0.0248
vn -0.9810 0.1928 -0.0232
vn 0.0270 0.9996 -0.0022
vn 0.0270 0.9996 -0.0023
vn 0.0270 0.9996 -0.0021
vn -0.6440 -0.0000 0.7650
vn -0.3777 -0.4763 -0.7941
vn -0.8310 -0.4491 -0.3281
vn -0.6181 -0.5622 0.5494
vn 0.3333 -0.4675 0.8188
vn 0.8095 -0.4555 0.3704
vn 0.6044 -0.5925 -0.5325
vn 0.4064 0.1036 0.9078
vn 0.4072 0.1034 0.9075
vn 0.4077 0.1032 0.9072
vn 0.4059 0.1037 0.9080
vn 0.9176 0.0981 0.3852
vn 0.9177 0.0980 0.3850
vn 0.9177 0.0980 0.3849
vn 0.9176 0.0981 0.3853
vn 0.7429 0.1348 -0.6557
vn 0.7433 0.1348 -0.6552
vn 0.7435 0.1347 -0.6551
vn 0.7428 0.1348 -0.6559
vn -0.3951 0.1029 -0.9128
vn -0.3960 0.1028 -0.9125
vn -0.3968 0.1027 -0.9122
vn -0.3946 0.1030 -0.9131
vn -0.9138 0.0983 -0.3940
vn -0.9138 0.0984 -0.3940
vn -0.9138 0.0986 -0.3940
vn -0.9138 0.0982 -0.3940
vn -0.7416 0.1366 0.6568
vn -0.7415 0.1371 0.6568
vn -0.7415 0.1373 0.6567
vn -0.7416 0.1364 0.6568
vn 0.0382 0.9984 -0.0416
vn 0.0382 0.9984 -0.0417
vn 0.0383 0.9984 -0.0416
vn 0.0383 0.9984 -0.0415
vn 0.0382 0.9984 -0.0415
vn -0.3908 -0.0000 -0.9205
vn -0.3906 -0.0000 -0.9206
vn 0.8779 -0.4344 0.2016
vn 0.6133 -0.4364 -0.6584
vn -0.2659 -0.4373 -0.8591
vn -0.8782 -0.4366 -0.1954
vn -0.6084 -0.4350 0.6638
vn 0.2683 -0.4341 0.8600
vn -0.9711 0.0934 -0.2199
vn -0.9711 0.0933 -0.2197
vn -0.9712 0.0932 -0.2195
vn -0.9709 0.0935 -0.2203
vn -0.6763 0.0939 0.7306
vn -0.6761 0.0938 0.7308
vn -0.6762 0.0938 0.7307
vn -0.6758 0.0940 0.7311
vn 0.2953 0.0935 0.9508
vn 0.2947 0.0936 0.9510
vn 0.2943 0.0937 0.9511
vn 0.2952 0.0934 0.9508
vn 0.9712 0.0936 0.2189
vn 0.9715 0.0933 0.2181
vn 0.9715 0.0931 0.2178
vn 0.9712 0.0937 0.2192
vn 0.6750 0.0936 -0.7318
vn 0.6749 0.0936 -0.7319
vn 0.6744 0.0937 -0.7324
vn 0.6756 0.0936 -0.7313
vn -0.2951 0.0933 -0.9509
vn -0.2955 0.0933 -0.9508
vn -0.2954 0.0933 -0.9508
vn -0.2948 0.0932 -0.9510
vn -0.0050 1.0000 -0.0083
vn -0.9406 -0.0000 -0.3396
vn -0.9405 -0.0000 -0.3397
vn -0.9406 -0.0000 -0.3395
vn 0.7463 -0.4342 -0.5045
vn -0.0638 -0.4365 -0.8974
vn -0.8104 -0.4381 -0.3890
vn -0.7390 -0.4372 0.5126
vn 0.0749 -0.4346 0.8975
vn 0.0751 -0.4346 0.8975
vn 0.8133 -0.4330 0.3887
vn -0.8221 0.0935 0.5616
vn -0.8217 0.0933 0.5622
vn -0.8216 0.0932 0.5624
vn -0.8222 0.0936 0.5614
vn 0.0755 0.0938 0.9927
vn 0.0751 0.0939 0.9927
vn 0.0749 0.0939 0.9928
vn 0.0753 0.0937 0.9927
vn 0.8977 0.0935 0.4305
vn 0.8976 0.0936 0.4307
vn 0.8208 0.0935 -0.5635
vn 0.8207 0.0933 -0.5638
vn 0.8206 0.0933 -0.5639
vn 0.8209 0.0935 -0.5634
vn -0.0775 0.0936 -0.9926
vn -0.0781 0.0936 -0.9925
vn -0.0783 0.0936 -0.9925
vn -0.0773 0.0936 -0.9926
vn -0.8980 0.0932 -0.4300
vn -0.8977 0.0933 -0.4305
vn -0.8978 0.0933 -0.4304
vn -0.8981 0.0932 -0.4299
vn -0.0138 0.9999 -0.0050
vn -0.0139 0.9999 -0.0050
vn 0.3695 -0.0000 0.9292
vn 0.3697 -0.0000 0.9291
vn 0.3696 -0.0000 0.9292
vn 0.3694 -0.0000 0.9293
vn -0.8724 -0.4341 -0.2245
vn -0.6305 -0.4367 0.6417
vn 0.2460 -0.4385 0.8644
vn 0.2466 -0.4385 0.8642
vn 0.2465 -0.4385 0.8643
vn 0.8737 -0.4373 0.2129
vn 0.6217 -0.4345 -0.6517
vn -0.2481 -0.4329 -0.8666
vn 0.9655 0.0935 0.2429
vn 0.9657 0.0933 0.2425
vn 0.9657 0.0932 0.2423
vn 0.9655 0.0936 0.2430
vn 0.6933 0.0940 -0.7145
vn 0.6928 0.0938 -0.7150
vn 0.6926 0.0937 -0.7152
vn 0.6935 0.0940 -0.7143
vn -0.2734 0.0935 -0.9573
vn -0.2731 0.0937 -0.9574
vn -0.2730 0.0938 -0.9574
vn -0.2735 0.0934 -0.9573
vn -0.9661 0.0935 -0.2407
vn -0.9662 0.0934 -0.2404
vn -0.9662 0.0934 -0.2403
vn -0.9661 0.0935 -0.2408
vn -0.6911 0.0937 0.7167
vn -0.6911 0.0937 0.7166
vn 0.2737 0.0932 0.9573
vn 0.2728 0.0934 0.9575
vn 0.2725 0.0935 0.9576
vn 0.2740 0.0932 0.9572
vn 0.0060 0.9999 0.0151
vn -0.6915 -0.0000 0.7224
vn -0.6917 -0.0000 0.7221
vn -0.6912 -0.0000 0.7227
vn -0.1576 -0.4337 -0.8872
vn -0.8452 -0.4371 -0.3075
vn -0.6838 -0.4389 0.5829
vn -0.6835 -0.4391 0.5831
vn 0.1712 -0.4377 0.8827
vn 0.8519 -0.4342 0.2928
vn 0.6848 -0.4325 -0.5865
vn 0.1802 0.0935 0.9792
vn 0.1807 0.0932 0.9791
vn 0.1810 0.0931 0.9791
vn 0.1800 0.0935 0.9792
vn 0.9380 0.0939 0.3336
vn 0.9380 0.0940 0.3337
vn 0.9380 0.0941 0.3337
vn 0.9381 0.0938 0.3335
vn 0.7572 0.0935 -0.6464
vn 0.7575 0.0937 -0.6461
vn 0.7576 0.0937 -0.6460
vn 0.7571 0.0935 -0.6465
vn -0.1835 0.0935 -0.9786
vn -0.1837 0.0934 -0.9785
vn -0.1842 0.0934 -0.9784
vn -0.1831 0.0935 -0.9786
vn -0.9392 0.0936 -0.3303
vn -0.9393 0.0936 -0.3300
vn -0.9393 0.0937 -0.3300
vn -0.7569 0.0933 0.6469
vn -0.7570 0.0935 0.6467
vn -0.7571 0.0936 0.6466
vn -0.7568 0.0933 0.6470
vn -0.0138 0.9998 0.0144
vn -0.2091 -0.0000 0.9779
vn -0.6007 -0.4341 -0.6714
vn -0.8806 -0.4369 0.1837
vn -0.2754 -0.4384 0.8555
vn 0.6086 -0.4372 0.6622
vn 0.8789 -0.4345 -0.1969
vn 0.2744 -0.4330 -0.8586
vn 0.6682 0.0934 0.7381
vn 0.6682 0.0932 0.7381
vn 0.6683 0.0932 0.7381
vn 0.6681 0.0935 0.7382
vn 0.9734 0.0939 -0.2091
vn 0.9733 0.0939 -0.2094
vn 0.9733 0.0939 -0.2095
vn 0.9734 0.0939 -0.2090
vn 0.3050 0.0935 -0.9478
vn 0.3048 0.0937 -0.9478
vn 0.3047 0.0938 -0.9478
vn 0.3050 0.0934 -0.9477
vn -0.6697 0.0935 -0.7367
vn -0.6701 0.0934 -0.7364
vn -0.6703 0.0933 -0.7362
vn -0.6696 0.0935 -0.7368
vn -0.9728 0.0936 0.2120
vn -0.9728 0.0936 0.2119
vn -0.3038 0.0933 0.9482
vn -0.3046 0.0935 0.9479
vn -0.3050 0.0935 0.9478
vn -0.3035 0.0933 0.9483
vn -0.0034 0.9999 0.0159
vn -0.8298 -0.0000 -0.5581
vn -0.8297 -0.0000 -0.5582
vn -0.8297 -0.0000 -0.5581
vn 0.8439 -0.4357 -0.3130
vn 0.1508 -0.4356 -0.8874
vn -0.6933 -0.4355 -0.5741
vn -0.8438 -0.4356 0.3134
vn -0.1508 -0.4357 0.8874
vn 0.6936 -0.4356 0.5738
vn -0.9334 0.0932 0.3464
vn -0.9333 0.0931 0.3469
vn -0.9332 0.0930 0.3472
vn -0.9335 0.0933 0.3462
vn -0.1667 0.0937 0.9816
vn -0.1672 0.0936 0.9815
vn -0.1674 0.0936 0.9814
vn -0.1665 0.0937 0.9816
vn 0.7666 0.0933 0.6353
vn 0.7662 0.0936 0.6357
vn 0.7660 0.0937 0.6359
vn 0.7667 0.0933 0.6351
vn 0.9332 0.0937 -0.3468
vn 0.9330 0.0934 -0.3476
vn 0.9328 0.0932 -0.3480
vn 0.9333 0.0938 -0.3465
vn 0.1671 0.0937 -0.9815
vn 0.1672 0.0939 -0.9814
vn 0.1673 0.0939 -0.9814
vn -0.7668 0.0932 -0.6351
vn -0.7666 0.0934 -0.6353
vn -0.7665 0.0935 -0.6354
vn -0.7669 0.0931 -0.6350
vn 0.9345 -0.0000 0.3559
vn 0.9345 -0.0000 0.3558
vn 0.9345 -0.0000 0.3560
vn -0.7504 -0.4358 0.4970
vn 0.0551 -0.4357 0.8984
vn 0.8059 -0.4352 0.4015
vn 0.7506 -0.4358 -0.4967
vn -0.0554 -0.4355 -0.8985
vn -0.8057 -0.4354 -0.4016
vn 0.8300 0.0937 -0.5498
vn 0.8296 0.0934 -0.5505
vn 0.8294 0.0932 -0.5508
vn 0.8302 0.0938 -0.5496
vn -0.0613 0.0938 -0.9937
vn -0.0606 0.0940 -0.9937
vn -0.0604 0.0940 -0.9937
vn -0.0615 0.0938 -0.9937
vn -0.8908 0.0930 -0.4447
vn -0.8903 0.0934 -0.4456
vn -0.8901 0.0936 -0.4460
vn -0.8910 0.0928 -0.4444
vn -0.8303 0.0935 0.5494
vn -0.8298 0.0931 0.5502
vn -0.8296 0.0930 0.5506
vn -0.8305 0.0936 0.5491
vn 0.0620 0.0933 0.9937
vn 0.0617 0.0934 0.9937
vn 0.0615 0.0935 0.9937
vn 0.0621 0.0933 0.9937
vn 0.8909 0.0931 0.4446
vn 0.8907 0.0933 0.4449
vn 0.8906 0.0933 0.4451
vn 0.8909 0.0930 0.4445
vn 0.9999 -0.0000 -0.0123
vn -0.5158 -0.4356 0.7376
vn 0.3804 -0.4356 0.8158
vn 0.8968 -0.4354 0.0788
vn 0.5161 -0.4355 -0.7376
vn -0.3808 -0.4357 -0.8155
vn -0.8966 -0.4359 -0.0778
vn 0.5699 0.0936 -0.8164
vn 0.5693 0.0932 -0.8168
vn 0.5691 0.0931 -0.8170
vn 0.5701 0.0937 -0.8162
vn -0.4210 0.0939 -0.9022
vn -0.4207 0.0939 -0.9023
vn -0.4206 0.0939 -0.9024
vn -0.4211 0.0939 -0.9021
vn -0.9918 0.0934 -0.0871
vn -0.9918 0.0934 -0.0870
vn -0.9918 0.0934 -0.0869
vn -0.9918 0.0934 -0.0872
vn -0.5707 0.0935 0.8158
vn -0.5703 0.0935 0.8161
vn -0.5701 0.0935 0.8163
vn -0.5709 0.0935 0.8157
vn 0.4215 0.0936 0.9020
vn 0.4218 0.0935 0.9019
vn 0.4219 0.0934 0.9018
vn 0.4214 0.0936 0.9020
vn 0.9919 0.0932 0.0865
vn 0.9918 0.0936 0.0876
vn 0.9917 0.0938 0.0880
vn 0.9919 0.0931 0.0861
vn -0.8060 -0.0000 -0.5919
vn -0.8061 -0.0000 -0.5918
vn -0.8059 -0.0000 -0.5920
vn 0.8557 -0.4357 -0.2792
vn 0.1854 -0.4357 -0.8808
vn -0.6689 -0.4357 -0.6022
vn -0.8556 -0.4358 0.2793
vn -0.1853 -0.4356 0.8809
vn 0.6694 -0.4354 0.6020
vn -0.9464 0.0939 0.3089
vn -0.9463 0.0937 0.3093
vn -0.9463 0.0936 0.3095
vn -0.9465 0.0940 0.3088
vn -0.2057 0.0938 0.9741
vn -0.2063 0.0941 0.9740
vn -0.2066 0.0942 0.9739
vn -0.2055 0.0937 0.9742
vn 0.7400 0.0930 0.6662
vn 0.7392 0.0933 0.6670
vn 0.7388 0.0935 0.6674
vn 0.7403 0.0929 0.6659
vn 0.9463 0.0935 -0.3094
vn 0.9461 0.0933 -0.3102
vn 0.9460 0.0931 -0.3105
vn 0.9464 0.0936 -0.3092
vn 0.2053 0.0934 -0.9742
vn 0.2055 0.0934 -0.9742
vn 0.2056 0.0934 -0.9742
vn 0.2052 0.0933 -0.9743
vn -0.7404 0.0933 -0.6657
vn -0.7405 0.0932 -0.6656
vn -0.7405 0.0932 -0.6655
vn 0.9822 -0.0000 -0.1878
vn -0.3770 -0.4358 0.8173
vn 0.5188 -0.4357 0.7355
vn 0.8967 -0.4353 -0.0807
vn 0.3781 -0.4357 -0.8168
vn -0.5194 -0.4354 -0.7353
vn -0.8965 -0.4356 0.0804
vn 0.4168 0.0938 -0.9042
vn 0.4168 0.0937 -0.9042
vn 0.4168 0.0938 -0.9041
vn -0.5739 0.0938 -0.8136
vn -0.5735 0.0939 -0.8138
vn -0.5733 0.0940 -0.8139
vn -0.5740 0.0937 -0.8135
vn -0.9917 0.0928 0.0888
vn -0.9918 0.0933 0.0873
vn -0.9918 0.0935 0.0867
vn -0.9917 0.0926 0.0893
vn -0.4176 0.0934 0.9038
vn -0.4169 0.0929 0.9042
vn -0.4165 0.0927 0.9044
vn -0.4179 0.0936 0.9037
vn 0.5744 0.0933 0.8133
vn 0.5741 0.0933 0.8134
vn 0.5740 0.0934 0.8135
vn 0.5744 0.0933 0.8132
vn 0.9917 0.0933 -0.0890
vn 0.9916 0.0932 -0.0891
vn 0.9916 0.0932 -0.0892
vn 0.9917 0.0933 -0.0889
vn 0.3907 -0.0000 0.9205
vn 0.3901 -0.0000 0.9208
vn 0.3906 -0.0000 0.9206
vn 0.3913 -0.0000 0.9203
vn -0.8785 -0.4371 -0.1931
vn -0.6063 -0.4346 0.6660
vn 0.2680 -0.4331 0.8606
vn 0.8773 -0.4344 0.2039
vn 0.6150 -0.4367 -0.6565
vn -0.2666 -0.4383 -0.8584
vn 0.9714 0.0935 0.2184
vn 0.9715 0.0934 0.2180
vn 0.9715 0.0933 0.2178
vn 0.9713 0.0936 0.2185
vn 0.6748 0.0936 -0.7320
vn 0.6749 0.0937 -0.7320
vn 0.6749 0.0937 -0.7319
vn -0.2959 0.0933 -0.9506
vn -0.2965 0.0933 -0.9505
vn -0.2967 0.0933 -0.9504
vn -0.2957 0.0933 -0.9507
vn -0.9709 0.0934 -0.2206
vn -0.9709 0.0933 -0.2204
vn -0.9710 0.0933 -0.2203
vn -0.6768 0.0938 0.7302
vn -0.6767 0.0938 0.7302
vn -0.6767 0.0938 0.7303
vn -0.6768 0.0937 0.7302
vn 0.2961 0.0934 0.9506
vn 0.2949 0.0936 0.9509
vn 0.2944 0.0937 0.9511
vn 0.2965 0.0934 0.9505
vn -0.0059 0.9999 -0.0140
vn -0.0060 0.9999 -0.0140
vn -0.0060 0.9999 -0.0139
vn -0.0059 0.9999 -0.0139
vn 0.3904 -0.0000 0.9206
vn 0.3906 -0.0000 0.9205
vn 0.3909 -0.0000 0.9204
vn -0.8800 -0.4422 -0.1735
vn -0.5926 -0.4305 0.6808
vn 0.2704 -0.4243 0.8642
vn 0.2700 -0.4243 0.8643
vn 0.2701 -0.4243 0.8643
vn 0.8754 -0.4290 0.2230
vn 0.6296 -0.4403 -0.6401
vn -0.2644 -0.4475 -0.8543
vn 0.9722 0.0940 0.2144
vn 0.9723 0.0938 0.2141
vn 0.9723 0.0937 0.2139
vn 0.9722 0.0940 0.2146
vn 0.6718 0.0935 -0.7349
vn 0.6713 0.0935 -0.7352
vn 0.6712 0.0935 -0.7354
vn 0.6719 0.0935 -0.7347
vn -0.2963 0.0927 -0.9506
vn -0.2955 0.0930 -0.9508
vn -0.2952 0.0931 -0.9509
vn -0.2966 0.0926 -0.9505
vn -0.9700 0.0931 -0.2246
vn -0.9700 0.0931 -0.2244
vn -0.9701 0.0930 -0.2243
vn -0.9700 0.0932 -0.2247
vn -0.6798 0.0941 0.7274
vn -0.6802 0.0941 0.7270
vn -0.6803 0.0941 0.7268
vn -0.6796 0.0941 0.7275
vn 0.2947 0.0940 0.9510
vn 0.2949 0.0941 0.9509
vn 0.2951 0.0942 0.9508
vn 0.2946 0.0939 0.9510
vn -0.0249 0.9977 -0.0634
vn -0.0248 0.9977 -0.0634
vn -0.0249 0.9977 -0.0633
vn -0.0250 0.9977 -0.0633
vn 0.7915 -0.0000 0.6111
vn 0.7910 -0.0000 0.6118
vn 0.7913 -0.0000 0.6114
vn 0.7916 -0.0000 0.6110
vn -0.7738 -0.4772 0.4165
vn -0.3445 -0.4560 0.8206
vn 0.5439 -0.6034 0.5832
vn 0.7980 -0.4705 -0.3765
vn 0.3817 -0.4620 -0.8005
vn -0.5280 -0.6337 -0.5654
vn 0.8853 0.1042 -0.4532
vn 0.8853 0.1041 -0.4532
vn 0.8853 0.1040 -0.4532
vn 0.8853 0.1043 -0.4532
vn 0.4032 0.1000 -0.9096
vn 0.4030 0.0999 -0.9097
vn 0.4028 0.0999 -0.9098
vn 0.4034 0.1001 -0.9095
vn -0.6730 0.1497 -0.7243
vn -0.6728 0.1498 -0.7245
vn -0.6727 0.1499 -0.7246
vn -0.6731 0.1497 -0.7243
vn -0.8906 0.1037 0.4429
vn -0.8905 0.1034 0.4430
vn -0.8905 0.1032 0.4431
vn -0.8906 0.1038 0.4428
vn -0.4105 0.1001 0.9063
vn -0.4108 0.1002 0.9062
vn -0.4111 0.1003 0.9061
vn -0.4103 0.1000 0.9064
vn 0.6758 0.1518 0.7213
vn 0.6749 0.1521 0.7220
vn 0.6745 0.1522 0.7224
vn 0.6761 0.1517 0.7210
vn -0.0363 0.9987 -0.0348
vn -0.0364 0.9987 -0.0348
vn -0.0363 0.9987 -0.0349
vn 0.9984 -0.0000 0.0557
vn -0.4039 -0.4760 0.7812
vn 0.1886 -0.4544 0.8706
vn 0.7855 -0.5941 0.1730
vn 0.4523 -0.4694 -0.7584
vn -0.1418 -0.4623 -0.8753
vn -0.7607 -0.6281 -0.1640
vn 0.4774 0.1037 -0.8726
vn 0.4775 0.1036 -0.8725
vn 0.4776 0.1035 -0.8725
vn 0.4773 0.1038 -0.8726
vn -0.1897 0.0997 -0.9768
vn -0.1895 0.0997 -0.9768
vn -0.1893 0.0997 -0.9768
vn -0.1898 0.0997 -0.9767
vn -0.9659 0.1468 -0.2134
vn -0.9660 0.1466 -0.2129
vn -0.9661 0.1466 -0.2127
vn -0.9658 0.1469 -0.2136
vn -0.4894 0.1033 0.8659
vn -0.4895 0.1031 0.8659
vn -0.4896 0.1029 0.8659
vn -0.4893 0.1035 0.8659
vn 0.1807 0.0999 0.9784
vn 0.1803 0.1000 0.9785
vn 0.1800 0.1000 0.9786
vn 0.1810 0.0999 0.9784
vn 0.9667 0.1491 0.2082
vn 0.9663 0.1495 0.2095
vn 0.9662 0.1497 0.2100
vn 0.9668 0.1489 0.2077
vn -0.0558 0.9984 -0.0111
vn -0.0559 0.9984 -0.0110
vn -0.0559 0.9984 -0.0111
vn -0.0558 0.9984 -0.0112
vn -0.0558 0.9984 -0.0110
vn -0.9418 -0.0000 0.3363
vn -0.9417 -0.0000 0.3363
vn -0.9418 -0.0000 0.3362
vn 0.2482 -0.4357 -0.8652
vn -0.6256 -0.4356 -0.6472
vn -0.8736 -0.4354 0.2174
vn -0.2492 -0.4357 0.8649
vn 0.6256 -0.4356 0.6472
vn 0.8736 -0.4356 -0.2169
vn -0.2744 0.0937 0.9570
vn -0.2740 0.0935 0.9572
vn -0.2738 0.0934 0.9573
vn -0.2746 0.0938 0.9570
vn 0.6919 0.0937 0.7159
vn 0.6912 0.0940 0.7166
vn 0.6909 0.0941 0.7168
vn 0.6921 0.0936 0.7157
vn 0.9663 0.0929 -0.2399
vn 0.9666 0.0933 -0.2387
vn 0.9667 0.0935 -0.2381
vn 0.9662 0.0928 -0.2403
vn 0.2751 0.0936 -0.9569
vn 0.2739 0.0932 -0.9572
vn 0.2734 0.0930 -0.9574
vn 0.2755 0.0937 -0.9567
vn -0.6919 0.0934 -0.7159
vn -0.6918 0.0935 -0.7160
vn -0.6917 0.0935 -0.7161
vn -0.9663 0.0932 0.2399
vn -0.9664 0.0933 0.2396
vn -0.9664 0.0933 0.2394
vn -0.9663 0.0931 0.2400
vn 0.2490 -0.4356 -0.8650
vn -0.6251 -0.4355 -0.6478
vn -0.8736 -0.4357 0.2169
vn -0.2489 -0.4355 0.8651
vn 0.6252 -0.4356 0.6476
vn 0.8733 -0.4359 -0.2175
vn -0.2744 0.0935 0.9570
vn -0.2737 0.0932 0.9573
vn -0.2734 0.0931 0.9574
vn -0.2747 0.0937 0.9570
vn 0.6913 0.0938 0.7165
vn 0.6912 0.0938 0.7166
vn 0.6912 0.0937 0.7166
vn 0.9663 0.0935 -0.2400
vn 0.9663 0.0934 -0.2399
vn 0.9663 0.0933 -0.2399
vn 0.2748 0.0934 -0.9570
vn 0.2751 0.0934 -0.9569
vn 0.2752 0.0934 -0.9568
vn 0.2746 0.0934 -0.9570
vn -0.6916 0.0936 -0.7162
vn -0.6918 0.0935 -0.7161
vn -0.6918 0.0934 -0.7160
vn -0.9662 0.0934 0.2404
vn -0.9663 0.0936 0.2397
vn -0.9664 0.0937 0.2395
vn -0.9661 0.0933 0.2406
vn -0.9916 -0.0000 -0.1292
vn -0.9916 -0.0000 -0.1291
vn 0.6149 -0.4357 -0.6574
vn -0.2622 -0.4357 -0.8610
vn -0.8767 -0.4355 -0.2043
vn -0.6147 -0.4358 0.6575
vn 0.2621 -0.4355 0.8612
vn 0.8767 -0.4354 0.2045
vn -0.6801 0.0938 0.7271
vn -0.6798 0.0937 0.7274
vn -0.6797 0.0936 0.7275
vn -0.6802 0.0938 0.7270
vn 0.2900 0.0937 0.9524
vn 0.2899 0.0939 0.9524
vn 0.2899 0.0940 0.9524
vn 0.9696 0.0929 0.2263
vn 0.9694 0.0932 0.2272
vn 0.9693 0.0933 0.2276
vn 0.9697 0.0928 0.2260
vn 0.6797 0.0934 -0.7275
vn 0.6791 0.0930 -0.7282
vn 0.6788 0.0929 -0.7285
vn 0.6800 0.0935 -0.7273
vn -0.2902 0.0934 -0.9524
vn -0.2902 0.0933 -0.9524
vn -0.9696 0.0933 -0.2261
vn -0.9696 0.0932 -0.2261
vn 0.7853 -0.0000 -0.6192
vn 0.7850 -0.0000 -0.6195
vn 0.7852 -0.0000 -0.6192
vn 0.7855 -0.0000 -0.6189
vn 0.2123 -0.4757 0.8536
vn 0.7216 -0.4538 0.5229
vn 0.7063 -0.5876 -0.3949
vn -0.1587 -0.4680 -0.8693
vn -0.6878 -0.4621 -0.5598
vn -0.6815 -0.6232 0.3837
vn -0.2157 0.1034 -0.9710
vn -0.2161 0.1034 -0.9709
vn -0.2164 0.1033 -0.9708
vn -0.2155 0.1034 -0.9710
vn -0.7923 0.0996 -0.6020
vn -0.7923 0.0995 -0.6020
vn -0.8640 0.1444 0.4824
vn -0.8644 0.1446 0.4816
vn -0.8646 0.1446 0.4813
vn -0.8638 0.1444 0.4827
vn 0.2021 0.1030 0.9739
vn 0.2025 0.1028 0.9739
vn 0.2028 0.1027 0.9738
vn 0.2019 0.1031 0.9740
vn 0.7863 0.0999 0.6097
vn 0.7865 0.0998 0.6094
vn 0.7868 0.0998 0.6091
vn 0.7861 0.0999 0.6100
vn 0.8617 0.1469 -0.4857
vn 0.8622 0.1472 -0.4848
vn 0.8624 0.1473 -0.4844
vn 0.8616 0.1468 -0.4860
vn -0.0520 0.9982 0.0304
vn -0.0521 0.9982 0.0303
vn -0.0519 0.9982 0.0304
vn 0.2672 -0.0000 -0.9636
vn 0.6726 -0.4748 0.5675
vn 0.8912 -0.4535 -0.0116
vn 0.3358 -0.5809 -0.7415
vn -0.6393 -0.4670 -0.6110
vn -0.8866 -0.4610 -0.0382
vn -0.3229 -0.6151 0.7193
vn -0.7443 0.1033 -0.6599
vn -0.7443 0.1032 -0.6598
vn -0.9950 0.0994 -0.0098
vn -0.9950 0.0993 -0.0097
vn -0.9950 0.0993 -0.0096
vn -0.4098 0.1419 0.9011
vn -0.4090 0.1418 0.9015
vn -0.4086 0.1417 0.9016
vn -0.4100 0.1419 0.9010
vn 0.7358 0.1027 0.6694
vn 0.7358 0.1026 0.6694
vn 0.7358 0.1025 0.6694
vn 0.7358 0.1028 0.6694
vn 0.9948 0.0996 0.0196
vn 0.9948 0.0996 0.0197
vn 0.9948 0.0997 0.0198
vn 0.9948 0.0995 0.0196
vn 0.4044 0.1442 -0.9031
vn 0.4047 0.1445 -0.9030
vn 0.4048 0.1446 -0.9029
vn 0.4043 0.1441 -0.9032
vn -0.0226 0.9982 0.0553
vn -0.0225 0.9982 0.0554
vn -0.0225 0.9982 0.0553
vn 0.4868 -0.0001 -0.8735
vn 0.4869 -0.0002 -0.8734
vn 0.4869 -0.0001 -0.8735
vn 0.4868 -0.0000 -0.8735
vn 0.4084 -0.4436 0.7977
vn 0.9024 -0.4286 0.0447
vn 0.5162 -0.4217 -0.7455
vn -0.3566 -0.4275 -0.8307
vn -0.8904 -0.4419 -0.1093
vn -0.5123 -0.4506 0.7311
vn -0.4292 0.0939 -0.8983
vn -0.4290 0.0939 -0.8984
vn -0.4289 0.0939 -0.8985
vn -0.9926 0.0934 -0.0778
vn -0.9926 0.0933 -0.0777
vn -0.9926 0.0933 -0.0776
vn -0.9926 0.0934 -0.0779
vn -0.5691 0.0927 0.8170
vn -0.5694 0.0929 0.8168
vn -0.5696 0.0930 0.8167
vn -0.5690 0.0926 0.8171
vn 0.4172 0.0931 0.9040
vn 0.4173 0.0930 0.9040
vn 0.4173 0.0929 0.9040
vn 0.4172 0.0932 0.9040
vn 0.9914 0.0940 0.0914
vn 0.9914 0.0939 0.0913
vn 0.9914 0.0940 0.0915
vn 0.5698 0.0942 -0.8164
vn 0.5696 0.0942 -0.8165
vn 0.5698 0.0943 -0.8164
vn -0.0441 0.9964 0.0719
vn -0.0440 0.9964 0.0719
vn -0.0439 0.9964 0.0719
vn 0.4426 -0.0000 -0.8967
vn 0.3865 -0.4228 0.8197
vn 0.9072 -0.4133 -0.0790
vn 0.4757 -0.3580 -0.8035
vn -0.3195 -0.3977 -0.8601
vn -0.9017 -0.4321 -0.0134
vn -0.4785 -0.3899 0.7868
vn -0.3934 0.0875 -0.9152
vn -0.3939 0.0873 -0.9150
vn -0.3941 0.0873 -0.9149
vn -0.3933 0.0876 -0.9152
vn -0.9948 0.0900 0.0471
vn -0.9948 0.0899 0.0473
vn -0.9948 0.0899 0.0474
vn -0.9948 0.0901 0.0470
vn -0.5115 0.0772 0.8558
vn -0.5110 0.0772 0.8561
vn -0.5108 0.0773 0.8562
vn -0.5116 0.0771 0.8558
vn 0.3789 0.0863 0.9214
vn 0.3780 0.0863 0.9218
vn 0.3776 0.0863 0.9219
vn 0.3792 0.0862 0.9213
vn 0.9955 0.0910 -0.0276
vn 0.9955 0.0910 -0.0277
vn 0.9955 0.0910 -0.0275
vn 0.5154 0.0785 -0.8534
vn 0.5147 0.0785 -0.8538
vn 0.5144 0.0785 -0.8539
vn 0.5156 0.0784 -0.8532
vn -0.0545 0.9924 0.1107
vn -0.0546 0.9924 0.1106
vn -0.0545 0.9924 0.1106
vn -0.0544 0.9924 0.1107
vn -0.0544 0.9923 0.1109
vn -0.0545 0.9923 0.1108
vn -0.5030 -0.0000 0.8643
vn -0.5028 -0.0000 0.8644
vn -0.5032 -0.0000 0.8642
vn -0.4644 -0.4653 -0.7535
vn -0.8597 -0.4559 -0.2302
vn -0.5066 -0.5961 0.6229
vn 0.5164 -0.4790 0.7098
vn 0.8795 -0.4471 0.1630
vn 0.5131 -0.5531 -0.6563
vn 0.5474 0.1030 0.8305
vn 0.5475 0.1030 0.8304
vn 0.5476 0.1029 0.8304
vn 0.5473 0.1031 0.8306
vn 0.9690 0.0983 0.2266
vn 0.9690 0.0983 0.2265
vn 0.9691 0.0983 0.2264
vn 0.9690 0.0984 0.2267
vn 0.6199 0.1358 -0.7728
vn 0.6201 0.1361 -0.7726
vn 0.6202 0.1363 -0.7726
vn 0.6199 0.1356 -0.7729
vn -0.5594 0.1036 -0.8224
vn -0.5593 0.1035 -0.8225
vn -0.5592 0.1034 -0.8226
vn -0.5595 0.1037 -0.8223
vn -0.9725 0.0977 -0.2116
vn -0.9724 0.0978 -0.2117
vn -0.9725 0.0977 -0.2115
vn -0.6155 0.1331 0.7769
vn -0.6165 0.1335 0.7759
vn -0.6170 0.1337 0.7756
vn -0.6151 0.1329 0.7772
vn -0.0403 0.9968 0.0696
vn -0.0404 0.9968 0.0695
vn -0.2083 -0.0000 0.9781
vn -0.2082 -0.0000 0.9781
vn -0.2085 -0.0000 0.9780
vn -0.5812 -0.4251 -0.6940
vn -0.8841 -0.4429 0.1487
vn -0.2764 -0.4542 0.8469
vn 0.6300 -0.4459 0.6358
vn 0.8732 -0.4282 -0.2329
vn 0.2730 -0.4183 -0.8663
vn 0.6636 0.0930 0.7423
vn 0.6643 0.0929 0.7417
vn 0.6646 0.0928 0.7414
vn 0.6633 0.0931 0.7426
vn 0.9748 0.0939 -0.2026
vn 0.9748 0.0940 -0.2022
vn 0.9749 0.0941 -0.2020
vn 0.9747 0.0938 -0.2027
vn 0.3031 0.0942 -0.9483
vn 0.3039 0.0942 -0.9480
vn 0.3042 0.0942 -0.9479
vn 0.3028 0.0942 -0.9484
vn -0.6756 0.0941 -0.7312
vn -0.6756 0.0939 -0.7312
vn -0.6756 0.0938 -0.7313
vn -0.9709 0.0933 0.2207
vn -0.9709 0.0935 0.2204
vn -0.9709 0.0936 0.2203
vn -0.9708 0.0932 0.2208
vn -0.3033 0.0926 0.9484
vn -0.3021 0.0925 0.9488
vn -0.3015 0.0925 0.9490
vn -0.3037 0.0926 0.9482
vn -0.0219 0.9944 0.1033
vn -0.0218 0.9944 0.1034
vn -0.0220 0.9944 0.1034
vn -0.0220 0.9944 0.1033
vn -0.2410 -0.0000 0.9705
vn -0.2588 -0.2836 -0.9234
vn -0.8063 -0.3527 0.4748
vn -0.2768 -0.2140 0.9368
vn 0.3288 -0.3189 0.8889
vn 0.7549 -0.3139 -0.5759
vn 0.2785 -0.1941 -0.9406
vn 0.3001 0.0603 0.9520
vn 0.3000 0.0602 0.9520
vn 0.3000 0.0601 0.9521
vn 0.3002 0.0603 0.9520
vn 0.8326 0.0694 -0.5496
vn 0.8324 0.0695 -0.5499
vn 0.8323 0.0695 -0.5500
vn 0.8326 0.0694 -0.5495
vn 0.2808 0.0404 -0.9589
vn 0.2817 0.0406 -0.9587
vn 0.2820 0.0407 -0.9585
vn 0.2806 0.0403 -0.9590
vn -0.3138 0.0616 -0.9475
vn -0.3120 0.0614 -0.9481
vn -0.3115 0.0614 -0.9482
vn -0.3142 0.0617 -0.9474
vn -0.8181 0.0676 0.5711
vn -0.8185 0.0678 0.5705
vn -0.8186 0.0678 0.5704
vn -0.2854 0.0399 0.9576
vn -0.2850 0.0399 0.9577
vn -0.2848 0.0399 0.9577
vn -0.2855 0.0399 0.9575
vn -0.0578 0.9712 0.2312
vn -0.0579 0.9712 0.2310
vn -0.0577 0.9713 0.2306
vn -0.0576 0.9713 0.2306
vn -0.0577 0.9711 0.2314
vn -0.0579 0.9711 0.2317
vn -0.0581 0.9710 0.2318
vn 0.7360 -0.0000 -0.6770
vn 0.7362 -0.0000 -0.6768
vn 0.7363 -0.0000 -0.6767
vn 0.7361 -0.0000 -0.6769
vn 0.1022 -0.4339 0.8952
vn 0.8246 -0.4367 0.3595
vn 0.7192 -0.4387 -0.5389
vn -0.1131 -0.4373 -0.8922
vn -0.8307 -0.4346 -0.3479
vn -0.7210 -0.4328 0.5412
vn -0.7211 -0.4328 0.5411
vn -0.1173 0.0934 -0.9887
vn -0.1182 0.0933 -0.9886
vn -0.1186 0.0932 -0.9886
vn -0.1170 0.0935 -0.9887
vn -0.9150 0.0940 -0.3925
vn -0.9152 0.0938 -0.3920
vn -0.9153 0.0937 -0.3917
vn -0.9149 0.0940 -0.3926
vn -0.7968 0.0935 0.5970
vn -0.7969 0.0937 0.5968
vn -0.7970 0.0938 0.5967
vn -0.7967 0.0934 0.5971
vn 0.1203 0.0935 0.9883
vn 0.1206 0.0933 0.9883
vn 0.1207 0.0933 0.9883
vn 0.1202 0.0935 0.9883
vn 0.9161 0.0937 0.3898
vn 0.7965 0.0932 -0.5974
vn 0.7967 0.0934 -0.5970
vn 0.7968 0.0935 -0.5969
vn 0.7964 0.0932 -0.5975
vn 0.0119 0.9999 -0.0110
vn 0.0120 0.9999 -0.0110
vn -0.7636 -0.0000 0.6457
vn -0.7635 -0.0000 0.6458
vn -0.1903 -0.4663 -0.8639
vn -0.7359 -0.4553 -0.5011
vn -0.6879 -0.5930 0.4185
vn 0.2448 -0.4783 0.8434
vn 0.7716 -0.4478 0.4519
vn 0.7015 -0.5564 -0.4454
vn 0.2396 0.1031 0.9654
vn 0.2404 0.1028 0.9652
vn 0.2410 0.1026 0.9651
vn 0.2391 0.1033 0.9655
vn 0.8376 0.0982 0.5374
vn 0.8378 0.0981 0.5371
vn 0.8380 0.0980 0.5369
vn 0.8375 0.0983 0.5376
vn 0.8428 0.1358 -0.5209
vn 0.8430 0.1359 -0.5204
vn 0.8432 0.1359 -0.5202
vn 0.8427 0.1358 -0.5211
vn -0.2502 0.1036 -0.9626
vn -0.2504 0.1035 -0.9626
vn -0.2505 0.1035 -0.9626
vn -0.2501 0.1037 -0.9627
vn -0.8453 0.0977 -0.5253
vn -0.8451 0.0978 -0.5255
vn -0.8451 0.0978 -0.5257
vn -0.8453 0.0977 -0.5252
vn -0.8403 0.1332 0.5254
vn -0.8407 0.1338 0.5247
vn -0.8409 0.1341 0.5244
vn -0.8402 0.1331 0.5257
vn -0.0520 0.9976 0.0453
vn -0.0520 0.9976 0.0454
vn -0.0519 0.9976 0.0454
vn -0.0520 0.9976 0.0452
vn -1.0000 -0.0000 -0.0091
vn 0.5320 -0.4356 -0.7261
vn -0.3622 -0.4356 -0.8241
vn -0.8950 -0.4353 -0.0975
vn -0.5313 -0.4359 0.7264
vn 0.3623 -0.4358 0.8239
vn 0.8948 -0.4356 0.0975
vn -0.5886 0.0934 0.8030
vn -0.5879 0.0933 0.8035
vn -0.5876 0.0933 0.8037
vn -0.5889 0.0935 0.8028
vn 0.4012 0.0937 0.9112
vn 0.4008 0.0936 0.9114
vn 0.4006 0.0936 0.9115
vn 0.4014 0.0937 0.9111
vn 0.9898 0.0932 0.1080
vn 0.9896 0.0936 0.1089
vn 0.9896 0.0938 0.1093
vn 0.9898 0.0931 0.1077
vn 0.5892 0.0934 -0.8026
vn 0.5880 0.0933 -0.8035
vn 0.5875 0.0933 -0.8039
vn 0.5896 0.0934 -0.8023
vn -0.4005 0.0938 -0.9115
vn -0.4011 0.0939 -0.9112
vn -0.4013 0.0939 -0.9111
vn -0.4004 0.0938 -0.9115
vn -0.9898 0.0933 -0.1081
vn -0.9897 0.0934 -0.1084
vn -0.9897 0.0934 -0.1086
vn -0.9898 0.0933 -0.1080
vn -0.0002 1.0000 -0.0000
vn -0.0003 1.0000 -0.0000
vn -0.0001 1.0000 -0.0000
vn -1.0000 -0.0000 -0.0088
vn 0.5412 -0.4329 -0.7209
vn -0.3506 -0.4378 -0.8279
vn -0.8921 -0.4409 -0.0990
vn -0.5221 -0.4385 0.7315
vn 0.3747 -0.4334 0.8196
vn 0.8973 -0.4306 0.0970
vn -0.5908 0.0934 0.8014
vn -0.5899 0.0933 0.8021
vn -0.5895 0.0933 0.8024
vn -0.5911 0.0934 0.8011
vn 0.3986 0.0939 0.9123
vn 0.3991 0.0939 0.9121
vn 0.3994 0.0938 0.9120
vn 0.3984 0.0939 0.9124
vn 0.9897 0.0937 0.1085
vn 0.9896 0.0938 0.1087
vn 0.9896 0.0939 0.1088
vn 0.5865 0.0935 -0.8046
vn 0.5851 0.0935 -0.8055
vn 0.5845 0.0935 -0.8060
vn 0.5869 0.0935 -0.8042
vn -0.4037 0.0936 -0.9101
vn -0.4036 0.0936 -0.9101
vn -0.9898 0.0931 -0.1081
vn -0.9898 0.0931 -0.1079
vn -0.0308 0.9995 -0.0003
vn -0.0309 0.9995 -0.0003
vn -0.0307 0.9995 -0.0003
vn -1.0000 0.0001 -0.0087
vn -1.0000 0.0001 -0.0086
vn 0.5460 -0.4309 -0.7185
vn -0.3449 -0.4386 -0.8299
vn -0.8907 -0.4436 -0.0995
vn -0.5170 -0.4406 0.7339
vn 0.3801 -0.4325 0.8176
vn 0.8987 -0.4281 0.0956
vn -0.5910 0.0933 0.8012
vn -0.5910 0.0933 0.8013
vn -0.5910 0.0932 0.8012
vn 0.3974 0.0938 0.9128
vn 0.3975 0.0938 0.9128
vn 0.9896 0.0939 0.1090
vn 0.9896 0.0939 0.1092
vn 0.9897 0.0936 0.1084
vn 0.5862 0.0937 -0.8047
vn 0.5853 0.0935 -0.8054
vn 0.5849 0.0935 -0.8057
vn 0.5866 0.0938 -0.8045
vn -0.4045 0.0937 -0.9097
vn -0.4052 0.0936 -0.9094
vn -0.4055 0.0936 -0.9093
vn -0.4042 0.0937 -0.9098
vn -0.9899 0.0931 -0.1074
vn -0.9898 0.0931 -0.1076
vn -0.9898 0.0931 -0.1077
vn -0.9899 0.0930 -0.1073
vn -0.0465 0.9989 0.0005
vn -0.0465 0.9989 0.0004
vn -0.0464 0.9989 0.0005
vn -0.9575 -0.0000 0.2886
vn -0.9574 -0.0000 0.2887
vn -0.9575 -0.0000 0.2884
vn 0.1636 -0.4678 -0.8686
vn -0.4831 -0.4543 -0.7485
vn -0.8021 -0.5866 0.1119
vn -0.1208 -0.4765 0.8708
vn 0.5216 -0.4488 0.7256
vn 0.8185 -0.5600 -0.1284
vn -0.1651 0.1032 0.9809
vn -0.1646 0.1030 0.9810
vn -0.1643 0.1028 0.9810
vn -0.1654 0.1034 0.9808
vn 0.5568 0.0982 0.8248
vn 0.5569 0.0982 0.8247
vn 0.5571 0.0982 0.8246
vn 0.5567 0.0982 0.8249
vn 0.9805 0.1354 -0.1422
vn 0.9805 0.1351 -0.1424
vn 0.9805 0.1350 -0.1425
vn 0.9805 0.1355 -0.1421
vn 0.1559 0.1035 -0.9823
vn 0.1557 0.1034 -0.9824
vn 0.1555 0.1034 -0.9824
vn 0.1560 0.1035 -0.9823
vn -0.5647 0.0978 -0.8195
vn -0.5652 0.0977 -0.8191
vn -0.5656 0.0976 -0.8189
vn -0.5644 0.0978 -0.8197
vn -0.9799 0.1331 0.1485
vn -0.9800 0.1334 0.1473
vn -0.9801 0.1336 0.1468
vn -0.9799 0.1330 0.1489
vn -0.0484 0.9987 0.0160
vn -0.0484 0.9987 0.0161
vn -0.0484 0.9987 0.0159
vn -0.0483 0.9987 0.0159
vn -0.0483 0.9987 0.0160
vn 0.7627 -0.0000 -0.6468
vn 0.7628 -0.0000 -0.6466
vn 0.7627 -0.0000 -0.6467
vn 0.7626 -0.0000 -0.6469
vn 0.0213 -0.4204 0.9071
vn 0.8628 -0.4138 0.2906
vn 0.7571 -0.3573 -0.5470
vn 0.0484 -0.3981 -0.9161
vn -0.8251 -0.4312 -0.3651
vn -0.7531 -0.3860 0.5327
vn 0.0088 0.0871 -0.9962
vn 0.0071 0.0870 -0.9962
vn 0.0065 0.0870 -0.9962
vn 0.0093 0.0872 -0.9961
vn -0.9317 0.0900 -0.3518
vn -0.9319 0.0899 -0.3514
vn -0.9320 0.0899 -0.3512
vn -0.9317 0.0901 -0.3519
vn -0.8100 0.0764 0.5815
vn -0.8102 0.0766 0.5811
vn -0.8104 0.0767 0.5809
vn -0.8099 0.0764 0.5816
vn -0.0229 0.0863 0.9960
vn -0.0208 0.0859 0.9961
vn -0.0200 0.0858 0.9961
vn -0.0236 0.0864 0.9960
vn 0.9253 0.0909 0.3682
vn 0.9252 0.0910 0.3684
vn 0.9252 0.0910 0.3685
vn 0.8121 0.0779 -0.5783
vn 0.8126 0.0780 -0.5776
vn 0.8128 0.0780 -0.5772
vn 0.8119 0.0779 -0.5786
vn -0.0852 0.9937 0.0723
vn -0.0851 0.9938 0.0722
vn -0.0851 0.9937 0.0722
vn -0.0851 0.9937 0.0723
vn -0.0852 0.9937 0.0724
vn 0.9352 -0.0000 -0.3542
vn 0.9352 -0.0000 -0.3540
vn 0.9351 -0.0000 -0.3543
vn -0.2881 -0.4189 0.8611
vn 0.7107 -0.4155 0.5677
vn 0.8957 -0.3599 -0.2613
vn 0.3472 -0.3999 -0.8483
vn -0.6603 -0.4298 -0.6158
vn -0.8886 -0.3843 0.2502
vn 0.3409 0.0870 -0.9361
vn 0.3408 0.0869 -0.9361
vn 0.3407 0.0869 -0.9361
vn 0.3409 0.0871 -0.9361
vn -0.7592 0.0901 -0.6446
vn -0.7596 0.0899 -0.6441
vn -0.7597 0.0898 -0.6440
vn -0.7591 0.0901 -0.6448
vn -0.9579 0.0768 0.2767
vn -0.9580 0.0769 0.2763
vn -0.9580 0.0770 0.2762
vn -0.9579 0.0767 0.2768
vn -0.3534 0.0863 0.9315
vn -0.3532 0.0862 0.9316
vn -0.3531 0.0862 0.9316
vn -0.3535 0.0864 0.9314
vn 0.7487 0.0908 0.6566
vn 0.7491 0.0909 0.6562
vn 0.7492 0.0909 0.6561
vn 0.7486 0.0908 0.6567
vn 0.9589 0.0780 -0.2726
vn 0.9591 0.0780 -0.2722
vn 0.9591 0.0780 -0.2720
vn 0.9589 0.0780 -0.2728
vn -0.0886 0.9955 0.0336
vn -0.0886 0.9955 0.0335
vn -0.0885 0.9955 0.0336
vn -0.0887 0.9955 0.0336
vn -0.0887 0.9955 0.0335
vn 0.9998 -0.0000 -0.0210
vn -0.5719 -0.4149 0.7076
vn 0.4777 -0.4159 0.7738
vn 0.9321 -0.3582 0.0531
vn 0.6101 -0.4000 -0.6839
vn -0.4286 -0.4273 -0.7960
vn -0.9243 -0.3770 -0.0603
vn 0.6416 0.0867 -0.7621
vn 0.6404 0.0866 -0.7631
vn 0.6400 0.0865 -0.7635
vn 0.6419 0.0867 -0.7618
vn -0.5024 0.0900 -0.8599
vn -0.5031 0.0900 -0.8596
vn -0.5033 0.0900 -0.8594
vn -0.5022 0.0900 -0.8600
vn -0.9954 0.0759 -0.0587
vn -0.9954 0.0760 -0.0592
vn -0.9953 0.0761 -0.0594
vn -0.9954 0.0758 -0.0586
vn -0.6488 0.0858 0.7561
vn -0.6486 0.0855 0.7563
vn -0.6486 0.0854 0.7564
vn -0.6488 0.0859 0.7561
vn 0.4930 0.0903 0.8653
vn 0.4936 0.0902 0.8650
vn 0.4938 0.0902 0.8649
vn 0.4928 0.0903 0.8654
vn 0.9951 0.0769 0.0629
vn 0.9951 0.0768 0.0626
vn 0.9951 0.0767 0.0625
vn -0.0729 0.9973 0.0015
vn -0.0728 0.9973 0.0015
vn -0.0728 0.9973 0.0014
vn -0.0730 0.9973 0.0015
vn -0.0730 0.9973 0.0016
vn -0.0729 0.9973 0.0016
vn 1.0000 0.0001 0.0086
vn 1.0000 0.0001 0.0085
vn 1.0000 -0.0000 0.0086
vn -0.5207 -0.4392 0.7321
vn 0.3762 -0.4329 0.8192
vn 0.8980 -0.4293 0.0965
vn 0.5432 -0.4319 -0.7200
vn -0.3494 -0.4380 -0.8283
vn -0.8915 -0.4420 -0.0990
vn 0.5862 0.0935 -0.8047
vn 0.5861 0.0935 -0.8048
vn 0.5860 0.0935 -0.8049
vn 0.5863 0.0935 -0.8047
vn -0.4039 0.0936 -0.9100
vn -0.4051 0.0934 -0.9095
vn -0.4056 0.0933 -0.9093
vn -0.4035 0.0937 -0.9102
vn -0.9898 0.0930 -0.1079
vn -0.9897 0.0932 -0.1083
vn -0.9897 0.0933 -0.1085
vn -0.9898 0.0929 -0.1077
vn -0.5902 0.0934 0.8018
vn -0.5898 0.0932 0.8022
vn -0.5896 0.0932 0.8023
vn -0.5904 0.0934 0.8017
vn 0.3980 0.0936 0.9126
vn 0.3969 0.0939 0.9130
vn 0.3965 0.0940 0.9132
vn 0.3984 0.0935 0.9125
vn 0.9897 0.0936 0.1085
vn 0.9897 0.0937 0.1087
vn 0.9897 0.0935 0.1084
vn -0.0355 0.9994 -0.0003
vn -0.0356 0.9994 -0.0003
vn -0.0354 0.9994 -0.0003
vn 0.9950 -0.0000 0.1003
vn -0.6006 -0.4342 0.6713
vn 0.2796 -0.4366 0.8551
vn 0.8808 -0.4380 0.1799
vn 0.5920 -0.4371 -0.6770
vn -0.2914 -0.4346 -0.8522
vn -0.8833 -0.4331 -0.1792
vn 0.6602 0.0935 -0.7453
vn 0.6600 0.0934 -0.7455
vn 0.6599 0.0933 -0.7456
vn 0.6603 0.0935 -0.7452
vn -0.3146 0.0938 -0.9446
vn -0.3142 0.0938 -0.9447
vn -0.3140 0.0938 -0.9448
vn -0.3148 0.0937 -0.9445
vn -0.9755 0.0935 -0.1989
vn -0.9754 0.0937 -0.1995
vn -0.9754 0.0938 -0.1997
vn -0.9756 0.0934 -0.1987
vn -0.6590 0.0935 0.7463
vn -0.6587 0.0934 0.7466
vn -0.6586 0.0933 0.7467
vn -0.6591 0.0936 0.7462
vn 0.3170 0.0937 0.9438
vn 0.3168 0.0937 0.9438
vn 0.3167 0.0937 0.9439
vn 0.3171 0.0936 0.9438
vn 0.9756 0.0932 0.1986
vn 0.9756 0.0934 0.1989
vn 0.9755 0.0934 0.1991
vn 0.9757 0.0932 0.1984
vn 0.0146 0.9999 0.0015
vn 0.0147 0.9999 0.0015
vn 0.9999 -0.0000 0.0112
vn -0.5401 -0.4338 0.7212
vn 0.3533 -0.4371 0.8271
vn 0.8928 -0.4390 0.1009
vn 0.5275 -0.4376 -0.7282
vn -0.3680 -0.4342 -0.8222
vn -0.8963 -0.4322 -0.0995
vn 0.5916 0.0935 -0.8008
vn 0.5918 0.0933 -0.8007
vn -0.3971 0.0938 -0.9129
vn -0.3973 0.0938 -0.9129
vn -0.3971 0.0938 -0.9130
vn -0.9894 0.0936 -0.1112
vn -0.9894 0.0936 -0.1114
vn -0.9893 0.0936 -0.1115
vn -0.9894 0.0936 -0.1111
vn -0.5893 0.0936 0.8025
vn -0.5893 0.0934 0.8025
vn -0.5893 0.0933 0.8025
vn 0.4013 0.0935 0.9112
vn 0.4005 0.0936 0.9115
vn 0.4002 0.0937 0.9116
vn 0.4015 0.0935 0.9111
vn 0.9895 0.0932 0.1108
vn 0.9894 0.0934 0.1112
vn 0.9894 0.0935 0.1114
vn 0.9895 0.0932 0.1106
vn 0.0199 0.9998 0.0002
vn 0.9996 -0.0000 0.0278
vn -0.5509 -0.4339 0.7129
vn 0.3407 -0.4367 0.8326
vn 0.8913 -0.4385 0.1154
vn 0.5411 -0.4373 -0.7183
vn -0.3534 -0.4346 -0.8284
vn -0.8941 -0.4330 -0.1144
vn 0.6048 0.0933 -0.7909
vn 0.6040 0.0933 -0.7915
vn 0.6037 0.0932 -0.7918
vn 0.6051 0.0934 -0.7907
vn -0.3829 0.0938 -0.9190
vn -0.3825 0.0938 -0.9192
vn -0.3823 0.0937 -0.9193
vn -0.3831 0.0939 -0.9189
vn -0.9874 0.0935 -0.1273
vn -0.9874 0.0937 -0.1278
vn -0.9873 0.0938 -0.1280
vn -0.9875 0.0934 -0.1271
vn -0.6029 0.0935 0.7923
vn -0.6028 0.0934 0.7924
vn -0.6027 0.0933 0.7925
vn -0.6030 0.0936 0.7923
vn 0.3858 0.0937 0.9178
vn 0.3852 0.0937 0.9181
vn 0.3849 0.0937 0.9182
vn 0.3860 0.0937 0.9177
vn 0.9875 0.0933 0.1271
vn 0.9874 0.0934 0.1276
vn 0.9874 0.0935 0.1278
vn 0.9875 0.0932 0.1270
vn 0.0162 0.9999 0.0005
vn 0.0162 0.9999 0.0004
vn 0.0163 0.9999 0.0005
vn -0.7914 -0.0000 0.6113
vn -0.7913 -0.0000 0.6114
vn -0.7915 -0.0000 0.6112
vn -0.0323 -0.4358 -0.8995
vn -0.7954 -0.4355 -0.4214
vn -0.7632 -0.4352 0.4776
vn 0.0312 -0.4356 0.8996
vn 0.7955 -0.4357 0.4210
vn 0.7633 -0.4356 -0.4772
vn 0.0358 0.0937 0.9950
vn 0.0362 0.0935 0.9950
vn 0.0364 0.0933 0.9950
vn 0.0357 0.0938 0.9949
vn 0.8796 0.0936 0.4664
vn 0.8793 0.0940 0.4669
vn 0.8792 0.0941 0.4671
vn 0.8797 0.0935 0.4662
vn 0.8443 0.0928 -0.5277
vn 0.8451 0.0934 -0.5264
vn 0.8454 0.0936 -0.5258
vn 0.8441 0.0926 -0.5282
vn -0.0351 0.0935 -0.9950
vn -0.0357 0.0932 -0.9950
vn -0.0360 0.0930 -0.9950
vn -0.0348 0.0936 -0.9950
vn -0.8800 0.0935 -0.4657
vn -0.8443 0.0932 0.5278
vn -0.8445 0.0934 0.5274
vn -0.8446 0.0936 0.5272
vn -0.8442 0.0931 0.5279
vn -0.7911 -0.0000 0.6117
vn -0.7910 -0.0000 0.6118
vn -0.7912 -0.0000 0.6116
vn -0.0316 -0.4357 -0.8995
vn -0.7950 -0.4355 -0.4224
vn -0.7635 -0.4354 0.4769
vn 0.0323 -0.4356 0.8995
vn 0.7952 -0.4356 0.4217
vn 0.7628 -0.4359 -0.4776
vn 0.0357 0.0936 0.9950
vn 0.0365 0.0932 0.9950
vn 0.0368 0.0931 0.9950
vn 0.0354 0.0937 0.9950
vn 0.8792 0.0939 0.4672
vn 0.8791 0.0939 0.4673
vn 0.8792 0.0939 0.4671
vn 0.8444 0.0934 -0.5275
vn 0.8443 0.0932 -0.5278
vn 0.8442 0.0932 -0.5279
vn 0.8445 0.0934 -0.5274
vn -0.0360 0.0934 -0.9950
vn -0.0361 0.0934 -0.9950
vn -0.0362 0.0934 -0.9950
vn -0.8795 0.0936 -0.4665
vn -0.8797 0.0935 -0.4662
vn -0.8798 0.0934 -0.4661
vn -0.8795 0.0936 -0.4666
vn -0.8440 0.0933 0.5282
vn -0.8445 0.0937 0.5272
vn -0.8448 0.0938 0.5268
vn -0.8438 0.0932 0.5285
vn -0.9828 -0.0000 0.1845
vn -0.9828 -0.0000 0.1846
vn 0.3809 -0.4356 -0.8156
vn -0.5164 -0.4356 -0.7373
vn -0.8968 -0.4356 0.0775
vn -0.3802 -0.4360 0.8157
vn 0.5161 -0.4356 0.7375
vn 0.8969 -0.4355 -0.0775
vn -0.4207 0.0939 0.9023
vn -0.4202 0.0936 0.9026
vn -0.4200 0.0935 0.9027
vn -0.4209 0.0939 0.9022
vn 0.5709 0.0938 0.8157
vn 0.5707 0.0940 0.8157
vn 0.5707 0.0941 0.8158
vn 0.5709 0.0938 0.8156
vn 0.9920 0.0929 -0.0853
vn 0.9921 0.0933 -0.0840
vn 0.9921 0.0935 -0.0834
vn 0.9920 0.0928 -0.0858
vn 0.4207 0.0935 -0.9024
vn 0.4198 0.0931 -0.9028
vn 0.4194 0.0930 -0.9030
vn 0.4210 0.0936 -0.9022
vn -0.5710 0.0934 -0.8156
vn -0.5711 0.0934 -0.8155
vn -0.5712 0.0934 -0.8155
vn -0.9920 0.0933 0.0856
vn -0.9920 0.0933 0.0853
vn -0.9920 0.0933 0.0852
vn -0.9919 0.0932 0.0858
vn 0.9103 -0.0000 -0.4140
vn -0.1761 -0.4356 0.8827
vn 0.6766 -0.4355 0.5938
vn 0.8525 -0.4356 -0.2890
vn 0.1761 -0.4356 -0.8827
vn -0.6764 -0.4356 -0.5939
vn -0.8525 -0.4357 0.2888
vn 0.1942 0.0936 -0.9765
vn 0.1938 0.0934 -0.9766
vn 0.1936 0.0933 -0.9766
vn 0.1944 0.0936 -0.9765
vn -0.7482 0.0937 -0.6568
vn -0.7479 0.0938 -0.6572
vn -0.7477 0.0938 -0.6573
vn -0.7483 0.0937 -0.6567
vn -0.9430 0.0933 0.3194
vn -0.9431 0.0935 0.3191
vn -0.9432 0.0936 0.3189
vn -0.9430 0.0932 0.3196
vn -0.1948 0.0934 0.9764
vn -0.1946 0.0932 0.9764
vn -0.1944 0.0931 0.9765
vn -0.1949 0.0935 0.9763
vn 0.7481 0.0937 0.6570
vn 0.7482 0.0937 0.6568
vn 0.7483 0.0937 0.6567
vn 0.7480 0.0937 0.6570
vn 0.9430 0.0933 -0.3193
vn 0.9432 0.0935 -0.3189
vn 0.9432 0.0935 -0.3187
vn 0.9430 0.0933 -0.3195
vn -0.5258 -0.4357 0.7305
vn 0.3701 -0.4355 0.8206
vn 0.8955 -0.4358 0.0902
vn 0.5252 -0.4358 -0.7310
vn -0.3688 -0.4359 -0.8210
vn -0.8957 -0.4355 -0.0899
vn 0.5817 0.0936 -0.8080
vn 0.5818 0.0934 -0.8080
vn 0.5818 0.0933 -0.8080
vn 0.5817 0.0937 -0.8080
vn -0.4092 0.0937 -0.9076
vn -0.4082 0.0938 -0.9081
vn -0.4078 0.0939 -0.9082
vn -0.4095 0.0937 -0.9075
vn -0.9906 0.0934 -0.0998
vn -0.9906 0.0934 -0.0999
vn -0.9906 0.0934 -0.1000
vn -0.5816 0.0933 0.8081
vn -0.5817 0.0933 0.8080
vn -0.5818 0.0933 0.8080
vn 0.4089 0.0938 0.9077
vn 0.4099 0.0936 0.9073
vn 0.4104 0.0935 0.9071
vn 0.4086 0.0939 0.9079
vn 0.9906 0.0935 0.0996
vn 0.9906 0.0935 0.0999
vn 0.9906 0.0936 0.1000
vn 0.9906 0.0934 0.0995
vn 0.9891 -0.0000 -0.1476
vn 0.9890 -0.0000 -0.1476
vn 0.9891 -0.0000 -0.1475
vn -0.3137 -0.4618 0.8296
vn 0.4347 -0.4452 0.7828
vn 0.8598 -0.5102 -0.0212
vn 0.3366 -0.4562 -0.8238
vn -0.4133 -0.4485 -0.7925
vn -0.8522 -0.5228 0.0188
vn 0.3613 0.1000 -0.9271
vn 0.3611 0.0999 -0.9271
vn 0.3611 0.0998 -0.9272
vn 0.3614 0.1000 -0.9270
vn -0.4742 0.0967 -0.8751
vn -0.4747 0.0966 -0.8748
vn -0.4749 0.0966 -0.8747
vn -0.4740 0.0967 -0.8752
vn -0.9930 0.1157 0.0226
vn -0.9930 0.1160 0.0216
vn -0.9930 0.1162 0.0212
vn -0.9930 0.1156 0.0229
vn -0.3660 0.0996 0.9253
vn -0.3658 0.0993 0.9254
vn -0.3656 0.0992 0.9255
vn -0.3661 0.0997 0.9252
vn 0.4703 0.0968 0.8772
vn 0.4701 0.0968 0.8773
vn 0.4700 0.0968 0.8773
vn 0.4704 0.0968 0.8771
vn 0.9929 0.1166 -0.0235
vn 0.9929 0.1170 -0.0229
vn 0.9928 0.1172 -0.0227
vn 0.9929 0.1164 -0.0237
vn -0.0278 0.9996 0.0041
vn -0.0279 0.9996 0.0042
vn -0.0277 0.9996 0.0041
vn -0.0278 0.9996 0.0042
vn 0.9279 -0.0000 -0.3728
vn 0.9279 -0.0000 -0.3729
vn 0.9280 -0.0000 -0.3726
vn -0.0993 -0.4649 0.8798
vn 0.6132 -0.4434 0.6537
vn 0.8343 -0.5050 -0.2211
vn 0.1465 -0.4539 -0.8789
vn -0.5747 -0.4500 -0.6835
vn -0.8197 -0.5321 0.2118
vn 0.1310 0.1002 -0.9863
vn 0.1313 0.1001 -0.9863
vn 0.1315 0.1001 -0.9863
vn 0.1309 0.1003 -0.9863
vn -0.6646 0.0966 -0.7409
vn -0.6651 0.0964 -0.7405
vn -0.6654 0.0964 -0.7403
vn -0.6644 0.0966 -0.7411
vn -0.9610 0.1158 0.2513
vn -0.9609 0.1159 0.2513
vn -0.9609 0.1160 0.2513
vn -0.1428 0.0995 0.9847
vn -0.1427 0.0993 0.9848
vn -0.1425 0.0992 0.9848
vn -0.1429 0.0996 0.9847
vn 0.6573 0.0969 0.7473
vn 0.6571 0.0969 0.7476
vn 0.6569 0.0970 0.7477
vn 0.6575 0.0968 0.7472
vn 0.9608 0.1174 -0.2514
vn 0.9607 0.1177 -0.2512
vn 0.9607 0.1179 -0.2512
vn 0.9608 0.1172 -0.2514
vn -0.0542 0.9983 0.0218
vn -0.0542 0.9983 0.0217
vn 0.8162 -0.0000 -0.5777
vn 0.8165 -0.0000 -0.5774
vn 0.8163 -0.0000 -0.5777
vn 0.8160 -0.0000 -0.5780
vn 0.1139 -0.4663 0.8772
vn 0.7535 -0.4420 0.4867
vn 0.7621 -0.4999 -0.4115
vn -0.0522 -0.4519 -0.8906
vn -0.7121 -0.4514 -0.5377
vn -0.7468 -0.5354 0.3946
vn -0.1004 0.1001 -0.9899
vn -0.1009 0.0999 -0.9899
vn -0.1011 0.0999 -0.9899
vn -0.1002 0.1002 -0.9899
vn -0.8200 0.0965 -0.5642
vn -0.8201 0.0964 -0.5640
vn -0.8202 0.0964 -0.5639
vn -0.8199 0.0966 -0.5643
vn -0.8761 0.1154 0.4680
vn -0.8762 0.1152 0.4681
vn -0.8762 0.1151 0.4681
vn 0.0856 0.0995 0.9913
vn 0.0860 0.0994 0.9913
vn 0.0861 0.0993 0.9913
vn 0.0855 0.0996 0.9913
vn 0.8119 0.0970 0.5756
vn 0.8122 0.0969 0.5753
vn 0.8124 0.0969 0.5750
vn 0.8118 0.0970 0.5758
vn 0.8759 0.1173 -0.4680
vn 0.8764 0.1176 -0.4671
vn 0.8766 0.1177 -0.4667
vn 0.8758 0.1172 -0.4683
vn -0.0636 0.9970 0.0450
vn -0.0635 0.9970 0.0450
vn -0.8140 -0.0000 0.5809
vn 0.0421 -0.4247 -0.9043
vn -0.7521 -0.4426 -0.4882
vn -0.7754 -0.4549 0.4379
vn 0.0356 -0.4463 0.8942
vn 0.8013 -0.4277 0.4183
vn 0.7864 -0.4178 -0.4550
vn -0.0118 0.0930 0.9956
vn -0.0122 0.0928 0.9956
vn -0.0124 0.0927 0.9956
vn -0.0116 0.0930 0.9956
vn 0.8554 0.0941 0.5094
vn 0.8556 0.0941 0.5090
vn 0.8557 0.0940 0.5088
vn 0.8553 0.0942 0.5096
vn 0.8645 0.0945 -0.4937
vn 0.8650 0.0944 -0.4928
vn 0.8652 0.0943 -0.4925
vn 0.8643 0.0945 -0.4939
vn -0.0043 0.0940 -0.9956
vn -0.0031 0.0940 -0.9956
vn -0.0026 0.0940 -0.9956
vn -0.0047 0.0940 -0.9956
vn -0.8648 0.0933 -0.4934
vn -0.8648 0.0934 -0.4934
vn -0.8647 0.0934 -0.4935
vn -0.8636 0.0925 0.4956
vn -0.8643 0.0926 0.4943
vn -0.8646 0.0926 0.4938
vn -0.8633 0.0925 0.4961
vn -0.0879 0.9942 0.0627
vn -0.0878 0.9942 0.0626
vn -0.0878 0.9942 0.0627
vn -0.8142 -0.0000 0.5805
vn -0.8144 -0.0000 0.5803
vn -0.8143 -0.0000 0.5805
vn -0.8141 -0.0000 0.5807
vn 0.0383 -0.4256 -0.9041
vn -0.7535 -0.4424 -0.4863
vn -0.7760 -0.4533 0.4386
vn 0.0334 -0.4456 0.8946
vn 0.7996 -0.4285 0.4206
vn 0.7861 -0.4191 -0.4542
vn -0.0115 0.0930 0.9956
vn -0.0112 0.0928 0.9956
vn -0.0110 0.0928 0.9956
vn 0.8556 0.0942 0.5089
vn 0.8558 0.0941 0.5087
vn 0.8558 0.0941 0.5086
vn 0.8556 0.0942 0.5090
vn 0.8648 0.0942 -0.4933
vn 0.8651 0.0944 -0.4926
vn 0.8653 0.0945 -0.4923
vn 0.8646 0.0941 -0.4935
vn -0.0035 0.0940 -0.9956
vn -0.0036 0.0939 -0.9956
vn -0.0036 0.0938 -0.9956
vn -0.0035 0.0941 -0.9956
vn -0.8644 0.0934 -0.4940
vn -0.8645 0.0934 -0.4939
vn -0.8641 0.0925 0.4948
vn -0.8644 0.0926 0.4941
vn -0.8646 0.0926 0.4939
vn -0.8640 0.0925 0.4950
vn -0.0815 0.9950 0.0582
vn -0.0815 0.9950 0.0581
vn -0.0816 0.9950 0.0582
vn -0.0814 0.9950 0.0582
vn -0.9121 -0.0000 0.4100
vn 0.2997 -0.3984 -0.8669
vn -0.7002 -0.4289 -0.5708
vn -0.8726 -0.3798 0.3072
vn -0.2401 -0.4177 0.8763
vn 0.7492 -0.4135 0.5174
vn 0.8800 -0.3561 -0.3144
vn -0.3007 0.0861 0.9498
vn -0.3002 0.0858 0.9500
vn -0.3001 0.0857 0.9501
vn -0.3008 0.0862 0.9498
vn 0.7923 0.0904 0.6034
vn 0.7923 0.0903 0.6034
vn 0.9394 0.0770 -0.3340
vn 0.9397 0.0771 -0.3333
vn 0.9398 0.0772 -0.3330
vn 0.9394 0.0769 -0.3342
vn 0.2889 0.0868 -0.9534
vn 0.2907 0.0867 -0.9529
vn 0.2913 0.0866 -0.9527
vn 0.2884 0.0868 -0.9536
vn -0.8014 0.0897 -0.5914
vn -0.8015 0.0896 -0.5913
vn -0.8015 0.0896 -0.5912
vn -0.9400 0.0758 0.3327
vn -0.9399 0.0759 0.3329
vn -0.0877 0.9954 0.0394
vn -0.0876 0.9954 0.0394
vn -0.0877 0.9954 0.0395
vn -0.0878 0.9954 0.0395
vn -0.0875 0.9954 0.0394
vn -0.9822 -0.0000 0.1877
vn -0.9822 -0.0000 0.1876
vn -0.9822 -0.0000 0.1878
vn 0.4779 -0.4036 -0.7802
vn -0.5619 -0.4258 -0.7092
vn -0.9214 -0.3760 0.0982
vn -0.4484 -0.4138 0.7923
vn 0.5947 -0.4175 0.6871
vn 0.9265 -0.3628 -0.1000
vn -0.5085 0.0864 0.8567
vn -0.5074 0.0863 0.8574
vn -0.5069 0.0863 0.8577
vn -0.5088 0.0864 0.8565
vn 0.6322 0.0903 0.7695
vn 0.6318 0.0904 0.7699
vn 0.6316 0.0904 0.7700
vn 0.6324 0.0903 0.7694
vn 0.9913 0.0770 -0.1069
vn 0.9913 0.0771 -0.1063
vn 0.9914 0.0771 -0.1060
vn 0.9913 0.0770 -0.1071
vn 0.5026 0.0867 -0.8601
vn 0.5013 0.0867 -0.8609
vn 0.5008 0.0866 -0.8612
vn 0.5030 0.0867 -0.8599
vn -0.6383 0.0900 -0.7645
vn -0.6390 0.0899 -0.7639
vn -0.6393 0.0898 -0.7637
vn -0.6381 0.0900 -0.7647
vn -0.9915 0.0764 0.1055
vn -0.9915 0.0765 0.1051
vn -0.9915 0.0765 0.1050
vn -0.9915 0.0764 0.1056
vn -0.0513 0.9986 0.0098
vn -0.0511 0.9986 0.0098
vn -0.0512 0.9986 0.0098
vn -0.0514 0.9986 0.0099
vn -0.0514 0.9986 0.0098
vn 0.7641 -0.0000 -0.6451
vn 0.7642 -0.0000 -0.6450
vn 0.7640 -0.0000 -0.6452
vn 0.0702 -0.4356 0.8974
vn 0.8120 -0.4358 0.3882
vn 0.7422 -0.4356 -0.5092
vn -0.0694 -0.4357 -0.8974
vn -0.8121 -0.4357 -0.3881
vn -0.7424 -0.4354 0.5093
vn -0.0777 0.0935 -0.9926
vn -0.0777 0.0934 -0.9926
vn -0.0776 0.0933 -0.9926
vn -0.0778 0.0936 -0.9926
vn -0.8983 0.0937 -0.4292
vn -0.8983 0.0936 -0.4294
vn -0.8982 0.0936 -0.4294
vn -0.8984 0.0937 -0.4291
vn -0.8211 0.0933 0.5631
vn -0.8212 0.0935 0.5629
vn -0.8211 0.0932 0.5631
vn 0.0774 0.0935 0.9926
vn 0.0781 0.0933 0.9926
vn 0.0784 0.0932 0.9926
vn 0.0772 0.0936 0.9926
vn 0.8983 0.0937 0.4294
vn 0.8982 0.0938 0.4294
vn 0.8983 0.0937 0.4293
vn 0.8211 0.0934 -0.5631
vn 0.8213 0.0935 -0.5628
vn 0.8214 0.0936 -0.5627
vn 0.8210 0.0933 -0.5632
vn 0.7330 -0.0000 -0.6803
vn 0.7330 -0.0000 -0.6802
vn 0.7329 -0.0000 -0.6804
vn 0.1122 -0.4355 0.8932
vn 0.8291 -0.4360 0.3500
vn 0.7179 -0.4354 -0.5431
vn -0.1119 -0.4354 -0.8932
vn -0.8292 -0.4358 -0.3500
vn -0.7181 -0.4355 0.5428
vn -0.1238 0.0936 -0.9879
vn -0.1244 0.0934 -0.9878
vn -0.1247 0.0933 -0.9878
vn -0.1236 0.0936 -0.9879
vn -0.9173 0.0937 -0.3870
vn -0.9173 0.0938 -0.3871
vn -0.9172 0.0938 -0.3871
vn -0.7941 0.0933 0.6006
vn -0.7942 0.0934 0.6004
vn -0.7942 0.0935 0.6004
vn -0.7941 0.0932 0.6006
vn 0.1238 0.0934 0.9879
vn 0.1244 0.0933 0.9878
vn 0.1247 0.0933 0.9878
vn 0.1236 0.0934 0.9879
vn 0.9173 0.0937 0.3871
vn 0.9172 0.0936 0.3873
vn 0.9172 0.0935 0.3874
vn 0.9173 0.0937 0.3870
vn 0.7941 0.0934 -0.6005
vn 0.7941 0.0935 -0.6005
vn 0.7941 0.0935 -0.6006
vn 0.7942 0.0934 -0.6005
vn 0.9996 -0.0000 -0.0291
vn 0.9996 -0.0000 -0.0290
vn -0.5102 -0.4336 0.7427
vn 0.3860 -0.4372 0.8123
vn 0.8962 -0.4390 0.0644
vn 0.4975 -0.4375 -0.7490
vn -0.4013 -0.4344 -0.8064
vn -0.8995 -0.4324 -0.0626
vn 0.5586 0.0934 -0.8242
vn 0.5582 0.0932 -0.8244
vn 0.5581 0.0931 -0.8245
vn 0.5587 0.0934 -0.8241
vn -0.4340 0.0939 -0.8960
vn -0.4342 0.0938 -0.8959
vn -0.4342 0.0937 -0.8959
vn -0.9931 0.0934 -0.0708
vn -0.9930 0.0937 -0.0714
vn -0.9930 0.0938 -0.0716
vn -0.9931 0.0934 -0.0706
vn -0.5561 0.0935 0.8258
vn -0.5557 0.0934 0.8261
vn -0.5555 0.0933 0.8262
vn -0.5562 0.0935 0.8258
vn 0.4372 0.0938 0.8944
vn 0.4373 0.0937 0.8944
vn 0.9932 0.0933 0.0701
vn 0.9931 0.0935 0.0707
vn 0.9931 0.0936 0.0709
vn 0.9932 0.0932 0.0699
vn 0.0199 0.9998 -0.0006
vn -0.8192 -0.0000 -0.5735
vn -0.8193 -0.0000 -0.5734
vn -0.8191 -0.0000 -0.5737
vn 0.8487 -0.4362 -0.2991
vn 0.1651 -0.4352 -0.8851
vn -0.6830 -0.4342 -0.5874
vn -0.8511 -0.4345 0.2946
vn -0.1708 -0.4361 0.8836
vn 0.6814 -0.4371 0.5871
vn -0.9398 0.0934 0.3288
vn -0.9395 0.0936 0.3294
vn -0.9394 0.0936 0.3297
vn -0.9398 0.0934 0.3286
vn -0.1847 0.0936 0.9783
vn -0.1845 0.0936 0.9784
vn -0.1843 0.0936 0.9784
vn -0.1848 0.0936 0.9783
vn 0.7546 0.0931 0.6495
vn 0.9400 0.0933 -0.3283
vn 0.9398 0.0932 -0.3289
vn 0.9397 0.0931 -0.3292
vn 0.9400 0.0934 -0.3281
vn 0.1861 0.0938 -0.9780
vn 0.1857 0.0938 -0.9781
vn 0.1855 0.0938 -0.9782
vn 0.1862 0.0939 -0.9780
vn -0.7543 0.0936 -0.6498
vn -0.7541 0.0936 -0.6500
vn -0.7541 0.0937 -0.6501
vn -0.7544 0.0935 -0.6497
vn 0.0061 1.0000 0.0043
vn 0.0060 1.0000 0.0043
vn 0.0062 1.0000 0.0042
vn -0.8191 -0.0000 -0.5736
vn 0.8487 -0.4365 -0.2986
vn 0.1659 -0.4351 -0.8850
vn -0.6823 -0.4347 -0.5878
vn -0.8508 -0.4348 0.2951
vn -0.1695 -0.4361 0.8838
vn 0.6816 -0.4367 0.5872
vn -0.9398 0.0938 0.3288
vn -0.9395 0.0934 0.3295
vn -0.9394 0.0932 0.3299
vn -0.9398 0.0939 0.3285
vn -0.1841 0.0938 0.9784
vn -0.1852 0.0937 0.9782
vn -0.1857 0.0937 0.9781
vn -0.1838 0.0938 0.9785
vn 0.7543 0.0933 0.6498
vn 0.7540 0.0935 0.6502
vn 0.7538 0.0936 0.6504
vn 0.7545 0.0932 0.6497
vn 0.9400 0.0934 -0.3282
vn 0.9397 0.0933 -0.3290
vn 0.9396 0.0932 -0.3293
vn 0.9401 0.0934 -0.3280
vn 0.1859 0.0938 -0.9781
vn 0.1851 0.0938 -0.9782
vn 0.1848 0.0937 -0.9783
vn -0.7543 0.0936 -0.6499
vn -0.7537 0.0938 -0.6505
vn -0.7535 0.0938 -0.6507
vn -0.7544 0.0936 -0.6497
vn 0.0046 1.0000 0.0032
vn 0.0047 1.0000 0.0032
vn 0.0046 1.0000 0.0033
vn -0.9172 -0.0000 -0.3983
vn -0.9174 -0.0000 -0.3981
vn -0.9173 -0.0000 -0.3983
vn -0.9171 -0.0000 -0.3986
vn 0.7040 -0.4622 -0.5392
vn 0.0601 -0.4473 -0.8924
vn -0.7314 -0.5241 -0.4364
vn -0.7058 -0.4618 0.5372
vn -0.0614 -0.4473 0.8923
vn 0.7309 -0.5261 0.4348
vn -0.7903 0.1005 0.6045
vn -0.7904 0.1003 0.6044
vn -0.7904 0.1002 0.6043
vn -0.7902 0.1005 0.6045
vn -0.0672 0.0968 0.9930
vn -0.0675 0.0968 0.9930
vn -0.0677 0.0967 0.9930
vn -0.0671 0.0968 0.9930
vn 0.8523 0.1187 0.5094
vn 0.8520 0.1190 0.5099
vn 0.8518 0.1191 0.5102
vn 0.8524 0.1186 0.5092
vn 0.7914 0.1006 -0.6029
vn 0.7907 0.1006 -0.6038
vn 0.7903 0.1005 -0.6044
vn 0.7918 0.1006 -0.6025
vn 0.0671 0.0969 -0.9930
vn 0.0672 0.0969 -0.9930
vn 0.0673 0.0969 -0.9930
vn 0.0670 0.0969 -0.9930
vn -0.8534 0.1189 -0.5076
vn -0.8529 0.1190 -0.5083
vn -0.8527 0.1191 -0.5087
vn -0.8535 0.1189 -0.5073
vn 0.0025 1.0000 0.0011
vn 0.8191 -0.0000 0.5736
vn -0.8507 -0.4349 0.2951
vn -0.1694 -0.4359 0.8839
vn 0.6817 -0.4363 0.5873
vn 0.8489 -0.4360 -0.2986
vn 0.1651 -0.4352 -0.8850
vn -0.6820 -0.4350 -0.5879
vn 0.9398 0.0932 -0.3287
vn 0.9397 0.0931 -0.3290
vn 0.9401 0.0935 -0.3280
vn 0.1852 0.0938 -0.9782
vn 0.1855 0.0939 -0.9782
vn 0.1856 0.0940 -0.9781
vn 0.1851 0.0937 -0.9782
vn -0.7541 0.0933 -0.6500
vn -0.7538 0.0934 -0.6504
vn -0.7537 0.0935 -0.6505
vn -0.7542 0.0933 -0.6499
vn -0.9396 0.0934 0.3293
vn -0.9398 0.0934 0.3287
vn -0.1850 0.0937 0.9783
vn -0.1849 0.0936 0.9783
vn 0.7541 0.0934 0.6501
vn 0.7543 0.0935 0.6498
vn 0.7545 0.0935 0.6496
vn 0.7540 0.0933 0.6502
vn 0.0044 1.0000 0.0030
vn 0.0043 1.0000 0.0030
vn 0.0043 1.0000 0.0031
vn 0.0044 1.0000 0.0031
vn 0.8192 -0.0000 0.5735
vn 0.8191 -0.0000 0.5737
vn 0.8193 -0.0000 0.5734
vn -0.8507 -0.4352 0.2948
vn -0.1707 -0.4360 0.8836
vn 0.6813 -0.4369 0.5873
vn 0.8486 -0.4362 -0.2993
vn 0.1649 -0.4352 -0.8851
vn -0.6829 -0.4342 -0.5875
vn 0.9398 0.0933 -0.3287
vn 0.9397 0.0932 -0.3290
vn 0.9401 0.0935 -0.3277
vn 0.1862 0.0938 -0.9780
vn 0.1863 0.0939 -0.9780
vn 0.1862 0.0937 -0.9780
vn -0.7546 0.0932 -0.6495
vn -0.7542 0.0935 -0.6500
vn -0.7540 0.0936 -0.6502
vn -0.7548 0.0932 -0.6493
vn -0.9396 0.0934 0.3292
vn -0.9396 0.0933 0.3294
vn -0.9395 0.0933 0.3295
vn -0.9397 0.0935 0.3291
vn -0.1857 0.0936 0.9781
vn -0.1848 0.0937 0.9783
vn -0.1844 0.0937 0.9784
vn -0.1860 0.0936 0.9781
vn 0.7545 0.0933 0.6496
vn 0.7544 0.0933 0.6497
vn 0.7544 0.0934 0.6497
vn 0.0058 1.0000 0.0041
vn 0.0059 1.0000 0.0041
vn 0.8485 -0.4362 -0.2996
vn 0.1646 -0.4351 -0.8852
vn -0.6833 -0.4338 -0.5872
vn -0.8511 -0.4348 0.2941
vn -0.1712 -0.4363 0.8834
vn 0.6808 -0.4374 0.5875
vn -0.9397 0.0936 0.3291
vn -0.9396 0.0933 0.3293
vn -0.9397 0.0937 0.3290
vn -0.1856 0.0938 0.9781
vn -0.1848 0.0938 0.9783
vn -0.1859 0.0938 0.9781
vn 0.7550 0.0932 0.6490
vn 0.7548 0.0933 0.6492
vn 0.7547 0.0933 0.6493
vn 0.7551 0.0932 0.6490
vn 0.9401 0.0933 -0.3278
vn 0.9398 0.0932 -0.3288
vn 0.9403 0.0933 -0.3274
vn 0.1855 0.0937 -0.9782
vn 0.1866 0.0937 -0.9779
vn 0.1872 0.0937 -0.9778
vn -0.7537 0.0935 -0.6506
vn -0.7535 0.0935 -0.6508
vn -0.7543 0.0935 -0.6498
vn 0.0073 1.0000 0.0051
vn 0.0074 1.0000 0.0051
vn 0.0073 1.0000 0.0050
vn 0.0072 1.0000 0.0051
vn 0.8477 -0.4371 -0.3007
vn 0.1633 -0.4348 -0.8856
vn -0.6829 -0.4335 -0.5880
vn -0.8514 -0.4346 0.2936
vn -0.1720 -0.4364 0.8831
vn 0.6811 -0.4376 0.5871
vn -0.9395 0.0936 0.3295
vn -0.9395 0.0934 0.3296
vn -0.9395 0.0933 0.3297
vn -0.1840 0.0937 0.9785
vn -0.1847 0.0937 0.9783
vn -0.1838 0.0936 0.9785
vn 0.7542 0.0931 0.6500
vn 0.7543 0.0931 0.6499
vn 0.9400 0.0933 -0.3281
vn 0.9398 0.0933 -0.3286
vn 0.9398 0.0933 -0.3288
vn 0.9401 0.0934 -0.3279
vn 0.1870 0.0937 -0.9779
vn 0.1860 0.0937 -0.9781
vn 0.1856 0.0937 -0.9782
vn 0.1874 0.0937 -0.9778
vn -0.7539 0.0935 -0.6503
vn -0.7538 0.0937 -0.6504
vn -0.7537 0.0937 -0.6505
vn 0.0093 0.9999 0.0065
vn 0.0094 0.9999 0.0066
vn 0.0093 0.9999 0.0066
vn 0.0094 0.9999 0.0065
vn -0.8192 -0.0000 -0.5736
vn 0.8479 -0.4368 -0.3005
vn 0.1641 -0.4349 -0.8854
vn -0.6836 -0.4334 -0.5872
vn -0.8513 -0.4348 0.2938
vn -0.1727 -0.4365 0.8830
vn 0.6812 -0.4374 0.5870
vn -0.9396 0.0936 0.3294
vn -0.9395 0.0931 0.3296
vn -0.9396 0.0937 0.3293
vn -0.1856 0.0937 0.9782
vn -0.1839 0.0937 0.9785
vn -0.1860 0.0937 0.9781
vn 0.7542 0.0934 0.6499
vn 0.7537 0.0936 0.6505
vn 0.7535 0.0937 0.6507
vn 0.9401 0.0935 -0.3278
vn 0.9402 0.0933 -0.3276
vn 0.9401 0.0935 -0.3279
vn 0.1872 0.0938 -0.9778
vn 0.1868 0.0938 -0.9779
vn 0.1867 0.0938 -0.9779
vn 0.1873 0.0938 -0.9778
vn -0.7539 0.0936 -0.6502
vn -0.7538 0.0939 -0.6504
vn -0.7537 0.0940 -0.6504
vn -0.7540 0.0935 -0.6502
vn 0.0090 0.9999 0.0063
vn 0.0090 0.9999 0.0064
vn 0.0089 0.9999 0.0063
vn 0.8479 -0.4368 -0.3003
vn 0.1643 -0.4347 -0.8855
vn -0.6829 -0.4338 -0.5877
vn -0.8514 -0.4347 0.2937
vn -0.1716 -0.4363 0.8833
vn 0.6815 -0.4371 0.5870
vn -0.9396 0.0934 0.3294
vn -0.9395 0.0932 0.3297
vn -0.9396 0.0935 0.3293
vn -0.1850 0.0935 0.9783
vn -0.1851 0.0935 0.9783
vn 0.7539 0.0934 0.6503
vn 0.7540 0.0934 0.6501
vn 0.7538 0.0934 0.6504
vn 0.9401 0.0934 -0.3278
vn 0.9400 0.0934 -0.3280
vn 0.9401 0.0934 -0.3277
vn 0.1869 0.0938 -0.9779
vn 0.1858 0.0938 -0.9781
vn 0.1853 0.0938 -0.9782
vn -0.7547 0.0932 -0.6494
vn -0.7538 0.0938 -0.6504
vn -0.7534 0.0940 -0.6508
vn -0.7550 0.0931 -0.6491
vn 0.0084 0.9999 0.0059
vn 0.0084 0.9999 0.0058
vn 0.0084 0.9999 0.0057
vn 0.0084 0.9999 0.0060
vn 0.8193 -0.0000 0.5733
vn 0.8189 -0.0000 0.5739
vn -0.8514 -0.4346 0.2938
vn -0.1714 -0.4363 0.8833
vn 0.6808 -0.4375 0.5874
vn 0.8484 -0.4362 -0.2999
vn 0.1636 -0.4350 -0.8854
vn -0.6833 -0.4338 -0.5873
vn 0.9399 0.0932 -0.3286
vn 0.1857 0.0939 -0.9781
vn 0.1874 0.0938 -0.9778
vn 0.1882 0.0938 -0.9776
vn 0.1851 0.0939 -0.9782
vn -0.7539 0.0934 -0.6503
vn -0.7540 0.0933 -0.6502
vn -0.9396 0.0932 0.3294
vn -0.9396 0.0931 0.3294
vn -0.9396 0.0936 0.3293
vn -0.1849 0.0937 0.9783
vn -0.1850 0.0936 0.9783
vn 0.7546 0.0932 0.6496
vn 0.7546 0.0933 0.6495
vn 0.7546 0.0934 0.6495
vn 0.7545 0.0932 0.6496
vn 0.0082 0.9999 0.0057
vn 0.0082 0.9999 0.0058
vn 0.8194 -0.0000 0.5733
vn -0.8512 -0.4350 0.2938
vn -0.1725 -0.4365 0.8830
vn 0.6811 -0.4372 0.5873
vn 0.8479 -0.4367 -0.3006
vn 0.1635 -0.4347 -0.8856
vn -0.6834 -0.4338 -0.5872
vn 0.9402 0.0935 -0.3275
vn 0.1863 0.0937 -0.9780
vn 0.1867 0.0936 -0.9779
vn 0.1868 0.0936 -0.9779
vn -0.7538 0.0936 -0.6504
vn -0.7537 0.0937 -0.6506
vn -0.7543 0.0935 -0.6499
vn -0.9396 0.0935 0.3292
vn -0.1845 0.0938 0.9783
vn -0.1836 0.0937 0.9785
vn -0.1832 0.0937 0.9786
vn 0.7533 0.0937 0.6510
vn 0.7549 0.0931 0.6492
vn 0.0089 0.9999 0.0062
vn 0.0088 0.9999 0.0063
vn 0.8194 -0.0000 0.5732
vn -0.8515 -0.4344 0.2936
vn -0.1718 -0.4365 0.8832
vn 0.6812 -0.4374 0.5871
vn 0.8478 -0.4371 -0.3004
vn 0.1641 -0.4348 -0.8854
vn -0.6829 -0.4341 -0.5875
vn 0.9399 0.0936 -0.3283
vn 0.9399 0.0935 -0.3285
vn 0.9399 0.0934 -0.3285
vn 0.9399 0.0936 -0.3282
vn 0.1863 0.0938 -0.9780
vn -0.7544 0.0934 -0.6497
vn -0.7543 0.0937 -0.6498
vn -0.7542 0.0938 -0.6499
vn -0.7545 0.0934 -0.6496
vn -0.9398 0.0937 0.3287
vn -0.9394 0.0935 0.3297
vn -0.9393 0.0935 0.3301
vn -0.9399 0.0938 0.3284
vn -0.1830 0.0938 0.9786
vn -0.1846 0.0937 0.9783
vn -0.1853 0.0937 0.9782
vn -0.1825 0.0938 0.9787
vn 0.7543 0.0932 0.6499
vn 0.7539 0.0935 0.6503
vn 0.7537 0.0937 0.6505
vn 0.7544 0.0931 0.6498
vn 0.0092 0.9999 0.0065
vn -0.7784 -0.0000 0.6278
vn -0.7785 -0.0000 0.6277
vn -0.7783 -0.0000 0.6279
vn -0.0428 -0.4337 -0.9000
vn -0.7991 -0.4370 -0.4129
vn -0.7524 -0.4393 0.4909
vn 0.0570 -0.4376 0.8974
vn 0.8075 -0.4342 0.3994
vn 0.7543 -0.4321 -0.4943
vn 0.0533 0.0935 0.9942
vn 0.0537 0.0933 0.9942
vn 0.0539 0.0932 0.9942
vn 0.0531 0.0935 0.9942
vn 0.8877 0.0938 0.4508
vn 0.8879 0.0938 0.4504
vn 0.8879 0.0938 0.4503
vn 0.8876 0.0938 0.4509
vn 0.8336 0.0936 -0.5445
vn 0.8338 0.0938 -0.5441
vn 0.8339 0.0939 -0.5439
vn 0.8335 0.0935 -0.5446
vn -0.0564 0.0935 -0.9940
vn -0.0570 0.0934 -0.9940
vn -0.0572 0.0933 -0.9940
vn -0.0562 0.0935 -0.9940
vn -0.8893 0.0936 -0.4477
vn -0.8893 0.0935 -0.4476
vn -0.8332 0.0931 0.5451
vn -0.8337 0.0933 0.5443
vn -0.8339 0.0934 0.5440
vn -0.8330 0.0930 0.5453
vn -0.0155 0.9998 0.0125
vn -0.8188 -0.0000 0.5741
vn -0.8187 -0.0000 0.5743
vn -0.8189 -0.0000 0.5739
vn 0.0163 -0.4340 -0.9008
vn -0.7700 -0.4370 -0.4649
vn -0.7842 -0.4382 0.4394
vn -0.0049 -0.4373 0.8993
vn 0.7778 -0.4345 0.4541
vn 0.7857 -0.4330 -0.4417
vn -0.0126 0.0935 0.9955
vn -0.0127 0.0934 0.9955
vn -0.0128 0.0934 0.9956
vn -0.0125 0.0935 0.9955
vn 0.8554 0.0940 0.5094
vn 0.8555 0.0938 0.5093
vn 0.8555 0.0938 0.5092
vn 0.8553 0.0940 0.5095
vn 0.8683 0.0935 -0.4872
vn 0.8683 0.0937 -0.4870
vn 0.8684 0.0938 -0.4870
vn 0.8682 0.0934 -0.4873
vn 0.0107 0.0935 -0.9956
vn 0.0104 0.0934 -0.9956
vn 0.0102 0.0934 -0.9956
vn 0.0108 0.0936 -0.9956
vn -0.8569 0.0936 -0.5069
vn -0.8568 0.0936 -0.5072
vn -0.8567 0.0937 -0.5073
vn -0.8570 0.0936 -0.5068
vn -0.8683 0.0933 0.4872
vn -0.8685 0.0933 0.4869
vn -0.8686 0.0933 0.4867
vn -0.8682 0.0933 0.4873
vn -0.0133 0.9999 0.0093
vn 0.8140 -0.0000 -0.5808
vn 0.8142 -0.0000 -0.5805
vn 0.8141 -0.0000 -0.5808
vn 0.8139 -0.0000 -0.5811
vn 0.0350 -0.4464 0.8941
vn 0.8015 -0.4277 0.4179
vn 0.7867 -0.4176 -0.4547
vn 0.0415 -0.4246 -0.9044
vn -0.7515 -0.4429 -0.4890
vn -0.7752 -0.4552 0.4381
vn -0.0048 0.0941 -0.9956
vn -0.0051 0.0939 -0.9956
vn -0.0052 0.0938 -0.9956
vn -0.0047 0.0941 -0.9956
vn -0.8649 0.0932 -0.4932
vn -0.8646 0.0934 -0.4937
vn -0.8650 0.0932 -0.4930
vn -0.8639 0.0924 0.4951
vn -0.8639 0.0925 0.4951
vn -0.0127 0.0928 0.9956
vn -0.0126 0.0928 0.9956
vn -0.0125 0.0928 0.9956
vn -0.0128 0.0928 0.9956
vn 0.8551 0.0942 0.5098
vn 0.8555 0.0940 0.5092
vn 0.8557 0.0939 0.5089
vn 0.8550 0.0942 0.5100
vn 0.8647 0.0945 -0.4933
vn 0.8649 0.0946 -0.4929
vn 0.8650 0.0946 -0.4927
vn 0.8646 0.0945 -0.4935
vn -0.0879 0.9941 0.0627
vn -0.0879 0.9942 0.0628
vn 0.8142 -0.0000 -0.5806
vn 0.8143 -0.0000 -0.5804
vn 0.0324 -0.4457 0.8946
vn 0.8002 -0.4280 0.4202
vn 0.7862 -0.4188 -0.4545
vn 0.0392 -0.4255 -0.9041
vn -0.7536 -0.4423 -0.4864
vn -0.7757 -0.4538 0.4386
vn -0.0033 0.0941 -0.9956
vn -0.0027 0.0940 -0.9956
vn -0.0024 0.0940 -0.9956
vn -0.8646 0.0934 -0.4938
vn -0.8644 0.0934 -0.4941
vn -0.8640 0.0924 0.4949
vn -0.8645 0.0926 0.4941
vn -0.8647 0.0926 0.4937
vn -0.8639 0.0923 0.4951
vn -0.0111 0.0927 0.9956
vn -0.0116 0.0931 0.9956
vn 0.8558 0.0940 0.5087
vn 0.8647 0.0944 -0.4934
vn 0.8645 0.0945 -0.4936
vn 0.8647 0.0944 -0.4933
vn -0.0822 0.9949 0.0587
vn -0.0822 0.9949 0.0586
vn -0.0823 0.9949 0.0587
vn -0.9960 -0.0000 -0.0897
vn -0.9960 -0.0000 -0.0898
vn 0.4993 -0.4619 -0.7331
vn -0.2221 -0.4474 -0.8663
vn -0.8299 -0.5263 -0.1851
vn -0.5002 -0.4620 0.7324
vn 0.2227 -0.4476 0.8661
vn 0.8299 -0.5270 0.1831
vn -0.5595 0.1006 0.8227
vn -0.5596 0.1005 0.8226
vn -0.5597 0.1005 0.8226
vn -0.5594 0.1006 0.8228
vn 0.2476 0.0968 0.9640
vn 0.2474 0.0967 0.9641
vn 0.2473 0.0966 0.9641
vn 0.2478 0.0969 0.9640
vn 0.9690 0.1193 0.2165
vn 0.9688 0.1195 0.2170
vn 0.9688 0.1196 0.2172
vn 0.9690 0.1193 0.2163
vn 0.5597 0.1006 -0.8225
vn 0.5597 0.1004 -0.8226
vn 0.5597 0.1002 -0.8226
vn 0.5597 0.1007 -0.8225
vn -0.2480 0.0970 -0.9639
vn -0.2472 0.0971 -0.9641
vn -0.2468 0.0971 -0.9642
vn -0.2483 0.0969 -0.9638
vn -0.9695 0.1194 -0.2140
vn -0.9693 0.1197 -0.2147
vn -0.9692 0.1199 -0.2151
vn -0.9696 0.1193 -0.2137
vn 0.0005 1.0000 -0.0000
vn 0.0005 1.0000 0.0001
vn -0.9845 -0.0000 0.1756
vn -0.9844 -0.0000 0.1759
vn -0.9844 -0.0000 0.1757
vn -0.9845 -0.0000 0.1755
vn 0.3005 -0.4594 -0.8358
vn -0.4310 -0.4493 -0.7826
vn -0.8456 -0.5325 0.0378
vn -0.2762 -0.4649 0.8412
vn 0.4544 -0.4456 0.7713
vn 0.8529 -0.5202 -0.0443
vn -0.3258 0.1006 0.9401
vn -0.3247 0.1005 0.9405
vn -0.3240 0.1005 0.9407
vn -0.3263 0.1007 0.9399
vn 0.4911 0.0971 0.8657
vn 0.4907 0.0972 0.8659
vn 0.4904 0.0972 0.8661
vn 0.4913 0.0971 0.8656
vn 0.9918 0.1195 -0.0462
vn 0.9917 0.1198 -0.0458
vn 0.9917 0.1200 -0.0456
vn 0.9918 0.1194 -0.0463
vn 0.3223 0.1008 -0.9412
vn 0.3212 0.1006 -0.9417
vn 0.3205 0.1005 -0.9419
vn 0.3229 0.1009 -0.9410
vn -0.4952 0.0969 -0.8633
vn -0.4962 0.0969 -0.8628
vn -0.4967 0.0968 -0.8625
vn -0.4948 0.0970 -0.8636
vn -0.9917 0.1186 0.0493
vn -0.9917 0.1191 0.0485
vn -0.9917 0.1193 0.0482
vn -0.9917 0.1185 0.0496
vn -0.0290 0.9996 0.0052
vn -0.0291 0.9996 0.0053
vn -0.0291 0.9996 0.0052
vn -0.0290 0.9996 0.0051
vn -0.0290 0.9996 0.0053
vn -0.9036 -0.0000 0.4284
vn -0.9037 -0.0000 0.4281
vn -0.9035 -0.0000 0.4287
vn 0.0787 -0.4574 -0.8858
vn -0.6116 -0.4509 -0.6502
vn -0.8007 -0.5425 0.2542
vn -0.0310 -0.4678 0.8833
vn 0.6490 -0.4438 0.6179
vn 0.8134 -0.5159 -0.2689
vn -0.0665 0.1005 0.9927
vn -0.0672 0.1004 0.9927
vn -0.0676 0.1003 0.9927
vn -0.0662 0.1006 0.9927
vn 0.6976 0.0971 0.7099
vn 0.6973 0.0972 0.7101
vn 0.6971 0.0973 0.7103
vn 0.6977 0.0970 0.7098
vn 0.9450 0.1207 -0.3039
vn 0.9452 0.1207 -0.3034
vn 0.9453 0.1207 -0.3031
vn 0.9450 0.1206 -0.3041
vn 0.0566 0.1009 -0.9933
vn 0.0564 0.1008 -0.9933
vn 0.0563 0.1008 -0.9933
vn 0.0567 0.1010 -0.9933
vn -0.7053 0.0968 -0.7022
vn -0.7054 0.0968 -0.7022
vn -0.7053 0.0968 -0.7023
vn -0.9439 0.1192 0.3080
vn -0.9442 0.1194 0.3069
vn -0.9444 0.1194 0.3065
vn -0.9438 0.1192 0.3083
vn -0.0526 0.9983 0.0249
vn -0.0526 0.9983 0.0250
vn -0.8142 -0.0000 0.5806
vn 0.0379 -0.4257 -0.9041
vn -0.7538 -0.4424 -0.4859
vn -0.7760 -0.4531 0.4388
vn 0.0310 -0.4455 0.8948
vn 0.7995 -0.4285 0.4210
vn 0.7858 -0.4195 -0.4544
vn -0.0110 0.0929 0.9956
vn -0.0123 0.0930 0.9956
vn -0.0129 0.0930 0.9956
vn -0.0105 0.0929 0.9956
vn 0.8560 0.0939 0.5084
vn 0.8560 0.0939 0.5083
vn 0.8557 0.0941 0.5088
vn 0.8650 0.0943 -0.4929
vn 0.8650 0.0943 -0.4927
vn 0.8647 0.0942 -0.4934
vn -0.0037 0.0938 -0.9956
vn -0.0042 0.0938 -0.9956
vn -0.0024 0.0941 -0.9956
vn -0.8645 0.0933 -0.4938
vn -0.8643 0.0934 -0.4942
vn -0.8639 0.0926 0.4950
vn -0.8638 0.0927 0.4952
vn -0.0801 0.9952 0.0571
vn -0.0802 0.9951 0.0571
vn -0.0800 0.9952 0.0571
vn -0.0799 0.9952 0.0571
vn -0.0801 0.9951 0.0572
vn -0.8193 0.0002 -0.5734
vn -0.8192 0.0004 -0.5735
vn -0.8193 -0.0000 -0.5733
vn 0.8475 -0.4372 -0.3010
vn -0.6829 -0.4337 -0.5878
vn -0.8517 -0.4344 0.2932
vn -0.1721 -0.4363 0.8832
vn 0.6810 -0.4378 0.5870
vn -0.9394 0.0930 0.3299
vn -0.9394 0.0937 0.3297
vn -0.1841 0.0936 0.9784
vn -0.1839 0.0936 0.9785
vn 0.7546 0.0932 0.6495
vn 0.7537 0.0933 0.6505
vn 0.7548 0.0932 0.6493
vn 0.9399 0.0933 -0.3284
vn 0.9398 0.0932 -0.3286
vn 0.1861 0.0938 -0.9781
vn 0.1858 0.0936 -0.9781
vn 0.1857 0.0936 -0.9781
vn -0.7542 0.0935 -0.6499
vn -0.7534 0.0939 -0.6509
vn -0.7530 0.0941 -0.6513
vn 0.0095 0.9999 0.0066
vn -0.1703 -0.4365 0.8834
vn 0.6811 -0.4370 0.5875
vn 0.8482 -0.4367 -0.2996
vn 0.1643 -0.4350 -0.8853
vn -0.6830 -0.4343 -0.5873
vn 0.9402 0.0935 -0.3276
vn 0.9403 0.0935 -0.3273
vn 0.1860 0.0938 -0.9781
vn 0.1854 0.0938 -0.9782
vn -0.7538 0.0935 -0.6504
vn -0.7539 0.0936 -0.6503
vn -0.7539 0.0937 -0.6503
vn -0.9396 0.0936 0.3291
vn -0.9395 0.0932 0.3295
vn -0.1840 0.0938 0.9784
vn -0.1851 0.0937 0.9782
vn -0.1856 0.0937 0.9781
vn -0.1836 0.0938 0.9785
vn 0.7545 0.0933 0.6497
vn 0.7539 0.0935 0.6504
vn 0.7536 0.0936 0.6507
vn 0.7547 0.0932 0.6494
vn 0.0073 1.0000 0.0052
vn 0.9064 0.0004 -0.4224
vn -0.1639 -0.4367 0.8845
vn 0.6843 -0.4352 0.5851
vn 0.8503 -0.4343 -0.2972
vn 0.1707 -0.4347 -0.8843
vn -0.6796 -0.4359 -0.5900
vn -0.8494 -0.4368 0.2962
vn 0.1851 0.0936 -0.9782
vn 0.1853 0.0934 -0.9782
vn 0.1851 0.0936 -0.9783
vn -0.7548 0.0936 -0.6492
vn -0.7550 0.0937 -0.6490
vn -0.7551 0.0937 -0.6489
vn -0.7547 0.0936 -0.6493
vn -0.9400 0.0934 0.3281
vn -0.9399 0.0933 0.3284
vn -0.9399 0.0933 0.3285
vn -0.9401 0.0934 0.3280
vn -0.1852 0.0934 0.9783
vn -0.1853 0.0934 0.9782
vn -0.1849 0.0935 0.9783
vn 0.7532 0.0938 0.6510
vn 0.7530 0.0938 0.6513
vn 0.7539 0.0937 0.6503
vn 0.9401 0.0937 -0.3279
vn 0.9401 0.0938 -0.3277
vn 0.9399 0.0936 -0.3285
vn -0.0077 1.0000 0.0036
vn -0.0076 1.0000 0.0036
vn 0.9061 -0.0000 -0.4230
vn 0.9060 -0.0000 -0.4232
vn 0.9061 -0.0000 -0.4231
vn 0.9062 -0.0000 -0.4229
vn -0.1647 -0.4369 0.8843
vn 0.6848 -0.4348 0.5847
vn 0.8505 -0.4338 -0.2975
vn 0.1704 -0.4346 -0.8843
vn -0.6792 -0.4363 -0.5903
vn -0.8490 -0.4375 0.2964
vn 0.1848 0.0936 -0.9783
vn 0.1842 0.0935 -0.9784
vn 0.1839 0.0935 -0.9785
vn 0.1850 0.0936 -0.9783
vn -0.7555 0.0936 -0.6484
vn -0.7549 0.0939 -0.6491
vn -0.7546 0.0940 -0.6494
vn -0.7558 0.0935 -0.6481
vn -0.9400 0.0934 0.3282
vn -0.9400 0.0935 0.3280
vn -0.1862 0.0933 0.9781
vn -0.1869 0.0933 0.9779
vn -0.1871 0.0932 0.9779
vn -0.1860 0.0934 0.9781
vn 0.7539 0.0938 0.6503
vn 0.7539 0.0936 0.6502
vn 0.9400 0.0935 -0.3282
vn 0.9402 0.0939 -0.3274
vn 0.9399 0.0934 -0.3284
vn -0.0088 1.0000 0.0041
vn -0.0087 1.0000 0.0041
vn 0.8153 -0.0000 -0.5790
vn 0.8154 -0.0000 -0.5788
vn 0.8152 -0.0000 -0.5792
vn 0.5416 -0.4889 0.6838
vn 0.5075 -0.4941 0.7060
vn 0.3559 -0.5064 0.7854
vn 0.6699 -0.4599 0.5829
vn 0.5973 -0.7717 -0.2185
vn -0.5390 -0.4888 -0.6860
vn -0.5022 -0.4942 -0.7096
vn -0.3459 -0.5063 -0.7899
vn -0.6707 -0.4589 -0.5827
vn -0.5897 -0.7757 0.2249
vn -0.4083 0.1136 -0.9058
vn -0.5955 0.1092 -0.7959
vn -0.4082 0.1136 -0.9058
vn -0.5895 0.1096 -0.8003
vn -0.7496 0.1005 -0.6542
vn -0.7494 0.1008 -0.6544
vn -0.9141 0.2300 0.3339
vn -0.9135 0.2295 0.3359
vn -0.9132 0.2293 0.3368
vn -0.9143 0.2302 0.3331
vn 0.4006 0.1128 0.9093
vn 0.5944 0.1085 0.7968
vn 0.4013 0.1121 0.9091
vn 0.5865 0.1092 0.8025
vn 0.7523 0.0996 0.6513
vn 0.7524 0.0996 0.6511
vn 0.9091 0.2305 -0.3471
vn 0.9097 0.2312 -0.3449
vn 0.9100 0.2315 -0.3439
vn 0.9089 0.2302 -0.3478
vn -0.0033 1.0000 0.0023
vn -0.0033 1.0000 0.0024
vn -0.6740 -0.0000 -0.7387
vn -0.6742 -0.0000 -0.7386
vn -0.6738 -0.0000 -0.7389
vn 0.6116 -0.4886 -0.6222
vn 0.6379 -0.4939 -0.5909
vn 0.7344 -0.5065 -0.4518
vn 0.4972 -0.4596 -0.7359
vn -0.2872 -0.7748 -0.5632
vn -0.6141 -0.4887 0.6197
vn -0.6422 -0.4943 0.5859
vn -0.7400 -0.5067 0.4424
vn -0.4969 -0.4589 0.7366
vn 0.2920 -0.7785 0.5556
vn -0.8474 0.1135 0.5186
vn -0.7163 0.1093 0.6892
vn -0.8475 0.1138 0.5184
vn -0.7213 0.1095 0.6839
vn -0.5581 0.1005 0.8237
vn -0.5585 0.1007 0.8234
vn 0.4408 0.2322 0.8670
vn 0.4403 0.2324 0.8673
vn 0.4401 0.2324 0.8674
vn 0.4410 0.2321 0.8670
vn 0.8517 0.1128 -0.5118
vn 0.7172 0.1087 -0.6884
vn 0.8514 0.1121 -0.5123
vn 0.7239 0.1091 -0.6812
vn 0.5552 0.0996 -0.8257
vn 0.5551 0.0994 -0.8258
vn -0.4530 0.2323 -0.8607
vn -0.4509 0.2330 -0.8616
vn -0.4500 0.2333 -0.8620
vn -0.4537 0.2321 -0.8604
vn 0.0028 1.0000 0.0031
vn 0.0027 1.0000 0.0032
vn 0.8190 -0.0000 0.5737
vn 0.8190 -0.0000 0.5738
vn -0.8514 -0.4349 0.2932
vn 0.6809 -0.4377 0.5872
vn 0.8479 -0.4366 -0.3007
vn 0.1640 -0.4348 -0.8855
vn -0.6835 -0.4337 -0.5872
vn 0.9401 0.0937 -0.3278
vn 0.9400 0.0933 -0.3282
vn 0.9399 0.0932 -0.3284
vn 0.1871 0.0938 -0.9779
vn -0.7538 0.0935 -0.6505
vn -0.9395 0.0932 0.3296
vn -0.9395 0.0931 0.3297
vn -0.1853 0.0938 0.9782
vn -0.1828 0.0938 0.9787
vn -0.7293 -0.0002 -0.6842
vn -0.7294 -0.0004 -0.6840
vn -0.7291 -0.0000 -0.6844
vn 0.8846 -0.4344 -0.1699
vn 0.2954 -0.4366 -0.8498
vn -0.5911 -0.4372 -0.6778
vn -0.8821 -0.4364 0.1771
vn -0.2866 -0.4349 0.8536
vn 0.5924 -0.4336 0.6790
vn -0.9770 0.0935 0.1915
vn -0.9770 0.0935 0.1914
vn -0.3234 0.0938 0.9416
vn -0.3235 0.0938 0.9416
vn -0.3233 0.0938 0.9416
vn 0.6541 0.0933 0.7506
vn 0.6542 0.0934 0.7505
vn 0.6543 0.0934 0.7505
vn 0.9768 0.0935 -0.1928
vn 0.9767 0.0931 -0.1933
vn 0.9767 0.0929 -0.1935
vn 0.9768 0.0937 -0.1927
vn 0.3209 0.0937 -0.9425
vn 0.3211 0.0938 -0.9424
vn 0.3212 0.0939 -0.9424
vn 0.3208 0.0937 -0.9425
vn -0.6540 0.0935 -0.7507
vn -0.6547 0.0934 -0.7501
vn -0.6550 0.0934 -0.7499
vn -0.6538 0.0935 -0.7509
vn -0.0082 0.9999 -0.0077
vn 0.8477 -0.0000 -0.5305
vn -0.9460 0.3215 -0.0415
vn 0.1078 0.3817 -0.9180
vn 0.7855 0.2484 -0.5669
vn 0.9440 0.3262 0.0503
vn -0.1127 0.3793 0.9184
vn -0.7948 0.2456 0.5549
vn 0.9967 -0.0660 0.0471
vn 0.9967 -0.0661 0.0477
vn 0.9967 -0.0661 0.0478
vn 0.9967 -0.0659 0.0470
vn -0.1212 -0.0796 0.9894
vn -0.1217 -0.0797 0.9894
vn -0.1218 -0.0797 0.9893
vn -0.1211 -0.0796 0.9894
vn -0.8106 -0.0495 0.5835
vn -0.8111 -0.0493 0.5828
vn -0.8113 -0.0491 0.5825
vn -0.8104 -0.0496 0.5837
vn -0.9965 -0.0669 -0.0500
vn -0.9965 -0.0668 -0.0508
vn -0.9965 -0.0668 -0.0510
vn -0.9965 -0.0669 -0.0499
vn 0.1155 -0.0799 -0.9901
vn 0.1174 -0.0797 -0.9899
vn 0.1179 -0.0797 -0.9898
vn 0.1151 -0.0799 -0.9901
vn 0.8188 -0.0489 -0.5720
vn 0.8179 -0.0494 -0.5732
vn 0.8175 -0.0497 -0.5737
vn 0.8191 -0.0487 -0.5716
vn 0.0174 -0.9998 -0.0110
vn 0.0175 -0.9998 -0.0110
vn 0.0173 -0.9998 -0.0109
vn 0.0172 -0.9998 -0.0108
vn -0.9062 -0.0000 0.4228
vn -0.9062 -0.0000 0.4229
vn -0.9063 -0.0000 0.4227
vn 0.1719 -0.4347 -0.8840
vn -0.6792 -0.4362 -0.5902
vn -0.8492 -0.4371 0.2963
vn -0.1641 -0.4367 0.8845
vn 0.6847 -0.4350 0.5848
vn 0.8503 -0.4336 -0.2982
vn -0.1860 0.0935 0.9781
vn -0.1858 0.0934 0.9781
vn -0.1857 0.0934 0.9782
vn -0.1861 0.0936 0.9781
vn 0.7533 0.0937 0.6509
vn 0.7532 0.0937 0.6511
vn 0.9398 0.0935 -0.3287
vn 0.9400 0.0935 -0.3281
vn 0.9397 0.0935 -0.3290
vn 0.1859 0.0934 -0.9781
vn 0.1850 0.0933 -0.9783
vn 0.1847 0.0933 -0.9784
vn 0.1862 0.0934 -0.9781
vn -0.7546 0.0938 -0.6495
vn -0.7555 0.0935 -0.6485
vn -0.7559 0.0934 -0.6480
vn -0.7543 0.0939 -0.6498
vn -0.9398 0.0930 0.3289
vn -0.9398 0.0933 0.3287
vn -0.9398 0.0935 0.3286
vn -0.9398 0.0929 0.3290
vn -0.0090 1.0000 0.0042
vn 0.9063 -0.0000 -0.4227
vn -0.1664 -0.4366 0.8842
vn 0.6839 -0.4352 0.5855
vn 0.8503 -0.4342 -0.2973
vn 0.1706 -0.4348 -0.8842
vn -0.6803 -0.4359 -0.5891
vn -0.8490 -0.4372 0.2967
vn 0.1855 0.0935 -0.9782
vn 0.1854 0.0933 -0.9782
vn 0.1853 0.0932 -0.9783
vn 0.1856 0.0936 -0.9782
vn -0.7548 0.0938 -0.6493
vn -0.7550 0.0938 -0.6490
vn -0.7547 0.0938 -0.6493
vn -0.9399 0.0933 0.3286
vn -0.9401 0.0933 0.3278
vn -0.9402 0.0934 0.3275
vn -0.9398 0.0933 0.3288
vn -0.1857 0.0932 0.9782
vn -0.1855 0.0930 0.9782
vn -0.1861 0.0939 0.9780
vn 0.7539 0.0939 0.6503
vn 0.7538 0.0938 0.6503
vn 0.9401 0.0936 -0.3278
vn 0.9402 0.0937 -0.3275
vn 0.9398 0.0934 -0.3287
vn -0.0060 1.0000 0.0028
vn -0.0060 1.0000 0.0027
vn -0.0059 1.0000 0.0029
vn -0.0059 1.0000 0.0028
vn -0.9065 -0.0000 0.4223
vn 0.0846 -0.4399 -0.8941
vn -0.7271 -0.4085 -0.5518
vn -0.8520 -0.4331 0.2943
vn -0.0790 -0.4413 0.8939
vn 0.7317 -0.4070 0.5467
vn 0.8533 -0.4302 -0.2947
vn -0.0913 0.0947 0.9913
vn -0.0927 0.0947 0.9912
vn -0.0933 0.0947 0.9911
vn -0.0909 0.0947 0.9914
vn 0.7954 0.0866 0.5999
vn 0.7953 0.0867 0.6000
vn 0.7952 0.0867 0.6001
vn 0.9412 0.0922 -0.3250
vn 0.9415 0.0927 -0.3239
vn 0.9417 0.0928 -0.3234
vn 0.9411 0.0921 -0.3254
vn 0.0896 0.0947 -0.9915
vn 0.0891 0.0945 -0.9915
vn 0.0889 0.0945 -0.9916
vn 0.0898 0.0947 -0.9914
vn -0.7963 0.0866 -0.5986
vn -0.7964 0.0865 -0.5986
vn -0.7963 0.0866 -0.5987
vn -0.9411 0.0926 0.3251
vn -0.9413 0.0925 0.3247
vn -0.9413 0.0924 0.3245
vn -0.9411 0.0926 0.3252
vn -0.0077 1.0000 0.0035
vn 0.0769 -0.4223 -0.9032
vn -0.7104 -0.3957 -0.5820
vn -0.8538 -0.4334 0.2885
vn -0.0713 -0.4235 0.9031
vn 0.7139 -0.3951 0.5781
vn 0.8546 -0.4311 -0.2896
vn -0.0824 0.0902 0.9925
vn -0.0817 0.0900 0.9926
vn -0.0814 0.0900 0.9926
vn -0.0827 0.0902 0.9925
vn 0.7723 0.0833 0.6297
vn 0.7720 0.0834 0.6302
vn 0.7718 0.0834 0.6304
vn 0.7725 0.0833 0.6296
vn 0.9433 0.0923 -0.3190
vn 0.9434 0.0925 -0.3186
vn 0.9434 0.0926 -0.3185
vn 0.9432 0.0923 -0.3191
vn 0.0803 0.0902 -0.9927
vn 0.0806 0.0901 -0.9927
vn 0.0807 0.0901 -0.9927
vn 0.0802 0.0902 -0.9927
vn -0.7729 0.0836 -0.6290
vn -0.7730 0.0835 -0.6288
vn -0.7731 0.0835 -0.6288
vn -0.9432 0.0925 0.3191
vn -0.9433 0.0925 0.3189
vn -0.9433 0.0925 0.3188
vn -0.9432 0.0924 0.3191
vn -0.0062 1.0000 0.0029
vn -0.0062 1.0000 0.0030
vn -0.0063 1.0000 0.0029
vn -0.9063 -0.0000 0.4226
vn 0.0765 -0.4099 -0.9089
vn -0.6943 -0.3888 -0.6056
vn -0.8548 -0.4339 0.2847
vn -0.0745 -0.4109 0.9086
vn 0.6971 -0.3883 0.6027
vn 0.8554 -0.4316 -0.2865
vn -0.0816 0.0867 0.9929
vn -0.0818 0.0867 0.9929
vn -0.0819 0.0867 0.9929
vn -0.0815 0.0867 0.9929
vn 0.7520 0.0818 0.6540
vn 0.7523 0.0817 0.6537
vn 0.7524 0.0816 0.6536
vn 0.7520 0.0819 0.6541
vn 0.9447 0.0928 -0.3146
vn 0.9449 0.0931 -0.3137
vn 0.9450 0.0932 -0.3134
vn 0.9446 0.0927 -0.3149
vn 0.0824 0.0871 -0.9928
vn 0.0815 0.0870 -0.9929
vn 0.0811 0.0870 -0.9929
vn 0.0827 0.0871 -0.9928
vn -0.7528 0.0817 -0.6531
vn -0.7525 0.0819 -0.6535
vn -0.7523 0.0819 -0.6537
vn -0.7529 0.0817 -0.6530
vn -0.9442 0.0924 0.3161
vn -0.9442 0.0927 0.3160
vn -0.9442 0.0928 0.3160
vn -0.0045 1.0000 0.0021
vn -0.8767 -0.0000 0.4810
vn -0.8768 -0.0000 0.4809
vn 0.1146 -0.4342 -0.8935
vn -0.7151 -0.4365 -0.5460
vn -0.8275 -0.4381 0.3511
vn -0.1039 -0.4372 0.8933
vn 0.7231 -0.4347 0.5369
vn 0.8293 -0.4331 -0.3532
vn -0.1217 0.0935 0.9882
vn -0.1214 0.0934 0.9882
vn -0.1212 0.0933 0.9882
vn -0.1219 0.0935 0.9881
vn 0.7945 0.0938 0.5999
vn 0.7946 0.0937 0.5998
vn 0.7947 0.0937 0.5998
vn 0.7945 0.0939 0.6000
vn 0.9164 0.0935 -0.3893
vn 0.9166 0.0937 -0.3888
vn 0.9167 0.0937 -0.3885
vn 0.9163 0.0934 -0.3895
vn 0.1194 0.0936 -0.9884
vn 0.1192 0.0934 -0.9885
vn 0.1191 0.0934 -0.9885
vn -0.7962 0.0936 -0.5977
vn -0.7963 0.0937 -0.5976
vn -0.7962 0.0936 -0.5978
vn -0.9163 0.0932 0.3894
vn -0.9164 0.0933 0.3893
vn -0.9164 0.0934 0.3893
vn -0.0129 0.9999 0.0071
vn -0.9351 -0.0000 -0.3544
vn 0.7543 -0.4339 -0.4926
vn -0.0484 -0.4368 -0.8982
vn -0.8041 -0.4383 -0.4016
vn -0.7467 -0.4374 0.5012
vn 0.0616 -0.4346 0.8985
vn 0.8070 -0.4331 0.4016
vn -0.8306 0.0934 0.5489
vn -0.8307 0.0934 0.5489
vn -0.8307 0.0933 0.5489
vn 0.0590 0.0939 0.9938
vn 0.0596 0.0939 0.9938
vn 0.0599 0.0939 0.9938
vn 0.0588 0.0939 0.9938
vn 0.8909 0.0935 0.4445
vn 0.8906 0.0937 0.4450
vn 0.8905 0.0938 0.4452
vn 0.8910 0.0934 0.4443
vn 0.8295 0.0936 -0.5506
vn 0.8292 0.0935 -0.5510
vn 0.8291 0.0934 -0.5512
vn 0.8296 0.0937 -0.5504
vn -0.0628 0.0936 -0.9936
vn -0.0619 0.0937 -0.9937
vn -0.0615 0.0937 -0.9937
vn -0.0630 0.0935 -0.9936
vn -0.8911 0.0933 -0.4441
vn -0.8908 0.0936 -0.4446
vn -0.8907 0.0937 -0.4448
vn -0.8912 0.0932 -0.4440
vn -0.0152 0.9999 -0.0057
vn -0.0152 0.9999 -0.0058
vn 0.4006 -0.0000 0.9163
vn 0.4004 -0.0000 0.9163
vn 0.4007 -0.0000 0.9162
vn -0.8799 -0.4359 -0.1893
vn -0.6041 -0.4354 0.6674
vn 0.2754 -0.4361 0.8567
vn 0.8803 -0.4354 0.1884
vn 0.6037 -0.4355 -0.6677
vn -0.2770 -0.4356 -0.8565
vn -0.2771 -0.4356 -0.8564
vn 0.9734 0.0936 0.2093
vn 0.9735 0.0934 0.2089
vn 0.9735 0.0933 0.2088
vn 0.9733 0.0937 0.2094
vn 0.6679 0.0936 -0.7383
vn 0.6682 0.0934 -0.7381
vn 0.6683 0.0933 -0.7380
vn 0.6678 0.0936 -0.7384
vn -0.3052 0.0936 -0.9477
vn -0.3048 0.0937 -0.9478
vn -0.3046 0.0937 -0.9479
vn -0.3053 0.0936 -0.9477
vn -0.9736 0.0932 -0.2084
vn -0.9736 0.0931 -0.2082
vn -0.9737 0.0931 -0.2081
vn -0.6679 0.0937 0.7383
vn -0.6675 0.0939 0.7387
vn -0.6673 0.0939 0.7388
vn -0.6681 0.0936 0.7382
vn 0.3060 0.0935 0.9474
vn 0.3062 0.0933 0.9474
vn 0.3063 0.0933 0.9473
vn 0.1626 -0.0000 0.9867
vn 0.1624 -0.0000 0.9867
vn 0.1625 -0.0000 0.9867
vn -0.8066 -0.4356 -0.3997
vn -0.7494 -0.4356 0.4987
vn 0.0569 -0.4354 0.8985
vn 0.8067 -0.4354 0.3996
vn 0.7494 -0.4359 -0.4984
vn -0.0575 -0.4358 -0.8982
vn 0.8922 0.0934 0.4419
vn 0.8924 0.0932 0.4415
vn 0.8925 0.0931 0.4413
vn 0.8921 0.0935 0.4420
vn 0.8288 0.0935 -0.5516
vn 0.8289 0.0934 -0.5515
vn 0.8290 0.0934 -0.5514
vn 0.8288 0.0936 -0.5517
vn -0.0632 0.0932 -0.9936
vn -0.0623 0.0933 -0.9937
vn -0.0619 0.0933 -0.9937
vn -0.8921 0.0933 -0.4422
vn -0.8921 0.0935 -0.4420
vn -0.8922 0.0936 -0.4419
vn -0.8920 0.0932 -0.4422
vn -0.8291 0.0938 0.5512
vn -0.8289 0.0937 0.5515
vn -0.8288 0.0937 0.5516
vn -0.8291 0.0939 0.5511
vn 0.0637 0.0935 0.9936
vn 0.0633 0.0936 0.9936
vn 0.0631 0.0936 0.9936
vn 0.0638 0.0934 0.9936
vn 0.4668 -0.0000 -0.8844
vn 0.4666 -0.0000 -0.8844
vn 0.4669 -0.0000 -0.8843
vn 0.4018 -0.4358 0.8054
vn 0.8985 -0.4355 0.0554
vn 0.4973 -0.4353 -0.7504
vn -0.4011 -0.4355 -0.8059
vn -0.8984 -0.4355 -0.0561
vn -0.4967 -0.4358 0.7506
vn -0.4441 0.0934 -0.8911
vn -0.4441 0.0935 -0.8911
vn -0.9937 0.0935 -0.0612
vn -0.9938 0.0931 -0.0610
vn -0.9938 0.0929 -0.0609
vn -0.9937 0.0936 -0.0612
vn -0.5504 0.0933 0.8297
vn -0.5501 0.0933 0.8299
vn -0.5500 0.0933 0.8299
vn -0.5505 0.0933 0.8296
vn 0.4439 0.0933 0.8912
vn 0.4439 0.0935 0.8912
vn 0.4439 0.0936 0.8912
vn 0.4439 0.0932 0.8912
vn 0.9937 0.0936 0.0619
vn 0.9937 0.0941 0.0616
vn 0.9936 0.0944 0.0615
vn 0.9937 0.0934 0.0620
vn 0.5497 0.0935 -0.8301
vn 0.5505 0.0937 -0.8296
vn 0.5508 0.0939 -0.8294
vn 0.5495 0.0934 -0.8303
vn -0.8393 -0.0000 0.5436
vn 0.0501 -0.4338 -0.8996
vn -0.7521 -0.4369 -0.4935
vn -0.8000 -0.4385 0.4095
vn -0.0387 -0.4374 0.8984
vn 0.7603 -0.4346 0.4827
vn 0.8017 -0.4329 -0.4122
vn -0.0504 0.0934 0.9944
vn -0.0499 0.0932 0.9944
vn -0.0497 0.0932 0.9944
vn -0.0505 0.0935 0.9943
vn 0.8356 0.0940 0.5412
vn 0.8358 0.0939 0.5410
vn 0.8358 0.0939 0.5409
vn 0.8355 0.0940 0.5413
vn 0.8860 0.0936 -0.4542
vn 0.8862 0.0937 -0.4537
vn 0.8863 0.0938 -0.4534
vn 0.8859 0.0935 -0.4543
vn 0.0479 0.0936 -0.9945
vn 0.0477 0.0934 -0.9945
vn 0.0476 0.0933 -0.9945
vn 0.0480 0.0937 -0.9944
vn -0.8374 0.0937 -0.5384
vn -0.8372 0.0938 -0.5388
vn -0.8371 0.0938 -0.5389
vn -0.8375 0.0937 -0.5383
vn -0.8857 0.0932 0.4548
vn -0.8859 0.0934 0.4543
vn -0.8860 0.0936 0.4541
vn -0.8856 0.0931 0.4549
vn -0.0136 0.9999 0.0088
vn -0.0136 0.9999 0.0089
vn -0.6453 -0.0000 0.7639
vn -0.6457 -0.0000 0.7636
vn -0.6449 -0.0000 0.7643
vn -0.2129 -0.4339 -0.8754
vn -0.8631 -0.4367 -0.2537
vn -0.6465 -0.4386 0.6243
vn 0.2237 -0.4374 0.8710
vn 0.8677 -0.4346 0.2412
vn 0.6473 -0.4330 -0.6273
vn 0.2402 0.0934 0.9662
vn 0.2404 0.0933 0.9662
vn 0.2405 0.0932 0.9662
vn 0.2401 0.0935 0.9662
vn 0.9568 0.0940 0.2752
vn 0.9569 0.0938 0.2747
vn 0.9570 0.0937 0.2745
vn 0.9567 0.0940 0.2753
vn 0.7158 0.0936 -0.6920
vn 0.7164 0.0937 -0.6914
vn 0.7166 0.0938 -0.6912
vn 0.7157 0.0935 -0.6922
vn -0.2428 0.0936 -0.9656
vn -0.2434 0.0933 -0.9654
vn -0.2437 0.0932 -0.9654
vn -0.2426 0.0937 -0.9656
vn -0.9576 0.0938 -0.2724
vn -0.9576 0.0939 -0.2725
vn -0.9576 0.0937 -0.2724
vn -0.7156 0.0933 0.6923
vn -0.7162 0.0934 0.6917
vn -0.7164 0.0934 0.6914
vn -0.7154 0.0932 0.6925
vn -0.0105 0.9999 0.0124
vn -0.0104 0.9999 0.0124
vn 0.3962 -0.0000 0.9182
vn 0.3965 -0.0000 0.9180
vn 0.3963 -0.0000 0.9181
vn 0.3959 -0.0000 0.9183
vn -0.8787 -0.4339 -0.1993
vn -0.6117 -0.4367 0.6596
vn 0.2707 -0.4385 0.8570
vn 0.8794 -0.4374 0.1878
vn 0.6029 -0.4346 -0.6690
vn -0.2736 -0.4328 -0.8590
vn 0.9721 0.0934 0.2150
vn 0.9723 0.0932 0.2145
vn 0.9723 0.0931 0.2143
vn 0.9721 0.0934 0.2152
vn 0.6726 0.0939 -0.7340
vn 0.6725 0.0938 -0.7341
vn 0.6725 0.0938 -0.7342
vn -0.3007 0.0936 -0.9491
vn -0.3003 0.0937 -0.9492
vn -0.3001 0.0937 -0.9493
vn -0.3008 0.0936 -0.9491
vn -0.9726 0.0935 -0.2128
vn -0.9727 0.0934 -0.2123
vn -0.9728 0.0933 -0.2121
vn -0.9726 0.0936 -0.2130
vn -0.6707 0.0938 0.7357
vn -0.6705 0.0938 0.7360
vn -0.6704 0.0939 0.7360
vn -0.6708 0.0937 0.7357
vn 0.3009 0.0931 0.9491
vn 0.3000 0.0935 0.9493
vn 0.2996 0.0936 0.9494
vn 0.3012 0.0930 0.9490
vn 0.0064 0.9999 0.0149
vn 0.0065 0.9999 0.0149
vn 0.8113 -0.0000 0.5846
vn -0.8566 -0.4338 0.2795
vn -0.1863 -0.4368 0.8801
vn 0.6718 -0.4387 0.5969
vn 0.8512 -0.4375 -0.2899
vn 0.1744 -0.4347 -0.8835
vn -0.6754 -0.4328 -0.5972
vn 0.9449 0.0934 -0.3138
vn 0.9447 0.0932 -0.3143
vn 0.9447 0.0931 -0.3145
vn 0.9449 0.0934 -0.3136
vn 0.2007 0.0939 -0.9751
vn 0.2009 0.0939 -0.9751
vn 0.2009 0.0938 -0.9751
vn 0.2007 0.0940 -0.9751
vn -0.7448 0.0936 -0.6607
vn -0.7446 0.0937 -0.6609
vn -0.7449 0.0936 -0.6606
vn -0.9441 0.0935 0.3162
vn -0.9439 0.0934 0.3167
vn -0.9438 0.0934 0.3169
vn -0.9441 0.0936 0.3161
vn -0.1982 0.0939 0.9757
vn -0.1981 0.0939 0.9757
vn -0.1980 0.0939 0.9757
vn 0.7451 0.0932 0.6604
vn 0.7445 0.0936 0.6611
vn 0.7442 0.0937 0.6614
vn 0.7454 0.0931 0.6601
vn 0.0132 0.9999 0.0095
vn 0.5861 -0.0000 -0.8103
vn 0.5860 -0.0000 -0.8103
vn 0.2837 -0.4358 0.8542
vn 0.8817 -0.4356 0.1814
vn 0.5979 -0.4356 -0.6729
vn -0.2840 -0.4358 -0.8541
vn -0.8816 -0.4357 -0.1812
vn -0.5976 -0.4355 0.6732
vn -0.3140 0.0935 -0.9448
vn -0.3142 0.0934 -0.9447
vn -0.3144 0.0933 -0.9447
vn -0.3139 0.0936 -0.9448
vn -0.9752 0.0937 -0.2006
vn -0.9752 0.0938 -0.2005
vn -0.9752 0.0938 -0.2004
vn -0.6614 0.0933 0.7442
vn -0.6616 0.0935 0.7440
vn -0.6618 0.0936 0.7439
vn -0.6613 0.0933 0.7443
vn 0.3142 0.0935 0.9447
vn 0.3147 0.0934 0.9446
vn 0.3149 0.0934 0.9445
vn 0.3141 0.0936 0.9448
vn 0.9752 0.0937 0.2004
vn 0.9752 0.0938 0.2005
vn 0.6610 0.0935 -0.7445
vn 0.6616 0.0938 -0.7440
vn 0.6609 0.0934 -0.7446
vn 0.8491 -0.0000 -0.5282
vn -0.0603 -0.4355 0.8982
vn 0.7473 -0.4357 0.5016
vn 0.8081 -0.4355 -0.3965
vn 0.0604 -0.4356 -0.8981
vn -0.7475 -0.4356 -0.5015
vn -0.8081 -0.4357 0.3965
vn 0.0667 0.0934 -0.9934
vn 0.0666 0.0934 -0.9934
vn 0.0665 0.0933 -0.9934
vn 0.0668 0.0935 -0.9934
vn -0.8267 0.0937 -0.5548
vn -0.8268 0.0936 -0.5546
vn -0.8269 0.0935 -0.5545
vn -0.8267 0.0938 -0.5548
vn -0.8939 0.0933 0.4385
vn -0.8940 0.0934 0.4383
vn -0.8940 0.0935 0.4382
vn -0.8938 0.0933 0.4386
vn -0.0667 0.0934 0.9934
vn -0.0663 0.0932 0.9934
vn -0.0661 0.0932 0.9935
vn -0.0669 0.0935 0.9934
vn 0.8268 0.0938 0.5546
vn 0.8268 0.0939 0.5545
vn 0.8268 0.0940 0.5545
vn 0.8268 0.0937 0.5546
vn 0.8939 0.0934 -0.4384
vn 0.8941 0.0938 -0.4380
vn 0.8942 0.0939 -0.4378
vn 0.8938 0.0933 -0.4386
vn 1.0000 -0.0000 -0.0053
vn -0.5220 -0.4355 0.7334
vn 0.3743 -0.4356 0.8186
vn 0.8961 -0.4355 0.0854
vn 0.5217 -0.4355 -0.7336
vn -0.3742 -0.4356 -0.8187
vn -0.8960 -0.4359 -0.0852
vn 0.5773 0.0934 -0.8112
vn 0.5771 0.0934 -0.8113
vn 0.5770 0.0934 -0.8114
vn -0.4141 0.0937 -0.9054
vn -0.4142 0.0938 -0.9054
vn -0.4142 0.0938 -0.9053
vn -0.4140 0.0937 -0.9054
vn -0.9911 0.0933 -0.0946
vn -0.9911 0.0936 -0.0950
vn -0.9910 0.0937 -0.0952
vn -0.9912 0.0932 -0.0945
vn -0.5769 0.0935 0.8114
vn -0.5765 0.0933 0.8117
vn -0.5763 0.0933 0.8119
vn -0.5771 0.0936 0.8113
vn 0.4139 0.0937 0.9055
vn 0.4140 0.0937 0.9054
vn 0.4141 0.0937 0.9054
vn 0.9911 0.0935 0.0944
vn 0.9911 0.0935 0.0946
vn 0.9911 0.0935 0.0943
vn 1.0000 -0.0000 0.0089
vn -0.5325 -0.4354 0.7258
vn 0.3622 -0.4359 0.8239
vn 0.8948 -0.4355 0.0982
vn 0.5323 -0.4355 -0.7260
vn -0.3623 -0.4358 -0.8239
vn -0.8949 -0.4355 -0.0977
vn 0.5889 0.0935 -0.8028
vn 0.5887 0.0934 -0.8029
vn 0.5887 0.0934 -0.8030
vn 0.5890 0.0935 -0.8027
vn -0.4007 0.0938 -0.9114
vn -0.4010 0.0937 -0.9113
vn -0.4011 0.0937 -0.9112
vn -0.4006 0.0938 -0.9114
vn -0.9897 0.0933 -0.1088
vn -0.9896 0.0937 -0.1094
vn -0.9895 0.0939 -0.1096
vn -0.9897 0.0932 -0.1086
vn -0.5882 0.0934 0.8033
vn -0.5881 0.0934 0.8034
vn -0.5887 0.0934 0.8030
vn 0.4008 0.0938 0.9114
vn 0.4010 0.0936 0.9113
vn 0.4011 0.0935 0.9112
vn 0.4007 0.0939 0.9114
vn 0.9897 0.0935 0.1083
vn 0.9896 0.0936 0.1090
vn 0.9896 0.0937 0.1093
vn 0.9897 0.0935 0.1080
vn -0.9987 -0.0000 0.0506
vn 0.4943 -0.4336 -0.7534
vn -0.4033 -0.4371 -0.8039
vn -0.8974 -0.4389 -0.0454
vn -0.4819 -0.4376 0.7591
vn 0.4181 -0.4344 0.7978
vn 0.9006 -0.4324 0.0439
vn -0.5409 0.0934 0.8359
vn -0.5406 0.0933 0.8361
vn -0.5405 0.0932 0.8362
vn -0.5410 0.0934 0.8358
vn 0.4527 0.0939 0.8867
vn 0.4528 0.0938 0.8867
vn 0.9944 0.0934 0.0498
vn 0.9943 0.0936 0.0505
vn 0.9943 0.0936 0.0508
vn 0.9944 0.0934 0.0496
vn 0.5387 0.0936 -0.8373
vn 0.5383 0.0933 -0.8376
vn 0.5381 0.0932 -0.8377
vn 0.5389 0.0936 -0.8372
vn -0.4559 0.0937 -0.8851
vn -0.4558 0.0937 -0.8851
vn -0.9944 0.0933 -0.0494
vn -0.9944 0.0935 -0.0499
vn -0.9943 0.0936 -0.0501
vn -0.9944 0.0932 -0.0492
vn 0.4505 -0.0000 -0.8928
vn 0.4156 -0.4356 0.7985
vn 0.8992 -0.4357 0.0396
vn 0.4838 -0.4355 -0.7591
vn -0.4155 -0.4357 -0.7984
vn -0.8992 -0.4357 -0.0392
vn -0.4837 -0.4357 0.7591
vn -0.4598 0.0935 -0.8831
vn -0.4602 0.0933 -0.8829
vn -0.4604 0.0933 -0.8828
vn -0.4597 0.0935 -0.8831
vn -0.9946 0.0937 -0.0437
vn -0.9947 0.0936 -0.0436
vn -0.9947 0.0936 -0.0435
vn -0.9946 0.0937 -0.0438
vn -0.5352 0.0933 0.8396
vn -0.5355 0.0936 0.8393
vn -0.5356 0.0937 0.8392
vn -0.5351 0.0933 0.8396
vn 0.4597 0.0936 0.8831
vn 0.4602 0.0934 0.8829
vn 0.4604 0.0934 0.8828
vn 0.4595 0.0936 0.8832
vn 0.9947 0.0937 0.0434
vn 0.9946 0.0938 0.0435
vn 0.9947 0.0937 0.0433
vn 0.5352 0.0933 -0.8396
vn 0.5354 0.0935 -0.8394
vn 0.5355 0.0936 -0.8393
vn 0.5351 0.0933 -0.8396
vn 0.5743 -0.0000 -0.8186
vn 0.5743 -0.0000 -0.8187
vn 0.2962 -0.4355 0.8500
vn 0.8842 -0.4357 0.1685
vn 0.5883 -0.4355 -0.6814
vn -0.2963 -0.4355 -0.8500
vn -0.8841 -0.4359 -0.1686
vn -0.5879 -0.4357 0.6815
vn -0.3276 0.0935 -0.9402
vn -0.3280 0.0934 -0.9400
vn -0.3282 0.0933 -0.9400
vn -0.3275 0.0935 -0.9402
vn -0.9780 0.0940 -0.1863
vn -0.9780 0.0938 -0.1863
vn -0.6508 0.0932 0.7535
vn -0.6513 0.0936 0.7531
vn -0.6515 0.0937 0.7529
vn -0.6507 0.0931 0.7536
vn 0.3278 0.0935 0.9401
vn 0.3283 0.0934 0.9399
vn 0.3285 0.0933 0.9399
vn 0.3276 0.0935 0.9402
vn 0.9780 0.0937 0.1864
vn 0.9780 0.0938 0.1864
vn 0.9780 0.0938 0.1863
vn 0.9780 0.0937 0.1865
vn 0.6504 0.0935 -0.7538
vn 0.6506 0.0935 -0.7536
vn 0.6507 0.0936 -0.7535
vn 0.6503 0.0934 -0.7539
vn 0.7140 -0.0000 -0.7002
vn 0.7139 -0.0000 -0.7002
vn 0.7140 -0.0000 -0.7001
vn 0.1361 -0.4357 0.8897
vn 0.8386 -0.4356 0.3271
vn 0.7024 -0.4355 -0.5630
vn -0.1363 -0.4357 -0.8897
vn -0.8389 -0.4354 -0.3265
vn -0.7025 -0.4360 0.5625
vn -0.1508 0.0936 -0.9841
vn -0.1515 0.0933 -0.9840
vn -0.1519 0.0932 -0.9840
vn -0.1505 0.0937 -0.9842
vn -0.9275 0.0938 -0.3618
vn -0.9276 0.0938 -0.3616
vn -0.9276 0.0938 -0.3615
vn -0.7768 0.0934 0.6227
vn -0.7770 0.0935 0.6225
vn -0.7771 0.0935 0.6224
vn -0.7768 0.0933 0.6228
vn 0.1507 0.0936 0.9841
vn 0.1509 0.0934 0.9841
vn 0.1509 0.0933 0.9841
vn 0.9278 0.0938 0.3612
vn 0.9277 0.0935 0.3615
vn 0.9276 0.0934 0.3616
vn 0.9278 0.0939 0.3611
vn 0.7773 0.0934 -0.6222
vn 0.7773 0.0936 -0.6221
vn 0.7773 0.0937 -0.6221
vn 1.0000 -0.0000 0.0045
vn -0.5288 -0.4357 0.7284
vn 0.3662 -0.4354 0.8223
vn 0.8950 -0.4360 0.0940
vn 0.5290 -0.4355 -0.7284
vn -0.3660 -0.4357 -0.8223
vn -0.8952 -0.4357 -0.0940
vn 0.5850 0.0935 -0.8056
vn 0.5850 0.0933 -0.8056
vn -0.4051 0.0938 -0.9095
vn -0.4053 0.0936 -0.9094
vn -0.4050 0.0938 -0.9095
vn -0.9902 0.0934 -0.1043
vn -0.9901 0.0935 -0.1051
vn -0.9900 0.0935 -0.1055
vn -0.9902 0.0934 -0.1040
vn -0.5850 0.0935 0.8056
vn -0.5847 0.0933 0.8058
vn -0.5846 0.0932 0.8059
vn -0.5851 0.0936 0.8055
vn 0.4051 0.0937 0.9095
vn 0.4051 0.0937 0.9094
vn 0.4052 0.0937 0.9094
vn 0.4050 0.0937 0.9095
vn 0.9902 0.0934 0.1040
vn 0.9901 0.0936 0.1043
vn 0.9901 0.0937 0.1044
vn 0.6704 -0.0000 -0.7420
vn 0.1895 -0.4356 0.8799
vn 0.8569 -0.4356 0.2757
vn 0.6674 -0.4357 -0.6039
vn -0.1899 -0.4356 -0.8799
vn -0.8569 -0.4357 -0.2756
vn -0.6673 -0.4353 0.6043
vn -0.2096 0.0935 -0.9733
vn -0.2100 0.0933 -0.9732
vn -0.2095 0.0935 -0.9733
vn -0.9477 0.0937 -0.3050
vn -0.9477 0.0937 -0.3051
vn -0.9477 0.0938 -0.3051
vn -0.9477 0.0936 -0.3050
vn -0.7382 0.0934 0.6680
vn -0.7384 0.0935 0.6678
vn -0.7385 0.0935 0.6677
vn -0.7382 0.0934 0.6681
vn 0.2101 0.0935 0.9732
vn 0.2102 0.0934 0.9732
vn 0.2103 0.0934 0.9732
vn 0.2100 0.0935 0.9732
vn 0.9478 0.0938 0.3048
vn 0.9477 0.0938 0.3049
vn 0.9477 0.0938 0.3050
vn 0.7380 0.0934 -0.6683
vn 0.7384 0.0936 -0.6678
vn 0.7386 0.0937 -0.6676
vn 0.7379 0.0933 -0.6684
vn -0.0152 -0.0000 0.9999
vn -0.0151 -0.0000 0.9999
vn -0.7195 -0.4343 -0.5419
vn -0.8282 -0.4368 0.3511
vn -0.1042 -0.4382 0.8928
vn 0.7251 -0.4373 0.5319
vn 0.8241 -0.4346 -0.3634
vn 0.1034 -0.4327 -0.8956
vn 0.7984 0.0935 0.5948
vn 0.7987 0.0933 0.5944
vn 0.7989 0.0932 0.5942
vn 0.7983 0.0936 0.5949
vn 0.9143 0.0938 -0.3940
vn 0.9143 0.0941 -0.3940
vn 0.9143 0.0942 -0.3940
vn 0.9143 0.0937 -0.3940
vn 0.1150 0.0935 -0.9890
vn 0.1155 0.0936 -0.9889
vn 0.1157 0.0936 -0.9889
vn 0.1148 0.0935 -0.9890
vn -0.7998 0.0934 -0.5929
vn -0.8001 0.0932 -0.5926
vn -0.8002 0.0932 -0.5925
vn -0.7997 0.0934 -0.5930
vn -0.9133 0.0937 0.3964
vn -0.9134 0.0938 0.3961
vn -0.9135 0.0939 0.3959
vn -0.9132 0.0937 0.3965
vn -0.1149 0.0932 0.9890
vn -0.1151 0.0933 0.9890
vn -0.1152 0.0933 0.9889
vn -0.1149 0.0931 0.9890
vn -0.0003 0.9999 0.0162
vn -0.0002 0.9999 0.0162
vn -0.0003 0.9999 0.0163
vn -0.9999 -0.0000 -0.0119
vn 0.5395 -0.4337 -0.7217
vn -0.3539 -0.4370 -0.8269
vn -0.8930 -0.4385 -0.1012
vn -0.5294 -0.4372 0.7271
vn 0.3663 -0.4348 0.8227
vn 0.8959 -0.4329 0.1001
vn -0.5918 0.0935 0.8006
vn -0.5914 0.0931 0.8010
vn -0.5912 0.0930 0.8011
vn -0.5919 0.0936 0.8005
vn 0.3970 0.0938 0.9130
vn 0.3971 0.0936 0.9130
vn 0.3971 0.0935 0.9130
vn 0.3970 0.0939 0.9130
vn 0.9893 0.0935 0.1116
vn 0.9893 0.0937 0.1121
vn 0.9892 0.0938 0.1123
vn 0.9894 0.0934 0.1115
vn 0.5900 0.0937 -0.8020
vn 0.5896 0.0935 -0.8023
vn 0.5894 0.0934 -0.8024
vn 0.5901 0.0937 -0.8019
vn -0.3996 0.0937 -0.9119
vn -0.3993 0.0936 -0.9120
vn -0.3991 0.0936 -0.9121
vn -0.3997 0.0937 -0.9118
vn -0.9894 0.0933 -0.1113
vn -0.9894 0.0933 -0.1117
vn -0.9893 0.0933 -0.1119
vn -0.9894 0.0933 -0.1112
vn -0.0162 0.9999 -0.0002
vn -0.0163 0.9999 -0.0002
vn 0.5392 -0.4340 -0.7218
vn -0.3541 -0.4368 -0.8269
vn -0.8929 -0.4388 -0.1012
vn -0.5291 -0.4375 0.7271
vn 0.3663 -0.4343 0.8230
vn 0.8959 -0.4328 0.1001
vn -0.5918 0.0934 0.8007
vn -0.5916 0.0934 0.8008
vn -0.5915 0.0934 0.8008
vn -0.5918 0.0934 0.8006
vn 0.3972 0.0938 0.9129
vn 0.3973 0.0937 0.9129
vn 0.3972 0.0939 0.9129
vn 0.9893 0.0938 0.1116
vn 0.9893 0.0938 0.1117
vn 0.9893 0.0938 0.1115
vn 0.5898 0.0937 -0.8021
vn 0.5895 0.0935 -0.8023
vn 0.5899 0.0938 -0.8020
vn -0.3995 0.0935 -0.9120
vn -0.3992 0.0939 -0.9121
vn -0.3990 0.0940 -0.9121
vn -0.3996 0.0934 -0.9119
vn -0.9894 0.0932 -0.1112
vn -0.9894 0.0930 -0.1113
vn -0.9894 0.0929 -0.1114
vn -0.0154 -0.0000 0.9999
vn -0.7202 -0.4339 -0.5413
vn -0.8280 -0.4367 0.3517
vn -0.1042 -0.4381 0.8929
vn 0.7249 -0.4371 0.5324
vn 0.8243 -0.4346 -0.3628
vn 0.1032 -0.4333 -0.8953
vn 0.7987 0.0934 0.5945
vn 0.7988 0.0935 0.5942
vn 0.7989 0.0936 0.5941
vn 0.7986 0.0933 0.5945
vn 0.9144 0.0937 -0.3938
vn 0.9145 0.0936 -0.3937
vn 0.9143 0.0938 -0.3941
vn 0.1153 0.0935 -0.9889
vn 0.1154 0.0935 -0.9889
vn -0.7997 0.0935 -0.5930
vn -0.8001 0.0933 -0.5926
vn -0.7996 0.0936 -0.5931
vn -0.9133 0.0936 0.3963
vn -0.9133 0.0935 0.3964
vn -0.1147 0.0933 0.9890
vn -0.1151 0.0935 0.9889
vn -0.1153 0.0936 0.9889
vn -0.1145 0.0933 0.9890
vn -0.0002 0.9999 0.0147
vn -0.0002 0.9999 0.0148
vn -0.7190 -0.4334 -0.5433
vn -0.8285 -0.4374 0.3497
vn -0.1047 -0.4389 0.8924
vn 0.7259 -0.4376 0.5307
vn 0.8236 -0.4343 -0.3648
vn 0.1030 -0.4322 -0.8959
vn 0.7982 0.0934 0.5951
vn 0.7985 0.0930 0.5947
vn 0.7987 0.0928 0.5946
vn 0.7981 0.0936 0.5953
vn 0.9144 0.0938 -0.3937
vn 0.9144 0.0936 -0.3938
vn 0.9144 0.0935 -0.3938
vn 0.9145 0.0939 -0.3936
vn 0.1159 0.0937 -0.9888
vn 0.1152 0.0934 -0.9889
vn -0.8001 0.0937 -0.5925
vn -0.8004 0.0937 -0.5921
vn -0.8005 0.0937 -0.5919
vn -0.8000 0.0936 -0.5926
vn -0.9131 0.0936 0.3968
vn -0.9131 0.0938 0.3969
vn -0.9130 0.0939 0.3969
vn -0.1146 0.0932 0.9890
vn -0.1150 0.0933 0.9890
vn -0.1152 0.0934 0.9889
vn -0.1145 0.0932 0.9890
vn -0.0003 0.9998 0.0199
vn -0.7197 -0.4340 -0.5420
vn -0.8282 -0.4369 0.3512
vn -0.1045 -0.4386 0.8926
vn 0.7255 -0.4370 0.5316
vn 0.8242 -0.4345 -0.3630
vn 0.1031 -0.4329 -0.8955
vn 0.7985 0.0934 0.5947
vn 0.7988 0.0931 0.5943
vn 0.7990 0.0930 0.5941
vn 0.7984 0.0935 0.5949
vn 0.1152 0.0935 -0.9889
vn 0.1157 0.0938 -0.9888
vn 0.1159 0.0939 -0.9888
vn 0.1151 0.0935 -0.9889
vn -0.8000 0.0935 -0.5927
vn -0.9134 0.0935 0.3962
vn -0.9132 0.0935 0.3965
vn -0.9134 0.0935 0.3961
vn -0.1147 0.0932 0.9890
vn -0.1153 0.0934 0.9889
vn -0.1156 0.0935 0.9889
vn -0.1145 0.0931 0.9890
vn 0.5396 -0.4338 -0.7216
vn -0.8930 -0.4384 -0.1012
vn -0.5292 -0.4371 0.7272
vn 0.3660 -0.4346 0.8229
vn -0.5920 0.0934 0.8005
vn -0.5915 0.0931 0.8009
vn -0.5921 0.0936 0.8004
vn 0.3971 0.0937 0.9130
vn 0.3972 0.0937 0.9130
vn 0.5899 0.0935 -0.8021
vn 0.5895 0.0934 -0.8024
vn 0.5900 0.0935 -0.8020
vn -0.3993 0.0938 -0.9120
vn -0.3994 0.0937 -0.9120
vn -0.3995 0.0936 -0.9120
vn -0.9893 0.0935 -0.1118
vn -0.9893 0.0936 -0.1120
vn 0.5395 -0.4342 -0.7214
vn -0.3540 -0.4366 -0.8271
vn -0.8932 -0.4381 -0.1012
vn -0.5290 -0.4376 0.7271
vn 0.3661 -0.4343 0.8230
vn 0.8960 -0.4326 0.1001
vn -0.5920 0.0935 0.8005
vn -0.5914 0.0933 0.8009
vn -0.5912 0.0932 0.8011
vn -0.5922 0.0936 0.8004
vn 0.3970 0.0937 0.9130
vn 0.3971 0.0939 0.9130
vn 0.3971 0.0941 0.9129
vn 0.3970 0.0936 0.9130
vn 0.9894 0.0934 0.1116
vn 0.9893 0.0936 0.1121
vn 0.9893 0.0936 0.1123
vn 0.5898 0.0935 -0.8021
vn 0.5895 0.0934 -0.8023
vn -0.3997 0.0937 -0.9119
vn -0.3998 0.0937 -0.9118
vn -0.3993 0.0937 -0.9120
vn -0.9893 0.0934 -0.1118
vn -0.9895 0.0928 -0.1112
vn -0.7199 -0.4341 -0.5416
vn -0.1043 -0.4379 0.8929
vn 0.7248 -0.4374 0.5323
vn 0.1032 -0.4332 -0.8954
vn 0.7985 0.0933 0.5947
vn 0.7988 0.0930 0.5944
vn 0.7989 0.0928 0.5942
vn 0.9143 0.0939 -0.3941
vn 0.9143 0.0937 -0.3941
vn 0.9143 0.0936 -0.3941
vn 0.1150 0.0933 -0.9890
vn 0.1154 0.0936 -0.9889
vn 0.1149 0.0933 -0.9890
vn -0.7998 0.0937 -0.5929
vn -0.8001 0.0935 -0.5926
vn -0.8002 0.0934 -0.5924
vn -0.7997 0.0938 -0.5931
vn -0.9134 0.0938 0.3960
vn -0.9134 0.0934 0.3963
vn -0.1150 0.0934 0.9890
vn -0.1152 0.0935 0.9889
vn -0.1146 0.0933 0.9890
vn -0.7190 -0.4338 -0.5430
vn -0.8288 -0.4368 0.3498
vn -0.1046 -0.4392 0.8923
vn 0.7258 -0.4379 0.5306
vn 0.1030 -0.4321 -0.8959
vn 0.7984 0.0938 0.5948
vn 0.7988 0.0933 0.5944
vn 0.7989 0.0930 0.5942
vn 0.7982 0.0940 0.5950
vn 0.9145 0.0937 -0.3936
vn 0.9146 0.0938 -0.3934
vn 0.9146 0.0939 -0.3933
vn 0.1153 0.0934 -0.9889
vn 0.1158 0.0936 -0.9888
vn 0.1152 0.0933 -0.9890
vn -0.8004 0.0935 -0.5921
vn -0.8005 0.0934 -0.5920
vn -0.8000 0.0937 -0.5927
vn -0.9131 0.0938 0.3968
vn -0.9131 0.0939 0.3969
vn -0.9131 0.0937 0.3968
vn -0.1152 0.0933 0.9890
vn -0.9987 -0.0000 0.0505
vn 0.4943 -0.4338 -0.7533
vn -0.4033 -0.4370 -0.8040
vn -0.8973 -0.4390 -0.0454
vn -0.4818 -0.4377 0.7591
vn 0.4181 -0.4343 0.7979
vn 0.9006 -0.4325 0.0439
vn -0.5405 0.0933 0.8361
vn -0.5410 0.0935 0.8358
vn 0.4528 0.0939 0.8867
vn 0.4528 0.0940 0.8867
vn 0.9943 0.0937 0.0505
vn 0.9943 0.0938 0.0508
vn 0.9944 0.0933 0.0496
vn 0.5383 0.0934 -0.8376
vn 0.5381 0.0933 -0.8377
vn -0.4559 0.0938 -0.8851
vn -0.4558 0.0938 -0.8851
vn -0.9944 0.0936 -0.0499
vn -0.9944 0.0933 -0.0492
vn -0.5304 -0.4341 0.7282
vn 0.3643 -0.4367 0.8225
vn 0.8944 -0.4381 0.0904
vn 0.5211 -0.4371 -0.7331
vn -0.3754 -0.4346 -0.8187
vn -0.8969 -0.4331 -0.0895
vn 0.5823 0.0934 -0.8076
vn 0.5820 0.0933 -0.8078
vn 0.5819 0.0933 -0.8079
vn 0.5824 0.0934 -0.8075
vn -0.4080 0.0937 -0.9082
vn -0.4079 0.0938 -0.9082
vn -0.9906 0.0935 -0.0997
vn -0.9906 0.0937 -0.1001
vn -0.9905 0.0937 -0.1003
vn -0.9906 0.0935 -0.0996
vn -0.5805 0.0935 0.8089
vn -0.5802 0.0934 0.8091
vn -0.5801 0.0933 0.8092
vn -0.5806 0.0936 0.8088
vn 0.4103 0.0937 0.9071
vn 0.4103 0.0938 0.9071
vn 0.4103 0.0936 0.9071
vn 0.9907 0.0933 0.0995
vn 0.9906 0.0936 0.1001
vn 0.9907 0.0932 0.0994
vn 0.0147 0.9999 -0.0000
vn 0.0148 0.9999 -0.0000
vn -0.5319 -0.4337 0.7273
vn 0.3624 -0.4370 0.8232
vn 0.8939 -0.4390 0.0907
vn 0.5194 -0.4376 -0.7340
vn -0.3774 -0.4343 -0.8179
vn -0.8973 -0.4323 -0.0894
vn 0.5826 0.0934 -0.8074
vn 0.5824 0.0933 -0.8075
vn 0.5823 0.0933 -0.8076
vn 0.5827 0.0934 -0.8073
vn -0.4076 0.0938 -0.9083
vn -0.4075 0.0938 -0.9083
vn -0.4075 0.0939 -0.9084
vn -0.4076 0.0937 -0.9083
vn -0.9906 0.0935 -0.0999
vn -0.9905 0.0939 -0.1005
vn -0.9906 0.0934 -0.0997
vn -0.5802 0.0935 0.8091
vn -0.5799 0.0934 0.8093
vn -0.5798 0.0934 0.8094
vn -0.5803 0.0936 0.8090
vn 0.4107 0.0937 0.9069
vn 0.4107 0.0937 0.9070
vn 0.4107 0.0936 0.9070
vn 0.9907 0.0932 0.0996
vn 0.9906 0.0934 0.0999
vn 0.9906 0.0935 0.1000
vn 0.0199 0.9998 -0.0000
vn 1.0000 -0.0000 -0.0002
vn -0.5308 -0.4340 0.7280
vn 0.3638 -0.4368 0.8227
vn 0.8942 -0.4383 0.0905
vn 0.5206 -0.4372 -0.7333
vn -0.3759 -0.4346 -0.8184
vn -0.8970 -0.4328 -0.0893
vn 0.5821 0.0932 -0.8077
vn 0.5820 0.0931 -0.8078
vn 0.5824 0.0935 -0.8075
vn -0.4079 0.0937 -0.9082
vn -0.9906 0.0935 -0.1002
vn -0.9905 0.0935 -0.1003
vn -0.9906 0.0934 -0.0996
vn -0.5804 0.0935 0.8089
vn -0.5800 0.0933 0.8093
vn -0.5806 0.0935 0.8088
vn 0.4104 0.0937 0.9071
vn 0.9907 0.0933 0.0994
vn 0.9906 0.0932 0.0996
vn 0.9906 0.0932 0.0998
vn 0.9907 0.0934 0.0993
vn 0.0162 0.9999 -0.0000
vn 0.0163 0.9999 -0.0000
vn 1.0000 -0.0000 0.0092
vn -0.5325 -0.4356 0.7257
vn 0.3623 -0.4357 0.8239
vn 0.5322 -0.4356 -0.7260
vn -0.3624 -0.4357 -0.8239
vn -0.8948 -0.4356 -0.0979
vn 0.5887 0.0935 -0.8029
vn 0.5887 0.0935 -0.8030
vn 0.5889 0.0936 -0.8028
vn -0.4008 0.0937 -0.9114
vn -0.4007 0.0936 -0.9114
vn -0.9896 0.0936 -0.1092
vn -0.9896 0.0937 -0.1093
vn -0.9897 0.0932 -0.1087
vn -0.5885 0.0935 0.8030
vn -0.5883 0.0934 0.8032
vn -0.5882 0.0933 0.8033
vn -0.5886 0.0936 0.8030
vn 0.4009 0.0937 0.9113
vn 0.4009 0.0938 0.9113
vn 0.4010 0.0938 0.9113
vn 0.9896 0.0937 0.1091
vn 0.9896 0.0937 0.1094
vn 0.9897 0.0936 0.1083
vn 0.0619 0.3232 0.9443
vn 0.4976 -0.4385 0.7484
vn -0.5510 -0.7536 -0.3586
vn 0.6064 -0.7012 -0.3749
vn 0.6059 -0.7016 -0.3751
vn -0.3330 0.9417 0.0483
vn 0.9370 -0.1197 0.3281
vn 0.5582 0.4914 -0.6686
vn 0.5582 0.4914 -0.6685
vn 0.5582 0.4912 -0.6687
vn -0.4407 -0.6052 0.6629
vn 0.2987 -0.3101 -0.9026
vn -0.4650 -0.7388 -0.4879
vn -0.9133 -0.3142 0.2592
vn -0.5973 0.5413 0.5919
vn 0.1660 0.9702 0.1768
vn 0.1659 0.9702 0.1768
vn -0.6801 0.5465 0.4887
vn -0.9866 0.0080 -0.1627
vn 0.6061 -0.7013 -0.3752
vn 0.6061 -0.7013 -0.3753
vn 0.6064 -0.7013 -0.3748
vn -0.1939 -0.4603 -0.8663
vn -0.4649 -0.7388 -0.4878
vn -0.9133 -0.3143 0.2591
vn -0.6108 0.4725 -0.6353
vn -0.6108 0.4724 -0.6354
vn -0.9866 0.0082 -0.1627
vn -0.6637 0.3604 -0.6555
vn 0.5582 0.4911 -0.6687
vn 0.6832 -0.6012 -0.4145
vn 0.2988 -0.3100 -0.9026
vn 0.2987 -0.3102 -0.9025
vn -0.5975 0.5409 0.5919
vn -0.5974 0.5410 0.5919
vn 0.6145 0.5452 -0.5703
vn -0.6107 0.4725 -0.6354
vn -0.5258 -0.4356 0.7306
vn 0.3699 -0.4356 0.8206
vn 0.8956 -0.4356 0.0901
vn 0.5256 -0.4357 -0.7307
vn -0.3700 -0.4357 -0.8206
vn -0.8956 -0.4357 -0.0899
vn 0.5814 0.0935 -0.8082
vn 0.5811 0.0934 -0.8085
vn 0.5809 0.0933 -0.8086
vn 0.5816 0.0935 -0.8081
vn -0.4091 0.0937 -0.9077
vn -0.9906 0.0935 -0.1001
vn -0.9906 0.0933 -0.0996
vn -0.5814 0.0934 0.8083
vn -0.5811 0.0933 0.8085
vn -0.5809 0.0932 0.8086
vn -0.5815 0.0935 0.8082
vn 0.4092 0.0937 0.9076
vn 0.4092 0.0938 0.9076
vn 0.9906 0.0934 0.0996
vn 0.9905 0.0937 0.1002
vn 0.0002 1.0000 -0.0000
vn -0.5303 -0.4342 0.7282
vn 0.3644 -0.4367 0.8225
vn 0.8944 -0.4381 0.0906
vn -0.3755 -0.4345 -0.8187
vn -0.8968 -0.4332 -0.0894
vn 0.5821 0.0933 -0.8078
vn -0.4080 0.0938 -0.9081
vn -0.4080 0.0938 -0.9082
vn -0.4079 0.0939 -0.9082
vn -0.4081 0.0938 -0.9081
vn -0.9905 0.0936 -0.1003
vn -0.9905 0.0937 -0.1005
vn -0.9906 0.0933 -0.0997
vn -0.5805 0.0936 0.8089
vn -0.5801 0.0934 0.8092
vn 0.9906 0.0933 0.0995
vn 0.9906 0.0934 0.1001
vn -0.5319 -0.4338 0.7273
vn 0.3624 -0.4370 0.8233
vn 0.5193 -0.4376 -0.7340
vn -0.3773 -0.4342 -0.8180
vn -0.8973 -0.4324 -0.0893
vn 0.5824 0.0932 -0.8075
vn 0.5823 0.0932 -0.8076
vn -0.4075 0.0938 -0.9084
vn -0.9905 0.0936 -0.1005
vn -0.5801 0.0935 0.8091
vn -0.5799 0.0933 0.8093
vn -0.5802 0.0936 0.8091
vn 0.9906 0.0933 0.0998
vn 0.9906 0.0933 0.1000
vn 0.9907 0.0933 0.0993
vn 1.0000 -0.0000 -0.0001
vn -0.5308 -0.4340 0.7279
vn 0.3637 -0.4368 0.8228
vn 0.8942 -0.4385 0.0905
vn 0.5206 -0.4372 -0.7334
vn -0.3760 -0.4345 -0.8184
vn -0.8970 -0.4330 -0.0894
vn 0.5824 0.0934 -0.8076
vn 0.5819 0.0932 -0.8079
vn 0.5825 0.0934 -0.8075
vn -0.4078 0.0938 -0.9083
vn -0.4078 0.0937 -0.9083
vn -0.9906 0.0935 -0.0998
vn -0.9906 0.0936 -0.1002
vn -0.5804 0.0935 0.8090
vn -0.5800 0.0934 0.8093
vn 0.4102 0.0937 0.9071
vn 0.4104 0.0936 0.9071
vn 0.9907 0.0932 0.0995
vn 0.9906 0.0934 0.0998
vn 0.0035 -0.0000 1.0000
vn 0.0036 -0.0000 1.0000
vn -0.7298 -0.4341 -0.5282
vn -0.8215 -0.4367 0.3666
vn -0.0875 -0.4384 0.8945
vn 0.7352 -0.4373 0.5179
vn 0.8172 -0.4345 -0.3788
vn 0.0862 -0.4328 -0.8974
vn 0.8096 0.0934 0.5795
vn 0.8098 0.0933 0.5792
vn 0.8099 0.0933 0.5791
vn 0.8095 0.0934 0.5796
vn 0.9068 0.0937 -0.4110
vn 0.0964 0.0935 -0.9909
vn 0.0968 0.0936 -0.9909
vn 0.0969 0.0937 -0.9909
vn 0.0962 0.0934 -0.9910
vn -0.8110 0.0936 -0.5775
vn -0.8112 0.0934 -0.5772
vn -0.8113 0.0934 -0.5771
vn -0.8109 0.0936 -0.5776
vn -0.9057 0.0937 0.4135
vn -0.0960 0.0932 0.9910
vn -0.0964 0.0934 0.9910
vn -0.0965 0.0934 0.9909
vn -0.0959 0.0932 0.9910
vn -0.0000 0.9999 0.0162
vn -0.7298 -0.4340 -0.5282
vn -0.8215 -0.4367 0.3667
vn -0.0874 -0.4384 0.8945
vn 0.7351 -0.4374 0.5180
vn 0.8171 -0.4345 -0.3789
vn 0.0863 -0.4329 -0.8973
vn 0.8098 0.0933 0.5793
vn 0.8099 0.0933 0.5792
vn 0.9068 0.0938 -0.4111
vn 0.9067 0.0938 -0.4111
vn 0.9068 0.0937 -0.4111
vn 0.0963 0.0935 -0.9909
vn 0.0970 0.0937 -0.9909
vn -0.8109 0.0935 -0.5776
vn -0.8111 0.0934 -0.5773
vn -0.8109 0.0936 -0.5777
vn -0.9056 0.0937 0.4136
vn -0.9056 0.0937 0.4135
vn -0.0966 0.0934 0.9909
vn 0.1824 -0.0000 -0.9832
vn 0.6189 -0.4340 0.6547
vn 0.8753 -0.4367 -0.2076
vn 0.2522 -0.4384 -0.8627
vn -0.6261 -0.4373 -0.6456
vn -0.8733 -0.4345 0.2204
vn -0.2515 -0.4329 0.8656
vn -0.6877 0.0934 -0.7199
vn -0.6880 0.0933 -0.7197
vn -0.6881 0.0932 -0.7196
vn -0.6876 0.0935 -0.7200
vn -0.9674 0.0938 0.2354
vn -0.9673 0.0938 0.2355
vn -0.2789 0.0935 0.9558
vn -0.2792 0.0936 0.9557
vn -0.2794 0.0937 0.9556
vn -0.2788 0.0935 0.9558
vn 0.6895 0.0935 0.7182
vn 0.6897 0.0934 0.7180
vn 0.6898 0.0933 0.7179
vn 0.6894 0.0936 0.7183
vn 0.9667 0.0936 -0.2380
vn 0.9667 0.0937 -0.2380
vn 0.9668 0.0937 -0.2379
vn 0.9667 0.0936 -0.2381
vn 0.2785 0.0932 -0.9559
vn 0.2789 0.0934 -0.9558
vn 0.2791 0.0934 -0.9557
vn 0.2783 0.0932 -0.9559
vn 0.0030 0.9999 -0.0160
vn 0.0030 0.9999 -0.0159
vn 0.0994 -0.0000 -0.9950
vn 0.0995 -0.0000 -0.9950
vn 0.6716 -0.4339 0.6006
vn 0.8549 -0.4368 -0.2801
vn 0.1790 -0.4384 -0.8808
vn -0.6779 -0.4374 -0.5909
vn -0.8518 -0.4345 0.2926
vn -0.1782 -0.4329 0.8837
vn -0.7457 0.0934 -0.6598
vn -0.7459 0.0933 -0.6595
vn -0.7459 0.0932 -0.6594
vn -0.7456 0.0934 -0.6598
vn -0.9443 0.0938 0.3155
vn -0.9443 0.0938 0.3154
vn -0.1979 0.0935 0.9758
vn -0.1983 0.0937 0.9757
vn -0.1985 0.0937 0.9756
vn -0.1977 0.0934 0.9758
vn 0.7472 0.0935 0.6579
vn 0.7475 0.0934 0.6577
vn 0.7476 0.0934 0.6576
vn 0.7472 0.0936 0.6580
vn 0.9434 0.0937 -0.3181
vn 0.1976 0.0932 -0.9758
vn 0.1980 0.0934 -0.9758
vn 0.1981 0.0934 -0.9757
vn 0.1974 0.0932 -0.9759
vn 0.0016 0.9999 -0.0162
vn 0.0016 0.9999 -0.0161
vn 0.3643 -0.4368 0.8225
vn 0.8943 -0.4382 0.0904
vn 0.5211 -0.4372 -0.7330
vn -0.3755 -0.4344 -0.8187
vn -0.8969 -0.4330 -0.0895
vn 0.5821 0.0932 -0.8078
vn 0.5820 0.0931 -0.8079
vn -0.9906 0.0936 -0.1001
vn -0.9906 0.0934 -0.0995
vn -0.5805 0.0936 0.8088
vn -0.5800 0.0934 0.8092
vn 0.4102 0.0937 0.9072
vn 0.9906 0.0933 0.0999
vn 0.9907 0.0931 0.0995
vn -0.5320 -0.4335 0.7274
vn 0.3623 -0.4371 0.8232
vn 0.8938 -0.4391 0.0908
vn 0.5193 -0.4376 -0.7341
vn -0.3774 -0.4342 -0.8180
vn -0.8972 -0.4324 -0.0894
vn 0.5826 0.0934 -0.8073
vn -0.9906 0.0935 -0.1000
vn -0.9905 0.0938 -0.1004
vn -0.9905 0.0939 -0.1006
vn -0.5801 0.0935 0.8092
vn 0.4107 0.0938 0.9070
vn 0.0200 0.9998 -0.0000
vn -0.5308 -0.4341 0.7278
vn 0.3637 -0.4366 0.8228
vn 0.8943 -0.4382 0.0907
vn 0.5205 -0.4374 -0.7333
vn 0.5818 0.0932 -0.8080
vn -0.4078 0.0938 -0.9082
vn -0.9906 0.0934 -0.1002
vn -0.9906 0.0934 -0.1003
vn -0.5804 0.0937 0.8089
vn 0.9907 0.0931 0.0993
vn -0.7297 -0.4340 -0.5284
vn -0.8214 -0.4367 0.3668
vn 0.0862 -0.4329 -0.8973
vn 0.8097 0.0932 0.5794
vn 0.8098 0.0932 0.5793
vn 0.8094 0.0934 0.5797
vn 0.9067 0.0937 -0.4112
vn 0.9067 0.0938 -0.4112
vn 0.0963 0.0935 -0.9910
vn -0.8110 0.0934 -0.5775
vn -0.8112 0.0935 -0.5772
vn -0.8113 0.0935 -0.5771
vn -0.8109 0.0934 -0.5776
vn -0.9057 0.0938 0.4135
vn -0.0960 0.0933 0.9910
vn -0.7299 -0.4339 -0.5282
vn 0.7352 -0.4373 0.5180
vn 0.8172 -0.4344 -0.3788
vn 0.8096 0.0933 0.5795
vn 0.8098 0.0932 0.5792
vn 0.8099 0.0932 0.5791
vn 0.8095 0.0933 0.5796
vn 0.9068 0.0938 -0.4110
vn 0.9068 0.0936 -0.4110
vn 0.9068 0.0939 -0.4110
vn 0.0968 0.0937 -0.9909
vn 0.0962 0.0935 -0.9910
vn -0.8110 0.0935 -0.5776
vn -0.8111 0.0934 -0.5774
vn -0.8112 0.0934 -0.5773
vn -0.9056 0.0937 0.4137
vn -0.0964 0.0934 0.9909
vn -0.8969 -0.4331 -0.0896
vn 0.5820 0.0932 -0.8078
vn 0.5819 0.0931 -0.8079
vn -0.9905 0.0938 -0.1003
vn 0.4102 0.0936 0.9072
vn 0.9906 0.0932 0.0999
vn -0.5320 -0.4336 0.7273
vn 0.3623 -0.4372 0.8232
vn -0.3775 -0.4342 -0.8179
vn 0.5822 0.0933 -0.8077
vn 0.5827 0.0935 -0.8073
vn -0.4076 0.0939 -0.9083
vn -0.9905 0.0937 -0.1004
vn -0.9905 0.0939 -0.1007
vn -0.5796 0.0934 0.8095
vn 0.4107 0.0936 0.9069
vn 0.4107 0.0938 0.9069
vn 0.5257 -0.4357 -0.7306
vn -0.3699 -0.4356 -0.8206
vn -0.8956 -0.4356 -0.0900
vn -0.5257 -0.4356 0.7306
vn 0.8956 -0.4357 0.0900
vn -0.5814 0.0935 0.8082
vn -0.5811 0.0934 0.8084
vn -0.5810 0.0933 0.8085
vn -0.5815 0.0936 0.8082
vn 0.4091 0.0937 0.9077
vn 0.9906 0.0933 0.0997
vn 0.9906 0.0935 0.1002
vn 0.5811 0.0933 -0.8085
vn 0.5810 0.0933 -0.8086
vn 0.5815 0.0935 -0.8081
vn 0.5257 -0.4356 -0.7306
vn -0.8956 -0.4356 -0.0899
vn 0.8956 -0.4356 0.0900
vn -0.5811 0.0934 0.8085
vn -0.5810 0.0933 0.8086
vn -0.5815 0.0935 0.8081
vn 0.9906 0.0933 0.0996
vn 0.9906 0.0935 0.1001
vn 0.5811 0.0933 -0.8084
vn 0.5810 0.0933 -0.8085
vn -0.4091 0.0937 -0.9076
vn -0.5258 -0.4357 0.7306
vn 0.5257 -0.4355 -0.7307
vn -0.3700 -0.4356 -0.8206
vn -0.8956 -0.4357 -0.0900
vn 0.5815 0.0935 -0.8082
vn -0.4091 0.0938 -0.9077
vn -0.9907 0.0933 -0.0995
vn -0.5814 0.0934 0.8082
vn -0.5811 0.0933 0.8084
vn 0.4091 0.0938 0.9077
vn 0.4090 0.0938 0.9077
vn 0.9906 0.0935 0.0995
vn 0.3700 -0.4356 0.8206
vn 0.5258 -0.4356 -0.7306
vn -0.3699 -0.4357 -0.8206
vn -0.9906 0.0935 -0.1003
vn -0.5810 0.0932 0.8086
vn 0.4091 0.0937 0.9076
vn -0.5257 -0.4357 0.7306
vn 0.5257 -0.4356 -0.7307
vn 0.5815 0.0936 -0.8081
vn -0.9906 0.0933 -0.0995
vn -0.5814 0.0935 0.8083
vn 0.8957 -0.4355 0.0899
vn 0.5814 0.0935 -0.8083
vn 0.5810 0.0932 -0.8086
vn 0.5815 0.0936 -0.8082
vn -0.9907 0.0932 -0.0994
vn -0.5810 0.0932 0.8085
vn 0.4091 0.0938 0.9076
vn 0.9906 0.0936 0.1002
vn 0.5256 -0.4358 -0.7306
vn -0.8957 -0.4355 -0.0900
vn -0.5813 0.0935 0.8083
vn 0.5812 0.0933 -0.8084
vn -0.9906 0.0936 -0.1000
vn -0.9905 0.0937 -0.1002
vn -1.0000 0.0001 -0.0000
vn 0.3699 -0.4357 0.8206
vn 0.8957 -0.4355 0.0900
vn 0.5809 0.0932 -0.8086
vn -0.4091 0.0938 -0.9076
vn -0.9907 0.0932 -0.0995
vn -1.0000 -0.0000 -0.0001
vn 0.9906 0.0934 0.0997
vn 0.5200 -0.4371 -0.7338
vn 0.8942 -0.4372 0.0962
vn -0.5805 0.0937 0.8089
vn -0.5808 0.0938 0.8086
vn -0.5809 0.0938 0.8085
vn -0.5804 0.0936 0.8090
vn 0.5815 0.0934 -0.8082
vn 0.5816 0.0934 -0.8081
vn -0.4092 0.0938 -0.9076
vn -0.9905 0.0938 -0.1007
vn -0.9905 0.0938 -0.1005
vn -0.9905 0.0938 -0.1008
vn 0.9999 -0.0000 -0.0129
vn -0.5214 -0.4341 0.7346
vn 0.3744 -0.4367 0.8180
vn 0.8953 -0.4384 0.0791
vn 0.5111 -0.4373 -0.7400
vn -0.3865 -0.4345 -0.8136
vn -0.8980 -0.4330 -0.0779
vn 0.5720 0.0934 -0.8149
vn 0.5716 0.0933 -0.8152
vn 0.5715 0.0932 -0.8153
vn 0.5721 0.0935 -0.8148
vn -0.4195 0.0938 -0.9029
vn -0.4196 0.0938 -0.9029
vn -0.9918 0.0935 -0.0871
vn -0.9918 0.0936 -0.0874
vn -0.9917 0.0936 -0.0876
vn -0.5699 0.0936 0.8163
vn -0.5697 0.0934 0.8165
vn -0.5696 0.0934 0.8166
vn -0.5700 0.0936 0.8163
vn 0.4220 0.0936 0.9017
vn 0.4220 0.0937 0.9017
vn 0.9919 0.0933 0.0868
vn 0.9918 0.0934 0.0871
vn 0.9918 0.0934 0.0873
vn 0.9919 0.0932 0.0866
vn 0.0162 0.9999 -0.0002
vn 0.0163 0.9999 -0.0002
vn 0.9906 0.0937 0.1001
vn -0.5257 -0.4357 0.7307
vn -0.5809 0.0933 0.8086
vn 0.9906 0.0935 0.1003
vn -0.5257 -0.4356 0.7307
vn -0.5815 0.0936 0.8081
vn -0.8956 -0.4356 -0.0901
vn 0.9906 0.0934 0.1000
vn -0.9906 0.0936 -0.1003
vn 0.5258 -0.4357 -0.7306
vn -0.5816 0.0936 0.8081
vn 0.8956 -0.4357 0.0901
vn 1.0000 -0.0000 -0.0004
vt 0.995388 1.650614
vt 0.729976 1.650606
vt 0.729972 1.997227
vt 0.995384 1.997235
vt 0.391458 1.500000
vt 0.002444 1.000499
vt 0.002444 1.500000
vt 0.002444 1.000500
vt 0.002444 1.999501
vt 0.002444 1.999500
vt 0.328810 1.517274
vt 0.710586 1.363903
vt 0.710586 1.517274
vt 0.328810 1.017774
vt 0.710586 1.517275
vt 0.328810 1.517275
vt 0.710586 1.670646
vt 0.328810 2.016775
vt 0.448701 1.584850
vt 0.448701 1.482254
vt 0.551297 1.482254
vt 0.551297 1.584850
vt 0.657375 1.945419
vt 0.658277 1.698560
vt 0.699630 1.658984
vt 0.698523 1.984272
vt 0.706324 1.478804
vt 0.706121 1.588027
vt 0.538621 1.758209
vt 0.539461 1.308357
vt 0.399076 1.758098
vt 0.399915 1.308246
vt 0.710892 1.487713
vt 0.710892 1.604667
vt 0.539724 1.787038
vt 0.539724 1.305342
vt 0.396851 1.787038
vt 0.396851 1.305342
vt 0.699290 1.482254
vt 0.699290 1.584850
vt 0.538615 1.744831
vt 0.538615 1.322273
vt 0.404501 1.744831
vt 0.404501 1.322273
s 1
usemtl LIGHTA.004
f 1/1/1 2/2/1 3/3/1
f 3/3/1 4/4/1 1/1/1
f 5/1/1 6/2/1 7/3/1
f 7/3/1 8/4/1 5/1/1
f 9/1/1 10/2/1 11/3/1
f 11/3/1 12/4/1 9/1/1
f 13/1/1 14/2/1 15/3/1
f 15/3/1 16/4/1 13/1/1
f 17/1/1 18/2/1 19/3/1
f 19/3/1 20/4/1 17/1/1
f 21/1/1 22/2/1 23/3/1
f 23/3/1 24/4/1 21/1/1
f 25/1/1 26/2/1 27/3/1
f 27/3/1 28/4/1 25/1/1
f 29/1/1 30/2/1 31/3/1
f 31/3/1 32/4/1 29/1/1
f 33/2/1 34/1/1 35/3/1
f 36/4/1 35/3/1 34/1/1
f 37/2/1 38/1/1 39/3/1
f 40/4/1 39/3/1 38/1/1
f 41/2/1 42/1/1 43/3/1
f 44/4/1 43/3/1 42/1/1
f 45/2/1 46/1/1 47/3/1
f 48/4/1 47/3/1 46/1/1
f 49/2/1 50/1/1 51/3/1
f 52/4/1 51/3/1 50/1/1
f 53/2/1 54/1/1 55/3/1
f 56/4/1 55/3/1 54/1/1
f 57/2/1 58/1/1 59/3/1
f 60/4/1 59/3/1 58/1/1
f 61/2/1 62/1/1 63/3/1
f 64/4/1 63/3/1 62/1/1
f 65/1/1 66/2/1 67/3/1
f 67/3/1 68/4/1 65/1/1
f 69/1/1 70/2/1 71/3/1
f 71/3/1 72/4/1 69/1/1
f 73/1/1 74/2/1 75/3/1
f 75/3/1 76/4/1 73/1/1
f 77/1/1 78/2/1 79/3/1
f 79/3/1 80/4/1 77/1/1
f 81/1/1 82/2/1 83/3/1
f 83/3/1 84/4/1 81/1/1
f 85/2/1 86/1/1 87/3/1
f 88/4/1 87/3/1 86/1/1
f 89/2/1 90/1/1 91/3/1
f 92/4/1 91/3/1 90/1/1
f 93/2/1 94/1/1 95/3/1
f 96/4/1 95/3/1 94/1/1
f 97/2/1 98/1/1 99/3/1
f 100/4/1 99/3/1 98/1/1
f 101/2/1 102/1/1 103/3/1
f 104/4/1 103/3/1 102/1/1
f 105/2/1 106/1/1 107/3/1
f 108/4/1 107/3/1 106/1/1
f 109/2/1 110/1/1 111/3/1
f 112/4/1 111/3/1 110/1/1
f 113/2/1 114/1/1 115/3/1
f 116/4/1 115/3/1 114/1/1
f 117/1/1 118/2/1 119/3/1
f 119/3/1 120/4/1 117/1/1
f 121/1/1 122/2/1 123/3/1
f 123/3/1 124/4/1 121/1/1
f 125/1/1 126/2/1 127/3/1
f 127/3/1 128/4/1 125/1/1
f 129/1/1 130/2/1 131/3/1
f 131/3/1 132/4/1 129/1/1
f 133/1/1 134/2/1 135/3/1
f 135/3/1 136/4/1 133/1/1
f 137/1/1 138/2/1 139/3/1
f 139/3/1 140/4/1 137/1/1
f 141/1/1 142/2/1 143/3/1
f 143/3/1 144/4/1 141/1/1
f 145/1/1 146/2/1 147/3/1
f 147/3/1 148/4/1 145/1/1
f 149/1/1 150/2/1 151/3/1
f 151/3/1 152/4/1 149/1/1
f 153/1/1 154/2/1 155/3/1
f 155/3/1 156/4/1 153/1/1
f 157/2/1 158/1/1 159/3/1
f 160/4/1 159/3/1 158/1/1
f 161/2/1 162/1/1 163/3/1
f 164/4/1 163/3/1 162/1/1
f 165/2/1 166/1/1 167/3/1
f 168/4/1 167/3/1 166/1/1
f 169/2/1 170/1/1 171/3/1
f 172/4/1 171/3/1 170/1/1
f 173/2/1 174/1/1 175/3/1
f 176/4/1 175/3/1 174/1/1
f 177/2/1 178/1/1 179/3/1
f 180/4/1 179/3/1 178/1/1
f 181/2/1 182/1/1 183/3/1
f 184/4/1 183/3/1 182/1/1
f 185/2/1 186/1/1 187/3/1
f 188/4/1 187/3/1 186/1/1
f 189/1/1 190/2/1 191/3/1
f 191/3/1 192/4/1 189/1/1
f 193/1/1 194/2/1 195/3/1
f 195/3/1 196/4/1 193/1/1
f 197/1/1 198/2/1 199/3/1
f 199/3/1 200/4/1 197/1/1
f 201/1/1 202/2/1 203/3/1
f 203/3/1 204/4/1 201/1/1
f 205/1/1 206/2/1 207/3/1
f 207/3/1 208/4/1 205/1/1
f 209/2/1 210/1/1 211/3/1
f 212/4/1 211/3/1 210/1/1
f 213/2/1 214/1/1 215/3/1
f 216/4/1 215/3/1 214/1/1
f 217/2/1 218/1/1 219/3/1
f 220/4/1 219/3/1 218/1/1
f 221/2/1 222/1/1 223/3/1
f 224/4/1 223/3/1 222/1/1
f 225/2/1 226/1/1 227/3/1
f 228/4/1 227/3/1 226/1/1
f 229/2/1 230/1/1 231/3/1
f 232/4/1 231/3/1 230/1/1
f 233/2/1 234/1/1 235/3/1
f 236/4/1 235/3/1 234/1/1
f 237/2/1 238/1/1 239/3/1
f 240/4/1 239/3/1 238/1/1
f 241/1/1 242/2/1 243/3/1
f 243/3/1 244/4/1 241/1/1
f 245/1/1 246/2/1 247/3/1
f 247/3/1 248/4/1 245/1/1
f 249/1/1 250/2/1 251/3/1
f 251/3/1 252/4/1 249/1/1
f 253/1/1 254/2/1 255/3/1
f 255/3/1 256/4/1 253/1/1
f 257/1/1 258/2/1 259/3/1
f 259/3/1 260/4/1 257/1/1
f 261/1/1 262/2/1 263/3/1
f 263/3/1 264/4/1 261/1/1
f 265/1/1 266/2/1 267/3/1
f 267/3/1 268/4/1 265/1/1
f 269/1/1 270/2/1 271/3/1
f 271/3/1 272/4/1 269/1/1
f 273/1/1 274/2/1 275/3/1
f 275/3/1 276/4/1 273/1/1
f 277/1/1 278/2/1 279/3/1
f 279/3/1 280/4/1 277/1/1
f 281/2/1 282/1/1 283/3/1
f 284/4/1 283/3/1 282/1/1
f 285/2/1 286/1/1 287/3/1
f 288/4/1 287/3/1 286/1/1
f 289/2/1 290/1/1 291/3/1
f 292/4/1 291/3/1 290/1/1
f 293/2/1 294/1/1 295/3/1
f 296/4/1 295/3/1 294/1/1
f 297/2/1 298/1/1 299/3/1
f 300/4/1 299/3/1 298/1/1
f 301/2/1 302/1/1 303/3/1
f 304/4/1 303/3/1 302/1/1
f 305/2/1 306/1/1 307/3/1
f 308/4/1 307/3/1 306/1/1
f 309/2/1 310/1/1 311/3/1
f 312/4/1 311/3/1 310/1/1
f 313/1/1 314/2/1 315/3/1
f 315/3/1 316/4/1 313/1/1
f 317/1/1 318/2/1 319/3/1
f 319/3/1 320/4/1 317/1/1
f 321/1/1 322/2/1 323/3/1
f 323/3/1 324/4/1 321/1/1
f 325/1/1 326/2/1 327/3/1
f 327/3/1 328/4/1 325/1/1
f 329/1/1 330/2/1 331/3/1
f 331/3/1 332/4/1 329/1/1
f 333/2/1 334/1/1 335/3/1
f 336/4/1 335/3/1 334/1/1
f 337/2/1 338/1/1 339/3/1
f 340/4/1 339/3/1 338/1/1
f 341/2/1 342/1/1 343/3/1
f 344/4/1 343/3/1 342/1/1
f 345/2/1 346/1/1 347/3/1
f 348/4/1 347/3/1 346/1/1
f 349/2/1 350/1/1 351/3/1
f 352/4/1 351/3/1 350/1/1
f 353/2/1 354/1/1 355/3/1
f 356/4/1 355/3/1 354/1/1
f 357/2/1 358/1/1 359/3/1
f 360/4/1 359/3/1 358/1/1
f 361/2/1 362/1/1 363/3/1
f 364/4/1 363/3/1 362/1/1
f 365/1/1 366/2/1 367/3/1
f 367/3/1 368/4/1 365/1/1
f 369/1/1 370/2/1 371/3/1
f 371/3/1 372/4/1 369/1/1
f 373/1/1 374/2/1 375/3/1
f 375/3/1 376/4/1 373/1/1
f 377/1/1 378/2/1 379/3/1
f 379/3/1 380/4/1 377/1/1
f 381/1/1 382/2/1 383/3/1
f 383/3/1 384/4/1 381/1/1
f 385/1/1 386/2/1 387/3/1
f 387/3/1 388/4/1 385/1/1
f 389/1/1 390/2/1 391/3/1
f 391/3/1 392/4/1 389/1/1
f 393/1/1 394/2/1 395/3/1
f 395/3/1 396/4/1 393/1/1
f 397/1/1 398/2/1 399/3/1
f 399/3/1 400/4/1 397/1/1
f 401/1/1 402/2/1 403/3/1
f 403/3/1 404/4/1 401/1/1
f 405/2/1 406/1/1 407/3/1
f 408/4/1 407/3/1 406/1/1
f 409/2/1 410/1/1 411/3/1
f 412/4/1 411/3/1 410/1/1
f 413/2/1 414/1/1 415/3/1
f 416/4/1 415/3/1 414/1/1
f 417/2/1 418/1/1 419/3/1
f 420/4/1 419/3/1 418/1/1
f 421/2/1 422/1/1 423/3/1
f 424/4/1 423/3/1 422/1/1
f 425/2/1 426/1/1 427/3/1
f 428/4/1 427/3/1 426/1/1
f 429/2/1 430/1/1 431/3/1
f 432/4/1 431/3/1 430/1/1
f 433/2/1 434/1/1 435/3/1
f 436/4/1 435/3/1 434/1/1
f 437/1/1 438/2/1 439/3/1
f 439/3/1 440/4/1 437/1/1
f 441/1/1 442/2/1 443/3/1
f 443/3/1 444/4/1 441/1/1
f 445/1/1 446/2/1 447/3/1
f 447/3/1 448/4/1 445/1/1
f 449/1/1 450/2/1 451/3/1
f 451/3/1 452/4/1 449/1/1
f 453/1/1 454/2/1 455/3/1
f 455/3/1 456/4/1 453/1/1
f 457/2/1 458/1/1 459/3/1
f 460/4/1 459/3/1 458/1/1
f 461/2/1 462/1/1 463/3/1
f 464/4/1 463/3/1 462/1/1
f 465/2/1 466/1/1 467/3/1
f 468/4/1 467/3/1 466/1/1
f 469/2/1 470/1/1 471/3/1
f 472/4/1 471/3/1 470/1/1
f 473/2/1 474/1/1 475/3/1
f 476/4/1 475/3/1 474/1/1
f 477/2/1 478/1/1 479/3/1
f 480/4/1 479/3/1 478/1/1
f 481/2/1 482/1/1 483/3/1
f 484/4/1 483/3/1 482/1/1
f 485/2/1 486/1/1 487/3/1
f 488/4/1 487/3/1 486/1/1
f 489/1/1 490/2/1 491/3/1
f 491/3/1 492/4/1 489/1/1
f 493/1/1 494/2/1 495/3/1
f 495/3/1 496/4/1 493/1/1
f 497/1/1 498/2/1 499/3/1
f 499/3/1 500/4/1 497/1/1
f 501/1/1 502/2/1 503/3/1
f 503/3/1 504/4/1 501/1/1
f 505/1/1 506/2/1 507/3/1
f 507/3/1 508/4/1 505/1/1
f 509/1/1 510/2/1 511/3/1
f 511/3/1 512/4/1 509/1/1
f 513/1/1 514/2/1 515/3/1
f 515/3/1 516/4/1 513/1/1
f 517/1/1 518/2/1 519/3/1
f 519/3/1 520/4/1 517/1/1
f 521/1/1 522/2/1 523/3/1
f 523/3/1 524/4/1 521/1/1
f 525/1/1 526/2/1 527/3/1
f 527/3/1 528/4/1 525/1/1
f 529/2/1 530/1/1 531/3/1
f 532/4/1 531/3/1 530/1/1
f 533/2/1 534/1/1 535/3/1
f 536/4/1 535/3/1 534/1/1
f 537/2/1 538/1/1 539/3/1
f 540/4/1 539/3/1 538/1/1
f 541/2/1 542/1/1 543/3/1
f 544/4/1 543/3/1 542/1/1
f 545/2/1 546/1/1 547/3/1
f 548/4/1 547/3/1 546/1/1
f 549/2/1 550/1/1 551/3/1
f 552/4/1 551/3/1 550/1/1
f 553/2/1 554/1/1 555/3/1
f 556/4/1 555/3/1 554/1/1
f 557/2/1 558/1/1 559/3/1
f 560/4/1 559/3/1 558/1/1
f 561/1/1 562/2/1 563/3/1
f 563/3/1 564/4/1 561/1/1
f 565/1/1 566/2/1 567/3/1
f 567/3/1 568/4/1 565/1/1
f 569/1/1 570/2/1 571/3/1
f 571/3/1 572/4/1 569/1/1
f 573/1/1 574/2/1 575/3/1
f 575/3/1 576/4/1 573/1/1
f 577/1/1 578/2/1 579/3/1
f 579/3/1 580/4/1 577/1/1
f 581/2/1 582/1/1 583/3/1
f 584/4/1 583/3/1 582/1/1
f 585/2/1 586/1/1 587/3/1
f 588/4/1 587/3/1 586/1/1
f 589/2/1 590/1/1 591/3/1
f 592/4/1 591/3/1 590/1/1
f 593/2/1 594/1/1 595/3/1
f 596/4/1 595/3/1 594/1/1
f 597/2/1 598/1/1 599/3/1
f 600/4/1 599/3/1 598/1/1
f 601/2/1 602/1/1 603/3/1
f 604/4/1 603/3/1 602/1/1
f 605/2/1 606/1/1 607/3/1
f 608/4/1 607/3/1 606/1/1
f 609/2/1 610/1/1 611/3/1
f 612/4/1 611/3/1 610/1/1
f 613/1/1 614/2/1 615/3/1
f 615/3/1 616/4/1 613/1/1
f 617/1/1 618/2/1 619/3/1
f 619/3/1 620/4/1 617/1/1
f 621/1/1 622/2/1 623/3/1
f 623/3/1 624/4/1 621/1/1
f 625/1/1 626/2/1 627/3/1
f 627/3/1 628/4/1 625/1/1
f 629/1/1 630/2/1 631/3/1
f 631/3/1 632/4/1 629/1/1
f 633/1/1 634/2/1 635/3/1
f 635/3/1 636/4/1 633/1/1
f 637/1/1 638/2/1 639/3/1
f 639/3/1 640/4/1 637/1/1
f 641/1/1 642/2/1 643/3/1
f 643/3/1 644/4/1 641/1/1
f 645/1/1 646/2/1 647/3/1
f 647/3/1 648/4/1 645/1/1
f 649/1/1 650/2/1 651/3/1
f 651/3/1 652/4/1 649/1/1
f 653/2/1 654/1/1 655/3/1
f 656/4/1 655/3/1 654/1/1
f 657/2/1 658/1/1 659/3/1
f 660/4/1 659/3/1 658/1/1
f 661/2/1 662/1/1 663/3/1
f 664/4/1 663/3/1 662/1/1
f 665/2/1 666/1/1 667/3/1
f 668/4/1 667/3/1 666/1/1
f 669/2/1 670/1/1 671/3/1
f 672/4/1 671/3/1 670/1/1
f 673/2/1 674/1/1 675/3/1
f 676/4/1 675/3/1 674/1/1
f 677/2/1 678/1/1 679/3/1
f 680/4/1 679/3/1 678/1/1
f 681/2/1 682/1/1 683/3/1
f 684/4/1 683/3/1 682/1/1
f 685/1/1 686/2/1 687/3/1
f 687/3/1 688/4/1 685/1/1
f 689/1/1 690/2/1 691/3/1
f 691/3/1 692/4/1 689/1/1
f 693/1/1 694/2/1 695/3/1
f 695/3/1 696/4/1 693/1/1
f 697/1/1 698/2/1 699/3/1
f 699/3/1 700/4/1 697/1/1
f 701/1/1 702/2/1 703/3/1
f 703/3/1 704/4/1 701/1/1
f 705/2/1 706/1/1 707/3/1
f 708/4/1 707/3/1 706/1/1
f 709/2/1 710/1/1 711/3/1
f 712/4/1 711/3/1 710/1/1
f 713/2/1 714/1/1 715/3/1
f 716/4/1 715/3/1 714/1/1
f 717/2/1 718/1/1 719/3/1
f 720/4/1 719/3/1 718/1/1
f 721/2/1 722/1/1 723/3/1
f 724/4/1 723/3/1 722/1/1
f 725/2/1 726/1/1 727/3/1
f 728/4/1 727/3/1 726/1/1
f 729/2/1 730/1/1 731/3/1
f 732/4/1 731/3/1 730/1/1
f 733/2/1 734/1/1 735/3/1
f 736/4/1 735/3/1 734/1/1
f 737/1/1 738/2/1 739/3/1
f 739/3/1 740/4/1 737/1/1
f 741/1/1 742/2/1 743/3/1
f 743/3/1 744/4/1 741/1/1
f 745/1/1 746/2/1 747/3/1
f 747/3/1 748/4/1 745/1/1
f 749/1/1 750/2/1 751/3/1
f 751/3/1 752/4/1 749/1/1
f 753/1/1 754/2/1 755/3/1
f 755/3/1 756/4/1 753/1/1
f 757/1/1 758/2/1 759/3/1
f 759/3/1 760/4/1 757/1/1
f 761/1/1 762/2/1 763/3/1
f 763/3/1 764/4/1 761/1/1
f 765/1/1 766/2/1 767/3/1
f 767/3/1 768/4/1 765/1/1
f 769/1/1 770/2/1 771/3/1
f 771/3/1 772/4/1 769/1/1
f 773/1/1 774/2/1 775/3/1
f 775/3/1 776/4/1 773/1/1
f 777/2/1 778/1/1 779/3/1
f 780/4/1 779/3/1 778/1/1
f 781/2/1 782/1/1 783/3/1
f 784/4/1 783/3/1 782/1/1
f 785/2/1 786/1/1 787/3/1
f 788/4/1 787/3/1 786/1/1
f 789/2/1 790/1/1 791/3/1
f 792/4/1 791/3/1 790/1/1
f 793/2/1 794/1/1 795/3/1
f 796/4/1 795/3/1 794/1/1
f 797/2/1 798/1/1 799/3/1
f 800/4/1 799/3/1 798/1/1
f 801/2/1 802/1/1 803/3/1
f 804/4/1 803/3/1 802/1/1
f 805/2/1 806/1/1 807/3/1
f 808/4/1 807/3/1 806/1/1
f 809/1/1 810/2/1 811/3/1
f 811/3/1 812/4/1 809/1/1
f 813/1/1 814/2/1 815/3/1
f 815/3/1 816/4/1 813/1/1
f 817/1/1 818/2/1 819/3/1
f 819/3/1 820/4/1 817/1/1
f 821/1/1 822/2/1 823/3/1
f 823/3/1 824/4/1 821/1/1
f 825/1/1 826/2/1 827/3/1
f 827/3/1 828/4/1 825/1/1
f 829/2/1 830/1/1 831/3/1
f 832/4/1 831/3/1 830/1/1
f 833/2/1 834/1/1 835/3/1
f 836/4/1 835/3/1 834/1/1
f 837/2/1 838/1/1 839/3/1
f 840/4/1 839/3/1 838/1/1
f 841/2/1 842/1/1 843/3/1
f 844/4/1 843/3/1 842/1/1
f 845/2/1 846/1/1 847/3/1
f 848/4/1 847/3/1 846/1/1
f 849/2/1 850/1/1 851/3/1
f 852/4/1 851/3/1 850/1/1
f 853/2/1 854/1/1 855/3/1
f 856/4/1 855/3/1 854/1/1
f 857/2/1 858/1/1 859/3/1
f 860/4/1 859/3/1 858/1/1
f 861/1/1 862/2/1 863/3/1
f 863/3/1 864/4/1 861/1/1
f 865/1/1 866/2/1 867/3/1
f 867/3/1 868/4/1 865/1/1
f 869/1/1 870/2/1 871/3/1
f 871/3/1 872/4/1 869/1/1
f 873/1/1 874/2/1 875/3/1
f 875/3/1 876/4/1 873/1/1
f 877/1/1 878/2/1 879/3/1
f 879/3/1 880/4/1 877/1/1
f 881/1/1 882/2/1 883/3/1
f 883/3/1 884/4/1 881/1/1
f 885/1/1 886/2/1 887/3/1
f 887/3/1 888/4/1 885/1/1
f 889/1/1 890/2/1 891/3/1
f 891/3/1 892/4/1 889/1/1
f 893/1/1 894/2/1 895/3/1
f 895/3/1 896/4/1 893/1/1
f 897/1/1 898/2/1 899/3/1
f 899/3/1 900/4/1 897/1/1
f 901/2/1 902/1/1 903/3/1
f 904/4/1 903/3/1 902/1/1
f 905/2/1 906/1/1 907/3/1
f 908/4/1 907/3/1 906/1/1
f 909/2/1 910/1/1 911/3/1
f 912/4/1 911/3/1 910/1/1
f 913/2/1 914/1/1 915/3/1
f 916/4/1 915/3/1 914/1/1
f 917/2/1 918/1/1 919/3/1
f 920/4/1 919/3/1 918/1/1
f 921/2/1 922/1/1 923/3/1
f 924/4/1 923/3/1 922/1/1
f 925/2/1 926/1/1 927/3/1
f 928/4/1 927/3/1 926/1/1
f 929/2/1 930/1/1 931/3/1
f 932/4/1 931/3/1 930/1/1
f 933/1/1 934/2/1 935/3/1
f 935/3/1 936/4/1 933/1/1
f 937/1/1 938/2/1 939/3/1
f 939/3/1 940/4/1 937/1/1
f 941/1/1 942/2/1 943/3/1
f 943/3/1 944/4/1 941/1/1
f 945/1/1 946/2/1 947/3/1
f 947/3/1 948/4/1 945/1/1
f 949/1/1 950/2/1 951/3/1
f 951/3/1 952/4/1 949/1/1
f 953/2/1 954/1/1 955/3/1
f 956/4/1 955/3/1 954/1/1
f 957/2/1 958/1/1 959/3/1
f 960/4/1 959/3/1 958/1/1
f 961/2/1 962/1/1 963/3/1
f 964/4/1 963/3/1 962/1/1
f 965/2/1 966/1/1 967/3/1
f 968/4/1 967/3/1 966/1/1
f 969/2/1 970/1/1 971/3/1
f 972/4/1 971/3/1 970/1/1
f 973/2/1 974/1/1 975/3/1
f 976/4/1 975/3/1 974/1/1
f 977/2/1 978/1/1 979/3/1
f 980/4/1 979/3/1 978/1/1
f 981/2/1 982/1/1 983/3/1
f 984/4/1 983/3/1 982/1/1
f 985/1/1 986/2/1 987/3/1
f 987/3/1 988/4/1 985/1/1
f 989/1/1 990/2/1 991/3/1
f 991/3/1 992/4/1 989/1/1
f 993/1/1 994/2/1 995/3/1
f 995/3/1 996/4/1 993/1/1
f 997/1/1 998/2/1 999/3/1
f 999/3/1 1000/4/1 997/1/1
f 1001/1/1 1002/2/1 1003/3/1
f 1003/3/1 1004/4/1 1001/1/1
f 1005/1/1 1006/2/1 1007/3/1
f 1007/3/1 1008/4/1 1005/1/1
f 1009/1/1 1010/2/1 1011/3/1
f 1011/3/1 1012/4/1 1009/1/1
f 1013/1/1 1014/2/1 1015/3/1
f 1015/3/1 1016/4/1 1013/1/1
f 1017/1/1 1018/2/1 1019/3/1
f 1019/3/1 1020/4/1 1017/1/1
f 1021/1/1 1022/2/1 1023/3/1
f 1023/3/1 1024/4/1 1021/1/1
f 1025/2/1 1026/1/1 1027/3/1
f 1028/4/1 1027/3/1 1026/1/1
f 1029/2/1 1030/1/1 1031/3/1
f 1032/4/1 1031/3/1 1030/1/1
f 1033/2/1 1034/1/1 1035/3/1
f 1036/4/1 1035/3/1 1034/1/1
f 1037/2/1 1038/1/1 1039/3/1
f 1040/4/1 1039/3/1 1038/1/1
f 1041/2/1 1042/1/1 1043/3/1
f 1044/4/1 1043/3/1 1042/1/1
f 1045/2/1 1046/1/1 1047/3/1
f 1048/4/1 1047/3/1 1046/1/1
f 1049/2/1 1050/1/1 1051/3/1
f 1052/4/1 1051/3/1 1050/1/1
f 1053/2/1 1054/1/1 1055/3/1
f 1056/4/1 1055/3/1 1054/1/1
f 1057/1/1 1058/2/1 1059/3/1
f 1059/3/1 1060/4/1 1057/1/1
f 1061/1/1 1062/2/1 1063/3/1
f 1063/3/1 1064/4/1 1061/1/1
f 1065/1/1 1066/2/1 1067/3/1
f 1067/3/1 1068/4/1 1065/1/1
f 1069/1/1 1070/2/1 1071/3/1
f 1071/3/1 1072/4/1 1069/1/1
f 1073/1/1 1074/2/1 1075/3/1
f 1075/3/1 1076/4/1 1073/1/1
f 1077/2/1 1078/1/1 1079/3/1
f 1080/4/1 1079/3/1 1078/1/1
f 1081/2/1 1082/1/1 1083/3/1
f 1084/4/1 1083/3/1 1082/1/1
f 1085/2/1 1086/1/1 1087/3/1
f 1088/4/1 1087/3/1 1086/1/1
f 1089/2/1 1090/1/1 1091/3/1
f 1092/4/1 1091/3/1 1090/1/1
f 1093/2/1 1094/1/1 1095/3/1
f 1096/4/1 1095/3/1 1094/1/1
f 1097/2/1 1098/1/1 1099/3/1
f 1100/4/1 1099/3/1 1098/1/1
f 1101/2/1 1102/1/1 1103/3/1
f 1104/4/1 1103/3/1 1102/1/1
f 1105/2/1 1106/1/1 1107/3/1
f 1108/4/1 1107/3/1 1106/1/1
f 1109/1/1 1110/2/1 1111/3/1
f 1111/3/1 1112/4/1 1109/1/1
f 1113/1/1 1114/2/1 1115/3/1
f 1115/3/1 1116/4/1 1113/1/1
f 1117/1/1 1118/2/1 1119/3/1
f 1119/3/1 1120/4/1 1117/1/1
f 1121/1/1 1122/2/1 1123/3/1
f 1123/3/1 1124/4/1 1121/1/1
f 1125/1/1 1126/2/1 1127/3/1
f 1127/3/1 1128/4/1 1125/1/1
f 1129/1/1 1130/2/1 1131/3/1
f 1131/3/1 1132/4/1 1129/1/1
f 1133/1/1 1134/2/1 1135/3/1
f 1135/3/1 1136/4/1 1133/1/1
f 1137/1/1 1138/2/1 1139/3/1
f 1139/3/1 1140/4/1 1137/1/1
f 1141/1/1 1142/2/1 1143/3/1
f 1143/3/1 1144/4/1 1141/1/1
f 1145/1/1 1146/2/1 1147/3/1
f 1147/3/1 1148/4/1 1145/1/1
f 1149/2/1 1150/1/1 1151/3/1
f 1152/4/1 1151/3/1 1150/1/1
f 1153/2/1 1154/1/1 1155/3/1
f 1156/4/1 1155/3/1 1154/1/1
f 1157/2/1 1158/1/1 1159/3/1
f 1160/4/1 1159/3/1 1158/1/1
f 1161/2/1 1162/1/1 1163/3/1
f 1164/4/1 1163/3/1 1162/1/1
f 1165/2/1 1166/1/1 1167/3/1
f 1168/4/1 1167/3/1 1166/1/1
f 1169/2/1 1170/1/1 1171/3/1
f 1172/4/1 1171/3/1 1170/1/1
f 1173/2/1 1174/1/1 1175/3/1
f 1176/4/1 1175/3/1 1174/1/1
f 1177/2/1 1178/1/1 1179/3/1
f 1180/4/1 1179/3/1 1178/1/1
f 1181/1/1 1182/2/1 1183/3/1
f 1183/3/1 1184/4/1 1181/1/1
f 1185/1/1 1186/2/1 1187/3/1
f 1187/3/1 1188/4/1 1185/1/1
f 1189/1/1 1190/2/1 1191/3/1
f 1191/3/1 1192/4/1 1189/1/1
f 1193/1/1 1194/2/1 1195/3/1
f 1195/3/1 1196/4/1 1193/1/1
f 1197/1/1 1198/2/1 1199/3/1
f 1199/3/1 1200/4/1 1197/1/1
f 1201/2/1 1202/1/1 1203/3/1
f 1204/4/1 1203/3/1 1202/1/1
f 1205/2/1 1206/1/1 1207/3/1
f 1208/4/1 1207/3/1 1206/1/1
f 1209/2/1 1210/1/1 1211/3/1
f 1212/4/1 1211/3/1 1210/1/1
f 1213/2/1 1214/1/1 1215/3/1
f 1216/4/1 1215/3/1 1214/1/1
f 1217/2/1 1218/1/1 1219/3/1
f 1220/4/1 1219/3/1 1218/1/1
f 1221/2/1 1222/1/1 1223/3/1
f 1224/4/1 1223/3/1 1222/1/1
f 1225/2/1 1226/1/1 1227/3/1
f 1228/4/1 1227/3/1 1226/1/1
f 1229/2/1 1230/1/1 1231/3/1
f 1232/4/1 1231/3/1 1230/1/1
f 1233/1/1 1234/2/1 1235/3/1
f 1235/3/1 1236/4/1 1233/1/1
f 1237/1/1 1238/2/1 1239/3/1
f 1239/3/1 1240/4/1 1237/1/1
f 1241/1/2 1242/2/2 1243/3/2
f 1243/3/2 1244/4/2 1241/1/2
f 1245/5/3 1246/6/3 1247/7/3
f 1245/5/4 1248/8/4 1246/6/4
f 1245/5/5 1249/7/5 1248/8/5
f 1245/5/6 1250/9/6 1249/7/6
f 1245/5/7 1251/10/7 1250/9/7
f 1245/5/8 1247/7/8 1251/10/8
f 1247/11/9 1252/12/10 1253/13/11
f 1247/11/9 1246/14/12 1252/12/10
f 1246/14/13 1254/12/14 1252/12/15
f 1246/14/13 1248/14/13 1254/12/14
f 1248/14/16 1255/15/17 1254/12/18
f 1248/14/16 1249/16/19 1255/15/17
f 1249/16/20 1256/17/21 1255/15/21
f 1249/16/20 1250/18/20 1256/17/21
f 1250/18/22 1257/17/23 1256/17/23
f 1250/18/22 1251/18/24 1257/17/23
f 1251/18/25 1253/13/26 1257/17/27
f 1251/18/25 1247/11/28 1253/13/26
f 1258/13/29 1253/13/29 1252/12/29
f 1258/13/29 1252/12/29 1254/12/29
f 1258/13/29 1254/12/29 1255/15/29
f 1258/13/29 1255/15/29 1256/17/29
f 1258/13/29 1256/17/29 1257/17/29
f 1258/13/29 1257/17/29 1253/13/29
f 1259/1/30 1260/2/30 1261/3/30
f 1261/3/30 1262/4/30 1259/1/30
f 1263/5/31 1264/6/31 1265/7/31
f 1263/5/32 1266/8/32 1264/6/32
f 1263/5/33 1267/7/33 1266/8/33
f 1263/5/34 1268/9/34 1267/7/34
f 1263/5/35 1269/10/35 1268/9/35
f 1263/5/36 1265/7/36 1269/10/36
f 1265/11/37 1270/12/38 1271/13/39
f 1265/11/37 1264/14/40 1270/12/38
f 1264/14/41 1272/12/42 1270/12/43
f 1264/14/41 1266/14/44 1272/12/42
f 1266/14/45 1273/15/46 1272/12/47
f 1266/14/45 1267/16/45 1273/15/46
f 1267/16/48 1274/17/49 1273/15/49
f 1267/16/48 1268/18/48 1274/17/49
f 1268/18/50 1275/17/51 1274/17/52
f 1268/18/50 1269/18/53 1275/17/51
f 1269/18/54 1271/13/55 1275/17/56
f 1269/18/54 1265/11/57 1271/13/55
f 1276/13/58 1271/13/59 1270/12/58
f 1276/13/58 1270/12/58 1272/12/58
f 1276/13/58 1272/12/58 1273/15/58
f 1276/13/58 1273/15/58 1274/17/58
f 1276/13/58 1274/17/58 1275/17/59
f 1276/13/58 1275/17/59 1271/13/59
f 1277/1/2 1278/2/2 1279/3/2
f 1279/3/2 1280/4/2 1277/1/2
f 1281/5/60 1282/6/60 1283/7/60
f 1281/5/61 1284/8/61 1282/6/61
f 1281/5/62 1285/7/62 1284/8/62
f 1281/5/63 1286/9/63 1285/7/63
f 1281/5/64 1287/10/64 1286/9/64
f 1281/5/65 1283/7/65 1287/10/65
f 1283/11/66 1288/12/67 1289/13/68
f 1283/11/66 1282/14/66 1288/12/67
f 1282/14/69 1290/12/70 1288/12/70
f 1282/14/69 1284/14/71 1290/12/70
f 1284/14/72 1291/15/73 1290/12/74
f 1284/14/72 1285/16/75 1291/15/73
f 1285/16/76 1292/17/77 1291/15/78
f 1285/16/76 1286/18/76 1292/17/77
f 1286/18/79 1293/17/80 1292/17/81
f 1286/18/79 1287/18/82 1293/17/80
f 1287/18/54 1289/13/83 1293/17/84
f 1287/18/54 1283/11/85 1289/13/83
f 1294/13/86 1289/13/86 1288/12/86
f 1294/13/86 1288/12/86 1290/12/86
f 1294/13/86 1290/12/86 1291/15/86
f 1294/13/86 1291/15/86 1292/17/86
f 1294/13/86 1292/17/86 1293/17/87
f 1294/13/86 1293/17/87 1289/13/86
f 1295/1/30 1296/2/88 1297/3/88
f 1297/3/88 1298/4/30 1295/1/30
f 1299/5/89 1300/6/89 1301/7/89
f 1299/5/90 1302/8/90 1300/6/90
f 1299/5/91 1303/7/91 1302/8/91
f 1299/5/92 1304/9/92 1303/7/92
f 1299/5/93 1305/10/93 1304/9/93
f 1299/5/94 1301/7/94 1305/10/94
f 1301/11/95 1306/12/96 1307/13/97
f 1301/11/95 1300/14/98 1306/12/96
f 1300/14/99 1308/12/100 1306/12/42
f 1300/14/99 1302/14/101 1308/12/100
f 1302/14/102 1309/15/103 1308/12/45
f 1302/14/102 1303/16/104 1309/15/103
f 1303/16/105 1310/17/77 1309/15/106
f 1303/16/105 1304/18/48 1310/17/77
f 1304/18/107 1311/17/108 1310/17/109
f 1304/18/107 1305/18/110 1311/17/108
f 1305/18/111 1307/13/112 1311/17/113
f 1305/18/111 1301/11/111 1307/13/112
f 1312/13/114 1307/13/114 1306/12/114
f 1312/13/114 1306/12/114 1308/12/114
f 1312/13/114 1308/12/114 1309/15/115
f 1312/13/114 1309/15/115 1310/17/115
f 1312/13/114 1310/17/115 1311/17/115
f 1312/13/114 1311/17/115 1307/13/114
f 1313/1/2 1314/2/2 1315/3/2
f 1315/3/2 1316/4/2 1313/1/2
f 1317/5/116 1318/6/116 1319/7/116
f 1317/5/117 1320/8/117 1318/6/117
f 1317/5/118 1321/7/118 1320/8/118
f 1317/5/119 1322/9/119 1321/7/119
f 1317/5/120 1323/10/120 1322/9/120
f 1317/5/121 1319/7/121 1323/10/121
f 1319/11/12 1324/12/122 1325/13/122
f 1319/11/12 1318/14/12 1324/12/122
f 1318/14/123 1326/12/124 1324/12/125
f 1318/14/123 1320/14/126 1326/12/124
f 1320/14/127 1327/15/128 1326/12/129
f 1320/14/127 1321/16/130 1327/15/128
f 1321/16/131 1328/17/132 1327/15/133
f 1321/16/131 1322/18/134 1328/17/132
f 1322/18/135 1329/17/136 1328/17/137
f 1322/18/135 1323/18/138 1329/17/136
f 1323/18/56 1325/13/139 1329/17/54
f 1323/18/56 1319/11/140 1325/13/139
f 1330/13/141 1325/13/141 1324/12/141
f 1330/13/141 1324/12/141 1326/12/141
f 1330/13/141 1326/12/141 1327/15/141
f 1330/13/141 1327/15/141 1328/17/141
f 1330/13/141 1328/17/141 1329/17/141
f 1330/13/141 1329/17/141 1325/13/141
f 1331/1/2 1332/2/2 1333/3/2
f 1333/3/2 1334/4/2 1331/1/2
f 1335/5/142 1336/6/142 1337/7/142
f 1335/5/143 1338/8/143 1336/6/143
f 1335/5/144 1339/7/144 1338/8/144
f 1335/5/145 1340/9/145 1339/7/145
f 1335/5/146 1341/10/146 1340/9/146
f 1335/5/147 1337/7/147 1341/10/147
f 1337/11/148 1342/12/149 1343/13/150
f 1337/11/148 1336/14/151 1342/12/149
f 1336/14/152 1344/12/153 1342/12/154
f 1336/14/152 1338/14/155 1344/12/153
f 1338/14/156 1345/15/157 1344/12/158
f 1338/14/156 1339/16/159 1345/15/157
f 1339/16/160 1346/17/161 1345/15/133
f 1339/16/160 1340/18/162 1346/17/161
f 1340/18/163 1347/17/164 1346/17/165
f 1340/18/163 1341/18/163 1347/17/164
f 1341/18/166 1343/13/167 1347/17/168
f 1341/18/166 1337/11/169 1343/13/167
f 1348/13/141 1343/13/141 1342/12/141
f 1348/13/141 1342/12/141 1344/12/141
f 1348/13/141 1344/12/141 1345/15/141
f 1348/13/141 1345/15/141 1346/17/141
f 1348/13/141 1346/17/141 1347/17/141
f 1348/13/141 1347/17/141 1343/13/141
f 1349/1/2 1350/2/170 1351/3/2
f 1351/3/2 1352/4/2 1349/1/2
f 1353/5/3 1354/6/3 1355/7/3
f 1353/5/171 1356/8/171 1354/6/171
f 1353/5/144 1357/7/144 1356/8/144
f 1353/5/172 1358/9/172 1357/7/172
f 1353/5/173 1359/10/173 1358/9/173
f 1353/5/174 1355/7/174 1359/10/174
f 1355/11/175 1360/12/176 1361/13/11
f 1355/11/175 1354/14/177 1360/12/176
f 1354/14/178 1362/12/15 1360/12/15
f 1354/14/178 1356/14/179 1362/12/15
f 1356/14/180 1363/15/181 1362/12/127
f 1356/14/180 1357/16/182 1363/15/181
f 1357/16/183 1364/17/20 1363/15/132
f 1357/16/183 1358/18/131 1364/17/20
f 1358/18/184 1365/17/185 1364/17/186
f 1358/18/184 1359/18/187 1365/17/185
f 1359/18/54 1361/13/188 1365/17/189
f 1359/18/54 1355/11/190 1361/13/188
f 1366/13/141 1361/13/141 1360/12/141
f 1366/13/141 1360/12/141 1362/12/141
f 1366/13/141 1362/12/141 1363/15/141
f 1366/13/141 1363/15/141 1364/17/141
f 1366/13/141 1364/17/141 1365/17/141
f 1366/13/141 1365/17/141 1361/13/141
f 1367/1/2 1368/2/2 1369/3/2
f 1369/3/2 1370/4/2 1367/1/2
f 1371/5/191 1372/6/191 1373/7/191
f 1371/5/117 1374/8/117 1372/6/117
f 1371/5/192 1375/7/192 1374/8/192
f 1371/5/193 1376/9/193 1375/7/193
f 1371/5/194 1377/10/194 1376/9/194
f 1371/5/195 1373/7/195 1377/10/195
f 1373/11/196 1378/12/197 1379/13/198
f 1373/11/196 1372/14/199 1378/12/197
f 1372/14/13 1380/12/14 1378/12/15
f 1372/14/13 1374/14/200 1380/12/14
f 1374/14/201 1381/15/202 1380/12/203
f 1374/14/201 1375/16/204 1381/15/202
f 1375/16/205 1382/17/206 1381/15/207
f 1375/16/205 1376/18/208 1382/17/206
f 1376/18/209 1383/17/210 1382/17/211
f 1376/18/209 1377/18/212 1383/17/210
f 1377/18/213 1379/13/139 1383/17/54
f 1377/18/213 1373/11/214 1379/13/139
f 1384/13/141 1379/13/141 1378/12/141
f 1384/13/141 1378/12/141 1380/12/141
f 1384/13/141 1380/12/141 1381/15/141
f 1384/13/141 1381/15/141 1382/17/141
f 1384/13/141 1382/17/141 1383/17/141
f 1384/13/141 1383/17/141 1379/13/141
f 1385/1/2 1386/2/2 1387/3/2
f 1387/3/2 1388/4/170 1385/1/2
f 1389/5/191 1390/6/191 1391/7/191
f 1389/5/215 1392/8/215 1390/6/215
f 1389/5/216 1393/7/216 1392/8/216
f 1389/5/145 1394/9/145 1393/7/145
f 1389/5/217 1395/10/217 1394/9/217
f 1389/5/218 1391/7/218 1395/10/218
f 1391/11/219 1396/12/220 1397/13/221
f 1391/11/219 1390/14/196 1396/12/220
f 1390/14/222 1398/12/223 1396/12/224
f 1390/14/222 1392/14/225 1398/12/223
f 1392/14/226 1399/15/157 1398/12/158
f 1392/14/226 1393/16/156 1399/15/157
f 1393/16/227 1400/17/228 1399/15/206
f 1393/16/227 1394/18/229 1400/17/228
f 1394/18/230 1401/17/23 1400/17/231
f 1394/18/230 1395/18/232 1401/17/23
f 1395/18/166 1397/13/167 1401/17/233
f 1395/18/166 1391/11/234 1397/13/167
f 1402/13/141 1397/13/141 1396/12/141
f 1402/13/141 1396/12/141 1398/12/141
f 1402/13/141 1398/12/141 1399/15/141
f 1402/13/141 1399/15/141 1400/17/141
f 1402/13/141 1400/17/141 1401/17/141
f 1402/13/141 1401/17/141 1397/13/141
f 1403/1/235 1404/2/235 1405/3/235
f 1405/3/235 1406/4/235 1403/1/235
f 1407/5/116 1408/6/116 1409/7/116
f 1407/5/117 1410/8/117 1408/6/117
f 1407/5/236 1411/7/236 1410/8/236
f 1407/5/145 1412/9/145 1411/7/145
f 1407/5/194 1413/10/194 1412/9/194
f 1407/5/237 1409/7/237 1413/10/237
f 1409/11/196 1414/12/219 1415/13/219
f 1409/11/196 1408/14/199 1414/12/219
f 1408/14/238 1416/12/239 1414/12/240
f 1408/14/238 1410/14/241 1416/12/239
f 1410/14/104 1417/15/72 1416/12/242
f 1410/14/104 1411/16/19 1417/15/72
f 1411/16/183 1418/17/20 1417/15/132
f 1411/16/183 1412/18/131 1418/17/20
f 1412/18/163 1419/17/243 1418/17/244
f 1412/18/163 1413/18/245 1419/17/243
f 1413/18/214 1415/13/246 1419/17/189
f 1413/18/214 1409/11/140 1415/13/246
f 1420/13/141 1415/13/141 1414/12/141
f 1420/13/141 1414/12/141 1416/12/141
f 1420/13/141 1416/12/141 1417/15/141
f 1420/13/141 1417/15/141 1418/17/141
f 1420/13/141 1418/17/141 1419/17/141
f 1420/13/141 1419/17/141 1415/13/141
f 1421/1/2 1422/2/2 1423/3/2
f 1423/3/2 1424/4/2 1421/1/2
f 1425/5/3 1426/6/3 1427/7/3
f 1425/5/247 1428/8/247 1426/6/247
f 1425/5/248 1429/7/248 1428/8/248
f 1425/5/172 1430/9/172 1429/7/172
f 1425/5/249 1431/10/249 1430/9/249
f 1425/5/147 1427/7/147 1431/10/147
f 1427/11/199 1432/12/250 1433/13/251
f 1427/11/199 1426/14/252 1432/12/250
f 1426/14/253 1434/12/254 1432/12/255
f 1426/14/253 1428/14/13 1434/12/254
f 1428/14/16 1435/15/256 1434/12/129
f 1428/14/16 1429/16/257 1435/15/256
f 1429/16/258 1436/17/21 1435/15/161
f 1429/16/258 1430/18/259 1436/17/21
f 1430/18/260 1437/17/135 1436/17/136
f 1430/18/260 1431/18/261 1437/17/135
f 1431/18/262 1433/13/263 1437/17/264
f 1431/18/262 1427/11/265 1433/13/263
f 1438/13/141 1433/13/141 1432/12/141
f 1438/13/141 1432/12/141 1434/12/141
f 1438/13/141 1434/12/141 1435/15/141
f 1438/13/141 1435/15/141 1436/17/141
f 1438/13/141 1436/17/141 1437/17/141
f 1438/13/141 1437/17/141 1433/13/141
f 1439/1/266 1440/2/266 1441/3/266
f 1441/3/266 1442/4/266 1439/1/266
f 1443/5/142 1444/6/142 1445/7/142
f 1443/5/267 1446/8/267 1444/6/267
f 1443/5/118 1447/7/118 1446/8/118
f 1443/5/145 1448/9/145 1447/7/145
f 1443/5/268 1449/10/268 1448/9/268
f 1443/5/218 1445/7/218 1449/10/218
f 1445/11/148 1450/12/149 1451/13/150
f 1445/11/148 1444/14/269 1450/12/149
f 1444/14/13 1452/12/14 1450/12/15
f 1444/14/13 1446/14/13 1452/12/14
f 1446/14/270 1453/15/128 1452/12/129
f 1446/14/270 1447/16/271 1453/15/128
f 1447/16/227 1454/17/228 1453/15/206
f 1447/16/227 1448/18/229 1454/17/228
f 1448/18/272 1455/17/23 1454/17/231
f 1448/18/272 1449/18/273 1455/17/23
f 1449/18/274 1451/13/188 1455/17/189
f 1449/18/274 1445/11/275 1451/13/188
f 1456/13/141 1451/13/141 1450/12/141
f 1456/13/141 1450/12/141 1452/12/141
f 1456/13/141 1452/12/141 1453/15/141
f 1456/13/141 1453/15/141 1454/17/141
f 1456/13/141 1454/17/141 1455/17/141
f 1456/13/141 1455/17/141 1451/13/141
f 1457/5/276 1458/6/276 1459/7/276
f 1457/5/277 1460/8/277 1458/6/277
f 1457/5/278 1461/7/278 1460/8/278
f 1457/5/279 1462/9/279 1461/7/279
f 1457/5/280 1463/10/280 1462/9/280
f 1457/5/281 1459/7/281 1463/10/281
f 1459/11/282 1464/12/283 1465/13/284
f 1459/11/282 1458/14/285 1464/12/283
f 1458/14/286 1466/12/286 1464/12/286
f 1458/14/286 1460/14/286 1466/12/286
f 1460/14/287 1467/15/288 1466/12/289
f 1460/14/287 1461/16/290 1467/15/288
f 1461/16/291 1468/17/292 1467/15/293
f 1461/16/291 1462/18/294 1468/17/292
f 1462/18/295 1469/17/295 1468/17/295
f 1462/18/295 1463/18/295 1469/17/295
f 1463/18/296 1465/13/297 1469/17/298
f 1463/18/296 1459/11/296 1465/13/297
f 1470/13/299 1465/13/300 1464/12/299
f 1470/13/299 1464/12/299 1466/12/299
f 1470/13/299 1466/12/299 1467/15/301
f 1470/13/299 1467/15/301 1468/17/301
f 1470/13/299 1468/17/301 1469/17/301
f 1470/13/299 1469/17/301 1465/13/300
f 1471/5/302 1472/6/302 1473/7/302
f 1471/5/303 1474/8/303 1472/6/303
f 1471/5/304 1475/7/304 1474/8/304
f 1471/5/305 1476/9/305 1475/7/305
f 1471/5/306 1477/10/306 1476/9/306
f 1471/5/307 1473/7/307 1477/10/307
f 1473/11/308 1478/12/309 1479/13/310
f 1473/11/308 1472/14/311 1478/12/309
f 1472/14/312 1480/12/312 1478/12/312
f 1472/14/312 1474/14/312 1480/12/312
f 1474/14/313 1481/15/314 1480/12/315
f 1474/14/313 1475/16/316 1481/15/314
f 1475/16/317 1482/17/318 1481/15/319
f 1475/16/317 1476/18/320 1482/17/318
f 1476/18/321 1483/17/321 1482/17/321
f 1476/18/321 1477/18/321 1483/17/321
f 1477/18/322 1479/13/323 1483/17/324
f 1477/18/322 1473/11/325 1479/13/323
f 1484/13/326 1479/13/326 1478/12/326
f 1484/13/326 1478/12/326 1480/12/327
f 1484/13/326 1480/12/327 1481/15/327
f 1484/13/326 1481/15/327 1482/17/326
f 1484/13/326 1482/17/326 1483/17/326
f 1484/13/326 1483/17/326 1479/13/326
f 1485/5/276 1486/6/276 1487/7/276
f 1485/5/277 1488/8/277 1486/6/277
f 1485/5/278 1489/7/278 1488/8/278
f 1485/5/279 1490/9/279 1489/7/279
f 1485/5/280 1491/10/280 1490/9/280
f 1485/5/281 1487/7/281 1491/10/281
f 1487/11/282 1492/12/328 1493/13/284
f 1487/11/282 1486/14/285 1492/12/328
f 1486/14/286 1494/12/329 1492/12/329
f 1486/14/286 1488/14/286 1494/12/329
f 1488/14/287 1495/15/288 1494/12/289
f 1488/14/287 1489/16/290 1495/15/288
f 1489/16/291 1496/17/292 1495/15/293
f 1489/16/291 1490/18/330 1496/17/292
f 1490/18/295 1497/17/295 1496/17/295
f 1490/18/295 1491/18/295 1497/17/295
f 1491/18/296 1493/13/297 1497/17/298
f 1491/18/296 1487/11/296 1493/13/297
f 1498/13/299 1493/13/299 1492/12/301
f 1498/13/299 1492/12/301 1494/12/300
f 1498/13/299 1494/12/300 1495/15/300
f 1498/13/299 1495/15/300 1496/17/331
f 1498/13/299 1496/17/331 1497/17/299
f 1498/13/299 1497/17/299 1493/13/299
f 1499/5/302 1500/6/302 1501/7/302
f 1499/5/303 1502/8/303 1500/6/303
f 1499/5/304 1503/7/304 1502/8/304
f 1499/5/305 1504/9/305 1503/7/305
f 1499/5/306 1505/10/306 1504/9/306
f 1499/5/332 1501/7/332 1505/10/332
f 1501/11/308 1506/12/333 1507/13/310
f 1501/11/308 1500/14/311 1506/12/333
f 1500/14/312 1508/12/312 1506/12/312
f 1500/14/312 1502/14/312 1508/12/312
f 1502/14/313 1509/15/314 1508/12/315
f 1502/14/313 1503/16/316 1509/15/314
f 1503/16/317 1510/17/334 1509/15/319
f 1503/16/317 1504/18/320 1510/17/334
f 1504/18/321 1511/17/321 1510/17/321
f 1504/18/321 1505/18/321 1511/17/321
f 1505/18/322 1507/13/335 1511/17/336
f 1505/18/322 1501/11/325 1507/13/335
f 1512/13/326 1507/13/327 1506/12/326
f 1512/13/326 1506/12/326 1508/12/337
f 1512/13/326 1508/12/337 1509/15/337
f 1512/13/326 1509/15/337 1510/17/326
f 1512/13/326 1510/17/326 1511/17/327
f 1512/13/326 1511/17/327 1507/13/327
f 1513/5/276 1514/6/276 1515/7/276
f 1513/5/277 1516/8/277 1514/6/277
f 1513/5/278 1517/7/278 1516/8/278
f 1513/5/279 1518/9/279 1517/7/279
f 1513/5/280 1519/10/280 1518/9/280
f 1513/5/281 1515/7/281 1519/10/281
f 1515/11/282 1520/12/283 1521/13/284
f 1515/11/282 1514/14/285 1520/12/283
f 1514/14/286 1522/12/329 1520/12/329
f 1514/14/286 1516/14/286 1522/12/329
f 1516/14/287 1523/15/288 1522/12/289
f 1516/14/287 1517/16/290 1523/15/288
f 1517/16/291 1524/17/292 1523/15/293
f 1517/16/291 1518/18/294 1524/17/292
f 1518/18/295 1525/17/295 1524/17/338
f 1518/18/295 1519/18/295 1525/17/295
f 1519/18/296 1521/13/339 1525/17/298
f 1519/18/296 1515/11/340 1521/13/339
f 1526/13/331 1521/13/299 1520/12/301
f 1526/13/331 1520/12/301 1522/12/331
f 1526/13/331 1522/12/331 1523/15/331
f 1526/13/331 1523/15/331 1524/17/331
f 1526/13/331 1524/17/331 1525/17/299
f 1526/13/331 1525/17/299 1521/13/299
f 1527/5/302 1528/6/302 1529/7/302
f 1527/5/303 1530/8/303 1528/6/303
f 1527/5/304 1531/7/304 1530/8/304
f 1527/5/305 1532/9/305 1531/7/305
f 1527/5/306 1533/10/306 1532/9/306
f 1527/5/307 1529/7/307 1533/10/307
f 1529/11/341 1534/12/342 1535/13/310
f 1529/11/341 1528/14/311 1534/12/342
f 1528/14/312 1536/12/312 1534/12/312
f 1528/14/312 1530/14/312 1536/12/312
f 1530/14/313 1537/15/343 1536/12/344
f 1530/14/313 1531/16/316 1537/15/343
f 1531/16/317 1538/17/334 1537/15/345
f 1531/16/317 1532/18/320 1538/17/334
f 1532/18/321 1539/17/321 1538/17/321
f 1532/18/321 1533/18/321 1539/17/321
f 1533/18/322 1535/13/335 1539/17/346
f 1533/18/322 1529/11/325 1535/13/335
f 1540/13/326 1535/13/326 1534/12/326
f 1540/13/326 1534/12/326 1536/12/327
f 1540/13/326 1536/12/327 1537/15/327
f 1540/13/326 1537/15/327 1538/17/326
f 1540/13/326 1538/17/326 1539/17/326
f 1540/13/326 1539/17/326 1535/13/326
f 1541/5/276 1542/6/276 1543/7/276
f 1541/5/277 1544/8/277 1542/6/277
f 1541/5/278 1545/7/278 1544/8/278
f 1541/5/279 1546/9/279 1545/7/279
f 1541/5/280 1547/10/280 1546/9/280
f 1541/5/281 1543/7/281 1547/10/281
f 1543/11/282 1548/12/328 1549/13/284
f 1543/11/282 1542/14/285 1548/12/328
f 1542/14/286 1550/12/329 1548/12/329
f 1542/14/286 1544/14/286 1550/12/329
f 1544/14/287 1551/15/288 1550/12/347
f 1544/14/287 1545/16/290 1551/15/288
f 1545/16/291 1552/17/292 1551/15/293
f 1545/16/291 1546/18/294 1552/17/292
f 1546/18/295 1553/17/295 1552/17/338
f 1546/18/295 1547/18/295 1553/17/295
f 1547/18/296 1549/13/339 1553/17/348
f 1547/18/296 1543/11/340 1549/13/339
f 1554/13/331 1549/13/299 1548/12/301
f 1554/13/331 1548/12/301 1550/12/300
f 1554/13/331 1550/12/300 1551/15/331
f 1554/13/331 1551/15/331 1552/17/331
f 1554/13/331 1552/17/331 1553/17/331
f 1554/13/331 1553/17/331 1549/13/299
f 1555/5/302 1556/6/302 1557/7/302
f 1555/5/303 1558/8/303 1556/6/303
f 1555/5/304 1559/7/304 1558/8/304
f 1555/5/305 1560/9/305 1559/7/305
f 1555/5/306 1561/10/306 1560/9/306
f 1555/5/332 1557/7/332 1561/10/332
f 1557/11/308 1562/12/333 1563/13/310
f 1557/11/308 1556/14/311 1562/12/333
f 1556/14/312 1564/12/312 1562/12/312
f 1556/14/312 1558/14/312 1564/12/312
f 1558/14/313 1565/15/343 1564/12/344
f 1558/14/313 1559/16/316 1565/15/343
f 1559/16/317 1566/17/334 1565/15/318
f 1559/16/317 1560/18/320 1566/17/334
f 1560/18/321 1567/17/321 1566/17/321
f 1560/18/321 1561/18/321 1567/17/321
f 1561/18/322 1563/13/335 1567/17/336
f 1561/18/322 1557/11/325 1563/13/335
f 1568/13/326 1563/13/327 1562/12/326
f 1568/13/326 1562/12/326 1564/12/326
f 1568/13/326 1564/12/326 1565/15/326
f 1568/13/326 1565/15/326 1566/17/326
f 1568/13/326 1566/17/326 1567/17/326
f 1568/13/326 1567/17/326 1563/13/327
f 1569/5/276 1570/6/276 1571/7/276
f 1569/5/277 1572/8/277 1570/6/277
f 1569/5/349 1573/7/349 1572/8/349
f 1569/5/279 1574/9/279 1573/7/279
f 1569/5/280 1575/10/280 1574/9/280
f 1569/5/281 1571/7/281 1575/10/281
f 1571/11/282 1576/12/350 1577/13/351
f 1571/11/282 1570/14/285 1576/12/350
f 1570/14/286 1578/12/352 1576/12/352
f 1570/14/286 1572/14/286 1578/12/352
f 1572/14/287 1579/15/288 1578/12/289
f 1572/14/287 1573/16/290 1579/15/288
f 1573/16/291 1580/17/292 1579/15/353
f 1573/16/291 1574/18/294 1580/17/292
f 1574/18/295 1581/17/338 1580/17/338
f 1574/18/295 1575/18/295 1581/17/338
f 1575/18/296 1577/13/354 1581/17/355
f 1575/18/296 1571/11/296 1577/13/354
f 1582/13/331 1577/13/301 1576/12/331
f 1582/13/331 1576/12/331 1578/12/300
f 1582/13/331 1578/12/300 1579/15/300
f 1582/13/331 1579/15/300 1580/17/331
f 1582/13/331 1580/17/331 1581/17/299
f 1582/13/331 1581/17/299 1577/13/301
f 1583/5/302 1584/6/302 1585/7/302
f 1583/5/356 1586/8/356 1584/6/356
f 1583/5/304 1587/7/304 1586/8/304
f 1583/5/357 1588/9/357 1587/7/357
f 1583/5/306 1589/10/306 1588/9/306
f 1583/5/307 1585/7/307 1589/10/307
f 1585/11/341 1590/12/309 1591/13/310
f 1585/11/341 1584/14/311 1590/12/309
f 1584/14/312 1592/12/312 1590/12/312
f 1584/14/312 1586/14/312 1592/12/312
f 1586/14/313 1593/15/343 1592/12/344
f 1586/14/313 1587/16/316 1593/15/343
f 1587/16/358 1594/17/334 1593/15/345
f 1587/16/358 1588/18/317 1594/17/334
f 1588/18/321 1595/17/321 1594/17/321
f 1588/18/321 1589/18/321 1595/17/321
f 1589/18/322 1591/13/323 1595/17/324
f 1589/18/322 1585/11/325 1591/13/323
f 1596/13/326 1591/13/327 1590/12/326
f 1596/13/326 1590/12/326 1592/12/359
f 1596/13/326 1592/12/359 1593/15/326
f 1596/13/326 1593/15/326 1594/17/327
f 1596/13/326 1594/17/327 1595/17/327
f 1596/13/326 1595/17/327 1591/13/327
f 1597/5/276 1598/6/276 1599/7/276
f 1597/5/277 1600/8/277 1598/6/277
f 1597/5/349 1601/7/349 1600/8/349
f 1597/5/279 1602/9/279 1601/7/279
f 1597/5/280 1603/10/280 1602/9/280
f 1597/5/281 1599/7/281 1603/10/281
f 1599/11/282 1604/12/350 1605/13/351
f 1599/11/282 1598/14/285 1604/12/350
f 1598/14/286 1606/12/286 1604/12/286
f 1598/14/286 1600/14/286 1606/12/286
f 1600/14/287 1607/15/288 1606/12/289
f 1600/14/287 1601/16/290 1607/15/288
f 1601/16/291 1608/17/292 1607/15/293
f 1601/16/291 1602/18/294 1608/17/292
f 1602/18/295 1609/17/338 1608/17/360
f 1602/18/295 1603/18/295 1609/17/338
f 1603/18/296 1605/13/339 1609/17/298
f 1603/18/296 1599/11/296 1605/13/339
f 1610/13/331 1605/13/331 1604/12/331
f 1610/13/331 1604/12/331 1606/12/301
f 1610/13/331 1606/12/301 1607/15/331
f 1610/13/331 1607/15/331 1608/17/301
f 1610/13/331 1608/17/301 1609/17/301
f 1610/13/331 1609/17/301 1605/13/331
f 1611/5/302 1612/6/302 1613/7/302
f 1611/5/303 1614/8/303 1612/6/303
f 1611/5/304 1615/7/304 1614/8/304
f 1611/5/357 1616/9/357 1615/7/357
f 1611/5/306 1617/10/306 1616/9/306
f 1611/5/307 1613/7/307 1617/10/307
f 1613/11/308 1618/12/309 1619/13/310
f 1613/11/308 1612/14/311 1618/12/309
f 1612/14/312 1620/12/312 1618/12/312
f 1612/14/312 1614/14/312 1620/12/312
f 1614/14/313 1621/15/314 1620/12/315
f 1614/14/313 1615/16/316 1621/15/314
f 1615/16/317 1622/17/318 1621/15/319
f 1615/16/317 1616/18/320 1622/17/318
f 1616/18/321 1623/17/321 1622/17/321
f 1616/18/321 1617/18/321 1623/17/321
f 1617/18/322 1619/13/323 1623/17/324
f 1617/18/322 1613/11/325 1619/13/323
f 1624/13/326 1619/13/327 1618/12/326
f 1624/13/326 1618/12/326 1620/12/359
f 1624/13/326 1620/12/359 1621/15/326
f 1624/13/326 1621/15/326 1622/17/327
f 1624/13/326 1622/17/327 1623/17/326
f 1624/13/326 1623/17/326 1619/13/327
f 1625/5/361 1626/6/361 1627/7/361
f 1625/5/362 1628/8/362 1626/6/362
f 1625/5/363 1629/7/363 1628/8/363
f 1625/5/364 1630/9/364 1629/7/364
f 1625/5/365 1631/10/365 1630/9/365
f 1625/5/366 1627/7/366 1631/10/366
f 1627/11/367 1632/12/368 1633/13/369
f 1627/11/367 1626/14/367 1632/12/368
f 1626/14/370 1634/12/371 1632/12/371
f 1626/14/370 1628/14/370 1634/12/371
f 1628/14/372 1635/15/373 1634/12/374
f 1628/14/372 1629/16/375 1635/15/373
f 1629/16/376 1636/17/377 1635/15/378
f 1629/16/376 1630/18/379 1636/17/377
f 1630/18/380 1637/17/381 1636/17/381
f 1630/18/380 1631/18/380 1637/17/381
f 1631/18/382 1633/13/383 1637/17/384
f 1631/18/382 1627/11/382 1633/13/383
f 1638/13/385 1633/13/386 1632/12/387
f 1638/13/385 1632/12/387 1634/12/385
f 1638/13/385 1634/12/385 1635/15/386
f 1638/13/385 1635/15/386 1636/17/385
f 1638/13/385 1636/17/385 1637/17/385
f 1638/13/385 1637/17/385 1633/13/386
f 1639/5/388 1640/6/388 1641/7/388
f 1639/5/389 1642/8/389 1640/6/389
f 1639/5/390 1643/7/390 1642/8/390
f 1639/5/391 1644/9/391 1643/7/391
f 1639/5/392 1645/10/392 1644/9/392
f 1639/5/393 1641/7/393 1645/10/393
f 1641/11/394 1646/12/395 1647/13/396
f 1641/11/394 1640/14/397 1646/12/395
f 1640/14/398 1648/12/398 1646/12/398
f 1640/14/398 1642/14/398 1648/12/398
f 1642/14/399 1649/15/400 1648/12/401
f 1642/14/399 1643/16/402 1649/15/400
f 1643/16/403 1650/17/404 1649/15/405
f 1643/16/403 1644/18/406 1650/17/404
f 1644/18/407 1651/17/407 1650/17/407
f 1644/18/407 1645/18/407 1651/17/407
f 1645/18/408 1647/13/409 1651/17/410
f 1645/18/408 1641/11/411 1647/13/409
f 1652/13/412 1647/13/412 1646/12/412
f 1652/13/412 1646/12/412 1648/12/413
f 1652/13/412 1648/12/413 1649/15/414
f 1652/13/412 1649/15/414 1650/17/414
f 1652/13/412 1650/17/414 1651/17/412
f 1652/13/412 1651/17/412 1647/13/412
f 1653/5/415 1654/6/415 1655/7/415
f 1653/5/416 1656/8/416 1654/6/416
f 1653/5/417 1657/7/417 1656/8/417
f 1653/5/418 1658/9/418 1657/7/418
f 1653/5/419 1659/10/419 1658/9/419
f 1653/5/420 1655/7/420 1659/10/420
f 1655/11/421 1660/12/422 1661/13/423
f 1655/11/421 1654/14/424 1660/12/422
f 1654/14/425 1662/12/425 1660/12/425
f 1654/14/425 1656/14/425 1662/12/425
f 1656/14/426 1663/15/427 1662/12/428
f 1656/14/426 1657/16/429 1663/15/427
f 1657/16/430 1664/17/431 1663/15/432
f 1657/16/430 1658/18/433 1664/17/431
f 1658/18/434 1665/17/434 1664/17/434
f 1658/18/434 1659/18/434 1665/17/434
f 1659/18/435 1661/13/436 1665/17/437
f 1659/18/435 1655/11/435 1661/13/436
f 1666/13/438 1661/13/439 1660/12/440
f 1666/13/438 1660/12/440 1662/12/441
f 1666/13/438 1662/12/441 1663/15/441
f 1666/13/438 1663/15/441 1664/17/441
f 1666/13/438 1664/17/441 1665/17/438
f 1666/13/438 1665/17/438 1661/13/439
f 1667/5/442 1668/6/442 1669/7/442
f 1667/5/443 1670/8/443 1668/6/443
f 1667/5/444 1671/7/444 1670/8/444
f 1667/5/445 1672/9/445 1671/7/445
f 1667/5/446 1673/10/446 1672/9/446
f 1667/5/447 1669/7/447 1673/10/447
f 1669/11/448 1674/12/449 1675/13/450
f 1669/11/448 1668/14/451 1674/12/449
f 1668/14/452 1676/12/452 1674/12/452
f 1668/14/452 1670/14/452 1676/12/452
f 1670/14/453 1677/15/454 1676/12/455
f 1670/14/453 1671/16/456 1677/15/454
f 1671/16/457 1678/17/458 1677/15/459
f 1671/16/457 1672/18/457 1678/17/458
f 1672/18/460 1679/17/460 1678/17/460
f 1672/18/460 1673/18/460 1679/17/460
f 1673/18/461 1675/13/462 1679/17/463
f 1673/18/461 1669/11/464 1675/13/462
f 1680/13/465 1675/13/465 1674/12/466
f 1680/13/465 1674/12/466 1676/12/465
f 1680/13/465 1676/12/465 1677/15/465
f 1680/13/465 1677/15/465 1678/17/465
f 1680/13/465 1678/17/465 1679/17/465
f 1680/13/465 1679/17/465 1675/13/465
f 1681/5/276 1682/6/276 1683/7/276
f 1681/5/277 1684/8/277 1682/6/277
f 1681/5/349 1685/7/349 1684/8/349
f 1681/5/279 1686/9/279 1685/7/279
f 1681/5/280 1687/10/280 1686/9/280
f 1681/5/281 1683/7/281 1687/10/281
f 1683/11/282 1688/12/350 1689/13/284
f 1683/11/282 1682/14/285 1688/12/350
f 1682/14/286 1690/12/329 1688/12/329
f 1682/14/286 1684/14/286 1690/12/329
f 1684/14/287 1691/15/288 1690/12/347
f 1684/14/287 1685/16/290 1691/15/288
f 1685/16/291 1692/17/292 1691/15/353
f 1685/16/291 1686/18/330 1692/17/292
f 1686/18/295 1693/17/467 1692/17/467
f 1686/18/295 1687/18/295 1693/17/467
f 1687/18/296 1689/13/339 1693/17/348
f 1687/18/296 1683/11/296 1689/13/339
f 1694/13/331 1689/13/299 1688/12/331
f 1694/13/331 1688/12/331 1690/12/331
f 1694/13/331 1690/12/331 1691/15/300
f 1694/13/331 1691/15/300 1692/17/331
f 1694/13/331 1692/17/331 1693/17/299
f 1694/13/331 1693/17/299 1689/13/299
f 1695/5/302 1696/6/302 1697/7/302
f 1695/5/356 1698/8/356 1696/6/356
f 1695/5/304 1699/7/304 1698/8/304
f 1695/5/357 1700/9/357 1699/7/357
f 1695/5/306 1701/10/306 1700/9/306
f 1695/5/332 1697/7/332 1701/10/332
f 1697/11/308 1702/12/333 1703/13/310
f 1697/11/308 1696/14/311 1702/12/333
f 1696/14/312 1704/12/312 1702/12/312
f 1696/14/312 1698/14/312 1704/12/312
f 1698/14/316 1705/15/468 1704/12/469
f 1698/14/316 1699/16/316 1705/15/468
f 1699/16/358 1706/17/334 1705/15/318
f 1699/16/358 1700/18/358 1706/17/334
f 1700/18/321 1707/17/321 1706/17/321
f 1700/18/321 1701/18/321 1707/17/321
f 1701/18/322 1703/13/335 1707/17/346
f 1701/18/322 1697/11/325 1703/13/335
f 1708/13/327 1703/13/327 1702/12/470
f 1708/13/327 1702/12/470 1704/12/470
f 1708/13/327 1704/12/470 1705/15/326
f 1708/13/327 1705/15/326 1706/17/327
f 1708/13/327 1706/17/327 1707/17/327
f 1708/13/327 1707/17/327 1703/13/327
f 1709/5/276 1710/6/276 1711/7/276
f 1709/5/277 1712/8/277 1710/6/277
f 1709/5/349 1713/7/349 1712/8/349
f 1709/5/279 1714/9/279 1713/7/279
f 1709/5/280 1715/10/280 1714/9/280
f 1709/5/471 1711/7/471 1715/10/471
f 1711/11/282 1716/12/328 1717/13/350
f 1711/11/282 1710/14/285 1716/12/328
f 1710/14/286 1718/12/286 1716/12/286
f 1710/14/286 1712/14/286 1718/12/286
f 1712/14/287 1719/15/472 1718/12/289
f 1712/14/287 1713/16/290 1719/15/472
f 1713/16/291 1720/17/292 1719/15/293
f 1713/16/291 1714/18/294 1720/17/292
f 1714/18/338 1721/17/360 1720/17/473
f 1714/18/338 1715/18/338 1721/17/360
f 1715/18/296 1717/13/474 1721/17/475
f 1715/18/296 1711/11/296 1717/13/474
f 1722/13/299 1717/13/301 1716/12/301
f 1722/13/299 1716/12/301 1718/12/299
f 1722/13/299 1718/12/299 1719/15/300
f 1722/13/299 1719/15/300 1720/17/299
f 1722/13/299 1720/17/299 1721/17/299
f 1722/13/299 1721/17/299 1717/13/301
f 1723/5/302 1724/6/302 1725/7/302
f 1723/5/303 1726/8/303 1724/6/303
f 1723/5/476 1727/7/476 1726/8/476
f 1723/5/305 1728/9/305 1727/7/305
f 1723/5/306 1729/10/306 1728/9/306
f 1723/5/477 1725/7/477 1729/10/477
f 1725/11/308 1730/12/309 1731/13/310
f 1725/11/308 1724/14/311 1730/12/309
f 1724/14/312 1732/12/312 1730/12/312
f 1724/14/312 1726/14/312 1732/12/312
f 1726/14/313 1733/15/314 1732/12/315
f 1726/14/313 1727/16/313 1733/15/314
f 1727/16/317 1734/17/478 1733/15/479
f 1727/16/317 1728/18/480 1734/17/478
f 1728/18/321 1735/17/321 1734/17/321
f 1728/18/321 1729/18/321 1735/17/321
f 1729/18/322 1731/13/323 1735/17/324
f 1729/18/322 1725/11/325 1731/13/323
f 1736/13/326 1731/13/326 1730/12/326
f 1736/13/326 1730/12/326 1732/12/326
f 1736/13/326 1732/12/326 1733/15/359
f 1736/13/326 1733/15/359 1734/17/359
f 1736/13/326 1734/17/359 1735/17/337
f 1736/13/326 1735/17/337 1731/13/326
f 1737/19/481 1738/20/481 1739/21/481
f 1739/21/481 1740/22/481 1737/19/481
f 1741/23/482 1742/24/483 1743/25/483
f 1743/25/483 1744/26/482 1741/23/482
f 1737/27/484 1740/28/484 1745/29/485
f 1745/29/485 1746/30/486 1737/27/484
f 1746/30/486 1745/29/485 1747/31/487
f 1747/31/487 1748/32/488 1746/30/486
f 1740/33/489 1739/34/490 1749/35/491
f 1749/35/491 1745/36/491 1740/33/489
f 1745/36/491 1749/35/491 1743/37/492
f 1743/37/492 1747/38/492 1745/36/491
f 1739/28/493 1738/27/493 1750/30/494
f 1750/30/494 1749/29/494 1739/28/493
f 1749/29/494 1750/30/494 1744/32/495
f 1744/32/495 1743/31/495 1749/29/494
f 1738/39/496 1737/40/497 1746/41/498
f 1746/41/498 1750/42/498 1738/39/496
f 1750/42/498 1746/41/498 1748/43/141
f 1748/43/141 1744/44/141 1750/42/498
f 1751/23/1 1741/24/482 1744/25/482
f 1744/25/482 1748/26/483 1751/23/1
f 1742/23/483 1752/24/1 1747/25/1
f 1747/25/1 1743/26/483 1742/23/483
f 1752/23/1 1751/24/1 1748/25/483
f 1748/25/483 1747/26/1 1752/23/1
f 1753/19/481 1754/20/481 1755/21/481
f 1755/21/481 1756/22/481 1753/19/481
f 1757/23/482 1758/24/483 1759/25/483
f 1759/25/483 1760/26/482 1757/23/482
f 1753/27/484 1756/28/484 1761/29/485
f 1761/29/485 1762/30/485 1753/27/484
f 1762/30/485 1761/29/485 1763/31/499
f 1763/31/499 1764/32/499 1762/30/485
f 1756/33/489 1755/34/490 1765/35/491
f 1765/35/491 1761/36/491 1756/33/489
f 1761/36/491 1765/35/491 1759/37/492
f 1759/37/492 1763/38/492 1761/36/491
f 1755/28/493 1754/27/493 1766/30/494
f 1766/30/494 1765/29/494 1755/28/493
f 1765/29/494 1766/30/494 1760/32/495
f 1760/32/495 1759/31/495 1765/29/494
f 1754/39/496 1753/40/497 1762/41/498
f 1762/41/498 1766/42/498 1754/39/496
f 1766/42/498 1762/41/498 1764/43/141
f 1764/43/141 1760/44/141 1766/42/498
f 1767/23/1 1757/24/482 1760/25/482
f 1760/25/482 1764/26/483 1767/23/1
f 1758/23/483 1768/24/1 1763/25/1
f 1763/25/1 1759/26/483 1758/23/483
f 1768/23/1 1767/24/1 1764/25/483
f 1764/25/483 1763/26/1 1768/23/1
f 1769/1/500 1770/2/500 1771/3/501
f 1771/3/501 1772/4/501 1769/1/500
f 1773/2/502 1774/1/502 1775/3/503
f 1776/4/503 1775/3/503 1774/1/502
f 1777/1/504 1778/2/504 1775/3/503
f 1775/3/503 1776/4/503 1777/1/504
f 1779/2/505 1780/1/505 1771/3/501
f 1772/4/501 1771/3/501 1780/1/505
f 1781/1/500 1782/2/500 1783/3/500
f 1783/3/500 1784/4/500 1781/1/500
f 1785/2/502 1786/1/502 1787/3/502
f 1788/4/502 1787/3/502 1786/1/502
f 1789/1/506 1790/2/506 1791/3/507
f 1791/3/507 1792/4/507 1789/1/506
f 1793/2/508 1794/1/508 1795/3/509
f 1796/4/509 1795/3/509 1794/1/508
f 1797/1/510 1798/2/510 1795/3/509
f 1795/3/509 1796/4/509 1797/1/510
f 1799/2/511 1800/1/511 1791/3/507
f 1792/4/507 1791/3/507 1800/1/511
f 1801/1/506 1802/2/506 1803/3/507
f 1803/3/507 1804/4/507 1801/1/506
f 1805/2/508 1806/1/508 1807/3/509
f 1808/4/509 1807/3/509 1806/1/508
f 1809/1/510 1810/2/510 1807/3/509
f 1807/3/509 1808/4/509 1809/1/510
f 1811/2/511 1812/1/511 1803/3/507
f 1804/4/507 1803/3/507 1812/1/511
f 1813/19/481 1814/20/481 1815/21/481
f 1815/21/481 1816/22/481 1813/19/481
f 1817/23/512 1818/24/483 1819/25/483
f 1819/25/483 1820/26/482 1817/23/512
f 1813/27/484 1816/28/484 1821/29/485
f 1821/29/485 1822/30/486 1813/27/484
f 1822/30/486 1821/29/485 1823/31/487
f 1823/31/487 1824/32/488 1822/30/486
f 1816/33/489 1815/34/490 1825/35/491
f 1825/35/491 1821/36/491 1816/33/489
f 1821/36/491 1825/35/491 1819/37/492
f 1819/37/492 1823/38/492 1821/36/491
f 1815/28/493 1814/27/493 1826/30/494
f 1826/30/494 1825/29/494 1815/28/493
f 1825/29/494 1826/30/494 1820/32/495
f 1820/32/495 1819/31/495 1825/29/494
f 1814/39/496 1813/40/497 1822/41/498
f 1822/41/498 1826/42/498 1814/39/496
f 1826/42/498 1822/41/498 1824/43/141
f 1824/43/141 1820/44/141 1826/42/498
f 1827/23/1 1817/24/512 1820/25/482
f 1820/25/482 1824/26/483 1827/23/1
f 1818/23/483 1828/24/1 1823/25/1
f 1823/25/1 1819/26/483 1818/23/483
f 1828/23/1 1827/24/1 1824/25/483
f 1824/25/483 1823/26/1 1828/23/1
f 1829/19/481 1830/20/481 1831/21/481
f 1831/21/481 1832/22/481 1829/19/481
f 1833/23/512 1834/24/483 1835/25/483
f 1835/25/483 1836/26/482 1833/23/512
f 1829/27/484 1832/28/484 1837/29/485
f 1837/29/485 1838/30/485 1829/27/484
f 1838/30/485 1837/29/485 1839/31/499
f 1839/31/499 1840/32/499 1838/30/485
f 1832/33/489 1831/34/490 1841/35/491
f 1841/35/491 1837/36/491 1832/33/489
f 1837/36/491 1841/35/491 1835/37/492
f 1835/37/492 1839/38/492 1837/36/491
f 1831/28/493 1830/27/493 1842/30/494
f 1842/30/494 1841/29/494 1831/28/493
f 1841/29/494 1842/30/494 1836/32/495
f 1836/32/495 1835/31/495 1841/29/494
f 1830/39/496 1829/40/497 1838/41/498
f 1838/41/498 1842/42/498 1830/39/496
f 1842/42/498 1838/41/498 1840/43/141
f 1840/43/141 1836/44/141 1842/42/498
f 1843/23/1 1833/24/512 1836/25/482
f 1836/25/482 1840/26/483 1843/23/1
f 1834/23/483 1844/24/1 1839/25/1
f 1839/25/1 1835/26/483 1834/23/483
f 1844/23/1 1843/24/1 1840/25/483
f 1840/25/483 1839/26/1 1844/23/1
f 1845/1/500 1846/2/500 1847/3/501
f 1847/3/501 1848/4/501 1845/1/500
f 1849/2/502 1850/1/502 1851/3/503
f 1852/4/503 1851/3/503 1850/1/502
f 1853/1/504 1854/2/504 1851/3/503
f 1851/3/503 1852/4/503 1853/1/504
f 1855/2/505 1856/1/505 1847/3/501
f 1848/4/501 1847/3/501 1856/1/505
f 1857/1/500 1858/2/500 1859/3/500
f 1859/3/500 1860/4/500 1857/1/500
f 1861/2/502 1862/1/502 1863/3/502
f 1864/4/502 1863/3/502 1862/1/502
f 1865/19/481 1866/20/481 1867/21/481
f 1867/21/481 1868/22/481 1865/19/481
f 1879/23/1 1869/24/1 1870/25/1
f 1870/25/1 1871/26/1 1879/23/1
f 1865/27/484 1868/28/484 1872/29/485
f 1872/29/485 1873/30/485 1865/27/484
f 1873/30/485 1872/29/485 1874/31/499
f 1874/31/499 1875/32/499 1873/30/485
f 1868/33/489 1867/34/489 1876/35/491
f 1876/35/491 1872/36/491 1868/33/489
f 1872/36/491 1876/35/491 1870/37/492
f 1870/37/492 1874/38/492 1872/36/491
f 1867/28/493 1866/27/493 1877/30/494
f 1877/30/494 1876/29/494 1867/28/493
f 1876/29/494 1877/30/494 1871/32/495
f 1871/32/495 1870/31/495 1876/29/494
f 1866/39/496 1865/40/496 1873/41/498
f 1873/41/498 1877/42/498 1866/39/496
f 1877/42/498 1873/41/498 1875/43/141
f 1875/43/141 1871/44/141 1877/42/498
f 1878/23/1 1879/24/1 1871/25/1
f 1871/25/1 1875/26/1 1878/23/1
f 1869/23/1 1880/24/1 1874/25/1
f 1874/25/1 1870/26/1 1869/23/1
f 1880/23/1 1878/24/1 1875/25/1
f 1875/25/1 1874/26/1 1880/23/1
f 1881/1/513 1882/2/513 1883/3/514
f 1883/3/514 1884/4/514 1881/1/513
f 1885/2/515 1886/1/515 1887/3/516
f 1888/4/516 1887/3/516 1886/1/515
f 1889/19/481 1890/20/481 1891/21/481
f 1891/21/481 1892/22/481 1889/19/481
f 1893/23/1 1894/24/1 1895/25/1
f 1895/25/1 1896/26/1 1893/23/1
f 1889/27/484 1892/28/484 1897/29/485
f 1897/29/485 1898/30/486 1889/27/484
f 1898/30/486 1897/29/485 1899/31/487
f 1899/31/487 1900/32/488 1898/30/486
f 1892/33/489 1891/34/489 1901/35/491
f 1901/35/491 1897/36/491 1892/33/489
f 1897/36/491 1901/35/491 1895/37/492
f 1895/37/492 1899/38/492 1897/36/491
f 1891/28/493 1890/27/493 1902/30/494
f 1902/30/494 1901/29/494 1891/28/493
f 1901/29/494 1902/30/494 1896/32/495
f 1896/32/495 1895/31/495 1901/29/494
f 1890/39/496 1889/40/496 1898/41/517
f 1898/41/517 1902/42/498 1890/39/496
f 1902/42/498 1898/41/517 1900/43/141
f 1900/43/141 1896/44/141 1902/42/498
f 1903/23/483 1893/24/1 1896/25/1
f 1896/25/1 1900/26/483 1903/23/483
f 1894/23/1 1904/24/1 1899/25/1
f 1899/25/1 1895/26/1 1894/23/1
f 1904/23/1 1903/24/483 1900/25/483
f 1900/25/483 1899/26/1 1904/23/1
f 1905/1/518 1906/2/518 1887/3/516
f 1887/3/516 1888/4/516 1905/1/518
f 1907/2/505 1908/1/505 1883/3/514
f 1884/4/514 1883/3/514 1908/1/505
f 1909/19/481 1910/20/481 1911/21/481
f 1911/21/481 1912/22/481 1909/19/481
f 1913/23/1 1914/24/1 1915/25/1
f 1915/25/1 1916/26/1 1913/23/1
f 1909/27/484 1912/28/484 1917/29/485
f 1917/29/485 1918/30/485 1909/27/484
f 1918/30/485 1917/29/485 1919/31/499
f 1919/31/499 1920/32/499 1918/30/485
f 1912/33/489 1911/34/489 1921/35/491
f 1921/35/491 1917/36/491 1912/33/489
f 1917/36/491 1921/35/491 1915/37/492
f 1915/37/492 1919/38/492 1917/36/491
f 1911/28/493 1910/27/493 1922/30/494
f 1922/30/494 1921/29/494 1911/28/493
f 1921/29/494 1922/30/494 1916/32/495
f 1916/32/495 1915/31/495 1921/29/494
f 1910/39/496 1909/40/496 1918/41/498
f 1918/41/498 1922/42/498 1910/39/496
f 1922/42/498 1918/41/498 1920/43/141
f 1920/43/141 1916/44/141 1922/42/498
f 1923/23/1 1913/24/1 1916/25/1
f 1916/25/1 1920/26/1 1923/23/1
f 1914/23/1 1924/24/1 1919/25/1
f 1919/25/1 1915/26/1 1914/23/1
f 1924/23/1 1923/24/1 1920/25/1
f 1920/25/1 1919/26/1 1924/23/1
f 1925/1/500 1926/2/500 1927/3/501
f 1927/3/501 1928/4/501 1925/1/500
f 1929/2/502 1930/1/502 1931/3/503
f 1932/4/503 1931/3/503 1930/1/502
f 1933/1/504 1934/2/504 1931/3/503
f 1931/3/503 1932/4/503 1933/1/504
f 1935/2/505 1936/1/505 1927/3/501
f 1928/4/501 1927/3/501 1936/1/505
f 1937/1/500 1938/2/500 1939/3/500
f 1939/3/500 1940/4/500 1937/1/500
f 1941/2/502 1942/1/502 1943/3/502
f 1944/4/502 1943/3/502 1942/1/502
f 1945/1/506 1946/2/506 1947/3/507
f 1947/3/507 1948/4/507 1945/1/506
f 1949/2/519 1950/1/519 1951/3/509
f 1952/4/509 1951/3/509 1950/1/519
f 1953/1/510 1954/2/510 1951/3/509
f 1951/3/509 1952/4/509 1953/1/510
f 1955/2/511 1956/1/511 1947/3/507
f 1948/4/507 1947/3/507 1956/1/511
f 1957/1/506 1958/2/506 1959/3/507
f 1959/3/507 1960/4/507 1957/1/506
f 1961/2/508 1962/1/508 1963/3/509
f 1964/4/509 1963/3/509 1962/1/508
f 1965/1/510 1966/2/510 1963/3/509
f 1963/3/509 1964/4/509 1965/1/510
f 1967/2/511 1968/1/511 1959/3/507
f 1960/4/507 1959/3/507 1968/1/511
f 1969/1/506 1970/2/506 1971/3/507
f 1971/3/507 1972/4/507 1969/1/506
f 1973/2/508 1974/1/508 1975/3/509
f 1976/4/509 1975/3/509 1974/1/508
f 1977/1/510 1978/2/510 1975/3/509
f 1975/3/509 1976/4/509 1977/1/510
f 1979/2/511 1980/1/511 1971/3/507
f 1972/4/507 1971/3/507 1980/1/511
f 1981/19/481 1982/20/481 1983/21/481
f 1983/21/481 1984/22/481 1981/19/481
f 1995/23/483 1985/24/482 1986/25/482
f 1986/25/482 1987/26/483 1995/23/483
f 1981/27/484 1984/28/484 1988/29/485
f 1988/29/485 1989/30/485 1981/27/484
f 1989/30/485 1988/29/485 1990/31/499
f 1990/31/499 1991/32/499 1989/30/485
f 1984/33/489 1983/34/489 1992/35/491
f 1992/35/491 1988/36/491 1984/33/489
f 1988/36/491 1992/35/491 1986/37/492
f 1986/37/492 1990/38/492 1988/36/491
f 1983/28/493 1982/27/493 1993/30/494
f 1993/30/494 1992/29/494 1983/28/493
f 1992/29/494 1993/30/494 1987/32/495
f 1987/32/495 1986/31/495 1992/29/494
f 1982/39/496 1981/40/496 1989/41/498
f 1989/41/498 1993/42/498 1982/39/496
f 1993/42/498 1989/41/498 1991/43/141
f 1991/43/141 1987/44/141 1993/42/498
f 1994/23/1 1995/24/483 1987/25/483
f 1987/25/483 1991/26/1 1994/23/1
f 1985/23/482 1996/24/1 1990/25/1
f 1990/25/1 1986/26/482 1985/23/482
f 1996/23/1 1994/24/1 1991/25/1
f 1991/25/1 1990/26/1 1996/23/1
f 1997/19/481 1998/20/481 1999/21/481
f 1999/21/481 2000/22/481 1997/19/481
f 2001/23/483 2002/24/482 2003/25/482
f 2003/25/482 2004/26/483 2001/23/483
f 1997/27/484 2000/28/484 2005/29/485
f 2005/29/485 2006/30/486 1997/27/484
f 2006/30/486 2005/29/485 2007/31/487
f 2007/31/487 2008/32/488 2006/30/486
f 2000/33/489 1999/34/489 2009/35/491
f 2009/35/491 2005/36/491 2000/33/489
f 2005/36/491 2009/35/491 2003/37/492
f 2003/37/492 2007/38/492 2005/36/491
f 1999/28/493 1998/27/493 2010/30/494
f 2010/30/494 2009/29/494 1999/28/493
f 2009/29/494 2010/30/494 2004/32/495
f 2004/32/495 2003/31/495 2009/29/494
f 1998/39/496 1997/40/496 2006/41/517
f 2006/41/517 2010/42/498 1998/39/496
f 2010/42/498 2006/41/517 2008/43/141
f 2008/43/141 2004/44/141 2010/42/498
f 2011/23/483 2001/24/483 2004/25/483
f 2004/25/483 2008/26/483 2011/23/483
f 2002/23/482 2012/24/1 2007/25/1
f 2007/25/1 2003/26/482 2002/23/482
f 2012/23/1 2011/24/483 2008/25/483
f 2008/25/483 2007/26/1 2012/23/1
f 2013/19/481 2014/20/481 2015/21/481
f 2015/21/481 2016/22/481 2013/19/481
f 2017/23/483 2018/24/482 2019/25/482
f 2019/25/482 2020/26/483 2017/23/483
f 2013/27/484 2016/28/484 2021/29/485
f 2021/29/485 2022/30/485 2013/27/484
f 2022/30/485 2021/29/485 2023/31/499
f 2023/31/499 2024/32/499 2022/30/485
f 2016/33/489 2015/34/489 2025/35/491
f 2025/35/491 2021/36/491 2016/33/489
f 2021/36/491 2025/35/491 2019/37/492
f 2019/37/492 2023/38/492 2021/36/491
f 2015/28/493 2014/27/493 2026/30/494
f 2026/30/494 2025/29/494 2015/28/493
f 2025/29/494 2026/30/494 2020/32/495
f 2020/32/495 2019/31/495 2025/29/494
f 2014/39/496 2013/40/496 2022/41/498
f 2022/41/498 2026/42/498 2014/39/496
f 2026/42/498 2022/41/498 2024/43/141
f 2024/43/141 2020/44/141 2026/42/498
f 2027/23/1 2017/24/483 2020/25/483
f 2020/25/483 2024/26/1 2027/23/1
f 2018/23/482 2028/24/1 2023/25/1
f 2023/25/1 2019/26/482 2018/23/482
f 2028/23/1 2027/24/1 2024/25/1
f 2024/25/1 2023/26/1 2028/23/1
f 2029/1/513 2030/2/513 2031/3/514
f 2031/3/514 2032/4/514 2029/1/513
f 2033/2/515 2034/1/515 2035/3/516
f 2036/4/516 2035/3/516 2034/1/515
f 2037/1/518 2038/2/518 2035/3/516
f 2035/3/516 2036/4/516 2037/1/518
f 2039/2/505 2040/1/505 2031/3/514
f 2032/4/514 2031/3/514 2040/1/505
f 2041/1/500 2042/2/500 2043/3/501
f 2043/3/501 2044/4/501 2041/1/500
f 2045/2/502 2046/1/502 2047/3/503
f 2048/4/503 2047/3/503 2046/1/502
f 2049/1/504 2050/2/504 2047/3/503
f 2047/3/503 2048/4/503 2049/1/504
f 2051/2/505 2052/1/505 2043/3/501
f 2044/4/501 2043/3/501 2052/1/505
f 2053/1/500 2054/2/500 2055/3/500
f 2055/3/500 2056/4/500 2053/1/500
f 2057/2/502 2058/1/502 2059/3/502
f 2060/4/502 2059/3/502 2058/1/502
f 2061/19/481 2062/20/481 2063/21/481
f 2063/21/481 2064/22/481 2061/19/481
f 2065/23/483 2066/24/483 2067/25/483
f 2067/25/483 2068/26/483 2065/23/483
f 2061/27/520 2064/28/520 2069/29/521
f 2069/29/521 2070/30/521 2061/27/520
f 2070/30/521 2069/29/521 2071/31/492
f 2071/31/492 2072/32/492 2070/30/521
f 2064/33/522 2063/34/522 2073/35/523
f 2073/35/523 2069/36/523 2064/33/522
f 2069/36/523 2073/35/523 2067/37/495
f 2067/37/495 2071/38/495 2069/36/523
f 2063/28/524 2062/27/524 2074/30/525
f 2074/30/525 2073/29/525 2063/28/524
f 2073/29/525 2074/30/525 2068/32/141
f 2068/32/141 2067/31/141 2073/29/525
f 2062/39/526 2061/40/526 2070/41/527
f 2070/41/527 2074/42/527 2062/39/526
f 2074/42/527 2070/41/527 2072/43/499
f 2072/43/499 2068/44/499 2074/42/527
f 2075/23/1 2065/24/483 2068/25/483
f 2068/25/483 2072/26/1 2075/23/1
f 2066/23/483 2076/24/1 2071/25/1
f 2071/25/1 2067/26/483 2066/23/483
f 2076/23/1 2075/24/1 2072/25/1
f 2072/25/1 2071/26/1 2076/23/1
f 2077/1/506 2078/2/506 2079/3/507
f 2079/3/507 2080/4/507 2077/1/506
f 2081/2/508 2082/1/508 2083/3/528
f 2084/4/528 2083/3/528 2082/1/508
f 2085/19/481 2086/20/481 2087/21/481
f 2087/21/481 2088/22/481 2085/19/481
f 2089/23/1 2090/24/1 2091/25/1
f 2091/25/1 2092/26/1 2089/23/1
f 2085/27/520 2088/28/520 2093/29/521
f 2093/29/521 2094/30/529 2085/27/520
f 2094/30/529 2093/29/521 2095/31/530
f 2095/31/530 2096/32/531 2094/30/529
f 2088/33/522 2087/34/522 2097/35/523
f 2097/35/523 2093/36/523 2088/33/522
f 2093/36/523 2097/35/523 2091/37/495
f 2091/37/495 2095/38/495 2093/36/523
f 2087/28/524 2086/27/524 2098/30/525
f 2098/30/525 2097/29/525 2087/28/524
f 2097/29/525 2098/30/525 2092/32/141
f 2092/32/141 2091/31/141 2097/29/525
f 2086/39/526 2085/40/526 2094/41/532
f 2094/41/532 2098/42/527 2086/39/526
f 2098/42/527 2094/41/532 2096/43/499
f 2096/43/499 2092/44/499 2098/42/527
f 2099/23/483 2089/24/1 2092/25/1
f 2092/25/1 2096/26/483 2099/23/483
f 2090/23/1 2100/24/1 2095/25/1
f 2095/25/1 2091/26/1 2090/23/1
f 2100/23/1 2099/24/483 2096/25/483
f 2096/25/483 2095/26/1 2100/23/1
f 2101/1/533 2102/2/533 2083/3/528
f 2083/3/528 2084/4/528 2101/1/533
f 2103/2/511 2104/1/511 2079/3/507
f 2080/4/507 2079/3/507 2104/1/511
f 2105/19/481 2106/20/481 2107/21/481
f 2107/21/481 2108/22/481 2105/19/481
f 2109/23/483 2110/24/1 2111/25/1
f 2111/25/1 2112/26/483 2109/23/483
f 2105/27/520 2108/28/520 2113/29/521
f 2113/29/521 2114/30/521 2105/27/520
f 2114/30/521 2113/29/521 2115/31/492
f 2115/31/492 2116/32/492 2114/30/521
f 2108/33/522 2107/34/522 2117/35/523
f 2117/35/523 2113/36/523 2108/33/522
f 2113/36/523 2117/35/523 2111/37/495
f 2111/37/495 2115/38/495 2113/36/523
f 2107/28/524 2106/27/524 2118/30/525
f 2118/30/525 2117/29/525 2107/28/524
f 2117/29/525 2118/30/525 2112/32/141
f 2112/32/141 2111/31/141 2117/29/525
f 2106/39/526 2105/40/526 2114/41/527
f 2114/41/527 2118/42/527 2106/39/526
f 2118/42/527 2114/41/527 2116/43/499
f 2116/43/499 2112/44/499 2118/42/527
f 2119/23/1 2109/24/483 2112/25/483
f 2112/25/483 2116/26/1 2119/23/1
f 2110/23/1 2120/24/482 2115/25/482
f 2115/25/482 2111/26/1 2110/23/1
f 2120/23/482 2119/24/1 2116/25/1
f 2116/25/1 2115/26/482 2120/23/482
f 2121/19/481 2122/20/481 2123/21/481
f 2123/21/481 2124/22/481 2121/19/481
f 2125/23/1 2126/24/1 2127/25/1
f 2127/25/1 2128/26/1 2125/23/1
f 2121/27/520 2124/28/520 2129/29/521
f 2129/29/521 2130/30/521 2121/27/520
f 2130/30/521 2129/29/521 2131/31/492
f 2131/31/492 2132/32/492 2130/30/521
f 2124/33/522 2123/34/522 2133/35/523
f 2133/35/523 2129/36/523 2124/33/522
f 2129/36/523 2133/35/523 2127/37/495
f 2127/37/495 2131/38/495 2129/36/523
f 2123/28/524 2122/27/524 2134/30/525
f 2134/30/525 2133/29/525 2123/28/524
f 2133/29/525 2134/30/525 2128/32/141
f 2128/32/141 2127/31/141 2133/29/525
f 2122/39/526 2121/40/526 2130/41/527
f 2130/41/527 2134/42/527 2122/39/526
f 2134/42/527 2130/41/527 2132/43/499
f 2132/43/499 2128/44/499 2134/42/527
f 2135/23/483 2125/24/1 2128/25/1
f 2128/25/1 2132/26/483 2135/23/483
f 2126/23/1 2136/24/1 2131/25/1
f 2131/25/1 2127/26/1 2126/23/1
f 2136/23/1 2135/24/483 2132/25/483
f 2132/25/483 2131/26/1 2136/23/1
f 2137/1/534 2138/2/534 2139/3/535
f 2139/3/535 2140/4/535 2137/1/534
f 2141/2/519 2142/1/519 2143/3/536
f 2144/4/536 2143/3/536 2142/1/519
f 2145/1/537 2146/2/537 2143/3/536
f 2143/3/536 2144/4/536 2145/1/537
f 2147/2/511 2148/1/511 2139/3/535
f 2140/4/535 2139/3/535 2148/1/511
f 2149/1/534 2150/2/534 2151/3/535
f 2151/3/535 2152/4/535 2149/1/534
f 2153/2/519 2154/1/519 2155/3/509
f 2156/4/509 2155/3/509 2154/1/519
f 2157/1/538 2158/2/538 2155/3/509
f 2155/3/509 2156/4/509 2157/1/538
f 2159/2/511 2160/1/511 2151/3/535
f 2152/4/535 2151/3/535 2160/1/511
f 2161/1/515 2162/2/515 2163/3/539
f 2163/3/539 2164/4/539 2161/1/515
f 2165/2/513 2166/1/513 2167/3/540
f 2168/4/540 2167/3/540 2166/1/513
f 2169/1/541 2170/2/541 2167/3/540
f 2167/3/540 2168/4/540 2169/1/541
f 2171/2/542 2172/1/542 2163/3/539
f 2164/4/539 2163/3/539 2172/1/542
f 2173/1/515 2174/2/515 2175/3/539
f 2175/3/539 2176/4/539 2173/1/515
f 2177/2/513 2178/1/513 2179/3/540
f 2180/4/540 2179/3/540 2178/1/513
f 2181/1/541 2182/2/541 2179/3/540
f 2179/3/540 2180/4/540 2181/1/541
f 2183/2/542 2184/1/542 2175/3/539
f 2176/4/539 2175/3/539 2184/1/542
f 2185/1/515 2186/2/515 2187/3/539
f 2187/3/539 2188/4/539 2185/1/515
f 2189/2/513 2190/1/513 2191/3/540
f 2192/4/540 2191/3/540 2190/1/513
f 2193/1/541 2194/2/541 2191/3/540
f 2191/3/540 2192/4/540 2193/1/541
f 2195/2/542 2196/1/542 2187/3/539
f 2188/4/539 2187/3/539 2196/1/542
f 2197/1/515 2198/2/515 2199/3/539
f 2199/3/539 2200/4/539 2197/1/515
f 2201/2/513 2202/1/513 2203/3/540
f 2204/4/540 2203/3/540 2202/1/513
f 2205/1/541 2206/2/541 2203/3/540
f 2203/3/540 2204/4/540 2205/1/541
f 2207/2/542 2208/1/542 2199/3/539
f 2200/4/539 2199/3/539 2208/1/542
f 2209/19/481 2210/20/481 2211/21/481
f 2211/21/481 2212/22/481 2209/19/481
f 2213/23/483 2214/24/483 2215/25/483
f 2215/25/483 2216/26/483 2213/23/483
f 2209/27/520 2212/28/520 2217/29/521
f 2217/29/521 2218/30/521 2209/27/520
f 2218/30/521 2217/29/521 2219/31/492
f 2219/31/492 2220/32/492 2218/30/521
f 2212/33/522 2211/34/522 2221/35/523
f 2221/35/523 2217/36/523 2212/33/522
f 2217/36/523 2221/35/523 2215/37/495
f 2215/37/495 2219/38/495 2217/36/523
f 2211/28/524 2210/27/524 2222/30/525
f 2222/30/525 2221/29/525 2211/28/524
f 2221/29/525 2222/30/525 2216/32/141
f 2216/32/141 2215/31/141 2221/29/525
f 2210/39/526 2209/40/526 2218/41/527
f 2218/41/527 2222/42/527 2210/39/526
f 2222/42/527 2218/41/527 2220/43/499
f 2220/43/499 2216/44/499 2222/42/527
f 2223/23/1 2213/24/483 2216/25/483
f 2216/25/483 2220/26/1 2223/23/1
f 2214/23/483 2224/24/1 2219/25/1
f 2219/25/1 2215/26/483 2214/23/483
f 2224/23/1 2223/24/1 2220/25/1
f 2220/25/1 2219/26/1 2224/23/1
f 2225/19/481 2226/20/481 2227/21/481
f 2227/21/481 2228/22/481 2225/19/481
f 2229/23/1 2230/24/1 2231/25/1
f 2231/25/1 2232/26/1 2229/23/1
f 2225/27/520 2228/28/520 2233/29/521
f 2233/29/521 2234/30/529 2225/27/520
f 2234/30/529 2233/29/521 2235/31/530
f 2235/31/530 2236/32/531 2234/30/529
f 2228/33/522 2227/34/522 2237/35/523
f 2237/35/523 2233/36/523 2228/33/522
f 2233/36/523 2237/35/523 2231/37/495
f 2231/37/495 2235/38/495 2233/36/523
f 2227/28/524 2226/27/524 2238/30/525
f 2238/30/525 2237/29/525 2227/28/524
f 2237/29/525 2238/30/525 2232/32/141
f 2232/32/141 2231/31/141 2237/29/525
f 2226/39/526 2225/40/526 2234/41/527
f 2234/41/527 2238/42/527 2226/39/526
f 2238/42/527 2234/41/527 2236/43/499
f 2236/43/499 2232/44/499 2238/42/527
f 2239/23/483 2229/24/1 2232/25/1
f 2232/25/1 2236/26/483 2239/23/483
f 2230/23/1 2240/24/1 2235/25/1
f 2235/25/1 2231/26/1 2230/23/1
f 2240/23/1 2239/24/483 2236/25/483
f 2236/25/483 2235/26/1 2240/23/1
f 2241/19/481 2242/20/481 2243/21/481
f 2243/21/481 2244/22/481 2241/19/481
f 2245/23/483 2246/24/1 2247/25/1
f 2247/25/1 2254/26/483 2245/23/483
f 2241/27/520 2244/28/520 2248/29/521
f 2248/29/521 2249/30/521 2241/27/520
f 2249/30/521 2248/29/521 2250/31/492
f 2250/31/492 2255/32/492 2249/30/521
f 2244/33/522 2243/34/522 2251/35/523
f 2251/35/523 2248/36/523 2244/33/522
f 2248/36/523 2251/35/523 2247/37/495
f 2247/37/495 2250/38/495 2248/36/523
f 2243/28/524 2242/27/524 2252/30/525
f 2252/30/525 2251/29/525 2243/28/524
f 2251/29/525 2252/30/525 2254/32/141
f 2254/32/141 2247/31/141 2251/29/525
f 2242/39/526 2241/40/526 2249/41/527
f 2249/41/527 2252/42/527 2242/39/526
f 2252/42/527 2249/41/527 2255/43/499
f 2255/43/499 2254/44/499 2252/42/527
f 2253/23/1 2245/24/483 2254/25/483
f 2254/25/483 2255/26/1 2253/23/1
f 2246/23/1 2256/24/482 2250/25/482
f 2250/25/482 2247/26/1 2246/23/1
f 2256/23/482 2253/24/1 2255/25/1
f 2255/25/1 2250/26/482 2256/23/482
f 2257/19/481 2258/20/481 2259/21/481
f 2259/21/481 2260/22/481 2257/19/481
f 2261/23/1 2262/24/1 2263/25/1
f 2263/25/1 2264/26/1 2261/23/1
f 2257/27/520 2260/28/520 2265/29/521
f 2265/29/521 2266/30/521 2257/27/520
f 2266/30/521 2265/29/521 2267/31/492
f 2267/31/492 2268/32/492 2266/30/521
f 2260/33/522 2259/34/522 2269/35/523
f 2269/35/523 2265/36/523 2260/33/522
f 2265/36/523 2269/35/523 2263/37/495
f 2263/37/495 2267/38/495 2265/36/523
f 2259/28/524 2258/27/524 2270/30/525
f 2270/30/525 2269/29/525 2259/28/524
f 2269/29/525 2270/30/525 2264/32/141
f 2264/32/141 2263/31/141 2269/29/525
f 2258/39/526 2257/40/526 2266/41/527
f 2266/41/527 2270/42/527 2258/39/526
f 2270/42/527 2266/41/527 2268/43/499
f 2268/43/499 2264/44/499 2270/42/527
f 2271/23/483 2261/24/1 2264/25/1
f 2264/25/1 2268/26/483 2271/23/483
f 2262/23/1 2272/24/1 2267/25/1
f 2267/25/1 2263/26/1 2262/23/1
f 2272/23/1 2271/24/483 2268/25/483
f 2268/25/483 2267/26/1 2272/23/1
f 2273/1/506 2274/2/506 2275/3/507
f 2275/3/507 2276/4/507 2273/1/506
f 2277/2/508 2278/1/508 2279/3/528
f 2280/4/528 2279/3/528 2278/1/508
f 2281/1/533 2282/2/533 2279/3/528
f 2279/3/528 2280/4/528 2281/1/533
f 2283/2/511 2284/1/511 2275/3/507
f 2276/4/507 2275/3/507 2284/1/511
f 2285/1/534 2286/2/534 2287/3/535
f 2287/3/535 2288/4/535 2285/1/534
f 2289/2/519 2290/1/519 2291/3/536
f 2292/4/536 2291/3/536 2290/1/519
f 2293/1/537 2294/2/537 2291/3/536
f 2291/3/536 2292/4/536 2293/1/537
f 2295/2/511 2296/1/511 2287/3/535
f 2288/4/535 2287/3/535 2296/1/511
f 2297/1/534 2298/2/534 2299/3/535
f 2299/3/535 2300/4/535 2297/1/534
f 2301/2/519 2302/1/519 2303/3/509
f 2304/4/509 2303/3/509 2302/1/519
f 2305/1/538 2306/2/538 2303/3/509
f 2303/3/509 2304/4/509 2305/1/538
f 2307/2/511 2308/1/511 2299/3/535
f 2300/4/535 2299/3/535 2308/1/511
f 2309/19/481 2310/20/481 2311/21/481
f 2311/21/481 2312/22/481 2309/19/481
f 2313/23/1 2314/24/1 2315/25/1
f 2315/25/1 2316/26/1 2313/23/1
f 2309/27/520 2312/28/520 2317/29/521
f 2317/29/521 2318/30/521 2309/27/520
f 2318/30/521 2317/29/521 2319/31/492
f 2319/31/492 2324/32/492 2318/30/521
f 2312/33/522 2311/34/522 2320/35/523
f 2320/35/523 2317/36/523 2312/33/522
f 2317/36/523 2320/35/523 2315/37/495
f 2315/37/495 2319/38/495 2317/36/523
f 2311/28/524 2310/27/524 2321/30/525
f 2321/30/525 2320/29/525 2311/28/524
f 2320/29/525 2321/30/525 2316/32/141
f 2316/32/141 2315/31/141 2320/29/525
f 2310/39/526 2309/40/526 2318/41/527
f 2318/41/527 2321/42/527 2310/39/526
f 2321/42/527 2318/41/527 2324/43/499
f 2324/43/499 2316/44/499 2321/42/527
f 2322/23/512 2313/24/1 2316/25/1
f 2316/25/1 2324/26/482 2322/23/512
f 2314/23/1 2323/24/483 2319/25/483
f 2319/25/483 2315/26/1 2314/23/1
f 2323/23/483 2322/24/512 2324/25/482
f 2324/25/482 2319/26/483 2323/23/483
f 2325/1/506 2326/2/506 2327/3/507
f 2327/3/507 2328/4/507 2325/1/506
f 2329/2/508 2330/1/508 2331/3/528
f 2332/4/528 2331/3/528 2330/1/508
f 2333/19/481 2334/20/481 2335/21/481
f 2335/21/481 2336/22/481 2333/19/481
f 2337/23/1 2338/24/482 2339/25/482
f 2339/25/482 2346/26/1 2337/23/1
f 2333/27/520 2336/28/520 2340/29/521
f 2340/29/521 2341/30/529 2333/27/520
f 2341/30/529 2340/29/521 2342/31/530
f 2342/31/530 2347/32/531 2341/30/529
f 2336/33/522 2335/34/522 2343/35/523
f 2343/35/523 2340/36/523 2336/33/522
f 2340/36/523 2343/35/523 2339/37/495
f 2339/37/495 2342/38/495 2340/36/523
f 2335/28/524 2334/27/524 2344/30/525
f 2344/30/525 2343/29/525 2335/28/524
f 2343/29/525 2344/30/525 2346/32/141
f 2346/32/141 2339/31/141 2343/29/525
f 2334/39/526 2333/40/526 2341/41/532
f 2341/41/532 2344/42/527 2334/39/526
f 2344/42/527 2341/41/532 2347/43/499
f 2347/43/499 2346/44/499 2344/42/527
f 2345/23/512 2337/24/1 2346/25/1
f 2346/25/1 2347/26/482 2345/23/512
f 2338/23/482 2348/24/483 2342/25/483
f 2342/25/483 2339/26/482 2338/23/482
f 2348/23/483 2345/24/512 2347/25/482
f 2347/25/482 2342/26/483 2348/23/483
f 2349/1/533 2350/2/533 2331/3/528
f 2331/3/528 2332/4/528 2349/1/533
f 2351/2/511 2352/1/511 2327/3/507
f 2328/4/507 2327/3/507 2352/1/511
f 2353/19/481 2354/20/481 2355/21/481
f 2355/21/481 2356/22/481 2353/19/481
f 2357/23/1 2358/24/482 2359/25/482
f 2359/25/482 2360/26/1 2357/23/1
f 2353/27/520 2356/28/520 2361/29/521
f 2361/29/521 2362/30/521 2353/27/520
f 2362/30/521 2361/29/521 2363/31/492
f 2363/31/492 2364/32/492 2362/30/521
f 2356/33/522 2355/34/522 2365/35/523
f 2365/35/523 2361/36/523 2356/33/522
f 2361/36/523 2365/35/523 2359/37/495
f 2359/37/495 2363/38/495 2361/36/523
f 2355/28/524 2354/27/524 2366/30/525
f 2366/30/525 2365/29/525 2355/28/524
f 2365/29/525 2366/30/525 2360/32/141
f 2360/32/141 2359/31/141 2365/29/525
f 2354/39/526 2353/40/526 2362/41/527
f 2362/41/527 2366/42/527 2354/39/526
f 2366/42/527 2362/41/527 2364/43/499
f 2364/43/499 2360/44/499 2366/42/527
f 2367/23/512 2357/24/1 2360/25/1
f 2360/25/1 2364/26/482 2367/23/512
f 2358/23/482 2368/24/483 2363/25/483
f 2363/25/483 2359/26/482 2358/23/482
f 2368/23/483 2367/24/512 2364/25/482
f 2364/25/482 2363/26/483 2368/23/483
f 2369/19/481 2370/20/481 2371/21/481
f 2371/21/481 2372/22/481 2369/19/481
f 2373/23/483 2374/24/482 2375/25/482
f 2375/25/482 2376/26/483 2373/23/483
f 2369/27/520 2372/28/520 2377/29/521
f 2377/29/521 2378/30/521 2369/27/520
f 2378/30/521 2377/29/521 2379/31/492
f 2379/31/492 2380/32/492 2378/30/521
f 2372/33/522 2371/34/522 2381/35/523
f 2381/35/523 2377/36/523 2372/33/522
f 2377/36/523 2381/35/523 2375/37/495
f 2375/37/495 2379/38/495 2377/36/523
f 2371/28/524 2370/27/524 2382/30/525
f 2382/30/525 2381/29/525 2371/28/524
f 2381/29/525 2382/30/525 2376/32/141
f 2376/32/141 2375/31/141 2381/29/525
f 2370/39/526 2369/40/526 2378/41/527
f 2378/41/527 2382/42/527 2370/39/526
f 2382/42/527 2378/41/527 2380/43/499
f 2380/43/499 2376/44/499 2382/42/527
f 2383/23/1 2373/24/483 2376/25/483
f 2376/25/483 2380/26/1 2383/23/1
f 2374/23/482 2384/24/482 2379/25/482
f 2379/25/482 2375/26/482 2374/23/482
f 2384/23/482 2383/24/1 2380/25/1
f 2380/25/1 2379/26/482 2384/23/482
f 2385/1/534 2386/2/534 2387/3/535
f 2387/3/535 2388/4/535 2385/1/534
f 2389/2/519 2390/1/519 2391/3/536
f 2392/4/536 2391/3/536 2390/1/519
f 2393/1/537 2394/2/537 2391/3/536
f 2391/3/536 2392/4/536 2393/1/537
f 2395/2/511 2396/1/511 2387/3/535
f 2388/4/535 2387/3/535 2396/1/511
f 2397/1/534 2398/2/534 2399/3/535
f 2399/3/535 2400/4/535 2397/1/534
f 2401/2/519 2402/1/519 2403/3/509
f 2404/4/509 2403/3/509 2402/1/519
f 2405/1/538 2406/2/538 2403/3/509
f 2403/3/509 2404/4/509 2405/1/538
f 2407/2/511 2408/1/511 2399/3/535
f 2400/4/535 2399/3/535 2408/1/511
f 2409/1/515 2410/2/515 2411/3/539
f 2411/3/539 2412/4/539 2409/1/515
f 2413/2/513 2414/1/513 2415/3/540
f 2416/4/540 2415/3/540 2414/1/513
f 2417/1/541 2418/2/541 2415/3/540
f 2415/3/540 2416/4/540 2417/1/541
f 2419/2/542 2420/1/542 2411/3/539
f 2412/4/539 2411/3/539 2420/1/542
f 2421/1/515 2422/2/515 2423/3/539
f 2423/3/539 2424/4/539 2421/1/515
f 2425/2/513 2426/1/513 2427/3/540
f 2428/4/540 2427/3/540 2426/1/513
f 2429/1/541 2430/2/541 2427/3/540
f 2427/3/540 2428/4/540 2429/1/541
f 2431/2/542 2432/1/542 2423/3/539
f 2424/4/539 2423/3/539 2432/1/542
f 2433/1/515 2434/2/515 2435/3/539
f 2435/3/539 2436/4/539 2433/1/515
f 2437/2/513 2438/1/513 2439/3/540
f 2440/4/540 2439/3/540 2438/1/513
f 2441/1/541 2442/2/541 2439/3/540
f 2439/3/540 2440/4/540 2441/1/541
f 2443/2/542 2444/1/542 2435/3/539
f 2436/4/539 2435/3/539 2444/1/542
f 2445/1/515 2446/2/515 2447/3/539
f 2447/3/539 2448/4/539 2445/1/515
f 2449/2/513 2450/1/513 2451/3/540
f 2452/4/540 2451/3/540 2450/1/513
f 2453/1/541 2454/2/541 2451/3/540
f 2451/3/540 2452/4/540 2453/1/541
f 2455/2/542 2456/1/542 2447/3/539
f 2448/4/539 2447/3/539 2456/1/542
f 2457/19/481 2458/20/481 2459/21/481
f 2459/21/481 2460/22/481 2457/19/481
f 2461/23/1 2462/24/1 2463/25/1
f 2463/25/1 2464/26/1 2461/23/1
f 2457/27/520 2460/28/520 2465/29/521
f 2465/29/521 2466/30/521 2457/27/520
f 2466/30/521 2465/29/521 2467/31/492
f 2467/31/492 2472/32/492 2466/30/521
f 2460/33/522 2459/34/522 2468/35/523
f 2468/35/523 2465/36/523 2460/33/522
f 2465/36/523 2468/35/523 2463/37/495
f 2463/37/495 2467/38/495 2465/36/523
f 2459/28/524 2458/27/524 2469/30/525
f 2469/30/525 2468/29/525 2459/28/524
f 2468/29/525 2469/30/525 2464/32/141
f 2464/32/141 2463/31/141 2468/29/525
f 2458/39/526 2457/40/526 2466/41/527
f 2466/41/527 2469/42/527 2458/39/526
f 2469/42/527 2466/41/527 2472/43/499
f 2472/43/499 2464/44/499 2469/42/527
f 2470/23/512 2461/24/1 2464/25/1
f 2464/25/1 2472/26/482 2470/23/512
f 2462/23/1 2471/24/483 2467/25/483
f 2467/25/483 2463/26/1 2462/23/1
f 2471/23/483 2470/24/512 2472/25/482
f 2472/25/482 2467/26/483 2471/23/483
f 2473/19/481 2474/20/481 2475/21/481
f 2475/21/481 2476/22/481 2473/19/481
f 2477/23/1 2478/24/482 2479/25/482
f 2479/25/482 2486/26/1 2477/23/1
f 2473/27/520 2476/28/520 2480/29/521
f 2480/29/521 2481/30/529 2473/27/520
f 2481/30/529 2480/29/521 2482/31/530
f 2482/31/530 2488/32/531 2481/30/529
f 2476/33/522 2475/34/522 2483/35/523
f 2483/35/523 2480/36/523 2476/33/522
f 2480/36/523 2483/35/523 2479/37/495
f 2479/37/495 2482/38/495 2480/36/523
f 2475/28/524 2474/27/524 2484/30/525
f 2484/30/525 2483/29/525 2475/28/524
f 2483/29/525 2484/30/525 2486/32/141
f 2486/32/141 2479/31/141 2483/29/525
f 2474/39/526 2473/40/526 2481/41/532
f 2481/41/532 2484/42/527 2474/39/526
f 2484/42/527 2481/41/532 2488/43/499
f 2488/43/499 2486/44/499 2484/42/527
f 2485/23/512 2477/24/1 2486/25/1
f 2486/25/1 2488/26/482 2485/23/512
f 2478/23/482 2487/24/483 2482/25/483
f 2482/25/483 2479/26/482 2478/23/482
f 2487/23/483 2485/24/512 2488/25/482
f 2488/25/482 2482/26/483 2487/23/483
f 2489/19/481 2490/20/481 2491/21/481
f 2491/21/481 2492/22/481 2489/19/481
f 2493/23/1 2494/24/482 2495/25/482
f 2495/25/482 2496/26/1 2493/23/1
f 2489/27/520 2492/28/520 2497/29/521
f 2497/29/521 2498/30/521 2489/27/520
f 2498/30/521 2497/29/521 2499/31/492
f 2499/31/492 2500/32/492 2498/30/521
f 2492/33/522 2491/34/522 2501/35/523
f 2501/35/523 2497/36/523 2492/33/522
f 2497/36/523 2501/35/523 2495/37/495
f 2495/37/495 2499/38/495 2497/36/523
f 2491/28/524 2490/27/524 2502/30/525
f 2502/30/525 2501/29/525 2491/28/524
f 2501/29/525 2502/30/525 2496/32/141
f 2496/32/141 2495/31/141 2501/29/525
f 2490/39/526 2489/40/526 2498/41/527
f 2498/41/527 2502/42/527 2490/39/526
f 2502/42/527 2498/41/527 2500/43/499
f 2500/43/499 2496/44/499 2502/42/527
f 2503/23/512 2493/24/1 2496/25/1
f 2496/25/1 2500/26/482 2503/23/512
f 2494/23/482 2504/24/483 2499/25/483
f 2499/25/483 2495/26/482 2494/23/482
f 2504/23/483 2503/24/512 2500/25/482
f 2500/25/482 2499/26/483 2504/23/483
f 2505/19/481 2506/20/481 2507/21/481
f 2507/21/481 2508/22/481 2505/19/481
f 2509/23/483 2510/24/482 2511/25/482
f 2511/25/482 2512/26/483 2509/23/483
f 2505/27/520 2508/28/520 2513/29/521
f 2513/29/521 2514/30/521 2505/27/520
f 2514/30/521 2513/29/521 2515/31/492
f 2515/31/492 2516/32/492 2514/30/521
f 2508/33/522 2507/34/522 2517/35/523
f 2517/35/523 2513/36/523 2508/33/522
f 2513/36/523 2517/35/523 2511/37/495
f 2511/37/495 2515/38/495 2513/36/523
f 2507/28/524 2506/27/524 2518/30/525
f 2518/30/525 2517/29/525 2507/28/524
f 2517/29/525 2518/30/525 2512/32/141
f 2512/32/141 2511/31/141 2517/29/525
f 2506/39/526 2505/40/526 2514/41/527
f 2514/41/527 2518/42/527 2506/39/526
f 2518/42/527 2514/41/527 2516/43/499
f 2516/43/499 2512/44/499 2518/42/527
f 2519/23/1 2509/24/483 2512/25/483
f 2512/25/483 2516/26/1 2519/23/1
f 2510/23/482 2520/24/482 2515/25/482
f 2515/25/482 2511/26/482 2510/23/482
f 2520/23/482 2519/24/1 2516/25/1
f 2516/25/1 2515/26/482 2520/23/482
f 2521/1/506 2522/2/506 2523/3/507
f 2523/3/507 2524/4/507 2521/1/506
f 2525/2/508 2526/1/508 2527/3/528
f 2528/4/528 2527/3/528 2526/1/508
f 2529/1/533 2530/2/533 2527/3/528
f 2527/3/528 2528/4/528 2529/1/533
f 2531/2/511 2532/1/511 2523/3/507
f 2524/4/507 2523/3/507 2532/1/511
f 2533/1/534 2534/2/534 2535/3/535
f 2535/3/535 2536/4/535 2533/1/534
f 2537/2/519 2538/1/519 2539/3/536
f 2540/4/536 2539/3/536 2538/1/519
f 2541/1/537 2542/2/537 2539/3/536
f 2539/3/536 2540/4/536 2541/1/537
f 2543/2/511 2544/1/511 2535/3/535
f 2536/4/535 2535/3/535 2544/1/511
f 2545/1/534 2546/2/534 2547/3/535
f 2547/3/535 2548/4/535 2545/1/534
f 2549/2/519 2550/1/519 2551/3/509
f 2552/4/509 2551/3/509 2550/1/519
f 2553/1/538 2554/2/538 2551/3/509
f 2551/3/509 2552/4/509 2553/1/538
f 2555/2/511 2556/1/511 2547/3/535
f 2548/4/535 2547/3/535 2556/1/511
f 2557/19/481 2558/20/481 2559/21/481
f 2559/21/481 2560/22/481 2557/19/481
f 2561/23/483 2562/24/482 2563/25/482
f 2563/25/482 2564/26/483 2561/23/483
f 2557/27/520 2560/28/520 2565/29/521
f 2565/29/521 2566/30/521 2557/27/520
f 2566/30/521 2565/29/521 2567/31/492
f 2567/31/492 2568/32/492 2566/30/521
f 2560/33/522 2559/34/522 2569/35/523
f 2569/35/523 2565/36/523 2560/33/522
f 2565/36/523 2569/35/523 2563/37/495
f 2563/37/495 2567/38/495 2565/36/523
f 2559/28/524 2558/27/524 2570/30/525
f 2570/30/525 2569/29/525 2559/28/524
f 2569/29/525 2570/30/525 2564/32/141
f 2564/32/141 2563/31/141 2569/29/525
f 2558/39/526 2557/40/526 2566/41/527
f 2566/41/527 2570/42/527 2558/39/526
f 2570/42/527 2566/41/527 2568/43/499
f 2568/43/499 2564/44/499 2570/42/527
f 2571/23/482 2561/24/483 2564/25/483
f 2564/25/483 2568/26/1 2571/23/482
f 2562/23/482 2572/24/1 2567/25/1
f 2567/25/1 2563/26/482 2562/23/482
f 2572/23/1 2571/24/482 2568/25/1
f 2568/25/1 2567/26/1 2572/23/1
f 2573/1/506 2574/2/506 2575/3/507
f 2575/3/507 2576/4/507 2573/1/506
f 2577/2/508 2578/1/508 2579/3/528
f 2580/4/528 2579/3/528 2578/1/508
f 2581/19/481 2582/20/481 2583/21/481
f 2583/21/481 2584/22/481 2581/19/481
f 2585/23/483 2586/24/1 2587/25/1
f 2587/25/1 2588/26/483 2585/23/483
f 2581/27/520 2584/28/520 2589/29/521
f 2589/29/521 2590/30/529 2581/27/520
f 2590/30/529 2589/29/521 2591/31/530
f 2591/31/530 2592/32/531 2590/30/529
f 2584/33/522 2583/34/522 2593/35/543
f 2593/35/523 2589/36/523 2584/33/522
f 2589/36/523 2593/35/523 2587/37/495
f 2587/37/495 2591/38/495 2589/36/523
f 2593/29/141 2594/30/141 2588/32/141
f 2588/32/141 2587/31/141 2593/29/141
f 2582/39/526 2581/40/526 2590/41/544
f 2590/41/527 2594/42/527 2582/39/526
f 2594/42/527 2590/41/527 2592/43/499
f 2592/43/499 2588/44/499 2594/42/527
f 2595/23/1 2585/24/483 2588/25/483
f 2588/25/483 2592/26/1 2595/23/1
f 2586/23/1 2596/24/1 2591/25/1
f 2591/25/1 2587/26/1 2586/23/1
f 2596/23/1 2595/24/1 2592/25/1
f 2592/25/1 2591/26/1 2596/23/1
f 2597/1/533 2598/2/533 2579/3/528
f 2579/3/528 2580/4/528 2597/1/533
f 2599/2/511 2600/1/511 2575/3/507
f 2576/4/507 2575/3/507 2600/1/511
f 2601/19/481 2602/20/481 2603/21/481
f 2603/21/481 2604/22/481 2601/19/481
f 2605/23/483 2606/24/1 2607/25/1
f 2607/25/1 2608/26/545 2605/23/483
f 2601/27/520 2604/28/520 2609/29/521
f 2609/29/521 2610/30/521 2601/27/520
f 2610/30/521 2609/29/521 2611/31/492
f 2611/31/492 2612/32/492 2610/30/521
f 2604/33/522 2603/34/522 2613/35/523
f 2613/35/523 2609/36/523 2604/33/522
f 2609/36/523 2613/35/523 2607/37/495
f 2607/37/495 2611/38/495 2609/36/523
f 2603/28/524 2602/27/524 2614/30/525
f 2614/30/525 2613/29/525 2603/28/524
f 2613/29/525 2614/30/525 2608/32/141
f 2608/32/141 2607/31/141 2613/29/525
f 2602/39/526 2601/40/526 2610/41/527
f 2610/41/527 2614/42/527 2602/39/526
f 2614/42/527 2610/41/527 2612/43/499
f 2612/43/499 2608/44/499 2614/42/527
f 2615/23/482 2605/24/483 2608/25/545
f 2608/25/545 2612/26/482 2615/23/482
f 2606/23/1 2616/24/482 2611/25/482
f 2611/25/482 2607/26/1 2606/23/1
f 2616/23/482 2615/24/482 2612/25/482
f 2612/25/482 2611/26/482 2616/23/482
f 2617/19/481 2618/20/481 2619/21/481
f 2619/21/481 2620/22/481 2617/19/481
f 2621/23/483 2622/24/1 2623/25/1
f 2623/25/1 2624/26/483 2621/23/483
f 2617/27/520 2620/28/520 2625/29/521
f 2625/29/521 2626/30/546 2617/27/520
f 2626/30/546 2625/29/521 2627/31/492
f 2627/31/492 2628/32/492 2626/30/546
f 2620/33/522 2619/34/522 2629/35/523
f 2629/35/523 2625/36/523 2620/33/522
f 2625/36/523 2629/35/523 2623/37/495
f 2623/37/495 2627/38/495 2625/36/523
f 2619/28/524 2618/27/524 2630/30/525
f 2630/30/525 2629/29/547 2619/28/524
f 2629/29/547 2630/30/525 2624/32/141
f 2624/32/141 2623/31/141 2629/29/547
f 2618/39/526 2617/40/526 2626/41/527
f 2626/41/527 2630/42/527 2618/39/526
f 2630/42/527 2626/41/527 2628/43/499
f 2628/43/499 2624/44/499 2630/42/527
f 2631/23/1 2621/24/483 2624/25/483
f 2624/25/483 2628/26/1 2631/23/1
f 2622/23/1 2632/24/1 2627/25/1
f 2627/25/1 2623/26/1 2622/23/1
f 2632/23/1 2631/24/1 2628/25/1
f 2628/25/1 2627/26/1 2632/23/1
f 2633/1/534 2634/2/534 2635/3/535
f 2635/3/535 2636/4/535 2633/1/534
f 2637/2/519 2638/1/519 2639/3/536
f 2640/4/536 2639/3/536 2638/1/519
f 2641/1/537 2642/2/537 2639/3/536
f 2639/3/536 2640/4/536 2641/1/537
f 2643/2/511 2644/1/511 2635/3/535
f 2636/4/535 2635/3/535 2644/1/511
f 2645/1/534 2646/2/534 2647/3/535
f 2647/3/535 2648/4/535 2645/1/534
f 2649/2/519 2650/1/519 2651/3/509
f 2652/4/509 2651/3/509 2650/1/519
f 2653/1/538 2654/2/538 2651/3/509
f 2651/3/509 2652/4/509 2653/1/538
f 2655/2/511 2656/1/511 2647/3/535
f 2648/4/535 2647/3/535 2656/1/511
f 2657/1/515 2658/2/515 2659/3/539
f 2659/3/539 2660/4/539 2657/1/515
f 2661/2/513 2662/1/513 2663/3/540
f 2664/4/540 2663/3/540 2662/1/513
f 2665/1/541 2666/2/541 2663/3/540
f 2663/3/540 2664/4/540 2665/1/541
f 2667/2/542 2668/1/542 2659/3/539
f 2660/4/539 2659/3/539 2668/1/542
f 2669/1/515 2670/2/515 2671/3/539
f 2671/3/539 2672/4/539 2669/1/515
f 2673/2/513 2674/1/513 2675/3/540
f 2676/4/540 2675/3/540 2674/1/513
f 2677/1/541 2678/2/541 2675/3/540
f 2675/3/540 2676/4/540 2677/1/541
f 2679/2/542 2680/1/542 2671/3/539
f 2672/4/539 2671/3/539 2680/1/542
f 2681/1/515 2682/2/515 2683/3/539
f 2683/3/539 2684/4/539 2681/1/515
f 2685/2/513 2686/1/513 2687/3/540
f 2688/4/540 2687/3/540 2686/1/513
f 2689/1/541 2690/2/541 2687/3/540
f 2687/3/540 2688/4/540 2689/1/541
f 2691/2/542 2692/1/542 2683/3/539
f 2684/4/539 2683/3/539 2692/1/542
f 2693/1/515 2694/2/515 2695/3/539
f 2695/3/539 2696/4/539 2693/1/515
f 2697/2/513 2698/1/513 2699/3/540
f 2700/4/540 2699/3/540 2698/1/513
f 2701/1/541 2702/2/541 2699/3/540
f 2699/3/540 2700/4/540 2701/1/541
f 2703/2/542 2704/1/542 2695/3/539
f 2696/4/539 2695/3/539 2704/1/542
f 2705/19/481 2706/20/481 2707/21/481
f 2707/21/481 2708/22/481 2705/19/481
f 2709/23/483 2710/24/482 2711/25/482
f 2711/25/482 2712/26/483 2709/23/483
f 2705/27/520 2708/28/520 2713/29/521
f 2713/29/521 2714/30/521 2705/27/520
f 2714/30/521 2713/29/521 2715/31/492
f 2715/31/492 2716/32/492 2714/30/521
f 2708/33/522 2707/34/522 2717/35/523
f 2717/35/523 2713/36/523 2708/33/522
f 2713/36/523 2717/35/523 2711/37/495
f 2711/37/495 2715/38/495 2713/36/523
f 2707/28/524 2706/27/524 2718/30/525
f 2718/30/525 2717/29/525 2707/28/524
f 2717/29/525 2718/30/525 2712/32/141
f 2712/32/141 2711/31/141 2717/29/525
f 2706/39/526 2705/40/526 2714/41/527
f 2714/41/527 2718/42/527 2706/39/526
f 2718/42/527 2714/41/527 2716/43/499
f 2716/43/499 2712/44/499 2718/42/527
f 2719/23/482 2709/24/483 2712/25/483
f 2712/25/483 2716/26/1 2719/23/482
f 2710/23/482 2720/24/1 2715/25/1
f 2715/25/1 2711/26/482 2710/23/482
f 2720/23/1 2719/24/482 2716/25/1
f 2716/25/1 2715/26/1 2720/23/1
f 2721/19/481 2722/20/481 2723/21/481
f 2723/21/481 2724/22/481 2721/19/481
f 2725/23/483 2726/24/1 2727/25/1
f 2727/25/1 2728/26/483 2725/23/483
f 2721/27/520 2724/28/520 2729/29/521
f 2729/29/521 2730/30/529 2721/27/520
f 2730/30/529 2729/29/521 2731/31/530
f 2731/31/530 2732/32/531 2730/30/529
f 2724/33/522 2723/34/522 2733/35/523
f 2733/35/523 2729/36/523 2724/33/522
f 2729/36/523 2733/35/523 2727/37/495
f 2727/37/495 2731/38/495 2729/36/523
f 2723/28/524 2722/27/524 2734/30/525
f 2734/30/525 2733/29/525 2723/28/524
f 2733/29/525 2734/30/525 2728/32/141
f 2728/32/141 2727/31/141 2733/29/525
f 2722/39/526 2721/40/526 2730/41/532
f 2730/41/532 2734/42/527 2722/39/526
f 2734/42/527 2730/41/532 2732/43/499
f 2732/43/499 2728/44/499 2734/42/527
f 2735/23/1 2725/24/483 2728/25/483
f 2728/25/483 2732/26/1 2735/23/1
f 2726/23/1 2736/24/1 2731/25/1
f 2731/25/1 2727/26/1 2726/23/1
f 2736/23/1 2735/24/1 2732/25/1
f 2732/25/1 2731/26/1 2736/23/1
f 2737/19/481 2738/20/481 2739/21/481
f 2739/21/481 2740/22/481 2737/19/481
f 2741/23/483 2742/24/1 2743/25/1
f 2743/25/1 2744/26/545 2741/23/483
f 2737/27/520 2740/28/520 2745/29/521
f 2745/29/521 2746/30/521 2737/27/520
f 2746/30/521 2745/29/521 2747/31/492
f 2747/31/492 2748/32/492 2746/30/521
f 2740/33/522 2739/34/522 2749/35/523
f 2749/35/523 2745/36/523 2740/33/522
f 2745/36/523 2749/35/523 2743/37/495
f 2743/37/495 2747/38/495 2745/36/523
f 2739/28/524 2738/27/524 2750/30/525
f 2750/30/525 2749/29/525 2739/28/524
f 2749/29/525 2750/30/525 2744/32/141
f 2744/32/141 2743/31/141 2749/29/525
f 2738/39/526 2737/40/526 2746/41/527
f 2746/41/527 2750/42/527 2738/39/526
f 2750/42/527 2746/41/527 2748/43/499
f 2748/43/499 2744/44/499 2750/42/527
f 2751/23/482 2741/24/483 2744/25/545
f 2744/25/545 2748/26/482 2751/23/482
f 2742/23/1 2752/24/482 2747/25/482
f 2747/25/482 2743/26/1 2742/23/1
f 2752/23/482 2751/24/482 2748/25/482
f 2748/25/482 2747/26/482 2752/23/482
f 2753/19/481 2754/20/481 2755/21/481
f 2755/21/481 2756/22/481 2753/19/481
f 2757/23/483 2758/24/1 2759/25/1
f 2759/25/1 2760/26/483 2757/23/483
f 2753/27/520 2756/28/520 2761/29/521
f 2761/29/521 2762/30/546 2753/27/520
f 2762/30/546 2761/29/521 2763/31/492
f 2763/31/492 2764/32/492 2762/30/546
f 2756/33/522 2755/34/522 2765/35/523
f 2765/35/523 2761/36/523 2756/33/522
f 2761/36/523 2765/35/523 2759/37/495
f 2759/37/495 2763/38/495 2761/36/523
f 2755/28/524 2754/27/524 2766/30/525
f 2766/30/525 2765/29/547 2755/28/524
f 2765/29/547 2766/30/525 2760/32/141
f 2760/32/141 2759/31/141 2765/29/547
f 2754/39/526 2753/40/526 2762/41/527
f 2762/41/527 2766/42/527 2754/39/526
f 2766/42/527 2762/41/527 2764/43/499
f 2764/43/499 2760/44/499 2766/42/527
f 2767/23/1 2757/24/483 2760/25/483
f 2760/25/483 2764/26/1 2767/23/1
f 2758/23/1 2768/24/1 2763/25/1
f 2763/25/1 2759/26/1 2758/23/1
f 2768/23/1 2767/24/1 2764/25/1
f 2764/25/1 2763/26/1 2768/23/1
f 2769/1/506 2770/2/506 2771/3/507
f 2771/3/507 2772/4/507 2769/1/506
f 2773/2/508 2774/1/508 2775/3/528
f 2776/4/528 2775/3/528 2774/1/508
f 2777/1/533 2778/2/533 2775/3/528
f 2775/3/528 2776/4/528 2777/1/533
f 2779/2/511 2780/1/511 2771/3/507
f 2772/4/507 2771/3/507 2780/1/511
f 2781/1/534 2782/2/534 2783/3/535
f 2783/3/535 2784/4/535 2781/1/534
f 2785/2/519 2786/1/519 2787/3/536
f 2788/4/536 2787/3/536 2786/1/519
f 2789/1/537 2790/2/537 2787/3/536
f 2787/3/536 2788/4/536 2789/1/537
f 2791/2/511 2792/1/511 2783/3/535
f 2784/4/535 2783/3/535 2792/1/511
f 2793/1/534 2794/2/534 2795/3/535
f 2795/3/535 2796/4/535 2793/1/534
f 2797/2/519 2798/1/519 2799/3/509
f 2800/4/509 2799/3/509 2798/1/519
f 2801/1/538 2802/2/538 2799/3/509
f 2799/3/509 2800/4/509 2801/1/538
f 2803/2/511 2804/1/511 2795/3/535
f 2796/4/535 2795/3/535 2804/1/511
f 2805/19/481 2806/20/481 2807/21/481
f 2807/21/481 2808/22/481 2805/19/481
f 2809/23/1 2810/24/483 2811/25/1
f 2811/25/1 2812/26/1 2809/23/1
f 2805/27/520 2808/28/520 2813/29/521
f 2813/29/521 2814/30/521 2805/27/520
f 2814/30/521 2813/29/521 2815/31/492
f 2815/31/492 2816/32/492 2814/30/521
f 2808/33/522 2807/34/522 2817/35/523
f 2817/35/523 2813/36/523 2808/33/522
f 2813/36/523 2817/35/523 2811/37/495
f 2811/37/495 2815/38/495 2813/36/523
f 2807/28/524 2806/27/524 2818/30/525
f 2818/30/525 2817/29/525 2807/28/524
f 2817/29/525 2818/30/525 2812/32/141
f 2812/32/141 2811/31/141 2817/29/525
f 2806/39/526 2805/40/526 2814/41/527
f 2814/41/527 2818/42/527 2806/39/526
f 2818/42/527 2814/41/527 2816/43/499
f 2816/43/499 2812/44/499 2818/42/527
f 2819/23/482 2809/24/1 2812/25/1
f 2812/25/1 2816/26/482 2819/23/482
f 2810/23/483 2820/24/483 2815/25/1
f 2815/25/1 2811/26/1 2810/23/483
f 2820/23/483 2819/24/482 2816/25/482
f 2816/25/482 2815/26/1 2820/23/483
f 2821/1/506 2822/2/506 2823/3/507
f 2823/3/507 2824/4/507 2821/1/506
f 2825/2/508 2826/1/508 2827/3/528
f 2828/4/528 2827/3/528 2826/1/508
f 2829/19/481 2830/20/481 2831/21/481
f 2831/21/481 2832/22/481 2829/19/481
f 2833/23/483 2834/24/482 2835/25/1
f 2835/25/1 2836/26/483 2833/23/483
f 2829/27/520 2832/28/520 2837/29/521
f 2837/29/521 2838/30/529 2829/27/520
f 2838/30/529 2837/29/521 2839/31/530
f 2839/31/530 2840/32/531 2838/30/529
f 2832/33/522 2831/34/522 2841/35/523
f 2841/35/523 2837/36/523 2832/33/522
f 2837/36/523 2841/35/523 2835/37/495
f 2835/37/495 2839/38/495 2837/36/523
f 2831/28/524 2830/27/524 2842/30/525
f 2842/30/525 2841/29/525 2831/28/524
f 2841/29/525 2842/30/525 2836/32/141
f 2836/32/141 2835/31/141 2841/29/525
f 2830/39/526 2829/40/526 2838/41/532
f 2838/41/532 2842/42/527 2830/39/526
f 2842/42/527 2838/41/532 2840/43/499
f 2840/43/499 2836/44/499 2842/42/527
f 2843/23/1 2833/24/483 2836/25/483
f 2836/25/483 2840/26/1 2843/23/1
f 2834/23/482 2844/24/512 2839/25/482
f 2839/25/482 2835/26/1 2834/23/482
f 2844/23/512 2843/24/1 2840/25/1
f 2840/25/1 2839/26/482 2844/23/512
f 2845/1/533 2846/2/533 2827/3/528
f 2827/3/528 2828/4/528 2845/1/533
f 2847/2/511 2848/1/511 2823/3/507
f 2824/4/507 2823/3/507 2848/1/511
f 2849/19/481 2850/20/481 2851/21/481
f 2851/21/481 2852/22/481 2849/19/481
f 2853/23/1 2854/24/1 2855/25/1
f 2855/25/1 2856/26/1 2853/23/1
f 2849/27/520 2852/28/520 2857/29/521
f 2857/29/521 2858/30/521 2849/27/520
f 2858/30/521 2857/29/521 2859/31/492
f 2859/31/492 2860/32/492 2858/30/521
f 2852/33/522 2851/34/522 2861/35/523
f 2861/35/523 2857/36/523 2852/33/522
f 2857/36/523 2861/35/523 2855/37/495
f 2855/37/495 2859/38/495 2857/36/523
f 2851/28/524 2850/27/524 2862/30/525
f 2862/30/525 2861/29/525 2851/28/524
f 2861/29/525 2862/30/525 2856/32/141
f 2856/32/141 2855/31/141 2861/29/525
f 2850/39/526 2849/40/526 2858/41/527
f 2858/41/527 2862/42/527 2850/39/526
f 2862/42/527 2858/41/527 2860/43/499
f 2860/43/499 2856/44/499 2862/42/527
f 2863/23/545 2853/24/1 2856/25/1
f 2856/25/1 2860/26/483 2863/23/545
f 2854/23/1 2864/24/482 2859/25/1
f 2859/25/1 2855/26/1 2854/23/1
f 2864/23/482 2863/24/545 2860/25/483
f 2860/25/483 2859/26/1 2864/23/482
f 2865/19/481 2866/20/481 2867/21/481
f 2867/21/481 2868/22/481 2865/19/481
f 2869/23/483 2870/24/482 2871/25/1
f 2871/25/1 2872/26/483 2869/23/483
f 2865/27/520 2868/28/520 2873/29/521
f 2873/29/521 2874/30/521 2865/27/520
f 2874/30/521 2873/29/521 2875/31/492
f 2875/31/492 2876/32/492 2874/30/521
f 2868/33/522 2867/34/522 2877/35/523
f 2877/35/523 2873/36/523 2868/33/522
f 2873/36/523 2877/35/523 2871/37/495
f 2871/37/495 2875/38/495 2873/36/523
f 2867/28/524 2866/27/548 2878/30/525
f 2878/30/525 2877/29/525 2867/28/524
f 2877/29/525 2878/30/525 2872/32/141
f 2872/32/141 2871/31/141 2877/29/525
f 2866/39/526 2865/40/526 2874/41/527
f 2874/41/527 2878/42/527 2866/39/526
f 2878/42/527 2874/41/527 2876/43/499
f 2876/43/499 2872/44/499 2878/42/527
f 2879/23/1 2869/24/483 2872/25/483
f 2872/25/483 2876/26/1 2879/23/1
f 2870/23/482 2880/24/512 2875/25/482
f 2875/25/482 2871/26/1 2870/23/482
f 2880/23/512 2879/24/1 2876/25/1
f 2876/25/1 2875/26/482 2880/23/512
f 2881/1/534 2882/2/534 2883/3/535
f 2883/3/535 2884/4/535 2881/1/534
f 2885/2/519 2886/1/519 2887/3/536
f 2888/4/536 2887/3/536 2886/1/519
f 2889/1/537 2890/2/537 2887/3/536
f 2887/3/536 2888/4/536 2889/1/537
f 2891/2/511 2892/1/511 2883/3/535
f 2884/4/535 2883/3/535 2892/1/511
f 2893/1/534 2894/2/534 2895/3/535
f 2895/3/535 2896/4/535 2893/1/534
f 2897/2/519 2898/1/519 2899/3/509
f 2900/4/509 2899/3/509 2898/1/519
f 2901/1/538 2902/2/538 2899/3/509
f 2899/3/509 2900/4/509 2901/1/538
f 2903/2/511 2904/1/511 2895/3/535
f 2896/4/535 2895/3/535 2904/1/511
f 2905/1/515 2906/2/515 2907/3/539
f 2907/3/539 2908/4/539 2905/1/515
f 2909/2/513 2910/1/513 2911/3/540
f 2912/4/540 2911/3/540 2910/1/513
f 2913/1/541 2914/2/541 2911/3/540
f 2911/3/540 2912/4/540 2913/1/541
f 2915/2/542 2916/1/542 2907/3/539
f 2908/4/539 2907/3/539 2916/1/542
f 2917/1/515 2918/2/515 2919/3/539
f 2919/3/539 2920/4/539 2917/1/515
f 2921/2/513 2922/1/513 2923/3/540
f 2924/4/540 2923/3/540 2922/1/513
f 2925/1/541 2926/2/541 2923/3/540
f 2923/3/540 2924/4/540 2925/1/541
f 2927/2/542 2928/1/542 2919/3/539
f 2920/4/539 2919/3/539 2928/1/542
f 2929/1/515 2930/2/515 2931/3/539
f 2931/3/539 2932/4/539 2929/1/515
f 2933/2/513 2934/1/513 2935/3/540
f 2936/4/540 2935/3/540 2934/1/513
f 2937/1/541 2938/2/541 2935/3/540
f 2935/3/540 2936/4/540 2937/1/541
f 2939/2/542 2940/1/542 2931/3/539
f 2932/4/539 2931/3/539 2940/1/542
f 2941/1/515 2942/2/515 2943/3/539
f 2943/3/539 2944/4/539 2941/1/515
f 2945/2/513 2946/1/513 2947/3/540
f 2948/4/540 2947/3/540 2946/1/513
f 2949/1/541 2950/2/541 2947/3/540
f 2947/3/540 2948/4/540 2949/1/541
f 2951/2/542 2952/1/542 2943/3/539
f 2944/4/539 2943/3/539 2952/1/542
f 2953/19/481 2954/20/481 2955/21/481
f 2955/21/481 2956/22/481 2953/19/481
f 2957/23/1 2958/24/483 2959/25/1
f 2959/25/1 2960/26/1 2957/23/1
f 2953/27/520 2956/28/520 2961/29/521
f 2961/29/521 2962/30/521 2953/27/520
f 2962/30/521 2961/29/521 2963/31/492
f 2963/31/492 2964/32/492 2962/30/521
f 2956/33/522 2955/34/522 2965/35/523
f 2965/35/523 2961/36/523 2956/33/522
f 2961/36/523 2965/35/523 2959/37/495
f 2959/37/495 2963/38/495 2961/36/523
f 2955/28/524 2954/27/524 2966/30/525
f 2966/30/525 2965/29/525 2955/28/524
f 2965/29/525 2966/30/525 2960/32/141
f 2960/32/141 2959/31/141 2965/29/525
f 2954/39/526 2953/40/526 2962/41/527
f 2962/41/527 2966/42/527 2954/39/526
f 2966/42/527 2962/41/527 2964/43/499
f 2964/43/499 2960/44/499 2966/42/527
f 2967/23/482 2957/24/1 2960/25/1
f 2960/25/1 2964/26/482 2967/23/482
f 2958/23/483 2968/24/483 2963/25/1
f 2963/25/1 2959/26/1 2958/23/483
f 2968/23/483 2967/24/482 2964/25/482
f 2964/25/482 2963/26/1 2968/23/483
f 2969/19/481 2970/20/481 2971/21/481
f 2971/21/481 2972/22/481 2969/19/481
f 2973/23/483 2974/24/482 2975/25/1
f 2975/25/1 2976/26/483 2973/23/483
f 2969/27/520 2972/28/520 2977/29/521
f 2977/29/521 2978/30/529 2969/27/520
f 2978/30/529 2977/29/521 2979/31/530
f 2979/31/530 2980/32/531 2978/30/529
f 2972/33/522 2971/34/522 2981/35/523
f 2981/35/523 2977/36/523 2972/33/522
f 2977/36/523 2981/35/523 2975/37/495
f 2975/37/495 2979/38/495 2977/36/523
f 2971/28/524 2970/27/524 2982/30/525
f 2982/30/525 2981/29/525 2971/28/524
f 2981/29/525 2982/30/525 2976/32/141
f 2976/32/141 2975/31/141 2981/29/525
f 2970/39/526 2969/40/526 2978/41/532
f 2978/41/532 2982/42/527 2970/39/526
f 2982/42/527 2978/41/532 2980/43/499
f 2980/43/499 2976/44/499 2982/42/527
f 2983/23/1 2973/24/483 2976/25/483
f 2976/25/483 2980/26/1 2983/23/1
f 2974/23/482 2984/24/512 2979/25/482
f 2979/25/482 2975/26/1 2974/23/482
f 2984/23/512 2983/24/1 2980/25/1
f 2980/25/1 2979/26/482 2984/23/512
f 2985/19/481 2986/20/481 2987/21/481
f 2987/21/481 2988/22/481 2985/19/481
f 2989/23/1 2990/24/1 2991/25/1
f 2991/25/1 2992/26/1 2989/23/1
f 2985/27/520 2988/28/520 2993/29/521
f 2993/29/521 2994/30/521 2985/27/520
f 2994/30/521 2993/29/521 2995/31/492
f 2995/31/492 2996/32/492 2994/30/521
f 2988/33/522 2987/34/522 2997/35/523
f 2997/35/523 2993/36/523 2988/33/522
f 2993/36/523 2997/35/523 2991/37/495
f 2991/37/495 2995/38/495 2993/36/523
f 2987/28/524 2986/27/524 2998/30/525
f 2998/30/525 2997/29/525 2987/28/524
f 2997/29/525 2998/30/525 2992/32/141
f 2992/32/141 2991/31/141 2997/29/525
f 2986/39/526 2985/40/526 2994/41/527
f 2994/41/527 2998/42/527 2986/39/526
f 2998/42/527 2994/41/527 2996/43/499
f 2996/43/499 2992/44/499 2998/42/527
f 2999/23/545 2989/24/1 2992/25/1
f 2992/25/1 2996/26/483 2999/23/545
f 2990/23/1 3000/24/482 2995/25/1
f 2995/25/1 2991/26/1 2990/23/1
f 3000/23/482 2999/24/545 2996/25/483
f 2996/25/483 2995/26/1 3000/23/482
f 3001/19/481 3002/20/481 3003/21/481
f 3003/21/481 3004/22/481 3001/19/481
f 3005/23/483 3006/24/482 3007/25/1
f 3007/25/1 3008/26/483 3005/23/483
f 3001/27/520 3004/28/520 3009/29/521
f 3009/29/521 3010/30/521 3001/27/520
f 3010/30/521 3009/29/521 3011/31/492
f 3011/31/492 3012/32/492 3010/30/521
f 3004/33/522 3003/34/522 3013/35/523
f 3013/35/523 3009/36/523 3004/33/522
f 3009/36/523 3013/35/523 3007/37/495
f 3007/37/495 3011/38/495 3009/36/523
f 3003/28/524 3002/27/548 3014/30/525
f 3014/30/525 3013/29/525 3003/28/524
f 3013/29/525 3014/30/525 3008/32/141
f 3008/32/141 3007/31/141 3013/29/525
f 3002/39/526 3001/40/526 3010/41/527
f 3010/41/527 3014/42/527 3002/39/526
f 3014/42/527 3010/41/527 3012/43/499
f 3012/43/499 3008/44/499 3014/42/527
f 3015/23/1 3005/24/483 3008/25/483
f 3008/25/483 3012/26/1 3015/23/1
f 3006/23/482 3016/24/512 3011/25/482
f 3011/25/482 3007/26/1 3006/23/482
f 3016/23/512 3015/24/1 3012/25/1
f 3012/25/1 3011/26/482 3016/23/512
f 3017/1/506 3018/2/506 3019/3/507
f 3019/3/507 3020/4/507 3017/1/506
f 3021/2/508 3022/1/508 3023/3/528
f 3024/4/528 3023/3/528 3022/1/508
f 3025/1/533 3026/2/533 3023/3/528
f 3023/3/528 3024/4/528 3025/1/533
f 3027/2/511 3028/1/511 3019/3/507
f 3020/4/507 3019/3/507 3028/1/511
f 3029/1/534 3030/2/534 3031/3/535
f 3031/3/535 3032/4/535 3029/1/534
f 3033/2/519 3034/1/519 3035/3/536
f 3036/4/536 3035/3/536 3034/1/519
f 3037/1/537 3038/2/537 3035/3/536
f 3035/3/536 3036/4/536 3037/1/537
f 3039/2/511 3040/1/511 3031/3/535
f 3032/4/535 3031/3/535 3040/1/511
f 3041/1/534 3042/2/534 3043/3/535
f 3043/3/535 3044/4/535 3041/1/534
f 3045/2/519 3046/1/519 3047/3/509
f 3048/4/509 3047/3/509 3046/1/519
f 3049/1/538 3050/2/538 3047/3/509
f 3047/3/509 3048/4/509 3049/1/538
f 3051/2/511 3052/1/511 3043/3/535
f 3044/4/535 3043/3/535 3052/1/511
f 3053/19/481 3054/20/481 3055/21/481
f 3055/21/481 3056/22/481 3053/19/481
f 3057/23/483 3058/24/1 3059/25/1
f 3059/25/1 3060/26/483 3057/23/483
f 3053/27/520 3056/28/520 3061/29/521
f 3061/29/521 3062/30/521 3053/27/520
f 3062/30/521 3061/29/521 3063/31/492
f 3063/31/492 3064/32/492 3062/30/521
f 3056/33/522 3055/34/522 3065/35/523
f 3065/35/523 3061/36/523 3056/33/522
f 3061/36/523 3065/35/523 3059/37/495
f 3059/37/495 3063/38/495 3061/36/523
f 3055/28/524 3054/27/524 3066/30/525
f 3066/30/525 3065/29/525 3055/28/524
f 3065/29/525 3066/30/525 3060/32/141
f 3060/32/141 3059/31/141 3065/29/525
f 3054/39/526 3053/40/526 3062/41/527
f 3062/41/527 3066/42/527 3054/39/526
f 3066/42/527 3062/41/527 3064/43/499
f 3064/43/499 3060/44/499 3066/42/527
f 3067/23/483 3057/24/483 3060/25/483
f 3060/25/483 3064/26/483 3067/23/483
f 3058/23/1 3068/24/482 3063/25/482
f 3063/25/482 3059/26/1 3058/23/1
f 3068/23/482 3067/24/483 3064/25/483
f 3064/25/483 3063/26/482 3068/23/482
f 3069/1/506 3070/2/506 3071/3/507
f 3071/3/507 3072/4/507 3069/1/506
f 3073/2/508 3074/1/508 3075/3/528
f 3076/4/528 3075/3/528 3074/1/508
f 3077/19/481 3078/20/481 3079/21/481
f 3079/21/481 3080/22/481 3077/19/481
f 3081/23/482 3082/24/483 3083/25/483
f 3083/25/483 3084/26/482 3081/23/482
f 3077/27/520 3080/28/520 3085/29/521
f 3085/29/521 3086/30/529 3077/27/520
f 3086/30/529 3085/29/521 3087/31/530
f 3087/31/530 3088/32/531 3086/30/529
f 3080/33/522 3079/34/522 3089/35/523
f 3089/35/523 3085/36/523 3080/33/522
f 3085/36/523 3089/35/523 3083/37/495
f 3083/37/495 3087/38/495 3085/36/523
f 3079/28/524 3078/27/524 3090/30/525
f 3090/30/525 3089/29/525 3079/28/524
f 3089/29/525 3090/30/525 3084/32/141
f 3084/32/141 3083/31/141 3089/29/525
f 3078/39/526 3077/40/526 3086/41/532
f 3086/41/532 3090/42/527 3078/39/526
f 3090/42/527 3086/41/532 3088/43/499
f 3088/43/499 3084/44/499 3090/42/527
f 3091/23/482 3081/24/482 3084/25/482
f 3084/25/482 3088/26/482 3091/23/482
f 3082/23/483 3092/24/483 3087/25/483
f 3087/25/483 3083/26/483 3082/23/483
f 3092/23/483 3091/24/482 3088/25/482
f 3088/25/482 3087/26/483 3092/23/483
f 3093/1/533 3094/2/533 3075/3/528
f 3075/3/528 3076/4/528 3093/1/533
f 3095/2/511 3096/1/511 3071/3/507
f 3072/4/507 3071/3/507 3096/1/511
f 3097/19/481 3098/20/481 3099/21/481
f 3099/21/481 3100/22/481 3097/19/481
f 3101/23/482 3102/24/483 3103/25/483
f 3103/25/483 3104/26/482 3101/23/482
f 3097/27/520 3100/28/520 3105/29/521
f 3105/29/521 3106/30/521 3097/27/520
f 3106/30/521 3105/29/521 3107/31/492
f 3107/31/492 3108/32/492 3106/30/521
f 3100/33/522 3099/34/522 3109/35/523
f 3109/35/523 3105/36/523 3100/33/522
f 3105/36/523 3109/35/523 3103/37/495
f 3103/37/495 3107/38/495 3105/36/523
f 3099/28/524 3098/27/524 3110/30/525
f 3110/30/525 3109/29/525 3099/28/524
f 3109/29/525 3110/30/525 3104/32/141
f 3104/32/141 3103/31/141 3109/29/525
f 3098/39/526 3097/40/526 3106/41/527
f 3106/41/527 3110/42/527 3098/39/526
f 3110/42/527 3106/41/527 3108/43/499
f 3108/43/499 3104/44/499 3110/42/527
f 3111/23/512 3101/24/482 3104/25/482
f 3104/25/482 3108/26/512 3111/23/512
f 3102/23/483 3112/24/483 3107/25/1
f 3107/25/1 3103/26/483 3102/23/483
f 3112/23/483 3111/24/512 3108/25/512
f 3108/25/512 3107/26/1 3112/23/483
f 3113/19/481 3114/20/481 3115/21/481
f 3115/21/481 3116/22/481 3113/19/481
f 3117/23/482 3118/24/483 3119/25/483
f 3119/25/483 3120/26/482 3117/23/482
f 3113/27/520 3116/28/520 3121/29/521
f 3121/29/521 3122/30/521 3113/27/520
f 3122/30/521 3121/29/521 3123/31/492
f 3123/31/492 3124/32/492 3122/30/521
f 3116/33/522 3115/34/522 3125/35/523
f 3125/35/523 3121/36/523 3116/33/522
f 3121/36/523 3125/35/523 3119/37/495
f 3119/37/495 3123/38/495 3121/36/523
f 3115/28/524 3114/27/524 3126/30/525
f 3126/30/525 3125/29/525 3115/28/524
f 3125/29/525 3126/30/525 3120/32/141
f 3120/32/141 3119/31/141 3125/29/525
f 3114/39/526 3113/40/526 3122/41/527
f 3122/41/527 3126/42/527 3114/39/526
f 3126/42/527 3122/41/527 3124/43/499
f 3124/43/499 3120/44/499 3126/42/527
f 3127/23/512 3117/24/482 3120/25/482
f 3120/25/482 3124/26/482 3127/23/512
f 3118/23/483 3128/24/483 3123/25/483
f 3123/25/483 3119/26/483 3118/23/483
f 3128/23/483 3127/24/512 3124/25/482
f 3124/25/482 3123/26/483 3128/23/483
f 3129/1/534 3130/2/534 3131/3/535
f 3131/3/535 3132/4/535 3129/1/534
f 3133/2/519 3134/1/519 3135/3/536
f 3136/4/536 3135/3/536 3134/1/519
f 3137/1/537 3138/2/537 3135/3/536
f 3135/3/536 3136/4/536 3137/1/537
f 3139/2/511 3140/1/511 3131/3/535
f 3132/4/535 3131/3/535 3140/1/511
f 3141/1/534 3142/2/534 3143/3/535
f 3143/3/535 3144/4/535 3141/1/534
f 3145/2/519 3146/1/519 3147/3/509
f 3148/4/509 3147/3/509 3146/1/519
f 3149/1/538 3150/2/538 3147/3/509
f 3147/3/509 3148/4/509 3149/1/538
f 3151/2/511 3152/1/511 3143/3/535
f 3144/4/535 3143/3/535 3152/1/511
f 3153/1/515 3154/2/515 3155/3/539
f 3155/3/539 3156/4/539 3153/1/515
f 3157/2/500 3158/1/500 3159/3/540
f 3160/4/540 3159/3/540 3158/1/500
f 3161/1/541 3162/2/541 3159/3/540
f 3159/3/540 3160/4/540 3161/1/541
f 3163/2/542 3164/1/542 3155/3/539
f 3156/4/539 3155/3/539 3164/1/542
f 3165/1/549 3166/2/549 3167/3/539
f 3167/3/539 3168/4/539 3165/1/549
f 3169/2/513 3170/1/513 3171/3/540
f 3172/4/540 3171/3/540 3170/1/513
f 3173/1/541 3174/2/541 3171/3/540
f 3171/3/540 3172/4/540 3173/1/541
f 3175/2/542 3176/1/542 3167/3/539
f 3168/4/539 3167/3/539 3176/1/542
f 3177/1/515 3178/2/515 3179/3/539
f 3179/3/539 3180/4/539 3177/1/515
f 3181/2/513 3182/1/513 3183/3/540
f 3184/4/540 3183/3/540 3182/1/513
f 3185/1/541 3186/2/541 3183/3/540
f 3183/3/540 3184/4/540 3185/1/541
f 3187/2/542 3188/1/542 3179/3/539
f 3180/4/539 3179/3/539 3188/1/542
f 3189/1/515 3190/2/515 3191/3/539
f 3191/3/539 3192/4/539 3189/1/515
f 3193/2/513 3194/1/513 3195/3/540
f 3196/4/540 3195/3/540 3194/1/513
f 3197/1/541 3198/2/541 3195/3/540
f 3195/3/540 3196/4/540 3197/1/541
f 3199/2/542 3200/1/542 3191/3/539
f 3192/4/539 3191/3/539 3200/1/542
f 3201/19/481 3202/20/481 3203/21/481
f 3203/21/481 3204/22/481 3201/19/481
f 3205/23/483 3206/24/1 3207/25/1
f 3207/25/1 3208/26/483 3205/23/483
f 3201/27/520 3204/28/520 3209/29/521
f 3209/29/521 3210/30/521 3201/27/520
f 3210/30/521 3209/29/521 3211/31/492
f 3211/31/492 3212/32/492 3210/30/521
f 3204/33/522 3203/34/522 3213/35/523
f 3213/35/523 3209/36/523 3204/33/522
f 3209/36/523 3213/35/523 3207/37/495
f 3207/37/495 3211/38/495 3209/36/523
f 3203/28/524 3202/27/524 3214/30/525
f 3214/30/525 3213/29/525 3203/28/524
f 3213/29/525 3214/30/525 3208/32/141
f 3208/32/141 3207/31/141 3213/29/525
f 3202/39/526 3201/40/526 3210/41/527
f 3210/41/527 3214/42/527 3202/39/526
f 3214/42/527 3210/41/527 3212/43/499
f 3212/43/499 3208/44/499 3214/42/527
f 3215/23/483 3205/24/483 3208/25/483
f 3208/25/483 3212/26/483 3215/23/483
f 3206/23/1 3216/24/482 3211/25/482
f 3211/25/482 3207/26/1 3206/23/1
f 3216/23/482 3215/24/483 3212/25/483
f 3212/25/483 3211/26/482 3216/23/482
f 3217/19/481 3218/20/481 3219/21/481
f 3219/21/481 3220/22/481 3217/19/481
f 3221/23/482 3222/24/483 3223/25/483
f 3223/25/483 3224/26/482 3221/23/482
f 3217/27/520 3220/28/520 3225/29/521
f 3225/29/521 3226/30/529 3217/27/520
f 3226/30/529 3225/29/521 3227/31/530
f 3227/31/530 3228/32/531 3226/30/529
f 3220/33/522 3219/34/522 3229/35/523
f 3229/35/523 3225/36/523 3220/33/522
f 3225/36/523 3229/35/523 3223/37/495
f 3223/37/495 3227/38/495 3225/36/523
f 3219/28/524 3218/27/524 3230/30/525
f 3230/30/525 3229/29/525 3219/28/524
f 3229/29/525 3230/30/525 3224/32/141
f 3224/32/141 3223/31/141 3229/29/525
f 3218/39/526 3217/40/526 3226/41/532
f 3226/41/532 3230/42/527 3218/39/526
f 3230/42/527 3226/41/532 3228/43/499
f 3228/43/499 3224/44/499 3230/42/527
f 3231/23/482 3221/24/482 3224/25/482
f 3224/25/482 3228/26/482 3231/23/482
f 3222/23/483 3232/24/483 3227/25/483
f 3227/25/483 3223/26/483 3222/23/483
f 3232/23/483 3231/24/482 3228/25/482
f 3228/25/482 3227/26/483 3232/23/483
f 3240/19/550 3233/20/551 3234/21/552
f 3234/21/552 3235/22/553 3240/19/550
f 3239/23/482 3236/24/483 3237/25/483
f 3237/25/483 3238/26/482 3239/23/482
f 3240/27/550 3235/28/553 3241/29/521
f 3241/29/521 3242/30/521 3240/27/550
f 3242/30/521 3241/29/521 3243/31/492
f 3243/31/492 3244/32/492 3242/30/521
f 3235/33/553 3234/34/552 3245/35/523
f 3245/35/523 3241/36/523 3235/33/553
f 3241/36/523 3245/35/523 3237/37/495
f 3237/37/495 3243/38/495 3241/36/523
f 3234/28/552 3233/27/551 3246/30/525
f 3246/30/525 3245/29/525 3234/28/552
f 3245/29/525 3246/30/525 3238/32/141
f 3238/32/141 3237/31/141 3245/29/525
f 3233/39/551 3240/40/550 3242/41/527
f 3242/41/527 3246/42/527 3233/39/551
f 3246/42/527 3242/41/527 3244/43/499
f 3244/43/499 3238/44/499 3246/42/527
f 3247/23/512 3239/24/482 3238/25/482
f 3238/25/482 3244/26/512 3247/23/512
f 3236/23/483 3248/24/483 3243/25/1
f 3243/25/1 3237/26/483 3236/23/483
f 3248/23/483 3247/24/512 3244/25/512
f 3244/25/512 3243/26/1 3248/23/483
f 3249/19/481 3250/20/481 3251/21/481
f 3251/21/481 3252/22/481 3249/19/481
f 3253/23/482 3254/24/483 3255/25/483
f 3255/25/483 3256/26/482 3253/23/482
f 3249/27/520 3252/28/520 3257/29/521
f 3257/29/521 3258/30/521 3249/27/520
f 3258/30/521 3257/29/521 3259/31/492
f 3259/31/492 3260/32/492 3258/30/521
f 3252/33/522 3251/34/522 3261/35/523
f 3261/35/523 3257/36/523 3252/33/522
f 3257/36/523 3261/35/523 3255/37/495
f 3255/37/495 3259/38/495 3257/36/523
f 3251/28/524 3250/27/524 3262/30/525
f 3262/30/525 3261/29/525 3251/28/524
f 3261/29/525 3262/30/525 3256/32/141
f 3256/32/141 3255/31/141 3261/29/525
f 3250/39/526 3249/40/526 3258/41/527
f 3258/41/527 3262/42/527 3250/39/526
f 3262/42/527 3258/41/527 3260/43/499
f 3260/43/499 3256/44/499 3262/42/527
f 3263/23/512 3253/24/482 3256/25/482
f 3256/25/482 3260/26/482 3263/23/512
f 3254/23/483 3264/24/483 3259/25/483
f 3259/25/483 3255/26/483 3254/23/483
f 3264/23/483 3263/24/512 3260/25/482
f 3260/25/482 3259/26/483 3264/23/483
f 3265/1/506 3266/2/506 3267/3/507
f 3267/3/507 3268/4/507 3265/1/506
f 3269/2/508 3270/1/508 3271/3/528
f 3272/4/536 3271/3/528 3270/1/508
f 3273/1/533 3274/2/533 3271/3/528
f 3271/3/528 3272/4/536 3273/1/533
f 3275/2/511 3276/1/511 3267/3/507
f 3268/4/507 3267/3/507 3276/1/511
f 3277/1/534 3278/2/534 3279/3/535
f 3279/3/535 3280/4/535 3277/1/534
f 3281/2/519 3282/1/519 3283/3/536
f 3284/4/536 3283/3/536 3282/1/519
f 3285/1/537 3286/2/537 3283/3/536
f 3283/3/536 3284/4/536 3285/1/537
f 3287/2/511 3288/1/511 3279/3/535
f 3280/4/535 3279/3/535 3288/1/511
f 3289/1/534 3290/2/534 3291/3/535
f 3291/3/535 3292/4/535 3289/1/534
f 3293/2/554 3294/1/554 3295/3/509
f 3296/4/509 3295/3/509 3294/1/554
f 3297/1/538 3298/2/538 3295/3/509
f 3295/3/509 3296/4/509 3297/1/538
f 3299/2/511 3300/1/511 3291/3/535
f 3292/4/535 3291/3/535 3300/1/511
f 3301/1/555 3302/2/556 3303/3/555
f 3303/3/555 3304/4/555 3301/1/555
f 3305/5/557 3306/6/557 3307/7/557
f 3305/5/558 3308/8/558 3306/6/558
f 3305/5/559 3309/7/559 3308/8/559
f 3305/5/560 3310/9/560 3309/7/560
f 3305/5/561 3311/10/561 3310/9/561
f 3305/5/562 3307/7/562 3311/10/562
f 3307/11/563 3312/12/564 3313/13/565
f 3307/11/563 3306/14/566 3312/12/564
f 3306/14/567 3314/12/568 3312/12/569
f 3306/14/567 3308/14/567 3314/12/568
f 3308/14/570 3315/15/571 3314/12/572
f 3308/14/570 3309/16/573 3315/15/571
f 3309/16/574 3316/17/575 3315/15/576
f 3309/16/574 3310/18/577 3316/17/575
f 3310/18/578 3317/17/579 3316/17/580
f 3310/18/578 3311/18/581 3317/17/579
f 3311/18/582 3313/13/583 3317/17/584
f 3311/18/582 3307/11/585 3313/13/583
f 3318/13/586 3313/13/586 3312/12/586
f 3318/13/586 3312/12/586 3314/12/586
f 3318/13/586 3314/12/586 3315/15/586
f 3318/13/586 3315/15/586 3316/17/586
f 3318/13/586 3316/17/586 3317/17/586
f 3318/13/586 3317/17/586 3313/13/586
f 3319/1/587 3320/2/587 3321/3/587
f 3321/3/587 3322/4/587 3319/1/587
f 3323/5/588 3324/6/588 3325/7/588
f 3323/5/589 3326/8/589 3324/6/589
f 3323/5/590 3327/7/590 3326/8/590
f 3323/5/591 3328/9/591 3327/7/591
f 3323/5/561 3329/10/561 3328/9/561
f 3323/5/592 3325/7/592 3329/10/592
f 3325/11/563 3330/12/593 3331/13/594
f 3325/11/563 3324/14/595 3330/12/593
f 3324/14/596 3332/12/597 3330/12/598
f 3324/14/596 3326/14/599 3332/12/597
f 3326/14/600 3333/15/601 3332/12/602
f 3326/14/600 3327/16/603 3333/15/601
f 3327/16/604 3334/17/605 3333/15/606
f 3327/16/604 3328/18/607 3334/17/605
f 3328/18/578 3335/17/608 3334/17/608
f 3328/18/578 3329/18/578 3335/17/608
f 3329/18/609 3331/13/583 3335/17/610
f 3329/18/609 3325/11/611 3331/13/583
f 3336/13/586 3331/13/586 3330/12/586
f 3336/13/586 3330/12/586 3332/12/586
f 3336/13/586 3332/12/586 3333/15/586
f 3336/13/586 3333/15/586 3334/17/586
f 3336/13/586 3334/17/586 3335/17/586
f 3336/13/586 3335/17/586 3331/13/586
f 3337/1/612 3338/2/613 3339/3/612
f 3339/3/612 3340/4/614 3337/1/612
f 3341/5/615 3342/6/615 3343/7/615
f 3341/5/616 3344/8/616 3342/6/616
f 3341/5/617 3345/7/617 3344/8/617
f 3341/5/618 3346/9/618 3345/7/618
f 3341/5/619 3347/10/619 3346/9/619
f 3341/5/620 3343/7/620 3347/10/620
f 3343/11/621 3348/12/622 3349/13/623
f 3343/11/621 3342/14/624 3348/12/622
f 3342/14/625 3350/12/626 3348/12/627
f 3342/14/625 3344/14/628 3350/12/626
f 3344/14/629 3351/15/630 3350/12/631
f 3344/14/629 3345/16/632 3351/15/630
f 3345/16/633 3352/17/634 3351/15/635
f 3345/16/633 3346/18/636 3352/17/634
f 3346/18/637 3353/17/638 3352/17/639
f 3346/18/637 3347/18/640 3353/17/638
f 3347/18/641 3349/13/642 3353/17/643
f 3347/18/641 3343/11/644 3349/13/642
f 3354/13/141 3349/13/141 3348/12/141
f 3354/13/141 3348/12/141 3350/12/141
f 3354/13/141 3350/12/141 3351/15/141
f 3354/13/141 3351/15/141 3352/17/141
f 3354/13/141 3352/17/141 3353/17/141
f 3354/13/141 3353/17/141 3349/13/141
f 3355/1/645 3356/2/646 3357/3/645
f 3357/3/645 3358/4/647 3355/1/645
f 3359/5/648 3360/6/648 3361/7/648
f 3359/5/649 3362/8/649 3360/6/649
f 3359/5/650 3363/7/650 3362/8/650
f 3359/5/651 3364/9/651 3363/7/651
f 3359/5/652 3365/10/652 3364/9/652
f 3359/5/653 3361/7/653 3365/10/653
f 3361/11/654 3366/12/655 3367/13/656
f 3361/11/654 3360/14/657 3366/12/655
f 3360/14/658 3368/12/659 3366/12/660
f 3360/14/658 3362/14/661 3368/12/659
f 3362/14/662 3369/15/663 3368/12/664
f 3362/14/662 3363/16/665 3369/15/663
f 3363/16/666 3370/17/667 3369/15/668
f 3363/16/666 3364/18/669 3370/17/667
f 3364/18/670 3371/17/671 3370/17/672
f 3364/18/670 3365/18/673 3371/17/671
f 3365/18/674 3367/13/675 3371/17/676
f 3365/18/674 3361/11/677 3367/13/675
f 3372/13/141 3367/13/141 3366/12/141
f 3372/13/141 3366/12/141 3368/12/141
f 3372/13/141 3368/12/141 3369/15/141
f 3372/13/141 3369/15/141 3370/17/141
f 3372/13/141 3370/17/141 3371/17/141
f 3372/13/141 3371/17/141 3367/13/141
f 3373/1/614 3374/2/614 3375/3/614
f 3375/3/614 3376/4/614 3373/1/614
f 3377/5/678 3378/6/678 3379/7/678
f 3377/5/679 3380/8/679 3378/6/679
f 3377/5/680 3381/7/680 3380/8/680
f 3377/5/681 3382/9/681 3381/7/681
f 3377/5/682 3383/10/682 3382/9/682
f 3377/5/683 3379/7/683 3383/10/683
f 3379/11/684 3384/12/685 3385/13/686
f 3379/11/684 3378/14/687 3384/12/685
f 3378/14/688 3386/12/689 3384/12/690
f 3378/14/688 3380/14/691 3386/12/689
f 3380/14/692 3387/15/693 3386/12/694
f 3380/14/692 3381/16/695 3387/15/693
f 3381/16/696 3388/17/697 3387/15/698
f 3381/16/696 3382/18/699 3388/17/697
f 3382/18/700 3389/17/701 3388/17/702
f 3382/18/700 3383/18/703 3389/17/701
f 3383/18/641 3385/13/704 3389/17/705
f 3383/18/641 3379/11/706 3385/13/704
f 3390/13/141 3385/13/141 3384/12/141
f 3390/13/141 3384/12/141 3386/12/141
f 3390/13/141 3386/12/141 3387/15/141
f 3390/13/141 3387/15/141 3388/17/141
f 3390/13/141 3388/17/141 3389/17/141
f 3390/13/141 3389/17/141 3385/13/141
f 3391/1/645 3392/2/645 3393/3/645
f 3393/3/645 3394/4/646 3391/1/645
f 3395/5/707 3396/6/707 3397/7/707
f 3395/5/708 3398/8/708 3396/6/708
f 3395/5/709 3399/7/709 3398/8/709
f 3395/5/710 3400/9/710 3399/7/710
f 3395/5/711 3401/10/711 3400/9/711
f 3395/5/712 3397/7/712 3401/10/712
f 3397/11/654 3402/12/655 3403/13/656
f 3397/11/654 3396/14/713 3402/12/655
f 3396/14/714 3404/12/715 3402/12/716
f 3396/14/714 3398/14/717 3404/12/715
f 3398/14/718 3405/15/719 3404/12/719
f 3398/14/718 3399/16/718 3405/15/719
f 3399/16/720 3406/17/721 3405/15/722
f 3399/16/720 3400/18/723 3406/17/721
f 3400/18/724 3407/17/725 3406/17/726
f 3400/18/724 3401/18/727 3407/17/725
f 3401/18/728 3403/13/729 3407/17/730
f 3401/18/728 3397/11/731 3403/13/729
f 3408/13/141 3403/13/141 3402/12/141
f 3408/13/141 3402/12/141 3404/12/141
f 3408/13/141 3404/12/141 3405/15/141
f 3408/13/141 3405/15/141 3406/17/141
f 3408/13/141 3406/17/141 3407/17/141
f 3408/13/141 3407/17/141 3403/13/141
f 3409/1/732 3410/2/732 3411/3/732
f 3411/3/732 3412/4/732 3409/1/732
f 3413/5/733 3414/6/733 3415/7/733
f 3413/5/734 3416/8/734 3414/6/734
f 3413/5/617 3417/7/617 3416/8/617
f 3413/5/735 3418/9/735 3417/7/735
f 3413/5/736 3419/10/736 3418/9/736
f 3413/5/737 3415/7/737 3419/10/737
f 3415/11/738 3420/12/739 3421/13/740
f 3415/11/738 3414/14/741 3420/12/739
f 3414/14/742 3422/12/743 3420/12/744
f 3414/14/742 3416/14/745 3422/12/743
f 3416/14/746 3423/15/630 3422/12/631
f 3416/14/746 3417/16/747 3423/15/630
f 3417/16/748 3424/17/749 3423/15/750
f 3417/16/748 3418/18/751 3424/17/749
f 3418/18/752 3425/17/753 3424/17/754
f 3418/18/752 3419/18/755 3425/17/753
f 3419/18/644 3421/13/756 3425/17/757
f 3419/18/644 3415/11/758 3421/13/756
f 3426/13/141 3421/13/141 3420/12/141
f 3426/13/141 3420/12/141 3422/12/141
f 3426/13/141 3422/12/141 3423/15/141
f 3426/13/141 3423/15/141 3424/17/141
f 3426/13/141 3424/17/141 3425/17/141
f 3426/13/141 3425/17/141 3421/13/141
f 3427/1/646 3428/2/646 3429/3/646
f 3429/3/646 3430/4/759 3427/1/646
f 3431/5/760 3432/6/760 3433/7/760
f 3431/5/761 3434/8/761 3432/6/761
f 3431/5/762 3435/7/762 3434/8/762
f 3431/5/763 3436/9/763 3435/7/763
f 3431/5/764 3437/10/764 3436/9/764
f 3431/5/765 3433/7/765 3437/10/765
f 3433/11/766 3438/12/767 3439/13/768
f 3433/11/766 3432/14/769 3438/12/767
f 3432/14/770 3440/12/658 3438/12/661
f 3432/14/770 3434/14/716 3440/12/658
f 3434/14/719 3441/15/771 3440/12/772
f 3434/14/719 3435/16/719 3441/15/771
f 3435/16/773 3442/17/774 3441/15/775
f 3435/16/773 3436/18/776 3442/17/774
f 3436/18/777 3443/17/777 3442/17/778
f 3436/18/777 3437/18/779 3443/17/777
f 3437/18/677 3439/13/780 3443/17/781
f 3437/18/677 3433/11/677 3439/13/780
f 3444/13/141 3439/13/141 3438/12/141
f 3444/13/141 3438/12/141 3440/12/141
f 3444/13/141 3440/12/141 3441/15/141
f 3444/13/141 3441/15/141 3442/17/141
f 3444/13/141 3442/17/141 3443/17/141
f 3444/13/141 3443/17/141 3439/13/141
f 3445/1/782 3446/2/783 3447/3/782
f 3447/3/782 3448/4/784 3445/1/782
f 3449/5/678 3450/6/678 3451/7/678
f 3449/5/785 3452/8/785 3450/6/785
f 3449/5/786 3453/7/786 3452/8/786
f 3449/5/787 3454/9/787 3453/7/787
f 3449/5/788 3455/10/788 3454/9/788
f 3449/5/789 3451/7/789 3455/10/789
f 3451/11/790 3456/12/791 3457/13/792
f 3451/11/790 3450/14/687 3456/12/791
f 3450/14/628 3458/12/793 3456/12/794
f 3450/14/628 3452/14/795 3458/12/793
f 3452/14/692 3459/15/796 3458/12/797
f 3452/14/692 3453/16/798 3459/15/796
f 3453/16/799 3460/17/799 3459/15/800
f 3453/16/799 3454/18/801 3460/17/799
f 3454/18/802 3461/17/803 3460/17/804
f 3454/18/802 3455/18/802 3461/17/803
f 3455/18/805 3457/13/806 3461/17/642
f 3455/18/805 3451/11/807 3457/13/806
f 3462/13/141 3457/13/141 3456/12/141
f 3462/13/141 3456/12/141 3458/12/141
f 3462/13/141 3458/12/141 3459/15/141
f 3462/13/141 3459/15/141 3460/17/141
f 3462/13/141 3460/17/141 3461/17/141
f 3462/13/141 3461/17/141 3457/13/141
f 3463/1/759 3464/2/646 3465/3/759
f 3465/3/759 3466/4/647 3463/1/759
f 3467/5/808 3468/6/808 3469/7/808
f 3467/5/809 3470/8/809 3468/6/809
f 3467/5/810 3471/7/810 3470/8/810
f 3467/5/811 3472/9/811 3471/7/811
f 3467/5/812 3473/10/812 3472/9/812
f 3467/5/813 3469/7/814 3473/10/814
f 3469/11/815 3474/12/816 3475/13/768
f 3469/11/815 3468/14/817 3474/12/816
f 3468/14/818 3476/12/819 3474/12/770
f 3468/14/818 3470/14/820 3476/12/819
f 3470/14/821 3477/15/822 3476/12/823
f 3470/14/821 3471/16/665 3477/15/822
f 3471/16/824 3478/17/825 3477/15/826
f 3471/16/824 3472/18/776 3478/17/825
f 3472/18/778 3479/17/827 3478/17/828
f 3472/18/778 3473/18/829 3479/17/827
f 3473/18/830 3475/13/831 3479/17/832
f 3473/18/830 3469/11/833 3475/13/831
f 3480/13/141 3475/13/141 3474/12/141
f 3480/13/141 3474/12/141 3476/12/141
f 3480/13/141 3476/12/141 3477/15/141
f 3480/13/141 3477/15/141 3478/17/141
f 3480/13/141 3478/17/141 3479/17/141
f 3480/13/141 3479/17/141 3475/13/141
f 3481/1/834 3482/2/834 3483/3/834
f 3483/3/834 3484/4/834 3481/1/834
f 3485/5/835 3486/6/835 3487/7/835
f 3485/5/836 3488/8/836 3486/6/836
f 3485/5/837 3489/7/837 3488/8/837
f 3485/5/838 3490/9/838 3489/7/838
f 3485/5/839 3491/10/839 3490/9/839
f 3485/5/840 3487/7/840 3491/10/840
f 3487/11/841 3492/12/842 3493/13/843
f 3487/11/841 3486/14/844 3492/12/842
f 3486/14/845 3494/12/846 3492/12/847
f 3486/14/845 3488/14/848 3494/12/846
f 3488/14/849 3495/15/850 3494/12/851
f 3488/14/849 3489/16/852 3495/15/850
f 3489/16/853 3496/17/854 3495/15/855
f 3489/16/853 3490/18/856 3496/17/854
f 3490/18/857 3497/17/858 3496/17/859
f 3490/18/857 3491/18/860 3497/17/858
f 3491/18/861 3493/13/862 3497/17/863
f 3491/18/861 3487/11/864 3493/13/862
f 3498/13/865 3493/13/866 3492/12/865
f 3498/13/865 3492/12/865 3494/12/865
f 3498/13/865 3494/12/865 3495/15/865
f 3498/13/865 3495/15/865 3496/17/865
f 3498/13/865 3496/17/865 3497/17/866
f 3498/13/865 3497/17/866 3493/13/866
f 3499/1/867 3500/2/867 3501/3/867
f 3501/3/867 3502/4/867 3499/1/867
f 3503/5/868 3504/6/868 3505/7/868
f 3503/5/869 3506/8/869 3504/6/869
f 3503/5/870 3507/7/870 3506/8/870
f 3503/5/871 3508/9/871 3507/7/871
f 3503/5/872 3509/10/872 3508/9/872
f 3503/5/873 3505/7/873 3509/10/873
f 3505/11/874 3510/12/875 3511/13/876
f 3505/11/874 3504/14/877 3510/12/875
f 3504/14/878 3512/12/879 3510/12/880
f 3504/14/878 3506/14/881 3512/12/879
f 3506/14/882 3513/15/883 3512/12/884
f 3506/14/882 3507/16/885 3513/15/883
f 3507/16/886 3514/17/887 3513/15/888
f 3507/16/886 3508/18/889 3514/17/887
f 3508/18/890 3515/17/891 3514/17/892
f 3508/18/890 3509/18/893 3515/17/891
f 3509/18/894 3511/13/895 3515/17/896
f 3509/18/894 3505/11/894 3511/13/895
f 3516/13/897 3511/13/897 3510/12/897
f 3516/13/897 3510/12/897 3512/12/897
f 3516/13/897 3512/12/897 3513/15/897
f 3516/13/897 3513/15/897 3514/17/897
f 3516/13/897 3514/17/897 3515/17/897
f 3516/13/897 3515/17/897 3511/13/897
f 3517/1/898 3518/2/899 3519/3/898
f 3519/3/898 3520/4/900 3517/1/898
f 3521/5/901 3522/6/901 3523/7/901
f 3521/5/902 3524/8/902 3522/6/902
f 3521/5/903 3525/7/903 3524/8/903
f 3521/5/904 3526/9/904 3525/7/904
f 3521/5/905 3527/10/905 3526/9/905
f 3521/5/906 3523/7/906 3527/10/906
f 3523/11/907 3528/12/908 3529/13/909
f 3523/11/907 3522/14/910 3528/12/908
f 3522/14/911 3530/12/912 3528/12/913
f 3522/14/911 3524/14/914 3530/12/912
f 3524/14/915 3531/15/916 3530/12/917
f 3524/14/915 3525/16/918 3531/15/916
f 3525/16/919 3532/17/920 3531/15/921
f 3525/16/919 3526/18/922 3532/17/920
f 3526/18/923 3533/17/924 3532/17/925
f 3526/18/923 3527/18/926 3533/17/924
f 3527/18/927 3529/13/928 3533/17/929
f 3527/18/927 3523/11/930 3529/13/928
f 3534/13/931 3529/13/931 3528/12/931
f 3534/13/931 3528/12/931 3530/12/931
f 3534/13/931 3530/12/931 3531/15/931
f 3534/13/931 3531/15/931 3532/17/931
f 3534/13/931 3532/17/931 3533/17/931
f 3534/13/931 3533/17/931 3529/13/931
f 3535/1/932 3536/2/933 3537/3/932
f 3537/3/932 3538/4/934 3535/1/932
f 3539/5/935 3540/6/935 3541/7/935
f 3539/5/936 3542/8/936 3540/6/936
f 3539/5/937 3543/7/937 3542/8/937
f 3539/5/938 3544/9/938 3543/7/938
f 3539/5/939 3545/10/939 3544/9/939
f 3539/5/940 3541/7/940 3545/10/940
f 3541/11/941 3546/12/942 3547/13/943
f 3541/11/941 3540/14/944 3546/12/942
f 3540/14/945 3548/12/946 3546/12/947
f 3540/14/945 3542/14/948 3548/12/946
f 3542/14/949 3549/15/950 3548/12/951
f 3542/14/949 3543/16/952 3549/15/950
f 3543/16/953 3550/17/954 3549/15/955
f 3543/16/953 3544/18/956 3550/17/954
f 3544/18/957 3551/17/958 3550/17/959
f 3544/18/957 3545/18/960 3551/17/958
f 3545/18/961 3547/13/962 3551/17/963
f 3545/18/961 3541/11/964 3547/13/962
f 3552/13/965 3547/13/965 3546/12/965
f 3552/13/965 3546/12/965 3548/12/965
f 3552/13/965 3548/12/965 3549/15/965
f 3552/13/965 3549/15/965 3550/17/965
f 3552/13/965 3550/17/965 3551/17/965
f 3552/13/965 3551/17/965 3547/13/965
f 3553/1/966 3554/2/967 3555/3/966
f 3555/3/966 3556/4/968 3553/1/966
f 3557/5/969 3558/6/969 3559/7/969
f 3557/5/970 3560/8/970 3558/6/970
f 3557/5/971 3561/7/971 3560/8/971
f 3557/5/972 3562/9/972 3561/7/972
f 3557/5/973 3563/10/973 3562/9/973
f 3557/5/974 3559/7/974 3563/10/974
f 3559/11/975 3564/12/976 3565/13/977
f 3559/11/975 3558/14/978 3564/12/976
f 3558/14/979 3566/12/980 3564/12/981
f 3558/14/979 3560/14/982 3566/12/980
f 3560/14/983 3567/15/984 3566/12/985
f 3560/14/983 3561/16/986 3567/15/984
f 3561/16/987 3568/17/988 3567/15/989
f 3561/16/987 3562/18/990 3568/17/988
f 3562/18/991 3569/17/992 3568/17/993
f 3562/18/991 3563/18/994 3569/17/992
f 3563/18/995 3565/13/996 3569/17/997
f 3563/18/995 3559/11/998 3565/13/996
f 3570/13/999 3565/13/999 3564/12/999
f 3570/13/999 3564/12/999 3566/12/1000
f 3570/13/999 3566/12/1000 3567/15/999
f 3570/13/999 3567/15/999 3568/17/999
f 3570/13/999 3568/17/999 3569/17/999
f 3570/13/999 3569/17/999 3565/13/999
f 3571/1/1001 3572/2/1002 3573/3/1001
f 3573/3/1001 3574/4/1003 3571/1/1001
f 3575/5/1004 3576/6/1004 3577/7/1004
f 3575/5/1005 3578/8/1005 3576/6/1005
f 3575/5/1006 3579/7/1006 3578/8/1006
f 3575/5/1007 3580/9/1007 3579/7/1007
f 3575/5/1008 3581/10/1008 3580/9/1008
f 3575/5/1009 3577/7/1009 3581/10/1009
f 3577/11/1010 3582/12/1011 3583/13/1012
f 3577/11/1010 3576/14/1013 3582/12/1011
f 3576/14/1014 3584/12/1015 3582/12/1015
f 3576/14/1014 3578/14/1016 3584/12/1015
f 3578/14/1017 3585/15/1018 3584/12/1019
f 3578/14/1017 3579/16/1020 3585/15/1018
f 3579/16/1021 3586/17/1022 3585/15/1023
f 3579/16/1021 3580/18/1024 3586/17/1022
f 3580/18/1025 3587/17/1026 3586/17/1027
f 3580/18/1025 3581/18/1028 3587/17/1026
f 3581/18/1029 3583/13/1030 3587/17/1031
f 3581/18/1029 3577/11/1029 3583/13/1030
f 3588/13/1032 3583/13/1032 3582/12/1032
f 3588/13/1032 3582/12/1032 3584/12/1032
f 3588/13/1032 3584/12/1032 3585/15/1032
f 3588/13/1032 3585/15/1032 3586/17/1033
f 3588/13/1032 3586/17/1033 3587/17/1032
f 3588/13/1032 3587/17/1032 3583/13/1032
f 3589/1/1034 3590/2/1034 3591/3/1034
f 3591/3/1034 3592/4/1034 3589/1/1034
f 3593/5/1035 3594/6/1035 3595/7/1035
f 3593/5/1036 3596/8/1036 3594/6/1036
f 3593/5/1037 3597/7/1037 3596/8/1037
f 3593/5/1038 3598/9/1038 3597/7/1038
f 3593/5/1039 3599/10/1039 3598/9/1039
f 3593/5/1040 3595/7/1040 3599/10/1040
f 3595/11/1041 3600/12/1042 3601/13/1043
f 3595/11/1041 3594/14/1044 3600/12/1042
f 3594/14/1045 3602/12/1046 3600/12/1047
f 3594/14/1045 3596/14/1048 3602/12/1046
f 3596/14/1049 3603/15/1050 3602/12/1051
f 3596/14/1049 3597/16/1052 3603/15/1050
f 3597/16/1053 3604/17/1054 3603/15/1055
f 3597/16/1053 3598/18/1056 3604/17/1054
f 3598/18/1057 3605/17/1058 3604/17/1059
f 3598/18/1057 3599/18/1060 3605/17/1058
f 3599/18/1061 3601/13/1062 3605/17/1063
f 3599/18/1061 3595/11/1061 3601/13/1062
f 3606/13/141 3601/13/141 3600/12/141
f 3606/13/141 3600/12/141 3602/12/141
f 3606/13/141 3602/12/141 3603/15/141
f 3606/13/141 3603/15/141 3604/17/141
f 3606/13/141 3604/17/141 3605/17/141
f 3606/13/141 3605/17/141 3601/13/141
f 3607/1/1064 3608/2/1064 3609/3/1064
f 3609/3/1064 3610/4/1064 3607/1/1064
f 3611/5/1065 3612/6/1065 3613/7/1065
f 3611/5/1066 3614/8/1066 3612/6/1066
f 3611/5/1067 3615/7/1067 3614/8/1067
f 3611/5/1068 3616/9/1068 3615/7/1068
f 3611/5/1069 3617/10/1069 3616/9/1069
f 3611/5/1070 3613/7/1070 3617/10/1070
f 3613/11/1071 3618/12/1072 3619/13/1073
f 3613/11/1071 3612/14/1074 3618/12/1072
f 3612/14/1075 3620/12/1076 3618/12/1077
f 3612/14/1075 3614/14/1078 3620/12/1076
f 3614/14/1079 3621/15/1080 3620/12/1081
f 3614/14/1079 3615/16/1082 3621/15/1080
f 3615/16/1083 3622/17/1084 3621/15/1085
f 3615/16/1083 3616/18/1086 3622/17/1084
f 3616/18/1087 3623/17/1088 3622/17/1089
f 3616/18/1087 3617/18/1090 3623/17/1088
f 3617/18/1091 3619/13/1092 3623/17/1093
f 3617/18/1091 3613/11/1094 3619/13/1092
f 3624/13/141 3619/13/141 3618/12/141
f 3624/13/141 3618/12/141 3620/12/141
f 3624/13/141 3620/12/141 3621/15/141
f 3624/13/141 3621/15/141 3622/17/141
f 3624/13/141 3622/17/141 3623/17/141
f 3624/13/141 3623/17/141 3619/13/141
f 3625/1/1095 3626/2/1096 3627/3/1095
f 3627/3/1095 3628/4/1097 3625/1/1095
f 3629/5/1098 3630/6/1098 3631/7/1098
f 3629/5/1099 3632/8/1099 3630/6/1099
f 3629/5/1100 3633/7/1100 3632/8/1100
f 3629/5/1101 3634/9/1101 3633/7/1101
f 3629/5/1102 3635/10/1102 3634/9/1102
f 3629/5/1103 3631/7/1103 3635/10/1103
f 3631/11/1104 3636/12/1105 3637/13/1106
f 3631/11/1104 3630/14/1104 3636/12/1105
f 3630/14/1107 3638/12/1108 3636/12/1109
f 3630/14/1107 3632/14/1110 3638/12/1108
f 3632/14/1111 3639/15/1112 3638/12/1113
f 3632/14/1111 3633/16/1114 3639/15/1112
f 3633/16/1115 3640/17/1116 3639/15/1117
f 3633/16/1115 3634/18/1118 3640/17/1116
f 3634/18/1119 3641/17/1120 3640/17/1121
f 3634/18/1119 3635/18/1122 3641/17/1120
f 3635/18/1123 3637/13/1124 3641/17/1125
f 3635/18/1123 3631/11/1126 3637/13/1124
f 3642/13/141 3637/13/141 3636/12/141
f 3642/13/141 3636/12/141 3638/12/141
f 3642/13/141 3638/12/141 3639/15/141
f 3642/13/141 3639/15/141 3640/17/141
f 3642/13/141 3640/17/141 3641/17/141
f 3642/13/141 3641/17/141 3637/13/141
f 3643/1/1127 3644/2/1128 3645/3/1129
f 3645/3/1129 3646/4/1130 3643/1/1127
f 3647/5/1131 3648/6/1131 3649/7/1131
f 3647/5/1132 3650/8/1132 3648/6/1132
f 3647/5/1133 3651/7/1133 3650/8/1133
f 3647/5/1134 3652/9/1134 3651/7/1134
f 3647/5/1135 3653/10/1135 3652/9/1135
f 3647/5/1136 3649/7/1136 3653/10/1136
f 3649/11/1137 3654/12/1138 3655/13/1139
f 3649/11/1137 3648/14/1140 3654/12/1138
f 3648/14/1141 3656/12/1142 3654/12/1143
f 3648/14/1141 3650/14/1144 3656/12/1142
f 3650/14/1145 3657/15/1146 3656/12/1147
f 3650/14/1145 3651/16/1148 3657/15/1146
f 3651/16/1149 3658/17/1150 3657/15/1151
f 3651/16/1149 3652/18/1152 3658/17/1150
f 3652/18/1153 3659/17/1154 3658/17/1155
f 3652/18/1153 3653/18/1156 3659/17/1154
f 3653/18/1157 3655/13/1158 3659/17/1159
f 3653/18/1157 3649/11/1160 3655/13/1158
f 3660/13/141 3655/13/141 3654/12/141
f 3660/13/141 3654/12/141 3656/12/141
f 3660/13/141 3656/12/141 3657/15/141
f 3660/13/141 3657/15/141 3658/17/141
f 3660/13/141 3658/17/141 3659/17/141
f 3660/13/141 3659/17/141 3655/13/141
f 3661/1/1161 3662/2/1162 3663/3/1161
f 3663/3/1161 3664/4/1161 3661/1/1161
f 3665/5/1163 3666/6/1163 3667/7/1163
f 3665/5/1164 3668/8/1164 3666/6/1164
f 3665/5/1165 3669/7/1165 3668/8/1165
f 3665/5/1166 3670/9/1166 3669/7/1166
f 3665/5/1167 3671/10/1167 3670/9/1167
f 3665/5/1168 3667/7/1168 3671/10/1168
f 3667/11/1169 3672/12/1170 3673/13/1171
f 3667/11/1169 3666/14/1172 3672/12/1170
f 3666/14/1173 3674/12/1174 3672/12/1174
f 3666/14/1173 3668/14/1173 3674/12/1174
f 3668/14/1175 3675/15/1176 3674/12/1177
f 3668/14/1175 3669/16/1178 3675/15/1176
f 3669/16/1179 3676/17/1180 3675/15/1181
f 3669/16/1179 3670/18/1182 3676/17/1180
f 3670/18/1183 3677/17/1184 3676/17/1184
f 3670/18/1183 3671/18/1183 3677/17/1184
f 3671/18/1185 3673/13/1186 3677/17/1187
f 3671/18/1185 3667/11/1188 3673/13/1186
f 3678/13/1189 3673/13/1189 3672/12/1189
f 3678/13/1189 3672/12/1189 3674/12/1189
f 3678/13/1189 3674/12/1189 3675/15/1189
f 3678/13/1189 3675/15/1189 3676/17/1189
f 3678/13/1189 3676/17/1189 3677/17/1189
f 3678/13/1189 3677/17/1189 3673/13/1189
f 3679/1/1190 3680/2/1190 3681/3/1190
f 3681/3/1190 3682/4/1190 3679/1/1190
f 3683/5/1191 3684/6/1191 3685/7/1191
f 3683/5/1192 3686/8/1192 3684/6/1192
f 3683/5/1193 3687/7/1193 3686/8/1193
f 3683/5/1194 3688/9/1194 3687/7/1194
f 3683/5/1195 3689/10/1195 3688/9/1195
f 3683/5/1196 3685/7/1196 3689/10/1196
f 3685/11/1197 3690/12/1198 3691/13/1199
f 3685/11/1197 3684/14/1200 3690/12/1198
f 3684/14/1201 3692/12/1201 3690/12/1201
f 3684/14/1201 3686/14/1201 3692/12/1201
f 3686/14/1202 3693/15/1203 3692/12/1204
f 3686/14/1202 3687/16/1205 3693/15/1203
f 3687/16/1206 3694/17/1207 3693/15/1208
f 3687/16/1206 3688/18/1209 3694/17/1207
f 3688/18/1210 3695/17/1210 3694/17/1210
f 3688/18/1210 3689/18/1210 3695/17/1210
f 3689/18/1211 3691/13/1212 3695/17/1213
f 3689/18/1211 3685/11/1214 3691/13/1212
f 3696/13/1215 3691/13/1215 3690/12/1215
f 3696/13/1215 3690/12/1215 3692/12/1215
f 3696/13/1215 3692/12/1215 3693/15/1215
f 3696/13/1215 3693/15/1215 3694/17/1215
f 3696/13/1215 3694/17/1215 3695/17/1215
f 3696/13/1215 3695/17/1215 3691/13/1215
f 3697/1/1216 3698/2/1216 3699/3/1216
f 3699/3/1216 3700/4/1216 3697/1/1216
f 3701/5/1217 3702/6/1217 3703/7/1217
f 3701/5/1218 3704/8/1218 3702/6/1218
f 3701/5/1219 3705/7/1219 3704/8/1219
f 3701/5/1220 3706/9/1220 3705/7/1220
f 3701/5/1221 3707/10/1221 3706/9/1221
f 3701/5/1222 3703/7/1222 3707/10/1222
f 3703/11/1223 3708/12/1224 3709/13/1225
f 3703/11/1223 3702/14/1226 3708/12/1224
f 3702/14/1227 3710/12/1227 3708/12/1227
f 3702/14/1227 3704/14/1227 3710/12/1227
f 3704/14/1228 3711/15/1229 3710/12/1230
f 3704/14/1228 3705/16/1231 3711/15/1229
f 3705/16/1232 3712/17/1233 3711/15/1234
f 3705/16/1232 3706/18/1235 3712/17/1233
f 3706/18/1236 3713/17/1236 3712/17/1237
f 3706/18/1236 3707/18/1236 3713/17/1236
f 3707/18/1238 3709/13/1239 3713/17/1240
f 3707/18/1238 3703/11/1241 3709/13/1239
f 3714/13/1242 3709/13/1243 3708/12/1243
f 3714/13/1242 3708/12/1243 3710/12/1242
f 3714/13/1242 3710/12/1242 3711/15/1242
f 3714/13/1242 3711/15/1242 3712/17/1242
f 3714/13/1242 3712/17/1242 3713/17/1243
f 3714/13/1242 3713/17/1243 3709/13/1243
f 3715/1/1244 3716/2/1244 3717/3/1244
f 3717/3/1244 3718/4/1245 3715/1/1244
f 3719/5/1246 3720/6/1246 3721/7/1246
f 3719/5/1247 3722/8/1247 3720/6/1247
f 3719/5/1248 3723/7/1248 3722/8/1248
f 3719/5/1249 3724/9/1249 3723/7/1249
f 3719/5/1250 3725/10/1250 3724/9/1250
f 3719/5/1251 3721/7/1251 3725/10/1251
f 3721/11/1252 3726/12/1253 3727/13/1254
f 3721/11/1252 3720/14/1255 3726/12/1253
f 3720/14/1256 3728/12/1256 3726/12/1256
f 3720/14/1256 3722/14/1256 3728/12/1256
f 3722/14/1257 3729/15/1258 3728/12/1259
f 3722/14/1257 3723/16/1260 3729/15/1258
f 3723/16/1261 3730/17/1262 3729/15/1263
f 3723/16/1261 3724/18/1264 3730/17/1262
f 3724/18/1265 3731/17/1265 3730/17/1265
f 3724/18/1265 3725/18/1265 3731/17/1265
f 3725/18/1266 3727/13/1267 3731/17/1268
f 3725/18/1266 3721/11/1269 3727/13/1267
f 3732/13/511 3727/13/1270 3726/12/511
f 3732/13/511 3726/12/511 3728/12/511
f 3732/13/511 3728/12/511 3729/15/511
f 3732/13/511 3729/15/511 3730/17/511
f 3732/13/511 3730/17/511 3731/17/1270
f 3732/13/511 3731/17/1270 3727/13/1270
f 3733/1/1271 3734/2/1271 3735/3/1271
f 3735/3/1271 3736/4/1271 3733/1/1271
f 3737/5/1272 3738/6/1272 3739/7/1272
f 3737/5/1273 3740/8/1273 3738/6/1273
f 3737/5/1274 3741/7/1274 3740/8/1274
f 3737/5/1275 3742/9/1275 3741/7/1275
f 3737/5/1276 3743/10/1276 3742/9/1276
f 3737/5/1277 3739/7/1277 3743/10/1277
f 3739/11/1278 3744/12/1279 3745/13/1280
f 3739/11/1278 3738/14/1281 3744/12/1279
f 3738/14/1282 3746/12/1283 3744/12/1283
f 3738/14/1282 3740/14/1282 3746/12/1283
f 3740/14/1284 3747/15/1285 3746/12/1286
f 3740/14/1284 3741/16/1287 3747/15/1285
f 3741/16/1288 3748/17/1289 3747/15/1290
f 3741/16/1288 3742/18/1291 3748/17/1289
f 3742/18/1292 3749/17/1293 3748/17/1294
f 3742/18/1292 3743/18/1295 3749/17/1293
f 3743/18/1296 3745/13/1297 3749/17/1298
f 3743/18/1296 3739/11/1299 3745/13/1297
f 3750/13/1300 3745/13/1301 3744/12/1301
f 3750/13/1300 3744/12/1301 3746/12/1300
f 3750/13/1300 3746/12/1300 3747/15/1300
f 3750/13/1300 3747/15/1300 3748/17/1301
f 3750/13/1300 3748/17/1301 3749/17/1301
f 3750/13/1300 3749/17/1301 3745/13/1301
f 3751/1/1302 3752/2/1302 3753/3/1302
f 3753/3/1302 3754/4/1302 3751/1/1302
f 3755/5/1303 3756/6/1303 3757/7/1303
f 3755/5/1304 3758/8/1304 3756/6/1304
f 3755/5/1305 3759/7/1305 3758/8/1305
f 3755/5/1306 3760/9/1306 3759/7/1306
f 3755/5/1307 3761/10/1307 3760/9/1307
f 3755/5/1308 3757/7/1308 3761/10/1308
f 3757/11/1309 3762/12/1310 3763/13/1311
f 3757/11/1309 3756/14/1312 3762/12/1310
f 3756/14/1313 3764/12/1313 3762/12/1313
f 3756/14/1313 3758/14/1313 3764/12/1313
f 3758/14/1314 3765/15/1315 3764/12/1316
f 3758/14/1314 3759/16/1317 3765/15/1315
f 3759/16/1318 3766/17/1319 3765/15/1320
f 3759/16/1318 3760/18/1321 3766/17/1319
f 3760/18/1322 3767/17/1322 3766/17/1322
f 3760/18/1322 3761/18/1322 3767/17/1322
f 3761/18/1323 3763/13/1324 3767/17/1325
f 3761/18/1323 3757/11/1326 3763/13/1324
f 3768/13/1327 3763/13/1327 3762/12/1327
f 3768/13/1327 3762/12/1327 3764/12/1327
f 3768/13/1327 3764/12/1327 3765/15/1327
f 3768/13/1327 3765/15/1327 3766/17/1327
f 3768/13/1327 3766/17/1327 3767/17/1327
f 3768/13/1327 3767/17/1327 3763/13/1327
f 3769/1/1328 3770/2/1328 3771/3/1328
f 3771/3/1328 3772/4/1328 3769/1/1328
f 3773/5/1329 3774/6/1329 3775/7/1329
f 3773/5/1330 3776/8/1330 3774/6/1330
f 3773/5/1331 3777/7/1331 3776/8/1331
f 3773/5/1332 3778/9/1332 3777/7/1332
f 3773/5/1333 3779/10/1333 3778/9/1333
f 3773/5/1334 3775/7/1334 3779/10/1334
f 3775/11/1335 3780/12/1336 3781/13/1337
f 3775/11/1335 3774/14/1338 3780/12/1336
f 3774/14/1339 3782/12/1340 3780/12/1340
f 3774/14/1339 3776/14/1339 3782/12/1340
f 3776/14/1341 3783/15/1342 3782/12/1343
f 3776/14/1341 3777/16/1344 3783/15/1342
f 3777/16/1345 3784/17/1346 3783/15/1347
f 3777/16/1345 3778/18/1348 3784/17/1346
f 3778/18/1349 3785/17/1349 3784/17/1350
f 3778/18/1349 3779/18/1349 3785/17/1349
f 3779/18/1351 3781/13/1352 3785/17/1353
f 3779/18/1351 3775/11/1354 3781/13/1352
f 3786/13/1355 3781/13/1355 3780/12/1355
f 3786/13/1355 3780/12/1355 3782/12/1356
f 3786/13/1355 3782/12/1356 3783/15/1356
f 3786/13/1355 3783/15/1356 3784/17/1355
f 3786/13/1355 3784/17/1355 3785/17/1355
f 3786/13/1355 3785/17/1355 3781/13/1355
f 3787/1/1357 3788/2/1357 3789/3/1357
f 3789/3/1357 3790/4/1357 3787/1/1357
f 3791/5/1358 3792/6/1358 3793/7/1358
f 3791/5/1359 3794/8/1359 3792/6/1359
f 3791/5/1360 3795/7/1360 3794/8/1360
f 3791/5/1361 3796/9/1361 3795/7/1361
f 3791/5/1362 3797/10/1362 3796/9/1362
f 3791/5/1363 3793/7/1363 3797/10/1363
f 3793/11/1364 3798/12/1365 3799/13/1366
f 3793/11/1364 3792/14/1367 3798/12/1365
f 3792/14/1368 3800/12/1369 3798/12/1370
f 3792/14/1368 3794/14/1368 3800/12/1369
f 3794/14/1371 3801/15/1372 3800/12/1373
f 3794/14/1371 3795/16/1374 3801/15/1372
f 3795/16/1375 3802/17/1376 3801/15/1377
f 3795/16/1375 3796/18/1378 3802/17/1376
f 3796/18/1379 3803/17/1380 3802/17/1381
f 3796/18/1379 3797/18/1382 3803/17/1380
f 3797/18/1383 3799/13/1384 3803/17/1385
f 3797/18/1383 3793/11/1386 3799/13/1384
f 3804/13/1387 3799/13/1387 3798/12/1387
f 3804/13/1387 3798/12/1387 3800/12/1387
f 3804/13/1387 3800/12/1387 3801/15/1387
f 3804/13/1387 3801/15/1387 3802/17/1387
f 3804/13/1387 3802/17/1387 3803/17/1387
f 3804/13/1387 3803/17/1387 3799/13/1387
f 3805/1/30 3806/2/30 3807/3/30
f 3807/3/30 3808/4/30 3805/1/30
f 3809/5/1388 3810/6/1388 3811/7/1388
f 3809/5/1389 3812/8/1389 3810/6/1389
f 3809/5/1390 3813/7/1390 3812/8/1390
f 3809/5/1391 3814/9/1391 3813/7/1391
f 3809/5/268 3815/10/268 3814/9/268
f 3809/5/1392 3811/7/1392 3815/10/1392
f 3811/11/1393 3816/12/1394 3817/13/150
f 3811/11/1393 3810/14/1395 3816/12/1394
f 3810/14/253 3818/12/1396 3816/12/1397
f 3810/14/253 3812/14/253 3818/12/1396
f 3812/14/1398 3819/15/256 3818/12/18
f 3812/14/1398 3813/16/127 3819/15/256
f 3813/16/1399 3820/17/1400 3819/15/1401
f 3813/16/1399 3814/18/183 3820/17/1400
f 3814/18/272 3821/17/23 3820/17/1402
f 3814/18/272 3815/18/273 3821/17/23
f 3815/18/1403 3817/13/1404 3821/17/1405
f 3815/18/1403 3811/11/1406 3817/13/1404
f 3822/13/141 3817/13/141 3816/12/141
f 3822/13/141 3816/12/141 3818/12/141
f 3822/13/141 3818/12/141 3819/15/141
f 3822/13/141 3819/15/141 3820/17/141
f 3822/13/141 3820/17/141 3821/17/141
f 3822/13/141 3821/17/141 3817/13/141
f 3823/1/1407 3824/2/1408 3825/3/1407
f 3825/3/1407 3826/4/1409 3823/1/1407
f 3827/5/1410 3828/6/1410 3829/7/1410
f 3827/5/1411 3830/8/1411 3828/6/1411
f 3827/5/1412 3831/7/1412 3830/8/1412
f 3827/5/1413 3832/9/1413 3831/7/1413
f 3827/5/1414 3833/10/1414 3832/9/1414
f 3827/5/1415 3829/7/1415 3833/10/1415
f 3829/11/1416 3834/12/1417 3835/13/1418
f 3829/11/1416 3828/14/1419 3834/12/1417
f 3828/14/1420 3836/12/1421 3834/12/1422
f 3828/14/1420 3830/14/1420 3836/12/1421
f 3830/14/1423 3837/15/1424 3836/12/1425
f 3830/14/1423 3831/16/1426 3837/15/1424
f 3831/16/1427 3838/17/1428 3837/15/1429
f 3831/16/1427 3832/18/1430 3838/17/1428
f 3832/18/1431 3839/17/1431 3838/17/1431
f 3832/18/1431 3833/18/1431 3839/17/1431
f 3833/18/1432 3835/13/1433 3839/17/1434
f 3833/18/1432 3829/11/1435 3835/13/1433
f 3840/13/1436 3835/13/1436 3834/12/1436
f 3840/13/1436 3834/12/1436 3836/12/1436
f 3840/13/1436 3836/12/1436 3837/15/1436
f 3840/13/1436 3837/15/1436 3838/17/1436
f 3840/13/1436 3838/17/1436 3839/17/1436
f 3840/13/1436 3839/17/1436 3835/13/1436
f 3841/1/1437 3842/2/1438 3843/3/1437
f 3843/3/1437 3844/4/1439 3841/1/1437
f 3845/5/1440 3846/6/1440 3847/7/1440
f 3845/5/1441 3848/8/1441 3846/6/1441
f 3845/5/1442 3849/7/1442 3848/8/1442
f 3845/5/1443 3850/9/1443 3849/7/1443
f 3845/5/1444 3851/10/1444 3850/9/1444
f 3845/5/1445 3847/7/1445 3851/10/1445
f 3847/11/1446 3852/12/1447 3853/13/1448
f 3847/11/1446 3846/14/1449 3852/12/1447
f 3846/14/1450 3854/12/1451 3852/12/1452
f 3846/14/1450 3848/14/1453 3854/12/1451
f 3848/14/1454 3855/15/1455 3854/12/1455
f 3848/14/1454 3849/16/1456 3855/15/1455
f 3849/16/1457 3856/17/1458 3855/15/1458
f 3849/16/1457 3850/18/1457 3856/17/1458
f 3850/18/1459 3857/17/1460 3856/17/1461
f 3850/18/1459 3851/18/1459 3857/17/1460
f 3851/18/1462 3853/13/1463 3857/17/1464
f 3851/18/1462 3847/11/1465 3853/13/1463
f 3858/13/1466 3853/13/1467 3852/12/1466
f 3858/13/1466 3852/12/1466 3854/12/1466
f 3858/13/1466 3854/12/1466 3855/15/1467
f 3858/13/1466 3855/15/1467 3856/17/1467
f 3858/13/1466 3856/17/1467 3857/17/1466
f 3858/13/1466 3857/17/1466 3853/13/1467
f 3859/1/1468 3860/2/1468 3861/3/1468
f 3861/3/1468 3862/4/1468 3859/1/1468
f 3863/5/1469 3864/6/1469 3865/7/1469
f 3863/5/1470 3866/8/1470 3864/6/1470
f 3863/5/1471 3867/7/1471 3866/8/1471
f 3863/5/1472 3868/9/1472 3867/7/1472
f 3863/5/1473 3869/10/1473 3868/9/1473
f 3863/5/1474 3865/7/1474 3869/10/1474
f 3865/11/1475 3870/12/1476 3871/13/1477
f 3865/11/1475 3864/14/1478 3870/12/1476
f 3864/14/1479 3872/12/1480 3870/12/1480
f 3864/14/1479 3866/14/1481 3872/12/1480
f 3866/14/1482 3873/15/1483 3872/12/1484
f 3866/14/1482 3867/16/1485 3873/15/1483
f 3867/16/1486 3874/17/1487 3873/15/1488
f 3867/16/1486 3868/18/790 3874/17/1487
f 3868/18/1489 3875/17/1490 3874/17/1491
f 3868/18/1489 3869/18/1492 3875/17/1490
f 3869/18/1493 3871/13/1494 3875/17/1495
f 3869/18/1493 3865/11/1496 3871/13/1494
f 3876/13/1497 3871/13/1497 3870/12/1497
f 3876/13/1497 3870/12/1497 3872/12/1498
f 3876/13/1497 3872/12/1498 3873/15/1498
f 3876/13/1497 3873/15/1498 3874/17/1497
f 3876/13/1497 3874/17/1497 3875/17/1497
f 3876/13/1497 3875/17/1497 3871/13/1497
f 3877/1/499 3878/2/499 3879/3/499
f 3879/3/499 3880/4/499 3877/1/499
f 3881/5/1499 3882/6/1499 3883/7/1499
f 3881/5/1500 3884/8/1500 3882/6/1500
f 3881/5/1501 3885/7/1501 3884/8/1501
f 3881/5/1502 3886/9/1502 3885/7/1502
f 3881/5/1503 3887/10/1503 3886/9/1503
f 3881/5/1504 3883/7/1504 3887/10/1504
f 3883/11/1505 3888/12/1506 3889/13/1507
f 3883/11/1505 3882/14/1508 3888/12/1506
f 3882/14/1509 3890/12/1510 3888/12/1511
f 3882/14/1509 3884/14/1512 3890/12/1510
f 3884/14/1513 3891/15/1514 3890/12/1515
f 3884/14/1513 3885/16/1516 3891/15/1514
f 3885/16/1517 3892/17/1518 3891/15/1519
f 3885/16/1517 3886/18/1517 3892/17/1518
f 3886/18/1520 3893/17/1521 3892/17/1522
f 3886/18/1520 3887/18/1523 3893/17/1521
f 3887/18/1524 3889/13/1525 3893/17/1526
f 3887/18/1524 3883/11/1527 3889/13/1525
f 3894/13/1528 3889/13/1528 3888/12/1528
f 3894/13/1528 3888/12/1528 3890/12/1529
f 3894/13/1528 3890/12/1529 3891/15/1529
f 3894/13/1528 3891/15/1529 3892/17/1528
f 3894/13/1528 3892/17/1528 3893/17/1528
f 3894/13/1528 3893/17/1528 3889/13/1528
f 3895/1/499 3896/2/499 3897/3/499
f 3897/3/499 3898/4/499 3895/1/499
f 3899/5/1530 3900/6/1530 3901/7/1530
f 3899/5/1531 3902/8/1531 3900/6/1531
f 3899/5/1532 3903/7/1532 3902/8/1532
f 3899/5/1533 3904/9/1533 3903/7/1533
f 3899/5/1534 3905/10/1534 3904/9/1534
f 3899/5/1535 3901/7/1535 3905/10/1535
f 3901/11/1536 3906/12/1537 3907/13/1538
f 3901/11/1536 3900/14/1539 3906/12/1537
f 3900/14/1540 3908/12/1541 3906/12/1541
f 3900/14/1540 3902/14/1540 3908/12/1541
f 3902/14/1542 3909/15/1543 3908/12/1543
f 3902/14/1542 3903/16/1542 3909/15/1543
f 3903/16/1544 3910/17/1545 3909/15/1546
f 3903/16/1544 3904/18/1544 3910/17/1545
f 3904/18/1547 3911/17/1548 3910/17/1549
f 3904/18/1547 3905/18/1550 3911/17/1548
f 3905/18/1551 3907/13/1552 3911/17/1553
f 3905/18/1551 3901/11/1554 3907/13/1552
f 3912/13/1555 3907/13/1555 3906/12/1555
f 3912/13/1555 3906/12/1555 3908/12/1556
f 3912/13/1555 3908/12/1556 3909/15/1556
f 3912/13/1555 3909/15/1556 3910/17/1556
f 3912/13/1555 3910/17/1556 3911/17/1555
f 3912/13/1555 3911/17/1555 3907/13/1555
f 3913/1/499 3914/2/499 3915/3/499
f 3915/3/499 3916/4/499 3913/1/499
f 3917/5/1557 3918/6/1557 3919/7/1557
f 3917/5/1558 3920/8/1558 3918/6/1558
f 3917/5/1559 3921/7/1559 3920/8/1559
f 3917/5/1560 3922/9/1560 3921/7/1560
f 3917/5/1561 3923/10/1561 3922/9/1561
f 3917/5/1562 3919/7/1562 3923/10/1562
f 3919/11/1563 3924/12/1564 3925/13/1565
f 3919/11/1563 3918/14/1566 3924/12/1564
f 3918/14/1567 3926/12/1568 3924/12/1568
f 3918/14/1567 3920/14/1567 3926/12/1568
f 3920/14/1569 3927/15/1570 3926/12/1570
f 3920/14/1569 3921/16/1569 3927/15/1570
f 3921/16/1571 3928/17/1572 3927/15/1573
f 3921/16/1571 3922/18/1574 3928/17/1572
f 3922/18/1575 3929/17/1576 3928/17/1576
f 3922/18/1575 3923/18/1575 3929/17/1576
f 3923/18/1577 3925/13/1578 3929/17/1579
f 3923/18/1577 3919/11/1580 3925/13/1578
f 3930/13/1581 3925/13/1582 3924/12/1582
f 3930/13/1581 3924/12/1582 3926/12/1583
f 3930/13/1581 3926/12/1583 3927/15/1581
f 3930/13/1581 3927/15/1581 3928/17/1581
f 3930/13/1581 3928/17/1581 3929/17/1582
f 3930/13/1581 3929/17/1582 3925/13/1582
f 3931/1/499 3932/2/499 3933/3/499
f 3933/3/499 3934/4/499 3931/1/499
f 3935/5/1584 3936/6/1584 3937/7/1584
f 3935/5/1585 3938/8/1585 3936/6/1585
f 3935/5/1586 3939/7/1586 3938/8/1586
f 3935/5/1587 3940/9/1587 3939/7/1587
f 3935/5/1588 3941/10/1588 3940/9/1588
f 3935/5/1589 3937/7/1589 3941/10/1589
f 3937/11/1590 3942/12/1591 3943/13/1592
f 3937/11/1590 3936/14/1593 3942/12/1591
f 3936/14/1594 3944/12/1595 3942/12/1596
f 3936/14/1594 3938/14/1597 3944/12/1595
f 3938/14/1598 3945/15/1599 3944/12/1600
f 3938/14/1598 3939/16/1601 3945/15/1599
f 3939/16/1602 3946/17/1603 3945/15/1604
f 3939/16/1602 3940/18/1605 3946/17/1603
f 3940/18/1606 3947/17/1607 3946/17/1607
f 3940/18/1606 3941/18/1608 3947/17/1607
f 3941/18/1609 3943/13/1610 3947/17/1611
f 3941/18/1609 3937/11/1612 3943/13/1610
f 3948/13/1613 3943/13/1614 3942/12/1613
f 3948/13/1613 3942/12/1613 3944/12/1613
f 3948/13/1613 3944/12/1613 3945/15/1613
f 3948/13/1613 3945/15/1613 3946/17/1613
f 3948/13/1613 3946/17/1613 3947/17/1614
f 3948/13/1613 3947/17/1614 3943/13/1614
f 3949/1/1615 3950/2/1616 3951/3/1615
f 3951/3/1615 3952/4/1617 3949/1/1615
f 3953/5/1618 3954/6/1618 3955/7/1618
f 3953/5/1619 3956/8/1619 3954/6/1619
f 3953/5/1620 3957/7/1620 3956/8/1620
f 3953/5/1621 3958/9/1621 3957/7/1621
f 3953/5/1622 3959/10/1622 3958/9/1622
f 3953/5/1623 3955/7/1623 3959/10/1623
f 3955/11/1624 3960/12/1625 3961/13/1626
f 3955/11/1624 3954/14/1627 3960/12/1625
f 3954/14/1628 3962/12/1629 3960/12/1630
f 3954/14/1628 3956/14/1631 3962/12/1629
f 3956/14/1632 3963/15/1633 3962/12/1634
f 3956/14/1632 3957/16/1635 3963/15/1633
f 3957/16/1636 3964/17/1637 3963/15/1638
f 3957/16/1636 3958/18/1639 3964/17/1637
f 3958/18/1640 3965/17/1641 3964/17/1642
f 3958/18/1640 3959/18/1640 3965/17/1641
f 3959/18/1643 3961/13/1644 3965/17/1645
f 3959/18/1643 3955/11/1646 3961/13/1644
f 3966/13/1647 3961/13/1647 3960/12/1647
f 3966/13/1647 3960/12/1647 3962/12/1647
f 3966/13/1647 3962/12/1647 3963/15/1647
f 3966/13/1647 3963/15/1647 3964/17/1647
f 3966/13/1647 3964/17/1647 3965/17/1647
f 3966/13/1647 3965/17/1647 3961/13/1647
f 3967/1/1648 3968/2/1648 3969/3/1648
f 3969/3/1648 3970/4/1649 3967/1/1648
f 3971/5/1650 3972/6/1650 3973/7/1650
f 3971/5/1651 3974/8/1651 3972/6/1651
f 3971/5/1652 3975/7/1652 3974/8/1652
f 3971/5/1653 3976/9/1653 3975/7/1653
f 3971/5/1654 3977/10/1654 3976/9/1654
f 3971/5/1655 3973/7/1655 3977/10/1655
f 3973/11/1656 3978/12/1657 3979/13/1658
f 3973/11/1656 3972/14/1659 3978/12/1657
f 3972/14/1660 3980/12/1661 3978/12/1661
f 3972/14/1660 3974/14/1662 3980/12/1661
f 3974/14/1663 3981/15/1664 3980/12/1665
f 3974/14/1663 3975/16/1666 3981/15/1664
f 3975/16/1667 3982/17/1668 3981/15/1669
f 3975/16/1667 3976/18/1670 3982/17/1668
f 3976/18/1671 3983/17/1672 3982/17/1673
f 3976/18/1671 3977/18/1671 3983/17/1672
f 3977/18/1674 3979/13/1675 3983/17/1676
f 3977/18/1674 3973/11/1677 3979/13/1675
f 3984/13/1678 3979/13/1679 3978/12/1679
f 3984/13/1678 3978/12/1679 3980/12/1678
f 3984/13/1678 3980/12/1678 3981/15/1678
f 3984/13/1678 3981/15/1678 3982/17/1678
f 3984/13/1678 3982/17/1678 3983/17/1678
f 3984/13/1678 3983/17/1678 3979/13/1679
f 3985/1/1680 3986/2/1681 3987/3/1682
f 3987/3/1682 3988/4/1683 3985/1/1680
f 3989/5/1684 3990/6/1684 3991/7/1684
f 3989/5/1685 3992/8/1685 3990/6/1685
f 3989/5/1686 3993/7/1686 3992/8/1686
f 3989/5/1687 3994/9/1687 3993/7/1687
f 3989/5/1688 3995/10/1688 3994/9/1688
f 3989/5/1689 3991/7/1689 3995/10/1689
f 3991/11/1690 3996/12/1691 3997/13/1692
f 3991/11/1690 3990/14/1693 3996/12/1691
f 3990/14/1694 3998/12/1695 3996/12/1696
f 3990/14/1694 3992/14/1697 3998/12/1695
f 3992/14/1698 3999/15/1698 3998/12/1698
f 3992/14/1698 3993/16/1698 3999/15/1698
f 3993/16/1699 4000/17/1700 3999/15/1701
f 3993/16/1699 3994/18/1702 4000/17/1700
f 3994/18/1703 4001/17/1704 4000/17/1705
f 3994/18/1703 3995/18/1703 4001/17/1704
f 3995/18/1706 3997/13/1707 4001/17/1708
f 3995/18/1706 3991/11/1709 3997/13/1707
f 4002/13/1710 3997/13/1710 3996/12/1710
f 4002/13/1710 3996/12/1710 3998/12/1711
f 4002/13/1710 3998/12/1711 3999/15/1711
f 4002/13/1710 3999/15/1711 4000/17/1710
f 4002/13/1710 4000/17/1710 4001/17/1710
f 4002/13/1710 4001/17/1710 3997/13/1710
f 4003/1/499 4004/2/1712 4005/3/499
f 4005/3/499 4006/4/1713 4003/1/499
f 4007/5/1714 4008/6/1714 4009/7/1714
f 4007/5/1715 4010/8/1715 4008/6/1715
f 4007/5/1716 4011/7/1716 4010/8/1716
f 4007/5/1717 4012/9/1717 4011/7/1717
f 4007/5/1718 4013/10/1718 4012/9/1718
f 4007/5/1719 4009/7/1719 4013/10/1719
f 4009/11/1720 4014/12/1721 4015/13/1722
f 4009/11/1720 4008/14/1723 4014/12/1721
f 4008/14/1724 4016/12/1509 4014/12/1725
f 4008/14/1724 4010/14/1726 4016/12/1509
f 4010/14/1727 4017/15/1728 4016/12/1729
f 4010/14/1727 4011/16/1730 4017/15/1728
f 4011/16/1731 4018/17/1732 4017/15/1733
f 4011/16/1731 4012/18/1734 4018/17/1732
f 4012/18/1735 4019/17/1736 4018/17/1737
f 4012/18/1735 4013/18/1738 4019/17/1736
f 4013/18/1739 4015/13/1740 4019/17/1741
f 4013/18/1739 4009/11/1527 4015/13/1740
f 4020/13/1742 4015/13/1743 4014/12/1742
f 4020/13/1742 4014/12/1742 4016/12/1744
f 4020/13/1742 4016/12/1744 4017/15/1742
f 4020/13/1742 4017/15/1742 4018/17/1742
f 4020/13/1742 4018/17/1742 4019/17/1743
f 4020/13/1742 4019/17/1743 4015/13/1743
f 4021/1/1745 4022/2/1746 4023/3/1745
f 4023/3/1745 4024/4/1747 4021/1/1745
f 4025/5/1748 4026/6/1748 4027/7/1748
f 4025/5/1749 4028/8/1749 4026/6/1749
f 4025/5/1750 4029/7/1750 4028/8/1750
f 4025/5/1751 4030/9/1751 4029/7/1751
f 4025/5/1752 4031/10/1752 4030/9/1752
f 4025/5/1753 4027/7/1753 4031/10/1753
f 4027/11/1754 4032/12/1755 4033/13/1756
f 4027/11/1754 4026/14/1757 4032/12/1755
f 4026/14/1758 4034/12/1759 4032/12/1760
f 4026/14/1758 4028/14/1761 4034/12/1759
f 4028/14/1513 4035/15/1762 4034/12/1763
f 4028/14/1513 4029/16/1764 4035/15/1762
f 4029/16/1765 4036/17/1766 4035/15/1767
f 4029/16/1765 4030/18/1765 4036/17/1766
f 4030/18/1768 4037/17/1769 4036/17/1770
f 4030/18/1768 4031/18/1771 4037/17/1769
f 4031/18/1740 4033/13/1772 4037/17/1773
f 4031/18/1740 4027/11/1774 4033/13/1772
f 4038/13/1775 4033/13/1775 4032/12/1776
f 4038/13/1775 4032/12/1776 4034/12/1777
f 4038/13/1775 4034/12/1777 4035/15/1778
f 4038/13/1775 4035/15/1778 4036/17/1775
f 4038/13/1775 4036/17/1775 4037/17/1775
f 4038/13/1775 4037/17/1775 4033/13/1775
f 4039/1/1779 4040/2/1780 4041/3/1781
f 4041/3/1781 4042/4/499 4039/1/1779
f 4043/5/1782 4044/6/1782 4045/7/1782
f 4043/5/1783 4046/8/1783 4044/6/1783
f 4043/5/1784 4047/7/1784 4046/8/1784
f 4043/5/1785 4048/9/1785 4047/7/1785
f 4043/5/1786 4049/10/1786 4048/9/1786
f 4043/5/1787 4045/7/1787 4049/10/1787
f 4045/11/1788 4050/12/1789 4051/13/1790
f 4045/11/1788 4044/14/1791 4050/12/1789
f 4044/14/1792 4052/12/1793 4050/12/1794
f 4044/14/1792 4046/14/1792 4052/12/1793
f 4046/14/1795 4053/15/1796 4052/12/1797
f 4046/14/1795 4047/16/1798 4053/15/1796
f 4047/16/1799 4054/17/1800 4053/15/1801
f 4047/16/1799 4048/18/1765 4054/17/1800
f 4048/18/1802 4055/17/1768 4054/17/1771
f 4048/18/1802 4049/18/1803 4055/17/1768
f 4049/18/1804 4051/13/1805 4055/17/1806
f 4049/18/1804 4045/11/1807 4051/13/1805
f 4056/13/1808 4051/13/1809 4050/12/1808
f 4056/13/1808 4050/12/1808 4052/12/1810
f 4056/13/1808 4052/12/1810 4053/15/1810
f 4056/13/1808 4053/15/1810 4054/17/1811
f 4056/13/1808 4054/17/1811 4055/17/1812
f 4056/13/1808 4055/17/1812 4051/13/1809
f 4057/1/1813 4058/2/1814 4059/3/1813
f 4059/3/1813 4060/4/1815 4057/1/1813
f 4061/5/1816 4062/6/1816 4063/7/1816
f 4061/5/1817 4064/8/1817 4062/6/1817
f 4061/5/1818 4065/7/1818 4064/8/1818
f 4061/5/1819 4066/9/1819 4065/7/1819
f 4061/5/1820 4067/10/1820 4066/9/1820
f 4061/5/1821 4063/7/1821 4067/10/1821
f 4063/11/1822 4068/12/1823 4069/13/1824
f 4063/11/1822 4062/14/1825 4068/12/1823
f 4062/14/1826 4070/12/1827 4068/12/1828
f 4062/14/1826 4064/14/1829 4070/12/1827
f 4064/14/1830 4071/15/1831 4070/12/1832
f 4064/14/1830 4065/16/1833 4071/15/1831
f 4065/16/1834 4072/17/1835 4071/15/1836
f 4065/16/1834 4066/18/1837 4072/17/1835
f 4066/18/1838 4073/17/1839 4072/17/1840
f 4066/18/1838 4067/18/1841 4073/17/1839
f 4067/18/1842 4069/13/1843 4073/17/1844
f 4067/18/1842 4063/11/1842 4069/13/1843
f 4074/13/141 4069/13/141 4068/12/141
f 4074/13/141 4068/12/141 4070/12/141
f 4074/13/141 4070/12/141 4071/15/141
f 4074/13/141 4071/15/141 4072/17/141
f 4074/13/141 4072/17/141 4073/17/141
f 4074/13/141 4073/17/141 4069/13/141
f 4075/1/1845 4076/2/1846 4077/3/1845
f 4077/3/1845 4078/4/1847 4075/1/1845
f 4079/5/1848 4080/6/1848 4081/7/1848
f 4079/5/1849 4082/8/1849 4080/6/1849
f 4079/5/1850 4083/7/1850 4082/8/1850
f 4079/5/1851 4084/9/1851 4083/7/1851
f 4079/5/1852 4085/10/1852 4084/9/1852
f 4079/5/1853 4081/7/1853 4085/10/1853
f 4081/11/1854 4086/12/1855 4087/13/1856
f 4081/11/1854 4080/14/1854 4086/12/1855
f 4080/14/1857 4088/12/1858 4086/12/1859
f 4080/14/1857 4082/14/1860 4088/12/1858
f 4082/14/1861 4089/15/1862 4088/12/1863
f 4082/14/1861 4083/16/1864 4089/15/1862
f 4083/16/1865 4090/17/1866 4089/15/1867
f 4083/16/1865 4084/18/1868 4090/17/1866
f 4084/18/1869 4091/17/1870 4090/17/1871
f 4084/18/1869 4085/18/1869 4091/17/1870
f 4085/18/1872 4087/13/1873 4091/17/1874
f 4085/18/1872 4081/11/1875 4087/13/1873
f 4092/13/141 4087/13/141 4086/12/141
f 4092/13/141 4086/12/141 4088/12/141
f 4092/13/141 4088/12/141 4089/15/141
f 4092/13/141 4089/15/141 4090/17/141
f 4092/13/141 4090/17/141 4091/17/141
f 4092/13/141 4091/17/141 4087/13/141
f 4093/1/1876 4094/2/1877 4095/3/1876
f 4095/3/1876 4096/4/1878 4093/1/1876
f 4097/5/1879 4098/6/1879 4099/7/1879
f 4097/5/1880 4100/8/1880 4098/6/1880
f 4097/5/1881 4101/7/1881 4100/8/1881
f 4097/5/1882 4102/9/1882 4101/7/1882
f 4097/5/1883 4103/10/1883 4102/9/1883
f 4097/5/1884 4099/7/1884 4103/10/1884
f 4099/11/1885 4104/12/1886 4105/13/1887
f 4099/11/1885 4098/14/1888 4104/12/1886
f 4098/14/1889 4106/12/1890 4104/12/1891
f 4098/14/1889 4100/14/1892 4106/12/1890
f 4100/14/1893 4107/15/1894 4106/12/1895
f 4100/14/1893 4101/16/1896 4107/15/1894
f 4101/16/1897 4108/17/1898 4107/15/1899
f 4101/16/1897 4102/18/1900 4108/17/1898
f 4102/18/1901 4109/17/1902 4108/17/1902
f 4102/18/1901 4103/18/1903 4109/17/1902
f 4103/18/1904 4105/13/1904 4109/17/1904
f 4103/18/1904 4099/11/1904 4105/13/1904
f 4110/13/141 4105/13/141 4104/12/141
f 4110/13/141 4104/12/141 4106/12/141
f 4110/13/141 4106/12/141 4107/15/141
f 4110/13/141 4107/15/141 4108/17/141
f 4110/13/141 4108/17/141 4109/17/141
f 4110/13/141 4109/17/141 4105/13/141
f 4111/1/1905 4112/2/1905 4113/3/1905
f 4113/3/1905 4114/4/1905 4111/1/1905
f 4115/5/1906 4116/6/1906 4117/7/1906
f 4115/5/1907 4118/8/1907 4116/6/1907
f 4115/5/1908 4119/7/1908 4118/8/1908
f 4115/5/1909 4120/9/1909 4119/7/1909
f 4115/5/1910 4121/10/1910 4120/9/1910
f 4115/5/1911 4117/7/1911 4121/10/1911
f 4117/11/1912 4122/12/1913 4123/13/1914
f 4117/11/1912 4116/14/1915 4122/12/1913
f 4116/14/1916 4124/12/1917 4122/12/1918
f 4116/14/1916 4118/14/1919 4124/12/1917
f 4118/14/1920 4125/15/1921 4124/12/1922
f 4118/14/1920 4119/16/1923 4125/15/1921
f 4119/16/1924 4126/17/1925 4125/15/1926
f 4119/16/1924 4120/18/1927 4126/17/1925
f 4120/18/1928 4127/17/1929 4126/17/1930
f 4120/18/1928 4121/18/1931 4127/17/1929
f 4121/18/1932 4123/13/1933 4127/17/1934
f 4121/18/1932 4117/11/1935 4123/13/1933
f 4128/13/1936 4123/13/1936 4122/12/1937
f 4128/13/1936 4122/12/1937 4124/12/1938
f 4128/13/1936 4124/12/1938 4125/15/1939
f 4128/13/1936 4125/15/1939 4126/17/1939
f 4128/13/1936 4126/17/1939 4127/17/1936
f 4128/13/1936 4127/17/1936 4123/13/1936
f 4129/1/1940 4130/2/1941 4131/3/1941
f 4131/3/1941 4132/4/1940 4129/1/1940
f 4133/5/1942 4134/6/1942 4135/7/1942
f 4133/5/1943 4136/8/1943 4134/6/1943
f 4133/5/1944 4137/7/1944 4136/8/1944
f 4133/5/1945 4138/9/1945 4137/7/1945
f 4133/5/1946 4139/10/1946 4138/9/1946
f 4133/5/1947 4135/7/1947 4139/10/1947
f 4135/11/1948 4140/12/1949 4141/13/1950
f 4135/11/1948 4134/14/1951 4140/12/1949
f 4134/14/1952 4142/12/1953 4140/12/1954
f 4134/14/1952 4136/14/1952 4142/12/1953
f 4136/14/1955 4143/15/1956 4142/12/1957
f 4136/14/1955 4137/16/1955 4143/15/1956
f 4137/16/1958 4144/17/1959 4143/15/1960
f 4137/16/1958 4138/18/1961 4144/17/1959
f 4138/18/1962 4145/17/1963 4144/17/1964
f 4138/18/1962 4139/18/1962 4145/17/1963
f 4139/18/1965 4141/13/1966 4145/17/1967
f 4139/18/1965 4135/11/1968 4141/13/1966
f 4146/13/1969 4141/13/1969 4140/12/1969
f 4146/13/1969 4140/12/1969 4142/12/1970
f 4146/13/1969 4142/12/1970 4143/15/1970
f 4146/13/1969 4143/15/1970 4144/17/1970
f 4146/13/1969 4144/17/1970 4145/17/1970
f 4146/13/1969 4145/17/1970 4141/13/1969
f 4147/1/1971 4148/2/1972 4149/3/1971
f 4149/3/1971 4150/4/1973 4147/1/1971
f 4151/5/1974 4152/6/1974 4153/7/1974
f 4151/5/1975 4154/8/1975 4152/6/1975
f 4151/5/1976 4155/7/1976 4154/8/1976
f 4151/5/1977 4156/9/1977 4155/7/1977
f 4151/5/1978 4157/10/1978 4156/9/1978
f 4151/5/1979 4153/7/1979 4157/10/1979
f 4153/11/1980 4158/12/1981 4159/13/1982
f 4153/11/1980 4152/14/1983 4158/12/1981
f 4152/14/1984 4160/12/1985 4158/12/1986
f 4152/14/1984 4154/14/1987 4160/12/1985
f 4154/14/1988 4161/15/1989 4160/12/1990
f 4154/14/1988 4155/16/1991 4161/15/1989
f 4155/16/1992 4162/17/1993 4161/15/1994
f 4155/16/1992 4156/18/1995 4162/17/1993
f 4156/18/1996 4163/17/1997 4162/17/1998
f 4156/18/1996 4157/18/1996 4163/17/1997
f 4157/18/1999 4159/13/2000 4163/17/2001
f 4157/18/1999 4153/11/2002 4159/13/2000
f 4164/13/2003 4159/13/2004 4158/12/2003
f 4164/13/2003 4158/12/2003 4160/12/2003
f 4164/13/2003 4160/12/2003 4161/15/2003
f 4164/13/2003 4161/15/2003 4162/17/2003
f 4164/13/2003 4162/17/2003 4163/17/2004
f 4164/13/2003 4163/17/2004 4159/13/2004
f 4165/1/1064 4166/2/1064 4167/3/1064
f 4167/3/1064 4168/4/1064 4165/1/1064
f 4169/5/2005 4170/6/2005 4171/7/2005
f 4169/5/2006 4172/8/2006 4170/6/2006
f 4169/5/2007 4173/7/2007 4172/8/2007
f 4169/5/2008 4174/9/2008 4173/7/2008
f 4169/5/2009 4175/10/2009 4174/9/2009
f 4169/5/2010 4171/7/2010 4175/10/2010
f 4171/11/2011 4176/12/2012 4177/13/2013
f 4171/11/2011 4170/14/2014 4176/12/2012
f 4170/14/2015 4178/12/2016 4176/12/2017
f 4170/14/2015 4172/14/2018 4178/12/2016
f 4172/14/2019 4179/15/2020 4178/12/1080
f 4172/14/2019 4173/16/2021 4179/15/2020
f 4173/16/2022 4180/17/2023 4179/15/2024
f 4173/16/2022 4174/18/2025 4180/17/2023
f 4174/18/2026 4181/17/2027 4180/17/2027
f 4174/18/2026 4175/18/2026 4181/17/2027
f 4175/18/2028 4177/13/2029 4181/17/2030
f 4175/18/2028 4171/11/2031 4177/13/2029
f 4182/13/141 4177/13/141 4176/12/141
f 4182/13/141 4176/12/141 4178/12/141
f 4182/13/141 4178/12/141 4179/15/141
f 4182/13/141 4179/15/141 4180/17/141
f 4182/13/141 4180/17/141 4181/17/141
f 4182/13/141 4181/17/141 4177/13/141
f 4183/1/2032 4184/2/2033 4185/3/2032
f 4185/3/2032 4186/4/2034 4183/1/2032
f 4187/5/2035 4188/6/2035 4189/7/2035
f 4187/5/2036 4190/8/2036 4188/6/2036
f 4187/5/2037 4191/7/2037 4190/8/2037
f 4187/5/2038 4192/9/2038 4191/7/2038
f 4187/5/2039 4193/10/2039 4192/9/2039
f 4187/5/2040 4189/7/2040 4193/10/2040
f 4189/11/2041 4194/12/2042 4195/13/2042
f 4189/11/2041 4188/14/2043 4194/12/2042
f 4188/14/2044 4196/12/2045 4194/12/2046
f 4188/14/2044 4190/14/2047 4196/12/2045
f 4190/14/2048 4197/15/2049 4196/12/2050
f 4190/14/2048 4191/16/2051 4197/15/2049
f 4191/16/2052 4198/17/2053 4197/15/2054
f 4191/16/2052 4192/18/2055 4198/17/2053
f 4192/18/2056 4199/17/2057 4198/17/2058
f 4192/18/2056 4193/18/2056 4199/17/2057
f 4193/18/2059 4195/13/2060 4199/17/2061
f 4193/18/2059 4189/11/2062 4195/13/2060
f 4200/13/141 4195/13/141 4194/12/141
f 4200/13/141 4194/12/141 4196/12/141
f 4200/13/141 4196/12/141 4197/15/141
f 4200/13/141 4197/15/141 4198/17/141
f 4200/13/141 4198/17/141 4199/17/141
f 4200/13/141 4199/17/141 4195/13/141
f 4201/1/2063 4202/2/2063 4203/3/2063
f 4203/3/2063 4204/4/2063 4201/1/2063
f 4205/5/2064 4206/6/2064 4207/7/2064
f 4205/5/2065 4208/8/2065 4206/6/2065
f 4205/5/2066 4209/7/2066 4208/8/2066
f 4205/5/2067 4210/9/2067 4209/7/2067
f 4205/5/2068 4211/10/2068 4210/9/2068
f 4205/5/2069 4207/7/2069 4211/10/2069
f 4207/11/2070 4212/12/2071 4213/13/2072
f 4207/11/2070 4206/14/2073 4212/12/2071
f 4206/14/2074 4214/12/2075 4212/12/2076
f 4206/14/2074 4208/14/2074 4214/12/2075
f 4208/14/2077 4215/15/2078 4214/12/2078
f 4208/14/2077 4209/16/2079 4215/15/2078
f 4209/16/2080 4216/17/2081 4215/15/2082
f 4209/16/2080 4210/18/2083 4216/17/2081
f 4210/18/2084 4217/17/2085 4216/17/2086
f 4210/18/2084 4211/18/2087 4217/17/2085
f 4211/18/2088 4213/13/2089 4217/17/2090
f 4211/18/2088 4207/11/2091 4213/13/2089
f 4218/13/141 4213/13/141 4212/12/141
f 4218/13/141 4212/12/141 4214/12/141
f 4218/13/141 4214/12/141 4215/15/141
f 4218/13/141 4215/15/141 4216/17/141
f 4218/13/141 4216/17/141 4217/17/141
f 4218/13/141 4217/17/141 4213/13/141
f 4219/1/2092 4220/2/2093 4221/3/2094
f 4221/3/2094 4222/4/2095 4219/1/2092
f 4223/5/2096 4224/6/2096 4225/7/2096
f 4223/5/2097 4226/8/2097 4224/6/2097
f 4223/5/2098 4227/7/2098 4226/8/2098
f 4223/5/2099 4228/9/2099 4227/7/2099
f 4223/5/2100 4229/10/2100 4228/9/2100
f 4223/5/2101 4225/7/2101 4229/10/2101
f 4225/11/2102 4230/12/2103 4231/13/2104
f 4225/11/2102 4224/14/2105 4230/12/2103
f 4224/14/2106 4232/12/2107 4230/12/2108
f 4224/14/2106 4226/14/2109 4232/12/2107
f 4226/14/2110 4233/15/2111 4232/12/2112
f 4226/14/2110 4227/16/2113 4233/15/2111
f 4227/16/2114 4234/17/2115 4233/15/2116
f 4227/16/2114 4228/18/2117 4234/17/2115
f 4228/18/2118 4235/17/2119 4234/17/2120
f 4228/18/2118 4229/18/2121 4235/17/2119
f 4229/18/2122 4231/13/2123 4235/17/2124
f 4229/18/2122 4225/11/2125 4231/13/2123
f 4236/13/141 4231/13/141 4230/12/141
f 4236/13/141 4230/12/141 4232/12/141
f 4236/13/141 4232/12/141 4233/15/141
f 4236/13/141 4233/15/141 4234/17/141
f 4236/13/141 4234/17/141 4235/17/141
f 4236/13/141 4235/17/141 4231/13/141
f 4237/1/2126 4238/2/2127 4239/3/2128
f 4239/3/2128 4240/4/2129 4237/1/2126
f 4241/5/2130 4242/6/2130 4243/7/2130
f 4241/5/2131 4244/8/2131 4242/6/2131
f 4241/5/2132 4245/7/2132 4244/8/2132
f 4241/5/2133 4246/9/2134 4245/7/2135
f 4241/5/2136 4247/10/2136 4246/9/2136
f 4241/5/2137 4243/7/2137 4247/10/2138
f 4243/11/2139 4248/12/2140 4249/13/2141
f 4243/11/2139 4242/14/2142 4248/12/2140
f 4242/14/2143 4250/12/2144 4248/12/2145
f 4242/14/2143 4244/14/2146 4250/12/2144
f 4244/14/2147 4251/15/2148 4250/12/2149
f 4244/14/2147 4245/16/2150 4251/15/2148
f 4245/16/2151 4252/17/2152 4251/15/2153
f 4245/16/2151 4246/18/2154 4252/17/2152
f 4246/18/2155 4253/17/2156 4252/17/2157
f 4246/18/2155 4247/18/2158 4253/17/2156
f 4247/18/2159 4249/13/2160 4253/17/2161
f 4247/18/2159 4243/11/2162 4249/13/2160
f 4254/13/2163 4249/13/2164 4248/12/2163
f 4254/13/2163 4248/12/2163 4250/12/2163
f 4254/13/2163 4250/12/2163 4251/15/2163
f 4254/13/2163 4251/15/2163 4252/17/2163
f 4254/13/2163 4252/17/2163 4253/17/2163
f 4254/13/2163 4253/17/2163 4249/13/2164
f 4255/1/2165 4256/2/2166 4257/3/2167
f 4257/3/2167 4258/4/2168 4255/1/2165
f 4259/5/2169 4260/6/2170 4261/7/2171
f 4259/5/2169 4262/8/2172 4260/6/2170
f 4259/5/2173 4263/7/2173 4262/8/2173
f 4259/5/2174 4264/9/2175 4263/7/2176
f 4259/5/2174 4265/10/2177 4264/9/2175
f 4259/5/2178 4261/7/2178 4265/10/2178
f 4261/11/2179 4266/12/2180 4267/13/2181
f 4261/11/2179 4260/14/2182 4266/12/2180
f 4260/14/2183 4268/12/2184 4266/12/2185
f 4260/14/2183 4262/14/2186 4268/12/2184
f 4262/14/2187 4269/15/2188 4268/12/2189
f 4262/14/2187 4263/16/2190 4269/15/2188
f 4263/16/2191 4270/17/2192 4269/15/2193
f 4263/16/2191 4264/18/2194 4270/17/2192
f 4264/18/2195 4271/17/2196 4270/17/2197
f 4264/18/2195 4265/18/2198 4271/17/2196
f 4265/18/2199 4267/13/2200 4271/17/2201
f 4265/18/2199 4261/11/2202 4267/13/2200
f 4272/13/2203 4267/13/2204 4266/12/2203
f 4272/13/2203 4266/12/2203 4268/12/2203
f 4272/13/2203 4268/12/2203 4269/15/2205
f 4272/13/2203 4269/15/2205 4270/17/2206
f 4272/13/2203 4270/17/2206 4271/17/2206
f 4272/13/2203 4271/17/2206 4267/13/2204
f 4273/1/2207 4274/2/2208 4275/3/2209
f 4275/3/2209 4276/4/2210 4273/1/2207
f 4277/5/2211 4278/6/2212 4279/7/2213
f 4277/5/2211 4280/8/2214 4278/6/2212
f 4277/5/2215 4281/7/2215 4280/8/2215
f 4277/5/2216 4282/9/2217 4281/7/2218
f 4277/5/2216 4283/10/2219 4282/9/2217
f 4277/5/2220 4279/7/2220 4283/10/2220
f 4279/11/2221 4284/12/2222 4285/13/2223
f 4279/11/2221 4278/14/2224 4284/12/2222
f 4278/14/2225 4286/12/2226 4284/12/2227
f 4278/14/2225 4280/14/2228 4286/12/2226
f 4280/14/2229 4287/15/2230 4286/12/2231
f 4280/14/2229 4281/16/2232 4287/15/2230
f 4281/16/2233 4288/17/2234 4287/15/2235
f 4281/16/2233 4282/18/2236 4288/17/2234
f 4282/18/2237 4289/17/2238 4288/17/2239
f 4282/18/2237 4283/18/2240 4289/17/2238
f 4283/18/2241 4285/13/2242 4289/17/2243
f 4283/18/2241 4279/11/2244 4285/13/2242
f 4290/13/2245 4285/13/2246 4284/12/2246
f 4290/13/2245 4284/12/2246 4286/12/2245
f 4290/13/2245 4286/12/2245 4287/15/2247
f 4290/13/2245 4287/15/2247 4288/17/2245
f 4290/13/2245 4288/17/2245 4289/17/2246
f 4290/13/2245 4289/17/2246 4285/13/2246
f 4291/1/2248 4292/2/2248 4293/3/2248
f 4293/3/2248 4294/4/2248 4291/1/2248
f 4295/5/2249 4296/6/2249 4297/7/2249
f 4295/5/2250 4298/8/2250 4296/6/2250
f 4295/5/2251 4299/7/2251 4298/8/2251
f 4295/5/2252 4300/9/2252 4299/7/2252
f 4295/5/2253 4301/10/2253 4300/9/2253
f 4295/5/2254 4297/7/2254 4301/10/2254
f 4297/11/2255 4302/12/2256 4303/13/2257
f 4297/11/2255 4296/14/2258 4302/12/2256
f 4296/14/2259 4304/12/2260 4302/12/2261
f 4296/14/2259 4298/14/2262 4304/12/2260
f 4298/14/2263 4305/15/2264 4304/12/2265
f 4298/14/2263 4299/16/2266 4305/15/2264
f 4299/16/2267 4306/17/2268 4305/15/2269
f 4299/16/2267 4300/18/2270 4306/17/2268
f 4300/18/2271 4307/17/2272 4306/17/2273
f 4300/18/2271 4301/18/2274 4307/17/2272
f 4301/18/2275 4303/13/2276 4307/17/2277
f 4301/18/2275 4297/11/2278 4303/13/2276
f 4308/13/2279 4303/13/2280 4302/12/2281
f 4308/13/2279 4302/12/2281 4304/12/2282
f 4308/13/2279 4304/12/2282 4305/15/2283
f 4308/13/2279 4305/15/2283 4306/17/2279
f 4308/13/2279 4306/17/2279 4307/17/2279
f 4308/13/2279 4307/17/2279 4303/13/2280
f 4309/1/2284 4310/2/2285 4311/3/2284
f 4311/3/2284 4312/4/2285 4309/1/2284
f 4313/5/2286 4314/6/2286 4315/7/2286
f 4313/5/2287 4316/8/2287 4314/6/2287
f 4313/5/2288 4317/7/2288 4316/8/2288
f 4313/5/2289 4318/9/2289 4317/7/2289
f 4313/5/2290 4319/10/2290 4318/9/2290
f 4313/5/2291 4315/7/2291 4319/10/2291
f 4315/11/2292 4320/12/2293 4321/13/2294
f 4315/11/2292 4314/14/2295 4320/12/2293
f 4314/14/2296 4322/12/2297 4320/12/2298
f 4314/14/2296 4316/14/2299 4322/12/2297
f 4316/14/2300 4323/15/2301 4322/12/2302
f 4316/14/2300 4317/16/2303 4323/15/2301
f 4317/16/2304 4324/17/2305 4323/15/2306
f 4317/16/2304 4318/18/2307 4324/17/2305
f 4318/18/2308 4325/17/2309 4324/17/2310
f 4318/18/2308 4319/18/2311 4325/17/2309
f 4319/18/2312 4321/13/2313 4325/17/2314
f 4319/18/2312 4315/11/2315 4321/13/2313
f 4326/13/2316 4321/13/2316 4320/12/2316
f 4326/13/2316 4320/12/2316 4322/12/2316
f 4326/13/2316 4322/12/2316 4323/15/2316
f 4326/13/2316 4323/15/2316 4324/17/2316
f 4326/13/2316 4324/17/2316 4325/17/2316
f 4326/13/2316 4325/17/2316 4321/13/2316
f 4327/1/2317 4328/2/2318 4329/3/2317
f 4329/3/2317 4330/4/2319 4327/1/2317
f 4331/5/2320 4332/6/2320 4333/7/2320
f 4331/5/2321 4334/8/2321 4332/6/2321
f 4331/5/2322 4335/7/2322 4334/8/2322
f 4331/5/2323 4336/9/2323 4335/7/2323
f 4331/5/2324 4337/10/2325 4336/9/2324
f 4331/5/2326 4333/7/2326 4337/10/2326
f 4333/11/2327 4338/12/2328 4339/13/2329
f 4333/11/2327 4332/14/2330 4338/12/2328
f 4332/14/2331 4340/12/2332 4338/12/2333
f 4332/14/2331 4334/14/2334 4340/12/2332
f 4334/14/2335 4341/15/2336 4340/12/2336
f 4334/14/2335 4335/16/2335 4341/15/2336
f 4335/16/2337 4342/17/2338 4341/15/2339
f 4335/16/2337 4336/18/2340 4342/17/2338
f 4336/18/2341 4343/17/2342 4342/17/2343
f 4336/18/2341 4337/18/2344 4343/17/2342
f 4337/18/2345 4339/13/2346 4343/17/2347
f 4337/18/2345 4333/11/2348 4339/13/2346
f 4344/13/2349 4339/13/2350 4338/12/2350
f 4344/13/2349 4338/12/2350 4340/12/2349
f 4344/13/2349 4340/12/2349 4341/15/2349
f 4344/13/2349 4341/15/2349 4342/17/2349
f 4344/13/2349 4342/17/2349 4343/17/2350
f 4344/13/2349 4343/17/2350 4339/13/2350
f 4345/1/2351 4346/2/2352 4347/3/2353
f 4347/3/2353 4348/4/2354 4345/1/2351
f 4349/5/2355 4350/6/2355 4351/7/2355
f 4349/5/2356 4352/8/2356 4350/6/2356
f 4349/5/2357 4353/7/2358 4352/8/2359
f 4349/5/2360 4354/9/2360 4353/7/2360
f 4349/5/2361 4355/10/2361 4354/9/2361
f 4349/5/2362 4351/7/2362 4355/10/2362
f 4351/11/2363 4356/12/2364 4357/13/2365
f 4351/11/2363 4350/14/2366 4356/12/2364
f 4350/14/2367 4358/12/2368 4356/12/2369
f 4350/14/2367 4352/14/2370 4358/12/2368
f 4352/14/2371 4359/15/2372 4358/12/2373
f 4352/14/2371 4353/16/2374 4359/15/2372
f 4353/16/2375 4360/17/2376 4359/15/2377
f 4353/16/2375 4354/18/2378 4360/17/2376
f 4354/18/2379 4361/17/2379 4360/17/2379
f 4354/18/2379 4355/18/2380 4361/17/2379
f 4355/18/2381 4357/13/2382 4361/17/2383
f 4355/18/2381 4351/11/2384 4357/13/2382
f 4362/13/2385 4357/13/2385 4356/12/2385
f 4362/13/2385 4356/12/2385 4358/12/2385
f 4362/13/2385 4358/12/2385 4359/15/2385
f 4362/13/2385 4359/15/2385 4360/17/2385
f 4362/13/2385 4360/17/2385 4361/17/2385
f 4362/13/2385 4361/17/2385 4357/13/2385
f 4363/1/2386 4364/2/2387 4365/3/2386
f 4365/3/2386 4366/4/2388 4363/1/2386
f 4367/5/2389 4368/6/2389 4369/7/2389
f 4367/5/2390 4370/8/2390 4368/6/2390
f 4367/5/2391 4371/7/2391 4370/8/2392
f 4367/5/2393 4372/9/2393 4371/7/2393
f 4367/5/2394 4373/10/2394 4372/9/2394
f 4367/5/2395 4369/7/2395 4373/10/2395
f 4369/11/2396 4374/12/2397 4375/13/2398
f 4369/11/2396 4368/14/2399 4374/12/2397
f 4368/14/2400 4376/12/2401 4374/12/2402
f 4368/14/2400 4370/14/2403 4376/12/2401
f 4370/14/2404 4377/15/2405 4376/12/2406
f 4370/14/2404 4371/16/2407 4377/15/2405
f 4371/16/2408 4378/17/2409 4377/15/2410
f 4371/16/2408 4372/18/2411 4378/17/2409
f 4372/18/2412 4379/17/2413 4378/17/2414
f 4372/18/2412 4373/18/2412 4379/17/2413
f 4373/18/2415 4375/13/2416 4379/17/2417
f 4373/18/2415 4369/11/2418 4375/13/2416
f 4380/13/2419 4375/13/2419 4374/12/2419
f 4380/13/2419 4374/12/2419 4376/12/2419
f 4380/13/2419 4376/12/2419 4377/15/2419
f 4380/13/2419 4377/15/2419 4378/17/2419
f 4380/13/2419 4378/17/2419 4379/17/2419
f 4380/13/2419 4379/17/2419 4375/13/2419
f 4381/1/2420 4382/2/2420 4383/3/2420
f 4383/3/2420 4384/4/2420 4381/1/2420
f 4385/5/2421 4386/6/2421 4387/7/2421
f 4385/5/2422 4388/8/2422 4386/6/2422
f 4385/5/2423 4389/7/2423 4388/8/2423
f 4385/5/2424 4390/9/2424 4389/7/2424
f 4385/5/2425 4391/10/2425 4390/9/2425
f 4385/5/2426 4387/7/2426 4391/10/2426
f 4387/11/2427 4392/12/2428 4393/13/2429
f 4387/11/2427 4386/14/2430 4392/12/2428
f 4386/14/2431 4394/12/2432 4392/12/2433
f 4386/14/2431 4388/14/2434 4394/12/2432
f 4388/14/2435 4395/15/2436 4394/12/2437
f 4388/14/2435 4389/16/2438 4395/15/2436
f 4389/16/2439 4396/17/2440 4395/15/2441
f 4389/16/2439 4390/18/2442 4396/17/2440
f 4390/18/2443 4397/17/2444 4396/17/2444
f 4390/18/2443 4391/18/2443 4397/17/2444
f 4391/18/2445 4393/13/2446 4397/17/2447
f 4391/18/2445 4387/11/2448 4393/13/2446
f 4398/13/2449 4393/13/2449 4392/12/2449
f 4398/13/2449 4392/12/2449 4394/12/2449
f 4398/13/2449 4394/12/2449 4395/15/2449
f 4398/13/2449 4395/15/2449 4396/17/2449
f 4398/13/2449 4396/17/2449 4397/17/2449
f 4398/13/2449 4397/17/2449 4393/13/2449
f 4399/1/2450 4400/2/2451 4401/3/2452
f 4401/3/2452 4402/4/2450 4399/1/2450
f 4403/5/2453 4404/6/2453 4405/7/2453
f 4403/5/2454 4406/8/2454 4404/6/2454
f 4403/5/2455 4407/7/2455 4406/8/2455
f 4403/5/2456 4408/9/2456 4407/7/2456
f 4403/5/2457 4409/10/2457 4408/9/2457
f 4403/5/2458 4405/7/2458 4409/10/2458
f 4405/11/2459 4410/12/2460 4411/13/2461
f 4405/11/2459 4404/14/2462 4410/12/2460
f 4404/14/2463 4412/12/2464 4410/12/2465
f 4404/14/2463 4406/14/2466 4412/12/2464
f 4406/14/2467 4413/15/2468 4412/12/2469
f 4406/14/2467 4407/16/2470 4413/15/2468
f 4407/16/2471 4414/17/2472 4413/15/2473
f 4407/16/2471 4408/18/2474 4414/17/2472
f 4408/18/2475 4415/17/2476 4414/17/2477
f 4408/18/2475 4409/18/2475 4415/17/2476
f 4409/18/2478 4411/13/2479 4415/17/2480
f 4409/18/2478 4405/11/2481 4411/13/2479
f 4416/13/141 4411/13/141 4410/12/141
f 4416/13/141 4410/12/141 4412/12/141
f 4416/13/141 4412/12/141 4413/15/141
f 4416/13/141 4413/15/141 4414/17/141
f 4416/13/141 4414/17/141 4415/17/511
f 4416/13/141 4415/17/511 4411/13/141
f 4417/1/2482 4418/2/2483 4419/3/2482
f 4419/3/2482 4420/4/2484 4417/1/2482
f 4421/5/2485 4422/6/2485 4423/7/2485
f 4421/5/2486 4424/8/2486 4422/6/2486
f 4421/5/2487 4425/7/2487 4424/8/2487
f 4421/5/2488 4426/9/2488 4425/7/2488
f 4421/5/2489 4427/10/2489 4426/9/2489
f 4421/5/2490 4423/7/2490 4427/10/2490
f 4423/11/2491 4428/12/2492 4429/13/2493
f 4423/11/2491 4422/14/2494 4428/12/2492
f 4422/14/2495 4430/12/2496 4428/12/2497
f 4422/14/2495 4424/14/2498 4430/12/2496
f 4424/14/2499 4431/15/2500 4430/12/2501
f 4424/14/2499 4425/16/2502 4431/15/2500
f 4425/16/2503 4432/17/2504 4431/15/2505
f 4425/16/2503 4426/18/2506 4432/17/2504
f 4426/18/2507 4433/17/2508 4432/17/2509
f 4426/18/2507 4427/18/2510 4433/17/2508
f 4427/18/2511 4429/13/2512 4433/17/2513
f 4427/18/2511 4423/11/2514 4429/13/2512
f 4434/13/141 4429/13/141 4428/12/141
f 4434/13/141 4428/12/141 4430/12/141
f 4434/13/141 4430/12/141 4431/15/141
f 4434/13/141 4431/15/141 4432/17/141
f 4434/13/141 4432/17/141 4433/17/141
f 4434/13/141 4433/17/141 4429/13/141
f 4435/1/2515 4436/2/2515 4437/3/2515
f 4437/3/2515 4438/4/2515 4435/1/2515
f 4439/5/2516 4440/6/2516 4441/7/2516
f 4439/5/2517 4442/8/2517 4440/6/2517
f 4439/5/2518 4443/7/2518 4442/8/2518
f 4439/5/2519 4444/9/2519 4443/7/2519
f 4439/5/2520 4445/10/2520 4444/9/2520
f 4439/5/2521 4441/7/2521 4445/10/2521
f 4441/11/2522 4446/12/2523 4447/13/2524
f 4441/11/2522 4440/14/2525 4446/12/2523
f 4440/14/2526 4448/12/2527 4446/12/2528
f 4440/14/2526 4442/14/2529 4448/12/2527
f 4442/14/2530 4449/15/2531 4448/12/2532
f 4442/14/2530 4443/16/2533 4449/15/2531
f 4443/16/2534 4450/17/2535 4449/15/2536
f 4443/16/2534 4444/18/2537 4450/17/2535
f 4444/18/2538 4451/17/2539 4450/17/2540
f 4444/18/2538 4445/18/2541 4451/17/2539
f 4445/18/2542 4447/13/2543 4451/17/2544
f 4445/18/2542 4441/11/2545 4447/13/2543
f 4452/13/141 4447/13/141 4446/12/141
f 4452/13/141 4446/12/141 4448/12/141
f 4452/13/141 4448/12/141 4449/15/141
f 4452/13/141 4449/15/141 4450/17/141
f 4452/13/141 4450/17/141 4451/17/141
f 4452/13/141 4451/17/141 4447/13/141
f 4453/1/2546 4454/2/2547 4455/3/2546
f 4455/3/2546 4456/4/2548 4453/1/2546
f 4457/5/2549 4458/6/2549 4459/7/2549
f 4457/5/2550 4460/8/2550 4458/6/2550
f 4457/5/2551 4461/7/2551 4460/8/2551
f 4457/5/2552 4462/9/2552 4461/7/2552
f 4457/5/2553 4463/10/2553 4462/9/2553
f 4457/5/2554 4459/7/2554 4463/10/2554
f 4459/11/2555 4464/12/2556 4465/13/2557
f 4459/11/2555 4458/14/2558 4464/12/2556
f 4458/14/2559 4466/12/2560 4464/12/2561
f 4458/14/2559 4460/14/2562 4466/12/2560
f 4460/14/2563 4467/15/2564 4466/12/2565
f 4460/14/2563 4461/16/2566 4467/15/2564
f 4461/16/2567 4468/17/2568 4467/15/2569
f 4461/16/2567 4462/18/2570 4468/17/2568
f 4462/18/2571 4469/17/2572 4468/17/2573
f 4462/18/2571 4463/18/2574 4469/17/2572
f 4463/18/2575 4465/13/2576 4469/17/2577
f 4463/18/2575 4459/11/2575 4465/13/2576
f 4470/13/141 4465/13/141 4464/12/141
f 4470/13/141 4464/12/141 4466/12/141
f 4470/13/141 4466/12/141 4467/15/141
f 4470/13/141 4467/15/141 4468/17/141
f 4470/13/141 4468/17/141 4469/17/141
f 4470/13/141 4469/17/141 4465/13/141
f 4471/1/2578 4472/2/2578 4473/3/2578
f 4473/3/2578 4474/4/2578 4471/1/2578
f 4475/5/2579 4476/6/2579 4477/7/2579
f 4475/5/2580 4478/8/2580 4476/6/2580
f 4475/5/2581 4479/7/2581 4478/8/2581
f 4475/5/2582 4480/9/2582 4479/7/2582
f 4475/5/2583 4481/10/2583 4480/9/2583
f 4475/5/2584 4477/7/2584 4481/10/2584
f 4477/11/2585 4482/12/2586 4483/13/2586
f 4477/11/2585 4476/14/2587 4482/12/2586
f 4476/14/2588 4484/12/2589 4482/12/2590
f 4476/14/2588 4478/14/2591 4484/12/2589
f 4478/14/2592 4485/15/2593 4484/12/2594
f 4478/14/2592 4479/16/2595 4485/15/2593
f 4479/16/2596 4486/17/2597 4485/15/2598
f 4479/16/2596 4480/18/2599 4486/17/2597
f 4480/18/2600 4487/17/2601 4486/17/2602
f 4480/18/2600 4481/18/2603 4487/17/2601
f 4481/18/2604 4483/13/2605 4487/17/2606
f 4481/18/2604 4477/11/2607 4483/13/2605
f 4488/13/141 4483/13/141 4482/12/141
f 4488/13/141 4482/12/141 4484/12/141
f 4488/13/141 4484/12/141 4485/15/141
f 4488/13/141 4485/15/141 4486/17/141
f 4488/13/141 4486/17/141 4487/17/141
f 4488/13/141 4487/17/141 4483/13/141
f 4489/1/2608 4490/2/2609 4491/3/2610
f 4491/3/2610 4492/4/2611 4489/1/2608
f 4493/5/2612 4494/6/2612 4495/7/2612
f 4493/5/2613 4496/8/2613 4494/6/2613
f 4493/5/2614 4497/7/2614 4496/8/2614
f 4493/5/2615 4498/9/2615 4497/7/2615
f 4493/5/2616 4499/10/2616 4498/9/2616
f 4493/5/2617 4495/7/2617 4499/10/2617
f 4495/11/2618 4500/12/2619 4501/13/2620
f 4495/11/2618 4494/14/2621 4500/12/2619
f 4494/14/2622 4502/12/2623 4500/12/2624
f 4494/14/2622 4496/14/2622 4502/12/2623
f 4496/14/2625 4503/15/2626 4502/12/2627
f 4496/14/2625 4497/16/2628 4503/15/2626
f 4497/16/2629 4504/17/2630 4503/15/2631
f 4497/16/2629 4498/18/2629 4504/17/2630
f 4498/18/2632 4505/17/2633 4504/17/2634
f 4498/18/2632 4499/18/2635 4505/17/2633
f 4499/18/2636 4501/13/2637 4505/17/2638
f 4499/18/2636 4495/11/2639 4501/13/2637
f 4506/13/2640 4501/13/2641 4500/12/2642
f 4506/13/2640 4500/12/2642 4502/12/2643
f 4506/13/2640 4502/12/2643 4503/15/2643
f 4506/13/2640 4503/15/2643 4504/17/2640
f 4506/13/2640 4504/17/2640 4505/17/2640
f 4506/13/2640 4505/17/2640 4501/13/2641
f 4507/1/2608 4508/2/2644 4509/3/2645
f 4509/3/2645 4510/4/2646 4507/1/2608
f 4511/5/2647 4512/6/2647 4513/7/2647
f 4511/5/2648 4514/8/2648 4512/6/2648
f 4511/5/2649 4515/7/2650 4514/8/2651
f 4511/5/2652 4516/9/2652 4515/7/2652
f 4511/5/2653 4517/10/2653 4516/9/2653
f 4511/5/2654 4513/7/2654 4517/10/2654
f 4513/11/2655 4518/12/2656 4519/13/2657
f 4513/11/2655 4512/14/2658 4518/12/2656
f 4512/14/2659 4520/12/2660 4518/12/2661
f 4512/14/2659 4514/14/2662 4520/12/2660
f 4514/14/2663 4521/15/2664 4520/12/2665
f 4514/14/2663 4515/16/2666 4521/15/2664
f 4515/16/2667 4522/17/2668 4521/15/2669
f 4515/16/2667 4516/18/2670 4522/17/2668
f 4516/18/2671 4523/17/2672 4522/17/2673
f 4516/18/2671 4517/18/2674 4523/17/2672
f 4517/18/2675 4519/13/2676 4523/17/2677
f 4517/18/2675 4513/11/2678 4519/13/2676
f 4524/13/2679 4519/13/2680 4518/12/2680
f 4524/13/2679 4518/12/2680 4520/12/2679
f 4524/13/2679 4520/12/2679 4521/15/2681
f 4524/13/2679 4521/15/2681 4522/17/2681
f 4524/13/2679 4522/17/2681 4523/17/2682
f 4524/13/2679 4523/17/2682 4519/13/2680
f 4525/1/2683 4526/2/2684 4527/3/2685
f 4527/3/2685 4528/4/2686 4525/1/2683
f 4529/5/2687 4530/6/2687 4531/7/2687
f 4529/5/2688 4532/8/2688 4530/6/2688
f 4529/5/2689 4533/7/2689 4532/8/2689
f 4529/5/2690 4534/9/2690 4533/7/2690
f 4529/5/2691 4535/10/2691 4534/9/2691
f 4529/5/2692 4531/7/2692 4535/10/2692
f 4531/11/2693 4536/12/2694 4537/13/2695
f 4531/11/2693 4530/14/2696 4536/12/2694
f 4530/14/2697 4538/12/2698 4536/12/2699
f 4530/14/2697 4532/14/2700 4538/12/2698
f 4532/14/2701 4539/15/2702 4538/12/2703
f 4532/14/2701 4533/16/2704 4539/15/2702
f 4533/16/2705 4540/17/2706 4539/15/2707
f 4533/16/2705 4534/18/2708 4540/17/2706
f 4534/18/2709 4541/17/2710 4540/17/2711
f 4534/18/2709 4535/18/2712 4541/17/2710
f 4535/18/2713 4537/13/2714 4541/17/2715
f 4535/18/2713 4531/11/2716 4537/13/2714
f 4542/13/2717 4537/13/2718 4536/12/2719
f 4542/13/2717 4536/12/2719 4538/12/2719
f 4542/13/2717 4538/12/2719 4539/15/2719
f 4542/13/2717 4539/15/2719 4540/17/2717
f 4542/13/2717 4540/17/2717 4541/17/2718
f 4542/13/2717 4541/17/2718 4537/13/2718
f 4543/1/2720 4544/2/2720 4545/3/2720
f 4545/3/2720 4546/4/2720 4543/1/2720
f 4547/5/2721 4548/6/2721 4549/7/2721
f 4547/5/2722 4550/8/2722 4548/6/2722
f 4547/5/2723 4551/7/2723 4550/8/2723
f 4547/5/2724 4552/9/2724 4551/7/2724
f 4547/5/2725 4553/10/2725 4552/9/2725
f 4547/5/2726 4549/7/2726 4553/10/2726
f 4549/11/2727 4554/12/2728 4555/13/2729
f 4549/11/2727 4548/14/2730 4554/12/2728
f 4548/14/2731 4556/12/2732 4554/12/2733
f 4548/14/2731 4550/14/2734 4556/12/2732
f 4550/14/2735 4557/15/2736 4556/12/2737
f 4550/14/2735 4551/16/2738 4557/15/2736
f 4551/16/2739 4558/17/2740 4557/15/2741
f 4551/16/2739 4552/18/2742 4558/17/2740
f 4552/18/2743 4559/17/2744 4558/17/2745
f 4552/18/2743 4553/18/2746 4559/17/2744
f 4553/18/2747 4555/13/2748 4559/17/2749
f 4553/18/2747 4549/11/2750 4555/13/2748
f 4560/13/2751 4555/13/2752 4554/12/2753
f 4560/13/2751 4554/12/2753 4556/12/2754
f 4560/13/2751 4556/12/2754 4557/15/2754
f 4560/13/2751 4557/15/2754 4558/17/2755
f 4560/13/2751 4558/17/2755 4559/17/2755
f 4560/13/2751 4559/17/2755 4555/13/2752
f 4561/1/2756 4562/2/2757 4563/3/2756
f 4563/3/2756 4564/4/2758 4561/1/2756
f 4565/5/2759 4566/6/2759 4567/7/2759
f 4565/5/2760 4568/8/2760 4566/6/2760
f 4565/5/2761 4569/7/2761 4568/8/2761
f 4565/5/2762 4570/9/2762 4569/7/2762
f 4565/5/2763 4571/10/2763 4570/9/2763
f 4565/5/2764 4567/7/2764 4571/10/2764
f 4567/11/2765 4572/12/2766 4573/13/2767
f 4567/11/2765 4566/14/2768 4572/12/2766
f 4566/14/2769 4574/12/2770 4572/12/2771
f 4566/14/2769 4568/14/2772 4574/12/2770
f 4568/14/2773 4575/15/2774 4574/12/2775
f 4568/14/2773 4569/16/2776 4575/15/2774
f 4569/16/2777 4576/17/2778 4575/15/2779
f 4569/16/2777 4570/18/2780 4576/17/2778
f 4570/18/2781 4577/17/2782 4576/17/2783
f 4570/18/2781 4571/18/2781 4577/17/2782
f 4571/18/2784 4573/13/2785 4577/17/2786
f 4571/18/2784 4567/11/2787 4573/13/2785
f 4578/13/141 4573/13/141 4572/12/141
f 4578/13/141 4572/12/141 4574/12/141
f 4578/13/141 4574/12/141 4575/15/141
f 4578/13/141 4575/15/141 4576/17/141
f 4578/13/141 4576/17/141 4577/17/141
f 4578/13/141 4577/17/141 4573/13/141
f 4579/1/2758 4580/2/2758 4581/3/2758
f 4581/3/2758 4582/4/2758 4579/1/2758
f 4583/5/2788 4584/6/2788 4585/7/2788
f 4583/5/2789 4586/8/2789 4584/6/2789
f 4583/5/2790 4587/7/2790 4586/8/2790
f 4583/5/2791 4588/9/2791 4587/7/2791
f 4583/5/2792 4589/10/2792 4588/9/2792
f 4583/5/2793 4585/7/2793 4589/10/2793
f 4585/11/2794 4590/12/2795 4591/13/2796
f 4585/11/2794 4584/14/2797 4590/12/2795
f 4584/14/2798 4592/12/2799 4590/12/2800
f 4584/14/2798 4586/14/2798 4592/12/2799
f 4586/14/2801 4593/15/2802 4592/12/2803
f 4586/14/2801 4587/16/2801 4593/15/2802
f 4587/16/2804 4594/17/2805 4593/15/2806
f 4587/16/2804 4588/18/2807 4594/17/2805
f 4588/18/2808 4595/17/2809 4594/17/2810
f 4588/18/2808 4589/18/2808 4595/17/2809
f 4589/18/2811 4591/13/2812 4595/17/2813
f 4589/18/2811 4585/11/2814 4591/13/2812
f 4596/13/141 4591/13/141 4590/12/141
f 4596/13/141 4590/12/141 4592/12/141
f 4596/13/141 4592/12/141 4593/15/141
f 4596/13/141 4593/15/141 4594/17/141
f 4596/13/141 4594/17/141 4595/17/141
f 4596/13/141 4595/17/141 4591/13/141
f 4597/1/2815 4598/2/2816 4599/3/2815
f 4599/3/2815 4600/4/2815 4597/1/2815
f 4601/5/2817 4602/6/2817 4603/7/2817
f 4601/5/2818 4604/8/2818 4602/6/2818
f 4601/5/2819 4605/7/2819 4604/8/2819
f 4601/5/2820 4606/9/2820 4605/7/2820
f 4601/5/2821 4607/10/2821 4606/9/2821
f 4601/5/2822 4603/7/2822 4607/10/2822
f 4603/11/2823 4608/12/2824 4609/13/2825
f 4603/11/2823 4602/14/2826 4608/12/2824
f 4602/14/2827 4610/12/2828 4608/12/2829
f 4602/14/2827 4604/14/2827 4610/12/2828
f 4604/14/2830 4611/15/2831 4610/12/2832
f 4604/14/2830 4605/16/2833 4611/15/2831
f 4605/16/2834 4612/17/2835 4611/15/2836
f 4605/16/2834 4606/18/2837 4612/17/2835
f 4606/18/2838 4613/17/2838 4612/17/2838
f 4606/18/2838 4607/18/2839 4613/17/2838
f 4607/18/2840 4609/13/2841 4613/17/2841
f 4607/18/2840 4603/11/2840 4609/13/2841
f 4614/13/141 4609/13/141 4608/12/141
f 4614/13/141 4608/12/141 4610/12/141
f 4614/13/141 4610/12/141 4611/15/141
f 4614/13/141 4611/15/141 4612/17/141
f 4614/13/141 4612/17/141 4613/17/141
f 4614/13/141 4613/17/141 4609/13/141
f 4615/1/2842 4616/2/2843 4617/3/2844
f 4617/3/2844 4618/4/2845 4615/1/2842
f 4619/5/2846 4620/6/2846 4621/7/2846
f 4619/5/2847 4622/8/2847 4620/6/2847
f 4619/5/2848 4623/7/2848 4622/8/2848
f 4619/5/2849 4624/9/2849 4623/7/2849
f 4619/5/2850 4625/10/2850 4624/9/2850
f 4619/5/2851 4621/7/2851 4625/10/2851
f 4621/11/2852 4626/12/2853 4627/13/2854
f 4621/11/2852 4620/14/2855 4626/12/2853
f 4620/14/2856 4628/12/2857 4626/12/2857
f 4620/14/2856 4622/14/2856 4628/12/2857
f 4622/14/2858 4629/15/2859 4628/12/2860
f 4622/14/2858 4623/16/2861 4629/15/2859
f 4623/16/2862 4630/17/2863 4629/15/2864
f 4623/16/2862 4624/18/2865 4630/17/2863
f 4624/18/2866 4631/17/2867 4630/17/2868
f 4624/18/2866 4625/18/2869 4631/17/2867
f 4625/18/2870 4627/13/2871 4631/17/2872
f 4625/18/2870 4621/11/2873 4627/13/2871
f 4632/13/2874 4627/13/2874 4626/12/2874
f 4632/13/2874 4626/12/2874 4628/12/2875
f 4632/13/2874 4628/12/2875 4629/15/2874
f 4632/13/2874 4629/15/2874 4630/17/2876
f 4632/13/2874 4630/17/2876 4631/17/2874
f 4632/13/2874 4631/17/2874 4627/13/2874
f 4633/1/2877 4634/2/2877 4635/3/2877
f 4635/3/2877 4636/4/2877 4633/1/2877
f 4637/5/2878 4638/6/2878 4639/7/2878
f 4637/5/2879 4640/8/2879 4638/6/2879
f 4637/5/2880 4641/7/2880 4640/8/2880
f 4637/5/2881 4642/9/2881 4641/7/2881
f 4637/5/2882 4643/10/2882 4642/9/2882
f 4637/5/2883 4639/7/2883 4643/10/2883
f 4639/11/2884 4644/12/2885 4645/13/2885
f 4639/11/2884 4638/14/2884 4644/12/2885
f 4638/14/2886 4646/12/2887 4644/12/2888
f 4638/14/2886 4640/14/2886 4646/12/2887
f 4640/14/2889 4647/15/2890 4646/12/2891
f 4640/14/2889 4641/16/2892 4647/15/2890
f 4641/16/2893 4648/17/2894 4647/15/2895
f 4641/16/2893 4642/18/2896 4648/17/2894
f 4642/18/2897 4649/17/2898 4648/17/2899
f 4642/18/2897 4643/18/2900 4649/17/2898
f 4643/18/2901 4645/13/2902 4649/17/2903
f 4643/18/2901 4639/11/2904 4645/13/2902
f 4650/13/2905 4645/13/2906 4644/12/2905
f 4650/13/2905 4644/12/2905 4646/12/2905
f 4650/13/2905 4646/12/2905 4647/15/2905
f 4650/13/2905 4647/15/2905 4648/17/2907
f 4650/13/2905 4648/17/2907 4649/17/2907
f 4650/13/2905 4649/17/2907 4645/13/2906
f 4651/1/2908 4652/2/2909 4653/3/2910
f 4653/3/2910 4654/4/2911 4651/1/2908
f 4655/5/2912 4656/6/2912 4657/7/2912
f 4655/5/2913 4658/8/2913 4656/6/2913
f 4655/5/2914 4659/7/2914 4658/8/2914
f 4655/5/2915 4660/9/2915 4659/7/2915
f 4655/5/2916 4661/10/2916 4660/9/2916
f 4655/5/2917 4657/7/2917 4661/10/2917
f 4657/11/2918 4662/12/2919 4663/13/2920
f 4657/11/2918 4656/14/2918 4662/12/2919
f 4656/14/2921 4664/12/2922 4662/12/2923
f 4656/14/2921 4658/14/2924 4664/12/2922
f 4658/14/2925 4665/15/2926 4664/12/2927
f 4658/14/2925 4659/16/2928 4665/15/2926
f 4659/16/2929 4666/17/2930 4665/15/2931
f 4659/16/2929 4660/18/2932 4666/17/2930
f 4660/18/2933 4667/17/2934 4666/17/2934
f 4660/18/2933 4661/18/2935 4667/17/2934
f 4661/18/2936 4663/13/2937 4667/17/2937
f 4661/18/2936 4657/11/2938 4663/13/2937
f 4668/13/2939 4663/13/2939 4662/12/2939
f 4668/13/2939 4662/12/2939 4664/12/2939
f 4668/13/2939 4664/12/2939 4665/15/2940
f 4668/13/2939 4665/15/2940 4666/17/2941
f 4668/13/2939 4666/17/2941 4667/17/2940
f 4668/13/2939 4667/17/2940 4663/13/2939
f 4669/1/2942 4670/2/2942 4671/3/2942
f 4671/3/2942 4672/4/2942 4669/1/2942
f 4673/5/2943 4674/6/2943 4675/7/2943
f 4673/5/2944 4676/8/2944 4674/6/2944
f 4673/5/2945 4677/7/2945 4676/8/2945
f 4673/5/2946 4678/9/2946 4677/7/2946
f 4673/5/2947 4679/10/2947 4678/9/2947
f 4673/5/2948 4675/7/2948 4679/10/2948
f 4675/11/2949 4680/12/2950 4681/13/2951
f 4675/11/2949 4674/14/2952 4680/12/2950
f 4674/14/2953 4682/12/2954 4680/12/2955
f 4674/14/2953 4676/14/2956 4682/12/2954
f 4676/14/2957 4683/15/2958 4682/12/2959
f 4676/14/2957 4677/16/2960 4683/15/2958
f 4677/16/2961 4684/17/2962 4683/15/2963
f 4677/16/2961 4678/18/2964 4684/17/2962
f 4678/18/2965 4685/17/2966 4684/17/2966
f 4678/18/2965 4679/18/2967 4685/17/2966
f 4679/18/2968 4681/13/2969 4685/17/2970
f 4679/18/2968 4675/11/2971 4681/13/2969
f 4686/13/2972 4681/13/2973 4680/12/2974
f 4686/13/2972 4680/12/2974 4682/12/2975
f 4686/13/2972 4682/12/2975 4683/15/2976
f 4686/13/2972 4683/15/2976 4684/17/2977
f 4686/13/2972 4684/17/2977 4685/17/2972
f 4686/13/2972 4685/17/2972 4681/13/2973
f 4687/1/2978 4688/2/2979 4689/3/2978
f 4689/3/2978 4690/4/2980 4687/1/2978
f 4691/5/2981 4692/6/2981 4693/7/2981
f 4691/5/2982 4694/8/2982 4692/6/2982
f 4691/5/2983 4695/7/2983 4694/8/2983
f 4691/5/2984 4696/9/2984 4695/7/2984
f 4691/5/2985 4697/10/2985 4696/9/2985
f 4691/5/2986 4693/7/2986 4697/10/2986
f 4693/11/2987 4698/12/2988 4699/13/2989
f 4693/11/2987 4692/14/2990 4698/12/2988
f 4692/14/2991 4700/12/2992 4698/12/2993
f 4692/14/2991 4694/14/2994 4700/12/2992
f 4694/14/2995 4701/15/2996 4700/12/2997
f 4694/14/2995 4695/16/2998 4701/15/2996
f 4695/16/2999 4702/17/3000 4701/15/3001
f 4695/16/2999 4696/18/3002 4702/17/3000
f 4696/18/3003 4703/17/3004 4702/17/3004
f 4696/18/3003 4697/18/3005 4703/17/3004
f 4697/18/3006 4699/13/3007 4703/17/3008
f 4697/18/3006 4693/11/3009 4699/13/3007
f 4704/13/3010 4699/13/3010 4698/12/3010
f 4704/13/3010 4698/12/3010 4700/12/3011
f 4704/13/3010 4700/12/3011 4701/15/3011
f 4704/13/3010 4701/15/3011 4702/17/3010
f 4704/13/3010 4702/17/3010 4703/17/3010
f 4704/13/3010 4703/17/3010 4699/13/3010
f 4705/1/3012 4706/2/3013 4707/3/3012
f 4707/3/3012 4708/4/3014 4705/1/3012
f 4709/5/3015 4710/6/3015 4711/7/3015
f 4709/5/3016 4712/8/3016 4710/6/3016
f 4709/5/3017 4713/7/3017 4712/8/3017
f 4709/5/3018 4714/9/3018 4713/7/3018
f 4709/5/3019 4715/10/3019 4714/9/3019
f 4709/5/3020 4711/7/3020 4715/10/3020
f 4711/11/3021 4716/12/3022 4717/13/3023
f 4711/11/3021 4710/14/3024 4716/12/3022
f 4710/14/3025 4718/12/3026 4716/12/3027
f 4710/14/3025 4712/14/3028 4718/12/3026
f 4712/14/3029 4719/15/3030 4718/12/3031
f 4712/14/3029 4713/16/3032 4719/15/3030
f 4713/16/3033 4720/17/3034 4719/15/3035
f 4713/16/3033 4714/18/3033 4720/17/3034
f 4714/18/3036 4721/17/3037 4720/17/3038
f 4714/18/3036 4715/18/3039 4721/17/3037
f 4715/18/3040 4717/13/3041 4721/17/3042
f 4715/18/3040 4711/11/3043 4717/13/3041
f 4722/13/3044 4717/13/3044 4716/12/3044
f 4722/13/3044 4716/12/3044 4718/12/3045
f 4722/13/3044 4718/12/3045 4719/15/3046
f 4722/13/3044 4719/15/3046 4720/17/3047
f 4722/13/3044 4720/17/3047 4721/17/3044
f 4722/13/3044 4721/17/3044 4717/13/3044
f 4723/1/3048 4724/2/3048 4725/3/3048
f 4725/3/3048 4726/4/3048 4723/1/3048
f 4727/5/3049 4728/6/3049 4729/7/3049
f 4727/5/3050 4730/8/3050 4728/6/3050
f 4727/5/3051 4731/7/3051 4730/8/3051
f 4727/5/3052 4732/9/3052 4731/7/3052
f 4727/5/3053 4733/10/3053 4732/9/3053
f 4727/5/3054 4729/7/3054 4733/10/3054
f 4729/11/3055 4734/12/3056 4735/13/3057
f 4729/11/3055 4728/14/3058 4734/12/3056
f 4728/14/3059 4736/12/3060 4734/12/3061
f 4728/14/3059 4730/14/3062 4736/12/3060
f 4730/14/3063 4737/15/3064 4736/12/3065
f 4730/14/3063 4731/16/3066 4737/15/3064
f 4731/16/3067 4738/17/3068 4737/15/3069
f 4731/16/3067 4732/18/3070 4738/17/3068
f 4732/18/3071 4739/17/3072 4738/17/3073
f 4732/18/3071 4733/18/3071 4739/17/3072
f 4733/18/3074 4735/13/3075 4739/17/3076
f 4733/18/3074 4729/11/3077 4735/13/3075
f 4740/13/3078 4735/13/3079 4734/12/3080
f 4740/13/3078 4734/12/3080 4736/12/3081
f 4740/13/3078 4736/12/3081 4737/15/3082
f 4740/13/3078 4737/15/3082 4738/17/3083
f 4740/13/3078 4738/17/3083 4739/17/3084
f 4740/13/3078 4739/17/3084 4735/13/3079
f 4741/1/3085 4742/2/3086 4743/3/3087
f 4743/3/3087 4744/4/3088 4741/1/3085
f 4745/5/3089 4746/6/3089 4747/7/3089
f 4745/5/3090 4748/8/3090 4746/6/3090
f 4745/5/3091 4749/7/3091 4748/8/3091
f 4745/5/3092 4750/9/3092 4749/7/3092
f 4745/5/3093 4751/10/3093 4750/9/3093
f 4745/5/3094 4747/7/3095 4751/10/3094
f 4747/11/3096 4752/12/3097 4753/13/3098
f 4747/11/3096 4746/14/3099 4752/12/3097
f 4746/14/3100 4754/12/3101 4752/12/3102
f 4746/14/3100 4748/14/3103 4754/12/3101
f 4748/14/3104 4755/15/3105 4754/12/3106
f 4748/14/3104 4749/16/3107 4755/15/3105
f 4749/16/3108 4756/17/3109 4755/15/3110
f 4749/16/3108 4750/18/3111 4756/17/3109
f 4750/18/3112 4757/17/3112 4756/17/3112
f 4750/18/3112 4751/18/3112 4757/17/3112
f 4751/18/3113 4753/13/3114 4757/17/3115
f 4751/18/3113 4747/11/3116 4753/13/3114
f 4758/13/3117 4753/13/3117 4752/12/3117
f 4758/13/3117 4752/12/3117 4754/12/3117
f 4758/13/3117 4754/12/3117 4755/15/3118
f 4758/13/3117 4755/15/3118 4756/17/3118
f 4758/13/3117 4756/17/3118 4757/17/3117
f 4758/13/3117 4757/17/3117 4753/13/3117
f 4759/1/3119 4760/2/3120 4761/3/3120
f 4761/3/3120 4762/4/3119 4759/1/3119
f 4763/5/3121 4764/6/3121 4765/7/3121
f 4763/5/3122 4766/8/3122 4764/6/3122
f 4763/5/3123 4767/7/3123 4766/8/3123
f 4763/5/3124 4768/9/3124 4767/7/3124
f 4763/5/3125 4769/10/3125 4768/9/3125
f 4763/5/3126 4765/7/3126 4769/10/3126
f 4765/11/3127 4770/12/3128 4771/13/3129
f 4765/11/3127 4764/14/3130 4770/12/3128
f 4764/14/3131 4772/12/3132 4770/12/3133
f 4764/14/3131 4766/14/3134 4772/12/3132
f 4766/14/3135 4773/15/3136 4772/12/3137
f 4766/14/3135 4767/16/3138 4773/15/3136
f 4767/16/3139 4774/17/3140 4773/15/3141
f 4767/16/3139 4768/18/3142 4774/17/3140
f 4768/18/3143 4775/17/3144 4774/17/3145
f 4768/18/3143 4769/18/3146 4775/17/3144
f 4769/18/3147 4771/13/3148 4775/17/3149
f 4769/18/3147 4765/11/3150 4771/13/3148
f 4776/13/3151 4771/13/3152 4770/12/3153
f 4776/13/3151 4770/12/3153 4772/12/3151
f 4776/13/3151 4772/12/3151 4773/15/3154
f 4776/13/3151 4773/15/3154 4774/17/3154
f 4776/13/3151 4774/17/3154 4775/17/3151
f 4776/13/3151 4775/17/3151 4771/13/3152
f 4777/1/3155 4778/2/3155 4779/3/3155
f 4779/3/3155 4780/4/3155 4777/1/3155
f 4781/5/3156 4782/6/3156 4783/7/3156
f 4781/5/3157 4784/8/3157 4782/6/3157
f 4781/5/3158 4785/7/3158 4784/8/3158
f 4781/5/3159 4786/9/3159 4785/7/3159
f 4781/5/3160 4787/10/3160 4786/9/3160
f 4781/5/3161 4783/7/3161 4787/10/3161
f 4783/11/3162 4788/12/3163 4789/13/3164
f 4783/11/3162 4782/14/3165 4788/12/3163
f 4782/14/3166 4790/12/3167 4788/12/3168
f 4782/14/3166 4784/14/3169 4790/12/3167
f 4784/14/3170 4791/15/3171 4790/12/3172
f 4784/14/3170 4785/16/3173 4791/15/3171
f 4785/16/3174 4792/17/3175 4791/15/3176
f 4785/16/3174 4786/18/3177 4792/17/3175
f 4786/18/3178 4793/17/3179 4792/17/3180
f 4786/18/3178 4787/18/3181 4793/17/3179
f 4787/18/3182 4789/13/3183 4793/17/3184
f 4787/18/3182 4783/11/3185 4789/13/3183
f 4794/13/3186 4789/13/3187 4788/12/3186
f 4794/13/3186 4788/12/3186 4790/12/3188
f 4794/13/3186 4790/12/3188 4791/15/3188
f 4794/13/3186 4791/15/3188 4792/17/3186
f 4794/13/3186 4792/17/3186 4793/17/3187
f 4794/13/3186 4793/17/3187 4789/13/3187
f 4795/1/3189 4796/2/3189 4797/3/3189
f 4797/3/3189 4798/4/3189 4795/1/3189
f 4799/5/3190 4800/6/3190 4801/7/3190
f 4799/5/3191 4802/8/3191 4800/6/3191
f 4799/5/3192 4803/7/3192 4802/8/3192
f 4799/5/3193 4804/9/3193 4803/7/3193
f 4799/5/3194 4805/10/3194 4804/9/3194
f 4799/5/3195 4801/7/3195 4805/10/3195
f 4801/11/3196 4806/12/3197 4807/13/3198
f 4801/11/3196 4800/14/3199 4806/12/3197
f 4800/14/3200 4808/12/3201 4806/12/3202
f 4800/14/3200 4802/14/3203 4808/12/3201
f 4802/14/3204 4809/15/3205 4808/12/3206
f 4802/14/3204 4803/16/3204 4809/15/3205
f 4803/16/3207 4810/17/3208 4809/15/3209
f 4803/16/3207 4804/18/3210 4810/17/3208
f 4804/18/3211 4811/17/3212 4810/17/3212
f 4804/18/3211 4805/18/3211 4811/17/3212
f 4805/18/3213 4807/13/3214 4811/17/3214
f 4805/18/3213 4801/11/3213 4807/13/3214
f 4812/13/3215 4807/13/3216 4806/12/3216
f 4812/13/3215 4806/12/3216 4808/12/3215
f 4812/13/3215 4808/12/3215 4809/15/3217
f 4812/13/3215 4809/15/3217 4810/17/3215
f 4812/13/3215 4810/17/3215 4811/17/3216
f 4812/13/3215 4811/17/3216 4807/13/3216
f 4813/1/3218 4814/2/3189 4815/3/3218
f 4815/3/3218 4816/4/3219 4813/1/3218
f 4817/5/3220 4818/6/3220 4819/7/3220
f 4817/5/3221 4820/8/3221 4818/6/3221
f 4817/5/3222 4821/7/3222 4820/8/3222
f 4817/5/3223 4822/9/3223 4821/7/3223
f 4817/5/3224 4823/10/3224 4822/9/3224
f 4817/5/3225 4819/7/3225 4823/10/3225
f 4819/11/3226 4824/12/3227 4825/13/3227
f 4819/11/3226 4818/14/3228 4824/12/3227
f 4818/14/3229 4826/12/3230 4824/12/3230
f 4818/14/3229 4820/14/3229 4826/12/3230
f 4820/14/3204 4827/15/3231 4826/12/3232
f 4820/14/3204 4821/16/3233 4827/15/3231
f 4821/16/3234 4828/17/3235 4827/15/3236
f 4821/16/3234 4822/18/3237 4828/17/3235
f 4822/18/3238 4829/17/3239 4828/17/3240
f 4822/18/3238 4823/18/3241 4829/17/3239
f 4823/18/3242 4825/13/3243 4829/17/3244
f 4823/18/3242 4819/11/3245 4825/13/3243
f 4830/13/3246 4825/13/3247 4824/12/3247
f 4830/13/3246 4824/12/3247 4826/12/3248
f 4830/13/3246 4826/12/3248 4827/15/3248
f 4830/13/3246 4827/15/3248 4828/17/3246
f 4830/13/3246 4828/17/3246 4829/17/3246
f 4830/13/3246 4829/17/3246 4825/13/3247
f 4831/1/3249 4832/2/3250 4833/3/3249
f 4833/3/3249 4834/4/3251 4831/1/3249
f 4835/5/3252 4836/6/3252 4837/7/3252
f 4835/5/3253 4838/8/3253 4836/6/3253
f 4835/5/3254 4839/7/3254 4838/8/3254
f 4835/5/3255 4840/9/3255 4839/7/3255
f 4835/5/3256 4841/10/3256 4840/9/3256
f 4835/5/3257 4837/7/3257 4841/10/3257
f 4837/11/3258 4842/12/3259 4843/13/3260
f 4837/11/3258 4836/14/3261 4842/12/3259
f 4836/14/3262 4844/12/3263 4842/12/3264
f 4836/14/3262 4838/14/3265 4844/12/3263
f 4838/14/3266 4845/15/3267 4844/12/3268
f 4838/14/3266 4839/16/3269 4845/15/3267
f 4839/16/3270 4846/17/3271 4845/15/3272
f 4839/16/3270 4840/18/3273 4846/17/3271
f 4840/18/3274 4847/17/3275 4846/17/3276
f 4840/18/3274 4841/18/3277 4847/17/3275
f 4841/18/3278 4843/13/3279 4847/17/3280
f 4841/18/3278 4837/11/3281 4843/13/3279
f 4848/13/3282 4843/13/3283 4842/12/3282
f 4848/13/3282 4842/12/3282 4844/12/3284
f 4848/13/3282 4844/12/3284 4845/15/3285
f 4848/13/3282 4845/15/3285 4846/17/3286
f 4848/13/3282 4846/17/3286 4847/17/3282
f 4848/13/3282 4847/17/3282 4843/13/3283
f 4849/1/3287 4850/2/3288 4851/3/3289
f 4851/3/3289 4852/4/3290 4849/1/3287
f 4853/5/3291 4854/6/3291 4855/7/3291
f 4853/5/3292 4856/8/3292 4854/6/3292
f 4853/5/3293 4857/7/3293 4856/8/3293
f 4853/5/3294 4858/9/3294 4857/7/3294
f 4853/5/3295 4859/10/3295 4858/9/3295
f 4853/5/3296 4855/7/3296 4859/10/3296
f 4855/11/3297 4860/12/3298 4861/13/3299
f 4855/11/3297 4854/14/3300 4860/12/3298
f 4854/14/3301 4862/12/3302 4860/12/3303
f 4854/14/3301 4856/14/3304 4862/12/3302
f 4856/14/3305 4863/15/3306 4862/12/3307
f 4856/14/3305 4857/16/3308 4863/15/3306
f 4857/16/3309 4864/17/3310 4863/15/3311
f 4857/16/3309 4858/18/3312 4864/17/3310
f 4858/18/3313 4865/17/3314 4864/17/3315
f 4858/18/3313 4859/18/3313 4865/17/3314
f 4859/18/3316 4861/13/3317 4865/17/3318
f 4859/18/3316 4855/11/3319 4861/13/3317
f 4866/13/3320 4861/13/3321 4860/12/3322
f 4866/13/3320 4860/12/3322 4862/12/3323
f 4866/13/3320 4862/12/3323 4863/15/3324
f 4866/13/3320 4863/15/3324 4864/17/3324
f 4866/13/3320 4864/17/3324 4865/17/3320
f 4866/13/3320 4865/17/3320 4861/13/3321
f 4867/1/3325 4868/2/3326 4869/3/3325
f 4869/3/3325 4870/4/3327 4867/1/3325
f 4871/5/3328 4872/6/3328 4873/7/3328
f 4871/5/3329 4874/8/3329 4872/6/3329
f 4871/5/3330 4875/7/3330 4874/8/3330
f 4871/5/3331 4876/9/3331 4875/7/3331
f 4871/5/3332 4877/10/3332 4876/9/3332
f 4871/5/3333 4873/7/3333 4877/10/3333
f 4873/11/3334 4878/12/3335 4879/13/3336
f 4873/11/3334 4872/14/3337 4878/12/3335
f 4872/14/3338 4880/12/3339 4878/12/3340
f 4872/14/3338 4874/14/3341 4880/12/3339
f 4874/14/3342 4881/15/3343 4880/12/3344
f 4874/14/3342 4875/16/3345 4881/15/3343
f 4875/16/3346 4882/17/3347 4881/15/3348
f 4875/16/3346 4876/18/3349 4882/17/3347
f 4876/18/3350 4883/17/3351 4882/17/3352
f 4876/18/3350 4877/18/3353 4883/17/3351
f 4877/18/3354 4879/13/3355 4883/17/3356
f 4877/18/3354 4873/11/3357 4879/13/3355
f 4884/13/3358 4879/13/3359 4878/12/3360
f 4884/13/3358 4878/12/3360 4880/12/3358
f 4884/13/3358 4880/12/3358 4881/15/3361
f 4884/13/3358 4881/15/3361 4882/17/3361
f 4884/13/3358 4882/17/3361 4883/17/3362
f 4884/13/3358 4883/17/3362 4879/13/3359
f 4885/1/3363 4886/2/3363 4887/3/3363
f 4887/3/3363 4888/4/3363 4885/1/3363
f 4889/5/3364 4890/6/3364 4891/7/3364
f 4889/5/3365 4892/8/3365 4890/6/3365
f 4889/5/3366 4893/7/3366 4892/8/3366
f 4889/5/3367 4894/9/3367 4893/7/3367
f 4889/5/3368 4895/10/3368 4894/9/3368
f 4889/5/3369 4891/7/3369 4895/10/3369
f 4891/11/3370 4896/12/3371 4897/13/3372
f 4891/11/3370 4890/14/3373 4896/12/3371
f 4890/14/3374 4898/12/3375 4896/12/3376
f 4890/14/3374 4892/14/3377 4898/12/3375
f 4892/14/3378 4899/15/3379 4898/12/3380
f 4892/14/3378 4893/16/3381 4899/15/3379
f 4893/16/3382 4900/17/3383 4899/15/3384
f 4893/16/3382 4894/18/3385 4900/17/3383
f 4894/18/3386 4901/17/3387 4900/17/3388
f 4894/18/3386 4895/18/3389 4901/17/3387
f 4895/18/3390 4897/13/3391 4901/17/3392
f 4895/18/3390 4891/11/3390 4897/13/3391
f 4902/13/3393 4897/13/3394 4896/12/3395
f 4902/13/3393 4896/12/3395 4898/12/3396
f 4902/13/3393 4898/12/3396 4899/15/3397
f 4902/13/3393 4899/15/3397 4900/17/3398
f 4902/13/3393 4900/17/3398 4901/17/3394
f 4902/13/3393 4901/17/3394 4897/13/3394
f 4903/1/3399 4904/2/3400 4905/3/3400
f 4905/3/3400 4906/4/3401 4903/1/3399
f 4907/5/3402 4908/6/3402 4909/7/3402
f 4907/5/3403 4910/8/3403 4908/6/3403
f 4907/5/3404 4911/7/3404 4910/8/3404
f 4907/5/3405 4912/9/3405 4911/7/3405
f 4907/5/3406 4913/10/3406 4912/9/3406
f 4907/5/3407 4909/7/3407 4913/10/3407
f 4909/11/3408 4914/12/3409 4915/13/3410
f 4909/11/3408 4908/14/3411 4914/12/3409
f 4908/14/3412 4916/12/3413 4914/12/3414
f 4908/14/3412 4910/14/3415 4916/12/3413
f 4910/14/3416 4917/15/3417 4916/12/3418
f 4910/14/3416 4911/16/3419 4917/15/3417
f 4911/16/3420 4918/17/3421 4917/15/3422
f 4911/16/3420 4912/18/3423 4918/17/3421
f 4912/18/3424 4919/17/3425 4918/17/3426
f 4912/18/3424 4913/18/3427 4919/17/3425
f 4913/18/3428 4915/13/3429 4919/17/3205
f 4913/18/3428 4909/11/3430 4915/13/3429
f 4920/13/3431 4915/13/3431 4914/12/3431
f 4920/13/3431 4914/12/3431 4916/12/3432
f 4920/13/3431 4916/12/3432 4917/15/3432
f 4920/13/3431 4917/15/3432 4918/17/3431
f 4920/13/3431 4918/17/3431 4919/17/3433
f 4920/13/3431 4919/17/3433 4915/13/3431
f 4921/1/3434 4922/2/3434 4923/3/3434
f 4923/3/3434 4924/4/3434 4921/1/3434
f 4925/5/3435 4926/6/3435 4927/7/3435
f 4925/5/3436 4928/8/3436 4926/6/3436
f 4925/5/3437 4929/7/3437 4928/8/3437
f 4925/5/3438 4930/9/3438 4929/7/3438
f 4925/5/3439 4931/10/3439 4930/9/3439
f 4925/5/3440 4927/7/3440 4931/10/3440
f 4927/11/3441 4932/12/3442 4933/13/3443
f 4927/11/3441 4926/14/3444 4932/12/3442
f 4926/14/3445 4934/12/3446 4932/12/3447
f 4926/14/3445 4928/14/3448 4934/12/3446
f 4928/14/3449 4935/15/3450 4934/12/3451
f 4928/14/3449 4929/16/3452 4935/15/3450
f 4929/16/3453 4936/17/3454 4935/15/3455
f 4929/16/3453 4930/18/3456 4936/17/3454
f 4930/18/3457 4937/17/3458 4936/17/3459
f 4930/18/3457 4931/18/3460 4937/17/3458
f 4931/18/3461 4933/13/3462 4937/17/3463
f 4931/18/3461 4927/11/3464 4933/13/3462
f 4938/13/3465 4933/13/3466 4932/12/3466
f 4938/13/3465 4932/12/3466 4934/12/3465
f 4938/13/3465 4934/12/3465 4935/15/3465
f 4938/13/3465 4935/15/3465 4936/17/3465
f 4938/13/3465 4936/17/3465 4937/17/3466
f 4938/13/3465 4937/17/3466 4933/13/3466
f 4939/1/3467 4940/2/3467 4941/3/3467
f 4941/3/3467 4942/4/3467 4939/1/3467
f 4943/5/3468 4944/6/3468 4945/7/3468
f 4943/5/3469 4946/8/3469 4944/6/3469
f 4943/5/3470 4947/7/3470 4946/8/3470
f 4943/5/3471 4948/9/3471 4947/7/3471
f 4943/5/3472 4949/10/3472 4948/9/3472
f 4943/5/3473 4945/7/3473 4949/10/3473
f 4945/11/3474 4950/12/3475 4951/13/3475
f 4945/11/3474 4944/14/3474 4950/12/3475
f 4944/14/3476 4952/12/3477 4950/12/3477
f 4944/14/3476 4946/14/3478 4952/12/3477
f 4946/14/3479 4953/15/3480 4952/12/3481
f 4946/14/3479 4947/16/3482 4953/15/3480
f 4947/16/3483 4954/17/3484 4953/15/3485
f 4947/16/3483 4948/18/3483 4954/17/3484
f 4948/18/3486 4955/17/3487 4954/17/3488
f 4948/18/3486 4949/18/3489 4955/17/3487
f 4949/18/3490 4951/13/3491 4955/17/3492
f 4949/18/3490 4945/11/3493 4951/13/3491
f 4956/13/3494 4951/13/3494 4950/12/3494
f 4956/13/3494 4950/12/3494 4952/12/3494
f 4956/13/3494 4952/12/3494 4953/15/3494
f 4956/13/3494 4953/15/3494 4954/17/3494
f 4956/13/3494 4954/17/3494 4955/17/3494
f 4956/13/3494 4955/17/3494 4951/13/3494
f 4957/1/3495 4958/2/3495 4959/3/3495
f 4959/3/3495 4960/4/3495 4957/1/3495
f 4961/5/3496 4962/6/3496 4963/7/3496
f 4961/5/3497 4964/8/3497 4962/6/3497
f 4961/5/3498 4965/7/3498 4964/8/3498
f 4961/5/3499 4966/9/3499 4965/7/3499
f 4961/5/3500 4967/10/3500 4966/9/3500
f 4961/5/3501 4963/7/3501 4967/10/3501
f 4963/11/3502 4968/12/3503 4969/13/3504
f 4963/11/3502 4962/14/3505 4968/12/3503
f 4962/14/3506 4970/12/3507 4968/12/3508
f 4962/14/3506 4964/14/3509 4970/12/3507
f 4964/14/3510 4971/15/3511 4970/12/3512
f 4964/14/3510 4965/16/3513 4971/15/3511
f 4965/16/3514 4972/17/3515 4971/15/3516
f 4965/16/3514 4966/18/3517 4972/17/3515
f 4966/18/3518 4973/17/3519 4972/17/3520
f 4966/18/3518 4967/18/3521 4973/17/3519
f 4967/18/3522 4969/13/3523 4973/17/3524
f 4967/18/3522 4963/11/3525 4969/13/3523
f 4974/13/3526 4969/13/3527 4968/12/3527
f 4974/13/3526 4968/12/3527 4970/12/3527
f 4974/13/3526 4970/12/3527 4971/15/3528
f 4974/13/3526 4971/15/3528 4972/17/3526
f 4974/13/3526 4972/17/3526 4973/17/3526
f 4974/13/3526 4973/17/3526 4969/13/3527
f 4975/1/3529 4976/2/3530 4977/3/3529
f 4977/3/3529 4978/4/3531 4975/1/3529
f 4979/5/3532 4980/6/3532 4981/7/3532
f 4979/5/3533 4982/8/3533 4980/6/3533
f 4979/5/3534 4983/7/3534 4982/8/3534
f 4979/5/3535 4984/9/3535 4983/7/3535
f 4979/5/3536 4985/10/3536 4984/9/3536
f 4979/5/3537 4981/7/3537 4985/10/3537
f 4981/11/3538 4986/12/3539 4987/13/3540
f 4981/11/3538 4980/14/3541 4986/12/3539
f 4980/14/3542 4988/12/3543 4986/12/3544
f 4980/14/3542 4982/14/3545 4988/12/3543
f 4982/14/3546 4989/15/3547 4988/12/3548
f 4982/14/3546 4983/16/3549 4989/15/3547
f 4983/16/3550 4990/17/3551 4989/15/3552
f 4983/16/3550 4984/18/3553 4990/17/3551
f 4984/18/3554 4991/17/3554 4990/17/3554
f 4984/18/3554 4985/18/3554 4991/17/3554
f 4985/18/3555 4987/13/3556 4991/17/3557
f 4985/18/3555 4981/11/3558 4987/13/3556
f 4992/13/141 4987/13/141 4986/12/141
f 4992/13/141 4986/12/141 4988/12/141
f 4992/13/141 4988/12/141 4989/15/141
f 4992/13/141 4989/15/141 4990/17/141
f 4992/13/141 4990/17/141 4991/17/141
f 4992/13/141 4991/17/141 4987/13/141
f 4993/1/3559 4994/2/3560 4995/3/3559
f 4995/3/3559 4996/4/3561 4993/1/3559
f 4997/5/3562 4998/6/3562 4999/7/3562
f 4997/5/3563 5000/8/3563 4998/6/3563
f 4997/5/3564 5001/7/3564 5000/8/3564
f 4997/5/3565 5002/9/3565 5001/7/3565
f 4997/5/3566 5003/10/3566 5002/9/3566
f 4997/5/3567 4999/7/3567 5003/10/3567
f 4999/11/3568 5004/12/3569 5005/13/3570
f 4999/11/3568 4998/14/3571 5004/12/3569
f 4998/14/3572 5006/12/3573 5004/12/3573
f 4998/14/3572 5000/14/3574 5006/12/3573
f 5000/14/3575 5007/15/3576 5006/12/3577
f 5000/14/3575 5001/16/3578 5007/15/3576
f 5001/16/3579 5008/17/3580 5007/15/3581
f 5001/16/3579 5002/18/3579 5008/17/3580
f 5002/18/3582 5009/17/3583 5008/17/3584
f 5002/18/3582 5003/18/3585 5009/17/3583
f 5003/18/3586 5005/13/3587 5009/17/3588
f 5003/18/3586 4999/11/3589 5005/13/3587
f 5010/13/141 5005/13/141 5004/12/141
f 5010/13/141 5004/12/141 5006/12/141
f 5010/13/141 5006/12/141 5007/15/141
f 5010/13/141 5007/15/141 5008/17/141
f 5010/13/141 5008/17/141 5009/17/141
f 5010/13/141 5009/17/141 5005/13/141
f 5011/1/3590 5012/2/3591 5013/3/3591
f 5013/3/3591 5014/4/3590 5011/1/3590
f 5015/5/3592 5016/6/3592 5017/7/3592
f 5015/5/3593 5018/8/3593 5016/6/3593
f 5015/5/3594 5019/7/3594 5018/8/3594
f 5015/5/3595 5020/9/3595 5019/7/3595
f 5015/5/3596 5021/10/3596 5020/9/3596
f 5015/5/3597 5017/7/3597 5021/10/3597
f 5017/11/3598 5022/12/3599 5023/13/3600
f 5017/11/3598 5016/14/3601 5022/12/3599
f 5016/14/3602 5024/12/3603 5022/12/3604
f 5016/14/3602 5018/14/3605 5024/12/3603
f 5018/14/3606 5025/15/3607 5024/12/3608
f 5018/14/3606 5019/16/3609 5025/15/3607
f 5019/16/3610 5026/17/3611 5025/15/3612
f 5019/16/3610 5020/18/3613 5026/17/3611
f 5020/18/3614 5027/17/3615 5026/17/3616
f 5020/18/3614 5021/18/3614 5027/17/3615
f 5021/18/3617 5023/13/3618 5027/17/3619
f 5021/18/3617 5017/11/3620 5023/13/3618
f 5028/13/141 5023/13/141 5022/12/141
f 5028/13/141 5022/12/141 5024/12/141
f 5028/13/141 5024/12/141 5025/15/141
f 5028/13/141 5025/15/141 5026/17/141
f 5028/13/141 5026/17/141 5027/17/141
f 5028/13/141 5027/17/141 5023/13/141
f 5029/1/3621 5030/2/3621 5031/3/3621
f 5031/3/3621 5032/4/3621 5029/1/3621
f 5033/5/3622 5034/6/3622 5035/7/3622
f 5033/5/3623 5036/8/3623 5034/6/3623
f 5033/5/3624 5037/7/3624 5036/8/3624
f 5033/5/3625 5038/9/3625 5037/7/3625
f 5033/5/3626 5039/10/3626 5038/9/3626
f 5033/5/3627 5035/7/3627 5039/10/3627
f 5035/11/3628 5040/12/3629 5041/13/3630
f 5035/11/3628 5034/14/3631 5040/12/3629
f 5034/14/3632 5042/12/3633 5040/12/3634
f 5034/14/3632 5036/14/3635 5042/12/3633
f 5036/14/3636 5043/15/3637 5042/12/3638
f 5036/14/3636 5037/16/3639 5043/15/3637
f 5037/16/3640 5044/17/3641 5043/15/3642
f 5037/16/3640 5038/18/3643 5044/17/3641
f 5038/18/3644 5045/17/3645 5044/17/3646
f 5038/18/3644 5039/18/3647 5045/17/3645
f 5039/18/3648 5041/13/3649 5045/17/3650
f 5039/18/3648 5035/11/3651 5041/13/3649
f 5046/13/141 5041/13/141 5040/12/141
f 5046/13/141 5040/12/141 5042/12/141
f 5046/13/141 5042/12/141 5043/15/141
f 5046/13/141 5043/15/141 5044/17/141
f 5046/13/141 5044/17/141 5045/17/141
f 5046/13/141 5045/17/141 5041/13/141
f 5047/1/1 5048/2/1 5049/3/1
f 5049/3/1 5050/4/1 5047/1/1
f 5051/5/3652 5052/6/3652 5053/7/3652
f 5051/5/3653 5054/8/3653 5052/6/3653
f 5051/5/3654 5055/7/3654 5054/8/3654
f 5051/5/3655 5056/9/3655 5055/7/3655
f 5051/5/3656 5057/10/3656 5056/9/3656
f 5051/5/3657 5053/7/3657 5057/10/3657
f 5053/11/3658 5058/12/3659 5059/13/3660
f 5053/11/3658 5052/14/3661 5058/12/3659
f 5052/14/3662 5060/12/3663 5058/12/3664
f 5052/14/3662 5054/14/3665 5060/12/3663
f 5054/14/3666 5061/15/3667 5060/12/3668
f 5054/14/3666 5055/16/3666 5061/15/3667
f 5055/16/3669 5062/17/3670 5061/15/3671
f 5055/16/3669 5056/18/3669 5062/17/3670
f 5056/18/3672 5063/17/3673 5062/17/3674
f 5056/18/3672 5057/18/3675 5063/17/3673
f 5057/18/3676 5059/13/3677 5063/17/3678
f 5057/18/3676 5053/11/3679 5059/13/3677
f 5064/13/141 5059/13/141 5058/12/141
f 5064/13/141 5058/12/141 5060/12/141
f 5064/13/141 5060/12/141 5061/15/141
f 5064/13/141 5061/15/141 5062/17/141
f 5064/13/141 5062/17/141 5063/17/141
f 5064/13/141 5063/17/141 5059/13/141
f 5065/1/3680 5066/2/3681 5067/3/3680
f 5067/3/3680 5068/4/3682 5065/1/3680
f 5069/5/3683 5070/6/3683 5071/7/3683
f 5069/5/3684 5072/8/3684 5070/6/3684
f 5069/5/3685 5073/7/3685 5072/8/3685
f 5069/5/3686 5074/9/3686 5073/7/3686
f 5069/5/3687 5075/10/3687 5074/9/3687
f 5069/5/3688 5071/7/3688 5075/10/3688
f 5071/11/3689 5076/12/3690 5077/13/3691
f 5071/11/3689 5070/14/3692 5076/12/3690
f 5070/14/3693 5078/12/3694 5076/12/3695
f 5070/14/3693 5072/14/3696 5078/12/3694
f 5072/14/3697 5079/15/3698 5078/12/3699
f 5072/14/3697 5073/16/3700 5079/15/3698
f 5073/16/3701 5080/17/3702 5079/15/3703
f 5073/16/3701 5074/18/3704 5080/17/3702
f 5074/18/3705 5081/17/3706 5080/17/3707
f 5074/18/3705 5075/18/3708 5081/17/3706
f 5075/18/3709 5077/13/3710 5081/17/3711
f 5075/18/3709 5071/11/3712 5077/13/3710
f 5082/13/3713 5077/13/3714 5076/12/3713
f 5082/13/3713 5076/12/3713 5078/12/3715
f 5082/13/3713 5078/12/3715 5079/15/3715
f 5082/13/3713 5079/15/3715 5080/17/3716
f 5082/13/3713 5080/17/3716 5081/17/3716
f 5082/13/3713 5081/17/3716 5077/13/3714
f 5083/1/3717 5084/2/3718 5085/3/3717
f 5085/3/3717 5086/4/3719 5083/1/3717
f 5087/5/3720 5088/6/3720 5089/7/3720
f 5087/5/3721 5090/8/3721 5088/6/3721
f 5087/5/3722 5091/7/3722 5090/8/3722
f 5087/5/3723 5092/9/3723 5091/7/3723
f 5087/5/3724 5093/10/3724 5092/9/3724
f 5087/5/3725 5089/7/3725 5093/10/3725
f 5089/11/3726 5094/12/3727 5095/13/3728
f 5089/11/3726 5088/14/3729 5094/12/3727
f 5088/14/3730 5096/12/3731 5094/12/3732
f 5088/14/3730 5090/14/3733 5096/12/3731
f 5090/14/3734 5097/15/3735 5096/12/3736
f 5090/14/3734 5091/16/3734 5097/15/3735
f 5091/16/3737 5098/17/3738 5097/15/3739
f 5091/16/3737 5092/18/3740 5098/17/3738
f 5092/18/3741 5099/17/3742 5098/17/3743
f 5092/18/3741 5093/18/3744 5099/17/3742
f 5093/18/3745 5095/13/3746 5099/17/3747
f 5093/18/3745 5089/11/3748 5095/13/3746
f 5100/13/3749 5095/13/3749 5094/12/3749
f 5100/13/3749 5094/12/3749 5096/12/3750
f 5100/13/3749 5096/12/3750 5097/15/3750
f 5100/13/3749 5097/15/3750 5098/17/3749
f 5100/13/3749 5098/17/3749 5099/17/3749
f 5100/13/3749 5099/17/3749 5095/13/3749
f 5101/1/3751 5102/2/3752 5103/3/3753
f 5103/3/3753 5104/4/3754 5101/1/3751
f 5105/5/3755 5106/6/3755 5107/7/3755
f 5105/5/3756 5108/8/3756 5106/6/3756
f 5105/5/3757 5109/7/3757 5108/8/3757
f 5105/5/3758 5110/9/3758 5109/7/3758
f 5105/5/3759 5111/10/3759 5110/9/3759
f 5105/5/3760 5107/7/3760 5111/10/3760
f 5107/11/3761 5112/12/3762 5113/13/3763
f 5107/11/3761 5106/14/3764 5112/12/3762
f 5106/14/3765 5114/12/3766 5112/12/3767
f 5106/14/3765 5108/14/3768 5114/12/3766
f 5108/14/3769 5115/15/3770 5114/12/3771
f 5108/14/3769 5109/16/3769 5115/15/3770
f 5109/16/3772 5116/17/3773 5115/15/3774
f 5109/16/3772 5110/18/3775 5116/17/3773
f 5110/18/3776 5117/17/3777 5116/17/3778
f 5110/18/3776 5111/18/3779 5117/17/3777
f 5111/18/3780 5113/13/3781 5117/17/3782
f 5111/18/3780 5107/11/3783 5113/13/3781
f 5118/13/3784 5113/13/3784 5112/12/3784
f 5118/13/3784 5112/12/3784 5114/12/3784
f 5118/13/3784 5114/12/3784 5115/15/3784
f 5118/13/3784 5115/15/3784 5116/17/3784
f 5118/13/3784 5116/17/3784 5117/17/3785
f 5118/13/3784 5117/17/3785 5113/13/3784
f 5119/1/3786 5120/2/3786 5121/3/3786
f 5121/3/3786 5122/4/3786 5119/1/3786
f 5123/5/3787 5124/6/3787 5125/7/3787
f 5123/5/3788 5126/8/3788 5124/6/3788
f 5123/5/3789 5127/7/3789 5126/8/3789
f 5123/5/3790 5128/9/3790 5127/7/3790
f 5123/5/3791 5129/10/3791 5128/9/3791
f 5123/5/3792 5125/7/3792 5129/10/3792
f 5125/11/3793 5130/12/3794 5131/13/3795
f 5125/11/3793 5124/14/3796 5130/12/3794
f 5124/14/3797 5132/12/3798 5130/12/3799
f 5124/14/3797 5126/14/3800 5132/12/3798
f 5126/14/3801 5133/15/3802 5132/12/3803
f 5126/14/3801 5127/16/3804 5133/15/3802
f 5127/16/3805 5134/17/3806 5133/15/3807
f 5127/16/3805 5128/18/3808 5134/17/3806
f 5128/18/3809 5135/17/3810 5134/17/3811
f 5128/18/3809 5129/18/3809 5135/17/3810
f 5129/18/3812 5131/13/3813 5135/17/3814
f 5129/18/3812 5125/11/3815 5131/13/3813
f 5136/13/3816 5131/13/3817 5130/12/3818
f 5136/13/3816 5130/12/3818 5132/12/3816
f 5136/13/3816 5132/12/3816 5133/15/3816
f 5136/13/3816 5133/15/3816 5134/17/3818
f 5136/13/3816 5134/17/3818 5135/17/3818
f 5136/13/3816 5135/17/3818 5131/13/3817
f 5137/1/3819 5138/2/3820 5139/3/3821
f 5139/3/3821 5140/4/3822 5137/1/3819
f 5141/5/3823 5142/6/3823 5143/7/3823
f 5141/5/3824 5144/8/3824 5142/6/3824
f 5141/5/3825 5145/7/3825 5144/8/3825
f 5141/5/3826 5146/9/3826 5145/7/3826
f 5141/5/3827 5147/10/3827 5146/9/3827
f 5141/5/3828 5143/7/3828 5147/10/3828
f 5143/11/3829 5148/12/3830 5149/13/3831
f 5143/11/3829 5142/14/3796 5148/12/3830
f 5142/14/3832 5150/12/3833 5148/12/3834
f 5142/14/3832 5144/14/3835 5150/12/3833
f 5144/14/3836 5151/15/3837 5150/12/3838
f 5144/14/3836 5145/16/3839 5151/15/3837
f 5145/16/3840 5152/17/3841 5151/15/3842
f 5145/16/3840 5146/18/3843 5152/17/3841
f 5146/18/3844 5153/17/3845 5152/17/3845
f 5146/18/3844 5147/18/3844 5153/17/3845
f 5147/18/3846 5149/13/3847 5153/17/3848
f 5147/18/3846 5143/11/3849 5149/13/3847
f 5154/13/3850 5149/13/3851 5148/12/3852
f 5154/13/3850 5148/12/3852 5150/12/3852
f 5154/13/3850 5150/12/3852 5151/15/3850
f 5154/13/3850 5151/15/3850 5152/17/3853
f 5154/13/3850 5152/17/3853 5153/17/3850
f 5154/13/3850 5153/17/3850 5149/13/3851
f 5155/1/3854 5156/2/3854 5157/3/3854
f 5157/3/3854 5158/4/3854 5155/1/3854
f 5159/5/3855 5160/6/3855 5161/7/3855
f 5159/5/3856 5162/8/3856 5160/6/3856
f 5159/5/3857 5163/7/3857 5162/8/3857
f 5159/5/3858 5164/9/3858 5163/7/3858
f 5159/5/3859 5165/10/3859 5164/9/3859
f 5159/5/3860 5161/7/3860 5165/10/3860
f 5161/11/3861 5166/12/3862 5167/13/3863
f 5161/11/3861 5160/14/3864 5166/12/3862
f 5160/14/3865 5168/12/3865 5166/12/3865
f 5160/14/3865 5162/14/3866 5168/12/3865
f 5162/14/3867 5169/15/3868 5168/12/3869
f 5162/14/3867 5163/16/3870 5169/15/3868
f 5163/16/3871 5170/17/3872 5169/15/3873
f 5163/16/3871 5164/18/3874 5170/17/3872
f 5164/18/3875 5171/17/3876 5170/17/3877
f 5164/18/3875 5165/18/3875 5171/17/3876
f 5165/18/3878 5167/13/3879 5171/17/3879
f 5165/18/3878 5161/11/3878 5167/13/3879
f 5172/13/3880 5167/13/3881 5166/12/3880
f 5172/13/3880 5166/12/3880 5168/12/3882
f 5172/13/3880 5168/12/3882 5169/15/3883
f 5172/13/3880 5169/15/3883 5170/17/3880
f 5172/13/3880 5170/17/3880 5171/17/3884
f 5172/13/3880 5171/17/3884 5167/13/3881
f 5173/1/3885 5174/2/3886 5175/3/3885
f 5175/3/3885 5176/4/3887 5173/1/3885
f 5177/5/3888 5178/6/3888 5179/7/3888
f 5177/5/3889 5180/8/3889 5178/6/3889
f 5177/5/3890 5181/7/3890 5180/8/3890
f 5177/5/3891 5182/9/3891 5181/7/3891
f 5177/5/3892 5183/10/3892 5182/9/3892
f 5177/5/3893 5179/7/3893 5183/10/3893
f 5179/11/3894 5184/12/3895 5185/13/3896
f 5179/11/3894 5178/14/3897 5184/12/3895
f 5178/14/3898 5186/12/3899 5184/12/3900
f 5178/14/3898 5180/14/3901 5186/12/3899
f 5180/14/3902 5187/15/3903 5186/12/3904
f 5180/14/3902 5181/16/3905 5187/15/3903
f 5181/16/3906 5188/17/3907 5187/15/3908
f 5181/16/3906 5182/18/3909 5188/17/3907
f 5182/18/3910 5189/17/3911 5188/17/3912
f 5182/18/3910 5183/18/3913 5189/17/3911
f 5183/18/3914 5185/13/3915 5189/17/3916
f 5183/18/3914 5179/11/3917 5185/13/3915
f 5190/13/3918 5185/13/3919 5184/12/3920
f 5190/13/3918 5184/12/3920 5186/12/3918
f 5190/13/3918 5186/12/3918 5187/15/3921
f 5190/13/3918 5187/15/3921 5188/17/3922
f 5190/13/3918 5188/17/3922 5189/17/3920
f 5190/13/3918 5189/17/3920 5185/13/3919
f 5191/1/3923 5192/2/3924 5193/3/3923
f 5193/3/3923 5194/4/3925 5191/1/3923
f 5195/5/3926 5196/6/3926 5197/7/3926
f 5195/5/3927 5198/8/3927 5196/6/3927
f 5195/5/3928 5199/7/3928 5198/8/3928
f 5195/5/3929 5200/9/3929 5199/7/3929
f 5195/5/3930 5201/10/3930 5200/9/3930
f 5195/5/3931 5197/7/3931 5201/10/3931
f 5197/11/3932 5202/12/3933 5203/13/3934
f 5197/11/3932 5196/14/3935 5202/12/3933
f 5196/14/3936 5204/12/3937 5202/12/3938
f 5196/14/3936 5198/14/3939 5204/12/3937
f 5198/14/3940 5205/15/3941 5204/12/3941
f 5198/14/3940 5199/16/3942 5205/15/3941
f 5199/16/3943 5206/17/3944 5205/15/3945
f 5199/16/3943 5200/18/3946 5206/17/3944
f 5200/18/3947 5207/17/3948 5206/17/3948
f 5200/18/3947 5201/18/3949 5207/17/3948
f 5201/18/3950 5203/13/3951 5207/17/3952
f 5201/18/3950 5197/11/3953 5203/13/3951
f 5208/13/141 5203/13/141 5202/12/141
f 5208/13/141 5202/12/141 5204/12/141
f 5208/13/141 5204/12/141 5205/15/141
f 5208/13/141 5205/15/141 5206/17/141
f 5208/13/141 5206/17/141 5207/17/141
f 5208/13/141 5207/17/141 5203/13/141
f 5209/1/3954 5210/2/3955 5211/3/3954
f 5211/3/3954 5212/4/3956 5209/1/3954
f 5213/5/3957 5214/6/3957 5215/7/3957
f 5213/5/3958 5216/8/3958 5214/6/3958
f 5213/5/3959 5217/7/3959 5216/8/3959
f 5213/5/3960 5218/9/3960 5217/7/3960
f 5213/5/3961 5219/10/3961 5218/9/3961
f 5213/5/3962 5215/7/3962 5219/10/3962
f 5215/11/3963 5220/12/3964 5221/13/3965
f 5215/11/3963 5214/14/3966 5220/12/3964
f 5214/14/3967 5222/12/3968 5220/12/3969
f 5214/14/3967 5216/14/3967 5222/12/3968
f 5216/14/3970 5223/15/3971 5222/12/3972
f 5216/14/3970 5217/16/3973 5223/15/3971
f 5217/16/3974 5224/17/3975 5223/15/3976
f 5217/16/3974 5218/18/3977 5224/17/3975
f 5218/18/3978 5225/17/3979 5224/17/3980
f 5218/18/3978 5219/18/3981 5225/17/3979
f 5219/18/3982 5221/13/3983 5225/17/3984
f 5219/18/3982 5215/11/3985 5221/13/3983
f 5226/13/141 5221/13/141 5220/12/141
f 5226/13/141 5220/12/141 5222/12/141
f 5226/13/141 5222/12/141 5223/15/141
f 5226/13/141 5223/15/141 5224/17/141
f 5226/13/141 5224/17/141 5225/17/141
f 5226/13/141 5225/17/141 5221/13/141
f 5227/1/3986 5228/2/3987 5229/3/3986
f 5229/3/3986 5230/4/3986 5227/1/3986
f 5231/5/3988 5232/6/3988 5233/7/3988
f 5231/5/3989 5234/8/3989 5232/6/3989
f 5231/5/3990 5235/7/3990 5234/8/3990
f 5231/5/3991 5236/9/3991 5235/7/3991
f 5231/5/3992 5237/10/3992 5236/9/3992
f 5231/5/3993 5233/7/3993 5237/10/3993
f 5233/11/3994 5238/12/3995 5239/13/3996
f 5233/11/3994 5232/14/3997 5238/12/3995
f 5232/14/3998 5240/12/3999 5238/12/4000
f 5232/14/3998 5234/14/3998 5240/12/3999
f 5234/14/4001 5241/15/4002 5240/12/4003
f 5234/14/4001 5235/16/4004 5241/15/4002
f 5235/16/4005 5242/17/4006 5241/15/4007
f 5235/16/4005 5236/18/4008 5242/17/4006
f 5236/18/4009 5243/17/4010 5242/17/4010
f 5236/18/4009 5237/18/4009 5243/17/4010
f 5237/18/4011 5239/13/4012 5243/17/4013
f 5237/18/4011 5233/11/4014 5239/13/4012
f 5244/13/4015 5239/13/4015 5238/12/4015
f 5244/13/4015 5238/12/4015 5240/12/4015
f 5244/13/4015 5240/12/4015 5241/15/4015
f 5244/13/4015 5241/15/4015 5242/17/4015
f 5244/13/4015 5242/17/4015 5243/17/4015
f 5244/13/4015 5243/17/4015 5239/13/4015
f 5245/1/4016 5246/2/4017 5247/3/4016
f 5247/3/4016 5248/4/4018 5245/1/4016
f 5249/5/4019 5250/6/4019 5251/7/4019
f 5249/5/4020 5252/8/4020 5250/6/4020
f 5249/5/4021 5253/7/4021 5252/8/4021
f 5249/5/4022 5254/9/4022 5253/7/4022
f 5249/5/4023 5255/10/4023 5254/9/4023
f 5249/5/4024 5251/7/4024 5255/10/4024
f 5251/11/4025 5256/12/4026 5257/13/4027
f 5251/11/4025 5250/14/4028 5256/12/4026
f 5250/14/4029 5258/12/4030 5256/12/4031
f 5250/14/4029 5252/14/4032 5258/12/4030
f 5252/14/4033 5259/15/4033 5258/12/4033
f 5252/14/4033 5253/16/4033 5259/15/4033
f 5253/16/4034 5260/17/4035 5259/15/4036
f 5253/16/4034 5254/18/4037 5260/17/4035
f 5254/18/4038 5261/17/4039 5260/17/4040
f 5254/18/4038 5255/18/4041 5261/17/4039
f 5255/18/4042 5257/13/4043 5261/17/4044
f 5255/18/4042 5251/11/4045 5257/13/4043
f 5262/13/4046 5257/13/4047 5256/12/4047
f 5262/13/4046 5256/12/4047 5258/12/4046
f 5262/13/4046 5258/12/4046 5259/15/4048
f 5262/13/4046 5259/15/4048 5260/17/4048
f 5262/13/4046 5260/17/4048 5261/17/4046
f 5262/13/4046 5261/17/4046 5257/13/4047
f 5263/1/4049 5264/2/4049 5265/3/4049
f 5265/3/4049 5266/4/4049 5263/1/4049
f 5267/5/4050 5268/6/4050 5269/7/4050
f 5267/5/4051 5270/8/4051 5268/6/4051
f 5267/5/4052 5271/7/4052 5270/8/4052
f 5267/5/4053 5272/9/4053 5271/7/4053
f 5267/5/4054 5273/10/4054 5272/9/4054
f 5267/5/4055 5269/7/4055 5273/10/4055
f 5269/11/4056 5274/12/4057 5275/13/4058
f 5269/11/4056 5268/14/4059 5274/12/4057
f 5268/14/4060 5276/12/4061 5274/12/4062
f 5268/14/4060 5270/14/4063 5276/12/4061
f 5270/14/4064 5277/15/4065 5276/12/4066
f 5270/14/4064 5271/16/4067 5277/15/4065
f 5271/16/4068 5278/17/4069 5277/15/4070
f 5271/16/4068 5272/18/4071 5278/17/4069
f 5272/18/4072 5279/17/4073 5278/17/4074
f 5272/18/4072 5273/18/4038 5279/17/4073
f 5273/18/4075 5275/13/4076 5279/17/4077
f 5273/18/4075 5269/11/4078 5275/13/4076
f 5280/13/4079 5275/13/4080 5274/12/4081
f 5280/13/4079 5274/12/4081 5276/12/4079
f 5280/13/4079 5276/12/4079 5277/15/4081
f 5280/13/4079 5277/15/4081 5278/17/4079
f 5280/13/4079 5278/17/4079 5279/17/4079
f 5280/13/4079 5279/17/4079 5275/13/4080
f 5281/1/4082 5282/2/4083 5283/3/4084
f 5283/3/4084 5284/4/4085 5281/1/4082
f 5285/5/4086 5286/6/4086 5287/7/4086
f 5285/5/4087 5288/8/4087 5286/6/4087
f 5285/5/4088 5289/7/4088 5288/8/4088
f 5285/5/4089 5290/9/4089 5289/7/4089
f 5285/5/4090 5291/10/4090 5290/9/4090
f 5285/5/4091 5287/7/4091 5291/10/4091
f 5287/11/4092 5292/12/4093 5293/13/4094
f 5287/11/4092 5286/14/4095 5292/12/4093
f 5286/14/4096 5294/12/4097 5292/12/4098
f 5286/14/4096 5288/14/4099 5294/12/4097
f 5288/14/4100 5295/15/4101 5294/12/4102
f 5288/14/4100 5289/16/4103 5295/15/4101
f 5289/16/4104 5296/17/4105 5295/15/4106
f 5289/16/4104 5290/18/4107 5296/17/4105
f 5290/18/4108 5297/17/4109 5296/17/4110
f 5290/18/4108 5291/18/4111 5297/17/4109
f 5291/18/4112 5293/13/4113 5297/17/4114
f 5291/18/4112 5287/11/4115 5293/13/4113
f 5298/13/4116 5293/13/4116 5292/12/4116
f 5298/13/4116 5292/12/4116 5294/12/4116
f 5298/13/4116 5294/12/4116 5295/15/4116
f 5298/13/4116 5295/15/4116 5296/17/4116
f 5298/13/4116 5296/17/4116 5297/17/4116
f 5298/13/4116 5297/17/4116 5293/13/4116
f 5299/1/4117 5300/2/4117 5301/3/4117
f 5301/3/4117 5302/4/4117 5299/1/4117
f 5303/5/4118 5304/6/4118 5305/7/4118
f 5303/5/4119 5306/8/4119 5304/6/4119
f 5303/5/4120 5307/7/4120 5306/8/4120
f 5303/5/4121 5308/9/4121 5307/7/4121
f 5303/5/4122 5309/10/4122 5308/9/4122
f 5303/5/4123 5305/7/4123 5309/10/4123
f 5305/11/4068 5310/12/4124 5311/13/4125
f 5305/11/4068 5304/14/4126 5310/12/4124
f 5304/14/4127 5312/12/4128 5310/12/4129
f 5304/14/4127 5306/14/4130 5312/12/4128
f 5306/14/4131 5313/15/4132 5312/12/4133
f 5306/14/4131 5307/16/4134 5313/15/4132
f 5307/16/4025 5314/17/4135 5313/15/4057
f 5307/16/4025 5308/18/4136 5314/17/4135
f 5308/18/4137 5315/17/4137 5314/17/4137
f 5308/18/4137 5309/18/4138 5315/17/4137
f 5309/18/4139 5311/13/4140 5315/17/4141
f 5309/18/4139 5305/11/4142 5311/13/4140
f 5316/13/4143 5311/13/4144 5310/12/4145
f 5316/13/4143 5310/12/4145 5312/12/4146
f 5316/13/4143 5312/12/4146 5313/15/4143
f 5316/13/4143 5313/15/4143 5314/17/4143
f 5316/13/4143 5314/17/4143 5315/17/4143
f 5316/13/4143 5315/17/4143 5311/13/4144
f 5317/1/4147 5318/2/4148 5319/3/4147
f 5319/3/4147 5320/4/4149 5317/1/4147
f 5321/5/4150 5322/6/4150 5323/7/4150
f 5321/5/4151 5324/8/4151 5322/6/4151
f 5321/5/4152 5325/7/4152 5324/8/4152
f 5321/5/4153 5326/9/4153 5325/7/4153
f 5321/5/4154 5327/10/4154 5326/9/4154
f 5321/5/4155 5323/7/4155 5327/10/4155
f 5323/11/4126 5328/12/4156 5329/13/4157
f 5323/11/4126 5322/14/4158 5328/12/4156
f 5322/14/4159 5330/12/4160 5328/12/4160
f 5322/14/4159 5324/14/4161 5330/12/4160
f 5324/14/4162 5331/15/4163 5330/12/4164
f 5324/14/4162 5325/16/4165 5331/15/4163
f 5325/16/4166 5332/17/4167 5331/15/4168
f 5325/16/4166 5326/18/4169 5332/17/4167
f 5326/18/4170 5333/17/4171 5332/17/4172
f 5326/18/4170 5327/18/4173 5333/17/4171
f 5327/18/4174 5329/13/4175 5333/17/4176
f 5327/18/4174 5323/11/4174 5329/13/4175
f 5334/13/4177 5329/13/4178 5328/12/4177
f 5334/13/4177 5328/12/4177 5330/12/4177
f 5334/13/4177 5330/12/4177 5331/15/4177
f 5334/13/4177 5331/15/4177 5332/17/4177
f 5334/13/4177 5332/17/4177 5333/17/4177
f 5334/13/4177 5333/17/4177 5329/13/4178
f 5335/1/4049 5336/2/4049 5337/3/4049
f 5337/3/4049 5338/4/4049 5335/1/4049
f 5339/5/4179 5340/6/4179 5341/7/4179
f 5339/5/4180 5342/8/4180 5340/6/4180
f 5339/5/4181 5343/7/4181 5342/8/4181
f 5339/5/4182 5344/9/4182 5343/7/4182
f 5339/5/4183 5345/10/4183 5344/9/4183
f 5339/5/4184 5341/7/4184 5345/10/4184
f 5341/11/4185 5346/12/4135 5347/13/4186
f 5341/11/4185 5340/14/4187 5346/12/4135
f 5340/14/4188 5348/12/4189 5346/12/4172
f 5340/14/4188 5342/14/4190 5348/12/4189
f 5342/14/4191 5349/15/4192 5348/12/4193
f 5342/14/4191 5343/16/4194 5349/15/4192
f 5343/16/4195 5350/17/4196 5349/15/4070
f 5343/16/4195 5344/18/4197 5350/17/4196
f 5344/18/4198 5351/17/4199 5350/17/4200
f 5344/18/4198 5345/18/4130 5351/17/4199
f 5345/18/4163 5347/13/4201 5351/17/4202
f 5345/18/4163 5341/11/4203 5347/13/4201
f 5352/13/4204 5347/13/4205 5346/12/4206
f 5352/13/4204 5346/12/4206 5348/12/4206
f 5352/13/4204 5348/12/4206 5349/15/4207
f 5352/13/4204 5349/15/4207 5350/17/4204
f 5352/13/4204 5350/17/4204 5351/17/4204
f 5352/13/4204 5351/17/4204 5347/13/4205
f 5353/1/4018 5354/2/4018 5355/3/4018
f 5355/3/4018 5356/4/4018 5353/1/4018
f 5357/5/4208 5358/6/4208 5359/7/4208
f 5357/5/4209 5360/8/4209 5358/6/4209
f 5357/5/4210 5361/7/4210 5360/8/4210
f 5357/5/4211 5362/9/4211 5361/7/4211
f 5357/5/4212 5363/10/4212 5362/9/4212
f 5357/5/4213 5359/7/4213 5363/10/4213
f 5359/11/4214 5364/12/4215 5365/13/4216
f 5359/11/4214 5358/14/4214 5364/12/4215
f 5358/14/4217 5366/12/4218 5364/12/4137
f 5358/14/4217 5360/14/4219 5366/12/4218
f 5360/14/4220 5367/15/4221 5366/12/4221
f 5360/14/4220 5361/16/4220 5367/15/4221
f 5361/16/4222 5368/17/4223 5367/15/4224
f 5361/16/4222 5362/18/4225 5368/17/4223
f 5362/18/4226 5369/17/4227 5368/17/4228
f 5362/18/4226 5363/18/4229 5369/17/4227
f 5363/18/4230 5365/13/4231 5369/17/4232
f 5363/18/4230 5359/11/4230 5365/13/4231
f 5370/13/4233 5365/13/4234 5364/12/4235
f 5370/13/4233 5364/12/4235 5366/12/4233
f 5370/13/4233 5366/12/4233 5367/15/4236
f 5370/13/4233 5367/15/4236 5368/17/4233
f 5370/13/4233 5368/17/4233 5369/17/4233
f 5370/13/4233 5369/17/4233 5365/13/4234
f 5371/1/4237 5372/2/4018 5373/3/4237
f 5373/3/4237 5374/4/4016 5371/1/4237
f 5375/5/4238 5376/6/4238 5377/7/4238
f 5375/5/4239 5378/8/4239 5376/6/4239
f 5375/5/4240 5379/7/4240 5378/8/4240
f 5375/5/4241 5380/9/4241 5379/7/4241
f 5375/5/4242 5381/10/4242 5380/9/4242
f 5375/5/4243 5377/7/4243 5381/10/4243
f 5377/11/4244 5382/12/4168 5383/13/4245
f 5377/11/4244 5376/14/4246 5382/12/4168
f 5376/14/4247 5384/12/4172 5382/12/4248
f 5376/14/4247 5378/14/4249 5384/12/4172
f 5378/14/4250 5385/15/4251 5384/12/4252
f 5378/14/4250 5379/16/4175 5385/15/4251
f 5379/16/4253 5386/17/4254 5385/15/4254
f 5379/16/4253 5380/18/4255 5386/17/4254
f 5380/18/4256 5387/17/4257 5386/17/4258
f 5380/18/4256 5381/18/4259 5387/17/4257
f 5381/18/4260 5383/13/4261 5387/17/4262
f 5381/18/4260 5377/11/4263 5383/13/4261
f 5388/13/4264 5383/13/4264 5382/12/4264
f 5388/13/4264 5382/12/4264 5384/12/4265
f 5388/13/4264 5384/12/4265 5385/15/4265
f 5388/13/4264 5385/15/4265 5386/17/4266
f 5388/13/4264 5386/17/4266 5387/17/4264
f 5388/13/4264 5387/17/4264 5383/13/4264
f 5389/1/4237 5390/2/4018 5391/3/4049
f 5391/3/4049 5392/4/4016 5389/1/4237
f 5393/5/4267 5394/6/4267 5395/7/4267
f 5393/5/4268 5396/8/4268 5394/6/4268
f 5393/5/4269 5397/7/4269 5396/8/4269
f 5393/5/4270 5398/9/4270 5397/7/4270
f 5393/5/4271 5399/10/4271 5398/9/4271
f 5393/5/4272 5395/7/4272 5399/10/4272
f 5395/11/4273 5400/12/4274 5401/13/4058
f 5395/11/4273 5394/14/4275 5400/12/4274
f 5394/14/4138 5402/12/4276 5400/12/4277
f 5394/14/4138 5396/14/4138 5402/12/4276
f 5396/14/4278 5403/15/4279 5402/12/4139
f 5396/14/4278 5397/16/4280 5403/15/4279
f 5397/16/4281 5404/17/4071 5403/15/4282
f 5397/16/4281 5398/18/4283 5404/17/4071
f 5398/18/4284 5405/17/4285 5404/17/4286
f 5398/18/4284 5399/18/4259 5405/17/4285
f 5399/18/4287 5401/13/4288 5405/17/4289
f 5399/18/4287 5395/11/4290 5401/13/4288
f 5406/13/4291 5401/13/4291 5400/12/4292
f 5406/13/4291 5400/12/4292 5402/12/4293
f 5406/13/4291 5402/12/4293 5403/15/4292
f 5406/13/4291 5403/15/4292 5404/17/4291
f 5406/13/4291 5404/17/4291 5405/17/4294
f 5406/13/4291 5405/17/4294 5401/13/4291
f 5407/1/4117 5408/2/4295 5409/3/4117
f 5409/3/4117 5410/4/4296 5407/1/4117
f 5411/5/4297 5412/6/4297 5413/7/4297
f 5411/5/4298 5414/8/4298 5412/6/4298
f 5411/5/4299 5415/7/4299 5414/8/4299
f 5411/5/4300 5416/9/4300 5415/7/4300
f 5411/5/4301 5417/10/4301 5416/9/4301
f 5411/5/4302 5413/7/4302 5417/10/4302
f 5413/11/4037 5418/12/4303 5419/13/4196
f 5413/11/4037 5412/14/4225 5418/12/4303
f 5412/14/4304 5420/12/4305 5418/12/4306
f 5412/14/4304 5414/14/4307 5420/12/4305
f 5414/14/4308 5421/15/4261 5420/12/4262
f 5414/14/4308 5415/16/4309 5421/15/4261
f 5415/16/4275 5422/17/4310 5421/15/4311
f 5415/16/4275 5416/18/4312 5422/17/4310
f 5416/18/4313 5423/17/4138 5422/17/4314
f 5416/18/4313 5417/18/4171 5423/17/4138
f 5417/18/4315 5419/13/4316 5423/17/4317
f 5417/18/4315 5413/11/4318 5419/13/4316
f 5424/13/4319 5419/13/4319 5418/12/4319
f 5424/13/4319 5418/12/4319 5420/12/4319
f 5424/13/4319 5420/12/4319 5421/15/4320
f 5424/13/4319 5421/15/4320 5422/17/4320
f 5424/13/4319 5422/17/4320 5423/17/4320
f 5424/13/4319 5423/17/4320 5419/13/4319
f 5425/1/4149 5426/2/4321 5427/3/4149
f 5427/3/4149 5428/4/4117 5425/1/4149
f 5429/5/4322 5430/6/4322 5431/7/4322
f 5429/5/4323 5432/8/4323 5430/6/4323
f 5429/5/4324 5433/7/4324 5432/8/4324
f 5429/5/4325 5434/9/4325 5433/7/4325
f 5429/5/4326 5435/10/4326 5434/9/4326
f 5429/5/4327 5431/7/4327 5435/10/4327
f 5431/11/4281 5436/12/4303 5437/13/4125
f 5431/11/4281 5430/14/4328 5436/12/4303
f 5430/14/4329 5438/12/4330 5436/12/4331
f 5430/14/4329 5432/14/4161 5438/12/4330
f 5432/14/4163 5439/15/4332 5438/12/4333
f 5432/14/4163 5433/16/4334 5439/15/4332
f 5433/16/4335 5440/17/4057 5439/15/4215
f 5433/16/4335 5434/18/4169 5440/17/4057
f 5434/18/4336 5441/17/4337 5440/17/4338
f 5434/18/4336 5435/18/4189 5441/17/4337
f 5435/18/4316 5437/13/4251 5441/17/4339
f 5435/18/4316 5431/11/4340 5437/13/4251
f 5442/13/4341 5437/13/4341 5436/12/4341
f 5442/13/4341 5436/12/4341 5438/12/4341
f 5442/13/4341 5438/12/4341 5439/15/4341
f 5442/13/4341 5439/15/4341 5440/17/4342
f 5442/13/4341 5440/17/4342 5441/17/4342
f 5442/13/4341 5441/17/4342 5437/13/4341
f 5443/1/4343 5444/2/4343 5445/3/4343
f 5445/3/4343 5446/4/4343 5443/1/4343
f 5447/5/4344 5448/6/4344 5449/7/4344
f 5447/5/4345 5450/8/4345 5448/6/4345
f 5447/5/4346 5451/7/4346 5450/8/4346
f 5447/5/4347 5452/9/4347 5451/7/4347
f 5447/5/4348 5453/10/4348 5452/9/4348
f 5447/5/4349 5449/7/4349 5453/10/4349
f 5449/11/4350 5454/12/4351 5455/13/4352
f 5449/11/4350 5448/14/4353 5454/12/4351
f 5448/14/4329 5456/12/4354 5454/12/4354
f 5448/14/4329 5450/14/4329 5456/12/4354
f 5450/14/4355 5457/15/4356 5456/12/4357
f 5450/14/4355 5451/16/4358 5457/15/4356
f 5451/16/4359 5458/17/4360 5457/15/4361
f 5451/16/4359 5452/18/4362 5458/17/4360
f 5452/18/4363 5459/17/4364 5458/17/4365
f 5452/18/4363 5453/18/4366 5459/17/4364
f 5453/18/4367 5455/13/4368 5459/17/4369
f 5453/18/4367 5449/11/4370 5455/13/4368
f 5460/13/4233 5455/13/4371 5454/12/4233
f 5460/13/4233 5454/12/4233 5456/12/4233
f 5460/13/4233 5456/12/4233 5457/15/4233
f 5460/13/4233 5457/15/4233 5458/17/4233
f 5460/13/4233 5458/17/4233 5459/17/4233
f 5460/13/4233 5459/17/4233 5455/13/4371
f 5461/1/4372 5462/2/4373 5463/3/4372
f 5463/3/4372 5464/4/4374 5461/1/4372
f 5465/5/4375 5466/6/4375 5467/7/4375
f 5465/5/4376 5468/8/4376 5466/6/4376
f 5465/5/4377 5469/7/4377 5468/8/4377
f 5465/5/4378 5470/9/4378 5469/7/4378
f 5465/5/4379 5471/10/4379 5470/9/4379
f 5465/5/4380 5467/7/4380 5471/10/4380
f 5467/11/4381 5472/12/4382 5473/13/4383
f 5467/11/4381 5466/14/4384 5472/12/4382
f 5466/14/4385 5474/12/4386 5472/12/4387
f 5466/14/4385 5468/14/4388 5474/12/4386
f 5468/14/4389 5475/15/4390 5474/12/4391
f 5468/14/4389 5469/16/4392 5475/15/4390
f 5469/16/4393 5476/17/4394 5475/15/4395
f 5469/16/4393 5470/18/4396 5476/17/4394
f 5470/18/4397 5477/17/4398 5476/17/4398
f 5470/18/4397 5471/18/4397 5477/17/4398
f 5471/18/4399 5473/13/4400 5477/17/4401
f 5471/18/4399 5467/11/4402 5473/13/4400
f 5478/13/4403 5473/13/4403 5472/12/4403
f 5478/13/4403 5472/12/4403 5474/12/4403
f 5478/13/4403 5474/12/4403 5475/15/4403
f 5478/13/4403 5475/15/4403 5476/17/4403
f 5478/13/4403 5476/17/4403 5477/17/4403
f 5478/13/4403 5477/17/4403 5473/13/4403
f 5479/1/4404 5480/2/4405 5481/3/4404
f 5481/3/4404 5482/4/4406 5479/1/4404
f 5483/5/4407 5484/6/4407 5485/7/4407
f 5483/5/4408 5486/8/4408 5484/6/4408
f 5483/5/4409 5487/7/4409 5486/8/4409
f 5483/5/4410 5488/9/4410 5487/7/4410
f 5483/5/4411 5489/10/4411 5488/9/4411
f 5483/5/4412 5485/7/4412 5489/10/4412
f 5485/11/4413 5490/12/4414 5491/13/4415
f 5485/11/4413 5484/14/4416 5490/12/4414
f 5484/14/4417 5492/12/4418 5490/12/4419
f 5484/14/4417 5486/14/4420 5492/12/4418
f 5486/14/4421 5493/15/4422 5492/12/4423
f 5486/14/4421 5487/16/4424 5493/15/4422
f 5487/16/4425 5494/17/4426 5493/15/4427
f 5487/16/4425 5488/18/4428 5494/17/4426
f 5488/18/4429 5495/17/4430 5494/17/4431
f 5488/18/4429 5489/18/4432 5495/17/4430
f 5489/18/4433 5491/13/4434 5495/17/4435
f 5489/18/4433 5485/11/4436 5491/13/4434
f 5496/13/4437 5491/13/4437 5490/12/4437
f 5496/13/4437 5490/12/4437 5492/12/4437
f 5496/13/4437 5492/12/4437 5493/15/4437
f 5496/13/4437 5493/15/4437 5494/17/4437
f 5496/13/4437 5494/17/4437 5495/17/4437
f 5496/13/4437 5495/17/4437 5491/13/4437
f 5497/1/4438 5498/2/4439 5499/3/4440
f 5499/3/4440 5500/4/4441 5497/1/4438
f 5501/5/4442 5502/6/4442 5503/7/4442
f 5501/5/4443 5504/8/4443 5502/6/4443
f 5501/5/4444 5505/7/4444 5504/8/4444
f 5501/5/4445 5506/9/4445 5505/7/4445
f 5501/5/4446 5507/10/4446 5506/9/4446
f 5501/5/4447 5503/7/4447 5507/10/4447
f 5503/11/4448 5508/12/4449 5509/13/4450
f 5503/11/4448 5502/14/4451 5508/12/4449
f 5502/14/4452 5510/12/4453 5508/12/3845
f 5502/14/4452 5504/14/4454 5510/12/4453
f 5504/14/4455 5511/15/4456 5510/12/4456
f 5504/14/4455 5505/16/4455 5511/15/4456
f 5505/16/4457 5512/17/4458 5511/15/4459
f 5505/16/4457 5506/18/4460 5512/17/4458
f 5506/18/4461 5513/17/4462 5512/17/4463
f 5506/18/4461 5507/18/4464 5513/17/4462
f 5507/18/4465 5509/13/4466 5513/17/4467
f 5507/18/4465 5503/11/4468 5509/13/4466
f 5514/13/3816 5509/13/4469 5508/12/3816
f 5514/13/3816 5508/12/3816 5510/12/3816
f 5514/13/3816 5510/12/3816 5511/15/4470
f 5514/13/3816 5511/15/4470 5512/17/3818
f 5514/13/3816 5512/17/3818 5513/17/3818
f 5514/13/3816 5513/17/3818 5509/13/4469
f 5515/1/4439 5516/2/4471 5517/3/4439
f 5517/3/4439 5518/4/4472 5515/1/4439
f 5519/5/4473 5520/6/4473 5521/7/4473
f 5519/5/4474 5522/8/4474 5520/6/4474
f 5519/5/4475 5523/7/4475 5522/8/4475
f 5519/5/4476 5524/9/4476 5523/7/4476
f 5519/5/4477 5525/10/4477 5524/9/4477
f 5519/5/4478 5521/7/4478 5525/10/4478
f 5521/11/4479 5526/12/4480 5527/13/4481
f 5521/11/4479 5520/14/3843 5526/12/4480
f 5520/14/3844 5528/12/4482 5526/12/4453
f 5520/14/3844 5522/14/4483 5528/12/4482
f 5522/14/4484 5529/15/4485 5528/12/4486
f 5522/14/4484 5523/16/4487 5529/15/4485
f 5523/16/3829 5530/17/3830 5529/15/4488
f 5523/16/3829 5524/18/4489 5530/17/3830
f 5524/18/4490 5531/17/3799 5530/17/3799
f 5524/18/4490 5525/18/4490 5531/17/3799
f 5525/18/4491 5527/13/4492 5531/17/3801
f 5525/18/4491 5521/11/4493 5527/13/4492
f 5532/13/4494 5527/13/4494 5526/12/4495
f 5532/13/4494 5526/12/4495 5528/12/4495
f 5532/13/4494 5528/12/4495 5529/15/4496
f 5532/13/4494 5529/15/4496 5530/17/4494
f 5532/13/4494 5530/17/4494 5531/17/4494
f 5532/13/4494 5531/17/4494 5527/13/4494
f 5533/1/4497 5534/2/4498 5535/3/4498
f 5535/3/4498 5536/4/4497 5533/1/4497
f 5537/5/4499 5538/6/4499 5539/7/4499
f 5537/5/4500 5540/8/4500 5538/6/4500
f 5537/5/4501 5541/7/4501 5540/8/4501
f 5537/5/4502 5542/9/4502 5541/7/4502
f 5537/5/4503 5543/10/4503 5542/9/4503
f 5537/5/4504 5539/7/4504 5543/10/4504
f 5539/11/4505 5544/12/4506 5545/13/4507
f 5539/11/4505 5538/14/4508 5544/12/4506
f 5538/14/4509 5546/12/4510 5544/12/4511
f 5538/14/4509 5540/14/4512 5546/12/4510
f 5540/14/4513 5547/15/4514 5546/12/4515
f 5540/14/4513 5541/16/4516 5547/15/4514
f 5541/16/4517 5548/17/4518 5547/15/4519
f 5541/16/4517 5542/18/4520 5548/17/4518
f 5542/18/4521 5549/17/4522 5548/17/4523
f 5542/18/4521 5543/18/4524 5549/17/4522
f 5543/18/4525 5545/13/4526 5549/17/4527
f 5543/18/4525 5539/11/4528 5545/13/4526
f 5550/13/4529 5545/13/4529 5544/12/4529
f 5550/13/4529 5544/12/4529 5546/12/4529
f 5550/13/4529 5546/12/4529 5547/15/4530
f 5550/13/4529 5547/15/4530 5548/17/4530
f 5550/13/4529 5548/17/4530 5549/17/4530
f 5550/13/4529 5549/17/4530 5545/13/4529
f 5551/1/4531 5552/2/4532 5553/3/4533
f 5553/3/4533 5554/4/4534 5551/1/4531
f 5555/5/4535 5556/6/4535 5557/7/4535
f 5555/5/4536 5558/8/4536 5556/6/4536
f 5555/5/4537 5559/7/4537 5558/8/4537
f 5555/5/4538 5560/9/4538 5559/7/4538
f 5555/5/4539 5561/10/4539 5560/9/4539
f 5555/5/4540 5557/7/4540 5561/10/4540
f 5557/11/4541 5562/12/4542 5563/13/4543
f 5557/11/4541 5556/14/4544 5562/12/4542
f 5556/14/4545 5564/12/4546 5562/12/4547
f 5556/14/4545 5558/14/4548 5564/12/4546
f 5558/14/4549 5565/15/4550 5564/12/4551
f 5558/14/4549 5559/16/4552 5565/15/4550
f 5559/16/4553 5566/17/4554 5565/15/4555
f 5559/16/4553 5560/18/4556 5566/17/4554
f 5560/18/4557 5567/17/4558 5566/17/4559
f 5560/18/4557 5561/18/4560 5567/17/4558
f 5561/18/4561 5563/13/4562 5567/17/4563
f 5561/18/4561 5557/11/4564 5563/13/4562
f 5568/13/4565 5563/13/4566 5562/12/4567
f 5568/13/4565 5562/12/4567 5564/12/4568
f 5568/13/4565 5564/12/4568 5565/15/4568
f 5568/13/4565 5565/15/4568 5566/17/4568
f 5568/13/4565 5566/17/4568 5567/17/4569
f 5568/13/4565 5567/17/4569 5563/13/4566
f 5569/1/4570 5570/2/4571 5571/3/4570
f 5571/3/4570 5572/4/4572 5569/1/4570
f 5573/5/4573 5574/6/4573 5575/7/4573
f 5573/5/4574 5576/8/4574 5574/6/4574
f 5573/5/4575 5577/7/4575 5576/8/4575
f 5573/5/4576 5578/9/4576 5577/7/4576
f 5573/5/4577 5579/10/4577 5578/9/4577
f 5573/5/4578 5575/7/4578 5579/10/4578
f 5575/11/4579 5580/12/4580 5581/13/4581
f 5575/11/4579 5574/14/4582 5580/12/4580
f 5574/14/4583 5582/12/4584 5580/12/4585
f 5574/14/4583 5576/14/4586 5582/12/4584
f 5576/14/4587 5583/15/4588 5582/12/4589
f 5576/14/4587 5577/16/4590 5583/15/4588
f 5577/16/4591 5584/17/4592 5583/15/4593
f 5577/16/4591 5578/18/4594 5584/17/4592
f 5578/18/4595 5585/17/4596 5584/17/4596
f 5578/18/4595 5579/18/4597 5585/17/4596
f 5579/18/4598 5581/13/4599 5585/17/4600
f 5579/18/4598 5575/11/4601 5581/13/4599
f 5586/13/4602 5581/13/4603 5580/12/4602
f 5586/13/4602 5580/12/4602 5582/12/4602
f 5586/13/4602 5582/12/4602 5583/15/4602
f 5586/13/4602 5583/15/4602 5584/17/4602
f 5586/13/4602 5584/17/4602 5585/17/4603
f 5586/13/4602 5585/17/4603 5581/13/4603
f 5587/1/3821 5588/2/4604 5589/3/3821
f 5589/3/3821 5590/4/3820 5587/1/3821
f 5591/5/4605 5592/6/4605 5593/7/4605
f 5591/5/4606 5594/8/4606 5592/6/4606
f 5591/5/4607 5595/7/4607 5594/8/4607
f 5591/5/4608 5596/9/4608 5595/7/4608
f 5591/5/4609 5597/10/4609 5596/9/4609
f 5591/5/4610 5593/7/4610 5597/10/4610
f 5593/11/4611 5598/12/4612 5599/13/4613
f 5593/11/4611 5592/14/4614 5598/12/4612
f 5592/14/3833 5600/12/4615 5598/12/4616
f 5592/14/3833 5594/14/4617 5600/12/4615
f 5594/14/3836 5601/15/4618 5600/12/4619
f 5594/14/3836 5595/16/4620 5601/15/4618
f 5595/16/4480 5602/17/4621 5601/15/4622
f 5595/16/4480 5596/18/4623 5602/17/4621
f 5596/18/4483 5603/17/3845 5602/17/4624
f 5596/18/4483 5597/18/4625 5603/17/3845
f 5597/18/4626 5599/13/4627 5603/17/4627
f 5597/18/4626 5593/11/4626 5599/13/4627
f 5604/13/4628 5599/13/4629 5598/12/4630
f 5604/13/4628 5598/12/4630 5600/12/4631
f 5604/13/4628 5600/12/4631 5601/15/4632
f 5604/13/4628 5601/15/4632 5602/17/4632
f 5604/13/4628 5602/17/4632 5603/17/4632
f 5604/13/4628 5603/17/4632 5599/13/4629
f 5605/1/4633 5606/2/4634 5607/3/4633
f 5607/3/4633 5608/4/4635 5605/1/4633
f 5609/5/4636 5610/6/4636 5611/7/4636
f 5609/5/4326 5612/8/4326 5610/6/4326
f 5609/5/4637 5613/7/4637 5612/8/4637
f 5609/5/4638 5614/9/4638 5613/7/4638
f 5609/5/4639 5615/10/4639 5614/9/4639
f 5609/5/4640 5611/7/4640 5615/10/4640
f 5611/11/4027 5616/12/4058 5617/13/4641
f 5611/11/4027 5610/14/4642 5616/12/4058
f 5610/14/4029 5618/12/4643 5616/12/4644
f 5610/14/4029 5612/14/4138 5618/12/4643
f 5612/14/4645 5619/15/4142 5618/12/4646
f 5612/14/4645 5613/16/4647 5619/15/4142
f 5613/16/4158 5620/17/4648 5619/15/4649
f 5613/16/4158 5614/18/4328 5620/17/4648
f 5614/18/4650 5621/17/4651 5620/17/4652
f 5614/18/4650 5615/18/4038 5621/17/4651
f 5615/18/4653 5617/13/4654 5621/17/4655
f 5615/18/4653 5611/11/4358 5617/13/4654
f 5622/13/4234 5617/13/4234 5616/12/4656
f 5622/13/4234 5616/12/4656 5618/12/4656
f 5622/13/4234 5618/12/4656 5619/15/4234
f 5622/13/4234 5619/15/4234 5620/17/4656
f 5622/13/4234 5620/17/4656 5621/17/4656
f 5622/13/4234 5621/17/4656 5617/13/4234
f 5623/1/4147 5624/2/4149 5625/3/4147
f 5625/3/4147 5626/4/4148 5623/1/4147
f 5627/5/4211 5628/6/4211 5629/7/4211
f 5627/5/4657 5630/8/4657 5628/6/4657
f 5627/5/4658 5631/7/4658 5630/8/4658
f 5627/5/4659 5632/9/4659 5631/7/4659
f 5627/5/4660 5633/10/4660 5632/9/4660
f 5627/5/4661 5629/7/4661 5633/10/4661
f 5629/11/4662 5634/12/4352 5635/13/4069
f 5629/11/4662 5628/14/4663 5634/12/4352
f 5628/14/4664 5636/12/4665 5634/12/4073
f 5628/14/4664 5630/14/4161 5636/12/4665
f 5630/14/4666 5637/15/4667 5636/12/4668
f 5630/14/4666 5631/16/4666 5637/15/4667
f 5631/16/4669 5638/17/4167 5637/15/4670
f 5631/16/4669 5632/18/4187 5638/17/4167
f 5632/18/4671 5639/17/4672 5638/17/4673
f 5632/18/4671 5633/18/4674 5639/17/4672
f 5633/18/4675 5635/13/4676 5639/17/4677
f 5633/18/4675 5629/11/4678 5635/13/4676
f 5640/13/4204 5635/13/4204 5634/12/4204
f 5640/13/4204 5634/12/4204 5636/12/4679
f 5640/13/4204 5636/12/4679 5637/15/4204
f 5640/13/4204 5637/15/4204 5638/17/4204
f 5640/13/4204 5638/17/4204 5639/17/4679
f 5640/13/4204 5639/17/4679 5635/13/4204
f 5641/1/4680 5642/2/4680 5643/3/4680
f 5643/3/4680 5644/4/4680 5641/1/4680
f 5645/5/4681 5646/6/4681 5647/7/4681
f 5645/5/4682 5648/8/4682 5646/6/4682
f 5645/5/4683 5649/7/4683 5648/8/4683
f 5645/5/4684 5650/9/4684 5649/7/4684
f 5645/5/4685 5651/10/4685 5650/9/4685
f 5645/5/4686 5647/7/4686 5651/10/4686
f 5647/11/4687 5652/12/4688 5653/13/4688
f 5647/11/4687 5646/14/4689 5652/12/4688
f 5646/14/4690 5654/12/4691 5652/12/4692
f 5646/14/4690 5648/14/4693 5654/12/4691
f 5648/14/4694 5655/15/4695 5654/12/4696
f 5648/14/4694 5649/16/4697 5655/15/4695
f 5649/16/4276 5656/17/4698 5655/15/4699
f 5649/16/4276 5650/18/4700 5656/17/4698
f 5650/18/4369 5657/17/4701 5656/17/4702
f 5650/18/4369 5651/18/4703 5657/17/4701
f 5651/18/4350 5653/13/4704 5657/17/4705
f 5651/18/4350 5647/11/4706 5653/13/4704
f 5658/13/4707 5653/13/4707 5652/12/4707
f 5658/13/4707 5652/12/4707 5654/12/4708
f 5658/13/4707 5654/12/4708 5655/15/4708
f 5658/13/4707 5655/15/4708 5656/17/4707
f 5658/13/4707 5656/17/4707 5657/17/4707
f 5658/13/4707 5657/17/4707 5653/13/4707
f 5659/1/4709 5660/2/4710 5661/3/4711
f 5661/3/4711 5662/4/4712 5659/1/4709
f 5663/5/4713 5664/6/4713 5665/7/4713
f 5663/5/4714 5666/8/4714 5664/6/4714
f 5663/5/4715 5667/7/4715 5666/8/4715
f 5663/5/4716 5668/9/4716 5667/7/4716
f 5663/5/4717 5669/10/4717 5668/9/4717
f 5663/5/4718 5665/7/4718 5669/10/4718
f 5665/11/4719 5670/12/4720 5671/13/4721
f 5665/11/4719 5664/14/4722 5670/12/4720
f 5664/14/4723 5672/12/4724 5670/12/4725
f 5664/14/4723 5666/14/4726 5672/12/4724
f 5666/14/4028 5673/15/4727 5672/12/4728
f 5666/14/4028 5667/16/4025 5673/15/4727
f 5667/16/4729 5674/17/4730 5673/15/4731
f 5667/16/4729 5668/18/4732 5674/17/4730
f 5668/18/4733 5675/17/4703 5674/17/4734
f 5668/18/4733 5669/18/4733 5675/17/4703
f 5669/18/4735 5671/13/4705 5675/17/4736
f 5669/18/4735 5665/11/4737 5671/13/4705
f 5676/13/4738 5671/13/4738 5670/12/4738
f 5676/13/4738 5670/12/4738 5672/12/4739
f 5676/13/4738 5672/12/4739 5673/15/4739
f 5676/13/4738 5673/15/4739 5674/17/4738
f 5676/13/4738 5674/17/4738 5675/17/4738
f 5676/13/4738 5675/17/4738 5671/13/4738
f 5677/1/4740 5678/2/4741 5679/3/4740
f 5679/3/4740 5680/4/4742 5677/1/4740
f 5681/5/4743 5682/6/4744 5683/7/4745
f 5681/5/4743 5684/8/4746 5682/6/4744
f 5681/5/4747 5685/7/4747 5684/8/4747
f 5681/5/4748 5686/9/4749 5685/7/4750
f 5681/5/4748 5687/10/4751 5686/9/4749
f 5681/5/4752 5683/7/4752 5687/10/4752
f 5683/11/4753 5688/12/4754 5689/13/4755
f 5683/11/4753 5682/14/4756 5688/12/4754
f 5682/14/4756 5690/12/4757 5688/12/4754
f 5682/14/4756 5684/14/4758 5690/12/4757
f 5684/14/4759 5691/15/4760 5690/12/4761
f 5684/14/4759 5685/16/4762 5691/15/4760
f 5685/16/4763 5692/17/4764 5691/15/4765
f 5685/16/4763 5686/18/4766 5692/17/4764
f 5686/18/4766 5693/17/4767 5692/17/4764
f 5686/18/4766 5687/18/4768 5693/17/4767
f 5687/18/4769 5689/13/4770 5693/17/4771
f 5687/18/4769 5683/11/4772 5689/13/4770
f 5694/13/4773 5689/13/4773 5688/12/4774
f 5694/13/4773 5688/12/4774 5690/12/4773
f 5694/13/4773 5690/12/4773 5691/15/4773
f 5694/13/4773 5691/15/4773 5692/17/4773
f 5694/13/4773 5692/17/4773 5693/17/4773
f 5694/13/4773 5693/17/4773 5689/13/4773
f 5695/1/4775 5696/2/4776 5697/3/4775
f 5697/3/4775 5698/4/4777 5695/1/4775
f 5699/5/4778 5700/6/4779 5701/7/4780
f 5699/5/4778 5702/8/4781 5700/6/4779
f 5699/5/4782 5703/7/4782 5702/8/4782
f 5699/5/4783 5704/9/4784 5703/7/4785
f 5699/5/4783 5705/10/4786 5704/9/4784
f 5699/5/4787 5701/7/4787 5705/10/4787
f 5701/11/4788 5706/12/4789 5707/13/4790
f 5701/11/4788 5700/14/4791 5706/12/4789
f 5700/14/4791 5708/12/4792 5706/12/4789
f 5700/14/4791 5702/14/4793 5708/12/4792
f 5702/14/4794 5709/15/4795 5708/12/4796
f 5702/14/4794 5703/16/4797 5709/15/4795
f 5703/16/4798 5710/17/4799 5709/15/4800
f 5703/16/4798 5704/18/4801 5710/17/4799
f 5704/18/4801 5711/17/4802 5710/17/4799
f 5704/18/4801 5705/18/4803 5711/17/4802
f 5705/18/4804 5707/13/4805 5711/17/4806
f 5705/18/4804 5701/11/4807 5707/13/4805
f 5712/13/4808 5707/13/4808 5706/12/4808
f 5712/13/4808 5706/12/4808 5708/12/4809
f 5712/13/4808 5708/12/4809 5709/15/4809
f 5712/13/4808 5709/15/4809 5710/17/4808
f 5712/13/4808 5710/17/4808 5711/17/4808
f 5712/13/4808 5711/17/4808 5707/13/4808
f 5713/1/4810 5714/2/4148 5715/3/4810
f 5715/3/4810 5716/4/4811 5713/1/4810
f 5717/5/4812 5718/6/4812 5719/7/4812
f 5717/5/4639 5720/8/4639 5718/6/4639
f 5717/5/4813 5721/7/4813 5720/8/4813
f 5717/5/4814 5722/9/4814 5721/7/4814
f 5717/5/4815 5723/10/4815 5722/9/4815
f 5717/5/4816 5719/7/4816 5723/10/4816
f 5719/11/4817 5724/12/4818 5725/13/4819
f 5719/11/4817 5718/14/4705 5724/12/4818
f 5718/14/4354 5726/12/4257 5724/12/4820
f 5718/14/4354 5720/14/4038 5726/12/4257
f 5720/14/4230 5727/15/4666 5726/12/4821
f 5720/14/4230 5721/16/4230 5727/15/4666
f 5721/16/4273 5728/17/4822 5727/15/4823
f 5721/16/4273 5722/18/4275 5728/17/4822
f 5722/18/4824 5729/17/4674 5728/17/4825
f 5722/18/4824 5723/18/4190 5729/17/4674
f 5723/18/4176 5725/13/4176 5729/17/4176
f 5723/18/4176 5719/11/4176 5725/13/4176
f 5730/13/4234 5725/13/4234 5724/12/4656
f 5730/13/4234 5724/12/4656 5726/12/4656
f 5730/13/4234 5726/12/4656 5727/15/4234
f 5730/13/4234 5727/15/4234 5728/17/4236
f 5730/13/4234 5728/17/4236 5729/17/4234
f 5730/13/4234 5729/17/4234 5725/13/4234
f 5731/1/4826 5732/2/4827 5733/3/4826
f 5733/3/4826 5734/4/4828 5731/1/4826
f 5735/5/4829 5736/6/4829 5737/7/4829
f 5735/5/4830 5738/8/4830 5736/6/4830
f 5735/5/4831 5739/7/4831 5738/8/4831
f 5735/5/4832 5740/9/4832 5739/7/4832
f 5735/5/4833 5741/10/4833 5740/9/4833
f 5735/5/4834 5737/7/4834 5741/10/4834
f 5737/11/4835 5742/12/4836 5743/13/4836
f 5737/11/4835 5736/14/4835 5742/12/4836
f 5736/14/4837 5744/12/4838 5742/12/4838
f 5736/14/4837 5738/14/4839 5744/12/4838
f 5738/14/4840 5745/15/4841 5744/12/4842
f 5738/14/4840 5739/16/4840 5745/15/4841
f 5739/16/4843 5746/17/4844 5745/15/4845
f 5739/16/4843 5740/18/4846 5746/17/4844
f 5740/18/4847 5747/17/4848 5746/17/4849
f 5740/18/4847 5741/18/4850 5747/17/4848
f 5741/18/4851 5743/13/4852 5747/17/4853
f 5741/18/4851 5737/11/4854 5743/13/4852
f 5748/13/4855 5743/13/4855 5742/12/4855
f 5748/13/4855 5742/12/4855 5744/12/4855
f 5748/13/4855 5744/12/4855 5745/15/4855
f 5748/13/4855 5745/15/4855 5746/17/4855
f 5748/13/4855 5746/17/4855 5747/17/4855
f 5748/13/4855 5747/17/4855 5743/13/4855
f 5749/1/4856 5750/2/4856 5751/3/4856
f 5751/3/4856 5752/4/4856 5749/1/4856
f 5753/5/4857 5754/6/4857 5755/7/4857
f 5753/5/4858 5756/8/4858 5754/6/4858
f 5753/5/4859 5757/7/4859 5756/8/4859
f 5753/5/4860 5758/9/4860 5757/7/4860
f 5753/5/4861 5759/10/4861 5758/9/4861
f 5753/5/4862 5755/7/4862 5759/10/4862
f 5755/11/4863 5760/12/4864 5761/13/4865
f 5755/11/4863 5754/14/4866 5760/12/4864
f 5754/14/4867 5762/12/4868 5760/12/4869
f 5754/14/4867 5756/14/4870 5762/12/4868
f 5756/14/4871 5763/15/4872 5762/12/4873
f 5756/14/4871 5757/16/4874 5763/15/4872
f 5757/16/4875 5764/17/4876 5763/15/4877
f 5757/16/4875 5758/18/4878 5764/17/4876
f 5758/18/4879 5765/17/4880 5764/17/4881
f 5758/18/4879 5759/18/4882 5765/17/4880
f 5759/18/4883 5761/13/4884 5765/17/4885
f 5759/18/4883 5755/11/4886 5761/13/4884
f 5766/13/4887 5761/13/4887 5760/12/4888
f 5766/13/4887 5760/12/4888 5762/12/4887
f 5766/13/4887 5762/12/4887 5763/15/4887
f 5766/13/4887 5763/15/4887 5764/17/4889
f 5766/13/4887 5764/17/4889 5765/17/4890
f 5766/13/4887 5765/17/4890 5761/13/4887
f 5767/1/4891 5768/2/4892 5769/3/4891
f 5769/3/4891 5770/4/4893 5767/1/4891
f 5771/5/4894 5772/6/4894 5773/7/4894
f 5771/5/4895 5774/8/4895 5772/6/4895
f 5771/5/4896 5775/7/4896 5774/8/4896
f 5771/5/4897 5776/9/4897 5775/7/4897
f 5771/5/4898 5777/10/4898 5776/9/4898
f 5771/5/4899 5773/7/4899 5777/10/4899
f 5773/11/4900 5778/12/4901 5779/13/4902
f 5773/11/4900 5772/14/4903 5778/12/4901
f 5772/14/4369 5780/12/4904 5778/12/4905
f 5772/14/4369 5774/14/4703 5780/12/4904
f 5774/14/4906 5781/15/4907 5780/12/4253
f 5774/14/4906 5775/16/4908 5781/15/4907
f 5775/16/4909 5782/17/4910 5781/15/4911
f 5775/16/4909 5776/18/4912 5782/17/4910
f 5776/18/4913 5783/17/4914 5782/17/4915
f 5776/18/4913 5777/18/4916 5783/17/4914
f 5777/18/4917 5779/13/4918 5783/17/4919
f 5777/18/4917 5773/11/4920 5779/13/4918
f 5784/13/4921 5779/13/4921 5778/12/4921
f 5784/13/4921 5778/12/4921 5780/12/4921
f 5784/13/4921 5780/12/4921 5781/15/4921
f 5784/13/4921 5781/15/4921 5782/17/4921
f 5784/13/4921 5782/17/4921 5783/17/4921
f 5784/13/4921 5783/17/4921 5779/13/4921
f 5785/1/4922 5786/2/4922 5787/3/4922
f 5787/3/4922 5788/4/4922 5785/1/4922
f 5789/5/4923 5790/6/4923 5791/7/4923
f 5789/5/4924 5792/8/4924 5790/6/4924
f 5789/5/4925 5793/7/4925 5792/8/4925
f 5789/5/4926 5794/9/4926 5793/7/4926
f 5789/5/4927 5795/10/4927 5794/9/4927
f 5789/5/4928 5791/7/4928 5795/10/4928
f 5791/11/4929 5796/12/4930 5797/13/4931
f 5791/11/4929 5790/14/4932 5796/12/4930
f 5790/14/4933 5798/12/4934 5796/12/4692
f 5790/14/4933 5792/14/4935 5798/12/4934
f 5792/14/4936 5799/15/4937 5798/12/4938
f 5792/14/4936 5793/16/4939 5799/15/4937
f 5793/16/4249 5800/17/4940 5799/15/4941
f 5793/16/4249 5794/18/4942 5800/17/4940
f 5794/18/4733 5801/17/4943 5800/17/4943
f 5794/18/4733 5795/18/4944 5801/17/4943
f 5795/18/4351 5797/13/4945 5801/17/4946
f 5795/18/4351 5791/11/4947 5797/13/4945
f 5802/13/4948 5797/13/4948 5796/12/4949
f 5802/13/4948 5796/12/4949 5798/12/4948
f 5802/13/4948 5798/12/4948 5799/15/4948
f 5802/13/4948 5799/15/4948 5800/17/4950
f 5802/13/4948 5800/17/4950 5801/17/4951
f 5802/13/4948 5801/17/4951 5797/13/4948
f 5803/1/4952 5804/2/4952 5805/3/4952
f 5805/3/4952 5806/4/4952 5803/1/4952
f 5807/5/4953 5808/6/4953 5809/7/4953
f 5807/5/4954 5810/8/4954 5808/6/4954
f 5807/5/4955 5811/7/4955 5810/8/4955
f 5807/5/4956 5812/9/4956 5811/7/4956
f 5807/5/4957 5813/10/4957 5812/9/4957
f 5807/5/4958 5809/7/4958 5813/10/4958
f 5809/11/4959 5814/12/4960 5815/13/4961
f 5809/11/4959 5808/14/4962 5814/12/4960
f 5808/14/4963 5816/12/4964 5814/12/4965
f 5808/14/4963 5810/14/4963 5816/12/4964
f 5810/14/4966 5817/15/4967 5816/12/4968
f 5810/14/4966 5811/16/4969 5817/15/4967
f 5811/16/4970 5818/17/4971 5817/15/4972
f 5811/16/4970 5812/18/4973 5818/17/4971
f 5812/18/4974 5819/17/4975 5818/17/4975
f 5812/18/4974 5813/18/4976 5819/17/4975
f 5813/18/4977 5815/13/4978 5819/17/4979
f 5813/18/4977 5809/11/4980 5815/13/4978
f 5820/13/4707 5815/13/4707 5814/12/4707
f 5820/13/4707 5814/12/4707 5816/12/4707
f 5820/13/4707 5816/12/4707 5817/15/4981
f 5820/13/4707 5817/15/4981 5818/17/4981
f 5820/13/4707 5818/17/4981 5819/17/4707
f 5820/13/4707 5819/17/4707 5815/13/4707
f 5821/1/4891 5822/2/4891 5823/3/4891
f 5823/3/4891 5824/4/4891 5821/1/4891
f 5825/5/4982 5826/6/4982 5827/7/4982
f 5825/5/4983 5828/8/4983 5826/6/4983
f 5825/5/4984 5829/7/4984 5828/8/4984
f 5825/5/4985 5830/9/4985 5829/7/4985
f 5825/5/4986 5831/10/4986 5830/9/4986
f 5825/5/4987 5827/7/4987 5831/10/4987
f 5827/11/4988 5832/12/4989 5833/13/4990
f 5827/11/4988 5826/14/4991 5832/12/4989
f 5826/14/4992 5834/12/4993 5832/12/4994
f 5826/14/4992 5828/14/4995 5834/12/4993
f 5828/14/4996 5835/15/4997 5834/12/4998
f 5828/14/4996 5829/16/4999 5835/15/4997
f 5829/16/5000 5836/17/5001 5835/15/5002
f 5829/16/5000 5830/18/5003 5836/17/5001
f 5830/18/5004 5837/17/5005 5836/17/5006
f 5830/18/5004 5831/18/5004 5837/17/5005
f 5831/18/5007 5833/13/5008 5837/17/5009
f 5831/18/5007 5827/11/5010 5833/13/5008
f 5838/13/5011 5833/13/5011 5832/12/5011
f 5838/13/5011 5832/12/5011 5834/12/5011
f 5838/13/5011 5834/12/5011 5835/15/5011
f 5838/13/5011 5835/15/5011 5836/17/5012
f 5838/13/5011 5836/17/5012 5837/17/5013
f 5838/13/5011 5837/17/5013 5833/13/5011
f 5839/1/4891 5840/2/5014 5841/3/4893
f 5841/3/4893 5842/4/4892 5839/1/4891
f 5843/5/5015 5844/6/5015 5845/7/5015
f 5843/5/5016 5846/8/5016 5844/6/5016
f 5843/5/5017 5847/7/5017 5846/8/5017
f 5843/5/5018 5848/9/5018 5847/7/5018
f 5843/5/5019 5849/10/5019 5848/9/5019
f 5843/5/5020 5845/7/5020 5849/10/5020
f 5845/11/5021 5850/12/5022 5851/13/5023
f 5845/11/5021 5844/14/5024 5850/12/5022
f 5844/14/5025 5852/12/5026 5850/12/5027
f 5844/14/5025 5846/14/5028 5852/12/5026
f 5846/14/5029 5853/15/5030 5852/12/5031
f 5846/14/5029 5847/16/5032 5853/15/5030
f 5847/16/5033 5854/17/5034 5853/15/5035
f 5847/16/5033 5848/18/5036 5854/17/5034
f 5848/18/5037 5855/17/5038 5854/17/5039
f 5848/18/5037 5849/18/5040 5855/17/5038
f 5849/18/5041 5851/13/5042 5855/17/5043
f 5849/18/5041 5845/11/5041 5851/13/5042
f 5856/13/5044 5851/13/5044 5850/12/5044
f 5856/13/5044 5850/12/5044 5852/12/5044
f 5856/13/5044 5852/12/5044 5853/15/5044
f 5856/13/5044 5853/15/5044 5854/17/5044
f 5856/13/5044 5854/17/5044 5855/17/5044
f 5856/13/5044 5855/17/5044 5851/13/5044
f 5857/1/5045 5858/2/5046 5859/3/5045
f 5859/3/5045 5860/4/5045 5857/1/5045
f 5861/5/5047 5862/6/5047 5863/7/5047
f 5861/5/5048 5864/8/5048 5862/6/5048
f 5861/5/5049 5865/7/5049 5864/8/5049
f 5861/5/5050 5866/9/5050 5865/7/5050
f 5861/5/5051 5867/10/5051 5866/9/5051
f 5861/5/5052 5863/7/5052 5867/10/5052
f 5863/11/5053 5868/12/5054 5869/13/5055
f 5863/11/5053 5862/14/5056 5868/12/5054
f 5862/14/5057 5870/12/5058 5868/12/5059
f 5862/14/5057 5864/14/5060 5870/12/5058
f 5864/14/5061 5871/15/5062 5870/12/5063
f 5864/14/5061 5865/16/5064 5871/15/5062
f 5865/16/5065 5872/17/5066 5871/15/5067
f 5865/16/5065 5866/18/5065 5872/17/5066
f 5866/18/5068 5873/17/5069 5872/17/5069
f 5866/18/5068 5867/18/5070 5873/17/5069
f 5867/18/5071 5869/13/5072 5873/17/5073
f 5867/18/5071 5863/11/5071 5869/13/5072
f 5874/13/5074 5869/13/5074 5868/12/5074
f 5874/13/5074 5868/12/5074 5870/12/5074
f 5874/13/5074 5870/12/5074 5871/15/5074
f 5874/13/5074 5871/15/5074 5872/17/5074
f 5874/13/5074 5872/17/5074 5873/17/5074
f 5874/13/5074 5873/17/5074 5869/13/5074
f 5875/1/5075 5876/2/5075 5877/3/5075
f 5877/3/5075 5878/4/5075 5875/1/5075
f 5879/5/5076 5880/6/5076 5881/7/5076
f 5879/5/5077 5882/8/5077 5880/6/5077
f 5879/5/5078 5883/7/5078 5882/8/5078
f 5879/5/5079 5884/9/5079 5883/7/5079
f 5879/5/5080 5885/10/5080 5884/9/5080
f 5879/5/5081 5881/7/5081 5885/10/5081
f 5881/11/5082 5886/12/5083 5887/13/5084
f 5881/11/5082 5880/14/5082 5886/12/5083
f 5880/14/5085 5888/12/5086 5886/12/5087
f 5880/14/5085 5882/14/5088 5888/12/5086
f 5882/14/5089 5889/15/5090 5888/12/5091
f 5882/14/5089 5883/16/5092 5889/15/5090
f 5883/16/5093 5890/17/5094 5889/15/5095
f 5883/16/5093 5884/18/5096 5890/17/5094
f 5884/18/5097 5891/17/5098 5890/17/5099
f 5884/18/5097 5885/18/5100 5891/17/5098
f 5885/18/5101 5887/13/5102 5891/17/5103
f 5885/18/5101 5881/11/5104 5887/13/5102
f 5892/13/5105 5887/13/5105 5886/12/5105
f 5892/13/5105 5886/12/5105 5888/12/5105
f 5892/13/5105 5888/12/5105 5889/15/5106
f 5892/13/5105 5889/15/5106 5890/17/5106
f 5892/13/5105 5890/17/5106 5891/17/5105
f 5892/13/5105 5891/17/5105 5887/13/5105
f 5893/1/5107 5894/2/5108 5895/3/5107
f 5895/3/5107 5896/4/5109 5893/1/5107
f 5897/5/5110 5898/6/5110 5899/7/5110
f 5897/5/5111 5900/8/5111 5898/6/5111
f 5897/5/5112 5901/7/5112 5900/8/5112
f 5897/5/5113 5902/9/5113 5901/7/5113
f 5897/5/5114 5903/10/5114 5902/9/5114
f 5897/5/5115 5899/7/5115 5903/10/5116
f 5899/11/5117 5904/12/5118 5905/13/5119
f 5899/11/5117 5898/14/5120 5904/12/5118
f 5898/14/5121 5906/12/5122 5904/12/5123
f 5898/14/5121 5900/14/5124 5906/12/5122
f 5900/14/5125 5907/15/5126 5906/12/5127
f 5900/14/5125 5901/16/5128 5907/15/5126
f 5901/16/5129 5908/17/5130 5907/15/5131
f 5901/16/5129 5902/18/5129 5908/17/5130
f 5902/18/5132 5909/17/5133 5908/17/5134
f 5902/18/5132 5903/18/5135 5909/17/5133
f 5903/18/5136 5905/13/5137 5909/17/5138
f 5903/18/5136 5899/11/5136 5905/13/5137
f 5910/13/141 5905/13/141 5904/12/141
f 5910/13/141 5904/12/141 5906/12/141
f 5910/13/141 5906/12/141 5907/15/141
f 5910/13/141 5907/15/141 5908/17/141
f 5910/13/141 5908/17/141 5909/17/141
f 5910/13/141 5909/17/141 5905/13/141
f 5911/1/5139 5912/2/5140 5913/3/5141
f 5913/3/5141 5914/4/5140 5911/1/5139
f 5915/5/5142 5916/6/5142 5917/7/5142
f 5915/5/5143 5918/8/5143 5916/6/5143
f 5915/5/5144 5919/7/5144 5918/8/5144
f 5915/5/5145 5920/9/5145 5919/7/5145
f 5915/5/5146 5921/10/5146 5920/9/5146
f 5915/5/5147 5917/7/5147 5921/10/5147
f 5917/11/5148 5922/12/5149 5923/13/5150
f 5917/11/5148 5916/14/5151 5922/12/5149
f 5916/14/5152 5924/12/5153 5922/12/5154
f 5916/14/5152 5918/14/5155 5924/12/5153
f 5918/14/5156 5925/15/5157 5924/12/5158
f 5918/14/5156 5919/16/5156 5925/15/5157
f 5919/16/5159 5926/17/5160 5925/15/5161
f 5919/16/5159 5920/18/5162 5926/17/5160
f 5920/18/5163 5927/17/5164 5926/17/5165
f 5920/18/5163 5921/18/5166 5927/17/5164
f 5921/18/5167 5923/13/5168 5927/17/5169
f 5921/18/5167 5917/11/5170 5923/13/5168
f 5928/13/141 5923/13/141 5922/12/141
f 5928/13/141 5922/12/141 5924/12/141
f 5928/13/141 5924/12/141 5925/15/141
f 5928/13/141 5925/15/141 5926/17/141
f 5928/13/141 5926/17/141 5927/17/141
f 5928/13/141 5927/17/141 5923/13/141
f 5929/1/5171 5930/2/5172 5931/3/5171
f 5931/3/5171 5932/4/5173 5929/1/5171
f 5933/5/5174 5934/6/5174 5935/7/5174
f 5933/5/5175 5936/8/5175 5934/6/5175
f 5933/5/5176 5937/7/5176 5936/8/5176
f 5933/5/5177 5938/9/5177 5937/7/5177
f 5933/5/5178 5939/10/5178 5938/9/5178
f 5933/5/5179 5935/7/5179 5939/10/5179
f 5935/11/5180 5940/12/5181 5941/13/5181
f 5935/11/5180 5934/14/5180 5940/12/5181
f 5934/14/5182 5942/12/5183 5940/12/5184
f 5934/14/5182 5936/14/5185 5942/12/5183
f 5936/14/5186 5943/15/5187 5942/12/5188
f 5936/14/5186 5937/16/5189 5943/15/5187
f 5937/16/5190 5944/17/5191 5943/15/5192
f 5937/16/5190 5938/18/5193 5944/17/5191
f 5938/18/5194 5945/17/5195 5944/17/5196
f 5938/18/5194 5939/18/5197 5945/17/5195
f 5939/18/5198 5941/13/5199 5945/17/5200
f 5939/18/5198 5935/11/5201 5941/13/5199
f 5946/13/141 5941/13/141 5940/12/141
f 5946/13/141 5940/12/141 5942/12/141
f 5946/13/141 5942/12/141 5943/15/141
f 5946/13/141 5943/15/141 5944/17/141
f 5946/13/141 5944/17/141 5945/17/141
f 5946/13/141 5945/17/141 5941/13/141
f 5947/1/5202 5948/2/5202 5949/3/5202
f 5949/3/5202 5950/4/5202 5947/1/5202
f 5951/5/5203 5952/6/5203 5953/7/5203
f 5951/5/5204 5954/8/5204 5952/6/5204
f 5951/5/5205 5955/7/5205 5954/8/5205
f 5951/5/5206 5956/9/5206 5955/7/5206
f 5951/5/5207 5957/10/5207 5956/9/5207
f 5951/5/5208 5953/7/5208 5957/10/5208
f 5953/11/5209 5958/12/5210 5959/13/5211
f 5953/11/5209 5952/14/5212 5958/12/5210
f 5952/14/5213 5960/12/5214 5958/12/5215
f 5952/14/5213 5954/14/5216 5960/12/5214
f 5954/14/5217 5961/15/5218 5960/12/5219
f 5954/14/5217 5955/16/5220 5961/15/5218
f 5955/16/5221 5962/17/5222 5961/15/5223
f 5955/16/5221 5956/18/5224 5962/17/5222
f 5956/18/5225 5963/17/5226 5962/17/5227
f 5956/18/5225 5957/18/5228 5963/17/5226
f 5957/18/5229 5959/13/5230 5963/17/5231
f 5957/18/5229 5953/11/5232 5959/13/5230
f 5964/13/5233 5959/13/5233 5958/12/5233
f 5964/13/5233 5958/12/5233 5960/12/5234
f 5964/13/5233 5960/12/5234 5961/15/5233
f 5964/13/5233 5961/15/5233 5962/17/5233
f 5964/13/5233 5962/17/5233 5963/17/5233
f 5964/13/5233 5963/17/5233 5959/13/5233
f 5965/1/5235 5966/2/5236 5967/3/5235
f 5967/3/5235 5968/4/5237 5965/1/5235
f 5969/5/5238 5970/6/5238 5971/7/5238
f 5969/5/5239 5972/8/5239 5970/6/5239
f 5969/5/5240 5973/7/5240 5972/8/5240
f 5969/5/5241 5974/9/5241 5973/7/5241
f 5969/5/5242 5975/10/5242 5974/9/5242
f 5969/5/5243 5971/7/5243 5975/10/5243
f 5971/11/5244 5976/12/5245 5977/13/5246
f 5971/11/5244 5970/14/5247 5976/12/5245
f 5970/14/5248 5978/12/5249 5976/12/5250
f 5970/14/5248 5972/14/5251 5978/12/5249
f 5972/14/5252 5979/15/5253 5978/12/5254
f 5972/14/5252 5973/16/5255 5979/15/5253
f 5973/16/5256 5980/17/5257 5979/15/5258
f 5973/16/5256 5974/18/5259 5980/17/5257
f 5974/18/5260 5981/17/5261 5980/17/5261
f 5974/18/5260 5975/18/5262 5981/17/5261
f 5975/18/5263 5977/13/5264 5981/17/5265
f 5975/18/5263 5971/11/5266 5977/13/5264
f 5982/13/5267 5977/13/5267 5976/12/5268
f 5982/13/5267 5976/12/5268 5978/12/5267
f 5982/13/5267 5978/12/5267 5979/15/5267
f 5982/13/5267 5979/15/5267 5980/17/5267
f 5982/13/5267 5980/17/5267 5981/17/5267
f 5982/13/5267 5981/17/5267 5977/13/5267
f 5983/1/5269 5984/2/5270 5985/3/5271
f 5985/3/5271 5986/4/5272 5983/1/5269
f 5987/5/5273 5988/6/5273 5989/7/5273
f 5987/5/5274 5990/8/5274 5988/6/5274
f 5987/5/5275 5991/7/5275 5990/8/5275
f 5987/5/5276 5992/9/5276 5991/7/5276
f 5987/5/5277 5993/10/5277 5992/9/5277
f 5987/5/5278 5989/7/5278 5993/10/5278
f 5989/11/5279 5994/12/5280 5995/13/5281
f 5989/11/5279 5988/14/5282 5994/12/5280
f 5988/14/5283 5996/12/5284 5994/12/5285
f 5988/14/5283 5990/14/5283 5996/12/5284
f 5990/14/5286 5997/15/5287 5996/12/5288
f 5990/14/5286 5991/16/5289 5997/15/5287
f 5991/16/5290 5998/17/5291 5997/15/5292
f 5991/16/5290 5992/18/5293 5998/17/5291
f 5992/18/5294 5999/17/5295 5998/17/5296
f 5992/18/5294 5993/18/5297 5999/17/5295
f 5993/18/5298 5995/13/5299 5999/17/5300
f 5993/18/5298 5989/11/5301 5995/13/5299
f 6000/13/5302 5995/13/5302 5994/12/5302
f 6000/13/5302 5994/12/5302 5996/12/5303
f 6000/13/5302 5996/12/5303 5997/15/5302
f 6000/13/5302 5997/15/5302 5998/17/5302
f 6000/13/5302 5998/17/5302 5999/17/5302
f 6000/13/5302 5999/17/5302 5995/13/5302
f 6001/1/5304 6002/2/5304 6003/3/5304
f 6003/3/5304 6004/4/5304 6001/1/5304
f 6005/5/5305 6006/6/5305 6007/7/5305
f 6005/5/5306 6008/8/5306 6006/6/5306
f 6005/5/5307 6009/7/5307 6008/8/5307
f 6005/5/5308 6010/9/5308 6009/7/5308
f 6005/5/5309 6011/10/5309 6010/9/5309
f 6005/5/5310 6007/7/5310 6011/10/5310
f 6007/11/5311 6012/12/5312 6013/13/5313
f 6007/11/5311 6006/14/5314 6012/12/5312
f 6006/14/5315 6014/12/5316 6012/12/5317
f 6006/14/5315 6008/14/5318 6014/12/5316
f 6008/14/5319 6015/15/5320 6014/12/5320
f 6008/14/5319 6009/16/5321 6015/15/5320
f 6009/16/5322 6016/17/5323 6015/15/5324
f 6009/16/5322 6010/18/5325 6016/17/5323
f 6010/18/5326 6017/17/5327 6016/17/5328
f 6010/18/5326 6011/18/5326 6017/17/5327
f 6011/18/5329 6013/13/5330 6017/17/5331
f 6011/18/5329 6007/11/5332 6013/13/5330
f 6018/13/5333 6013/13/5333 6012/12/5333
f 6018/13/5333 6012/12/5333 6014/12/5333
f 6018/13/5333 6014/12/5333 6015/15/5333
f 6018/13/5333 6015/15/5333 6016/17/5333
f 6018/13/5333 6016/17/5333 6017/17/5333
f 6018/13/5333 6017/17/5333 6013/13/5333
f 6019/1/5334 6020/2/5334 6021/3/5334
f 6021/3/5334 6022/4/5335 6019/1/5334
f 6023/5/5336 6024/6/5336 6025/7/5336
f 6023/5/5337 6026/8/5337 6024/6/5337
f 6023/5/5338 6027/7/5338 6026/8/5338
f 6023/5/5339 6028/9/5339 6027/7/5339
f 6023/5/5340 6029/10/5340 6028/9/5340
f 6023/5/5341 6025/7/5341 6029/10/5341
f 6025/11/5342 6030/12/5343 6031/13/5344
f 6025/11/5342 6024/14/5345 6030/12/5343
f 6024/14/5346 6032/12/5347 6030/12/5348
f 6024/14/5346 6026/14/5346 6032/12/5347
f 6026/14/5349 6033/15/5350 6032/12/5351
f 6026/14/5349 6027/16/5352 6033/15/5350
f 6027/16/5353 6034/17/5354 6033/15/5355
f 6027/16/5353 6028/18/5356 6034/17/5354
f 6028/18/5357 6035/17/5358 6034/17/5358
f 6028/18/5357 6029/18/5357 6035/17/5358
f 6029/18/5359 6031/13/2045 6035/17/5360
f 6029/18/5359 6025/11/5361 6031/13/2045
f 6036/13/141 6031/13/141 6030/12/141
f 6036/13/141 6030/12/141 6032/12/141
f 6036/13/141 6032/12/141 6033/15/141
f 6036/13/141 6033/15/141 6034/17/141
f 6036/13/141 6034/17/141 6035/17/141
f 6036/13/141 6035/17/141 6031/13/141
f 6037/1/5362 6038/2/5362 6039/3/5362
f 6039/3/5362 6040/4/5362 6037/1/5362
f 6041/5/5363 6042/6/5363 6043/7/5363
f 6041/5/5364 6044/8/5364 6042/6/5364
f 6041/5/5365 6045/7/5365 6044/8/5365
f 6041/5/5366 6046/9/5366 6045/7/5366
f 6041/5/5367 6047/10/5367 6046/9/5367
f 6041/5/5368 6043/7/5368 6047/10/5368
f 6043/11/5369 6048/12/5370 6049/13/5371
f 6043/11/5369 6042/14/5372 6048/12/5370
f 6042/14/5373 6050/12/5374 6048/12/5375
f 6042/14/5373 6044/14/5376 6050/12/5374
f 6044/14/5377 6051/15/5378 6050/12/5379
f 6044/14/5377 6045/16/5380 6051/15/5378
f 6045/16/5381 6052/17/5382 6051/15/5383
f 6045/16/5381 6046/18/5384 6052/17/5382
f 6046/18/5385 6053/17/5386 6052/17/5387
f 6046/18/5385 6047/18/5388 6053/17/5386
f 6047/18/5389 6049/13/5390 6053/17/5391
f 6047/18/5389 6043/11/5392 6049/13/5390
f 6054/13/141 6049/13/141 6048/12/141
f 6054/13/141 6048/12/141 6050/12/141
f 6054/13/141 6050/12/141 6051/15/141
f 6054/13/141 6051/15/141 6052/17/141
f 6054/13/141 6052/17/141 6053/17/141
f 6054/13/141 6053/17/141 6049/13/141
f 6055/1/5393 6056/2/5393 6057/3/5393
f 6057/3/5393 6058/4/5393 6055/1/5393
f 6059/5/5394 6060/6/5394 6061/7/5394
f 6059/5/5395 6062/8/5395 6060/6/5395
f 6059/5/5396 6063/7/5396 6062/8/5396
f 6059/5/5397 6064/9/5397 6063/7/5397
f 6059/5/5398 6065/10/5398 6064/9/5398
f 6059/5/5399 6061/7/5399 6065/10/5399
f 6061/11/5400 6066/12/5401 6067/13/5402
f 6061/11/5400 6060/14/5400 6066/12/5401
f 6060/14/5403 6068/12/5404 6066/12/5405
f 6060/14/5403 6062/14/5406 6068/12/5404
f 6062/14/5407 6069/15/5408 6068/12/5409
f 6062/14/5407 6063/16/5410 6069/15/5408
f 6063/16/5411 6070/17/5412 6069/15/5413
f 6063/16/5411 6064/18/5414 6070/17/5412
f 6064/18/5415 6071/17/5416 6070/17/5417
f 6064/18/5415 6065/18/5415 6071/17/5416
f 6065/18/5418 6067/13/5419 6071/17/5419
f 6065/18/5418 6061/11/5420 6067/13/5419
f 6072/13/141 6067/13/141 6066/12/141
f 6072/13/141 6066/12/141 6068/12/141
f 6072/13/141 6068/12/141 6069/15/141
f 6072/13/141 6069/15/141 6070/17/141
f 6072/13/141 6070/17/141 6071/17/141
f 6072/13/141 6071/17/141 6067/13/141
f 6073/1/5421 6074/2/5421 6075/3/5421
f 6075/3/5421 6076/4/5421 6073/1/5421
f 6077/5/5422 6078/6/5422 6079/7/5422
f 6077/5/5423 6080/8/5423 6078/6/5423
f 6077/5/5424 6081/7/5424 6080/8/5424
f 6077/5/5425 6082/9/5425 6081/7/5425
f 6077/5/5426 6083/10/5426 6082/9/5426
f 6077/5/5427 6079/7/5427 6083/10/5427
f 6079/11/5428 6084/12/5429 6085/13/5430
f 6079/11/5428 6078/14/5431 6084/12/5429
f 6078/14/5432 6086/12/5433 6084/12/5434
f 6078/14/5432 6080/14/5435 6086/12/5433
f 6080/14/5436 6087/15/5437 6086/12/5438
f 6080/14/5436 6081/16/5439 6087/15/5437
f 6081/16/3162 6088/17/5440 6087/15/5441
f 6081/16/3162 6082/18/5442 6088/17/5440
f 6082/18/5443 6089/17/5444 6088/17/5445
f 6082/18/5443 6083/18/5446 6089/17/5444
f 6083/18/5447 6085/13/5448 6089/17/5449
f 6083/18/5447 6079/11/5450 6085/13/5448
f 6090/13/141 6085/13/141 6084/12/141
f 6090/13/141 6084/12/141 6086/12/141
f 6090/13/141 6086/12/141 6087/15/141
f 6090/13/141 6087/15/141 6088/17/141
f 6090/13/141 6088/17/141 6089/17/141
f 6090/13/141 6089/17/141 6085/13/141
f 6091/1/5451 6092/2/5451 6093/3/5451
f 6093/3/5451 6094/4/5451 6091/1/5451
f 6095/5/5452 6096/6/5452 6097/7/5452
f 6095/5/5453 6098/8/5453 6096/6/5453
f 6095/5/5454 6099/7/5454 6098/8/5454
f 6095/5/5455 6100/9/5455 6099/7/5455
f 6095/5/5456 6101/10/5456 6100/9/5456
f 6095/5/5457 6097/7/5457 6101/10/5457
f 6097/11/5458 6102/12/5459 6103/13/5460
f 6097/11/5458 6096/14/5461 6102/12/5459
f 6096/14/5462 6104/12/5463 6102/12/5463
f 6096/14/5462 6098/14/5462 6104/12/5463
f 6098/14/5464 6105/15/5465 6104/12/5466
f 6098/14/5464 6099/16/5467 6105/15/5465
f 6099/16/5468 6106/17/5469 6105/15/5470
f 6099/16/5468 6100/18/5471 6106/17/5469
f 6100/18/5472 6107/17/5473 6106/17/5473
f 6100/18/5472 6101/18/5472 6107/17/5473
f 6101/18/5474 6103/13/5475 6107/17/5476
f 6101/18/5474 6097/11/5477 6103/13/5475
f 6108/13/1970 6103/13/1970 6102/12/1970
f 6108/13/1970 6102/12/1970 6104/12/1970
f 6108/13/1970 6104/12/1970 6105/15/1970
f 6108/13/1970 6105/15/1970 6106/17/1970
f 6108/13/1970 6106/17/1970 6107/17/1970
f 6108/13/1970 6107/17/1970 6103/13/1970
f 6109/1/5478 6110/2/5478 6111/3/5478
f 6111/3/5478 6112/4/5478 6109/1/5478
f 6113/5/5479 6114/6/5479 6115/7/5479
f 6113/5/5480 6116/8/5480 6114/6/5480
f 6113/5/5481 6117/7/5481 6116/8/5481
f 6113/5/5482 6118/9/5482 6117/7/5482
f 6113/5/5483 6119/10/5483 6118/9/5483
f 6113/5/5484 6115/7/5484 6119/10/5484
f 6115/11/5485 6120/12/5486 6121/13/5487
f 6115/11/5485 6114/14/5488 6120/12/5486
f 6114/14/5489 6122/12/5490 6120/12/5491
f 6114/14/5489 6116/14/5492 6122/12/5490
f 6116/14/5493 6123/15/5494 6122/12/5495
f 6116/14/5493 6117/16/5496 6123/15/5494
f 6117/16/5497 6124/17/5498 6123/15/5499
f 6117/16/5497 6118/18/5500 6124/17/5498
f 6118/18/5501 6125/17/5502 6124/17/5502
f 6118/18/5501 6119/18/5503 6125/17/5502
f 6119/18/5504 6121/13/5505 6125/17/5506
f 6119/18/5504 6115/11/5507 6121/13/5505
f 6126/13/141 6121/13/141 6120/12/141
f 6126/13/141 6120/12/141 6122/12/141
f 6126/13/141 6122/12/141 6123/15/141
f 6126/13/141 6123/15/141 6124/17/141
f 6126/13/141 6124/17/141 6125/17/141
f 6126/13/141 6125/17/141 6121/13/141
f 6127/1/5508 6128/2/5509 6129/3/5508
f 6129/3/5508 6130/4/5508 6127/1/5508
f 6131/5/5510 6132/6/5510 6133/7/5510
f 6131/5/5511 6134/8/5511 6132/6/5511
f 6131/5/5512 6135/7/5512 6134/8/5512
f 6131/5/5513 6136/9/5513 6135/7/5513
f 6131/5/5514 6137/10/5514 6136/9/5514
f 6131/5/5515 6133/7/5515 6137/10/5515
f 6133/11/5516 6138/12/5517 6139/13/5518
f 6133/11/5516 6132/14/5519 6138/12/5517
f 6132/14/5520 6140/12/5521 6138/12/5521
f 6132/14/5520 6134/14/5520 6140/12/5521
f 6134/14/5522 6141/15/5523 6140/12/5524
f 6134/14/5522 6135/16/5525 6141/15/5523
f 6135/16/5526 6142/17/5527 6141/15/5528
f 6135/16/5526 6136/18/5529 6142/17/5527
f 6136/18/5530 6143/17/5531 6142/17/5532
f 6136/18/5530 6137/18/5533 6143/17/5531
f 6137/18/5534 6139/13/5535 6143/17/5536
f 6137/18/5534 6133/11/5537 6139/13/5535
f 6144/13/141 6139/13/141 6138/12/141
f 6144/13/141 6138/12/141 6140/12/141
f 6144/13/141 6140/12/141 6141/15/141
f 6144/13/141 6141/15/141 6142/17/141
f 6144/13/141 6142/17/141 6143/17/141
f 6144/13/141 6143/17/141 6139/13/141
f 6145/1/5538 6146/2/5539 6147/3/5538
f 6147/3/5538 6148/4/5540 6145/1/5538
f 6149/5/5541 6150/6/5541 6151/7/5541
f 6149/5/5542 6152/8/5542 6150/6/5542
f 6149/5/5543 6153/7/5543 6152/8/5543
f 6149/5/5544 6154/9/5544 6153/7/5544
f 6149/5/5545 6155/10/5545 6154/9/5545
f 6149/5/5546 6151/7/5546 6155/10/5546
f 6151/11/5547 6156/12/5548 6157/13/5549
f 6151/11/5547 6150/14/5550 6156/12/5548
f 6150/14/5551 6158/12/5552 6156/12/5553
f 6150/14/5551 6152/14/5551 6158/12/5552
f 6152/14/5554 6159/15/5555 6158/12/5556
f 6152/14/5554 6153/16/5557 6159/15/5555
f 6153/16/5558 6160/17/5559 6159/15/5560
f 6153/16/5558 6154/18/5558 6160/17/5559
f 6154/18/5561 6161/17/5562 6160/17/5563
f 6154/18/5561 6155/18/5564 6161/17/5562
f 6155/18/5565 6157/13/5566 6161/17/5567
f 6155/18/5565 6151/11/5565 6157/13/5566
f 6162/13/141 6157/13/141 6156/12/141
f 6162/13/141 6156/12/141 6158/12/141
f 6162/13/141 6158/12/141 6159/15/141
f 6162/13/141 6159/15/141 6160/17/141
f 6162/13/141 6160/17/141 6161/17/141
f 6162/13/141 6161/17/141 6157/13/141
f 6163/1/5568 6164/2/5568 6165/3/5568
f 6165/3/5568 6166/4/5568 6163/1/5568
f 6167/5/5569 6168/6/5569 6169/7/5569
f 6167/5/5570 6170/8/5570 6168/6/5570
f 6167/5/5571 6171/7/5571 6170/8/5571
f 6167/5/5572 6172/9/5572 6171/7/5572
f 6167/5/5573 6173/10/5573 6172/9/5573
f 6167/5/5574 6169/7/5574 6173/10/5574
f 6169/11/5575 6174/12/5576 6175/13/5576
f 6169/11/5575 6168/14/5575 6174/12/5576
f 6168/14/5577 6176/12/5578 6174/12/3240
f 6168/14/5577 6170/14/5579 6176/12/5578
f 6170/14/5580 6177/15/5581 6176/12/5582
f 6170/14/5580 6171/16/5583 6177/15/5581
f 6171/16/5584 6178/17/5585 6177/15/5586
f 6171/16/5584 6172/18/5587 6178/17/5585
f 6172/18/5588 6179/17/5589 6178/17/5590
f 6172/18/5588 6173/18/5591 6179/17/5589
f 6173/18/5592 6175/13/5593 6179/17/5594
f 6173/18/5592 6169/11/5592 6175/13/5593
f 6180/13/141 6175/13/141 6174/12/141
f 6180/13/141 6174/12/141 6176/12/141
f 6180/13/141 6176/12/141 6177/15/141
f 6180/13/141 6177/15/141 6178/17/141
f 6180/13/141 6178/17/141 6179/17/141
f 6180/13/141 6179/17/141 6175/13/141
f 6181/1/5595 6182/2/5595 6183/3/5595
f 6183/3/5595 6184/4/5595 6181/1/5595
f 6185/5/5596 6186/6/5596 6187/7/5596
f 6185/5/5597 6188/8/5597 6186/6/5597
f 6185/5/5598 6189/7/5598 6188/8/5598
f 6185/5/5599 6190/9/5599 6189/7/5599
f 6185/5/5600 6191/10/5600 6190/9/5600
f 6185/5/5601 6187/7/5601 6191/10/5601
f 6187/11/5602 6192/12/5603 6193/13/1063
f 6187/11/5602 6186/14/5604 6192/12/5603
f 6186/14/5605 6194/12/5606 6192/12/5607
f 6186/14/5605 6188/14/5608 6194/12/5606
f 6188/14/5609 6195/15/5610 6194/12/5611
f 6188/14/5609 6189/16/5612 6195/15/5610
f 6189/16/5613 6196/17/5614 6195/15/5615
f 6189/16/5613 6190/18/5616 6196/17/5614
f 6190/18/5617 6197/17/5618 6196/17/5619
f 6190/18/5617 6191/18/5617 6197/17/5618
f 6191/18/5620 6193/13/5621 6197/17/5622
f 6191/18/5620 6187/11/5623 6193/13/5621
f 6198/13/141 6193/13/141 6192/12/141
f 6198/13/141 6192/12/141 6194/12/141
f 6198/13/141 6194/12/141 6195/15/141
f 6198/13/141 6195/15/141 6196/17/141
f 6198/13/141 6196/17/141 6197/17/141
f 6198/13/141 6197/17/141 6193/13/141
f 6199/1/5624 6200/2/5625 6201/3/5624
f 6201/3/5624 6202/4/5624 6199/1/5624
f 6203/5/5626 6204/6/5626 6205/7/5626
f 6203/5/5627 6206/8/5627 6204/6/5627
f 6203/5/5628 6207/7/5628 6206/8/5628
f 6203/5/5629 6208/9/5629 6207/7/5629
f 6203/5/5630 6209/10/5630 6208/9/5630
f 6203/5/5631 6205/7/5631 6209/10/5631
f 6205/11/5632 6210/12/5633 6211/13/5634
f 6205/11/5632 6204/14/5635 6210/12/5633
f 6204/14/5636 6212/12/5637 6210/12/5638
f 6204/14/5636 6206/14/5639 6212/12/5637
f 6206/14/5640 6213/15/5641 6212/12/5642
f 6206/14/5640 6207/16/5643 6213/15/5641
f 6207/16/5644 6214/17/5645 6213/15/5646
f 6207/16/5644 6208/18/5647 6214/17/5645
f 6208/18/5648 6215/17/5649 6214/17/5650
f 6208/18/5648 6209/18/5651 6215/17/5649
f 6209/18/5652 6211/13/5653 6215/17/5654
f 6209/18/5652 6205/11/5655 6211/13/5653
f 6216/13/5656 6211/13/5657 6210/12/5657
f 6216/13/5656 6210/12/5657 6212/12/5658
f 6216/13/5656 6212/12/5658 6213/15/5656
f 6216/13/5656 6213/15/5656 6214/17/5656
f 6216/13/5656 6214/17/5656 6215/17/5656
f 6216/13/5656 6215/17/5656 6211/13/5657
f 6217/1/5659 6218/2/5659 6219/3/5659
f 6219/3/5659 6220/4/5659 6217/1/5659
f 6221/5/5660 6222/6/5660 6223/7/5660
f 6221/5/5661 6224/8/5661 6222/6/5661
f 6221/5/5662 6225/7/5662 6224/8/5662
f 6221/5/5663 6226/9/5663 6225/7/5663
f 6221/5/5664 6227/10/5664 6226/9/5664
f 6221/5/5665 6223/7/5665 6227/10/5665
f 6223/11/5666 6228/12/5667 6229/13/5668
f 6223/11/5666 6222/14/5669 6228/12/5667
f 6222/14/5670 6230/12/5671 6228/12/5672
f 6222/14/5670 6224/14/5673 6230/12/5671
f 6224/14/5674 6231/15/5675 6230/12/5676
f 6224/14/5674 6225/16/5677 6231/15/5675
f 6225/16/5678 6232/17/5679 6231/15/5680
f 6225/16/5678 6226/18/5681 6232/17/5679
f 6226/18/5682 6233/17/5683 6232/17/5684
f 6226/18/5682 6227/18/5685 6233/17/5683
f 6227/18/5686 6229/13/5687 6233/17/5688
f 6227/18/5686 6223/11/5689 6229/13/5687
f 6234/13/5690 6229/13/5690 6228/12/5690
f 6234/13/5690 6228/12/5690 6230/12/5691
f 6234/13/5690 6230/12/5691 6231/15/5690
f 6234/13/5690 6231/15/5690 6232/17/5690
f 6234/13/5690 6232/17/5690 6233/17/5690
f 6234/13/5690 6233/17/5690 6229/13/5690
f 6235/1/5659 6236/2/5659 6237/3/5659
f 6237/3/5659 6238/4/5659 6235/1/5659
f 6239/5/5692 6240/6/5692 6241/7/5692
f 6239/5/5693 6242/8/5693 6240/6/5693
f 6239/5/5694 6243/7/5694 6242/8/5694
f 6239/5/5695 6244/9/5695 6243/7/5695
f 6239/5/5696 6245/10/5696 6244/9/5696
f 6239/5/5697 6241/7/5697 6245/10/5697
f 6241/11/5698 6246/12/5699 6247/13/5700
f 6241/11/5698 6240/14/5701 6246/12/5699
f 6240/14/5702 6248/12/5703 6246/12/5703
f 6240/14/5702 6242/14/5704 6248/12/5703
f 6242/14/5705 6249/15/5706 6248/12/5706
f 6242/14/5705 6243/16/5707 6249/15/5706
f 6243/16/5708 6250/17/5709 6249/15/5680
f 6243/16/5708 6244/18/5710 6250/17/5709
f 6244/18/5711 6251/17/5712 6250/17/5713
f 6244/18/5711 6245/18/5714 6251/17/5712
f 6245/18/5715 6247/13/5716 6251/17/5717
f 6245/18/5715 6241/11/5689 6247/13/5716
f 6252/13/5690 6247/13/5690 6246/12/5690
f 6252/13/5690 6246/12/5690 6248/12/5691
f 6252/13/5690 6248/12/5691 6249/15/5691
f 6252/13/5690 6249/15/5691 6250/17/5690
f 6252/13/5690 6250/17/5690 6251/17/5690
f 6252/13/5690 6251/17/5690 6247/13/5690
f 6253/1/5718 6254/2/5718 6255/3/5718
f 6255/3/5718 6256/4/5718 6253/1/5718
f 6257/5/5719 6258/6/5719 6259/7/5719
f 6257/5/5720 6260/8/5720 6258/6/5720
f 6257/5/5721 6261/7/5721 6260/8/5721
f 6257/5/5722 6262/9/5722 6261/7/5722
f 6257/5/5723 6263/10/5723 6262/9/5723
f 6257/5/5724 6259/7/5724 6263/10/5724
f 6259/11/5725 6264/12/5726 6265/13/5727
f 6259/11/5725 6258/14/5728 6264/12/5726
f 6258/14/5636 6266/12/5729 6264/12/5730
f 6258/14/5636 6260/14/5731 6266/12/5729
f 6260/14/5640 6267/15/5732 6266/12/5733
f 6260/14/5640 6261/16/5643 6267/15/5732
f 6261/16/5734 6268/17/5735 6267/15/5646
f 6261/16/5734 6262/18/5736 6268/17/5735
f 6262/18/5737 6269/17/5738 6268/17/5738
f 6262/18/5737 6263/18/5737 6269/17/5738
f 6263/18/5739 6265/13/5740 6269/17/5741
f 6263/18/5739 6259/11/5742 6265/13/5740
f 6270/13/5743 6265/13/5744 6264/12/5743
f 6270/13/5743 6264/12/5743 6266/12/5743
f 6270/13/5743 6266/12/5743 6267/15/5743
f 6270/13/5743 6267/15/5743 6268/17/5743
f 6270/13/5743 6268/17/5743 6269/17/5744
f 6270/13/5743 6269/17/5744 6265/13/5744
f 6271/1/5718 6272/2/5718 6273/3/5718
f 6273/3/5718 6274/4/5718 6271/1/5718
f 6275/5/5745 6276/6/5745 6277/7/5745
f 6275/5/5746 6278/8/5746 6276/6/5746
f 6275/5/5747 6279/7/5747 6278/8/5747
f 6275/5/5748 6280/9/5748 6279/7/5748
f 6275/5/5749 6281/10/5749 6280/9/5749
f 6275/5/5750 6277/7/5750 6281/10/5750
f 6277/11/5751 6282/12/5752 6283/13/5753
f 6277/11/5751 6276/14/5754 6282/12/5752
f 6276/14/5755 6284/12/5756 6282/12/5757
f 6276/14/5755 6278/14/5758 6284/12/5756
f 6278/14/5732 6285/15/5642 6284/12/5759
f 6278/14/5732 6279/16/5760 6285/15/5642
f 6279/16/5761 6286/17/5762 6285/15/5763
f 6279/16/5761 6280/18/5764 6286/17/5762
f 6280/18/5765 6287/17/5766 6286/17/5767
f 6280/18/5765 6281/18/5765 6287/17/5766
f 6281/18/5768 6283/13/5769 6287/17/5770
f 6281/18/5768 6277/11/5771 6283/13/5769
f 6288/13/5772 6283/13/5772 6282/12/5772
f 6288/13/5772 6282/12/5772 6284/12/5772
f 6288/13/5772 6284/12/5772 6285/15/5772
f 6288/13/5772 6285/15/5772 6286/17/5772
f 6288/13/5772 6286/17/5772 6287/17/5772
f 6288/13/5772 6287/17/5772 6283/13/5772
f 6289/1/5718 6290/2/5718 6291/3/5718
f 6291/3/5718 6292/4/5718 6289/1/5718
f 6293/5/5773 6294/6/5773 6295/7/5773
f 6293/5/5774 6296/8/5774 6294/6/5774
f 6293/5/5775 6297/7/5775 6296/8/5775
f 6293/5/5776 6298/9/5776 6297/7/5776
f 6293/5/5777 6299/10/5777 6298/9/5777
f 6293/5/5778 6295/7/5778 6299/10/5778
f 6295/11/5779 6300/12/5780 6301/13/5781
f 6295/11/5779 6294/14/5782 6300/12/5780
f 6294/14/5636 6302/12/5731 6300/12/5731
f 6294/14/5636 6296/14/5636 6302/12/5731
f 6296/14/5783 6303/15/5784 6302/12/5785
f 6296/14/5783 6297/16/5786 6303/15/5784
f 6297/16/5764 6304/17/5787 6303/15/5787
f 6297/16/5764 6298/18/5764 6304/17/5787
f 6298/18/5788 6305/17/5738 6304/17/5789
f 6298/18/5788 6299/18/5790 6305/17/5738
f 6299/18/5791 6301/13/5792 6305/17/5793
f 6299/18/5791 6295/11/5794 6301/13/5792
f 6306/13/5656 6301/13/5657 6300/12/5657
f 6306/13/5656 6300/12/5657 6302/12/5658
f 6306/13/5656 6302/12/5658 6303/15/5658
f 6306/13/5656 6303/15/5658 6304/17/5656
f 6306/13/5656 6304/17/5656 6305/17/5656
f 6306/13/5656 6305/17/5656 6301/13/5657
f 6307/1/5659 6308/2/5659 6309/3/5659
f 6309/3/5659 6310/4/5659 6307/1/5659
f 6311/5/5795 6312/6/5795 6313/7/5795
f 6311/5/5661 6314/8/5661 6312/6/5661
f 6311/5/5796 6315/7/5796 6314/8/5796
f 6311/5/5797 6316/9/5797 6315/7/5797
f 6311/5/5798 6317/10/5798 6316/9/5798
f 6311/5/5665 6313/7/5665 6317/10/5665
f 6313/11/5799 6318/12/5800 6319/13/5668
f 6313/11/5799 6312/14/5801 6318/12/5800
f 6312/14/5673 6320/12/5802 6318/12/5803
f 6312/14/5673 6314/14/5673 6320/12/5802
f 6314/14/5674 6321/15/5675 6320/12/5676
f 6314/14/5674 6315/16/5677 6321/15/5675
f 6315/16/5804 6322/17/3177 6321/15/5805
f 6315/16/5804 6316/18/5806 6322/17/3177
f 6316/18/5807 6323/17/5808 6322/17/5809
f 6316/18/5807 6317/18/5807 6323/17/5808
f 6317/18/5686 6319/13/5810 6323/17/5811
f 6317/18/5686 6313/11/5689 6319/13/5810
f 6324/13/5690 6319/13/5690 6318/12/5690
f 6324/13/5690 6318/12/5690 6320/12/5691
f 6324/13/5690 6320/12/5691 6321/15/5690
f 6324/13/5690 6321/15/5690 6322/17/5690
f 6324/13/5690 6322/17/5690 6323/17/5690
f 6324/13/5690 6323/17/5690 6319/13/5690
f 6325/1/5659 6326/2/5659 6327/3/5659
f 6327/3/5659 6328/4/5659 6325/1/5659
f 6329/5/5812 6330/6/5812 6331/7/5812
f 6329/5/5813 6332/8/5813 6330/6/5813
f 6329/5/5814 6333/7/5814 6332/8/5814
f 6329/5/5815 6334/9/5815 6333/7/5815
f 6329/5/5816 6335/10/5816 6334/9/5816
f 6329/5/5817 6331/7/5817 6335/10/5817
f 6331/11/5818 6336/12/5819 6337/13/5820
f 6331/11/5818 6330/14/5821 6336/12/5819
f 6330/14/5822 6338/12/5823 6336/12/5824
f 6330/14/5822 6332/14/5825 6338/12/5823
f 6332/14/5826 6339/15/5827 6338/12/5828
f 6332/14/5826 6333/16/5677 6339/15/5827
f 6333/16/5829 6340/17/5830 6339/15/5680
f 6333/16/5829 6334/18/5829 6340/17/5830
f 6334/18/5808 6341/17/5831 6340/17/5832
f 6334/18/5808 6335/18/5833 6341/17/5831
f 6335/18/5716 6337/13/5834 6341/17/5811
f 6335/18/5716 6331/11/5835 6337/13/5834
f 6342/13/5690 6337/13/5690 6336/12/5690
f 6342/13/5690 6336/12/5690 6338/12/5691
f 6342/13/5690 6338/12/5691 6339/15/5690
f 6342/13/5690 6339/15/5690 6340/17/5690
f 6342/13/5690 6340/17/5690 6341/17/5690
f 6342/13/5690 6341/17/5690 6337/13/5690
f 6343/1/5718 6344/2/5718 6345/3/5718
f 6345/3/5718 6346/4/5718 6343/1/5718
f 6347/5/5836 6348/6/5836 6349/7/5836
f 6347/5/5720 6350/8/5720 6348/6/5720
f 6347/5/5837 6351/7/5837 6350/8/5837
f 6347/5/5838 6352/9/5838 6351/7/5838
f 6347/5/5723 6353/10/5723 6352/9/5723
f 6347/5/5839 6349/7/5839 6353/10/5839
f 6349/11/5840 6354/12/5841 6355/13/5842
f 6349/11/5840 6348/14/5632 6354/12/5841
f 6348/14/5843 6356/12/5844 6354/12/5845
f 6348/14/5843 6350/14/5843 6356/12/5844
f 6350/14/5846 6357/15/5847 6356/12/5641
f 6350/14/5846 6351/16/5848 6357/15/5847
f 6351/16/5849 6358/17/5850 6357/15/5851
f 6351/16/5849 6352/18/5852 6358/17/5850
f 6352/18/5788 6359/17/5853 6358/17/5650
f 6352/18/5788 6353/18/5854 6359/17/5853
f 6353/18/5739 6355/13/5855 6359/17/5856
f 6353/18/5739 6349/11/5857 6355/13/5855
f 6360/13/5743 6355/13/5744 6354/12/5743
f 6360/13/5743 6354/12/5743 6356/12/5743
f 6360/13/5743 6356/12/5743 6357/15/5743
f 6360/13/5743 6357/15/5743 6358/17/5743
f 6360/13/5743 6358/17/5743 6359/17/5744
f 6360/13/5743 6359/17/5744 6355/13/5744
f 6361/1/5718 6362/2/5718 6363/3/5718
f 6363/3/5718 6364/4/5718 6361/1/5718
f 6365/5/5858 6366/6/5858 6367/7/5858
f 6365/5/5859 6368/8/5859 6366/6/5859
f 6365/5/5860 6369/7/5860 6368/8/5860
f 6365/5/5861 6370/9/5861 6369/7/5861
f 6365/5/5749 6371/10/5749 6370/9/5749
f 6365/5/5862 6367/7/5862 6371/10/5862
f 6367/11/5863 6372/12/5864 6373/13/5865
f 6367/11/5863 6366/14/5866 6372/12/5864
f 6366/14/5867 6374/12/5868 6372/12/5869
f 6366/14/5867 6368/14/5730 6374/12/5868
f 6368/14/5870 6375/15/5642 6374/12/5871
f 6368/14/5870 6369/16/5872 6375/15/5642
f 6369/16/5761 6376/17/5873 6375/15/5874
f 6369/16/5761 6370/18/5875 6376/17/5873
f 6370/18/5876 6377/17/5877 6376/17/5767
f 6370/18/5876 6371/18/5878 6377/17/5877
f 6371/18/5768 6373/13/5769 6377/17/5879
f 6371/18/5768 6367/11/5771 6373/13/5769
f 6378/13/5772 6373/13/5772 6372/12/5772
f 6378/13/5772 6372/12/5772 6374/12/5772
f 6378/13/5772 6374/12/5772 6375/15/5772
f 6378/13/5772 6375/15/5772 6376/17/5772
f 6378/13/5772 6376/17/5772 6377/17/5772
f 6378/13/5772 6377/17/5772 6373/13/5772
f 6379/1/5880 6380/2/5880 6381/3/5880
f 6381/3/5880 6382/4/5880 6379/1/5880
f 6383/5/5881 6384/6/5881 6385/7/5881
f 6383/5/5882 6386/8/5882 6384/6/5882
f 6383/5/5883 6387/7/5883 6386/8/5883
f 6383/5/5884 6388/9/5884 6387/7/5884
f 6383/5/5885 6389/10/5885 6388/9/5885
f 6383/5/5886 6385/7/5886 6389/10/5886
f 6385/11/5458 6390/12/5459 6391/13/5887
f 6385/11/5458 6384/14/5888 6390/12/5459
f 6384/14/5889 6392/12/5889 6390/12/5890
f 6384/14/5889 6386/14/5889 6392/12/5889
f 6386/14/5464 6393/15/5891 6392/12/5892
f 6386/14/5464 6387/16/5893 6393/15/5891
f 6387/16/5468 6394/17/5894 6393/15/5895
f 6387/16/5468 6388/18/5471 6394/17/5894
f 6388/18/5896 6395/17/5897 6394/17/5897
f 6388/18/5896 6389/18/5472 6395/17/5897
f 6389/18/5474 6391/13/5898 6395/17/5476
f 6389/18/5474 6385/11/5899 6391/13/5898
f 6396/13/1970 6391/13/1970 6390/12/1970
f 6396/13/1970 6390/12/1970 6392/12/1970
f 6396/13/1970 6392/12/1970 6393/15/1970
f 6396/13/1970 6393/15/1970 6394/17/1970
f 6396/13/1970 6394/17/1970 6395/17/1970
f 6396/13/1970 6395/17/1970 6391/13/1970
f 6397/1/1 6398/2/1 6399/3/1
f 6399/3/1 6400/4/1 6397/1/1
f 6401/5/5900 6402/6/5900 6403/7/5900
f 6401/5/5901 6404/8/5901 6402/6/5901
f 6401/5/5902 6405/7/5902 6404/8/5902
f 6401/5/5903 6406/9/5903 6405/7/5903
f 6401/5/5904 6407/10/5904 6406/9/5904
f 6401/5/5905 6403/7/5905 6407/10/5905
f 6403/11/5906 6408/12/5907 6409/13/5908
f 6403/11/5906 6402/14/5909 6408/12/5907
f 6402/14/5910 6410/12/5911 6408/12/5911
f 6402/14/5910 6404/14/5910 6410/12/5911
f 6404/14/5912 6411/15/5913 6410/12/5914
f 6404/14/5912 6405/16/5915 6411/15/5913
f 6405/16/5916 6412/17/5917 6411/15/5918
f 6405/16/5916 6406/18/5919 6412/17/5917
f 6406/18/5920 6413/17/5921 6412/17/5921
f 6406/18/5920 6407/18/5922 6413/17/5921
f 6407/18/5923 6409/13/3677 6413/17/5924
f 6407/18/5923 6403/11/5925 6409/13/3677
f 6414/13/5926 6409/13/5927 6408/12/5926
f 6414/13/5926 6408/12/5926 6410/12/5926
f 6414/13/5926 6410/12/5926 6411/15/5926
f 6414/13/5926 6411/15/5926 6412/17/5926
f 6414/13/5926 6412/17/5926 6413/17/5927
f 6414/13/5926 6413/17/5927 6409/13/5927
f 6415/1/1 6416/2/1 6417/3/1
f 6417/3/1 6418/4/1 6415/1/1
f 6419/5/5928 6420/6/5928 6421/7/5928
f 6419/5/5929 6422/8/5929 6420/6/5929
f 6419/5/5930 6423/7/5930 6422/8/5930
f 6419/5/5931 6424/9/5931 6423/7/5931
f 6419/5/5932 6425/10/5932 6424/9/5932
f 6419/5/5933 6421/7/5933 6425/10/5933
f 6421/11/5934 6426/12/5935 6427/13/5936
f 6421/11/5934 6420/14/5937 6426/12/5935
f 6420/14/5938 6428/12/5939 6426/12/5940
f 6420/14/5938 6422/14/5941 6428/12/5939
f 6422/14/5942 6429/15/5914 6428/12/5943
f 6422/14/5942 6423/16/5944 6429/15/5914
f 6423/16/5945 6430/17/5946 6429/15/5947
f 6423/16/5945 6424/18/5948 6430/17/5946
f 6424/18/5949 6431/17/5950 6430/17/5951
f 6424/18/5949 6425/18/5949 6431/17/5950
f 6425/18/5952 6427/13/5953 6431/17/5954
f 6425/18/5952 6421/11/5925 6427/13/5953
f 6432/13/5955 6427/13/5955 6426/12/5955
f 6432/13/5955 6426/12/5955 6428/12/5955
f 6432/13/5955 6428/12/5955 6429/15/5955
f 6432/13/5955 6429/15/5955 6430/17/5955
f 6432/13/5955 6430/17/5955 6431/17/5955
f 6432/13/5955 6431/17/5955 6427/13/5955
f 6433/1/5956 6434/2/5956 6435/3/5956
f 6435/3/5956 6436/4/5956 6433/1/5956
f 6437/5/5957 6438/6/5957 6439/7/5957
f 6437/5/5958 6440/8/5958 6438/6/5958
f 6437/5/5959 6441/7/5959 6440/8/5959
f 6437/5/5960 6442/9/5960 6441/7/5960
f 6437/5/5961 6443/10/5961 6442/9/5961
f 6437/5/5962 6439/7/5962 6443/10/5962
f 6439/11/5909 6444/12/5963 6445/13/5964
f 6439/11/5909 6438/14/5965 6444/12/5963
f 6438/14/5911 6446/12/5911 6444/12/5966
f 6438/14/5911 6440/14/5911 6446/12/5911
f 6440/14/5912 6447/15/5967 6446/12/5968
f 6440/14/5912 6441/16/5969 6447/15/5967
f 6441/16/5970 6448/17/5918 6447/15/5971
f 6441/16/5970 6442/18/5972 6448/17/5918
f 6442/18/5973 6449/17/5920 6448/17/5922
f 6442/18/5973 6443/18/5973 6449/17/5920
f 6443/18/5974 6445/13/5975 6449/17/5976
f 6443/18/5974 6439/11/5977 6445/13/5975
f 6450/13/5978 6445/13/5978 6444/12/5978
f 6450/13/5978 6444/12/5978 6446/12/5979
f 6450/13/5978 6446/12/5979 6447/15/5978
f 6450/13/5978 6447/15/5978 6448/17/5978
f 6450/13/5978 6448/17/5978 6449/17/5978
f 6450/13/5978 6449/17/5978 6445/13/5978
f 6451/1/5980 6452/2/5980 6453/3/5980
f 6453/3/5980 6454/4/5980 6451/1/5980
f 6455/5/5981 6456/6/5981 6457/7/5981
f 6455/5/5982 6458/8/5982 6456/6/5982
f 6455/5/5424 6459/7/5424 6458/8/5424
f 6455/5/5983 6460/9/5983 6459/7/5983
f 6455/5/5984 6461/10/5984 6460/9/5984
f 6455/5/5985 6457/7/5985 6461/10/5985
f 6457/11/5428 6462/12/5986 6463/13/5987
f 6457/11/5428 6456/14/5988 6462/12/5986
f 6456/14/5989 6464/12/5433 6462/12/5433
f 6456/14/5989 6458/14/5990 6464/12/5433
f 6458/14/5436 6465/15/5991 6464/12/5992
f 6458/14/5436 6459/16/5993 6465/15/5991
f 6459/16/5994 6466/17/5995 6465/15/5996
f 6459/16/5994 6460/18/5997 6466/17/5995
f 6460/18/5998 6467/17/5999 6466/17/6000
f 6460/18/5998 6461/18/5998 6467/17/5999
f 6461/18/3428 6463/13/6001 6467/17/6002
f 6461/18/3428 6457/11/6003 6463/13/6001
f 6468/13/141 6463/13/141 6462/12/141
f 6468/13/141 6462/12/141 6464/12/141
f 6468/13/141 6464/12/141 6465/15/141
f 6468/13/141 6465/15/141 6466/17/141
f 6468/13/141 6466/17/141 6467/17/141
f 6468/13/141 6467/17/141 6463/13/141
f 6469/5/276 6470/6/276 6471/7/276
f 6469/5/6004 6472/8/6004 6470/6/6004
f 6469/5/6005 6473/7/6005 6472/8/6005
f 6469/5/279 6474/9/279 6473/7/279
f 6469/5/6006 6475/10/6006 6474/9/6006
f 6469/5/281 6471/7/281 6475/10/281
f 6471/11/6007 6476/12/350 6477/13/6008
f 6471/11/6007 6470/14/6007 6476/12/350
f 6470/14/286 6478/12/329 6476/12/329
f 6470/14/286 6472/14/286 6478/12/329
f 6472/14/287 6479/15/288 6478/12/347
f 6472/14/287 6473/16/290 6479/15/288
f 6473/16/291 6480/17/292 6479/15/6009
f 6473/16/291 6474/18/294 6480/17/292
f 6474/18/295 6481/17/338 6480/17/360
f 6474/18/295 6475/18/295 6481/17/338
f 6475/18/296 6477/13/298 6481/17/6010
f 6475/18/296 6471/11/340 6477/13/298
f 6482/13/331 6477/13/6011 6476/12/6012
f 6482/13/331 6476/12/6012 6478/12/299
f 6482/13/331 6478/12/299 6479/15/299
f 6482/13/331 6479/15/299 6480/17/299
f 6482/13/331 6480/17/299 6481/17/6013
f 6482/13/331 6481/17/6013 6477/13/6011
f 6483/5/302 6484/6/302 6485/7/302
f 6483/5/303 6486/8/303 6484/6/303
f 6483/5/304 6487/7/304 6486/8/304
f 6483/5/305 6488/9/305 6487/7/305
f 6483/5/306 6489/10/306 6488/9/306
f 6483/5/6014 6485/7/6014 6489/10/6014
f 6485/11/308 6490/12/333 6491/13/6015
f 6485/11/308 6484/14/308 6490/12/333
f 6484/14/312 6492/12/6016 6490/12/6016
f 6484/14/312 6486/14/312 6492/12/6016
f 6486/14/313 6493/15/6017 6492/12/343
f 6486/14/313 6487/16/313 6493/15/6017
f 6487/16/317 6494/17/318 6493/15/6018
f 6487/16/317 6488/18/480 6494/17/318
f 6488/18/321 6495/17/6019 6494/17/6020
f 6488/18/321 6489/18/321 6495/17/6019
f 6489/18/322 6491/13/335 6495/17/336
f 6489/18/322 6485/11/322 6491/13/335
f 6496/13/326 6491/13/337 6490/12/337
f 6496/13/326 6490/12/337 6492/12/326
f 6496/13/326 6492/12/326 6493/15/359
f 6496/13/326 6493/15/359 6494/17/327
f 6496/13/326 6494/17/327 6495/17/326
f 6496/13/326 6495/17/326 6491/13/337
f 6497/5/6021 6498/6/6021 6499/7/6021
f 6497/5/6004 6500/8/6004 6498/6/6004
f 6497/5/278 6501/7/278 6500/8/278
f 6497/5/279 6502/9/279 6501/7/279
f 6497/5/280 6503/10/280 6502/9/280
f 6497/5/6022 6499/7/6022 6503/10/6022
f 6499/11/282 6504/12/6023 6505/13/6024
f 6499/11/282 6498/14/6025 6504/12/6023
f 6498/14/6026 6506/12/329 6504/12/329
f 6498/14/6026 6500/14/6026 6506/12/329
f 6500/14/287 6507/15/288 6506/12/347
f 6500/14/287 6501/16/290 6507/15/288
f 6501/16/291 6508/17/292 6507/15/6009
f 6501/16/291 6502/18/294 6508/17/292
f 6502/18/338 6509/17/295 6508/17/295
f 6502/18/338 6503/18/338 6509/17/295
f 6503/18/296 6505/13/475 6509/17/348
f 6503/18/296 6499/11/296 6505/13/475
f 6510/13/300 6505/13/299 6504/12/6013
f 6510/13/300 6504/12/6013 6506/12/331
f 6510/13/300 6506/12/331 6507/15/331
f 6510/13/300 6507/15/331 6508/17/299
f 6510/13/300 6508/17/299 6509/17/301
f 6510/13/300 6509/17/301 6505/13/299
f 6511/5/302 6512/6/302 6513/7/302
f 6511/5/356 6514/8/356 6512/6/356
f 6511/5/304 6515/7/304 6514/8/304
f 6511/5/305 6516/9/305 6515/7/305
f 6511/5/306 6517/10/306 6516/9/306
f 6511/5/307 6513/7/307 6517/10/307
f 6513/11/308 6518/12/333 6519/13/6015
f 6513/11/308 6512/14/311 6518/12/333
f 6512/14/312 6520/12/312 6518/12/6027
f 6512/14/312 6514/14/312 6520/12/312
f 6514/14/313 6521/15/6017 6520/12/6028
f 6514/14/313 6515/16/313 6521/15/6017
f 6515/16/358 6522/17/334 6521/15/318
f 6515/16/358 6516/18/317 6522/17/334
f 6516/18/321 6523/17/321 6522/17/321
f 6516/18/321 6517/18/321 6523/17/321
f 6517/18/322 6519/13/323 6523/17/324
f 6517/18/322 6513/11/325 6519/13/323
f 6524/13/337 6519/13/327 6518/12/6029
f 6524/13/337 6518/12/6029 6520/12/359
f 6524/13/337 6520/12/359 6521/15/337
f 6524/13/337 6521/15/337 6522/17/6030
f 6524/13/337 6522/17/6030 6523/17/470
f 6524/13/337 6523/17/470 6519/13/327
f 6525/5/276 6526/6/276 6527/7/276
f 6525/5/6004 6528/8/6004 6526/6/6004
f 6525/5/6005 6529/7/6005 6528/8/6005
f 6525/5/279 6530/9/279 6529/7/279
f 6525/5/280 6531/10/280 6530/9/280
f 6525/5/6031 6527/7/6031 6531/10/6031
f 6527/11/6007 6532/12/350 6533/13/284
f 6527/11/6007 6526/14/6007 6532/12/350
f 6526/14/6026 6534/12/329 6532/12/329
f 6526/14/6026 6528/14/6026 6534/12/329
f 6528/14/287 6535/15/288 6534/12/6032
f 6528/14/287 6529/16/290 6535/15/288
f 6529/16/291 6536/17/292 6535/15/6009
f 6529/16/291 6530/18/294 6536/17/292
f 6530/18/338 6537/17/295 6536/17/467
f 6530/18/338 6531/18/338 6537/17/295
f 6531/18/296 6533/13/475 6537/17/348
f 6531/18/296 6527/11/296 6533/13/475
f 6538/13/331 6533/13/331 6532/12/331
f 6538/13/331 6532/12/331 6534/12/301
f 6538/13/331 6534/12/301 6535/15/301
f 6538/13/331 6535/15/301 6536/17/300
f 6538/13/331 6536/17/300 6537/17/6033
f 6538/13/331 6537/17/6033 6533/13/331
f 6539/5/302 6540/6/302 6541/7/302
f 6539/5/303 6542/8/303 6540/6/303
f 6539/5/476 6543/7/476 6542/8/476
f 6539/5/6034 6544/9/6034 6543/7/6034
f 6539/5/306 6545/10/306 6544/9/306
f 6539/5/6014 6541/7/6014 6545/10/6014
f 6541/11/308 6546/12/6035 6547/13/6036
f 6541/11/308 6540/14/311 6546/12/6035
f 6540/14/312 6548/12/6016 6546/12/6016
f 6540/14/312 6542/14/312 6548/12/6016
f 6542/14/313 6549/15/6017 6548/12/6028
f 6542/14/313 6543/16/313 6549/15/6017
f 6543/16/317 6550/17/6037 6549/15/6038
f 6543/16/317 6544/18/317 6550/17/6037
f 6544/18/321 6551/17/6019 6550/17/6020
f 6544/18/321 6545/18/321 6551/17/6019
f 6545/18/6039 6547/13/335 6551/17/336
f 6545/18/6039 6541/11/322 6547/13/335
f 6552/13/326 6547/13/6040 6546/12/326
f 6552/13/326 6546/12/326 6548/12/359
f 6552/13/326 6548/12/359 6549/15/326
f 6552/13/326 6549/15/326 6550/17/327
f 6552/13/326 6550/17/327 6551/17/337
f 6552/13/326 6551/17/337 6547/13/6040
f 6553/1/1 6554/2/1 6555/3/1
f 6555/3/1 6556/4/1 6553/1/1
f 6557/5/6041 6558/6/6041 6559/7/6041
f 6557/5/6042 6560/8/6042 6558/6/6042
f 6557/5/6043 6561/7/6043 6560/8/6043
f 6557/5/6044 6562/9/6044 6561/7/6044
f 6557/5/6045 6563/10/6045 6562/9/6045
f 6557/5/6046 6559/7/6046 6563/10/6046
f 6559/11/6047 6564/12/6048 6565/13/6049
f 6559/11/6047 6558/14/6050 6564/12/6048
f 6558/14/3662 6566/12/6051 6564/12/6051
f 6558/14/3662 6560/14/3662 6566/12/6051
f 6560/14/5944 6567/15/6052 6566/12/5967
f 6560/14/5944 6561/16/6053 6567/15/6052
f 6561/16/6054 6568/17/6055 6567/15/6056
f 6561/16/6054 6562/18/6057 6568/17/6055
f 6562/18/6058 6569/17/6059 6568/17/6059
f 6562/18/6058 6563/18/6058 6569/17/6059
f 6563/18/6060 6565/13/3678 6569/17/6061
f 6563/18/6060 6559/11/5974 6565/13/3678
f 6570/13/29 6565/13/29 6564/12/29
f 6570/13/29 6564/12/29 6566/12/29
f 6570/13/29 6566/12/29 6567/15/29
f 6570/13/29 6567/15/29 6568/17/29
f 6570/13/29 6568/17/29 6569/17/6062
f 6570/13/29 6569/17/6062 6565/13/29
f 6571/1/1 6572/2/1 6573/3/1
f 6573/3/1 6574/4/1 6571/1/1
f 6575/5/6063 6576/6/6063 6577/7/6063
f 6575/5/6064 6578/8/6064 6576/6/6064
f 6575/5/6065 6579/7/6065 6578/8/6065
f 6575/5/5903 6580/9/5903 6579/7/5903
f 6575/5/6066 6581/10/6066 6580/9/6066
f 6575/5/6067 6577/7/6067 6581/10/6067
f 6577/11/5906 6582/12/6068 6583/13/5908
f 6577/11/5906 6576/14/5965 6582/12/6068
f 6576/14/6069 6584/12/6070 6582/12/6071
f 6576/14/6069 6578/14/6072 6584/12/6070
f 6578/14/3667 6585/15/6073 6584/12/6074
f 6578/14/3667 6579/16/6075 6585/15/6073
f 6579/16/6076 6586/17/6077 6585/15/5946
f 6579/16/6076 6580/18/5919 6586/17/6077
f 6580/18/5920 6587/17/5920 6586/17/5920
f 6580/18/5920 6581/18/5920 6587/17/5920
f 6581/18/6078 6583/13/5953 6587/17/6079
f 6581/18/6078 6577/11/5974 6583/13/5953
f 6588/13/5926 6583/13/5926 6582/12/5926
f 6588/13/5926 6582/12/5926 6584/12/5926
f 6588/13/5926 6584/12/5926 6585/15/5926
f 6588/13/5926 6585/15/5926 6586/17/5926
f 6588/13/5926 6586/17/5926 6587/17/5926
f 6588/13/5926 6587/17/5926 6583/13/5926
f 6589/1/1 6590/2/1 6591/3/1
f 6591/3/1 6592/4/1 6589/1/1
f 6593/5/6080 6594/6/6080 6595/7/6080
f 6593/5/6081 6596/8/6081 6594/6/6081
f 6593/5/5930 6597/7/5930 6596/8/5930
f 6593/5/6082 6598/9/6082 6597/7/6082
f 6593/5/6083 6599/10/6083 6598/9/6083
f 6593/5/6084 6595/7/6084 6599/10/6084
f 6595/11/5934 6600/12/6085 6601/13/6086
f 6595/11/5934 6594/14/5937 6600/12/6085
f 6594/14/6087 6602/12/5938 6600/12/5938
f 6594/14/6087 6596/14/6087 6602/12/5938
f 6596/14/5942 6603/15/5968 6602/12/6088
f 6596/14/5942 6597/16/5912 6603/15/5968
f 6597/16/6089 6604/17/5946 6603/15/6090
f 6597/16/6089 6598/18/6091 6604/17/5946
f 6598/18/5950 6605/17/5950 6604/17/5950
f 6598/18/5950 6599/18/5950 6605/17/5950
f 6599/18/5923 6601/13/6092 6605/17/6093
f 6599/18/5923 6595/11/6094 6601/13/6092
f 6606/13/5955 6601/13/5955 6600/12/5955
f 6606/13/5955 6600/12/5955 6602/12/5955
f 6606/13/5955 6602/12/5955 6603/15/5955
f 6606/13/5955 6603/15/5955 6604/17/5955
f 6606/13/5955 6604/17/5955 6605/17/5955
f 6606/13/5955 6605/17/5955 6601/13/5955
f 6607/1/6095 6608/2/6095 6609/3/6095
f 6609/3/6095 6610/4/6095 6607/1/6095
f 6611/5/6096 6612/6/6096 6613/7/6096
f 6611/5/6097 6614/8/6097 6612/6/6097
f 6611/5/6098 6615/7/6098 6614/8/6098
f 6611/5/6099 6616/9/6099 6615/7/6099
f 6611/5/6100 6617/10/6100 6616/9/6100
f 6611/5/6101 6613/7/6101 6617/10/6101
f 6613/11/6102 6618/12/5907 6619/13/6103
f 6613/11/6102 6612/14/6104 6618/12/5907
f 6612/14/3664 6620/12/6105 6618/12/6106
f 6612/14/3664 6614/14/3664 6620/12/6105
f 6614/14/6107 6621/15/6108 6620/12/6073
f 6614/14/6107 6615/16/5912 6621/15/6108
f 6615/16/6109 6622/17/6077 6621/15/6110
f 6615/16/6109 6616/18/5916 6622/17/6077
f 6616/18/5973 6623/17/5920 6622/17/6111
f 6616/18/5973 6617/18/6112 6623/17/5920
f 6617/18/6113 6619/13/6114 6623/17/3677
f 6617/18/6113 6613/11/5925 6619/13/6114
f 6624/13/5978 6619/13/5978 6618/12/5978
f 6624/13/5978 6618/12/5978 6620/12/5978
f 6624/13/5978 6620/12/5978 6621/15/5978
f 6624/13/5978 6621/15/5978 6622/17/5978
f 6624/13/5978 6622/17/5978 6623/17/5978
f 6624/13/5978 6623/17/5978 6619/13/5978
f 6625/1/6115 6626/2/6115 6627/3/6115
f 6627/3/6115 6628/4/6116 6625/1/6115
f 6629/5/6117 6630/6/6117 6631/7/6117
f 6629/5/6118 6632/8/6118 6630/6/6118
f 6629/5/6119 6633/7/6119 6632/8/6119
f 6629/5/6120 6634/9/6120 6633/7/6120
f 6629/5/6121 6635/10/6121 6634/9/6121
f 6629/5/6122 6631/7/6122 6635/10/6122
f 6631/11/6123 6636/12/6124 6637/13/6125
f 6631/11/6123 6630/14/6126 6636/12/6124
f 6630/14/6127 6638/12/6127 6636/12/6127
f 6630/14/6127 6632/14/6127 6638/12/6127
f 6632/14/6128 6639/15/6129 6638/12/6130
f 6632/14/6128 6633/16/6131 6639/15/6129
f 6633/16/6132 6640/17/6133 6639/15/6134
f 6633/16/6132 6634/18/6135 6640/17/6133
f 6634/18/6136 6641/17/6136 6640/17/6136
f 6634/18/6136 6635/18/6136 6641/17/6136
f 6635/18/6137 6637/13/6138 6641/17/6139
f 6635/18/6137 6631/11/6140 6637/13/6138
f 6642/13/2003 6637/13/2003 6636/12/2003
f 6642/13/2003 6636/12/2003 6638/12/2004
f 6642/13/2003 6638/12/2004 6639/15/6141
f 6642/13/2003 6639/15/6141 6640/17/2003
f 6642/13/2003 6640/17/2003 6641/17/2003
f 6642/13/2003 6641/17/2003 6637/13/2003
f 6643/1/6115 6644/2/6115 6645/3/6115
f 6645/3/6115 6646/4/6115 6643/1/6115
f 6647/5/6142 6648/6/6142 6649/7/6142
f 6647/5/6143 6650/8/6143 6648/6/6143
f 6647/5/6144 6651/7/6144 6650/8/6144
f 6647/5/6145 6652/9/6145 6651/7/6145
f 6647/5/6146 6653/10/6146 6652/9/6146
f 6647/5/6147 6649/7/6147 6653/10/6147
f 6649/11/6123 6654/12/6148 6655/13/6149
f 6649/11/6123 6648/14/6126 6654/12/6148
f 6648/14/6150 6656/12/6151 6654/12/6151
f 6648/14/6150 6650/14/6152 6656/12/6151
f 6650/14/6153 6657/15/6129 6656/12/6154
f 6650/14/6153 6651/16/6131 6657/15/6129
f 6651/16/6155 6658/17/6156 6657/15/6133
f 6651/16/6155 6652/18/6157 6658/17/6156
f 6652/18/6158 6659/17/6158 6658/17/6159
f 6652/18/6158 6653/18/6158 6659/17/6158
f 6653/18/6137 6655/13/6138 6659/17/6160
f 6653/18/6137 6649/11/6140 6655/13/6138
f 6660/13/2003 6655/13/2003 6654/12/2003
f 6660/13/2003 6654/12/2003 6656/12/2003
f 6660/13/2003 6656/12/2003 6657/15/2003
f 6660/13/2003 6657/15/2003 6658/17/2003
f 6660/13/2003 6658/17/2003 6659/17/2003
f 6660/13/2003 6659/17/2003 6655/13/2003
f 6661/1/6161 6662/2/6161 6663/3/6161
f 6663/3/6161 6664/4/6161 6661/1/6161
f 6665/5/6162 6666/6/6162 6667/7/6162
f 6665/5/6163 6668/8/6163 6666/6/6163
f 6665/5/6164 6669/7/6164 6668/8/6164
f 6665/5/6165 6670/9/6165 6669/7/6165
f 6665/5/6166 6671/10/6166 6670/9/6166
f 6665/5/6167 6667/7/6167 6671/10/6167
f 6667/11/6168 6672/12/6169 6673/13/6170
f 6667/11/6168 6666/14/6171 6672/12/6169
f 6666/14/6172 6674/12/6173 6672/12/6173
f 6666/14/6172 6668/14/6172 6674/12/6173
f 6668/14/6174 6675/15/6175 6674/12/6176
f 6668/14/6174 6669/16/6177 6675/15/6175
f 6669/16/6178 6676/17/6179 6675/15/6180
f 6669/16/6178 6670/18/6181 6676/17/6179
f 6670/18/6182 6677/17/6183 6676/17/6184
f 6670/18/6182 6671/18/6185 6677/17/6183
f 6671/18/6186 6673/13/6187 6677/17/6188
f 6671/18/6186 6667/11/6189 6673/13/6187
f 6678/13/6190 6673/13/6191 6672/12/6190
f 6678/13/6190 6672/12/6190 6674/12/6190
f 6678/13/6190 6674/12/6190 6675/15/6190
f 6678/13/6190 6675/15/6190 6676/17/6190
f 6678/13/6190 6676/17/6190 6677/17/6191
f 6678/13/6190 6677/17/6191 6673/13/6191
f 6679/1/6192 6680/2/6193 6681/3/6192
f 6681/3/6192 6682/4/6192 6679/1/6192
f 6683/5/6194 6684/6/6194 6685/7/6194
f 6683/5/6195 6686/8/6195 6684/6/6195
f 6683/5/6196 6687/7/6196 6686/8/6196
f 6683/5/6197 6688/9/6197 6687/7/6197
f 6683/5/6198 6689/10/6198 6688/9/6198
f 6683/5/6199 6685/7/6199 6689/10/6199
f 6685/11/6200 6690/12/6201 6691/13/6202
f 6685/11/6200 6684/14/6203 6690/12/6201
f 6684/14/6204 6692/12/6204 6690/12/6204
f 6684/14/6204 6686/14/6205 6692/12/6204
f 6686/14/6206 6693/15/6207 6692/12/6208
f 6686/14/6206 6687/16/6209 6693/15/6207
f 6687/16/6210 6694/17/6211 6693/15/6212
f 6687/16/6210 6688/18/6213 6694/17/6211
f 6688/18/6214 6695/17/6214 6694/17/6214
f 6688/18/6214 6689/18/6214 6695/17/6214
f 6689/18/6215 6691/13/6216 6695/17/6217
f 6689/18/6215 6685/11/6218 6691/13/6216
f 6696/13/6219 6691/13/6220 6690/12/6219
f 6696/13/6219 6690/12/6219 6692/12/6219
f 6696/13/6219 6692/12/6219 6693/15/6219
f 6696/13/6219 6693/15/6219 6694/17/6219
f 6696/13/6219 6694/17/6219 6695/17/6220
f 6696/13/6219 6695/17/6220 6691/13/6220
f 6697/1/1 6698/2/1 6699/3/1
f 6699/3/1 6700/4/1 6697/1/1
f 6701/5/6063 6702/6/6063 6703/7/6063
f 6701/5/6221 6704/8/6221 6702/6/6221
f 6701/5/6222 6705/7/6222 6704/8/6222
f 6701/5/6223 6706/9/6223 6705/7/6223
f 6701/5/6224 6707/10/6224 6706/9/6224
f 6701/5/6225 6703/7/6225 6707/10/6225
f 6703/11/5906 6708/12/6226 6709/13/6227
f 6703/11/5906 6702/14/5965 6708/12/6226
f 6702/14/6069 6710/12/5911 6708/12/5911
f 6702/14/6069 6704/14/6069 6710/12/5911
f 6704/14/5912 6711/15/6228 6710/12/5914
f 6704/14/5912 6705/16/6229 6711/15/6228
f 6705/16/6230 6712/17/5917 6711/15/6231
f 6705/16/6230 6706/18/5919 6712/17/5917
f 6706/18/5920 6713/17/6111 6712/17/6232
f 6706/18/5920 6707/18/5922 6713/17/6111
f 6707/18/5952 6709/13/6233 6713/17/6079
f 6707/18/5952 6703/11/6234 6709/13/6233
f 6714/13/5926 6709/13/5926 6708/12/5926
f 6714/13/5926 6708/12/5926 6710/12/5926
f 6714/13/5926 6710/12/5926 6711/15/5926
f 6714/13/5926 6711/15/5926 6712/17/5926
f 6714/13/5926 6712/17/5926 6713/17/5926
f 6714/13/5926 6713/17/5926 6709/13/5926
f 6715/1/1 6716/2/1 6717/3/1
f 6717/3/1 6718/4/1 6715/1/1
f 6719/5/6235 6720/6/6235 6721/7/6235
f 6719/5/6236 6722/8/6236 6720/6/6236
f 6719/5/6237 6723/7/6237 6722/8/6237
f 6719/5/6238 6724/9/6238 6723/7/6238
f 6719/5/6239 6725/10/6239 6724/9/6239
f 6719/5/6240 6721/7/6240 6725/10/6240
f 6721/11/6241 6726/12/5935 6727/13/5936
f 6721/11/6241 6720/14/5937 6726/12/5935
f 6720/14/6087 6728/12/5938 6726/12/5938
f 6720/14/6087 6722/14/6087 6728/12/5938
f 6722/14/6242 6729/15/6243 6728/12/6244
f 6722/14/6242 6723/16/3666 6729/15/6243
f 6723/16/6245 6730/17/5946 6729/15/5947
f 6723/16/6245 6724/18/6089 6730/17/5946
f 6724/18/5951 6731/17/5950 6730/17/6246
f 6724/18/5951 6725/18/5951 6731/17/5950
f 6725/18/6078 6727/13/3677 6731/17/5954
f 6725/18/6078 6721/11/5974 6727/13/3677
f 6732/13/5955 6727/13/6247 6726/12/5955
f 6732/13/5955 6726/12/5955 6728/12/5955
f 6732/13/5955 6728/12/5955 6729/15/5955
f 6732/13/5955 6729/15/5955 6730/17/5955
f 6732/13/5955 6730/17/5955 6731/17/5955
f 6732/13/5955 6731/17/5955 6727/13/6247
f 6733/1/5956 6734/2/5956 6735/3/5956
f 6735/3/5956 6736/4/5956 6733/1/5956
f 6737/5/6248 6738/6/6248 6739/7/6248
f 6737/5/6249 6740/8/6249 6738/6/6249
f 6737/5/6250 6741/7/6250 6740/8/6250
f 6737/5/6251 6742/9/6251 6741/7/6251
f 6737/5/5961 6743/10/5961 6742/9/5961
f 6737/5/5962 6739/7/5962 6743/10/5962
f 6739/11/5909 6744/12/5907 6745/13/6252
f 6739/11/5909 6738/14/5934 6744/12/5907
f 6738/14/6105 6746/12/6105 6744/12/6106
f 6738/14/6105 6740/14/6253 6746/12/6105
f 6740/14/3667 6747/15/6254 6746/12/6255
f 6740/14/3667 6741/16/3666 6747/15/6254
f 6741/16/5948 6748/17/6077 6747/15/5971
f 6741/16/5948 6742/18/6256 6748/17/6077
f 6742/18/5973 6749/17/5920 6748/17/6111
f 6742/18/5973 6743/18/5973 6749/17/5920
f 6743/18/5925 6745/13/5953 6749/17/3678
f 6743/18/5925 6739/11/6257 6745/13/5953
f 6750/13/5978 6745/13/5978 6744/12/5978
f 6750/13/5978 6744/12/5978 6746/12/5979
f 6750/13/5978 6746/12/5979 6747/15/5978
f 6750/13/5978 6747/15/5978 6748/17/5978
f 6750/13/5978 6748/17/5978 6749/17/5978
f 6750/13/5978 6749/17/5978 6745/13/5978
f 6751/1/6115 6752/2/6115 6753/3/6115
f 6753/3/6115 6754/4/6116 6751/1/6115
f 6755/5/6258 6756/6/6258 6757/7/6258
f 6755/5/6259 6758/8/6259 6756/6/6259
f 6755/5/6119 6759/7/6119 6758/8/6119
f 6755/5/6120 6760/9/6120 6759/7/6120
f 6755/5/6121 6761/10/6121 6760/9/6121
f 6755/5/6260 6757/7/6260 6761/10/6260
f 6757/11/6126 6762/12/6261 6763/13/6262
f 6757/11/6126 6756/14/6263 6762/12/6261
f 6756/14/6264 6764/12/6265 6762/12/6265
f 6756/14/6264 6758/14/6264 6764/12/6265
f 6758/14/6128 6765/15/6129 6764/12/6154
f 6758/14/6128 6759/16/6266 6765/15/6129
f 6759/16/6267 6766/17/6268 6765/15/6269
f 6759/16/6267 6760/18/6270 6766/17/6268
f 6760/18/6271 6767/17/6136 6766/17/6136
f 6760/18/6271 6761/18/6271 6767/17/6136
f 6761/18/6272 6763/13/6138 6767/17/6139
f 6761/18/6272 6757/11/6140 6763/13/6138
f 6768/13/2003 6763/13/2003 6762/12/2003
f 6768/13/2003 6762/12/2003 6764/12/2004
f 6768/13/2003 6764/12/2004 6765/15/6141
f 6768/13/2003 6765/15/6141 6766/17/2003
f 6768/13/2003 6766/17/2003 6767/17/2003
f 6768/13/2003 6767/17/2003 6763/13/2003
f 6769/1/6115 6770/2/6115 6771/3/6115
f 6771/3/6115 6772/4/6115 6769/1/6115
f 6773/5/6273 6774/6/6273 6775/7/6273
f 6773/5/6118 6776/8/6118 6774/6/6118
f 6773/5/6144 6777/7/6144 6776/8/6144
f 6773/5/6274 6778/9/6274 6777/7/6274
f 6773/5/6275 6779/10/6275 6778/9/6275
f 6773/5/6147 6775/7/6147 6779/10/6147
f 6775/11/6276 6780/12/6277 6781/13/6278
f 6775/11/6276 6774/14/6279 6780/12/6277
f 6774/14/6280 6782/12/6127 6780/12/6281
f 6774/14/6280 6776/14/6282 6782/12/6127
f 6776/14/6153 6783/15/6283 6782/12/6154
f 6776/14/6153 6777/16/6284 6783/15/6283
f 6777/16/6285 6784/17/6286 6783/15/6287
f 6777/16/6285 6778/18/6155 6784/17/6286
f 6778/18/6136 6785/17/6158 6784/17/6288
f 6778/18/6136 6779/18/6136 6785/17/6158
f 6779/18/6272 6781/13/6289 6785/17/6160
f 6779/18/6272 6775/11/6140 6781/13/6289
f 6786/13/2003 6781/13/2003 6780/12/2003
f 6786/13/2003 6780/12/2003 6782/12/2004
f 6786/13/2003 6782/12/2004 6783/15/2003
f 6786/13/2003 6783/15/2003 6784/17/2003
f 6786/13/2003 6784/17/2003 6785/17/2003
f 6786/13/2003 6785/17/2003 6781/13/2003
f 6787/1/1 6788/2/1 6789/3/1
f 6789/3/1 6790/4/1 6787/1/1
f 6791/5/6063 6792/6/6063 6793/7/6063
f 6791/5/6221 6794/8/6221 6792/6/6221
f 6791/5/5902 6795/7/5902 6794/8/5902
f 6791/5/6223 6796/9/6223 6795/7/6223
f 6791/5/6066 6797/10/6066 6796/9/6066
f 6791/5/6290 6793/7/6290 6797/10/6290
f 6793/11/5906 6798/12/6291 6799/13/6292
f 6793/11/5906 6792/14/5965 6798/12/6291
f 6792/14/5911 6800/12/5911 6798/12/5911
f 6792/14/5911 6794/14/5911 6800/12/5911
f 6794/14/5944 6801/15/5913 6800/12/6293
f 6794/14/5944 6795/16/6053 6801/15/5913
f 6795/16/5916 6802/17/5917 6801/15/6231
f 6795/16/5916 6796/18/5972 6802/17/5917
f 6796/18/6232 6803/17/6232 6802/17/6294
f 6796/18/6232 6797/18/6232 6803/17/6232
f 6797/18/5952 6799/13/6295 6803/17/6093
f 6797/18/5952 6793/11/6113 6799/13/6295
f 6804/13/5926 6799/13/5926 6798/12/5926
f 6804/13/5926 6798/12/5926 6800/12/5926
f 6804/13/5926 6800/12/5926 6801/15/5926
f 6804/13/5926 6801/15/5926 6802/17/5926
f 6804/13/5926 6802/17/5926 6803/17/5926
f 6804/13/5926 6803/17/5926 6799/13/5926
f 6805/1/1 6806/2/1 6807/3/1
f 6807/3/1 6808/4/1 6805/1/1
f 6809/5/6296 6810/6/6296 6811/7/6296
f 6809/5/6297 6812/8/6297 6810/6/6297
f 6809/5/6237 6813/7/6237 6812/8/6237
f 6809/5/5931 6814/9/5931 6813/7/5931
f 6809/5/6298 6815/10/6298 6814/9/6298
f 6809/5/5933 6811/7/5933 6815/10/5933
f 6811/11/6241 6816/12/5936 6817/13/6299
f 6811/11/6241 6810/14/6300 6816/12/5936
f 6810/14/6301 6818/12/5938 6816/12/5938
f 6810/14/6301 6812/14/5940 6818/12/5938
f 6812/14/6242 6819/15/6302 6818/12/6303
f 6812/14/6242 6813/16/3666 6819/15/6302
f 6813/16/6245 6820/17/5947 6819/15/6304
f 6813/16/6245 6814/18/5945 6820/17/5947
f 6814/18/6305 6821/17/5949 6820/17/6306
f 6814/18/6305 6815/18/6305 6821/17/5949
f 6815/18/5923 6817/13/6233 6821/17/6093
f 6815/18/5923 6811/11/5974 6817/13/6233
f 6822/13/5955 6817/13/5955 6816/12/5955
f 6822/13/5955 6816/12/5955 6818/12/5955
f 6822/13/5955 6818/12/5955 6819/15/5955
f 6822/13/5955 6819/15/5955 6820/17/5955
f 6822/13/5955 6820/17/5955 6821/17/5955
f 6822/13/5955 6821/17/5955 6817/13/5955
f 6823/1/481 6824/2/481 6825/3/481
f 6825/3/481 6826/4/481 6823/1/481
f 6827/5/6307 6828/6/6307 6829/7/6307
f 6827/5/6308 6830/8/6308 6828/6/6308
f 6827/5/6309 6831/7/6309 6830/8/6309
f 6827/5/6310 6832/9/6310 6831/7/6310
f 6827/5/6042 6833/10/6042 6832/9/6042
f 6827/5/6311 6829/7/6311 6833/10/6311
f 6829/11/6312 6834/12/6313 6835/13/6314
f 6829/11/6312 6828/14/6315 6834/12/6313
f 6828/14/6316 6836/12/6316 6834/12/6316
f 6828/14/6316 6830/14/6316 6836/12/6316
f 6830/14/6317 6837/15/5954 6836/12/6318
f 6830/14/6317 6831/16/5923 6837/15/5954
f 6831/16/6047 6838/17/6319 6837/15/6320
f 6831/16/6047 6832/18/6321 6838/17/6319
f 6832/18/6051 6839/17/6051 6838/17/6051
f 6832/18/6051 6833/18/6051 6839/17/6051
f 6833/18/5944 6835/13/6242 6839/17/6228
f 6833/18/5944 6829/11/5969 6835/13/6242
f 6840/13/141 6835/13/141 6834/12/141
f 6840/13/141 6834/12/141 6836/12/141
f 6840/13/141 6836/12/141 6837/15/141
f 6840/13/141 6837/15/141 6838/17/141
f 6840/13/141 6838/17/141 6839/17/141
f 6840/13/141 6839/17/141 6835/13/141
f 6841/1/481 6842/2/481 6843/3/481
f 6843/3/481 6844/4/481 6841/1/481
f 6845/5/6322 6846/6/6322 6847/7/6322
f 6845/5/6308 6848/8/6308 6846/6/6308
f 6845/5/6323 6849/7/6323 6848/8/6323
f 6845/5/6310 6850/9/6310 6849/7/6310
f 6845/5/6042 6851/10/6042 6850/9/6042
f 6845/5/6324 6847/7/6324 6851/10/6324
f 6847/11/6312 6852/12/6325 6853/13/6326
f 6847/11/6312 6846/14/6327 6852/12/6325
f 6846/14/6316 6854/12/6316 6852/12/6316
f 6846/14/6316 6848/14/6316 6854/12/6316
f 6848/14/6328 6855/15/5954 6854/12/6329
f 6848/14/6328 6849/16/5923 6855/15/5954
f 6849/16/6047 6856/17/6330 6855/15/6331
f 6849/16/6047 6850/18/6321 6856/17/6330
f 6850/18/6332 6857/17/6332 6856/17/6051
f 6850/18/6332 6851/18/6332 6857/17/6332
f 6851/18/5969 6853/13/6242 6857/17/6228
f 6851/18/5969 6847/11/6229 6853/13/6242
f 6858/13/141 6853/13/141 6852/12/141
f 6858/13/141 6852/12/141 6854/12/141
f 6858/13/141 6854/12/141 6855/15/141
f 6858/13/141 6855/15/141 6856/17/141
f 6858/13/141 6856/17/141 6857/17/141
f 6858/13/141 6857/17/141 6853/13/141
f 6859/5/6333 6860/6/6333 6861/7/6333
f 6859/5/6042 6862/8/6042 6860/6/6042
f 6859/5/6324 6863/7/6324 6862/8/6324
f 6859/5/6334 6864/9/6334 6863/7/6334
f 6859/5/6335 6865/10/6335 6864/9/6335
f 6859/5/6336 6861/7/6336 6865/10/6336
f 6861/11/6047 6866/12/6330 6867/13/6331
f 6861/11/6047 6860/14/6337 6866/12/6330
f 6860/14/6051 6868/12/6338 6866/12/6338
f 6860/14/6051 6862/14/6051 6868/12/6338
f 6862/14/6075 6869/15/3668 6868/12/5967
f 6862/14/6075 6863/16/6339 6869/15/3668
f 6863/16/6340 6870/17/6341 6869/15/6314
f 6863/16/6340 6864/18/6057 6870/17/6341
f 6864/18/6058 6871/17/6342 6870/17/6343
f 6864/18/6058 6865/18/6058 6871/17/6342
f 6865/18/3676 6867/13/5953 6871/17/6079
f 6865/18/3676 6861/11/6344 6867/13/5953
f 6872/13/29 6867/13/6062 6866/12/29
f 6872/13/29 6866/12/29 6868/12/29
f 6872/13/29 6868/12/29 6869/15/29
f 6872/13/29 6869/15/29 6870/17/29
f 6872/13/29 6870/17/29 6871/17/6062
f 6872/13/29 6871/17/6062 6867/13/6062
f 6873/1/1 6874/2/1 6875/3/1
f 6875/3/1 6876/4/1 6873/1/1
f 6877/5/6041 6878/6/6041 6879/7/6041
f 6877/5/6345 6880/8/6345 6878/6/6345
f 6877/5/6324 6881/7/6324 6880/8/6324
f 6877/5/6346 6882/9/6346 6881/7/6346
f 6877/5/6347 6883/10/6347 6882/9/6347
f 6877/5/6336 6879/7/6336 6883/10/6336
f 6879/11/6047 6884/12/6048 6885/13/6320
f 6879/11/6047 6878/14/6337 6884/12/6048
f 6878/14/6332 6886/12/6332 6884/12/6332
f 6878/14/6332 6880/14/6051 6886/12/6332
f 6880/14/6075 6887/15/6052 6886/12/6348
f 6880/14/6075 6881/16/6339 6887/15/6052
f 6881/16/6312 6888/17/6055 6887/15/6349
f 6881/16/6312 6882/18/6327 6888/17/6055
f 6882/18/6350 6889/17/6316 6888/17/6316
f 6882/18/6350 6883/18/6058 6889/17/6316
f 6883/18/6060 6885/13/5954 6889/17/6329
f 6883/18/6060 6879/11/3679 6885/13/5954
f 6890/13/141 6885/13/141 6884/12/141
f 6890/13/141 6884/12/141 6886/12/141
f 6890/13/141 6886/12/141 6887/15/141
f 6890/13/141 6887/15/141 6888/17/141
f 6890/13/141 6888/17/141 6889/17/141
f 6890/13/141 6889/17/141 6885/13/141
f 6891/1/1 6892/2/1 6893/3/1
f 6893/3/1 6894/4/1 6891/1/1
f 6895/5/6351 6896/6/6351 6897/7/6351
f 6895/5/6042 6898/8/6042 6896/6/6042
f 6895/5/6311 6899/7/6311 6898/8/6311
f 6895/5/6352 6900/9/6352 6899/7/6352
f 6895/5/6308 6901/10/6308 6900/9/6308
f 6895/5/6336 6897/7/6336 6901/10/6336
f 6897/11/6047 6902/12/6048 6903/13/6049
f 6897/11/6047 6896/14/6353 6902/12/6048
f 6896/14/6051 6904/12/6332 6902/12/3662
f 6896/14/6051 6898/14/6051 6904/12/6332
f 6898/14/5944 6905/15/6242 6904/12/5967
f 6898/14/5944 6899/16/6354 6905/15/6242
f 6899/16/6355 6906/17/6055 6905/15/6326
f 6899/16/6355 6900/18/6057 6906/17/6055
f 6900/18/6316 6907/17/6316 6906/17/6316
f 6900/18/6316 6901/18/6350 6907/17/6316
f 6901/18/6060 6903/13/5954 6907/17/5924
f 6901/18/6060 6897/11/3679 6903/13/5954
f 6908/13/141 6903/13/141 6902/12/141
f 6908/13/141 6902/12/141 6904/12/141
f 6908/13/141 6904/12/141 6905/15/141
f 6908/13/141 6905/15/141 6906/17/141
f 6908/13/141 6906/17/141 6907/17/141
f 6908/13/141 6907/17/141 6903/13/141
f 6909/1/1 6910/2/1 6911/3/1
f 6911/3/1 6912/4/1 6909/1/1
f 6913/5/6351 6914/6/6351 6915/7/6351
f 6913/5/6042 6916/8/6042 6914/6/6042
f 6913/5/6356 6917/7/6356 6916/8/6356
f 6913/5/6346 6918/9/6346 6917/7/6346
f 6913/5/6308 6919/10/6308 6918/9/6308
f 6913/5/6336 6915/7/6336 6919/10/6336
f 6915/11/6357 6920/12/6319 6921/13/6358
f 6915/11/6357 6914/14/6359 6920/12/6319
f 6914/14/6051 6922/12/6051 6920/12/6051
f 6914/14/6051 6916/14/6051 6922/12/6051
f 6916/14/6339 6923/15/3667 6922/12/6052
f 6916/14/6339 6917/16/6360 6923/15/3667
f 6917/16/6340 6924/17/6341 6923/15/6361
f 6917/16/6340 6918/18/6327 6924/17/6341
f 6918/18/6316 6925/17/6362 6924/17/6362
f 6918/18/6316 6919/18/6316 6925/17/6362
f 6919/18/6317 6921/13/5954 6925/17/6363
f 6919/18/6317 6915/11/5923 6921/13/5954
f 6926/13/141 6921/13/141 6920/12/141
f 6926/13/141 6920/12/141 6922/12/141
f 6926/13/141 6922/12/141 6923/15/141
f 6926/13/141 6923/15/141 6924/17/141
f 6926/13/141 6924/17/141 6925/17/141
f 6926/13/141 6925/17/141 6921/13/141
f 6927/1/481 6928/2/481 6929/3/481
f 6929/3/481 6930/4/481 6927/1/481
f 6931/5/6364 6932/6/6364 6933/7/6364
f 6931/5/6335 6934/8/6335 6932/6/6335
f 6931/5/6365 6935/7/6365 6934/8/6365
f 6931/5/6041 6936/9/6041 6935/7/6041
f 6931/5/6042 6937/10/6042 6936/9/6042
f 6931/5/6324 6933/7/6324 6937/10/6324
f 6933/11/6366 6938/12/6325 6939/13/6314
f 6933/11/6366 6932/14/6312 6938/12/6325
f 6932/14/6058 6940/12/6316 6938/12/6316
f 6932/14/6058 6934/14/6058 6940/12/6316
f 6934/14/6317 6941/15/5954 6940/12/6363
f 6934/14/6317 6935/16/6113 6941/15/5954
f 6935/16/6047 6942/17/6367 6941/15/6331
f 6935/16/6047 6936/18/6321 6942/17/6367
f 6936/18/6051 6943/17/6338 6942/17/6338
f 6936/18/6051 6937/18/6051 6943/17/6338
f 6937/18/5944 6939/13/6368 6943/17/6369
f 6937/18/5944 6933/11/6339 6939/13/6368
f 6944/13/141 6939/13/141 6938/12/141
f 6944/13/141 6938/12/141 6940/12/141
f 6944/13/141 6940/12/141 6941/15/141
f 6944/13/141 6941/15/141 6942/17/141
f 6944/13/141 6942/17/141 6943/17/141
f 6944/13/141 6943/17/141 6939/13/141
f 6945/1/481 6946/2/6370 6947/3/481
f 6947/3/481 6948/4/481 6945/1/481
f 6949/5/6352 6950/6/6352 6951/7/6352
f 6949/5/6347 6952/8/6347 6950/6/6347
f 6949/5/6323 6953/7/6323 6952/8/6323
f 6949/5/6351 6954/9/6351 6953/7/6351
f 6949/5/6371 6955/10/6371 6954/9/6371
f 6949/5/6372 6951/7/6372 6955/10/6372
f 6951/11/6312 6956/12/6313 6957/13/6314
f 6951/11/6312 6950/14/6057 6956/12/6313
f 6950/14/6316 6958/12/6316 6956/12/6316
f 6950/14/6316 6952/14/6316 6958/12/6316
f 6952/14/6328 6959/15/5954 6958/12/6318
f 6952/14/6328 6953/16/5974 6959/15/5954
f 6953/16/6047 6960/17/6319 6959/15/6373
f 6953/16/6047 6954/18/6337 6960/17/6319
f 6954/18/6374 6961/17/6051 6960/17/6051
f 6954/18/6374 6955/18/6374 6961/17/6051
f 6955/18/6053 6957/13/5942 6961/17/6228
f 6955/18/6053 6951/11/6375 6957/13/5942
f 6962/13/141 6957/13/141 6956/12/141
f 6962/13/141 6956/12/141 6958/12/141
f 6962/13/141 6958/12/141 6959/15/141
f 6962/13/141 6959/15/141 6960/17/141
f 6962/13/141 6960/17/141 6961/17/141
f 6962/13/141 6961/17/141 6957/13/141
f 6963/1/6376 6964/2/6376 6965/3/6376
f 6965/3/6376 6966/4/6376 6963/1/6376
f 6967/5/6307 6968/6/6307 6969/7/6307
f 6967/5/6308 6970/8/6308 6968/6/6308
f 6967/5/6309 6971/7/6309 6970/8/6309
f 6967/5/6310 6972/9/6310 6971/7/6310
f 6967/5/6042 6973/10/6042 6972/9/6042
f 6967/5/6311 6969/7/6311 6973/10/6311
f 6969/11/6355 6974/12/6055 6975/13/6326
f 6969/11/6355 6968/14/6057 6974/12/6055
f 6968/14/6316 6976/12/6350 6974/12/6058
f 6968/14/6316 6970/14/6316 6976/12/6350
f 6970/14/6377 6977/15/5954 6976/12/6363
f 6970/14/6377 6971/16/5923 6977/15/5954
f 6971/16/6047 6978/17/6330 6977/15/6331
f 6971/16/6047 6972/18/6321 6978/17/6330
f 6972/18/6338 6979/17/6051 6978/17/6051
f 6972/18/6338 6973/18/6338 6979/17/6051
f 6973/18/5944 6975/13/6242 6979/17/6108
f 6973/18/5944 6969/11/6229 6975/13/6242
f 6980/13/141 6975/13/141 6974/12/141
f 6980/13/141 6974/12/141 6976/12/141
f 6980/13/141 6976/12/141 6977/15/141
f 6980/13/141 6977/15/141 6978/17/141
f 6980/13/141 6978/17/141 6979/17/141
f 6980/13/141 6979/17/141 6975/13/141
f 6981/1/481 6982/2/481 6983/3/481
f 6983/3/481 6984/4/481 6981/1/481
f 6985/5/6378 6986/6/6378 6987/7/6378
f 6985/5/6308 6988/8/6308 6986/6/6308
f 6985/5/6323 6989/7/6323 6988/8/6323
f 6985/5/6041 6990/9/6041 6989/7/6041
f 6985/5/6042 6991/10/6042 6990/9/6042
f 6985/5/6379 6987/7/6379 6991/10/6379
f 6987/11/6380 6992/12/6381 6993/13/6382
f 6987/11/6380 6986/14/6383 6992/12/6381
f 6986/14/6316 6994/12/6342 6992/12/6343
f 6986/14/6316 6988/14/6350 6994/12/6342
f 6988/14/6078 6995/15/5953 6994/12/6329
f 6988/14/6078 6989/16/5974 6995/15/5953
f 6989/16/6384 6996/17/6367 6995/15/6331
f 6989/16/6384 6990/18/6385 6996/17/6367
f 6990/18/6338 6997/17/6374 6996/17/6386
f 6990/18/6338 6991/18/6338 6997/17/6374
f 6991/18/6387 6993/13/6388 6997/17/6388
f 6991/18/6387 6987/11/6389 6993/13/6388
f 6998/13/141 6993/13/141 6992/12/141
f 6998/13/141 6992/12/141 6994/12/141
f 6998/13/141 6994/12/141 6995/15/141
f 6998/13/141 6995/15/141 6996/17/141
f 6998/13/141 6996/17/141 6997/17/141
f 6998/13/141 6997/17/141 6993/13/141
f 6999/1/6390 7000/2/6390 7001/3/6390
f 7001/3/6390 7002/4/6390 6999/1/6390
f 7003/5/6391 7004/6/6391 7005/7/6391
f 7003/5/6392 7006/8/6392 7004/6/6392
f 7003/5/6393 7007/7/6393 7006/8/6393
f 7003/5/6394 7008/9/6394 7007/7/6394
f 7003/5/6395 7009/10/6395 7008/9/6395
f 7003/5/6396 7005/7/6396 7009/10/6396
f 7005/11/6397 7010/12/6398 7011/13/6399
f 7005/11/6397 7004/14/6400 7010/12/6398
f 7004/14/6401 7012/12/6401 7010/12/6401
f 7004/14/6401 7006/14/6402 7012/12/6401
f 7006/14/6403 7013/15/6404 7012/12/6405
f 7006/14/6403 7007/16/2531 7013/15/6404
f 7007/16/6406 7014/17/6407 7013/15/6408
f 7007/16/6406 7008/18/6409 7014/17/6407
f 7008/18/6410 7015/17/6411 7014/17/6411
f 7008/18/6410 7009/18/6410 7015/17/6411
f 7009/18/6412 7011/13/6413 7015/17/6414
f 7009/18/6412 7005/11/6415 7011/13/6413
f 7016/13/6416 7011/13/6416 7010/12/6416
f 7016/13/6416 7010/12/6416 7012/12/6417
f 7016/13/6416 7012/12/6417 7013/15/6417
f 7016/13/6416 7013/15/6417 7014/17/6416
f 7016/13/6416 7014/17/6416 7015/17/6416
f 7016/13/6416 7015/17/6416 7011/13/6416
f 7017/1/1 7018/2/1 7019/3/1
f 7019/3/1 7020/4/1 7017/1/1
f 7021/5/6351 7022/6/6351 7023/7/6351
f 7021/5/6042 7024/8/6042 7022/6/6042
f 7021/5/6324 7025/7/6324 7024/8/6324
f 7021/5/6352 7026/9/6352 7025/7/6352
f 7021/5/6308 7027/10/6308 7026/9/6308
f 7021/5/6336 7023/7/6336 7027/10/6336
f 7023/11/6047 7028/12/6048 7029/13/6320
f 7023/11/6047 7022/14/6359 7028/12/6048
f 7022/14/6332 7030/12/6332 7028/12/6332
f 7022/14/6332 7024/14/3662 7030/12/6332
f 7024/14/6075 7031/15/6242 7030/12/5967
f 7024/14/6075 7025/16/6053 7031/15/6242
f 7025/16/6355 7032/17/6055 7031/15/6326
f 7025/16/6355 7026/18/6057 7032/17/6055
f 7026/18/6316 7033/17/6316 7032/17/6342
f 7026/18/6316 7027/18/6316 7033/17/6316
f 7027/18/6060 7029/13/3678 7033/17/6418
f 7027/18/6060 7023/11/6078 7029/13/3678
f 7034/13/141 7029/13/141 7028/12/141
f 7034/13/141 7028/12/141 7030/12/141
f 7034/13/141 7030/12/141 7031/15/141
f 7034/13/141 7031/15/141 7032/17/141
f 7034/13/141 7032/17/141 7033/17/141
f 7034/13/141 7033/17/141 7029/13/141
f 7035/1/1 7036/2/1 7037/3/1
f 7037/3/1 7038/4/1 7035/1/1
f 7039/5/6419 7040/6/6419 7041/7/6419
f 7039/5/6042 7042/8/6042 7040/6/6042
f 7039/5/6324 7043/7/6324 7042/8/6324
f 7039/5/6352 7044/9/6352 7043/7/6352
f 7039/5/6347 7045/10/6347 7044/9/6347
f 7039/5/6336 7041/7/6336 7045/10/6336
f 7041/11/6357 7046/12/6048 7047/13/6049
f 7041/11/6357 7040/14/6359 7046/12/6048
f 7040/14/6051 7048/12/6051 7046/12/6051
f 7040/14/6051 7042/14/6332 7048/12/6051
f 7042/14/6075 7049/15/6242 7048/12/5967
f 7042/14/6075 7043/16/6339 7049/15/6242
f 7043/16/6312 7050/17/6055 7049/15/6326
f 7043/16/6312 7044/18/6057 7050/17/6055
f 7044/18/6362 7051/17/6342 7050/17/6342
f 7044/18/6362 7045/18/6058 7051/17/6342
f 7045/18/6060 7047/13/3678 7051/17/6363
f 7045/18/6060 7041/11/3679 7047/13/3678
f 7052/13/141 7047/13/141 7046/12/141
f 7052/13/141 7046/12/141 7048/12/141
f 7052/13/141 7048/12/141 7049/15/141
f 7052/13/141 7049/15/141 7050/17/141
f 7052/13/141 7050/17/141 7051/17/141
f 7052/13/141 7051/17/141 7047/13/141
f 7053/1/1 7054/2/1 7055/3/1
f 7055/3/1 7056/4/1 7053/1/1
f 7057/5/6351 7058/6/6351 7059/7/6351
f 7057/5/6042 7060/8/6042 7058/6/6042
f 7057/5/6324 7061/7/6324 7060/8/6324
f 7057/5/6322 7062/9/6322 7061/7/6322
f 7057/5/6308 7063/10/6308 7062/9/6308
f 7057/5/6336 7059/7/6336 7063/10/6336
f 7059/11/6047 7064/12/6048 7065/13/6049
f 7059/11/6047 7058/14/6359 7064/12/6048
f 7058/14/6332 7066/12/3662 7064/12/3662
f 7058/14/6332 7060/14/6332 7066/12/3662
f 7060/14/6075 7067/15/6052 7066/12/6348
f 7060/14/6075 7061/16/6339 7067/15/6052
f 7061/16/6312 7068/17/6055 7067/15/6420
f 7061/16/6312 7062/18/6327 7068/17/6055
f 7062/18/6350 7069/17/6350 7068/17/6350
f 7062/18/6350 7063/18/6350 7069/17/6350
f 7063/18/6377 7065/13/5954 7069/17/6363
f 7063/18/6377 7059/11/6060 7065/13/5954
f 7070/13/141 7065/13/141 7064/12/141
f 7070/13/141 7064/12/141 7066/12/141
f 7070/13/141 7066/12/141 7067/15/141
f 7070/13/141 7067/15/141 7068/17/141
f 7070/13/141 7068/17/141 7069/17/141
f 7070/13/141 7069/17/141 7065/13/141
f 7071/1/1 7072/2/1 7073/3/1
f 7073/3/1 7074/4/1 7071/1/1
f 7075/5/6351 7076/6/6351 7077/7/6351
f 7075/5/6042 7078/8/6042 7076/6/6042
f 7075/5/6324 7079/7/6324 7078/8/6324
f 7075/5/6352 7080/9/6352 7079/7/6352
f 7075/5/6308 7081/10/6308 7080/9/6308
f 7075/5/6336 7077/7/6336 7081/10/6336
f 7077/11/6047 7082/12/6048 7083/13/6320
f 7077/11/6047 7076/14/6321 7082/12/6048
f 7076/14/6051 7084/12/6051 7082/12/6051
f 7076/14/6051 7078/14/6051 7084/12/6051
f 7078/14/6075 7085/15/6052 7084/12/5967
f 7078/14/6075 7079/16/6339 7085/15/6052
f 7079/16/6312 7086/17/6055 7085/15/6326
f 7079/16/6312 7080/18/6327 7086/17/6055
f 7080/18/6316 7087/17/6316 7086/17/6350
f 7080/18/6316 7081/18/6342 7087/17/6316
f 7081/18/6060 7083/13/3678 7087/17/6363
f 7081/18/6060 7077/11/3679 7083/13/3678
f 7088/13/141 7083/13/141 7082/12/141
f 7088/13/141 7082/12/141 7084/12/141
f 7088/13/141 7084/12/141 7085/15/141
f 7088/13/141 7085/15/141 7086/17/141
f 7088/13/141 7086/17/141 7087/17/141
f 7088/13/141 7087/17/141 7083/13/141
f 7089/1/481 7090/2/481 7091/3/481
f 7091/3/481 7092/4/481 7089/1/481
f 7093/5/6352 7094/6/6352 7095/7/6352
f 7093/5/6308 7096/8/6308 7094/6/6308
f 7093/5/6309 7097/7/6309 7096/8/6309
f 7093/5/6310 7098/9/6310 7097/7/6310
f 7093/5/6042 7099/10/6042 7098/9/6042
f 7093/5/6311 7095/7/6311 7099/10/6311
f 7095/11/6312 7100/12/6325 7101/13/6314
f 7095/11/6312 7094/14/6057 7100/12/6325
f 7094/14/6350 7102/12/6350 7100/12/6350
f 7094/14/6350 7096/14/6350 7102/12/6350
f 7096/14/6317 7103/15/6329 7102/12/6421
f 7096/14/6317 7097/16/5923 7103/15/6329
f 7097/16/6047 7104/17/6319 7103/15/6049
f 7097/16/6047 7098/18/6337 7104/17/6319
f 7098/18/6051 7105/17/6051 7104/17/6051
f 7098/18/6051 7099/18/6051 7105/17/6051
f 7099/18/5969 7101/13/6368 7105/17/6228
f 7099/18/5969 7095/11/6229 7101/13/6368
f 7106/13/141 7101/13/141 7100/12/141
f 7106/13/141 7100/12/141 7102/12/141
f 7106/13/141 7102/12/141 7103/15/141
f 7106/13/141 7103/15/141 7104/17/141
f 7106/13/141 7104/17/141 7105/17/141
f 7106/13/141 7105/17/141 7101/13/141
f 7107/1/481 7108/2/481 7109/3/481
f 7109/3/481 7110/4/481 7107/1/481
f 7111/5/6307 7112/6/6307 7113/7/6307
f 7111/5/6308 7114/8/6308 7112/6/6308
f 7111/5/6309 7115/7/6309 7114/8/6309
f 7111/5/6422 7116/9/6422 7115/7/6422
f 7111/5/6042 7117/10/6042 7116/9/6042
f 7111/5/6311 7113/7/6311 7117/10/6311
f 7113/11/6312 7118/12/6325 7119/13/6326
f 7113/11/6312 7112/14/6423 7118/12/6325
f 7112/14/6316 7120/12/6316 7118/12/6316
f 7112/14/6316 7114/14/6316 7120/12/6316
f 7114/14/6060 7121/15/5954 7120/12/6318
f 7114/14/6060 7115/16/5923 7121/15/5954
f 7115/16/6357 7122/17/6319 7121/15/6331
f 7115/16/6357 7116/18/6337 7122/17/6319
f 7116/18/6332 7123/17/6338 7122/17/6338
f 7116/18/6332 7117/18/6332 7123/17/6338
f 7117/18/5944 7119/13/6052 7123/17/6108
f 7117/18/5944 7113/11/6229 7119/13/6052
f 7124/13/141 7119/13/141 7118/12/141
f 7124/13/141 7118/12/141 7120/12/141
f 7124/13/141 7120/12/141 7121/15/141
f 7124/13/141 7121/15/141 7122/17/141
f 7124/13/141 7122/17/141 7123/17/141
f 7124/13/141 7123/17/141 7119/13/141
f 7125/1/481 7126/2/481 7127/3/481
f 7127/3/481 7128/4/481 7125/1/481
f 7129/5/6307 7130/6/6307 7131/7/6307
f 7129/5/6308 7132/8/6308 7130/6/6308
f 7129/5/6424 7133/7/6424 7132/8/6424
f 7129/5/6422 7134/9/6422 7133/7/6422
f 7129/5/6042 7135/10/6042 7134/9/6042
f 7129/5/6311 7131/7/6311 7135/10/6311
f 7131/11/6312 7136/12/6313 7137/13/6314
f 7131/11/6312 7130/14/6327 7136/12/6313
f 7130/14/6350 7138/12/6316 7136/12/6316
f 7130/14/6350 7132/14/6350 7138/12/6316
f 7132/14/6317 7139/15/6329 7138/12/6318
f 7132/14/6317 7133/16/6328 7139/15/6329
f 7133/16/6357 7140/17/6319 7139/15/6320
f 7133/16/6357 7134/18/6337 7140/17/6319
f 7134/18/6051 7141/17/6051 7140/17/6332
f 7134/18/6051 7135/18/6051 7141/17/6051
f 7135/18/5969 7137/13/6242 7141/17/6228
f 7135/18/5969 7131/11/6229 7137/13/6242
f 7142/13/141 7137/13/141 7136/12/141
f 7142/13/141 7136/12/141 7138/12/141
f 7142/13/141 7138/12/141 7139/15/141
f 7142/13/141 7139/15/141 7140/17/141
f 7142/13/141 7140/17/141 7141/17/141
f 7142/13/141 7141/17/141 7137/13/141
f 7143/1/481 7144/2/481 7145/3/481
f 7145/3/481 7146/4/481 7143/1/481
f 7147/5/6307 7148/6/6307 7149/7/6307
f 7147/5/6308 7150/8/6308 7148/6/6308
f 7147/5/3657 7151/7/3657 7150/8/3657
f 7147/5/6041 7152/9/6041 7151/7/6041
f 7147/5/6042 7153/10/6042 7152/9/6042
f 7147/5/6311 7149/7/6311 7153/10/6311
f 7149/11/6312 7154/12/6325 7155/13/6420
f 7149/11/6312 7148/14/6315 7154/12/6325
f 7148/14/6316 7156/12/6316 7154/12/6342
f 7148/14/6316 7150/14/6316 7156/12/6316
f 7150/14/6328 7157/15/6425 7156/12/6318
f 7150/14/6328 7151/16/6113 7157/15/6425
f 7151/16/6047 7158/17/6319 7157/15/6373
f 7151/16/6047 7152/18/6321 7158/17/6319
f 7152/18/6051 7159/17/6051 7158/17/6051
f 7152/18/6051 7153/18/6332 7159/17/6051
f 7153/18/5944 7155/13/6052 7159/17/6426
f 7153/18/5944 7149/11/6354 7155/13/6052
f 7160/13/141 7155/13/141 7154/12/141
f 7160/13/141 7154/12/141 7156/12/141
f 7160/13/141 7156/12/141 7157/15/141
f 7160/13/141 7157/15/141 7158/17/141
f 7160/13/141 7158/17/141 7159/17/141
f 7160/13/141 7159/17/141 7155/13/141
f 7161/1/6376 7162/2/6376 7163/3/6376
f 7163/3/6376 7164/4/6376 7161/1/6376
f 7165/5/6427 7166/6/6427 7167/7/6427
f 7165/5/6308 7168/8/6308 7166/6/6308
f 7165/5/6424 7169/7/6424 7168/8/6424
f 7165/5/6422 7170/9/6422 7169/7/6422
f 7165/5/6042 7171/10/6042 7170/9/6042
f 7165/5/6311 7167/7/6311 7171/10/6311
f 7167/11/6312 7172/12/6313 7173/13/6326
f 7167/11/6312 7166/14/6428 7172/12/6313
f 7166/14/6350 7174/12/6350 7172/12/6350
f 7166/14/6350 7168/14/6350 7174/12/6350
f 7168/14/6092 7175/15/6079 7174/12/6318
f 7168/14/6092 7169/16/6317 7175/15/6079
f 7169/16/6047 7176/17/6319 7175/15/6320
f 7169/16/6047 7170/18/6337 7176/17/6319
f 7170/18/6338 7177/17/6332 7176/17/6332
f 7170/18/6338 7171/18/6338 7177/17/6332
f 7171/18/5944 7173/13/6228 7177/17/6073
f 7171/18/5944 7167/11/6354 7173/13/6228
f 7178/13/141 7173/13/141 7172/12/141
f 7178/13/141 7172/12/141 7174/12/141
f 7178/13/141 7174/12/141 7175/15/141
f 7178/13/141 7175/15/141 7176/17/141
f 7178/13/141 7176/17/141 7177/17/141
f 7178/13/141 7177/17/141 7173/13/141
f 7179/1/481 7180/2/481 7181/3/481
f 7181/3/481 7182/4/481 7179/1/481
f 7183/5/6044 7184/6/6044 7185/7/6044
f 7183/5/6308 7186/8/6308 7184/6/6308
f 7183/5/6046 7187/7/6046 7186/8/6046
f 7183/5/6041 7188/9/6041 7187/7/6041
f 7183/5/6042 7189/10/6042 7188/9/6042
f 7183/5/6429 7185/7/6429 7189/10/6429
f 7185/11/6366 7190/12/6325 7191/13/6314
f 7185/11/6366 7184/14/6312 7190/12/6325
f 7184/14/6350 7192/12/6350 7190/12/6350
f 7184/14/6350 7186/14/6058 7192/12/6350
f 7186/14/6328 7193/15/5954 7192/12/6363
f 7186/14/6328 7187/16/5923 7193/15/5954
f 7187/16/6337 7194/17/6330 7193/15/6320
f 7187/16/6337 7188/18/6050 7194/17/6330
f 7188/18/6332 7195/17/6338 7194/17/6338
f 7188/18/6332 7189/18/6332 7195/17/6338
f 7189/18/5944 7191/13/6052 7195/17/6108
f 7189/18/5944 7185/11/5969 7191/13/6052
f 7196/13/141 7191/13/141 7190/12/141
f 7196/13/141 7190/12/141 7192/12/141
f 7196/13/141 7192/12/141 7193/15/141
f 7196/13/141 7193/15/141 7194/17/141
f 7196/13/141 7194/17/141 7195/17/141
f 7196/13/141 7195/17/141 7191/13/141
f 7197/1/6430 7198/2/6430 7199/3/6430
f 7199/3/6430 7200/4/6430 7197/1/6430
