# Blender 4.4.3
# www.blender.org
mtllib PEOPLEA.mtl
o PEOPLEA
v 8.802461 -1.680234 16.750717
v 3.744879 -1.680234 16.750717
v 3.744879 0.885924 16.750719
v 8.802461 0.885924 16.750717
v -1.312702 -1.680234 16.750719
v -1.312702 0.885924 16.750719
v -6.370283 -1.680234 16.750719
v -6.370283 0.885924 16.750719
v -11.427863 -1.680234 16.750719
v -11.427863 0.885924 16.750719
v -16.485447 -1.680234 16.750719
v -16.485447 0.885924 16.750719
v -21.543026 -1.680234 16.750719
v -21.543026 0.885924 16.750721
v -26.600605 -1.680234 16.750721
v -26.600605 0.885924 16.750721
v 10.421145 -1.680234 18.551558
v 5.363564 -1.680234 18.551558
v 5.363564 0.885925 18.551558
v 10.421145 0.885925 18.551558
v -4.751596 -1.680234 18.551559
v -9.809178 -1.680234 18.551559
v -9.809175 0.885925 18.551559
v -4.751596 0.885925 18.551559
v -24.242191 -1.680233 19.950640
v -24.242191 0.885925 19.950640
v -19.184608 0.885925 19.950640
v -19.184608 -1.680233 19.950640
v -14.127030 0.885925 19.950640
v -14.127030 -1.680233 19.950640
v -9.069450 0.885925 19.950640
v -9.069450 -1.680233 19.950640
v -4.011867 0.885925 19.950638
v -4.011867 -1.680233 19.950638
v 1.045712 0.885925 19.950638
v 1.045712 -1.680233 19.950638
v 6.103294 0.885925 19.950638
v 6.103294 -1.680233 19.950638
v 11.160874 0.885925 19.950638
v 11.160874 -1.680233 19.950638
v 3.666807 -1.680234 17.824003
v -1.390776 -1.680234 17.824003
v -1.390776 0.885924 17.824003
v 3.666807 0.885924 17.824003
v -21.435246 -1.680234 17.824005
v -26.492825 -1.680234 17.824005
v -26.492828 0.885924 17.824005
v -21.435246 0.885924 17.824005
v -31.550411 -1.680234 17.824005
v -31.550411 0.885924 17.824005
v -9.655225 -1.680234 17.824005
v -14.712805 -1.680234 17.824005
v -14.712805 0.885924 17.824005
v -9.655225 0.885924 17.824005
v -19.770386 -1.680234 17.824005
v -19.770386 0.885924 17.824005
v 3.746065 -1.680233 21.491791
v 4.213629 -1.680234 16.455870
v 4.213629 0.885925 16.455872
v 3.746065 0.885926 21.491793
v -21.692671 -1.680233 21.491791
v -21.225109 -1.680234 16.455870
v -21.225109 0.885925 16.455872
v -21.692671 0.885926 21.491791
v -9.536769 -1.680233 21.491791
v -9.069207 -1.680234 16.455870
v -9.069207 0.885925 16.455872
v -9.536769 0.885926 21.491791
v -33.289566 -1.680234 18.756088
v -38.347145 -1.680234 18.756088
v -38.347145 0.885924 18.756088
v -33.289566 0.885924 18.756086
v -43.404728 -1.680234 18.756088
v -43.404728 0.885924 18.756088
v -48.462311 -1.680234 18.756090
v -48.462311 0.885924 18.756090
v -53.519890 -1.680234 18.756090
v -53.519890 0.885924 18.756090
v -58.577473 -1.680234 18.756090
v -58.577473 0.885924 18.756090
v -63.635056 -1.680234 18.756092
v -63.635056 0.885924 18.756092
v -68.692627 -1.680234 18.756092
v -68.692627 0.885924 18.756092
v -31.670879 -1.680233 20.556927
v -36.728462 -1.680233 20.556927
v -36.728462 0.885925 20.556927
v -31.670879 0.885925 20.556927
v -46.843624 -1.680233 20.556929
v -51.901207 -1.680233 20.556931
v -51.901203 0.885925 20.556931
v -46.843624 0.885925 20.556929
v -66.334213 -1.680233 21.956011
v -66.334213 0.885926 21.956013
v -61.276634 0.885926 21.956011
v -61.276634 -1.680233 21.956011
v -56.219059 0.885926 21.956011
v -56.219059 -1.680233 21.956009
v -51.161476 0.885926 21.956009
v -51.161476 -1.680233 21.956009
v -46.103893 0.885926 21.956009
v -46.103893 -1.680233 21.956009
v -41.046314 0.885926 21.956009
v -41.046314 -1.680233 21.956009
v -35.988731 0.885926 21.956009
v -35.988731 -1.680233 21.956009
v -30.931152 0.885926 21.956007
v -30.931152 -1.680233 21.956007
v -38.425217 -1.680233 19.829372
v -43.482803 -1.680233 19.829372
v -43.482803 0.885925 19.829374
v -38.425217 0.885925 19.829372
v -63.527271 -1.680233 19.829376
v -68.584846 -1.680233 19.829376
v -68.584854 0.885925 19.829376
v -63.527271 0.885925 19.829376
v -73.642433 -1.680233 19.829376
v -73.642433 0.885925 19.829378
v -51.747250 -1.680233 19.829374
v -56.804832 -1.680233 19.829376
v -56.804832 0.885925 19.829376
v -51.747250 0.885925 19.829376
v -61.862411 -1.680233 19.829376
v -61.862411 0.885925 19.829376
v -38.345959 -1.680233 23.497162
v -37.878399 -1.680234 18.461239
v -37.878399 0.885925 18.461241
v -38.345959 0.885925 23.497162
v -63.784698 -1.680233 23.497162
v -63.317135 -1.680234 18.461241
v -63.317135 0.885925 18.461243
v -63.784698 0.885925 23.497164
v -51.628796 -1.680233 23.497162
v -51.161236 -1.680234 18.461239
v -51.161236 0.885925 18.461243
v -51.628796 0.885925 23.497162
v -74.103630 -1.680234 16.767584
v -79.161217 -1.680234 16.767584
v -79.161217 0.885924 16.767584
v -74.103630 0.885924 16.767584
v -84.218796 -1.680234 16.767586
v -84.218796 0.885924 16.767586
v -124.918732 -1.620301 16.863661
v -129.976318 -1.491776 16.863663
v -129.976318 1.074382 16.863663
v -124.918732 0.945857 16.863661
v -135.033905 -1.363251 16.863663
v -135.033905 1.202907 16.863663
v -140.091476 -1.234726 16.863663
v -140.091476 1.331432 16.863663
v -145.149063 -1.106201 16.863663
v -145.149063 1.459957 16.863663
v -150.206650 -0.977676 16.863663
v -150.206650 1.588482 16.863663
v -155.264221 -0.849151 16.863663
v -155.264221 1.717007 16.863665
v -160.321808 -0.720626 16.863665
v -160.321808 1.845532 16.863665
v -123.300049 -1.661436 18.664501
v -128.357635 -1.532911 18.664501
v -128.357635 1.033248 18.664501
v -123.300049 0.904723 18.664501
v -138.472794 -1.275861 18.664501
v -143.530380 -1.147335 18.664503
v -143.530380 1.418823 18.664503
v -138.472794 1.290298 18.664503
v -156.046768 -0.829265 20.063583
v -156.046768 1.736895 20.063583
v -152.905807 1.657075 20.063583
v -152.905807 -0.909083 20.063583
v -147.848221 1.528551 20.063583
v -147.848221 -1.037609 20.063583
v -142.790649 1.400026 20.063583
v -142.790649 -1.166133 20.063583
v -137.733063 1.271500 20.063581
v -137.733063 -1.294658 20.063583
v -132.675476 1.142976 20.063581
v -132.675476 -1.423183 20.063581
v -127.617905 1.014451 20.063581
v -127.617905 -1.551708 20.063581
v -122.560318 0.885925 20.063581
v -122.560318 -1.680233 20.063581
v -130.054382 -1.489792 17.936947
v -135.111969 -1.361267 17.936947
v -135.111969 1.204891 17.936947
v -130.054382 1.076366 17.936947
v -155.156448 -0.851890 17.936949
v -160.214020 -0.723365 17.936949
v -160.214020 1.842793 17.936949
v -155.156433 1.714268 17.936949
v -165.271606 -0.594840 17.936949
v -165.271606 1.971319 17.936949
v -143.376419 -1.151248 17.936949
v -148.434006 -1.022723 17.936949
v -148.434006 1.543435 17.936949
v -143.376419 1.414910 17.936949
v -153.491577 -0.894198 17.936949
v -153.491577 1.671960 17.936949
v -129.975128 -1.491805 21.604736
v -129.507568 -1.503688 16.568813
v -129.507568 1.062471 16.568815
v -129.975128 1.074353 21.604736
v -155.413864 -0.845347 21.604736
v -154.946304 -0.857230 16.568813
v -154.946304 1.708928 16.568815
v -155.413864 1.720811 21.604736
v -143.257965 -1.154257 21.604734
v -142.790405 -1.166140 16.568813
v -142.790405 1.400018 16.568815
v -143.257965 1.411901 21.604736
v -147.322174 -1.050977 17.508368
v -152.379761 -0.922452 17.508369
v -152.379761 1.643706 17.508368
v -147.322174 1.515181 17.508368
v -157.437347 -0.793927 17.508369
v -157.437332 1.772231 17.508369
v -162.494919 -0.665402 17.508369
v -162.494919 1.900756 17.508369
v -167.552505 -0.536877 17.508369
v -167.552505 2.029281 17.508369
v -172.610077 -0.408352 17.508369
v -172.610077 2.157806 17.508369
v -177.667664 -0.279827 17.508369
v -177.667664 2.286331 17.508371
v -182.725250 -0.151302 17.508371
v -182.725250 2.414856 17.508371
v -152.457840 -0.920468 18.581654
v -157.515411 -0.791943 18.581654
v -157.515411 1.774216 18.581654
v -152.457840 1.645690 18.581654
v -177.559875 -0.282566 18.581656
v -182.617462 -0.154041 18.581656
v -182.617462 2.412118 18.581656
v -177.559875 2.283593 18.581656
v -187.675049 -0.025516 18.581656
v -187.675049 2.540642 18.581656
v -165.779861 -0.581924 18.581656
v -170.837448 -0.453399 18.581656
v -170.837448 2.112761 18.581656
v -165.779861 1.984235 18.581656
v -175.895020 -0.324874 18.581656
v -175.895020 2.241284 18.581656
v -185.569427 -0.034052 -15.679272
v -180.569458 -0.157641 -15.926266
v -180.569458 2.408517 -15.926266
v -185.569427 2.532106 -15.679272
v -175.569489 -0.281230 -16.173260
v -175.569489 2.284928 -16.173260
v -170.569504 -0.404819 -16.420254
v -170.569504 2.161339 -16.420254
v -165.569534 -0.528408 -16.667244
v -165.569534 2.037750 -16.667244
v -160.569550 -0.651997 -16.914242
v -160.569550 1.914161 -16.914242
v -155.569580 -0.775586 -17.161236
v -155.569580 1.790572 -17.161236
v -150.569611 -0.899175 -17.408226
v -150.569611 1.666983 -17.408226
v -187.169678 0.005502 -17.401062
v -182.169708 -0.118087 -17.648056
v -182.169708 2.448071 -17.648056
v -187.169678 2.571660 -17.401062
v -172.169754 -0.365264 -18.142040
v -167.169785 -0.488853 -18.389034
v -167.169785 2.077305 -18.389034
v -172.169754 2.200894 -18.142040
v -152.901169 -0.841545 -20.492973
v -152.901169 1.724613 -20.492970
v -157.901138 1.848203 -20.245979
v -157.901138 -0.717956 -20.245979
v -162.901108 1.971792 -19.998985
v -162.901108 -0.594366 -19.998985
v -167.901093 2.095381 -19.751987
v -167.901093 -0.470777 -19.751987
v -172.901062 2.218970 -19.504997
v -172.901062 -0.347188 -19.504997
v -177.901031 2.342559 -19.258003
v -177.901031 -0.223599 -19.258003
v -182.901016 2.466148 -19.011009
v -182.901016 -0.100010 -19.011009
v -187.900986 2.589736 -18.764015
v -187.900986 0.023579 -18.764015
v -180.492279 -0.159549 -17.003365
v -175.492294 -0.283138 -17.250355
v -175.492294 2.283020 -17.250355
v -180.492279 2.406609 -17.003365
v -155.676132 -0.772952 -18.229256
v -150.676163 -0.896541 -18.476250
v -150.676163 1.669617 -18.476250
v -155.676132 1.793206 -18.229256
v -145.676178 -1.020130 -18.723240
v -145.676178 1.546028 -18.723240
v -167.321976 -0.485091 -17.653961
v -162.322006 -0.608680 -17.900959
v -162.322006 1.957478 -17.900959
v -167.321976 2.081067 -17.653961
v -157.322037 -0.732269 -18.147953
v -157.322037 1.833889 -18.147953
v -180.570633 -0.157613 -20.667282
v -181.032867 -0.146187 -15.608524
v -181.032867 2.419972 -15.608528
v -180.570633 2.408544 -20.667282
v -155.421646 -0.779244 -21.909615
v -155.883881 -0.767817 -16.850857
v -155.883881 1.798341 -16.850861
v -155.421646 1.786914 -21.909615
v -167.439087 -0.482198 -21.315964
v -167.901321 -0.470771 -16.257206
v -167.901321 2.095387 -16.257210
v -167.439087 2.083960 -21.315964
v -147.846222 -1.009057 -20.326973
v -142.746613 -1.093179 -20.700207
v -142.746613 1.472979 -20.700207
v -147.846222 1.557101 -20.326973
v -137.647003 -1.177299 -21.073441
v -137.647003 1.388858 -21.073441
v -132.547409 -1.261422 -21.446674
v -132.547409 1.304736 -21.446674
v -127.447800 -1.345543 -21.819908
v -127.447800 1.220615 -21.819908
v -122.348190 -1.429665 -22.193146
v -122.348190 1.136493 -22.193146
v -117.248589 -1.513786 -22.566383
v -117.248589 1.052371 -22.566383
v -112.148987 -1.597908 -22.939617
v -112.148987 0.968250 -22.939617
v -149.478348 -0.982134 -22.008358
v -144.378738 -1.066256 -22.381592
v -144.378738 1.499902 -22.381592
v -149.478348 1.584024 -22.008358
v -134.179535 -1.234499 -23.128059
v -129.079926 -1.318620 -23.501293
v -129.079941 1.247538 -23.501293
v -134.179535 1.331660 -23.128059
v -114.526993 -1.558681 -25.965492
v -114.526993 1.007477 -25.965492
v -119.626602 1.091599 -25.592258
v -119.626602 -1.474559 -25.592255
v -124.726204 1.175720 -25.219021
v -124.726204 -1.390438 -25.219021
v -129.825806 1.259842 -24.845787
v -129.825806 -1.306316 -24.845787
v -134.925415 1.343963 -24.472549
v -134.925415 -1.222195 -24.472549
v -140.025024 1.428085 -24.099316
v -140.025024 -1.138073 -24.099316
v -145.124619 1.512206 -23.726082
v -145.124619 -1.053952 -23.726082
v -150.224228 1.596328 -23.352848
v -150.224228 -0.969830 -23.352848
v -142.667892 -1.094477 -21.779251
v -137.568283 -1.178599 -22.152489
v -137.568283 1.387559 -22.152489
v -142.667892 1.471681 -21.779251
v -117.357269 -1.511994 -23.631714
v -112.257660 -1.596115 -24.004948
v -112.257660 0.970043 -24.004948
v -117.357269 1.054164 -23.631714
v -107.158051 -1.680237 -24.378181
v -107.158051 0.885921 -24.378181
v -129.235168 -1.316059 -22.762379
v -124.135559 -1.400181 -23.135612
v -124.135559 1.165977 -23.135612
v -129.235168 1.250098 -22.762379
v -119.035957 -1.484303 -23.508850
v -119.035957 1.081856 -23.508850
v -142.747803 -1.093159 -25.441193
v -143.219254 -1.085382 -20.370766
v -143.219254 1.480776 -20.370766
v -142.747803 1.472999 -25.441193
v -117.097702 -1.516275 -27.318497
v -117.569153 -1.508499 -22.248070
v -117.569153 1.057659 -22.248074
v -117.097702 1.049883 -27.318497
v -129.354614 -1.314089 -26.421425
v -129.826050 -1.306312 -21.350998
v -129.826050 1.259846 -21.351002
v -129.354614 1.252069 -26.421425
v -89.276382 -1.680234 16.767582
v -94.333961 -1.680234 16.767582
v -94.333961 0.885924 16.767584
v -89.276382 0.885924 16.767584
v -99.391541 -1.680234 16.767584
v -99.391541 0.885924 16.767584
v -104.449127 -1.680234 16.767584
v -104.449127 0.885924 16.767584
v -109.506699 -1.680234 16.767584
v -109.506699 0.885924 16.767584
v -109.477341 -1.680237 -21.791603
v -104.420319 -1.680237 -21.953888
v -104.420319 0.885921 -21.953888
v -109.477341 0.885921 -21.791603
v -99.363312 -1.680237 -22.116169
v -99.363312 0.885921 -22.116169
v -94.306297 -1.680237 -22.278454
v -94.306297 0.885921 -22.278454
v -89.249283 -1.680237 -22.440735
v -89.249283 0.885921 -22.440735
v -84.192268 -1.680237 -22.603020
v -84.192268 0.885921 -22.603020
v -79.135254 -1.680237 -22.765301
v -79.135254 0.885921 -22.765301
v -74.078239 -1.680237 -22.927589
v -74.078239 0.885921 -22.927589
v -111.095840 -1.680237 -23.540504
v -106.038834 -1.680237 -23.702789
v -106.038834 0.885921 -23.702789
v -111.095840 0.885921 -23.540504
v -95.924805 -1.680237 -24.027355
v -90.867783 -1.680237 -24.189636
v -90.867790 0.885921 -24.189636
v -95.924805 0.885921 -24.027355
v -76.436386 -1.680237 -26.051830
v -76.436386 0.885922 -26.051834
v -81.493408 0.885922 -25.889545
v -81.493408 -1.680237 -25.889545
v -86.550415 0.885921 -25.727264
v -86.550415 -1.680237 -25.727264
v -91.607437 0.885921 -25.564980
v -91.607437 -1.680237 -25.564980
v -96.664444 0.885922 -25.402699
v -96.664444 -1.680237 -25.402699
v -101.721466 0.885921 -25.240414
v -101.721466 -1.680237 -25.240414
v -106.778473 0.885921 -25.078133
v -106.778473 -1.680237 -25.078133
v -111.835487 0.885921 -24.915848
v -111.835487 -1.680237 -24.915852
v -104.342262 -1.680237 -23.029678
v -99.285248 -1.680237 -23.191959
v -99.285248 0.885921 -23.191959
v -104.342262 0.885921 -23.029678
v -79.243027 -1.680237 -23.835129
v -74.186012 -1.680237 -23.997414
v -74.186005 0.885921 -23.997414
v -79.243027 0.885921 -23.835129
v -69.128990 -1.680237 -24.159698
v -69.128990 0.885921 -24.159698
v -91.021729 -1.680237 -23.457142
v -85.964714 -1.680237 -23.619427
v -85.964706 0.885921 -23.619427
v -91.021729 0.885921 -23.457142
v -80.907700 -1.680237 -23.781708
v -80.907700 0.885921 -23.781708
v -104.421509 -1.680237 -26.694923
v -104.889023 -1.680237 -21.643997
v -104.889023 0.885922 -21.644001
v -104.421509 0.885921 -26.694923
v -78.985626 -1.680237 -27.511173
v -79.453140 -1.680237 -22.460251
v -79.453140 0.885921 -22.460251
v -78.985626 0.885922 -27.511173
v -91.140167 -1.680237 -27.121128
v -91.607681 -1.680237 -22.070202
v -91.607681 0.885921 -22.070206
v -91.140167 0.885921 -27.121128
v -277.224915 20.176563 -324.946716
v -277.215942 20.176563 -330.004303
v -277.215942 22.742722 -330.004303
v -277.224915 22.742722 -324.946716
v -277.206970 20.176563 -335.061859
v -277.206970 22.742722 -335.061859
v -277.197998 20.176563 -340.119446
v -277.197998 22.742722 -340.119446
v -277.188995 20.176561 -345.177002
v -277.188995 22.742720 -345.177002
v -277.180023 20.176561 -350.234589
v -277.180023 22.742720 -350.234589
v -277.171051 20.176561 -355.292145
v -277.171051 22.742720 -355.292145
v -277.162079 20.176561 -360.349731
v -277.162079 22.742720 -360.349731
v -279.028625 20.176563 -323.331238
v -279.019653 20.176563 -328.388794
v -279.019653 22.742722 -328.388794
v -279.028625 22.742722 -323.331238
v -279.001709 20.176563 -338.503937
v -278.992706 20.176561 -343.561523
v -278.992706 22.742720 -343.561523
v -279.001709 22.742722 -338.503937
v -280.366180 20.176561 -357.997009
v -280.366180 22.742722 -357.997009
v -280.375153 22.742720 -352.939423
v -280.375153 20.176561 -352.939423
v -280.384125 22.742720 -347.881866
v -280.384125 20.176561 -347.881866
v -280.393097 22.742720 -342.824280
v -280.393097 20.176561 -342.824280
v -280.402100 22.742722 -337.766693
v -280.402100 20.176563 -337.766693
v -280.411072 22.742722 -332.709137
v -280.411072 20.176563 -332.709137
v -280.420044 22.742722 -327.651550
v -280.420044 20.176563 -327.651550
v -280.429016 22.742722 -322.593994
v -280.429016 20.176563 -322.593994
v -278.289093 20.176563 -330.084259
v -278.280121 20.176563 -335.141846
v -278.280121 22.742722 -335.141846
v -278.289093 22.742722 -330.084259
v -278.244537 20.176561 -355.186279
v -278.235535 20.176561 -360.243866
v -278.235535 22.742720 -360.243866
v -278.244537 22.742720 -355.186279
v -278.226562 20.176561 -365.301422
v -278.226562 22.742720 -365.301422
v -278.265442 20.176561 -343.406281
v -278.256470 20.176561 -348.463837
v -278.256470 22.742720 -348.463837
v -278.265442 22.742720 -343.406281
v -278.247467 20.176561 -353.521423
v -278.247467 22.742720 -353.521423
v -281.957031 20.176563 -330.011536
v -276.921936 20.176563 -329.535004
v -276.921936 22.742722 -329.535004
v -281.957031 22.742722 -330.011536
v -281.911835 20.176561 -355.450226
v -276.876770 20.176561 -354.973724
v -276.876770 22.742720 -354.973724
v -281.911865 22.742720 -355.450226
v -281.933441 20.176561 -343.294342
v -276.898346 20.176561 -342.817841
v -276.898346 22.742720 -342.817841
v -281.933441 22.742720 -343.294342
v -232.643799 20.176561 -348.153290
v -227.610229 20.176561 -348.645630
v -227.610229 22.742720 -348.645630
v -232.643799 22.742720 -348.153290
v -222.576675 20.176561 -349.138000
v -222.576675 22.742720 -349.138000
v -217.543121 20.176561 -349.630341
v -217.543121 22.742720 -349.630341
v -212.509552 20.176561 -350.122681
v -212.509552 22.742720 -350.122681
v -207.475983 20.176561 -350.615021
v -207.475983 22.742720 -350.615021
v -202.442429 20.176561 -351.107361
v -202.442429 22.742720 -351.107361
v -197.408875 20.176561 -351.599701
v -197.408875 22.742720 -351.599701
v -234.430099 20.176561 -349.787994
v -229.396545 20.176561 -350.280365
v -229.396545 22.742720 -350.280365
v -234.430099 22.742720 -349.787994
v -219.329422 20.176561 -351.265045
v -214.295868 20.176561 -351.757385
v -214.295868 22.742720 -351.757385
v -219.329422 22.742720 -351.265045
v -200.067596 20.176561 -354.554840
v -200.067596 22.742720 -354.554840
v -205.101166 22.742720 -354.062500
v -205.101166 20.176561 -354.062500
v -210.134705 22.742720 -353.570160
v -210.134705 20.176561 -353.570160
v -215.168274 22.742720 -353.077820
v -215.168274 20.176561 -353.077820
v -220.201828 22.742720 -352.585480
v -220.201828 20.176561 -352.585480
v -225.235382 22.742720 -352.093109
v -225.235382 20.176561 -352.093109
v -230.268951 22.742720 -351.600769
v -230.268951 20.176561 -351.600769
v -235.302505 22.742720 -351.108429
v -235.302505 20.176561 -351.108429
v -227.637009 20.176561 -349.721436
v -222.603455 20.176561 -350.213776
v -222.603455 22.742720 -350.213776
v -227.637009 22.742720 -349.721436
v -202.654175 20.176561 -352.165070
v -197.620621 20.176561 -352.657410
v -197.620621 22.742720 -352.657410
v -202.654175 22.742720 -352.165070
v -192.587067 20.176561 -353.149750
v -192.587067 22.742720 -353.149750
v -214.378250 20.176561 -351.018311
v -209.344696 20.176561 -351.510651
v -209.344696 22.742720 -351.510651
v -214.378250 22.742720 -351.018311
v -204.311127 20.176561 -352.002991
v -204.311127 22.742720 -352.002991
v -228.072952 20.176561 -353.364075
v -228.048050 20.176561 -348.306549
v -228.048050 22.742720 -348.306549
v -228.072952 22.742720 -353.364075
v -202.755035 20.176561 -355.840485
v -202.730133 20.176561 -350.782959
v -202.730133 22.742720 -350.782959
v -202.755035 22.742720 -355.840485
v -214.853195 20.176561 -354.657135
v -214.828308 20.176561 -349.599609
v -214.828308 22.742720 -349.599609
v -214.853195 22.742720 -354.657135
v -239.927185 20.176559 -386.066650
v -239.344040 20.176559 -381.042816
v -239.344040 22.742718 -381.042816
v -239.927185 22.742718 -386.066650
v -238.760895 20.176559 -376.018951
v -238.760895 22.742718 -376.018951
v -238.177734 20.176559 -370.995117
v -238.177734 22.742718 -370.995117
v -237.594604 20.176561 -365.971252
v -237.594604 22.742720 -365.971252
v -237.011444 20.176561 -360.947418
v -237.011444 22.742720 -360.947418
v -236.428299 20.176561 -355.923553
v -236.428299 22.742720 -355.923553
v -235.845154 20.176561 -350.899719
v -235.845154 22.742720 -350.899719
v -238.324997 20.176559 -387.882202
v -237.741852 20.176559 -382.858337
v -237.741852 22.742718 -382.858337
v -238.324997 22.742718 -387.882202
v -236.575562 20.176559 -372.810638
v -235.992401 20.176559 -367.786804
v -235.992401 22.742718 -367.786804
v -236.575562 22.742718 -372.810638
v -232.938507 20.176561 -353.611359
v -232.938507 22.742720 -353.611359
v -233.521652 22.742720 -358.635193
v -233.521652 20.176561 -358.635193
v -234.104797 22.742720 -363.659058
v -234.104797 20.176561 -363.659058
v -234.687943 22.742718 -368.682892
v -234.687943 20.176559 -368.682892
v -235.271088 22.742718 -373.706757
v -235.271088 20.176559 -373.706757
v -235.854248 22.742718 -378.730591
v -235.854248 20.176559 -378.730591
v -236.437378 22.742718 -383.754456
v -236.437378 20.176559 -383.754456
v -237.020538 22.742718 -388.778290
v -237.020538 20.176559 -388.778290
v -238.268906 20.176559 -381.089020
v -237.685760 20.176559 -376.065155
v -237.685760 22.742718 -376.065155
v -238.268906 22.742718 -381.089020
v -235.374603 20.176561 -356.154358
v -234.791458 20.176561 -351.130524
v -234.791458 22.742720 -351.130524
v -235.374603 22.742720 -356.154358
v -234.208313 20.176561 -346.106659
v -234.208313 22.742720 -346.106659
v -236.732849 20.176559 -367.855835
v -236.149719 20.176561 -362.831970
v -236.149719 22.742720 -362.831970
v -236.732849 22.742718 -367.855835
v -235.566559 20.176561 -357.808136
v -235.566559 22.742720 -357.808136
v -234.634720 20.176559 -381.590637
v -239.690964 20.176559 -381.474426
v -239.690964 22.742718 -381.474426
v -234.634720 22.742718 -381.590637
v -231.701599 20.176561 -356.321564
v -236.757843 20.176561 -356.205353
v -236.757843 22.742720 -356.205353
v -231.701599 22.742720 -356.321564
v -233.103195 20.176559 -368.396393
v -238.159439 20.176559 -368.280182
v -238.159439 22.742718 -368.280182
v -233.103195 22.742718 -368.396393
v -277.796814 20.176559 -382.085327
v -278.164856 20.176559 -387.114441
v -278.164856 22.742718 -387.114441
v -277.796814 22.742718 -382.085327
v -279.085541 20.176558 -392.072235
v -279.085541 22.742716 -392.072235
v -280.547699 20.176559 -396.898163
v -280.547699 22.742716 -396.898163
v -282.533417 20.176559 -401.533264
v -282.533417 22.742718 -401.533264
v -285.018463 20.176559 -405.920990
v -285.018463 22.742718 -405.920990
v -287.972504 20.176559 -410.007690
v -287.972504 22.742718 -410.007690
v -291.359436 20.176559 -413.743469
v -291.359436 22.742718 -413.743469
v -279.597260 20.176559 -380.502441
v -279.779633 20.176559 -385.342560
v -279.779633 22.742718 -385.342560
v -279.597260 22.742718 -380.502441
v -281.734528 20.176559 -394.815247
v -283.483154 20.176559 -399.332123
v -283.483154 22.742718 -399.332123
v -281.734528 22.742716 -394.815247
v -292.091370 20.176559 -409.889984
v -292.091339 22.742718 -409.889984
v -289.125153 22.742718 -406.258484
v -289.125153 20.176559 -406.258484
v -286.577789 22.742718 -402.321869
v -286.577789 20.176559 -402.321869
v -284.480347 22.742718 -398.128235
v -284.480347 20.176559 -398.128235
v -282.858459 22.742718 -393.728729
v -282.858459 20.176558 -393.728729
v -281.731934 22.742718 -389.177124
v -281.731934 20.176559 -389.177124
v -281.114502 22.742718 -384.529022
v -281.114502 20.176559 -384.529022
v -281.013763 22.742718 -379.841187
v -281.013763 20.176559 -379.841187
v -279.239105 20.176559 -387.052490
v -280.146423 20.176558 -391.892151
v -280.146423 22.742716 -391.892151
v -279.239105 22.742718 -387.052490
v -288.740265 20.176559 -409.250183
v -292.038910 20.176559 -412.905884
v -292.038910 22.742718 -412.905884
v -288.740265 22.742718 -409.250183
v -295.720825 20.176559 -416.175262
v -295.720825 22.742718 -416.175262
v -282.758667 20.176559 -399.495117
v -285.017456 20.176559 -403.870422
v -285.017456 22.742718 -403.870422
v -282.758667 22.742718 -399.495117
v -287.745239 20.176559 -407.969757
v -287.745239 22.742718 -407.969757
v -282.866791 20.176559 -386.506622
v -277.814575 20.176559 -386.685150
v -277.814575 22.742718 -386.685150
v -282.866791 22.742718 -386.506622
v -291.739929 20.176559 -407.125977
v -287.543335 20.176559 -409.944702
v -287.543335 22.742718 -409.944702
v -291.739929 22.742718 -407.125977
v -286.062592 20.176559 -397.898560
v -281.273010 20.176559 -399.516174
v -281.273010 22.742718 -399.516174
v -286.062592 22.742718 -397.898560
v -216.092773 19.555775 -426.858215
v -220.638107 19.555775 -429.032990
v -220.638107 22.121933 -429.032990
v -216.092773 22.121933 -426.858215
v -225.622101 19.555775 -429.774170
v -225.622101 22.121933 -429.774170
v -230.603577 19.555775 -429.016144
v -230.603577 22.121933 -429.016144
v -235.141541 19.555775 -426.826050
v -235.141525 22.121933 -426.826050
v -238.834259 19.555775 -423.397736
v -238.834259 22.121933 -423.397736
v -241.354858 19.555775 -419.034668
v -241.354858 22.121933 -419.034668
v -242.480209 19.555777 -414.123138
v -242.480209 22.121935 -414.123138
v -215.946121 19.555775 -424.500000
v -219.804108 19.555775 -426.822266
v -219.804108 22.121933 -426.822266
v -215.946121 22.121933 -424.500000
v -228.670685 19.555775 -427.657227
v -232.894363 19.555775 -426.095947
v -232.894363 22.121933 -426.095947
v -228.670685 22.121933 -427.657227
v -239.012314 19.555777 -415.771484
v -239.012314 22.121935 -415.771484
v -237.555481 22.121933 -419.589752
v -237.555481 19.555775 -419.589752
v -235.039734 22.121933 -422.810394
v -235.039734 19.555775 -422.810394
v -231.687775 22.121933 -425.148285
v -231.687775 19.555775 -425.148285
v -227.796310 22.121933 -426.396484
v -227.796310 19.555775 -426.396484
v -223.709854 22.121933 -426.444489
v -223.709854 19.555775 -426.444489
v -219.790146 22.121933 -425.288086
v -219.790146 19.555775 -425.288086
v -216.384171 22.121933 -423.029572
v -216.384171 19.555775 -423.029572
v -221.022125 19.555775 -428.027893
v -225.693420 19.555775 -428.700592
v -225.693420 22.121933 -428.700592
v -221.022125 22.121933 -428.027893
v -240.318756 19.555775 -418.735840
v -241.402039 19.555777 -414.142365
v -241.402039 22.121935 -414.142365
v -240.318756 22.121933 -418.735840
v -241.085892 19.555777 -409.433502
v -241.085892 22.121935 -409.433502
v -233.118713 19.555775 -426.802246
v -236.893967 19.555775 -423.970123
v -236.893967 22.121933 -423.970123
v -233.118713 22.121933 -426.802246
v -239.668869 19.555775 -420.152618
v -239.668869 22.121933 -420.152618
v -222.024551 19.555775 -424.499146
v -220.097778 19.555775 -429.169098
v -220.097778 22.121933 -429.169098
v -222.024551 22.121933 -424.499146
v -236.981461 19.555775 -417.199677
v -241.508118 19.555775 -419.442444
v -241.508118 22.121933 -419.442444
v -236.981461 22.121933 -417.199677
v -231.303436 19.555775 -423.613678
v -233.238129 19.555775 -428.280334
v -233.238129 22.121933 -428.280334
v -231.303436 22.121933 -423.613678
v -278.302795 20.176554 -463.279541
v -278.293823 20.176552 -468.337128
v -278.293823 22.742710 -468.337128
v -278.302795 22.742712 -463.279541
v -278.284851 20.176552 -473.394684
v -278.284851 22.742710 -473.394684
v -278.275879 20.176552 -478.452271
v -278.275879 22.742710 -478.452271
v -278.266876 20.176552 -483.509827
v -278.266876 22.742710 -483.509827
v -278.257904 20.176552 -488.567413
v -278.257904 22.742710 -488.567413
v -278.248932 20.176550 -493.624969
v -278.248932 22.742708 -493.624969
v -278.239960 20.176550 -498.682556
v -278.239960 22.742708 -498.682556
v -280.106506 20.176554 -461.664062
v -280.097534 20.176554 -466.721619
v -280.097534 22.742712 -466.721619
v -280.106506 22.742712 -461.664062
v -280.079590 20.176552 -476.836761
v -280.070587 20.176552 -481.894348
v -280.070587 22.742710 -481.894348
v -280.079590 22.742710 -476.836761
v -281.444061 20.176550 -496.329834
v -281.444061 22.742710 -496.329834
v -281.453033 22.742710 -491.272247
v -281.453033 20.176552 -491.272247
v -281.462006 22.742710 -486.214691
v -281.462006 20.176552 -486.214691
v -281.470978 22.742710 -481.157104
v -281.470978 20.176552 -481.157104
v -281.479980 22.742710 -476.099518
v -281.479980 20.176552 -476.099518
v -281.488953 22.742710 -471.041962
v -281.488953 20.176552 -471.041962
v -281.497925 22.742712 -465.984375
v -281.497925 20.176554 -465.984375
v -281.506897 22.742712 -460.926819
v -281.506897 20.176554 -460.926819
v -279.366974 20.176552 -468.417084
v -279.358002 20.176552 -473.474670
v -279.358002 22.742710 -473.474670
v -279.366974 22.742710 -468.417084
v -279.322418 20.176550 -493.519104
v -279.313416 20.176550 -498.576691
v -279.313416 22.742708 -498.576691
v -279.322418 22.742708 -493.519104
v -279.304443 20.176550 -503.634247
v -279.304443 22.742708 -503.634247
v -279.343323 20.176552 -481.739105
v -279.334351 20.176552 -486.796661
v -279.334351 22.742710 -486.796661
v -279.343323 22.742710 -481.739105
v -279.325348 20.176552 -491.854248
v -279.325348 22.742710 -491.854248
v -283.034912 20.176552 -468.344360
v -277.999817 20.176552 -467.867828
v -277.999817 22.742710 -467.867828
v -283.034912 22.742710 -468.344360
v -282.989716 20.176550 -493.783051
v -277.954651 20.176550 -493.306549
v -277.954651 22.742708 -493.306549
v -282.989746 22.742708 -493.783051
v -283.011322 20.176552 -481.627167
v -277.976227 20.176552 -481.150665
v -277.976227 22.742710 -481.150665
v -283.011322 22.742710 -481.627167
v -285.347839 20.176554 -466.907745
v -280.290680 20.176554 -466.971344
v -280.290680 22.742712 -466.971344
v -285.347839 22.742712 -466.907745
v -283.442139 20.176554 -463.363922
v -278.384949 20.176554 -463.427521
v -278.384949 22.742712 -463.427521
v -283.442139 22.742712 -463.363922
v -288.457092 20.176552 -471.326447
v -283.399811 20.176552 -471.379272
v -283.399811 22.742710 -471.379272
v -288.457092 22.742710 -471.326447
v -278.342499 20.176552 -471.432068
v -278.342499 22.742710 -471.432068
v -289.287292 20.176552 -474.016418
v -284.252197 20.176552 -473.539886
v -284.252197 22.742710 -473.539886
v -289.287292 22.742710 -474.016418
v -287.010681 20.176552 -469.761261
v -281.975586 20.176552 -469.284760
v -281.975586 22.742710 -469.284760
v -287.010681 22.742710 -469.761261
v -274.290405 20.176550 -495.260468
v -269.233032 20.176550 -495.214081
v -269.233032 22.742708 -495.214081
v -274.290405 22.742708 -495.260468
v -264.175690 20.176550 -495.167694
v -264.175690 22.742708 -495.167694
v -259.118317 20.176550 -495.121307
v -259.118317 22.742708 -495.121307
v -254.060944 20.176550 -495.074921
v -254.060944 22.742708 -495.074921
v -249.003571 20.176550 -495.028534
v -249.003571 22.742708 -495.028534
v -243.946198 20.176550 -494.982147
v -243.946198 22.742708 -494.982147
v -238.888840 20.176550 -494.935730
v -238.888840 22.742708 -494.935730
v -275.892517 20.176550 -497.076080
v -270.835144 20.176550 -497.029694
v -270.835144 22.742708 -497.029694
v -275.892517 22.742708 -497.076080
v -260.720398 20.176550 -496.936920
v -255.663040 20.176550 -496.890533
v -255.663040 22.742708 -496.890533
v -260.720398 22.742708 -496.936920
v -241.217804 20.176550 -498.157166
v -241.217804 22.742708 -498.157166
v -246.275177 22.742708 -498.203552
v -246.275177 20.176550 -498.203552
v -251.332535 22.742708 -498.249939
v -251.332535 20.176550 -498.249939
v -256.389893 22.742708 -498.296326
v -256.389893 20.176550 -498.296326
v -261.447266 22.742708 -498.342712
v -261.447266 20.176550 -498.342712
v -266.504639 22.742708 -498.389130
v -266.504639 20.176550 -498.389130
v -271.562012 22.742708 -498.435516
v -271.562012 20.176550 -498.435516
v -276.619385 22.742708 -498.481903
v -276.619385 20.176550 -498.481903
v -269.145142 20.176550 -496.286621
v -264.087769 20.176550 -496.240234
v -264.087769 22.742708 -496.240234
v -269.145142 22.742708 -496.286621
v -244.044128 20.176550 -496.056366
v -238.986771 20.176550 -496.009979
v -238.986771 22.742708 -496.009979
v -244.044128 22.742708 -496.056366
v -233.929398 20.176550 -495.963593
v -233.929398 22.742708 -495.963593
v -255.823669 20.176550 -496.164429
v -250.766296 20.176550 -496.118011
v -250.766296 22.742708 -496.118011
v -255.823669 22.742708 -496.164429
v -245.708923 20.176550 -496.071625
v -245.708923 22.742708 -496.071625
v -269.190735 20.176550 -499.954987
v -269.704468 20.176550 -494.923553
v -269.704468 22.742708 -494.923553
v -269.190735 22.742708 -499.954987
v -243.753082 20.176550 -499.721619
v -244.266815 20.176550 -494.690216
v -244.266815 22.742708 -494.690216
v -243.753082 22.742708 -499.721619
v -255.908478 20.176550 -499.833130
v -256.422211 20.176550 -494.801727
v -256.422211 22.742708 -494.801727
v -255.908478 22.742708 -499.833130
v -206.316010 20.176550 -495.260468
v -201.258636 20.176550 -495.214081
v -201.258636 22.742708 -495.214081
v -206.316010 22.742708 -495.260468
v -196.201279 20.176550 -495.167694
v -196.201279 22.742708 -495.167694
v -191.143921 20.176550 -495.121307
v -191.143921 22.742708 -495.121307
v -186.086548 20.176550 -495.074921
v -186.086548 22.742708 -495.074921
v -181.029175 20.176550 -495.028534
v -181.029175 22.742708 -495.028534
v -175.971802 20.176550 -494.982147
v -175.971802 22.742708 -494.982147
v -170.914429 20.176550 -494.935730
v -170.914429 22.742708 -494.935730
v -207.918121 20.176550 -497.076080
v -202.860748 20.176550 -497.029694
v -202.860748 22.742708 -497.029694
v -207.918121 22.742708 -497.076080
v -192.746002 20.176550 -496.936920
v -187.688629 20.176550 -496.890533
v -187.688644 22.742708 -496.890533
v -192.746002 22.742708 -496.936920
v -173.243408 20.176550 -498.157166
v -173.243408 22.742708 -498.157166
v -178.300781 22.742708 -498.203552
v -178.300781 20.176550 -498.203552
v -183.358139 22.742708 -498.249939
v -183.358139 20.176550 -498.249939
v -188.415497 22.742708 -498.296326
v -188.415497 20.176550 -498.296326
v -193.472870 22.742708 -498.342712
v -193.472870 20.176550 -498.342712
v -198.530243 22.742708 -498.389130
v -198.530243 20.176550 -498.389130
v -203.587616 22.742708 -498.435516
v -203.587616 20.176550 -498.435516
v -208.644974 22.742708 -498.481903
v -208.644974 20.176550 -498.481903
v -201.170731 20.176550 -496.286621
v -196.113358 20.176550 -496.240234
v -196.113358 22.742708 -496.240234
v -201.170731 22.742708 -496.286621
v -176.069733 20.176550 -496.056366
v -171.012375 20.176550 -496.009979
v -171.012360 22.742708 -496.009979
v -176.069733 22.742708 -496.056366
v -165.954987 20.176550 -495.963593
v -165.954987 22.742708 -495.963593
v -187.849258 20.176550 -496.164429
v -182.791901 20.176550 -496.118011
v -182.791901 22.742708 -496.118011
v -187.849258 22.742708 -496.164429
v -177.734528 20.176550 -496.071625
v -177.734528 22.742708 -496.071625
v -201.216339 20.176550 -499.954987
v -201.730072 20.176550 -494.923553
v -201.730072 22.742708 -494.923553
v -201.216339 22.742708 -499.954987
v -175.778687 20.176550 -499.721619
v -176.292419 20.176550 -494.690216
v -176.292419 22.742708 -494.690216
v -175.778687 22.742708 -499.721619
v -187.934067 20.176550 -499.833130
v -188.447800 20.176550 -494.801727
v -188.447800 22.742708 -494.801727
v -187.934067 22.742708 -499.833130
v -223.088074 20.176550 -496.164429
v -218.030701 20.176550 -496.118011
v -218.030701 22.742708 -496.118011
v -223.088074 22.742708 -496.164429
v -212.973343 20.176550 -496.071625
v -212.973343 22.742708 -496.071625
v 6.096621 11.366223 -343.782349
v 1.213185 11.366223 -342.530701
v 1.213185 13.932382 -342.530701
v 6.096621 13.932382 -343.782349
v -3.707831 11.366223 -341.436096
v -3.707831 13.932382 -341.436096
v -8.661382 11.366223 -340.499695
v -8.661382 13.932382 -340.499695
v -13.642384 11.366223 -339.722382
v -13.642384 13.932382 -339.722382
v -18.645723 11.366223 -339.105042
v -18.645725 13.932382 -339.105042
v -23.666275 11.366223 -338.648254
v -23.666275 13.932382 -338.648254
v -28.698868 11.366223 -338.352509
v -28.698872 13.932382 -338.352509
v 8.143589 11.366223 -342.483795
v 3.217514 11.366223 -341.167267
v 3.217514 13.932382 -341.167267
v 8.143589 13.932382 -342.483795
v -6.748459 11.366223 -339.010712
v -11.778131 11.366223 -338.172913
v -11.778130 13.932382 -338.172913
v -6.748459 13.932382 -339.010712
v -26.166653 11.366223 -335.275726
v -26.166653 13.932382 -335.275726
v -21.036808 13.932382 -335.654175
v -21.036808 11.366223 -335.654175
v -15.921715 13.932382 -336.196716
v -15.921715 11.366223 -336.196716
v -10.826626 13.932382 -336.902802
v -10.826626 11.366223 -336.902802
v -5.756758 13.932382 -337.771729
v -5.756758 11.366223 -337.771729
v -0.717327 13.932382 -338.802582
v -0.717327 11.366223 -338.802582
v 4.286505 13.932382 -339.994293
v 4.286505 11.366223 -339.994293
v 9.249599 13.932382 -341.345673
v 9.249599 11.366223 -341.345673
v 1.386769 11.366223 -341.468658
v -3.568355 11.366223 -340.369049
v -3.568355 13.932382 -340.369049
v 1.386769 13.932382 -341.468658
v -23.478289 11.366223 -337.586060
v -28.545006 11.366223 -337.284851
v -28.545010 13.932382 -337.284851
v -23.478287 13.932382 -337.586090
v -33.618774 11.366223 -337.146057
v -33.618774 13.932382 -337.146057
v -11.733376 11.366223 -338.915436
v -16.763542 11.366223 -338.237335
v -16.763542 13.932382 -338.237335
v -11.733376 13.932382 -338.915436
v -21.812845 11.366223 -337.720703
v -21.812845 13.932382 -337.720703
v 2.317773 11.366223 -337.920074
v 1.597982 11.366223 -342.926666
v 1.597982 13.932382 -342.926666
v 2.317773 13.932382 -337.920074
v -23.465603 11.366224 -333.908997
v -23.372873 11.366223 -338.966217
v -23.372875 13.932382 -338.966217
v -23.465603 13.932383 -333.908997
v -11.064960 11.366223 -335.307068
v -11.361497 11.366223 -340.356415
v -11.361496 13.932382 -340.356415
v -11.064960 13.932382 -335.307068
v -34.298542 11.366223 -338.817139
v -38.959606 11.366223 -340.716705
v -38.959602 13.932382 -340.716705
v -34.298542 13.932381 -338.817139
v -43.491749 11.366223 -342.906128
v -43.491753 13.932382 -342.906128
v -47.876976 11.366223 -345.376678
v -47.876976 13.932382 -345.376678
v -52.097866 11.366222 -348.118561
v -52.097866 13.932381 -348.118561
v -56.137661 11.366222 -351.120880
v -56.137661 13.932381 -351.120880
v -59.980301 11.366222 -354.371735
v -59.980301 13.932381 -354.371735
v -63.610531 11.366222 -357.858185
v -63.610531 13.932381 -357.858185
v -33.375114 11.366222 -336.571106
v -38.179489 11.366223 -338.416992
v -38.179489 13.932382 -338.416992
v -33.375114 13.932382 -336.571106
v -47.392212 11.366223 -342.997101
v -51.763962 11.366223 -345.713196
v -51.763958 13.932382 -345.713196
v -47.392212 13.932382 -342.997101
v -64.166489 11.366222 -353.900726
v -64.166489 13.932381 -353.900726
v -60.285862 13.932381 -350.387115
v -60.285862 11.366222 -350.387115
v -56.191612 13.932382 -347.124939
v -56.191612 11.366223 -347.124939
v -51.900002 13.932382 -344.127167
v -51.900002 11.366223 -344.127167
v -47.428070 13.932382 -341.405670
v -47.428070 11.366223 -341.405670
v -42.793591 13.932382 -338.971283
v -42.793591 11.366223 -338.971283
v -38.014961 13.932382 -336.833649
v -38.014961 11.366223 -336.833649
v -33.111176 13.932382 -335.001312
v -33.111176 11.366222 -335.001312
v -39.467724 11.366223 -339.768097
v -44.058617 11.366223 -341.991394
v -44.058617 13.932382 -341.991394
v -39.467724 13.932382 -339.768097
v -60.618183 11.366222 -353.501831
v -64.301941 11.366222 -357.030182
v -64.301949 13.932381 -357.030182
v -60.618179 13.932381 -353.501831
v -67.756134 11.366221 -360.783600
v -67.756134 13.932380 -360.783600
v -51.231380 11.366223 -346.232819
v -55.391682 11.366222 -349.184326
v -55.391682 13.932381 -349.184326
v -51.231380 13.932382 -346.232819
v -59.357796 11.366222 -352.392029
v -59.357796 13.932381 -352.392029
v -40.885220 11.366223 -336.384308
v -38.414494 11.366223 -340.798431
v -38.414494 13.932382 -340.798431
v -40.885220 13.932382 -336.384308
v -63.272049 11.366222 -350.956238
v -59.548290 11.366222 -354.380066
v -59.548294 13.932381 -354.380066
v -63.272053 13.932381 -350.956238
v -53.154163 11.366223 -343.107056
v -49.989799 11.366223 -347.053680
v -49.989799 13.932382 -347.053680
v -53.154163 13.932382 -343.107056
v -52.340694 11.366223 -346.783478
v -54.626816 11.366222 -350.773682
v -54.626816 13.932381 -350.773682
v -52.340694 13.932382 -346.783478
v -55.964676 11.366222 -355.651093
v -55.964676 13.932381 -355.651093
v -57.302536 11.366221 -360.528534
v -57.302536 13.932380 -360.528503
v -58.640396 11.366221 -365.405945
v -58.640396 13.932380 -365.405945
v -59.978256 11.366221 -370.283356
v -59.978256 13.932380 -370.283356
v -61.316116 11.366220 -375.160797
v -61.316116 13.932379 -375.160797
v -62.653976 11.366220 -380.038208
v -62.653976 13.932379 -380.038208
v -53.649200 11.366223 -344.746094
v -55.935322 11.366222 -348.736267
v -55.935322 13.932381 -348.736267
v -53.649200 13.932382 -344.746094
v -58.611042 11.366222 -358.491119
v -59.948902 11.366221 -363.368561
v -59.948902 13.932380 -363.368561
v -58.611042 13.932381 -358.491119
v -65.116051 11.366220 -376.917358
v -65.116051 13.932379 -376.917358
v -63.778187 13.932380 -372.039917
v -63.778187 11.366221 -372.039917
v -62.440331 13.932380 -367.162506
v -62.440331 11.366221 -367.162506
v -61.102470 13.932380 -362.285065
v -61.102470 11.366221 -362.285065
v -59.764606 13.932381 -357.407654
v -59.764610 11.366222 -357.407654
v -58.426750 13.932381 -352.530243
v -58.426750 11.366222 -352.530243
v -57.088890 13.932381 -347.652802
v -57.088890 11.366222 -347.652802
v -54.802769 13.932382 -343.662628
v -54.802769 11.366223 -343.662628
v -55.682522 11.366222 -350.565063
v -57.020382 11.366222 -355.442474
v -57.020382 13.932381 -355.442474
v -55.682522 13.932381 -350.565063
v -62.322659 11.366220 -374.772949
v -63.660515 11.366220 -379.650360
v -63.660519 13.932379 -379.650360
v -62.322659 13.932379 -374.772949
v -64.998375 11.366220 -384.527771
v -64.998375 13.932379 -384.527771
v -59.206539 11.366221 -363.412537
v -60.544399 11.366221 -368.289948
v -60.544399 13.932380 -368.289948
v -59.206539 13.932380 -363.412537
v -61.882259 11.366220 -373.167389
v -61.882259 13.932379 -373.167389
v -59.198692 11.366222 -349.518402
v -54.218472 11.366222 -350.399628
v -54.218475 13.932381 -350.399628
v -59.198692 13.932381 -349.518402
v -65.927887 11.366220 -374.050964
v -60.947670 11.366220 -374.932190
v -60.947674 13.932379 -374.932190
v -65.927887 13.932379 -374.050964
v -62.712341 11.366221 -362.328064
v -57.732124 11.366221 -363.209290
v -57.732124 13.932380 -363.209290
v -62.712341 13.932380 -362.328064
v 52.495071 11.366226 -308.208069
v 47.437489 11.366226 -308.208069
v 47.437489 13.932384 -308.208069
v 52.495071 13.932384 -308.208069
v 42.379910 11.366226 -308.208069
v 42.379910 13.932384 -308.208069
v 37.322327 11.366226 -308.208069
v 37.322327 13.932384 -308.208069
v 32.264748 11.366226 -308.208069
v 32.264748 13.932384 -308.208069
v 27.207165 11.366226 -308.208069
v 27.207165 13.932384 -308.208069
v 22.149584 11.366226 -308.208069
v 22.149584 13.932384 -308.208069
v 17.092007 11.366226 -308.208069
v 17.092007 13.932384 -308.208069
v 54.113754 11.366226 -306.407227
v 49.056175 11.366226 -306.407227
v 49.056175 13.932384 -306.407227
v 54.113754 13.932384 -306.407227
v 38.941013 11.366226 -306.407227
v 33.883430 11.366226 -306.407227
v 33.883434 13.932384 -306.407227
v 38.941013 13.932384 -306.407227
v 19.450420 11.366226 -305.008148
v 19.450420 13.932384 -305.008148
v 24.508003 13.932384 -305.008148
v 24.508003 11.366226 -305.008148
v 29.565580 13.932384 -305.008148
v 29.565580 11.366226 -305.008148
v 34.623161 13.932384 -305.008148
v 34.623161 11.366226 -305.008148
v 39.680744 13.932384 -305.008148
v 39.680744 11.366226 -305.008148
v 44.738323 13.932384 -305.008148
v 44.738323 11.366226 -305.008148
v 49.795906 13.932384 -305.008148
v 49.795906 11.366226 -305.008148
v 54.853485 13.932384 -305.008148
v 54.853485 11.366226 -305.008148
v 47.359417 11.366226 -307.134796
v 42.301834 11.366226 -307.134796
v 42.301834 13.932384 -307.134796
v 47.359417 13.932384 -307.134796
v 22.257364 11.366226 -307.134796
v 17.199785 11.366226 -307.134796
v 17.199781 13.932384 -307.134796
v 22.257366 13.932384 -307.134796
v 12.142200 11.366226 -307.134796
v 12.142200 13.932384 -307.134796
v 34.037388 11.366226 -307.134796
v 28.979805 11.366226 -307.134796
v 28.979805 13.932384 -307.134796
v 34.037388 13.932384 -307.134796
v 23.922226 11.366226 -307.134796
v 23.922226 13.932384 -307.134796
v 47.438675 11.366226 -303.467010
v 47.906239 11.366226 -308.502930
v 47.906239 13.932384 -308.502930
v 47.438675 13.932384 -303.467010
v 21.999939 11.366226 -303.467010
v 22.467503 11.366226 -308.502930
v 22.467503 13.932384 -308.502930
v 21.999939 13.932384 -303.467010
v 34.155842 11.366226 -303.467010
v 34.623405 11.366226 -308.502930
v 34.623405 13.932384 -308.502930
v 34.155842 13.932384 -303.467010
v 91.548203 12.083175 -366.193970
v 86.490631 12.037195 -366.193970
v 86.490631 14.603353 -366.193970
v 91.548210 14.649333 -366.193970
v 81.433044 11.991216 -366.193970
v 81.433044 14.557373 -366.193970
v 76.375458 11.945236 -366.193970
v 76.375458 14.511394 -366.193970
v 71.317886 11.899256 -366.193970
v 71.317879 14.465414 -366.193970
v 66.260300 11.853276 -366.193970
v 66.260307 14.419435 -366.193970
v 61.202713 11.807297 -366.193970
v 61.202724 14.373455 -366.193970
v 56.145142 11.761317 -366.193970
v 56.145142 14.327476 -366.193970
v 54.657684 11.747794 -368.197815
v 49.600101 11.701815 -368.197815
v 49.600101 14.267973 -368.197815
v 54.657673 14.313952 -368.197815
v 39.484936 11.609856 -368.197815
v 34.427361 11.563876 -368.197815
v 34.427372 14.130034 -368.197815
v 39.484936 14.176013 -368.197815
v 19.994343 11.432662 -366.798737
v 19.994333 13.998820 -366.798737
v 25.051926 14.044800 -366.798737
v 25.051926 11.478642 -366.798737
v 30.109509 14.090779 -366.798737
v 30.109499 11.524621 -366.798737
v 35.167091 14.136759 -366.798737
v 35.167091 11.570601 -366.798737
v 40.224674 14.182738 -366.798737
v 40.224674 11.616581 -366.798737
v 45.282246 14.228718 -366.798737
v 45.282246 11.662560 -366.798737
v 50.339828 14.274698 -366.798737
v 50.339828 11.708540 -366.798737
v 55.397411 14.320678 -366.798737
v 55.397411 11.754519 -366.798737
v 47.903339 11.686389 -368.925385
v 42.845757 11.640409 -368.925385
v 42.845757 14.206568 -368.925385
v 47.903351 14.252547 -368.925385
v 22.801285 11.458180 -368.925385
v 17.743713 11.412201 -368.925385
v 17.743704 13.978359 -368.925385
v 22.801296 14.024339 -368.925385
v 12.686140 11.366221 -368.925385
v 12.686131 13.932380 -368.925385
v 34.581314 11.565275 -368.925385
v 29.523731 11.519296 -368.925385
v 29.523731 14.085454 -368.925385
v 34.581314 14.131433 -368.925385
v 24.466148 11.473316 -368.925385
v 24.466148 14.039474 -368.925385
v 47.982597 11.687110 -365.257599
v 48.450165 11.691360 -370.293518
v 48.450165 14.257519 -370.293518
v 47.982597 14.253268 -365.257599
v 22.543852 11.455840 -365.257599
v 23.011429 11.460091 -370.293518
v 23.011429 14.026250 -370.293518
v 22.543861 14.021998 -365.257599
v 34.699757 11.566352 -365.257599
v 35.167324 11.570603 -370.293518
v 35.167332 14.136762 -370.293518
v 34.699764 14.132510 -365.257599
v 127.154022 12.406876 -368.197815
v 122.096436 12.360895 -368.197815
v 122.096436 14.927053 -368.197815
v 127.154022 14.973033 -368.197815
v 111.981277 12.268936 -368.197815
v 106.923706 12.222957 -368.197815
v 106.923706 14.789115 -368.197815
v 111.981277 14.835094 -368.197815
v 92.490677 12.091743 -366.798737
v 92.490677 14.657902 -366.798737
v 97.548264 14.703880 -366.798737
v 97.548271 12.137723 -366.798737
v 102.605835 14.749860 -366.798737
v 102.605835 12.183702 -366.798737
v 107.663422 14.795840 -366.798737
v 107.663422 12.229682 -366.798737
v 112.721008 14.841820 -366.798737
v 112.721008 12.275661 -366.798737
v 117.778580 14.887799 -366.798737
v 117.778580 12.321641 -366.798737
v 122.836166 14.933779 -366.798737
v 122.836166 12.367620 -366.798737
v 127.893753 14.979758 -366.798737
v 127.893753 12.413600 -366.798737
v 120.399689 12.345469 -368.925385
v 115.342102 12.299490 -368.925385
v 115.342087 14.865648 -368.925385
v 120.399673 14.911629 -368.925385
v 95.297623 12.117261 -368.925385
v 90.240036 12.071281 -368.925385
v 90.240036 14.637440 -368.925385
v 95.297630 14.683419 -368.925385
v 85.182465 12.025302 -368.925385
v 85.182457 14.591460 -368.925385
v 107.077652 12.224357 -368.925385
v 102.020065 12.178376 -368.925385
v 102.020081 14.744534 -368.925385
v 107.077652 14.790515 -368.925385
v 96.962494 12.132397 -368.925385
v 96.962486 14.698556 -368.925385
v 120.478943 12.346190 -365.257599
v 120.946503 12.350441 -370.293518
v 120.946503 14.916599 -370.293518
v 120.478943 14.912349 -365.257599
v 95.040199 12.114922 -365.257599
v 95.507767 12.119172 -370.293518
v 95.507767 14.685330 -370.293518
v 95.040207 14.681079 -365.257599
v 107.196106 12.225433 -365.257599
v 107.663666 12.229684 -370.293518
v 107.663666 14.795842 -370.293518
v 107.196106 14.791592 -365.257599
v 173.363541 12.826977 -368.197815
v 168.305954 12.780997 -368.197815
v 168.305954 15.347156 -368.197815
v 173.363541 15.393135 -368.197815
v 158.190796 12.689037 -368.197815
v 153.133224 12.643057 -368.197815
v 153.133224 15.209216 -368.197815
v 158.190796 15.255197 -368.197815
v 138.700195 12.511845 -366.798737
v 138.700195 15.078003 -366.798737
v 143.757797 15.123982 -366.798737
v 143.757782 12.557824 -366.798737
v 148.815353 15.169962 -366.798737
v 148.815353 12.603804 -366.798737
v 153.872940 15.215941 -366.798737
v 153.872940 12.649783 -366.798737
v 158.930527 15.261921 -366.798737
v 158.930527 12.695763 -366.798737
v 163.988098 15.307901 -366.798737
v 163.988098 12.741742 -366.798737
v 169.045685 15.353880 -366.798737
v 169.045685 12.787722 -366.798737
v 174.103256 15.399860 -366.798737
v 174.103256 12.833702 -366.798737
v 166.609192 12.765572 -368.925385
v 161.551605 12.719592 -368.925385
v 161.551605 15.285750 -368.925385
v 166.609192 15.331730 -368.925385
v 141.507141 12.537363 -368.925385
v 136.449570 12.491384 -368.925385
v 136.449554 15.057543 -368.925385
v 141.507141 15.103521 -368.925385
v 131.391983 12.445403 -368.925385
v 131.391983 15.011561 -368.925385
v 153.287170 12.644458 -368.925385
v 148.229584 12.598478 -368.925385
v 148.229584 15.164637 -368.925385
v 153.287170 15.210616 -368.925385
v 143.171997 12.552499 -368.925385
v 143.171997 15.118657 -368.925385
v 166.688461 12.766292 -365.257599
v 167.156006 12.770542 -370.293518
v 167.156021 15.336700 -370.293518
v 166.688461 15.332450 -365.257599
v 141.249710 12.535023 -365.257599
v 141.717285 12.539273 -370.293518
v 141.717285 15.105432 -370.293518
v 141.249710 15.101180 -365.257599
v 153.405624 12.645535 -365.257599
v 153.873184 12.649785 -370.293518
v 153.873184 15.215943 -370.293518
v 153.405624 15.211693 -365.257599
v 174.805817 12.840090 -369.723297
v 169.748245 12.794109 -369.723297
v 169.748245 15.360268 -369.723297
v 174.805817 15.406247 -369.723297
v 164.690643 12.748131 -369.723297
v 164.690643 15.314288 -369.723297
v 159.633087 12.702150 -369.723297
v 159.633087 15.268309 -369.723297
v 154.575500 12.656170 -369.723297
v 154.575500 15.222329 -369.723297
v 149.517914 12.610190 -369.723297
v 149.517914 15.176349 -369.723297
v 144.460342 12.564211 -369.723297
v 144.460342 15.130369 -369.723297
v 139.402756 12.518231 -369.723297
v 139.402756 15.084390 -369.723297
v 149.395401 12.497710 -311.744751
v 144.445465 12.497710 -310.633118
v 144.445465 15.063869 -310.633118
v 149.395401 15.063869 -311.744751
v 139.458588 12.497710 -309.701172
v 139.458588 15.063869 -309.701172
v 134.441254 12.497711 -308.950195
v 134.441254 15.063869 -308.950195
v 129.400070 12.497711 -308.381104
v 129.400070 15.063869 -308.381104
v 124.341583 12.497711 -307.994690
v 124.341583 15.063869 -307.994690
v 119.272446 12.497711 -307.791443
v 119.272446 15.063869 -307.791443
v 114.199272 12.497711 -307.771606
v 114.199272 15.063869 -307.771606
v 151.417297 12.497710 -310.393677
v 146.417191 12.497711 -309.209808
v 146.417191 15.063869 -309.209808
v 151.417297 15.063869 -310.393677
v 136.304962 12.497711 -307.388092
v 131.206055 12.497711 -306.752655
v 131.206055 15.063869 -306.752655
v 136.304962 15.063869 -307.388092
v 116.573647 12.497711 -304.558105
v 116.573647 15.063869 -304.558105
v 121.761467 15.063869 -304.665894
v 121.761467 12.497711 -304.665894
v 126.941994 15.063869 -304.961212
v 126.941994 12.497711 -304.961212
v 132.108459 15.063869 -305.443634
v 132.108459 12.497711 -305.443634
v 137.254105 15.063869 -306.112549
v 137.254105 12.497711 -306.112549
v 142.372192 15.063869 -306.967133
v 142.372192 12.497711 -306.967133
v 147.456039 15.063869 -308.006195
v 147.456039 12.497711 -308.006195
v 152.498978 15.063869 -309.228424
v 152.498978 12.497711 -309.228424
v 144.584366 12.497710 -309.565948
v 139.558807 12.497711 -308.629700
v 139.558807 15.063869 -308.629700
v 144.584366 15.063869 -309.565948
v 119.404968 12.497711 -306.720825
v 114.292992 12.497711 -306.696930
v 114.292984 15.063869 -306.696930
v 119.404968 15.063869 -306.720825
v 109.183487 12.497711 -306.857880
v 109.183487 15.063869 -306.857880
v 131.283890 12.497711 -307.492676
v 126.192055 12.497711 -307.038696
v 126.192055 15.063869 -307.038696
v 131.283890 15.063869 -307.492676
v 121.087135 12.497711 -306.769165
v 121.087135 15.063869 -306.769165
v 145.401718 12.497711 -305.989471
v 144.845535 12.497710 -311.017212
v 144.845535 15.063869 -311.017212
v 145.401718 15.063869 -305.989471
v 119.221550 12.497711 -303.048187
v 119.584122 12.497711 -308.093567
v 119.584122 15.063869 -308.093567
v 119.221550 15.063869 -303.048187
v 131.797745 12.497711 -303.859009
v 131.720917 12.497711 -308.916840
v 131.720917 15.063869 -308.916840
v 131.797745 15.063869 -303.859009
v 232.135468 12.991775 -375.356659
v 236.352875 12.991775 -378.148193
v 236.352875 15.557933 -378.148193
v 232.135468 15.557933 -375.356659
v 240.570297 12.991775 -380.939697
v 240.570297 15.557933 -380.939697
v 244.787704 12.991775 -383.731232
v 244.787704 15.557933 -383.731232
v 249.005112 12.991774 -386.522736
v 249.005112 15.557932 -386.522736
v 253.222519 12.991774 -389.314240
v 253.222519 15.557932 -389.314240
v 257.439941 12.991774 -392.105774
v 257.439941 15.557932 -392.105774
v 261.657349 12.991774 -394.897278
v 261.657349 15.557932 -394.897278
v 229.791718 12.991775 -375.964935
v 234.009125 12.991775 -378.756439
v 234.009125 15.557933 -378.756439
v 229.791718 15.557933 -375.964935
v 242.443939 12.991775 -384.339478
v 246.661362 12.991774 -387.130981
v 246.661362 15.557932 -387.130981
v 242.443939 15.557933 -384.339478
v 257.924530 12.991774 -396.263916
v 257.924530 15.557932 -396.263916
v 253.707123 15.557932 -393.472382
v 253.707123 12.991774 -393.472382
v 249.489700 15.557932 -390.680878
v 249.489700 12.991774 -390.680878
v 245.272293 15.557932 -387.889374
v 245.272293 12.991774 -387.889374
v 241.054886 15.557933 -385.097839
v 241.054886 12.991775 -385.097839
v 236.837463 15.557933 -382.306335
v 236.837463 12.991775 -382.306335
v 232.620056 15.557933 -379.514801
v 232.620056 12.991775 -379.514801
v 228.402649 15.557933 -376.723297
v 228.402649 12.991775 -376.723297
v 235.825592 12.991775 -379.086273
v 240.042999 12.991775 -381.877777
v 240.042999 15.557933 -381.877777
v 235.825592 15.557933 -379.086273
v 256.757660 12.991774 -392.941254
v 260.975067 12.991774 -395.732788
v 260.975067 15.557932 -395.732788
v 256.757660 15.557932 -392.941254
v 265.192505 12.991773 -398.524292
v 265.192505 15.557931 -398.524292
v 246.934555 12.991774 -386.439331
v 251.151962 12.991774 -389.230835
v 251.151962 15.557932 -389.230835
v 246.934555 15.557932 -386.439331
v 255.369370 12.991774 -392.022339
v 255.369370 15.557932 -392.022339
v 233.735062 12.991775 -382.101013
v 236.124741 12.991775 -377.643585
v 236.124741 15.557933 -377.643585
v 233.735062 15.557933 -382.101013
v 254.947906 12.991774 -396.141846
v 257.337585 12.991774 -391.684418
v 257.337585 15.557932 -391.684418
v 254.947906 15.557932 -396.141846
v 244.811356 12.991774 -389.432434
v 247.201019 12.991775 -384.975006
v 247.201019 15.557933 -384.975006
v 244.811340 15.557932 -389.432434
v 255.508621 12.991774 -389.349640
v 255.508621 15.557932 -389.349640
v 250.549713 15.557932 -390.343781
v 250.549713 12.991774 -390.343781
v 245.590805 15.557932 -391.337952
v 245.590805 12.991774 -391.337952
v 240.631897 15.557932 -392.332092
v 240.631897 12.991774 -392.332092
v 235.672989 15.557932 -393.326263
v 235.672989 12.991774 -393.326263
v 230.714081 15.557932 -394.320404
v 230.714081 12.991774 -394.320404
v 225.755173 15.557932 -395.314575
v 225.755173 12.991774 -395.314575
v 220.796265 15.557932 -396.308716
v 220.796265 12.991774 -396.308716
v 224.776062 12.991774 -389.443176
v 229.752930 12.991774 -388.543213
v 229.752930 15.557932 -388.543213
v 224.776062 15.557932 -389.443176
v 231.293152 12.991774 -387.525330
v 236.270020 12.991774 -386.625397
v 236.270020 15.557932 -386.625397
v 231.293152 15.557932 -387.525330
v 272.824707 17.795443 -403.818420
v 275.800903 17.795443 -405.608734
v 275.800903 19.572556 -405.608734
v 272.824707 19.572556 -403.818420
v 279.250916 17.795443 -407.784729
v 279.250916 19.572556 -407.784729
v 277.534393 13.007575 -458.249359
v 282.327301 13.007575 -456.634674
v 282.327301 15.573733 -456.634674
v 277.534393 15.573733 -458.249359
v 287.120209 13.007575 -455.019958
v 287.120209 15.573733 -455.019989
v 291.913116 13.007575 -453.405273
v 291.913116 15.573733 -453.405273
v 296.705994 13.007575 -451.790588
v 296.705994 15.573733 -451.790588
v 301.498901 13.007575 -450.175903
v 301.498901 15.573733 -450.175903
v 306.291809 13.007575 -448.561218
v 306.291809 15.573733 -448.561218
v 311.084717 13.007576 -446.946533
v 311.084717 15.573734 -446.946533
v 276.575378 13.007575 -460.472748
v 281.368256 13.007575 -458.858032
v 281.368256 15.573733 -458.858032
v 276.575378 15.573733 -460.472748
v 290.954071 13.007575 -455.628662
v 295.746979 13.007575 -454.013977
v 295.746979 15.573733 -454.013977
v 290.954071 15.573733 -455.628662
v 309.871338 13.007575 -450.731934
v 309.871338 15.573733 -450.731934
v 305.078430 15.573733 -452.346619
v 305.078430 13.007575 -452.346619
v 300.285522 15.573733 -453.961304
v 300.285522 13.007575 -453.961304
v 295.492615 15.573733 -455.575989
v 295.492615 13.007575 -455.575989
v 290.699707 15.573733 -457.190704
v 290.699707 13.007575 -457.190704
v 285.906830 15.573733 -458.805389
v 285.906830 13.007575 -458.805389
v 281.113922 15.573733 -460.420074
v 281.113922 13.007575 -460.420074
v 276.321014 15.573732 -462.034760
v 276.321014 13.007574 -462.034760
v 282.743958 13.007575 -457.626862
v 287.536835 13.007575 -456.012177
v 287.536835 15.573733 -456.012177
v 282.743958 15.573733 -457.626862
v 306.532318 13.007575 -449.612732
v 311.325226 13.007576 -447.998047
v 311.325226 15.573734 -447.998047
v 306.532318 15.573733 -449.612732
v 316.118134 13.007576 -446.383362
v 316.118134 15.573734 -446.383362
v 295.368805 13.007575 -453.373657
v 300.161682 13.007575 -451.758942
v 300.161682 15.573733 -451.758942
v 295.368805 15.573733 -453.373657
v 304.954590 13.007575 -450.144257
v 304.954590 15.573733 -450.144257
v 283.839813 13.007574 -461.127991
v 281.788940 13.007575 -456.504913
v 281.788940 15.573733 -456.504913
v 283.839813 15.573732 -461.127991
v 307.947266 13.007575 -453.006378
v 305.896393 13.007576 -448.383301
v 305.896393 15.573734 -448.383301
v 307.947266 15.573733 -453.006378
v 296.427521 13.007575 -456.887299
v 294.376648 13.007575 -452.264191
v 294.376648 15.573733 -452.264191
v 296.427521 15.573733 -456.887299
v 311.856537 13.007577 -447.301392
v 316.930267 13.007577 -446.861115
v 316.930267 15.573735 -446.861115
v 311.856567 15.573735 -447.301392
v 322.022400 13.007577 -446.941254
v 322.022400 15.573734 -446.941254
v 327.079712 13.007576 -447.541046
v 327.079712 15.573734 -447.541046
v 332.049377 13.007575 -448.654144
v 332.049377 15.573733 -448.654144
v 336.879333 13.007575 -450.268951
v 336.879333 15.573733 -450.268951
v 341.519165 13.007575 -452.368561
v 341.519165 15.573733 -452.368561
v 345.920288 13.007575 -454.931030
v 345.920288 15.573733 -454.931030
v 310.550751 13.007576 -449.326385
v 315.424500 13.007576 -448.742157
v 315.424500 15.573734 -448.742157
v 310.550751 15.573734 -449.326385
v 325.223175 13.007575 -449.076904
v 330.045685 13.007575 -449.992401
v 330.045654 15.573733 -449.992401
v 325.223175 15.573733 -449.076904
v 342.281097 13.007575 -456.439911
v 342.281097 15.573733 -456.439911
v 338.053070 15.573733 -454.241211
v 338.053070 13.007575 -454.241211
v 333.622620 15.573733 -452.485748
v 333.622620 13.007575 -452.485748
v 329.036041 15.573733 -451.191956
v 329.036041 13.007575 -451.191956
v 324.341339 15.573733 -450.373322
v 324.341339 13.007575 -450.373322
v 319.587555 15.573734 -450.038391
v 319.587555 13.007575 -450.038391
v 314.824432 15.573734 -450.190674
v 314.824432 13.007576 -450.190674
v 310.101776 15.573734 -450.828613
v 310.101776 13.007576 -450.828613
v 317.045166 13.007577 -447.931061
v 322.027435 13.007576 -448.017365
v 322.027435 15.573734 -448.017365
v 317.045166 15.573735 -447.931061
v 340.932800 13.007575 -453.273895
v 345.244537 13.007575 -455.771759
v 345.244537 15.573733 -455.771759
v 340.932800 15.573733 -453.273895
v 349.278656 13.007575 -458.696899
v 349.278656 15.573733 -458.696899
v 330.070221 13.007575 -449.249817
v 334.849731 13.007575 -450.659393
v 334.849731 15.573733 -450.659393
v 330.070221 15.573733 -449.249817
v 339.460297 13.007575 -452.549713
v 339.460297 15.573733 -452.549713
v 317.097015 13.007576 -451.599243
v 316.445190 13.007577 -446.585510
v 316.445190 15.573735 -446.585510
v 317.097015 15.573734 -451.599243
v 339.467407 13.007575 -456.645081
v 341.367493 13.007575 -451.959778
v 341.367493 15.573733 -451.959778
v 339.467407 15.573733 -456.645081
v 329.108917 13.007575 -452.791168
v 329.811401 13.007576 -447.784271
v 329.811401 15.573734 -447.784271
v 329.108917 15.573733 -452.791168
v 350.966034 12.980852 -457.421051
v 355.094635 12.923542 -460.342346
v 355.094635 15.489700 -460.342346
v 350.966034 15.547009 -457.421051
v 359.223206 12.866232 -463.263641
v 359.223206 15.432389 -463.263641
v 363.351807 12.808923 -466.184906
v 363.351807 15.375081 -466.184906
v 367.480377 12.751615 -469.106201
v 367.480377 15.317773 -469.106201
v 371.608978 12.694305 -472.027496
v 371.608978 15.260464 -472.027496
v 375.737549 12.636995 -474.948761
v 375.737549 15.203154 -474.948761
v 379.866150 12.579686 -477.870056
v 379.866150 15.145844 -477.870056
v 348.604523 12.999193 -457.956146
v 352.733093 12.941884 -460.877441
v 352.733093 15.508042 -460.877441
v 348.604523 15.565351 -457.956146
v 360.990265 12.827265 -466.720001
v 365.118835 12.769956 -469.641296
v 365.118835 15.336114 -469.641296
v 360.990265 15.393423 -466.720001
v 376.092651 12.606410 -479.119965
v 376.092651 15.172568 -479.119965
v 371.964050 15.229877 -476.198669
v 371.964050 12.663719 -476.198669
v 367.835449 15.287188 -473.277405
v 367.835480 12.721029 -473.277405
v 363.706879 15.344497 -470.356110
v 363.706879 12.778338 -470.356110
v 359.578308 15.401806 -467.434814
v 359.578308 12.835647 -467.434814
v 355.449707 15.459114 -464.513550
v 355.449707 12.892956 -464.513550
v 351.321136 15.516424 -461.592255
v 351.321136 12.950265 -461.592255
v 347.192535 15.573733 -458.670959
v 347.192535 13.007575 -458.670959
v 354.538422 12.922657 -461.263580
v 358.667023 12.865348 -464.184875
v 358.667023 15.431506 -464.184875
v 354.538422 15.488814 -461.263580
v 375.029633 12.638216 -475.762665
v 379.158234 12.580908 -478.683929
v 379.158234 15.147066 -478.683929
v 375.029633 15.204374 -475.762665
v 383.286804 12.523599 -481.605225
v 383.286804 15.089756 -481.605225
v 365.413422 12.771701 -468.958466
v 369.541992 12.714392 -471.879730
v 369.541992 15.280549 -471.879730
v 365.413422 15.337859 -468.958466
v 373.670593 12.657082 -474.801025
v 373.670593 15.223240 -474.801025
v 352.355194 12.923554 -464.211884
v 354.882294 12.928854 -459.830902
v 354.882294 15.495012 -459.830902
v 352.355194 15.489713 -464.211884
v 373.121246 12.635300 -478.905426
v 375.648346 12.640597 -474.524445
v 375.648346 15.206756 -474.524445
v 373.121246 15.201458 -478.905426
v 363.198181 12.773043 -471.884094
v 365.725281 12.778340 -467.503143
v 365.725281 15.344499 -467.503143
v 363.198181 15.339201 -471.884094
v 370.191071 13.007577 -430.932098
v 366.011017 13.007577 -428.084930
v 366.011017 15.573735 -428.084930
v 370.191071 15.573735 -430.932098
v 361.830994 13.007577 -425.237762
v 361.830994 15.573735 -425.237762
v 357.650940 13.007578 -422.390594
v 357.650940 15.573736 -422.390594
v 353.470886 13.007578 -419.543427
v 353.470886 15.573736 -419.543427
v 349.290863 13.007578 -416.696259
v 349.290863 15.573736 -416.696259
v 345.110809 13.007578 -413.849091
v 345.110809 15.573736 -413.849091
v 340.930756 13.007578 -411.001923
v 340.930756 15.573736 -411.001923
v 372.542664 13.007577 -430.354950
v 368.362640 13.007577 -427.507782
v 368.362640 15.573735 -427.507782
v 372.542664 15.573735 -430.354950
v 360.002563 13.007578 -421.813477
v 355.822510 13.007578 -418.966309
v 355.822510 15.573736 -418.966309
v 360.002563 15.573736 -421.813477
v 344.681366 13.007579 -409.684906
v 344.681366 15.573738 -409.684906
v 348.861420 15.573736 -412.532074
v 348.861420 13.007578 -412.532074
v 353.041443 15.573736 -415.379242
v 353.041443 13.007578 -415.379242
v 357.221497 15.573736 -418.226379
v 357.221497 13.007578 -418.226379
v 361.401550 15.573736 -421.073547
v 361.401550 13.007578 -421.073547
v 365.581573 15.573735 -423.920715
v 365.581573 13.007577 -423.920715
v 369.761627 15.573735 -426.767883
v 369.761627 13.007577 -426.767883
v 373.941681 15.573735 -429.615051
v 373.941681 13.007577 -429.615051
v 366.550720 13.007577 -427.153931
v 362.370667 13.007577 -424.306763
v 362.370667 15.573735 -424.306763
v 366.550720 15.573735 -427.153931
v 350.356079 13.007578 -414.729370
v 346.176056 13.007578 -411.882202
v 346.176056 15.573736 -411.882202
v 350.356079 15.573736 -414.729370
v 341.996002 13.007579 -409.035034
v 341.996002 15.573737 -409.035034
v 355.540161 13.007578 -419.654266
v 351.360138 13.007578 -416.807098
v 351.360138 15.573736 -416.807098
v 355.540161 15.573736 -419.654266
v 347.180084 13.007578 -413.959961
v 347.180084 15.573736 -413.959930
v 368.681000 13.007577 -424.167145
v 366.232452 13.007577 -428.592499
v 366.232452 15.573735 -428.592499
v 368.681000 15.573735 -424.167145
v 347.656128 13.007579 -409.846405
v 345.207581 13.007578 -414.271759
v 345.207581 15.573736 -414.271759
v 347.656128 15.573737 -409.846405
v 357.702850 13.007578 -416.689575
v 355.254303 13.007578 -421.114929
v 355.254333 15.573736 -421.114929
v 357.702850 15.573736 -416.689575
v 351.127136 13.007578 -413.287872
v 350.685181 13.007579 -408.249634
v 350.685211 15.573737 -408.249634
v 351.127136 15.573736 -413.287872
v 350.025757 13.007579 -410.348328
v 349.583801 13.007579 -405.310089
v 349.583832 15.573737 -405.310089
v 350.025757 15.573737 -410.348328
v 349.141876 13.007579 -400.271851
v 349.141876 15.573737 -400.271851
v 348.383820 13.007578 -412.971497
v 347.941895 13.007579 -407.933258
v 347.941895 15.573737 -407.933258
v 348.383820 15.573736 -412.971497
v 347.499939 13.007579 -402.895020
v 347.499939 15.573737 -402.895020
v 482.641937 7.920855 -549.121521
v 486.959595 7.818585 -551.755371
v 486.959595 10.384743 -551.755371
v 482.641937 10.487013 -549.121521
v 491.277222 7.716316 -554.389221
v 491.277222 10.282474 -554.389221
v 495.594849 7.614047 -557.023071
v 495.594849 10.180205 -557.023071
v 499.912476 7.511778 -559.656921
v 499.912476 10.077937 -559.656921
v 504.230133 7.409510 -562.290771
v 504.230133 9.975667 -562.290771
v 508.547760 7.307240 -564.924622
v 508.547760 9.873399 -564.924622
v 512.865417 7.204972 -567.558411
v 512.865417 9.771130 -567.558411
v 480.322266 7.953586 -549.815918
v 484.639893 7.851316 -552.449768
v 484.639893 10.417475 -552.449768
v 480.322266 10.519744 -549.815918
v 493.275177 7.646779 -557.717468
v 497.592804 7.544509 -560.351318
v 497.592804 10.110668 -560.351318
v 493.275177 10.212937 -557.717468
v 509.185608 7.252661 -569.062012
v 509.185608 9.818819 -569.062012
v 504.867950 9.921088 -566.428162
v 504.867950 7.354929 -566.428162
v 500.550323 10.023356 -563.794312
v 500.550323 7.457199 -563.794312
v 496.232697 10.125627 -561.160461
v 496.232697 7.559468 -561.160461
v 491.915070 10.227895 -558.526611
v 491.915070 7.661736 -558.526611
v 487.597412 10.330164 -555.892761
v 487.597412 7.764005 -555.892761
v 483.279785 10.432432 -553.258911
v 483.279785 7.866274 -553.258911
v 478.962158 10.534701 -550.625061
v 478.962158 7.968544 -550.625061
v 486.467285 7.817006 -552.712280
v 490.784943 7.714737 -555.346130
v 490.784943 10.280895 -555.346130
v 486.467285 10.383164 -552.712280
v 507.896820 7.309420 -565.784729
v 512.214417 7.207151 -568.418579
v 512.214417 9.773309 -568.418579
v 507.896820 9.875578 -565.784729
v 516.532104 7.104882 -571.052429
v 516.532104 9.671041 -571.052429
v 497.840271 7.547623 -559.650024
v 502.157898 7.445354 -562.283875
v 502.157898 10.011512 -562.283875
v 497.840271 10.113781 -559.650024
v 506.475525 7.343084 -564.917725
v 506.475525 9.909243 -564.917725
v 484.489563 7.818609 -555.802185
v 486.712952 7.828063 -551.259521
v 486.712952 10.394222 -551.259521
v 484.489563 10.384767 -555.802185
v 506.206482 7.304214 -569.049927
v 508.429901 7.313670 -564.507324
v 508.429901 9.879827 -564.507324
v 506.206482 9.870373 -569.049927
v 495.829041 7.550017 -562.719482
v 498.052460 7.559473 -558.176880
v 498.052460 10.125631 -558.176880
v 495.829041 10.116176 -562.719482
v 435.284058 11.182040 -477.790436
v 431.164185 11.349116 -474.856873
v 431.164185 13.915275 -474.856873
v 435.284058 13.748198 -477.790436
v 427.044312 11.516194 -471.923309
v 427.044312 14.082353 -471.923309
v 422.924438 11.683271 -468.989746
v 422.924438 14.249430 -468.989746
v 418.804596 11.850348 -466.056183
v 418.804596 14.416507 -466.056183
v 414.684723 12.017426 -463.122620
v 414.684723 14.583585 -463.122620
v 410.564850 12.184505 -460.189026
v 410.564850 14.750663 -460.189026
v 406.444977 12.351582 -457.255463
v 406.444977 14.917740 -457.255463
v 437.647156 11.128566 -477.262390
v 433.527313 11.295643 -474.328827
v 433.527313 13.861802 -474.328827
v 437.647156 13.694724 -477.262390
v 425.287567 11.629799 -468.461670
v 421.167694 11.796876 -465.528107
v 421.167694 14.363034 -465.528107
v 425.287567 14.195957 -468.461670
v 420.643555 11.843365 -463.838013
v 416.523712 12.010443 -460.904449
v 416.523712 14.576601 -460.904449
v 420.643555 14.409523 -463.838013
v 420.537689 11.883504 -461.891937
v 416.417816 12.050582 -458.958374
v 416.417816 14.616740 -458.958374
v 420.537689 14.449661 -461.891937
v 412.297943 12.217659 -456.024811
v 412.297943 14.783817 -456.024811
v 420.871094 11.791790 -466.210083
v 416.751221 11.958867 -463.276520
v 416.751221 14.525025 -463.276520
v 420.871094 14.357948 -466.210083
v 412.631378 12.125945 -460.342926
v 412.631378 14.692103 -460.342926
v 422.835571 11.840747 -460.896240
v 420.295441 11.825301 -465.269684
v 420.295441 14.391459 -465.269684
v 422.835571 14.406906 -460.896240
v 413.192932 12.189447 -456.240204
v 410.652802 12.174002 -460.613617
v 410.652802 14.740160 -460.613617
v 413.192932 14.755606 -456.240204
v 423.095032 11.787877 -463.291016
v 420.554901 11.772430 -467.664459
v 420.554901 14.338589 -467.664459
v 423.095032 14.354035 -463.291016
v 423.841522 11.769834 -463.184326
v 423.504547 11.875597 -458.137970
v 423.504547 14.441755 -458.137970
v 423.841522 14.335992 -463.184326
v 422.801575 11.854572 -460.222473
v 422.464630 11.960335 -455.176117
v 422.464630 14.526493 -455.176117
v 422.801575 14.420731 -460.222473
v 422.127655 12.066098 -450.129791
v 422.127655 14.632256 -450.129791
v 421.105377 11.850618 -462.810883
v 420.768433 11.956382 -457.764557
v 420.768433 14.522540 -457.764557
v 421.105377 14.416777 -462.810883
v 420.431458 12.062144 -452.718201
v 420.431458 14.628303 -452.718201
v 470.345856 8.942614 -501.163849
v 466.165802 9.181884 -498.316681
v 466.165802 11.748042 -498.316681
v 470.345856 11.508772 -501.163849
v 461.985748 9.421153 -495.469513
v 461.985748 11.987311 -495.469513
v 457.805725 9.660421 -492.622345
v 457.805725 12.226580 -492.622345
v 453.625671 9.899691 -489.775177
v 453.625671 12.465849 -489.775177
v 449.445618 10.138960 -486.928009
v 449.445618 12.705118 -486.928009
v 445.265594 10.378229 -484.080841
v 445.265594 12.944387 -484.080841
v 441.085541 10.617498 -481.233673
v 441.085541 13.183657 -481.233673
v 472.697449 8.866035 -500.586700
v 468.517395 9.105306 -497.739532
v 468.517395 11.671464 -497.739532
v 472.697449 11.432194 -500.586700
v 460.157318 9.583843 -492.045197
v 455.977295 9.823112 -489.198029
v 455.977295 12.389271 -489.198029
v 460.157318 12.150002 -492.045197
v 444.836151 10.505924 -479.916626
v 444.836151 13.072083 -479.916626
v 449.016174 12.832814 -482.763794
v 449.016174 10.266655 -482.763794
v 453.196228 12.593545 -485.610962
v 453.196228 10.027387 -485.610962
v 457.376282 12.354275 -488.458130
v 457.376282 9.788116 -488.458130
v 461.556305 12.115005 -491.305298
v 461.556305 9.548847 -491.305298
v 465.736359 11.875737 -494.152466
v 465.736359 9.309579 -494.152466
v 469.916412 11.636468 -496.999634
v 469.916412 9.070310 -496.999634
v 474.096436 11.397199 -499.846802
v 474.096436 8.831039 -499.846802
v 466.705475 9.185577 -497.385651
v 462.525452 9.424846 -494.538483
v 462.525452 11.991005 -494.538483
v 466.705475 11.751736 -497.385651
v 450.510864 10.149693 -484.961121
v 446.330811 10.388962 -482.113953
v 446.330811 12.955120 -482.113953
v 450.510864 12.715851 -484.961121
v 442.150787 10.628230 -479.266785
v 442.150787 13.194388 -479.266785
v 455.694946 9.815829 -489.886017
v 451.514893 10.055098 -487.038849
v 451.514893 12.621256 -487.038849
v 455.694946 12.381988 -489.886017
v 447.334869 10.294368 -484.191681
v 447.334869 12.860526 -484.191681
v 468.835754 9.181828 -494.398895
v 466.387238 9.159708 -498.824249
v 466.387238 11.725867 -498.824249
v 468.835754 11.747986 -494.398895
v 447.810883 10.385309 -480.078156
v 445.362366 10.363190 -484.503510
v 445.362366 12.929347 -484.503510
v 447.810883 12.951468 -480.078156
v 457.857635 9.810225 -486.921326
v 455.409088 9.788105 -491.346680
v 455.409088 12.354262 -491.346680
v 457.857635 12.376383 -486.921326
v 428.333130 10.522679 -512.363159
v 432.461700 10.307706 -515.284424
v 432.461700 12.873864 -515.284424
v 428.333130 13.088838 -512.363159
v 436.590302 10.092732 -518.205750
v 436.590302 12.658891 -518.205750
v 440.718872 9.877759 -521.127014
v 440.718872 12.443918 -521.127014
v 444.847473 9.662786 -524.048279
v 444.847473 12.228945 -524.048279
v 448.976044 9.447812 -526.969604
v 448.976044 12.013970 -526.969604
v 453.104645 9.232839 -529.890869
v 453.104645 11.798997 -529.890869
v 457.233215 9.017866 -532.812134
v 457.233215 11.584023 -532.812134
v 425.971588 10.591481 -512.898254
v 430.100189 10.376509 -515.819519
v 430.100189 12.942667 -515.819519
v 425.971588 13.157640 -512.898254
v 438.357361 9.946562 -521.662109
v 442.485931 9.731588 -524.583374
v 442.485931 12.297746 -524.583374
v 438.357361 12.512720 -521.662109
v 453.459717 9.118111 -534.062073
v 453.459717 11.684269 -534.062073
v 449.331146 11.899242 -531.140747
v 449.331146 9.333084 -531.140747
v 445.202545 12.114215 -528.219482
v 445.202545 9.548057 -528.219482
v 441.073975 12.329188 -525.298218
v 441.073975 9.763030 -525.298218
v 436.945374 12.544163 -522.376953
v 436.945374 9.978004 -522.376953
v 432.816803 12.759136 -519.455627
v 432.816803 10.192978 -519.455627
v 428.688202 12.974109 -516.534363
v 428.688202 10.407951 -516.534363
v 424.559631 13.189082 -513.613098
v 424.559631 10.622924 -513.613098
v 431.905518 10.304387 -516.205688
v 436.034088 10.089414 -519.126953
v 436.034088 12.655573 -519.126953
v 431.905518 12.870544 -516.205688
v 452.396729 9.237420 -530.704773
v 456.525299 9.022447 -533.626038
v 456.525299 11.588605 -533.626038
v 452.396729 11.803578 -530.704773
v 460.653900 8.807474 -536.547302
v 460.653900 11.373631 -536.547302
v 442.780487 9.738132 -523.900574
v 446.909088 9.523158 -526.821838
v 446.909088 12.089317 -526.821838
v 442.780487 12.304291 -523.900574
v 451.037659 9.308186 -529.743103
v 451.037659 11.874344 -529.743103
v 429.722290 10.307756 -519.153992
v 432.249359 10.327630 -514.773010
v 432.249359 12.893788 -514.773010
v 429.722290 12.873915 -519.153992
v 450.488342 9.226479 -533.847534
v 453.015442 9.246352 -529.466553
v 453.015442 11.812510 -529.466553
v 450.488342 11.792637 -533.847534
v 440.565277 9.743166 -526.826172
v 443.092377 9.763041 -522.445251
v 443.092377 12.329200 -522.445251
v 440.565277 12.309325 -526.826172
v 390.406097 11.942263 -487.537628
v 394.534668 11.790154 -490.458923
v 394.534668 14.356312 -490.458923
v 390.406097 14.508420 -487.537628
v 398.663269 11.638046 -493.380188
v 398.663269 14.204204 -493.380188
v 402.791840 11.485937 -496.301483
v 402.791840 14.052095 -496.301483
v 406.920441 11.333828 -499.222778
v 406.920441 13.899985 -499.222778
v 411.049011 11.181719 -502.144043
v 411.049011 13.747877 -502.144043
v 415.177612 11.029611 -505.065338
v 415.177612 13.595769 -505.065338
v 419.306183 10.877502 -507.986603
v 419.306183 13.443661 -507.986603
v 388.044556 11.990945 -488.072723
v 392.173157 11.838836 -490.994019
v 392.173157 14.404994 -490.994019
v 388.044556 14.557103 -488.072723
v 400.430328 11.534619 -496.836578
v 404.558899 11.382510 -499.757874
v 404.558899 13.948668 -499.757874
v 400.430328 14.100778 -496.836578
v 415.532684 10.948432 -509.236542
v 415.532684 13.514590 -509.236542
v 411.404114 13.666699 -506.315247
v 411.404114 11.100540 -506.315247
v 407.275513 13.818808 -503.393951
v 407.275513 11.252649 -503.393951
v 403.146942 13.970916 -500.472687
v 403.146942 11.404757 -500.472687
v 399.018341 14.123025 -497.551392
v 399.018341 11.556867 -497.551392
v 394.889771 14.275134 -494.630127
v 394.889771 11.708976 -494.630127
v 390.761169 14.427242 -491.708832
v 390.761169 11.861084 -491.708832
v 386.632599 14.579350 -488.787537
v 386.632599 12.013192 -488.787537
v 393.978485 11.787806 -491.380157
v 398.107056 11.635697 -494.301422
v 398.107056 14.201856 -494.301422
v 393.978485 14.353964 -491.380157
v 414.469696 11.032852 -505.879211
v 418.598267 10.880744 -508.800507
v 418.598267 13.446902 -508.800507
v 414.469696 13.599010 -505.879211
v 422.726868 10.728634 -511.721802
v 422.726868 13.294792 -511.721802
v 404.853455 11.387140 -499.075012
v 408.982056 11.235031 -501.996307
v 408.982056 13.801190 -501.996307
v 404.853455 13.953299 -499.075012
v 413.110626 11.082923 -504.917572
v 413.110626 13.649081 -504.917603
v 391.795258 11.790190 -494.328430
v 394.322327 11.804252 -489.947479
v 394.322327 14.370410 -489.947479
v 391.795258 14.356348 -494.328430
v 412.561310 11.025110 -509.021973
v 415.088409 11.039172 -504.641022
v 415.088379 13.605330 -504.641022
v 412.561310 13.591269 -509.021973
v 402.638245 11.390703 -502.000671
v 405.165344 11.404765 -497.619690
v 405.165344 13.970924 -497.619690
v 402.638245 13.956861 -502.000671
v 599.372314 0.616949 -430.945099
v 597.248474 0.497168 -426.355042
v 597.248474 3.063327 -426.355042
v 599.372314 3.183108 -430.945099
v 595.124695 0.377387 -421.764984
v 595.124695 2.943545 -421.764984
v 593.000916 0.257607 -417.174927
v 593.000916 2.823765 -417.174927
v 590.877136 0.137826 -412.584869
v 590.877136 2.703984 -412.584869
v 588.753296 0.018045 -407.994812
v 588.753296 2.584203 -407.994812
v 586.629517 -0.101735 -403.404755
v 586.629517 2.464422 -403.404755
v 584.505737 -0.221517 -398.814697
v 584.505737 2.344642 -398.814697
v 601.686401 0.655285 -431.657928
v 599.562622 0.535504 -427.067871
v 599.562622 3.101663 -427.067871
v 601.686401 3.221443 -431.657928
v 595.315002 0.295942 -417.887756
v 593.191223 0.176162 -413.297699
v 593.191223 2.742320 -413.297699
v 595.315002 2.862101 -417.887756
v 588.400208 -0.165661 -399.611389
v 588.400208 2.400497 -399.611389
v 590.523987 2.520278 -404.201447
v 590.523987 -0.045881 -404.201447
v 592.647766 2.640059 -408.791473
v 592.647766 0.073900 -408.791473
v 594.771606 2.759840 -413.381531
v 594.771606 0.193681 -413.381531
v 596.895386 2.879621 -417.971588
v 596.895386 0.313461 -417.971588
v 599.019165 2.999401 -422.561646
v 599.019165 0.433243 -422.561646
v 601.142944 3.119182 -427.151703
v 601.142944 0.553024 -427.151703
v 603.266785 3.238963 -431.741760
v 603.266785 0.672804 -431.741760
v 598.189758 0.495319 -425.833466
v 596.065979 0.375538 -421.243408
v 596.065979 2.941696 -421.243408
v 598.189758 3.061478 -425.833466
v 590.677612 0.012672 -406.854462
v 588.553833 -0.107108 -402.264435
v 588.553833 2.459050 -402.264435
v 590.677612 2.578830 -406.854492
v 586.430054 -0.226889 -397.674377
v 586.430054 2.339269 -397.674377
v 592.595581 0.179808 -413.742950
v 590.471741 0.060027 -409.152893
v 590.471741 2.626185 -409.152893
v 592.595581 2.745966 -413.742950
v 588.347961 -0.059754 -404.562836
v 588.347961 2.506404 -404.562836
v 601.551819 0.497196 -424.365204
v 597.177734 0.508270 -426.904266
v 597.177734 3.074428 -426.904266
v 601.551819 3.063355 -424.365204
v 590.869507 -0.105280 -401.278046
v 586.495422 -0.094206 -403.817108
v 586.495422 2.471951 -403.817108
v 590.869507 2.460878 -401.278046
v 595.974060 0.182613 -412.310272
v 591.599976 0.193687 -414.849304
v 591.599976 2.759845 -414.849304
v 595.974060 2.748772 -412.310272
v 488.636871 -2.597874 -362.886597
v 492.004028 -2.472127 -366.660400
v 492.004028 0.094031 -366.660400
v 488.636871 -0.031716 -362.886597
v 495.371155 -2.346379 -370.434174
v 495.371155 0.219779 -370.434174
v 498.738312 -2.220632 -374.207977
v 498.738312 0.345526 -374.207977
v 502.105438 -2.094885 -377.981781
v 502.105438 0.471273 -377.981750
v 505.472565 -1.969137 -381.755554
v 505.472565 0.597021 -381.755554
v 508.839722 -1.843390 -385.529358
v 508.839722 0.722769 -385.529358
v 512.206848 -1.717642 -389.303131
v 512.206848 0.848516 -389.303131
v 486.215515 -2.638120 -362.877716
v 489.582642 -2.512373 -366.651520
v 489.582642 0.053786 -366.651520
v 486.215515 -0.071961 -362.877716
v 496.316925 -2.260877 -374.199097
v 499.684052 -2.135131 -377.972900
v 499.684052 0.431027 -377.972870
v 496.316925 0.305281 -374.199097
v 508.249023 -1.776280 -389.673767
v 508.249023 0.789879 -389.673767
v 504.881897 0.664131 -385.899963
v 504.881897 -1.902027 -385.899963
v 501.514771 0.538383 -382.126160
v 501.514771 -2.027775 -382.126160
v 498.147614 0.412636 -378.352386
v 498.147614 -2.153522 -378.352386
v 494.780487 0.286889 -374.578583
v 494.780487 -2.279270 -374.578583
v 491.413361 0.161141 -370.804779
v 491.413361 -2.405017 -370.804779
v 488.046204 0.035393 -367.031006
v 488.046204 -2.530765 -367.031006
v 484.679077 -0.090353 -363.257202
v 484.679077 -2.656512 -363.257202
v 491.255157 -2.470186 -367.433197
v 494.622284 -2.344438 -371.207001
v 494.622284 0.221720 -371.207001
v 491.255157 0.095972 -367.433197
v 503.963165 -1.963497 -383.406342
v 507.330292 -1.837750 -387.180115
v 507.330292 0.728409 -387.180115
v 503.963165 0.602661 -383.406342
v 510.697449 -1.712003 -390.953918
v 510.697449 0.854155 -390.953918
v 500.124420 -2.138957 -377.373627
v 503.491577 -2.013211 -381.147430
v 503.491577 0.552947 -381.147430
v 500.124420 0.427200 -377.373627
v 506.858704 -1.887463 -384.921234
v 506.858704 0.678695 -384.921234
v 488.465607 -2.472156 -369.815918
v 491.911957 -2.483782 -366.114319
v 491.911957 0.082377 -366.114319
v 488.465607 0.094002 -369.815918
v 505.401703 -1.839669 -388.797424
v 508.848053 -1.851294 -385.095825
v 508.848053 0.714864 -385.095825
v 505.401703 0.726489 -388.797424
v 497.308777 -2.141904 -379.727112
v 500.755127 -2.153528 -376.025513
v 500.755127 0.412631 -376.025513
v 497.308777 0.424255 -379.727112
v 505.819336 -1.890957 -385.660248
v 503.137878 -1.855787 -389.948486
v 503.137878 0.710371 -389.948486
v 505.819336 0.675201 -385.660248
v 509.950958 -1.750604 -389.539215
v 507.269501 -1.715435 -393.827454
v 507.269501 0.850723 -393.827454
v 509.950958 0.815554 -389.539215
v 504.588074 -1.680265 -398.115692
v 504.588074 0.885894 -398.115692
v 503.836395 -1.839490 -390.203674
v 501.154938 -1.804321 -394.491913
v 501.154938 0.761837 -394.491913
v 503.836395 0.726668 -390.203674
v 498.473511 -1.769152 -398.780151
v 498.473511 0.797007 -398.780151
v 532.893616 -2.937922 -280.666290
v 534.331909 -2.937922 -275.817535
v 534.331909 -0.371764 -275.817535
v 532.893616 -0.371764 -280.666290
v 535.770203 -2.937922 -270.968781
v 535.770203 -0.371763 -270.968781
v 537.208496 -2.937921 -266.120026
v 537.208496 -0.371763 -266.120026
v 538.646790 -2.937921 -261.271271
v 538.646790 -0.371763 -261.271271
v 540.085083 -2.937920 -256.422516
v 540.085083 -0.371762 -256.422516
v 541.523376 -2.937920 -251.573746
v 541.523376 -0.371762 -251.573746
v 542.961670 -2.937920 -246.725006
v 542.961670 -0.371762 -246.725006
v 542.123657 -2.937920 -251.093277
v 543.561951 -2.937920 -246.244522
v 543.561951 -0.371761 -246.244522
v 542.123657 -0.371761 -251.093277
v 538.474670 -2.937921 -268.183990
v 539.912964 -2.937921 -263.335236
v 539.912964 -0.371762 -263.335236
v 538.474670 -0.371762 -268.183990
v 544.626099 -2.937923 -291.394165
v 544.626099 -0.371764 -291.394165
v 543.187805 -0.371764 -296.242950
v 543.187805 -2.937923 -296.242950
v 541.749512 -0.371765 -301.091675
v 541.749512 -2.937924 -301.091675
v 540.311218 -0.371765 -305.940430
v 540.311218 -2.937924 -305.940430
v 538.872925 -0.371765 -310.789185
v 538.872925 -2.937924 -310.789185
v 537.434631 -0.371766 -315.637939
v 537.434631 -2.937925 -315.637939
v 535.996338 -0.371766 -320.486694
v 535.996338 -2.937925 -320.486694
v 534.558044 -0.371767 -325.335449
v 534.558044 -2.937926 -325.335449
v 535.261719 -2.937922 -274.597107
v 536.700012 -2.937921 -269.748352
v 536.700012 -0.371763 -269.748352
v 535.261719 -0.371764 -274.597107
v 548.711853 -2.937920 -250.890900
v 550.150146 -2.937920 -246.042160
v 550.150146 -0.371762 -246.042145
v 548.711853 -0.371762 -250.890900
v 551.588440 -2.937919 -241.193390
v 551.588440 -0.371761 -241.193390
v 539.171631 -2.937921 -263.275940
v 540.609924 -2.937921 -258.427185
v 540.609924 -0.371763 -258.427185
v 539.171631 -0.371763 -263.275940
v 542.048279 -2.937920 -253.578430
v 542.048279 -0.371762 -253.578430
v 540.860168 -2.937922 -273.459473
v 535.899170 -2.937922 -272.475586
v 535.899170 -0.371763 -272.475586
v 540.860168 -0.371763 -273.459473
v 546.111267 -2.937920 -252.778580
v 541.150330 -2.937920 -251.794693
v 541.150330 -0.371761 -251.794693
v 546.111267 -0.371761 -252.778580
v 548.073914 -2.937920 -248.271393
v 543.112976 -2.937920 -247.287506
v 543.112976 -0.371761 -247.287506
v 548.073914 -0.371761 -248.271393
v 520.088257 -2.937926 -327.319031
v 521.526550 -2.937925 -322.470276
v 521.526550 -0.371767 -322.470276
v 520.088257 -0.371768 -327.319031
v 522.964905 -2.937925 -317.621521
v 522.964905 -0.371767 -317.621521
v 515.125549 -2.937927 -339.686462
v 516.563843 -2.937926 -334.837708
v 516.563843 -0.371768 -334.837708
v 515.125549 -0.371769 -339.686462
v 518.002197 -2.937926 -329.988983
v 518.002197 -0.371768 -329.988983
v 523.341980 -2.937925 -322.679504
v 524.780273 -2.937925 -317.830750
v 524.780273 -0.371767 -317.830750
v 523.341980 -0.371767 -322.679504
v 518.243591 -2.937926 -334.339905
v 519.681885 -2.937926 -329.491150
v 519.681885 -0.371768 -329.491150
v 518.243591 -0.371768 -334.339905
v 517.546143 -2.937927 -341.409027
v 518.984436 -2.937927 -336.560242
v 518.984436 -0.371768 -336.560242
v 517.546143 -0.371769 -341.409027
v 520.422791 -2.937926 -331.711517
v 520.422791 -0.371768 -331.711517
v 548.158813 -2.937918 -225.433075
v 548.157593 -2.937918 -220.375488
v 548.157593 -0.371760 -220.375488
v 548.158813 -0.371760 -225.433075
v 548.156372 -2.937917 -215.317917
v 548.156372 -0.371759 -215.317917
v 553.309204 -2.937918 -225.057526
v 548.348267 -2.937918 -224.073639
v 548.348267 -0.371759 -224.073639
v 553.309204 -0.371759 -225.057526
v 553.982300 -2.937917 -217.956970
v 549.021362 -2.937917 -216.973083
v 549.021362 -0.371758 -216.973083
v 553.982300 -0.371758 -217.956955
v 549.101440 -2.937918 -223.264038
v 550.539734 -2.937917 -218.415298
v 550.539734 -0.371758 -218.415298
v 549.101440 -0.371759 -223.264038
v 561.383667 -2.937917 -218.039780
v 561.383667 -0.371758 -218.039780
v 559.945374 -0.371759 -222.888535
v 559.945374 -2.937918 -222.888535
v 558.507080 -0.371759 -227.737274
v 558.507080 -2.937918 -227.737274
v 557.068787 -0.371760 -232.586029
v 557.068787 -2.937919 -232.586029
v 555.630493 -0.371760 -237.434784
v 555.630493 -2.937919 -237.434784
v 554.192200 -0.371760 -242.283539
v 554.192200 -2.937919 -242.283539
v 552.753906 -0.371761 -247.132294
v 552.753906 -2.937920 -247.132294
v 551.315613 -0.371761 -251.981049
v 551.315613 -2.937920 -251.981049
v 553.355164 -2.937916 -198.162354
v 554.731873 -2.937916 -193.295776
v 554.731873 -0.371757 -193.295776
v 553.355164 -0.371758 -198.162354
v 556.108643 -2.937915 -188.429169
v 556.108643 -0.371756 -188.429169
v 563.318054 -2.937916 -195.787354
v 559.825806 -2.937916 -192.129059
v 559.825806 -0.371757 -192.129059
v 563.318054 -0.371758 -195.787354
v 556.333557 -2.937915 -188.470734
v 556.333557 -0.371756 -188.470734
v 555.474548 -2.937916 -194.966705
v 556.912842 -2.937915 -190.117966
v 556.912842 -0.371756 -190.117966
v 555.474548 -0.371757 -194.966705
v 562.445007 -2.937916 -195.321686
v 563.883301 -2.937915 -190.472931
v 563.883301 -0.371756 -190.472931
v 562.445007 -0.371757 -195.321686
v 488.488586 -2.937924 -309.308533
v 487.197296 -2.937925 -314.198456
v 487.197296 -0.371767 -314.198456
v 488.488586 -0.371766 -309.308502
v 485.905975 -2.937925 -319.088440
v 485.905975 -0.371767 -319.088440
v 484.614685 -2.937926 -323.978363
v 484.614685 -0.371767 -323.978363
v 483.323364 -2.937926 -328.868347
v 483.323364 -0.371768 -328.868317
v 482.032074 -2.937926 -333.758270
v 482.032074 -0.371767 -333.758270
v 480.740753 -2.937927 -338.648224
v 480.740753 -0.371768 -338.648224
v 479.449463 -2.937927 -343.538177
v 479.449463 -0.371768 -343.538177
v 487.160736 -2.937924 -307.283691
v 485.869415 -2.937925 -312.173645
v 485.869415 -0.371766 -312.173645
v 487.160736 -0.371765 -307.283691
v 483.286804 -2.937925 -321.953552
v 481.995514 -2.937926 -326.843506
v 481.995514 -0.371767 -326.843506
v 483.286804 -0.371766 -321.953552
v 476.957733 -2.937927 -340.440918
v 476.957733 -0.371768 -340.440918
v 478.249054 -0.371767 -335.550964
v 478.249054 -2.937926 -335.550964
v 479.540344 -0.371767 -330.661041
v 479.540344 -2.937926 -330.661041
v 480.831665 -0.371767 -325.771057
v 480.831665 -2.937926 -325.771057
v 482.122955 -0.371766 -320.881134
v 482.122986 -2.937925 -320.881134
v 483.414276 -0.371766 -315.991180
v 483.414276 -2.937925 -315.991180
v 484.705566 -0.371765 -311.101196
v 484.705566 -2.937925 -311.101196
v 485.996887 -0.371765 -306.211273
v 485.996887 -2.937924 -306.211273
v 486.139648 -2.937925 -313.999908
v 484.848328 -2.937925 -318.889862
v 484.848328 -0.371766 -318.889893
v 486.139648 -0.371766 -313.999908
v 479.730560 -2.937927 -338.270020
v 478.439270 -2.937927 -343.159943
v 478.439270 -0.371768 -343.159973
v 479.730560 -0.371768 -338.270020
v 477.147949 -2.937927 -348.049927
v 477.147949 -0.371768 -348.049927
v 482.738251 -2.937926 -326.880402
v 481.446930 -2.937926 -331.770355
v 481.446930 -0.371767 -331.770355
v 482.738251 -0.371767 -326.880402
v 480.155640 -2.937927 -336.660309
v 480.155640 -0.371767 -336.660309
v 482.613647 -2.937925 -312.986816
v 487.602051 -2.937925 -313.820526
v 487.602051 -0.371766 -313.820526
v 482.613647 -0.371766 -312.986816
v 476.118622 -2.937927 -337.582428
v 481.107025 -2.937927 -338.416138
v 481.106995 -0.371768 -338.416138
v 476.118622 -0.371767 -337.582428
v 479.222290 -2.937926 -325.829407
v 484.210663 -2.937926 -326.663147
v 484.210663 -0.371767 -326.663147
v 479.222290 -0.371767 -325.829407
v 552.243408 -3.261030 -85.650970
v 552.253235 -3.261030 -80.593399
v 552.253235 -0.694871 -80.593399
v 552.243408 -0.694871 -85.650970
v 552.263062 -3.261030 -75.535828
v 552.263062 -0.694871 -75.535828
v 552.272888 -3.261029 -70.478256
v 552.272888 -0.694870 -70.478256
v 552.282715 -3.261029 -65.420685
v 552.282715 -0.694870 -65.420685
v 552.292542 -3.261029 -60.363113
v 552.292542 -0.694870 -60.363113
v 552.302368 -3.261028 -55.305542
v 552.302368 -0.694869 -55.305542
v 552.312195 -3.261028 -50.247978
v 552.312195 -0.694869 -50.247978
v 554.041077 -3.261031 -87.273155
v 554.050903 -3.261030 -82.215584
v 554.050903 -0.694871 -82.215584
v 554.041077 -0.694872 -87.273155
v 554.070557 -3.261029 -72.100441
v 554.080383 -3.261029 -67.042870
v 554.080383 -0.694870 -67.042870
v 554.070557 -0.694870 -72.100441
v 555.507568 -3.261028 -52.612606
v 555.507568 -0.694869 -52.612606
v 555.497742 -0.694869 -57.670177
v 555.497742 -3.261028 -57.670177
v 555.487854 -0.694870 -62.727745
v 555.487854 -3.261029 -62.727745
v 555.478027 -0.694870 -67.785316
v 555.478027 -3.261029 -67.785316
v 555.468201 -0.694870 -72.842888
v 555.468201 -3.261029 -72.842888
v 555.458374 -0.694871 -77.900459
v 555.458374 -3.261030 -77.900459
v 555.448547 -0.694871 -82.958031
v 555.448547 -3.261030 -82.958031
v 555.438721 -0.694872 -88.015602
v 555.438721 -3.261031 -88.015602
v 553.326660 -3.261030 -80.517418
v 553.336487 -3.261030 -75.459846
v 553.336487 -0.694871 -75.459846
v 553.326660 -0.694871 -80.517418
v 553.375488 -3.261028 -55.415409
v 553.385315 -3.261028 -50.357841
v 553.385315 -0.694869 -50.357838
v 553.375488 -0.694869 -55.415413
v 553.395142 -3.261027 -45.300266
v 553.395142 -0.694868 -45.300266
v 553.352539 -3.261029 -67.195412
v 553.362366 -3.261029 -62.137840
v 553.362366 -0.694870 -62.137840
v 553.352539 -0.694870 -67.195412
v 553.372192 -3.261028 -57.080269
v 553.372192 -0.694869 -57.080269
v 556.994263 -3.261030 -80.603806
v 551.957458 -3.261030 -81.061577
v 551.957458 -0.694871 -81.061577
v 556.994263 -0.694871 -80.603806
v 557.043762 -3.261028 -55.165115
v 552.006897 -3.261028 -55.622887
v 552.006897 -0.694869 -55.622887
v 557.043762 -0.694869 -55.165115
v 557.020081 -3.261029 -67.320999
v 551.983276 -3.261029 -67.778763
v 551.983276 -0.694870 -67.778763
v 557.020081 -0.694870 -67.320999
v 458.621643 -3.279922 -108.937660
v 461.181458 -3.279922 -113.299576
v 461.181458 -0.713764 -113.299576
v 458.621643 -0.713763 -108.937660
v 463.741333 -3.279923 -117.661484
v 463.741333 -0.713764 -117.661484
v 466.301178 -3.279922 -122.023407
v 466.301178 -0.713764 -122.023407
v 468.861023 -3.279922 -126.385315
v 468.861023 -0.713765 -126.385315
v 471.420868 -3.279923 -130.747223
v 471.420868 -0.713765 -130.747238
v 473.980713 -3.279923 -135.109161
v 473.980713 -0.713765 -135.109161
v 476.540558 -3.279923 -139.471069
v 476.540558 -0.713766 -139.471069
v 456.249207 -3.279922 -108.453110
v 458.809052 -3.279922 -112.815018
v 458.809052 -0.713764 -112.815018
v 456.249207 -0.713763 -108.453110
v 463.928741 -3.279923 -121.538849
v 466.488586 -3.279923 -125.900757
v 466.488586 -0.713764 -125.900757
v 463.928741 -0.713764 -121.538849
v 472.587097 -3.279924 -139.056656
v 472.587097 -0.713766 -139.056656
v 470.027252 -0.713765 -134.694733
v 470.027252 -3.279924 -134.694733
v 467.467407 -0.713765 -130.332825
v 467.467407 -3.279924 -130.332825
v 464.907562 -0.713765 -125.970917
v 464.907562 -3.279923 -125.970917
v 462.347717 -0.713764 -121.608994
v 462.347717 -3.279923 -121.608994
v 459.787842 -0.713764 -117.247086
v 459.787842 -3.279923 -117.247086
v 457.228027 -0.713764 -112.885170
v 457.228027 -3.279922 -112.885170
v 454.668152 -0.713763 -108.523254
v 454.668152 -3.279922 -108.523254
v 460.295349 -3.279922 -113.910141
v 462.855194 -3.279923 -118.272064
v 462.855194 -0.713764 -118.272064
v 460.295349 -0.713764 -113.910141
v 473.000519 -3.279924 -135.559433
v 475.560364 -3.279924 -139.921341
v 475.560364 -0.713766 -139.921356
v 473.000519 -0.713765 -135.559433
v 478.120209 -3.279924 -144.283264
v 478.120209 -0.713766 -144.283264
v 467.038147 -3.279922 -125.399734
v 469.598022 -3.279924 -129.761658
v 469.598022 -0.713765 -129.761658
v 467.038147 -0.713764 -125.399734
v 472.157867 -3.279924 -134.123566
v 472.157867 -0.713765 -134.123566
v 457.091949 -3.279922 -115.698196
v 461.198517 -3.279922 -112.746063
v 461.198517 -0.713764 -112.746063
v 457.091919 -0.713764 -115.698204
v 469.967529 -3.279923 -137.637863
v 474.074097 -3.279924 -134.685730
v 474.074097 -0.713765 -134.685730
v 469.967529 -0.713765 -137.637863
v 463.814941 -3.279923 -127.153992
v 467.921509 -3.279923 -124.201859
v 467.921509 -0.713764 -124.201859
v 463.814941 -0.713765 -127.153992
v 432.813019 -3.279918 -71.809837
v 435.372864 -3.279919 -76.171753
v 435.372864 -0.713761 -76.171753
v 432.813019 -0.713760 -71.809837
v 437.932709 -3.279919 -80.533669
v 437.932709 -0.713761 -80.533669
v 440.492554 -3.279920 -84.895584
v 440.492554 -0.713761 -84.895584
v 443.052399 -3.279920 -89.257500
v 443.052399 -0.713762 -89.257500
v 445.612244 -3.279920 -93.619415
v 445.612244 -0.713762 -93.619415
v 448.172089 -3.279920 -97.981331
v 448.172089 -0.713762 -97.981331
v 450.731934 -3.279921 -102.343246
v 450.731934 -0.713763 -102.343239
v 430.440582 -3.279918 -71.325279
v 433.000427 -3.279919 -75.687195
v 433.000427 -0.713761 -75.687195
v 430.440582 -0.713760 -71.325279
v 438.120117 -3.279920 -84.411026
v 440.679993 -3.279921 -88.772942
v 440.679993 -0.713763 -88.772942
v 438.120117 -0.713761 -84.411026
v 446.778473 -3.279922 -101.928833
v 446.778473 -0.713763 -101.928833
v 444.218628 -0.713762 -97.566917
v 444.218628 -3.279921 -97.566917
v 441.658783 -0.713762 -93.205009
v 441.658783 -3.279921 -93.205009
v 439.098938 -0.713762 -88.843094
v 439.098938 -3.279921 -88.843094
v 436.539062 -0.713761 -84.481178
v 436.539093 -3.279920 -84.481178
v 433.979248 -0.713761 -80.119263
v 433.979248 -3.279920 -80.119263
v 431.419373 -0.713761 -75.757347
v 431.419373 -3.279920 -75.757347
v 428.859558 -0.713760 -71.395432
v 428.859558 -3.279919 -71.395432
v 434.486725 -3.279920 -76.782326
v 437.046570 -3.279920 -81.144241
v 437.046570 -0.713761 -81.144241
v 434.486725 -0.713761 -76.782326
v 447.191895 -3.279920 -98.431610
v 449.751740 -3.279922 -102.793526
v 449.751740 -0.713763 -102.793533
v 447.191895 -0.713762 -98.431610
v 452.311584 -3.279922 -107.155441
v 452.311584 -0.713763 -107.155441
v 441.229553 -3.279921 -88.271919
v 443.789398 -3.279921 -92.633835
v 443.789398 -0.713762 -92.633835
v 441.229553 -0.713762 -88.271919
v 446.349243 -3.279921 -96.995743
v 446.349243 -0.713762 -96.995750
v 431.283325 -3.279920 -78.570381
v 435.389893 -3.279920 -75.618248
v 435.389893 -0.713761 -75.618248
v 431.283325 -0.713761 -78.570381
v 444.158905 -3.279922 -100.510040
v 448.265472 -3.279921 -97.557907
v 448.265472 -0.713762 -97.557907
v 444.158905 -0.713763 -100.510040
v 438.006287 -3.279921 -90.026176
v 442.112885 -3.279921 -87.074043
v 442.112885 -0.713762 -87.074043
v 438.006287 -0.713762 -90.026176
v 417.788330 -3.279917 -37.251976
v 420.348206 -3.279917 -41.613888
v 420.348206 -0.713758 -41.613888
v 417.788330 -0.713758 -37.251976
v 422.908051 -3.279917 -45.975807
v 422.908051 -0.713758 -45.975807
v 425.467896 -3.279918 -50.337719
v 425.467896 -0.713759 -50.337719
v 428.027740 -3.279917 -54.699635
v 428.027740 -0.713759 -54.699635
v 430.587585 -3.279917 -59.061550
v 430.587585 -0.713759 -59.061550
v 433.147430 -3.279918 -63.423466
v 433.147430 -0.713760 -63.423466
v 435.707275 -3.279918 -67.785378
v 435.707275 -0.713760 -67.785378
v 415.415924 -3.279916 -36.767418
v 417.975769 -3.279916 -41.129333
v 417.975769 -0.713758 -41.129333
v 415.415924 -0.713758 -36.767418
v 423.095459 -3.279917 -49.853161
v 425.655334 -3.279917 -54.215076
v 425.655334 -0.713759 -54.215073
v 423.095459 -0.713759 -49.853161
v 431.753815 -3.279919 -67.370972
v 431.753815 -0.713760 -67.370972
v 429.193970 -0.713760 -63.009056
v 429.193970 -3.279919 -63.009056
v 426.634125 -0.713759 -58.647144
v 426.634125 -3.279918 -58.647141
v 424.074280 -0.713759 -54.285229
v 424.074280 -3.279917 -54.285229
v 421.514435 -0.713759 -49.923309
v 421.514435 -3.279917 -49.923309
v 418.954590 -0.713758 -45.561398
v 418.954590 -3.279916 -45.561398
v 416.394714 -0.713758 -41.199482
v 416.394714 -3.279917 -41.199482
v 413.834900 -0.713758 -36.837566
v 413.834900 -3.279917 -36.837566
v 419.462067 -3.279917 -42.224457
v 422.021912 -3.279917 -46.586372
v 422.021912 -0.713759 -46.586372
v 419.462067 -0.713758 -42.224457
v 432.167236 -3.279919 -63.873741
v 434.727081 -3.279919 -68.235657
v 434.727081 -0.713760 -68.235657
v 432.167236 -0.713760 -63.873741
v 437.286926 -3.279918 -72.597572
v 437.286926 -0.713760 -72.597572
v 426.204895 -3.279918 -53.714054
v 428.764740 -3.279918 -58.075966
v 428.764740 -0.713759 -58.075966
v 426.204895 -0.713759 -53.714054
v 431.324585 -3.279919 -62.437881
v 431.324585 -0.713760 -62.437881
v 416.258667 -3.279916 -44.012520
v 420.365234 -3.279917 -41.060383
v 420.365234 -0.713758 -41.060383
v 416.258667 -0.713758 -44.012520
v 429.134247 -3.279918 -65.952179
v 433.240814 -3.279918 -63.000042
v 433.240814 -0.713760 -63.000042
v 429.134247 -0.713760 -65.952179
v 422.981628 -3.279917 -55.468307
v 427.088226 -3.279918 -52.516174
v 427.088226 -0.713759 -52.516174
v 422.981628 -0.713759 -55.468307
v 551.353516 -3.261026 -21.895607
v 551.363342 -3.261025 -16.838032
v 551.363342 -0.694866 -16.838032
v 551.353516 -0.694867 -21.895607
v 551.373230 -3.261025 -11.780464
v 551.373230 -0.694866 -11.780464
v 551.383057 -3.261024 -6.722893
v 551.383057 -0.694866 -6.722893
v 551.392883 -3.261024 -1.665329
v 551.392883 -0.694865 -1.665329
v 551.402710 -3.261024 3.392250
v 551.402710 -0.694865 3.392250
v 551.412537 -3.261023 8.449821
v 551.412537 -0.694864 8.449821
v 551.422363 -3.261023 13.507393
v 551.422363 -0.694864 13.507393
v 553.151245 -3.261026 -23.517788
v 553.161072 -3.261025 -18.460217
v 553.161072 -0.694866 -18.460217
v 553.151245 -0.694867 -23.517788
v 553.180725 -3.261025 -8.345078
v 553.190552 -3.261024 -3.287506
v 553.190552 -0.694865 -3.287506
v 553.180725 -0.694866 -8.345078
v 554.617676 -3.261023 11.142761
v 554.617676 -0.694864 11.142761
v 554.607849 -0.694865 6.085190
v 554.607849 -3.261024 6.085190
v 554.598022 -0.694865 1.027618
v 554.598022 -3.261024 1.027618
v 554.588196 -0.694865 -4.029945
v 554.588196 -3.261024 -4.029944
v 554.578369 -0.694866 -9.087524
v 554.578369 -3.261025 -9.087524
v 554.568542 -0.694866 -14.145096
v 554.568542 -3.261025 -14.145096
v 554.558716 -0.694866 -19.202667
v 554.558716 -3.261025 -19.202667
v 554.548889 -0.694867 -24.260239
v 554.548889 -3.261026 -24.260239
v 552.436829 -3.261025 -16.762051
v 552.446655 -3.261025 -11.704475
v 552.446655 -0.694866 -11.704475
v 552.436829 -0.694866 -16.762051
v 552.485596 -3.261024 3.300438
v 552.495422 -3.261023 8.358002
v 552.495422 -0.694864 8.358009
v 552.485596 -0.694865 3.300438
v 552.505249 -3.261023 13.415581
v 552.505249 -0.694864 13.415581
v 552.462708 -3.261024 -3.440048
v 552.472534 -3.261024 1.617523
v 552.472534 -0.694865 1.617523
v 552.462708 -0.694865 -3.440048
v 552.482361 -3.261024 6.675103
v 552.482361 -0.694865 6.675102
v 556.104431 -3.261025 -16.848438
v 551.067627 -3.261025 -17.306210
v 551.067627 -0.694866 -17.306210
v 556.104431 -0.694866 -16.848438
v 556.153870 -3.261023 8.590248
v 551.117065 -3.261023 8.132477
v 551.117065 -0.694864 8.132477
v 556.153870 -0.694864 8.590248
v 556.130249 -3.261024 -3.565628
v 551.093445 -3.261024 -4.023398
v 551.093445 -0.694865 -4.023399
v 556.130249 -0.694865 -3.565628
v 411.695801 -3.125942 16.261192
v 406.638367 -3.125942 16.295258
v 406.638367 -0.559784 16.295258
v 411.695801 -0.559784 16.261192
v 401.580872 -3.125942 16.329338
v 401.580872 -0.559784 16.329338
v 396.523438 -3.125942 16.363426
v 396.523438 -0.559784 16.363426
v 391.465942 -3.125942 16.397499
v 391.465942 -0.559784 16.397499
v 386.408508 -3.125942 16.431572
v 386.408508 -0.559784 16.431572
v 381.351013 -3.125942 16.465668
v 381.351013 -0.559784 16.465668
v 376.293579 -3.125942 16.499756
v 376.293579 -0.559784 16.499756
v 413.326599 -3.125942 18.051086
v 408.269104 -3.125942 18.085152
v 408.269104 -0.559784 18.085152
v 413.326599 -0.559784 18.051086
v 398.154175 -3.125942 18.153320
v 393.096741 -3.125942 18.187401
v 393.096741 -0.559784 18.187401
v 398.154175 -0.559784 18.153320
v 378.673492 -3.125942 19.683716
v 378.673492 -0.559784 19.683716
v 383.730957 -0.559784 19.649643
v 383.730957 -3.125942 19.649643
v 388.788422 -0.559784 19.615562
v 388.788422 -3.125942 19.615562
v 393.845886 -0.559784 19.581482
v 393.845886 -3.125942 19.581482
v 398.903320 -0.559784 19.547386
v 398.903320 -3.125942 19.547386
v 403.960815 -0.559784 19.513306
v 403.960815 -3.125942 19.513306
v 409.018280 -0.559784 19.479248
v 409.018280 -3.125942 19.479248
v 414.075745 -0.559784 19.445152
v 414.075745 -3.125942 19.445152
v 406.567505 -3.125942 17.369049
v 401.510040 -3.125942 17.403130
v 401.510040 -0.559784 17.403130
v 406.567505 -0.559784 17.369049
v 381.466003 -3.125942 17.538216
v 376.408569 -3.125942 17.572296
v 376.408569 -0.559784 17.572296
v 381.466003 -0.559784 17.538216
v 371.351074 -3.125942 17.606361
v 371.351074 -0.559784 17.606361
v 393.245789 -3.125942 17.458817
v 388.188324 -3.125942 17.492912
v 388.188324 -0.559784 17.492912
v 393.245789 -0.559784 17.458817
v 383.130859 -3.125942 17.526985
v 383.130859 -0.559784 17.526985
v 406.671509 -3.125941 21.036217
v 407.105103 -3.125942 15.997261
v 407.105103 -0.559784 15.997261
v 406.671509 -0.559783 21.036217
v 381.233307 -3.125941 21.207642
v 381.666931 -3.125942 16.168678
v 381.666931 -0.559784 16.168678
v 381.233307 -0.559783 21.207642
v 393.388947 -3.125941 21.125740
v 393.822571 -3.125942 16.086769
v 393.822571 -0.559784 16.086769
v 393.388947 -0.559783 21.125740
v 470.399994 -3.125941 23.966743
v 465.342529 -3.125941 24.000816
v 465.342529 -0.559783 24.000816
v 470.399994 -0.559783 23.966743
v 460.285065 -3.125941 24.034889
v 460.285065 -0.559783 24.034889
v 455.227600 -3.125941 24.068977
v 455.227600 -0.559783 24.068977
v 450.170135 -3.125941 24.103058
v 450.170135 -0.559783 24.103058
v 445.112671 -3.125941 24.137123
v 445.112671 -0.559783 24.137123
v 440.055206 -3.125941 24.171219
v 440.055206 -0.559783 24.171219
v 434.997742 -3.125941 24.205307
v 434.997742 -0.559783 24.205307
v 472.030792 -3.125941 25.756638
v 466.973328 -3.125941 25.790703
v 466.973328 -0.559783 25.790703
v 472.030762 -0.559783 25.756638
v 456.858368 -3.125941 25.858879
v 451.800934 -3.125941 25.892967
v 451.800934 -0.559783 25.892967
v 456.858368 -0.559783 25.858879
v 437.377686 -3.125941 27.389252
v 437.377686 -0.559783 27.389252
v 442.435120 -0.559783 27.355186
v 442.435120 -3.125941 27.355186
v 447.492584 -0.559783 27.321098
v 447.492584 -3.125941 27.321098
v 452.550049 -0.559783 27.287018
v 452.550049 -3.125941 27.287018
v 457.607513 -0.559783 27.252922
v 457.607513 -3.125941 27.252922
v 462.665009 -0.559783 27.218849
v 462.665009 -3.125941 27.218849
v 467.722443 -0.559783 27.184784
v 467.722443 -3.125941 27.184784
v 472.779907 -0.559783 27.150688
v 472.779907 -3.125941 27.150688
v 465.271698 -3.125941 25.074608
v 460.214233 -3.125941 25.108696
v 460.214233 -0.559783 25.108696
v 465.271698 -0.559783 25.074608
v 440.170227 -3.125941 25.243752
v 435.112762 -3.125941 25.277832
v 435.112762 -0.559783 25.277832
v 440.170227 -0.559783 25.243752
v 430.055298 -3.125941 25.311905
v 430.055298 -0.559783 25.311905
v 451.949951 -3.125941 25.164368
v 446.892517 -3.125941 25.198463
v 446.892517 -0.559783 25.198463
v 451.949951 -0.559783 25.164368
v 441.835022 -3.125941 25.232536
v 441.835022 -0.559783 25.232536
v 465.375671 -3.125941 28.741768
v 465.809296 -3.125941 23.702820
v 465.809296 -0.559783 23.702820
v 465.375671 -0.559783 28.741768
v 439.937500 -3.125941 28.913193
v 440.371124 -3.125941 23.874237
v 440.371124 -0.559783 23.874237
v 439.937500 -0.559783 28.913193
v 452.093140 -3.125941 28.831276
v 452.526733 -3.125941 23.792313
v 452.526733 -0.559783 23.792313
v 452.093140 -0.559783 28.831276
v 493.259338 -3.261035 -149.780869
v 498.292450 -3.261035 -150.277924
v 498.292450 -0.694876 -150.277924
v 493.259338 -0.694876 -149.780869
v 503.325531 -3.261035 -150.774994
v 503.325531 -0.694876 -150.774994
v 508.358643 -3.261035 -151.272049
v 508.358643 -0.694876 -151.272049
v 513.391724 -3.261035 -151.769104
v 513.391724 -0.694876 -151.769119
v 518.424805 -3.261035 -152.266174
v 518.424805 -0.694876 -152.266174
v 523.457947 -3.261035 -152.763229
v 523.457947 -0.694876 -152.763229
v 528.491028 -3.261036 -153.260300
v 528.491028 -0.694877 -153.260300
v 491.471497 -3.261035 -151.413895
v 496.504608 -3.261035 -151.910965
v 496.504608 -0.694876 -151.910965
v 491.471497 -0.694876 -151.413895
v 506.570801 -3.261035 -152.905090
v 511.603882 -3.261036 -153.402145
v 511.603882 -0.694877 -153.402145
v 506.570801 -0.694877 -152.905090
v 525.829529 -3.261036 -156.212936
v 525.829529 -0.694877 -156.212936
v 520.796448 -0.694877 -155.715881
v 520.796448 -3.261036 -155.715881
v 515.763367 -0.694877 -155.218811
v 515.763367 -3.261036 -155.218811
v 510.730255 -0.694877 -154.721756
v 510.730255 -3.261036 -154.721756
v 505.697144 -0.694877 -154.224686
v 505.697144 -3.261036 -154.224686
v 500.664062 -0.694877 -153.727631
v 500.664062 -3.261036 -153.727631
v 495.630951 -0.694877 -153.230576
v 495.630951 -3.261036 -153.230576
v 490.597870 -0.694876 -152.733505
v 490.597870 -3.261035 -152.733505
v 498.264648 -3.261035 -151.353683
v 503.297760 -3.261035 -151.850754
v 503.297760 -0.694876 -151.850754
v 498.264648 -0.694876 -151.353683
v 523.245178 -3.261036 -153.820724
v 528.278259 -3.261036 -154.317795
v 528.278259 -0.694877 -154.317795
v 523.245178 -0.694877 -153.820724
v 533.311401 -3.261036 -154.814850
v 533.311401 -0.694877 -154.814850
v 511.522186 -3.261035 -152.662979
v 516.555298 -3.261035 -153.160049
v 516.555298 -0.694877 -153.160049
v 511.522186 -0.694876 -152.662979
v 521.588379 -3.261036 -153.657104
v 521.588379 -0.694877 -153.657104
v 497.825317 -3.261036 -154.995926
v 497.854950 -3.261035 -149.938431
v 497.854950 -0.694876 -149.938446
v 497.825317 -0.694877 -154.995926
v 523.140869 -3.261036 -157.496063
v 523.170532 -3.261035 -152.438568
v 523.170532 -0.694876 -152.438568
v 523.140869 -0.694877 -157.496063
v 511.043823 -3.261036 -156.301376
v 511.073456 -3.261035 -151.243881
v 511.073456 -0.694876 -151.243881
v 511.043823 -0.694877 -156.301376
v 563.244080 -3.261038 -179.926208
v 564.500000 -3.261037 -175.027054
v 564.500000 -0.694879 -175.027054
v 563.244080 -0.694880 -179.926208
v 565.755920 -3.261037 -170.127884
v 565.755920 -0.694879 -170.127884
v 567.011902 -3.261036 -165.228729
v 567.011902 -0.694878 -165.228729
v 568.267822 -3.261036 -160.329575
v 568.267822 -0.694878 -160.329575
v 569.523743 -3.261036 -155.430405
v 569.523743 -0.694878 -155.430405
v 570.779663 -3.261035 -150.531250
v 570.779663 -0.694877 -150.531250
v 572.035583 -3.261035 -145.632095
v 572.035583 -0.694877 -145.632095
v 564.586548 -3.261038 -181.941391
v 565.842468 -3.261037 -177.042221
v 565.842468 -0.694879 -177.042221
v 564.586548 -0.694879 -181.941391
v 568.354370 -3.261037 -167.243912
v 569.610291 -3.261036 -162.344757
v 569.610291 -0.694877 -162.344757
v 568.354370 -0.694878 -167.243912
v 574.549622 -3.261035 -148.711258
v 574.549622 -0.694876 -148.711258
v 573.293701 -0.694877 -153.610428
v 573.293701 -3.261036 -153.610428
v 572.037781 -0.694877 -158.509583
v 572.037781 -3.261036 -158.509583
v 570.781860 -0.694877 -163.408737
v 570.781860 -3.261036 -163.408737
v 569.525879 -0.694878 -168.307892
v 569.525879 -3.261037 -168.307892
v 568.269958 -0.694878 -173.207062
v 568.269958 -3.261037 -173.207062
v 567.014038 -0.694878 -178.106216
v 567.014038 -3.261037 -178.106216
v 565.758118 -0.694879 -183.005371
v 565.758118 -3.261038 -183.005371
v 565.559082 -3.261037 -175.217941
v 566.815002 -3.261037 -170.318787
v 566.815002 -0.694878 -170.318787
v 565.559082 -0.694878 -175.217941
v 571.792603 -3.261035 -150.902176
v 573.048523 -3.261035 -146.003021
v 573.048523 -0.694876 -146.003021
v 571.792603 -0.694876 -150.902176
v 574.304443 -3.261035 -141.103867
v 574.304443 -0.694876 -141.103867
v 568.867310 -3.261036 -162.313202
v 570.123230 -3.261036 -157.414047
v 570.123230 -0.694878 -157.414047
v 568.867310 -0.694877 -162.313202
v 571.379150 -3.261035 -152.514893
v 571.379150 -0.694878 -152.514893
v 569.092285 -3.261037 -176.205536
v 564.098022 -3.261037 -175.407898
v 564.098022 -0.694878 -175.407898
v 569.092285 -0.694878 -176.205536
v 575.409424 -3.261035 -151.563629
v 570.415100 -3.261035 -150.765991
v 570.415100 -0.694876 -150.765991
v 575.409424 -0.694876 -151.563629
v 572.390747 -3.261036 -163.338760
v 567.396484 -3.261036 -162.541122
v 567.396484 -0.694877 -162.541122
v 572.390747 -0.694877 -163.338760
v 576.526123 -3.261034 -133.961731
v 576.536011 -3.261034 -128.904160
v 576.536011 -0.694876 -128.904160
v 576.526123 -0.694876 -133.961731
v 576.545837 -3.261033 -123.846588
v 576.545837 -0.694874 -123.846588
v 576.555664 -3.261033 -118.789017
v 576.555664 -0.694875 -118.789017
v 576.565491 -3.261033 -113.731445
v 576.565491 -0.694875 -113.731445
v 576.575317 -3.261032 -108.673874
v 576.575317 -0.694874 -108.673874
v 576.585144 -3.261032 -103.616302
v 576.585144 -0.694874 -103.616302
v 576.594971 -3.261031 -98.558731
v 576.594971 -0.694873 -98.558731
v 578.323853 -3.261034 -135.583908
v 578.333679 -3.261034 -130.526337
v 578.333679 -0.694875 -130.526337
v 578.323853 -0.694875 -135.583908
v 578.353333 -3.261033 -120.411201
v 578.363159 -3.261033 -115.353630
v 578.363159 -0.694875 -115.353630
v 578.353333 -0.694874 -120.411194
v 579.790283 -3.261032 -100.923370
v 579.790283 -0.694873 -100.923370
v 579.780457 -0.694873 -105.980942
v 579.780457 -3.261032 -105.980942
v 579.770630 -0.694873 -111.038498
v 579.770630 -3.261032 -111.038498
v 579.760803 -0.694874 -116.096077
v 579.760803 -3.261033 -116.096077
v 579.750977 -0.694874 -121.153648
v 579.750977 -3.261033 -121.153648
v 579.741150 -0.694875 -126.211220
v 579.741150 -3.261034 -126.211220
v 579.731323 -0.694875 -131.268784
v 579.731323 -3.261034 -131.268784
v 579.721497 -0.694875 -136.326355
v 579.721497 -3.261034 -136.326355
v 577.609436 -3.261034 -128.828171
v 577.619263 -3.261033 -123.770599
v 577.619263 -0.694875 -123.770599
v 577.609436 -0.694876 -128.828171
v 577.658203 -3.261032 -106.306824
v 577.668030 -3.261032 -101.249260
v 577.668030 -0.694874 -101.249252
v 577.658203 -0.694874 -106.306831
v 577.677856 -3.261031 -96.191689
v 577.677856 -0.694873 -96.191689
v 577.635315 -3.261033 -115.506165
v 577.645142 -3.261032 -110.448593
v 577.645142 -0.694873 -110.448593
v 577.635315 -0.694875 -115.506165
v 577.654968 -3.261032 -105.391022
v 577.654968 -0.694873 -105.391022
v 581.277039 -3.261034 -128.914566
v 576.240234 -3.261034 -129.372330
v 576.240234 -0.694875 -129.372330
v 581.277039 -0.694875 -128.914566
v 581.326477 -3.261032 -103.475876
v 576.289673 -3.261032 -103.933640
v 576.289673 -0.694873 -103.933640
v 581.326477 -0.694873 -103.475876
v 581.302856 -3.261033 -115.631752
v 576.266052 -3.261033 -116.089523
v 576.266052 -0.694874 -116.089523
v 581.302856 -0.694875 -115.631752
v 303.599945 -2.631406 30.085001
v 298.542480 -2.631407 30.119072
v 298.542480 -0.065248 30.119072
v 303.599945 -0.065248 30.085001
v 293.485016 -2.631407 30.153149
v 293.485016 -0.065249 30.153149
v 288.427551 -2.631407 30.187235
v 288.427551 -0.065250 30.187235
v 283.370117 -2.631409 30.221312
v 283.370117 -0.065250 30.221312
v 278.312653 -2.631409 30.255381
v 278.312653 -0.065251 30.255381
v 273.255127 -2.631410 30.289474
v 273.255127 -0.065252 30.289474
v 268.197693 -2.631410 30.323559
v 268.197693 -0.065252 30.323559
v 305.230713 -2.631406 31.874895
v 300.173279 -2.631407 31.908964
v 300.173279 -0.065248 31.908964
v 305.230713 -0.065247 31.874895
v 290.058319 -2.631407 31.977135
v 285.000885 -2.631407 32.011219
v 285.000885 -0.065250 32.011219
v 290.058319 -0.065249 31.977135
v 270.577637 -2.631409 33.507523
v 270.577637 -0.065251 33.507523
v 275.635071 -0.065250 33.473454
v 275.635071 -2.631409 33.473454
v 280.692535 -0.065250 33.439365
v 280.692535 -2.631408 33.439365
v 285.750031 -0.065249 33.405289
v 285.750031 -2.631407 33.405289
v 290.807465 -0.065248 33.371197
v 290.807465 -2.631407 33.371197
v 295.864960 -0.065248 33.337120
v 295.864960 -2.631406 33.337120
v 300.922424 -0.065247 33.303059
v 300.922424 -2.631405 33.303059
v 305.979889 -0.065247 33.268963
v 305.979889 -2.631405 33.268963
v 298.471649 -2.631407 31.192865
v 293.414185 -2.631407 31.226950
v 293.414185 -0.065249 31.226950
v 298.471619 -0.065249 31.192865
v 273.370178 -2.631410 31.362022
v 268.312744 -2.631410 31.396099
v 268.312744 -0.065252 31.396099
v 273.370178 -0.065251 31.362022
v 263.255249 -2.631411 31.430168
v 263.255219 -0.065253 31.430168
v 285.149902 -2.631407 31.282627
v 280.092468 -2.631409 31.316719
v 280.092468 -0.065251 31.316719
v 285.149902 -0.065250 31.282627
v 275.035004 -2.631409 31.350790
v 275.035004 -0.065251 31.350790
v 298.575653 -2.631406 34.860027
v 299.009247 -2.631407 29.821075
v 299.009247 -0.065248 29.821075
v 298.575653 -0.065248 34.860027
v 273.137451 -2.631409 35.031448
v 273.571106 -2.631410 29.992489
v 273.571106 -0.065252 29.992489
v 273.137451 -0.065250 35.031448
v 285.293121 -2.631407 34.949547
v 285.726715 -2.631408 29.910578
v 285.726715 -0.065250 29.910578
v 285.293121 -0.065249 34.949547
v 267.084686 -2.631406 21.229141
v 262.027222 -2.631407 21.263210
v 262.027222 -0.065248 21.263210
v 267.084686 -0.065248 21.229141
v 256.969757 -2.631407 21.297289
v 256.969757 -0.065249 21.297289
v 251.912277 -2.631408 21.331373
v 251.912277 -0.065250 21.331373
v 246.854843 -2.631409 21.365452
v 246.854843 -0.065250 21.365452
v 241.797363 -2.631409 21.399521
v 241.797363 -0.065251 21.399521
v 236.739868 -2.631410 21.433613
v 236.739868 -0.065252 21.433613
v 231.682434 -2.631410 21.467699
v 231.682434 -0.065252 21.467699
v 268.715454 -2.631406 23.019035
v 263.658020 -2.631407 23.053104
v 263.658020 -0.065248 23.053104
v 268.715454 -0.065247 23.019035
v 253.543045 -2.631408 23.121275
v 248.485611 -2.631408 23.155361
v 248.485611 -0.065250 23.155361
v 253.543045 -0.065249 23.121275
v 234.062378 -2.631410 24.651661
v 234.062378 -0.065252 24.651661
v 239.119812 -0.065251 24.617592
v 239.119812 -2.631410 24.617592
v 244.177277 -0.065251 24.583508
v 244.177277 -2.631409 24.583508
v 249.234756 -0.065250 24.549429
v 249.234756 -2.631408 24.549429
v 254.292191 -0.065249 24.515337
v 254.292191 -2.631408 24.515337
v 259.349701 -0.065249 24.481258
v 259.349701 -2.631407 24.481258
v 264.407166 -0.065248 24.447197
v 264.407166 -2.631406 24.447197
v 269.464630 -0.065248 24.413105
v 269.464630 -2.631406 24.413105
v 261.956390 -2.631407 22.337006
v 256.898926 -2.631407 22.371090
v 256.898926 -0.065249 22.371090
v 261.956360 -0.065249 22.337006
v 236.854904 -2.631410 22.506161
v 231.797470 -2.631411 22.540237
v 231.797470 -0.065252 22.540237
v 236.854904 -0.065251 22.506161
v 226.739960 -2.631411 22.574308
v 226.739960 -0.065253 22.574308
v 248.634644 -2.631408 22.426765
v 243.577209 -2.631409 22.460859
v 243.577209 -0.065251 22.460859
v 248.634644 -0.065250 22.426765
v 238.519745 -2.631410 22.494930
v 238.519745 -0.065251 22.494930
v 262.060394 -2.631407 26.004168
v 262.493988 -2.631407 20.965214
v 262.493988 -0.065248 20.965214
v 262.060394 -0.065249 26.004168
v 236.622192 -2.631410 26.175589
v 237.055817 -2.631410 21.136627
v 237.055817 -0.065252 21.136627
v 236.622192 -0.065251 26.175589
v 248.777863 -2.631408 26.093685
v 249.211456 -2.631408 21.054718
v 249.211456 -0.065250 21.054718
v 248.777847 -0.065250 26.093685
v 265.646271 -1.680271 -31.167290
v 270.703552 -1.680271 -31.224342
v 270.703552 0.885887 -31.224342
v 265.646271 0.885888 -31.167290
v 275.760834 -1.680272 -31.281403
v 275.760834 0.885886 -31.281403
v 280.818054 -1.680273 -31.338470
v 280.818054 0.885885 -31.338470
v 285.875305 -1.680273 -31.395535
v 285.875305 0.885885 -31.395535
v 290.932587 -1.680274 -31.452587
v 290.932587 0.885884 -31.452587
v 295.989838 -1.680274 -31.509663
v 295.989838 0.885883 -31.509663
v 301.047089 -1.680275 -31.566730
v 301.047089 0.885883 -31.566730
v 264.007416 -1.680272 -32.949753
v 269.064606 -1.680272 -33.006805
v 269.064606 0.885886 -33.006805
v 264.007416 0.885888 -32.949753
v 279.179199 -1.680272 -33.120941
v 284.236389 -1.680274 -33.178017
v 284.236389 0.885885 -33.178017
v 279.179199 0.885885 -33.120941
v 298.652710 -1.680276 -34.739845
v 298.652710 0.885882 -34.739845
v 293.595459 0.885883 -34.682793
v 293.595459 -1.680275 -34.682793
v 288.538208 0.885884 -34.625725
v 288.538208 -1.680275 -34.625725
v 283.480957 0.885884 -34.568665
v 283.480957 -1.680274 -34.568665
v 278.423706 0.885885 -34.511589
v 278.423706 -1.680273 -34.511589
v 273.366425 0.885885 -34.454529
v 273.366394 -1.680273 -34.454529
v 268.309174 0.885886 -34.397476
v 268.309174 -1.680272 -34.397476
v 263.251892 0.885886 -34.340401
v 263.251892 -1.680272 -34.340401
v 270.769501 -1.680272 -32.298447
v 275.826752 -1.680272 -32.355515
v 275.826752 0.885886 -32.355515
v 270.769531 0.885887 -32.298447
v 295.869965 -1.680276 -32.581680
v 300.927185 -1.680276 -32.638741
v 300.927185 0.885883 -32.638741
v 295.869965 0.885884 -32.581680
v 305.984467 -1.680277 -32.695793
v 305.984467 0.885883 -32.695793
v 284.090698 -1.680274 -32.448746
v 289.147919 -1.680274 -32.505829
v 289.147919 0.885885 -32.505829
v 284.090698 0.885885 -32.448746
v 294.205170 -1.680274 -32.562881
v 294.205170 0.885884 -32.562881
v 270.648834 -1.680273 -35.965096
v 270.238129 -1.680271 -30.924229
v 270.238129 0.885887 -30.924229
v 270.648834 0.885886 -35.965096
v 296.085968 -1.680276 -36.252121
v 295.675262 -1.680274 -31.211246
v 295.675262 0.885883 -31.211246
v 296.085968 0.885882 -36.252121
v 283.930817 -1.680274 -36.114983
v 283.520111 -1.680273 -31.074093
v 283.520111 0.885885 -31.074093
v 283.930817 0.885884 -36.114983
v -7.611532 23.050940 -922.450806
v -2.553666 23.050940 -922.317688
v -2.553666 25.617098 -922.317688
v -7.611532 25.617098 -922.450806
v 2.504195 23.050940 -922.184570
v 2.504195 25.617098 -922.184570
v 7.562062 23.050941 -922.051453
v 7.562062 25.617100 -922.051453
v 12.619924 23.050941 -921.918335
v 12.619927 25.617100 -921.918335
v 17.677794 23.050941 -921.785217
v 17.677794 25.617100 -921.785217
v 22.735657 23.050941 -921.652039
v 22.735657 25.617100 -921.652100
v 27.793520 23.050941 -921.518982
v 27.793520 25.617100 -921.518982
v -9.125216 23.050940 -924.291138
v -4.067350 23.050940 -924.158020
v -4.067350 25.617098 -924.158020
v -9.125216 25.617098 -924.291138
v 6.048382 23.050940 -923.891785
v 11.106248 23.050940 -923.758667
v 11.106244 25.617098 -923.758667
v 6.048382 25.617098 -923.891785
v 25.621723 23.050940 -924.775513
v 25.621719 25.617100 -924.775513
v 20.563856 25.617098 -924.908630
v 20.563852 23.050940 -924.908630
v 15.505992 25.617098 -925.041748
v 15.505992 23.050940 -925.041748
v 10.448126 25.617098 -925.174866
v 10.448126 23.050940 -925.174866
v 5.390260 25.617098 -925.307983
v 5.390260 23.050940 -925.307983
v 0.332394 25.617098 -925.441101
v 0.332394 23.050940 -925.441101
v -4.725471 25.617098 -925.574219
v -4.725471 23.050940 -925.574219
v -9.783335 25.617098 -925.707336
v -9.783335 23.050940 -925.707336
v -2.412957 23.050940 -923.387085
v 2.644909 23.050940 -923.253967
v 2.644909 25.617098 -923.253967
v -2.412957 25.617098 -923.387085
v 22.690506 23.050940 -922.726379
v 27.748369 23.050940 -922.593262
v 27.748375 25.617098 -922.593262
v 22.690506 25.617098 -922.726379
v 32.806244 23.050940 -922.460144
v 32.806244 25.617098 -922.460144
v 10.909824 23.050940 -923.036438
v 15.967686 23.050940 -922.903320
v 15.967690 25.617098 -922.903320
v 10.909824 25.617098 -923.036438
v 21.025551 23.050940 -922.770203
v 21.025555 25.617098 -922.770203
v -2.278171 23.050940 -927.050659
v -3.039649 23.050941 -922.035645
v -3.039649 25.617100 -922.035645
v -2.278171 25.617098 -927.050659
v 23.161995 23.050940 -926.381104
v 22.400515 23.050941 -921.366089
v 22.400515 25.617100 -921.366089
v 23.161999 25.617098 -926.381104
v 11.005411 23.050940 -926.701050
v 10.243929 23.050941 -921.686035
v 10.243929 25.617100 -921.686035
v 11.005411 25.617098 -926.701050
v -80.685577 20.364201 -905.043518
v -76.123291 20.692549 -907.104126
v -76.123276 23.258707 -907.104126
v -80.685577 22.930359 -905.043518
v -71.560974 20.991129 -909.164734
v -71.560982 23.557285 -909.164734
v -66.998672 21.259941 -911.225342
v -66.998672 23.826099 -911.225342
v -62.436348 21.498987 -913.285950
v -62.436356 24.065144 -913.285950
v -57.874046 21.708265 -915.346558
v -57.874046 24.274424 -915.346558
v -53.311733 21.887775 -917.407166
v -53.311737 24.453934 -917.407166
v -48.749439 22.037519 -919.467773
v -48.749435 24.603678 -919.467773
v -82.805153 20.252825 -906.059814
v -78.242844 20.590700 -908.120422
v -78.242836 23.156858 -908.120422
v -82.805145 22.818983 -906.059814
v -69.118225 21.177145 -912.241638
v -64.555916 21.425718 -914.302246
v -64.555916 23.991877 -914.302246
v -69.118217 23.743303 -912.241638
v -52.048561 21.971395 -921.484558
v -52.048565 24.537554 -921.484558
v -56.610874 24.373928 -919.423950
v -56.610878 21.807772 -919.423950
v -61.173180 24.180538 -917.363342
v -61.173180 21.614380 -917.363342
v -65.735481 23.957378 -915.302734
v -65.735481 21.391220 -915.302734
v -70.297791 23.704453 -913.242126
v -70.297791 21.138294 -913.242126
v -74.860100 23.421759 -911.181519
v -74.860100 20.855600 -911.181519
v -79.422409 23.109299 -909.120911
v -79.422409 20.543140 -909.120911
v -83.984726 22.767071 -907.060303
v -83.984726 20.200912 -907.060303
v -76.445839 20.697384 -908.134705
v -71.883530 20.995504 -910.195312
v -71.883522 23.561663 -910.195312
v -76.445839 23.263542 -908.134705
v -53.801949 21.884260 -918.362000
v -49.239643 22.034639 -920.422607
v -49.239643 24.600796 -920.422607
v -53.801956 24.450418 -918.362000
v -44.677338 22.155249 -922.483215
v -44.677334 24.721407 -922.483215
v -64.428398 21.418591 -913.562439
v -59.866089 21.638302 -915.623047
v -59.866085 24.204460 -915.623047
v -64.428398 23.984749 -913.562439
v -55.303787 21.828247 -917.683655
v -55.303780 24.394405 -917.683655
v -77.860321 20.692474 -911.515442
v -76.438171 20.663368 -906.638794
v -76.438164 23.229527 -906.638794
v -77.860321 23.258633 -911.515442
v -54.912720 21.892633 -921.879944
v -53.490562 21.877369 -917.003235
v -53.490570 24.443525 -917.003235
v -54.912720 24.458792 -921.879944
v -65.878227 21.413088 -916.927307
v -64.456070 21.391209 -912.050598
v -64.456070 23.957367 -912.050598
v -65.878235 23.979246 -916.927307
v -45.461628 22.063995 -920.717529
v -40.362022 22.211452 -921.090759
v -40.362022 24.777611 -921.090759
v -45.461628 24.630154 -920.717529
v -35.262417 22.327946 -921.464050
v -35.262417 24.894104 -921.464050
v -30.162813 22.413473 -921.837280
v -30.162815 24.979631 -921.837280
v -25.063211 22.468035 -922.210510
v -25.063210 25.034191 -922.210510
v -19.963602 22.491631 -922.583740
v -19.963602 25.057789 -922.583740
v -14.863998 22.484262 -922.956970
v -14.864000 25.050421 -922.956970
v -9.764400 22.445929 -923.330200
v -9.764400 25.012087 -923.330200
v -47.093758 22.010258 -922.398926
v -41.994156 22.167625 -922.772156
v -41.994156 24.733784 -922.772156
v -47.093761 24.576416 -922.398926
v -31.794949 22.389467 -923.518616
v -26.695341 22.453941 -923.891846
v -26.695345 25.020098 -923.891907
v -31.794949 24.955626 -923.518616
v -12.142406 22.467657 -926.356079
v -12.142406 25.033815 -926.356079
v -17.242012 25.057711 -925.982849
v -17.242014 22.491552 -925.982849
v -22.341616 25.050638 -925.609619
v -22.341616 22.484480 -925.609619
v -27.441217 25.012602 -925.236389
v -27.441217 22.446444 -925.236389
v -32.540825 24.943600 -924.863159
v -32.540825 22.377441 -924.863159
v -37.640430 24.843634 -924.489929
v -37.640430 22.277475 -924.489868
v -42.740032 24.712700 -924.116638
v -42.740032 22.146542 -924.116638
v -47.839638 24.550802 -923.743408
v -47.839638 21.984644 -923.743408
v -40.283298 22.213484 -922.169800
v -35.183697 22.329500 -922.543091
v -35.183697 24.895658 -922.543091
v -40.283302 24.779642 -922.169800
v -14.972677 22.484743 -924.022278
v -9.873074 22.447069 -924.395508
v -9.873070 25.013227 -924.395508
v -14.972677 25.050901 -924.022278
v -4.773464 22.378429 -924.768738
v -4.773464 24.944588 -924.768738
v -26.850578 22.452435 -923.152954
v -21.750975 22.486885 -923.526184
v -21.750973 25.053043 -923.526184
v -26.850574 25.018593 -923.152954
v -16.651369 22.490370 -923.899414
v -16.651369 25.056528 -923.899414
v -40.363220 22.211420 -925.831787
v -40.834663 22.199089 -920.761353
v -40.834663 24.765245 -920.761353
v -40.363220 24.777578 -925.831787
v -14.713116 22.483574 -927.709045
v -15.184563 22.485638 -922.638672
v -15.184563 25.051796 -922.638672
v -14.713114 25.049730 -927.709045
v -26.970018 22.451256 -926.812012
v -27.441463 22.446444 -921.741577
v -27.441463 25.012602 -921.741577
v -26.970018 25.017414 -926.812012
v 288.413177 35.570126 -1039.354492
v 292.715210 35.518539 -1036.794556
v 292.715210 38.084698 -1036.794556
v 288.413177 38.136284 -1039.354492
v 297.017242 35.466957 -1034.234619
v 297.017242 38.033115 -1034.234619
v 301.319275 35.415367 -1031.674683
v 301.319275 37.981525 -1031.674683
v 305.621307 35.363781 -1029.114746
v 305.621307 37.929939 -1029.114746
v 309.923340 35.312195 -1026.554810
v 309.923340 37.878353 -1026.554810
v 314.225372 35.260609 -1023.994873
v 314.225372 37.826767 -1023.994873
v 318.527405 35.209023 -1021.434937
v 318.527405 37.775181 -1021.434937
v 288.032440 35.584606 -1041.674072
v 292.334473 35.533020 -1039.114136
v 292.334473 38.099178 -1039.114136
v 288.032440 38.150764 -1041.674072
v 300.938538 35.429852 -1033.994263
v 305.240570 35.378265 -1031.434326
v 305.240570 37.944420 -1031.434326
v 300.938538 37.996010 -1033.994263
v 318.291321 35.229473 -1025.294434
v 318.291321 37.795631 -1025.294434
v 313.989288 37.847218 -1027.854370
v 313.989288 35.281059 -1027.854370
v 309.687256 37.898804 -1030.414307
v 309.687256 35.332645 -1030.414429
v 305.385223 37.950390 -1032.974365
v 305.385223 35.384232 -1032.974365
v 301.083191 38.001976 -1035.534302
v 301.083191 35.435818 -1035.534302
v 296.781158 38.053562 -1038.094238
v 296.781158 35.487404 -1038.094238
v 292.479126 38.105148 -1040.654175
v 292.479126 35.538990 -1040.654175
v 288.177094 38.156734 -1043.214111
v 288.177094 35.590576 -1043.214111
v 293.375305 35.516533 -1037.649170
v 297.677338 35.464951 -1035.089233
v 297.677338 38.031109 -1035.089233
v 293.375305 38.082691 -1037.649170
v 314.727356 35.260498 -1024.943604
v 319.029419 35.208912 -1022.383667
v 319.029419 37.775070 -1022.383667
v 314.727356 37.826656 -1024.943604
v 323.331451 35.157326 -1019.823669
v 323.331451 37.723484 -1019.823669
v 304.707153 35.380653 -1030.906128
v 309.009186 35.329067 -1028.346191
v 309.009186 37.895226 -1028.346191
v 304.707153 37.946812 -1030.906128
v 313.311218 35.277481 -1025.786255
v 313.311218 37.843639 -1025.786255
v 295.336700 35.513210 -1040.744873
v 292.153381 35.523651 -1036.786255
v 292.153381 38.089809 -1036.786255
v 295.336700 38.079369 -1040.744873
v 316.975159 35.253742 -1027.868896
v 313.791840 35.264183 -1023.910156
v 313.791840 37.830341 -1023.910156
v 316.975159 37.819901 -1027.868896
v 306.635223 35.377731 -1034.021729
v 303.451904 35.388172 -1030.062988
v 303.451904 37.954330 -1030.062988
v 306.635223 37.943890 -1034.021729
v 307.720154 34.956821 -1023.550293
v 311.966522 34.946644 -1020.701904
v 311.966522 37.512802 -1020.701904
v 307.720154 37.522980 -1023.550293
v 316.212921 34.936466 -1017.853455
v 316.212921 37.502625 -1017.853455
v 320.459320 34.926289 -1015.005066
v 320.459320 37.492447 -1015.005066
v 324.705688 34.916111 -1012.156677
v 324.705688 37.482269 -1012.156677
v 328.952087 34.905933 -1009.308228
v 328.952087 37.472092 -1009.308228
v 333.198486 34.895756 -1006.459839
v 333.198486 37.461914 -1006.459839
v 337.444885 34.885578 -1003.611450
v 337.444885 37.451736 -1003.611450
v 307.470764 34.960079 -1025.880249
v 311.717133 34.949902 -1023.031860
v 311.717133 37.516060 -1023.031860
v 307.470764 37.526234 -1025.880249
v 320.209930 34.929546 -1017.335022
v 324.456299 34.919369 -1014.486633
v 324.456299 37.485527 -1014.486633
v 320.209930 37.495705 -1017.335022
v 337.436523 34.890324 -1007.459900
v 337.436523 37.456482 -1007.459900
v 333.190125 37.466660 -1010.308289
v 333.190125 34.900501 -1010.308289
v 328.943726 37.476837 -1013.156738
v 328.943726 34.910679 -1013.156738
v 324.697327 37.487015 -1016.005127
v 324.697327 34.920856 -1016.005127
v 320.450958 37.497192 -1018.853516
v 320.450958 34.931034 -1018.853516
v 316.204559 37.507370 -1021.701965
v 316.204559 34.941212 -1021.701965
v 311.958160 37.517548 -1024.550415
v 311.958160 34.951389 -1024.550415
v 307.711792 37.527725 -1027.398804
v 307.711761 34.961567 -1027.398804
v 312.693420 34.946487 -1021.503235
v 316.939819 34.936310 -1018.654785
v 316.939819 37.502468 -1018.654785
v 312.693451 37.512646 -1021.503235
v 333.769348 34.895973 -1007.365845
v 338.015747 34.885796 -1004.517456
v 338.015747 37.451954 -1004.517456
v 333.769348 37.462132 -1007.365845
v 342.262146 34.875618 -1001.669006
v 342.262146 37.441776 -1001.669006
v 323.878723 34.919678 -1014.000305
v 328.125122 34.909500 -1011.151917
v 328.125122 37.475658 -1011.151917
v 323.878723 37.485836 -1014.000305
v 332.371521 34.899323 -1008.303467
v 332.371521 37.465481 -1008.303467
v 314.886963 34.946644 -1024.436523
v 311.391266 34.947586 -1020.733643
v 311.391266 37.513744 -1020.733643
v 314.886963 37.512802 -1024.436523
v 336.245575 34.895454 -1010.109558
v 332.749878 34.896397 -1006.406677
v 332.749878 37.462555 -1006.406677
v 336.245575 37.461613 -1010.109558
v 326.039368 34.919918 -1016.955750
v 322.543671 34.920856 -1013.252808
v 322.543671 37.487015 -1013.252808
v 326.039368 37.486076 -1016.955750
v 414.470276 30.505772 -936.842834
v 418.268158 30.505772 -933.499817
v 418.268158 33.071930 -933.499817
v 414.470276 33.071926 -936.842834
v 422.066040 30.505772 -930.156799
v 422.066040 33.071930 -930.156799
v 425.863922 30.505772 -926.813721
v 425.863922 33.071930 -926.813721
v 429.661774 30.505772 -923.470703
v 429.661774 33.071930 -923.470703
v 433.459656 30.505774 -920.127686
v 433.459656 33.071930 -920.127686
v 437.257538 30.505774 -916.784607
v 437.257538 33.071930 -916.784607
v 441.055420 30.505774 -913.441589
v 441.055420 33.071930 -913.441589
v 414.487396 30.505772 -939.225708
v 418.285248 30.505772 -935.882629
v 418.285248 33.071926 -935.882629
v 414.487396 33.071926 -939.225708
v 425.881012 30.505772 -929.196594
v 429.678894 30.505772 -925.853516
v 429.678894 33.071930 -925.853516
v 425.881012 33.071930 -929.196594
v 441.474640 30.505774 -917.333374
v 441.474640 33.071934 -917.333374
v 437.676758 33.071930 -920.676453
v 437.676758 30.505774 -920.676453
v 433.878906 33.071930 -924.019470
v 433.878906 30.505772 -924.019470
v 430.081024 33.071930 -927.362488
v 430.081024 30.505772 -927.362488
v 426.283142 33.071930 -930.705505
v 426.283142 30.505772 -930.705505
v 422.485260 33.071930 -934.048584
v 422.485260 30.505772 -934.048584
v 418.687408 33.071926 -937.391602
v 418.687408 30.505772 -937.391602
v 414.889526 33.071926 -940.734619
v 414.889526 30.505772 -940.734619
v 419.061401 30.505772 -934.230652
v 422.859283 30.505772 -930.887634
v 422.859283 33.071930 -930.887634
v 419.061401 33.071930 -934.230652
v 437.911224 30.505774 -917.638367
v 441.709106 30.505774 -914.295349
v 441.709106 33.071930 -914.295288
v 437.911224 33.071930 -917.638367
v 445.506989 30.505774 -910.952271
v 445.506989 33.071930 -910.952271
v 429.065277 30.505772 -925.424866
v 432.863159 30.505774 -922.081848
v 432.863159 33.071930 -922.081848
v 429.065277 33.071930 -925.424866
v 436.661041 30.505774 -918.738831
v 436.661041 33.071930 -918.738831
v 421.512360 30.505772 -936.957031
v 417.714355 30.505772 -933.594666
v 417.714355 33.071930 -933.594666
v 421.512360 33.071926 -936.957031
v 440.614990 30.505774 -920.142212
v 436.816986 30.505774 -916.779846
v 436.816986 33.071930 -916.779846
v 440.614990 33.071930 -920.142212
v 431.486816 30.505772 -928.177185
v 427.688782 30.505772 -924.814819
v 427.688782 33.071930 -924.814819
v 431.486816 33.071930 -928.177185
v 449.039154 30.505774 -906.440796
v 452.837036 30.505774 -903.097778
v 452.837036 33.071930 -903.097717
v 449.039154 33.071930 -906.440796
v 456.634888 30.505774 -899.754700
v 456.634888 33.071930 -899.754700
v 446.297607 30.505774 -910.982910
v 450.095490 30.505774 -907.639893
v 450.095490 33.071930 -907.639893
v 446.297607 33.071930 -910.982910
v 453.893372 30.505774 -904.296875
v 453.893372 33.071930 -904.296875
v 449.395264 30.505774 -911.366638
v 445.597229 30.505774 -908.004272
v 445.597229 33.071930 -908.004272
v 449.395264 33.071930 -911.366638
v 458.765961 30.505774 -903.425171
v 454.967957 30.505774 -900.062805
v 454.967957 33.071930 -900.062805
v 458.765961 33.071930 -903.425171
v 536.167603 30.613794 -773.912598
v 531.716187 30.613794 -771.511841
v 531.716187 33.179955 -771.511841
v 536.167603 33.179955 -773.912598
v 527.264709 30.613796 -769.111023
v 527.264771 33.179955 -769.111023
v 522.813293 30.613796 -766.710205
v 522.813293 33.179955 -766.710205
v 518.361877 30.613796 -764.309387
v 518.361877 33.179955 -764.309387
v 513.910461 30.613796 -761.908569
v 513.910461 33.179955 -761.908569
v 509.459015 30.613796 -759.507751
v 509.459015 33.179955 -759.507751
v 505.007568 30.613796 -757.106934
v 505.007568 33.179955 -757.106934
v 538.447144 30.613794 -773.096008
v 533.995728 30.613794 -770.695190
v 533.995728 33.179955 -770.695190
v 538.447144 33.179955 -773.096008
v 525.092834 30.613796 -765.893555
v 520.641418 30.613796 -763.492737
v 520.641418 33.179955 -763.492737
v 525.092834 33.179955 -765.893555
v 508.602325 30.613796 -755.410095
v 508.602325 33.179955 -755.410095
v 513.053772 33.179955 -757.810913
v 513.053772 30.613796 -757.810913
v 517.505188 33.179955 -760.211670
v 517.505188 30.613796 -760.211670
v 521.956604 33.179955 -762.612488
v 521.956604 30.613796 -762.612488
v 526.408081 33.179955 -765.013306
v 526.408081 30.613796 -765.013306
v 530.859497 33.179955 -767.414124
v 530.859497 30.613796 -767.414124
v 535.310913 33.179955 -769.814941
v 535.310913 30.613796 -769.814941
v 539.762329 33.179955 -772.215759
v 539.762329 30.613794 -772.215759
v 532.156921 30.613796 -770.530090
v 527.705505 30.613796 -768.129272
v 527.705505 33.179955 -768.129272
v 532.156921 33.179955 -770.530090
v 510.063354 30.613796 -758.614258
v 505.611938 30.613796 -756.213440
v 505.611938 33.179955 -756.213440
v 510.063354 33.179955 -758.614258
v 501.160492 30.613796 -753.812683
v 501.160492 33.179955 -753.812683
v 520.431519 30.613796 -764.206177
v 515.980103 30.613796 -761.805359
v 515.980103 33.179955 -761.805359
v 520.431519 33.179955 -764.206177
v 511.528687 30.613796 -759.404602
v 511.528687 33.179955 -759.404602
v 533.967773 30.613796 -767.339539
v 531.988770 30.613794 -771.993835
v 531.988770 33.179955 -771.993835
v 533.967773 33.179955 -767.339539
v 511.577881 30.613796 -755.263855
v 509.598877 30.613796 -759.918213
v 509.598877 33.179955 -759.918213
v 511.577881 33.179955 -755.263855
v 522.276855 30.613796 -761.034241
v 520.297913 30.613796 -765.688538
v 520.297913 33.179955 -765.688538
v 522.276917 33.179955 -761.034241
v 526.774414 30.613791 -838.280090
v 530.155518 30.613791 -834.518860
v 530.155518 33.179947 -834.518860
v 526.774414 33.179947 -838.280090
v 533.536621 30.613791 -830.757568
v 533.536621 33.179951 -830.757568
v 536.917786 30.613791 -826.996277
v 536.917786 33.179951 -826.996277
v 540.298889 30.613791 -823.235046
v 540.298889 33.179951 -823.235046
v 543.679993 30.613792 -819.473755
v 543.679993 33.179951 -819.473755
v 547.061157 30.613792 -815.712524
v 547.061157 33.179951 -815.712524
v 550.442261 30.613792 -811.951233
v 550.442261 33.179951 -811.951233
v 527.831604 30.613791 -839.381348
v 531.212769 30.613791 -835.620056
v 531.212769 33.179947 -835.620056
v 527.831604 33.179947 -839.381348
v 537.974976 30.613791 -828.097534
v 541.356140 30.613791 -824.336304
v 541.356140 33.179951 -824.336304
v 537.974976 33.179951 -828.097534
v 552.045471 30.613792 -814.537964
v 552.045471 33.179951 -814.537964
v 548.664307 33.179951 -818.299194
v 548.664307 30.613792 -818.299194
v 545.283203 33.179951 -822.060486
v 545.283203 30.613791 -822.060486
v 541.902100 33.179951 -825.821716
v 541.902100 30.613791 -825.821716
v 538.520935 33.179951 -829.583008
v 538.520935 30.613791 -829.583008
v 535.139832 33.179951 -833.344238
v 535.139832 30.613791 -833.344238
v 531.758728 33.179947 -837.105530
v 531.758728 30.613791 -837.105530
v 528.377563 33.179947 -840.866821
v 528.377563 30.613791 -840.866821
v 531.806030 30.613791 -833.871826
v 535.187134 30.613791 -830.110596
v 535.187134 33.179951 -830.110596
v 531.806030 33.179947 -833.871826
v 548.587402 30.613792 -815.203735
v 551.968506 30.613792 -811.442444
v 551.968506 33.179951 -811.442444
v 548.587402 33.179951 -815.203735
v 555.349609 30.613792 -807.681213
v 555.349609 33.179951 -807.681213
v 540.712158 30.613791 -823.964417
v 544.093262 30.613792 -820.203125
v 544.093262 33.179951 -820.203125
v 540.712158 33.179951 -823.964417
v 547.474365 30.613792 -816.441833
v 547.474365 33.179951 -816.441833
v 534.480713 30.613791 -836.382812
v 530.422974 30.613791 -833.363892
v 530.422974 33.179951 -833.363892
v 534.480713 33.179947 -836.382812
v 551.487183 30.613792 -817.464294
v 547.429443 30.613792 -814.445374
v 547.429443 33.179951 -814.445374
v 551.487183 33.179951 -817.464294
v 543.360657 30.613791 -826.504517
v 539.302917 30.613791 -823.485596
v 539.302917 33.179951 -823.485596
v 543.360657 33.179951 -826.504517
v 561.598206 30.613792 -803.239075
v 558.402893 30.613792 -799.318726
v 558.402893 33.179951 -799.318726
v 561.598206 33.179951 -803.239075
v 555.207642 30.613794 -795.398376
v 555.207642 33.179951 -795.398376
v 552.012329 30.613794 -791.477966
v 552.012329 33.179951 -791.477966
v 548.817078 30.613794 -787.557617
v 548.817078 33.179951 -787.557617
v 545.621765 30.613794 -783.637268
v 545.621765 33.179951 -783.637268
v 542.426514 30.613794 -779.716858
v 542.426514 33.179955 -779.716858
v 539.231201 30.613794 -775.796509
v 539.231201 33.179955 -775.796509
v 564.016785 30.613792 -803.356079
v 560.821472 30.613792 -799.435730
v 560.821472 33.179951 -799.435730
v 564.016785 33.179951 -803.356079
v 554.430908 30.613794 -791.594971
v 551.235657 30.613794 -787.674622
v 551.235657 33.179951 -787.674622
v 554.430908 33.179951 -791.594971
v 543.201660 30.613794 -775.602966
v 543.201660 33.179955 -775.602966
v 546.396912 33.179955 -779.523376
v 546.396912 30.613794 -779.523376
v 549.592224 33.179951 -783.443726
v 549.592224 30.613794 -783.443726
v 552.787476 33.179951 -787.364075
v 552.787476 30.613794 -787.364075
v 555.982788 33.179951 -791.284424
v 555.982788 30.613794 -791.284424
v 559.178040 33.179951 -795.204834
v 559.178040 30.613794 -795.204834
v 562.373352 33.179951 -799.125183
v 562.373352 30.613792 -799.125183
v 565.568604 33.179951 -803.045593
v 565.568604 30.613792 -803.045593
v 559.185547 30.613792 -798.580139
v 555.990234 30.613794 -794.659729
v 555.990234 33.179951 -794.659729
v 559.185547 33.179951 -798.580139
v 544.960876 30.613794 -781.119568
v 541.765564 30.613794 -777.199219
v 541.765564 33.179955 -777.199219
v 544.960876 33.179955 -781.119568
v 538.570312 30.613794 -773.278809
v 538.570312 33.179955 -773.278809
v 550.768921 30.613794 -788.253601
v 547.573669 30.613794 -784.333252
v 547.573669 33.179951 -784.333252
v 550.768921 33.179951 -788.253601
v 544.378357 30.613794 -780.412842
v 544.378357 33.179955 -780.412842
v 562.078735 30.613792 -796.324341
v 558.470520 30.613792 -799.868347
v 558.470520 33.179951 -799.868347
v 562.078735 33.179951 -796.324341
v 546.007019 30.613794 -776.605530
v 542.398804 30.613794 -780.149597
v 542.398804 33.179955 -780.149597
v 546.007019 33.179955 -776.605530
v 553.686829 30.613794 -786.028198
v 550.078674 30.613794 -789.572205
v 550.078674 33.179951 -789.572205
v 553.686829 33.179951 -786.028198
v 383.318390 29.466648 -749.307434
v 387.831024 29.504190 -751.474670
v 387.831024 32.070347 -751.474670
v 383.318390 32.032806 -749.307434
v 392.343658 29.540291 -753.641907
v 392.343658 32.106449 -753.641907
v 396.856323 29.574949 -755.809143
v 396.856293 32.141109 -755.809143
v 401.368958 29.608168 -757.976379
v 401.368958 32.174328 -757.976379
v 405.881592 29.639944 -760.143616
v 405.881592 32.206104 -760.143616
v 410.394196 29.670279 -762.310852
v 410.394226 32.236439 -762.310852
v 414.906830 29.699173 -764.478088
v 414.906830 32.265331 -764.478088
v 381.175537 29.452274 -750.273621
v 385.688171 29.490278 -752.440857
v 385.688171 32.056435 -752.440857
v 381.175537 32.018433 -750.273621
v 394.713440 29.561962 -756.775330
v 399.226074 29.595640 -758.942566
v 399.226074 32.161800 -758.942566
v 394.713440 32.128120 -756.775330
v 411.561249 29.682234 -766.416809
v 411.561249 32.248390 -766.416809
v 407.048584 32.218826 -764.249573
v 407.048615 29.652668 -764.249573
v 402.535950 32.187817 -762.082336
v 402.535980 29.621660 -762.082336
v 398.023315 32.155369 -759.915100
v 398.023315 29.589211 -759.915100
v 393.510681 32.121479 -757.747864
v 393.510681 29.555319 -757.747864
v 388.998047 32.086147 -755.580627
v 388.998047 29.519987 -755.580627
v 384.485413 32.049374 -753.413391
v 384.485413 29.483213 -753.413391
v 379.972778 32.011158 -751.246155
v 379.972778 29.445000 -751.246155
v 387.484344 29.503534 -752.497375
v 391.996979 29.539614 -754.664612
v 391.996979 32.105770 -754.664612
v 387.484344 32.069695 -752.497375
v 409.881714 29.668425 -763.253906
v 414.394318 29.697350 -765.421143
v 414.394318 32.263508 -765.421143
v 409.881714 32.234585 -763.253906
v 418.906982 29.724833 -767.588379
v 418.906982 32.290993 -767.588379
v 399.370941 29.595467 -758.205994
v 403.883575 29.627748 -760.373230
v 403.883575 32.193905 -760.373230
v 399.370941 32.161625 -758.205994
v 408.396210 29.658588 -762.540466
v 408.396210 32.224747 -762.540466
v 385.990845 29.498775 -755.843994
v 387.527161 29.501108 -751.002014
v 387.527161 32.067265 -751.002014
v 385.990845 32.064934 -755.843994
v 408.688599 29.665754 -766.744751
v 410.224915 29.668751 -761.902832
v 410.224915 32.234909 -761.902832
v 408.688599 32.231911 -766.744751
v 397.842468 29.590511 -761.535828
v 399.378784 29.593191 -756.693909
v 399.378815 32.159351 -756.693909
v 397.842468 32.156670 -761.535828
v 415.491089 29.449659 -763.522339
v 420.048370 29.520035 -765.841003
v 420.048370 32.086193 -765.841003
v 415.491089 32.015820 -763.522339
v 424.605652 29.588911 -768.159729
v 424.605652 32.155067 -768.159729
v 429.162933 29.656288 -770.478455
v 429.162933 32.222446 -770.478455
v 433.720245 29.722162 -772.797119
v 433.720245 32.288322 -772.797119
v 438.277527 29.786539 -775.115845
v 438.277527 32.352699 -775.115845
v 442.834808 29.849417 -777.434570
v 442.834808 32.415577 -777.434570
v 447.392090 29.910795 -779.753235
v 447.392090 32.476955 -779.753235
v 413.335205 29.426819 -764.440552
v 417.892517 29.497675 -766.759277
v 417.892517 32.063835 -766.759277
v 413.335205 31.992977 -764.440552
v 427.007080 29.634886 -771.396667
v 431.564392 29.701242 -773.715393
v 431.564392 32.267403 -773.715393
v 427.007080 32.201046 -771.396667
v 444.027954 29.882360 -781.622314
v 444.027954 32.448521 -781.622314
v 439.470673 32.386444 -779.303589
v 439.470673 29.820284 -779.303589
v 434.913391 32.322868 -776.984924
v 434.913391 29.756706 -776.984924
v 430.356110 32.257790 -774.666199
v 430.356110 29.691629 -774.666199
v 425.798798 32.191216 -772.347473
v 425.798798 29.625053 -772.347473
v 421.241516 32.123138 -770.028809
v 421.241516 29.556980 -770.028809
v 416.684204 32.053562 -767.710083
v 416.684204 29.487404 -767.710083
v 412.126923 31.982489 -765.391357
v 412.126923 29.416330 -765.391357
v 419.703125 29.521111 -766.866394
v 424.260437 29.589962 -769.185059
v 424.260437 32.156120 -769.185059
v 419.703156 32.087269 -766.866394
v 442.322113 29.848093 -778.374695
v 446.879395 29.909502 -780.693420
v 446.879395 32.475662 -780.693420
v 442.322113 32.414253 -778.374695
v 451.436707 29.969414 -783.012085
v 451.436707 32.535572 -783.012085
v 431.707367 29.699244 -772.973999
v 436.264648 29.764147 -775.292725
v 436.264648 32.330307 -775.292725
v 431.707367 32.265404 -772.973999
v 440.821930 29.827549 -777.611389
v 440.821930 32.393711 -777.611389
v 418.211548 29.520020 -770.211731
v 419.740143 29.513577 -765.354248
v 419.740143 32.079735 -765.354248
v 418.211548 32.086178 -770.211731
v 441.133881 29.851255 -781.874390
v 442.662506 29.845509 -777.016968
v 442.662506 32.411671 -777.016968
v 441.133881 32.417416 -781.874390
v 430.180450 29.697706 -776.301392
v 431.709076 29.691626 -771.443909
v 431.709076 32.257786 -771.443970
v 430.180450 32.263866 -776.301392
v 450.671631 30.038389 -782.515869
v 455.228912 30.097063 -784.834534
v 455.228912 32.663219 -784.834534
v 450.671631 32.604549 -782.515869
v 459.786194 30.154238 -787.153259
v 459.786194 32.720394 -787.153259
v 464.343475 30.209915 -789.471985
v 464.343475 32.776070 -789.471985
v 468.900787 30.264091 -791.790649
v 468.900787 32.830246 -791.790649
v 473.458069 30.316767 -794.109375
v 473.458069 32.882923 -794.109375
v 478.015350 30.367943 -796.428101
v 478.015350 32.934101 -796.428101
v 482.572632 30.431252 -798.746765
v 482.572632 32.997410 -798.746765
v 448.515778 30.019293 -783.434082
v 453.073059 30.078447 -785.752808
v 453.073059 32.644604 -785.752808
v 448.515778 32.585449 -783.434082
v 462.187622 30.192259 -790.390198
v 466.744934 30.246916 -792.708923
v 466.744904 32.813072 -792.708923
v 462.187622 32.758415 -790.390198
v 479.208496 30.394642 -800.615845
v 479.208496 32.960800 -800.615845
v 474.651215 32.910423 -798.297119
v 474.651215 30.344265 -798.297119
v 470.093933 32.858547 -795.978455
v 470.093933 30.292389 -795.978455
v 465.536652 32.805172 -793.659729
v 465.536652 30.239014 -793.659729
v 460.979340 32.750294 -791.341003
v 460.979340 30.184139 -791.341003
v 456.422058 32.693920 -789.022339
v 456.422058 30.127764 -789.022339
v 451.864777 32.636044 -786.703613
v 451.864777 30.069889 -786.703613
v 447.307495 32.576672 -784.384888
v 447.307465 30.010515 -784.384888
v 454.883667 30.097958 -785.859924
v 459.440979 30.155109 -788.178589
v 459.440979 32.721268 -788.178589
v 454.883698 32.664116 -785.859924
v 477.502655 30.366867 -797.368225
v 482.059937 30.416578 -799.686951
v 482.059937 32.982735 -799.686951
v 477.502655 32.933025 -797.368225
v 486.617249 30.421291 -802.005615
v 486.617249 32.987450 -802.005615
v 466.887909 30.245274 -791.967529
v 471.445190 30.298475 -794.286255
v 471.445190 32.864632 -794.286255
v 466.887909 32.811428 -791.967529
v 476.002472 30.350176 -796.604919
v 476.002472 32.916336 -796.604919
v 453.392090 30.097050 -789.205261
v 454.920685 30.091688 -784.347778
v 454.920715 32.657845 -784.347778
v 453.392090 32.663204 -789.205261
v 476.314453 30.369434 -800.867920
v 477.843048 30.364769 -796.010498
v 477.843048 32.930927 -796.010498
v 476.314423 32.935593 -800.867920
v 465.360992 30.244009 -795.294922
v 466.889618 30.239012 -790.437439
v 466.889618 32.805168 -790.437439
v 465.360992 32.810165 -795.294922
v 499.807373 30.502493 -809.748352
v 495.688110 30.492317 -812.777710
v 495.688110 33.058475 -812.777710
v 499.807373 33.068653 -809.748352
v 491.568878 30.482140 -815.807068
v 491.568878 33.048298 -815.807068
v 487.449615 30.471962 -818.836426
v 487.449615 33.038120 -818.836426
v 483.330353 30.461782 -821.865784
v 483.330353 33.027943 -821.865784
v 479.211121 30.451605 -824.895142
v 479.211121 33.017765 -824.895142
v 475.091858 30.441427 -827.924500
v 475.091858 33.007587 -827.924500
v 470.972595 30.431250 -830.953857
v 470.972595 32.997410 -830.953857
v 500.549469 30.505751 -805.979004
v 496.430237 30.495573 -809.008362
v 496.430237 33.061733 -809.008362
v 500.549469 33.071907 -805.979004
v 489.504974 30.475220 -815.489380
v 485.385712 30.465042 -818.518738
v 485.385742 33.031200 -818.518738
v 489.504974 33.041378 -815.489380
v 464.588226 30.435997 -821.492065
v 464.588226 33.002155 -821.492065
v 468.707489 33.012333 -818.462708
v 468.707489 30.446175 -818.462708
v 472.826721 33.022511 -815.433350
v 472.826721 30.456352 -815.433350
v 476.946014 33.032688 -812.403992
v 476.945984 30.466530 -812.403992
v 481.065247 33.042866 -809.374634
v 481.065247 30.476707 -809.374634
v 485.184509 33.053043 -806.345276
v 485.184509 30.486885 -806.345276
v 489.303741 33.063221 -803.315857
v 489.303741 30.497063 -803.315857
v 493.423004 33.073399 -800.680908
v 493.423004 30.507240 -800.680908
v 493.944397 30.492159 -812.957092
v 489.825134 30.481981 -815.986450
v 489.825134 33.048141 -815.986450
v 493.944397 33.058319 -812.957092
v 477.944977 30.441645 -823.774353
v 473.825714 30.431467 -826.803711
v 473.825714 32.997627 -826.803772
v 477.944977 33.007805 -823.774353
v 469.706451 30.421289 -829.833130
v 469.706482 32.987450 -829.833130
v 485.983795 30.465351 -818.979614
v 481.864532 30.455172 -822.008972
v 481.864532 33.021332 -822.008972
v 485.983795 33.031509 -818.979614
v 477.745300 30.444994 -825.038330
v 477.745300 33.011154 -825.038330
v 488.051788 30.492319 -811.296143
v 491.704346 30.493259 -814.844421
v 491.704346 33.059418 -814.844421
v 488.051788 33.058475 -811.296143
v 473.796753 30.441126 -823.401489
v 477.449310 30.442068 -826.949768
v 477.449310 33.008228 -826.949768
v 473.796783 33.007286 -823.401428
v 483.697388 30.465590 -816.120361
v 487.349945 30.466530 -819.668701
v 487.349945 33.032688 -819.668701
v 483.697388 33.031750 -816.120361
v 486.709564 30.475220 -800.867798
v 491.266876 30.465042 -803.186523
v 491.266846 33.031200 -803.186523
v 486.709564 33.041378 -800.867798
v 483.455017 30.492159 -799.898560
v 488.012329 30.481981 -802.217285
v 488.012329 33.048141 -802.217285
v 483.455017 33.058319 -799.898560
v 491.837097 30.441647 -802.381653
v 496.394379 30.431469 -804.700378
v 496.394379 32.997627 -804.700378
v 491.837097 33.007805 -802.381653
v 500.951691 30.421291 -807.019043
v 500.951691 32.987450 -807.019043
v 489.533569 30.465351 -803.881165
v 494.090851 30.455173 -806.199890
v 494.090851 33.021332 -806.199890
v 489.533569 33.031509 -803.881165
v 498.648132 30.444996 -808.518555
v 498.648132 33.011154 -808.518555
v 481.963440 30.492319 -803.243896
v 483.492065 30.493259 -798.386475
v 483.492065 33.059418 -798.386475
v 481.963440 33.058475 -803.243896
v 499.691040 30.441128 -812.192261
v 501.219635 30.442070 -807.334839
v 501.219635 33.008228 -807.334839
v 499.691010 33.007286 -812.192261
v 489.882935 30.465590 -805.772522
v 491.411560 30.466530 -800.915100
v 491.411530 33.032688 -800.915100
v 489.882935 33.031750 -805.772522
v -0.432892 27.154818 -682.415710
v -5.041410 26.980255 -680.460693
v -5.041410 29.546413 -680.460693
v -0.432880 29.720976 -682.415710
v -9.649940 26.805693 -678.505615
v -9.649937 29.371851 -678.505615
v -14.258463 26.631130 -676.550598
v -14.258463 29.197289 -676.550598
v -18.866997 26.456568 -674.595520
v -18.867001 29.022726 -674.595520
v -23.475529 26.282005 -672.640442
v -23.475529 28.848164 -672.640442
v -28.084055 26.107443 -670.685425
v -28.084055 28.673601 -670.685425
v -32.692570 25.932882 -668.730347
v -32.692577 28.499041 -668.730347
v 1.662716 27.212122 -681.350952
v -2.945808 27.037560 -679.395874
v -2.945803 29.603720 -679.395874
v 1.662727 29.778282 -681.350952
v -12.162859 26.688435 -675.485779
v -16.771385 26.513872 -673.530701
v -16.771385 29.080030 -673.530701
v -12.162857 29.254595 -675.485779
v -29.440741 26.016834 -666.638123
v -29.440739 28.582993 -666.638123
v -24.832211 28.757557 -668.593201
v -24.832214 26.191397 -668.593201
v -20.223686 28.932117 -670.548279
v -20.223682 26.365957 -670.548279
v -15.615152 29.106680 -672.503296
v -15.615152 26.540520 -672.503296
v -11.006626 29.281240 -674.458374
v -11.006624 26.715082 -674.458374
v -6.398102 29.455805 -676.413391
v -6.398102 26.889645 -676.413391
v -1.789576 29.630365 -678.368469
v -1.789576 27.064207 -678.368469
v 2.818954 29.804930 -680.323547
v 2.818954 27.238770 -680.323547
v -4.742651 26.978416 -679.422974
v -9.351179 26.803854 -677.467896
v -9.351183 29.370012 -677.467896
v -4.742651 29.544575 -679.422974
v -27.615942 26.112019 -669.719543
v -32.224472 25.937458 -667.764465
v -32.224472 28.503616 -667.764465
v -27.615946 28.678177 -669.719543
v -36.833008 25.762896 -665.809448
v -36.833004 28.329054 -665.809448
v -16.881845 26.518606 -674.273193
v -21.490372 26.344044 -672.318176
v -21.490383 28.910202 -672.318176
v -16.881849 29.084764 -674.273193
v -26.098904 26.169481 -670.363098
v -26.098904 28.735640 -670.363098
v -3.406361 26.984077 -676.010498
v -4.715895 26.996199 -680.918640
v -4.715893 29.562357 -680.918640
v -3.406364 29.550234 -676.010498
v -26.586445 26.106060 -666.176941
v -27.895985 26.118181 -671.085083
v -27.895977 28.684340 -671.085083
v -26.586445 28.672218 -666.176941
v -15.509844 26.525620 -670.875916
v -16.819378 26.537741 -675.784058
v -16.819376 29.103899 -675.784058
v -15.509848 29.091780 -670.875916
v -33.479836 25.597158 -667.971924
v -38.288063 25.460688 -666.232361
v -38.288063 28.026846 -666.232361
v -33.479828 28.163317 -667.971924
v -43.096298 25.324219 -664.492737
v -43.096298 27.890377 -664.492737
v -47.904530 25.187748 -662.753174
v -47.904530 27.753906 -662.753174
v -52.712769 25.051279 -661.013611
v -52.712769 27.617435 -661.013611
v -57.521004 24.914808 -659.273987
v -57.521004 27.480967 -659.273987
v -62.329239 24.778339 -657.534424
v -62.329231 27.344496 -657.534424
v -67.137466 24.641869 -655.794861
v -67.137466 27.208027 -655.794861
v -31.453522 25.640835 -666.795044
v -36.261761 25.504366 -665.055481
v -36.261757 28.070524 -665.055481
v -31.453522 28.206993 -666.795044
v -45.878223 25.231426 -661.576294
v -50.686462 25.094955 -659.836731
v -50.686462 27.661114 -659.836731
v -45.878223 27.797585 -661.576294
v -64.029228 24.705505 -653.525574
v -64.029228 27.271664 -653.525574
v -59.220989 27.408134 -655.265137
v -59.220985 24.841976 -655.265137
v -54.412758 27.544605 -657.004700
v -54.412758 24.978447 -657.004700
v -49.604523 27.681074 -658.744324
v -49.604519 25.114916 -658.744324
v -44.796288 27.817545 -660.483887
v -44.796284 25.251387 -660.483887
v -39.988049 27.954014 -662.223450
v -39.988049 25.387856 -662.223450
v -35.179813 28.090485 -663.963074
v -35.179813 25.524326 -663.963074
v -30.371582 28.226955 -665.702637
v -30.371578 25.660795 -665.702637
v -38.071785 25.458582 -665.172241
v -42.880020 25.322111 -663.432678
v -42.880020 27.888269 -663.432678
v -38.071785 28.024740 -665.172241
v -61.936268 24.781246 -656.538269
v -66.744507 24.644777 -654.798706
v -66.744507 27.210936 -654.798706
v -61.936268 27.347404 -656.538269
v -71.552734 24.508307 -653.059082
v -71.552734 27.074465 -653.059082
v -50.737019 25.099110 -660.590088
v -55.545254 24.962639 -658.850525
v -55.545258 27.528799 -658.850525
v -50.737022 27.665268 -660.590088
v -60.353489 24.826170 -657.110901
v -60.353489 27.392328 -657.110901
v -37.003693 25.460720 -661.668640
v -37.922230 25.473337 -666.677429
v -37.922230 28.039494 -666.677429
v -37.003693 28.026878 -661.668640
v -61.188263 24.774300 -652.918823
v -62.106796 24.786917 -657.927612
v -62.106796 27.353075 -657.927612
v -61.188263 27.340458 -652.918823
v -49.631664 25.102306 -657.099915
v -50.550201 25.114922 -662.108704
v -50.550201 27.681082 -662.108704
v -49.631668 27.668465 -657.099915
v 224.615967 13.257930 -442.959839
v 220.215103 13.306856 -445.452118
v 220.215088 15.873013 -445.452118
v 224.615982 15.824088 -442.959839
v 215.814209 13.362651 -447.944366
v 215.814209 15.928809 -447.944366
v 211.413330 13.425314 -450.436646
v 211.413330 15.991472 -450.436646
v 207.012451 13.494847 -452.928894
v 207.012451 16.061005 -452.928894
v 202.611572 13.571249 -455.421173
v 202.611572 16.137407 -455.421173
v 198.210693 13.654520 -457.913422
v 198.210693 16.220678 -457.913422
v 193.809814 13.744659 -460.405701
v 193.809799 16.310818 -460.405701
v 225.137070 13.238592 -440.595184
v 220.736191 13.284498 -443.087433
v 220.736191 15.850657 -443.087433
v 225.137070 15.804750 -440.595184
v 211.934433 13.396917 -448.071960
v 207.533539 13.463428 -450.564240
v 207.533539 16.029587 -450.564240
v 211.934418 15.963076 -448.071960
v 194.285156 13.682717 -456.459076
v 194.285141 16.248877 -456.459076
v 198.686020 16.163399 -453.966827
v 198.686020 13.597240 -453.966827
v 203.086899 16.084791 -451.474579
v 203.086899 13.518633 -451.474579
v 207.487793 16.013052 -448.982300
v 207.487793 13.446895 -448.982300
v 211.888672 15.948184 -446.490051
v 211.888672 13.382026 -446.490051
v 216.289551 15.890182 -443.997772
v 216.289551 13.324025 -443.997772
v 220.690430 15.839051 -441.505524
v 220.690430 13.272893 -441.505524
v 225.091309 15.794788 -439.013245
v 225.091309 13.228630 -439.013245
v 219.618271 13.303942 -444.556671
v 215.217392 13.359353 -447.048920
v 215.217377 15.925511 -447.048920
v 219.618271 15.870100 -444.556671
v 197.775574 13.646520 -456.926392
v 193.374710 13.736024 -459.418640
v 193.374695 16.302181 -459.418671
v 197.775574 16.212679 -456.926392
v 188.973816 13.832396 -461.910919
v 188.973816 16.398554 -461.910919
v 208.026031 13.464682 -451.121460
v 203.625153 13.538186 -453.613708
v 203.625153 16.104343 -453.613708
v 208.026031 16.030840 -451.121460
v 199.224274 13.618560 -456.105988
v 199.224274 16.184717 -456.105988
v 217.879822 13.290695 -441.326050
v 220.768265 13.303046 -445.477692
v 220.768265 15.869205 -445.477692
v 217.879822 15.856853 -441.326050
v 195.744171 13.630058 -453.861694
v 198.632614 13.650774 -458.013336
v 198.632614 16.216932 -458.013336
v 195.744171 16.196217 -453.861694
v 206.321701 13.446215 -447.871552
v 209.210144 13.462933 -452.023163
v 209.210144 16.029091 -452.023163
v 206.321701 16.012371 -447.871552
v 189.046555 13.904844 -466.540955
v 186.046860 14.018540 -470.612915
v 186.046860 16.584698 -470.612915
v 189.046555 16.471003 -466.540955
v 183.047150 14.139811 -474.684906
v 183.047150 16.705969 -474.684906
v 180.047440 14.268653 -478.756866
v 180.047455 16.834810 -478.756866
v 177.047760 14.405069 -482.828827
v 177.047760 16.971228 -482.828827
v 174.048065 14.549059 -486.900818
v 174.048050 17.115217 -486.900818
v 171.048355 14.700622 -490.972778
v 171.048355 17.266781 -490.972778
v 168.048660 14.859757 -495.044739
v 168.048660 17.425915 -495.044739
v 188.556702 13.873764 -464.169617
v 185.557007 13.985298 -468.241608
v 185.557007 16.551455 -468.241608
v 188.556717 16.439924 -464.169617
v 179.557617 14.231085 -476.385529
v 176.557922 14.365338 -480.457489
v 176.557922 16.931498 -480.457489
v 179.557617 16.797243 -476.385529
v 166.871124 14.794384 -491.248016
v 166.871124 17.360544 -491.248016
v 169.870834 17.204473 -487.176056
v 169.870834 14.638315 -487.176056
v 172.870529 17.055979 -483.104095
v 172.870514 14.489821 -483.104095
v 175.870224 16.915058 -479.032135
v 175.870224 14.348899 -479.032135
v 178.869919 16.781708 -474.960144
v 178.869934 14.215550 -474.960144
v 181.869629 16.655933 -470.888184
v 181.869629 14.089775 -470.888184
v 184.869324 16.537733 -466.816223
v 184.869324 13.971574 -466.816223
v 187.869034 16.427103 -462.744263
v 187.869034 13.860944 -462.744263
v 185.136414 14.022773 -470.039215
v 182.136719 14.144314 -474.111176
v 182.136719 16.710472 -474.111176
v 185.136414 16.588930 -470.039215
v 171.774734 14.622237 -488.168701
v 168.775024 14.777505 -492.240692
v 168.775040 17.343664 -492.240692
v 171.774734 17.188396 -488.168701
v 165.775345 14.940345 -496.312622
v 165.775330 17.506502 -496.312653
v 177.235001 14.359221 -480.765076
v 174.235306 14.500713 -484.837036
v 174.235291 17.066872 -484.837036
v 177.235001 16.925381 -480.765076
v 171.235596 14.649776 -488.909027
v 171.235596 17.215935 -488.908997
v 182.230408 14.029204 -467.799988
v 186.562256 14.007026 -470.410400
v 186.562256 16.573183 -470.410400
v 182.230408 16.595362 -467.799988
v 167.142456 14.719369 -488.281281
v 171.474304 14.689998 -490.891693
v 171.474304 17.256157 -490.891693
v 167.142456 17.285528 -488.281281
v 174.352249 14.365671 -478.494293
v 178.684082 14.339737 -481.104706
v 178.684082 16.905895 -481.104706
v 174.352249 16.931829 -478.494293
v 265.708679 13.114953 -427.553925
v 260.954956 13.108381 -429.280548
v 260.954956 15.674540 -429.280548
v 265.708710 15.681111 -427.553955
v 256.201233 13.107753 -431.007141
v 256.201233 15.673912 -431.007141
v 251.447495 13.113070 -432.733734
v 251.447495 15.679229 -432.733734
v 246.693756 13.124332 -434.460327
v 246.693756 15.690491 -434.460327
v 241.940033 13.141539 -436.186951
v 241.940033 15.707697 -436.186951
v 237.186295 13.164690 -437.913544
v 237.186295 15.730848 -437.913544
v 232.432556 13.193788 -439.640137
v 232.432556 15.759945 -439.640137
v 266.615356 13.120600 -425.308685
v 261.861633 13.110992 -427.035278
v 261.861633 15.677151 -427.035278
v 266.615356 15.686758 -425.308685
v 252.354141 13.109613 -430.488464
v 247.600403 13.117842 -432.215088
v 247.600418 15.684000 -432.215088
v 252.354141 15.675772 -430.488464
v 233.556870 13.169909 -435.827301
v 233.556870 15.736068 -435.827301
v 238.310608 15.711755 -434.100708
v 238.310608 13.145597 -434.100708
v 243.064331 15.693387 -432.374115
v 243.064331 13.127228 -432.374115
v 247.818069 15.680963 -430.647522
v 247.818069 13.114804 -430.647522
v 252.571808 15.674483 -428.920929
v 252.571808 13.108325 -428.920929
v 257.325531 15.673949 -427.194336
v 257.325531 13.107791 -427.194336
v 262.079285 15.679360 -425.467712
v 262.079285 13.113201 -425.467712
v 266.833008 15.690716 -423.741119
v 266.833008 13.124557 -423.741119
v 260.515167 13.108763 -428.298401
v 255.761444 13.107552 -430.024963
v 255.761444 15.673710 -430.024963
v 260.515167 15.674921 -428.298401
v 236.921204 13.161223 -436.867920
v 232.167450 13.189519 -438.594543
v 232.167450 15.755677 -438.594513
v 236.921188 15.727382 -436.867920
v 227.413727 13.223759 -440.321136
v 227.413712 15.789917 -440.321106
v 247.993500 13.118368 -432.846375
v 243.239761 13.132817 -434.572968
v 243.239761 15.698976 -434.572968
v 247.993500 15.684526 -432.846375
v 238.486023 13.153210 -436.299561
v 238.486023 15.719368 -436.299561
v 259.337524 13.110933 -424.823883
v 261.496216 13.108614 -429.397644
v 261.496216 15.674772 -429.397644
v 259.337524 15.677092 -424.823883
v 235.427078 13.153032 -433.508362
v 237.585770 13.163865 -438.082123
v 237.585770 15.730023 -438.082123
v 235.427094 15.719191 -433.508362
v 246.852692 13.114153 -429.358490
v 249.011383 13.118701 -433.932251
v 249.011383 15.684859 -433.932251
v 246.852692 15.680310 -429.358490
v -80.710678 0.066075 21.178026
v -83.466362 0.066075 21.178026
v -83.466362 2.569198 21.178026
v -80.710678 2.569198 21.178024
v -91.733398 -0.748201 19.413158
v -94.489075 -0.748201 19.413158
v -94.489075 2.047740 19.413158
v -91.733398 2.047740 19.413158
v -91.733398 1.465061 24.637024
v -94.489075 1.465061 24.637024
v -94.489075 4.261002 24.637024
v -91.733398 4.261002 24.637024
v -80.710678 2.375007 26.593647
v -83.466362 2.375007 26.593649
v -83.466362 4.878130 26.593647
v -80.710678 4.878130 26.593647
v -106.626068 0.071935 21.467117
v -109.381752 0.071935 21.467117
v -109.381752 2.575058 21.467117
v -106.626068 2.575058 21.467117
v -117.648788 -0.742343 19.702248
v -120.404465 -0.742343 19.702250
v -120.404465 2.053598 19.702250
v -117.648788 2.053598 19.702248
v -117.648788 1.470921 24.926115
v -120.404465 1.470921 24.926117
v -120.404465 4.266862 24.926115
v -117.648781 4.266862 24.926115
v -106.626068 2.380866 26.882740
v -109.381752 2.380866 26.882740
v -109.381752 4.883989 26.882740
v -106.626068 4.883989 26.882738
v -163.075897 0.841665 24.743195
v -165.831589 0.841665 24.743195
v -165.831589 3.344788 24.743195
v -163.075897 3.344788 24.743195
v -174.098618 0.027388 22.978325
v -176.854294 0.027388 22.978327
v -176.854294 2.823329 22.978327
v -174.098618 2.823329 22.978325
v -174.098618 2.240651 28.202192
v -176.854294 2.240651 28.202194
v -176.854294 5.036592 28.202192
v -174.098618 5.036592 28.202192
v -163.075897 3.150596 30.158817
v -165.831589 3.150596 30.158817
v -165.831589 5.653719 30.158817
v -163.075897 5.653719 30.158815
v 309.208008 -1.600684 21.322887
v 306.452332 -1.600684 21.322887
v 306.452332 0.902439 21.322887
v 309.208008 0.902439 21.322887
v 298.185303 -2.414962 19.558018
v 295.429596 -2.414962 19.558020
v 295.429596 0.380979 19.558020
v 298.185303 0.380979 19.558018
v 298.185303 -0.201698 24.781885
v 295.429596 -0.201698 24.781887
v 295.429596 2.594243 24.781885
v 298.185303 2.594243 24.781885
v 309.208008 0.708247 26.738510
v 306.452332 0.708247 26.738510
v 306.452332 3.211370 26.738510
v 309.208008 3.211370 26.738508
v 365.657837 -1.600684 24.909576
v 362.902161 -1.600684 24.909576
v 362.902161 0.902439 24.909576
v 365.657837 0.902439 24.909576
v 354.635132 -2.414961 23.144707
v 351.879425 -2.414961 23.144709
v 351.879425 0.380980 23.144709
v 354.635132 0.380980 23.144707
v 354.635132 -0.201698 28.368574
v 351.879425 -0.201698 28.368576
v 351.879425 2.594243 28.368574
v 354.635132 2.594243 28.368574
v 365.657837 0.708247 30.325199
v 362.902161 0.708247 30.325199
v 362.902161 3.211370 30.325199
v 365.657837 3.211370 30.325197
v 391.615631 -1.600684 24.584229
v 388.859955 -1.600684 24.584229
v 388.859955 0.902439 24.584229
v 391.615631 0.902439 24.584229
v 380.592926 -2.414961 22.819359
v 377.837219 -2.414961 22.819361
v 377.837219 0.380980 22.819361
v 380.592926 0.380980 22.819359
v 380.592926 -0.201698 28.043226
v 377.837219 -0.201698 28.043228
v 377.837219 2.594243 28.043226
v 380.592926 2.594243 28.043226
v 391.615631 0.708247 29.999851
v 388.859955 0.708247 29.999851
v 388.859955 3.211370 29.999851
v 391.615631 3.211370 29.999849
v 555.521667 -1.600702 -209.593094
v 556.299377 -1.600702 -206.949448
v 556.299377 0.902421 -206.949448
v 555.521667 0.902421 -209.593094
v 556.939453 -2.414978 -198.520386
v 557.717163 -2.414978 -195.876740
v 557.717163 0.380963 -195.876740
v 556.939453 0.380963 -198.520386
v 561.950928 -0.201715 -199.994720
v 562.728699 -0.201715 -197.351059
v 562.728699 2.594226 -197.351059
v 561.950928 2.594226 -199.994720
v 560.717102 0.708229 -211.121536
v 561.494812 0.708229 -208.477890
v 561.494812 3.211352 -208.477890
v 560.717102 3.211352 -211.121536
v 543.199280 -1.600706 -264.798218
v 543.976990 -1.600706 -262.154572
v 543.976990 0.902417 -262.154572
v 543.199280 0.902417 -264.798218
v 544.617065 -2.414982 -253.725525
v 545.394775 -2.414982 -251.081863
v 545.394775 0.380959 -251.081863
v 544.617065 0.380959 -253.725525
v 549.628540 -0.201719 -255.199844
v 550.406311 -0.201719 -252.556183
v 550.406311 2.594222 -252.556183
v 549.628540 2.594222 -255.199844
v 548.394714 0.708225 -266.326660
v 549.172424 0.708225 -263.683014
v 549.172424 3.211348 -263.683014
v 548.394714 3.211348 -266.326660
v 536.129395 -1.561211 -289.815643
v 536.907104 -1.561211 -287.171997
v 536.907104 0.941912 -287.171997
v 536.129395 0.941912 -289.815643
v 537.547180 -2.375487 -278.742950
v 538.324890 -2.375487 -276.099304
v 538.324890 0.420454 -276.099304
v 537.547180 0.420454 -278.742950
v 542.558655 -0.162224 -280.217255
v 543.336426 -0.162224 -277.573608
v 543.336426 2.633717 -277.573608
v 542.558655 2.633717 -280.217255
v 541.324829 0.747720 -291.344086
v 542.102539 0.747720 -288.700439
v 542.102539 3.250843 -288.700439
v 541.324829 3.250843 -291.344086
v 436.660767 13.552278 -472.204651
v 434.416992 13.552278 -470.604889
v 434.416992 16.055399 -470.604889
v 436.660767 16.055399 -472.204651
v 426.661102 12.738002 -467.242645
v 424.417297 12.738002 -465.642883
v 424.417297 15.533943 -465.642883
v 426.661102 15.533943 -467.242645
v 429.693695 14.951264 -462.989166
v 427.449921 14.951264 -461.389404
v 427.449921 17.747206 -461.389404
v 429.693695 17.747206 -462.989166
v 439.804688 15.861209 -467.795044
v 437.560913 15.861209 -466.195282
v 437.560913 18.364334 -466.195282
v 439.804688 18.364332 -467.795044
v 407.263000 14.100826 -451.106140
v 405.019226 14.100826 -449.506378
v 405.019226 16.603951 -449.506378
v 407.263000 16.603951 -451.106140
v 397.263336 13.286551 -446.144135
v 395.019531 13.286551 -444.544373
v 395.019531 16.082491 -444.544373
v 397.263336 16.082491 -446.144135
v 400.295929 15.499814 -441.890656
v 398.052155 15.499814 -440.290894
v 398.052155 18.295755 -440.290894
v 400.295929 18.295755 -441.890656
v 410.406921 16.409758 -446.696533
v 408.163147 16.409758 -445.096771
v 408.163147 18.912880 -445.096771
v 410.406921 18.912880 -446.696533
v 386.927368 14.647645 -436.871094
v 384.683594 14.647646 -435.271332
v 384.683594 17.150770 -435.271332
v 386.927368 17.150770 -436.871094
v 376.927704 13.833370 -431.909088
v 374.683899 13.833370 -430.309326
v 374.683899 16.629311 -430.309326
v 376.927704 16.629311 -431.909088
v 379.960297 16.046633 -427.655609
v 377.716522 16.046633 -426.055847
v 377.716522 18.842573 -426.055847
v 379.960297 18.842573 -427.655609
v 390.071289 16.956577 -432.461487
v 387.827515 16.956577 -430.861725
v 387.827515 19.459700 -430.861725
v 390.071289 19.459700 -432.461487
v -282.169281 21.755129 -282.529449
v -282.160889 21.755129 -285.285126
v -282.160889 24.258253 -285.285126
v -282.169281 24.258253 -282.529449
v -280.370819 20.940851 -293.546722
v -280.362427 20.940851 -296.302399
v -280.362427 23.736792 -296.302399
v -280.370819 23.736792 -293.546722
v -285.594666 23.154114 -293.562653
v -285.586273 23.154114 -296.318329
v -285.586273 25.950054 -296.318329
v -285.594666 25.950054 -293.562653
v -287.584869 24.064060 -282.545959
v -287.576477 24.064060 -285.301605
v -287.576477 26.567183 -285.301605
v -287.584869 26.567183 -282.545959
v -282.614075 21.755127 -308.485565
v -282.605682 21.755127 -311.241241
v -282.605682 24.258251 -311.241241
v -282.614075 24.258251 -308.485565
v -280.815613 20.940849 -319.502838
v -280.807220 20.940849 -322.258514
v -280.807220 23.736790 -322.258514
v -280.815613 23.736790 -319.502838
v -286.039459 23.154112 -319.518768
v -286.031067 23.154112 -322.274445
v -286.031067 25.950052 -322.274445
v -286.039459 25.950052 -319.518768
v -288.029663 24.064058 -308.502075
v -288.021271 24.064058 -311.257721
v -288.021271 26.567181 -311.257721
v -288.029663 26.567181 -308.502075
v -282.422974 21.755123 -364.951263
v -282.414581 21.755121 -367.706940
v -282.414581 24.258245 -367.706940
v -282.422974 24.258247 -364.951263
v -280.624512 20.940845 -375.968536
v -280.616119 20.940845 -378.724213
v -280.616119 23.736786 -378.724213
v -280.624512 23.736786 -375.968536
v -285.848358 23.154108 -375.984467
v -285.839966 23.154108 -378.740143
v -285.839966 25.950048 -378.740143
v -285.848358 25.950048 -375.984467
v -287.838562 24.064054 -364.967773
v -287.830170 24.064053 -367.723419
v -287.830170 26.567175 -367.723419
v -287.838562 26.567177 -364.967773
v 69.774979 0.377447 21.389311
v 67.019302 0.377447 21.389311
v 67.019302 2.880570 21.389311
v 69.774979 2.880570 21.389309
v 50.399841 -0.436830 19.624443
v 47.644157 -0.436830 19.624443
v 47.644157 2.359112 19.624443
v 50.399841 2.359112 19.624443
v 50.399841 1.776433 24.848309
v 47.644157 1.776433 24.848309
v 47.644157 4.572374 24.848309
v 50.399841 4.572374 24.848309
v 69.774986 2.686378 26.804932
v 67.019302 2.686378 26.804934
v 67.019302 5.189501 26.804932
v 69.774986 5.189501 26.804932
v 64.822037 4.084825 31.125748
v 62.066353 4.084825 31.125748
v 62.066353 6.880765 31.125748
v 64.822037 6.880765 31.125748
v 54.554039 4.882683 32.316662
v 51.798355 4.882683 32.316662
v 51.798355 7.385807 32.316662
v 54.554039 7.385807 32.316662
v 64.749619 -0.164156 20.561567
v 61.993935 -0.164155 20.561567
v 61.993935 2.631785 20.561567
v 64.749619 2.631785 20.561567
v 64.749619 2.049107 25.785433
v 61.993938 2.049107 25.785433
v 61.993938 4.845048 25.785433
v 64.749619 4.845048 25.785433
v 99.927582 -0.014090 21.389311
v 97.171898 -0.014090 21.389311
v 97.171898 2.489032 21.389311
v 99.927582 2.489032 21.389309
v 78.943283 -0.436830 19.624443
v 76.187607 -0.436830 19.624443
v 76.187607 2.359112 19.624443
v 78.943283 2.359112 19.624443
v 78.943283 0.624109 24.848309
v 76.187607 0.624109 24.848309
v 76.187607 3.420050 24.848309
v 78.943283 3.420050 24.848309
v 99.927582 1.185006 26.804934
v 97.171898 1.185006 26.804934
v 97.171898 3.688129 26.804934
v 99.927582 3.688129 26.804932
v 94.974640 2.012439 31.125748
v 91.250183 2.012439 31.125748
v 91.250183 4.808381 31.125748
v 94.974640 4.808381 31.125748
v 83.097481 2.445713 32.316662
v 80.341805 2.445713 32.316662
v 80.341805 4.948835 32.316662
v 83.097488 4.948835 32.316658
v 94.902222 -0.164155 20.561567
v 91.177765 -0.164155 20.561567
v 91.177765 2.631785 20.561567
v 94.902222 2.631785 20.561567
v 94.902222 0.896783 25.785433
v 91.177765 0.896783 25.785433
v 91.177765 3.692724 25.785433
v 94.902222 3.692724 25.785433
v 40.188831 -0.014090 21.389305
v 37.433151 -0.014090 21.389305
v 37.433151 2.489032 21.389305
v 40.188831 2.489032 21.389305
v 19.204533 -0.436830 19.624437
v 16.448849 -0.436830 19.624437
v 16.448849 2.359112 19.624437
v 19.204533 2.359112 19.624437
v 19.204533 0.624109 24.848303
v 16.448849 0.624109 24.848305
v 16.448849 3.420050 24.848305
v 19.204533 3.420050 24.848303
v 40.188831 1.185006 26.804928
v 37.433147 1.185006 26.804928
v 37.433147 3.688129 26.804928
v 40.188831 3.688129 26.804926
v 35.235886 2.012439 31.125742
v 31.511433 2.012439 31.125744
v 31.511433 4.808381 31.125742
v 35.235886 4.808381 31.125742
v 23.358727 2.445713 32.316658
v 20.603046 2.445713 32.316658
v 20.603046 4.948835 32.316658
v 23.358730 4.948835 32.316654
v 35.163471 -0.164155 20.561562
v 31.439018 -0.164155 20.561562
v 31.439018 2.631785 20.561562
v 35.163471 2.631785 20.561562
v 35.163467 0.896783 25.785427
v 31.439014 0.896784 25.785427
v 31.439014 3.692724 25.785427
v 35.163467 3.692724 25.785427
v 547.026245 -0.744437 -240.684845
v 547.724731 -0.744437 -238.019150
v 547.724731 1.758686 -238.019150
v 547.026245 1.758686 -240.684845
v 547.954102 -1.465529 -230.120712
v 548.652588 -1.465529 -227.455032
v 548.652588 1.330412 -227.455032
v 547.954102 1.330412 -230.120712
v 553.007324 0.444357 -231.444855
v 553.705872 0.444357 -228.779175
v 553.705872 3.240298 -228.779175
v 553.007324 3.240298 -231.444855
v 525.676147 -0.642006 -311.302185
v 526.466431 -0.642006 -308.662231
v 526.466431 1.861117 -308.662231
v 525.676147 1.861117 -311.302185
v 526.968811 -1.363098 -300.776459
v 527.759094 -1.363098 -298.136536
v 527.759094 1.432843 -298.136536
v 526.968811 1.432843 -300.776459
v 531.973267 0.546787 -302.274567
v 532.763550 0.546787 -299.634644
v 532.763550 3.342729 -299.634644
v 531.973267 3.342728 -302.274567
v 555.219299 -0.641985 -38.971867
v 555.208008 -0.641985 -36.216206
v 555.208008 1.861137 -36.216206
v 555.219299 1.861137 -38.971867
v 553.396179 -1.363077 -28.524963
v 553.384888 -1.363077 -25.769306
v 553.384888 1.432864 -25.769306
v 553.396179 1.432864 -28.524963
v 558.619995 0.546809 -28.503521
v 558.608704 0.546808 -25.747864
v 558.608704 3.342750 -25.747866
v 558.619995 3.342749 -28.503523
v -326.005493 21.880053 -565.457764
v -326.041412 21.880053 -568.213257
v -326.041412 24.383175 -568.213257
v -326.005493 24.383175 -565.457764
v -324.384460 21.065775 -576.502563
v -324.420380 21.065775 -579.257996
v -324.420380 23.861715 -579.257996
v -324.384460 23.861715 -576.502563
v -329.607880 23.279037 -576.434448
v -329.643799 23.279037 -579.189941
v -329.643799 26.074978 -579.189941
v -329.607880 26.074978 -576.434448
v -331.420654 24.188984 -565.387207
v -331.456573 24.188984 -568.142639
v -331.456573 26.692108 -568.142639
v -331.420654 26.692108 -565.387207
v -326.005493 21.880054 -540.772400
v -326.041412 21.880053 -543.527893
v -326.041412 24.383175 -543.527893
v -326.005493 24.383177 -540.772400
v -324.384460 21.065777 -551.817200
v -324.420380 21.065777 -554.572632
v -324.420380 23.861717 -554.572632
v -324.384460 23.861717 -551.817200
v -329.607880 23.279039 -551.749084
v -329.643799 23.279039 -554.504578
v -329.643799 26.074980 -554.504578
v -329.607880 26.074980 -551.749084
v -331.420654 24.188986 -540.701843
v -331.456573 24.188984 -543.457275
v -331.456573 26.692108 -543.457275
v -331.420654 26.692110 -540.701843
v -326.005493 21.880056 -515.558044
v -326.041412 21.880054 -518.313538
v -326.041412 24.383177 -518.313538
v -326.005493 24.383179 -515.558044
v -324.384460 21.065779 -526.602844
v -324.420380 21.065779 -529.358276
v -324.420380 23.861719 -529.358276
v -324.384460 23.861719 -526.602844
v -329.607880 23.279041 -526.534729
v -329.643799 23.279041 -529.290222
v -329.643799 26.074982 -529.290222
v -329.607880 26.074982 -526.534729
v -331.420654 24.188988 -515.487488
v -331.456573 24.188986 -518.242920
v -331.456573 26.692110 -518.242920
v -331.420654 26.692112 -515.487488
v 376.544098 36.461552 -979.558655
v 378.624054 36.461552 -977.750977
v 378.624054 38.964672 -977.750977
v 376.544098 38.964672 -979.558655
v 390.010376 35.647274 -965.516907
v 392.090302 35.647274 -963.709229
v 392.090302 38.443214 -963.709229
v 390.010376 38.443214 -965.516907
v 393.437103 37.860538 -969.459778
v 395.517029 37.860538 -967.652100
v 395.517029 40.656479 -967.652100
v 393.437103 40.656479 -969.459778
v 380.096649 38.770481 -983.646240
v 382.176575 38.770481 -981.838562
v 382.176575 41.273605 -981.838562
v 380.096649 41.273605 -983.646240
v 386.669373 40.168930 -983.658508
v 388.749329 40.168930 -981.850830
v 388.749329 42.964870 -981.850830
v 386.669373 42.964870 -983.658508
v 395.200684 40.966789 -977.821777
v 397.280609 40.966789 -976.014099
v 397.280609 43.469910 -976.014099
v 395.200684 43.469910 -977.821777
v 379.794189 35.919949 -975.637390
v 381.874115 35.919949 -973.829712
v 381.874115 38.715889 -973.829712
v 379.794159 38.715889 -975.637390
v 383.220917 38.133209 -979.580261
v 385.300842 38.133209 -977.772583
v 385.300842 40.929150 -977.772583
v 383.220917 40.929150 -979.580261
v 353.785522 36.070007 -999.338135
v 355.865479 36.070007 -997.530457
v 355.865479 38.573132 -997.530457
v 353.785522 38.573132 -999.338135
v 368.466339 35.647274 -984.240784
v 370.546265 35.647274 -982.433105
v 370.546265 38.443214 -982.433105
v 368.466339 38.443214 -984.240784
v 371.893097 36.708210 -988.183655
v 373.973022 36.708210 -986.375977
v 373.973022 39.504150 -986.375977
v 371.893097 39.504150 -988.183655
v 357.338074 37.269108 -1003.425720
v 359.417999 37.269104 -1001.618042
v 359.417999 39.772228 -1001.618042
v 357.338074 39.772228 -1003.425720
v 363.910797 38.096539 -1003.437927
v 366.721954 38.096539 -1000.994812
v 366.721954 40.892479 -1000.994812
v 363.910797 40.892479 -1003.437927
v 373.656647 38.529816 -996.545654
v 375.736603 38.529816 -994.737976
v 375.736603 41.032936 -994.737976
v 373.656647 41.032936 -996.545654
v 357.035583 35.919945 -995.416809
v 359.846741 35.919945 -992.973633
v 359.846741 38.715885 -992.973633
v 357.035583 38.715885 -995.416809
v 360.462341 36.980885 -999.359680
v 363.273468 36.980885 -996.916504
v 363.273468 39.776825 -996.916504
v 360.462341 39.776825 -999.359680
v 398.875153 36.158527 -960.150757
v 400.955078 36.158527 -958.343140
v 400.955078 38.661648 -958.343140
v 398.875153 38.661648 -960.150757
v 413.555939 35.735786 -945.053467
v 415.635895 35.735786 -943.245789
v 415.635895 38.531727 -943.245789
v 413.555939 38.531727 -945.053467
v 416.982697 36.796726 -948.996338
v 419.062622 36.796726 -947.188660
v 419.062622 39.592670 -947.188660
v 416.982697 39.592670 -948.996338
v 402.427673 37.357624 -964.238403
v 404.507599 37.357624 -962.430725
v 404.507599 39.860748 -962.430725
v 402.427673 39.860748 -964.238403
v 409.000427 38.185059 -964.250610
v 411.811554 38.185059 -961.807495
v 411.811554 40.980999 -961.807495
v 409.000427 40.980999 -964.250610
v 418.746277 38.618332 -957.358337
v 420.826202 38.618332 -955.550659
v 420.826202 41.121456 -955.550659
v 418.746277 41.121456 -957.358337
v 402.125183 36.008461 -956.229492
v 404.936340 36.008461 -953.786316
v 404.936340 38.804401 -953.786316
v 402.125183 38.804401 -956.229492
v 405.551941 37.069401 -960.172363
v 408.363098 37.069401 -957.729187
v 408.363098 39.865341 -957.729187
v 405.551941 39.865341 -960.172363
v 489.611389 32.982876 -878.582336
v 491.669128 32.982876 -876.749451
v 491.669128 35.485996 -876.749451
v 489.611389 35.485996 -878.582336
v 502.905487 32.168598 -864.377502
v 504.963226 32.168598 -862.544617
v 504.963226 34.964539 -862.544617
v 502.905487 34.964539 -864.377502
v 506.380035 34.381859 -868.278259
v 508.437775 34.381859 -866.445374
v 508.437775 37.177799 -866.445374
v 506.380035 37.177799 -868.278259
v 493.213501 35.291805 -882.626343
v 495.271240 35.291805 -880.793457
v 495.271240 37.794930 -880.793457
v 493.213501 37.794930 -882.626343
v 499.785889 36.690250 -882.558472
v 501.843628 36.690250 -880.725586
v 501.843628 39.486191 -880.725586
v 499.785889 39.486191 -882.558472
v 508.245422 37.488110 -876.618225
v 510.303162 37.488110 -874.785339
v 510.303162 39.991234 -874.785339
v 508.245422 39.991234 -876.618164
v 492.813416 32.441273 -874.621704
v 494.871155 32.441273 -872.788818
v 494.871155 35.237213 -872.788818
v 492.813416 35.237213 -874.621704
v 496.287964 34.654533 -878.522522
v 498.345703 34.654533 -876.689636
v 498.345703 37.450474 -876.689636
v 496.287964 37.450474 -878.522522
v 467.095612 32.591331 -898.637695
v 469.153351 32.591331 -896.804810
v 469.153351 35.094456 -896.804810
v 467.095612 35.094456 -898.637695
v 481.591309 32.168598 -883.362549
v 483.649048 32.168598 -881.529663
v 483.649048 34.964539 -881.529663
v 481.591309 34.964539 -883.362549
v 485.065857 33.229534 -887.263367
v 487.123596 33.229534 -885.430481
v 487.123596 36.025475 -885.430481
v 485.065857 36.025475 -887.263367
v 470.697693 33.790428 -902.681702
v 472.755432 33.790428 -900.848816
v 472.755432 36.293552 -900.848816
v 470.697693 36.293552 -902.681702
v 477.270111 34.617863 -902.613831
v 480.051270 34.617863 -900.136597
v 480.051239 37.413803 -900.136597
v 477.270111 37.413803 -902.613831
v 486.931213 35.051136 -895.603271
v 488.988953 35.051136 -893.770386
v 488.988953 37.554260 -893.770386
v 486.931213 37.554260 -895.603271
v 470.297638 32.441269 -894.677124
v 473.078796 32.441269 -892.199829
v 473.078796 35.237209 -892.199829
v 470.297638 35.237209 -894.677124
v 473.772186 33.502205 -898.577881
v 476.553314 33.502205 -896.100647
v 476.553314 36.298145 -896.100647
v 473.772186 36.298145 -898.577881
v 511.704193 32.591335 -858.903687
v 513.761963 32.591335 -857.070801
v 513.761963 35.094460 -857.070801
v 511.704193 35.094460 -858.903687
v 526.199890 32.168598 -843.628540
v 528.257629 32.168598 -841.795654
v 528.257629 34.964539 -841.795654
v 526.199890 34.964539 -843.628540
v 529.674438 33.229538 -847.529358
v 531.732178 33.229538 -845.696472
v 531.732178 36.025478 -845.696472
v 529.674438 36.025478 -847.529358
v 515.306274 33.790432 -862.947693
v 517.364014 33.790432 -861.114807
v 517.364014 36.293556 -861.114807
v 515.306274 36.293556 -862.947693
v 521.878723 34.617867 -862.879822
v 524.659851 34.617867 -860.402588
v 524.659851 37.413807 -860.402588
v 521.878723 37.413807 -862.879822
v 531.539795 35.051140 -855.869263
v 533.597534 35.051140 -854.036377
v 533.597534 37.554264 -854.036377
v 531.539795 37.554264 -855.869263
v 514.906250 32.441273 -854.943115
v 517.687378 32.441273 -852.465820
v 517.687378 35.237213 -852.465820
v 514.906250 35.237213 -854.943115
v 518.380798 33.502209 -858.843872
v 521.161926 33.502213 -856.366638
v 521.161926 36.298153 -856.366638
v 518.380798 36.298153 -858.843872
v 320.035065 30.127939 -723.159912
v 322.529358 30.127939 -724.331299
v 322.529388 32.631065 -724.331299
v 320.035065 32.631065 -723.159912
v 330.762543 29.313663 -726.247986
v 333.256866 29.313663 -727.419373
v 333.256866 32.109608 -727.419373
v 330.762543 32.109608 -726.247986
v 328.541992 31.526926 -730.976379
v 331.036285 31.526926 -732.147766
v 331.036285 34.322868 -732.147766
v 328.541962 34.322868 -730.976379
v 317.732971 32.436874 -728.061890
v 320.227295 32.436874 -729.233276
v 320.227295 34.939995 -729.233276
v 317.732971 34.939995 -728.061890
v 342.995728 30.759285 -733.579651
v 345.490051 30.759285 -734.751038
v 345.490051 33.262405 -734.751038
v 342.995728 33.262405 -733.579651
v 353.723236 29.945009 -736.667664
v 356.217560 29.945009 -737.839050
v 356.217560 32.740948 -737.839050
v 353.723236 32.740948 -736.667664
v 351.502686 32.158272 -741.396118
v 353.996979 32.158268 -742.567505
v 353.996979 34.954212 -742.567505
v 351.502655 34.954212 -741.396118
v 340.693665 33.068214 -738.481628
v 343.187988 33.068214 -739.653015
v 343.187988 35.571339 -739.653015
v 340.693665 35.571339 -738.481628
v 365.474731 30.528347 -743.780701
v 367.969055 30.528347 -744.952087
v 367.969055 33.031467 -744.952087
v 365.474731 33.031467 -743.780701
v 376.202240 29.714069 -746.868713
v 378.696533 29.714069 -748.040100
v 378.696533 32.510010 -748.040100
v 376.202240 32.510010 -746.868713
v 373.981659 31.927332 -751.597168
v 376.475983 31.927332 -752.768494
v 376.475983 34.723274 -752.768494
v 373.981659 34.723274 -751.597168
v 363.172668 32.837276 -748.682678
v 365.666992 32.837276 -749.854065
v 365.666992 35.340401 -749.854065
v 363.172668 35.340401 -748.682678
vn -0.0000 -0.0000 -1.0000
vn 0.9957 -0.0000 0.0924
vn 0.0493 -0.0000 0.9988
vn -0.9959 -0.0000 -0.0910
vn 0.0730 -0.0000 0.9973
vn -0.9957 -0.0000 -0.0926
vn 0.0321 -0.0000 0.9995
vn -0.9957 -0.0000 -0.0922
vn 1.0000 -0.0000 0.0018
vn -0.0942 -0.0000 0.9956
vn 0.0974 -0.0000 0.9953
vn 0.0973 -0.0000 0.9953
vn 0.0974 -0.0000 0.9952
vn -1.0000 -0.0000 0.0049
vn -0.9933 -0.0000 0.1153
vn -0.0230 -0.0000 -0.9997
vn 0.9973 -0.0000 -0.0730
vn 0.9918 -0.0000 -0.1280
vn 0.9716 -0.0000 -0.2366
vn 0.9396 -0.0000 -0.3424
vn 0.8960 -0.0000 -0.4440
vn 0.8416 -0.0000 -0.5401
vn 0.7768 -0.0000 -0.6297
vn 0.7408 -0.0000 -0.6717
vn 0.9993 -0.0000 -0.0377
vn 0.9326 -0.0000 -0.3610
vn 0.7745 -0.0000 -0.6326
vn 0.8083 -0.0000 -0.5888
vn 0.8683 -0.0000 -0.4961
vn 0.9177 -0.0000 -0.3972
vn 0.9560 -0.0000 -0.2935
vn 0.9825 -0.0000 -0.1862
vn 0.9971 -0.0000 -0.0767
vn 0.9998 -0.0000 -0.0215
vn 0.9829 -0.0000 -0.1843
vn 0.7424 -0.0000 -0.6699
vn 0.7043 -0.0000 -0.7099
vn 0.6640 -0.0000 -0.7478
vn 0.8886 -0.0000 -0.4587
vn 0.8619 -0.0000 -0.5071
vn 0.8325 -0.0000 -0.5540
vn 0.0353 -0.0000 0.9994
vn 0.5576 -0.0000 0.8301
vn 0.3200 -0.0000 0.9474
vn 0.4316 -0.0000 -0.9021
vn 0.2926 -0.0000 -0.9562
vn -0.0017 -0.0000 -1.0000
vn -0.2958 -0.0000 -0.9552
vn -0.5638 -0.0000 -0.8259
vn -0.7818 -0.0000 -0.6235
vn -0.9307 -0.0000 -0.3659
vn -0.9747 -0.0000 -0.2233
vn 0.5157 -0.0000 -0.8568
vn -0.3467 -0.0000 -0.9380
vn -0.9343 -0.0000 -0.3565
vn -0.8709 -0.0000 -0.4915
vn -0.6877 -0.0000 -0.7260
vn -0.4437 -0.0000 -0.8962
vn -0.1604 -0.0000 -0.9871
vn 0.1371 -0.0000 -0.9906
vn 0.4225 -0.0000 -0.9064
vn 0.5526 -0.0000 -0.8334
vn 0.1425 -0.0000 -0.9898
vn -0.9733 -0.0000 -0.2295
vn -0.9966 -0.0000 -0.0822
vn -0.9978 -0.0000 0.0670
vn -0.6001 -0.0000 -0.7999
vn -0.7124 -0.0000 -0.7018
vn -0.8089 -0.0000 -0.5880
vn 0.9244 -0.0000 0.3814
vn 0.4439 -0.0000 -0.8961
vn 0.4440 -0.0000 -0.8960
vn 0.9238 -0.0000 -0.3830
vn -0.0942 -0.0000 0.9955
vn 0.0126 -0.0000 0.9999
vn 0.0104 -0.0000 0.9999
vn -0.0092 -0.0000 1.0000
vn -0.9948 -0.0000 -0.1016
vn -0.2483 -0.0000 -0.9687
vn -0.2327 -0.0000 -0.9725
vn -0.2015 -0.0000 -0.9795
vn -0.1700 -0.0000 -0.9854
vn -0.1383 -0.0000 -0.9904
vn -0.1065 -0.0000 -0.9943
vn -0.0746 -0.0000 -0.9972
vn -0.0747 -0.0000 -0.9972
vn -0.0587 -0.0000 -0.9983
vn -0.2582 -0.0000 -0.9661
vn -0.1643 -0.0000 -0.9864
vn -0.0736 -0.0000 -0.9973
vn -0.0895 -0.0000 -0.9960
vn -0.1214 -0.0000 -0.9926
vn -0.1531 -0.0000 -0.9882
vn -0.1847 -0.0000 -0.9828
vn -0.2161 -0.0000 -0.9764
vn -0.2472 -0.0000 -0.9690
vn -0.2627 -0.0000 -0.9649
vn -0.2166 -0.0000 -0.9763
vn -0.0593 -0.0000 -0.9982
vn -0.0434 -0.0000 -0.9991
vn -0.0273 -0.0000 -0.9996
vn -0.1336 -0.0000 -0.9910
vn -0.1177 -0.0000 -0.9930
vn -0.1018 -0.0000 -0.9948
vn 0.9898 -0.0000 -0.1423
vn 0.9998 -0.0000 0.0183
vn 0.9983 -0.0000 -0.0586
vn 0.3774 -0.0000 -0.9260
vn 0.4064 -0.0000 -0.9137
vn 0.4631 -0.0000 -0.8863
vn 0.5181 -0.0000 -0.8553
vn 0.5709 -0.0000 -0.8210
vn 0.6215 -0.0000 -0.7834
vn 0.6696 -0.0000 -0.7427
vn 0.6927 -0.0000 -0.7212
vn 0.3586 -0.0000 -0.9335
vn 0.5277 -0.0000 -0.8494
vn 0.6712 -0.0000 -0.7413
vn 0.6475 -0.0000 -0.7621
vn 0.5982 -0.0000 -0.8013
vn 0.5465 -0.0000 -0.8374
vn 0.4927 -0.0000 -0.8702
vn 0.4369 -0.0000 -0.8995
vn 0.3794 -0.0000 -0.9252
vn 0.3500 -0.0000 -0.9367
vn 0.4359 -0.0000 -0.9000
vn 0.6917 -0.0000 -0.7222
vn 0.7141 -0.0000 -0.7000
vn 0.7358 -0.0000 -0.6772
vn 0.5786 -0.0000 -0.8156
vn 0.6040 -0.0000 -0.7970
vn 0.6288 -0.0000 -0.7775
vn 0.8726 -0.0000 0.4884
vn 0.6768 -0.0000 0.7361
vn 0.7802 -0.0000 0.6255
vn 0.8677 -0.0000 -0.4971
vn 0.9234 -0.0000 -0.3839
vn 0.9644 -0.0000 -0.2645
vn 0.1742 -0.0000 0.9847
vn 0.9957 -0.0000 0.0925
vn -0.2191 -0.0000 -0.9757
vn -0.2014 -0.0000 -0.9795
vn -0.1659 -0.0000 -0.9861
vn -0.1301 -0.0000 -0.9915
vn -0.0942 -0.0000 -0.9956
vn -0.0581 -0.0000 -0.9983
vn -0.0220 -0.0000 -0.9998
vn -0.0039 -0.0000 -1.0000
vn -0.2304 -0.0000 -0.9731
vn -0.1237 -0.0000 -0.9923
vn -0.0208 -0.0000 -0.9998
vn -0.0388 -0.0000 -0.9992
vn -0.0750 -0.0000 -0.9972
vn -0.1110 -0.0000 -0.9938
vn -0.1468 -0.0000 -0.9892
vn -0.1825 -0.0000 -0.9832
vn -0.2179 -0.0000 -0.9760
vn -0.2355 -0.0000 -0.9719
vn -0.1831 -0.0000 -0.9831
vn -0.0047 -0.0000 -1.0000
vn 0.0134 -0.0000 -0.9999
vn 0.0315 -0.0000 -0.9995
vn -0.0888 -0.0000 -0.9960
vn -0.0708 -0.0000 -0.9975
vn -0.0527 -0.0000 -0.9986
vn 0.9939 -0.0000 -0.1100
vn 0.9974 -0.0000 0.0717
vn 0.9999 -0.0000 -0.0152
vn 0.5520 -0.0000 0.8339
vn 0.5519 -0.0000 0.8339
vn -0.8813 -0.0000 0.4725
vn -0.1966 -0.0000 0.9805
vn -0.1779 -0.0000 0.9840
vn 0.5155 -0.0000 0.8569
vn 0.5245 -0.0000 0.8514
vn 0.5335 -0.0000 0.8458
vn -0.3193 -0.0000 0.9477
vn -0.3192 -0.0000 0.9477
vn -0.9141 -0.0000 -0.4055
vn -0.0865 -0.0000 0.9963
vn -0.0354 -0.0000 0.9994
vn 0.0668 -0.0000 0.9978
vn 0.1684 -0.0000 0.9857
vn 0.2682 -0.0000 0.9634
vn 0.3652 -0.0000 0.9309
vn 0.4583 -0.0000 0.8888
vn 0.5032 -0.0000 0.8642
vn -0.1190 -0.0000 0.9929
vn 0.1865 -0.0000 0.9825
vn 0.4614 -0.0000 0.8872
vn 0.4154 -0.0000 0.9096
vn 0.3203 -0.0000 0.9473
vn 0.2219 -0.0000 0.9751
vn 0.1212 -0.0000 0.9926
vn 0.0192 -0.0000 0.9998
vn -0.0830 -0.0000 0.9965
vn -0.1339 -0.0000 0.9910
vn 0.0173 -0.0000 0.9999
vn 0.0173 -0.0000 0.9998
vn 0.5013 -0.0000 0.8653
vn 0.5449 -0.0000 0.8385
vn 0.5870 -0.0000 0.8096
vn 0.2829 -0.0000 0.9592
vn 0.3316 -0.0000 0.9434
vn 0.3315 -0.0000 0.9434
vn 0.3793 -0.0000 0.9253
vn -0.9917 -0.0000 -0.1289
vn -0.9267 -0.0000 0.3758
vn -0.9903 -0.0000 0.1389
vn 0.5776 -0.0000 0.8163
vn -0.8662 -0.0000 0.4997
vn -0.5629 -0.0000 -0.8265
vn -0.5630 -0.0000 -0.8265
vn 0.8750 -0.0000 -0.4841
vn -0.9962 -0.0000 -0.0874
vn 0.5208 -0.0000 0.8537
vn -0.8982 -0.0000 0.4396
vn -0.5800 -0.0000 -0.8146
vn 0.8647 -0.0000 -0.5022
vn -0.9978 -0.0000 -0.0666
vn -0.9076 -0.0000 -0.4199
vn 0.5020 -0.0000 -0.8649
vn 0.7462 -0.0000 0.6658
vn -0.7319 -0.0000 0.6814
vn 0.8479 -0.0000 -0.5302
vn -0.9587 -0.0000 0.2844
vn -0.1945 -0.0000 -0.9809
vn -1.0000 -0.0000 -0.0002
vn -0.9622 -0.0000 0.2722
vn -0.7233 -0.0000 -0.6905
vn 0.9669 -0.0000 -0.2553
vn 0.1648 -0.0000 0.9863
vn 0.1649 -0.0000 0.9863
vn -1.0000 -0.0000 0.0019
vn 0.0905 -0.0000 -0.9959
vn 0.8625 -0.0000 0.5061
vn 0.8624 -0.0000 0.5061
vn -0.5837 -0.0000 0.8120
vn -0.0067 -0.0000 -1.0000
vn 0.9963 -0.0000 0.0857
vn 0.0983 -0.0000 0.9952
vn -1.0000 -0.0000 0.0059
vn -0.9687 -0.0000 0.2483
vn -0.1577 -0.0000 -0.9875
vn -1.0000 -0.0000 0.0020
vn 0.0113 -0.0000 0.9999
vn -0.9967 -0.0000 -0.0812
vn -0.0263 -0.0000 0.9997
vn -0.9887 -0.0000 -0.1501
vn 0.4116 -0.0000 0.9114
vn 0.4116 -0.0000 0.9113
vn 0.4117 -0.0000 0.9113
vn -0.9600 -0.0000 0.2800
vn -0.5114 -0.0000 0.8594
vn -0.5113 -0.0000 0.8594
vn -0.5114 -0.0000 0.8593
vn -0.7793 -0.0000 -0.6267
vn -0.7793 -0.0000 -0.6266
vn -0.5571 -0.0000 0.8305
vn -0.5570 -0.0000 0.8305
vn -0.7272 -0.0000 -0.6865
vn -0.7271 -0.0000 -0.6865
vn -0.6607 -0.0000 0.7506
vn -0.6628 -0.0000 -0.7488
vn -0.6629 -0.0000 -0.7487
vn -0.6629 -0.0000 -0.7488
vn -0.4747 -0.0000 -0.8802
vn -0.4747 -0.0000 -0.8801
vn 0.9203 -0.0000 -0.3913
vn -0.7437 -0.0000 0.6685
vn -0.5969 -0.0000 -0.8023
vn -0.7751 -0.0000 -0.6318
vn -0.7752 -0.0000 -0.6318
vn 0.7007 -0.0000 -0.7134
vn 0.4329 -0.0000 0.9014
vn -0.9532 -0.0000 0.3024
vn 0.4535 -0.0000 0.8913
vn 0.4534 -0.0000 0.8913
vn -0.9539 -0.0000 0.3002
vn 0.5925 -0.0000 -0.8056
vn 0.5924 -0.0000 -0.8056
vn 0.5659 -0.0000 -0.8245
vn 0.5660 -0.0000 -0.8244
vn 0.5388 -0.0000 -0.8424
vn 0.6968 -0.0000 0.7173
vn -0.3905 -0.0000 -0.9206
vn -0.3906 -0.0000 -0.9206
vn 0.9662 -0.0000 -0.2578
vn -0.3402 -0.0000 -0.9404
vn -0.3402 -0.0000 -0.9403
vn 0.9836 -0.0000 -0.1804
vn 0.4928 -0.0000 -0.8702
vn 0.4928 -0.0000 -0.8701
vn 0.8209 -0.0000 0.5711
vn 0.8051 -0.0000 -0.5931
vn 0.5161 -0.0000 0.8565
vn 0.3414 -0.0000 -0.9399
vn 0.9043 -0.0000 0.4268
vn -0.9593 -0.0000 0.2822
vn -0.9594 -0.0000 0.2822
vn -0.5805 -0.0000 -0.8142
vn -0.5806 -0.0000 -0.8142
vn -0.5805 -0.0000 -0.8143
vn 1.0000 -0.0000 0.0030
vn -0.9673 -0.0000 0.2535
vn -0.9580 -0.0000 0.2868
vn -1.0000 -0.0000 -0.0041
vn 0.9999 -0.0000 -0.0130
vn -0.6560 -0.0000 0.7548
vn -0.6559 -0.0000 0.7548
vn -0.6560 -0.0000 0.7547
vn -0.6651 -0.0000 0.7467
vn -0.6652 -0.0000 0.7467
vn 0.4251 -0.0000 0.9052
vn 0.4251 -0.0000 0.9051
vt 0.835472 1.000500
vt 0.359757 1.000500
vt 0.359757 1.999500
vt 0.835472 1.999501
vt 0.894489 1.000499
vt 1.317795 1.000499
vt 1.317795 1.999499
vt 0.894489 1.999500
vt 0.361611 1.000500
vt 0.003547 1.000499
vt 0.003547 1.999499
vt 0.361611 1.999500
vt 0.391384 1.000500
vt 0.989528 1.000499
vt 0.989529 1.999500
vt 0.391385 1.999500
vt 0.000500 1.000501
vt 0.500000 1.000500
vt 0.500000 1.999500
vt 0.000500 1.999501
vt 0.999500 1.000499
vt 0.999501 1.999499
vt -0.013930 1.000500
vt 0.407436 1.000500
vt 0.407436 1.999500
vt -0.013930 1.999501
vt -0.004232 1.000501
vt 0.357725 1.000500
vt 0.357725 1.999500
vt -0.004232 1.999501
vt 0.899214 1.000500
vt 0.414497 1.000500
vt 0.414497 1.999500
vt 0.899214 1.999501
vt 0.379760 1.000500
vt 0.840129 1.000499
vt 0.840129 1.999500
vt 0.379760 1.999501
vt -0.011002 1.000500
vt 0.409453 1.000500
vt 0.409453 1.999500
vt -0.011002 1.999501
s 1
usemtl PEOPLEA
f 1/1/1 2/2/1 3/3/1
f 3/3/1 4/4/1 1/1/1
f 2/5/1 5/6/1 6/7/1
f 6/7/1 3/8/1 2/5/1
f 5/9/1 7/10/1 8/11/1
f 8/11/1 6/12/1 5/9/1
f 7/13/1 9/14/1 10/15/1
f 10/15/1 8/16/1 7/13/1
f 9/17/1 11/18/1 12/19/1
f 12/19/1 10/20/1 9/17/1
f 11/18/1 13/21/1 14/22/1
f 14/22/1 12/19/1 11/18/1
f 13/23/1 15/24/1 16/25/1
f 16/25/1 14/26/1 13/23/1
f 17/5/1 18/6/1 19/7/1
f 19/7/1 20/8/1 17/5/1
f 21/27/1 22/28/1 23/29/1
f 23/29/1 24/30/1 21/27/1
f 25/1/1 26/4/1 27/3/1
f 27/3/1 28/2/1 25/1/1
f 28/5/1 27/8/1 29/7/1
f 29/7/1 30/6/1 28/5/1
f 30/9/1 29/12/1 31/11/1
f 31/11/1 32/10/1 30/9/1
f 32/13/1 31/16/1 33/15/1
f 33/15/1 34/14/1 32/13/1
f 34/17/1 33/20/1 35/19/1
f 35/19/1 36/18/1 34/17/1
f 36/18/1 35/19/1 37/22/1
f 37/22/1 38/21/1 36/18/1
f 38/23/1 37/26/1 39/25/1
f 39/25/1 40/24/1 38/23/1
f 41/1/1 42/2/1 43/3/1
f 43/3/1 44/4/1 41/1/1
f 45/9/1 46/10/1 47/11/1
f 47/11/1 48/12/1 45/9/1
f 46/13/1 49/14/1 50/15/1
f 50/15/1 47/16/1 46/13/1
f 51/31/1 52/32/1 53/33/1
f 53/33/1 54/34/1 51/31/1
f 52/23/1 55/24/1 56/25/1
f 56/25/1 53/26/1 52/23/1
f 57/27/2 58/28/2 59/29/2
f 59/29/2 60/30/2 57/27/2
f 61/27/2 62/28/2 63/29/2
f 63/29/2 64/30/2 61/27/2
f 65/27/2 66/28/2 67/29/2
f 67/29/2 68/30/2 65/27/2
f 69/1/1 70/2/1 71/3/1
f 71/3/1 72/4/1 69/1/1
f 70/5/1 73/6/1 74/7/1
f 74/7/1 71/8/1 70/5/1
f 73/9/1 75/10/1 76/11/1
f 76/11/1 74/12/1 73/9/1
f 75/13/1 77/14/1 78/15/1
f 78/15/1 76/16/1 75/13/1
f 77/17/1 79/18/1 80/19/1
f 80/19/1 78/20/1 77/17/1
f 79/18/1 81/21/1 82/22/1
f 82/22/1 80/19/1 79/18/1
f 81/23/1 83/24/1 84/25/1
f 84/25/1 82/26/1 81/23/1
f 85/5/1 86/6/1 87/7/1
f 87/7/1 88/8/1 85/5/1
f 89/27/1 90/28/1 91/29/1
f 91/29/1 92/30/1 89/27/1
f 93/1/1 94/4/1 95/3/1
f 95/3/1 96/2/1 93/1/1
f 96/5/1 95/8/1 97/7/1
f 97/7/1 98/6/1 96/5/1
f 98/9/1 97/12/1 99/11/1
f 99/11/1 100/10/1 98/9/1
f 100/13/1 99/16/1 101/15/1
f 101/15/1 102/14/1 100/13/1
f 102/17/1 101/20/1 103/19/1
f 103/19/1 104/18/1 102/17/1
f 104/18/1 103/19/1 105/22/1
f 105/22/1 106/21/1 104/18/1
f 106/23/1 105/26/1 107/25/1
f 107/25/1 108/24/1 106/23/1
f 109/1/1 110/2/1 111/3/1
f 111/3/1 112/4/1 109/1/1
f 113/9/1 114/10/1 115/11/1
f 115/11/1 116/12/1 113/9/1
f 114/13/1 117/14/1 118/15/1
f 118/15/1 115/16/1 114/13/1
f 119/31/1 120/32/1 121/33/1
f 121/33/1 122/34/1 119/31/1
f 120/23/1 123/24/1 124/25/1
f 124/25/1 121/26/1 120/23/1
f 125/27/2 126/28/2 127/29/2
f 127/29/2 128/30/2 125/27/2
f 129/27/2 130/28/2 131/29/2
f 131/29/2 132/30/2 129/27/2
f 133/27/2 134/28/2 135/29/2
f 135/29/2 136/30/2 133/27/2
f 137/1/1 138/2/1 139/3/1
f 139/3/1 140/4/1 137/1/1
f 138/5/1 141/6/1 142/7/1
f 142/7/1 139/8/1 138/5/1
f 141/9/1 379/10/1 382/11/1
f 382/11/1 142/12/1 141/9/1
f 143/1/1 144/2/1 145/3/1
f 145/3/1 146/4/1 143/1/1
f 144/5/1 147/6/1 148/7/1
f 148/7/1 145/8/1 144/5/1
f 147/9/1 149/10/1 150/11/1
f 150/11/1 148/12/1 147/9/1
f 149/13/1 151/14/1 152/15/1
f 152/15/1 150/16/1 149/13/1
f 151/17/1 153/18/1 154/19/1
f 154/19/1 152/20/1 151/17/1
f 153/18/1 155/21/1 156/22/1
f 156/22/1 154/19/1 153/18/1
f 155/23/1 157/24/1 158/25/1
f 158/25/1 156/26/1 155/23/1
f 159/5/1 160/6/1 161/7/1
f 161/7/1 162/8/1 159/5/1
f 163/27/1 164/28/1 165/29/1
f 165/29/1 166/30/1 163/27/1
f 167/1/1 168/4/1 169/3/1
f 169/3/1 170/2/1 167/1/1
f 170/5/1 169/8/1 171/7/1
f 171/7/1 172/6/1 170/5/1
f 172/9/1 171/12/1 173/11/1
f 173/11/1 174/10/1 172/9/1
f 174/13/1 173/16/1 175/15/1
f 175/15/1 176/14/1 174/13/1
f 176/17/1 175/20/1 177/19/1
f 177/19/1 178/18/1 176/17/1
f 178/18/1 177/19/1 179/22/1
f 179/22/1 180/21/1 178/18/1
f 180/23/1 179/26/1 181/25/1
f 181/25/1 182/24/1 180/23/1
f 183/1/1 184/2/1 185/3/1
f 185/3/1 186/4/1 183/1/1
f 187/9/1 188/10/1 189/11/1
f 189/11/1 190/12/1 187/9/1
f 188/13/1 191/14/1 192/15/1
f 192/15/1 189/16/1 188/13/1
f 193/31/1 194/32/1 195/33/1
f 195/33/1 196/34/1 193/31/1
f 194/23/1 197/24/1 198/25/1
f 198/25/1 195/26/1 194/23/1
f 199/27/2 200/28/2 201/29/2
f 201/29/2 202/30/2 199/27/2
f 203/27/2 204/28/2 205/29/2
f 205/29/2 206/30/2 203/27/2
f 207/27/2 208/28/2 209/29/2
f 209/29/2 210/30/2 207/27/2
f 211/1/1 212/2/1 213/3/1
f 213/3/1 214/4/1 211/1/1
f 212/5/1 215/6/1 216/7/1
f 216/7/1 213/8/1 212/5/1
f 215/9/1 217/10/1 218/11/1
f 218/11/1 216/12/1 215/9/1
f 217/13/1 219/14/1 220/15/1
f 220/15/1 218/16/1 217/13/1
f 219/17/1 221/18/1 222/19/1
f 222/19/1 220/20/1 219/17/1
f 221/18/1 223/21/1 224/22/1
f 224/22/1 222/19/1 221/18/1
f 223/23/1 225/24/1 226/25/1
f 226/25/1 224/26/1 223/23/1
f 227/1/1 228/2/1 229/3/1
f 229/3/1 230/4/1 227/1/1
f 231/9/1 232/10/1 233/11/1
f 233/11/1 234/12/1 231/9/1
f 232/13/1 235/14/1 236/15/1
f 236/15/1 233/16/1 232/13/1
f 237/31/1 238/32/1 239/33/1
f 239/33/1 240/34/1 237/31/1
f 238/23/1 241/24/1 242/25/1
f 242/25/1 239/26/1 238/23/1
f 243/1/3 244/2/3 245/3/3
f 245/3/3 246/4/3 243/1/3
f 244/5/3 247/6/3 248/7/3
f 248/7/3 245/8/3 244/5/3
f 247/9/3 249/10/3 250/11/3
f 250/11/3 248/12/3 247/9/3
f 249/13/3 251/14/3 252/15/3
f 252/15/3 250/16/3 249/13/3
f 251/17/3 253/18/3 254/19/3
f 254/19/3 252/20/3 251/17/3
f 253/18/3 255/21/3 256/22/3
f 256/22/3 254/19/3 253/18/3
f 255/23/3 257/24/3 258/25/3
f 258/25/3 256/26/3 255/23/3
f 259/5/3 260/6/3 261/7/3
f 261/7/3 262/8/3 259/5/3
f 263/27/3 264/28/3 265/29/3
f 265/29/3 266/30/3 263/27/3
f 267/1/3 268/4/3 269/3/3
f 269/3/3 270/2/3 267/1/3
f 270/5/3 269/8/3 271/7/3
f 271/7/3 272/6/3 270/5/3
f 272/9/3 271/12/3 273/11/3
f 273/11/3 274/10/3 272/9/3
f 274/13/3 273/16/3 275/15/3
f 275/15/3 276/14/3 274/13/3
f 276/17/3 275/20/3 277/19/3
f 277/19/3 278/18/3 276/17/3
f 278/18/3 277/19/3 279/22/3
f 279/22/3 280/21/3 278/18/3
f 280/23/3 279/26/3 281/25/3
f 281/25/3 282/24/3 280/23/3
f 283/1/3 284/2/3 285/3/3
f 285/3/3 286/4/3 283/1/3
f 287/9/3 288/10/3 289/11/3
f 289/11/3 290/12/3 287/9/3
f 288/13/3 291/14/3 292/15/3
f 292/15/3 289/16/3 288/13/3
f 293/31/3 294/32/3 295/33/3
f 295/33/3 296/34/3 293/31/3
f 294/23/3 297/24/3 298/25/3
f 298/25/3 295/26/3 294/23/3
f 299/27/4 300/28/4 301/29/4
f 301/29/4 302/30/4 299/27/4
f 303/27/4 304/28/4 305/29/4
f 305/29/4 306/30/4 303/27/4
f 307/27/4 308/28/4 309/29/4
f 309/29/4 310/30/4 307/27/4
f 311/1/5 312/2/5 313/3/5
f 313/3/5 314/4/5 311/1/5
f 312/5/5 315/6/5 316/7/5
f 316/7/5 313/8/5 312/5/5
f 315/9/5 317/10/5 318/11/5
f 318/11/5 316/12/5 315/9/5
f 317/13/5 319/14/5 320/15/5
f 320/15/5 318/16/5 317/13/5
f 319/17/5 321/18/5 322/19/5
f 322/19/5 320/20/5 319/17/5
f 321/18/5 323/21/5 324/22/5
f 324/22/5 322/19/5 321/18/5
f 323/23/5 325/24/5 326/25/5
f 326/25/5 324/26/5 323/23/5
f 327/5/5 328/6/5 329/7/5
f 329/7/5 330/8/5 327/5/5
f 331/27/5 332/28/5 333/29/5
f 333/29/5 334/30/5 331/27/5
f 335/1/5 336/4/5 337/3/5
f 337/3/5 338/2/5 335/1/5
f 338/5/5 337/8/5 339/7/5
f 339/7/5 340/6/5 338/5/5
f 340/9/5 339/12/5 341/11/5
f 341/11/5 342/10/5 340/9/5
f 342/13/5 341/16/5 343/15/5
f 343/15/5 344/14/5 342/13/5
f 344/17/5 343/20/5 345/19/5
f 345/19/5 346/18/5 344/17/5
f 346/18/5 345/19/5 347/22/5
f 347/22/5 348/21/5 346/18/5
f 348/23/5 347/26/5 349/25/5
f 349/25/5 350/24/5 348/23/5
f 351/1/5 352/2/5 353/3/5
f 353/3/5 354/4/5 351/1/5
f 355/9/5 356/10/5 357/11/5
f 357/11/5 358/12/5 355/9/5
f 356/13/5 359/14/5 360/15/5
f 360/15/5 357/16/5 356/13/5
f 361/31/5 362/32/5 363/33/5
f 363/33/5 364/34/5 361/31/5
f 362/23/5 365/24/5 366/25/5
f 366/25/5 363/26/5 362/23/5
f 367/27/6 368/28/6 369/29/6
f 369/29/6 370/30/6 367/27/6
f 371/27/6 372/28/6 373/29/6
f 373/29/6 374/30/6 371/27/6
f 375/27/6 376/28/6 377/29/6
f 377/29/6 378/30/6 375/27/6
f 379/13/1 380/14/1 381/15/1
f 381/15/1 382/16/1 379/13/1
f 380/17/1 383/18/1 384/19/1
f 384/19/1 381/20/1 380/17/1
f 383/18/1 385/21/1 386/22/1
f 386/22/1 384/19/1 383/18/1
f 385/23/1 387/24/1 388/25/1
f 388/25/1 386/26/1 385/23/1
f 389/1/7 390/2/7 391/3/7
f 391/3/7 392/4/7 389/1/7
f 390/5/7 393/6/7 394/7/7
f 394/7/7 391/8/7 390/5/7
f 393/9/7 395/10/7 396/11/7
f 396/11/7 394/12/7 393/9/7
f 395/13/7 397/14/7 398/15/7
f 398/15/7 396/16/7 395/13/7
f 397/17/7 399/18/7 400/19/7
f 400/19/7 398/20/7 397/17/7
f 399/18/7 401/21/7 402/22/7
f 402/22/7 400/19/7 399/18/7
f 401/23/7 403/24/7 404/25/7
f 404/25/7 402/26/7 401/23/7
f 405/5/7 406/6/7 407/7/7
f 407/7/7 408/8/7 405/5/7
f 409/27/7 410/28/7 411/29/7
f 411/29/7 412/30/7 409/27/7
f 413/1/7 414/4/7 415/3/7
f 415/3/7 416/2/7 413/1/7
f 416/5/7 415/8/7 417/7/7
f 417/7/7 418/6/7 416/5/7
f 418/9/7 417/12/7 419/11/7
f 419/11/7 420/10/7 418/9/7
f 420/13/7 419/16/7 421/15/7
f 421/15/7 422/14/7 420/13/7
f 422/17/7 421/20/7 423/19/7
f 423/19/7 424/18/7 422/17/7
f 424/18/7 423/19/7 425/22/7
f 425/22/7 426/21/7 424/18/7
f 426/23/7 425/26/7 427/25/7
f 427/25/7 428/24/7 426/23/7
f 429/1/7 430/2/7 431/3/7
f 431/3/7 432/4/7 429/1/7
f 433/9/7 434/10/7 435/11/7
f 435/11/7 436/12/7 433/9/7
f 434/13/7 437/14/7 438/15/7
f 438/15/7 435/16/7 434/13/7
f 439/31/7 440/32/7 441/33/7
f 441/33/7 442/34/7 439/31/7
f 440/23/7 443/24/7 444/25/7
f 444/25/7 441/26/7 440/23/7
f 445/27/8 446/28/8 447/29/8
f 447/29/8 448/30/8 445/27/8
f 449/27/8 450/28/8 451/29/8
f 451/29/8 452/30/8 449/27/8
f 453/27/8 454/28/8 455/29/8
f 455/29/8 456/30/8 453/27/8
f 457/1/9 458/2/9 459/3/9
f 459/3/9 460/4/9 457/1/9
f 458/5/9 461/6/9 462/7/9
f 462/7/9 459/8/9 458/5/9
f 461/9/9 463/10/9 464/11/9
f 464/11/9 462/12/9 461/9/9
f 463/13/9 465/14/9 466/15/9
f 466/15/9 464/16/9 463/13/9
f 465/17/9 467/18/9 468/19/9
f 468/19/9 466/20/9 465/17/9
f 467/18/9 469/21/9 470/22/9
f 470/22/9 468/19/9 467/18/9
f 469/23/9 471/24/9 472/25/9
f 472/25/9 470/26/9 469/23/9
f 473/5/9 474/6/9 475/7/9
f 475/7/9 476/8/9 473/5/9
f 477/27/9 478/28/9 479/29/9
f 479/29/9 480/30/9 477/27/9
f 481/1/9 482/4/9 483/3/9
f 483/3/9 484/2/9 481/1/9
f 484/5/9 483/8/9 485/7/9
f 485/7/9 486/6/9 484/5/9
f 486/9/9 485/12/9 487/11/9
f 487/11/9 488/10/9 486/9/9
f 488/13/9 487/16/9 489/15/9
f 489/15/9 490/14/9 488/13/9
f 490/17/9 489/20/9 491/19/9
f 491/19/9 492/18/9 490/17/9
f 492/18/9 491/19/9 493/22/9
f 493/22/9 494/21/9 492/18/9
f 494/23/9 493/26/9 495/25/9
f 495/25/9 496/24/9 494/23/9
f 497/1/9 498/2/9 499/3/9
f 499/3/9 500/4/9 497/1/9
f 501/9/9 502/10/9 503/11/9
f 503/11/9 504/12/9 501/9/9
f 502/13/9 505/14/9 506/15/9
f 506/15/9 503/16/9 502/13/9
f 507/31/9 508/32/9 509/33/9
f 509/33/9 510/34/9 507/31/9
f 508/23/9 511/24/9 512/25/9
f 512/25/9 509/26/9 508/23/9
f 513/27/10 514/28/10 515/29/10
f 515/29/10 516/30/10 513/27/10
f 517/27/10 518/28/10 519/29/10
f 519/29/10 520/30/10 517/27/10
f 521/27/10 522/28/10 523/29/10
f 523/29/10 524/30/10 521/27/10
f 525/1/11 526/2/12 527/3/11
f 527/3/11 528/4/13 525/1/11
f 526/5/12 529/6/12 530/7/12
f 530/7/12 527/8/11 526/5/12
f 529/9/12 531/10/12 532/11/13
f 532/11/13 530/12/12 529/9/12
f 531/13/12 533/14/12 534/15/12
f 534/15/12 532/16/13 531/13/12
f 533/17/12 535/18/13 536/19/13
f 536/19/13 534/20/12 533/17/12
f 535/18/13 537/21/12 538/22/12
f 538/22/12 536/19/13 535/18/13
f 537/23/12 539/24/13 540/25/11
f 540/25/11 538/26/12 537/23/12
f 541/5/11 542/6/13 543/7/13
f 543/7/13 544/8/12 541/5/11
f 545/27/12 546/28/12 547/29/12
f 547/29/12 548/30/12 545/27/12
f 549/1/11 550/4/13 551/3/12
f 551/3/12 552/2/12 549/1/11
f 552/5/12 551/8/12 553/7/13
f 553/7/13 554/6/12 552/5/12
f 554/9/12 553/12/13 555/11/12
f 555/11/12 556/10/12 554/9/12
f 556/13/12 555/16/12 557/15/13
f 557/15/13 558/14/11 556/13/12
f 558/17/11 557/20/13 559/19/13
f 559/19/13 560/18/12 558/17/11
f 560/18/12 559/19/13 561/22/12
f 561/22/12 562/21/12 560/18/12
f 562/23/12 561/26/12 563/25/12
f 563/25/12 564/24/12 562/23/12
f 565/1/12 566/2/13 567/3/11
f 567/3/11 568/4/12 565/1/12
f 569/9/11 570/10/12 571/11/12
f 571/11/12 572/12/13 569/9/11
f 570/13/12 573/14/13 574/15/11
f 574/15/11 571/16/12 570/13/12
f 575/31/12 576/32/13 577/33/12
f 577/33/12 578/34/12 575/31/12
f 576/23/13 579/24/12 580/25/12
f 580/25/12 577/26/12 576/23/13
f 581/27/14 582/28/14 583/29/14
f 583/29/14 584/30/14 581/27/14
f 585/27/14 586/28/14 587/29/14
f 587/29/14 588/30/14 585/27/14
f 589/27/14 590/28/14 591/29/14
f 591/29/14 592/30/14 589/27/14
f 593/1/15 594/2/15 595/3/15
f 595/3/15 596/4/15 593/1/15
f 594/5/15 597/6/15 598/7/15
f 598/7/15 595/8/15 594/5/15
f 597/9/15 599/10/15 600/11/15
f 600/11/15 598/12/15 597/9/15
f 599/13/15 601/14/15 602/15/15
f 602/15/15 600/16/15 599/13/15
f 601/17/15 603/18/15 604/19/15
f 604/19/15 602/20/15 601/17/15
f 603/18/15 605/21/15 606/22/15
f 606/22/15 604/19/15 603/18/15
f 605/23/15 607/24/15 608/25/15
f 608/25/15 606/26/15 605/23/15
f 609/5/15 610/6/15 611/7/15
f 611/7/15 612/8/15 609/5/15
f 613/27/15 614/28/15 615/29/15
f 615/29/15 616/30/15 613/27/15
f 617/1/15 618/4/15 619/3/15
f 619/3/15 620/2/15 617/1/15
f 620/5/15 619/8/15 621/7/15
f 621/7/15 622/6/15 620/5/15
f 622/9/15 621/12/15 623/11/15
f 623/11/15 624/10/15 622/9/15
f 624/13/15 623/16/15 625/15/15
f 625/15/15 626/14/15 624/13/15
f 626/17/15 625/20/15 627/19/15
f 627/19/15 628/18/15 626/17/15
f 628/18/15 627/19/15 629/22/15
f 629/22/15 630/21/15 628/18/15
f 630/23/15 629/26/15 631/25/15
f 631/25/15 632/24/15 630/23/15
f 633/1/15 634/2/15 635/3/15
f 635/3/15 636/4/15 633/1/15
f 637/9/15 638/10/15 639/11/15
f 639/11/15 640/12/15 637/9/15
f 638/13/15 641/14/15 642/15/15
f 642/15/15 639/16/15 638/13/15
f 643/31/15 644/32/15 645/33/15
f 645/33/15 646/34/15 643/31/15
f 644/23/15 647/24/15 648/25/15
f 648/25/15 645/26/15 644/23/15
f 649/27/16 650/28/16 651/29/16
f 651/29/16 652/30/16 649/27/16
f 653/27/16 654/28/16 655/29/16
f 655/29/16 656/30/16 653/27/16
f 657/27/16 658/28/16 659/29/16
f 659/29/16 660/30/16 657/27/16
f 661/1/17 662/2/18 663/3/18
f 663/3/18 664/4/17 661/1/17
f 662/5/18 665/6/19 666/7/19
f 666/7/19 663/8/18 662/5/18
f 665/9/19 667/10/20 668/11/20
f 668/11/20 666/12/19 665/9/19
f 667/13/20 669/14/21 670/15/21
f 670/15/21 668/16/20 667/13/20
f 669/17/21 671/18/22 672/19/22
f 672/19/22 670/20/21 669/17/21
f 671/18/22 673/21/23 674/22/23
f 674/22/23 672/19/22 671/18/22
f 673/23/23 675/24/24 676/25/24
f 676/25/24 674/26/23 673/23/23
f 677/5/25 678/6/25 679/7/25
f 679/7/25 680/8/25 677/5/25
f 681/27/26 682/28/26 683/29/26
f 683/29/26 684/30/26 681/27/26
f 685/1/27 686/4/27 687/3/28
f 687/3/28 688/2/28 685/1/27
f 688/5/28 687/8/28 689/7/29
f 689/7/29 690/6/29 688/5/28
f 690/9/29 689/12/29 691/11/30
f 691/11/30 692/10/30 690/9/29
f 692/13/30 691/16/30 693/15/31
f 693/15/31 694/14/31 692/13/30
f 694/17/31 693/20/31 695/19/32
f 695/19/32 696/18/32 694/17/31
f 696/18/32 695/19/32 697/22/33
f 697/22/33 698/21/33 696/18/32
f 698/23/33 697/26/33 699/25/34
f 699/25/34 700/24/34 698/23/33
f 701/1/35 702/2/35 703/3/35
f 703/3/35 704/4/35 701/1/35
f 705/9/36 706/10/37 707/11/37
f 707/11/37 708/12/36 705/9/36
f 706/13/37 709/14/38 710/15/38
f 710/15/38 707/16/37 706/13/37
f 711/31/39 712/32/40 713/33/40
f 713/33/40 714/34/39 711/31/39
f 712/23/40 715/24/41 716/25/41
f 716/25/41 713/26/40 712/23/40
f 717/27/42 718/28/42 719/29/42
f 719/29/42 720/30/42 717/27/42
f 721/27/43 722/28/43 723/29/43
f 723/29/43 724/30/43 721/27/43
f 725/27/44 726/28/44 727/29/44
f 727/29/44 728/30/44 725/27/44
f 729/1/45 730/2/46 731/3/46
f 731/3/46 732/4/45 729/1/45
f 730/5/46 733/6/47 734/7/47
f 734/7/47 731/8/46 730/5/46
f 733/9/47 735/10/48 736/11/48
f 736/11/48 734/12/47 733/9/47
f 735/13/48 737/14/49 738/15/49
f 738/15/49 736/16/48 735/13/48
f 737/17/49 739/18/50 740/19/50
f 740/19/50 738/20/49 737/17/49
f 739/18/50 741/21/51 742/22/51
f 742/22/51 740/19/50 739/18/50
f 741/23/51 743/24/52 744/25/52
f 744/25/52 742/26/51 741/23/51
f 745/5/53 746/6/53 747/7/53
f 747/7/53 748/8/53 745/5/53
f 749/27/54 750/28/54 751/29/54
f 751/29/54 752/30/54 749/27/54
f 753/1/55 754/4/55 755/3/56
f 755/3/56 756/2/56 753/1/55
f 756/5/56 755/8/56 757/7/57
f 757/7/57 758/6/57 756/5/56
f 758/9/57 757/12/57 759/11/58
f 759/11/58 760/10/58 758/9/57
f 760/13/58 759/16/58 761/15/59
f 761/15/59 762/14/59 760/13/58
f 762/17/59 761/20/59 763/19/60
f 763/19/60 764/18/60 762/17/59
f 764/18/60 763/19/60 765/22/61
f 765/22/61 766/21/61 764/18/60
f 766/23/61 765/26/61 767/25/62
f 767/25/62 768/24/62 766/23/61
f 769/1/63 770/2/63 771/3/63
f 771/3/63 772/4/63 769/1/63
f 773/9/64 774/10/65 775/11/65
f 775/11/65 776/12/64 773/9/64
f 774/13/65 777/14/66 778/15/66
f 778/15/66 775/16/65 774/13/65
f 779/31/67 780/32/68 781/33/68
f 781/33/68 782/34/67 779/31/67
f 780/23/68 783/24/69 784/25/69
f 784/25/69 781/26/68 780/23/68
f 785/27/70 786/28/70 787/29/70
f 787/29/70 788/30/70 785/27/70
f 789/27/71 790/28/72 791/29/72
f 791/29/72 792/30/71 789/27/71
f 793/27/73 794/28/73 795/29/73
f 795/29/73 796/30/73 793/27/73
f 797/1/9 798/2/9 799/3/9
f 799/3/9 800/4/9 797/1/9
f 798/5/9 801/6/9 802/7/9
f 802/7/9 799/8/9 798/5/9
f 801/9/9 803/10/9 804/11/9
f 804/11/9 802/12/9 801/9/9
f 803/13/9 805/14/9 806/15/9
f 806/15/9 804/16/9 803/13/9
f 805/17/9 807/18/9 808/19/9
f 808/19/9 806/20/9 805/17/9
f 807/18/9 809/21/9 810/22/9
f 810/22/9 808/19/9 807/18/9
f 809/23/9 811/24/9 812/25/9
f 812/25/9 810/26/9 809/23/9
f 813/5/9 814/6/9 815/7/9
f 815/7/9 816/8/9 813/5/9
f 817/27/9 818/28/9 819/29/9
f 819/29/9 820/30/9 817/27/9
f 821/1/9 822/4/9 823/3/9
f 823/3/9 824/2/9 821/1/9
f 824/5/9 823/8/9 825/7/9
f 825/7/9 826/6/9 824/5/9
f 826/9/9 825/12/9 827/11/9
f 827/11/9 828/10/9 826/9/9
f 828/13/9 827/16/9 829/15/9
f 829/15/9 830/14/9 828/13/9
f 830/17/9 829/20/9 831/19/9
f 831/19/9 832/18/9 830/17/9
f 832/18/9 831/19/9 833/22/9
f 833/22/9 834/21/9 832/18/9
f 834/23/9 833/26/9 835/25/9
f 835/25/9 836/24/9 834/23/9
f 837/1/9 838/2/9 839/3/9
f 839/3/9 840/4/9 837/1/9
f 841/9/9 842/10/9 843/11/9
f 843/11/9 844/12/9 841/9/9
f 842/13/9 845/14/9 846/15/9
f 846/15/9 843/16/9 842/13/9
f 847/31/9 848/32/9 849/33/9
f 849/33/9 850/34/9 847/31/9
f 848/23/9 851/24/9 852/25/9
f 852/25/9 849/26/9 848/23/9
f 853/27/10 854/28/10 855/29/10
f 855/29/10 856/30/74 853/27/10
f 857/27/10 858/28/10 859/29/10
f 859/29/10 860/30/10 857/27/10
f 861/27/10 862/28/10 863/29/10
f 863/29/10 864/30/10 861/27/10
f 865/5/75 866/6/75 867/7/75
f 867/7/75 868/8/75 865/5/75
f 869/1/75 870/2/75 871/3/75
f 871/3/75 872/4/75 869/1/75
f 873/31/76 874/32/76 875/33/76
f 875/33/76 876/34/76 873/31/76
f 874/23/76 877/24/76 878/25/76
f 878/25/76 875/26/76 874/23/76
f 879/27/10 880/28/10 881/29/10
f 881/29/10 882/30/10 879/27/10
f 883/27/10 884/28/10 885/29/10
f 885/29/10 886/30/10 883/27/10
f 887/1/77 888/2/77 889/3/77
f 889/3/77 890/4/77 887/1/77
f 888/5/77 891/6/77 892/7/77
f 892/7/77 889/8/77 888/5/77
f 891/9/77 893/10/77 894/11/77
f 894/11/77 892/12/77 891/9/77
f 893/13/77 895/14/77 896/15/77
f 896/15/77 894/16/77 893/13/77
f 895/17/77 897/18/77 898/19/77
f 898/19/77 896/20/77 895/17/77
f 897/18/77 899/21/77 900/22/77
f 900/22/77 898/19/77 897/18/77
f 899/23/77 901/24/77 902/25/77
f 902/25/77 900/26/77 899/23/77
f 903/5/77 904/6/77 905/7/77
f 905/7/77 906/8/77 903/5/77
f 907/27/77 908/28/77 909/29/77
f 909/29/77 910/30/77 907/27/77
f 911/1/77 912/4/77 913/3/77
f 913/3/77 914/2/77 911/1/77
f 914/5/77 913/8/77 915/7/77
f 915/7/77 916/6/77 914/5/77
f 916/9/77 915/12/77 917/11/77
f 917/11/77 918/10/77 916/9/77
f 918/13/77 917/16/77 919/15/77
f 919/15/77 920/14/77 918/13/77
f 920/17/77 919/20/77 921/19/77
f 921/19/77 922/18/77 920/17/77
f 922/18/77 921/19/77 923/22/77
f 923/22/77 924/21/77 922/18/77
f 924/23/77 923/26/77 925/25/77
f 925/25/77 926/24/77 924/23/77
f 927/1/77 928/2/77 929/3/77
f 929/3/77 930/4/77 927/1/77
f 931/9/77 932/10/77 933/11/77
f 933/11/77 934/12/77 931/9/77
f 932/13/77 935/14/77 936/15/77
f 936/15/77 933/16/77 932/13/77
f 937/31/77 938/32/77 939/33/77
f 939/33/77 940/34/77 937/31/77
f 938/23/77 941/24/77 942/25/77
f 942/25/77 939/26/77 938/23/77
f 943/27/78 944/28/78 945/29/78
f 945/29/78 946/30/78 943/27/78
f 947/27/78 948/28/78 949/29/78
f 949/29/78 950/30/78 947/27/78
f 951/27/78 952/28/78 953/29/78
f 953/29/78 954/30/78 951/27/78
f 955/1/77 956/2/77 957/3/77
f 957/3/77 958/4/77 955/1/77
f 956/5/77 959/6/77 960/7/77
f 960/7/77 957/8/77 956/5/77
f 959/9/77 961/10/77 962/11/77
f 962/11/77 960/12/77 959/9/77
f 961/13/77 963/14/77 964/15/77
f 964/15/77 962/16/77 961/13/77
f 963/17/77 965/18/77 966/19/77
f 966/19/77 964/20/77 963/17/77
f 965/18/77 967/21/77 968/22/77
f 968/22/77 966/19/77 965/18/77
f 967/23/77 969/24/77 970/25/77
f 970/25/77 968/26/77 967/23/77
f 971/5/77 972/6/77 973/7/77
f 973/7/77 974/8/77 971/5/77
f 975/27/77 976/28/77 977/29/77
f 977/29/77 978/30/77 975/27/77
f 979/1/77 980/4/77 981/3/77
f 981/3/77 982/2/77 979/1/77
f 982/5/77 981/8/77 983/7/77
f 983/7/77 984/6/77 982/5/77
f 984/9/77 983/12/77 985/11/77
f 985/11/77 986/10/77 984/9/77
f 986/13/77 985/16/77 987/15/77
f 987/15/77 988/14/77 986/13/77
f 988/17/77 987/20/77 989/19/77
f 989/19/77 990/18/77 988/17/77
f 990/18/77 989/19/77 991/22/77
f 991/22/77 992/21/77 990/18/77
f 992/23/77 991/26/77 993/25/77
f 993/25/77 994/24/77 992/23/77
f 995/1/77 996/2/77 997/3/77
f 997/3/77 998/4/77 995/1/77
f 999/9/77 1000/10/77 1001/11/77
f 1001/11/77 1002/12/77 999/9/77
f 1000/13/77 1003/14/77 1004/15/77
f 1004/15/77 1001/16/77 1000/13/77
f 1005/31/77 1006/32/77 1007/33/77
f 1007/33/77 1008/34/77 1005/31/77
f 1006/23/77 1009/24/77 1010/25/77
f 1010/25/77 1007/26/77 1006/23/77
f 1011/27/78 1012/28/78 1013/29/78
f 1013/29/78 1014/30/78 1011/27/78
f 1015/27/78 1016/28/78 1017/29/78
f 1017/29/78 1018/30/78 1015/27/78
f 1019/27/78 1020/28/78 1021/29/78
f 1021/29/78 1022/30/78 1019/27/78
f 1023/31/77 1024/32/77 1025/33/77
f 1025/33/77 1026/34/77 1023/31/77
f 1024/23/77 1027/24/77 1028/25/77
f 1028/25/77 1025/26/77 1024/23/77
f 1029/1/79 1030/2/80 1031/3/80
f 1031/3/80 1032/4/79 1029/1/79
f 1030/5/80 1033/6/81 1034/7/81
f 1034/7/81 1031/8/80 1030/5/80
f 1033/9/81 1035/10/82 1036/11/82
f 1036/11/82 1034/12/81 1033/9/81
f 1035/13/82 1037/14/83 1038/15/83
f 1038/15/83 1036/16/82 1035/13/82
f 1037/17/83 1039/18/84 1040/19/84
f 1040/19/84 1038/20/83 1037/17/83
f 1039/18/84 1041/21/85 1042/22/86
f 1042/22/86 1040/19/84 1039/18/84
f 1041/23/85 1043/24/87 1044/25/87
f 1044/25/87 1042/26/86 1041/23/85
f 1045/5/88 1046/6/88 1047/7/88
f 1047/7/88 1048/8/88 1045/5/88
f 1049/27/89 1050/28/89 1051/29/89
f 1051/29/89 1052/30/89 1049/27/89
f 1053/1/90 1054/4/90 1055/3/91
f 1055/3/91 1056/2/91 1053/1/90
f 1056/5/91 1055/8/91 1057/7/92
f 1057/7/92 1058/6/92 1056/5/91
f 1058/9/92 1057/12/92 1059/11/93
f 1059/11/93 1060/10/93 1058/9/92
f 1060/13/93 1059/16/93 1061/15/94
f 1061/15/94 1062/14/94 1060/13/93
f 1062/17/94 1061/20/94 1063/19/95
f 1063/19/95 1064/18/95 1062/17/94
f 1064/18/95 1063/19/95 1065/22/96
f 1065/22/96 1066/21/96 1064/18/95
f 1066/23/96 1065/26/96 1067/25/97
f 1067/25/97 1068/24/97 1066/23/96
f 1069/1/98 1070/2/98 1071/3/98
f 1071/3/98 1072/4/98 1069/1/98
f 1073/9/99 1074/10/100 1075/11/100
f 1075/11/100 1076/12/99 1073/9/99
f 1074/13/100 1077/14/101 1078/15/101
f 1078/15/101 1075/16/100 1074/13/100
f 1079/31/102 1080/32/103 1081/33/103
f 1081/33/103 1082/34/102 1079/31/102
f 1080/23/103 1083/24/104 1084/25/104
f 1084/25/104 1081/26/103 1080/23/103
f 1085/27/105 1086/28/105 1087/29/105
f 1087/29/105 1088/30/105 1085/27/105
f 1089/27/106 1090/28/106 1091/29/106
f 1091/29/106 1092/30/106 1089/27/106
f 1093/27/107 1094/28/107 1095/29/107
f 1095/29/107 1096/30/107 1093/27/107
f 1097/1/108 1098/2/109 1099/3/109
f 1099/3/109 1100/4/108 1097/1/108
f 1098/5/109 1101/6/110 1102/7/110
f 1102/7/110 1099/8/109 1098/5/109
f 1101/9/110 1103/10/111 1104/11/111
f 1104/11/111 1102/12/110 1101/9/110
f 1103/13/111 1105/14/112 1106/15/112
f 1106/15/112 1104/16/111 1103/13/111
f 1105/17/112 1107/18/113 1108/19/113
f 1108/19/113 1106/20/112 1105/17/112
f 1107/18/113 1109/21/114 1110/22/114
f 1110/22/114 1108/19/113 1107/18/113
f 1109/23/114 1111/24/115 1112/25/115
f 1112/25/115 1110/26/114 1109/23/114
f 1113/5/116 1114/6/116 1115/7/116
f 1115/7/116 1116/8/116 1113/5/116
f 1117/27/117 1118/28/117 1119/29/117
f 1119/29/117 1120/30/117 1117/27/117
f 1121/1/118 1122/4/118 1123/3/119
f 1123/3/119 1124/2/119 1121/1/118
f 1124/5/119 1123/8/119 1125/7/120
f 1125/7/120 1126/6/120 1124/5/119
f 1126/9/120 1125/12/120 1127/11/121
f 1127/11/121 1128/10/121 1126/9/120
f 1128/13/121 1127/16/121 1129/15/122
f 1129/15/122 1130/14/122 1128/13/121
f 1130/17/122 1129/20/122 1131/19/123
f 1131/19/123 1132/18/123 1130/17/122
f 1132/18/123 1131/19/123 1133/22/124
f 1133/22/124 1134/21/124 1132/18/123
f 1134/23/124 1133/26/124 1135/25/125
f 1135/25/125 1136/24/125 1134/23/124
f 1137/1/126 1138/2/126 1139/3/126
f 1139/3/126 1140/4/126 1137/1/126
f 1141/9/127 1142/10/128 1143/11/128
f 1143/11/128 1144/12/127 1141/9/127
f 1142/13/128 1145/14/129 1146/15/129
f 1146/15/129 1143/16/128 1142/13/128
f 1147/31/130 1148/32/131 1149/33/131
f 1149/33/131 1150/34/130 1147/31/130
f 1148/23/131 1151/24/132 1152/25/132
f 1152/25/132 1149/26/131 1148/23/131
f 1153/27/133 1154/28/133 1155/29/133
f 1155/29/133 1156/30/133 1153/27/133
f 1157/27/134 1158/28/134 1159/29/134
f 1159/29/134 1160/30/134 1157/27/134
f 1161/27/135 1162/28/135 1163/29/135
f 1163/29/135 1164/30/135 1161/27/135
f 1165/1/136 1166/2/137 1167/3/137
f 1167/3/137 1168/4/136 1165/1/136
f 1166/5/137 1169/6/138 1170/7/138
f 1170/7/138 1167/8/137 1166/5/137
f 1169/9/138 1171/10/138 1172/11/138
f 1172/11/138 1170/12/138 1169/9/138
f 1171/13/138 1173/14/138 1174/15/138
f 1174/15/138 1172/16/138 1171/13/138
f 1173/17/138 1175/18/138 1176/19/138
f 1176/19/138 1174/20/138 1173/17/138
f 1175/18/138 1177/21/138 1178/22/138
f 1178/22/138 1176/19/138 1175/18/138
f 1177/23/138 1179/24/138 1180/25/138
f 1180/25/138 1178/26/138 1177/23/138
f 1181/5/136 1182/6/136 1183/7/136
f 1183/7/136 1184/8/136 1181/5/136
f 1185/27/138 1186/28/138 1187/29/138
f 1187/29/138 1188/30/138 1185/27/138
f 1189/1/138 1190/4/138 1191/3/138
f 1191/3/138 1192/2/138 1189/1/138
f 1192/5/138 1191/8/138 1193/7/138
f 1193/7/138 1194/6/138 1192/5/138
f 1194/9/138 1193/12/138 1195/11/138
f 1195/11/138 1196/10/138 1194/9/138
f 1196/13/138 1195/16/138 1197/15/138
f 1197/15/138 1198/14/138 1196/13/138
f 1198/17/138 1197/20/138 1199/19/138
f 1199/19/138 1200/18/138 1198/17/138
f 1200/18/138 1199/19/138 1201/22/137
f 1201/22/137 1202/21/137 1200/18/138
f 1202/23/137 1201/26/137 1203/25/136
f 1203/25/136 1204/24/136 1202/23/137
f 1205/1/138 1206/2/138 1207/3/138
f 1207/3/138 1208/4/138 1205/1/138
f 1209/9/138 1210/10/138 1211/11/138
f 1211/11/138 1212/12/138 1209/9/138
f 1210/13/138 1213/14/138 1214/15/138
f 1214/15/138 1211/16/138 1210/13/138
f 1215/31/138 1216/32/138 1217/33/138
f 1217/33/138 1218/34/138 1215/31/138
f 1216/23/138 1219/24/138 1220/25/138
f 1220/25/138 1217/26/138 1216/23/138
f 1221/27/139 1222/28/139 1223/29/139
f 1223/29/139 1224/30/139 1221/27/139
f 1225/27/139 1226/28/139 1227/29/139
f 1227/29/139 1228/30/139 1225/27/139
f 1229/27/139 1230/28/139 1231/29/139
f 1231/29/139 1232/30/139 1229/27/139
f 1233/1/1 1234/2/1 1235/3/1
f 1235/3/1 1236/4/1 1233/1/1
f 1234/5/1 1237/6/1 1238/7/1
f 1238/7/1 1235/8/1 1234/5/1
f 1237/9/1 1239/10/1 1240/11/1
f 1240/11/1 1238/12/1 1237/9/1
f 1239/13/1 1241/14/1 1242/15/1
f 1242/15/1 1240/16/1 1239/13/1
f 1241/17/1 1243/18/1 1244/19/1
f 1244/19/1 1242/20/1 1241/17/1
f 1243/18/1 1245/21/1 1246/22/1
f 1246/22/1 1244/19/1 1243/18/1
f 1245/23/1 1247/24/1 1248/25/1
f 1248/25/1 1246/26/1 1245/23/1
f 1249/5/1 1250/6/1 1251/7/1
f 1251/7/1 1252/8/1 1249/5/1
f 1253/27/1 1254/28/1 1255/29/1
f 1255/29/1 1256/30/1 1253/27/1
f 1257/1/1 1258/4/1 1259/3/1
f 1259/3/1 1260/2/1 1257/1/1
f 1260/5/1 1259/8/1 1261/7/1
f 1261/7/1 1262/6/1 1260/5/1
f 1262/9/1 1261/12/1 1263/11/1
f 1263/11/1 1264/10/1 1262/9/1
f 1264/13/1 1263/16/1 1265/15/1
f 1265/15/1 1266/14/1 1264/13/1
f 1266/17/1 1265/20/1 1267/19/1
f 1267/19/1 1268/18/1 1266/17/1
f 1268/18/1 1267/19/1 1269/22/1
f 1269/22/1 1270/21/1 1268/18/1
f 1270/23/1 1269/26/1 1271/25/1
f 1271/25/1 1272/24/1 1270/23/1
f 1273/1/1 1274/2/1 1275/3/1
f 1275/3/1 1276/4/1 1273/1/1
f 1277/9/1 1278/10/1 1279/11/1
f 1279/11/1 1280/12/1 1277/9/1
f 1278/13/1 1281/14/1 1282/15/1
f 1282/15/1 1279/16/1 1278/13/1
f 1283/31/1 1284/32/1 1285/33/1
f 1285/33/1 1286/34/1 1283/31/1
f 1284/23/1 1287/24/1 1288/25/1
f 1288/25/1 1285/26/1 1284/23/1
f 1289/27/2 1290/28/2 1291/29/2
f 1291/29/2 1292/30/2 1289/27/2
f 1293/27/2 1294/28/2 1295/29/2
f 1295/29/2 1296/30/2 1293/27/2
f 1297/27/2 1298/28/2 1299/29/2
f 1299/29/2 1300/30/2 1297/27/2
f 1301/1/1 1302/2/1 1303/3/1
f 1303/3/1 1304/4/1 1301/1/1
f 1302/5/1 1305/6/1 1306/7/1
f 1306/7/1 1303/8/1 1302/5/1
f 1305/9/1 1307/10/1 1308/11/1
f 1308/11/1 1306/12/1 1305/9/1
f 1307/13/1 1309/14/1 1310/15/1
f 1310/15/1 1308/16/1 1307/13/1
f 1309/17/1 1311/18/1 1312/19/1
f 1312/19/1 1310/20/1 1309/17/1
f 1311/18/1 1313/21/1 1314/22/1
f 1314/22/1 1312/19/1 1311/18/1
f 1313/23/1 1315/24/1 1316/25/1
f 1316/25/1 1314/26/1 1313/23/1
f 1317/5/1 1318/6/1 1319/7/1
f 1319/7/1 1320/8/1 1317/5/1
f 1321/27/1 1322/28/1 1323/29/1
f 1323/29/1 1324/30/1 1321/27/1
f 1325/1/1 1326/4/1 1327/3/1
f 1327/3/1 1328/2/1 1325/1/1
f 1328/5/1 1327/8/1 1329/7/1
f 1329/7/1 1330/6/1 1328/5/1
f 1330/9/1 1329/12/1 1331/11/1
f 1331/11/1 1332/10/1 1330/9/1
f 1332/13/1 1331/16/1 1333/15/1
f 1333/15/1 1334/14/1 1332/13/1
f 1334/17/1 1333/20/1 1335/19/1
f 1335/19/1 1336/18/1 1334/17/1
f 1336/18/1 1335/19/1 1337/22/1
f 1337/22/1 1338/21/1 1336/18/1
f 1338/23/1 1337/26/1 1339/25/1
f 1339/25/1 1340/24/1 1338/23/1
f 1341/1/1 1342/2/1 1343/3/1
f 1343/3/1 1344/4/1 1341/1/1
f 1345/9/1 1346/10/1 1347/11/1
f 1347/11/1 1348/12/1 1345/9/1
f 1346/13/1 1349/14/1 1350/15/1
f 1350/15/1 1347/16/1 1346/13/1
f 1351/31/1 1352/32/1 1353/33/1
f 1353/33/1 1354/34/1 1351/31/1
f 1352/23/1 1355/24/1 1356/25/1
f 1356/25/1 1353/26/1 1352/23/1
f 1357/27/2 1358/28/2 1359/29/2
f 1359/29/2 1360/30/2 1357/27/2
f 1361/27/2 1362/28/140 1363/29/140
f 1363/29/140 1364/30/2 1361/27/2
f 1365/27/2 1366/28/2 1367/29/2
f 1367/29/2 1368/30/2 1365/27/2
f 1369/5/1 1370/6/1 1371/7/1
f 1371/7/1 1372/8/1 1369/5/1
f 1373/27/1 1374/28/1 1375/29/1
f 1375/29/1 1376/30/1 1373/27/1
f 1377/1/1 1378/4/1 1379/3/1
f 1379/3/1 1380/2/1 1377/1/1
f 1380/5/1 1379/8/1 1381/7/1
f 1381/7/1 1382/6/1 1380/5/1
f 1382/9/1 1381/12/1 1383/11/1
f 1383/11/1 1384/10/1 1382/9/1
f 1384/13/1 1383/16/1 1385/15/1
f 1385/15/1 1386/14/1 1384/13/1
f 1386/17/1 1385/20/1 1387/19/1
f 1387/19/1 1388/18/1 1386/17/1
f 1388/18/1 1387/19/1 1389/22/1
f 1389/22/1 1390/21/1 1388/18/1
f 1390/23/1 1389/26/1 1391/25/1
f 1391/25/1 1392/24/1 1390/23/1
f 1393/1/1 1394/2/1 1395/3/1
f 1395/3/1 1396/4/1 1393/1/1
f 1397/9/1 1398/10/1 1399/11/1
f 1399/11/1 1400/12/1 1397/9/1
f 1398/13/1 1401/14/1 1402/15/1
f 1402/15/1 1399/16/1 1398/13/1
f 1403/31/1 1404/32/1 1405/33/1
f 1405/33/1 1406/34/1 1403/31/1
f 1404/23/1 1407/24/1 1408/25/1
f 1408/25/1 1405/26/1 1404/23/1
f 1409/27/2 1410/28/2 1411/29/2
f 1411/29/2 1412/30/2 1409/27/2
f 1413/27/2 1414/28/2 1415/29/2
f 1415/29/2 1416/30/2 1413/27/2
f 1417/27/2 1418/28/2 1419/29/2
f 1419/29/2 1420/30/2 1417/27/2
f 1421/5/1 1422/6/1 1423/7/1
f 1423/7/1 1424/8/1 1421/5/1
f 1425/27/1 1426/28/1 1427/29/1
f 1427/29/1 1428/30/1 1425/27/1
f 1429/1/1 1430/4/1 1431/3/1
f 1431/3/1 1432/2/1 1429/1/1
f 1432/5/1 1431/8/1 1433/7/1
f 1433/7/1 1434/6/1 1432/5/1
f 1434/9/1 1433/12/1 1435/11/1
f 1435/11/1 1436/10/1 1434/9/1
f 1436/13/1 1435/16/1 1437/15/1
f 1437/15/1 1438/14/1 1436/13/1
f 1438/17/1 1437/20/1 1439/19/1
f 1439/19/1 1440/18/1 1438/17/1
f 1440/18/1 1439/19/1 1441/22/1
f 1441/22/1 1442/21/1 1440/18/1
f 1442/23/1 1441/26/1 1443/25/1
f 1443/25/1 1444/24/1 1442/23/1
f 1445/1/1 1446/2/1 1447/3/1
f 1447/3/1 1448/4/1 1445/1/1
f 1449/9/1 1450/10/1 1451/11/1
f 1451/11/1 1452/12/1 1449/9/1
f 1450/13/1 1453/14/1 1454/15/1
f 1454/15/1 1451/16/1 1450/13/1
f 1455/31/1 1456/32/1 1457/33/1
f 1457/33/1 1458/34/1 1455/31/1
f 1456/23/1 1459/24/1 1460/25/1
f 1460/25/1 1457/26/1 1456/23/1
f 1461/27/2 1462/28/2 1463/29/2
f 1463/29/2 1464/30/2 1461/27/2
f 1465/27/140 1466/28/140 1467/29/140
f 1467/29/140 1468/30/140 1465/27/140
f 1469/27/2 1470/28/2 1471/29/2
f 1471/29/2 1472/30/2 1469/27/2
f 1473/1/1 1474/2/1 1475/3/1
f 1475/3/1 1476/4/1 1473/1/1
f 1474/5/1 1477/6/1 1478/7/1
f 1478/7/1 1475/8/1 1474/5/1
f 1477/9/1 1479/10/1 1480/11/1
f 1480/11/1 1478/12/1 1477/9/1
f 1479/13/1 1481/14/1 1482/15/1
f 1482/15/1 1480/16/1 1479/13/1
f 1481/17/1 1483/18/1 1484/19/1
f 1484/19/1 1482/20/1 1481/17/1
f 1483/18/1 1485/21/1 1486/22/1
f 1486/22/1 1484/19/1 1483/18/1
f 1485/23/1 1487/24/1 1488/25/1
f 1488/25/1 1486/26/1 1485/23/1
f 1489/1/141 1490/2/142 1491/3/142
f 1491/3/142 1492/4/141 1489/1/141
f 1490/5/142 1493/6/143 1494/7/143
f 1494/7/143 1491/8/142 1490/5/142
f 1493/9/143 1495/10/144 1496/11/144
f 1496/11/144 1494/12/143 1493/9/143
f 1495/13/144 1497/14/145 1498/15/145
f 1498/15/145 1496/16/144 1495/13/144
f 1497/17/145 1499/18/146 1500/19/146
f 1500/19/146 1498/20/145 1497/17/145
f 1499/18/146 1501/21/147 1502/22/147
f 1502/22/147 1500/19/146 1499/18/146
f 1501/23/147 1503/24/148 1504/25/148
f 1504/25/148 1502/26/147 1501/23/147
f 1505/5/149 1506/6/149 1507/7/149
f 1507/7/149 1508/8/149 1505/5/149
f 1509/27/150 1510/28/150 1511/29/150
f 1511/29/150 1512/30/150 1509/27/150
f 1513/1/151 1514/4/151 1515/3/152
f 1515/3/152 1516/2/152 1513/1/151
f 1516/5/152 1515/8/152 1517/7/153
f 1517/7/153 1518/6/153 1516/5/152
f 1518/9/153 1517/12/153 1519/11/154
f 1519/11/154 1520/10/154 1518/9/153
f 1520/13/154 1519/16/154 1521/15/155
f 1521/15/155 1522/14/155 1520/13/154
f 1522/17/155 1521/20/155 1523/19/156
f 1523/19/156 1524/18/156 1522/17/155
f 1524/18/156 1523/19/156 1525/22/157
f 1525/22/157 1526/21/157 1524/18/156
f 1526/23/157 1525/26/157 1527/25/158
f 1527/25/158 1528/24/158 1526/23/157
f 1529/1/159 1530/2/159 1531/3/159
f 1531/3/159 1532/4/159 1529/1/159
f 1533/9/160 1534/10/161 1535/11/161
f 1535/11/161 1536/12/160 1533/9/160
f 1534/13/161 1537/14/162 1538/15/162
f 1538/15/162 1535/16/161 1534/13/161
f 1539/31/163 1540/32/164 1541/33/164
f 1541/33/164 1542/34/163 1539/31/163
f 1540/23/164 1543/24/165 1544/25/165
f 1544/25/165 1541/26/164 1540/23/164
f 1545/27/166 1546/28/166 1547/29/166
f 1547/29/166 1548/30/166 1545/27/166
f 1549/27/167 1550/28/167 1551/29/167
f 1551/29/167 1552/30/167 1549/27/167
f 1553/27/168 1554/28/168 1555/29/168
f 1555/29/168 1556/30/168 1553/27/168
f 1557/1/169 1558/2/170 1559/3/170
f 1559/3/170 1560/4/169 1557/1/169
f 1558/5/170 1561/6/170 1562/7/170
f 1562/7/170 1559/8/170 1558/5/170
f 1561/9/170 1563/10/170 1564/11/170
f 1564/11/170 1562/12/170 1561/9/170
f 1563/13/170 1565/14/170 1566/15/170
f 1566/15/170 1564/16/170 1563/13/170
f 1565/17/170 1567/18/170 1568/19/170
f 1568/19/170 1566/20/170 1565/17/170
f 1567/18/170 1569/21/170 1570/22/170
f 1570/22/170 1568/19/170 1567/18/170
f 1569/23/170 1571/24/170 1572/25/170
f 1572/25/170 1570/26/170 1569/23/170
f 1573/5/170 1574/6/170 1575/7/170
f 1575/7/170 1576/8/170 1573/5/170
f 1577/27/170 1578/28/170 1579/29/170
f 1579/29/170 1580/30/170 1577/27/170
f 1581/1/170 1582/4/170 1583/3/170
f 1583/3/170 1584/2/170 1581/1/170
f 1584/5/170 1583/8/170 1585/7/170
f 1585/7/170 1586/6/170 1584/5/170
f 1586/9/170 1585/12/170 1587/11/169
f 1587/11/169 1588/10/170 1586/9/170
f 1588/13/170 1587/16/169 1589/15/170
f 1589/15/170 1590/14/170 1588/13/170
f 1590/17/170 1589/20/170 1591/19/170
f 1591/19/170 1592/18/170 1590/17/170
f 1592/18/170 1591/19/170 1593/22/170
f 1593/22/170 1594/21/170 1592/18/170
f 1594/23/170 1593/26/170 1595/25/170
f 1595/25/170 1596/24/170 1594/23/170
f 1597/1/170 1598/2/170 1599/3/170
f 1599/3/170 1600/4/170 1597/1/170
f 1601/9/169 1602/10/170 1603/11/170
f 1603/11/170 1604/12/169 1601/9/169
f 1602/13/170 1605/14/170 1606/15/170
f 1606/15/170 1603/16/170 1602/13/170
f 1607/31/170 1608/32/170 1609/33/170
f 1609/33/170 1610/34/170 1607/31/170
f 1608/23/170 1611/24/170 1612/25/170
f 1612/25/170 1609/26/170 1608/23/170
f 1613/27/171 1614/28/171 1615/29/171
f 1615/29/171 1616/30/171 1613/27/171
f 1617/27/171 1618/28/171 1619/29/171
f 1619/29/171 1620/30/171 1617/27/171
f 1621/27/171 1622/28/171 1623/29/171
f 1623/29/171 1624/30/171 1621/27/171
f 1625/1/172 1626/4/172 1627/3/172
f 1627/3/172 1628/2/172 1625/1/172
f 1628/5/172 1627/8/172 1629/7/172
f 1629/7/172 1630/6/172 1628/5/172
f 1630/9/172 1629/12/172 1631/11/172
f 1631/11/172 1632/10/172 1630/9/172
f 1632/13/172 1631/16/172 1633/15/172
f 1633/15/172 1634/14/172 1632/13/172
f 1634/17/172 1633/20/172 1635/19/172
f 1635/19/172 1636/18/172 1634/17/172
f 1636/18/172 1635/19/172 1637/22/172
f 1637/22/172 1638/21/172 1636/18/172
f 1638/23/172 1637/26/172 1639/25/172
f 1639/25/172 1640/24/172 1638/23/172
f 1641/5/173 1642/6/173 1643/7/173
f 1643/7/173 1644/8/173 1641/5/173
f 1645/1/173 1646/2/173 1647/3/173
f 1647/3/173 1648/4/173 1645/1/173
f 1649/31/174 1650/32/175 1651/33/175
f 1651/33/175 1652/34/174 1649/31/174
f 1650/23/175 1653/24/176 1654/25/176
f 1654/25/176 1651/26/175 1650/23/175
f 1655/1/177 1656/2/177 1657/3/177
f 1657/3/177 1658/4/177 1655/1/177
f 1656/5/177 1659/6/177 1660/7/177
f 1660/7/177 1657/8/177 1656/5/177
f 1659/9/177 1661/10/177 1662/11/177
f 1662/11/177 1660/12/177 1659/9/177
f 1661/13/177 1663/14/177 1664/15/177
f 1664/15/177 1662/16/177 1661/13/177
f 1663/17/177 1665/18/177 1666/19/177
f 1666/19/177 1664/20/177 1663/17/177
f 1665/18/177 1667/21/177 1668/22/177
f 1668/22/177 1666/19/177 1665/18/177
f 1667/23/177 1669/24/177 1670/25/177
f 1670/25/177 1668/26/177 1667/23/177
f 1671/5/177 1672/6/177 1673/7/177
f 1673/7/177 1674/8/177 1671/5/177
f 1675/27/178 1676/28/177 1677/29/177
f 1677/29/177 1678/30/178 1675/27/178
f 1679/1/177 1680/4/177 1681/3/177
f 1681/3/177 1682/2/177 1679/1/177
f 1682/5/177 1681/8/177 1683/7/177
f 1683/7/177 1684/6/177 1682/5/177
f 1684/9/177 1683/12/177 1685/11/177
f 1685/11/177 1686/10/177 1684/9/177
f 1686/13/177 1685/16/177 1687/15/177
f 1687/15/177 1688/14/177 1686/13/177
f 1688/17/177 1687/20/177 1689/19/177
f 1689/19/177 1690/18/177 1688/17/177
f 1690/18/177 1689/19/177 1691/22/177
f 1691/22/177 1692/21/177 1690/18/177
f 1692/23/177 1691/26/177 1693/25/177
f 1693/25/177 1694/24/177 1692/23/177
f 1695/1/177 1696/2/177 1697/3/177
f 1697/3/177 1698/4/177 1695/1/177
f 1699/9/177 1700/10/177 1701/11/177
f 1701/11/177 1702/12/177 1699/9/177
f 1700/13/177 1703/14/177 1704/15/177
f 1704/15/177 1701/16/177 1700/13/177
f 1705/31/177 1706/32/177 1707/33/177
f 1707/33/177 1708/34/177 1705/31/177
f 1706/23/177 1709/24/177 1710/25/177
f 1710/25/177 1707/26/177 1706/23/177
f 1711/27/179 1712/28/179 1713/29/179
f 1713/29/179 1714/30/179 1711/27/179
f 1715/27/179 1716/28/179 1717/29/179
f 1717/29/179 1718/30/179 1715/27/179
f 1719/27/179 1720/28/179 1721/29/179
f 1721/29/179 1722/30/179 1719/27/179
f 1723/1/180 1724/2/181 1725/3/181
f 1725/3/181 1726/4/180 1723/1/180
f 1724/5/181 1727/6/182 1728/7/182
f 1728/7/182 1725/8/181 1724/5/181
f 1727/9/182 1729/10/183 1730/11/183
f 1730/11/183 1728/12/182 1727/9/182
f 1729/13/183 1731/14/184 1732/15/184
f 1732/15/184 1730/16/183 1729/13/183
f 1731/17/184 1733/18/185 1734/19/185
f 1734/19/185 1732/20/184 1731/17/184
f 1733/18/185 1735/21/186 1736/22/186
f 1736/22/186 1734/19/185 1733/18/185
f 1735/23/186 1737/24/187 1738/25/187
f 1738/25/187 1736/26/186 1735/23/186
f 1739/5/188 1740/6/188 1741/7/188
f 1741/7/188 1742/8/188 1739/5/188
f 1743/27/189 1744/28/189 1745/29/189
f 1745/29/189 1746/30/189 1743/27/189
f 1747/1/190 1748/4/190 1749/3/191
f 1749/3/191 1750/2/191 1747/1/190
f 1750/5/191 1749/8/191 1751/7/192
f 1751/7/192 1752/6/192 1750/5/191
f 1752/9/192 1751/12/192 1753/11/193
f 1753/11/193 1754/10/193 1752/9/192
f 1754/13/193 1753/16/193 1755/15/194
f 1755/15/194 1756/14/194 1754/13/193
f 1756/17/194 1755/20/194 1757/19/195
f 1757/19/195 1758/18/195 1756/17/194
f 1758/18/195 1757/19/195 1759/22/196
f 1759/22/196 1760/21/196 1758/18/195
f 1760/23/196 1759/26/196 1761/25/197
f 1761/25/197 1762/24/197 1760/23/196
f 1763/1/198 1764/2/199 1765/3/199
f 1765/3/199 1766/4/198 1763/1/198
f 1767/9/200 1768/10/201 1769/11/201
f 1769/11/201 1770/12/200 1767/9/200
f 1768/13/201 1771/14/202 1772/15/202
f 1772/15/202 1769/16/201 1768/13/201
f 1773/31/203 1774/32/204 1775/33/205
f 1775/33/205 1776/34/203 1773/31/203
f 1774/23/204 1777/24/206 1778/25/206
f 1778/25/206 1775/26/205 1774/23/204
f 1779/27/207 1780/28/207 1781/29/207
f 1781/29/207 1782/30/207 1779/27/207
f 1783/27/208 1784/28/208 1785/29/208
f 1785/29/208 1786/30/208 1783/27/208
f 1787/27/209 1788/28/209 1789/29/209
f 1789/29/209 1790/30/209 1787/27/209
f 1791/1/210 1792/2/210 1793/3/210
f 1793/3/210 1794/4/210 1791/1/210
f 1792/5/210 1795/6/210 1796/7/210
f 1796/7/210 1793/8/210 1792/5/210
f 1795/9/210 1797/10/210 1798/11/210
f 1798/11/210 1796/12/210 1795/9/210
f 1797/13/210 1799/14/210 1800/15/210
f 1800/15/210 1798/16/210 1797/13/210
f 1799/17/210 1801/18/210 1802/19/210
f 1802/19/210 1800/20/210 1799/17/210
f 1801/18/210 1803/21/210 1804/22/210
f 1804/22/210 1802/19/210 1801/18/210
f 1803/23/210 1805/24/210 1806/25/210
f 1806/25/210 1804/26/210 1803/23/210
f 1807/5/210 1808/6/210 1809/7/210
f 1809/7/210 1810/8/210 1807/5/210
f 1811/27/210 1812/28/210 1813/29/210
f 1813/29/210 1814/30/210 1811/27/210
f 1815/1/210 1816/4/210 1817/3/210
f 1817/3/210 1818/2/210 1815/1/210
f 1818/5/210 1817/8/210 1819/7/210
f 1819/7/210 1820/6/210 1818/5/210
f 1820/9/210 1819/12/210 1821/11/210
f 1821/11/210 1822/10/210 1820/9/210
f 1822/13/210 1821/16/210 1823/15/210
f 1823/15/210 1824/14/210 1822/13/210
f 1824/17/210 1823/20/210 1825/19/210
f 1825/19/210 1826/18/210 1824/17/210
f 1826/18/210 1825/19/210 1827/22/210
f 1827/22/210 1828/21/210 1826/18/210
f 1828/23/210 1827/26/210 1829/25/210
f 1829/25/210 1830/24/210 1828/23/210
f 1831/1/210 1832/2/210 1833/3/210
f 1833/3/210 1834/4/210 1831/1/210
f 1835/9/210 1836/10/210 1837/11/210
f 1837/11/210 1838/12/210 1835/9/210
f 1836/13/210 1839/14/210 1840/15/210
f 1840/15/210 1837/16/210 1836/13/210
f 1841/31/210 1842/32/210 1843/33/210
f 1843/33/210 1844/34/210 1841/31/210
f 1842/23/210 1845/24/210 1846/25/210
f 1846/25/210 1843/26/210 1842/23/210
f 1847/27/211 1848/28/211 1849/29/211
f 1849/29/211 1850/30/211 1847/27/211
f 1851/27/211 1852/28/211 1853/29/211
f 1853/29/211 1854/30/211 1851/27/211
f 1855/27/211 1856/28/211 1857/29/211
f 1857/29/211 1858/30/211 1855/27/211
f 1859/1/212 1860/2/213 1861/3/213
f 1861/3/213 1862/4/212 1859/1/212
f 1860/5/213 1863/6/212 1864/7/213
f 1864/7/213 1861/8/213 1860/5/213
f 1863/9/212 1865/10/212 1866/11/213
f 1866/11/213 1864/12/213 1863/9/212
f 1865/13/212 1867/14/212 1868/15/213
f 1868/15/213 1866/16/213 1865/13/212
f 1867/17/212 1869/18/212 1870/19/213
f 1870/19/213 1868/20/213 1867/17/212
f 1869/18/212 1871/21/212 1872/22/213
f 1872/22/213 1870/19/213 1869/18/212
f 1871/23/212 1873/24/212 1874/25/212
f 1874/25/212 1872/26/213 1871/23/212
f 1875/5/212 1876/6/213 1877/7/213
f 1877/7/213 1878/8/212 1875/5/212
f 1879/27/213 1880/28/212 1881/29/212
f 1881/29/212 1882/30/213 1879/27/213
f 1883/1/213 1884/4/213 1885/3/213
f 1885/3/213 1886/2/212 1883/1/213
f 1886/5/212 1885/8/213 1887/7/212
f 1887/7/212 1888/6/212 1886/5/212
f 1888/9/212 1887/12/212 1889/11/212
f 1889/11/212 1890/10/213 1888/9/212
f 1890/13/213 1889/16/212 1891/15/212
f 1891/15/212 1892/14/213 1890/13/213
f 1892/17/213 1891/20/212 1893/19/213
f 1893/19/213 1894/18/213 1892/17/213
f 1894/18/213 1893/19/213 1895/22/213
f 1895/22/213 1896/21/212 1894/18/213
f 1896/23/212 1895/26/213 1897/25/212
f 1897/25/212 1898/24/212 1896/23/212
f 1899/1/213 1900/2/212 1901/3/212
f 1901/3/212 1902/4/213 1899/1/213
f 1903/9/213 1904/10/212 1905/11/213
f 1905/11/213 1906/12/213 1903/9/213
f 1904/13/212 1907/14/212 1908/15/212
f 1908/15/212 1905/16/213 1904/13/212
f 1909/31/213 1910/32/212 1911/33/213
f 1911/33/213 1912/34/213 1909/31/213
f 1910/23/212 1913/24/212 1914/25/212
f 1914/25/212 1911/26/213 1910/23/212
f 1915/27/214 1916/28/214 1917/29/214
f 1917/29/214 1918/30/214 1915/27/214
f 1919/27/214 1920/28/214 1921/29/214
f 1921/29/214 1922/30/214 1919/27/214
f 1923/27/214 1924/28/214 1925/29/214
f 1925/29/214 1926/30/214 1923/27/214
f 1927/27/215 1928/28/215 1929/29/215
f 1929/29/215 1930/30/215 1927/27/215
f 1931/9/215 1932/10/215 1933/11/215
f 1933/11/215 1934/12/215 1931/9/215
f 1932/13/215 1935/14/215 1936/15/215
f 1936/15/215 1933/16/215 1932/13/215
f 1937/31/215 1938/32/215 1939/33/215
f 1939/33/215 1940/34/215 1937/31/215
f 1938/23/215 1941/24/215 1942/25/215
f 1942/25/215 1939/26/215 1938/23/215
f 1943/1/216 1944/2/216 1945/3/216
f 1945/3/216 1946/4/216 1943/1/216
f 1944/5/216 1947/6/216 1948/7/216
f 1948/7/216 1945/8/216 1944/5/216
f 1947/9/216 1949/10/216 1950/11/216
f 1950/11/216 1948/12/216 1947/9/216
f 1949/13/216 1951/14/216 1952/15/216
f 1952/15/216 1950/16/216 1949/13/216
f 1951/17/216 1953/18/216 1954/19/216
f 1954/19/216 1952/20/216 1951/17/216
f 1953/18/216 1955/21/216 1956/22/216
f 1956/22/216 1954/19/216 1953/18/216
f 1955/23/216 1957/24/216 1958/25/216
f 1958/25/216 1956/26/216 1955/23/216
f 1959/5/216 1960/6/216 1961/7/216
f 1961/7/216 1962/8/216 1959/5/216
f 1963/27/216 1964/28/216 1965/29/216
f 1965/29/216 1966/30/216 1963/27/216
f 1967/1/216 1968/4/216 1969/3/216
f 1969/3/216 1970/2/216 1967/1/216
f 1970/5/216 1969/8/216 1971/7/216
f 1971/7/216 1972/6/216 1970/5/216
f 1972/9/216 1971/12/216 1973/11/216
f 1973/11/216 1974/10/216 1972/9/216
f 1974/13/216 1973/16/216 1975/15/216
f 1975/15/216 1976/14/216 1974/13/216
f 1976/17/216 1975/20/216 1977/19/216
f 1977/19/216 1978/18/216 1976/17/216
f 1978/18/216 1977/19/216 1979/22/216
f 1979/22/216 1980/21/216 1978/18/216
f 1980/23/216 1979/26/216 1981/25/216
f 1981/25/216 1982/24/216 1980/23/216
f 1983/1/216 1984/2/216 1985/3/216
f 1985/3/216 1986/4/216 1983/1/216
f 1987/9/216 1988/10/216 1989/11/216
f 1989/11/216 1990/12/216 1987/9/216
f 1988/13/216 1991/14/216 1992/15/216
f 1992/15/216 1989/16/216 1988/13/216
f 1993/31/216 1994/32/216 1995/33/216
f 1995/33/216 1996/34/216 1993/31/216
f 1994/23/216 1997/24/216 1998/25/216
f 1998/25/216 1995/26/216 1994/23/216
f 1999/27/217 2000/28/217 2001/29/217
f 2001/29/217 2002/30/217 1999/27/217
f 2003/27/217 2004/28/217 2005/29/217
f 2005/29/217 2006/30/217 2003/27/217
f 2007/27/217 2008/28/217 2009/29/217
f 2009/29/217 2010/30/217 2007/27/217
f 2011/1/218 2012/2/218 2013/3/218
f 2013/3/218 2014/4/218 2011/1/218
f 2012/5/218 2015/6/218 2016/7/218
f 2016/7/218 2013/8/218 2012/5/218
f 2015/9/218 2017/10/218 2018/11/218
f 2018/11/218 2016/12/218 2015/9/218
f 2017/13/218 2019/14/218 2020/15/218
f 2020/15/218 2018/16/218 2017/13/218
f 2019/17/218 2021/18/218 2022/19/218
f 2022/19/218 2020/20/218 2019/17/218
f 2021/18/218 2023/21/218 2024/22/218
f 2024/22/218 2022/19/218 2021/18/218
f 2023/23/218 2025/24/218 2026/25/218
f 2026/25/218 2024/26/218 2023/23/218
f 2027/5/218 2028/6/218 2029/7/218
f 2029/7/218 2030/8/218 2027/5/218
f 2031/27/218 2032/28/218 2033/29/218
f 2033/29/218 2034/30/218 2031/27/218
f 2035/1/218 2036/2/218 2037/3/218
f 2037/3/218 2038/4/218 2035/1/218
f 2039/9/218 2040/10/218 2041/11/218
f 2041/11/218 2042/12/218 2039/9/218
f 2040/13/218 2043/14/218 2044/15/218
f 2044/15/218 2041/16/218 2040/13/218
f 2045/31/218 2046/32/218 2047/33/218
f 2047/33/218 2048/34/218 2045/31/218
f 2046/23/218 2049/24/218 2050/25/218
f 2050/25/218 2047/26/218 2046/23/218
f 2051/27/219 2052/28/219 2053/29/219
f 2053/29/219 2054/30/219 2051/27/219
f 2055/27/219 2056/28/219 2057/29/219
f 2057/29/219 2058/30/219 2055/27/219
f 2059/27/219 2060/28/219 2061/29/219
f 2061/29/219 2062/30/219 2059/27/219
f 2063/27/220 2064/28/220 2065/29/220
f 2065/29/220 2066/30/220 2063/27/220
f 2067/9/220 2068/10/220 2069/11/220
f 2069/11/220 2070/12/220 2067/9/220
f 2068/13/220 2071/14/220 2072/15/220
f 2072/15/220 2069/16/220 2068/13/220
f 2073/31/220 2074/32/220 2075/33/220
f 2075/33/220 2076/34/220 2073/31/220
f 2074/23/220 2077/24/220 2078/25/220
f 2078/25/220 2075/26/220 2074/23/220
f 2079/1/213 2080/2/212 2081/3/213
f 2081/3/213 2082/4/213 2079/1/213
f 2080/5/212 2083/6/212 2084/7/213
f 2084/7/213 2081/8/213 2080/5/212
f 2083/9/212 2085/10/213 2086/11/213
f 2086/11/213 2084/12/213 2083/9/212
f 2085/13/213 2087/14/213 2088/15/212
f 2088/15/212 2086/16/213 2085/13/213
f 2087/17/213 2089/18/213 2090/19/212
f 2090/19/212 2088/20/212 2087/17/213
f 2089/18/213 2091/21/213 2092/22/212
f 2092/22/212 2090/19/212 2089/18/213
f 2091/23/213 2093/24/213 2094/25/213
f 2094/25/213 2092/26/212 2091/23/213
f 2095/5/212 2096/6/213 2097/7/213
f 2097/7/213 2098/8/212 2095/5/212
f 2099/27/212 2100/28/213 2101/29/213
f 2101/29/213 2102/30/212 2099/27/212
f 2103/1/213 2104/4/213 2105/3/213
f 2105/3/213 2106/2/212 2103/1/213
f 2106/5/212 2105/8/213 2107/7/213
f 2107/7/213 2108/6/213 2106/5/212
f 2108/9/213 2107/12/213 2109/11/213
f 2109/11/213 2110/10/213 2108/9/213
f 2110/13/213 2109/16/213 2111/15/212
f 2111/15/212 2112/14/213 2110/13/213
f 2112/17/213 2111/20/212 2113/19/213
f 2113/19/213 2114/18/213 2112/17/213
f 2114/18/213 2113/19/213 2115/22/212
f 2115/22/212 2116/21/213 2114/18/213
f 2116/23/213 2115/26/212 2117/25/213
f 2117/25/213 2118/24/213 2116/23/213
f 2119/1/213 2120/2/213 2121/3/213
f 2121/3/213 2122/4/213 2119/1/213
f 2123/9/213 2124/10/213 2125/11/213
f 2125/11/213 2126/12/213 2123/9/213
f 2124/13/213 2127/14/213 2128/15/213
f 2128/15/213 2125/16/213 2124/13/213
f 2129/31/213 2130/32/213 2131/33/213
f 2131/33/213 2132/34/213 2129/31/213
f 2130/23/213 2133/24/213 2134/25/213
f 2134/25/213 2131/26/213 2130/23/213
f 2135/27/214 2136/28/214 2137/29/214
f 2137/29/214 2138/30/214 2135/27/214
f 2139/27/214 2140/28/214 2141/29/214
f 2141/29/214 2142/30/214 2139/27/214
f 2143/27/214 2144/28/214 2145/29/214
f 2145/29/214 2146/30/214 2143/27/214
f 2147/1/210 2148/2/210 2149/3/210
f 2149/3/210 2150/4/210 2147/1/210
f 2148/5/210 2151/6/210 2152/7/210
f 2152/7/210 2149/8/210 2148/5/210
f 2151/9/210 2153/10/210 2154/11/210
f 2154/11/210 2152/12/210 2151/9/210
f 2153/13/210 2155/14/210 2156/15/210
f 2156/15/210 2154/16/210 2153/13/210
f 2155/17/210 2157/18/210 2158/19/210
f 2158/19/210 2156/20/210 2155/17/210
f 2157/18/210 2159/21/210 2160/22/210
f 2160/22/210 2158/19/210 2157/18/210
f 2159/23/210 2161/24/210 2162/25/210
f 2162/25/210 2160/26/210 2159/23/210
f 2163/5/210 2164/6/210 2165/7/210
f 2165/7/210 2166/8/210 2163/5/210
f 2167/27/210 2168/28/210 2169/29/210
f 2169/29/210 2170/30/210 2167/27/210
f 2171/1/210 2172/4/210 2173/3/210
f 2173/3/210 2174/2/210 2171/1/210
f 2174/5/210 2173/8/210 2175/7/210
f 2175/7/210 2176/6/210 2174/5/210
f 2176/9/210 2175/12/210 2177/11/210
f 2177/11/210 2178/10/210 2176/9/210
f 2178/13/210 2177/16/210 2179/15/210
f 2179/15/210 2180/14/210 2178/13/210
f 2180/17/210 2179/20/210 2181/19/210
f 2181/19/210 2182/18/210 2180/17/210
f 2182/18/210 2181/19/210 2183/22/210
f 2183/22/210 2184/21/210 2182/18/210
f 2184/23/210 2183/26/210 2185/25/210
f 2185/25/210 2186/24/210 2184/23/210
f 2187/1/210 2188/2/210 2189/3/210
f 2189/3/210 2190/4/210 2187/1/210
f 2191/9/210 2192/10/210 2193/11/210
f 2193/11/210 2194/12/210 2191/9/210
f 2192/13/210 2195/14/210 2196/15/210
f 2196/15/210 2193/16/210 2192/13/210
f 2197/31/210 2198/32/210 2199/33/210
f 2199/33/210 2200/34/210 2197/31/210
f 2198/23/210 2201/24/210 2202/25/210
f 2202/25/210 2199/26/210 2198/23/210
f 2203/27/211 2204/28/211 2205/29/211
f 2205/29/211 2206/30/211 2203/27/211
f 2207/27/211 2208/28/211 2209/29/211
f 2209/29/211 2210/30/211 2207/27/211
f 2211/27/211 2212/28/211 2213/29/211
f 2213/29/211 2214/30/211 2211/27/211
f 2215/1/210 2216/2/210 2217/3/210
f 2217/3/210 2218/4/210 2215/1/210
f 2216/5/210 2219/6/210 2220/7/210
f 2220/7/210 2217/8/210 2216/5/210
f 2219/9/210 2221/10/210 2222/11/210
f 2222/11/210 2220/12/210 2219/9/210
f 2221/13/210 2223/14/210 2224/15/210
f 2224/15/210 2222/16/210 2221/13/210
f 2223/17/210 2225/18/210 2226/19/210
f 2226/19/210 2224/20/210 2223/17/210
f 2225/18/210 2227/21/210 2228/22/210
f 2228/22/210 2226/19/210 2225/18/210
f 2227/23/210 2229/24/210 2230/25/210
f 2230/25/210 2228/26/210 2227/23/210
f 2231/5/210 2232/6/210 2233/7/210
f 2233/7/210 2234/8/210 2231/5/210
f 2235/27/210 2236/28/210 2237/29/210
f 2237/29/210 2238/30/210 2235/27/210
f 2239/1/210 2240/4/210 2241/3/210
f 2241/3/210 2242/2/210 2239/1/210
f 2242/5/210 2241/8/210 2243/7/210
f 2243/7/210 2244/6/210 2242/5/210
f 2244/9/210 2243/12/210 2245/11/210
f 2245/11/210 2246/10/210 2244/9/210
f 2246/13/210 2245/16/210 2247/15/210
f 2247/15/210 2248/14/210 2246/13/210
f 2248/17/210 2247/20/210 2249/19/210
f 2249/19/210 2250/18/210 2248/17/210
f 2250/18/210 2249/19/210 2251/22/210
f 2251/22/210 2252/21/210 2250/18/210
f 2252/23/210 2251/26/210 2253/25/210
f 2253/25/210 2254/24/210 2252/23/210
f 2255/1/210 2256/2/210 2257/3/210
f 2257/3/210 2258/4/210 2255/1/210
f 2259/9/210 2260/10/210 2261/11/210
f 2261/11/210 2262/12/210 2259/9/210
f 2260/13/210 2263/14/210 2264/15/210
f 2264/15/210 2261/16/210 2260/13/210
f 2265/31/210 2266/32/210 2267/33/210
f 2267/33/210 2268/34/210 2265/31/210
f 2266/23/210 2269/24/210 2270/25/210
f 2270/25/210 2267/26/210 2266/23/210
f 2271/27/211 2272/28/211 2273/29/211
f 2273/29/211 2274/30/211 2271/27/211
f 2275/27/211 2276/28/211 2277/29/211
f 2277/29/211 2278/30/211 2275/27/211
f 2279/27/211 2280/28/211 2281/29/211
f 2281/29/211 2282/30/211 2279/27/211
f 2283/1/221 2284/2/221 2285/3/221
f 2285/3/221 2286/4/221 2283/1/221
f 2284/5/221 2287/6/221 2288/7/221
f 2288/7/221 2285/8/221 2284/5/221
f 2287/9/221 2289/10/221 2290/11/221
f 2290/11/221 2288/12/221 2287/9/221
f 2289/13/221 2291/14/221 2292/15/221
f 2292/15/221 2290/16/221 2289/13/221
f 2291/17/221 2293/18/221 2294/19/221
f 2294/19/221 2292/20/221 2291/17/221
f 2293/18/221 2295/21/221 2296/22/221
f 2296/22/221 2294/19/221 2293/18/221
f 2295/23/221 2297/24/221 2298/25/221
f 2298/25/221 2296/26/221 2295/23/221
f 2299/5/221 2300/6/221 2301/7/221
f 2301/7/221 2302/8/221 2299/5/221
f 2303/27/221 2304/28/221 2305/29/221
f 2305/29/221 2306/30/221 2303/27/221
f 2307/1/221 2308/4/221 2309/3/221
f 2309/3/221 2310/2/221 2307/1/221
f 2310/5/221 2309/8/221 2311/7/221
f 2311/7/221 2312/6/221 2310/5/221
f 2312/9/221 2311/12/221 2313/11/221
f 2313/11/221 2314/10/221 2312/9/221
f 2314/13/221 2313/16/221 2315/15/221
f 2315/15/221 2316/14/221 2314/13/221
f 2316/17/221 2315/20/221 2317/19/221
f 2317/19/221 2318/18/221 2316/17/221
f 2318/18/221 2317/19/221 2319/22/221
f 2319/22/221 2320/21/221 2318/18/221
f 2320/23/221 2319/26/221 2321/25/221
f 2321/25/221 2322/24/221 2320/23/221
f 2323/1/221 2324/2/221 2325/3/221
f 2325/3/221 2326/4/221 2323/1/221
f 2327/9/221 2328/10/221 2329/11/221
f 2329/11/221 2330/12/221 2327/9/221
f 2328/13/221 2331/14/221 2332/15/221
f 2332/15/221 2329/16/221 2328/13/221
f 2333/31/221 2334/32/221 2335/33/221
f 2335/33/221 2336/34/221 2333/31/221
f 2334/23/221 2337/24/221 2338/25/221
f 2338/25/221 2335/26/221 2334/23/221
f 2339/27/222 2340/28/222 2341/29/222
f 2341/29/222 2342/30/222 2339/27/222
f 2343/27/222 2344/28/222 2345/29/222
f 2345/29/222 2346/30/222 2343/27/222
f 2347/27/222 2348/28/222 2349/29/222
f 2349/29/222 2350/30/222 2347/27/222
f 2351/1/223 2352/2/223 2353/3/223
f 2353/3/223 2354/4/223 2351/1/223
f 2352/5/223 2355/6/223 2356/7/223
f 2356/7/223 2353/8/223 2352/5/223
f 2355/9/223 2357/10/223 2358/11/223
f 2358/11/223 2356/12/223 2355/9/223
f 2357/13/223 2359/14/223 2360/15/223
f 2360/15/223 2358/16/223 2357/13/223
f 2359/17/223 2361/18/223 2362/19/223
f 2362/19/223 2360/20/223 2359/17/223
f 2361/18/223 2363/21/223 2364/22/223
f 2364/22/223 2362/19/223 2361/18/223
f 2363/23/223 2365/24/223 2366/25/223
f 2366/25/223 2364/26/223 2363/23/223
f 2367/5/223 2368/6/223 2369/7/223
f 2369/7/223 2370/8/223 2367/5/223
f 2371/27/223 2372/28/223 2373/29/223
f 2373/29/223 2374/30/223 2371/27/223
f 2375/1/223 2376/4/223 2377/3/223
f 2377/3/223 2378/2/223 2375/1/223
f 2378/5/223 2377/8/223 2379/7/223
f 2379/7/223 2380/6/223 2378/5/223
f 2380/9/223 2379/12/223 2381/11/223
f 2381/11/223 2382/10/223 2380/9/223
f 2382/13/223 2381/16/223 2383/15/223
f 2383/15/223 2384/14/223 2382/13/223
f 2384/17/223 2383/20/223 2385/19/223
f 2385/19/223 2386/18/223 2384/17/223
f 2386/18/223 2385/19/223 2387/22/223
f 2387/22/223 2388/21/223 2386/18/223
f 2388/23/223 2387/26/223 2389/25/223
f 2389/25/223 2390/24/223 2388/23/223
f 2391/1/223 2392/2/223 2393/3/223
f 2393/3/223 2394/4/223 2391/1/223
f 2395/9/223 2396/10/223 2397/11/223
f 2397/11/223 2398/12/223 2395/9/223
f 2396/13/223 2399/14/223 2400/15/223
f 2400/15/223 2397/16/223 2396/13/223
f 2401/31/223 2402/32/223 2403/33/223
f 2403/33/223 2404/34/223 2401/31/223
f 2402/23/223 2405/24/223 2406/25/223
f 2406/25/223 2403/26/223 2402/23/223
f 2407/27/224 2408/28/224 2409/29/224
f 2409/29/224 2410/30/224 2407/27/224
f 2411/27/224 2412/28/224 2413/29/224
f 2413/29/224 2414/30/224 2411/27/224
f 2415/27/224 2416/28/224 2417/29/224
f 2417/29/224 2418/30/224 2415/27/224
f 2419/27/225 2420/28/225 2421/29/225
f 2421/29/225 2422/30/225 2419/27/225
f 2423/9/225 2424/10/225 2425/11/225
f 2425/11/225 2426/12/225 2423/9/225
f 2424/13/225 2427/14/225 2428/15/225
f 2428/15/225 2425/16/225 2424/13/225
f 2429/31/225 2430/32/225 2431/33/225
f 2431/33/225 2432/34/225 2429/31/225
f 2430/23/225 2433/24/225 2434/25/225
f 2434/25/225 2431/26/225 2430/23/225
f 2435/1/226 2436/2/226 2437/3/226
f 2437/3/226 2438/4/226 2435/1/226
f 2436/5/226 2439/6/226 2440/7/226
f 2440/7/226 2437/8/226 2436/5/226
f 2439/9/226 2441/10/226 2442/11/226
f 2442/11/226 2440/12/226 2439/9/226
f 2441/13/226 2443/14/226 2444/15/226
f 2444/15/226 2442/16/226 2441/13/226
f 2443/17/226 2445/18/226 2446/19/226
f 2446/19/226 2444/20/226 2443/17/226
f 2445/18/226 2447/21/226 2448/22/226
f 2448/22/226 2446/19/226 2445/18/226
f 2447/23/226 2449/24/226 2450/25/226
f 2450/25/226 2448/26/226 2447/23/226
f 2451/5/226 2452/6/226 2453/7/226
f 2453/7/226 2454/8/226 2451/5/226
f 2455/27/226 2456/28/226 2457/29/226
f 2457/29/226 2458/30/226 2455/27/226
f 2459/1/226 2460/4/226 2461/3/226
f 2461/3/226 2462/2/226 2459/1/226
f 2462/5/226 2461/8/226 2463/7/226
f 2463/7/226 2464/6/226 2462/5/226
f 2464/9/226 2463/12/226 2465/11/226
f 2465/11/226 2466/10/226 2464/9/226
f 2466/13/226 2465/16/226 2467/15/226
f 2467/15/226 2468/14/226 2466/13/226
f 2468/17/226 2467/20/226 2469/19/226
f 2469/19/226 2470/18/226 2468/17/226
f 2470/18/226 2469/19/226 2471/22/226
f 2471/22/226 2472/21/226 2470/18/226
f 2472/23/226 2471/26/226 2473/25/226
f 2473/25/226 2474/24/226 2472/23/226
f 2475/1/226 2476/2/226 2477/3/226
f 2477/3/226 2478/4/226 2475/1/226
f 2479/9/226 2480/10/226 2481/11/226
f 2481/11/226 2482/12/226 2479/9/226
f 2480/13/226 2483/14/226 2484/15/226
f 2484/15/226 2481/16/226 2480/13/226
f 2485/31/226 2486/32/226 2487/33/226
f 2487/33/226 2488/34/226 2485/31/226
f 2486/23/226 2489/24/226 2490/25/226
f 2490/25/226 2487/26/226 2486/23/226
f 2491/27/227 2492/28/227 2493/29/227
f 2493/29/227 2494/30/227 2491/27/227
f 2495/27/227 2496/28/227 2497/29/227
f 2497/29/227 2498/30/227 2495/27/227
f 2499/27/227 2500/28/227 2501/29/227
f 2501/29/227 2502/30/227 2499/27/227
f 2503/31/226 2504/32/226 2505/33/226
f 2505/33/226 2506/34/226 2503/31/226
f 2504/23/226 2507/24/226 2508/25/226
f 2508/25/226 2505/26/226 2504/23/226
f 2509/31/226 2510/32/226 2511/33/226
f 2511/33/226 2512/34/226 2509/31/226
f 2510/23/226 2513/24/226 2514/25/226
f 2514/25/226 2511/26/226 2510/23/226
f 2515/1/226 2516/2/226 2517/3/226
f 2517/3/226 2518/4/226 2515/1/226
f 2519/1/226 2520/2/226 2521/3/226
f 2521/3/226 2522/4/226 2519/1/226
f 2523/31/226 2524/32/226 2525/33/226
f 2525/33/226 2526/34/226 2523/31/226
f 2524/23/226 2527/24/226 2528/25/226
f 2528/25/226 2525/26/226 2524/23/226
f 2529/31/228 2530/32/228 2531/33/228
f 2531/33/228 2532/34/228 2529/31/228
f 2530/23/228 2533/24/228 2534/25/228
f 2534/25/228 2531/26/228 2530/23/228
f 2535/27/227 2536/28/227 2537/29/227
f 2537/29/227 2538/30/227 2535/27/227
f 2539/27/227 2540/28/227 2541/29/227
f 2541/29/227 2542/30/227 2539/27/227
f 2543/5/226 2544/6/226 2545/7/226
f 2545/7/226 2546/8/226 2543/5/226
f 2547/1/226 2548/4/226 2549/3/226
f 2549/3/226 2550/2/226 2547/1/226
f 2550/5/226 2549/8/226 2551/7/226
f 2551/7/226 2552/6/226 2550/5/226
f 2552/9/226 2551/12/226 2553/11/226
f 2553/11/226 2554/10/226 2552/9/226
f 2554/13/226 2553/16/226 2555/15/226
f 2555/15/226 2556/14/226 2554/13/226
f 2556/17/226 2555/20/226 2557/19/226
f 2557/19/226 2558/18/226 2556/17/226
f 2558/18/226 2557/19/226 2559/22/226
f 2559/22/226 2560/21/226 2558/18/226
f 2560/23/226 2559/26/226 2561/25/226
f 2561/25/226 2562/24/226 2560/23/226
f 2563/31/229 2564/32/229 2565/33/229
f 2565/33/229 2566/34/229 2563/31/229
f 2564/23/229 2567/24/229 2568/25/229
f 2568/25/229 2565/26/229 2564/23/229
f 2569/31/230 2570/32/230 2571/33/230
f 2571/33/230 2572/34/230 2569/31/230
f 2570/23/230 2573/24/230 2574/25/230
f 2574/25/230 2571/26/230 2570/23/230
f 2575/5/226 2576/6/226 2577/7/226
f 2577/7/226 2578/8/226 2575/5/226
f 2579/5/226 2580/6/226 2581/7/226
f 2581/7/226 2582/8/226 2579/5/226
f 2583/1/231 2584/2/231 2585/3/231
f 2585/3/231 2586/4/231 2583/1/231
f 2584/5/231 2587/6/231 2588/7/231
f 2588/7/231 2585/8/231 2584/5/231
f 2587/9/231 2589/10/231 2590/11/231
f 2590/11/231 2588/12/231 2587/9/231
f 2589/13/231 2591/14/231 2592/15/231
f 2592/15/231 2590/16/231 2589/13/231
f 2591/17/231 2593/18/231 2594/19/231
f 2594/19/231 2592/20/231 2591/17/231
f 2593/18/231 2595/21/231 2596/22/231
f 2596/22/231 2594/19/231 2593/18/231
f 2595/23/231 2597/24/231 2598/25/231
f 2598/25/231 2596/26/231 2595/23/231
f 2599/5/231 2600/6/231 2601/7/231
f 2601/7/231 2602/8/231 2599/5/231
f 2603/27/231 2604/28/231 2605/29/231
f 2605/29/231 2606/30/231 2603/27/231
f 2607/1/231 2608/4/231 2609/3/231
f 2609/3/231 2610/2/231 2607/1/231
f 2610/5/231 2609/8/231 2611/7/231
f 2611/7/231 2612/6/231 2610/5/231
f 2612/9/231 2611/12/231 2613/11/231
f 2613/11/231 2614/10/231 2612/9/231
f 2614/13/231 2613/16/231 2615/15/231
f 2615/15/231 2616/14/231 2614/13/231
f 2616/17/231 2615/20/231 2617/19/231
f 2617/19/231 2618/18/231 2616/17/231
f 2618/18/231 2617/19/231 2619/22/231
f 2619/22/231 2620/21/231 2618/18/231
f 2620/23/231 2619/26/231 2621/25/231
f 2621/25/231 2622/24/231 2620/23/231
f 2623/1/231 2624/2/231 2625/3/231
f 2625/3/231 2626/4/231 2623/1/231
f 2627/9/231 2628/10/231 2629/11/231
f 2629/11/231 2630/12/231 2627/9/231
f 2628/13/231 2631/14/231 2632/15/231
f 2632/15/231 2629/16/231 2628/13/231
f 2633/31/231 2634/32/231 2635/33/231
f 2635/33/231 2636/34/231 2633/31/231
f 2634/23/231 2637/24/231 2638/25/231
f 2638/25/231 2635/26/231 2634/23/231
f 2639/27/232 2640/28/232 2641/29/232
f 2641/29/232 2642/30/233 2639/27/232
f 2643/27/232 2644/28/233 2645/29/232
f 2645/29/232 2646/30/232 2643/27/232
f 2647/27/233 2648/28/233 2649/29/233
f 2649/29/233 2650/30/233 2647/27/233
f 2651/1/234 2652/2/234 2653/3/234
f 2653/3/234 2654/4/234 2651/1/234
f 2652/5/234 2655/6/234 2656/7/234
f 2656/7/234 2653/8/234 2652/5/234
f 2655/9/234 2657/10/234 2658/11/234
f 2658/11/234 2656/12/234 2655/9/234
f 2657/13/234 2659/14/234 2660/15/234
f 2660/15/234 2658/16/234 2657/13/234
f 2659/17/234 2661/18/234 2662/19/234
f 2662/19/234 2660/20/234 2659/17/234
f 2661/18/234 2663/21/234 2664/22/234
f 2664/22/234 2662/19/234 2661/18/234
f 2663/23/234 2665/24/234 2666/25/234
f 2666/25/234 2664/26/234 2663/23/234
f 2667/5/234 2668/6/234 2669/7/234
f 2669/7/234 2670/8/234 2667/5/234
f 2671/27/234 2672/28/234 2673/29/234
f 2673/29/234 2674/30/234 2671/27/234
f 2675/1/234 2676/4/234 2677/3/234
f 2677/3/234 2678/2/234 2675/1/234
f 2678/5/234 2677/8/234 2679/7/234
f 2679/7/234 2680/6/234 2678/5/234
f 2680/9/234 2679/12/234 2681/11/234
f 2681/11/234 2682/10/234 2680/9/234
f 2682/13/234 2681/16/234 2683/15/234
f 2683/15/234 2684/14/234 2682/13/234
f 2684/17/234 2683/20/234 2685/19/234
f 2685/19/234 2686/18/234 2684/17/234
f 2686/18/234 2685/19/234 2687/22/234
f 2687/22/234 2688/21/234 2686/18/234
f 2688/23/234 2687/26/234 2689/25/234
f 2689/25/234 2690/24/234 2688/23/234
f 2691/1/234 2692/2/234 2693/3/234
f 2693/3/234 2694/4/234 2691/1/234
f 2695/9/234 2696/10/234 2697/11/234
f 2697/11/234 2698/12/234 2695/9/234
f 2696/13/234 2699/14/234 2700/15/234
f 2700/15/234 2697/16/234 2696/13/234
f 2701/31/234 2702/32/234 2703/33/234
f 2703/33/234 2704/34/234 2701/31/234
f 2702/23/234 2705/24/234 2706/25/234
f 2706/25/234 2703/26/234 2702/23/234
f 2707/27/235 2708/28/235 2709/29/235
f 2709/29/235 2710/30/235 2707/27/235
f 2711/27/235 2712/28/235 2713/29/235
f 2713/29/235 2714/30/235 2711/27/235
f 2715/27/235 2716/28/235 2717/29/235
f 2717/29/235 2718/30/235 2715/27/235
f 2719/1/236 2720/2/236 2721/3/236
f 2721/3/236 2722/4/236 2719/1/236
f 2720/5/236 2723/6/237 2724/7/237
f 2724/7/237 2721/8/236 2720/5/236
f 2723/9/237 2725/10/236 2726/11/236
f 2726/11/236 2724/12/237 2723/9/237
f 2725/13/236 2727/14/236 2728/15/236
f 2728/15/236 2726/16/236 2725/13/236
f 2727/17/236 2729/18/236 2730/19/236
f 2730/19/236 2728/20/236 2727/17/236
f 2729/18/236 2731/21/236 2732/22/236
f 2732/22/236 2730/19/236 2729/18/236
f 2731/23/236 2733/24/236 2734/25/236
f 2734/25/236 2732/26/236 2731/23/236
f 2735/5/236 2736/6/236 2737/7/236
f 2737/7/236 2738/8/236 2735/5/236
f 2739/27/236 2740/28/236 2741/29/236
f 2741/29/236 2742/30/236 2739/27/236
f 2743/1/236 2744/4/236 2745/3/236
f 2745/3/236 2746/2/236 2743/1/236
f 2746/5/236 2745/8/236 2747/7/236
f 2747/7/236 2748/6/236 2746/5/236
f 2748/9/236 2747/12/236 2749/11/236
f 2749/11/236 2750/10/236 2748/9/236
f 2750/13/236 2749/16/236 2751/15/237
f 2751/15/237 2752/14/237 2750/13/236
f 2752/17/237 2751/20/237 2753/19/236
f 2753/19/236 2754/18/236 2752/17/237
f 2754/18/236 2753/19/236 2755/22/236
f 2755/22/236 2756/21/236 2754/18/236
f 2756/23/236 2755/26/236 2757/25/237
f 2757/25/237 2758/24/237 2756/23/236
f 2759/1/236 2760/2/236 2761/3/236
f 2761/3/236 2762/4/236 2759/1/236
f 2763/9/236 2764/10/236 2765/11/236
f 2765/11/236 2766/12/236 2763/9/236
f 2764/13/236 2767/14/236 2768/15/236
f 2768/15/236 2765/16/236 2764/13/236
f 2769/31/237 2770/32/237 2771/33/237
f 2771/33/237 2772/34/237 2769/31/237
f 2770/23/237 2773/24/236 2774/25/236
f 2774/25/236 2771/26/237 2770/23/237
f 2775/27/238 2776/28/238 2777/29/238
f 2777/29/238 2778/30/238 2775/27/238
f 2779/27/238 2780/28/238 2781/29/238
f 2781/29/238 2782/30/238 2779/27/238
f 2783/27/238 2784/28/238 2785/29/238
f 2785/29/238 2786/30/238 2783/27/238
f 2787/1/236 2788/2/236 2789/3/236
f 2789/3/236 2790/4/236 2787/1/236
f 2788/5/236 2791/6/236 2792/7/236
f 2792/7/236 2789/8/236 2788/5/236
f 2791/9/236 2793/10/236 2794/11/236
f 2794/11/236 2792/12/236 2791/9/236
f 2793/13/236 2795/14/236 2796/15/236
f 2796/15/236 2794/16/236 2793/13/236
f 2795/17/236 2797/18/236 2798/19/236
f 2798/19/236 2796/20/236 2795/17/236
f 2797/18/236 2799/21/236 2800/22/236
f 2800/22/236 2798/19/236 2797/18/236
f 2799/23/236 2801/24/236 2802/25/236
f 2802/25/236 2800/26/236 2799/23/236
f 2803/5/236 2804/6/236 2805/7/236
f 2805/7/236 2806/8/236 2803/5/236
f 2807/27/237 2808/28/237 2809/29/237
f 2809/29/237 2810/30/237 2807/27/237
f 2811/1/236 2812/4/236 2813/3/236
f 2813/3/236 2814/2/236 2811/1/236
f 2814/5/236 2813/8/236 2815/7/236
f 2815/7/236 2816/6/236 2814/5/236
f 2816/9/236 2815/12/236 2817/11/237
f 2817/11/237 2818/10/237 2816/9/236
f 2818/13/237 2817/16/237 2819/15/236
f 2819/15/236 2820/14/236 2818/13/237
f 2820/17/236 2819/20/236 2821/19/237
f 2821/19/237 2822/18/237 2820/17/236
f 2822/18/237 2821/19/237 2823/22/236
f 2823/22/236 2824/21/236 2822/18/237
f 2824/23/236 2823/26/236 2825/25/236
f 2825/25/236 2826/24/236 2824/23/236
f 2827/1/236 2828/2/236 2829/3/236
f 2829/3/236 2830/4/236 2827/1/236
f 2831/9/236 2832/10/236 2833/11/236
f 2833/11/236 2834/12/236 2831/9/236
f 2832/13/236 2835/14/236 2836/15/236
f 2836/15/236 2833/16/236 2832/13/236
f 2837/31/236 2838/32/236 2839/33/236
f 2839/33/236 2840/34/236 2837/31/236
f 2838/23/236 2841/24/236 2842/25/236
f 2842/25/236 2839/26/236 2838/23/236
f 2843/27/238 2844/28/238 2845/29/238
f 2845/29/238 2846/30/238 2843/27/238
f 2847/27/238 2848/28/238 2849/29/238
f 2849/29/238 2850/30/238 2847/27/238
f 2851/27/238 2852/28/238 2853/29/238
f 2853/29/238 2854/30/238 2851/27/238
f 2855/1/237 2856/2/237 2857/3/237
f 2857/3/237 2858/4/237 2855/1/237
f 2856/5/237 2859/6/236 2860/7/236
f 2860/7/236 2857/8/237 2856/5/237
f 2859/9/236 2861/10/236 2862/11/236
f 2862/11/236 2860/12/236 2859/9/236
f 2861/13/236 2863/14/236 2864/15/236
f 2864/15/236 2862/16/236 2861/13/236
f 2863/17/236 2865/18/236 2866/19/236
f 2866/19/236 2864/20/236 2863/17/236
f 2865/18/236 2867/21/236 2868/22/236
f 2868/22/236 2866/19/236 2865/18/236
f 2867/23/236 2869/24/236 2870/25/236
f 2870/25/236 2868/26/236 2867/23/236
f 2871/5/236 2872/6/236 2873/7/236
f 2873/7/236 2874/8/236 2871/5/236
f 2875/27/237 2876/28/237 2877/29/237
f 2877/29/237 2878/30/237 2875/27/237
f 2879/1/236 2880/4/236 2881/3/236
f 2881/3/236 2882/2/236 2879/1/236
f 2882/5/236 2881/8/236 2883/7/236
f 2883/7/236 2884/6/236 2882/5/236
f 2884/9/236 2883/12/236 2885/11/236
f 2885/11/236 2886/10/236 2884/9/236
f 2886/13/236 2885/16/236 2887/15/236
f 2887/15/236 2888/14/236 2886/13/236
f 2888/17/236 2887/20/236 2889/19/237
f 2889/19/237 2890/18/237 2888/17/236
f 2890/18/237 2889/19/237 2891/22/236
f 2891/22/236 2892/21/236 2890/18/237
f 2892/23/236 2891/26/236 2893/25/236
f 2893/25/236 2894/24/236 2892/23/236
f 2895/1/236 2896/2/236 2897/3/236
f 2897/3/236 2898/4/236 2895/1/236
f 2899/9/236 2900/10/236 2901/11/236
f 2901/11/236 2902/12/236 2899/9/236
f 2900/13/236 2903/14/236 2904/15/236
f 2904/15/236 2901/16/236 2900/13/236
f 2905/31/236 2906/32/236 2907/33/236
f 2907/33/236 2908/34/236 2905/31/236
f 2906/23/236 2909/24/236 2910/25/236
f 2910/25/236 2907/26/236 2906/23/236
f 2911/27/238 2912/28/238 2913/29/238
f 2913/29/238 2914/30/238 2911/27/238
f 2915/27/238 2916/28/238 2917/29/238
f 2917/29/238 2918/30/238 2915/27/238
f 2919/27/238 2920/28/238 2921/29/238
f 2921/29/238 2922/30/238 2919/27/238
f 2923/1/234 2924/2/234 2925/3/234
f 2925/3/234 2926/4/234 2923/1/234
f 2924/5/234 2927/6/234 2928/7/234
f 2928/7/234 2925/8/234 2924/5/234
f 2927/9/234 2929/10/234 2930/11/234
f 2930/11/234 2928/12/234 2927/9/234
f 2929/13/234 2931/14/234 2932/15/234
f 2932/15/234 2930/16/234 2929/13/234
f 2931/17/234 2933/18/234 2934/19/234
f 2934/19/234 2932/20/234 2931/17/234
f 2933/18/234 2935/21/234 2936/22/234
f 2936/22/234 2934/19/234 2933/18/234
f 2935/23/234 2937/24/234 2938/25/234
f 2938/25/234 2936/26/234 2935/23/234
f 2939/5/234 2940/6/234 2941/7/234
f 2941/7/234 2942/8/234 2939/5/234
f 2943/27/234 2944/28/234 2945/29/234
f 2945/29/234 2946/30/234 2943/27/234
f 2947/1/234 2948/4/234 2949/3/234
f 2949/3/234 2950/2/234 2947/1/234
f 2950/5/234 2949/8/234 2951/7/234
f 2951/7/234 2952/6/234 2950/5/234
f 2952/9/234 2951/12/234 2953/11/234
f 2953/11/234 2954/10/234 2952/9/234
f 2954/13/234 2953/16/234 2955/15/234
f 2955/15/234 2956/14/234 2954/13/234
f 2956/17/234 2955/20/234 2957/19/234
f 2957/19/234 2958/18/234 2956/17/234
f 2958/18/234 2957/19/234 2959/22/234
f 2959/22/234 2960/21/234 2958/18/234
f 2960/23/234 2959/26/234 2961/25/234
f 2961/25/234 2962/24/234 2960/23/234
f 2963/1/234 2964/2/234 2965/3/234
f 2965/3/234 2966/4/234 2963/1/234
f 2967/9/234 2968/10/234 2969/11/234
f 2969/11/234 2970/12/234 2967/9/234
f 2968/13/234 2971/14/234 2972/15/234
f 2972/15/234 2969/16/234 2968/13/234
f 2973/31/234 2974/32/234 2975/33/234
f 2975/33/234 2976/34/234 2973/31/234
f 2974/23/234 2977/24/234 2978/25/234
f 2978/25/234 2975/26/234 2974/23/234
f 2979/27/235 2980/28/235 2981/29/235
f 2981/29/235 2982/30/235 2979/27/235
f 2983/27/235 2984/28/235 2985/29/235
f 2985/29/235 2986/30/235 2983/27/235
f 2987/27/235 2988/28/235 2989/29/235
f 2989/29/235 2990/30/235 2987/27/235
f 2991/1/239 2992/2/239 2993/3/239
f 2993/3/239 2994/4/239 2991/1/239
f 2992/5/239 2995/6/239 2996/7/239
f 2996/7/239 2993/8/239 2992/5/239
f 2995/9/239 2997/10/239 2998/11/239
f 2998/11/239 2996/12/239 2995/9/239
f 2997/13/239 2999/14/239 3000/15/239
f 3000/15/239 2998/16/239 2997/13/239
f 2999/17/239 3001/18/239 3002/19/239
f 3002/19/239 3000/20/239 2999/17/239
f 3001/18/239 3003/21/239 3004/22/239
f 3004/22/239 3002/19/239 3001/18/239
f 3003/23/239 3005/24/239 3006/25/239
f 3006/25/239 3004/26/239 3003/23/239
f 3007/5/239 3008/6/239 3009/7/239
f 3009/7/239 3010/8/239 3007/5/239
f 3011/27/239 3012/28/239 3013/29/239
f 3013/29/239 3014/30/239 3011/27/239
f 3015/1/239 3016/4/239 3017/3/239
f 3017/3/239 3018/2/239 3015/1/239
f 3018/5/239 3017/8/239 3019/7/239
f 3019/7/239 3020/6/239 3018/5/239
f 3020/9/239 3019/12/239 3021/11/239
f 3021/11/239 3022/10/239 3020/9/239
f 3022/13/239 3021/16/239 3023/15/239
f 3023/15/239 3024/14/239 3022/13/239
f 3024/17/239 3023/20/239 3025/19/239
f 3025/19/239 3026/18/239 3024/17/239
f 3026/18/239 3025/19/239 3027/22/239
f 3027/22/239 3028/21/239 3026/18/239
f 3028/23/239 3027/26/239 3029/25/239
f 3029/25/239 3030/24/239 3028/23/239
f 3031/1/239 3032/2/239 3033/3/239
f 3033/3/239 3034/4/239 3031/1/239
f 3035/9/239 3036/10/239 3037/11/239
f 3037/11/239 3038/12/239 3035/9/239
f 3036/13/239 3039/14/239 3040/15/239
f 3040/15/239 3037/16/239 3036/13/239
f 3041/31/239 3042/32/239 3043/33/239
f 3043/33/239 3044/34/239 3041/31/239
f 3042/23/239 3045/24/239 3046/25/239
f 3046/25/239 3043/26/239 3042/23/239
f 3047/27/240 3048/28/240 3049/29/240
f 3049/29/240 3050/30/240 3047/27/240
f 3051/27/240 3052/28/240 3053/29/240
f 3053/29/240 3054/30/240 3051/27/240
f 3055/27/240 3056/28/240 3057/29/240
f 3057/29/240 3058/30/240 3055/27/240
f 3059/1/239 3060/2/239 3061/3/239
f 3061/3/239 3062/4/239 3059/1/239
f 3060/5/239 3063/6/239 3064/7/239
f 3064/7/239 3061/8/239 3060/5/239
f 3063/9/239 3065/10/239 3066/11/239
f 3066/11/239 3064/12/239 3063/9/239
f 3065/13/239 3067/14/239 3068/15/239
f 3068/15/239 3066/16/239 3065/13/239
f 3067/17/239 3069/18/239 3070/19/239
f 3070/19/239 3068/20/239 3067/17/239
f 3069/18/239 3071/21/239 3072/22/239
f 3072/22/239 3070/19/239 3069/18/239
f 3071/23/239 3073/24/239 3074/25/239
f 3074/25/239 3072/26/239 3071/23/239
f 3075/5/239 3076/6/239 3077/7/239
f 3077/7/239 3078/8/239 3075/5/239
f 3079/27/239 3080/28/239 3081/29/239
f 3081/29/239 3082/30/239 3079/27/239
f 3083/1/239 3084/4/239 3085/3/239
f 3085/3/239 3086/2/239 3083/1/239
f 3086/5/239 3085/8/239 3087/7/239
f 3087/7/239 3088/6/239 3086/5/239
f 3088/9/239 3087/12/239 3089/11/239
f 3089/11/239 3090/10/239 3088/9/239
f 3090/13/239 3089/16/239 3091/15/239
f 3091/15/239 3092/14/239 3090/13/239
f 3092/17/239 3091/20/239 3093/19/239
f 3093/19/239 3094/18/239 3092/17/239
f 3094/18/239 3093/19/239 3095/22/239
f 3095/22/239 3096/21/239 3094/18/239
f 3096/23/239 3095/26/239 3097/25/239
f 3097/25/239 3098/24/239 3096/23/239
f 3099/1/239 3100/2/239 3101/3/239
f 3101/3/239 3102/4/239 3099/1/239
f 3103/9/239 3104/10/239 3105/11/239
f 3105/11/239 3106/12/239 3103/9/239
f 3104/13/239 3107/14/239 3108/15/239
f 3108/15/239 3105/16/239 3104/13/239
f 3109/31/239 3110/32/239 3111/33/239
f 3111/33/239 3112/34/239 3109/31/239
f 3110/23/239 3113/24/239 3114/25/239
f 3114/25/239 3111/26/239 3110/23/239
f 3115/27/240 3116/28/240 3117/29/240
f 3117/29/240 3118/30/240 3115/27/240
f 3119/27/240 3120/28/240 3121/29/240
f 3121/29/240 3122/30/240 3119/27/240
f 3123/27/240 3124/28/240 3125/29/240
f 3125/29/240 3126/30/240 3123/27/240
f 3127/1/241 3128/2/241 3129/3/241
f 3129/3/241 3130/4/241 3127/1/241
f 3128/5/241 3131/6/241 3132/7/241
f 3132/7/241 3129/8/241 3128/5/241
f 3131/9/241 3133/10/241 3134/11/241
f 3134/11/241 3132/12/241 3131/9/241
f 3133/13/241 3135/14/241 3136/15/241
f 3136/15/241 3134/16/241 3133/13/241
f 3135/17/241 3137/18/241 3138/19/241
f 3138/19/241 3136/20/241 3135/17/241
f 3137/18/241 3139/21/241 3140/22/241
f 3140/22/241 3138/19/241 3137/18/241
f 3139/23/241 3141/24/241 3142/25/241
f 3142/25/241 3140/26/241 3139/23/241
f 3143/5/241 3144/6/241 3145/7/241
f 3145/7/241 3146/8/241 3143/5/241
f 3147/27/241 3148/28/241 3149/29/241
f 3149/29/241 3150/30/241 3147/27/241
f 3151/1/241 3152/4/241 3153/3/241
f 3153/3/241 3154/2/241 3151/1/241
f 3154/5/241 3153/8/241 3155/7/241
f 3155/7/241 3156/6/241 3154/5/241
f 3156/9/241 3155/12/241 3157/11/241
f 3157/11/241 3158/10/241 3156/9/241
f 3158/13/241 3157/16/241 3159/15/241
f 3159/15/241 3160/14/241 3158/13/241
f 3160/17/241 3159/20/241 3161/19/241
f 3161/19/241 3162/18/241 3160/17/241
f 3162/18/241 3161/19/241 3163/22/241
f 3163/22/241 3164/21/241 3162/18/241
f 3164/23/241 3163/26/241 3165/25/241
f 3165/25/241 3166/24/241 3164/23/241
f 3167/1/241 3168/2/241 3169/3/241
f 3169/3/241 3170/4/241 3167/1/241
f 3171/9/241 3172/10/241 3173/11/241
f 3173/11/241 3174/12/241 3171/9/241
f 3172/13/241 3175/14/241 3176/15/241
f 3176/15/241 3173/16/241 3172/13/241
f 3177/31/241 3178/32/241 3179/33/241
f 3179/33/241 3180/34/241 3177/31/241
f 3178/23/241 3181/24/241 3182/25/241
f 3182/25/241 3179/26/241 3178/23/241
f 3183/27/242 3184/28/242 3185/29/242
f 3185/29/242 3186/30/242 3183/27/242
f 3187/27/242 3188/28/242 3189/29/242
f 3189/29/242 3190/30/242 3187/27/242
f 3191/27/242 3192/28/242 3193/29/242
f 3193/29/242 3194/30/242 3191/27/242
f 3195/1/243 3196/2/243 3197/3/243
f 3197/3/243 3198/4/243 3195/1/243
f 3196/5/243 3199/6/243 3200/7/243
f 3200/7/243 3197/8/243 3196/5/243
f 3199/9/243 3201/10/243 3202/11/243
f 3202/11/243 3200/12/243 3199/9/243
f 3201/13/243 3203/14/243 3204/15/243
f 3204/15/243 3202/16/243 3201/13/243
f 3203/17/243 3205/18/243 3206/19/243
f 3206/19/243 3204/20/243 3203/17/243
f 3205/18/243 3207/21/243 3208/22/243
f 3208/22/243 3206/19/243 3205/18/243
f 3207/23/243 3209/24/243 3210/25/243
f 3210/25/243 3208/26/243 3207/23/243
f 3211/5/243 3212/6/243 3213/7/243
f 3213/7/243 3214/8/243 3211/5/243
f 3215/27/243 3216/28/243 3217/29/243
f 3217/29/243 3218/30/243 3215/27/243
f 3219/1/243 3220/4/243 3221/3/243
f 3221/3/243 3222/2/243 3219/1/243
f 3222/5/243 3221/8/243 3223/7/243
f 3223/7/243 3224/6/243 3222/5/243
f 3224/9/243 3223/12/243 3225/11/243
f 3225/11/243 3226/10/243 3224/9/243
f 3226/13/243 3225/16/243 3227/15/243
f 3227/15/243 3228/14/243 3226/13/243
f 3228/17/243 3227/20/243 3229/19/243
f 3229/19/243 3230/18/243 3228/17/243
f 3230/18/243 3229/19/243 3231/22/243
f 3231/22/243 3232/21/243 3230/18/243
f 3232/23/243 3231/26/243 3233/25/243
f 3233/25/243 3234/24/243 3232/23/243
f 3235/1/243 3236/2/243 3237/3/243
f 3237/3/243 3238/4/243 3235/1/243
f 3239/9/243 3240/10/243 3241/11/243
f 3241/11/243 3242/12/243 3239/9/243
f 3240/13/243 3243/14/243 3244/15/243
f 3244/15/243 3241/16/243 3240/13/243
f 3245/31/243 3246/32/243 3247/33/243
f 3247/33/243 3248/34/243 3245/31/243
f 3246/23/243 3249/24/243 3250/25/243
f 3250/25/243 3247/26/243 3246/23/243
f 3251/27/244 3252/28/244 3253/29/244
f 3253/29/244 3254/30/244 3251/27/244
f 3255/27/244 3256/28/244 3257/29/244
f 3257/29/244 3258/30/244 3255/27/244
f 3259/27/244 3260/28/244 3261/29/244
f 3261/29/244 3262/30/244 3259/27/244
f 3263/1/245 3264/2/234 3265/3/234
f 3265/3/234 3266/4/245 3263/1/245
f 3264/5/234 3267/6/234 3268/7/234
f 3268/7/234 3265/8/234 3264/5/234
f 3267/9/234 3269/10/234 3270/11/234
f 3270/11/234 3268/12/234 3267/9/234
f 3269/13/234 3271/14/234 3272/15/234
f 3272/15/234 3270/16/234 3269/13/234
f 3271/17/234 3273/18/234 3274/19/234
f 3274/19/234 3272/20/234 3271/17/234
f 3273/18/234 3275/21/234 3276/22/234
f 3276/22/234 3274/19/234 3273/18/234
f 3275/23/234 3277/24/234 3278/25/234
f 3278/25/234 3276/26/234 3275/23/234
f 3279/5/234 3280/6/234 3281/7/234
f 3281/7/234 3282/8/234 3279/5/234
f 3283/27/234 3284/28/234 3285/29/234
f 3285/29/234 3286/30/234 3283/27/234
f 3287/1/234 3288/4/234 3289/3/234
f 3289/3/234 3290/2/234 3287/1/234
f 3290/5/234 3289/8/234 3291/7/234
f 3291/7/234 3292/6/234 3290/5/234
f 3292/9/234 3291/12/234 3293/11/234
f 3293/11/234 3294/10/234 3292/9/234
f 3294/13/234 3293/16/234 3295/15/234
f 3295/15/234 3296/14/234 3294/13/234
f 3296/17/234 3295/20/234 3297/19/234
f 3297/19/234 3298/18/234 3296/17/234
f 3298/18/234 3297/19/234 3299/22/234
f 3299/22/234 3300/21/234 3298/18/234
f 3300/23/234 3299/26/234 3301/25/234
f 3301/25/234 3302/24/234 3300/23/234
f 3303/1/234 3304/2/234 3305/3/234
f 3305/3/234 3306/4/234 3303/1/234
f 3307/9/234 3308/10/234 3309/11/234
f 3309/11/234 3310/12/234 3307/9/234
f 3308/13/234 3311/14/234 3312/15/234
f 3312/15/234 3309/16/234 3308/13/234
f 3313/31/234 3314/32/234 3315/33/234
f 3315/33/234 3316/34/234 3313/31/234
f 3314/23/234 3317/24/234 3318/25/234
f 3318/25/234 3315/26/234 3314/23/234
f 3319/27/235 3320/28/235 3321/29/235
f 3321/29/235 3322/30/235 3319/27/235
f 3323/27/235 3324/28/235 3325/29/235
f 3325/29/235 3326/30/235 3323/27/235
f 3327/27/235 3328/28/235 3329/29/235
f 3329/29/235 3330/30/235 3327/27/235
f 3331/1/239 3332/2/239 3333/3/239
f 3333/3/239 3334/4/239 3331/1/239
f 3332/5/239 3335/6/239 3336/7/239
f 3336/7/239 3333/8/239 3332/5/239
f 3335/9/239 3337/10/239 3338/11/239
f 3338/11/239 3336/12/239 3335/9/239
f 3337/13/239 3339/14/239 3340/15/239
f 3340/15/239 3338/16/239 3337/13/239
f 3339/17/239 3341/18/239 3342/19/239
f 3342/19/239 3340/20/239 3339/17/239
f 3341/18/239 3343/21/239 3344/22/239
f 3344/22/239 3342/19/239 3341/18/239
f 3343/23/239 3345/24/239 3346/25/239
f 3346/25/239 3344/26/239 3343/23/239
f 3347/5/239 3348/6/239 3349/7/239
f 3349/7/239 3350/8/239 3347/5/239
f 3351/27/239 3352/28/239 3353/29/239
f 3353/29/239 3354/30/239 3351/27/239
f 3355/1/239 3356/4/239 3357/3/239
f 3357/3/239 3358/2/239 3355/1/239
f 3358/5/239 3357/8/239 3359/7/239
f 3359/7/239 3360/6/239 3358/5/239
f 3360/9/239 3359/12/239 3361/11/239
f 3361/11/239 3362/10/239 3360/9/239
f 3362/13/239 3361/16/239 3363/15/239
f 3363/15/239 3364/14/239 3362/13/239
f 3364/17/239 3363/20/239 3365/19/239
f 3365/19/239 3366/18/239 3364/17/239
f 3366/18/239 3365/19/239 3367/22/239
f 3367/22/239 3368/21/239 3366/18/239
f 3368/23/239 3367/26/239 3369/25/239
f 3369/25/239 3370/24/239 3368/23/239
f 3371/1/239 3372/2/239 3373/3/239
f 3373/3/239 3374/4/239 3371/1/239
f 3375/9/239 3376/10/239 3377/11/239
f 3377/11/239 3378/12/239 3375/9/239
f 3376/13/239 3379/14/239 3380/15/239
f 3380/15/239 3377/16/239 3376/13/239
f 3381/31/239 3382/32/239 3383/33/239
f 3383/33/239 3384/34/239 3381/31/239
f 3382/23/239 3385/24/239 3386/25/239
f 3386/25/239 3383/26/239 3382/23/239
f 3387/27/240 3388/28/240 3389/29/240
f 3389/29/240 3390/30/240 3387/27/240
f 3391/27/240 3392/28/240 3393/29/240
f 3393/29/240 3394/30/240 3391/27/240
f 3395/27/240 3396/28/240 3397/29/240
f 3397/29/240 3398/30/240 3395/27/240
f 3399/1/239 3400/2/239 3401/3/239
f 3401/3/239 3402/4/239 3399/1/239
f 3400/5/239 3403/6/239 3404/7/239
f 3404/7/239 3401/8/239 3400/5/239
f 3403/9/239 3405/10/239 3406/11/239
f 3406/11/239 3404/12/239 3403/9/239
f 3405/13/239 3407/14/239 3408/15/239
f 3408/15/239 3406/16/239 3405/13/239
f 3407/17/239 3409/18/239 3410/19/239
f 3410/19/239 3408/20/239 3407/17/239
f 3409/18/239 3411/21/239 3412/22/239
f 3412/22/239 3410/19/239 3409/18/239
f 3411/23/239 3413/24/239 3414/25/239
f 3414/25/239 3412/26/239 3411/23/239
f 3415/5/239 3416/6/239 3417/7/239
f 3417/7/239 3418/8/239 3415/5/239
f 3419/27/239 3420/28/239 3421/29/239
f 3421/29/239 3422/30/239 3419/27/239
f 3423/1/239 3424/4/239 3425/3/239
f 3425/3/239 3426/2/239 3423/1/239
f 3426/5/239 3425/8/239 3427/7/239
f 3427/7/239 3428/6/239 3426/5/239
f 3428/9/239 3427/12/239 3429/11/239
f 3429/11/239 3430/10/239 3428/9/239
f 3430/13/239 3429/16/239 3431/15/239
f 3431/15/239 3432/14/239 3430/13/239
f 3432/17/239 3431/20/239 3433/19/239
f 3433/19/239 3434/18/239 3432/17/239
f 3434/18/239 3433/19/239 3435/22/239
f 3435/22/239 3436/21/239 3434/18/239
f 3436/23/239 3435/26/239 3437/25/239
f 3437/25/239 3438/24/239 3436/23/239
f 3439/1/239 3440/2/239 3441/3/239
f 3441/3/239 3442/4/239 3439/1/239
f 3443/9/239 3444/10/239 3445/11/239
f 3445/11/239 3446/12/239 3443/9/239
f 3444/13/239 3447/14/239 3448/15/239
f 3448/15/239 3445/16/239 3444/13/239
f 3449/31/239 3450/32/239 3451/33/239
f 3451/33/239 3452/34/239 3449/31/239
f 3450/23/239 3453/24/239 3454/25/239
f 3454/25/239 3451/26/239 3450/23/239
f 3455/27/240 3456/28/240 3457/29/240
f 3457/29/240 3458/30/240 3455/27/240
f 3459/27/240 3460/28/240 3461/29/240
f 3461/29/240 3462/30/240 3459/27/240
f 3463/27/240 3464/28/240 3465/29/240
f 3465/29/240 3466/30/240 3463/27/240
f 3467/1/246 3468/2/246 3469/3/246
f 3469/3/246 3470/4/246 3467/1/246
f 3468/5/246 3471/6/246 3472/7/246
f 3472/7/246 3469/8/246 3468/5/246
f 3471/9/246 3473/10/246 3474/11/246
f 3474/11/246 3472/12/246 3471/9/246
f 3473/13/246 3475/14/246 3476/15/246
f 3476/15/246 3474/16/246 3473/13/246
f 3475/17/246 3477/18/246 3478/19/246
f 3478/19/246 3476/20/246 3475/17/246
f 3477/18/246 3479/21/246 3480/22/246
f 3480/22/246 3478/19/246 3477/18/246
f 3479/23/246 3481/24/246 3482/25/246
f 3482/25/246 3480/26/246 3479/23/246
f 3483/5/246 3484/6/246 3485/7/246
f 3485/7/246 3486/8/246 3483/5/246
f 3487/27/246 3488/28/246 3489/29/246
f 3489/29/246 3490/30/246 3487/27/246
f 3491/1/246 3492/4/246 3493/3/246
f 3493/3/246 3494/2/246 3491/1/246
f 3494/5/246 3493/8/246 3495/7/246
f 3495/7/246 3496/6/246 3494/5/246
f 3496/9/246 3495/12/246 3497/11/246
f 3497/11/246 3498/10/246 3496/9/246
f 3498/13/246 3497/16/246 3499/15/246
f 3499/15/246 3500/14/246 3498/13/246
f 3500/17/246 3499/20/246 3501/19/246
f 3501/19/246 3502/18/246 3500/17/246
f 3502/18/246 3501/19/246 3503/22/246
f 3503/22/246 3504/21/246 3502/18/246
f 3504/23/246 3503/26/246 3505/25/246
f 3505/25/246 3506/24/246 3504/23/246
f 3507/1/246 3508/2/246 3509/3/246
f 3509/3/246 3510/4/246 3507/1/246
f 3511/9/246 3512/10/246 3513/11/246
f 3513/11/246 3514/12/246 3511/9/246
f 3512/13/246 3515/14/246 3516/15/246
f 3516/15/246 3513/16/246 3512/13/246
f 3517/31/246 3518/32/246 3519/33/246
f 3519/33/246 3520/34/246 3517/31/246
f 3518/23/246 3521/24/246 3522/25/246
f 3522/25/246 3519/26/246 3518/23/246
f 3523/27/247 3524/28/247 3525/29/247
f 3525/29/247 3526/30/247 3523/27/247
f 3527/27/247 3528/28/247 3529/29/247
f 3529/29/247 3530/30/247 3527/27/247
f 3531/27/247 3532/28/247 3533/29/247
f 3533/29/247 3534/30/247 3531/27/247
f 3535/1/248 3536/2/248 3537/3/248
f 3537/3/248 3538/4/248 3535/1/248
f 3536/5/248 3539/6/248 3540/7/248
f 3540/7/248 3537/8/248 3536/5/248
f 3539/9/248 3541/10/248 3542/11/248
f 3542/11/248 3540/12/248 3539/9/248
f 3541/13/248 3543/14/248 3544/15/248
f 3544/15/248 3542/16/248 3541/13/248
f 3543/17/248 3545/18/248 3546/19/248
f 3546/19/248 3544/20/248 3543/17/248
f 3545/18/248 3547/21/248 3548/22/248
f 3548/22/248 3546/19/248 3545/18/248
f 3547/23/248 3549/24/248 3550/25/248
f 3550/25/248 3548/26/248 3547/23/248
f 3551/5/248 3552/6/248 3553/7/248
f 3553/7/248 3554/8/248 3551/5/248
f 3555/27/248 3556/28/248 3557/29/248
f 3557/29/248 3558/30/248 3555/27/248
f 3559/1/248 3560/4/248 3561/3/248
f 3561/3/248 3562/2/248 3559/1/248
f 3562/5/248 3561/8/248 3563/7/248
f 3563/7/248 3564/6/248 3562/5/248
f 3564/9/248 3563/12/248 3565/11/248
f 3565/11/248 3566/10/248 3564/9/248
f 3566/13/248 3565/16/248 3567/15/248
f 3567/15/248 3568/14/248 3566/13/248
f 3568/17/248 3567/20/248 3569/19/248
f 3569/19/248 3570/18/248 3568/17/248
f 3570/18/248 3569/19/248 3571/22/248
f 3571/22/248 3572/21/248 3570/18/248
f 3572/23/248 3571/26/248 3573/25/248
f 3573/25/248 3574/24/248 3572/23/248
f 3575/1/248 3576/2/248 3577/3/248
f 3577/3/248 3578/4/248 3575/1/248
f 3579/9/248 3580/10/248 3581/11/248
f 3581/11/248 3582/12/248 3579/9/248
f 3580/13/248 3583/14/248 3584/15/248
f 3584/15/248 3581/16/248 3580/13/248
f 3585/31/248 3586/32/248 3587/33/248
f 3587/33/248 3588/34/248 3585/31/248
f 3586/23/248 3589/24/248 3590/25/248
f 3590/25/248 3587/26/248 3586/23/248
f 3591/27/249 3592/28/249 3593/29/249
f 3593/29/249 3594/30/249 3591/27/249
f 3595/27/249 3596/28/249 3597/29/249
f 3597/29/249 3598/30/249 3595/27/249
f 3599/27/249 3600/28/249 3601/29/249
f 3601/29/249 3602/30/249 3599/27/249
f 3603/1/250 3604/2/250 3605/3/250
f 3605/3/250 3606/4/251 3603/1/250
f 3604/5/250 3607/6/250 3608/7/250
f 3608/7/250 3605/8/250 3604/5/250
f 3607/9/250 3609/10/250 3610/11/250
f 3610/11/250 3608/12/250 3607/9/250
f 3609/13/250 3611/14/250 3612/15/250
f 3612/15/250 3610/16/250 3609/13/250
f 3611/17/250 3613/18/250 3614/19/250
f 3614/19/250 3612/20/250 3611/17/250
f 3613/18/250 3615/21/251 3616/22/251
f 3616/22/251 3614/19/250 3613/18/250
f 3615/23/251 3617/24/250 3618/25/250
f 3618/25/250 3616/26/251 3615/23/251
f 3619/5/250 3620/6/251 3621/7/250
f 3621/7/250 3622/8/250 3619/5/250
f 3623/27/250 3624/28/251 3625/29/250
f 3625/29/250 3626/30/250 3623/27/250
f 3627/1/250 3628/4/252 3629/3/250
f 3629/3/250 3630/2/250 3627/1/250
f 3630/5/250 3629/8/250 3631/7/251
f 3631/7/251 3632/6/250 3630/5/250
f 3632/9/250 3631/12/251 3633/11/250
f 3633/11/250 3634/10/250 3632/9/250
f 3634/13/250 3633/16/250 3635/15/251
f 3635/15/251 3636/14/251 3634/13/250
f 3636/17/251 3635/20/251 3637/19/250
f 3637/19/250 3638/18/250 3636/17/251
f 3638/18/250 3637/19/250 3639/22/251
f 3639/22/251 3640/21/250 3638/18/250
f 3640/23/250 3639/26/251 3641/25/250
f 3641/25/250 3642/24/250 3640/23/250
f 3643/1/250 3644/2/251 3645/3/250
f 3645/3/250 3646/4/250 3643/1/250
f 3647/9/250 3648/10/250 3649/11/250
f 3649/11/250 3650/12/251 3647/9/250
f 3648/13/250 3651/14/251 3652/15/250
f 3652/15/250 3649/16/250 3648/13/250
f 3653/31/250 3654/32/250 3655/33/250
f 3655/33/250 3656/34/251 3653/31/250
f 3654/23/250 3657/24/252 3658/25/251
f 3658/25/251 3655/26/250 3654/23/250
f 3659/27/253 3660/28/253 3661/29/253
f 3661/29/253 3662/30/253 3659/27/253
f 3663/27/253 3664/28/253 3665/29/253
f 3665/29/253 3666/30/253 3663/27/253
f 3667/27/253 3668/28/253 3669/29/253
f 3669/29/253 3670/30/253 3667/27/253
f 3671/1/5 3672/2/5 3673/3/5
f 3673/3/5 3674/4/5 3671/1/5
f 3672/5/5 3675/6/5 3676/7/5
f 3676/7/5 3673/8/5 3672/5/5
f 3675/9/5 3677/10/5 3678/11/5
f 3678/11/5 3676/12/5 3675/9/5
f 3677/13/5 3679/14/5 3680/15/5
f 3680/15/5 3678/16/5 3677/13/5
f 3679/17/5 3681/18/5 3682/19/5
f 3682/19/5 3680/20/5 3679/17/5
f 3681/18/5 3683/21/5 3684/22/5
f 3684/22/5 3682/19/5 3681/18/5
f 3683/23/5 3685/24/5 3686/25/5
f 3686/25/5 3684/26/5 3683/23/5
f 3687/5/5 3688/6/5 3689/7/5
f 3689/7/5 3690/8/5 3687/5/5
f 3691/27/5 3692/28/5 3693/29/5
f 3693/29/5 3694/30/5 3691/27/5
f 3695/1/5 3696/4/5 3697/3/5
f 3697/3/5 3698/2/5 3695/1/5
f 3698/5/5 3697/8/5 3699/7/5
f 3699/7/5 3700/6/5 3698/5/5
f 3700/9/5 3699/12/5 3701/11/5
f 3701/11/5 3702/10/5 3700/9/5
f 3702/13/5 3701/16/5 3703/15/5
f 3703/15/5 3704/14/5 3702/13/5
f 3704/17/5 3703/20/5 3705/19/5
f 3705/19/5 3706/18/5 3704/17/5
f 3706/18/5 3705/19/5 3707/22/5
f 3707/22/5 3708/21/5 3706/18/5
f 3708/23/5 3707/26/5 3709/25/5
f 3709/25/5 3710/24/5 3708/23/5
f 3711/1/5 3712/2/5 3713/3/5
f 3713/3/5 3714/4/5 3711/1/5
f 3715/9/5 3716/10/5 3717/11/5
f 3717/11/5 3718/12/5 3715/9/5
f 3716/13/5 3719/14/5 3720/15/5
f 3720/15/5 3717/16/5 3716/13/5
f 3721/31/5 3722/32/5 3723/33/5
f 3723/33/5 3724/34/5 3721/31/5
f 3722/23/5 3725/24/5 3726/25/5
f 3726/25/5 3723/26/5 3722/23/5
f 3727/27/6 3728/28/6 3729/29/6
f 3729/29/6 3730/30/6 3727/27/6
f 3731/27/6 3732/28/6 3733/29/6
f 3733/29/6 3734/30/6 3731/27/6
f 3735/27/6 3736/28/6 3737/29/6
f 3737/29/6 3738/30/6 3735/27/6
f 3739/1/254 3740/2/254 3741/3/254
f 3741/3/254 3742/4/254 3739/1/254
f 3740/5/254 3743/6/254 3744/7/254
f 3744/7/254 3741/8/254 3740/5/254
f 3743/9/254 3745/10/255 3746/11/254
f 3746/11/254 3744/12/254 3743/9/254
f 3745/13/255 3747/14/254 3748/15/254
f 3748/15/254 3746/16/254 3745/13/255
f 3747/17/254 3749/18/255 3750/19/254
f 3750/19/254 3748/20/254 3747/17/254
f 3749/18/255 3751/21/254 3752/22/254
f 3752/22/254 3750/19/254 3749/18/255
f 3751/23/254 3753/24/255 3754/25/254
f 3754/25/254 3752/26/254 3751/23/254
f 3755/5/254 3756/6/254 3757/7/254
f 3757/7/254 3758/8/254 3755/5/254
f 3759/27/254 3760/28/254 3761/29/254
f 3761/29/254 3762/30/254 3759/27/254
f 3763/1/254 3764/4/254 3765/3/254
f 3765/3/254 3766/2/254 3763/1/254
f 3766/5/254 3765/8/254 3767/7/254
f 3767/7/254 3768/6/254 3766/5/254
f 3768/9/254 3767/12/254 3769/11/256
f 3769/11/256 3770/10/254 3768/9/254
f 3770/13/254 3769/16/256 3771/15/254
f 3771/15/254 3772/14/255 3770/13/254
f 3772/17/255 3771/20/254 3773/19/254
f 3773/19/254 3774/18/254 3772/17/255
f 3774/18/254 3773/19/254 3775/22/254
f 3775/22/254 3776/21/254 3774/18/254
f 3776/23/254 3775/26/254 3777/25/254
f 3777/25/254 3778/24/254 3776/23/254
f 3779/1/254 3780/2/255 3781/3/254
f 3781/3/254 3782/4/254 3779/1/254
f 3783/9/254 3784/10/254 3785/11/254
f 3785/11/254 3786/12/255 3783/9/254
f 3784/13/254 3787/14/255 3788/15/254
f 3788/15/254 3785/16/254 3784/13/254
f 3789/31/254 3790/32/254 3791/33/254
f 3791/33/254 3792/34/255 3789/31/254
f 3790/23/254 3793/24/254 3794/25/254
f 3794/25/254 3791/26/254 3790/23/254
f 3795/27/257 3796/28/258 3797/29/257
f 3797/29/257 3798/30/257 3795/27/257
f 3799/27/257 3800/28/257 3801/29/257
f 3801/29/257 3802/30/257 3799/27/257
f 3803/27/257 3804/28/257 3805/29/257
f 3805/29/257 3806/30/257 3803/27/257
f 3807/1/259 3808/2/259 3809/3/259
f 3809/3/259 3810/4/260 3807/1/259
f 3808/5/259 3811/6/259 3812/7/259
f 3812/7/259 3809/8/259 3808/5/259
f 3811/9/259 3813/10/259 3814/11/259
f 3814/11/259 3812/12/259 3811/9/259
f 3813/13/259 3815/14/259 3816/15/259
f 3816/15/259 3814/16/259 3813/13/259
f 3815/17/259 3817/18/259 3818/19/259
f 3818/19/259 3816/20/259 3815/17/259
f 3817/18/259 3819/21/259 3820/22/259
f 3820/22/259 3818/19/259 3817/18/259
f 3819/23/259 3821/24/259 3822/25/259
f 3822/25/259 3820/26/259 3819/23/259
f 3823/5/259 3824/6/259 3825/7/259
f 3825/7/259 3826/8/260 3823/5/259
f 3827/27/259 3828/28/259 3829/29/259
f 3829/29/259 3830/30/259 3827/27/259
f 3831/1/259 3832/4/259 3833/3/259
f 3833/3/259 3834/2/259 3831/1/259
f 3834/5/259 3833/8/259 3835/7/259
f 3835/7/259 3836/6/259 3834/5/259
f 3836/9/259 3835/12/259 3837/11/259
f 3837/11/259 3838/10/259 3836/9/259
f 3838/13/259 3837/16/259 3839/15/259
f 3839/15/259 3840/14/259 3838/13/259
f 3840/17/259 3839/20/259 3841/19/259
f 3841/19/259 3842/18/259 3840/17/259
f 3842/18/259 3841/19/259 3843/22/259
f 3843/22/259 3844/21/259 3842/18/259
f 3844/23/259 3843/26/259 3845/25/259
f 3845/25/259 3846/24/259 3844/23/259
f 3847/1/259 3848/2/259 3849/3/259
f 3849/3/259 3850/4/259 3847/1/259
f 3851/9/259 3852/10/259 3853/11/259
f 3853/11/259 3854/12/259 3851/9/259
f 3852/13/259 3855/14/259 3856/15/259
f 3856/15/259 3853/16/259 3852/13/259
f 3857/31/259 3858/32/259 3859/33/259
f 3859/33/259 3860/34/260 3857/31/259
f 3858/23/259 3861/24/259 3862/25/259
f 3862/25/259 3859/26/259 3858/23/259
f 3863/27/261 3864/28/262 3865/29/261
f 3865/29/261 3866/30/261 3863/27/261
f 3867/27/261 3868/28/261 3869/29/261
f 3869/29/261 3870/30/262 3867/27/261
f 3871/27/261 3872/28/261 3873/29/261
f 3873/29/261 3874/30/261 3871/27/261
f 3875/1/263 3876/2/263 3877/3/263
f 3877/3/263 3878/4/263 3875/1/263
f 3876/5/263 3879/6/263 3880/7/263
f 3880/7/263 3877/8/263 3876/5/263
f 3879/9/263 3881/10/263 3882/11/263
f 3882/11/263 3880/12/263 3879/9/263
f 3881/13/263 3883/14/263 3884/15/263
f 3884/15/263 3882/16/263 3881/13/263
f 3883/17/263 3885/18/263 3886/19/263
f 3886/19/263 3884/20/263 3883/17/263
f 3885/18/263 3887/21/263 3888/22/263
f 3888/22/263 3886/19/263 3885/18/263
f 3887/23/263 3889/24/263 3890/25/263
f 3890/25/263 3888/26/263 3887/23/263
f 3891/5/263 3892/6/263 3893/7/263
f 3893/7/263 3894/8/263 3891/5/263
f 3895/27/263 3896/28/263 3897/29/263
f 3897/29/263 3898/30/263 3895/27/263
f 3899/1/263 3900/4/263 3901/3/263
f 3901/3/263 3902/2/263 3899/1/263
f 3902/5/263 3901/8/263 3903/7/263
f 3903/7/263 3904/6/263 3902/5/263
f 3904/9/263 3903/12/263 3905/11/263
f 3905/11/263 3906/10/263 3904/9/263
f 3906/13/263 3905/16/263 3907/15/263
f 3907/15/263 3908/14/263 3906/13/263
f 3908/17/263 3907/20/263 3909/19/263
f 3909/19/263 3910/18/263 3908/17/263
f 3910/18/263 3909/19/263 3911/22/263
f 3911/22/263 3912/21/263 3910/18/263
f 3912/23/263 3911/26/263 3913/25/263
f 3913/25/263 3914/24/263 3912/23/263
f 3915/1/263 3916/2/263 3917/3/263
f 3917/3/263 3918/4/263 3915/1/263
f 3919/9/263 3920/10/263 3921/11/263
f 3921/11/263 3922/12/263 3919/9/263
f 3920/13/263 3923/14/263 3924/15/263
f 3924/15/263 3921/16/263 3920/13/263
f 3925/31/263 3926/32/263 3927/33/263
f 3927/33/263 3928/34/263 3925/31/263
f 3926/23/263 3929/24/263 3930/25/263
f 3930/25/263 3927/26/263 3926/23/263
f 3931/27/264 3932/28/265 3933/29/265
f 3933/29/265 3934/30/264 3931/27/264
f 3935/27/265 3936/28/265 3937/29/265
f 3937/29/265 3938/30/264 3935/27/265
f 3939/27/265 3940/28/264 3941/29/266
f 3941/29/266 3942/30/265 3939/27/265
f 3943/9/263 3944/10/263 3945/11/263
f 3945/11/263 3946/12/263 3943/9/263
f 3944/13/263 3947/14/263 3948/15/263
f 3948/15/263 3945/16/263 3944/13/263
f 3949/31/263 3950/32/263 3951/33/263
f 3951/33/263 3952/34/263 3949/31/263
f 3950/23/263 3953/24/263 3954/25/263
f 3954/25/263 3951/26/263 3950/23/263
f 3955/27/265 3956/28/264 3957/29/264
f 3957/29/264 3958/30/265 3955/27/265
f 3959/27/265 3960/28/265 3961/29/265
f 3961/29/265 3962/30/265 3959/27/265
f 3963/1/267 3964/2/267 3965/3/268
f 3965/3/268 3966/4/267 3963/1/267
f 3964/5/267 3967/6/267 3968/7/267
f 3968/7/267 3965/8/268 3964/5/267
f 3967/9/267 3969/10/268 3970/11/268
f 3970/11/268 3968/12/267 3967/9/267
f 3969/13/268 3971/14/267 3972/15/267
f 3972/15/267 3970/16/268 3969/13/268
f 3971/17/267 3973/18/268 3974/19/268
f 3974/19/268 3972/20/267 3971/17/267
f 3973/18/268 3975/21/267 3976/22/267
f 3976/22/267 3974/19/268 3973/18/268
f 3975/23/267 3977/24/268 3978/25/268
f 3978/25/268 3976/26/267 3975/23/267
f 3979/5/267 3980/6/268 3981/7/268
f 3981/7/268 3982/8/267 3979/5/267
f 3983/27/268 3984/28/268 3985/29/268
f 3985/29/268 3986/30/268 3983/27/268
f 3987/1/267 3988/4/267 3989/3/268
f 3989/3/268 3990/2/267 3987/1/267
f 3990/5/267 3989/8/268 3991/7/268
f 3991/7/268 3992/6/267 3990/5/267
f 3992/9/267 3991/12/268 3993/11/267
f 3993/11/267 3994/10/267 3992/9/267
f 3994/13/267 3993/16/267 3995/15/268
f 3995/15/268 3996/14/268 3994/13/267
f 3996/17/268 3995/20/268 3997/19/267
f 3997/19/267 3998/18/267 3996/17/268
f 3998/18/267 3997/19/267 3999/22/268
f 3999/22/268 4000/21/268 3998/18/267
f 4000/23/268 3999/26/268 4001/25/268
f 4001/25/268 4002/24/268 4000/23/268
f 4003/1/267 4004/2/268 4005/3/267
f 4005/3/267 4006/4/267 4003/1/267
f 4007/9/268 4008/10/267 4009/11/267
f 4009/11/267 4010/12/268 4007/9/268
f 4008/13/267 4011/14/267 4012/15/267
f 4012/15/267 4009/16/267 4008/13/267
f 4013/31/268 4014/32/267 4015/33/267
f 4015/33/267 4016/34/268 4013/31/268
f 4014/23/267 4017/24/267 4018/25/267
f 4018/25/267 4015/26/267 4014/23/267
f 4019/27/269 4020/28/269 4021/29/269
f 4021/29/269 4022/30/269 4019/27/269
f 4023/27/269 4024/28/269 4025/29/269
f 4025/29/269 4026/30/269 4023/27/269
f 4027/27/269 4028/28/269 4029/29/269
f 4029/29/269 4030/30/269 4027/27/269
f 4031/1/270 4032/2/270 4033/3/270
f 4033/3/270 4034/4/270 4031/1/270
f 4032/5/270 4035/6/270 4036/7/270
f 4036/7/270 4033/8/270 4032/5/270
f 4035/9/270 4037/10/270 4038/11/270
f 4038/11/270 4036/12/270 4035/9/270
f 4037/13/270 4039/14/270 4040/15/270
f 4040/15/270 4038/16/270 4037/13/270
f 4039/17/270 4041/18/270 4042/19/270
f 4042/19/270 4040/20/270 4039/17/270
f 4041/18/270 4043/21/270 4044/22/270
f 4044/22/270 4042/19/270 4041/18/270
f 4043/23/270 4045/24/270 4046/25/270
f 4046/25/270 4044/26/270 4043/23/270
f 4047/5/270 4048/6/270 4049/7/270
f 4049/7/270 4050/8/270 4047/5/270
f 4051/27/270 4052/28/270 4053/29/270
f 4053/29/270 4054/30/270 4051/27/270
f 4055/1/270 4056/4/270 4057/3/270
f 4057/3/270 4058/2/270 4055/1/270
f 4058/5/270 4057/8/270 4059/7/270
f 4059/7/270 4060/6/270 4058/5/270
f 4060/9/270 4059/12/270 4061/11/270
f 4061/11/270 4062/10/270 4060/9/270
f 4062/13/270 4061/16/270 4063/15/270
f 4063/15/270 4064/14/270 4062/13/270
f 4064/17/270 4063/20/270 4065/19/270
f 4065/19/270 4066/18/270 4064/17/270
f 4066/18/270 4065/19/270 4067/22/270
f 4067/22/270 4068/21/270 4066/18/270
f 4068/23/270 4067/26/270 4069/25/270
f 4069/25/270 4070/24/270 4068/23/270
f 4071/1/270 4072/2/270 4073/3/270
f 4073/3/270 4074/4/270 4071/1/270
f 4075/9/270 4076/10/270 4077/11/270
f 4077/11/270 4078/12/270 4075/9/270
f 4076/13/270 4079/14/270 4080/15/270
f 4080/15/270 4077/16/270 4076/13/270
f 4081/31/270 4082/32/270 4083/33/270
f 4083/33/270 4084/34/270 4081/31/270
f 4082/23/270 4085/24/270 4086/25/270
f 4086/25/270 4083/26/270 4082/23/270
f 4087/27/271 4088/28/271 4089/29/271
f 4089/29/271 4090/30/271 4087/27/271
f 4091/27/271 4092/28/271 4093/29/271
f 4093/29/271 4094/30/271 4091/27/271
f 4095/27/271 4096/28/271 4097/29/271
f 4097/29/271 4098/30/271 4095/27/271
f 4099/1/272 4100/2/272 4101/3/272
f 4101/3/272 4102/4/272 4099/1/272
f 4100/5/272 4103/6/272 4104/7/272
f 4104/7/272 4101/8/272 4100/5/272
f 4103/9/272 4105/10/272 4106/11/272
f 4106/11/272 4104/12/272 4103/9/272
f 4105/13/272 4107/14/272 4108/15/273
f 4108/15/273 4106/16/272 4105/13/272
f 4107/17/272 4109/18/272 4110/19/272
f 4110/19/272 4108/20/273 4107/17/272
f 4109/18/272 4111/21/272 4112/22/272
f 4112/22/272 4110/19/272 4109/18/272
f 4111/23/272 4113/24/272 4114/25/272
f 4114/25/272 4112/26/272 4111/23/272
f 4115/5/272 4116/6/273 4117/7/272
f 4117/7/272 4118/8/272 4115/5/272
f 4119/27/273 4120/28/272 4121/29/272
f 4121/29/272 4122/30/273 4119/27/273
f 4123/1/273 4124/4/273 4125/3/272
f 4125/3/272 4126/2/272 4123/1/273
f 4126/5/272 4125/8/272 4127/7/272
f 4127/7/272 4128/6/273 4126/5/272
f 4128/9/273 4127/12/272 4129/11/272
f 4129/11/272 4130/10/272 4128/9/273
f 4130/13/272 4129/16/272 4131/15/273
f 4131/15/273 4132/14/273 4130/13/272
f 4132/17/273 4131/20/273 4133/19/273
f 4133/19/273 4134/18/272 4132/17/273
f 4134/18/272 4133/19/273 4135/22/272
f 4135/22/272 4136/21/272 4134/18/272
f 4136/23/272 4135/26/272 4137/25/273
f 4137/25/273 4138/24/273 4136/23/272
f 4139/1/272 4140/2/272 4141/3/272
f 4141/3/272 4142/4/272 4139/1/272
f 4143/9/272 4144/10/273 4145/11/273
f 4145/11/273 4146/12/272 4143/9/272
f 4144/13/273 4147/14/273 4148/15/273
f 4148/15/273 4145/16/273 4144/13/273
f 4149/31/273 4150/32/272 4151/33/272
f 4151/33/272 4152/34/273 4149/31/273
f 4150/23/272 4153/24/273 4154/25/273
f 4154/25/273 4151/26/272 4150/23/272
f 4155/27/274 4156/28/274 4157/29/274
f 4157/29/274 4158/30/274 4155/27/274
f 4159/27/274 4160/28/274 4161/29/274
f 4161/29/274 4162/30/274 4159/27/274
f 4163/27/274 4164/28/274 4165/29/274
f 4165/29/274 4166/30/274 4163/27/274
f 4167/1/275 4168/2/275 4169/3/275
f 4169/3/275 4170/4/275 4167/1/275
f 4168/5/275 4171/6/275 4172/7/275
f 4172/7/275 4169/8/275 4168/5/275
f 4171/9/275 4173/10/275 4174/11/275
f 4174/11/275 4172/12/275 4171/9/275
f 4173/13/275 4175/14/275 4176/15/275
f 4176/15/275 4174/16/275 4173/13/275
f 4175/17/275 4177/18/275 4178/19/275
f 4178/19/275 4176/20/275 4175/17/275
f 4177/18/275 4179/21/275 4180/22/275
f 4180/22/275 4178/19/275 4177/18/275
f 4179/23/275 4181/24/275 4182/25/275
f 4182/25/275 4180/26/275 4179/23/275
f 4183/5/275 4184/6/275 4185/7/275
f 4185/7/275 4186/8/275 4183/5/275
f 4187/27/275 4188/28/275 4189/29/275
f 4189/29/275 4190/30/275 4187/27/275
f 4191/1/275 4192/4/275 4193/3/275
f 4193/3/275 4194/2/275 4191/1/275
f 4194/5/275 4193/8/275 4195/7/275
f 4195/7/275 4196/6/275 4194/5/275
f 4196/9/275 4195/12/275 4197/11/275
f 4197/11/275 4198/10/275 4196/9/275
f 4198/13/275 4197/16/275 4199/15/275
f 4199/15/275 4200/14/275 4198/13/275
f 4200/17/275 4199/20/275 4201/19/275
f 4201/19/275 4202/18/275 4200/17/275
f 4202/18/275 4201/19/275 4203/22/275
f 4203/22/275 4204/21/275 4202/18/275
f 4204/23/275 4203/26/275 4205/25/275
f 4205/25/275 4206/24/275 4204/23/275
f 4207/1/275 4208/2/275 4209/3/275
f 4209/3/275 4210/4/275 4207/1/275
f 4211/9/275 4212/10/275 4213/11/275
f 4213/11/275 4214/12/275 4211/9/275
f 4212/13/275 4215/14/275 4216/15/275
f 4216/15/275 4213/16/275 4212/13/275
f 4217/31/275 4218/32/275 4219/33/275
f 4219/33/275 4220/34/275 4217/31/275
f 4218/23/275 4221/24/275 4222/25/275
f 4222/25/275 4219/26/275 4218/23/275
f 4223/27/276 4224/28/276 4225/29/276
f 4225/29/276 4226/30/276 4223/27/276
f 4227/27/276 4228/28/276 4229/29/276
f 4229/29/276 4230/30/276 4227/27/276
f 4231/27/276 4232/28/276 4233/29/276
f 4233/29/276 4234/30/276 4231/27/276
f 4235/1/277 4236/2/277 4237/3/277
f 4237/3/277 4238/4/278 4235/1/277
f 4236/5/277 4239/6/277 4240/7/277
f 4240/7/277 4237/8/277 4236/5/277
f 4239/9/277 4241/10/277 4242/11/277
f 4242/11/277 4240/12/277 4239/9/277
f 4241/13/277 4243/14/277 4244/15/277
f 4244/15/277 4242/16/277 4241/13/277
f 4243/17/277 4245/18/277 4246/19/277
f 4246/19/277 4244/20/277 4243/17/277
f 4245/18/277 4247/21/277 4248/22/277
f 4248/22/277 4246/19/277 4245/18/277
f 4247/23/277 4249/24/277 4250/25/277
f 4250/25/277 4248/26/277 4247/23/277
f 4251/5/277 4252/6/277 4253/7/277
f 4253/7/277 4254/8/277 4251/5/277
f 4255/27/277 4256/28/277 4257/29/277
f 4257/29/277 4258/30/277 4255/27/277
f 4259/1/277 4260/4/277 4261/3/277
f 4261/3/277 4262/2/277 4259/1/277
f 4262/5/277 4261/8/277 4263/7/277
f 4263/7/277 4264/6/277 4262/5/277
f 4264/9/277 4263/12/277 4265/11/277
f 4265/11/277 4266/10/277 4264/9/277
f 4266/13/277 4265/16/277 4267/15/277
f 4267/15/277 4268/14/277 4266/13/277
f 4268/17/277 4267/20/277 4269/19/277
f 4269/19/277 4270/18/277 4268/17/277
f 4270/18/277 4269/19/277 4271/22/277
f 4271/22/277 4272/21/277 4270/18/277
f 4272/23/277 4271/26/277 4273/25/277
f 4273/25/277 4274/24/277 4272/23/277
f 4275/1/277 4276/2/277 4277/3/277
f 4277/3/277 4278/4/277 4275/1/277
f 4279/9/277 4280/10/277 4281/11/277
f 4281/11/277 4282/12/277 4279/9/277
f 4280/13/277 4283/14/278 4284/15/278
f 4284/15/278 4281/16/277 4280/13/277
f 4285/31/277 4286/32/277 4287/33/277
f 4287/33/277 4288/34/277 4285/31/277
f 4286/23/277 4289/24/277 4290/25/277
f 4290/25/277 4287/26/277 4286/23/277
f 4291/27/279 4292/28/279 4293/29/279
f 4293/29/279 4294/30/279 4291/27/279
f 4295/27/279 4296/28/279 4297/29/279
f 4297/29/279 4298/30/279 4295/27/279
f 4299/27/279 4300/28/279 4301/29/279
f 4301/29/279 4302/30/279 4299/27/279
f 4303/1/277 4304/2/277 4305/3/277
f 4305/3/277 4306/4/277 4303/1/277
f 4304/5/277 4307/6/277 4308/7/277
f 4308/7/277 4305/8/277 4304/5/277
f 4307/9/277 4309/10/277 4310/11/277
f 4310/11/277 4308/12/277 4307/9/277
f 4309/13/277 4311/14/277 4312/15/277
f 4312/15/277 4310/16/277 4309/13/277
f 4311/17/277 4313/18/277 4314/19/277
f 4314/19/277 4312/20/277 4311/17/277
f 4313/18/277 4315/21/277 4316/22/277
f 4316/22/277 4314/19/277 4313/18/277
f 4315/23/277 4317/24/277 4318/25/277
f 4318/25/277 4316/26/277 4315/23/277
f 4319/5/277 4320/6/277 4321/7/277
f 4321/7/277 4322/8/277 4319/5/277
f 4323/27/277 4324/28/277 4325/29/277
f 4325/29/277 4326/30/277 4323/27/277
f 4327/1/277 4328/4/277 4329/3/277
f 4329/3/277 4330/2/277 4327/1/277
f 4330/5/277 4329/8/277 4331/7/277
f 4331/7/277 4332/6/277 4330/5/277
f 4332/9/277 4331/12/277 4333/11/277
f 4333/11/277 4334/10/277 4332/9/277
f 4334/13/277 4333/16/277 4335/15/277
f 4335/15/277 4336/14/277 4334/13/277
f 4336/17/277 4335/20/277 4337/19/277
f 4337/19/277 4338/18/277 4336/17/277
f 4338/18/277 4337/19/277 4339/22/277
f 4339/22/277 4340/21/277 4338/18/277
f 4340/23/277 4339/26/277 4341/25/277
f 4341/25/277 4342/24/277 4340/23/277
f 4343/1/277 4344/2/277 4345/3/277
f 4345/3/277 4346/4/277 4343/1/277
f 4347/9/277 4348/10/277 4349/11/277
f 4349/11/277 4350/12/277 4347/9/277
f 4348/13/277 4351/14/278 4352/15/278
f 4352/15/278 4349/16/277 4348/13/277
f 4353/31/277 4354/32/277 4355/33/277
f 4355/33/277 4356/34/277 4353/31/277
f 4354/23/277 4357/24/277 4358/25/277
f 4358/25/277 4355/26/277 4354/23/277
f 4359/27/279 4360/28/279 4361/29/279
f 4361/29/279 4362/30/279 4359/27/279
f 4363/27/279 4364/28/279 4365/29/279
f 4365/29/279 4366/30/279 4363/27/279
f 4367/27/279 4368/28/279 4369/29/279
f 4369/29/279 4370/30/279 4367/27/279
f 4371/1/280 4372/2/280 4373/3/281
f 4373/3/281 4374/4/280 4371/1/280
f 4372/5/280 4375/6/280 4376/7/280
f 4376/7/280 4373/8/281 4372/5/280
f 4375/9/280 4377/10/281 4378/11/281
f 4378/11/281 4376/12/280 4375/9/280
f 4377/13/281 4379/14/280 4380/15/280
f 4380/15/280 4378/16/281 4377/13/281
f 4379/17/280 4381/18/281 4382/19/281
f 4382/19/281 4380/20/280 4379/17/280
f 4381/18/281 4383/21/280 4384/22/280
f 4384/22/280 4382/19/281 4381/18/281
f 4383/23/280 4385/24/280 4386/25/280
f 4386/25/280 4384/26/280 4383/23/280
f 4387/5/280 4388/6/280 4389/7/280
f 4389/7/280 4390/8/280 4387/5/280
f 4391/27/280 4392/28/280 4393/29/280
f 4393/29/280 4394/30/280 4391/27/280
f 4395/1/280 4396/4/280 4397/3/280
f 4397/3/280 4398/2/280 4395/1/280
f 4398/5/280 4397/8/280 4399/7/281
f 4399/7/281 4400/6/281 4398/5/280
f 4400/9/281 4399/12/281 4401/11/280
f 4401/11/280 4402/10/280 4400/9/281
f 4402/13/280 4401/16/280 4403/15/280
f 4403/15/280 4404/14/280 4402/13/280
f 4404/17/280 4403/20/280 4405/19/280
f 4405/19/280 4406/18/280 4404/17/280
f 4406/18/280 4405/19/280 4407/22/282
f 4407/22/282 4408/21/283 4406/18/280
f 4408/23/283 4407/26/282 4409/25/284
f 4409/25/284 4410/24/284 4408/23/283
f 4411/1/281 4412/2/280 4413/3/280
f 4413/3/280 4414/4/281 4411/1/281
f 4415/9/280 4416/10/280 4417/11/280
f 4417/11/280 4418/12/280 4415/9/280
f 4416/13/280 4419/14/280 4420/15/280
f 4420/15/280 4417/16/280 4416/13/280
f 4421/31/281 4422/32/280 4423/33/280
f 4423/33/280 4424/34/281 4421/31/281
f 4422/23/280 4425/24/281 4426/25/280
f 4426/25/280 4423/26/280 4422/23/280
f 4427/27/285 4428/28/285 4429/29/285
f 4429/29/285 4430/30/285 4427/27/285
f 4431/27/285 4432/28/285 4433/29/285
f 4433/29/285 4434/30/285 4431/27/285
f 4435/27/285 4436/28/285 4437/29/285
f 4437/29/285 4438/30/285 4435/27/285
f 4439/27/277 4440/28/277 4441/29/277
f 4441/29/277 4442/30/277 4439/27/277
f 4443/1/277 4444/2/277 4445/3/277
f 4445/3/277 4446/4/277 4443/1/277
f 4447/9/277 4448/10/277 4449/11/277
f 4449/11/277 4450/12/277 4447/9/277
f 4448/13/277 4451/14/277 4452/15/277
f 4452/15/277 4449/16/277 4448/13/277
f 4453/31/277 4454/32/277 4455/33/277
f 4455/33/277 4456/34/277 4453/31/277
f 4454/23/277 4457/24/278 4458/25/277
f 4458/25/277 4455/26/277 4454/23/277
f 4459/27/279 4460/28/279 4461/29/279
f 4461/29/279 4462/30/279 4459/27/279
f 4463/27/279 4464/28/279 4465/29/279
f 4465/29/279 4466/30/279 4463/27/279
f 4467/27/279 4468/28/279 4469/29/279
f 4469/29/279 4470/30/279 4467/27/279
f 4471/1/286 4472/2/286 4473/3/286
f 4473/3/286 4474/4/286 4471/1/286
f 4472/5/286 4475/6/286 4476/7/286
f 4476/7/286 4473/8/286 4472/5/286
f 4475/9/286 4477/10/286 4478/11/286
f 4478/11/286 4476/12/286 4475/9/286
f 4477/13/286 4479/14/286 4480/15/286
f 4480/15/286 4478/16/286 4477/13/286
f 4479/17/286 4481/18/286 4482/19/286
f 4482/19/286 4480/20/286 4479/17/286
f 4481/18/286 4483/21/286 4484/22/286
f 4484/22/286 4482/19/286 4481/18/286
f 4483/23/286 4485/24/287 4486/25/287
f 4486/25/287 4484/26/286 4483/23/286
f 4487/5/286 4488/6/287 4489/7/286
f 4489/7/286 4490/8/286 4487/5/286
f 4491/27/286 4492/28/286 4493/29/286
f 4493/29/286 4494/30/286 4491/27/286
f 4495/1/286 4496/4/286 4497/3/286
f 4497/3/286 4498/2/286 4495/1/286
f 4498/5/286 4497/8/286 4499/7/286
f 4499/7/286 4500/6/286 4498/5/286
f 4500/9/286 4499/12/286 4501/11/286
f 4501/11/286 4502/10/286 4500/9/286
f 4502/13/286 4501/16/286 4503/15/286
f 4503/15/286 4504/14/286 4502/13/286
f 4504/17/286 4503/20/286 4505/19/286
f 4505/19/286 4506/18/286 4504/17/286
f 4506/18/286 4505/19/286 4507/22/286
f 4507/22/286 4508/21/286 4506/18/286
f 4508/23/286 4507/26/286 4509/25/286
f 4509/25/286 4510/24/286 4508/23/286
f 4511/1/286 4512/2/286 4513/3/286
f 4513/3/286 4514/4/286 4511/1/286
f 4515/9/286 4516/10/286 4517/11/286
f 4517/11/286 4518/12/286 4515/9/286
f 4516/13/286 4519/14/286 4520/15/286
f 4520/15/286 4517/16/286 4516/13/286
f 4521/31/286 4522/32/286 4523/33/286
f 4523/33/286 4524/34/286 4521/31/286
f 4522/23/286 4525/24/286 4526/25/286
f 4526/25/286 4523/26/286 4522/23/286
f 4527/27/288 4528/28/288 4529/29/288
f 4529/29/288 4530/30/288 4527/27/288
f 4531/27/288 4532/28/288 4533/29/288
f 4533/29/288 4534/30/288 4531/27/288
f 4535/27/288 4536/28/288 4537/29/288
f 4537/29/288 4538/30/288 4535/27/288
f 4539/1/289 4540/2/290 4541/3/290
f 4541/3/290 4542/4/289 4539/1/289
f 4540/5/290 4543/6/290 4544/7/290
f 4544/7/290 4541/8/290 4540/5/290
f 4543/9/290 4545/10/289 4546/11/289
f 4546/11/289 4544/12/290 4543/9/290
f 4545/13/289 4547/14/290 4548/15/290
f 4548/15/290 4546/16/289 4545/13/289
f 4547/17/290 4549/18/290 4550/19/290
f 4550/19/290 4548/20/290 4547/17/290
f 4549/18/290 4551/21/289 4552/22/289
f 4552/22/289 4550/19/290 4549/18/290
f 4551/23/289 4553/24/290 4554/25/290
f 4554/25/290 4552/26/289 4551/23/289
f 4555/5/290 4556/6/289 4557/7/289
f 4557/7/289 4558/8/290 4555/5/290
f 4559/27/289 4560/28/290 4561/29/290
f 4561/29/290 4562/30/289 4559/27/289
f 4563/1/290 4564/4/290 4565/3/289
f 4565/3/289 4566/2/289 4563/1/290
f 4566/5/289 4565/8/289 4567/7/290
f 4567/7/290 4568/6/290 4566/5/289
f 4568/9/290 4567/12/290 4569/11/290
f 4569/11/290 4570/10/290 4568/9/290
f 4570/13/290 4569/16/290 4571/15/289
f 4571/15/289 4572/14/289 4570/13/290
f 4572/17/289 4571/20/289 4573/19/290
f 4573/19/290 4574/18/290 4572/17/289
f 4574/18/290 4573/19/290 4575/22/290
f 4575/22/290 4576/21/290 4574/18/290
f 4576/23/290 4575/26/290 4577/25/289
f 4577/25/289 4578/24/289 4576/23/290
f 4579/1/289 4580/2/290 4581/3/290
f 4581/3/290 4582/4/289 4579/1/289
f 4583/9/290 4584/10/289 4585/11/290
f 4585/11/290 4586/12/290 4583/9/290
f 4584/13/289 4587/14/290 4588/15/290
f 4588/15/290 4585/16/290 4584/13/289
f 4589/31/289 4590/32/290 4591/33/290
f 4591/33/290 4592/34/289 4589/31/289
f 4590/23/290 4593/24/290 4594/25/290
f 4594/25/290 4591/26/290 4590/23/290
f 4595/27/291 4596/28/291 4597/29/291
f 4597/29/291 4598/30/291 4595/27/291
f 4599/27/291 4600/28/291 4601/29/291
f 4601/29/291 4602/30/291 4599/27/291
f 4603/27/291 4604/28/291 4605/29/291
f 4605/29/291 4606/30/291 4603/27/291
f 4607/1/292 4608/2/292 4609/3/292
f 4609/3/292 4610/4/293 4607/1/292
f 4608/5/292 4611/6/292 4612/7/292
f 4612/7/292 4609/8/292 4608/5/292
f 4611/9/292 4613/10/292 4614/11/292
f 4614/11/292 4612/12/292 4611/9/292
f 4613/13/292 4615/14/292 4616/15/292
f 4616/15/292 4614/16/292 4613/13/292
f 4615/17/292 4617/18/292 4618/19/292
f 4618/19/292 4616/20/292 4615/17/292
f 4617/18/292 4619/21/292 4620/22/292
f 4620/22/292 4618/19/292 4617/18/292
f 4619/23/292 4621/24/292 4622/25/292
f 4622/25/292 4620/26/292 4619/23/292
f 4623/5/292 4624/6/292 4625/7/292
f 4625/7/292 4626/8/292 4623/5/292
f 4627/27/292 4628/28/292 4629/29/292
f 4629/29/292 4630/30/292 4627/27/292
f 4631/1/292 4632/4/292 4633/3/292
f 4633/3/292 4634/2/292 4631/1/292
f 4634/5/292 4633/8/292 4635/7/292
f 4635/7/292 4636/6/292 4634/5/292
f 4636/9/292 4635/12/292 4637/11/292
f 4637/11/292 4638/10/292 4636/9/292
f 4638/13/292 4637/16/292 4639/15/292
f 4639/15/292 4640/14/292 4638/13/292
f 4640/17/292 4639/20/292 4641/19/292
f 4641/19/292 4642/18/292 4640/17/292
f 4642/18/292 4641/19/292 4643/22/292
f 4643/22/292 4644/21/292 4642/18/292
f 4644/23/292 4643/26/292 4645/25/292
f 4645/25/292 4646/24/292 4644/23/292
f 4647/1/292 4648/2/292 4649/3/292
f 4649/3/292 4650/4/293 4647/1/292
f 4651/9/292 4652/10/292 4653/11/292
f 4653/11/292 4654/12/292 4651/9/292
f 4652/13/292 4655/14/292 4656/15/292
f 4656/15/292 4653/16/292 4652/13/292
f 4657/31/292 4658/32/292 4659/33/292
f 4659/33/292 4660/34/292 4657/31/292
f 4658/23/292 4661/24/292 4662/25/292
f 4662/25/292 4659/26/292 4658/23/292
f 4663/27/294 4664/28/294 4665/29/294
f 4665/29/294 4666/30/294 4663/27/294
f 4667/27/294 4668/28/294 4669/29/294
f 4669/29/294 4670/30/294 4667/27/294
f 4671/27/294 4672/28/294 4673/29/294
f 4673/29/294 4674/30/294 4671/27/294
f 4675/1/295 4676/2/295 4677/3/295
f 4677/3/295 4678/4/295 4675/1/295
f 4676/5/295 4679/6/295 4680/7/295
f 4680/7/295 4677/8/295 4676/5/295
f 4679/9/295 4681/10/295 4682/11/295
f 4682/11/295 4680/12/295 4679/9/295
f 4681/13/295 4683/14/295 4684/15/295
f 4684/15/295 4682/16/295 4681/13/295
f 4683/17/295 4685/18/295 4686/19/295
f 4686/19/295 4684/20/295 4683/17/295
f 4685/18/295 4687/21/295 4688/22/295
f 4688/22/295 4686/19/295 4685/18/295
f 4687/23/295 4689/24/295 4690/25/295
f 4690/25/295 4688/26/295 4687/23/295
f 4691/5/295 4692/6/295 4693/7/295
f 4693/7/295 4694/8/295 4691/5/295
f 4695/27/295 4696/28/295 4697/29/295
f 4697/29/295 4698/30/295 4695/27/295
f 4699/1/295 4700/4/295 4701/3/295
f 4701/3/295 4702/2/295 4699/1/295
f 4702/5/295 4701/8/295 4703/7/295
f 4703/7/295 4704/6/295 4702/5/295
f 4704/9/295 4703/12/295 4705/11/295
f 4705/11/295 4706/10/295 4704/9/295
f 4706/13/295 4705/16/295 4707/15/295
f 4707/15/295 4708/14/295 4706/13/295
f 4708/17/295 4707/20/295 4709/19/295
f 4709/19/295 4710/18/295 4708/17/295
f 4710/18/295 4709/19/295 4711/22/295
f 4711/22/295 4712/21/295 4710/18/295
f 4712/23/295 4711/26/295 4713/25/295
f 4713/25/295 4714/24/295 4712/23/295
f 4715/1/295 4716/2/295 4717/3/295
f 4717/3/295 4718/4/295 4715/1/295
f 4719/9/295 4720/10/295 4721/11/295
f 4721/11/295 4722/12/295 4719/9/295
f 4720/13/295 4723/14/295 4724/15/295
f 4724/15/295 4721/16/295 4720/13/295
f 4725/31/295 4726/32/295 4727/33/295
f 4727/33/295 4728/34/295 4725/31/295
f 4726/23/295 4729/24/295 4730/25/295
f 4730/25/295 4727/26/295 4726/23/295
f 4731/27/296 4732/28/296 4733/29/296
f 4733/29/296 4734/30/296 4731/27/296
f 4735/27/296 4736/28/296 4737/29/296
f 4737/29/296 4738/30/296 4735/27/296
f 4739/27/296 4740/28/296 4741/29/296
f 4741/29/296 4742/30/296 4739/27/296
f 4743/1/297 4744/2/297 4745/3/297
f 4745/3/297 4746/4/297 4743/1/297
f 4744/5/297 4747/6/297 4748/7/297
f 4748/7/297 4745/8/297 4744/5/297
f 4747/9/297 4749/10/297 4750/11/297
f 4750/11/297 4748/12/297 4747/9/297
f 4749/13/297 4751/14/297 4752/15/297
f 4752/15/297 4750/16/297 4749/13/297
f 4751/17/297 4753/18/297 4754/19/297
f 4754/19/297 4752/20/297 4751/17/297
f 4753/18/297 4755/21/297 4756/22/297
f 4756/22/297 4754/19/297 4753/18/297
f 4755/23/297 4757/24/297 4758/25/297
f 4758/25/297 4756/26/297 4755/23/297
f 4759/5/297 4760/6/297 4761/7/297
f 4761/7/297 4762/8/297 4759/5/297
f 4763/27/297 4764/28/297 4765/29/297
f 4765/29/297 4766/30/297 4763/27/297
f 4767/1/297 4768/4/297 4769/3/297
f 4769/3/297 4770/2/297 4767/1/297
f 4770/5/297 4769/8/297 4771/7/297
f 4771/7/297 4772/6/297 4770/5/297
f 4772/9/297 4771/12/297 4773/11/297
f 4773/11/297 4774/10/297 4772/9/297
f 4774/13/297 4773/16/297 4775/15/297
f 4775/15/297 4776/14/297 4774/13/297
f 4776/17/297 4775/20/297 4777/19/297
f 4777/19/297 4778/18/297 4776/17/297
f 4778/18/297 4777/19/297 4779/22/297
f 4779/22/297 4780/21/297 4778/18/297
f 4780/23/297 4779/26/297 4781/25/297
f 4781/25/297 4782/24/297 4780/23/297
f 4783/1/297 4784/2/297 4785/3/297
f 4785/3/297 4786/4/297 4783/1/297
f 4787/9/297 4788/10/297 4789/11/297
f 4789/11/297 4790/12/297 4787/9/297
f 4788/13/297 4791/14/297 4792/15/297
f 4792/15/297 4789/16/297 4788/13/297
f 4793/31/297 4794/32/297 4795/33/297
f 4795/33/297 4796/34/297 4793/31/297
f 4794/23/297 4797/24/297 4798/25/297
f 4798/25/297 4795/26/297 4794/23/297
f 4799/27/298 4800/28/298 4801/29/298
f 4801/29/298 4802/30/298 4799/27/298
f 4803/27/298 4804/28/298 4805/29/298
f 4805/29/298 4806/30/298 4803/27/298
f 4807/27/298 4808/28/298 4809/29/298
f 4809/29/298 4810/30/298 4807/27/298
f 4811/35/1 4812/36/1 4813/37/1
f 4813/37/1 4814/38/1 4811/35/1
f 4815/39/1 4816/40/1 4817/41/1
f 4817/41/1 4818/42/1 4815/39/1
f 4819/39/1 4820/40/1 4821/41/1
f 4821/41/1 4822/42/1 4819/39/1
f 4823/35/1 4824/36/1 4825/37/1
f 4825/37/1 4826/38/1 4823/35/1
f 4827/35/1 4828/36/1 4829/37/1
f 4829/37/1 4830/38/1 4827/35/1
f 4831/39/1 4832/40/1 4833/41/1
f 4833/41/1 4834/42/1 4831/39/1
f 4835/39/1 4836/40/1 4837/41/1
f 4837/41/1 4838/42/1 4835/39/1
f 4839/35/1 4840/36/1 4841/37/1
f 4841/37/1 4842/38/1 4839/35/1
f 4843/35/1 4844/36/1 4845/37/1
f 4845/37/1 4846/38/1 4843/35/1
f 4847/39/1 4848/40/1 4849/41/1
f 4849/41/1 4850/42/1 4847/39/1
f 4851/39/1 4852/40/1 4853/41/1
f 4853/41/1 4854/42/1 4851/39/1
f 4855/35/1 4856/36/1 4857/37/1
f 4857/37/1 4858/38/1 4855/35/1
f 4859/35/1 4860/36/1 4861/37/1
f 4861/37/1 4862/38/1 4859/35/1
f 4863/39/1 4864/40/1 4865/41/1
f 4865/41/1 4866/42/1 4863/39/1
f 4867/39/1 4868/40/1 4869/41/1
f 4869/41/1 4870/42/1 4867/39/1
f 4871/35/1 4872/36/1 4873/37/1
f 4873/37/1 4874/38/1 4871/35/1
f 4875/35/1 4876/36/1 4877/37/1
f 4877/37/1 4878/38/1 4875/35/1
f 4879/39/1 4880/40/1 4881/41/1
f 4881/41/1 4882/42/1 4879/39/1
f 4883/39/1 4884/40/1 4885/41/1
f 4885/41/1 4886/42/1 4883/39/1
f 4887/35/1 4888/36/1 4889/37/1
f 4889/37/1 4890/38/1 4887/35/1
f 4891/35/1 4892/36/1 4893/37/1
f 4893/37/1 4894/38/1 4891/35/1
f 4895/39/1 4896/40/1 4897/41/1
f 4897/41/1 4898/42/1 4895/39/1
f 4899/39/1 4900/40/1 4901/41/1
f 4901/41/1 4902/42/1 4899/39/1
f 4903/35/1 4904/36/1 4905/37/1
f 4905/37/1 4906/38/1 4903/35/1
f 4907/35/299 4908/36/299 4909/37/299
f 4909/37/299 4910/38/299 4907/35/299
f 4911/39/299 4912/40/299 4913/41/299
f 4913/41/299 4914/42/299 4911/39/299
f 4915/39/299 4916/40/299 4917/41/299
f 4917/41/299 4918/42/299 4915/39/299
f 4919/35/299 4920/36/299 4921/37/299
f 4921/37/299 4922/38/299 4919/35/299
f 4923/35/299 4924/36/299 4925/37/299
f 4925/37/299 4926/38/299 4923/35/299
f 4927/39/299 4928/40/299 4929/41/299
f 4929/41/299 4930/42/299 4927/39/299
f 4931/39/299 4932/40/299 4933/41/299
f 4933/41/299 4934/42/299 4931/39/299
f 4935/35/299 4936/36/299 4937/37/299
f 4937/37/299 4938/38/299 4935/35/299
f 4939/35/299 4940/36/299 4941/37/299
f 4941/37/299 4942/38/299 4939/35/299
f 4943/39/299 4944/40/300 4945/41/299
f 4945/41/299 4946/42/299 4943/39/299
f 4947/39/299 4948/40/299 4949/41/299
f 4949/41/299 4950/42/299 4947/39/299
f 4951/35/299 4952/36/299 4953/37/299
f 4953/37/299 4954/38/299 4951/35/299
f 4955/35/301 4956/36/302 4957/37/301
f 4957/37/301 4958/38/303 4955/35/301
f 4959/39/301 4960/40/301 4961/41/301
f 4961/41/301 4962/42/301 4959/39/301
f 4963/39/301 4964/40/301 4965/41/301
f 4965/41/301 4966/42/301 4963/39/301
f 4967/35/301 4968/36/301 4969/37/301
f 4969/37/301 4970/38/301 4967/35/301
f 4971/35/301 4972/36/302 4973/37/301
f 4973/37/301 4974/38/303 4971/35/301
f 4975/39/301 4976/40/301 4977/41/301
f 4977/41/301 4978/42/301 4975/39/301
f 4979/39/301 4980/40/301 4981/41/301
f 4981/41/301 4982/42/301 4979/39/301
f 4983/35/301 4984/36/301 4985/37/301
f 4985/37/301 4986/38/301 4983/35/301
f 4987/35/301 4988/36/301 4989/37/301
f 4989/37/301 4990/38/301 4987/35/301
f 4991/39/301 4992/40/303 4993/41/301
f 4993/41/301 4994/42/301 4991/39/301
f 4995/39/301 4996/40/301 4997/41/301
f 4997/41/301 4998/42/301 4995/39/301
f 4999/35/301 5000/36/301 5001/37/301
f 5001/37/301 5002/38/301 4999/35/301
f 5003/35/304 5004/36/304 5005/37/304
f 5005/37/304 5006/38/304 5003/35/304
f 5007/39/304 5008/40/304 5009/41/304
f 5009/41/304 5010/42/304 5007/39/304
f 5011/39/304 5012/40/304 5013/41/304
f 5013/41/304 5014/42/304 5011/39/304
f 5015/35/304 5016/36/304 5017/37/304
f 5017/37/304 5018/38/304 5015/35/304
f 5019/35/304 5020/36/304 5021/37/304
f 5021/37/304 5022/38/304 5019/35/304
f 5023/39/304 5024/40/304 5025/41/304
f 5025/41/304 5026/42/304 5023/39/304
f 5027/39/304 5028/40/304 5029/41/304
f 5029/41/304 5030/42/304 5027/39/304
f 5031/35/304 5032/36/304 5033/37/304
f 5033/37/304 5034/38/304 5031/35/304
f 5035/35/304 5036/36/304 5037/37/304
f 5037/37/304 5038/38/304 5035/35/304
f 5039/39/304 5040/40/304 5041/41/304
f 5041/41/304 5042/42/304 5039/39/304
f 5043/39/304 5044/40/304 5045/41/304
f 5045/41/304 5046/42/304 5043/39/304
f 5047/35/304 5048/36/304 5049/37/304
f 5049/37/304 5050/38/304 5047/35/304
f 5051/35/1 5052/36/1 5053/37/1
f 5053/37/1 5054/38/1 5051/35/1
f 5055/39/1 5056/40/1 5057/41/1
f 5057/41/1 5058/42/1 5055/39/1
f 5059/39/1 5060/40/1 5061/41/1
f 5061/41/1 5062/42/1 5059/39/1
f 5063/35/1 5064/36/1 5065/37/1
f 5065/37/1 5066/38/1 5063/35/1
f 5067/39/1 5068/40/1 5069/41/1
f 5069/41/1 5070/42/1 5067/39/1
f 5071/35/1 5072/36/1 5073/37/1
f 5073/37/1 5074/38/1 5071/35/1
f 5075/39/1 5076/40/1 5077/41/1
f 5077/41/1 5078/42/1 5075/39/1
f 5079/39/1 5080/40/1 5081/41/1
f 5081/41/1 5082/42/1 5079/39/1
f 5083/35/1 5084/36/1 5085/37/1
f 5085/37/1 5086/38/1 5083/35/1
f 5087/39/1 5088/40/1 5089/41/1
f 5089/41/1 5090/42/1 5087/39/1
f 5091/39/1 5092/40/1 5093/41/1
f 5093/41/1 5094/42/1 5091/39/1
f 5095/35/1 5096/36/1 5097/37/1
f 5097/37/1 5098/38/1 5095/35/1
f 5099/39/1 5100/40/1 5101/41/1
f 5101/41/1 5102/42/1 5099/39/1
f 5103/35/1 5104/36/1 5105/37/1
f 5105/37/1 5106/38/1 5103/35/1
f 5107/39/1 5108/40/1 5109/41/1
f 5109/41/1 5110/42/1 5107/39/1
f 5111/39/1 5112/40/1 5113/41/1
f 5113/41/1 5114/42/1 5111/39/1
f 5115/35/1 5116/36/1 5117/37/1
f 5117/37/1 5118/38/1 5115/35/1
f 5119/39/1 5120/40/1 5121/41/1
f 5121/41/1 5122/42/1 5119/39/1
f 5123/39/1 5124/40/1 5125/41/1
f 5125/41/1 5126/42/1 5123/39/1
f 5127/35/1 5128/36/1 5129/37/1
f 5129/37/1 5130/38/1 5127/35/1
f 5131/39/1 5132/40/1 5133/41/1
f 5133/41/1 5134/42/1 5131/39/1
f 5135/35/1 5136/36/1 5137/37/1
f 5137/37/1 5138/38/1 5135/35/1
f 5139/39/1 5140/40/1 5141/41/1
f 5141/41/1 5142/42/1 5139/39/1
f 5143/39/1 5144/40/1 5145/41/1
f 5145/41/1 5146/42/1 5143/39/1
f 5147/35/305 5148/36/305 5149/37/305
f 5149/37/305 5150/38/305 5147/35/305
f 5151/39/305 5152/40/305 5153/41/305
f 5153/41/305 5154/42/305 5151/39/305
f 5155/39/305 5156/40/305 5157/41/305
f 5157/41/305 5158/42/305 5155/39/305
f 5159/35/306 5160/36/306 5161/37/306
f 5161/37/306 5162/38/306 5159/35/306
f 5163/39/306 5164/40/306 5165/41/306
f 5165/41/306 5166/42/306 5163/39/306
f 5167/39/306 5168/40/306 5169/41/306
f 5169/41/306 5170/42/306 5167/39/306
f 5171/35/307 5172/36/307 5173/37/307
f 5173/37/307 5174/38/307 5171/35/307
f 5175/39/307 5176/40/307 5177/41/307
f 5177/41/307 5178/42/307 5175/39/307
f 5179/39/307 5180/40/307 5181/41/307
f 5181/41/307 5182/42/307 5179/39/307
f 5183/35/308 5184/36/308 5185/37/308
f 5185/37/308 5186/38/308 5183/35/308
f 5187/39/308 5188/40/308 5189/41/308
f 5189/41/308 5190/42/308 5187/39/308
f 5191/39/308 5192/40/308 5193/41/308
f 5193/41/308 5194/42/308 5191/39/308
f 5195/35/308 5196/36/308 5197/37/308
f 5197/37/308 5198/38/308 5195/35/308
f 5199/35/308 5200/36/308 5201/37/308
f 5201/37/308 5202/38/308 5199/35/308
f 5203/39/308 5204/40/308 5205/41/308
f 5205/41/308 5206/42/308 5203/39/308
f 5207/39/308 5208/40/308 5209/41/308
f 5209/41/308 5210/42/308 5207/39/308
f 5211/35/308 5212/36/308 5213/37/308
f 5213/37/308 5214/38/308 5211/35/308
f 5215/35/308 5216/36/308 5217/37/308
f 5217/37/308 5218/38/308 5215/35/308
f 5219/39/308 5220/40/308 5221/41/308
f 5221/41/308 5222/42/308 5219/39/308
f 5223/39/308 5224/40/308 5225/41/308
f 5225/41/308 5226/42/308 5223/39/308
f 5227/35/308 5228/36/308 5229/37/308
f 5229/37/308 5230/38/308 5227/35/308
f 5231/35/309 5232/36/310 5233/37/309
f 5233/37/309 5234/38/311 5231/35/309
f 5235/39/309 5236/40/310 5237/41/309
f 5237/41/309 5238/42/311 5235/39/309
f 5239/39/309 5240/40/309 5241/41/309
f 5241/41/309 5242/42/309 5239/39/309
f 5243/35/309 5244/36/311 5245/37/309
f 5245/37/309 5246/38/310 5243/35/309
f 5247/39/309 5248/40/309 5249/41/309
f 5249/41/309 5250/42/309 5247/39/309
f 5251/35/309 5252/36/309 5253/37/309
f 5253/37/309 5254/38/309 5251/35/309
f 5255/39/309 5256/40/309 5257/41/309
f 5257/41/309 5258/42/309 5255/39/309
f 5259/39/309 5260/40/310 5261/41/309
f 5261/41/309 5262/42/311 5259/39/309
f 5263/35/309 5264/36/309 5265/37/309
f 5265/37/309 5266/38/309 5263/35/309
f 5267/39/309 5268/40/310 5269/41/309
f 5269/41/309 5270/42/311 5267/39/309
f 5271/39/309 5272/40/309 5273/41/309
f 5273/41/309 5274/42/309 5271/39/309
f 5275/35/309 5276/36/309 5277/37/309
f 5277/37/309 5278/38/309 5275/35/309
f 5279/39/309 5280/40/309 5281/41/309
f 5281/41/309 5282/42/309 5279/39/309
f 5283/35/309 5284/36/309 5285/37/309
f 5285/37/309 5286/38/309 5283/35/309
f 5287/39/309 5288/40/309 5289/41/309
f 5289/41/309 5290/42/309 5287/39/309
f 5291/39/309 5292/40/309 5293/41/309
f 5293/41/309 5294/42/309 5291/39/309
f 5295/35/309 5296/36/310 5297/37/309
f 5297/37/309 5298/38/309 5295/35/309
f 5299/39/309 5300/40/309 5301/41/309
f 5301/41/309 5302/42/309 5299/39/309
f 5303/39/309 5304/40/309 5305/41/309
f 5305/41/309 5306/42/309 5303/39/309
f 5307/35/309 5308/36/309 5309/37/309
f 5309/37/309 5310/38/310 5307/35/309
f 5311/39/309 5312/40/309 5313/41/309
f 5313/41/309 5314/42/309 5311/39/309
f 5315/35/309 5316/36/310 5317/37/309
f 5317/37/309 5318/38/311 5315/35/309
f 5319/39/309 5320/40/309 5321/41/309
f 5321/41/309 5322/42/309 5319/39/309
f 5323/39/309 5324/40/309 5325/41/309
f 5325/41/309 5326/42/309 5323/39/309
f 5327/35/312 5328/36/312 5329/37/312
f 5329/37/312 5330/38/313 5327/35/312
f 5331/39/312 5332/40/312 5333/41/312
f 5333/41/312 5334/42/313 5331/39/312
f 5335/39/312 5336/40/313 5337/41/312
f 5337/41/312 5338/42/312 5335/39/312
f 5339/35/312 5340/36/313 5341/37/312
f 5341/37/312 5342/38/312 5339/35/312
f 5343/39/312 5344/40/312 5345/41/312
f 5345/41/312 5346/42/312 5343/39/312
f 5347/35/312 5348/36/312 5349/37/312
f 5349/37/312 5350/38/312 5347/35/312
f 5351/39/312 5352/40/312 5353/41/312
f 5353/41/312 5354/42/312 5351/39/312
f 5355/39/312 5356/40/313 5357/41/312
f 5357/41/312 5358/42/312 5355/39/312
f 5359/35/312 5360/36/312 5361/37/312
f 5361/37/312 5362/38/312 5359/35/312
f 5363/39/312 5364/40/312 5365/41/312
f 5365/41/312 5366/42/313 5363/39/312
f 5367/39/312 5368/40/312 5369/41/312
f 5369/41/312 5370/42/313 5367/39/312
f 5371/35/312 5372/36/312 5373/37/312
f 5373/37/312 5374/38/312 5371/35/312
f 5375/39/312 5376/40/312 5377/41/312
f 5377/41/312 5378/42/312 5375/39/312
f 5379/35/312 5380/36/312 5381/37/312
f 5381/37/312 5382/38/312 5379/35/312
f 5383/39/312 5384/40/312 5385/41/312
f 5385/41/312 5386/42/312 5383/39/312
f 5387/39/312 5388/40/312 5389/41/312
f 5389/41/312 5390/42/312 5387/39/312
f 5391/35/312 5392/36/312 5393/37/312
f 5393/37/312 5394/38/312 5391/35/312
f 5395/39/312 5396/40/312 5397/41/312
f 5397/41/312 5398/42/312 5395/39/312
f 5399/39/312 5400/40/313 5401/41/312
f 5401/41/312 5402/42/312 5399/39/312
f 5403/35/312 5404/36/312 5405/37/312
f 5405/37/312 5406/38/312 5403/35/312
f 5407/39/312 5408/40/313 5409/41/312
f 5409/41/312 5410/42/312 5407/39/312
f 5411/35/312 5412/36/313 5413/37/312
f 5413/37/312 5414/38/312 5411/35/312
f 5415/39/312 5416/40/312 5417/41/312
f 5417/41/312 5418/42/312 5415/39/312
f 5419/39/312 5420/40/312 5421/41/312
f 5421/41/312 5422/42/312 5419/39/312
f 5423/35/314 5424/36/314 5425/37/314
f 5425/37/314 5426/38/314 5423/35/314
f 5427/39/314 5428/40/314 5429/41/314
f 5429/41/314 5430/42/314 5427/39/314
f 5431/39/314 5432/40/314 5433/41/314
f 5433/41/314 5434/42/314 5431/39/314
f 5435/35/314 5436/36/314 5437/37/314
f 5437/37/314 5438/38/314 5435/35/314
f 5439/35/314 5440/36/314 5441/37/314
f 5441/37/314 5442/38/314 5439/35/314
f 5443/39/314 5444/40/315 5445/41/314
f 5445/41/314 5446/42/314 5443/39/314
f 5447/39/314 5448/40/314 5449/41/314
f 5449/41/314 5450/42/314 5447/39/314
f 5451/35/314 5452/36/314 5453/37/314
f 5453/37/314 5454/38/314 5451/35/314
f 5455/35/314 5456/36/314 5457/37/314
f 5457/37/314 5458/38/314 5455/35/314
f 5459/39/314 5460/40/315 5461/41/314
f 5461/41/314 5462/42/314 5459/39/314
f 5463/39/314 5464/40/314 5465/41/314
f 5465/41/314 5466/42/314 5463/39/314
f 5467/35/314 5468/36/314 5469/37/314
f 5469/37/314 5470/38/314 5467/35/314
