# Blender 4.4.3
# www.blender.org
mtllib PIPES.mtl
o PIPES
v 265.542053 16.628468 -412.025848
v 265.155396 16.628468 -412.642792
v 265.542053 13.087836 -412.025848
v 265.155396 13.087836 -412.642792
v 270.860138 16.628468 -403.540527
v 270.473480 16.628468 -404.157471
v 270.860138 13.087837 -403.540527
v 270.473480 13.087837 -404.157471
v 274.377838 16.628468 -405.443665
v 273.760925 16.628468 -405.057007
v 274.377838 13.087837 -405.443665
v 273.760925 13.087837 -405.057007
v 272.383514 16.628466 -422.001099
v 273.339874 16.628466 -420.475159
v 272.383514 13.087836 -422.001099
v 273.339874 13.087836 -420.475159
v 279.180145 20.103912 -411.156708
v 280.136505 20.103912 -409.630768
v 279.180145 13.087836 -411.156708
v 280.136505 13.087837 -409.630768
v 237.443832 16.628468 -402.904388
v 236.826889 16.628468 -402.517731
v 237.443832 13.087837 -402.904388
v 236.826889 13.087837 -402.517731
v 245.929123 16.628468 -408.222473
v 245.312195 16.628468 -407.835815
v 245.929123 13.087837 -408.222473
v 245.312195 13.087837 -407.835815
v 244.025986 16.628468 -411.740204
v 244.412659 16.628468 -411.123260
v 244.025986 13.087836 -411.740204
v 244.412659 13.087836 -411.123260
v 227.468567 16.628468 -409.745850
v 228.994492 16.628468 -410.702209
v 227.468567 13.087837 -409.745850
v 228.994492 13.087836 -410.702209
v -87.244591 13.686562 -689.069214
v -87.972687 13.686562 -689.071228
v -87.244591 10.145932 -689.069214
v -87.972687 10.145932 -689.071228
v -77.230530 13.686562 -689.041809
v -77.958618 13.686562 -689.043823
v -77.230530 10.145932 -689.041809
v -77.958618 10.145932 -689.043823
v -76.964096 13.686562 -693.032471
v -76.966087 13.686562 -692.304382
v -76.964096 10.145932 -693.032471
v -76.966087 10.145932 -692.304382
v -92.033401 13.686563 -700.176819
v -90.232544 13.686563 -700.171875
v -92.033401 10.145932 -700.176819
v -90.232544 10.145932 -700.171875
v 525.506042 -3.631531 -192.423920
v 524.398132 -3.670740 -192.608063
v 524.398132 1.685334 -192.608063
v 525.506042 1.724544 -192.423920
v 508.939087 -3.697491 -244.983871
v 508.686188 -3.697491 -245.831955
v 508.952850 1.763705 -244.937744
v 508.686188 1.763705 -245.831955
v 524.361511 -3.697489 -193.269470
v 524.108582 -3.697489 -194.117554
v 524.375244 1.763707 -193.223328
v 524.108582 1.763707 -194.117554
v 519.859375 -3.697489 -208.366089
v 519.606445 -3.697489 -209.214157
v 519.873108 1.763707 -208.319946
v 519.606445 1.763707 -209.214157
v 519.517517 -3.697489 -209.512314
v 519.264587 -3.697489 -210.360382
v 519.531311 1.763706 -209.466171
v 519.264587 1.763706 -210.360382
v 499.623169 -3.697491 -276.222107
v 499.370239 -3.697491 -277.070160
v 499.636902 1.763705 -276.175964
v 499.370239 1.763705 -277.070160
v 476.352356 -3.697490 -270.756104
v 475.503601 -3.697490 -270.505402
v 476.398529 1.763706 -270.769745
v 475.503632 1.763706 -270.505432
v 451.286499 -3.697490 -263.280914
v 450.437775 -3.697490 -263.030212
v 451.332703 1.763706 -263.294556
v 450.437805 1.763706 -263.030212
v 449.089661 -3.635974 -263.023773
v 450.197601 -3.675184 -262.839630
v 450.197601 1.685329 -262.839630
v 449.089661 1.724539 -263.023773
v -103.095016 9.620301 -691.264526
v -103.604736 9.581092 -690.263733
v -103.604736 14.937165 -690.263733
v -103.095016 14.976376 -691.264526
v -158.204086 9.554345 -691.320618
v -159.088943 9.554345 -691.335266
v -158.155945 15.015541 -691.319824
v -159.088943 15.015541 -691.335266
v -104.246384 9.554343 -690.428284
v -105.131256 9.554343 -690.442932
v -104.198242 15.015538 -690.427490
v -105.131248 15.015538 -690.442932
v -119.997864 9.554344 -690.688782
v -120.882729 9.554344 -690.703430
v -119.949722 15.015539 -690.687988
v -120.882729 15.015539 -690.703430
v -121.193810 9.554344 -690.708557
v -122.078674 9.554344 -690.723206
v -121.145668 15.015539 -690.707764
v -122.078674 15.015539 -690.723206
v -190.797363 9.554346 -691.859619
v -191.682236 9.554346 -691.874268
v -190.749222 15.015541 -691.858826
v -191.682220 15.015541 -691.874268
v -192.604156 9.554348 -668.023865
v -192.621124 9.554348 -667.139038
v -192.603241 15.015543 -668.072021
v -192.621124 15.015543 -667.139038
v -193.036652 9.554350 -641.870728
v -193.053619 9.554350 -640.985901
v -193.035736 15.015545 -641.918823
v -193.053619 15.015545 -640.985901
v -193.454056 9.615867 -639.698608
v -192.944336 9.576656 -640.699402
v -192.944336 14.937169 -640.699402
v -193.454056 14.976379 -639.698608
v -232.515350 9.639648 -652.539062
v -232.968231 9.593513 -653.352173
v -232.968231 15.895771 -653.352173
v -232.515350 15.941908 -652.539124
v -210.144760 9.562039 -678.594727
v -209.776520 9.562039 -679.005249
v -210.164795 15.987991 -678.572388
v -209.776520 15.987991 -679.005249
v -232.599762 9.562038 -653.561890
v -232.231506 9.562038 -653.972412
v -232.619781 15.987990 -653.539551
v -232.231506 15.987990 -653.972412
v -226.044632 9.562039 -660.869568
v -225.676392 9.562039 -661.280090
v -226.064667 15.987991 -660.847229
v -225.676392 15.987991 -661.280090
v -225.546921 9.562039 -661.424377
v -225.178680 9.562039 -661.834900
v -225.566956 15.987990 -661.402039
v -225.178680 15.987990 -661.834900
v -196.580750 9.562040 -693.715820
v -196.212524 9.562040 -694.126343
v -196.600800 15.987992 -693.693481
v -196.212524 15.987992 -694.126343
v -211.554504 9.562039 -708.189758
v -212.130661 9.562039 -708.703369
v -211.523163 15.987991 -708.161865
v -212.130661 15.987991 -708.703369
v -228.612198 9.562038 -723.337158
v -229.188354 9.562038 -723.850769
v -228.580841 15.987990 -723.309265
v -229.188354 15.987990 -723.850708
v -229.874298 9.634421 -724.775818
v -229.421417 9.588284 -723.962708
v -229.421417 15.895766 -723.962708
v -229.874298 15.941903 -724.775818
v 48.997482 -1.673592 -19.715816
v 48.997478 1.712387 -19.715811
v 48.470741 1.712387 -19.715811
v 48.470741 -1.673592 -19.715818
v 78.423973 -1.673592 -19.715811
v 78.423973 1.712387 -19.715805
v 77.897240 1.712387 -19.715805
v 77.897240 -1.673592 -19.715813
v 143.454468 -1.673592 -19.715811
v 143.454468 1.712387 -19.715805
v 142.927719 1.712387 -19.715805
v 142.927719 -1.673592 -19.715813
v 114.027969 -1.673592 -19.715816
v 114.027969 1.712387 -19.715811
v 113.501236 1.712387 -19.715811
v 113.501236 -1.673592 -19.715818
v 13.901224 -1.673592 -19.715811
v 13.901224 1.712387 -19.715805
v 13.374484 1.712387 -19.715805
v 13.374487 -1.673592 -19.715813
v -15.525272 -1.673592 -19.715816
v -15.525277 1.712387 -19.715811
v -16.052013 1.712387 -19.715811
v -16.052011 -1.673592 -19.715818
v 410.726044 13.286551 -455.742645
v 410.845337 13.286551 -455.828369
v 409.613251 13.286551 -457.542877
v 393.514984 13.286551 -445.974335
v 394.747070 13.286551 -444.259827
v 394.866364 13.286551 -444.345551
v 390.390411 13.833369 -441.507599
v 390.509705 13.833369 -441.593323
v 389.277618 13.833369 -443.307831
v 373.179352 13.833370 -431.739288
v 374.411438 13.833370 -430.024780
v 374.530731 13.833369 -430.110504
v 440.123810 12.738001 -476.841156
v 440.243103 12.738001 -476.926880
v 439.011017 12.738001 -478.641388
v 422.912750 12.738002 -467.072845
v 424.144836 12.738002 -465.358337
v 424.264130 12.738001 -465.444061
v 532.880737 -2.375488 -294.604858
v 532.839050 -2.375487 -294.745728
v 530.814575 -2.375488 -294.146484
v 536.441101 -2.375487 -275.137848
v 538.465576 -2.375487 -275.737091
v 538.423889 -2.375488 -275.877960
v 539.950623 -2.414983 -269.587463
v 539.908936 -2.414982 -269.728333
v 537.884460 -2.414983 -269.129089
v 543.510986 -2.414982 -250.120468
v 545.535461 -2.414982 -250.719696
v 545.493774 -2.414982 -250.860565
v 552.273010 -2.414979 -214.382324
v 552.231323 -2.414978 -214.523193
v 550.206848 -2.414979 -213.923950
v 555.833374 -2.414978 -194.915344
v 557.857849 -2.414978 -195.514572
v 557.816162 -2.414978 -195.655441
v -280.421204 20.940853 -277.012726
v -280.421387 20.940853 -276.865814
v -278.310120 20.940853 -276.863068
v -278.284454 20.940851 -296.686920
v -280.395752 20.940851 -296.689636
v -280.395935 20.940851 -296.542755
v -280.865997 20.940851 -302.968842
v -280.866180 20.940851 -302.821930
v -278.754913 20.940851 -302.819183
v -278.729248 20.940849 -322.643036
v -280.840546 20.940849 -322.645752
v -280.840729 20.940849 -322.498871
v -280.674896 20.940847 -359.434540
v -280.675079 20.940847 -359.287628
v -278.563812 20.940847 -359.284882
v -278.538147 20.940845 -379.108734
v -280.649445 20.940845 -379.111450
v -280.649628 20.940845 -378.964569
v 397.127014 -2.414961 22.819355
v 397.273926 -2.414961 22.819550
v 397.276672 -2.414961 20.708265
v 377.452820 -2.414961 20.682621
v 377.450073 -2.414961 22.793900
v 377.596985 -2.414962 22.794090
v 371.169189 -2.414961 23.144703
v 371.316101 -2.414961 23.144897
v 371.318848 -2.414961 21.033613
v 351.494995 -2.414961 21.007969
v 351.492249 -2.414961 23.119247
v 351.639160 -2.414962 23.119438
v 314.719360 -2.414962 19.558014
v 314.866272 -2.414962 19.558208
v 314.869019 -2.414962 17.446924
v 295.045166 -2.414962 17.421280
v 295.042419 -2.414962 19.532558
v 295.189331 -2.414963 19.532749
v -157.564529 0.027388 22.978325
v -157.417633 0.027388 22.978518
v -157.414902 0.027388 20.867233
v -177.238739 0.027387 20.841587
v -177.241470 0.027387 22.952869
v -177.094574 0.027387 22.953058
v -101.114708 -0.742343 19.702244
v -100.967804 -0.742342 19.702438
v -100.965073 -0.742343 17.591154
v -120.788910 -0.742343 17.565510
v -120.791641 -0.742343 19.676788
v -120.644737 -0.742343 19.676979
v -75.156883 -0.742343 19.376896
v -75.009979 -0.742342 19.377089
v -75.007248 -0.742343 17.265804
v -94.831085 -0.742343 17.240158
v -94.833817 -0.742343 19.351440
v -94.686913 -0.742343 19.351629
v 75.286362 -0.436830 19.624439
v 75.498642 -0.436830 19.624718
v 47.064484 -0.436832 19.587929
v 46.639923 -0.436832 19.587379
v 46.852203 -0.436831 19.587660
v 46.856148 -0.436831 16.536751
v 15.779079 -0.436836 16.499691
v 15.775131 -0.436835 19.550598
v 15.987411 -0.436835 19.550873
v 106.363434 -0.436826 19.661497
v 106.575714 -0.436825 19.661777
v 106.579659 -0.436825 16.610867
v 75.502586 -0.436830 16.573809
v 75.710922 -0.436830 19.624989
v -324.168884 21.065781 -510.070129
v -324.167175 21.065781 -509.923248
v -322.056030 21.065781 -509.948029
v -322.288818 21.065779 -529.770508
v -324.399963 21.065779 -529.745728
v -324.398224 21.065779 -529.598877
v -324.168884 21.065779 -535.284485
v -324.167175 21.065779 -535.137573
v -322.056030 21.065779 -535.162354
v -322.288818 21.065777 -554.984863
v -324.399963 21.065777 -554.960083
v -324.398224 21.065777 -554.813171
v -324.168884 21.065777 -559.969849
v -324.167175 21.065777 -559.822937
v -322.056030 21.065777 -559.847778
v -322.288818 21.065775 -579.670227
v -324.399963 21.065775 -579.645447
v -324.398224 21.065775 -579.498535
v 371.226501 35.647274 -981.841858
v 371.066467 35.647278 -981.981323
v 369.062164 35.647274 -979.681152
v 390.659607 35.735790 -960.861755
v 392.663910 35.735790 -963.161926
v 392.503876 35.647274 -963.301392
v 392.823975 35.735790 -963.022461
v 414.091675 35.735783 -940.447876
v 416.095978 35.735783 -942.748047
v 415.935944 35.735783 -942.887512
v 347.794464 35.647278 -1002.255676
v 347.634430 35.647278 -1002.395142
v 345.630127 35.647278 -1000.094971
v 370.906433 35.647278 -982.120789
v 484.322021 32.168598 -880.930176
v 484.163696 32.168602 -881.071533
v 482.131500 32.168598 -878.795959
v 503.497955 32.168598 -859.714722
v 505.530151 32.168598 -861.990295
v 505.371826 32.168598 -862.131714
v 505.688477 32.168598 -861.848877
v 526.679443 32.168594 -839.016785
v 528.711609 32.168594 -841.292358
v 528.553284 32.168594 -841.433777
v 461.140533 32.168602 -901.628052
v 460.982208 32.168602 -901.769470
v 458.950012 32.168602 -899.493896
v 484.005371 32.168602 -881.212952
v 361.236328 30.376122 -739.840332
v 361.103271 30.376122 -739.778076
v 361.998260 30.376122 -737.865845
v 379.952820 30.376120 -746.269348
v 379.057831 30.376120 -748.181580
v 378.924805 30.376120 -748.119324
v 338.757294 29.945007 -729.639282
v 338.624237 29.945009 -729.577026
v 339.519226 29.945007 -727.664856
v 357.473816 29.945007 -736.068359
v 356.578796 29.945007 -737.980530
v 356.445770 29.945007 -737.918274
v 315.796570 29.313662 -719.219604
v 315.663513 29.313663 -719.157349
v 316.558502 29.313662 -717.245178
v 334.513062 29.313660 -725.648682
v 333.618103 29.313660 -727.560852
v 333.485046 29.313660 -727.498596
v -0.041725 -1.670519 -27.586700
v -0.041721 1.716133 -27.586700
v -0.811828 1.716133 -27.586700
v -0.811828 -1.670519 -27.586700
v -5.478701 1.716133 -23.306509
v -5.478701 -1.670519 -23.306515
v -5.478701 1.716133 -23.773306
v -5.478701 -1.670519 -23.773308
v 3.290089 -1.673593 -22.206310
v 3.290084 1.712386 -22.206314
v 3.290084 1.712386 -22.733051
v 3.290092 -1.673593 -22.733049
v 3.315179 -1.670519 -23.003204
v 3.315179 1.716133 -23.003199
v 3.315179 1.716133 -23.773304
v 3.315179 -1.670519 -23.773306
v -2.573626 1.583116 -21.690401
v -2.573626 1.042748 -21.690407
v -2.573626 1.583118 -22.157198
v -2.573626 1.042748 -22.157200
v -2.573626 1.583116 -22.929380
v -2.573624 1.042748 -22.929386
v -2.573626 1.583118 -23.396175
v -2.573624 1.042748 -23.396177
v -2.573625 1.583116 -24.737114
v -2.573625 1.042748 -24.737118
v -2.573625 1.583118 -25.203913
v -2.573625 1.042748 -25.203913
v -2.573626 1.583115 -25.950590
v -2.573625 1.042748 -25.950596
v -2.573626 1.583118 -26.417389
v -2.573625 1.042748 -26.417389
v 0.410945 1.583116 -21.690401
v 0.410953 1.042748 -21.690407
v 0.410945 1.583118 -22.157198
v 0.410953 1.042748 -22.157200
v 0.410945 1.583116 -22.929379
v 0.410953 1.042748 -22.929384
v 0.410945 1.583118 -23.396175
v 0.410953 1.042748 -23.396177
v 0.410945 1.583116 -24.737112
v 0.410953 1.042748 -24.737118
v 0.410945 1.583118 -25.203911
v 0.410953 1.042748 -25.203911
v 0.410946 1.583116 -25.950590
v 0.410954 1.042748 -25.950596
v 0.410946 1.583118 -26.417389
v 0.410954 1.042748 -26.417389
v 2.068043 1.747327 -26.860264
v 2.068048 1.275778 -26.860262
v 2.393235 1.747330 -27.195148
v 2.393243 1.275778 -27.195147
v 2.489046 1.747327 -26.428551
v 2.489056 1.275778 -26.428549
v 2.814239 1.747330 -26.763435
v 2.814246 1.275778 -26.763433
v 5.431716 -1.670519 -27.586700
v 5.431720 1.716133 -27.586700
v 4.661613 1.716133 -27.586700
v 4.661613 -1.670519 -27.586700
v 4.334750 1.716133 -23.306509
v 4.334750 -1.670519 -23.306513
v 4.334750 1.716133 -23.773304
v 4.334750 -1.670519 -23.773306
v 13.103542 -1.673593 -22.206308
v 13.103535 1.712386 -22.206312
v 13.103535 1.712386 -22.733049
v 13.103544 -1.673593 -22.733047
v 13.128630 -1.670519 -23.003202
v 13.128630 1.716133 -23.003197
v 13.128630 1.716133 -23.773304
v 13.128630 -1.670519 -23.773306
v 7.239827 1.583116 -21.690399
v 7.239827 1.042748 -21.690405
v 7.239827 1.583118 -22.157196
v 7.239827 1.042748 -22.157198
v 7.239827 1.583116 -22.929379
v 7.239827 1.042748 -22.929384
v 7.239827 1.583118 -23.396173
v 7.239827 1.042748 -23.396175
v 7.239827 1.583116 -24.737112
v 7.239827 1.042748 -24.737116
v 7.239827 1.583118 -25.203911
v 7.239827 1.042748 -25.203911
v 7.239825 1.583115 -25.950588
v 7.239827 1.042748 -25.950596
v 7.239825 1.583118 -26.417387
v 7.239827 1.042748 -26.417387
v 10.224396 1.583116 -21.690399
v 10.224405 1.042748 -21.690405
v 10.224396 1.583118 -22.157196
v 10.224405 1.042748 -22.157198
v 10.224396 1.583116 -22.929379
v 10.224405 1.042748 -22.929384
v 10.224396 1.583118 -23.396173
v 10.224405 1.042748 -23.396175
v 10.224396 1.583116 -24.737110
v 10.224405 1.042748 -24.737116
v 10.224396 1.583118 -25.203909
v 10.224405 1.042748 -25.203909
v 10.224396 1.583116 -25.950588
v 10.224405 1.042748 -25.950594
v 10.224398 1.583118 -26.417387
v 10.224405 1.042748 -26.417387
v 7.376931 1.735756 -26.844421
v 7.376938 1.275778 -26.844423
v 7.515612 1.735759 -27.290142
v 7.515619 1.275778 -27.290142
v 7.947624 1.735756 -26.649660
v 7.947634 1.275778 -26.649662
v 8.086303 1.735759 -27.095381
v 8.086308 1.275778 -27.095383
v 9.114281 1.735756 -26.637297
v 9.114284 1.275778 -26.637300
v 8.908775 1.735759 -27.056419
v 8.908780 1.275778 -27.056427
v 9.662739 1.735756 -26.887924
v 9.662744 1.275778 -26.887934
v 9.457232 1.735759 -27.307049
v 9.457235 1.275778 -27.307056
v 21.918610 -1.670519 -27.586699
v 21.918613 1.716133 -27.586699
v 21.148508 1.716133 -27.586699
v 21.148508 -1.670519 -27.586699
v 14.122517 1.716133 -23.306507
v 14.122517 -1.670519 -23.306511
v 14.122517 1.716133 -23.773302
v 14.122517 -1.670519 -23.773304
v 22.922087 -1.673593 -24.687628
v 22.922083 1.712386 -24.687632
v 22.922083 1.712386 -25.214369
v 22.922089 -1.673593 -25.214367
v 22.941805 -1.670519 -25.484522
v 22.941805 1.716133 -25.484516
v 22.941805 1.716133 -26.254623
v 22.941805 -1.670519 -26.254625
v 17.052999 1.583116 -21.690397
v 17.052999 1.042748 -21.690403
v 17.052999 1.583118 -22.157196
v 17.052999 1.042748 -22.157196
v 17.052999 1.583116 -22.929377
v 17.053003 1.042748 -22.929382
v 17.052999 1.583118 -23.396172
v 17.053003 1.042748 -23.396173
v 17.052999 1.583116 -24.737110
v 17.052999 1.042748 -24.737114
v 17.053001 1.583118 -25.203909
v 17.053001 1.042748 -25.203909
v 17.053001 1.583115 -25.950588
v 17.053001 1.042748 -25.950594
v 17.053001 1.583118 -26.417385
v 17.053001 1.042748 -26.417385
v 20.037573 1.583116 -21.690399
v 20.037580 1.042748 -21.690403
v 20.037573 1.583118 -22.157194
v 20.037580 1.042748 -22.157196
v 20.037573 1.583116 -22.929377
v 20.037580 1.042748 -22.929382
v 20.037573 1.583118 -23.396173
v 20.037580 1.042748 -23.396175
v 20.037573 1.583116 -24.737108
v 20.037580 1.042748 -24.737114
v 20.037573 1.583118 -25.203909
v 20.037580 1.042748 -25.203909
v 20.037573 1.583116 -25.950586
v 20.037580 1.042748 -25.950592
v 20.037573 1.583118 -26.417385
v 20.037580 1.042748 -26.417385
v 14.668388 1.735756 -26.637295
v 14.668394 1.275778 -26.637300
v 14.462885 1.735759 -27.056419
v 14.462891 1.275778 -27.056425
v 15.216848 1.735756 -26.887924
v 15.216856 1.275778 -26.887932
v 15.011343 1.735759 -27.307049
v 15.011345 1.275778 -27.307055
v -29.485121 -1.670519 -27.586700
v -29.485119 1.716133 -27.586700
v -30.255224 1.716133 -27.586700
v -30.255224 -1.670519 -27.586700
v -34.922096 1.716133 -23.306509
v -34.922096 -1.670519 -23.306515
v -34.922096 1.716133 -23.773306
v -34.922096 -1.670519 -23.773308
v -26.153307 -1.673593 -22.206310
v -26.153315 1.712386 -22.206314
v -26.153315 1.712386 -22.733051
v -26.153305 -1.673593 -22.733049
v -26.128218 -1.670519 -23.003204
v -26.128218 1.716133 -23.003199
v -26.128218 1.716133 -23.773304
v -26.128218 -1.670519 -23.773306
v -32.017021 1.583116 -21.690401
v -32.017021 1.042748 -21.690407
v -32.017021 1.583118 -22.157198
v -32.017021 1.042748 -22.157200
v -32.017021 1.583116 -22.929380
v -32.017021 1.042748 -22.929386
v -32.017021 1.583118 -23.396175
v -32.017021 1.042748 -23.396177
v -32.017021 1.583116 -24.737114
v -32.017021 1.042748 -24.737118
v -32.017021 1.583118 -25.203913
v -32.017021 1.042748 -25.203913
v -32.017021 1.583115 -25.950590
v -32.017021 1.042748 -25.950596
v -32.017021 1.583118 -26.417389
v -32.017021 1.042748 -26.417389
v -29.032454 1.583116 -21.690401
v -29.032444 1.042748 -21.690407
v -29.032452 1.583118 -22.157198
v -29.032444 1.042748 -22.157200
v -29.032452 1.583116 -22.929379
v -29.032444 1.042748 -22.929384
v -29.032452 1.583118 -23.396175
v -29.032444 1.042748 -23.396177
v -29.032452 1.583116 -24.737112
v -29.032444 1.042748 -24.737118
v -29.032452 1.583118 -25.203911
v -29.032444 1.042748 -25.203911
v -29.032452 1.583116 -25.950590
v -29.032444 1.042748 -25.950596
v -29.032452 1.583118 -26.417389
v -29.032444 1.042748 -26.417389
v -27.375355 1.747327 -26.860264
v -27.375349 1.275778 -26.860262
v -27.050161 1.747330 -27.195148
v -27.050154 1.275778 -27.195147
v -26.954350 1.747327 -26.428551
v -26.954340 1.275778 -26.428549
v -26.629158 1.747330 -26.763435
v -26.629152 1.275778 -26.763433
v -24.011683 -1.670519 -27.586700
v -24.011677 1.716133 -27.586700
v -24.781782 1.716133 -27.586700
v -24.781782 -1.670519 -27.586700
v -25.108646 1.716133 -23.306509
v -25.108646 -1.670519 -23.306513
v -25.108646 1.716133 -23.773304
v -25.108646 -1.670519 -23.773306
v -16.339855 -1.673593 -22.206308
v -16.339863 1.712386 -22.206312
v -16.339863 1.712386 -22.733049
v -16.339855 -1.673593 -22.733047
v -16.314768 -1.670519 -23.003202
v -16.314768 1.716133 -23.003197
v -16.314768 1.716133 -23.773304
v -16.314768 -1.670519 -23.773306
v -22.203571 1.583116 -21.690399
v -22.203571 1.042748 -21.690405
v -22.203569 1.583118 -22.157196
v -22.203569 1.042748 -22.157198
v -22.203569 1.583116 -22.929379
v -22.203569 1.042748 -22.929384
v -22.203569 1.583118 -23.396173
v -22.203569 1.042748 -23.396175
v -22.203569 1.583116 -24.737112
v -22.203569 1.042748 -24.737116
v -22.203569 1.583118 -25.203911
v -22.203569 1.042748 -25.203911
v -22.203571 1.583115 -25.950588
v -22.203569 1.042748 -25.950596
v -22.203571 1.583118 -26.417387
v -22.203569 1.042748 -26.417387
v -19.219000 1.583116 -21.690399
v -19.218992 1.042748 -21.690405
v -19.219000 1.583118 -22.157196
v -19.218992 1.042748 -22.157198
v -19.219000 1.583116 -22.929379
v -19.218992 1.042748 -22.929384
v -19.219000 1.583118 -23.396173
v -19.218992 1.042748 -23.396175
v -19.219000 1.583116 -24.737110
v -19.218992 1.042748 -24.737116
v -19.219000 1.583118 -25.203909
v -19.218992 1.042748 -25.203909
v -19.219000 1.583116 -25.950588
v -19.218992 1.042748 -25.950594
v -19.219000 1.583118 -26.417387
v -19.218992 1.042748 -26.417387
v -22.066465 1.735756 -26.844421
v -22.066460 1.275778 -26.844423
v -21.927784 1.735759 -27.290142
v -21.927776 1.275778 -27.290142
v -21.495773 1.735756 -26.649660
v -21.495766 1.275778 -26.649662
v -21.357096 1.735759 -27.095381
v -21.357088 1.275778 -27.095383
v -20.329117 1.735756 -26.637297
v -20.329113 1.275778 -26.637300
v -20.534622 1.735759 -27.056419
v -20.534618 1.275778 -27.056427
v -19.780659 1.735756 -26.887924
v -19.780655 1.275778 -26.887934
v -19.986164 1.735759 -27.307049
v -19.986160 1.275778 -27.307056
v -7.524787 -1.670519 -27.586699
v -7.524784 1.716133 -27.586699
v -8.294890 1.716133 -27.586699
v -8.294890 -1.670519 -27.586699
v -15.320880 1.716133 -23.306507
v -15.320880 -1.670519 -23.306511
v -15.320880 1.716133 -23.773302
v -15.320880 -1.670519 -23.773304
v -6.521312 -1.673593 -24.687628
v -6.521315 1.712386 -24.687632
v -6.521315 1.712386 -25.214369
v -6.521307 -1.673593 -25.214367
v -6.501591 -1.670519 -25.484522
v -6.501591 1.716133 -25.484516
v -6.501591 1.716133 -26.254623
v -6.501591 -1.670519 -26.254625
v -12.390396 1.583116 -21.690397
v -12.390396 1.042748 -21.690403
v -12.390396 1.583118 -22.157196
v -12.390396 1.042748 -22.157196
v -12.390396 1.583116 -22.929377
v -12.390393 1.042748 -22.929382
v -12.390396 1.583118 -23.396172
v -12.390393 1.042748 -23.396173
v -12.390396 1.583116 -24.737110
v -12.390396 1.042748 -24.737114
v -12.390396 1.583118 -25.203909
v -12.390396 1.042748 -25.203909
v -12.390396 1.583115 -25.950588
v -12.390396 1.042748 -25.950594
v -12.390396 1.583118 -26.417385
v -12.390396 1.042748 -26.417385
v -9.405824 1.583116 -21.690399
v -9.405816 1.042748 -21.690403
v -9.405824 1.583118 -22.157194
v -9.405816 1.042748 -22.157196
v -9.405824 1.583116 -22.929377
v -9.405816 1.042748 -22.929382
v -9.405824 1.583118 -23.396173
v -9.405816 1.042748 -23.396175
v -9.405824 1.583116 -24.737108
v -9.405815 1.042748 -24.737114
v -9.405824 1.583118 -25.203909
v -9.405815 1.042748 -25.203909
v -9.405824 1.583116 -25.950586
v -9.405815 1.042748 -25.950592
v -9.405823 1.583118 -26.417385
v -9.405815 1.042748 -26.417385
v -14.775007 1.735756 -26.637295
v -14.775002 1.275778 -26.637300
v -14.980512 1.735759 -27.056419
v -14.980506 1.275778 -27.056425
v -14.226547 1.735756 -26.887924
v -14.226541 1.275778 -26.887932
v -14.432055 1.735759 -27.307049
v -14.432051 1.275778 -27.307055
v 64.481010 -1.670519 -27.586700
v 64.481010 1.716133 -27.586700
v 63.710903 1.716133 -27.586700
v 63.710903 -1.670519 -27.586700
v 59.044029 1.716133 -23.306509
v 59.044029 -1.670519 -23.306515
v 59.044029 1.716133 -23.773306
v 59.044029 -1.670519 -23.773308
v 67.812820 -1.673593 -22.206310
v 67.812813 1.712386 -22.206314
v 67.812813 1.712386 -22.733051
v 67.812820 -1.673593 -22.733049
v 67.837906 -1.670519 -23.003204
v 67.837906 1.716133 -23.003199
v 67.837906 1.716133 -23.773304
v 67.837906 -1.670519 -23.773306
v 61.949104 1.583116 -21.690401
v 61.949104 1.042748 -21.690407
v 61.949104 1.583118 -22.157198
v 61.949104 1.042748 -22.157200
v 61.949104 1.583116 -22.929380
v 61.949108 1.042748 -22.929386
v 61.949104 1.583118 -23.396175
v 61.949108 1.042748 -23.396177
v 61.949108 1.583116 -24.737114
v 61.949108 1.042748 -24.737118
v 61.949108 1.583118 -25.203913
v 61.949108 1.042748 -25.203913
v 61.949104 1.583115 -25.950590
v 61.949108 1.042748 -25.950596
v 61.949104 1.583118 -26.417389
v 61.949108 1.042748 -26.417389
v 64.933678 1.583116 -21.690401
v 64.933685 1.042748 -21.690407
v 64.933678 1.583118 -22.157198
v 64.933685 1.042748 -22.157200
v 64.933678 1.583116 -22.929379
v 64.933685 1.042748 -22.929384
v 64.933678 1.583118 -23.396175
v 64.933685 1.042748 -23.396177
v 64.933678 1.583116 -24.737112
v 64.933685 1.042748 -24.737118
v 64.933678 1.583118 -25.203911
v 64.933685 1.042748 -25.203911
v 64.933678 1.583116 -25.950590
v 64.933685 1.042748 -25.950596
v 64.933678 1.583118 -26.417389
v 64.933685 1.042748 -26.417389
v 66.590775 1.747327 -26.860264
v 66.590782 1.275778 -26.860262
v 66.915970 1.747330 -27.195148
v 66.915977 1.275778 -27.195147
v 67.011780 1.747327 -26.428551
v 67.011787 1.275778 -26.428549
v 67.336967 1.747330 -26.763435
v 67.336975 1.275778 -26.763433
v 69.954445 -1.670519 -27.586700
v 69.954453 1.716133 -27.586700
v 69.184341 1.716133 -27.586700
v 69.184341 -1.670519 -27.586700
v 68.857483 1.716133 -23.306509
v 68.857483 -1.670519 -23.306513
v 68.857483 1.716133 -23.773304
v 68.857483 -1.670519 -23.773306
v 77.626274 -1.673593 -22.206308
v 77.626266 1.712386 -22.206312
v 77.626266 1.712386 -22.733049
v 77.626274 -1.673593 -22.733047
v 77.651360 -1.670519 -23.003202
v 77.651360 1.716133 -23.003197
v 77.651360 1.716133 -23.773304
v 77.651360 -1.670519 -23.773306
v 71.762558 1.583116 -21.690399
v 71.762558 1.042748 -21.690405
v 71.762558 1.583118 -22.157196
v 71.762558 1.042748 -22.157198
v 71.762558 1.583116 -22.929379
v 71.762558 1.042748 -22.929384
v 71.762558 1.583118 -23.396173
v 71.762558 1.042748 -23.396175
v 71.762558 1.583116 -24.737112
v 71.762558 1.042748 -24.737116
v 71.762558 1.583118 -25.203911
v 71.762558 1.042748 -25.203911
v 71.762558 1.583115 -25.950588
v 71.762558 1.042748 -25.950596
v 71.762558 1.583118 -26.417387
v 71.762558 1.042748 -26.417387
v 74.747131 1.583116 -21.690399
v 74.747139 1.042748 -21.690405
v 74.747131 1.583118 -22.157196
v 74.747139 1.042748 -22.157198
v 74.747131 1.583116 -22.929379
v 74.747139 1.042748 -22.929384
v 74.747131 1.583118 -23.396173
v 74.747139 1.042748 -23.396175
v 74.747131 1.583116 -24.737110
v 74.747139 1.042748 -24.737116
v 74.747131 1.583118 -25.203909
v 74.747139 1.042748 -25.203909
v 74.747131 1.583116 -25.950588
v 74.747139 1.042748 -25.950594
v 74.747131 1.583118 -26.417387
v 74.747139 1.042748 -26.417387
v 71.899666 1.735756 -26.844421
v 71.899666 1.275778 -26.844423
v 72.038345 1.735759 -27.290142
v 72.038353 1.275778 -27.290142
v 72.470352 1.735756 -26.649660
v 72.470367 1.275778 -26.649662
v 72.609032 1.735759 -27.095381
v 72.609039 1.275778 -27.095383
v 73.637009 1.735756 -26.637297
v 73.637016 1.275778 -26.637300
v 73.431503 1.735759 -27.056419
v 73.431511 1.275778 -27.056427
v 74.185471 1.735756 -26.887924
v 74.185471 1.275778 -26.887934
v 73.979965 1.735759 -27.307049
v 73.979965 1.275778 -27.307056
v 86.441345 -1.670519 -27.586699
v 86.441345 1.716133 -27.586699
v 85.671234 1.716133 -27.586699
v 85.671234 -1.670519 -27.586699
v 78.645248 1.716133 -23.306507
v 78.645248 -1.670519 -23.306511
v 78.645248 1.716133 -23.773302
v 78.645248 -1.670519 -23.773304
v 87.444817 -1.673593 -24.687628
v 87.444809 1.712386 -24.687632
v 87.444809 1.712386 -25.214369
v 87.444824 -1.673593 -25.214367
v 87.464539 -1.670519 -25.484522
v 87.464539 1.716133 -25.484516
v 87.464539 1.716133 -26.254623
v 87.464539 -1.670519 -26.254625
v 81.575729 1.583116 -21.690397
v 81.575729 1.042748 -21.690403
v 81.575729 1.583118 -22.157196
v 81.575729 1.042748 -22.157196
v 81.575729 1.583116 -22.929377
v 81.575737 1.042748 -22.929382
v 81.575729 1.583118 -23.396172
v 81.575737 1.042748 -23.396173
v 81.575729 1.583116 -24.737110
v 81.575729 1.042748 -24.737114
v 81.575729 1.583118 -25.203909
v 81.575729 1.042748 -25.203909
v 81.575729 1.583115 -25.950588
v 81.575729 1.042748 -25.950594
v 81.575729 1.583118 -26.417385
v 81.575729 1.042748 -26.417385
v 84.560303 1.583116 -21.690399
v 84.560310 1.042748 -21.690403
v 84.560303 1.583118 -22.157194
v 84.560310 1.042748 -22.157196
v 84.560303 1.583116 -22.929377
v 84.560310 1.042748 -22.929382
v 84.560303 1.583118 -23.396173
v 84.560310 1.042748 -23.396175
v 84.560303 1.583116 -24.737108
v 84.560310 1.042748 -24.737114
v 84.560303 1.583118 -25.203909
v 84.560310 1.042748 -25.203909
v 84.560303 1.583116 -25.950586
v 84.560310 1.042748 -25.950592
v 84.560303 1.583118 -26.417385
v 84.560310 1.042748 -26.417385
v 79.191124 1.735756 -26.637295
v 79.191124 1.275778 -26.637300
v 78.985619 1.735759 -27.056419
v 78.985626 1.275778 -27.056425
v 79.739578 1.735756 -26.887924
v 79.739586 1.275778 -26.887932
v 79.534073 1.735759 -27.307049
v 79.534081 1.275778 -27.307055
v 35.037636 -1.670519 -27.586700
v 35.037643 1.716133 -27.586700
v 34.267532 1.716133 -27.586700
v 34.267532 -1.670519 -27.586700
v 29.600662 1.716133 -23.306509
v 29.600662 -1.670519 -23.306515
v 29.600662 1.716133 -23.773306
v 29.600662 -1.670519 -23.773308
v 38.369453 -1.673593 -22.206310
v 38.369446 1.712386 -22.206314
v 38.369446 1.712386 -22.733051
v 38.369453 -1.673593 -22.733049
v 38.394539 -1.670519 -23.003204
v 38.394539 1.716133 -23.003199
v 38.394539 1.716133 -23.773304
v 38.394539 -1.670519 -23.773306
v 32.505737 1.583116 -21.690401
v 32.505737 1.042748 -21.690407
v 32.505737 1.583118 -22.157198
v 32.505737 1.042748 -22.157200
v 32.505737 1.583116 -22.929380
v 32.505737 1.042748 -22.929386
v 32.505737 1.583118 -23.396175
v 32.505737 1.042748 -23.396177
v 32.505737 1.583116 -24.737114
v 32.505737 1.042748 -24.737118
v 32.505737 1.583118 -25.203913
v 32.505737 1.042748 -25.203913
v 32.505737 1.583115 -25.950590
v 32.505737 1.042748 -25.950596
v 32.505737 1.583118 -26.417389
v 32.505737 1.042748 -26.417389
v 35.490307 1.583116 -21.690401
v 35.490314 1.042748 -21.690407
v 35.490307 1.583118 -22.157198
v 35.490318 1.042748 -22.157200
v 35.490307 1.583116 -22.929379
v 35.490318 1.042748 -22.929384
v 35.490307 1.583118 -23.396175
v 35.490318 1.042748 -23.396177
v 35.490307 1.583116 -24.737112
v 35.490318 1.042748 -24.737118
v 35.490307 1.583118 -25.203911
v 35.490318 1.042748 -25.203911
v 35.490307 1.583116 -25.950590
v 35.490318 1.042748 -25.950596
v 35.490307 1.583118 -26.417389
v 35.490318 1.042748 -26.417389
v 37.147404 1.747327 -26.860264
v 37.147411 1.275778 -26.860262
v 37.472595 1.747330 -27.195148
v 37.472603 1.275778 -27.195147
v 37.568409 1.747327 -26.428551
v 37.568420 1.275778 -26.428549
v 37.893600 1.747330 -26.763435
v 37.893608 1.275778 -26.763433
v 40.511078 -1.670519 -27.586700
v 40.511082 1.716133 -27.586700
v 39.740974 1.716133 -27.586700
v 39.740974 -1.670519 -27.586700
v 39.414112 1.716133 -23.306509
v 39.414112 -1.670519 -23.306513
v 39.414112 1.716133 -23.773304
v 39.414112 -1.670519 -23.773306
v 48.182903 -1.673593 -22.206308
v 48.182896 1.712386 -22.206312
v 48.182896 1.712386 -22.733049
v 48.182907 -1.673593 -22.733047
v 48.207993 -1.670519 -23.003202
v 48.207993 1.716133 -23.003197
v 48.207993 1.716133 -23.773304
v 48.207993 -1.670519 -23.773306
v 42.319187 1.583116 -21.690399
v 42.319187 1.042748 -21.690405
v 42.319191 1.583118 -22.157196
v 42.319191 1.042748 -22.157198
v 42.319191 1.583116 -22.929379
v 42.319191 1.042748 -22.929384
v 42.319191 1.583118 -23.396173
v 42.319191 1.042748 -23.396175
v 42.319191 1.583116 -24.737112
v 42.319191 1.042748 -24.737116
v 42.319191 1.583118 -25.203911
v 42.319191 1.042748 -25.203911
v 42.319187 1.583115 -25.950588
v 42.319191 1.042748 -25.950596
v 42.319187 1.583118 -26.417387
v 42.319191 1.042748 -26.417387
v 45.303757 1.583116 -21.690399
v 45.303768 1.042748 -21.690405
v 45.303757 1.583118 -22.157196
v 45.303768 1.042748 -22.157198
v 45.303757 1.583116 -22.929379
v 45.303768 1.042748 -22.929384
v 45.303757 1.583118 -23.396173
v 45.303768 1.042748 -23.396175
v 45.303757 1.583116 -24.737110
v 45.303768 1.042748 -24.737116
v 45.303757 1.583118 -25.203909
v 45.303768 1.042748 -25.203909
v 45.303757 1.583116 -25.950588
v 45.303768 1.042748 -25.950594
v 45.303757 1.583118 -26.417387
v 45.303768 1.042748 -26.417387
v 42.456295 1.735756 -26.844421
v 42.456299 1.275778 -26.844423
v 42.594975 1.735759 -27.290142
v 42.594982 1.275778 -27.290142
v 43.026985 1.735756 -26.649660
v 43.026993 1.275778 -26.649662
v 43.165665 1.735759 -27.095381
v 43.165672 1.275778 -27.095383
v 44.193642 1.735756 -26.637297
v 44.193645 1.275778 -26.637300
v 43.988136 1.735759 -27.056419
v 43.988140 1.275778 -27.056427
v 44.742100 1.735756 -26.887924
v 44.742104 1.275778 -26.887934
v 44.536594 1.735759 -27.307049
v 44.536598 1.275778 -27.307056
v 56.997971 -1.670519 -27.586699
v 56.997974 1.716133 -27.586699
v 56.227867 1.716133 -27.586699
v 56.227867 -1.670519 -27.586699
v 49.201878 1.716133 -23.306507
v 49.201878 -1.670519 -23.306511
v 49.201878 1.716133 -23.773302
v 49.201878 -1.670519 -23.773304
v 58.001446 -1.673593 -24.687628
v 58.001442 1.712386 -24.687632
v 58.001442 1.712386 -25.214369
v 58.001453 -1.673593 -25.214367
v 58.021168 -1.670519 -25.484522
v 58.021168 1.716133 -25.484516
v 58.021168 1.716133 -26.254623
v 58.021168 -1.670519 -26.254625
v 52.132362 1.583116 -21.690397
v 52.132362 1.042748 -21.690403
v 52.132362 1.583118 -22.157196
v 52.132362 1.042748 -22.157196
v 52.132362 1.583116 -22.929377
v 52.132366 1.042748 -22.929382
v 52.132362 1.583118 -23.396172
v 52.132366 1.042748 -23.396173
v 52.132362 1.583116 -24.737110
v 52.132362 1.042748 -24.737114
v 52.132362 1.583118 -25.203909
v 52.132362 1.042748 -25.203909
v 52.132362 1.583115 -25.950588
v 52.132362 1.042748 -25.950594
v 52.132362 1.583118 -26.417385
v 52.132362 1.042748 -26.417385
v 55.116936 1.583116 -21.690399
v 55.116943 1.042748 -21.690403
v 55.116936 1.583118 -22.157194
v 55.116943 1.042748 -22.157196
v 55.116936 1.583116 -22.929377
v 55.116943 1.042748 -22.929382
v 55.116936 1.583118 -23.396173
v 55.116943 1.042748 -23.396175
v 55.116936 1.583116 -24.737108
v 55.116943 1.042748 -24.737114
v 55.116936 1.583118 -25.203909
v 55.116943 1.042748 -25.203909
v 55.116936 1.583116 -25.950586
v 55.116943 1.042748 -25.950592
v 55.116936 1.583118 -26.417385
v 55.116943 1.042748 -26.417385
v 49.747749 1.735756 -26.637295
v 49.747757 1.275778 -26.637300
v 49.542248 1.735759 -27.056419
v 49.542252 1.275778 -27.056425
v 50.296211 1.735756 -26.887924
v 50.296219 1.275778 -26.887932
v 50.090706 1.735759 -27.307049
v 50.090706 1.275778 -27.307055
v 100.068123 -1.670519 -27.586700
v 100.068123 1.716133 -27.586700
v 99.298019 1.716133 -27.586700
v 99.298019 -1.670519 -27.586700
v 94.631149 1.716133 -23.306509
v 94.631149 -1.670519 -23.306515
v 94.631149 1.716133 -23.773306
v 94.631149 -1.670519 -23.773308
v 103.399933 -1.673593 -22.206310
v 103.399933 1.712386 -22.206314
v 103.399933 1.712386 -22.733051
v 103.399933 -1.673593 -22.733049
v 103.425026 -1.670519 -23.003204
v 103.425026 1.716133 -23.003199
v 103.425026 1.716133 -23.773304
v 103.425026 -1.670519 -23.773306
v 97.536224 1.583116 -21.690401
v 97.536224 1.042748 -21.690407
v 97.536224 1.583118 -22.157198
v 97.536224 1.042748 -22.157200
v 97.536224 1.583116 -22.929380
v 97.536224 1.042748 -22.929386
v 97.536224 1.583118 -23.396175
v 97.536224 1.042748 -23.396177
v 97.536224 1.583116 -24.737114
v 97.536224 1.042748 -24.737118
v 97.536224 1.583118 -25.203913
v 97.536224 1.042748 -25.203913
v 97.536224 1.583115 -25.950590
v 97.536224 1.042748 -25.950596
v 97.536224 1.583118 -26.417389
v 97.536224 1.042748 -26.417389
v 100.520790 1.583116 -21.690401
v 100.520798 1.042748 -21.690407
v 100.520790 1.583118 -22.157198
v 100.520798 1.042748 -22.157200
v 100.520790 1.583116 -22.929379
v 100.520798 1.042748 -22.929384
v 100.520790 1.583118 -23.396175
v 100.520798 1.042748 -23.396177
v 100.520790 1.583116 -24.737112
v 100.520798 1.042748 -24.737118
v 100.520790 1.583118 -25.203911
v 100.520798 1.042748 -25.203911
v 100.520790 1.583116 -25.950590
v 100.520798 1.042748 -25.950596
v 100.520790 1.583118 -26.417389
v 100.520798 1.042748 -26.417389
v 102.177887 1.747327 -26.860264
v 102.177895 1.275778 -26.860262
v 102.503082 1.747330 -27.195148
v 102.503090 1.275778 -27.195147
v 102.598892 1.747327 -26.428551
v 102.598900 1.275778 -26.428549
v 102.924088 1.747330 -26.763435
v 102.924088 1.275778 -26.763433
v 105.541565 -1.670519 -27.586700
v 105.541565 1.716133 -27.586700
v 104.771461 1.716133 -27.586700
v 104.771461 -1.670519 -27.586700
v 104.444595 1.716133 -23.306509
v 104.444595 -1.670519 -23.306513
v 104.444595 1.716133 -23.773304
v 104.444595 -1.670519 -23.773306
v 113.213387 -1.673593 -22.206308
v 113.213379 1.712386 -22.206312
v 113.213379 1.712386 -22.733049
v 113.213387 -1.673593 -22.733047
v 113.238472 -1.670519 -23.003202
v 113.238472 1.716133 -23.003197
v 113.238472 1.716133 -23.773304
v 113.238472 -1.670519 -23.773306
v 107.349670 1.583116 -21.690399
v 107.349670 1.042748 -21.690405
v 107.349670 1.583118 -22.157196
v 107.349670 1.042748 -22.157198
v 107.349670 1.583116 -22.929379
v 107.349670 1.042748 -22.929384
v 107.349670 1.583118 -23.396173
v 107.349670 1.042748 -23.396175
v 107.349670 1.583116 -24.737112
v 107.349670 1.042748 -24.737116
v 107.349670 1.583118 -25.203911
v 107.349670 1.042748 -25.203911
v 107.349670 1.583115 -25.950588
v 107.349670 1.042748 -25.950596
v 107.349670 1.583118 -26.417387
v 107.349670 1.042748 -26.417387
v 110.334244 1.583116 -21.690399
v 110.334251 1.042748 -21.690405
v 110.334244 1.583118 -22.157196
v 110.334251 1.042748 -22.157198
v 110.334244 1.583116 -22.929379
v 110.334251 1.042748 -22.929384
v 110.334244 1.583118 -23.396173
v 110.334251 1.042748 -23.396175
v 110.334244 1.583116 -24.737110
v 110.334251 1.042748 -24.737116
v 110.334244 1.583118 -25.203909
v 110.334251 1.042748 -25.203909
v 110.334244 1.583116 -25.950588
v 110.334251 1.042748 -25.950594
v 110.334244 1.583118 -26.417387
v 110.334251 1.042748 -26.417387
v 107.486778 1.735756 -26.844421
v 107.486786 1.275778 -26.844423
v 107.625458 1.735759 -27.290142
v 107.625465 1.275778 -27.290142
v 108.057465 1.735756 -26.649660
v 108.057480 1.275778 -26.649662
v 108.196144 1.735759 -27.095381
v 108.196152 1.275778 -27.095383
v 109.224129 1.735756 -26.637297
v 109.224129 1.275778 -26.637300
v 109.018616 1.735759 -27.056419
v 109.018623 1.275778 -27.056427
v 109.772583 1.735756 -26.887924
v 109.772591 1.275778 -26.887934
v 109.567078 1.735759 -27.307049
v 109.567078 1.275778 -27.307056
v 122.028458 -1.670519 -27.586699
v 122.028458 1.716133 -27.586699
v 121.258354 1.716133 -27.586699
v 121.258354 -1.670519 -27.586699
v 114.232361 1.716133 -23.306507
v 114.232361 -1.670519 -23.306511
v 114.232361 1.716133 -23.773302
v 114.232361 -1.670519 -23.773304
v 123.031929 -1.673593 -24.687628
v 123.031929 1.712386 -24.687632
v 123.031929 1.712386 -25.214369
v 123.031937 -1.673593 -25.214367
v 123.051651 -1.670519 -25.484522
v 123.051651 1.716133 -25.484516
v 123.051651 1.716133 -26.254623
v 123.051651 -1.670519 -26.254625
v 117.162849 1.583116 -21.690397
v 117.162849 1.042748 -21.690403
v 117.162849 1.583118 -22.157196
v 117.162849 1.042748 -22.157196
v 117.162849 1.583116 -22.929377
v 117.162849 1.042748 -22.929382
v 117.162849 1.583118 -23.396172
v 117.162849 1.042748 -23.396173
v 117.162849 1.583116 -24.737110
v 117.162849 1.042748 -24.737114
v 117.162849 1.583118 -25.203909
v 117.162849 1.042748 -25.203909
v 117.162849 1.583115 -25.950588
v 117.162849 1.042748 -25.950594
v 117.162849 1.583118 -26.417385
v 117.162849 1.042748 -26.417385
v 120.147415 1.583116 -21.690399
v 120.147430 1.042748 -21.690403
v 120.147415 1.583118 -22.157194
v 120.147430 1.042748 -22.157196
v 120.147415 1.583116 -22.929377
v 120.147430 1.042748 -22.929382
v 120.147415 1.583118 -23.396173
v 120.147430 1.042748 -23.396175
v 120.147423 1.583116 -24.737108
v 120.147430 1.042748 -24.737114
v 120.147423 1.583118 -25.203909
v 120.147430 1.042748 -25.203909
v 120.147423 1.583116 -25.950586
v 120.147430 1.042748 -25.950592
v 120.147423 1.583118 -26.417385
v 120.147430 1.042748 -26.417385
v 114.778236 1.735756 -26.637295
v 114.778244 1.275778 -26.637300
v 114.572731 1.735759 -27.056419
v 114.572739 1.275778 -27.056425
v 115.326698 1.735756 -26.887924
v 115.326706 1.275778 -26.887932
v 115.121185 1.735759 -27.307049
v 115.121193 1.275778 -27.307055
v 129.511505 -1.670519 -27.586700
v 129.511505 1.716133 -27.586700
v 128.741394 1.716133 -27.586700
v 128.741394 -1.670519 -27.586700
v 124.074524 1.716133 -23.306509
v 124.074524 -1.670519 -23.306515
v 124.074524 1.716133 -23.773306
v 124.074524 -1.670519 -23.773308
v 132.843323 -1.673593 -22.206310
v 132.843307 1.712386 -22.206314
v 132.843307 1.712386 -22.733051
v 132.843323 -1.673593 -22.733049
v 132.868408 -1.670519 -23.003204
v 132.868408 1.716133 -23.003199
v 132.868408 1.716133 -23.773304
v 132.868408 -1.670519 -23.773306
v 126.979599 1.583116 -21.690401
v 126.979599 1.042748 -21.690407
v 126.979599 1.583118 -22.157198
v 126.979599 1.042748 -22.157200
v 126.979599 1.583116 -22.929380
v 126.979599 1.042748 -22.929386
v 126.979599 1.583118 -23.396175
v 126.979599 1.042748 -23.396177
v 126.979599 1.583116 -24.737114
v 126.979599 1.042748 -24.737118
v 126.979599 1.583118 -25.203913
v 126.979599 1.042748 -25.203913
v 126.979599 1.583115 -25.950590
v 126.979599 1.042748 -25.950596
v 126.979599 1.583118 -26.417389
v 126.979599 1.042748 -26.417389
v 129.964172 1.583116 -21.690401
v 129.964172 1.042748 -21.690407
v 129.964172 1.583118 -22.157198
v 129.964172 1.042748 -22.157200
v 129.964172 1.583116 -22.929379
v 129.964172 1.042748 -22.929384
v 129.964172 1.583118 -23.396175
v 129.964172 1.042748 -23.396177
v 129.964172 1.583116 -24.737112
v 129.964172 1.042748 -24.737118
v 129.964172 1.583118 -25.203911
v 129.964172 1.042748 -25.203911
v 129.964172 1.583116 -25.950590
v 129.964172 1.042748 -25.950596
v 129.964172 1.583118 -26.417389
v 129.964172 1.042748 -26.417389
v 131.621277 1.747327 -26.860264
v 131.621277 1.275778 -26.860262
v 131.946457 1.747330 -27.195148
v 131.946472 1.275778 -27.195147
v 132.042267 1.747327 -26.428551
v 132.042282 1.275778 -26.428549
v 132.367462 1.747330 -26.763435
v 132.367477 1.275778 -26.763433
v 134.984940 -1.670519 -27.586700
v 134.984940 1.716133 -27.586700
v 134.214844 1.716133 -27.586700
v 134.214844 -1.670519 -27.586700
v 133.887970 1.716133 -23.306509
v 133.887970 -1.670519 -23.306513
v 133.887970 1.716133 -23.773304
v 133.887970 -1.670519 -23.773306
v 142.656769 -1.673593 -22.206308
v 142.656769 1.712386 -22.206312
v 142.656769 1.712386 -22.733049
v 142.656769 -1.673593 -22.733047
v 142.681854 -1.670519 -23.003202
v 142.681854 1.716133 -23.003197
v 142.681854 1.716133 -23.773304
v 142.681854 -1.670519 -23.773306
v 136.793060 1.583116 -21.690399
v 136.793060 1.042748 -21.690405
v 136.793060 1.583118 -22.157196
v 136.793060 1.042748 -22.157198
v 136.793060 1.583116 -22.929379
v 136.793060 1.042748 -22.929384
v 136.793060 1.583118 -23.396173
v 136.793060 1.042748 -23.396175
v 136.793060 1.583116 -24.737112
v 136.793060 1.042748 -24.737116
v 136.793060 1.583118 -25.203911
v 136.793060 1.042748 -25.203911
v 136.793060 1.583115 -25.950588
v 136.793060 1.042748 -25.950596
v 136.793060 1.583118 -26.417387
v 136.793060 1.042748 -26.417387
v 139.777618 1.583116 -21.690399
v 139.777634 1.042748 -21.690405
v 139.777618 1.583118 -22.157196
v 139.777634 1.042748 -22.157198
v 139.777618 1.583116 -22.929379
v 139.777634 1.042748 -22.929384
v 139.777618 1.583118 -23.396173
v 139.777634 1.042748 -23.396175
v 139.777618 1.583116 -24.737110
v 139.777634 1.042748 -24.737116
v 139.777618 1.583118 -25.203909
v 139.777634 1.042748 -25.203909
v 139.777618 1.583116 -25.950588
v 139.777634 1.042748 -25.950594
v 139.777618 1.583118 -26.417387
v 139.777634 1.042748 -26.417387
v 136.930161 1.735756 -26.844421
v 136.930161 1.275778 -26.844423
v 137.068832 1.735759 -27.290142
v 137.068848 1.275778 -27.290142
v 137.500854 1.735756 -26.649660
v 137.500854 1.275778 -26.649662
v 137.639526 1.735759 -27.095381
v 137.639542 1.275778 -27.095383
v 138.667511 1.735756 -26.637297
v 138.667511 1.275778 -26.637300
v 138.462006 1.735759 -27.056419
v 138.462006 1.275778 -27.056427
v 139.215958 1.735756 -26.887924
v 139.215973 1.275778 -26.887934
v 139.010452 1.735759 -27.307049
v 139.010468 1.275778 -27.307056
v 151.471832 -1.670519 -27.586699
v 151.471832 1.716133 -27.586699
v 150.701736 1.716133 -27.586699
v 150.701736 -1.670519 -27.586699
v 143.675751 1.716133 -23.306507
v 143.675751 -1.670519 -23.306511
v 143.675751 1.716133 -23.773302
v 143.675751 -1.670519 -23.773304
v 152.475311 -1.673593 -24.687628
v 152.475311 1.712386 -24.687632
v 152.475311 1.712386 -25.214369
v 152.475311 -1.673593 -25.214367
v 152.495026 -1.670519 -25.484522
v 152.495026 1.716133 -25.484516
v 152.495026 1.716133 -26.254623
v 152.495026 -1.670519 -26.254625
v 146.606232 1.583116 -21.690397
v 146.606232 1.042748 -21.690403
v 146.606232 1.583118 -22.157196
v 146.606232 1.042748 -22.157196
v 146.606232 1.583116 -22.929377
v 146.606232 1.042748 -22.929382
v 146.606232 1.583118 -23.396172
v 146.606232 1.042748 -23.396173
v 146.606232 1.583116 -24.737110
v 146.606232 1.042748 -24.737114
v 146.606232 1.583118 -25.203909
v 146.606232 1.042748 -25.203909
v 146.606232 1.583115 -25.950588
v 146.606232 1.042748 -25.950594
v 146.606232 1.583118 -26.417385
v 146.606232 1.042748 -26.417385
v 149.590805 1.583116 -21.690399
v 149.590805 1.042748 -21.690403
v 149.590805 1.583118 -22.157194
v 149.590805 1.042748 -22.157196
v 149.590805 1.583116 -22.929377
v 149.590805 1.042748 -22.929382
v 149.590805 1.583118 -23.396173
v 149.590805 1.042748 -23.396175
v 149.590805 1.583116 -24.737108
v 149.590805 1.042748 -24.737114
v 149.590805 1.583118 -25.203909
v 149.590805 1.042748 -25.203909
v 149.590805 1.583116 -25.950586
v 149.590805 1.042748 -25.950592
v 149.590805 1.583118 -26.417385
v 149.590805 1.042748 -26.417385
v 144.221619 1.735756 -26.637295
v 144.221619 1.275778 -26.637300
v 144.016113 1.735759 -27.056419
v 144.016113 1.275778 -27.056425
v 144.770081 1.735756 -26.887924
v 144.770081 1.275778 -26.887932
v 144.564575 1.735759 -27.307049
v 144.564575 1.275778 -27.307055
v -107.863220 -1.590835 -17.966116
v -107.863220 -0.637606 -17.966116
v -108.124321 -0.635703 -17.944817
v -108.124321 -1.588932 -17.944817
v -106.441727 -0.647518 13.450523
v -106.441765 -1.600746 13.450527
v -106.702835 -0.645749 13.450531
v -106.702797 -1.598978 13.450529
v -94.393181 -1.019028 13.706823
v -94.391785 -1.656525 13.706694
v -84.349846 -1.025743 13.706827
v -84.348396 -1.663238 13.706692
v -187.242676 0.963020 -12.012536
v -187.242676 0.009791 -12.012538
v -186.981567 0.001526 -12.016356
v -186.981567 0.954754 -12.016356
v -164.889709 0.003736 -13.180280
v -164.888214 -0.633796 -13.180504
v -174.931595 -0.362012 -12.631893
v -174.933014 0.275523 -12.631687
v -185.560089 -0.043011 13.450530
v -185.821198 -0.034839 13.450527
v -185.821198 0.918390 13.450527
v -185.560059 0.910218 13.450532
v -173.510101 -0.402056 13.706690
v -163.466797 -0.669882 13.706693
v -163.468201 -0.032350 13.706828
v -173.511536 0.235479 13.706830
v -225.852417 2.239374 -16.726479
v -225.852417 1.286146 -16.726479
v -225.620010 1.277781 -16.654623
v -225.620010 2.231010 -16.654623
v -205.454575 1.276220 -12.803299
v -205.453217 0.638687 -12.803291
v -214.685272 0.910410 -14.174182
v -214.686600 1.547946 -14.174302
v -283.146393 4.559732 -60.322617
v -283.146362 5.512960 -60.322601
v -283.277618 5.525911 -60.527481
v -283.277618 4.572682 -60.527481
v -276.391449 3.969850 -51.373161
v -276.392426 4.607416 -51.374130
v -270.222809 4.140829 -44.370850
v -270.221802 3.503267 -44.369972
v -299.772675 6.741949 -96.583778
v -299.772675 7.695178 -96.583778
v -299.870483 7.709663 -96.825836
v -299.870483 6.756435 -96.825851
v -295.027069 6.076584 -85.504776
v -295.027710 6.714160 -85.506058
v -291.300354 6.178885 -76.315468
v -291.299683 5.541309 -76.314247
v -334.615204 8.409014 -78.436668
v -334.615204 7.455784 -78.436668
v -334.712982 8.423517 -78.678711
v -334.712982 7.470288 -78.678711
v -330.339355 7.425965 -67.169426
v -330.338684 6.788389 -67.168129
v -326.336578 6.877282 -57.403145
v -326.335815 6.239708 -57.401733
v -307.432098 11.378994 -167.965485
v -307.432098 12.332221 -167.965485
v -307.358643 12.347984 -168.193268
v -307.358643 11.394754 -168.193268
v -309.867493 10.647637 -157.216934
v -309.867401 11.285224 -157.218231
v -311.020752 10.682276 -148.123550
v -311.020691 10.044689 -148.122192
v -332.171661 12.827953 -174.116150
v -332.171661 11.874723 -174.116150
v -332.080780 12.842250 -174.413651
v -332.080780 11.889020 -174.413651
v -335.694214 11.846844 -160.194122
v -335.694397 11.209264 -160.192398
v -337.017914 11.288119 -148.286499
v -337.017883 10.650538 -148.284775
v -288.257355 13.870928 -200.382996
v -288.257355 14.824157 -200.382996
v -288.092377 14.839725 -200.556931
v -288.092377 13.886499 -200.556931
v -295.112854 13.145995 -191.730011
v -295.112183 13.783584 -191.731186
v -300.093109 13.178503 -184.016342
v -300.093658 12.540915 -184.015106
v -234.464081 19.020361 -306.877075
v -234.464081 19.973589 -306.877075
v -234.491425 19.980581 -307.136780
v -234.491425 19.027353 -307.136780
v -232.952850 18.675812 -294.919586
v -232.953156 19.313349 -294.921082
v -231.900665 18.998024 -284.933014
v -231.900360 18.360485 -284.931610
v -273.999908 19.698629 -305.466431
v -273.999908 18.745399 -305.466431
v -273.999908 19.713091 -305.727509
v -273.999908 18.759863 -305.727509
v -274.256226 18.722761 -293.417908
v -274.256073 18.085201 -293.416412
v -274.256226 18.204782 -283.374542
v -274.256073 17.567221 -283.373077
v -242.755249 20.158165 -385.559875
v -242.755249 21.111393 -385.559875
v -242.782593 21.111525 -385.819550
v -242.782593 20.158297 -385.819550
v -241.244080 20.122559 -373.602417
v -241.244324 20.760059 -373.603821
v -240.191833 20.690575 -363.615784
v -240.191589 20.053068 -363.614380
v -274.256165 20.752436 -372.536285
v -274.256012 20.114939 -372.534851
v -274.256165 20.677801 -362.492950
v -274.256012 20.040293 -362.491516
v -200.430267 19.438356 -420.194031
v -200.430267 20.391584 -420.194031
v -200.223114 20.383499 -420.035065
v -200.223114 19.430271 -420.035065
v -210.142242 19.660641 -427.331421
v -210.141006 20.298124 -427.330658
v -215.778580 20.310667 -430.861908
v -215.779465 19.673159 -430.862152
v -245.965912 19.439888 -420.226044
v -245.965912 20.393116 -420.226044
v -245.975159 20.391203 -420.388428
v -245.975159 19.437975 -420.388428
v -167.584106 16.508009 -394.990448
v -167.584106 17.461237 -394.990448
v -167.376968 17.436708 -394.831482
v -167.376968 16.483479 -394.831482
v -177.296097 17.601583 -402.127838
v -177.294846 18.238951 -402.127075
v -185.262756 19.065079 -408.241058
v -185.263992 18.427696 -408.241852
v -129.534714 17.594326 -439.845734
v -129.534714 16.641098 -439.845734
v -129.383911 17.569937 -439.632629
v -129.383911 16.616709 -439.632629
v -136.286072 18.361679 -449.828400
v -136.287018 17.724308 -449.829498
v -142.088196 19.173231 -458.026184
v -142.089127 18.535845 -458.027283
v -66.518623 12.100621 -321.000092
v -66.518623 11.147392 -321.000092
v -66.812424 11.146589 -321.133575
v -66.812424 12.099817 -321.133575
v -89.647095 11.733058 -334.873505
v -89.648331 11.095562 -334.874268
v -80.019684 11.113485 -328.015320
v -80.018066 11.750983 -328.014435
v -104.608139 12.040786 -346.667267
v -104.608139 11.087558 -346.667267
v -104.815277 11.088461 -346.826202
v -104.815277 12.041691 -346.826202
v -122.493927 12.382405 -360.076813
v -122.495186 11.744988 -360.077606
v -114.527275 11.312773 -353.963623
v -114.526024 11.950220 -353.962830
v -83.827408 11.096494 -375.265930
v -83.676575 11.094623 -375.052826
v -83.676559 12.047852 -375.052795
v -83.827408 12.049723 -375.265930
v -90.579689 11.361488 -385.249634
v -96.381828 11.821671 -393.447418
v -96.380844 12.459083 -393.446320
v -90.578743 11.998930 -385.248535
v 65.372139 12.840184 -311.501282
v 65.372139 11.886956 -311.501282
v 65.124718 11.884874 -311.500183
v 65.124718 12.838102 -311.500183
v 58.314346 11.874547 -365.288391
v 58.611378 11.876625 -365.292297
v 58.611385 12.829853 -365.292297
v 58.314346 12.827775 -365.288391
v 44.397919 11.778196 -365.597778
v 34.284374 11.700938 -365.742645
v 34.285854 12.338444 -365.743378
v 44.399567 12.415703 -365.597870
v 140.282074 13.462748 -313.296631
v 140.282074 12.509520 -313.296631
v 139.974960 12.507628 -313.246582
v 139.974960 13.460856 -313.246582
v 144.081512 12.498207 -365.383362
v 144.319656 12.500108 -365.386780
v 144.319656 13.453336 -365.386780
v 144.081512 13.451435 -365.383362
v 133.546204 12.407115 -365.686493
v 122.862915 12.329854 -365.601349
v 122.864563 12.967360 -365.601135
v 133.547577 13.044621 -365.686676
v 183.846802 12.776957 -326.389465
v 183.846802 13.730185 -326.389465
v 184.116364 13.731650 -326.463867
v 184.116409 12.778422 -326.463898
v 264.089691 13.025157 -360.390442
v 264.089691 13.978385 -360.390442
v 264.319672 13.978416 -360.549744
v 264.319672 13.025187 -360.549744
v 253.328995 13.015831 -353.239014
v 253.330276 13.653328 -353.239929
v 243.864212 13.637473 -348.091980
v 243.862885 12.999975 -348.091156
v 297.991150 13.025573 -384.390839
v 297.991150 13.978802 -384.390839
v 298.204193 13.978801 -384.541779
v 298.204193 13.025573 -384.541779
v 288.302734 13.024160 -377.221436
v 288.303864 13.661654 -377.222382
v 280.108521 13.661656 -371.416779
v 280.107422 13.024161 -371.415833
v 362.551575 13.025569 -430.125610
v 362.551575 13.978798 -430.125610
v 362.764618 13.978797 -430.276550
v 362.764618 13.025569 -430.276550
v 352.863190 13.024158 -422.956207
v 352.864288 13.661652 -422.957184
v 344.668945 13.661653 -417.151581
v 344.667847 13.024158 -417.150604
v 345.656403 13.018188 -450.096069
v 345.656403 13.967306 -450.096069
v 345.451935 13.967306 -449.992096
v 345.451935 13.018188 -449.992096
v 276.359619 13.018192 -454.666626
v 276.359619 13.967308 -454.666626
v 276.116089 13.967308 -454.757660
v 276.116089 13.018191 -454.757660
v 287.684937 13.016785 -450.697784
v 287.683533 13.651529 -450.698181
v 296.960693 13.651530 -447.235168
v 296.961945 13.016786 -447.234863
v 359.740753 12.973101 -459.662323
v 359.739624 13.610605 -459.661377
v 367.922028 13.508818 -465.485229
v 367.923126 12.871304 -465.486206
v 414.526642 11.405369 -498.350006
v 414.526642 12.358598 -498.350006
v 414.313934 12.368302 -498.198608
v 414.313873 11.415073 -498.198547
v 424.198975 10.930874 -505.540955
v 424.197906 11.568430 -505.540039
v 432.380249 11.138818 -511.363861
v 432.381348 10.501257 -511.364838
v 448.256897 9.597436 -522.357666
v 448.256897 10.550666 -522.357666
v 448.044189 10.563536 -522.206238
v 448.044189 9.610308 -522.206238
v 458.796234 8.985430 -530.222839
v 458.794800 9.623001 -530.221924
v 469.091370 9.091558 -536.830322
v 469.092804 8.453985 -536.831299
v 464.027588 9.989711 -502.373596
v 464.027588 9.036483 -502.373596
v 463.889679 10.006524 -502.261414
v 463.889679 9.053293 -502.261414
v 471.179382 8.887164 -506.638672
v 471.180298 8.249576 -506.639282
v 477.937439 8.228381 -509.209869
v 477.938416 7.590794 -509.210266
v 572.325806 5.189757 -528.908875
v 572.325806 6.142985 -528.908875
v 572.162903 6.158439 -529.163391
v 572.162903 5.205210 -529.163391
v 514.930420 4.841766 -495.186401
v 514.930420 3.888538 -495.186401
v 514.804199 4.858172 -495.389679
v 514.804199 3.904945 -495.389679
v 579.648071 4.474812 -515.137329
v 579.647217 5.112394 -515.138794
v 584.268860 4.519571 -504.482300
v 584.269592 3.881991 -504.480774
v 519.967896 3.770813 -485.374359
v 519.968628 3.133234 -485.373230
v 523.486267 3.166208 -476.887482
v 523.486816 2.528632 -476.886322
v 592.059448 2.759389 -473.010468
v 592.059448 3.712618 -473.010468
v 592.005981 3.727612 -473.308472
v 592.005981 2.774385 -473.308472
v 593.971313 2.074219 -459.156464
v 593.971069 2.711794 -459.158173
v 594.143921 2.156567 -447.484741
v 594.143982 1.518992 -447.483002
v 539.893250 -1.239043 -375.856934
v 539.893250 -0.285815 -375.856934
v 540.057495 -0.275163 -376.112610
v 540.057495 -1.228391 -376.112610
v 488.354553 -1.700702 -356.057617
v 488.354553 -2.653930 -356.057617
v 488.470520 -1.694297 -356.348694
v 488.470520 -2.647525 -356.348694
v 528.503235 -3.270807 -284.667389
v 528.503235 -2.317577 -284.667389
v 528.429321 -2.317579 -284.917816
v 528.429321 -3.270807 -284.917816
v 532.153442 -3.272219 -273.180817
v 532.152893 -2.634724 -273.182190
v 534.995544 -2.634723 -263.549530
v 534.996094 -3.272217 -263.548187
v 504.497314 -2.317589 -276.100983
v 504.497314 -3.270818 -276.100983
v 504.423431 -2.317590 -276.351379
v 504.423431 -3.270818 -276.351379
v 507.661713 -2.634735 -264.472565
v 507.662262 -3.272230 -264.471222
v 510.504364 -2.634734 -254.839920
v 510.504913 -3.272228 -254.838562
v 530.341248 -2.317571 -201.120453
v 530.341248 -3.270800 -201.120453
v 530.246155 -3.270800 -201.363617
v 530.246155 -2.317571 -201.363617
v 521.969238 -2.634720 -221.847885
v 521.968567 -3.272214 -221.849213
v 525.625671 -3.272213 -212.495392
v 525.626343 -2.634719 -212.494080
v 547.075684 -3.270813 -208.134750
v 547.149414 -3.270813 -207.884308
v 547.149414 -2.317585 -207.884308
v 547.075684 -2.317584 -208.134750
v 544.946045 -3.272226 -220.312286
v 544.537842 -3.272226 -230.553299
v 544.538391 -2.634732 -230.551956
v 544.946594 -2.634732 -220.310944
v 525.413696 -2.317568 -149.430771
v 525.413696 -3.270797 -149.430771
v 525.688416 -3.270796 -149.522018
v 525.688416 -2.317567 -149.522018
v 476.012909 -2.317586 -129.058548
v 476.012909 -3.270815 -129.058548
v 476.145813 -3.270815 -129.283295
v 476.145813 -2.317586 -129.283295
v 355.357605 -3.270798 -17.965199
v 355.357605 -2.317569 -17.965199
v 355.096558 -2.317570 -17.965176
v 355.096558 -3.270798 -17.965176
v 367.407654 -3.272209 -18.215565
v 367.406189 -2.634714 -18.215416
v 377.449493 -2.634715 -18.215866
v 377.450989 -3.272209 -18.215984
v 356.780304 -2.317575 13.445247
v 356.780304 -3.270804 13.445247
v 356.519196 -2.317576 13.445243
v 356.519196 -3.270804 13.445243
v 368.828857 -2.634722 13.700994
v 368.830322 -3.272217 13.700896
v 378.872192 -2.634721 13.700574
v 378.873657 -3.272215 13.700398
v 415.767578 -2.317595 -28.030306
v 415.767578 -3.270823 -28.030306
v 415.963837 -3.270823 -28.161024
v 415.963837 -2.317595 -28.161024
v 461.789429 -3.270801 13.403618
v 461.444977 -3.270801 13.390488
v 461.444977 -2.317573 13.390488
v 461.789429 -2.317573 13.403618
v 486.420105 -3.272213 13.569469
v 507.770752 -3.272212 13.601984
v 507.768829 -2.634718 13.602108
v 486.418152 -2.634719 13.569588
v 313.956421 -3.270814 -12.001808
v 313.956421 -2.317585 -12.001808
v 313.695312 -2.317585 -12.001836
v 313.695312 -3.270814 -12.001836
v 326.006409 -3.272227 -12.252155
v 326.004913 -2.634733 -12.252028
v 336.048309 -2.634731 -12.252489
v 336.049713 -3.272225 -12.252621
v 290.922760 -3.267065 13.450389
v 290.922729 -2.313836 13.450389
v 291.183838 -2.314296 13.450389
v 291.183868 -3.267525 13.450391
v 278.872742 -3.203705 13.706550
v 278.874207 -2.566223 13.706684
v 268.830872 -2.456159 13.706685
v 268.829407 -3.093634 13.706550
v 292.344238 -2.315981 -12.016496
v 292.344238 -3.269209 -12.016496
v 292.605347 -2.316205 -12.012675
v 292.605347 -3.269434 -12.012675
v 280.295685 -2.578122 -12.631819
v 280.294220 -3.215605 -12.632026
v 270.252380 -2.474469 -13.180408
v 270.250885 -3.111945 -13.180637
v 211.804398 -2.053004 13.450386
v 211.804398 -1.099775 13.450386
v 212.065475 -1.104331 13.450384
v 212.065491 -2.057559 13.450386
v 199.754395 -1.864888 13.706545
v 199.755829 -1.227413 13.706678
v 189.712494 -1.109505 13.706678
v 189.711060 -1.746986 13.706547
v 213.225876 -1.124790 -17.966255
v 213.225876 -2.078019 -17.966255
v 213.486969 -1.129431 -17.944962
v 213.486969 -2.082659 -17.944958
v 55.479637 -0.708596 13.450382
v 55.479637 -1.661825 13.450382
v 55.218536 -0.708597 13.450384
v 55.218536 -1.661825 13.450384
v 67.528175 -1.025744 13.706678
v 67.529648 -1.663238 13.706543
v 77.571510 -1.025743 13.706678
v 77.572983 -1.663237 13.706543
v 55.479664 -0.302415 -8.733140
v 55.479664 -1.255644 -8.733140
v 55.218559 -0.302416 -8.733138
v 55.218559 -1.255644 -8.733138
v 97.876213 -1.266659 -10.796201
v 102.897881 -1.266659 -10.796201
v 102.897881 -1.667719 -10.796201
v 97.876213 -1.667720 -10.796201
v 107.919525 -1.266658 -10.796201
v 107.919525 -1.667719 -10.796201
v 112.941193 -1.266658 -10.796201
v 112.941193 -1.667718 -10.796201
v 117.962860 -1.266657 -10.796201
v 117.962860 -1.667718 -10.796201
v 14.078218 -0.302423 -8.733140
v 14.078218 -1.255652 -8.733142
v 13.817138 -0.302424 -8.733138
v 13.817138 -1.255652 -8.733140
v -22.643593 -1.266667 -10.796202
v -17.621925 -1.266667 -10.796202
v -17.621925 -1.667727 -10.796202
v -22.643593 -1.667727 -10.796202
v -12.600284 -1.266666 -10.796202
v -12.600284 -1.667726 -10.796202
v -7.578616 -1.266666 -10.796202
v -7.578616 -1.667726 -10.796202
v 2.464719 -1.266665 -10.796202
v 7.486362 -1.266664 -10.796202
v 7.486362 -1.667725 -10.796202
v 2.464719 -1.667725 -10.796202
v 12.508029 -1.266664 -10.796202
v 12.508029 -1.667724 -10.796202
v -2.556949 -1.266665 -10.796202
v -2.556949 -1.667725 -10.796202
v -65.040131 -0.302423 -8.733139
v -65.040131 -1.255652 -8.733139
v -65.301239 -0.302424 -8.733138
v -65.301239 -1.255652 -8.733138
v 134.598007 -0.708597 13.450382
v 134.598007 -1.661825 13.450382
v 134.336929 -0.708597 13.450384
v 134.336929 -1.661825 13.450384
v 146.646561 -1.025744 13.706678
v 146.648010 -1.663238 13.706543
v 156.689896 -1.025743 13.706678
v 156.691345 -1.663238 13.706543
v 134.598022 -0.302415 -8.733140
v 134.598022 -1.255644 -8.733142
v 134.336945 -0.302416 -8.733138
v 134.336945 -1.255644 -8.733140
v 122.984528 -1.266657 -10.796202
v 128.006165 -1.266656 -10.796202
v 128.006165 -1.667717 -10.796202
v 122.984528 -1.667717 -10.796202
v 133.027832 -1.266656 -10.796202
v 133.027832 -1.667716 -10.796202
v 435.741425 -2.317584 -60.956215
v 435.741425 -3.270812 -60.956215
v 435.874329 -3.270812 -61.180962
v 435.874329 -2.317583 -61.180962
v 446.904236 -2.634729 -80.323959
v 446.904877 -3.272223 -80.325279
v 441.792816 -3.272223 -71.680344
v 441.792175 -2.634729 -71.679016
v 169.362885 16.559072 -503.502838
v 169.362885 15.609956 -503.502838
v 169.249084 16.571751 -503.764709
v 169.249084 15.622634 -503.764709
v 175.117065 15.660953 -491.638977
v 175.117996 15.026139 -491.637665
v 181.150848 15.190855 -482.436920
v 181.151901 14.556045 -482.435669
v 230.040634 13.999374 -444.950745
v 230.040634 13.050258 -444.950745
v 229.775162 14.000813 -445.055817
v 229.775162 13.051697 -445.055817
v 241.346329 13.651530 -440.432709
v 241.347717 13.016786 -440.432312
v 250.713043 13.651530 -436.930634
v 250.714447 13.016786 -436.930237
v 192.357544 14.378526 -503.912354
v 192.356735 15.013317 -503.913330
v 197.374939 14.710765 -497.000671
v 197.375854 14.075979 -496.999786
v 237.209305 13.058480 -468.552155
v 237.209305 14.007597 -468.552155
v 236.994995 14.009205 -468.631470
v 236.994995 13.060089 -468.631470
v 248.556290 13.017047 -464.921356
v 248.554825 13.651792 -464.921692
v 258.217743 13.651539 -461.541870
v 258.219208 13.016795 -461.541504
v 52.136169 16.942850 -839.261475
v 52.136169 17.891968 -839.261475
v 52.338989 17.892393 -839.307251
v 52.339050 16.943277 -839.307251
v 42.816071 16.840401 -836.906189
v 42.817200 17.475168 -836.906555
v 35.012146 17.274082 -835.147766
v 35.011017 16.639301 -835.147400
v -8.978455 13.788877 -825.129761
v -8.978455 14.737993 -825.129761
v -8.749542 14.756681 -825.182983
v -8.749573 13.807566 -825.182983
v -19.238312 12.878958 -821.669678
v -19.237152 13.513817 -821.670166
v -27.419800 12.692723 -817.872314
v -27.420959 12.057857 -817.871582
v -301.949097 -1.638967 -780.785095
v -301.949097 -0.689852 -780.785095
v -301.901459 -0.722353 -781.003479
v -301.901459 -1.671469 -781.003479
v -303.047211 -0.102197 -770.556152
v -303.047272 0.532359 -770.557373
v -303.087799 1.862713 -761.009705
v -303.087646 1.228165 -761.008179
v -303.362274 9.071117 -703.362000
v -303.362274 10.020235 -703.362000
v -303.360901 9.984990 -703.625305
v -303.360931 9.035875 -703.625366
v -303.159729 10.670726 -691.216125
v -303.159851 11.305277 -691.217590
v -303.150269 12.593149 -681.103638
v -303.150146 11.958579 -681.102234
v -320.513245 1.180820 -768.462463
v -320.513184 0.546245 -768.460571
v -320.518250 2.382111 -757.764648
v -320.518097 1.747544 -757.763184
v -320.263062 10.211691 -700.984192
v -320.263062 9.262575 -700.984192
v -320.263062 10.176571 -701.244141
v -320.263062 9.227454 -701.244141
v -320.518250 11.490419 -688.987549
v -320.518127 10.855864 -688.986084
v -320.518250 12.771304 -678.987549
v -320.518127 12.136741 -678.986084
v -225.440125 -9.484614 -797.245056
v -225.440125 -8.535499 -797.245056
v -225.323990 -8.532104 -797.013367
v -225.323990 -9.481219 -797.013367
v -232.094162 -9.564354 -808.964966
v -232.093567 -8.929607 -808.964111
v -237.624329 -8.840505 -815.581116
v -237.625183 -9.475228 -815.581787
v -285.421509 -6.188732 -811.283325
v -285.421509 -5.239616 -811.283325
v -285.267029 -5.263645 -811.439209
v -285.267029 -6.212761 -811.439209
v -291.714203 -5.009791 -803.382629
v -291.713593 -4.375202 -803.383728
v -296.084747 -3.293445 -796.208496
v -296.085175 -3.928027 -796.207397
v -303.258789 15.194197 -661.944946
v -303.258789 14.245079 -661.944946
v -303.256104 14.274707 -661.682556
v -303.256104 15.223822 -661.682556
v -302.711975 17.211634 -639.501953
v -302.711823 16.577028 -639.500488
v -302.877136 15.582253 -649.578979
v -302.877258 16.216845 -649.580444
v -301.278992 20.967104 -582.698486
v -301.278992 20.017986 -582.698486
v -301.268555 20.023438 -582.437805
v -301.268555 20.972551 -582.437805
v -300.089081 20.786716 -560.405640
v -300.088898 20.151972 -560.404175
v -300.551758 20.151861 -570.415222
v -300.551941 20.786602 -570.416687
v 473.694824 30.986988 -747.624817
v 473.694824 30.037872 -747.624817
v 473.459198 30.984753 -747.514893
v 473.459198 30.035637 -747.514893
v 484.675262 30.777784 -752.463501
v 484.676544 30.143055 -752.464233
v 493.738373 30.871391 -756.689636
v 493.739532 30.236664 -756.690430
v 528.985229 31.774809 -829.860352
v 528.985229 30.825693 -829.860352
v 529.332581 31.771910 -829.534302
v 529.332581 30.822796 -829.534302
v 513.355469 31.593931 -844.294495
v 513.354309 30.959204 -844.295349
v 505.973541 31.707745 -850.893188
v 505.972382 31.073017 -850.893982
v 453.749725 30.019281 -781.880981
v 453.749725 30.968397 -781.880981
v 453.514526 30.966181 -781.760742
v 453.514526 30.017063 -781.760742
v 464.541199 30.123690 -787.668396
v 464.539917 30.758421 -787.667603
v 473.120728 30.851439 -791.848267
v 473.122009 30.216715 -791.848999
v 503.116272 30.915020 -808.588379
v 503.116272 31.864134 -808.588379
v 503.108856 31.861191 -808.602783
v 503.108856 30.912077 -808.602783
v 472.087769 31.278917 -835.433044
v 472.087769 32.228031 -835.433044
v 472.300690 32.225033 -835.283936
v 472.300690 31.275921 -835.283936
v 462.116882 31.353207 -842.111084
v 462.118195 31.987736 -842.110352
v 453.926636 31.950344 -847.846130
v 453.925385 31.315983 -847.846863
v 407.557312 30.549442 -880.617737
v 407.557312 31.497110 -880.617737
v 407.770355 31.498901 -880.468567
v 407.770355 30.551229 -880.468567
v 397.586487 30.525578 -887.295776
v 397.587769 31.159224 -887.295044
v 389.396240 31.235878 -893.030762
v 389.394958 30.602203 -893.031494
v 174.807419 24.771749 -906.013794
v 174.807419 25.720867 -906.013794
v 175.019058 25.749092 -906.164795
v 175.019058 24.799974 -906.164795
v 165.184052 23.475937 -898.843994
v 165.185165 24.110838 -898.844971
v 157.044022 23.058521 -893.037964
v 157.042877 22.423624 -893.036987
v 98.312057 17.770077 -857.872009
v 98.312057 18.719193 -857.872009
v 98.613480 18.732571 -858.013367
v 98.613480 17.783453 -858.013367
v 84.296036 17.260050 -851.387695
v 84.297745 17.894842 -851.388550
v 72.420364 17.647581 -846.593872
v 72.418625 17.012812 -846.593018
v 279.440186 34.997650 -1028.353394
v 279.440186 34.046501 -1028.353394
v 279.766724 35.004456 -1028.402588
v 279.766724 34.053303 -1028.402588
v 264.296539 34.283455 -1025.447021
v 264.294678 33.647545 -1025.446411
v 251.617645 33.785606 -1021.401001
v 251.615814 33.150005 -1021.400146
v 185.590012 29.896088 -977.866333
v 185.589996 28.946970 -977.866333
v 185.831894 29.921183 -978.091675
v 185.831894 28.972067 -978.091675
v 174.278381 28.379719 -967.676392
v 174.277100 27.744827 -967.675049
v 164.973236 27.329601 -959.010071
v 164.971954 26.694702 -959.008667
v 269.695496 33.320019 -958.069519
v 269.695496 34.269131 -958.069519
v 269.939209 34.270367 -958.047363
v 269.939209 33.321251 -958.047363
v 258.644714 33.197041 -958.114075
v 258.646027 33.831806 -958.114258
v 249.787842 33.559227 -957.270081
v 249.786575 32.924435 -957.269775
v 206.510941 29.083090 -935.033203
v 206.510941 30.032206 -935.033203
v 206.716125 30.057066 -935.209473
v 206.716125 29.107950 -935.209473
v 197.297943 27.890345 -926.568848
v 197.298996 28.525236 -926.569946
v 189.684357 27.480249 -919.364075
v 189.683395 26.845356 -919.362976
v 373.798401 31.000237 -904.262634
v 373.798401 31.948282 -904.262634
v 374.009735 31.941027 -904.113403
v 374.009735 30.992990 -904.113403
v 363.856873 31.373049 -910.967529
v 363.858124 32.007107 -910.966797
v 355.617706 32.352150 -916.749878
v 355.616425 31.717966 -916.750610
v 307.058868 33.269787 -947.998657
v 307.058868 34.218903 -947.998657
v 307.279510 34.217102 -947.895752
v 307.279510 33.267986 -947.895752
v 296.536438 33.334244 -951.994568
v 296.537781 33.968987 -951.994263
v 287.567566 33.993195 -954.704346
v 287.566223 33.358456 -954.704529
v 416.560638 30.660429 -762.900208
v 416.560638 29.711315 -762.900208
v 416.791595 29.712929 -763.017822
v 416.791595 30.662043 -763.017822
v 436.337372 30.497837 -773.237366
v 436.338531 29.863104 -773.238159
v 427.389404 29.790592 -768.666077
v 427.388184 30.425327 -768.665283
v -300.046570 20.153410 -492.047058
v -300.046570 21.102528 -492.047058
v -300.083832 21.102528 -492.281616
v -300.083832 20.153410 -492.281616
v -297.001740 20.152004 -481.554565
v -297.002319 20.786749 -481.555756
v -293.101166 20.786749 -473.338684
v -293.100372 20.152004 -473.337585
v -300.743164 20.153419 -532.399597
v -300.743164 21.102535 -532.399597
v -300.743164 21.102535 -532.659607
v -300.743164 20.153419 -532.659607
v -300.494446 20.152012 -520.401611
v -300.494568 20.786757 -520.403015
v -300.494568 20.786758 -510.403015
v -300.494446 20.152016 -510.401550
v -320.263062 21.102524 -530.984192
v -320.263062 20.153408 -530.984192
v -320.263062 21.102524 -531.244202
v -320.263062 20.153408 -531.244202
v -320.518250 20.786745 -518.987610
v -320.518127 20.152000 -518.986206
v -320.518250 20.786747 -508.987610
v -320.518127 20.152002 -508.986176
v 180.204163 16.466436 -548.934387
v 180.204163 17.415552 -548.934387
v 180.204163 17.427399 -549.194397
v 180.204163 16.478283 -549.194397
v 311.421051 26.673502 -665.990234
v 311.421051 27.622620 -665.990234
v 311.679535 27.633808 -666.151611
v 311.679535 26.684692 -666.151611
v 298.032043 26.139688 -658.368408
v 298.033447 26.774500 -658.369568
v 286.889099 26.308685 -652.839417
v 286.887543 25.673870 -652.838501
v 234.993668 22.756380 -628.897034
v 234.993668 23.705496 -628.897034
v 235.229279 23.719576 -629.006897
v 235.229279 22.770456 -629.006897
v 224.224854 22.101709 -623.601013
v 224.226120 22.736536 -623.601807
v 215.163025 22.188513 -619.375610
v 215.161758 21.553690 -619.374878
v 269.153137 26.709688 -693.705200
v 269.152100 26.074877 -693.704346
v 261.277344 26.241226 -689.851074
v 261.276031 25.606409 -689.850342
v 209.953690 23.628742 -665.557190
v 209.953690 22.679626 -665.557190
v 210.189270 23.642838 -665.667053
v 210.189270 22.693722 -665.667053
v 198.973206 22.659063 -660.718445
v 198.972015 22.024242 -660.717773
v 189.910110 22.110779 -656.492249
v 189.908905 21.475956 -656.491577
v 415.547913 29.607359 -720.512512
v 415.547913 30.556475 -720.512512
v 415.783478 30.556635 -720.622375
v 415.783508 29.607519 -720.622375
v 404.779114 29.563641 -715.216492
v 404.780334 30.198391 -715.217224
v 395.717285 30.112835 -710.991028
v 395.715973 29.478073 -710.990295
v 346.182678 28.233145 -687.881836
v 346.182678 29.182261 -687.881897
v 346.360779 29.190565 -688.004944
v 346.360779 28.241449 -688.004944
v -322.319427 0.122152 -783.662659
v -322.319427 -0.826967 -783.662659
v -322.253693 0.093321 -783.988281
v -322.253693 -0.855795 -783.988281
v 534.100159 -3.736985 -156.789383
v 535.293030 -3.736985 -156.155792
v 535.293030 9.124447 -156.155792
v 534.100159 9.124447 -156.789383
v 534.929993 -3.736987 -157.106339
v 534.463196 -3.736987 -155.838852
v 534.463196 9.124447 -155.838852
v 534.929993 9.124447 -157.106339
vn -0.8474 -0.0000 0.5310
vn -0.8473 -0.0000 0.5311
vn 0.5310 -0.0000 0.8473
vn 0.5311 -0.0000 0.8473
vn 0.8473 -0.0000 -0.5311
vn 0.5310 -0.0000 0.8474
vn -0.5311 -0.0000 -0.8473
vn -0.5310 -0.0000 -0.8473
vn -0.0027 -0.0000 1.0000
vn -0.0028 -0.0000 1.0000
vn 1.0000 -0.0000 0.0027
vn 0.0028 -0.0000 -1.0000
vn 0.0027 -0.0000 -1.0000
vn 0.1640 -0.0000 -0.9865
vn 0.9583 -0.0000 -0.2858
vn -0.2833 -0.0000 -0.9590
vn -0.2832 -0.0000 -0.9591
vn -0.2832 -0.0000 -0.9590
vn -0.1640 -0.0000 0.9865
vn -0.1639 -0.0000 0.9865
vn -0.8911 -0.0000 -0.4538
vn -0.8911 -0.0000 -0.4539
vn 0.0166 -0.0000 -0.9999
vn 0.0167 -0.0000 -0.9999
vn 0.0165 -0.0000 -0.9999
vn -0.9998 -0.0000 -0.0192
vn 0.8911 -0.0000 0.4538
vn 0.8911 -0.0000 0.4539
vn 0.8737 -0.0000 -0.4866
vn 0.8737 -0.0000 -0.4865
vn 0.8736 -0.0000 -0.4866
vn 0.7444 -0.0000 0.6678
vn 0.7445 -0.0000 0.6676
vn 0.6655 -0.0000 -0.7464
vn 0.6654 -0.0000 -0.7465
vn 0.6653 -0.0000 -0.7465
vn 0.6653 -0.0000 -0.7466
vn -0.8736 -0.0000 0.4866
vn -0.0000 -0.0000 1.0000
vn -0.0000 1.0000 -0.0000
vn -0.1539 0.9790 -0.1341
vn -0.1480 0.9806 -0.1289
vn -0.2902 0.9230 -0.2528
vn 1.0000 -0.0000 -0.0000
vn -1.0000 -0.0000 -0.0000
vn 0.7174 -0.0000 0.6966
vn 0.7174 -0.0000 0.6967
vn 0.9548 -0.0000 0.2971
vn 0.9549 -0.0000 0.2971
vn 0.8979 -0.0000 -0.4402
vn 0.8979 -0.0000 -0.4403
vn 1.0000 0.0001 -0.0000
vn 0.8979 0.0001 -0.4402
vn 0.8979 0.0001 -0.4403
vn 1.0000 -0.0001 -0.0000
vn 0.0813 -0.0000 0.9967
vn -0.0000 -0.0000 -1.0000
vn -0.0000 -0.0002 1.0000
vn 0.0146 -0.0000 0.9999
vn -0.0545 0.0002 -0.9985
vn -0.2954 -0.0000 0.9554
vn 0.1469 0.0003 -0.9892
vn 0.1469 0.0001 -0.9892
vn -0.8421 -0.0000 0.5394
vn -0.8420 0.0001 0.5394
vn 0.7504 0.0001 -0.6610
vn 0.7504 0.0002 -0.6610
vn -0.9272 -0.0001 0.3746
vn -0.9272 -0.0000 0.3747
vn -0.9272 -0.0000 0.3746
vn 0.9267 0.0002 -0.3758
vn 0.9272 -0.0000 -0.3746
vn -0.9253 -0.0001 0.3792
vn -0.9253 -0.0004 0.3792
vn -0.9517 -0.0000 -0.3069
vn 0.9921 0.0002 0.1258
vn 0.9921 0.0003 0.1258
vn 0.9564 -0.0000 0.2921
vn 0.9564 -0.0000 0.2922
vn -0.9939 -0.0001 -0.1105
vn -0.9939 -0.0003 -0.1105
vn -0.7255 -0.0000 -0.6882
vn 0.8401 0.0002 0.5424
vn 0.8401 0.0003 0.5424
vn -0.9945 -0.0000 0.1047
vn 0.9945 0.0002 -0.1048
vn -1.0000 -0.0002 -0.0000
vn -1.0000 -0.0003 -0.0000
vn 0.6088 -0.0000 -0.7933
vn 0.6087 -0.0000 -0.7934
vn 0.6089 -0.0000 -0.7933
vn -0.5308 0.0001 0.8475
vn -0.5308 -0.0000 0.8475
vn -0.5308 0.0004 0.8475
vn -0.9984 -0.0000 0.0569
vn -0.9984 -0.0000 0.0568
vn 0.6089 -0.0000 -0.7932
vn 0.6088 -0.0000 -0.7934
vn -0.6087 0.0002 0.7934
vn -0.8162 -0.0000 0.5778
vn -0.8163 -0.0000 0.5776
vn -0.8162 -0.0000 0.5777
vn -0.8164 -0.0000 0.5775
vn 0.8162 -0.0002 -0.5777
vn 0.4137 -0.0000 -0.9104
vn -0.5802 0.0002 0.8145
vn -0.5802 0.0001 0.8145
vn -0.5802 0.0003 0.8145
vn -0.6088 0.0002 0.7934
vn -0.8163 -0.0000 0.5777
vn 0.8162 -0.0003 -0.5777
vn -0.0044 -0.0000 -1.0000
vn -0.0043 -0.0000 -1.0000
vn 0.0131 -0.0000 0.9999
vn 0.0144 -0.0002 -0.9999
vn 0.0143 -0.0012 -0.9999
vn 0.0143 -0.0011 -0.9999
vn -0.1609 -0.0000 -0.9870
vn 0.0145 -0.0000 0.9999
vn 0.0143 -0.0000 0.9999
vn 0.0142 -0.0000 0.9999
vn -0.0080 -0.0002 -1.0000
vn -0.0080 0.0004 -1.0000
vn -0.0080 0.0003 -1.0000
vn -0.0080 -0.0003 -1.0000
vn -0.2660 -0.0000 -0.9640
vn -0.2661 -0.0000 -0.9639
vn -0.5695 -0.0000 -0.8220
vn -0.5693 -0.0000 -0.8221
vn 0.4778 0.0003 0.8785
vn 0.4777 0.0002 0.8785
vn -0.5782 -0.0000 -0.8159
vn -0.5781 -0.0000 -0.8160
vn 0.5781 0.0002 0.8160
vn -0.5781 -0.0000 -0.8159
vn 0.5780 0.0003 0.8160
vn 0.5781 0.0003 0.8160
vn 0.4531 -0.0000 0.8914
vn 0.4533 -0.0000 0.8914
vn 0.4531 -0.0000 0.8915
vn -0.3502 -0.0000 0.9367
vn 0.3497 0.0002 -0.9369
vn -0.5799 0.0002 -0.8147
vn -0.5799 0.0003 -0.8147
vn 0.5798 -0.0000 0.8147
vn 0.5800 -0.0000 0.8146
vn -0.5401 -0.0000 -0.8416
vn -0.5401 0.0001 -0.8416
vn -0.6312 -0.0000 -0.7756
vn -0.6311 -0.0000 -0.7757
vn -0.6310 -0.0000 -0.7758
vn 0.3556 -0.0004 0.9347
vn 0.3556 -0.0000 0.9346
vn -0.8422 -0.0000 0.5391
vn -0.8423 -0.0000 0.5390
vn 0.8495 -0.0000 -0.5276
vn 0.8496 -0.0000 -0.5275
vn 0.9174 0.0004 -0.3979
vn 0.9174 0.0001 -0.3979
vn -0.9238 -0.0003 0.3829
vn -0.9238 -0.0002 0.3829
vn -0.9843 -0.0000 0.1766
vn 0.9999 0.0004 -0.0148
vn 0.9999 -0.0001 -0.0148
vn -0.8413 -0.0000 -0.5405
vn 0.9290 -0.0000 0.3701
vn -0.9591 -0.0000 0.2831
vn 0.9591 0.0003 -0.2830
vn 0.9591 -0.0000 -0.2829
vn 0.9591 -0.0000 -0.2830
vn -0.9591 -0.0003 0.2830
vn -0.9591 -0.0002 0.2830
vn 0.9313 -0.0000 -0.3642
vn -0.9313 0.0003 0.3641
vn -0.9313 -0.0000 0.3641
vn -0.9593 -0.0000 0.2824
vn 0.9992 -0.0009 -0.0398
vn 0.9992 -0.0007 -0.0398
vn 0.9992 -0.0010 -0.0398
vn 0.3152 -0.0000 0.9490
vn 0.3151 -0.0000 0.9490
vn 0.8607 -0.0000 0.5090
vn 0.8608 -0.0000 0.5090
vn 0.0001 -0.0000 1.0000
vn -0.0000 0.0002 -1.0000
vn -0.0000 -0.0003 1.0000
vn 0.5543 -0.0000 0.8323
vn 0.0381 -0.0000 -0.9993
vn -0.0015 -0.0002 1.0000
vn -0.0001 -0.0000 1.0000
vn -0.0146 -0.0000 0.9999
vn 0.0545 0.0002 -0.9985
vn -0.0813 -0.0000 0.9967
vn -0.8608 0.0002 -0.5090
vn 0.9172 -0.0000 -0.3985
vn 0.9171 -0.0000 -0.3986
vn 0.9171 -0.0000 -0.3987
vn -0.8363 -0.0001 0.5483
vn -0.8363 -0.0003 0.5483
vn 0.3680 -0.0000 -0.9298
vn -0.3502 -0.0002 0.9367
vn 0.8092 0.0001 -0.5875
vn 0.8092 0.0003 -0.5875
vn 0.8092 0.0004 -0.5875
vn -0.3473 -0.0000 0.9377
vn -0.3470 -0.0000 0.9379
vn -0.3471 -0.0000 0.9378
vn -0.3474 -0.0000 0.9377
vn 0.3302 0.0003 -0.9439
vn 0.3302 0.0002 -0.9439
vn -0.2202 -0.0000 -0.9755
vn -0.2203 -0.0000 -0.9754
vn -0.2201 -0.0000 -0.9755
vn 0.2198 0.0002 0.9755
vn -0.2263 -0.0000 -0.9740
vn -0.2263 -0.0000 -0.9741
vn -0.2264 -0.0000 -0.9740
vn 0.4210 -0.0001 0.9071
vn 0.4210 0.0003 0.9071
vn -0.9770 -0.0000 -0.2132
vn -0.9770 -0.0000 -0.2131
vn 1.0000 0.0002 0.0042
vn -1.0000 0.0001 -0.0051
vn -1.0000 -0.0000 -0.0052
vn 1.0000 0.0002 -0.0010
vn -1.0000 -0.0001 -0.0005
vn -1.0000 -0.0003 -0.0004
vn 0.8940 -0.0000 -0.4481
vn -0.7673 -0.0001 0.6413
vn -0.7672 0.0003 0.6414
vn -0.7672 0.0004 0.6414
vn -0.7103 -0.0000 -0.7039
vn -0.7100 -0.0000 -0.7042
vn -0.7101 -0.0000 -0.7041
vn -0.7104 -0.0000 -0.7038
vn 0.8540 -0.0000 0.5202
vn 0.8540 0.0003 0.5202
vn 0.8540 0.0004 0.5202
vn -0.9999 -0.0000 0.0102
vn 0.9999 0.0002 -0.0164
vn -0.9992 -0.0000 0.0400
vn 0.9989 0.0004 -0.0462
vn 0.9989 0.0001 -0.0462
vn -0.4229 -0.0000 -0.9062
vn 0.4226 -0.0002 0.9063
vn 0.4226 -0.0004 0.9063
vn -0.6844 -0.0000 0.7291
vn 0.6664 -0.0001 -0.7456
vn 0.6664 -0.0004 -0.7456
vn 0.4553 -0.0000 0.8903
vn 0.4554 -0.0000 0.8903
vn -0.4380 0.0002 -0.8990
vn -0.8900 -0.0000 0.4560
vn -0.8882 -0.0000 0.4594
vn 0.5738 -0.0000 -0.8190
vn 0.5735 -0.0000 -0.8192
vn 0.5736 -0.0000 -0.8192
vn -0.5736 0.0002 0.8191
vn -0.5736 0.0002 0.8192
vn 0.5737 -0.0000 -0.8191
vn 0.5736 -0.0000 -0.8191
vn 0.5734 -0.0000 -0.8193
vn -0.5807 -0.0000 -0.8141
vn -0.5809 -0.0000 -0.8140
vn 0.5807 0.0002 0.8141
vn 0.5807 0.0003 0.8141
vn -0.4247 -0.0000 -0.9053
vn -0.4245 -0.0000 -0.9054
vn 0.3743 0.0002 0.9273
vn 0.1485 -0.0000 0.9889
vn 0.1494 -0.0000 0.9888
vn 0.1487 -0.0000 0.9889
vn 0.1496 -0.0000 0.9887
vn -0.3040 -0.0000 -0.9527
vn -0.3040 -0.0004 -0.9527
vn 0.6816 -0.0000 0.7317
vn -0.6815 -0.0002 -0.7318
vn 0.0905 -0.0000 -0.9959
vn 0.0908 -0.0000 -0.9959
vn 0.0907 -0.0000 -0.9959
vn 0.0949 0.0001 0.9955
vn 0.0949 0.0003 0.9955
vn -0.6517 -0.0000 -0.7585
vn -0.6516 -0.0000 -0.7586
vn 0.6873 0.0001 0.7263
vn 0.6873 0.0002 0.7263
vn 0.5769 -0.0000 -0.8168
vn 0.5770 -0.0000 -0.8167
vn -0.5744 0.0002 0.8185
vn 0.4228 -0.0000 -0.9062
vn 0.4224 -0.0000 -0.9064
vn 0.4225 -0.0000 -0.9064
vn -0.2892 0.0002 0.9573
vn -0.2892 0.0001 0.9573
vn -0.2892 0.0003 0.9573
vn 0.4540 -0.0000 0.8910
vn 0.4535 -0.0000 0.8913
vn 0.4536 -0.0000 0.8912
vn 0.4541 -0.0000 0.8909
vn -0.4550 0.0003 -0.8905
vn -0.4550 0.0002 -0.8905
vn -0.9876 -0.0000 0.1569
vn 0.9034 0.0001 -0.4289
vn 0.9033 0.0003 -0.4289
vn 1.0000 0.0002 -0.0000
vn -0.5296 -0.0000 -0.8482
vn 0.4445 0.0006 0.8958
vn 0.4445 0.0002 0.8958
vn -0.4226 -0.0000 -0.9063
vn -0.4228 -0.0000 -0.9062
vn -0.4227 -0.0000 -0.9063
vn -0.4225 -0.0000 -0.9063
vn 0.4226 0.0003 0.9063
vn 0.4226 0.0002 0.9063
vn -0.4395 -0.0005 -0.8982
vn -0.4395 -0.0001 -0.8982
vn 0.4226 -0.0000 0.9063
vn 0.4229 -0.0000 0.9062
vn 0.4230 -0.0000 0.9061
vn -0.4226 -0.0002 -0.9063
vn -0.4226 -0.0001 -0.9063
vn -0.4224 -0.0000 -0.9064
vn -0.4225 -0.0000 -0.9064
vn -0.4227 -0.0000 -0.9062
vn -0.5686 -0.0000 -0.8226
vn -0.5684 -0.0000 -0.8227
vn -0.5687 -0.0000 -0.8226
vn 0.9802 -0.0000 0.1980
vn 0.9802 -0.0000 0.1978
vn -0.4691 -0.0000 0.8831
vn -0.4691 -0.0000 0.8832
vn -0.9384 -0.0000 -0.3456
vt 0.321896 1.990952
vt 0.024883 1.990952
vt 0.321896 0.932116
vt 0.024883 0.932116
vt 0.336806 1.999501
vt 0.999500 1.999501
vt 0.336806 1.000499
vt 0.999500 1.000499
vt -0.066843 1.009811
vt 0.316745 1.000499
vt 0.316745 2.225879
vt -0.066842 2.235191
vt 0.031363 1.000500
vt 0.604519 1.000500
vt 0.000185 1.999500
vt 0.604519 1.999500
vt 0.307272 1.007950
vt 0.696471 1.000499
vt 0.696471 2.001403
vt 0.307273 2.008853
vt 0.060357 1.000999
vt 0.060359 2.000000
vt 0.298039 2.000000
vt 0.298037 1.000999
vt 0.047416 1.999499
vt 0.002998 1.999500
vt 0.002998 1.000503
vt 5.997003 1.000500
vt 5.997003 1.999497
vt 5.952585 1.999497
vt 0.386955 2.006388
vt 0.386955 3.005389
vt 0.656955 3.005389
vt 0.656955 2.006388
vt 0.699520 1.476190
vt 0.699521 1.760864
vt 0.901440 1.760864
vt 0.901339 1.476516
vt 1.316231 2.029384
vt 1.069399 2.029384
vt 1.314109 0.175884
vt 1.069405 0.175883
vt -0.326832 -0.735846
vt -0.326832 -0.308731
vt 0.058410 -0.308669
vt 0.058410 -0.735783
vt -0.326833 0.118381
vt 0.058409 0.118444
vt -0.326833 0.545495
vt 0.058409 0.545558
vt -0.326834 0.972610
vt 0.058408 0.972672
vt -0.326834 1.399724
vt 0.058408 1.399787
vt -0.326835 1.826836
vt 0.058407 1.826898
vt -0.326835 2.253951
vt 0.058407 2.254014
vt 0.019372 1.000949
vt 0.596829 1.000949
vt 0.596829 2.899051
vt 0.019372 2.899051
s 1
usemtl PIPES.031
f 1/1/1 2/2/1 3/3/2
f 4/4/2 3/3/2 2/2/1
f 5/1/2 6/2/2 7/3/2
f 8/4/2 7/3/2 6/2/2
f 9/1/3 10/2/3 11/3/4
f 12/4/4 11/3/4 10/2/3
f 13/5/5 14/6/5 15/7/5
f 16/8/5 15/7/5 14/6/5
f 17/5/5 18/6/5 19/7/5
f 20/8/5 19/7/5 18/6/5
f 21/1/4 22/2/4 23/3/6
f 24/4/6 23/3/6 22/2/4
f 25/1/6 26/2/3 27/3/4
f 28/4/4 27/3/4 26/2/3
f 29/1/5 30/2/5 31/3/5
f 32/4/5 31/3/5 30/2/5
f 33/5/7 34/6/7 35/7/7
f 36/8/8 35/7/7 34/6/7
f 37/1/9 38/2/9 39/3/10
f 40/4/10 39/3/10 38/2/9
f 41/1/10 42/2/10 43/3/10
f 44/4/10 43/3/10 42/2/10
f 45/1/11 46/2/11 47/3/11
f 48/4/11 47/3/11 46/2/11
f 49/5/12 50/6/12 51/7/13
f 52/8/13 51/7/13 50/6/12
f 53/9/14 54/10/14 55/11/14
f 55/11/14 56/12/14 53/9/14
f 57/13/15 58/14/15 59/15/15
f 58/14/15 60/16/15 59/15/15
f 61/13/15 62/14/15 63/15/15
f 62/14/15 64/16/15 63/15/15
f 65/13/15 66/14/15 67/15/15
f 66/14/15 68/16/15 67/15/15
f 69/13/15 70/14/15 71/15/15
f 70/14/15 72/16/15 71/15/15
f 73/13/15 74/14/15 75/15/15
f 74/14/15 76/16/15 75/15/15
f 77/13/16 78/14/16 79/15/17
f 78/14/16 80/16/17 79/15/17
f 81/13/18 82/14/16 83/15/16
f 82/14/16 84/16/16 83/15/16
f 85/17/19 86/18/19 87/19/20
f 87/19/20 88/20/20 85/17/19
f 89/9/21 90/10/21 91/11/22
f 91/11/22 92/12/22 89/9/21
f 93/13/23 94/14/23 95/15/23
f 94/14/23 96/16/23 95/15/23
f 97/13/23 98/14/23 99/15/24
f 98/14/23 100/16/24 99/15/24
f 101/13/25 102/14/25 103/15/24
f 102/14/25 104/16/24 103/15/24
f 105/13/23 106/14/23 107/15/23
f 106/14/23 108/16/23 107/15/23
f 109/13/23 110/14/23 111/15/25
f 110/14/23 112/16/25 111/15/25
f 113/13/26 114/14/26 115/15/26
f 114/14/26 116/16/26 115/15/26
f 117/13/26 118/14/26 119/15/26
f 118/14/26 120/16/26 119/15/26
f 121/17/27 122/18/27 123/19/28
f 123/19/28 124/20/28 121/17/27
f 125/9/29 126/10/30 127/11/31
f 127/11/31 128/12/31 125/9/29
f 129/13/32 130/14/32 131/15/32
f 130/14/32 132/16/32 131/15/32
f 133/13/32 134/14/32 135/15/33
f 134/14/32 136/16/33 135/15/33
f 137/13/32 138/14/32 139/15/32
f 138/14/32 140/16/32 139/15/32
f 141/13/32 142/14/32 143/15/32
f 142/14/32 144/16/32 143/15/32
f 145/13/32 146/14/32 147/15/32
f 146/14/32 148/16/32 147/15/32
f 149/13/34 150/14/34 151/15/35
f 150/14/34 152/16/35 151/15/35
f 153/13/35 154/14/36 155/15/37
f 154/14/36 156/16/37 155/15/37
f 157/17/38 158/18/38 159/19/38
f 159/19/38 160/20/38 157/17/38
f 161/21/39 162/22/39 163/23/39
f 163/23/39 164/24/39 161/21/39
f 165/21/39 166/22/39 167/23/39
f 167/23/39 168/24/39 165/21/39
f 169/21/39 170/22/39 171/23/39
f 171/23/39 172/24/39 169/21/39
f 173/21/39 174/22/39 175/23/39
f 175/23/39 176/24/39 173/21/39
f 177/21/39 178/22/39 179/23/39
f 179/23/39 180/24/39 177/21/39
f 181/21/39 182/22/39 183/23/39
f 183/23/39 184/24/39 181/21/39
f 185/25/40 186/26/40 187/27/40
f 188/28/40 189/29/40 190/30/40
f 191/25/40 192/26/40 193/27/40
f 194/28/40 195/29/40 196/30/40
f 197/25/40 198/26/40 199/27/40
f 200/28/40 201/29/40 202/30/40
f 203/25/40 204/26/40 205/27/40
f 206/28/40 207/29/40 208/30/40
f 209/25/40 210/26/40 211/27/40
f 212/28/40 213/29/40 214/30/40
f 215/25/40 216/26/40 217/27/40
f 218/28/40 219/29/40 220/30/40
f 221/25/40 222/26/40 223/27/40
f 224/28/40 225/29/40 226/30/40
f 227/25/40 228/26/40 229/27/40
f 230/28/40 231/29/40 232/30/40
f 233/25/40 234/26/40 235/27/40
f 236/28/40 237/29/40 238/30/40
f 239/25/40 240/26/40 241/27/40
f 242/28/40 243/29/40 244/30/40
f 245/25/40 246/26/40 247/27/40
f 248/28/40 249/29/40 250/30/40
f 251/25/40 252/26/40 253/27/40
f 254/28/40 255/29/40 256/30/40
f 257/25/40 258/26/40 259/27/40
f 260/28/40 261/29/40 262/30/40
f 263/25/40 264/26/40 265/27/40
f 266/28/40 267/29/40 268/30/40
f 269/25/40 270/26/40 271/27/40
f 272/28/40 273/29/40 274/30/40
f 275/25/40 276/26/40 287/27/40
f 280/28/40 279/29/40 277/30/40
f 278/25/40 279/26/40 280/27/40
f 281/28/40 282/29/40 283/30/40
f 284/25/40 285/26/40 286/27/40
f 287/28/40 276/29/40 288/30/40
f 289/25/40 290/26/40 291/27/40
f 292/28/40 293/29/40 294/30/40
f 295/25/40 296/26/40 297/27/40
f 298/28/40 299/29/40 300/30/40
f 301/25/40 302/26/40 303/27/40
f 304/28/40 305/29/40 306/30/40
f 307/25/40 308/26/40 309/27/40
f 310/28/41 311/29/42 312/30/43
f 313/25/40 311/26/42 310/27/41
f 314/28/40 315/29/40 316/30/40
f 317/25/40 318/26/40 319/27/40
f 309/28/40 308/29/40 320/30/40
f 321/25/40 322/26/40 323/27/40
f 324/28/40 325/29/40 326/30/40
f 327/25/40 325/26/40 324/27/40
f 328/28/40 329/29/40 330/30/40
f 331/25/40 332/26/40 333/27/40
f 323/28/40 322/29/40 334/30/40
f 335/25/40 336/26/40 337/27/40
f 338/28/40 339/29/40 340/30/40
f 341/25/40 342/26/40 343/27/40
f 344/28/40 345/29/40 346/30/40
f 347/25/40 348/26/40 349/27/40
f 350/28/40 351/29/40 352/30/40
f 353/31/39 354/32/39 355/33/39
f 355/33/39 356/34/39 353/31/39
f 357/32/44 358/31/44 359/33/44
f 360/34/44 359/33/44 358/31/44
f 361/21/45 362/22/45 363/23/45
f 363/23/45 364/24/45 361/21/45
f 365/31/45 366/32/45 367/33/45
f 367/33/45 368/34/45 365/31/45
f 369/32/44 370/31/44 371/33/44
f 372/34/44 371/33/44 370/31/44
f 373/32/44 374/31/44 375/33/44
f 376/34/44 375/33/44 374/31/44
f 377/32/44 378/31/44 379/33/44
f 380/34/44 379/33/44 378/31/44
f 381/32/44 382/31/44 383/33/44
f 384/34/44 383/33/44 382/31/44
f 385/32/44 386/31/44 387/33/44
f 388/34/44 387/33/44 386/31/44
f 389/32/44 390/31/44 391/33/44
f 392/34/44 391/33/44 390/31/44
f 393/32/44 394/31/44 395/33/44
f 396/34/44 395/33/44 394/31/44
f 397/32/44 398/31/44 399/33/44
f 400/34/44 399/33/44 398/31/44
f 401/32/46 402/31/46 403/33/46
f 404/34/47 403/33/46 402/31/46
f 405/32/46 406/31/46 407/33/46
f 408/34/46 407/33/46 406/31/46
f 409/31/39 410/32/39 411/33/39
f 411/33/39 412/34/39 409/31/39
f 413/32/44 414/31/44 415/33/44
f 416/34/44 415/33/44 414/31/44
f 417/21/45 418/22/45 419/23/45
f 419/23/45 420/24/45 417/21/45
f 421/31/45 422/32/45 423/33/45
f 423/33/45 424/34/45 421/31/45
f 425/32/44 426/31/44 427/33/44
f 428/34/44 427/33/44 426/31/44
f 429/32/44 430/31/44 431/33/44
f 432/34/44 431/33/44 430/31/44
f 433/32/44 434/31/44 435/33/44
f 436/34/44 435/33/44 434/31/44
f 437/32/44 438/31/44 439/33/44
f 440/34/44 439/33/44 438/31/44
f 441/32/44 442/31/44 443/33/44
f 444/34/44 443/33/44 442/31/44
f 445/32/44 446/31/44 447/33/44
f 448/34/44 447/33/44 446/31/44
f 449/32/44 450/31/44 451/33/44
f 452/34/44 451/33/44 450/31/44
f 453/32/44 454/31/44 455/33/44
f 456/34/44 455/33/44 454/31/44
f 457/32/48 458/31/48 459/33/48
f 460/34/48 459/33/48 458/31/48
f 461/32/49 462/31/49 463/33/49
f 464/34/49 463/33/49 462/31/49
f 465/32/50 466/31/50 467/33/50
f 468/34/50 467/33/50 466/31/50
f 469/32/50 470/31/51 471/33/51
f 472/34/51 471/33/51 470/31/51
f 473/31/39 474/32/39 475/33/39
f 475/33/39 476/34/39 473/31/39
f 477/32/44 478/31/44 479/33/44
f 480/34/44 479/33/44 478/31/44
f 481/21/45 482/22/45 483/23/45
f 483/23/45 484/24/45 481/21/45
f 485/31/45 486/32/45 487/33/45
f 487/33/45 488/34/45 485/31/45
f 489/32/44 490/31/44 491/33/44
f 492/34/44 491/33/44 490/31/44
f 493/32/44 494/31/44 495/33/44
f 496/34/44 495/33/44 494/31/44
f 497/32/44 498/31/44 499/33/44
f 500/34/44 499/33/44 498/31/44
f 501/32/44 502/31/44 503/33/44
f 504/34/44 503/33/44 502/31/44
f 505/32/44 506/31/44 507/33/44
f 508/34/44 507/33/44 506/31/44
f 509/32/44 510/31/44 511/33/44
f 512/34/44 511/33/44 510/31/44
f 513/32/44 514/31/44 515/33/44
f 516/34/44 515/33/44 514/31/44
f 517/32/44 518/31/44 519/33/44
f 520/34/44 519/33/44 518/31/44
f 521/32/50 522/31/50 523/33/50
f 524/34/50 523/33/50 522/31/50
f 525/32/50 526/31/51 527/33/51
f 528/34/51 527/33/51 526/31/51
f 529/31/39 530/32/39 531/33/39
f 531/33/39 532/34/39 529/31/39
f 533/32/44 534/31/44 535/33/44
f 536/34/44 535/33/44 534/31/44
f 537/21/45 538/22/45 539/23/45
f 539/23/45 540/24/45 537/21/45
f 541/31/45 542/32/45 543/33/45
f 543/33/45 544/34/45 541/31/45
f 545/32/44 546/31/44 547/33/44
f 548/34/44 547/33/44 546/31/44
f 549/32/44 550/31/44 551/33/44
f 552/34/44 551/33/44 550/31/44
f 553/32/44 554/31/44 555/33/44
f 556/34/44 555/33/44 554/31/44
f 557/32/44 558/31/44 559/33/44
f 560/34/44 559/33/44 558/31/44
f 561/32/44 562/31/44 563/33/44
f 564/34/44 563/33/44 562/31/44
f 565/32/44 566/31/44 567/33/44
f 568/34/44 567/33/44 566/31/44
f 569/32/44 570/31/44 571/33/44
f 572/34/44 571/33/44 570/31/44
f 573/32/44 574/31/44 575/33/44
f 576/34/44 575/33/44 574/31/44
f 577/32/46 578/31/47 579/33/47
f 580/34/47 579/33/47 578/31/47
f 581/32/46 582/31/46 583/33/46
f 584/34/46 583/33/46 582/31/46
f 585/31/39 586/32/39 587/33/39
f 587/33/39 588/34/39 585/31/39
f 589/32/44 590/31/44 591/33/44
f 592/34/44 591/33/44 590/31/44
f 593/21/45 594/22/45 595/23/45
f 595/23/45 596/24/45 593/21/45
f 597/31/45 598/32/45 599/33/45
f 599/33/45 600/34/45 597/31/45
f 601/32/44 602/31/44 603/33/44
f 604/34/44 603/33/44 602/31/44
f 605/32/44 606/31/44 607/33/44
f 608/34/44 607/33/44 606/31/44
f 609/32/44 610/31/44 611/33/44
f 612/34/44 611/33/44 610/31/44
f 613/32/44 614/31/44 615/33/44
f 616/34/44 615/33/44 614/31/44
f 617/32/44 618/31/44 619/33/44
f 620/34/44 619/33/44 618/31/44
f 621/32/44 622/31/44 623/33/44
f 624/34/44 623/33/44 622/31/44
f 625/32/44 626/31/44 627/33/44
f 628/34/44 627/33/44 626/31/44
f 629/32/44 630/31/44 631/33/44
f 632/34/44 631/33/44 630/31/44
f 633/32/48 634/31/48 635/33/48
f 636/34/48 635/33/48 634/31/48
f 637/32/49 638/31/49 639/33/49
f 640/34/49 639/33/49 638/31/49
f 641/32/50 642/31/50 643/33/50
f 644/34/50 643/33/50 642/31/50
f 645/32/50 646/31/50 647/33/50
f 648/34/50 647/33/50 646/31/50
f 649/31/39 650/32/39 651/33/39
f 651/33/39 652/34/39 649/31/39
f 653/32/44 654/31/44 655/33/44
f 656/34/44 655/33/44 654/31/44
f 657/21/45 658/22/45 659/23/45
f 659/23/45 660/24/45 657/21/45
f 661/31/45 662/32/45 663/33/45
f 663/33/45 664/34/45 661/31/45
f 665/32/44 666/31/44 667/33/44
f 668/34/44 667/33/44 666/31/44
f 669/32/44 670/31/44 671/33/44
f 672/34/44 671/33/44 670/31/44
f 673/32/44 674/31/44 675/33/44
f 676/34/44 675/33/44 674/31/44
f 677/32/44 678/31/44 679/33/44
f 680/34/44 679/33/44 678/31/44
f 681/32/44 682/31/44 683/33/44
f 684/34/44 683/33/44 682/31/44
f 685/32/44 686/31/44 687/33/44
f 688/34/44 687/33/44 686/31/44
f 689/32/44 690/31/44 691/33/44
f 692/34/44 691/33/44 690/31/44
f 693/32/44 694/31/44 695/33/44
f 696/34/44 695/33/44 694/31/44
f 697/32/50 698/31/50 699/33/50
f 700/34/50 699/33/50 698/31/50
f 701/32/51 702/31/51 703/33/51
f 704/34/51 703/33/51 702/31/51
f 705/31/39 706/32/39 707/33/39
f 707/33/39 708/34/39 705/31/39
f 709/32/44 710/31/44 711/33/44
f 712/34/44 711/33/44 710/31/44
f 713/21/45 714/22/45 715/23/45
f 715/23/45 716/24/45 713/21/45
f 717/31/45 718/32/45 719/33/45
f 719/33/45 720/34/45 717/31/45
f 721/32/44 722/31/44 723/33/44
f 724/34/44 723/33/44 722/31/44
f 725/32/44 726/31/44 727/33/44
f 728/34/44 727/33/44 726/31/44
f 729/32/44 730/31/44 731/33/44
f 732/34/44 731/33/44 730/31/44
f 733/32/44 734/31/44 735/33/44
f 736/34/44 735/33/44 734/31/44
f 737/32/44 738/31/44 739/33/44
f 740/34/44 739/33/44 738/31/44
f 741/32/44 742/31/44 743/33/44
f 744/34/44 743/33/44 742/31/44
f 745/32/44 746/31/44 747/33/44
f 748/34/44 747/33/44 746/31/44
f 749/32/44 750/31/44 751/33/44
f 752/34/44 751/33/44 750/31/44
f 753/32/47 754/31/47 755/33/47
f 756/34/47 755/33/47 754/31/47
f 757/32/46 758/31/46 759/33/46
f 760/34/46 759/33/46 758/31/46
f 761/31/39 762/32/39 763/33/39
f 763/33/39 764/34/39 761/31/39
f 765/32/44 766/31/44 767/33/44
f 768/34/44 767/33/44 766/31/44
f 769/21/45 770/22/45 771/23/45
f 771/23/45 772/24/45 769/21/45
f 773/31/45 774/32/45 775/33/45
f 775/33/45 776/34/45 773/31/45
f 777/32/44 778/31/44 779/33/44
f 780/34/44 779/33/44 778/31/44
f 781/32/44 782/31/44 783/33/44
f 784/34/44 783/33/44 782/31/44
f 785/32/44 786/31/44 787/33/44
f 788/34/44 787/33/44 786/31/44
f 789/32/44 790/31/44 791/33/44
f 792/34/44 791/33/44 790/31/44
f 793/32/44 794/31/44 795/33/44
f 796/34/44 795/33/44 794/31/44
f 797/32/44 798/31/44 799/33/44
f 800/34/52 799/33/44 798/31/44
f 801/32/44 802/31/44 803/33/44
f 804/34/44 803/33/44 802/31/44
f 805/32/44 806/31/44 807/33/44
f 808/34/44 807/33/44 806/31/44
f 809/32/49 810/31/48 811/33/48
f 812/34/48 811/33/48 810/31/48
f 813/32/48 814/31/49 815/33/49
f 816/34/49 815/33/49 814/31/49
f 817/32/50 818/31/50 819/33/50
f 820/34/50 819/33/50 818/31/50
f 821/32/50 822/31/50 823/33/50
f 824/34/50 823/33/50 822/31/50
f 825/31/39 826/32/39 827/33/39
f 827/33/39 828/34/39 825/31/39
f 829/32/44 830/31/44 831/33/44
f 832/34/44 831/33/44 830/31/44
f 833/21/45 834/22/45 835/23/45
f 835/23/45 836/24/45 833/21/45
f 837/31/45 838/32/45 839/33/45
f 839/33/45 840/34/45 837/31/45
f 841/32/44 842/31/44 843/33/44
f 844/34/44 843/33/44 842/31/44
f 845/32/44 846/31/44 847/33/44
f 848/34/44 847/33/44 846/31/44
f 849/32/44 850/31/44 851/33/44
f 852/34/44 851/33/44 850/31/44
f 853/32/44 854/31/44 855/33/44
f 856/34/44 855/33/44 854/31/44
f 857/32/44 858/31/44 859/33/44
f 860/34/44 859/33/44 858/31/44
f 861/32/44 862/31/44 863/33/44
f 864/34/44 863/33/44 862/31/44
f 865/32/44 866/31/44 867/33/44
f 868/34/44 867/33/44 866/31/44
f 869/32/44 870/31/44 871/33/44
f 872/34/44 871/33/44 870/31/44
f 873/32/50 874/31/50 875/33/50
f 876/34/50 875/33/50 874/31/50
f 877/32/50 878/31/50 879/33/50
f 880/34/53 879/33/50 878/31/50
f 881/31/39 882/32/39 883/33/39
f 883/33/39 884/34/39 881/31/39
f 885/32/44 886/31/44 887/33/44
f 888/34/44 887/33/44 886/31/44
f 889/21/45 890/22/45 891/23/45
f 891/23/45 892/24/45 889/21/45
f 893/31/45 894/32/45 895/33/45
f 895/33/45 896/34/45 893/31/45
f 897/32/44 898/31/44 899/33/44
f 900/34/44 899/33/44 898/31/44
f 901/32/44 902/31/44 903/33/44
f 904/34/44 903/33/44 902/31/44
f 905/32/44 906/31/44 907/33/44
f 908/34/44 907/33/44 906/31/44
f 909/32/44 910/31/44 911/33/44
f 912/34/44 911/33/44 910/31/44
f 913/32/44 914/31/44 915/33/44
f 916/34/44 915/33/44 914/31/44
f 917/32/44 918/31/44 919/33/44
f 920/34/44 919/33/44 918/31/44
f 921/32/44 922/31/44 923/33/44
f 924/34/44 923/33/44 922/31/44
f 925/32/44 926/31/44 927/33/44
f 928/34/44 927/33/44 926/31/44
f 929/32/46 930/31/46 931/33/46
f 932/34/46 931/33/46 930/31/46
f 933/32/46 934/31/46 935/33/46
f 936/34/46 935/33/46 934/31/46
f 937/31/39 938/32/39 939/33/39
f 939/33/39 940/34/39 937/31/39
f 941/32/44 942/31/44 943/33/44
f 944/34/44 943/33/44 942/31/44
f 945/21/45 946/22/45 947/23/45
f 947/23/45 948/24/45 945/21/45
f 949/31/45 950/32/45 951/33/45
f 951/33/45 952/34/45 949/31/45
f 953/32/44 954/31/44 955/33/44
f 956/34/44 955/33/44 954/31/44
f 957/32/44 958/31/44 959/33/44
f 960/34/44 959/33/44 958/31/44
f 961/32/44 962/31/44 963/33/44
f 964/34/44 963/33/44 962/31/44
f 965/32/44 966/31/44 967/33/44
f 968/34/44 967/33/44 966/31/44
f 969/32/44 970/31/44 971/33/44
f 972/34/44 971/33/44 970/31/44
f 973/32/44 974/31/44 975/33/44
f 976/34/44 975/33/44 974/31/44
f 977/32/44 978/31/44 979/33/44
f 980/34/44 979/33/44 978/31/44
f 981/32/44 982/31/44 983/33/44
f 984/34/44 983/33/44 982/31/44
f 985/32/49 986/31/48 987/33/48
f 988/34/48 987/33/48 986/31/48
f 989/32/48 990/31/49 991/33/49
f 992/34/49 991/33/49 990/31/49
f 993/32/50 994/31/50 995/33/50
f 996/34/50 995/33/50 994/31/50
f 997/32/50 998/31/50 999/33/50
f 1000/34/50 999/33/50 998/31/50
f 1001/31/39 1002/32/39 1003/33/39
f 1003/33/39 1004/34/39 1001/31/39
f 1005/32/44 1006/31/44 1007/33/44
f 1008/34/44 1007/33/44 1006/31/44
f 1009/21/45 1010/22/45 1011/23/45
f 1011/23/45 1012/24/45 1009/21/45
f 1013/31/45 1014/32/45 1015/33/45
f 1015/33/45 1016/34/45 1013/31/45
f 1017/32/44 1018/31/44 1019/33/44
f 1020/34/44 1019/33/44 1018/31/44
f 1021/32/44 1022/31/44 1023/33/44
f 1024/34/44 1023/33/44 1022/31/44
f 1025/32/44 1026/31/44 1027/33/44
f 1028/34/44 1027/33/44 1026/31/44
f 1029/32/44 1030/31/44 1031/33/44
f 1032/34/44 1031/33/44 1030/31/44
f 1033/32/44 1034/31/44 1035/33/44
f 1036/34/44 1035/33/44 1034/31/44
f 1037/32/44 1038/31/44 1039/33/44
f 1040/34/44 1039/33/44 1038/31/44
f 1041/32/44 1042/31/44 1043/33/44
f 1044/34/44 1043/33/44 1042/31/44
f 1045/32/44 1046/31/44 1047/33/44
f 1048/34/44 1047/33/44 1046/31/44
f 1049/32/50 1050/31/50 1051/33/50
f 1052/34/50 1051/33/50 1050/31/50
f 1053/32/50 1054/31/51 1055/33/51
f 1056/34/51 1055/33/51 1054/31/51
f 1057/31/39 1058/32/39 1059/33/39
f 1059/33/39 1060/34/39 1057/31/39
f 1061/32/44 1062/31/44 1063/33/44
f 1064/34/44 1063/33/44 1062/31/44
f 1065/21/45 1066/22/45 1067/23/45
f 1067/23/45 1068/24/45 1065/21/45
f 1069/31/45 1070/32/45 1071/33/45
f 1071/33/45 1072/34/45 1069/31/45
f 1073/32/44 1074/31/44 1075/33/44
f 1076/34/44 1075/33/44 1074/31/44
f 1077/32/44 1078/31/44 1079/33/44
f 1080/34/44 1079/33/44 1078/31/44
f 1081/32/44 1082/31/44 1083/33/44
f 1084/34/44 1083/33/44 1082/31/44
f 1085/32/44 1086/31/44 1087/33/44
f 1088/34/44 1087/33/44 1086/31/44
f 1089/32/44 1090/31/44 1091/33/44
f 1092/34/44 1091/33/44 1090/31/44
f 1093/32/44 1094/31/44 1095/33/44
f 1096/34/44 1095/33/44 1094/31/44
f 1097/32/44 1098/31/44 1099/33/44
f 1100/34/44 1099/33/44 1098/31/44
f 1101/32/44 1102/31/44 1103/33/44
f 1104/34/44 1103/33/44 1102/31/44
f 1105/32/47 1106/31/47 1107/33/47
f 1108/34/47 1107/33/47 1106/31/47
f 1109/32/47 1110/31/46 1111/33/46
f 1112/34/46 1111/33/46 1110/31/46
f 1113/31/39 1114/32/39 1115/33/39
f 1115/33/39 1116/34/39 1113/31/39
f 1117/32/44 1118/31/44 1119/33/44
f 1120/34/44 1119/33/44 1118/31/44
f 1121/21/45 1122/22/45 1123/23/45
f 1123/23/45 1124/24/45 1121/21/45
f 1125/31/45 1126/32/45 1127/33/45
f 1127/33/45 1128/34/45 1125/31/45
f 1129/32/44 1130/31/44 1131/33/44
f 1132/34/44 1131/33/44 1130/31/44
f 1133/32/44 1134/31/44 1135/33/44
f 1136/34/44 1135/33/44 1134/31/44
f 1137/32/44 1138/31/44 1139/33/44
f 1140/34/44 1139/33/44 1138/31/44
f 1141/32/44 1142/31/44 1143/33/44
f 1144/34/44 1143/33/44 1142/31/44
f 1145/32/44 1146/31/44 1147/33/44
f 1148/34/44 1147/33/44 1146/31/44
f 1149/32/44 1150/31/44 1151/33/44
f 1152/34/44 1151/33/44 1150/31/44
f 1153/32/44 1154/31/44 1155/33/44
f 1156/34/44 1155/33/44 1154/31/44
f 1157/32/44 1158/31/44 1159/33/44
f 1160/34/44 1159/33/44 1158/31/44
f 1161/32/49 1162/31/48 1163/33/48
f 1164/34/48 1163/33/48 1162/31/48
f 1165/32/48 1166/31/49 1167/33/49
f 1168/34/49 1167/33/49 1166/31/49
f 1169/32/51 1170/31/51 1171/33/51
f 1172/34/50 1171/33/51 1170/31/51
f 1173/32/50 1174/31/51 1175/33/51
f 1176/34/51 1175/33/51 1174/31/51
f 1177/31/39 1178/32/39 1179/33/39
f 1179/33/39 1180/34/39 1177/31/39
f 1181/32/44 1182/31/44 1183/33/44
f 1184/34/44 1183/33/44 1182/31/44
f 1185/21/45 1186/22/45 1187/23/45
f 1187/23/45 1188/24/45 1185/21/45
f 1189/31/45 1190/32/45 1191/33/45
f 1191/33/45 1192/34/45 1189/31/45
f 1193/32/44 1194/31/44 1195/33/44
f 1196/34/44 1195/33/44 1194/31/44
f 1197/32/44 1198/31/44 1199/33/44
f 1200/34/44 1199/33/44 1198/31/44
f 1201/32/44 1202/31/44 1203/33/44
f 1204/34/44 1203/33/44 1202/31/44
f 1205/32/44 1206/31/44 1207/33/44
f 1208/34/44 1207/33/44 1206/31/44
f 1209/32/44 1210/31/44 1211/33/44
f 1212/34/44 1211/33/44 1210/31/44
f 1213/32/44 1214/31/44 1215/33/44
f 1216/34/44 1215/33/44 1214/31/44
f 1217/32/44 1218/31/44 1219/33/44
f 1220/34/44 1219/33/44 1218/31/44
f 1221/32/44 1222/31/44 1223/33/44
f 1224/34/44 1223/33/44 1222/31/44
f 1225/32/50 1226/31/50 1227/33/50
f 1228/34/50 1227/33/50 1226/31/50
f 1229/32/54 1230/31/51 1231/33/51
f 1232/34/51 1231/33/51 1230/31/51
f 1233/31/39 1234/32/39 1235/33/39
f 1235/33/39 1236/34/39 1233/31/39
f 1237/32/44 1238/31/44 1239/33/44
f 1240/34/44 1239/33/44 1238/31/44
f 1241/21/45 1242/22/45 1243/23/45
f 1243/23/45 1244/24/45 1241/21/45
f 1245/31/45 1246/32/45 1247/33/45
f 1247/33/45 1248/34/45 1245/31/45
f 1249/32/44 1250/31/44 1251/33/44
f 1252/34/44 1251/33/44 1250/31/44
f 1253/32/44 1254/31/44 1255/33/44
f 1256/34/44 1255/33/44 1254/31/44
f 1257/32/44 1258/31/44 1259/33/44
f 1260/34/44 1259/33/44 1258/31/44
f 1261/32/44 1262/31/44 1263/33/44
f 1264/34/44 1263/33/44 1262/31/44
f 1265/32/44 1266/31/44 1267/33/44
f 1268/34/44 1267/33/44 1266/31/44
f 1269/32/44 1270/31/44 1271/33/44
f 1272/34/44 1271/33/44 1270/31/44
f 1273/32/44 1274/31/44 1275/33/44
f 1276/34/44 1275/33/44 1274/31/44
f 1277/32/44 1278/31/44 1279/33/44
f 1280/34/44 1279/33/44 1278/31/44
f 1281/32/46 1282/31/46 1283/33/46
f 1284/34/47 1283/33/46 1282/31/46
f 1285/32/47 1286/31/47 1287/33/47
f 1288/34/47 1287/33/47 1286/31/47
f 1289/31/39 1290/32/39 1291/33/39
f 1291/33/39 1292/34/39 1289/31/39
f 1293/32/44 1294/31/44 1295/33/44
f 1296/34/44 1295/33/44 1294/31/44
f 1297/21/45 1298/22/45 1299/23/45
f 1299/23/45 1300/24/45 1297/21/45
f 1301/31/45 1302/32/45 1303/33/45
f 1303/33/45 1304/34/45 1301/31/45
f 1305/32/44 1306/31/44 1307/33/44
f 1308/34/44 1307/33/44 1306/31/44
f 1309/32/44 1310/31/44 1311/33/44
f 1312/34/44 1311/33/44 1310/31/44
f 1313/32/44 1314/31/44 1315/33/44
f 1316/34/44 1315/33/44 1314/31/44
f 1317/32/44 1318/31/44 1319/33/44
f 1320/34/44 1319/33/44 1318/31/44
f 1321/32/44 1322/31/44 1323/33/44
f 1324/34/52 1323/33/44 1322/31/44
f 1325/32/44 1326/31/44 1327/33/44
f 1328/34/52 1327/33/44 1326/31/44
f 1329/32/44 1330/31/44 1331/33/44
f 1332/34/52 1331/33/44 1330/31/44
f 1333/32/44 1334/31/44 1335/33/44
f 1336/34/52 1335/33/44 1334/31/44
f 1337/32/49 1338/31/48 1339/33/48
f 1340/34/48 1339/33/48 1338/31/48
f 1341/32/49 1342/31/49 1343/33/49
f 1344/34/48 1343/33/49 1342/31/49
f 1345/32/50 1346/31/50 1347/33/50
f 1348/34/50 1347/33/50 1346/31/50
f 1349/32/53 1350/31/50 1351/33/50
f 1352/34/50 1351/33/50 1350/31/50
f 1353/31/39 1354/32/39 1355/33/39
f 1355/33/39 1356/34/39 1353/31/39
f 1357/32/44 1358/31/44 1359/33/44
f 1360/34/44 1359/33/44 1358/31/44
f 1361/21/45 1362/22/45 1363/23/45
f 1363/23/45 1364/24/45 1361/21/45
f 1365/31/45 1366/32/45 1367/33/45
f 1367/33/45 1368/34/45 1365/31/45
f 1369/32/44 1370/31/44 1371/33/44
f 1372/34/44 1371/33/44 1370/31/44
f 1373/32/44 1374/31/44 1375/33/44
f 1376/34/44 1375/33/44 1374/31/44
f 1377/32/44 1378/31/44 1379/33/44
f 1380/34/44 1379/33/44 1378/31/44
f 1381/32/44 1382/31/44 1383/33/44
f 1384/34/44 1383/33/44 1382/31/44
f 1385/32/52 1386/31/44 1387/33/44
f 1388/34/44 1387/33/44 1386/31/44
f 1389/32/44 1390/31/44 1391/33/44
f 1392/34/44 1391/33/44 1390/31/44
f 1393/32/55 1394/31/44 1395/33/44
f 1396/34/44 1395/33/44 1394/31/44
f 1397/32/44 1398/31/44 1399/33/44
f 1400/34/44 1399/33/44 1398/31/44
f 1401/32/50 1402/31/50 1403/33/50
f 1404/34/50 1403/33/50 1402/31/50
f 1405/32/50 1406/31/50 1407/33/50
f 1408/34/50 1407/33/50 1406/31/50
f 1409/35/56 1410/36/56 1411/37/56
f 1411/37/56 1412/38/56 1409/35/56
f 1413/36/57 1414/35/57 1415/37/57
f 1416/38/57 1415/37/57 1414/35/57
f 1417/39/58 1418/40/58 1419/41/58
f 1420/42/58 1419/41/58 1418/40/58
f 1421/37/59 1422/38/59 1423/35/59
f 1423/35/59 1424/36/59 1421/37/59
f 1425/41/60 1426/42/60 1427/40/60
f 1427/40/60 1428/39/60 1425/41/60
f 1429/35/57 1430/38/57 1431/37/57
f 1431/37/57 1432/36/57 1429/35/57
f 1433/40/58 1434/42/58 1435/41/58
f 1435/41/58 1436/39/58 1433/40/58
f 1437/37/61 1438/38/61 1439/35/61
f 1439/35/61 1440/36/61 1437/37/61
f 1441/41/62 1442/42/62 1443/40/63
f 1443/40/63 1444/39/63 1441/41/62
f 1445/35/64 1446/36/65 1447/37/65
f 1447/37/65 1448/38/64 1445/35/64
f 1449/40/66 1450/39/66 1451/41/67
f 1451/41/67 1452/42/67 1449/40/66
f 1453/35/68 1454/36/69 1455/37/70
f 1455/37/70 1456/38/68 1453/35/68
f 1457/40/71 1458/39/71 1459/41/71
f 1459/41/71 1460/42/71 1457/40/71
f 1461/36/72 1462/35/72 1463/37/72
f 1464/38/72 1463/37/72 1462/35/72
f 1465/39/73 1466/40/73 1467/41/74
f 1468/42/74 1467/41/74 1466/40/73
f 1469/35/75 1470/36/75 1471/37/75
f 1471/37/75 1472/38/75 1469/35/75
f 1473/40/76 1474/39/76 1475/41/77
f 1475/41/77 1476/42/77 1473/40/76
f 1477/36/78 1478/35/79 1479/37/78
f 1480/38/79 1479/37/78 1478/35/79
f 1481/39/80 1482/40/80 1483/41/81
f 1484/42/81 1483/41/81 1482/40/80
f 1485/35/82 1486/36/82 1487/37/82
f 1487/37/82 1488/38/82 1485/35/82
f 1489/40/83 1490/39/83 1491/41/83
f 1491/41/83 1492/42/84 1489/40/83
f 1493/35/85 1494/36/85 1495/37/85
f 1495/37/85 1496/38/85 1493/35/85
f 1497/40/86 1498/39/86 1499/41/86
f 1499/41/86 1500/42/86 1497/40/86
f 1501/36/44 1502/35/44 1503/37/44
f 1504/38/44 1503/37/44 1502/35/44
f 1505/39/87 1506/40/87 1507/41/88
f 1508/42/88 1507/41/88 1506/40/87
f 1509/35/85 1510/36/85 1511/37/85
f 1511/37/85 1512/38/85 1509/35/85
f 1513/40/86 1514/39/86 1515/41/86
f 1515/41/86 1516/42/86 1513/40/86
f 1517/39/87 1518/40/87 1519/41/87
f 1520/42/87 1519/41/87 1518/40/87
f 1521/35/89 1522/36/90 1523/37/90
f 1523/37/90 1524/38/91 1521/35/89
f 1525/40/92 1526/39/93 1527/41/94
f 1527/41/94 1528/42/94 1525/40/92
f 1529/35/95 1530/36/96 1531/37/96
f 1531/37/96 1532/38/95 1529/35/95
f 1533/35/89 1534/36/97 1535/37/91
f 1535/37/91 1536/38/98 1533/35/89
f 1537/40/99 1538/39/99 1539/41/99
f 1539/41/99 1540/42/99 1537/40/99
f 1541/36/100 1542/35/101 1543/37/102
f 1544/38/103 1543/37/102 1542/35/101
f 1545/39/104 1546/40/104 1547/41/104
f 1548/42/104 1547/41/104 1546/40/104
f 1549/37/105 1550/38/105 1551/35/105
f 1551/35/105 1552/36/105 1549/37/105
f 1553/41/106 1554/42/107 1555/40/108
f 1555/40/108 1556/39/108 1553/41/106
f 1557/37/90 1558/38/89 1559/35/89
f 1559/35/89 1560/36/90 1557/37/90
f 1561/41/109 1562/42/109 1563/40/109
f 1563/40/109 1564/39/109 1561/41/109
f 1565/35/101 1566/38/101 1567/37/110
f 1567/37/110 1568/36/110 1565/35/101
f 1569/40/104 1570/42/111 1571/41/104
f 1571/41/104 1572/39/104 1569/40/104
f 1573/37/112 1574/38/112 1575/35/112
f 1575/35/112 1576/36/113 1573/37/112
f 1577/35/114 1578/38/114 1579/37/114
f 1579/37/114 1580/36/114 1577/35/114
f 1581/40/115 1582/42/116 1583/41/117
f 1583/41/117 1584/39/115 1581/40/115
f 1585/37/118 1586/38/118 1587/35/118
f 1587/35/118 1588/36/118 1585/37/118
f 1589/35/119 1590/38/119 1591/37/120
f 1591/37/120 1592/36/121 1589/35/119
f 1593/40/122 1594/42/123 1595/41/124
f 1595/41/124 1596/39/125 1593/40/122
f 1597/35/126 1598/36/127 1599/37/127
f 1599/37/127 1600/38/126 1597/35/126
f 1601/35/128 1602/36/129 1603/37/129
f 1603/37/129 1604/38/128 1601/35/128
f 1605/40/130 1606/39/130 1607/41/131
f 1607/41/131 1608/42/131 1605/40/130
f 1609/35/132 1610/36/133 1611/37/133
f 1611/37/133 1612/38/132 1609/35/132
f 1613/40/134 1614/39/134 1615/41/134
f 1615/41/134 1616/42/134 1613/40/134
f 1617/35/133 1618/36/135 1619/37/133
f 1619/37/133 1620/38/133 1617/35/133
f 1621/40/136 1622/39/136 1623/41/137
f 1623/41/137 1624/42/137 1621/40/136
f 1625/35/138 1626/36/139 1627/37/139
f 1627/37/139 1628/38/140 1625/35/138
f 1629/35/141 1630/36/141 1631/37/141
f 1631/37/141 1632/38/141 1629/35/141
f 1633/40/142 1634/39/142 1635/41/142
f 1635/41/142 1636/42/142 1633/40/142
f 1637/40/143 1638/39/143 1639/41/144
f 1639/41/144 1640/42/144 1637/40/143
f 1641/35/145 1642/36/146 1643/37/146
f 1643/37/146 1644/38/145 1641/35/145
f 1645/40/143 1646/39/143 1647/41/144
f 1647/41/144 1648/42/144 1645/40/143
f 1649/35/146 1650/36/145 1651/37/145
f 1651/37/145 1652/38/146 1649/35/146
f 1653/40/147 1654/39/147 1655/41/148
f 1655/41/148 1656/42/148 1653/40/147
f 1657/36/149 1658/35/150 1659/37/149
f 1660/38/151 1659/37/149 1658/35/150
f 1661/39/152 1662/40/152 1663/41/153
f 1664/42/153 1663/41/153 1662/40/152
f 1665/35/154 1666/36/155 1667/37/155
f 1667/37/155 1668/38/154 1665/35/154
f 1669/36/156 1670/35/157 1671/37/156
f 1672/38/157 1671/37/156 1670/35/157
f 1673/40/158 1674/39/158 1675/41/159
f 1675/41/159 1676/42/159 1673/40/158
f 1677/39/160 1678/40/160 1679/41/161
f 1680/42/161 1679/41/161 1678/40/160
f 1681/35/162 1682/36/162 1683/37/162
f 1683/37/162 1684/38/162 1681/35/162
f 1685/40/163 1686/39/163 1687/41/164
f 1687/41/164 1688/42/164 1685/40/163
f 1689/35/165 1690/36/165 1691/37/165
f 1691/37/165 1692/38/165 1689/35/165
f 1693/36/166 1694/35/166 1695/37/166
f 1696/38/166 1695/37/166 1694/35/166
f 1697/35/167 1698/36/167 1699/37/167
f 1699/37/167 1700/38/167 1697/35/167
f 1701/40/168 1702/39/168 1703/41/168
f 1703/41/168 1704/42/168 1701/40/168
f 1705/36/169 1706/35/170 1707/37/169
f 1708/38/170 1707/37/169 1706/35/170
f 1709/39/171 1710/40/171 1711/41/172
f 1712/42/172 1711/41/172 1710/40/171
f 1713/37/173 1714/38/173 1715/35/173
f 1715/35/173 1716/36/173 1713/37/173
f 1717/41/174 1718/42/174 1719/40/175
f 1719/40/175 1720/39/175 1717/41/174
f 1721/35/176 1722/38/176 1723/37/176
f 1723/37/176 1724/36/176 1721/35/176
f 1725/40/177 1726/42/178 1727/41/178
f 1727/41/178 1728/39/179 1725/40/177
f 1729/37/180 1730/38/181 1731/35/180
f 1731/35/180 1732/36/180 1729/37/180
f 1733/37/182 1734/38/183 1735/35/183
f 1735/35/183 1736/36/182 1733/37/182
f 1737/35/184 1738/36/184 1739/37/184
f 1739/37/184 1740/38/184 1737/35/184
f 1741/40/185 1742/39/185 1743/41/185
f 1743/41/185 1744/42/185 1741/40/185
f 1745/36/57 1746/35/57 1747/37/57
f 1748/38/57 1747/37/57 1746/35/57
f 1749/39/58 1750/40/58 1751/41/186
f 1752/42/186 1751/41/186 1750/40/58
f 1753/37/187 1754/38/187 1755/35/187
f 1755/35/187 1756/36/187 1753/37/187
f 1757/35/188 1758/38/188 1759/37/188
f 1759/37/188 1760/36/188 1757/35/188
f 1761/40/189 1762/42/189 1763/41/189
f 1763/41/189 1764/39/189 1761/40/189
f 1765/35/190 1766/36/190 1767/37/190
f 1767/37/190 1768/38/190 1765/35/190
f 1769/40/185 1770/39/185 1771/41/185
f 1771/41/185 1772/42/185 1769/40/185
f 1773/35/57 1774/36/57 1775/37/57
f 1775/37/57 1776/38/57 1773/35/57
f 1777/40/58 1778/39/58 1779/41/58
f 1779/41/58 1780/42/58 1777/40/58
f 1781/36/191 1782/35/191 1783/37/191
f 1784/38/191 1783/37/191 1782/35/191
f 1785/39/192 1786/40/192 1787/41/192
f 1788/42/192 1787/41/192 1786/40/192
f 1789/35/57 1790/36/57 1791/37/57
f 1791/37/57 1792/38/57 1789/35/57
f 1793/40/58 1794/39/58 1795/41/58
f 1795/41/58 1796/42/58 1793/40/58
f 1797/36/193 1798/35/193 1799/37/193
f 1800/38/193 1799/37/193 1798/35/193
f 1801/36/57 1802/35/57 1803/37/57
f 1804/38/57 1803/37/57 1802/35/57
f 1805/39/58 1806/40/58 1807/41/58
f 1808/42/58 1807/41/58 1806/40/58
f 1809/36/57 1810/35/57 1811/37/57
f 1812/38/57 1811/37/57 1810/35/57
f 1813/43/57 1814/44/57 1815/45/57
f 1815/45/57 1816/46/57 1813/43/57
f 1814/44/57 1817/47/57 1818/48/57
f 1818/48/57 1815/45/57 1814/44/57
f 1817/47/57 1819/49/57 1820/50/57
f 1820/50/57 1818/48/57 1817/47/57
f 1819/49/57 1821/51/57 1822/52/57
f 1822/52/57 1820/50/57 1819/49/57
f 1821/51/57 1859/53/57 1862/54/57
f 1862/54/57 1822/52/57 1821/51/57
f 1823/36/57 1824/35/57 1825/37/57
f 1826/38/57 1825/37/57 1824/35/57
f 1827/43/57 1828/44/57 1829/45/57
f 1829/45/57 1830/46/57 1827/43/57
f 1828/44/57 1831/47/57 1832/48/57
f 1832/48/57 1829/45/57 1828/44/57
f 1831/47/57 1833/49/57 1834/50/57
f 1834/50/57 1832/48/57 1831/47/57
f 1835/53/57 1836/55/57 1837/56/57
f 1837/56/57 1838/54/57 1835/53/57
f 1836/55/57 1839/57/57 1840/58/57
f 1840/58/57 1837/56/57 1836/55/57
f 1833/49/57 1841/51/57 1842/52/57
f 1842/52/57 1834/50/57 1833/49/57
f 1841/51/57 1835/53/57 1838/54/57
f 1838/54/57 1842/52/57 1841/51/57
f 1843/36/57 1844/35/57 1845/37/57
f 1846/38/57 1845/37/57 1844/35/57
f 1847/36/57 1848/35/57 1849/37/57
f 1850/38/57 1849/37/57 1848/35/57
f 1851/39/58 1852/40/58 1853/41/58
f 1854/42/58 1853/41/58 1852/40/58
f 1855/36/57 1856/35/57 1857/37/57
f 1858/38/57 1857/37/57 1856/35/57
f 1859/53/57 1860/55/57 1861/56/57
f 1861/56/57 1862/54/57 1859/53/57
f 1860/55/57 1863/57/57 1864/58/57
f 1864/58/57 1861/56/57 1860/55/57
f 1865/37/183 1866/38/183 1867/35/183
f 1867/35/183 1868/36/183 1865/37/183
f 1869/41/194 1870/42/194 1871/40/194
f 1871/40/194 1872/39/194 1869/41/194
f 1873/36/195 1874/35/196 1875/37/195
f 1876/38/197 1875/37/195 1874/35/196
f 1877/39/198 1878/40/198 1879/41/199
f 1880/42/199 1879/41/199 1878/40/198
f 1881/36/200 1882/35/200 1883/37/200
f 1884/38/200 1883/37/200 1882/35/200
f 1885/39/201 1886/40/201 1887/41/201
f 1888/42/201 1887/41/201 1886/40/201
f 1889/40/202 1890/39/202 1891/41/203
f 1891/41/203 1892/42/204 1889/40/202
f 1893/35/205 1894/36/206 1895/37/207
f 1895/37/207 1896/38/208 1893/35/205
f 1897/40/209 1898/39/209 1899/41/210
f 1899/41/210 1900/42/210 1897/40/209
f 1901/35/211 1902/36/212 1903/37/212
f 1903/37/212 1904/38/213 1901/35/211
f 1905/40/214 1906/39/214 1907/41/214
f 1907/41/214 1908/42/214 1905/40/214
f 1909/35/215 1910/36/216 1911/37/216
f 1911/37/216 1912/38/217 1909/35/215
f 1913/40/218 1914/39/218 1915/41/219
f 1915/41/219 1916/42/219 1913/40/218
f 1917/35/220 1918/36/221 1919/37/221
f 1919/37/221 1920/38/220 1917/35/220
f 1921/40/222 1922/39/222 1923/41/222
f 1923/41/222 1924/42/222 1921/40/222
f 1925/35/223 1926/36/224 1927/37/224
f 1927/37/224 1928/38/223 1925/35/223
f 1929/40/225 1930/39/225 1931/41/225
f 1931/41/225 1932/42/225 1929/40/225
f 1933/39/226 1934/40/226 1935/41/227
f 1936/42/227 1935/41/227 1934/40/226
f 1937/36/44 1938/35/44 1939/37/44
f 1940/38/44 1939/37/44 1938/35/44
f 1941/39/87 1942/40/87 1943/41/87
f 1944/42/87 1943/41/87 1942/40/87
f 1945/35/228 1946/36/228 1947/37/228
f 1947/37/228 1948/38/228 1945/35/228
f 1949/40/229 1950/39/229 1951/41/230
f 1951/41/230 1952/42/231 1949/40/229
f 1953/35/232 1954/36/233 1955/37/234
f 1955/37/234 1956/38/235 1953/35/232
f 1957/40/236 1958/39/236 1959/41/237
f 1959/41/237 1960/42/238 1957/40/236
f 1961/37/239 1962/38/239 1963/35/239
f 1963/35/239 1964/36/239 1961/37/239
f 1965/41/240 1966/42/240 1967/40/240
f 1967/40/240 1968/39/240 1965/41/240
f 1969/37/241 1970/38/241 1971/35/241
f 1971/35/241 1972/36/241 1969/37/241
f 1973/41/242 1974/42/242 1975/40/243
f 1975/40/243 1976/39/243 1973/41/242
f 1977/36/244 1978/35/244 1979/37/244
f 1980/38/244 1979/37/244 1978/35/244
f 1981/39/245 1982/40/245 1983/41/246
f 1984/42/246 1983/41/246 1982/40/245
f 1985/36/247 1986/35/247 1987/37/247
f 1988/38/247 1987/37/247 1986/35/247
f 1989/39/248 1990/40/248 1991/41/249
f 1992/42/249 1991/41/249 1990/40/248
f 1993/35/250 1994/36/250 1995/37/250
f 1995/37/250 1996/38/251 1993/35/250
f 1997/40/252 1998/39/252 1999/41/252
f 1999/41/252 2000/42/252 1997/40/252
f 2001/35/253 2002/36/254 2003/37/254
f 2003/37/254 2004/38/253 2001/35/253
f 2005/35/255 2006/36/256 2007/37/257
f 2007/37/257 2008/38/255 2005/35/255
f 2009/40/258 2010/39/258 2011/41/259
f 2011/41/259 2012/42/259 2009/40/258
f 2013/35/256 2014/36/260 2015/37/261
f 2015/37/261 2016/38/262 2013/35/256
f 2017/40/259 2018/39/259 2019/41/259
f 2019/41/259 2020/42/259 2017/40/259
f 2021/35/263 2022/36/264 2023/37/264
f 2023/37/264 2024/38/263 2021/35/263
f 2025/40/265 2026/39/266 2027/41/265
f 2027/41/265 2028/42/265 2025/40/265
f 2029/35/267 2030/36/268 2031/37/268
f 2031/37/268 2032/38/267 2029/35/267
f 2033/40/269 2034/39/269 2035/41/269
f 2035/41/269 2036/42/269 2033/40/269
f 2037/36/270 2038/35/271 2039/37/272
f 2040/38/273 2039/37/272 2038/35/271
f 2041/39/274 2042/40/274 2043/41/275
f 2044/42/275 2043/41/275 2042/40/274
f 2045/36/276 2046/35/276 2047/37/276
f 2048/38/276 2047/37/276 2046/35/276
f 2049/39/277 2050/40/277 2051/41/277
f 2052/42/277 2051/41/277 2050/40/277
f 2053/35/278 2054/36/279 2055/37/280
f 2055/37/280 2056/38/278 2053/35/278
f 2057/40/281 2058/39/281 2059/41/282
f 2059/41/282 2060/42/282 2057/40/281
f 2061/35/283 2062/36/284 2063/37/284
f 2063/37/284 2064/38/283 2061/35/283
f 2065/40/285 2066/39/285 2067/41/286
f 2067/41/286 2068/42/286 2065/40/285
f 2069/35/287 2070/36/288 2071/37/288
f 2071/37/288 2072/38/287 2069/35/287
f 2073/40/289 2074/39/289 2075/41/289
f 2075/41/289 2076/42/289 2073/40/289
f 2077/35/290 2078/36/291 2079/37/292
f 2079/37/292 2080/38/290 2077/35/290
f 2081/40/293 2082/39/294 2083/41/295
f 2083/41/295 2084/42/295 2081/40/293
f 2085/37/296 2086/38/297 2087/35/298
f 2087/35/298 2088/36/299 2085/37/296
f 2089/41/300 2090/42/300 2091/40/301
f 2091/40/301 2092/39/301 2089/41/300
f 2093/35/302 2094/36/302 2095/37/302
f 2095/37/302 2096/38/302 2093/35/302
f 2097/40/303 2098/39/303 2099/41/304
f 2099/41/304 2100/42/304 2097/40/303
f 2101/35/45 2102/36/45 2103/37/45
f 2103/37/45 2104/38/45 2101/35/45
f 2105/40/305 2106/39/305 2107/41/305
f 2107/41/305 2108/42/305 2105/40/305
f 2109/36/44 2110/35/44 2111/37/44
f 2112/38/44 2111/37/44 2110/35/44
f 2113/39/87 2114/40/87 2115/41/87
f 2116/42/87 2115/41/87 2114/40/87
f 2117/35/45 2118/36/45 2119/37/45
f 2119/37/45 2120/38/45 2117/35/45
f 2121/35/306 2122/36/306 2123/37/306
f 2123/37/306 2124/38/306 2121/35/306
f 2125/40/307 2126/39/307 2127/41/308
f 2127/41/308 2128/42/308 2125/40/307
f 2129/35/309 2130/36/310 2131/37/311
f 2131/37/311 2132/38/312 2129/35/309
f 2133/40/313 2134/39/313 2135/41/314
f 2135/41/314 2136/42/314 2133/40/313
f 2137/39/315 2138/40/315 2139/41/316
f 2140/42/316 2139/41/316 2138/40/315
f 2141/36/317 2142/35/318 2143/37/317
f 2144/38/319 2143/37/317 2142/35/318
f 2145/39/320 2146/40/320 2147/41/321
f 2148/42/321 2147/41/321 2146/40/320
f 2149/35/311 2150/36/322 2151/37/323
f 2151/37/323 2152/38/324 2149/35/311
f 2153/40/314 2154/39/314 2155/41/314
f 2155/41/314 2156/42/314 2153/40/314
f 2157/35/325 2158/36/326 2159/37/326
f 2159/37/326 2160/38/327 2157/35/325
f 2161/36/328 2162/35/329 2163/37/328
f 2164/38/329 2163/37/328 2162/35/329
f 2165/59/330 2166/60/330 2167/61/331
f 2167/61/331 2168/62/331 2165/59/330
f 2169/59/332 2170/60/332 2171/61/332
f 2171/61/332 2172/62/332 2169/59/332
