# Blender 4.4.3
# www.blender.org
mtllib RMBLA.mtl
o RMBLA
v -307.745483 6.169926 -65.987396
v -306.584991 6.034106 -63.498661
v -305.531860 5.992017 -63.941658
v -306.688110 6.127835 -66.421303
v -307.881744 6.156862 -65.925606
v -306.719849 6.021040 -63.433868
v -308.846313 6.306213 -68.492226
v -307.788971 6.264123 -68.926132
v -308.987885 6.293147 -68.442596
v -309.889038 6.442941 -71.012573
v -308.821930 6.400851 -71.423767
v -310.025269 6.429876 -70.950790
v -310.829590 6.580092 -73.340546
v -309.762512 6.538003 -73.751778
v -310.965881 6.567027 -73.278755
v -311.770172 6.717646 -75.668549
v -310.703064 6.675558 -76.079788
v -311.906433 6.704583 -75.606766
v -312.705444 6.855586 -77.984413
v -311.643646 6.813491 -78.407753
v -312.847015 6.842517 -77.934776
v -313.651306 6.993880 -80.324570
v -312.584229 6.951787 -80.735802
v -313.787567 6.980814 -80.262787
v -314.591888 7.132512 -82.652573
v -313.524811 7.090423 -83.063805
v -314.728149 7.119447 -82.590790
v -315.532471 7.271466 -84.980576
v -314.465393 7.229375 -85.391823
v -315.668732 7.258402 -84.918800
v -316.467743 7.410715 -87.296402
v -315.405945 7.368622 -87.719788
v -316.609283 7.397648 -87.246765
v -317.413635 7.550238 -89.636589
v -316.346527 7.508146 -90.047791
v -317.549896 7.537173 -89.574814
v -318.354156 7.690017 -91.964561
v -317.287109 7.647926 -92.375771
v -318.490417 7.676953 -91.902786
v -319.294739 7.830033 -94.292610
v -318.227692 7.787941 -94.703812
v -319.431000 7.816968 -94.230827
v -320.230042 7.970260 -96.608406
v -319.168243 7.928165 -97.031792
v -320.371582 7.957194 -96.558769
v -321.175903 8.110678 -98.948563
v -320.108826 8.068583 -99.359779
v -321.312164 8.097612 -98.886780
v -322.116486 8.251265 -101.276566
v -321.049408 8.209172 -101.687805
v -322.252747 8.238200 -101.214783
v -323.066223 8.392006 -103.630753
v -322.003662 8.349911 -104.052200
v -323.207794 8.378941 -103.581123
v -324.072144 8.532872 -106.252411
v -322.998413 8.490775 -106.646523
v -324.208405 8.519806 -106.190628
v -324.995728 8.673845 -108.874413
v -323.922577 8.631749 -109.267136
v -325.137909 8.660780 -108.826546
v -306.584991 5.992004 -63.498665
v -324.996155 8.631741 -108.874481
v -285.223724 15.032743 -230.443161
v -286.530823 14.942187 -228.930939
v -285.837036 14.903082 -228.428268
v -284.522247 14.994830 -229.949203
v -285.337494 15.003304 -230.540421
v -286.641998 14.913150 -229.031097
v -283.959412 15.123800 -231.984970
v -283.248016 15.087381 -231.502869
v -284.073151 15.094363 -232.082214
v -282.735992 15.215742 -233.558136
v -282.015045 15.180708 -233.088211
v -282.849762 15.186302 -233.655411
v -281.554504 15.308538 -235.161545
v -280.824188 15.274803 -234.704056
v -281.668213 15.279099 -235.258804
v -280.415405 15.402176 -236.794250
v -279.676208 15.369626 -236.349365
v -280.529175 15.372736 -236.891479
v -279.319580 15.496630 -238.454987
v -278.571777 15.465174 -238.022934
v -279.433350 15.467195 -238.552200
v -278.267700 15.591892 -240.142532
v -277.511627 15.561425 -239.723587
v -278.381470 15.562452 -240.239822
v -277.260437 15.687927 -241.855942
v -276.496399 15.658340 -241.450272
v -277.374207 15.658487 -241.953171
v -276.298370 15.784720 -243.593887
v -275.526672 15.755918 -243.201721
v -276.412140 15.755280 -243.691147
v -275.382111 15.882237 -245.355255
v -274.603210 15.854124 -244.976761
v -275.495880 15.852802 -245.452469
v -274.512268 15.980482 -247.138748
v -273.726440 15.952944 -246.774170
v -274.626007 15.951042 -247.235992
v -273.689331 16.079420 -248.943283
v -272.896942 16.052361 -248.592682
v -273.803040 16.049980 -249.040482
v -272.913757 16.179022 -250.767441
v -272.115234 16.152340 -250.431107
v -273.027496 16.149582 -250.864685
v -272.186096 16.279276 -252.610229
v -271.381775 16.252878 -252.288177
v -272.299835 16.249840 -252.707428
v -271.493530 16.380167 -254.368027
v -270.696991 16.353937 -254.162598
v -271.618774 16.350725 -254.422379
v -270.862915 16.481663 -256.243927
v -270.061340 16.455511 -256.053131
v -270.988190 16.452223 -256.298248
v -270.270477 16.583740 -258.156952
v -269.475159 16.557562 -257.958435
v -270.406647 16.554300 -258.188812
v -269.738373 16.686388 -260.060974
v -268.938812 16.660084 -259.877289
v -269.874573 16.656952 -260.092773
v -269.270477 16.789587 -261.986389
v -268.452576 16.763052 -261.808350
v -269.392273 16.760149 -262.008820
v -268.838104 16.893309 -263.913330
v -268.016724 16.866442 -263.750305
v -268.959900 16.863873 -263.935760
v -268.449402 16.997536 -265.856598
v -267.631561 16.970230 -265.701874
v -268.577820 16.968096 -265.872101
v -268.117737 17.102232 -267.801270
v -267.297211 17.074402 -267.661743
v -268.246185 17.072796 -267.816742
v -267.833069 17.207403 -269.752106
v -267.013794 17.178940 -269.628510
v -267.965149 17.177961 -269.768219
v -286.530853 14.888899 -228.930939
v -267.816803 17.156492 -269.747620
v -254.826324 18.183203 -279.448425
v -254.975952 18.166988 -279.449158
v -254.975998 18.147671 -279.449158
v -256.182404 18.147671 -279.451416
v -254.976105 18.251589 -281.927155
v -254.826431 18.267807 -281.928223
v -256.182556 18.232273 -281.928314
v -254.975998 18.334641 -284.439026
v -254.826370 18.350857 -284.439056
v -256.182495 18.315323 -284.439148
v -254.976105 18.416109 -286.948792
v -254.826431 18.432327 -286.949860
v -256.182556 18.396793 -286.949951
v -254.975998 18.495991 -289.460693
v -254.826370 18.512207 -289.460693
v -256.182495 18.476673 -289.460815
v -254.976105 18.574249 -291.970490
v -254.826431 18.590467 -291.971558
v -256.182556 18.554934 -291.971649
v -254.976044 18.650877 -294.482361
v -254.826431 18.667091 -294.482361
v -256.182556 18.631559 -294.482452
v -254.976044 18.725840 -296.992157
v -254.826370 18.742058 -296.993225
v -256.182495 18.706524 -296.993317
v -254.976151 18.799133 -299.504028
v -254.826477 18.815351 -299.504028
v -256.182648 18.779818 -299.504089
v -254.976105 18.870716 -302.013824
v -254.826431 18.886938 -302.014893
v -256.182556 18.851404 -302.014984
v -254.975998 18.940590 -304.525604
v -254.826370 18.956806 -304.525604
v -256.182495 18.921272 -304.525696
v -254.976105 19.008713 -307.035431
v -254.826431 19.024933 -307.036499
v -256.182556 18.989401 -307.036621
v -254.976044 19.075071 -309.547241
v -254.826431 19.091290 -309.547241
v -256.182556 19.055756 -309.547363
v -254.976105 19.139645 -312.057068
v -254.826431 19.155865 -312.058167
v -256.182556 19.120333 -312.058289
v -254.976044 19.202423 -314.568909
v -254.826431 19.218634 -314.568909
v -256.182556 19.183102 -314.569031
v -254.976105 19.263363 -317.078705
v -254.826431 19.279583 -317.079773
v -256.182556 19.244047 -317.079865
v -254.976044 19.322462 -319.590607
v -254.826431 19.338678 -319.590607
v -256.182556 19.303143 -319.590698
v -254.976044 19.379688 -322.101501
v -254.826431 19.395905 -322.101501
v -256.182556 19.360371 -322.101593
v -254.976151 19.435026 -324.611206
v -254.826477 19.451246 -324.612244
v -256.182587 19.415712 -324.612366
v -254.976044 19.488459 -327.123169
v -254.826431 19.504673 -327.123169
v -256.182556 19.469137 -327.123260
v -253.993759 18.321669 -281.927002
v -253.993607 18.237066 -279.449005
v -253.843994 18.246794 -279.448273
v -253.844086 18.331396 -281.928070
v -253.993668 18.404720 -284.438904
v -253.844040 18.414446 -284.438904
v -253.993759 18.486189 -286.948639
v -253.844086 18.495918 -286.949707
v -253.993668 18.566069 -289.460571
v -253.844040 18.575796 -289.460571
v -267.503235 20.112572 -379.850739
v -266.366394 20.112574 -379.850739
v -267.514740 20.104122 -377.339874
v -267.514679 20.093313 -374.829132
v -266.366394 20.093315 -374.829071
v -266.366425 20.104122 -377.339874
v -254.976059 19.539951 -329.633942
v -254.976105 19.488453 -327.122101
v -254.826385 19.556166 -329.633942
v -256.182495 19.520634 -329.634033
v -254.976059 19.589499 -332.144897
v -254.826385 19.605709 -332.144867
v -256.182495 19.570179 -332.144989
v -254.976059 19.637068 -334.654541
v -254.826385 19.653286 -334.655609
v -256.182495 19.617750 -334.655701
v -254.975998 19.682650 -337.069916
v -254.826385 19.692375 -337.069885
v -256.182495 19.663328 -337.166626
v -255.736176 19.670477 -337.166565
v -253.993713 19.610033 -329.633789
v -253.993759 19.558533 -327.121979
v -253.844040 19.568266 -327.123047
v -253.844086 19.619761 -329.633789
v -253.993713 19.659578 -332.144745
v -253.844040 19.669300 -332.144714
v -253.993713 19.707148 -334.654388
v -253.844040 19.716879 -334.655457
v -253.993561 19.711699 -337.069794
v -253.843948 19.721422 -337.069763
v -284.373993 20.118635 -423.888550
v -283.030731 20.118635 -421.780060
v -282.025574 20.118643 -422.392853
v -283.368835 20.118643 -424.501312
v -281.687469 20.118635 -419.671570
v -280.344238 20.118635 -417.563110
v -279.339111 20.118643 -418.175903
v -280.682343 20.118643 -420.284393
v -289.746979 20.118635 -432.322449
v -288.403717 20.118635 -430.213959
v -287.398590 20.118643 -430.826782
v -288.741821 20.118641 -432.935242
v -287.060455 20.118635 -428.105469
v -285.717255 20.118635 -425.997040
v -284.712097 20.118643 -426.609833
v -286.055328 20.118643 -428.718292
v -279.000977 20.118637 -415.454620
v -277.657745 20.118637 -413.346161
v -276.652588 20.118645 -413.958954
v -277.995850 20.118645 -416.067413
v -276.314514 20.118637 -411.237701
v -275.083801 20.118637 -409.273407
v -274.072632 20.118647 -409.876434
v -275.309357 20.118647 -411.850494
v -274.038269 20.118637 -407.454773
v -273.020233 20.118637 -405.497772
v -271.938873 20.118647 -405.973724
v -272.965454 20.118647 -407.947113
v -272.083893 20.118637 -403.500305
v -271.230865 20.118637 -401.465912
v -270.134521 20.118647 -401.908142
v -270.994690 20.118647 -403.959534
v -268.272736 20.123577 -391.138123
v -267.965942 20.123577 -388.948303
v -266.825226 20.123589 -389.017944
v -267.134735 20.123589 -391.225983
v -267.718842 20.123308 -386.754150
v -267.579407 20.121897 -384.548035
v -266.435486 20.121908 -384.580902
v -266.576141 20.123320 -386.805420
v -270.462616 20.118637 -399.398010
v -269.787628 20.123577 -397.322205
v -268.679138 20.123589 -397.729553
v -269.359833 20.118647 -399.822906
v -269.182129 20.123577 -395.180420
v -268.708618 20.123575 -393.303986
v -267.574158 20.123587 -393.410004
v -268.068665 20.123589 -395.569977
v -267.510895 20.118639 -382.347168
v -266.366486 20.118650 -382.361603
v -185.748245 19.446007 -432.946808
v -187.740280 19.576492 -434.475281
v -187.816833 19.625750 -434.346802
v -185.824875 19.495275 -432.818298
v -188.492493 19.547461 -433.489838
v -186.500458 19.416986 -431.961395
v -183.756256 19.304409 -431.418304
v -183.832901 19.353678 -431.289764
v -184.508484 19.275389 -430.432861
v -181.764282 19.152287 -429.889771
v -181.840912 19.201555 -429.761261
v -182.516510 19.123266 -428.904358
v -179.772324 18.990236 -428.361359
v -179.848953 19.039505 -428.232819
v -180.524551 18.961216 -427.375916
v -177.780350 18.818848 -426.832764
v -177.856979 18.868116 -426.704254
v -178.532547 18.789827 -425.847351
v -175.788361 18.638727 -425.304321
v -175.864990 18.687996 -425.175781
v -176.540588 18.609707 -424.318878
v -173.796371 18.450460 -423.775787
v -173.873001 18.499729 -423.647278
v -174.548599 18.421440 -422.790375
v -171.804443 18.254654 -422.247314
v -171.881073 18.303921 -422.118774
v -172.556641 18.225632 -421.261871
v -169.812424 18.051897 -420.718811
v -169.889038 18.101164 -420.590302
v -170.564636 18.022875 -419.733398
v -167.820450 17.842787 -419.190277
v -167.897079 17.892056 -419.061798
v -168.572678 17.813766 -418.204895
v -165.828522 17.627924 -417.661835
v -165.918030 17.677191 -417.542206
v -166.580704 17.598904 -416.676392
v -187.826096 19.577534 -434.355957
v -188.211349 19.560148 -433.855255
v -165.919601 17.598894 -417.543121
v -188.120758 19.564236 -433.972992
v -42.072639 11.177085 -331.476807
v -39.446739 11.187954 -331.992889
v -41.972679 11.177088 -332.530853
v -41.939316 11.206131 -332.676697
v -44.481384 11.166613 -333.141174
v -44.443836 11.195655 -333.286011
v -44.593906 11.166610 -332.090179
v 20.617416 11.545259 -341.045227
v 18.312805 11.527400 -339.841522
v 18.732807 11.527384 -338.915649
v 21.048861 11.545243 -340.125336
v 15.975129 11.509740 -338.704956
v 13.606357 11.492289 -337.636475
v 14.002952 11.492274 -336.699646
v 16.383492 11.509725 -337.773438
v 6.333447 11.441264 -334.847778
v 3.860352 11.424726 -334.059540
v 4.208409 11.424714 -333.104950
v 6.693821 11.441252 -333.897095
v -8.665812 11.345910 -331.298462
v -11.233321 11.330977 -330.947784
v -11.073235 11.330968 -329.883453
v -8.492935 11.345900 -330.235901
v -13.703129 11.316340 -330.669006
v -16.285107 11.302008 -330.466827
v -16.256691 11.301998 -329.402374
v -13.661855 11.316332 -329.605560
v 1.366262 11.408436 -333.343048
v -1.146732 11.392401 -332.698853
v -0.823589 11.392389 -331.737518
v 1.701880 11.408423 -332.384888
v -3.598735 11.376630 -332.159607
v -6.002846 11.361132 -331.720825
v -5.923143 11.361120 -330.662598
v -3.366000 11.376618 -331.163269
v -18.871113 11.287984 -330.339081
v -21.458990 11.274281 -330.285919
v -21.456394 11.274273 -329.220581
v -18.855602 11.287976 -329.274017
v -24.046597 11.260904 -330.307251
v -26.631756 11.247862 -330.403076
v -26.655001 11.247856 -329.338318
v -24.056913 11.260896 -329.242035
v -29.212399 11.235163 -330.573242
v -31.786318 11.222816 -330.817566
v -31.835348 11.222810 -329.754944
v -29.248571 11.235157 -329.509369
v -34.351456 11.210826 -331.135864
v -36.905602 11.199203 -331.527740
v -36.980225 11.199200 -330.468658
v -34.413277 11.210821 -330.074799
v -24.043093 11.289949 -330.456818
v -26.606701 11.277154 -330.588776
v -18.876245 11.317030 -330.488647
v -21.445345 11.303564 -330.472778
v -34.330788 11.239869 -331.284058
v -36.858009 11.228506 -331.709106
v -29.200302 11.264208 -330.722382
v -31.739786 11.252161 -331.000366
v -13.716892 11.345387 -330.818024
v -16.279335 11.331303 -330.654388
v -8.688107 11.374958 -331.446411
v -11.241195 11.359945 -331.127350
v -3.629483 11.405678 -332.306061
v -6.023585 11.391139 -331.899200
v 1.327132 11.437485 -333.487457
v -1.166937 11.421480 -332.893005
v 15.911768 11.538789 -338.840485
v 13.540711 11.521507 -337.811798
v 20.546333 11.574310 -341.176910
v 18.250395 11.556714 -340.019440
v 6.286052 11.470314 -334.989685
v 3.826057 11.454029 -334.244446
v -39.417595 11.216997 -332.139648
v -39.534058 11.187950 -330.936157
v 8.744692 11.487383 -335.892029
v 8.783529 11.458043 -335.707123
v 9.156079 11.458029 -334.760712
v 11.153010 11.504104 -336.775909
v 11.208493 11.475054 -336.636932
v 11.593122 11.475039 -335.695129
v 71.231476 11.940773 -345.128235
v 73.720352 11.960980 -345.462982
v 73.701843 11.931941 -345.611450
v 71.210159 11.911734 -345.276337
v 66.274818 11.900494 -344.319000
v 68.749359 11.920608 -344.746887
v 68.725273 11.891568 -344.894531
v 66.247971 11.871454 -344.466187
v 71.146202 11.911751 -346.233398
v 68.653030 11.891586 -345.850372
v 66.167366 11.871471 -345.420563
v 61.352081 11.860447 -343.324402
v 63.808792 11.880437 -343.844788
v 63.779182 11.851398 -343.991455
v 61.319714 11.831408 -343.470490
v 56.470188 11.820697 -342.145844
v 58.905582 11.840531 -342.758026
v 58.870510 11.811492 -342.903473
v 56.432358 11.791657 -342.290619
v 63.690357 11.851416 -344.944244
v 61.222607 11.831425 -344.421509
v 58.765247 11.811509 -343.852600
v 56.318867 11.791675 -343.237671
v 51.636024 11.781307 -340.784973
v 54.046692 11.800953 -341.488068
v 54.006184 11.771914 -341.632141
v 51.592789 11.752267 -340.928223
v 46.856358 11.742339 -339.243774
v 49.238926 11.761766 -340.036774
v 49.193039 11.732727 -340.179199
v 46.807785 11.713301 -339.385254
v 53.884624 11.771932 -342.576996
v 51.463108 11.752284 -341.870758
v 49.055351 11.732744 -341.119202
v 46.662060 11.713317 -340.322632
v 44.437874 11.693995 -338.546753
v 44.284225 11.694012 -339.481262
v 44.489059 11.723034 -338.406158
v 96.278214 12.143453 -346.362976
v 98.786072 12.163651 -346.227600
v 98.795494 12.134611 -346.376923
v 96.284912 12.114414 -346.512451
v 98.824013 12.134629 -347.337677
v 96.304901 12.114430 -347.473663
v 91.257240 12.102958 -346.492493
v 93.768364 12.123219 -346.451294
v 93.772217 12.094180 -346.600891
v 91.258301 12.073917 -346.642151
v 86.235031 12.062377 -346.433594
v 88.745911 12.082674 -346.486603
v 88.744141 12.053635 -346.636230
v 86.230492 12.033339 -346.583130
v 93.783844 12.094197 -347.562408
v 91.261475 12.073935 -347.603760
v 88.738945 12.053653 -347.597839
v 86.216820 12.033355 -347.544586
v 81.218613 12.021778 -346.186279
v 83.725685 12.042076 -346.333466
v 83.718338 12.013038 -346.482910
v 81.208443 11.992739 -346.335541
v 76.215103 11.981222 -345.750946
v 78.714813 12.001491 -345.992065
v 78.701874 11.972451 -346.141144
v 76.199310 11.952184 -345.899719
v 83.696266 12.013054 -347.444000
v 81.177971 11.992757 -347.296173
v 78.663025 11.972469 -347.101135
v 76.152069 11.952201 -346.858887
v 73.646240 11.931959 -346.569641
v 101.303154 12.154763 -346.194305
v 101.339912 12.154781 -347.154449
v 101.290863 12.183803 -346.045197
v 193.136063 12.797115 -351.109833
v 190.765793 12.784177 -350.713654
v 190.836304 12.784173 -349.733307
v 193.213562 12.797111 -350.130646
v 188.389557 12.770902 -350.354767
v 186.007996 12.757297 -350.033295
v 186.064575 12.757293 -349.050934
v 188.453079 12.770897 -349.373352
v 183.621658 12.743371 -349.749268
v 181.231232 12.729131 -349.502808
v 181.273743 12.729126 -348.518890
v 183.671188 12.743366 -348.766083
v 178.837143 12.714585 -349.293945
v 176.440094 12.699741 -349.122742
v 176.468552 12.699737 -348.137695
v 178.872635 12.714581 -348.309418
v 174.040649 12.684608 -348.989197
v 171.639404 12.669193 -348.893402
v 171.653809 12.669188 -347.907715
v 174.062042 12.684604 -348.003784
v 169.236938 12.653503 -348.835388
v 166.833908 12.637548 -348.815125
v 166.834183 12.637544 -347.829193
v 169.244247 12.653499 -347.849548
v 154.830200 12.554056 -349.280151
v 152.435913 12.536670 -349.486267
v 152.393967 12.536665 -348.502289
v 154.795258 12.554051 -348.295563
v 150.045212 12.519073 -349.729950
v 147.658615 12.501273 -350.011230
v 147.602600 12.501268 -349.028809
v 149.996201 12.519069 -348.746735
v 164.430786 12.621334 -348.832611
v 162.028351 12.604870 -348.887878
v 162.014496 12.604866 -347.902161
v 164.424011 12.621330 -347.846741
v 159.626953 12.588164 -348.980927
v 157.227402 12.571223 -349.111694
v 157.199493 12.571218 -348.126587
v 159.606110 12.588160 -347.995483
v 145.276718 12.483278 -350.329956
v 145.213715 12.483274 -349.348480
v 310.421570 12.983416 -436.159790
v 312.901062 12.983416 -435.942291
v 312.992523 13.051579 -436.847900
v 310.529053 13.051579 -437.063965
v 315.386047 12.983416 -435.814148
v 317.873505 12.983418 -435.775482
v 317.932800 13.051579 -436.682159
v 315.461487 13.051579 -436.720581
v 320.360016 12.983417 -435.826294
v 322.842529 12.983417 -435.966431
v 322.869720 13.051579 -436.871887
v 320.403320 13.051579 -436.732635
v 325.317657 12.983417 -436.195740
v 327.792267 12.990640 -436.524048
v 327.624817 13.058804 -437.434723
v 325.166199 13.051579 -437.108490
v 339.837921 12.983418 -439.416016
v 342.316345 12.990638 -440.355377
v 342.055756 13.058802 -441.241882
v 339.592468 13.051580 -440.307953
v 344.520599 12.990638 -441.223785
v 346.737152 12.990639 -442.168030
v 346.302643 13.058802 -442.980469
v 344.245087 13.058802 -442.104340
v 330.232422 12.990640 -436.913574
v 332.669037 12.990640 -437.404999
v 332.469971 13.058803 -438.309875
v 330.049194 13.058804 -437.821625
v 335.094910 12.990640 -437.992065
v 337.474030 12.990640 -438.664215
v 337.243835 13.058803 -439.561005
v 334.880280 13.058803 -438.893188
v 348.939209 12.990639 -443.224854
v 351.120911 12.990638 -444.380920
v 350.657776 13.058801 -445.178833
v 348.490265 13.058802 -444.030334
v 353.267639 12.990638 -445.640015
v 355.349731 12.988750 -447.015472
v 354.918945 13.051581 -447.758942
v 352.790588 13.058801 -446.429932
v 357.463165 12.983294 -448.367340
v 356.956390 13.051455 -449.140076
v 360.017120 12.990640 -436.089874
v 362.077393 13.065060 -437.556183
v 361.322876 12.988754 -438.614502
v 359.263611 12.990638 -437.148865
v 364.122955 13.059601 -439.012146
v 366.168549 13.050614 -440.468109
v 365.414093 12.974310 -441.526428
v 363.368500 12.983296 -440.070465
v 368.214081 13.038142 -441.924042
v 370.259674 13.022223 -443.380005
v 369.505219 12.945918 -444.438354
v 367.459656 12.961835 -442.982361
v 372.305298 13.002911 -444.835999
v 374.350891 12.980242 -446.291962
v 373.596436 12.903937 -447.350281
v 371.550812 12.926604 -445.894318
v 384.578827 12.818128 -453.571777
v 386.624420 12.776261 -455.027740
v 385.869995 12.699956 -456.086060
v 383.824371 12.741823 -454.630096
v 388.669952 12.731348 -456.483643
v 390.715576 12.683433 -457.939636
v 389.961151 12.607128 -458.998016
v 387.915588 12.655043 -457.542053
v 376.396423 12.954263 -447.747894
v 378.442017 12.925020 -449.203827
v 377.687622 12.848714 -450.262207
v 375.642029 12.877957 -448.806274
v 380.487671 12.892553 -450.659821
v 382.533264 12.856907 -452.115784
v 381.778839 12.780601 -453.174164
v 379.733246 12.816247 -451.718201
v 392.761200 12.632559 -459.395630
v 394.806763 12.578773 -460.851593
v 394.052338 12.502470 -461.909943
v 392.006744 12.556256 -460.453979
v 396.852325 12.522118 -462.307556
v 398.897919 12.462635 -463.763519
v 398.143494 12.386331 -464.821869
v 396.097931 12.445813 -463.365906
v 400.943512 12.400371 -465.219452
v 402.989075 12.335372 -466.675415
v 402.234680 12.259068 -467.733765
v 400.189117 12.324068 -466.277802
v 405.034668 12.267677 -468.131378
v 407.080261 12.197335 -469.587341
v 406.325867 12.121031 -470.645721
v 404.280273 12.191373 -469.189789
v 409.125854 12.048077 -471.043304
v 408.371490 12.048083 -472.101715
v 527.538086 5.460596 -510.898132
v 529.093384 5.312172 -508.649048
v 529.217346 5.341217 -508.732758
v 527.660034 5.489640 -510.984802
v 526.125427 5.460600 -510.526245
v 527.674683 5.312172 -508.285858
v 530.594971 5.163608 -506.363281
v 532.042053 5.014950 -504.042236
v 532.169922 5.043996 -504.119995
v 530.720886 5.192654 -506.444092
v 533.433777 4.866241 -501.687164
v 534.769348 4.717525 -499.299377
v 534.900757 4.746570 -499.371002
v 533.563416 4.895287 -501.761871
v 529.170410 5.163612 -506.009064
v 530.611877 5.014950 -503.697021
v 531.998169 4.866244 -501.351166
v 533.328491 4.717525 -498.972626
v 534.602112 4.568850 -496.562988
v 536.047974 4.568845 -496.880249
v 536.180969 4.597891 -496.948761
v 524.308228 5.608836 -512.884277
v 525.707397 5.608838 -513.275208
v 525.825012 5.637882 -513.368103
v 537.268921 4.420249 -494.431122
v 537.403503 4.449293 -494.496429
v 538.431458 4.271774 -491.953369
v 539.534973 4.123471 -489.448364
v 539.672607 4.152516 -489.507202
v 538.567627 4.300820 -492.015442
v 535.818298 4.420248 -494.123352
v 536.976318 4.271777 -491.655273
v 538.075562 4.123470 -489.160034
v 544.145752 3.386028 -476.564636
v 544.882812 3.239663 -473.926239
v 545.027344 3.268707 -473.964905
v 544.289368 3.415073 -476.606750
v 545.557068 3.093776 -471.270813
v 546.168091 2.948412 -468.599731
v 546.314331 2.977457 -468.631500
v 545.702454 3.122822 -471.306030
v 542.668335 3.386030 -476.326447
v 543.402466 3.239662 -473.698273
v 544.074036 3.093781 -471.053253
v 544.682739 2.948411 -468.392487
v 540.578857 3.975379 -486.917542
v 541.562378 3.827547 -484.362335
v 541.702576 3.856591 -484.414551
v 540.717773 4.004423 -486.973083
v 542.485046 3.680015 -481.784149
v 543.346375 3.532826 -479.184387
v 543.488892 3.561871 -479.229889
v 542.626465 3.709059 -481.833038
v 539.115295 3.975381 -486.639069
v 540.095032 3.827547 -484.093750
v 541.014099 3.680017 -481.525635
v 541.872070 3.532826 -478.935944
v 545.228088 2.803613 -465.717834
v 546.715576 2.803611 -465.914551
v 546.862488 2.832656 -465.942841
v 535.245483 0.001846 -429.229858
v 534.861633 -0.115612 -426.777344
v 535.634583 -0.095905 -426.637360
v 536.020142 0.021869 -429.100464
v 534.419556 -0.231108 -424.334259
v 533.919434 -0.344599 -421.902008
v 534.688354 -0.325572 -421.741150
v 535.190613 -0.211734 -424.183807
v 533.361694 -0.456039 -419.482056
v 532.746460 -0.565385 -417.075684
v 533.510376 -0.547104 -416.894073
v 534.128174 -0.437378 -419.310791
v 533.216309 -0.433089 -419.517365
v 532.601990 -0.542310 -417.114441
v 534.272644 -0.208389 -424.362671
v 533.773254 -0.321767 -421.933899
v 535.097412 0.024353 -429.251282
v 534.714111 -0.093002 -426.802246
v 532.074219 -0.672595 -414.684235
v 532.835144 -0.654712 -414.492340
v 535.422424 0.143628 -431.708374
v 535.570984 0.121219 -431.690460
v 536.346985 0.141542 -431.571594
v 546.715454 2.803609 -465.914764
v 547.199036 2.659418 -463.216980
v 547.346619 2.688451 -463.241821
v 546.862366 2.832642 -465.943054
v 547.618530 2.515880 -460.508179
v 547.973511 2.373039 -457.789764
v 548.122070 2.402074 -457.807556
v 547.766602 2.544914 -460.529480
v 545.227905 2.803612 -465.718048
v 545.709656 2.659418 -463.030701
v 546.127441 2.515883 -460.332489
v 546.481079 2.373040 -457.624603
v 548.263916 2.230943 -455.063385
v 548.489502 2.089630 -452.330505
v 548.638733 2.118663 -452.341217
v 548.412842 2.259977 -455.077637
v 548.650085 1.949147 -449.592712
v 548.745605 1.809538 -446.851562
v 548.895203 1.838571 -446.855103
v 548.799561 1.978181 -449.599854
v 546.770325 2.230946 -454.908875
v 546.995056 2.089632 -452.186584
v 547.155029 1.949150 -449.459442
v 547.250183 1.809538 -446.728851
v 547.280457 1.670850 -443.996552
v 548.776062 1.670848 -444.108490
v 548.925659 1.699880 -444.108551
v 531.345215 -0.777622 -412.309082
v 532.103027 -0.760152 -412.106995
v 530.559875 -0.880425 -409.951599
v 529.718628 -0.980957 -407.613129
v 530.469482 -0.964361 -407.390900
v 531.314331 -0.863385 -409.739410
v 524.721863 -1.448028 -396.291931
v 523.578125 -1.534016 -394.139587
v 524.249573 -1.520431 -393.774170
v 525.420471 -1.433902 -395.980652
v 522.336487 -1.617427 -391.955017
v 521.080078 -1.698213 -389.809357
v 521.751770 -1.685760 -389.446777
v 523.026428 -1.604399 -391.595764
v 528.821960 -1.079175 -405.294952
v 527.870361 -1.175035 -402.998413
v 528.613281 -1.159378 -402.756409
v 529.568970 -1.063041 -405.062805
v 526.884949 -1.268494 -400.765656
v 525.836487 -1.359506 -398.550629
v 526.538452 -1.344853 -398.214050
v 527.602905 -1.253331 -400.473053
v 519.760071 -1.776335 -387.730499
v 518.380981 -1.851746 -385.623810
v 519.050415 -1.840491 -385.241730
v 520.426147 -1.764473 -387.328339
v 516.973694 -1.924404 -383.591949
v 515.525085 -1.994263 -381.661133
v 516.151611 -1.984268 -381.168610
v 517.625305 -1.913770 -383.188080
v 516.851807 -1.898834 -383.678741
v 515.405273 -1.968485 -381.750793
v 519.634216 -1.751167 -387.811401
v 518.257019 -1.826381 -385.707672
v 522.206909 -1.592638 -392.029877
v 520.945923 -1.673238 -389.885773
v 524.588867 -1.423598 -396.360504
v 523.446777 -1.509410 -394.211273
v 526.748840 -1.244402 -400.827850
v 525.701904 -1.335248 -398.616028
v 528.683044 -1.055401 -405.350616
v 527.732788 -1.151105 -403.057343
v 530.418457 -0.856947 -410.000580
v 529.578430 -0.957333 -407.665436
v 531.930664 -0.649391 -414.726440
v 531.202698 -0.754284 -412.354675
v 513.892456 -2.035288 -379.777893
v 514.010132 -2.061279 -379.685425
v 514.630127 -2.051940 -379.184418
v 510.864014 -2.339282 -356.540314
v 509.298950 -2.358424 -354.576935
v 509.415985 -2.384023 -354.483643
v 510.981018 -2.310248 -356.447052
v 507.907562 -2.429606 -352.825409
v 507.115448 -2.498153 -351.684387
v 507.242065 -2.523751 -351.604584
v 508.026581 -2.455205 -352.734711
v 510.077209 -2.339281 -357.130157
v 508.512146 -2.413057 -355.166687
v 507.114777 -2.484237 -353.407532
v 506.299896 -2.552786 -352.233704
v 505.592468 -2.618661 -350.992279
v 506.598358 -2.589623 -350.539856
v 506.465210 -2.564030 -350.608124
v 505.887360 -2.627184 -349.345032
v 506.026062 -2.652771 -349.288879
v 505.423920 -2.687561 -348.035614
v 505.078522 -2.745127 -346.690216
v 505.224945 -2.770714 -346.659485
v 505.567047 -2.713148 -347.992004
v 504.998047 -2.681817 -349.692932
v 504.521301 -2.742192 -348.345947
v 504.165985 -2.799759 -346.961884
v 504.854736 -2.799837 -345.458008
v 504.711182 -2.851648 -344.112396
v 504.860718 -2.877235 -344.108032
v 505.003326 -2.825424 -345.440369
v 504.685730 -2.900515 -342.740845
v 504.829254 -2.946394 -341.451569
v 504.977234 -2.971982 -341.473724
v 504.835083 -2.926102 -342.749786
v 503.934937 -2.854469 -345.551819
v 503.829956 -2.906280 -344.126740
v 503.851898 -2.955147 -342.698029
v 504.000580 -3.001027 -341.276855
v 505.095856 -2.989242 -340.088379
v 505.611755 -3.029013 -338.272827
v 505.755249 -3.054600 -338.315186
v 505.241272 -3.014829 -340.123566
v 504.274841 -3.043874 -339.874542
v 504.796478 -3.083647 -338.037567
v 505.507111 -3.120298 -335.629456
v 506.203888 -3.120298 -335.909088
v 506.347382 -3.091253 -335.951447
v 538.000793 -3.284848 -132.279007
v 536.190491 -3.284848 -131.978043
v 536.218994 -3.276704 -131.831192
v 538.021667 -3.276704 -132.130844
v 537.778687 -3.305747 -133.302765
v 535.945435 -3.305748 -132.997986
v 534.395203 -3.284847 -131.585648
v 534.434143 -3.276703 -131.438400
v 534.130249 -3.305748 -132.598511
v 532.625427 -3.284847 -131.095795
v 532.671814 -3.276703 -130.953552
v 532.338013 -3.305749 -132.105377
v 531.046265 -3.276703 -130.379379
v 546.756287 -3.289196 -156.904236
v 547.482971 -3.305747 -157.060242
v 546.849670 -3.305747 -159.348053
v 546.140381 -3.285410 -159.143845
v 545.992920 -3.279790 -159.103928
v 546.609558 -3.282880 -156.875122
v 546.962463 -3.289196 -154.869980
v 547.704163 -3.305748 -154.874725
v 546.815674 -3.282880 -154.872696
v 546.751221 -3.289196 -152.764023
v 547.481262 -3.305748 -152.680557
v 546.605652 -3.282881 -152.798477
v 546.076721 -3.289196 -150.917145
v 546.819885 -3.305748 -150.567215
v 545.944336 -3.282881 -150.980591
v 545.052063 -3.289197 -149.045547
v 545.743469 -3.305748 -148.621979
v 544.926819 -3.282881 -149.140579
v 543.661133 -3.289197 -147.424316
v 544.292725 -3.305748 -146.925598
v 543.554993 -3.282880 -147.535538
v 542.134766 -3.289197 -146.195953
v 542.528320 -3.305749 -145.548645
v 542.060120 -3.282882 -146.324066
v 540.258423 -3.289197 -145.186554
v 540.588440 -3.305749 -144.499237
v 540.208862 -3.282882 -145.319824
v 538.281738 -3.289197 -144.484985
v 538.538574 -3.305749 -143.779449
v 538.246155 -3.282882 -144.630188
v 536.362732 -3.305748 -143.387726
v 536.264893 -3.279881 -144.106598
v 536.282166 -3.284457 -143.979431
v 536.241333 -3.279259 -144.259338
v 536.302429 -3.289805 -143.830780
v 530.995850 -3.284841 -130.520203
v 529.285400 -3.284851 -129.853378
v 529.343750 -3.276707 -129.714630
v 530.573486 -3.305748 -131.519958
v 528.842041 -3.305730 -130.843872
v 527.613159 -3.284852 -129.100464
v 527.677185 -3.276707 -128.962234
v 527.147278 -3.305730 -130.078690
v 526.104736 -3.284851 -128.274261
v 526.175171 -3.276707 -128.142242
v 525.494263 -3.305731 -129.226547
v 524.521057 -3.284845 -127.350998
v 524.595093 -3.276706 -127.221085
v 523.887451 -3.305731 -128.289719
v 522.981445 -3.284850 -126.344360
v 523.064819 -3.276706 -126.219101
v 522.331177 -3.305732 -127.270721
v 521.499390 -3.284851 -125.262726
v 521.588318 -3.276706 -125.139038
v 520.829773 -3.305732 -126.172302
v 520.071777 -3.284850 -124.099091
v 520.169617 -3.276706 -123.983711
v 519.386963 -3.305732 -124.997330
v 518.801453 -3.284844 -123.018311
v 518.902405 -3.276706 -122.907074
v 518.007019 -3.305731 -123.749008
v 517.507141 -3.284844 -121.718620
v 517.610779 -3.276706 -121.610748
v 516.693359 -3.305732 -122.430656
v 516.271606 -3.284851 -120.344536
v 516.387878 -3.276705 -120.248993
v 515.449768 -3.305732 -121.045807
v 515.116028 -3.284851 -118.917908
v 515.237061 -3.276704 -118.825516
v 514.279480 -3.305732 -119.598160
v 514.038391 -3.284848 -117.432068
v 514.161499 -3.276704 -117.344086
v 513.185730 -3.305732 -118.091614
v 513.082520 -3.284845 -115.950394
v 513.211548 -3.276704 -115.873444
v 512.171387 -3.305732 -116.530197
v 513.083923 -3.305742 -115.951515
v 425.774323 -3.276694 -11.804483
v 423.475372 -3.276694 -10.712275
v 423.536652 -3.305740 -10.575775
v 425.841156 -3.305738 -11.670630
v 430.235962 -3.276693 -14.272497
v 428.029144 -3.276694 -12.991817
v 428.101440 -3.305739 -12.860788
v 430.313568 -3.305739 -14.144539
v 423.932922 -3.305740 -9.849077
v 426.254150 -3.305740 -10.951817
v 428.530731 -3.305739 -12.150560
v 430.758850 -3.305739 -13.443563
v 416.466858 -3.276695 -8.047724
v 414.111176 -3.276696 -7.329595
v 414.149292 -3.305741 -7.184924
v 416.510925 -3.305741 -7.904717
v 421.136292 -3.276694 -9.716831
v 418.761169 -3.276695 -8.819565
v 418.811066 -3.305740 -8.678484
v 421.191925 -3.305740 -9.577915
v 414.284241 -3.305741 -6.428617
v 416.742767 -3.305741 -7.132631
v 419.173096 -3.305740 -7.938101
v 421.571259 -3.305740 -8.844023
v 438.506561 -3.276693 -20.287346
v 436.529785 -3.276693 -18.654331
v 436.622559 -3.305738 -18.536911
v 438.604065 -3.305738 -20.173840
v 437.113190 -3.305739 -17.867416
v 439.108978 -3.305738 -19.516106
v 442.257050 -3.276693 -23.796848
v 440.416748 -3.276693 -22.002411
v 440.518860 -3.305737 -21.893007
v 442.363556 -3.305737 -23.691704
v 441.037476 -3.305739 -21.247513
v 442.895416 -3.305737 -23.059095
v 432.473663 -3.305739 -15.519917
v 432.934448 -3.305739 -14.828804
v 432.390839 -3.276693 -15.644548
v 411.684937 -3.305741 -6.587793
v 411.802002 -3.305743 -5.827231
v 411.652771 -3.276696 -6.733930
v 434.490051 -3.276693 -17.105927
v 434.567627 -3.305739 -16.977966
v 435.053864 -3.305739 -16.304211
v 444.134827 -3.305738 -25.567053
v 444.679382 -3.305738 -24.947783
v 444.024109 -3.276693 -25.667740
v 184.599731 14.843511 -512.962158
v 185.491669 14.742819 -510.836090
v 186.154007 14.758283 -511.117371
v 185.266312 14.858075 -513.233154
v 186.436859 14.645223 -508.732880
v 187.434830 14.551098 -506.653625
v 188.087967 14.568459 -506.955109
v 187.094757 14.661617 -509.024292
v 188.484894 14.460850 -504.599854
v 189.586487 14.374879 -502.572601
v 190.229401 14.394240 -502.893799
v 189.133072 14.479198 -504.911194
v 190.738861 14.293612 -500.573334
v 191.934814 14.216219 -498.603088
v 192.564117 14.236576 -498.943420
v 191.374893 14.313941 -500.904114
v 198.623611 13.860322 -489.230927
v 200.098373 13.795560 -487.460327
v 200.688278 13.815918 -487.854431
v 199.220657 13.880677 -489.616425
v 201.616669 13.733021 -485.727051
v 203.177689 13.672728 -484.031982
v 203.752731 13.693085 -484.442627
v 202.199280 13.753376 -486.129456
v 193.178421 14.140872 -496.663269
v 194.469971 14.067574 -494.754913
v 195.087036 14.087931 -495.113770
v 193.801758 14.161228 -497.012909
v 195.808533 13.996362 -492.879333
v 197.193405 13.927265 -491.037598
v 197.797333 13.947621 -491.414398
v 196.419174 14.016718 -493.247223
v 204.780319 13.614723 -482.376373
v 206.423706 13.559033 -480.761078
v 206.983093 13.579391 -481.187500
v 205.347656 13.635079 -482.794983
v 208.106705 13.505698 -479.187256
v 209.828415 13.454745 -477.655701
v 210.371368 13.475102 -478.097107
v 208.658005 13.526054 -479.621216
v 211.587631 13.406212 -476.167511
v 213.383377 13.360129 -474.723511
v 213.909180 13.380486 -475.179047
v 212.122131 13.426568 -476.616058
v 215.214417 13.316534 -473.324677
v 215.608597 13.316533 -473.891479
v -63.827988 10.434266 -850.549805
v -65.762390 10.200458 -848.838196
v -65.079498 10.200458 -847.843750
v -67.644836 9.964216 -847.068848
v -69.473770 9.725616 -845.243225
v -68.490463 9.725616 -844.333862
v -66.671097 9.964212 -846.149902
v -71.247452 9.484774 -843.363037
v -72.964249 9.241765 -841.429932
v -71.919220 9.241765 -840.601318
v -70.254929 9.484770 -842.463379
v -74.622559 8.996704 -839.445679
v -76.220978 8.749671 -837.411987
v -75.158981 8.749671 -836.604126
v -73.568924 8.996703 -838.627319
v -83.263367 7.488366 -826.566895
v -84.472855 7.231542 -824.276184
v -83.217072 7.231542 -823.808350
v -82.013870 7.488361 -826.087219
v -85.613281 6.973424 -821.949585
v -86.683533 6.714093 -819.589111
v -85.416260 6.714093 -819.145569
v -84.351578 6.973418 -821.493774
v -77.757843 8.500773 -835.330688
v -79.231873 8.250091 -833.203491
v -78.154251 8.250091 -832.417603
v -76.687927 8.500769 -834.533569
v -80.641632 7.997738 -831.032593
v -81.985916 7.743792 -828.819702
v -80.894028 7.743792 -828.056519
v -79.556732 7.997734 -830.257935
v -87.682587 6.454605 -817.197144
v -88.609573 6.245684 -814.775452
v -87.351395 6.246512 -814.439819
v -86.410095 6.454621 -816.765991
v -89.463547 6.034375 -812.326538
v -90.243744 5.820750 -809.852417
v -88.977112 5.823127 -809.542236
v -88.200943 6.035985 -812.003540
v -90.949448 5.604928 -807.355347
v -91.579941 5.386982 -804.837646
v -90.306381 5.390821 -804.553406
v -89.679138 5.608043 -807.058105
v -92.132248 5.167035 -802.329956
v -90.856583 5.171566 -802.055115
v -27.394562 13.764747 -869.015381
v -29.891418 13.583045 -868.395020
v -29.482849 13.583016 -867.212891
v -26.999023 13.764718 -867.830078
v -32.369049 13.397376 -867.699646
v -34.825409 13.207824 -866.929932
v -34.391113 13.207793 -865.755493
v -31.947632 13.397344 -866.521179
v -37.257935 13.014493 -866.086670
v -39.664795 12.817468 -865.170349
v -39.174530 12.817442 -864.063293
v -36.811096 13.014460 -864.916565
v -42.043488 12.616863 -864.182007
v -44.392212 12.412757 -863.122253
v -43.877228 12.412729 -862.025879
v -41.540894 12.616834 -863.080017
v -55.608276 11.343148 -856.788940
v -57.731812 11.120074 -855.323059
v -57.090729 11.120047 -854.294861
v -54.978241 11.343118 -855.753052
v -59.810760 10.894185 -853.793762
v -61.843536 10.665552 -852.202148
v -61.181076 10.665524 -851.190186
v -59.158981 10.894152 -852.773438
v -46.708344 12.205255 -861.992188
v -48.990173 11.994443 -860.792725
v -48.394592 11.994415 -859.736084
v -46.124725 12.205225 -860.929321
v -51.235382 11.780430 -859.525024
v -53.442139 11.563292 -858.189941
v -52.823364 11.563267 -857.146851
v -50.628174 11.780396 -858.474854
v -63.827911 10.434294 -850.549927
v -63.155151 10.434262 -849.546448
v -227.940948 -9.402897 -810.499451
v -229.184891 -9.387814 -812.708191
v -230.558060 -9.438656 -811.646912
v -229.330994 -9.453289 -809.468140
v -237.740875 -9.161084 -822.007080
v -239.850403 -9.086614 -823.439087
v -240.679871 -9.138436 -822.133911
v -238.600677 -9.212937 -820.754211
v -242.065750 -9.002816 -824.705933
v -244.374313 -8.909848 -825.799866
v -244.916107 -8.961396 -824.324646
v -242.640793 -9.054536 -823.246765
v -230.596191 -9.362428 -814.816772
v -232.166916 -9.326898 -816.812683
v -233.499756 -9.378385 -815.695801
v -231.950287 -9.413631 -813.726929
v -233.887970 -9.281388 -818.683716
v -235.749588 -9.226060 -820.418762
v -236.700439 -9.277871 -819.064331
v -235.197571 -9.333074 -817.541626
v -246.762238 -8.807881 -826.714050
v -249.215836 -8.697065 -827.442810
v -249.657013 -8.748071 -825.974670
v -247.238647 -8.859189 -825.225464
v -251.720444 -8.577578 -827.981262
v -254.261581 -8.449564 -828.326111
v -254.333191 -8.499772 -826.778320
v -252.070831 -8.628213 -826.448853
v -256.824036 -8.313208 -828.474731
v -259.392944 -8.168653 -828.425964
v -259.371307 -8.217824 -827.019287
v -256.858307 -8.362920 -826.963013
v -261.952759 -8.016069 -828.179749
v -264.488708 -7.855611 -827.737122
v -264.181000 -7.903540 -826.547607
v -261.878326 -8.064641 -826.867188
v -266.985352 -7.687463 -827.100342
v -269.428162 -7.511758 -826.272766
v -269.031433 -7.558240 -825.215454
v -266.631439 -7.734685 -825.982422
v -271.802277 -7.328683 -825.259033
v -271.366455 -7.374372 -824.251831
v -226.871948 -9.405735 -808.205566
v -228.275757 -9.455589 -807.203735
v 459.479431 29.972822 -766.291321
v 461.745239 29.994156 -767.347900
v 461.287109 29.994156 -768.303162
v 459.021362 29.972822 -767.246582
v 464.010986 30.015787 -768.404480
v 466.276733 30.037710 -769.460999
v 465.818695 30.037712 -770.416260
v 463.552917 30.015789 -769.359680
v 468.542480 30.059921 -770.517517
v 470.808258 30.082411 -771.574097
v 470.350189 30.082415 -772.529358
v 468.084473 30.059919 -771.472778
v 473.074036 30.105179 -772.630676
v 475.339722 30.128214 -773.687134
v 474.881683 30.128214 -774.642395
v 472.615967 30.105181 -773.585876
v 486.668671 30.247210 -778.969910
v 488.934387 30.271727 -780.026428
v 488.476379 30.271730 -780.981750
v 486.210602 30.247211 -779.925171
v 491.200134 30.296471 -781.083008
v 493.465942 30.321436 -782.139526
v 493.007904 30.321440 -783.094788
v 490.742096 30.296474 -782.038269
v 477.605591 30.151512 -774.743713
v 479.871338 30.175066 -775.800293
v 479.413300 30.175070 -776.755554
v 477.147491 30.151514 -775.698975
v 482.137115 30.198872 -776.856812
v 484.402893 30.222921 -777.913391
v 483.944824 30.222923 -778.868652
v 481.679077 30.198874 -777.812073
v 493.982727 30.397587 -798.750793
v 496.248566 30.423370 -799.807373
v 495.768311 30.463001 -800.740051
v 493.502563 30.414089 -799.683533
v 495.731750 30.346613 -783.196045
v 497.997437 30.371998 -784.252625
v 497.539459 30.372004 -785.207886
v 495.273682 30.346617 -784.151367
v 500.263275 30.397585 -785.309204
v 502.529053 30.423367 -786.365723
v 502.071014 30.423370 -787.320984
v 499.805237 30.397589 -786.264465
v 498.514282 30.449341 -800.863892
v 500.426453 30.475494 -801.751831
v 499.920258 30.562328 -802.671143
v 498.034119 30.515480 -801.796631
v 501.540833 30.501823 -802.400574
v 502.555847 30.528324 -803.216248
v 501.944153 30.631973 -804.055298
v 500.978912 30.598419 -803.283752
v 505.357208 30.663174 -809.136902
v 505.351379 30.690569 -810.514465
v 504.337555 30.793816 -810.429138
v 504.340210 30.769468 -809.118042
v 505.138336 30.718090 -811.888184
v 504.719086 30.745735 -813.226746
v 503.740784 30.839909 -813.013794
v 504.137482 30.817389 -811.737671
v 503.446289 30.554989 -804.183350
v 504.189606 30.581814 -805.282959
v 503.313202 30.691126 -805.796509
v 502.604462 30.662134 -804.753662
v 504.766052 30.608791 -806.492432
v 505.159393 30.635914 -807.786377
v 504.240631 30.744095 -808.070801
v 503.863800 30.718204 -806.944702
v 504.099518 30.773495 -814.499146
v 503.290070 30.801365 -815.675476
v 502.661835 30.883305 -815.028198
v 503.152740 30.861021 -814.227661
v 502.305786 30.829338 -816.727051
v 500.931549 30.857410 -817.790283
v 500.383453 30.916447 -817.070801
v 501.724823 30.901751 -816.033142
v 498.883698 30.885571 -819.224243
v 496.835785 30.913816 -820.658142
v 496.287689 30.933830 -819.938660
v 498.335541 30.923874 -818.504761
v 494.787964 30.942137 -822.092102
v 492.740051 30.970533 -823.526062
v 492.191925 30.971655 -822.806519
v 494.239777 30.949392 -821.372620
v 490.692139 30.998995 -824.960022
v 490.144043 30.998993 -824.240479
v 504.794830 30.449335 -787.422241
v 504.336761 30.449339 -788.377563
v 161.315475 24.985945 -927.275513
v 159.280182 24.714518 -925.823730
v 159.842545 24.614414 -925.049438
v 161.877838 24.885839 -926.501160
v 157.244888 24.443495 -924.372009
v 155.209610 24.173147 -922.920227
v 155.771988 24.073042 -922.145874
v 157.807251 24.343390 -923.597656
v 153.174316 23.903742 -921.468506
v 151.139038 23.635551 -920.016724
v 151.701401 23.535450 -919.242371
v 153.736679 23.803638 -920.694153
v 149.103745 23.368847 -918.565002
v 147.068451 23.103897 -917.113220
v 147.630829 23.003796 -916.338867
v 149.666107 23.268744 -917.790649
v 136.891998 21.814976 -909.854431
v 134.856705 21.566250 -908.402649
v 135.419067 21.466150 -907.628296
v 137.454361 21.714874 -909.080078
v 132.824829 21.321178 -906.963196
v 130.772949 21.080030 -905.566162
v 131.323486 20.979931 -904.783630
v 133.382996 21.221081 -906.185913
v 145.033157 22.840975 -915.661438
v 142.997879 22.580353 -914.209717
v 143.560242 22.480251 -913.435364
v 145.595520 22.740871 -914.887085
v 140.962570 22.322296 -912.757935
v 138.927277 22.067081 -911.306152
v 139.489670 21.966980 -910.531860
v 141.524933 22.222195 -911.983582
v 128.692703 20.843073 -904.211609
v 126.585068 20.610582 -902.900146
v 127.120094 20.510481 -902.107788
v 129.235565 20.742973 -903.424072
v 124.450851 20.382822 -901.632324
v 122.291046 20.160072 -900.408752
v 122.810165 20.059973 -899.607178
v 124.977982 20.282722 -900.835327
v 120.106476 19.942596 -899.229858
v 117.898117 19.730669 -898.096191
v 118.400955 19.630568 -897.286072
v 120.617493 19.842495 -898.423889
v 115.666885 19.524555 -897.008240
v 113.413742 19.324535 -895.966370
v 113.899963 19.224438 -895.148315
v 116.161469 19.424459 -896.194031
v 101.989914 18.425232 -891.509277
v 99.625610 18.267429 -890.752930
v 99.923279 18.167330 -889.870239
v 102.296341 18.325134 -890.629456
v 97.246201 18.117607 -890.045349
v 94.852798 17.976044 -889.386902
v 95.132797 17.875946 -888.499207
v 97.535080 18.017511 -889.160095
v 111.139618 19.130873 -894.971130
v 108.845535 18.943840 -894.022888
v 109.314835 18.843742 -893.197632
v 111.617432 19.030775 -894.149353
v 106.669312 18.763708 -893.167175
v 104.338150 18.590750 -892.314148
v 104.653290 18.490652 -891.437256
v 106.993103 18.663610 -892.293457
v 92.446274 17.843002 -888.777893
v 90.027802 17.718760 -888.218506
v 90.289932 17.618664 -887.326477
v 92.717377 17.742907 -887.887939
v 87.598282 17.603582 -887.708984
v 85.158829 17.497746 -887.249634
v 85.402893 17.397650 -886.354004
v 87.851410 17.503487 -886.815063
v 82.710403 17.401514 -886.840576
v 80.430954 17.315165 -886.481934
v 80.480026 17.215069 -885.583496
v 82.945404 17.301418 -885.943420
v 77.967789 17.238964 -886.173950
v 75.498779 17.173183 -885.916748
v 75.529541 17.073090 -885.016174
v 78.007690 17.138868 -885.274353
v 63.095184 17.010077 -885.389771
v 60.595200 17.009529 -885.389771
v 60.584229 16.909435 -884.487244
v 63.084229 16.909983 -884.487244
v 58.095184 17.009529 -885.389771
v 55.595200 17.009529 -885.389771
v 55.584244 16.909437 -884.487244
v 58.084244 16.909435 -884.487244
v 73.025009 17.118095 -885.710388
v 70.547562 17.073971 -885.554993
v 70.559967 16.973877 -884.653076
v 73.046600 17.018002 -884.809082
v 68.067383 17.041079 -885.450623
v 65.585602 17.019690 -885.397278
v 65.579651 16.919596 -884.494812
v 68.070618 16.940985 -884.548340
v 53.121185 17.009541 -885.389709
v 53.106384 16.909437 -884.487183
v 274.167786 33.349983 -959.898804
v 271.794434 33.323505 -960.074280
v 271.843994 33.313244 -958.533508
v 269.417236 33.296574 -960.194031
v 267.037231 33.254395 -960.258057
v 267.104919 33.245907 -958.729858
v 269.461548 33.287174 -958.668030
v 264.656097 33.219166 -960.266174
v 262.274811 33.173824 -960.218445
v 262.338531 33.167301 -958.734497
v 264.721100 33.211636 -958.758606
v 259.894958 33.119202 -960.114868
v 257.517517 33.056141 -959.955444
v 257.582520 33.051758 -958.527405
v 259.958588 33.113724 -958.657410
v 245.715576 32.641090 -958.324402
v 243.381226 32.535503 -957.832458
v 243.481049 32.535503 -956.639771
v 245.806458 32.641090 -957.085693
v 241.058655 32.420570 -957.285828
v 238.748962 32.296558 -956.684692
v 238.870300 32.296558 -955.591675
v 241.168610 32.420567 -956.141724
v 255.144135 32.985523 -959.740295
v 252.775879 32.908211 -959.469482
v 252.847412 32.906116 -958.108826
v 255.211700 32.982262 -958.344543
v 250.414215 32.825115 -959.143127
v 248.060287 32.737061 -958.761353
v 248.143448 32.737061 -957.479248
v 250.490875 32.824219 -957.820312
v 236.453659 32.163754 -956.029480
v 234.173782 32.022408 -955.320374
v 234.321259 32.022408 -954.336914
v 236.587463 32.163746 -954.989990
v 231.910828 31.872803 -954.557922
v 232.072968 31.872799 -953.632629
v 318.839813 33.288937 -945.097839
v 316.810577 33.338501 -946.322388
v 316.408844 33.324028 -945.443176
v 318.429108 33.275013 -944.223999
v 314.752838 33.379318 -947.499146
v 312.667511 33.410812 -948.627686
v 312.284149 33.395592 -947.738281
v 314.360168 33.364414 -946.614807
v 310.555939 33.434963 -949.707153
v 308.419159 33.455612 -950.737000
v 308.032196 33.439865 -949.762512
v 310.181885 33.419453 -948.812988
v 306.258423 33.472652 -951.716675
v 304.074768 33.485989 -952.645569
v 303.669159 33.469982 -951.525452
v 305.860870 33.456741 -950.666748
v 301.869568 33.495552 -953.523132
v 299.643799 33.501316 -954.348999
v 299.229736 33.485325 -953.104980
v 301.458344 33.479515 -952.338318
v 297.398987 33.503307 -955.122498
v 295.136047 33.501591 -955.843323
v 294.724213 33.485905 -954.498596
v 296.984589 33.487434 -953.825134
v 283.595459 33.442520 -958.642883
v 281.250916 33.422203 -959.039612
v 280.915192 33.409039 -957.545166
v 283.239532 33.428768 -957.156738
v 278.897339 33.399761 -959.381287
v 276.535797 33.375561 -959.667786
v 276.249664 33.363731 -958.177429
v 278.584808 33.387238 -957.885437
v 292.856445 33.496265 -956.510986
v 290.561310 33.487492 -957.125122
v 290.163025 33.472382 -955.704346
v 292.449921 33.480827 -955.125061
v 288.251923 33.475449 -957.685364
v 285.929504 33.460369 -958.191406
v 285.556458 33.446102 -956.720398
v 287.864716 33.460724 -956.236206
v 274.059875 33.338936 -958.337158
v 320.839325 33.231251 -943.826294
v 320.419739 33.218002 -942.958130
v -307.758942 20.118631 -492.247345
v -307.350525 20.118631 -489.679077
v -306.444336 20.118631 -489.833649
v -306.835327 20.118631 -487.129700
v -306.214111 20.118631 -484.603424
v -305.381409 20.118631 -484.874023
v -305.932800 20.118631 -487.302490
v -305.488007 20.118631 -482.104919
v -304.658203 20.118631 -479.638306
v -303.836609 20.118631 -479.944458
v -304.660461 20.118631 -482.393372
v -303.726074 20.118631 -477.208099
v -302.693237 20.118633 -474.818329
v -301.885712 20.118633 -475.158997
v -302.911163 20.118633 -477.531616
v -296.308868 20.118635 -463.685181
v -294.965576 20.118635 -461.576660
v -294.218750 20.118635 -462.040833
v -295.561981 20.118635 -464.149323
v -301.561493 20.118633 -472.473389
v -300.332672 20.118633 -470.177155
v -299.573120 20.118633 -470.620117
v -300.762024 20.118633 -472.830811
v -299.008972 20.118633 -467.933838
v -297.652100 20.118635 -465.793640
v -296.905243 20.118635 -466.257812
v -298.258881 20.118633 -468.392761
v -319.308197 20.118616 -542.547607
v -319.308228 20.118616 -540.047607
v -318.481750 20.118624 -540.047607
v -318.481750 20.118624 -542.547607
v -319.308197 20.118616 -537.547607
v -319.308197 20.118616 -535.047607
v -318.481750 20.118624 -535.047607
v -318.481750 20.118624 -537.547607
v -319.308197 20.118616 -532.547607
v -319.308197 20.118616 -530.047607
v -318.481750 20.118624 -530.047607
v -318.481750 20.118624 -532.547607
v -319.308197 20.118616 -527.547607
v -319.308197 20.118616 -525.047668
v -318.481750 20.118624 -525.047607
v -318.481750 20.118624 -527.547607
v -308.341797 20.118628 -517.547668
v -308.341797 20.118628 -515.047546
v -307.425964 20.118628 -515.047546
v -307.425964 20.118628 -517.547607
v -319.308197 20.118616 -522.547607
v -319.308197 20.118616 -520.047607
v -318.481750 20.118626 -520.047607
v -318.481750 20.118626 -522.547607
v -308.341797 20.118628 -502.547607
v -308.337524 20.118629 -500.020203
v -307.421692 20.118629 -500.025269
v -307.425964 20.118629 -502.547546
v -308.252899 20.118629 -497.422546
v -308.059967 20.118629 -494.830078
v -307.146149 20.118629 -494.872406
v -307.337677 20.118629 -497.446228
v -308.341797 20.118628 -512.547607
v -308.341797 20.118628 -510.047577
v -307.425964 20.118628 -510.047577
v -307.425964 20.118628 -512.547546
v -308.341797 20.118628 -507.547638
v -308.341797 20.118628 -505.047546
v -307.425964 20.118629 -505.047546
v -307.425964 20.118628 -507.547546
v -307.759094 20.118631 -492.247589
v -306.849823 20.118633 -492.383484
v -319.308197 20.118618 -517.547668
v -318.481750 20.118628 -517.547607
v 197.253403 20.540915 -618.371216
v 195.487930 20.404226 -616.947632
v 196.035553 20.404243 -616.254761
v 197.785065 20.540930 -617.665466
v 193.789490 20.267757 -615.444824
v 192.161469 20.131529 -613.865906
v 192.739075 20.131546 -613.200806
v 194.352386 20.267773 -614.765442
v 190.609406 19.995676 -612.214233
v 189.142181 19.863489 -610.493164
v 189.818283 19.862253 -610.035522
v 191.198990 19.995598 -611.563965
v 187.753860 19.736048 -608.706421
v 186.447296 19.612581 -606.857605
v 187.147903 19.608976 -606.432739
v 188.442551 19.733627 -608.264832
v 181.234451 19.029699 -596.823242
v 180.471649 18.915407 -594.687622
v 181.226593 18.905479 -594.372498
v 181.982437 19.020658 -596.488770
v 179.806488 18.800560 -592.519470
v 179.240387 18.684690 -590.322998
v 180.011154 18.673277 -590.165649
v 180.567505 18.789835 -592.223755
v 185.225464 19.492355 -604.950745
v 184.090881 19.374630 -602.989685
v 184.812881 19.368708 -602.599670
v 185.937134 19.487576 -604.543030
v 183.046036 19.258715 -600.978638
v 182.093185 19.143942 -598.921631
v 182.833359 19.135876 -598.568298
v 183.777527 19.251690 -600.606689
v 178.774658 18.567423 -588.103149
v 178.410339 18.448429 -585.864258
v 179.188782 18.435982 -585.747131
v 179.549728 18.555429 -587.965759
v 178.148285 18.327475 -583.611328
v 177.989090 18.204380 -581.348755
v 178.771500 18.191399 -581.272278
v 178.929169 18.314692 -583.514404
v 166.960907 18.578411 -579.083374
v 166.955399 18.452457 -576.582458
v 167.808487 18.353479 -576.582397
v 167.813965 18.479435 -579.083252
v 166.949951 18.327381 -574.082458
v 166.944519 18.203220 -571.582458
v 167.797592 18.104244 -571.582397
v 167.803024 18.228405 -574.082458
v 166.918060 17.597294 -559.082458
v 166.912933 17.479317 -556.582458
v 167.765991 17.380342 -556.582397
v 167.771133 17.498320 -559.082397
v 166.907822 17.362488 -554.082458
v 166.902756 17.246840 -551.582458
v 167.755829 17.147867 -551.582458
v 167.760880 17.263514 -554.082397
v 166.939148 18.080006 -569.082458
v 166.933807 17.957775 -566.582458
v 167.786880 17.858801 -566.582397
v 167.792221 17.981031 -569.082397
v 166.928513 17.836555 -564.082397
v 166.923279 17.716383 -561.582458
v 167.776337 17.617411 -561.582458
v 167.781586 17.737581 -564.082397
v 166.897781 17.132404 -549.082458
v 166.898254 17.018984 -546.554504
v 167.751297 16.920012 -546.559082
v 167.750839 17.033432 -549.082397
v 166.951599 16.904535 -543.987488
v 167.068817 16.788618 -541.422729
v 167.921082 16.689680 -541.449524
v 167.804398 16.805574 -544.003174
v 167.249771 16.671267 -538.861755
v 167.494400 16.552519 -536.306213
v 168.344772 16.453665 -536.355225
v 168.101227 16.572365 -538.899658
v 167.802521 16.432415 -533.757690
v 168.173950 16.310999 -531.217712
v 169.021347 16.212275 -531.288757
v 168.651535 16.333620 -533.817688
v 168.608459 16.188313 -528.687927
v 169.105774 16.064404 -526.169861
v 169.949097 15.965858 -526.262756
v 169.453949 16.089672 -528.769897
v 169.665588 15.939315 -523.665039
v 170.506470 15.840877 -523.768738
v 167.029800 18.702448 -581.834778
v 167.882385 18.603493 -581.814270
v 204.908844 21.089121 -623.216125
v 202.913834 20.951914 -622.137573
v 203.394394 20.951916 -621.397827
v 205.371429 21.089121 -622.466675
v 200.970322 20.814795 -620.968933
v 199.082169 20.677782 -619.712585
v 199.597290 20.677782 -618.994751
v 201.468369 20.814793 -620.239746
v 209.258789 21.363632 -625.280823
v 206.992950 21.226368 -624.224243
v 207.440948 21.226368 -623.467712
v 209.706711 21.363630 -624.524231
v 197.253525 20.540920 -618.371277
v 341.246887 28.506483 -712.285889
v 338.981079 28.433691 -711.229309
v 339.773041 28.481165 -710.283020
v 342.038818 28.553955 -711.339539
v 336.734009 28.358845 -710.109497
v 334.553040 28.281967 -708.863342
v 335.388855 28.329443 -707.940552
v 337.547699 28.406319 -709.174011
v 332.445984 28.203102 -707.494995
v 330.419373 28.122272 -706.008728
v 331.296875 28.169746 -705.114807
v 333.302979 28.250574 -706.585999
v 328.480042 28.039524 -704.409424
v 326.634125 27.954878 -702.702026
v 327.549866 28.002352 -701.841492
v 329.377136 28.086994 -703.531555
v 324.887787 27.868378 -700.892090
v 323.246582 27.780048 -698.985352
v 324.196594 27.827522 -698.162292
v 325.821167 27.915852 -700.049805
v 321.716034 27.689930 -696.988037
v 320.300964 27.598051 -694.906311
v 321.280640 27.645527 -694.124390
v 322.681396 27.737404 -696.185059
v 318.994629 27.504452 -692.764771
v 317.570679 27.409159 -690.441589
v 318.551819 27.456636 -689.661987
v 319.980774 27.551924 -691.993286
vn -0.0036 0.9984 0.0560
vn -0.0021 0.9985 0.0554
vn 0.0524 0.9982 0.0301
vn 0.0524 0.9982 0.0308
vn -0.0588 0.9950 0.0807
vn -0.0575 0.9950 0.0811
vn -0.0057 0.9984 0.0567
vn 0.0526 0.9981 0.0318
vn -0.0633 0.9947 0.0811
vn -0.0031 0.9983 0.0579
vn 0.0529 0.9980 0.0351
vn -0.0590 0.9950 0.0804
vn -0.0022 0.9982 0.0598
vn 0.0537 0.9979 0.0372
vn -0.0581 0.9949 0.0822
vn -0.0022 0.9982 0.0600
vn 0.0539 0.9978 0.0374
vn -0.0581 0.9949 0.0823
vn -0.0040 0.9981 0.0608
vn 0.0543 0.9978 0.0372
vn -0.0622 0.9945 0.0843
vn -0.0020 0.9982 0.0601
vn 0.0538 0.9978 0.0376
vn -0.0581 0.9949 0.0825
vn -0.0020 0.9982 0.0603
vn 0.0539 0.9978 0.0377
vn -0.0579 0.9949 0.0827
vn -0.0020 0.9982 0.0605
vn 0.0541 0.9978 0.0379
vn -0.0578 0.9949 0.0828
vn -0.0038 0.9981 0.0613
vn 0.0545 0.9978 0.0376
vn -0.0620 0.9945 0.0848
vn -0.0019 0.9982 0.0605
vn 0.0540 0.9978 0.0380
vn -0.0579 0.9949 0.0829
vn -0.0018 0.9982 0.0607
vn 0.0541 0.9978 0.0381
vn -0.0577 0.9949 0.0831
vn -0.0018 0.9981 0.0609
vn 0.0542 0.9978 0.0383
vn -0.0577 0.9949 0.0832
vn -0.0036 0.9981 0.0617
vn 0.0546 0.9978 0.0380
vn -0.0619 0.9944 0.0851
vn -0.0017 0.9981 0.0608
vn 0.0541 0.9978 0.0383
vn -0.0019 0.9982 0.0607
vn -0.0578 0.9949 0.0830
vn -0.0051 0.9983 0.0587
vn 0.0535 0.9979 0.0355
vn -0.0632 0.9947 0.0814
vn -0.0051 0.9984 0.0555
vn 0.0519 0.9980 0.0348
vn -0.0611 0.9952 0.0759
vn -0.0012 0.9973 0.0739
vn -0.2774 0.5121 -0.8129
vn -0.3038 0.6019 -0.7385
vn 0.3877 -0.0004 0.9218
vn 0.4102 -0.0002 0.9120
vn 0.4091 -0.0002 0.9125
vn 0.4331 0.0001 0.9014
vn -0.3322 0.0044 -0.9432
vn -0.0843 0.9964 -0.0116
vn -0.0856 0.9962 -0.0144
vn 0.0078 0.9978 0.0666
vn 0.0074 0.9978 0.0658
vn -0.1764 0.9802 -0.0903
vn -0.1736 0.9806 -0.0915
vn -0.0861 0.9962 -0.0102
vn 0.0072 0.9979 0.0646
vn -0.1800 0.9799 -0.0861
vn -0.0880 0.9961 -0.0086
vn 0.0070 0.9980 0.0635
vn -0.1835 0.9796 -0.0819
vn -0.0899 0.9959 -0.0071
vn 0.0068 0.9980 0.0626
vn -0.1872 0.9793 -0.0776
vn -0.0917 0.9958 -0.0054
vn 0.0067 0.9981 0.0617
vn -0.1907 0.9789 -0.0733
vn -0.0934 0.9956 -0.0036
vn 0.0067 0.9981 0.0610
vn -0.1943 0.9785 -0.0689
vn -0.0952 0.9955 -0.0018
vn 0.0068 0.9982 0.0603
vn -0.1979 0.9781 -0.0645
vn -0.0970 0.9953 0.0001
vn 0.0069 0.9982 0.0598
vn -0.2017 0.9776 -0.0601
vn -0.0987 0.9951 0.0021
vn 0.0071 0.9982 0.0593
vn -0.2053 0.9771 -0.0555
vn -0.1005 0.9949 0.0041
vn 0.0075 0.9982 0.0588
vn -0.2091 0.9766 -0.0510
vn -0.1022 0.9947 0.0062
vn 0.0079 0.9983 0.0585
vn -0.2130 0.9760 -0.0463
vn -0.1039 0.9946 0.0084
vn 0.0084 0.9983 0.0582
vn -0.2169 0.9753 -0.0416
vn -0.1055 0.9944 0.0106
vn 0.0090 0.9983 0.0580
vn -0.2209 0.9746 -0.0368
vn -0.1079 0.9941 0.0129
vn 0.0102 0.9982 0.0592
vn -0.2239 0.9741 -0.0331
vn -0.0999 0.9948 0.0182
vn 0.0175 0.9980 0.0600
vn -0.2186 0.9755 -0.0252
vn -0.1011 0.9947 0.0209
vn 0.0184 0.9981 0.0594
vn -0.2212 0.9751 -0.0183
vn -0.0952 0.9951 0.0254
vn 0.0183 0.9981 0.0589
vn -0.2095 0.9778 -0.0094
vn -0.0953 0.9950 0.0282
vn 0.0194 0.9981 0.0585
vn -0.2105 0.9776 -0.0033
vn -0.1077 0.9938 0.0282
vn 0.0199 0.9981 0.0581
vn -0.2340 0.9722 -0.0026
vn -0.1071 0.9938 0.0308
vn 0.0213 0.9981 0.0578
vn -0.2354 0.9719 0.0026
vn -0.1009 0.9943 0.0347
vn 0.0227 0.9981 0.0575
vn -0.2249 0.9743 0.0106
vn -0.1006 0.9942 0.0377
vn 0.0244 0.9981 0.0572
vn -0.2254 0.9741 0.0170
vn -0.0968 0.9945 0.0392
vn 0.0261 0.9980 0.0568
vn -0.2201 0.9753 0.0205
vn -0.5867 0.0007 0.8098
vn -0.6268 0.0004 0.7792
vn -0.6269 0.0004 0.7791
vn -0.6693 -0.0000 0.7430
vn 0.1477 -0.0399 -0.9882
vn 0.1414 -0.0420 -0.9891
vn 0.1380 -0.0431 -0.9895
vn 0.1309 -0.0455 -0.9904
vn -0.0050 -0.0000 1.0000
vn -0.0035 -0.0000 1.0000
vn -0.0033 -0.0000 1.0000
vn -0.0019 -0.0000 1.0000
vn -0.0618 0.9975 0.0335
vn -0.0621 0.9975 0.0341
vn -0.1078 0.9936 0.0339
vn -0.1074 0.9937 0.0334
vn -0.0160 0.9993 0.0336
vn -0.0161 0.9993 0.0341
vn -0.0619 0.9975 0.0327
vn -0.1077 0.9937 0.0326
vn -0.0160 0.9993 0.0327
vn -0.0618 0.9976 0.0321
vn -0.1075 0.9937 0.0319
vn -0.0160 0.9994 0.0321
vn -0.0619 0.9976 0.0314
vn -0.1077 0.9937 0.0313
vn -0.0160 0.9994 0.0315
vn -0.0618 0.9976 0.0308
vn -0.1075 0.9937 0.0306
vn -0.0160 0.9994 0.0308
vn -0.0619 0.9976 0.0301
vn -0.1077 0.9937 0.0300
vn -0.0160 0.9994 0.0302
vn -0.0618 0.9977 0.0295
vn -0.1075 0.9938 0.0293
vn -0.0160 0.9994 0.0295
vn -0.0619 0.9977 0.0288
vn -0.1077 0.9938 0.0287
vn -0.0160 0.9995 0.0288
vn -0.0618 0.9977 0.0281
vn -0.1075 0.9938 0.0280
vn -0.0160 0.9995 0.0282
vn -0.0619 0.9977 0.0274
vn -0.1077 0.9938 0.0273
vn -0.0160 0.9995 0.0275
vn -0.0618 0.9977 0.0267
vn -0.1075 0.9938 0.0266
vn -0.0160 0.9995 0.0268
vn -0.0619 0.9977 0.0260
vn -0.1077 0.9938 0.0259
vn -0.0160 0.9995 0.0261
vn -0.0619 0.9978 0.0253
vn -0.1076 0.9939 0.0252
vn -0.0160 0.9996 0.0254
vn -0.0619 0.9978 0.0246
vn -0.1077 0.9939 0.0245
vn -0.0160 0.9996 0.0246
vn -0.0619 0.9978 0.0239
vn -0.1075 0.9939 0.0238
vn -0.0160 0.9996 0.0239
vn -0.0619 0.9978 0.0231
vn -0.1077 0.9939 0.0230
vn -0.0160 0.9996 0.0232
vn -0.0619 0.9978 0.0224
vn -0.1077 0.9939 0.0223
vn -0.0160 0.9996 0.0224
vn -0.0619 0.9979 0.0216
vn -0.1076 0.9940 0.0215
vn -0.0160 0.9996 0.0217
vn -0.0620 0.9979 0.0212
vn -0.1077 0.9940 0.0211
vn -0.0160 0.9996 0.0213
vn -0.0646 0.9974 0.0335
vn -0.0650 0.9973 0.0341
vn -0.0648 0.9974 0.0327
vn -0.0646 0.9974 0.0320
vn -0.0648 0.9974 0.0317
vn -0.0000 1.0000 0.0020
vn -0.0000 1.0000 0.0029
vn -0.0000 1.0000 0.0016
vn -0.0000 1.0000 0.0038
vn -0.0000 1.0000 0.0043
vn -0.0619 0.9979 0.0201
vn -0.0617 0.9979 0.0205
vn -0.1076 0.9940 0.0204
vn -0.1077 0.9940 0.0200
vn -0.0160 0.9997 0.0201
vn -0.0160 0.9997 0.0205
vn -0.0619 0.9979 0.0193
vn -0.1077 0.9940 0.0192
vn -0.0160 0.9997 0.0193
vn -0.0620 0.9979 0.0187
vn -0.1067 0.9941 0.0187
vn -0.0160 0.9997 0.0185
vn -0.0416 0.9990 0.0176
vn -0.0649 0.9978 0.0162
vn -0.0160 0.9997 0.0181
vn -0.0169 0.9997 0.0184
vn -0.0649 0.9977 0.0201
vn -0.0647 0.9977 0.0204
vn -0.0647 0.9977 0.0205
vn -0.0648 0.9977 0.0193
vn -0.0648 0.9978 0.0104
vn -0.0648 0.9978 0.0103
vn -0.0649 0.9979 0.0019
vn -0.0000 1.0000 -0.0000
vn -0.0000 1.0000 0.0001
vn -0.0000 1.0000 0.0004
vn -0.0000 1.0000 0.0010
vn -0.0000 1.0000 0.0011
vn -0.0004 1.0000 -0.0011
vn -0.0004 1.0000 -0.0010
vn 0.2352 0.9461 -0.2225
vn 0.2336 0.9463 -0.2236
vn 0.1208 0.9900 -0.0730
vn 0.1195 0.9905 -0.0674
vn -0.0029 0.9961 0.0887
vn -0.0011 0.9959 0.0901
vn 0.2386 0.9458 -0.2203
vn 0.1229 0.9903 -0.0649
vn 0.0022 0.9957 0.0927
vn 0.2419 0.9454 -0.2182
vn 0.1262 0.9900 -0.0627
vn 0.0054 0.9954 0.0952
vn 0.2449 0.9451 -0.2162
vn 0.1293 0.9898 -0.0605
vn 0.0084 0.9952 0.0976
vn 0.2478 0.9448 -0.2145
vn 0.1322 0.9895 -0.0584
vn 0.0112 0.9949 0.0998
vn 0.2504 0.9445 -0.2127
vn 0.1349 0.9893 -0.0565
vn 0.0139 0.9947 0.1018
vn 0.2530 0.9441 -0.2112
vn 0.1374 0.9890 -0.0548
vn 0.0163 0.9945 0.1037
vn 0.2552 0.9439 -0.2096
vn 0.1397 0.9888 -0.0531
vn 0.0185 0.9943 0.1055
vn 0.2573 0.9436 -0.2083
vn 0.1418 0.9885 -0.0516
vn 0.0206 0.9940 0.1071
vn 0.2593 0.9433 -0.2071
vn 0.1438 0.9883 -0.0501
vn 0.0227 0.9938 0.1085
vn 0.2555 0.9461 -0.1990
vn 0.1426 0.9887 -0.0463
vn 0.0241 0.9938 0.1083
vn -0.7832 0.2576 -0.5658
vn -0.7767 0.2581 -0.5745
vn -0.7758 0.2582 -0.5757
vn -0.7696 0.2596 -0.5833
vn -0.7697 0.2596 -0.5833
vn 0.7960 -0.0228 0.6049
vn 0.7954 -0.0230 0.6057
vn 0.7949 -0.0232 0.6063
vn -0.7704 0.2570 -0.5835
vn -0.0041 1.0000 -0.0004
vn -0.0043 1.0000 -0.0003
vn -0.0206 0.9952 0.0954
vn -0.0252 0.9955 0.0918
vn -0.0437 0.9817 0.1855
vn -0.0463 0.9817 0.1849
vn -0.0275 0.9950 0.0959
vn -0.0489 0.9817 0.1842
vn 0.0387 0.9953 0.0888
vn 0.0279 0.9970 0.0718
vn -0.0062 1.0000 0.0028
vn -0.0062 1.0000 0.0029
vn 0.0345 0.9955 0.0880
vn 0.0240 0.9970 0.0734
vn -0.0061 1.0000 0.0026
vn -0.0062 1.0000 0.0027
vn 0.0246 0.9955 0.0915
vn 0.0158 0.9970 0.0758
vn -0.0059 1.0000 0.0022
vn -0.0060 1.0000 0.0023
vn 0.0087 0.9955 0.0946
vn 0.0037 0.9968 0.0797
vn -0.0056 1.0000 0.0009
vn 0.0038 0.9955 0.0942
vn -0.0011 0.9970 0.0771
vn -0.0055 1.0000 0.0002
vn -0.0057 1.0000 0.0003
vn 0.0195 0.9955 0.0928
vn 0.0105 0.9972 0.0734
vn -0.0058 1.0000 0.0020
vn -0.0059 1.0000 0.0021
vn 0.0133 0.9955 0.0934
vn 0.0075 0.9966 0.0819
vn -0.0060 1.0000 0.0006
vn -0.0059 1.0000 0.0015
vn -0.0014 0.9955 0.0945
vn -0.0053 0.9970 0.0771
vn -0.0052 1.0000 -0.0000
vn -0.0053 1.0000 0.0001
vn -0.0066 0.9955 0.0943
vn -0.0095 0.9970 0.0768
vn -0.0050 1.0000 -0.0001
vn -0.0051 1.0000 -0.0000
vn -0.0118 0.9955 0.0939
vn -0.0136 0.9970 0.0762
vn -0.0047 1.0000 -0.0002
vn -0.0048 1.0000 -0.0002
vn -0.0169 0.9955 0.0932
vn -0.0177 0.9970 0.0755
vn -0.0044 1.0000 -0.0003
vn -0.0046 1.0000 -0.0003
vn -0.0080 0.9818 0.1896
vn -0.0139 0.9879 0.1546
vn 0.0027 0.9818 0.1897
vn -0.0052 0.9879 0.1551
vn -0.0292 0.9818 0.1875
vn -0.0310 0.9879 0.1522
vn -0.0187 0.9818 0.1888
vn -0.0224 0.9879 0.1536
vn 0.0136 0.9818 0.1893
vn 0.0035 0.9879 0.1551
vn 0.0230 0.9818 0.1886
vn 0.0132 0.9871 0.1593
vn 0.0330 0.9818 0.1872
vn 0.0212 0.9862 0.1639
vn 0.0451 0.9819 0.1842
vn 0.0273 0.9889 0.1461
vn 0.0757 0.9818 0.1741
vn 0.0546 0.9879 0.1450
vn 0.0814 0.9820 0.1707
vn 0.0627 0.9879 0.1415
vn 0.0555 0.9818 0.1815
vn 0.0380 0.9879 0.1502
vn 0.0464 0.9879 0.1477
vn 0.0199 0.9970 0.0746
vn -0.0060 1.0000 0.0024
vn 0.0657 0.9818 0.1781
vn 0.0296 0.9955 0.0899
vn -0.0061 1.0000 0.0025
vn -0.0350 0.9817 -0.1874
vn -0.0298 0.9817 -0.1883
vn -0.0198 0.9954 -0.0937
vn -0.0215 0.9954 -0.0933
vn -0.0419 0.9816 -0.1860
vn -0.0385 0.9816 -0.1868
vn -0.0233 0.9954 -0.0930
vn -0.0250 0.9954 -0.0925
vn -0.0080 1.0000 0.0005
vn -0.0080 1.0000 0.0006
vn -0.0080 1.0000 0.0007
vn -0.0488 0.9817 -0.1843
vn -0.0454 0.9817 -0.1852
vn -0.0267 0.9954 -0.0921
vn -0.0284 0.9954 -0.0916
vn -0.0557 0.9817 -0.1824
vn -0.0523 0.9817 -0.1834
vn -0.0301 0.9954 -0.0911
vn -0.0318 0.9954 -0.0906
vn -0.0080 1.0000 0.0008
vn -0.0079 1.0000 0.0008
vn -0.0079 1.0000 0.0009
vn -0.0079 1.0000 0.0010
vn -0.0624 0.9817 -0.1802
vn -0.0590 0.9817 -0.1813
vn -0.0334 0.9954 -0.0900
vn -0.0351 0.9954 -0.0894
vn -0.0690 0.9816 -0.1778
vn -0.0657 0.9817 -0.1790
vn -0.0367 0.9954 -0.0888
vn -0.0384 0.9954 -0.0882
vn -0.0078 1.0000 0.0010
vn -0.0078 1.0000 0.0011
vn -0.0078 1.0000 0.0012
vn -0.0077 1.0000 0.0012
vn -0.0411 0.9948 -0.0933
vn -0.0077 1.0000 0.0013
vn -0.0706 0.9817 -0.1771
vn 0.0006 0.9817 -0.1907
vn 0.0042 0.9816 -0.1907
vn -0.0020 0.9954 -0.0953
vn -0.0038 0.9954 -0.0953
vn -0.0080 1.0000 -0.0002
vn -0.0080 1.0000 -0.0001
vn -0.0066 0.9817 -0.1905
vn -0.0030 0.9817 -0.1906
vn -0.0056 0.9954 -0.0952
vn -0.0074 0.9954 -0.0951
vn -0.0137 0.9816 -0.1902
vn -0.0102 0.9817 -0.1904
vn -0.0091 0.9954 -0.0950
vn -0.0109 0.9954 -0.0949
vn -0.0080 1.0000 -0.0000
vn -0.0081 1.0000 0.0001
vn -0.0209 0.9816 -0.1896
vn -0.0173 0.9817 -0.1899
vn -0.0127 0.9954 -0.0947
vn -0.0145 0.9954 -0.0945
vn -0.0279 0.9817 -0.1886
vn -0.0244 0.9817 -0.1891
vn -0.0163 0.9954 -0.0943
vn -0.0180 0.9954 -0.0940
vn -0.0081 1.0000 0.0002
vn -0.0081 1.0000 0.0003
vn -0.0080 1.0000 0.0004
vn -0.0010 0.9953 -0.0967
vn -0.0080 1.0000 -0.0003
vn 0.0060 0.9816 -0.1907
vn -0.0054 1.0000 0.0004
vn -0.0055 1.0000 0.0004
vn -0.0056 1.0000 0.0004
vn -0.0059 1.0000 0.0003
vn -0.0060 1.0000 0.0003
vn -0.0061 1.0000 0.0002
vn -0.0062 1.0000 0.0002
vn -0.0063 1.0000 0.0001
vn -0.0065 1.0000 0.0001
vn -0.0066 1.0000 -0.0000
vn -0.0067 1.0000 -0.0000
vn -0.0066 1.0000 0.0001
vn -0.0072 1.0000 -0.0003
vn -0.0073 1.0000 -0.0003
vn -0.0072 1.0000 -0.0002
vn -0.0074 1.0000 -0.0004
vn -0.0068 1.0000 -0.0000
vn -0.0069 1.0000 -0.0001
vn -0.0070 1.0000 -0.0001
vn -0.0071 1.0000 -0.0002
vn -0.0075 1.0000 -0.0005
vn -0.0065 0.9972 0.0744
vn -0.0052 0.9972 0.0745
vn -0.0025 0.9972 0.0748
vn 0.0001 0.9972 0.0750
vn 0.0002 0.9972 0.0750
vn 0.0028 0.9972 0.0751
vn 0.0058 0.9972 0.0750
vn 0.0061 0.9971 0.0752
vn 0.0030 0.9972 0.0751
vn 0.0068 0.9973 0.0734
vn 0.0093 0.9973 0.0729
vn 0.0091 0.9973 0.0730
vn 0.0069 0.9973 0.0736
vn 0.0243 0.9973 0.0695
vn 0.0252 0.9973 0.0693
vn 0.0254 0.9973 0.0692
vn 0.0280 0.9973 0.0684
vn 0.0306 0.9973 0.0673
vn 0.0304 0.9973 0.0674
vn 0.0281 0.9973 0.0684
vn 0.0131 0.9973 0.0722
vn 0.0159 0.9973 0.0716
vn 0.0130 0.9973 0.0722
vn 0.0186 0.9973 0.0710
vn 0.0225 0.9973 0.0700
vn 0.0226 0.9973 0.0700
vn 0.0333 0.9973 0.0658
vn 0.0359 0.9973 0.0643
vn 0.0359 0.9973 0.0644
vn 0.0332 0.9973 0.0659
vn 0.0393 0.9973 0.0622
vn 0.0410 0.9973 0.0606
vn 0.0411 0.9973 0.0606
vn 0.0394 0.9973 0.0623
vn 0.0415 0.9973 0.0608
vn 0.0414 0.9973 0.0607
vn -0.0171 0.9998 -0.0096
vn -0.0450 0.9982 -0.0399
vn -0.0362 0.9987 -0.0353
vn 0.0006 1.0000 -0.0004
vn -0.0316 0.9983 -0.0494
vn -0.0305 0.9983 -0.0502
vn -0.0294 0.9983 -0.0510
vn -0.0283 0.9983 -0.0518
vn -0.0272 0.9982 -0.0526
vn -0.0261 0.9982 -0.0534
vn -0.0209 0.9982 -0.0570
vn -0.0199 0.9981 -0.0578
vn -0.0190 0.9981 -0.0584
vn -0.0180 0.9981 -0.0591
vn -0.0250 0.9982 -0.0541
vn -0.0240 0.9982 -0.0549
vn -0.0230 0.9982 -0.0556
vn -0.0219 0.9982 -0.0563
vn -0.0170 0.9981 -0.0598
vn -0.0161 0.9980 -0.0605
vn -0.0152 0.9980 -0.0611
vn -0.0143 0.9980 -0.0618
vn -0.0134 0.9980 -0.0624
vn -0.0125 0.9979 -0.0630
vn -0.0116 0.9979 -0.0636
vn -0.0019 0.9982 -0.0597
vn -0.0108 0.9979 -0.0643
vn 0.0483 0.9982 -0.0344
vn 0.0305 0.9986 -0.0436
vn -0.0563 0.9929 0.1051
vn -0.0576 0.9929 0.1038
vn -0.1280 0.9803 0.1505
vn -0.1242 0.9803 0.1536
vn 0.0141 0.9985 0.0536
vn 0.0143 0.9983 0.0560
vn -0.0596 0.9930 0.1022
vn -0.0616 0.9930 0.1005
vn -0.1349 0.9803 0.1442
vn -0.1315 0.9803 0.1474
vn -0.0635 0.9931 0.0988
vn -0.0654 0.9931 0.0970
vn -0.1417 0.9803 0.1377
vn -0.1383 0.9803 0.1410
vn 0.0138 0.9983 0.0558
vn 0.0134 0.9984 0.0556
vn 0.0129 0.9984 0.0554
vn 0.0125 0.9984 0.0552
vn 0.0120 0.9984 0.0550
vn -0.0729 0.9924 0.0995
vn -0.1438 0.9802 0.1362
vn 0.0141 0.9986 0.0515
vn -0.0464 0.9941 0.0977
vn -0.1206 0.9807 0.1538
vn -0.0691 0.9932 0.0933
vn -0.1481 0.9803 0.1307
vn -0.0709 0.9933 0.0914
vn -0.0726 0.9933 0.0894
vn -0.1541 0.9803 0.1234
vn -0.1511 0.9803 0.1271
vn 0.0116 0.9984 0.0548
vn 0.0111 0.9984 0.0546
vn 0.0107 0.9985 0.0544
vn -0.0807 0.9936 0.0790
vn -0.0821 0.9937 0.0767
vn -0.1703 0.9804 0.0995
vn -0.1679 0.9803 0.1037
vn -0.0835 0.9937 0.0745
vn -0.0848 0.9938 0.0722
vn -0.1749 0.9804 0.0909
vn -0.1728 0.9803 0.0953
vn 0.0085 0.9985 0.0533
vn 0.0081 0.9986 0.0531
vn 0.0077 0.9986 0.0529
vn 0.0073 0.9986 0.0527
vn -0.0743 0.9934 0.0874
vn -0.0760 0.9934 0.0854
vn -0.1599 0.9803 0.1157
vn -0.1571 0.9803 0.1196
vn -0.0776 0.9935 0.0833
vn -0.0792 0.9936 0.0812
vn -0.1654 0.9803 0.1078
vn -0.1626 0.9803 0.1118
vn 0.0103 0.9985 0.0542
vn 0.0098 0.9985 0.0540
vn 0.0094 0.9985 0.0538
vn 0.0090 0.9985 0.0536
vn 0.0070 0.9986 0.0526
vn -0.0873 0.9936 0.0715
vn -0.1767 0.9802 0.0889
vn 0.0531 0.9970 0.0557
vn 0.0528 0.9970 0.0563
vn -0.0330 0.9986 0.0419
vn -0.0330 0.9985 0.0433
vn 0.0524 0.9970 0.0570
vn 0.0520 0.9970 0.0575
vn -0.0329 0.9987 0.0391
vn -0.0330 0.9986 0.0405
vn 0.0516 0.9970 0.0581
vn 0.0513 0.9970 0.0588
vn -0.0325 0.9988 0.0363
vn -0.0327 0.9988 0.0377
vn 0.1368 0.9875 0.0784
vn 0.1360 0.9874 0.0811
vn 0.1386 0.9876 0.0732
vn 0.1377 0.9876 0.0758
vn 0.1402 0.9878 0.0678
vn 0.1395 0.9877 0.0705
vn 0.1346 0.9873 0.0849
vn 0.0509 0.9969 0.0593
vn -0.0324 0.9989 0.0353
vn 0.1410 0.9878 0.0666
vn 0.0547 0.9970 0.0556
vn -0.0329 0.9985 0.0440
vn -0.0850 0.9940 0.0683
vn -0.0874 0.9939 0.0675
vn -0.1791 0.9804 0.0821
vn -0.1774 0.9805 0.0841
vn -0.0886 0.9939 0.0651
vn -0.0897 0.9940 0.0627
vn -0.1829 0.9804 0.0730
vn -0.1811 0.9804 0.0776
vn 0.0068 0.9986 0.0522
vn 0.0065 0.9986 0.0522
vn 0.0061 0.9986 0.0520
vn 0.0057 0.9986 0.0517
vn -0.0907 0.9941 0.0602
vn -0.0918 0.9941 0.0577
vn -0.1863 0.9804 0.0637
vn -0.1845 0.9804 0.0683
vn -0.0927 0.9942 0.0552
vn -0.0936 0.9942 0.0526
vn -0.1890 0.9805 0.0541
vn -0.1876 0.9805 0.0589
vn 0.0053 0.9987 0.0515
vn 0.0049 0.9987 0.0512
vn 0.0045 0.9987 0.0510
vn 0.0041 0.9987 0.0507
vn 0.0038 0.9987 0.0507
vn -0.0918 0.9945 0.0514
vn -0.1904 0.9803 0.0517
vn 0.0506 0.9969 0.0600
vn -0.0320 0.9989 0.0336
vn 0.0503 0.9969 0.0606
vn 0.0501 0.9969 0.0612
vn -0.0313 0.9990 0.0310
vn -0.0317 0.9990 0.0323
vn 0.0477 0.9968 0.0637
vn 0.0465 0.9968 0.0646
vn -0.0318 0.9993 0.0218
vn -0.0308 0.9992 0.0235
vn 0.0477 0.9967 0.0653
vn 0.0451 0.9969 0.0650
vn -0.0292 0.9994 0.0197
vn -0.0298 0.9993 0.0207
vn 0.0498 0.9968 0.0618
vn 0.0494 0.9968 0.0626
vn -0.0303 0.9991 0.0285
vn -0.0308 0.9991 0.0297
vn 0.0480 0.9968 0.0632
vn 0.0477 0.9969 0.0632
vn -0.0325 0.9992 0.0246
vn -0.0317 0.9991 0.0266
vn 0.0469 0.9967 0.0668
vn 0.0472 0.9966 0.0674
vn -0.0270 0.9995 0.0176
vn -0.0288 0.9994 0.0183
vn 0.0459 0.9966 0.0688
vn 0.0457 0.9965 0.0696
vn -0.0271 0.9995 0.0145
vn -0.0265 0.9995 0.0165
vn 0.1200 0.9853 0.1219
vn 0.1187 0.9851 0.1246
vn 0.1229 0.9857 0.1152
vn 0.1221 0.9855 0.1175
vn 0.1253 0.9860 0.1097
vn 0.1207 0.9865 0.1109
vn 0.1274 0.9864 0.1042
vn 0.1260 0.9862 0.1078
vn 0.1291 0.9866 0.1000
vn 0.1284 0.9865 0.1017
vn 0.1312 0.9869 0.0940
vn 0.1300 0.9868 0.0968
vn 0.1331 0.9871 0.0888
vn 0.1322 0.9870 0.0915
vn 0.1341 0.9872 0.0863
vn 0.1194 0.9850 0.1249
vn 0.0458 0.9966 0.0689
vn -0.0263 0.9996 0.0138
vn -0.0814 0.9958 -0.0418
vn 0.0325 0.9979 0.0563
vn 0.1142 0.9866 0.1163
vn -0.1670 0.9813 -0.0962
vn 0.0196 0.9977 0.0651
vn 0.0180 0.9972 0.0721
vn 0.1143 0.9844 0.1342
vn 0.1108 0.9850 0.1326
vn -0.0179 0.9998 0.0020
vn -0.0617 0.9980 -0.0101
vn -0.0680 0.9977 -0.0004
vn -0.0728 0.9973 0.0112
vn -0.0694 0.9974 0.0177
vn 0.0303 0.9975 0.0640
vn 0.1205 0.9838 0.1331
vn 0.0325 0.9976 0.0609
vn 0.1394 0.9848 0.1039
vn 0.0374 0.9978 0.0556
vn 0.0415 0.9978 0.0526
vn 0.1558 0.9848 0.0773
vn 0.1487 0.9848 0.0892
vn -0.0684 0.9975 0.0193
vn -0.0678 0.9974 0.0227
vn -0.0666 0.9974 0.0272
vn 0.0469 0.9978 0.0474
vn 0.0496 0.9980 0.0401
vn 0.1670 0.9848 0.0473
vn 0.1617 0.9847 0.0644
vn 0.0492 0.9982 0.0334
vn 0.0540 0.9982 0.0246
vn 0.1713 0.9852 0.0069
vn 0.1703 0.9850 0.0274
vn -0.0623 0.9976 0.0301
vn -0.0626 0.9975 0.0332
vn -0.0623 0.9973 0.0380
vn -0.0570 0.9976 0.0402
vn 0.0542 0.9984 0.0136
vn 0.0551 0.9984 0.0098
vn 0.1679 0.9854 -0.0264
vn 0.1698 0.9854 -0.0143
vn -0.0560 0.9976 0.0396
vn -0.0486 0.9980 0.0409
vn 0.0055 0.9999 0.0136
vn -0.0858 0.9951 0.0499
vn -0.1618 0.9838 0.0777
vn -0.0061 0.9993 -0.0368
vn -0.0070 0.9993 -0.0362
vn -0.0103 0.9985 -0.0534
vn -0.0089 0.9985 -0.0536
vn -0.0033 0.9998 -0.0197
vn -0.0038 0.9998 -0.0196
vn -0.0087 0.9993 -0.0353
vn -0.0128 0.9986 -0.0519
vn -0.0048 0.9998 -0.0194
vn -0.0110 0.9993 -0.0351
vn -0.0163 0.9985 -0.0518
vn -0.0059 0.9998 -0.0189
vn -0.0127 0.9993 -0.0344
vn -0.0182 0.9985 -0.0512
vn -0.0066 0.9998 -0.0181
vn 0.0314 0.9995 -0.0055
vn 0.0219 0.9998 -0.0041
vn 0.0259 0.9996 -0.0058
vn 0.0314 0.9995 -0.0070
vn 0.0361 0.9993 -0.0083
vn 0.0416 0.9991 -0.0071
vn 0.0320 0.9995 -0.0000
vn 0.0223 0.9998 -0.0000
vn 0.0430 0.9991 -0.0001
vn 0.0307 0.9995 0.0069
vn 0.0222 0.9997 0.0044
vn 0.0412 0.9991 0.0094
vn 0.0283 0.9995 0.0128
vn 0.0186 0.9998 0.0084
vn 0.0391 0.9991 0.0177
vn 0.0243 0.9996 0.0170
vn 0.0168 0.9998 0.0115
vn 0.0331 0.9992 0.0228
vn 0.0210 0.9995 0.0219
vn 0.0145 0.9998 0.0149
vn 0.0286 0.9992 0.0295
vn 0.0175 0.9995 0.0263
vn 0.0120 0.9998 0.0182
vn 0.0238 0.9991 0.0354
vn 0.0131 0.9995 0.0298
vn 0.0088 0.9998 0.0199
vn 0.0182 0.9990 0.0405
vn 0.0095 0.9995 0.0310
vn 0.0058 0.9998 0.0213
vn 0.0129 0.9991 0.0394
vn 0.0095 0.9995 0.0317
vn 0.0071 0.9998 0.0203
vn 0.0111 0.9993 0.0344
vn 0.0025 1.0000 0.0037
vn -0.0141 0.9993 -0.0335
vn -0.0209 0.9985 -0.0498
vn -0.0075 0.9998 -0.0177
vn -0.0160 0.9994 -0.0322
vn -0.0238 0.9986 -0.0478
vn -0.0085 0.9998 -0.0172
vn -0.0178 0.9993 -0.0317
vn -0.0267 0.9985 -0.0473
vn -0.0089 0.9998 -0.0162
vn -0.0190 0.9993 -0.0307
vn -0.0286 0.9985 -0.0462
vn -0.0097 0.9998 -0.0157
vn -0.0204 0.9994 -0.0296
vn -0.0308 0.9985 -0.0444
vn -0.0105 0.9998 -0.0152
vn -0.0218 0.9994 -0.0282
vn -0.0327 0.9986 -0.0423
vn -0.0113 0.9998 -0.0146
vn -0.0230 0.9994 -0.0277
vn -0.0344 0.9986 -0.0413
vn -0.0120 0.9998 -0.0143
vn -0.0246 0.9993 -0.0265
vn -0.0367 0.9985 -0.0397
vn -0.0134 0.9998 -0.0140
vn -0.0266 0.9993 -0.0252
vn -0.0395 0.9985 -0.0373
vn -0.0140 0.9998 -0.0133
vn -0.0277 0.9993 -0.0236
vn -0.0411 0.9985 -0.0351
vn -0.0147 0.9998 -0.0125
vn -0.0287 0.9993 -0.0220
vn -0.0424 0.9986 -0.0326
vn -0.0154 0.9998 -0.0118
vn -0.0299 0.9993 -0.0205
vn -0.0444 0.9986 -0.0304
vn -0.0160 0.9998 -0.0110
vn -0.0307 0.9993 -0.0198
vn -0.0454 0.9985 -0.0293
vn -0.0162 0.9998 -0.0105
vn -0.5070 -0.0787 0.8584
vn -0.5203 -0.0808 0.8501
vn -0.5210 -0.0809 0.8497
vn -0.5337 -0.0830 0.8416
vn 0.0853 0.9817 0.1704
vn 0.0782 0.9817 0.1738
vn 0.0388 0.9955 0.0862
vn 0.0423 0.9955 0.0845
vn 0.0990 0.9817 0.1628
vn 0.0922 0.9817 0.1667
vn 0.0457 0.9955 0.0827
vn 0.0491 0.9955 0.0807
vn 0.0582 0.9817 0.1815
vn 0.0503 0.9817 0.1838
vn 0.0248 0.9956 0.0907
vn 0.0289 0.9955 0.0903
vn 0.0710 0.9817 0.1768
vn 0.0641 0.9817 0.1794
vn 0.0318 0.9955 0.0891
vn 0.0352 0.9955 0.0877
vn 0.1244 0.9817 0.1444
vn 0.1183 0.9817 0.1494
vn 0.0586 0.9955 0.0741
vn 0.0617 0.9955 0.0716
vn 0.1357 0.9817 0.1336
vn 0.1302 0.9817 0.1391
vn 0.0646 0.9955 0.0690
vn 0.0673 0.9955 0.0662
vn 0.0524 0.9955 0.0786
vn 0.1056 0.9817 0.1586
vn 0.0218 0.9957 0.0900
vn 0.0449 0.9817 0.1852
vn 0.1126 0.9815 0.1545
vn 0.0557 0.9955 0.0767
vn 0.0713 0.9952 0.0673
vn 0.1386 0.9817 0.1309
vn -0.0024 0.9988 0.0481
vn -0.0030 0.9988 0.0480
vn -0.0029 0.9988 0.0480
vn -0.0023 0.9988 0.0481
vn -0.0039 0.9989 0.0475
vn -0.0050 0.9989 0.0469
vn -0.0049 0.9989 0.0468
vn -0.0038 0.9989 0.0474
vn -0.0061 0.9989 0.0463
vn -0.0074 0.9989 0.0455
vn -0.0073 0.9989 0.0454
vn -0.0060 0.9989 0.0461
vn -0.0085 0.9990 0.0450
vn -0.0083 0.9990 0.0443
vn -0.0084 0.9990 0.0444
vn -0.0067 0.9991 0.0423
vn -0.0065 0.9991 0.0419
vn -0.0065 0.9991 0.0420
vn -0.0068 0.9991 0.0424
vn -0.0062 0.9991 0.0415
vn -0.0060 0.9991 0.0410
vn -0.0061 0.9991 0.0411
vn -0.0063 0.9991 0.0415
vn -0.0079 0.9990 0.0439
vn -0.0076 0.9990 0.0435
vn -0.0077 0.9990 0.0436
vn -0.0080 0.9990 0.0440
vn -0.0073 0.9990 0.0431
vn -0.0070 0.9991 0.0427
vn -0.0070 0.9991 0.0428
vn -0.0073 0.9990 0.0432
vn -0.0058 0.9992 0.0406
vn -0.0057 0.9992 0.0402
vn -0.0059 0.9992 0.0407
vn -0.0056 0.9992 0.0397
vn -0.0055 0.9992 0.0393
vn -0.0055 0.9992 0.0394
vn -0.0056 0.9992 0.0398
vn -0.0054 0.9992 0.0389
vn -0.0008 0.9992 0.0388
vn -0.0012 0.9991 0.0433
vn 0.0155 0.9998 0.0108
vn 0.0131 0.9998 0.0173
vn -0.0756 0.9958 0.0511
vn -0.0761 0.9955 0.0559
vn -0.0808 0.9952 0.0553
vn -0.0759 0.9958 0.0509
vn -0.0629 0.9958 0.0669
vn -0.0627 0.9957 0.0681
vn -0.0630 0.9957 0.0680
vn -0.0661 0.9956 0.0657
vn -0.0626 0.9955 0.0705
vn -0.0584 0.9955 0.0739
vn -0.0596 0.9955 0.0736
vn -0.0638 0.9955 0.0702
vn -0.0581 0.9955 0.0751
vn -0.0578 0.9954 0.0762
vn -0.0581 0.9954 0.0761
vn -0.0584 0.9955 0.0750
vn -0.0355 0.9950 0.0930
vn -0.0347 0.9950 0.0935
vn -0.0350 0.9950 0.0935
vn -0.0403 0.9949 0.0929
vn -0.0338 0.9950 0.0941
vn -0.0329 0.9950 0.0945
vn -0.0332 0.9950 0.0945
vn -0.0342 0.9950 0.0941
vn -0.0574 0.9954 0.0773
vn -0.0570 0.9953 0.0784
vn -0.0574 0.9953 0.0784
vn -0.0577 0.9953 0.0773
vn -0.0566 0.9952 0.0796
vn -0.0554 0.9948 0.0860
vn -0.0606 0.9944 0.0865
vn -0.0570 0.9952 0.0796
vn -0.0284 0.9959 0.0861
vn -0.0215 0.9967 0.0782
vn -0.0223 0.9967 0.0783
vn -0.0296 0.9958 0.0868
vn -0.0214 0.9966 0.0790
vn -0.0214 0.9966 0.0798
vn -0.0215 0.9966 0.0790
vn -0.0213 0.9965 0.0806
vn -0.0213 0.9964 0.0819
vn -0.0214 0.9963 0.0827
vn -0.0672 0.9975 0.0227
vn -0.0676 0.9974 0.0235
vn -0.0677 0.9974 0.0233
vn -0.0674 0.9975 0.0225
vn -0.0687 0.9973 0.0247
vn -0.0697 0.9972 0.0259
vn -0.0699 0.9972 0.0257
vn -0.0688 0.9973 0.0245
vn -0.0711 0.9971 0.0278
vn -0.0705 0.9970 0.0314
vn -0.0710 0.9970 0.0308
vn -0.0716 0.9971 0.0272
vn -0.0713 0.9969 0.0327
vn -0.0725 0.9968 0.0349
vn -0.0733 0.9967 0.0343
vn -0.0715 0.9969 0.0325
vn -0.0732 0.9963 0.0447
vn -0.0737 0.9962 0.0461
vn -0.0740 0.9962 0.0460
vn -0.0735 0.9963 0.0446
vn -0.0742 0.9961 0.0476
vn -0.0746 0.9960 0.0490
vn -0.0750 0.9960 0.0489
vn -0.0745 0.9961 0.0475
vn -0.0710 0.9967 0.0392
vn -0.0716 0.9966 0.0405
vn -0.0718 0.9966 0.0404
vn -0.0717 0.9967 0.0386
vn -0.0722 0.9965 0.0419
vn -0.0727 0.9964 0.0433
vn -0.0730 0.9964 0.0432
vn -0.0724 0.9965 0.0418
vn -0.0745 0.9960 0.0500
vn -0.0748 0.9960 0.0498
vn -0.0239 0.9996 0.0166
vn -0.0201 0.9996 0.0219
vn -0.0203 0.9996 0.0216
vn -0.0243 0.9996 0.0160
vn 0.0028 0.9991 0.0429
vn 0.0102 0.9989 0.0447
vn 0.0104 0.9989 0.0466
vn 0.0027 0.9991 0.0426
vn 0.0175 0.9990 0.0421
vn 0.0234 0.9988 0.0432
vn 0.0233 0.9988 0.0436
vn 0.0172 0.9989 0.0436
vn -0.0162 0.9995 0.0268
vn -0.0122 0.9994 0.0314
vn -0.0122 0.9994 0.0315
vn -0.0164 0.9995 0.0266
vn -0.0072 0.9993 0.0359
vn -0.0017 0.9993 0.0376
vn -0.0020 0.9993 0.0378
vn -0.0071 0.9993 0.0371
vn 0.0292 0.9986 0.0437
vn 0.0357 0.9984 0.0446
vn 0.0363 0.9983 0.0456
vn 0.0292 0.9986 0.0441
vn 0.0434 0.9982 0.0413
vn 0.0486 0.9982 0.0345
vn 0.0493 0.9981 0.0364
vn 0.0449 0.9980 0.0440
vn 0.0540 0.9980 0.0340
vn 0.0598 0.9976 0.0339
vn 0.0599 0.9976 0.0340
vn 0.0540 0.9980 0.0342
vn 0.0671 0.9972 0.0316
vn 0.0702 0.9973 0.0217
vn 0.0713 0.9972 0.0235
vn 0.0687 0.9971 0.0331
vn 0.0752 0.9970 0.0179
vn 0.0799 0.9967 0.0134
vn 0.0804 0.9967 0.0140
vn 0.0756 0.9970 0.0185
vn 0.0812 0.9967 0.0101
vn 0.0818 0.9966 0.0107
vn -0.0262 0.9996 0.0133
vn -0.0261 0.9996 0.0132
vn -0.0077 1.0000 0.0037
vn -0.0079 1.0000 0.0038
vn -0.0080 1.0000 0.0038
vn -0.0081 1.0000 0.0039
vn -0.0082 1.0000 0.0039
vn -0.0083 1.0000 0.0040
vn -0.0084 1.0000 0.0040
vn -0.0088 1.0000 0.0042
vn -0.0089 1.0000 0.0043
vn -0.0090 1.0000 0.0043
vn -0.0090 0.9999 0.0043
vn -0.0084 1.0000 0.0041
vn -0.0085 1.0000 0.0041
vn -0.0086 1.0000 0.0041
vn -0.0087 1.0000 0.0042
vn -0.0064 0.9996 0.0272
vn 0.0045 0.9990 0.0438
vn -0.0001 0.9992 0.0393
vn -0.0108 0.9997 0.0232
vn -0.0091 0.9999 0.0044
vn -0.0092 0.9999 0.0044
vn -0.0093 0.9999 0.0044
vn -0.0093 0.9999 0.0045
vn 0.0144 0.9977 0.0667
vn 0.0228 0.9962 0.0844
vn 0.0172 0.9965 0.0812
vn 0.0095 0.9980 0.0622
vn 0.0343 0.9954 0.0892
vn 0.0512 0.9947 0.0890
vn 0.0447 0.9951 0.0882
vn 0.0291 0.9957 0.0875
vn 0.1041 0.9942 0.0266
vn 0.1018 0.9947 0.0113
vn 0.1025 0.9947 0.0107
vn 0.1048 0.9941 0.0269
vn 0.0976 0.9952 -0.0028
vn 0.0915 0.9957 -0.0155
vn 0.0924 0.9955 -0.0191
vn 0.0985 0.9951 -0.0048
vn 0.0714 0.9940 0.0829
vn 0.0828 0.9940 0.0710
vn 0.0814 0.9941 0.0711
vn 0.0659 0.9943 0.0834
vn 0.0923 0.9940 0.0590
vn 0.1031 0.9937 0.0436
vn 0.1024 0.9938 0.0429
vn 0.0906 0.9941 0.0590
vn 0.0868 0.9959 -0.0249
vn 0.0820 0.9957 -0.0440
vn 0.0826 0.9957 -0.0420
vn 0.0863 0.9960 -0.0237
vn 0.0638 0.9968 -0.0476
vn 0.0456 0.9980 -0.0440
vn 0.0466 0.9977 -0.0491
vn 0.0652 0.9965 -0.0516
vn 0.0298 0.9992 -0.0277
vn 0.0193 0.9998 -0.0112
vn 0.0202 0.9997 -0.0151
vn 0.0310 0.9990 -0.0327
vn 0.0125 0.9999 0.0003
vn 0.0096 0.9999 0.0059
vn 0.0098 0.9999 0.0050
vn 0.0131 0.9999 -0.0021
vn 0.0091 0.9999 0.0069
vn 0.0091 0.9999 0.0066
vn -0.0094 0.9999 0.0045
vn -0.0268 0.9887 0.1473
vn -0.0267 0.9887 0.1472
vn -0.0266 0.9888 0.1471
vn -0.0263 0.9888 0.1469
vn -0.0260 0.9888 0.1467
vn -0.0255 0.9889 0.1464
vn -0.0250 0.9890 0.1460
vn -0.0244 0.9890 0.1456
vn -0.0201 0.9896 0.1425
vn -0.0192 0.9897 0.1418
vn -0.0192 0.9897 0.1419
vn -0.0195 0.9898 0.1413
vn -0.0205 0.9898 0.1409
vn -0.0203 0.9898 0.1411
vn -0.0194 0.9898 0.1414
vn -0.0237 0.9891 0.1451
vn -0.0229 0.9892 0.1445
vn -0.0221 0.9893 0.1439
vn -0.0211 0.9895 0.1433
vn -0.0214 0.9899 0.1404
vn -0.0222 0.9899 0.1399
vn -0.0220 0.9899 0.1400
vn -0.0212 0.9898 0.1406
vn -0.0229 0.9900 0.1393
vn -0.0235 0.9901 0.1387
vn -0.0233 0.9900 0.1389
vn -0.0227 0.9900 0.1395
vn -0.0240 0.9901 0.1381
vn -0.0244 0.9902 0.1374
vn -0.0242 0.9902 0.1375
vn -0.0238 0.9901 0.1382
vn -0.0247 0.9903 0.1366
vn -0.0249 0.9904 0.1359
vn -0.0247 0.9904 0.1360
vn -0.0246 0.9903 0.1368
vn -0.0274 0.9921 0.1224
vn -0.0268 0.9922 0.1215
vn -0.0267 0.9922 0.1216
vn -0.0273 0.9921 0.1225
vn -0.0260 0.9924 0.1206
vn -0.0251 0.9925 0.1198
vn -0.0250 0.9925 0.1199
vn -0.0259 0.9923 0.1207
vn -0.0249 0.9905 0.1351
vn -0.0258 0.9907 0.1333
vn -0.0249 0.9906 0.1344
vn -0.0248 0.9905 0.1352
vn -0.0304 0.9917 0.1248
vn -0.0280 0.9920 0.1232
vn -0.0279 0.9920 0.1233
vn -0.0293 0.9916 0.1259
vn -0.0240 0.9926 0.1189
vn -0.0229 0.9927 0.1181
vn -0.0229 0.9927 0.1182
vn -0.0240 0.9926 0.1190
vn -0.0216 0.9929 0.1173
vn -0.0203 0.9930 0.1165
vn -0.0203 0.9930 0.1166
vn -0.0217 0.9929 0.1174
vn -0.0190 0.9932 0.1153
vn -0.0185 0.9936 0.1117
vn -0.0180 0.9935 0.1121
vn -0.0188 0.9931 0.1158
vn -0.0159 0.9937 0.1112
vn -0.0139 0.9937 0.1109
vn -0.0138 0.9937 0.1109
vn -0.0157 0.9937 0.1113
vn -0.0019 0.9939 0.1102
vn -0.0001 0.9939 0.1102
vn -0.0018 0.9939 0.1102
vn -0.0000 0.9939 0.1102
vn -0.0118 0.9938 0.1106
vn -0.0097 0.9938 0.1104
vn -0.0096 0.9938 0.1104
vn -0.0118 0.9938 0.1107
vn -0.0074 0.9939 0.1103
vn -0.0049 0.9939 0.1102
vn -0.0048 0.9939 0.1102
vn -0.0073 0.9939 0.1103
vn -0.0117 0.9999 0.0064
vn -0.0116 0.9999 0.0069
vn -0.0114 0.9999 0.0061
vn -0.0148 0.9999 0.0065
vn -0.0162 0.9999 0.0062
vn -0.0162 0.9998 0.0063
vn -0.0145 0.9999 0.0067
vn -0.0168 0.9998 0.0056
vn -0.0207 0.9998 0.0052
vn -0.0205 0.9998 0.0054
vn -0.0166 0.9998 0.0058
vn -0.0243 0.9997 0.0047
vn -0.0276 0.9996 0.0042
vn -0.0275 0.9996 0.0044
vn -0.0242 0.9997 0.0049
vn -0.0423 0.9991 0.0032
vn -0.0463 0.9989 0.0040
vn -0.0468 0.9989 0.0039
vn -0.0427 0.9991 0.0031
vn -0.0502 0.9987 0.0049
vn -0.0540 0.9985 0.0061
vn -0.0545 0.9985 0.0059
vn -0.0507 0.9987 0.0048
vn -0.0306 0.9995 0.0037
vn -0.0333 0.9994 0.0032
vn -0.0333 0.9994 0.0034
vn -0.0306 0.9995 0.0039
vn -0.0357 0.9994 0.0027
vn -0.0386 0.9993 0.0026
vn -0.0389 0.9992 0.0026
vn -0.0357 0.9994 0.0029
vn -0.0575 0.9983 0.0076
vn -0.0609 0.9981 0.0093
vn -0.0616 0.9981 0.0091
vn -0.0582 0.9983 0.0074
vn -0.0623 0.9980 0.0109
vn -0.0626 0.9980 0.0106
vn 0.0128 0.9997 0.0220
vn 0.0097 0.9997 0.0209
vn 0.0099 0.9997 0.0209
vn 0.0130 0.9997 0.0220
vn 0.0063 0.9998 0.0197
vn 0.0034 0.9998 0.0186
vn 0.0035 0.9998 0.0186
vn 0.0065 0.9998 0.0197
vn 0.0018 0.9998 0.0179
vn 0.0012 0.9999 0.0165
vn 0.0012 0.9999 0.0168
vn 0.0018 0.9998 0.0181
vn 0.0005 0.9999 0.0152
vn -0.0004 0.9999 0.0140
vn -0.0004 0.9999 0.0143
vn 0.0005 0.9999 0.0155
vn -0.0014 0.9999 0.0129
vn -0.0024 0.9999 0.0119
vn -0.0024 0.9999 0.0122
vn -0.0014 0.9999 0.0132
vn -0.0035 0.9999 0.0110
vn -0.0046 0.9999 0.0102
vn -0.0045 0.9999 0.0104
vn -0.0035 0.9999 0.0112
vn -0.0093 0.9999 0.0070
vn -0.0101 0.9999 0.0065
vn -0.0100 0.9999 0.0066
vn -0.0093 0.9999 0.0071
vn -0.0106 0.9999 0.0061
vn -0.0113 0.9999 0.0059
vn -0.0113 0.9999 0.0058
vn -0.0106 0.9999 0.0062
vn -0.0056 0.9999 0.0094
vn -0.0067 0.9999 0.0087
vn -0.0066 0.9999 0.0089
vn -0.0056 0.9999 0.0096
vn -0.0076 0.9999 0.0081
vn -0.0085 0.9999 0.0075
vn -0.0085 0.9999 0.0076
vn -0.0076 0.9999 0.0082
vn 0.0145 0.9996 0.0224
vn 0.0145 0.9996 0.0222
vn -0.0482 0.9982 0.0367
vn -0.0473 0.9982 0.0375
vn -0.0476 0.9982 0.0374
vn -0.0485 0.9982 0.0365
vn -0.0463 0.9982 0.0386
vn -0.0454 0.9982 0.0396
vn -0.0458 0.9982 0.0395
vn -0.0467 0.9982 0.0384
vn -0.0442 0.9981 0.0426
vn -0.0310 0.9983 0.0491
vn -0.0333 0.9983 0.0484
vn -0.0465 0.9980 0.0420
vn -0.0275 0.9984 0.0490
vn -0.0242 0.9985 0.0490
vn -0.0248 0.9985 0.0488
vn -0.0282 0.9984 0.0488
vn -0.0102 0.9987 0.0504
vn -0.0078 0.9987 0.0509
vn -0.0084 0.9987 0.0509
vn -0.0107 0.9987 0.0504
vn -0.0052 0.9986 0.0527
vn 0.0040 0.9985 0.0539
vn 0.0026 0.9985 0.0541
vn -0.0068 0.9986 0.0530
vn -0.0210 0.9986 0.0490
vn -0.0181 0.9986 0.0492
vn -0.0187 0.9986 0.0491
vn -0.0217 0.9986 0.0489
vn -0.0153 0.9987 0.0495
vn -0.0126 0.9987 0.0499
vn -0.0132 0.9987 0.0499
vn -0.0159 0.9987 0.0495
vn 0.0060 0.9985 0.0543
vn 0.0079 0.9985 0.0547
vn 0.0075 0.9985 0.0548
vn 0.0056 0.9985 0.0544
vn 0.0097 0.9984 0.0551
vn 0.0112 0.9984 0.0551
vn 0.0108 0.9984 0.0552
vn 0.0093 0.9984 0.0552
vn 0.1151 0.9921 0.0489
vn 0.1151 0.9921 0.0501
vn 0.1150 0.9922 0.0489
vn 0.1151 0.9921 0.0497
vn 0.1151 0.9921 0.0493
vn 0.1151 0.9922 0.0473
vn 0.1151 0.9922 0.0468
vn 0.1151 0.9923 0.0464
vn 0.1151 0.9923 0.0459
vn 0.1151 0.9921 0.0490
vn 0.1151 0.9922 0.0486
vn 0.1151 0.9922 0.0481
vn 0.1151 0.9922 0.0477
vn 0.1151 0.9923 0.0451
vn 0.1154 0.9924 0.0433
vn 0.1153 0.9924 0.0433
vn 0.1160 0.9924 0.0408
vn 0.1165 0.9924 0.0385
vn 0.1164 0.9925 0.0385
vn 0.1159 0.9924 0.0408
vn 0.1170 0.9925 0.0362
vn 0.1174 0.9925 0.0338
vn 0.1173 0.9925 0.0338
vn 0.1168 0.9925 0.0362
vn 0.1178 0.9925 0.0315
vn 0.1181 0.9926 0.0291
vn 0.1180 0.9926 0.0291
vn 0.1177 0.9926 0.0315
vn 0.1184 0.9926 0.0268
vn 0.1187 0.9926 0.0244
vn 0.1186 0.9926 0.0243
vn 0.1183 0.9926 0.0267
vn 0.1190 0.9926 0.0230
vn 0.1189 0.9926 0.0230
vn 0.1142 0.9923 0.0479
vn 0.1140 0.9923 0.0479
vn -0.0512 0.9982 0.0318
vn -0.0508 0.9982 0.0332
vn -0.0511 0.9981 0.0330
vn -0.0514 0.9982 0.0315
vn -0.0499 0.9982 0.0343
vn -0.0491 0.9982 0.0354
vn -0.0494 0.9982 0.0352
vn -0.0502 0.9982 0.0341
vn -0.0474 0.9985 0.0281
vn -0.0495 0.9983 0.0294
vn -0.0493 0.9984 0.0292
vn -0.0481 0.9982 0.0362
vn -0.0484 0.9982 0.0360
vn -0.0399 0.9991 -0.0167
vn -0.0407 0.9990 -0.0160
vn -0.0405 0.9990 -0.0162
vn -0.0421 0.9990 -0.0140
vn -0.0437 0.9990 -0.0117
vn -0.0436 0.9990 -0.0120
vn -0.0419 0.9990 -0.0144
vn -0.0453 0.9989 -0.0093
vn -0.0469 0.9989 -0.0069
vn -0.0469 0.9989 -0.0072
vn -0.0453 0.9989 -0.0096
vn -0.0483 0.9988 -0.0045
vn -0.0498 0.9988 -0.0020
vn -0.0499 0.9988 -0.0021
vn -0.0484 0.9988 -0.0047
vn -0.0511 0.9987 0.0005
vn -0.0525 0.9986 0.0031
vn -0.0527 0.9986 0.0031
vn -0.0514 0.9987 0.0005
vn -0.0538 0.9985 0.0058
vn -0.0550 0.9985 0.0084
vn -0.0553 0.9984 0.0085
vn -0.0541 0.9985 0.0059
vn -0.0550 0.9985 0.0087
vn -0.0544 0.9985 0.0076
vn -0.0543 0.9985 0.0076
vn -0.0549 0.9985 0.0086
vt 4.958011 1.800000
vt 4.466634 1.800000
vt 4.468084 1.020000
vt 4.958011 1.020000
vt 4.958011 1.980000
vt 4.466103 1.980000
vt 4.958011 1.820000
vt 4.470291 1.820000
vt 4.470291 1.010000
vt 4.958011 1.010000
vt 4.958011 1.990000
vt 4.470291 1.990000
vt 4.958011 2.000000
vt 4.958011 1.770000
vt 4.958011 1.000000
vt 4.472471 1.770000
vt 4.472471 2.000000
vt 4.472471 1.000000
vt 6.290089 2.000002
vt 5.880104 2.000001
vt 5.880153 1.000001
vt 6.290138 1.000002
vt 5.470115 2.000001
vt 5.060131 2.000000
vt 5.060180 1.000000
vt 5.470163 1.000001
vt 4.472471 1.284850
vt 3.212241 1.989998
vt 2.655224 1.989998
vt 2.655290 0.999998
vt 3.212304 0.999998
vt 2.098201 1.989997
vt 1.541182 1.989997
vt 1.541248 0.999997
vt 2.098267 0.999997
vt 5.440321 1.990000
vt 4.883305 1.990000
vt 4.883369 1.000000
vt 5.440387 1.000000
vt 4.326282 1.989999
vt 3.769262 1.989999
vt 3.769327 0.999999
vt 4.326346 0.999999
vt 9.896486 1.990004
vt 9.339468 1.990003
vt 9.339533 1.000003
vt 9.896550 1.000004
vt 8.782445 1.990003
vt 8.225426 1.990002
vt 8.225491 1.000002
vt 8.782511 1.000003
vt 7.668403 1.990002
vt 7.111386 1.990001
vt 7.111451 1.000001
vt 7.668468 1.000002
vt 6.554363 1.990001
vt 5.997344 1.990000
vt 5.997410 1.000000
vt 6.554429 1.000001
vt 2.655221 1.989998
vt 2.655288 0.999998
vt 4.883372 1.000000
vt 3.769263 1.989999
vt 3.769330 0.999999
vt 0.984159 1.989996
vt 0.984226 0.999996
vt 4.465806 1.980059
vt 4.958011 1.980060
vt 4.958011 1.880000
vt 4.465806 1.880000
vt 4.958011 1.019945
vt 4.465806 1.019944
vt 4.958011 1.382792
vt 4.958011 1.499715
vt 5.450658 1.020000
vt 5.450658 1.817922
vt 4.958011 1.817922
vt 5.450658 1.990000
vt 4.466777 1.817922
vt 4.467167 1.990000
vt 4.465610 1.020000
vt 15.303598 1.817922
vt 15.796246 1.817922
vt 15.796246 1.020000
vt 15.303598 1.020000
vt 16.288893 1.817922
vt 16.781540 1.817922
vt 16.781540 1.020000
vt 16.288893 1.020000
vt 14.318304 1.817922
vt 13.825657 1.817922
vt 13.825657 1.020000
vt 14.318304 1.020000
vt 11.362422 1.817922
vt 10.869775 1.817922
vt 10.869775 1.020000
vt 11.362422 1.020000
vt 10.377129 1.817922
vt 9.884481 1.817922
vt 9.884481 1.020000
vt 10.377129 1.020000
vt 13.333010 1.817922
vt 12.840363 1.817922
vt 12.840363 1.020000
vt 13.333010 1.020000
vt 12.347716 1.817922
vt 11.855069 1.817922
vt 11.855069 1.020000
vt 12.347716 1.020000
vt 9.391834 1.817922
vt 8.899187 1.817922
vt 8.899187 1.020000
vt 9.391834 1.020000
vt 8.406540 1.817922
vt 7.913893 1.817922
vt 7.913893 1.020000
vt 8.406540 1.020000
vt 7.421246 1.817922
vt 6.928599 1.817922
vt 6.928599 1.020000
vt 7.421246 1.020000
vt 6.435952 1.817922
vt 5.943305 1.817922
vt 5.943305 1.020000
vt 6.435952 1.020000
vt 8.406540 1.990000
vt 7.913893 1.990000
vt 9.391834 1.990000
vt 8.899187 1.990000
vt 6.435952 1.990000
vt 5.943305 1.990000
vt 7.421246 1.990000
vt 6.928599 1.990000
vt 10.377129 1.990000
vt 9.884481 1.990000
vt 11.362422 1.990000
vt 10.869775 1.990000
vt 12.347716 1.990000
vt 11.855069 1.990000
vt 13.333010 1.990000
vt 12.840363 1.990000
vt 16.288893 1.990000
vt 16.781540 1.990000
vt 15.303598 1.990000
vt 15.796246 1.990000
vt 14.318304 1.990000
vt 13.825657 1.990000
vt 14.810951 1.990000
vt 14.810951 1.817922
vt 14.810951 1.020000
vt 17.274185 1.990000
vt 17.274185 1.817922
vt 17.274185 1.020000
vt 5.053446 1.990000
vt 4.508901 1.990000
vt 4.504908 1.843400
vt 5.050072 1.843400
vt 6.145532 1.990000
vt 5.599054 1.990000
vt 5.596284 1.843400
vt 6.143374 1.843400
vt 4.465611 1.032211
vt 5.012603 1.032211
vt 5.560636 1.032211
vt 6.109571 1.032211
vt 7.240317 1.990000
vt 6.692680 1.990000
vt 6.691133 1.843400
vt 7.239384 1.843400
vt 8.336260 1.990000
vt 7.788243 1.990000
vt 7.787917 1.843400
vt 8.336554 1.843400
vt 6.659154 1.032211
vt 7.209252 1.032211
vt 7.759611 1.032211
vt 8.310101 1.032211
vt 9.431818 1.990000
vt 8.884188 1.990000
vt 8.885089 1.843400
vt 9.433338 1.843400
vt 10.525457 1.990000
vt 9.978980 1.990000
vt 9.981105 1.843400
vt 10.528198 1.843400
vt 8.860458 1.032211
vt 9.410553 1.032211
vt 9.960149 1.032211
vt 10.509083 1.032211
vt 11.074419 1.843400
vt 11.057131 1.032211
vt 11.071078 1.990000
vt 5.541461 1.989406
vt 5.011022 1.989406
vt 5.008290 1.847305
vt 5.539305 1.847305
vt 4.997516 1.061574
vt 5.530334 1.061574
vt 6.604141 1.989406
vt 6.072552 1.989406
vt 6.070999 1.847305
vt 6.603181 1.847305
vt 7.668019 1.989406
vt 7.136013 1.989406
vt 7.135652 1.847305
vt 7.668244 1.847305
vt 6.063797 1.061574
vt 6.597770 1.061574
vt 7.132010 1.061574
vt 7.666400 1.061574
vt 8.731591 1.989406
vt 8.199933 1.989406
vt 8.200753 1.847305
vt 8.733016 1.847305
vt 9.793367 1.989406
vt 9.262799 1.989406
vt 9.264806 1.847305
vt 9.795979 1.847305
vt 8.200689 1.061574
vt 8.734734 1.061574
vt 9.268301 1.061574
vt 9.801256 1.061574
vt 10.326303 1.847305
vt 10.333357 1.061574
vt 10.323113 1.989406
vt 4.478128 1.847305
vt 4.465610 1.061574
vt 4.481466 1.989406
vt 2.962186 1.999998
vt 2.314511 1.999998
vt 2.314589 0.999998
vt 2.962261 0.999998
vt 1.666829 1.999997
vt 1.019153 1.999997
vt 1.019231 0.999997
vt 1.666908 0.999997
vt 10.734331 2.000004
vt 10.086654 2.000003
vt 10.086728 1.000003
vt 10.734405 1.000004
vt 9.438972 2.000003
vt 8.791295 2.000002
vt 8.791371 1.000002
vt 9.439051 1.000003
vt 8.143614 2.000002
vt 7.495939 2.000001
vt 7.496017 1.000001
vt 8.143690 1.000002
vt 6.848258 2.000001
vt 6.200582 2.000000
vt 6.200660 1.000000
vt 6.848335 1.000001
vt 2.314509 1.999998
vt 2.314586 0.999998
vt 5.552900 2.000000
vt 4.905226 2.000000
vt 4.905304 1.000000
vt 5.552977 1.000000
vt 4.257544 1.999999
vt 3.609867 1.999999
vt 3.609945 0.999999
vt 4.257619 0.999999
vt 0.371471 1.999996
vt 0.371549 0.999996
vt 1.660497 1.000000
vt 2.113952 1.000000
vt 2.113952 1.997883
vt 1.660506 1.997884
vt 2.567389 1.000000
vt 3.020845 1.000000
vt 3.020845 1.997883
vt 2.567400 1.997883
vt 3.474284 1.000000
vt 3.927742 1.000000
vt 3.927742 1.997883
vt 3.474294 1.997883
vt 4.381178 1.000000
vt 4.834634 1.000000
vt 4.834635 1.997883
vt 4.381188 1.997883
vt 7.101863 1.000000
vt 7.555317 1.000000
vt 7.555319 1.997883
vt 7.101871 1.997883
vt 8.008754 1.000000
vt 8.462209 1.000000
vt 8.462210 1.997882
vt 8.008764 1.997883
vt 5.288074 1.000000
vt 5.741529 1.000000
vt 5.741529 1.997883
vt 5.288083 1.997883
vt 6.194968 1.000000
vt 6.648423 1.000000
vt 6.648424 1.997883
vt 6.194976 1.997883
vt 2.113951 1.000000
vt 2.113951 1.997883
vt 3.020848 1.000000
vt 3.020848 1.997883
vt 8.915648 1.000000
vt 8.915658 1.997882
vt 1.209446 1.997882
vt 1.732414 1.997883
vt 1.732414 1.000000
vt 1.209446 1.000000
vt 2.255387 1.997883
vt 2.778357 1.997883
vt 2.778355 1.000000
vt 2.255385 1.000000
vt 3.301329 1.997883
vt 3.824298 1.997883
vt 3.824296 1.000000
vt 3.301328 1.000000
vt 4.347270 1.997883
vt 4.870239 1.997883
vt 4.870238 1.000000
vt 4.347269 1.000000
vt 7.485095 1.997883
vt 8.008066 1.997883
vt 8.008065 1.000000
vt 7.485095 1.000000
vt 8.531034 1.997883
vt 9.054005 1.997884
vt 9.054003 1.000000
vt 8.531033 1.000000
vt 5.393212 1.997883
vt 5.916179 1.997883
vt 5.916178 1.000000
vt 5.393211 1.000000
vt 6.439152 1.997883
vt 6.962121 1.997883
vt 6.962122 1.000000
vt 6.439152 1.000000
vt 1.732415 1.000000
vt 2.778356 1.997883
vt 4.870238 1.997883
vt 4.870237 1.000000
vt 9.576977 1.997884
vt 9.576975 1.000000
vt 5.450658 1.880000
vt 5.450658 2.000000
vt 5.450658 1.000000
vt 5.943305 1.880000
vt 6.435952 1.880000
vt 6.435952 2.000000
vt 5.943305 2.000000
vt 6.928599 1.880000
vt 7.421246 1.880000
vt 7.421246 2.000000
vt 6.928599 2.000000
vt 5.943305 1.000000
vt 6.435952 1.000000
vt 6.928599 1.000000
vt 7.421246 1.000000
vt 7.913893 1.000000
vt 7.913893 1.880000
vt 7.913893 2.000000
vt 4.474525 1.000000
vt 4.473471 1.880000
vt 4.473121 2.000000
vt 8.406540 1.880000
vt 8.406540 2.000000
vt 8.899187 1.880000
vt 9.391834 1.880000
vt 9.391834 2.000000
vt 8.899187 2.000000
vt 8.406540 1.000000
vt 8.899187 1.000000
vt 9.391834 1.000000
vt 11.855069 1.880000
vt 12.347716 1.880000
vt 12.347716 2.000000
vt 11.855069 2.000000
vt 12.840363 1.880000
vt 13.333010 1.880000
vt 13.333010 2.000000
vt 12.840363 2.000000
vt 11.855069 1.000000
vt 12.347716 1.000000
vt 12.840363 1.000000
vt 13.333010 1.000000
vt 9.884481 1.880000
vt 10.377129 1.880000
vt 10.377129 2.000000
vt 9.884481 2.000000
vt 10.869775 1.880000
vt 11.362422 1.880000
vt 11.362422 2.000000
vt 10.869775 2.000000
vt 9.884481 1.000000
vt 10.377129 1.000000
vt 10.869775 1.000000
vt 11.362422 1.000000
vt 13.825657 1.000000
vt 13.825657 1.880000
vt 13.825657 2.000000
vt 15.303598 1.854677
vt 14.810951 1.854677
vt 14.810951 1.010000
vt 15.303598 1.010000
vt 14.318304 1.854677
vt 13.825657 1.854677
vt 13.825657 1.010000
vt 14.318304 1.010000
vt 13.333010 1.854677
vt 12.840363 1.854677
vt 12.840363 1.010000
vt 13.333010 1.010000
vt 13.333010 1.989900
vt 12.840363 1.989900
vt 14.318304 1.989900
vt 13.825657 1.989900
vt 15.303598 1.989900
vt 14.810951 1.989900
vt 12.347716 1.989900
vt 12.347716 1.854677
vt 12.347716 1.010000
vt 15.796246 1.989900
vt 15.796246 1.854677
vt 15.796246 1.010000
vt 14.318304 1.880000
vt 14.318304 2.000000
vt 14.810951 1.880000
vt 15.303598 1.880000
vt 15.303598 2.000000
vt 14.810951 2.000000
vt 14.318304 1.000000
vt 14.810951 1.000000
vt 15.303598 1.000000
vt 15.796246 1.880000
vt 16.288893 1.880000
vt 16.288893 2.000000
vt 15.796246 2.000000
vt 16.781540 1.880000
vt 17.274185 1.880000
vt 17.274185 2.000000
vt 16.781540 2.000000
vt 15.796246 1.000000
vt 16.288893 1.000000
vt 16.781540 1.000000
vt 17.274185 1.000000
vt 17.766834 1.000000
vt 17.766834 1.880000
vt 17.766834 2.000000
vt 11.855069 1.854677
vt 11.855069 1.010000
vt 11.362422 1.854677
vt 10.869775 1.854677
vt 10.869775 1.010000
vt 11.362422 1.010000
vt 8.406540 1.854677
vt 7.913893 1.854677
vt 7.913893 1.010000
vt 8.406540 1.010000
vt 7.421246 1.854677
vt 6.928599 1.854677
vt 6.928599 1.010000
vt 7.421246 1.010000
vt 10.377129 1.854677
vt 9.884481 1.854677
vt 9.884481 1.010000
vt 10.377129 1.010000
vt 9.391834 1.854677
vt 8.899187 1.854677
vt 8.899187 1.010000
vt 9.391834 1.010000
vt 6.435952 1.854677
vt 5.943305 1.854677
vt 5.943305 1.010000
vt 6.435952 1.010000
vt 5.450658 1.854677
vt 4.958011 1.854677
vt 5.450658 1.010000
vt 5.450658 1.989900
vt 4.958011 1.989900
vt 6.435952 1.989900
vt 5.943305 1.989900
vt 7.421246 1.989900
vt 6.928599 1.989900
vt 8.406540 1.989900
vt 7.913893 1.989900
vt 9.391834 1.989900
vt 8.899187 1.989900
vt 10.377129 1.989900
vt 9.884481 1.989900
vt 11.362422 1.989900
vt 10.869775 1.989900
vt 11.855069 1.989900
vt 4.465364 1.989900
vt 4.465364 1.854677
vt 4.465364 1.010000
vt 4.465363 1.851873
vt 4.958010 1.851880
vt 4.958009 1.970000
vt 4.465362 1.970000
vt 5.450656 1.851888
vt 5.943304 1.851895
vt 5.943303 1.970000
vt 5.450656 1.970000
vt 4.465366 1.020000
vt 4.958013 1.020000
vt 5.450660 1.020000
vt 5.943307 1.020000
vt 6.435953 1.020000
vt 6.435950 1.851902
vt 6.435950 1.970000
vt 6.928597 1.851910
vt 6.928597 1.970000
vt 7.421245 1.851917
vt 7.913892 1.851924
vt 7.913891 1.970000
vt 7.421244 1.970000
vt 6.928600 1.020000
vt 7.421247 1.020000
vt 7.913895 1.020000
vt 8.406539 1.851931
vt 8.899185 1.851938
vt 8.899185 1.970000
vt 8.406538 1.970000
vt 9.391832 1.851946
vt 9.884480 1.851953
vt 9.884480 1.970000
vt 9.391832 1.970000
vt 8.406542 1.020000
vt 8.899189 1.020000
vt 9.391836 1.020000
vt 9.884483 1.020000
vt 10.377127 1.851960
vt 10.869774 1.851967
vt 10.869773 1.970000
vt 10.377127 1.970000
vt 10.377131 1.020000
vt 10.869777 1.020000
vt 11.362424 1.020000
vt 11.362421 1.851975
vt 11.362420 1.970000
vt 4.465364 1.860000
vt 4.958011 1.860000
vt 4.465364 1.990000
vt 4.477106 1.859571
vt 4.465611 1.042885
vt 4.956856 1.000430
vt 4.957766 1.813756
vt 4.465364 1.845200
vt 4.958011 1.845200
vt 4.465364 1.020000
vt 4.465364 1.699213
vt 4.465364 1.525876
vt 7.913893 1.910000
vt 10.377129 1.910000
vt 4.711911 1.985583
vt 7.913893 1.985583
vt 8.899187 1.910000
vt 8.406540 1.910000
vt 8.406540 1.985583
vt 8.899187 1.985583
vt 12.840363 1.910000
vt 12.347716 1.910000
vt 13.825657 1.910000
vt 13.333010 1.910000
vt 4.635012 1.910000
vt 4.609378 1.910000
vt 4.609378 1.985583
vt 4.635012 1.985583
vt 7.421246 1.910000
vt 4.660645 1.910000
vt 4.660645 1.985583
vt 7.421246 1.985583
vt 10.869775 1.910000
vt 11.855069 1.910000
vt 11.431393 1.910000
vt 11.431393 1.000000
vt 9.884481 1.985583
vt 10.377129 1.985583
vt 10.869775 1.985583
vt 11.431393 1.985583
vt 14.318304 1.910000
vt 9.391834 1.910000
vt 9.391834 1.985583
vt 9.884481 1.910000
vt 4.583745 1.910000
vt 4.583745 1.985583
vt 11.855069 1.985583
vt 1.431897 0.990000
vt 1.926416 0.990000
vt 1.926417 1.997883
vt 1.431907 1.997884
vt 2.420918 0.990000
vt 2.915440 0.990000
vt 2.915441 1.997883
vt 2.420928 1.997883
vt 3.409941 0.990000
vt 3.904461 0.990000
vt 3.904461 1.997883
vt 3.409950 1.997883
vt 4.398962 0.990000
vt 4.893483 0.990000
vt 4.893484 1.997883
vt 4.398973 1.997883
vt 7.366030 0.990000
vt 7.860548 0.990000
vt 7.860548 1.997883
vt 7.366039 1.997883
vt 8.355047 0.990000
vt 8.849571 0.990000
vt 8.849571 1.997883
vt 8.355060 1.997883
vt 5.387984 0.990000
vt 5.882504 0.990000
vt 5.882504 1.997883
vt 5.387994 1.997883
vt 6.377007 0.990000
vt 6.871527 0.990000
vt 6.871527 1.997883
vt 6.377017 1.997883
vt 1.926417 0.990000
vt 2.915440 1.997883
vt 3.904461 0.990000
vt 3.904462 1.997883
vt 9.344070 0.990000
vt 9.344080 1.997882
vt 2.068973 1.000000
vt 2.466105 1.000000
vt 2.466105 1.997883
vt 2.068982 1.997884
vt 2.863219 1.000000
vt 3.260353 1.000000
vt 3.260354 1.997883
vt 2.863228 1.997883
vt 3.657468 1.000000
vt 4.054599 1.000000
vt 4.054600 1.997883
vt 3.657476 1.997883
vt 4.451715 1.000000
vt 4.848847 1.000000
vt 4.848847 1.997883
vt 4.451724 1.997883
vt 6.834458 1.000000
vt 7.231589 1.000000
vt 7.231590 1.997883
vt 6.834467 1.997883
vt 7.628703 1.000000
vt 8.025837 1.000000
vt 8.025838 1.997883
vt 7.628713 1.997883
vt 5.245963 1.000000
vt 5.643093 1.000000
vt 5.643094 1.997883
vt 5.245971 1.997883
vt 6.040210 1.000000
vt 6.437341 1.000000
vt 6.437342 1.997883
vt 6.040218 1.997883
vt 3.260353 1.997883
vt 4.054600 1.000000
vt 4.054600 1.997883
vt 8.422952 1.000000
vt 8.422959 1.997882
vt 1.947664 1.000000
vt 2.293172 1.000000
vt 2.293172 1.997883
vt 1.947670 1.997884
vt 2.638668 1.000000
vt 2.984179 1.000000
vt 2.984179 1.997883
vt 2.638675 1.997883
vt 3.329673 1.000000
vt 3.675181 1.000000
vt 3.675182 1.997883
vt 3.329680 1.997883
vt 4.020678 1.000000
vt 4.366187 1.000000
vt 4.366187 1.997883
vt 4.020685 1.997883
vt 6.093693 1.000000
vt 6.439202 1.000000
vt 6.439203 1.997883
vt 6.093700 1.997883
vt 6.784696 1.000000
vt 7.130204 1.000000
vt 7.130204 1.997882
vt 6.784703 1.997883
vt 4.711683 1.000000
vt 5.057191 1.000000
vt 5.057192 1.997883
vt 4.711690 1.997883
vt 5.402688 1.000000
vt 5.748198 1.000000
vt 5.748198 1.997883
vt 5.402695 1.997883
vt 7.475701 1.000000
vt 7.475708 1.997882
vt 3.479665 1.000000
vt 4.030657 1.000000
vt 4.030657 1.997883
vt 3.479677 1.997883
vt 6.785542 1.000000
vt 7.336531 1.000000
vt 7.336532 1.997883
vt 6.785553 1.997883
vt 7.887496 1.000000
vt 8.438489 1.000000
vt 8.438491 1.997883
vt 7.887509 1.997883
vt 4.581625 1.000000
vt 5.132613 1.000000
vt 5.132613 1.997883
vt 4.581636 1.997883
vt 5.683583 1.000000
vt 6.234572 1.000000
vt 6.234573 1.997883
vt 5.683594 1.997883
vt 0.173792 1.000000
vt 0.724782 1.000000
vt 0.724782 1.997883
vt 0.173803 1.997884
vt 1.275750 1.000000
vt 1.826739 1.000000
vt 1.826738 1.997883
vt 1.275762 1.997883
vt 3.677753 1.000000
vt 4.072877 1.000000
vt 4.072878 1.997883
vt 3.677761 1.997883
vt 4.467984 1.000000
vt 4.863107 1.000000
vt 4.863108 1.997883
vt 4.467992 1.997883
vt 5.258216 1.000000
vt 5.653339 1.000000
vt 5.653339 1.997883
vt 5.258224 1.997883
vt 6.048448 1.000000
vt 6.048455 1.997883
vt 3.282644 1.000000
vt 3.282644 1.997883
vt 8.989456 1.000000
vt 8.989467 1.997882
vt 2.928697 1.000000
vt 2.928698 1.997883
vt 7.209162 2.000004
vt 6.839148 2.000003
vt 6.839191 1.000003
vt 7.209206 1.000004
vt 6.469133 2.000003
vt 6.099120 2.000002
vt 6.099164 1.000002
vt 6.469177 1.000003
vt 5.729102 2.000002
vt 5.359090 2.000001
vt 5.359135 1.000001
vt 5.729146 1.000002
vt 4.989074 2.000001
vt 4.619061 2.000000
vt 4.619105 1.000000
vt 4.989118 1.000001
vt 2.768984 1.999998
vt 2.398969 1.999998
vt 2.399013 0.999998
vt 2.769028 0.999998
vt 2.028956 1.999997
vt 1.658942 1.999997
vt 1.658987 0.999997
vt 2.029001 0.999997
vt 4.249044 2.000000
vt 3.879032 2.000000
vt 3.879076 1.000000
vt 4.249087 1.000000
vt 3.509015 1.999999
vt 3.139002 1.999999
vt 3.139045 0.999999
vt 3.509058 0.999999
vt 3.116853 1.000000
vt 3.422794 1.000000
vt 3.422794 1.997883
vt 3.116860 1.997883
vt 6.839150 2.000003
vt 6.839193 1.000003
vt 6.099116 2.000002
vt 6.099163 1.000002
vt 3.728723 1.000000
vt 4.034664 1.000000
vt 4.034664 1.997883
vt 3.728729 1.997883
vt 4.340591 1.000000
vt 4.646533 1.000000
vt 4.646533 1.997883
vt 4.340599 1.997883
vt 6.176200 1.000000
vt 6.482138 1.000000
vt 6.482140 1.997883
vt 6.176206 1.997883
vt 6.788066 1.000000
vt 7.094007 1.000000
vt 7.094008 1.997882
vt 6.788074 1.997883
vt 4.952461 1.000000
vt 5.258402 1.000000
vt 5.258402 1.997883
vt 4.952467 1.997883
vt 5.564330 1.000000
vt 5.870271 1.000000
vt 5.870271 1.997883
vt 5.564337 1.997883
vt 2.504986 1.000000
vt 2.810926 1.000000
vt 2.810926 1.997884
vt 2.504992 1.997884
vt 3.422795 1.000000
vt 3.422795 1.997883
vt 4.034665 1.997883
vt 4.646532 1.000000
vt 4.646533 1.997883
vt 7.399936 1.000000
vt 7.399942 1.997882
vt 1.288925 1.999996
vt 1.288970 0.999996
vt 8.316297 2.000003
vt 7.865719 2.000003
vt 7.865772 1.002120
vt 8.316349 1.002121
vt 7.415137 2.000002
vt 6.964558 2.000002
vt 6.964612 1.002119
vt 7.415191 1.002120
vt 6.513977 2.000002
vt 6.063399 2.000001
vt 6.063453 1.002118
vt 6.514030 1.002119
vt 5.612819 2.000001
vt 5.162240 2.000000
vt 5.162294 1.002117
vt 5.612872 1.002118
vt 2.909341 1.999998
vt 2.458760 1.999998
vt 2.458814 1.002115
vt 2.909393 1.002115
vt 2.008183 1.999998
vt 1.557604 1.999997
vt 1.557659 1.002114
vt 2.008237 1.002114
vt 4.711658 2.000000
vt 4.261083 2.000000
vt 4.261136 1.002117
vt 4.711712 1.002117
vt 3.810501 1.999999
vt 3.359923 1.999999
vt 3.359975 1.002116
vt 3.810553 1.002116
vt 7.865770 1.002120
vt 6.964560 2.000002
vt 6.063400 2.000001
vt 5.162241 2.000000
vt 5.162294 1.002117
vt 2.458765 1.999998
vt 2.458819 1.002115
vt 1.557605 1.999997
vt 1.557660 1.002114
vt 4.261135 1.002117
vt 3.359922 1.999999
vt 6.964612 1.002119
vt 6.063400 2.000001
vt 2.458763 1.999998
vt 2.458817 1.002115
vt 4.261137 1.002117
vt 3.359977 1.002116
vt 1.107022 1.999997
vt 1.107077 1.002113
vt 1.497684 1.000000
vt 1.955491 1.000000
vt 1.955491 2.000000
vt 1.497693 2.000000
vt 2.413280 1.000000
vt 2.871089 1.000000
vt 2.871089 2.000000
vt 2.413291 2.000000
vt 3.328878 1.000000
vt 3.786685 1.000000
vt 3.786685 2.000000
vt 3.328887 2.000000
vt 4.244474 1.000000
vt 4.702283 1.000000
vt 4.702283 2.000000
vt 4.244484 2.000000
vt 6.991268 1.000000
vt 7.449074 1.000000
vt 7.449074 2.000000
vt 6.991276 2.000000
vt 7.906860 1.000000
vt 8.364671 1.000000
vt 8.364672 2.000000
vt 7.906872 2.000000
vt 5.160072 1.000000
vt 5.617878 1.000000
vt 5.617878 2.000000
vt 5.160081 2.000000
vt 6.075669 1.000000
vt 6.533476 1.000000
vt 6.533476 2.000000
vt 6.075678 2.000000
vt 8.822459 1.000000
vt 8.822468 2.000000
vt 5.762082 1.000000
vt 6.154362 1.000000
vt 6.154363 2.000000
vt 5.762090 2.000000
vt 6.546625 1.000000
vt 6.938906 1.000000
vt 6.938907 2.000000
vt 6.546635 2.000000
vt 1.054804 1.000000
vt 1.447083 1.000000
vt 1.447083 2.000000
vt 1.054811 2.000000
vt 1.839349 1.000000
vt 2.231633 1.000000
vt 2.231633 2.000000
vt 1.839358 2.000000
vt 2.623896 1.000000
vt 3.016176 1.000000
vt 3.016176 2.000000
vt 2.623904 2.000000
vt 3.408441 1.000000
vt 3.800723 1.000000
vt 3.800723 2.000000
vt 3.408450 2.000000
vt 6.154363 1.000000
vt 6.154364 2.000000
vt 6.938906 2.000000
vt 4.192988 1.000000
vt 4.585268 1.000000
vt 4.585269 2.000000
vt 4.192997 2.000000
vt 4.977535 1.000000
vt 5.369816 1.000000
vt 5.369817 2.000000
vt 4.977543 2.000000
vt 7.331173 1.000000
vt 7.331181 2.000000
vt 5.369816 2.000000
vt 0.560452 1.000000
vt 1.192015 1.000000
vt 1.192016 1.997883
vt 0.560465 1.997884
vt 1.823555 1.000000
vt 2.455120 1.000000
vt 2.455121 1.997883
vt 1.823569 1.997883
vt 3.086659 1.000000
vt 3.718222 1.000000
vt 3.718223 1.997883
vt 3.086672 1.997883
vt 4.349761 1.000000
vt 4.981327 1.000000
vt 4.981329 1.997883
vt 4.349776 1.997883
vt 8.139075 1.000000
vt 8.770638 1.000000
vt 8.770638 1.997883
vt 8.139088 1.997883
vt 5.612866 1.000000
vt 6.244429 1.000000
vt 6.244430 1.997883
vt 5.612879 1.997883
vt 6.875970 1.000000
vt 7.507534 1.000000
vt 7.507534 1.997883
vt 6.875983 1.997883
vt 4.487219 2.000000
vt 4.026038 2.000000
vt 4.026083 1.000000
vt 4.487219 1.000000
vt 3.639601 2.000000
vt 3.253163 2.000000
vt 3.253210 1.000000
vt 3.639647 1.000000
vt 6.774089 2.000000
vt 6.387652 2.000000
vt 6.387697 1.000000
vt 6.774134 1.000000
vt 6.001217 2.000000
vt 5.614782 2.000000
vt 5.614828 1.000000
vt 6.001264 1.000000
vt 0.966512 1.000000
vt 1.711307 1.000000
vt 1.711308 1.997883
vt 0.966529 1.997883
vt 5.228345 2.000000
vt 4.841909 2.000000
vt 4.841955 1.000000
vt 5.228392 1.000000
vt 5.435197 1.000000
vt 6.179992 1.000000
vt 6.179992 1.997883
vt 5.435212 1.997883
vt 6.924752 1.000000
vt 7.669549 1.000000
vt 7.669549 1.997883
vt 6.924770 1.997883
vt 2.456074 1.000000
vt 3.200866 1.000000
vt 3.200866 1.997883
vt 2.456089 1.997883
vt 3.945635 1.000000
vt 4.690429 1.000000
vt 4.690430 1.997883
vt 3.945650 1.997883
vt 8.414313 1.000000
vt 8.414329 1.997882
vt 2.866729 2.000000
vt 2.866776 1.000000
vt 2.523720 1.000000
vt 2.841665 1.000000
vt 2.841665 1.997883
vt 2.523726 1.997884
vt 3.159599 1.000000
vt 3.477546 1.000000
vt 3.477546 1.997883
vt 3.159606 1.997883
vt 3.795480 1.000000
vt 4.113425 1.000000
vt 4.113426 1.997883
vt 3.795486 1.997883
vt 4.431359 1.000000
vt 4.749306 1.000000
vt 4.749307 1.997883
vt 4.431366 1.997883
vt 6.339002 1.000000
vt 6.656946 1.000000
vt 6.656947 1.997883
vt 6.339008 1.997883
vt 6.974878 1.000000
vt 7.292827 1.000000
vt 7.292828 1.997883
vt 6.974886 1.997883
vt 5.067240 1.000000
vt 5.385185 1.000000
vt 5.385186 1.997883
vt 5.067246 1.997883
vt 5.703120 1.000000
vt 6.021067 1.000000
vt 6.021067 1.997883
vt 5.703127 1.997883
vt 2.841666 1.000000
vt 2.841666 1.997883
vt 3.477545 1.000000
vt 3.477545 1.997883
vt 6.756498 2.000002
vt 6.179773 2.000001
vt 6.179842 1.002118
vt 6.756567 1.002119
vt 5.603044 2.000001
vt 5.026318 2.000000
vt 5.026385 1.002117
vt 5.603112 1.002118
vt 2.142673 1.999998
vt 1.565948 1.999998
vt 1.566018 1.002115
vt 2.142740 1.002115
vt 0.989218 1.999998
vt 0.412492 1.999997
vt 0.412560 1.002114
vt 0.989287 1.002114
vt 4.449586 2.000000
vt 3.872862 2.000000
vt 3.872929 1.002117
vt 4.449654 1.002117
vt 3.296130 1.999999
vt 2.719403 1.999999
vt 2.719471 1.002116
vt 3.296198 1.002116
vt 9.063414 2.000003
vt 8.486689 2.000003
vt 8.486755 1.002120
vt 9.063481 1.002121
vt 7.909958 2.000002
vt 7.333230 2.000002
vt 7.333298 1.002119
vt 7.910026 1.002120
vt 6.179774 2.000001
vt 5.026317 2.000000
vt 3.872931 1.002117
vt -0.164241 1.999997
vt -0.164171 1.002113
vt 7.333231 2.000002
vt 7.333299 1.002119
vt 7.610760 1.000000
vt 7.610765 1.997882
vt 4.486864 1.000000
vt 4.865489 1.000000
vt 4.865489 1.997883
vt 4.486872 1.997883
vt 5.244096 1.000000
vt 5.622723 1.000000
vt 5.622723 1.997883
vt 5.244106 1.997883
vt 3.729628 1.000000
vt 4.108253 1.000000
vt 4.108253 1.997883
vt 3.729636 1.997883
vt 6.001333 1.000000
vt 6.001340 1.997882
vt 6.966041 1.000000
vt 7.488651 1.000000
vt 7.488653 1.997883
vt 6.966051 1.997883
vt 8.011242 1.000000
vt 8.533854 1.000000
vt 8.533856 1.997882
vt 8.011254 1.997883
vt 0.694806 1.000000
vt 1.217418 1.000000
vt 1.217418 1.997883
vt 0.694817 1.997884
vt 1.740011 1.000000
vt 2.262627 1.000000
vt 2.262627 1.997883
vt 1.740022 1.997883
vt 2.785218 1.000000
vt 3.307830 1.000000
vt 3.307831 1.997883
vt 2.785228 1.997883
vt 3.830421 1.000000
vt 4.353034 1.000000
vt 4.353035 1.997883
vt 3.830433 1.997883
vt 4.875628 1.000000
vt 5.398240 1.000000
vt 5.398240 1.997883
vt 4.875639 1.997883
vt 9.056449 1.000000
vt 9.056459 1.997882
s 1
usemtl RMBLA
f 1/1/1 2/2/2 3/3/3
f 3/3/3 4/4/4 1/1/1
f 2/2/2 1/1/1 5/5/5
f 5/5/5 6/6/6 2/2/2
f 7/1/7 1/2/1 4/3/4
f 4/3/4 8/4/8 7/1/7
f 1/2/1 7/1/7 9/5/9
f 9/5/9 5/6/5 1/2/1
f 10/1/10 7/2/7 8/3/8
f 8/3/8 11/4/11 10/1/10
f 7/2/7 10/1/10 12/5/12
f 12/5/12 9/6/9 7/2/7
f 13/1/13 10/2/10 11/3/11
f 11/3/11 14/4/14 13/1/13
f 10/2/10 13/1/13 15/5/15
f 15/5/15 12/6/12 10/2/10
f 16/1/16 13/2/13 14/3/14
f 14/3/14 17/4/17 16/1/16
f 13/2/13 16/1/16 18/5/18
f 18/5/18 15/6/15 13/2/13
f 19/1/19 16/2/16 17/3/17
f 17/3/17 20/4/20 19/1/19
f 16/2/16 19/1/19 21/5/21
f 21/5/21 18/6/18 16/2/16
f 22/1/22 19/2/19 20/3/20
f 20/3/20 23/4/23 22/1/22
f 19/2/19 22/1/22 24/5/24
f 24/5/24 21/6/21 19/2/19
f 25/1/25 22/2/22 23/3/23
f 23/3/23 26/4/26 25/1/25
f 22/2/22 25/1/25 27/5/27
f 27/5/27 24/6/24 22/2/22
f 28/1/28 25/2/25 26/3/26
f 26/3/26 29/4/29 28/1/28
f 25/2/25 28/1/28 30/5/30
f 30/5/30 27/6/27 25/2/25
f 31/1/31 28/2/28 29/3/29
f 29/3/29 32/4/32 31/1/31
f 28/2/28 31/1/31 33/5/33
f 33/5/33 30/6/30 28/2/28
f 34/1/34 31/2/31 32/3/32
f 32/3/32 35/4/35 34/1/34
f 31/2/31 34/1/34 36/5/36
f 36/5/36 33/6/33 31/2/31
f 37/1/37 34/2/34 35/3/35
f 35/3/35 38/4/38 37/1/37
f 34/2/34 37/1/37 39/5/39
f 39/5/39 36/6/36 34/2/34
f 40/1/40 37/2/37 38/3/38
f 38/3/38 41/4/41 40/1/40
f 37/2/37 40/1/40 42/5/42
f 42/5/42 39/6/39 37/2/37
f 43/1/43 40/2/40 41/3/41
f 41/3/41 44/4/44 43/1/43
f 40/2/40 43/1/43 45/5/45
f 45/5/45 42/6/42 40/2/40
f 46/1/46 43/2/43 44/3/44
f 44/3/44 47/4/47 46/1/46
f 43/2/43 46/1/46 48/5/42
f 48/5/42 45/6/45 43/2/43
f 49/1/48 46/2/46 47/3/47
f 47/3/47 50/4/38 49/1/48
f 46/2/46 49/1/48 51/5/49
f 51/5/49 48/6/42 46/2/46
f 52/1/50 49/2/48 50/3/38
f 50/3/38 53/4/51 52/1/50
f 49/2/48 52/1/50 54/5/52
f 54/5/52 51/6/49 49/2/48
f 55/1/53 52/2/50 53/3/51
f 53/3/51 56/4/54 55/1/53
f 52/2/50 55/1/53 57/5/55
f 57/5/55 54/6/52 52/2/50
f 58/1/56 55/2/53 56/3/54
f 56/3/54 59/4/57 58/1/56
f 55/2/53 58/1/56 60/5/58
f 60/5/58 57/6/55 55/2/53
f 3/3/59 2/2/60 61/2/61
f 6/6/62 61/2/61 2/2/60
f 59/4/57 62/1/63 58/1/56
f 60/5/58 58/1/56 62/1/63
f 63/7/64 64/8/65 65/9/66
f 65/9/66 66/10/67 63/7/64
f 64/8/65 63/7/64 67/11/68
f 67/11/68 68/12/69 64/8/65
f 69/7/70 63/8/64 66/9/67
f 66/9/67 70/10/71 69/7/70
f 63/8/64 69/7/70 71/11/72
f 71/11/72 67/12/68 63/8/64
f 72/7/73 69/8/70 70/9/71
f 70/9/71 73/10/74 72/7/73
f 69/8/70 72/7/73 74/11/75
f 74/11/75 71/12/72 69/8/70
f 75/7/76 72/8/73 73/9/74
f 73/9/74 76/10/77 75/7/76
f 72/8/73 75/7/76 77/11/78
f 77/11/78 74/12/75 72/8/73
f 78/7/79 75/8/76 76/9/77
f 76/9/77 79/10/80 78/7/79
f 75/8/76 78/7/79 80/11/81
f 80/11/81 77/12/78 75/8/76
f 81/7/82 78/8/79 79/9/80
f 79/9/80 82/10/83 81/7/82
f 78/8/79 81/7/82 83/11/84
f 83/11/84 80/12/81 78/8/79
f 84/7/85 81/8/82 82/9/83
f 82/9/83 85/10/86 84/7/85
f 81/8/82 84/7/85 86/11/87
f 86/11/87 83/12/84 81/8/82
f 87/7/88 84/8/85 85/9/86
f 85/9/86 88/10/89 87/7/88
f 84/8/85 87/7/88 89/11/90
f 89/11/90 86/12/87 84/8/85
f 90/7/91 87/8/88 88/9/89
f 88/9/89 91/10/92 90/7/91
f 87/8/88 90/7/91 92/11/93
f 92/11/93 89/12/90 87/8/88
f 93/7/94 90/8/91 91/9/92
f 91/9/92 94/10/95 93/7/94
f 90/8/91 93/7/94 95/11/96
f 95/11/96 92/12/93 90/8/91
f 96/7/97 93/8/94 94/9/95
f 94/9/95 97/10/98 96/7/97
f 93/8/94 96/7/97 98/11/99
f 98/11/99 95/12/96 93/8/94
f 99/7/100 96/8/97 97/9/98
f 97/9/98 100/10/101 99/7/100
f 96/8/97 99/7/100 101/11/102
f 101/11/102 98/12/99 96/8/97
f 102/7/103 99/8/100 100/9/101
f 100/9/101 103/10/104 102/7/103
f 99/8/100 102/7/103 104/11/105
f 104/11/105 101/12/102 99/8/100
f 105/7/106 102/8/103 103/9/104
f 103/9/104 106/10/107 105/7/106
f 102/8/103 105/7/106 107/11/108
f 107/11/108 104/12/105 102/8/103
f 108/7/109 105/8/106 106/9/107
f 106/9/107 109/10/110 108/7/109
f 105/8/106 108/7/109 110/11/111
f 110/11/111 107/12/108 105/8/106
f 111/7/112 108/8/109 109/9/110
f 109/9/110 112/10/113 111/7/112
f 108/8/109 111/7/112 113/11/114
f 113/11/114 110/12/111 108/8/109
f 114/7/115 111/8/112 112/9/113
f 112/9/113 115/10/116 114/7/115
f 111/8/112 114/7/115 116/11/117
f 116/11/117 113/12/114 111/8/112
f 117/7/118 114/8/115 115/9/116
f 115/9/116 118/10/119 117/7/118
f 114/8/115 117/7/118 119/11/120
f 119/11/120 116/12/117 114/8/115
f 120/7/121 117/8/118 118/9/119
f 118/9/119 121/10/122 120/7/121
f 117/8/118 120/7/121 122/11/123
f 122/11/123 119/12/120 117/8/118
f 123/7/124 120/8/121 121/9/122
f 121/9/122 124/10/125 123/7/124
f 120/8/121 123/7/124 125/11/126
f 125/11/126 122/12/123 120/8/121
f 126/7/127 123/8/124 124/9/125
f 124/9/125 127/10/128 126/7/127
f 123/8/124 126/7/127 128/11/129
f 128/11/129 125/12/126 123/8/124
f 129/7/130 126/8/127 127/9/128
f 127/9/128 130/10/131 129/7/130
f 126/8/127 129/7/130 131/11/132
f 131/11/132 128/12/129 126/8/127
f 132/7/133 129/8/130 130/9/131
f 130/9/131 133/10/134 132/7/133
f 129/8/130 132/7/133 134/11/135
f 134/11/135 131/12/132 129/8/130
f 65/9/136 64/8/137 135/8/138
f 68/12/139 135/8/138 64/8/137
f 133/10/140 136/7/141 132/7/142
f 134/11/143 132/7/142 136/7/141
f 137/13/144 138/14/145 139/14/146
f 140/15/147 139/14/146 138/14/145
f 141/16/148 138/14/149 137/13/150
f 137/13/150 142/17/151 141/16/148
f 143/18/152 140/15/153 138/14/149
f 138/14/149 141/16/148 143/18/152
f 144/16/154 141/14/148 142/13/151
f 142/13/151 145/17/155 144/16/154
f 146/18/156 143/15/152 141/14/148
f 141/14/148 144/16/154 146/18/156
f 147/16/157 144/14/154 145/13/155
f 145/13/155 148/17/158 147/16/157
f 149/18/159 146/15/156 144/14/154
f 144/14/154 147/16/157 149/18/159
f 150/16/160 147/14/157 148/13/158
f 148/13/158 151/17/161 150/16/160
f 152/18/162 149/15/159 147/14/157
f 147/14/157 150/16/160 152/18/162
f 153/16/163 150/14/160 151/13/161
f 151/13/161 154/17/164 153/16/163
f 155/18/165 152/15/162 150/14/160
f 150/14/160 153/16/163 155/18/165
f 156/16/166 153/14/163 154/13/164
f 154/13/164 157/17/167 156/16/166
f 158/18/168 155/15/165 153/14/163
f 153/14/163 156/16/166 158/18/168
f 159/16/169 156/14/166 157/13/167
f 157/13/167 160/17/170 159/16/169
f 161/18/171 158/15/168 156/14/166
f 156/14/166 159/16/169 161/18/171
f 162/16/172 159/14/169 160/13/170
f 160/13/170 163/17/173 162/16/172
f 164/18/174 161/15/171 159/14/169
f 159/14/169 162/16/172 164/18/174
f 165/16/175 162/14/172 163/13/173
f 163/13/173 166/17/176 165/16/175
f 167/18/177 164/15/174 162/14/172
f 162/14/172 165/16/175 167/18/177
f 168/16/178 165/14/175 166/13/176
f 166/13/176 169/17/179 168/16/178
f 170/18/180 167/15/177 165/14/175
f 165/14/175 168/16/178 170/18/180
f 171/16/181 168/14/178 169/13/179
f 169/13/179 172/17/182 171/16/181
f 173/18/183 170/15/180 168/14/178
f 168/14/178 171/16/181 173/18/183
f 174/16/184 171/14/181 172/13/182
f 172/13/182 175/17/185 174/16/184
f 176/18/186 173/15/183 171/14/181
f 171/14/181 174/16/184 176/18/186
f 177/16/187 174/14/184 175/13/185
f 175/13/185 178/17/188 177/16/187
f 179/18/189 176/15/186 174/14/184
f 174/14/184 177/16/187 179/18/189
f 180/16/190 177/14/187 178/13/188
f 178/13/188 181/17/191 180/16/190
f 182/18/192 179/15/189 177/14/187
f 177/14/187 180/16/190 182/18/192
f 183/16/193 180/14/190 181/13/191
f 181/13/191 184/17/194 183/16/193
f 185/18/195 182/15/192 180/14/190
f 180/14/190 183/16/193 185/18/195
f 186/16/196 183/14/193 184/13/194
f 184/13/194 187/17/197 186/16/196
f 188/18/198 185/15/195 183/14/193
f 183/14/193 186/16/196 188/18/198
f 189/16/199 186/14/196 187/13/197
f 187/13/197 190/17/200 189/16/199
f 191/18/201 188/15/198 186/14/196
f 186/14/196 189/16/199 191/18/201
f 192/16/202 189/14/199 190/13/200
f 190/13/200 193/17/203 192/16/202
f 194/18/204 191/15/201 189/14/199
f 189/14/199 192/16/202 194/18/204
f 195/16/205 192/14/202 193/13/203
f 193/13/203 196/17/206 195/16/205
f 197/18/207 194/15/204 192/14/202
f 192/14/202 195/16/205 197/18/207
f 198/16/208 199/14/209 200/13/209
f 200/13/209 201/17/208 198/16/208
f 202/16/210 198/14/208 201/13/208
f 201/13/208 203/17/210 202/16/210
f 204/16/211 202/14/210 203/13/210
f 203/13/210 205/17/211 204/16/211
f 206/16/212 204/14/211 205/13/211
f 205/13/211 207/17/212 206/16/212
f 286/19/213 208/20/214 209/21/214
f 209/21/214 287/22/215 286/19/213
f 210/23/216 211/24/217 212/25/217
f 212/25/217 213/26/216 210/23/216
f 208/20/214 210/23/216 213/26/216
f 213/26/216 209/21/214 208/20/214
f 214/16/218 215/14/219 196/13/220
f 196/13/220 216/17/221 214/16/218
f 217/18/222 197/15/223 215/14/219
f 215/14/219 214/16/218 217/18/222
f 218/16/224 214/14/218 216/13/221
f 216/13/221 219/17/225 218/16/224
f 220/18/226 217/15/222 214/14/218
f 214/14/218 218/16/224 220/18/226
f 221/16/227 218/14/224 219/13/225
f 219/13/225 222/17/228 221/16/227
f 223/18/229 220/15/226 218/14/224
f 218/14/224 221/16/227 223/18/229
f 224/16/230 221/14/227 222/13/228
f 222/13/228 225/17/231 224/16/230
f 226/18/232 223/15/229 221/14/227
f 221/14/227 227/27/233 226/18/232
f 221/14/227 224/16/230 227/27/233
f 228/16/234 229/14/235 230/13/236
f 230/13/236 231/17/234 228/16/234
f 232/16/237 228/14/234 231/13/234
f 231/13/234 233/17/237 232/16/237
f 234/16/238 232/14/237 233/13/237
f 233/13/237 235/17/239 234/16/238
f 236/16/240 234/14/238 235/13/239
f 235/13/239 237/17/240 236/16/240
f 238/28/241 239/29/241 240/30/241
f 240/30/241 241/31/241 238/28/241
f 242/32/241 243/33/241 244/34/241
f 244/34/241 245/35/241 242/32/241
f 246/36/241 247/37/241 248/38/241
f 248/38/241 249/39/241 246/36/241
f 250/40/241 251/41/241 252/42/241
f 252/42/241 253/43/241 250/40/241
f 254/44/241 255/45/241 256/46/241
f 256/46/241 257/47/241 254/44/241
f 258/48/241 259/49/241 260/50/241
f 260/50/241 261/51/241 258/48/241
f 262/52/241 263/53/241 264/54/241
f 264/54/241 265/55/241 262/52/241
f 266/56/241 267/57/241 268/58/241
f 268/58/241 269/59/241 266/56/241
f 270/28/241 271/60/242 272/61/242
f 272/61/242 273/31/241 270/28/241
f 274/32/243 275/33/244 276/34/245
f 276/34/245 277/35/243 274/32/243
f 278/36/246 279/37/247 280/62/246
f 280/62/246 281/39/247 278/36/246
f 282/40/241 283/63/241 284/64/241
f 284/64/241 285/43/241 282/40/241
f 275/33/244 286/65/213 287/66/215
f 287/66/215 276/34/245 275/33/244
f 271/60/242 274/32/243 277/35/243
f 277/35/243 272/61/242 271/60/242
f 283/63/241 270/28/241 273/31/241
f 273/31/241 284/64/241 283/63/241
f 279/37/247 282/40/241 285/43/241
f 285/43/241 280/62/246 279/37/247
f 267/57/241 278/36/246 281/39/247
f 281/39/247 268/58/241 267/57/241
f 263/53/241 266/56/241 269/59/241
f 269/59/241 264/54/241 263/53/241
f 259/49/241 262/52/241 265/55/241
f 265/55/241 260/50/241 259/49/241
f 255/45/241 258/48/241 261/51/241
f 261/51/241 256/46/241 255/45/241
f 243/33/241 254/65/241 257/66/241
f 257/66/241 244/34/241 243/33/241
f 239/29/241 242/32/241 245/35/241
f 245/35/241 240/30/241 239/29/241
f 251/41/241 238/28/241 241/31/241
f 241/31/241 252/42/241 251/41/241
f 247/37/241 250/40/241 253/43/241
f 253/43/241 248/38/241 247/37/241
f 288/67/248 289/68/249 290/69/250
f 290/69/250 291/70/251 288/67/248
f 291/70/251 290/69/250 292/71/252
f 292/71/252 293/72/253 291/70/251
f 294/67/254 288/68/248 291/69/251
f 291/69/251 295/70/255 294/67/254
f 295/70/255 291/69/251 293/71/253
f 293/71/253 296/72/256 295/70/255
f 297/67/257 294/68/254 295/69/255
f 295/69/255 298/70/258 297/67/257
f 298/70/258 295/69/255 296/71/256
f 296/71/256 299/72/259 298/70/258
f 300/67/260 297/68/257 298/69/258
f 298/69/258 301/70/261 300/67/260
f 301/70/261 298/69/258 299/71/259
f 299/71/259 302/72/262 301/70/261
f 303/67/263 300/68/260 301/69/261
f 301/69/261 304/70/264 303/67/263
f 304/70/264 301/69/261 302/71/262
f 302/71/262 305/72/265 304/70/264
f 306/67/266 303/68/263 304/69/264
f 304/69/264 307/70/267 306/67/266
f 307/70/267 304/69/264 305/71/265
f 305/71/265 308/72/268 307/70/267
f 309/67/269 306/68/266 307/69/267
f 307/69/267 310/70/270 309/67/269
f 310/70/270 307/69/267 308/71/268
f 308/71/268 311/72/271 310/70/270
f 312/67/272 309/68/269 310/69/270
f 310/69/270 313/70/273 312/67/272
f 313/70/273 310/69/270 311/71/271
f 311/71/271 314/72/274 313/70/273
f 315/67/275 312/68/272 313/69/273
f 313/69/273 316/70/276 315/67/275
f 316/70/276 313/69/273 314/71/274
f 314/71/274 317/72/277 316/70/276
f 318/67/278 315/68/275 316/69/276
f 316/69/276 319/70/279 318/67/278
f 319/70/279 316/69/276 317/71/277
f 317/71/277 320/72/280 319/70/279
f 321/67/281 318/68/278 319/69/279
f 319/69/279 322/70/282 321/67/281
f 322/70/282 319/69/279 320/71/280
f 320/71/280 323/72/283 322/70/282
f 289/68/284 324/69/285 290/69/286
f 292/71/287 290/69/286 325/73/288
f 321/67/289 322/70/290 326/70/290
f 323/72/291 326/70/290 322/70/290
f 325/73/288 290/69/286 327/74/292
f 327/74/292 290/69/286 324/69/285
f 328/4/293 402/75/294 329/76/295
f 329/76/295 330/77/296 328/4/293
f 401/78/297 331/11/298 330/77/296
f 330/77/296 329/76/295 401/78/297
f 332/79/299 330/77/296 331/11/298
f 331/11/298 333/80/300 332/79/299
f 334/81/293 328/4/293 330/77/296
f 330/77/296 332/79/299 334/81/293
f 335/82/301 336/83/302 337/84/303
f 337/84/303 338/85/304 335/82/301
f 339/86/305 340/87/306 341/88/307
f 341/88/307 342/89/308 339/86/305
f 343/90/309 344/91/310 345/92/311
f 345/92/311 346/93/312 343/90/309
f 347/94/313 348/95/314 349/96/315
f 349/96/315 350/97/315 347/94/313
f 351/98/316 352/99/317 353/100/318
f 353/100/318 354/101/319 351/98/316
f 355/102/320 356/103/321 357/104/322
f 357/104/322 358/105/323 355/102/320
f 359/106/324 360/107/325 361/108/326
f 361/108/326 362/109/327 359/106/324
f 363/110/328 364/111/329 365/112/330
f 365/112/330 366/113/331 363/110/328
f 367/114/332 368/115/333 369/116/334
f 369/116/334 370/117/335 367/114/332
f 371/118/336 372/119/337 373/120/338
f 373/120/338 374/121/339 371/118/336
f 375/122/340 376/123/341 377/124/342
f 377/124/342 378/125/343 375/122/340
f 368/115/333 367/114/332 379/126/344
f 379/126/344 380/127/345 368/115/333
f 364/111/329 363/110/328 381/128/346
f 381/128/346 382/129/347 364/111/329
f 376/123/341 375/122/340 383/130/348
f 383/130/348 384/131/349 376/123/341
f 372/119/337 371/118/336 385/132/350
f 385/132/350 386/133/351 372/119/337
f 352/99/317 351/98/316 387/134/352
f 387/134/352 388/135/353 352/99/317
f 348/95/314 347/94/313 389/136/354
f 389/136/354 390/137/355 348/95/314
f 360/107/325 359/106/324 391/138/356
f 391/138/356 392/139/357 360/107/325
f 356/103/321 355/102/320 393/140/358
f 393/140/358 394/141/359 356/103/321
f 340/87/306 339/86/305 395/142/360
f 395/142/360 396/143/361 340/87/306
f 336/83/302 335/82/301 397/144/362
f 397/144/362 398/145/363 336/83/302
f 344/91/310 343/90/309 399/146/364
f 399/146/364 400/147/365 344/91/310
f 384/131/349 401/78/297 329/76/295
f 329/76/295 376/123/341 384/131/349
f 376/123/341 329/76/295 402/75/294
f 402/75/294 377/124/342 376/123/341
f 386/133/351 383/130/348 375/122/340
f 375/122/340 372/119/337 386/133/351
f 372/119/337 375/122/340 378/125/343
f 378/125/343 373/120/338 372/119/337
f 380/127/345 385/132/350 371/118/336
f 371/118/336 368/115/333 380/127/345
f 368/115/333 371/118/336 374/121/339
f 374/121/339 369/116/334 368/115/333
f 382/129/347 379/126/344 367/114/332
f 367/114/332 364/111/329 382/129/347
f 364/111/329 367/114/332 370/117/335
f 370/117/335 365/112/330 364/111/329
f 388/135/353 381/128/346 363/110/328
f 363/110/328 352/99/317 388/135/353
f 352/99/317 363/110/328 366/113/331
f 366/113/331 353/100/318 352/99/317
f 390/137/355 387/134/352 351/98/316
f 351/98/316 348/95/314 390/137/355
f 348/95/314 351/98/316 354/101/319
f 354/101/319 349/96/315 348/95/314
f 392/139/357 389/136/354 347/94/313
f 347/94/313 360/107/325 392/139/357
f 360/107/325 347/94/313 350/97/315
f 350/97/315 361/108/326 360/107/325
f 394/141/359 391/138/356 359/106/324
f 359/106/324 356/103/321 394/141/359
f 356/103/321 359/106/324 362/109/327
f 362/109/327 357/104/322 356/103/321
f 400/147/365 393/140/358 355/102/320
f 355/102/320 344/91/310 400/147/365
f 344/91/310 355/102/320 358/105/323
f 358/105/323 345/92/311 344/91/310
f 403/148/366 399/146/364 343/90/309
f 343/90/309 404/149/367 403/148/366
f 404/149/367 343/90/309 346/93/312
f 346/93/312 405/150/368 404/149/367
f 396/143/361 406/151/369 407/152/370
f 407/152/370 340/87/306 396/143/361
f 340/87/306 407/152/370 408/153/371
f 408/153/371 341/88/307 340/87/306
f 398/145/363 395/142/360 339/86/305
f 339/86/305 336/83/302 398/145/363
f 336/83/302 339/86/305 342/89/308
f 342/89/308 337/84/303 336/83/302
f 406/148/369 403/146/366 404/90/367
f 404/90/367 407/149/370 406/148/369
f 407/149/370 404/90/367 405/93/368
f 405/93/368 408/150/371 407/149/370
f 409/154/372 410/155/373 411/156/374
f 411/156/374 412/157/375 409/154/372
f 413/158/376 414/159/377 415/160/378
f 415/160/378 416/161/379 413/158/376
f 412/157/375 411/156/374 477/162/380
f 477/162/380 417/163/381 412/157/375
f 416/161/379 415/160/378 418/164/381
f 418/164/381 419/165/382 416/161/379
f 420/166/383 421/167/384 422/168/385
f 422/168/385 423/169/386 420/166/383
f 424/170/387 425/171/388 426/172/389
f 426/172/389 427/173/390 424/170/387
f 423/169/386 422/168/385 428/174/391
f 428/174/391 429/175/392 423/169/386
f 427/173/390 426/172/389 430/176/393
f 430/176/393 431/177/394 427/173/390
f 432/178/395 433/179/396 434/180/397
f 434/180/397 435/181/398 432/178/395
f 436/182/399 437/183/400 438/184/401
f 438/184/401 439/185/402 436/182/399
f 435/181/398 434/180/397 440/186/403
f 440/186/403 441/187/404 435/181/398
f 439/185/402 438/184/401 442/188/405
f 442/188/405 443/189/406 439/185/402
f 444/190/407 439/185/402 443/189/406
f 443/189/406 445/191/408 444/190/407
f 446/192/409 436/182/399 439/185/402
f 439/185/402 444/190/407 446/192/409
f 438/184/401 435/181/398 441/187/404
f 441/187/404 442/188/405 438/184/401
f 437/183/400 432/178/395 435/181/398
f 435/181/398 438/184/401 437/183/400
f 434/180/397 427/173/390 431/177/394
f 431/177/394 440/186/403 434/180/397
f 433/179/396 424/170/387 427/173/390
f 427/173/390 434/180/397 433/179/396
f 426/172/389 423/169/386 429/175/392
f 429/175/392 430/176/393 426/172/389
f 425/171/388 420/166/383 423/169/386
f 423/169/386 426/172/389 425/171/388
f 422/168/385 416/161/379 419/165/382
f 419/165/382 428/174/391 422/168/385
f 421/167/384 413/158/376 416/161/379
f 416/161/379 422/168/385 421/167/384
f 415/160/378 412/157/375 417/163/381
f 417/163/381 418/164/381 415/160/378
f 414/159/377 409/154/372 412/157/375
f 412/157/375 415/160/378 414/159/377
f 447/193/410 448/194/411 449/195/412
f 449/195/412 450/196/413 447/193/410
f 450/196/413 449/195/412 451/197/414
f 451/197/414 452/198/415 450/196/413
f 453/199/416 454/200/417 455/201/418
f 455/201/418 456/202/419 453/199/416
f 457/203/420 458/204/421 459/205/422
f 459/205/422 460/206/423 457/203/420
f 456/202/419 455/201/418 461/207/415
f 461/207/415 462/208/424 456/202/419
f 460/206/423 459/205/422 463/209/425
f 463/209/425 464/210/425 460/206/423
f 465/211/426 466/212/427 467/213/428
f 467/213/428 468/214/429 465/211/426
f 469/215/430 470/216/431 471/217/432
f 471/217/432 472/218/433 469/215/430
f 468/214/429 467/213/428 473/219/434
f 473/219/434 474/220/435 468/214/429
f 472/218/433 471/217/432 475/221/436
f 475/221/436 476/222/436 472/218/433
f 411/223/374 472/218/433 476/222/436
f 476/222/436 477/224/380 411/223/374
f 410/225/373 469/215/430 472/218/433
f 472/218/433 411/223/374 410/225/373
f 471/217/432 468/214/429 474/220/435
f 474/220/435 475/221/436 471/217/432
f 470/216/431 465/211/426 468/214/429
f 468/214/429 471/217/432 470/216/431
f 467/213/428 460/206/423 464/210/425
f 464/210/425 473/219/434 467/213/428
f 466/212/427 457/203/420 460/206/423
f 460/206/423 467/213/428 466/212/427
f 459/205/422 456/202/419 462/208/424
f 462/208/424 463/209/425 459/205/422
f 458/204/421 453/199/416 456/202/419
f 456/202/419 459/205/422 458/204/421
f 455/201/418 450/196/413 452/198/415
f 452/198/415 461/207/415 455/201/418
f 454/200/417 447/193/410 450/196/413
f 450/196/413 455/201/418 454/200/417
f 449/195/412 478/226/437 479/227/438
f 479/227/438 451/197/414 449/195/412
f 448/194/411 480/228/439 478/226/437
f 478/226/437 449/195/412 448/194/411
f 481/229/440 482/230/441 483/231/441
f 483/231/441 484/232/440 481/229/440
f 485/233/442 486/234/319 487/235/319
f 487/235/319 488/236/442 485/233/442
f 489/237/443 490/238/444 491/239/444
f 491/239/444 492/240/443 489/237/443
f 493/241/445 494/242/446 495/243/446
f 495/243/446 496/244/445 493/241/445
f 497/245/447 498/246/448 499/247/448
f 499/247/448 500/248/447 497/245/447
f 501/249/449 502/250/450 503/251/450
f 503/251/450 504/252/451 501/249/449
f 505/229/452 506/253/453 507/254/453
f 507/254/453 508/232/454 505/229/452
f 509/233/455 510/234/455 511/235/455
f 511/235/455 512/236/455 509/233/455
f 513/255/456 514/256/457 515/257/457
f 515/257/457 516/258/456 513/255/456
f 517/259/458 518/260/459 519/261/459
f 519/261/459 520/262/458 517/259/458
f 510/234/455 521/263/460 522/264/460
f 522/264/460 511/235/455 510/234/455
f 506/253/453 509/233/455 512/236/455
f 512/236/455 507/254/453 506/253/453
f 518/260/459 505/229/452 508/232/454
f 508/232/454 519/261/459 518/260/459
f 514/256/457 517/259/458 520/262/458
f 520/262/458 515/257/457 514/256/457
f 502/250/450 513/255/456 516/258/456
f 516/258/456 503/251/450 502/250/450
f 498/246/448 501/249/449 504/252/451
f 504/252/451 499/247/448 498/246/448
f 494/242/446 497/245/447 500/248/447
f 500/248/447 495/243/446 494/242/446
f 490/238/444 493/241/445 496/244/445
f 496/244/445 491/239/444 490/238/444
f 486/234/319 489/263/443 492/264/443
f 492/264/443 487/235/319 486/234/319
f 482/230/441 485/233/442 488/236/442
f 488/236/442 483/231/441 482/230/441
f 523/265/461 524/266/462 525/267/462
f 525/267/462 526/268/461 523/265/461
f 527/269/463 528/270/464 529/271/465
f 529/271/465 530/272/463 527/269/463
f 531/273/466 532/274/467 533/275/468
f 533/275/468 534/276/469 531/273/466
f 535/277/470 536/278/471 537/279/472
f 537/279/472 538/280/473 535/277/470
f 539/281/474 540/282/475 541/283/476
f 541/283/476 542/284/474 539/281/474
f 543/285/477 544/286/478 545/287/479
f 545/287/479 546/288/480 543/285/477
f 547/289/481 548/290/482 549/291/482
f 549/291/482 550/292/483 547/289/481
f 551/293/484 552/294/485 553/295/486
f 553/295/486 554/296/484 551/293/484
f 555/265/487 556/297/488 557/298/489
f 557/298/489 558/268/490 555/265/487
f 559/269/491 560/299/492 561/300/493
f 561/300/493 562/272/494 559/269/491
f 560/299/492 563/273/495 564/276/496
f 564/276/496 561/300/493 560/299/492
f 556/297/488 559/269/491 562/272/494
f 562/272/494 557/298/489 556/297/488
f 544/286/478 555/301/487 558/302/490
f 558/302/490 545/287/479 544/286/478
f 540/282/475 543/285/477 546/288/480
f 546/288/480 541/283/476 540/282/475
f 552/294/485 539/281/474 542/284/474
f 542/284/474 553/295/486 552/294/485
f 548/290/482 551/293/484 554/296/484
f 554/296/484 549/291/482 548/290/482
f 536/278/471 547/289/481 550/292/483
f 550/292/483 537/279/472 536/278/471
f 532/274/467 535/277/470 538/280/473
f 538/280/473 533/275/468 532/274/467
f 528/270/464 531/273/466 534/276/469
f 534/276/469 529/271/465 528/270/464
f 524/266/462 527/269/463 530/272/463
f 530/272/463 525/267/462 524/266/462
f 565/303/497 566/304/498 567/305/499
f 567/305/499 568/306/500 565/303/497
f 569/307/501 570/308/502 571/309/502
f 571/309/502 572/310/501 569/307/501
f 573/311/503 574/312/504 575/313/504
f 575/313/504 576/314/503 573/311/503
f 577/315/505 578/316/506 579/317/506
f 579/317/506 580/318/505 577/315/505
f 581/319/507 582/320/508 583/321/508
f 583/321/508 584/322/507 581/319/507
f 585/323/509 586/324/510 587/325/510
f 587/325/510 588/326/509 585/323/509
f 589/327/511 590/328/512 591/329/512
f 591/329/512 592/330/511 589/327/511
f 593/331/513 594/332/514 595/333/514
f 595/333/514 596/334/513 593/331/513
f 597/303/515 598/304/516 599/335/516
f 599/335/516 600/306/515 597/303/515
f 601/307/517 602/336/518 603/309/518
f 603/309/518 604/310/517 601/307/517
f 605/311/519 606/312/520 607/313/520
f 607/313/520 608/314/519 605/311/519
f 609/315/521 610/337/522 611/338/523
f 611/338/523 612/318/521 609/315/521
f 610/337/522 613/327/524 614/330/525
f 614/330/525 611/338/523 610/337/522
f 606/312/520 609/315/521 612/318/521
f 612/318/521 607/313/520 606/312/520
f 602/336/518 605/311/519 608/314/519
f 608/314/519 603/309/518 602/336/518
f 598/304/516 601/307/517 604/310/517
f 604/310/517 599/335/516 598/304/516
f 586/324/510 597/339/515 600/340/515
f 600/340/515 587/325/510 586/324/510
f 582/320/508 585/323/509 588/326/509
f 588/326/509 583/321/508 582/320/508
f 594/332/514 581/319/507 584/322/507
f 584/322/507 595/333/514 594/332/514
f 590/328/512 593/331/513 596/334/513
f 596/334/513 591/329/512 590/328/512
f 578/316/506 589/327/511 592/330/511
f 592/330/511 579/317/506 578/316/506
f 574/312/504 577/315/505 580/318/505
f 580/318/505 575/313/504 574/312/504
f 570/308/502 573/311/503 576/314/503
f 576/314/503 571/309/502 570/308/502
f 566/304/498 569/307/501 572/310/501
f 572/310/501 567/305/499 566/304/498
f 615/69/526 616/341/527 617/342/528
f 617/342/528 618/13/529 615/69/526
f 619/15/530 620/343/531 616/341/527
f 616/341/527 615/69/526 619/15/530
f 621/344/532 622/345/533 623/346/534
f 623/346/534 624/347/535 621/344/532
f 625/348/536 626/349/537 627/350/538
f 627/350/538 628/351/539 625/348/536
f 629/352/540 630/353/541 622/345/533
f 622/345/533 621/344/532 629/352/540
f 631/354/542 632/355/543 626/349/537
f 626/349/537 625/348/536 631/354/542
f 632/355/543 633/356/544 634/357/545
f 634/357/545 626/349/537 632/355/543
f 626/349/537 634/357/545 635/358/546
f 635/358/546 627/350/538 626/349/537
f 630/353/541 631/354/542 625/348/536
f 625/348/536 622/345/533 630/353/541
f 622/345/533 625/348/536 628/351/539
f 628/351/539 623/346/534 622/345/533
f 620/343/531 629/352/540 621/344/532
f 621/344/532 616/341/527 620/343/531
f 616/341/527 621/344/532 624/347/535
f 624/347/535 617/342/528 616/341/527
f 636/359/547 619/15/530 615/69/526
f 615/69/526 637/360/548 636/359/547
f 637/360/548 615/69/526 618/13/529
f 618/13/529 638/361/549 637/360/548
f 634/357/545 639/362/550 640/363/551
f 640/363/551 635/358/546 634/357/545
f 641/364/552 642/365/553 643/366/554
f 643/366/554 644/367/555 641/364/552
f 633/356/544 645/368/556 639/362/550
f 639/362/550 634/357/545 633/356/544
f 646/369/557 647/370/558 642/365/553
f 642/365/553 641/364/552 646/369/557
f 648/371/559 649/372/560 650/373/561
f 650/373/561 651/374/562 648/371/559
f 652/375/563 653/376/564 654/377/565
f 654/377/565 655/378/566 652/375/563
f 656/379/567 657/380/568 649/372/560
f 649/372/560 648/371/559 656/379/567
f 658/381/569 659/382/570 653/376/564
f 653/376/564 652/375/563 658/381/569
f 660/383/571 661/384/572 662/385/573
f 662/385/573 663/386/574 660/383/571
f 664/387/575 665/388/576 666/389/577
f 666/389/577 667/390/578 664/387/575
f 668/391/579 669/392/580 661/384/572
f 661/384/572 660/383/571 668/391/579
f 670/393/581 671/394/582 665/388/576
f 665/388/576 664/387/575 670/393/581
f 659/382/570 672/395/583 673/396/584
f 673/396/584 653/376/564 659/382/570
f 653/376/564 673/396/584 674/397/585
f 674/397/585 654/377/565 653/376/564
f 657/380/568 658/381/569 652/375/563
f 652/375/563 649/372/560 657/380/568
f 649/372/560 652/375/563 655/378/566
f 655/378/566 650/373/561 649/372/560
f 671/394/582 656/379/567 648/371/559
f 648/371/559 665/388/576 671/394/582
f 665/388/576 648/371/559 651/374/562
f 651/374/562 666/389/577 665/388/576
f 669/392/580 670/393/581 664/387/575
f 664/387/575 661/384/572 669/392/580
f 661/384/572 664/387/575 667/390/578
f 667/390/578 662/385/573 661/384/572
f 647/370/558 668/391/579 660/383/571
f 660/383/571 642/365/553 647/370/558
f 642/365/553 660/383/571 663/386/574
f 663/386/574 643/366/554 642/365/553
f 645/368/556 646/369/557 641/364/552
f 641/364/552 639/362/550 645/368/556
f 639/362/550 641/364/552 644/367/555
f 644/367/555 640/363/551 639/362/550
f 675/398/586 676/399/587 677/400/588
f 677/400/588 678/401/589 675/398/586
f 679/402/590 680/403/591 681/404/592
f 681/404/592 682/405/593 679/402/590
f 683/406/594 684/407/595 685/408/596
f 685/408/596 686/409/597 683/406/594
f 684/407/595 683/406/594 687/410/598
f 687/410/598 688/411/599 684/407/595
f 680/403/591 679/402/590 689/412/600
f 689/412/600 690/413/601 680/403/591
f 676/399/587 675/398/586 691/414/602
f 691/414/602 692/415/603 676/399/587
f 688/411/599 769/416/604 693/417/605
f 693/417/605 684/407/595 688/411/599
f 684/407/595 693/417/605 694/418/606
f 694/418/606 685/408/596 684/407/595
f 690/413/601 687/410/598 683/406/594
f 683/406/594 680/403/591 690/413/601
f 680/403/591 683/406/594 686/409/597
f 686/409/597 681/404/592 680/403/591
f 692/415/603 689/412/600 679/402/590
f 679/402/590 676/399/587 692/415/603
f 676/399/587 679/402/590 682/405/593
f 682/405/593 677/400/588 676/399/587
f 695/419/607 691/414/602 675/398/586
f 675/398/586 696/420/608 695/419/607
f 696/420/608 675/398/586 678/401/589
f 678/401/589 697/421/609 696/420/608
f 698/396/610 699/422/611 700/423/612
f 700/423/612 701/397/613 698/396/610
f 702/424/614 703/425/615 704/426/616
f 704/426/616 705/427/617 702/424/614
f 706/395/618 707/428/619 699/422/611
f 699/422/611 698/396/610 706/395/618
f 708/429/620 709/430/621 703/425/615
f 703/425/615 702/424/614 708/429/620
f 710/431/622 711/432/623 712/433/624
f 712/433/624 713/434/625 710/431/622
f 714/435/626 715/436/627 716/437/628
f 716/437/628 717/438/629 714/435/626
f 718/439/630 719/440/631 711/432/623
f 711/432/623 710/431/622 718/439/630
f 720/441/632 721/442/633 715/436/627
f 715/436/627 714/435/626 720/441/632
f 721/442/633 722/443/634 723/444/635
f 723/444/635 715/436/627 721/442/633
f 715/436/627 723/444/635 724/445/636
f 724/445/636 716/437/628 715/436/627
f 719/440/631 720/441/632 714/435/626
f 714/435/626 711/432/623 719/440/631
f 711/432/623 714/435/626 717/438/629
f 717/438/629 712/433/624 711/432/623
f 709/430/621 718/439/630 710/431/622
f 710/431/622 703/425/615 709/430/621
f 703/425/615 710/431/622 713/434/625
f 713/434/625 704/426/616 703/425/615
f 707/428/619 708/429/620 702/424/614
f 702/424/614 699/422/611 707/428/619
f 699/422/611 702/424/614 705/427/617
f 705/427/617 700/423/612 699/422/611
f 693/417/605 725/446/637 726/447/638
f 726/447/638 694/418/606 693/417/605
f 727/448/639 728/449/640 729/450/641
f 729/450/641 730/451/642 727/448/639
f 731/452/643 732/453/644 733/454/645
f 733/454/645 734/455/646 731/452/643
f 735/456/647 736/457/648 737/458/649
f 737/458/649 738/459/650 735/456/647
f 739/460/651 740/461/652 741/462/653
f 741/462/653 742/463/654 739/460/651
f 743/464/655 744/465/656 745/466/657
f 745/466/657 746/467/658 743/464/655
f 747/468/659 748/469/660 749/470/661
f 749/470/661 750/471/662 747/468/659
f 751/472/663 752/473/664 753/10/665
f 753/10/665 754/474/666 751/472/663
f 752/473/664 751/472/663 755/475/667
f 755/475/667 756/476/668 752/473/664
f 748/469/660 747/468/659 757/477/669
f 757/477/669 758/478/670 748/469/660
f 736/457/648 735/456/647 759/479/671
f 759/479/671 760/480/672 736/457/648
f 732/453/644 731/452/643 761/481/673
f 761/481/673 762/482/674 732/453/644
f 744/465/656 743/464/655 763/483/675
f 763/483/675 764/484/676 744/465/656
f 740/461/652 739/460/651 765/485/677
f 765/485/677 766/486/678 740/461/652
f 728/449/640 727/448/639 767/487/679
f 767/487/679 768/488/680 728/449/640
f 725/446/637 693/417/605 769/416/604
f 769/416/604 770/489/681 725/446/637
f 756/476/668 771/490/682 772/491/683
f 772/491/683 752/473/664 756/476/668
f 752/473/664 772/491/683 773/492/684
f 773/492/684 753/10/665 752/473/664
f 758/478/670 755/475/667 751/472/663
f 751/472/663 748/469/660 758/478/670
f 748/469/660 751/472/663 754/474/666
f 754/474/666 749/470/661 748/469/660
f 760/480/672 757/477/669 747/468/659
f 747/468/659 736/457/648 760/480/672
f 736/457/648 747/468/659 750/471/662
f 750/471/662 737/458/649 736/457/648
f 762/482/674 759/479/671 735/456/647
f 735/456/647 732/453/644 762/482/674
f 732/453/644 735/456/647 738/459/650
f 738/459/650 733/454/645 732/453/644
f 764/484/676 761/481/673 731/452/643
f 731/452/643 744/465/656 764/484/676
f 744/465/656 731/452/643 734/455/646
f 734/455/646 745/466/657 744/465/656
f 766/486/678 763/483/675 743/464/655
f 743/464/655 740/461/652 766/486/678
f 740/461/652 743/464/655 746/467/658
f 746/467/658 741/462/653 740/461/652
f 768/488/680 765/485/677 739/460/651
f 739/460/651 728/449/640 768/488/680
f 728/449/640 739/460/651 742/463/654
f 742/463/654 729/450/641 728/449/640
f 770/489/681 767/487/679 727/448/639
f 727/448/639 725/446/637 770/489/681
f 725/446/637 727/448/639 730/451/642
f 730/451/642 726/447/638 725/446/637
f 774/493/685 775/494/686 776/495/687
f 776/495/687 777/496/688 774/493/685
f 778/497/689 779/498/690 780/499/691
f 780/499/691 781/500/692 778/497/689
f 782/501/693 783/502/694 775/494/686
f 775/494/686 774/493/685 782/501/693
f 784/503/695 785/504/696 779/498/690
f 779/498/690 778/497/689 784/503/695
f 785/504/696 786/505/697 788/506/698
f 788/506/698 779/498/690 785/504/696
f 779/498/690 788/506/698 787/507/699
f 787/507/699 780/499/691 779/498/690
f 783/502/694 784/503/695 778/497/689
f 778/497/689 775/494/686 783/502/694
f 775/494/686 778/497/689 781/500/692
f 781/500/692 776/495/687 775/494/686
f 788/506/698 789/508/700 790/509/701
f 790/509/701 787/507/699 788/506/698
f 791/510/702 792/511/703 793/512/704
f 793/512/704 794/513/705 791/510/702
f 786/505/697 795/514/706 789/508/700
f 789/508/700 788/506/698 786/505/697
f 796/515/707 797/516/708 792/511/703
f 792/511/703 791/510/702 796/515/707
f 798/517/709 799/518/710 800/519/711
f 800/519/711 801/520/712 798/517/709
f 802/521/713 803/522/714 804/523/715
f 804/523/715 805/524/716 802/521/713
f 806/525/717 807/526/718 799/518/710
f 799/518/710 798/517/709 806/525/717
f 808/527/719 809/528/720 803/522/714
f 803/522/714 802/521/713 808/527/719
f 810/529/721 811/530/722 812/531/723
f 812/531/723 813/532/724 810/529/721
f 814/533/725 815/534/726 811/530/722
f 811/530/722 810/529/721 814/533/725
f 815/534/726 816/535/727 817/536/728
f 817/536/728 811/530/722 815/534/726
f 811/530/722 817/536/728 818/537/729
f 818/537/729 812/531/723 811/530/722
f 809/528/720 814/533/725 810/529/721
f 810/529/721 803/522/714 809/528/720
f 803/522/714 810/529/721 813/532/724
f 813/532/724 804/523/715 803/522/714
f 807/526/718 808/527/719 802/521/713
f 802/521/713 799/518/710 807/526/718
f 799/518/710 802/521/713 805/524/716
f 805/524/716 800/519/711 799/518/710
f 797/516/708 806/525/717 798/517/709
f 798/517/709 792/511/703 797/516/708
f 792/511/703 798/517/709 801/520/712
f 801/520/712 793/512/704 792/511/703
f 795/514/706 796/515/707 791/510/702
f 791/510/702 789/508/700 795/514/706
f 789/508/700 791/510/702 794/513/705
f 794/513/705 790/509/701 789/508/700
f 819/538/730 820/539/731 821/11/732
f 821/11/732 822/540/733 819/538/730
f 823/492/734 824/10/735 820/539/731
f 820/539/731 819/538/730 823/492/734
f 820/538/731 825/539/736 826/11/737
f 826/11/737 821/540/732 820/538/731
f 824/492/735 827/10/738 825/539/736
f 825/539/736 820/538/731 824/492/735
f 825/538/736 828/539/739 829/11/740
f 829/11/740 826/540/737 825/538/736
f 827/492/738 830/10/741 828/539/739
f 828/539/739 825/538/736 827/492/738
f 828/538/739 867/539/742 831/11/743
f 831/11/743 829/540/740 828/538/739
f 830/492/741 870/10/744 867/539/742
f 867/539/742 828/538/739 830/492/741
f 832/541/745 833/542/746 834/543/747
f 834/543/747 835/544/748 832/541/745
f 836/476/749 837/490/750 832/545/745
f 832/545/745 835/546/748 836/476/749
f 832/546/745 838/545/751 839/547/752
f 839/547/752 833/4/746 832/546/745
f 837/476/750 840/490/753 838/545/751
f 838/545/751 832/546/745 837/476/750
f 838/546/751 841/545/754 842/547/755
f 842/547/755 839/4/752 838/546/751
f 840/476/753 843/490/756 841/545/754
f 841/545/754 838/546/751 840/476/753
f 841/546/754 844/545/757 845/547/758
f 845/547/758 842/4/755 841/546/754
f 843/476/756 846/490/759 844/545/757
f 844/545/757 841/546/754 843/476/756
f 844/546/757 847/545/760 848/547/761
f 848/547/761 845/4/758 844/546/757
f 846/476/759 849/490/762 847/545/760
f 847/545/760 844/546/757 846/476/759
f 847/546/760 850/545/763 851/547/764
f 851/547/764 848/4/761 847/546/760
f 849/476/762 852/490/765 850/545/763
f 850/545/763 847/546/760 849/476/762
f 850/546/763 853/545/766 854/547/767
f 854/547/767 851/4/764 850/546/763
f 852/476/765 855/490/768 853/545/766
f 853/545/766 850/546/763 852/476/765
f 853/546/766 856/545/769 857/547/770
f 857/547/770 854/4/767 853/546/766
f 855/476/768 858/490/771 856/545/769
f 856/545/769 853/546/766 855/476/768
f 856/546/769 859/545/772 860/547/773
f 860/547/773 857/4/770 856/546/769
f 858/476/771 861/490/774 859/545/772
f 859/545/772 856/546/769 858/476/771
f 862/547/775 860/4/773 859/546/772
f 859/546/772 863/545/776 864/548/777
f 861/476/774 865/490/778 863/545/776
f 863/545/776 859/546/772 861/476/774
f 859/546/772 866/549/777 862/547/775
f 859/546/772 864/548/777 866/549/777
f 867/538/742 868/539/779 869/11/780
f 869/11/780 831/540/743 867/538/742
f 870/492/744 871/10/781 868/539/779
f 868/539/779 867/538/742 870/492/744
f 868/538/779 872/539/782 873/11/783
f 873/11/783 869/540/780 868/538/779
f 871/492/781 874/10/784 872/539/782
f 872/539/782 868/538/779 871/492/781
f 872/538/782 875/539/785 876/11/786
f 876/11/786 873/540/783 872/538/782
f 874/492/784 877/10/787 875/539/785
f 875/539/785 872/538/782 874/492/784
f 875/538/785 878/539/788 879/11/789
f 879/11/789 876/540/786 875/538/785
f 877/492/787 880/10/790 878/539/788
f 878/539/788 875/538/785 877/492/787
f 878/538/788 881/539/791 882/11/792
f 882/11/792 879/540/789 878/538/788
f 880/492/790 883/10/793 881/539/791
f 881/539/791 878/538/788 880/492/790
f 881/538/791 884/539/794 885/11/795
f 885/11/795 882/540/792 881/538/791
f 883/492/793 886/10/796 884/539/794
f 884/539/794 881/538/791 883/492/793
f 884/538/794 887/539/797 888/11/798
f 888/11/798 885/540/795 884/538/794
f 886/492/796 889/10/799 887/539/797
f 887/539/797 884/538/794 886/492/796
f 887/538/797 890/539/800 891/11/801
f 891/11/801 888/540/798 887/538/797
f 889/492/799 892/10/802 890/539/800
f 890/539/800 887/538/797 889/492/799
f 890/538/800 893/539/803 894/11/804
f 894/11/804 891/540/801 890/538/800
f 892/492/802 895/10/805 893/539/803
f 893/539/803 890/538/800 892/492/802
f 893/538/803 896/539/806 897/11/807
f 897/11/807 894/540/804 893/538/803
f 895/492/805 898/10/808 896/539/806
f 896/539/806 893/538/803 895/492/805
f 896/538/806 899/539/809 900/11/810
f 900/11/810 897/540/807 896/538/806
f 898/492/808 901/10/811 899/539/809
f 899/539/809 896/538/806 898/492/808
f 899/538/809 902/539/812 903/11/813
f 903/11/813 900/540/810 899/538/809
f 901/492/811 904/10/814 902/539/812
f 902/539/812 899/538/809 901/492/811
f 902/538/812 905/539/815 906/11/816
f 906/11/816 903/540/813 902/538/812
f 904/492/814 907/10/817 905/539/815
f 905/539/815 902/538/812 904/492/814
f 906/11/818 905/539/819 908/539/820
f 907/10/821 908/539/820 905/539/819
f 909/550/822 910/551/823 911/552/824
f 911/552/824 912/553/825 909/550/822
f 913/554/826 914/555/827 915/556/828
f 915/556/828 916/557/829 913/554/826
f 912/558/825 911/559/824 917/380/241
f 917/380/241 918/381/241 912/558/825
f 916/560/829 915/561/828 919/382/241
f 919/382/241 920/395/241 916/560/829
f 921/562/830 922/563/831 923/564/832
f 923/564/832 924/565/833 921/562/830
f 925/566/834 926/567/835 927/568/836
f 927/568/836 928/569/837 925/566/834
f 924/570/833 923/551/832 929/392/241
f 929/392/241 930/393/241 924/570/833
f 928/571/837 927/572/836 931/573/241
f 931/573/241 932/379/241 928/571/837
f 933/551/838 934/558/839 935/574/840
f 935/574/840 936/575/841 933/551/838
f 936/550/841 935/566/840 937/355/241
f 937/355/241 938/356/241 936/550/841
f 939/572/842 940/570/843 941/576/844
f 941/576/844 942/577/845 939/572/842
f 942/554/845 941/555/844 943/368/241
f 943/368/241 944/369/241 942/554/845
f 941/555/844 936/550/841 938/356/241
f 938/356/241 943/368/241 941/555/844
f 940/570/843 933/551/838 936/575/841
f 936/575/841 941/576/844 940/570/843
f 945/578/846 916/560/829 920/395/241
f 920/395/241 946/428/241 945/578/846
f 947/579/847 913/554/826 916/557/829
f 916/557/829 945/580/846 947/579/847
f 915/561/828 912/558/825 918/381/241
f 918/381/241 919/382/241 915/561/828
f 914/555/827 909/550/822 912/553/825
f 912/553/825 915/556/828 914/555/827
f 911/559/824 928/571/837 932/379/241
f 932/379/241 917/380/241 911/559/824
f 910/551/823 925/566/834 928/569/837
f 928/569/837 911/552/824 910/551/823
f 927/572/836 924/570/833 930/393/241
f 930/393/241 931/573/241 927/572/836
f 926/567/835 921/562/830 924/565/833
f 924/565/833 927/568/836 926/567/835
f 923/551/832 948/581/848 949/391/241
f 949/391/241 929/392/241 923/551/832
f 922/563/831 950/582/849 948/583/848
f 948/583/848 923/564/832 922/563/831
f 951/554/850 947/555/847 945/556/846
f 945/556/846 952/557/851 951/554/850
f 952/560/851 945/561/846 946/382/241
f 946/382/241 953/395/241 952/560/851
f 935/578/840 952/560/851 953/395/241
f 953/395/241 937/428/241 935/578/840
f 934/579/839 951/554/850 952/557/851
f 952/557/851 935/580/840 934/579/839
f 954/579/852 942/554/845 944/369/241
f 944/369/241 955/370/241 954/579/852
f 956/571/853 939/572/842 942/577/845
f 942/577/845 954/584/852 956/571/853
f 957/585/854 958/586/855 959/587/856
f 959/587/856 960/588/857 957/585/854
f 961/589/858 962/590/859 963/591/860
f 963/591/860 964/592/861 961/589/858
f 965/593/862 966/594/863 967/595/864
f 967/595/864 968/596/865 965/593/862
f 969/597/866 970/598/867 971/599/868
f 971/599/868 972/600/866 969/597/866
f 973/601/869 974/602/870 975/603/871
f 975/603/871 976/604/872 973/601/869
f 977/605/873 978/606/874 979/607/875
f 979/607/875 980/608/876 977/605/873
f 981/609/877 982/610/878 983/611/879
f 983/611/879 984/612/880 981/609/877
f 985/613/881 986/614/882 987/615/883
f 987/615/883 988/616/884 985/613/881
f 989/585/885 990/617/886 991/587/886
f 991/587/886 992/588/887 989/585/885
f 993/589/888 994/590/889 995/618/890
f 995/618/890 996/592/891 993/589/888
f 997/593/892 998/619/893 999/620/894
f 999/620/894 1000/596/892 997/593/892
f 998/619/893 1001/597/895 1002/600/896
f 1002/600/896 999/620/894 998/619/893
f 994/590/889 997/593/892 1000/596/892
f 1000/596/892 995/618/890 994/590/889
f 990/617/886 993/589/888 996/592/891
f 996/592/891 991/587/886 990/617/886
f 978/606/874 989/621/885 992/622/887
f 992/622/887 979/607/875 978/606/874
f 974/602/870 977/605/873 980/608/876
f 980/608/876 975/603/871 974/602/870
f 986/614/882 973/601/869 976/604/872
f 976/604/872 987/615/883 986/614/882
f 982/610/878 985/613/881 988/616/884
f 988/616/884 983/611/879 982/610/878
f 970/598/867 981/609/877 984/612/880
f 984/612/880 971/599/868 970/598/867
f 966/594/863 969/597/866 972/600/866
f 972/600/866 967/595/864 966/594/863
f 962/590/859 965/593/862 968/596/865
f 968/596/865 963/591/860 962/590/859
f 958/586/855 961/589/858 964/592/861
f 964/592/861 959/587/856 958/586/855
f 1003/623/897 1004/624/898 1005/625/899
f 1005/625/899 1081/626/900 1003/623/897
f 1006/627/901 1007/628/902 1008/629/903
f 1008/629/903 1009/630/904 1006/627/901
f 1010/631/905 1011/632/906 1012/633/907
f 1012/633/907 1013/634/908 1010/631/905
f 1014/635/909 1015/636/910 1016/637/911
f 1016/637/911 1017/638/912 1014/635/909
f 1018/639/913 1019/640/914 1020/641/915
f 1020/641/915 1021/642/916 1018/639/913
f 1022/643/917 1023/644/918 1024/645/919
f 1024/645/919 1025/646/920 1022/643/917
f 1026/647/921 1027/648/922 1028/649/923
f 1028/649/923 1029/650/924 1026/647/921
f 1030/651/925 1031/652/926 1032/653/927
f 1032/653/927 1033/654/928 1030/651/925
f 1034/623/929 1035/624/930 1036/625/931
f 1036/625/931 1037/626/932 1034/623/929
f 1038/627/933 1039/628/934 1040/655/934
f 1040/655/934 1041/630/935 1038/627/933
f 1042/631/936 1043/656/937 1044/657/937
f 1044/657/937 1045/634/936 1042/631/936
f 1043/656/937 1046/635/938 1047/638/938
f 1047/638/938 1044/657/937 1043/656/937
f 1039/628/934 1042/631/936 1045/634/936
f 1045/634/936 1040/655/934 1039/628/934
f 1035/624/930 1038/627/933 1041/630/935
f 1041/630/935 1036/625/931 1035/624/930
f 1023/644/918 1034/658/929 1037/659/932
f 1037/659/932 1024/645/919 1023/644/918
f 1019/640/914 1022/643/917 1025/646/920
f 1025/646/920 1020/641/915 1019/640/914
f 1031/652/926 1018/639/913 1021/642/916
f 1021/642/916 1032/653/927 1031/652/926
f 1027/648/922 1030/651/925 1033/654/928
f 1033/654/928 1028/649/923 1027/648/922
f 1015/636/910 1026/647/921 1029/650/924
f 1029/650/924 1016/637/911 1015/636/910
f 1011/632/906 1014/635/909 1017/638/912
f 1017/638/912 1012/633/907 1011/632/906
f 1007/628/902 1010/631/905 1013/634/908
f 1013/634/908 1008/629/903 1007/628/902
f 1004/624/898 1006/627/901 1009/630/904
f 1009/630/904 1005/625/899 1004/624/898
f 1048/660/939 1049/661/940 1050/662/941
f 1050/662/941 1051/663/942 1048/660/939
f 1052/664/943 1053/665/944 1054/666/945
f 1054/666/945 1055/667/946 1052/664/943
f 1056/668/947 1057/669/948 1058/670/949
f 1058/670/949 1059/671/950 1056/668/947
f 1060/672/951 1061/673/952 1062/674/953
f 1062/674/953 1063/675/954 1060/672/951
f 1064/676/955 1065/677/956 1066/678/957
f 1066/678/957 1067/679/958 1064/676/955
f 1068/680/959 1069/681/960 1070/682/961
f 1070/682/961 1071/683/962 1068/680/959
f 1072/684/963 1073/685/964 1074/686/965
f 1074/686/965 1075/687/966 1072/684/963
f 1076/688/967 1077/689/968 1078/690/969
f 1078/690/969 1079/691/970 1076/688/967
f 1069/681/960 1080/692/971 1081/693/972
f 1081/693/972 1070/682/961 1069/681/960
f 1065/677/956 1068/680/959 1071/683/962
f 1071/683/962 1066/678/957 1065/677/956
f 1077/689/968 1064/676/955 1067/679/958
f 1067/679/958 1078/690/969 1077/689/968
f 1073/685/964 1076/688/967 1079/691/970
f 1079/691/970 1074/686/965 1073/685/964
f 1061/673/952 1072/684/963 1075/687/966
f 1075/687/966 1062/674/953 1061/673/952
f 1057/669/948 1060/672/951 1063/675/954
f 1063/675/954 1058/670/949 1057/669/948
f 1053/665/944 1056/668/947 1059/671/950
f 1059/671/950 1054/666/945 1053/665/944
f 1049/661/940 1052/664/943 1055/667/946
f 1055/667/946 1050/662/941 1049/661/940
f 1082/694/973 1083/695/974 1084/696/975
f 1084/696/975 1085/697/976 1082/694/973
f 1086/698/977 1087/699/978 1088/700/979
f 1088/700/979 1089/701/980 1086/698/977
f 1090/702/981 1091/703/982 1092/704/983
f 1092/704/983 1093/705/984 1090/702/981
f 1094/706/985 1095/707/986 1096/708/987
f 1096/708/987 1097/709/988 1094/706/985
f 1098/710/989 1099/711/990 1100/712/991
f 1100/712/991 1101/713/992 1098/710/989
f 1102/714/993 1103/715/994 1104/716/995
f 1104/716/995 1105/717/996 1102/714/993
f 1106/718/997 1107/719/998 1108/720/999
f 1108/720/999 1109/721/1000 1106/718/997
f 1110/722/1001 1111/723/1002 1112/724/1003
f 1112/724/1003 1113/725/1004 1110/722/1001
f 1114/726/1005 1115/727/1006 1116/728/1007
f 1116/728/1007 1117/729/1008 1114/726/1005
f 1118/730/1009 1119/731/1010 1120/732/1011
f 1120/732/1011 1121/733/1012 1118/730/1009
f 1119/731/1010 1122/734/1013 1123/735/1014
f 1123/735/1014 1120/732/1011 1119/731/1010
f 1115/727/1006 1118/730/1009 1121/733/1012
f 1121/733/1012 1116/728/1007 1115/727/1006
f 1111/723/1002 1114/726/1005 1117/729/1008
f 1117/729/1008 1112/724/1003 1111/723/1002
f 1107/736/998 1110/722/1001 1113/725/1004
f 1113/725/1004 1108/737/999 1107/736/998
f 1103/715/994 1106/718/997 1109/721/1000
f 1109/721/1000 1104/716/995 1103/715/994
f 1091/703/982 1102/738/993 1105/739/996
f 1105/739/996 1092/704/983 1091/703/982
f 1087/699/978 1090/702/981 1093/705/984
f 1093/705/984 1088/700/979 1087/699/978
f 1099/711/990 1086/698/977 1089/701/980
f 1089/701/980 1100/712/991 1099/711/990
f 1095/707/986 1098/710/989 1101/713/992
f 1101/713/992 1096/708/987 1095/707/986
f 1083/695/974 1094/706/985 1097/709/988
f 1097/709/988 1084/696/975 1083/695/974
f 1124/740/1015 1082/694/973 1085/697/976
f 1085/697/976 1125/741/1016 1124/740/1015
f 1126/742/1017 1127/743/1017 1128/744/1017
f 1128/744/1017 1129/745/1017 1126/742/1017
f 1130/746/1018 1131/747/1019 1132/748/1019
f 1132/748/1019 1133/749/1018 1130/746/1018
f 1134/750/1020 1135/751/1021 1136/752/1021
f 1136/752/1021 1137/753/1020 1134/750/1020
f 1138/754/1022 1139/755/1023 1140/756/1023
f 1140/756/1023 1141/757/1022 1138/754/1022
f 1142/758/1024 1143/759/1025 1144/760/1025
f 1144/760/1025 1145/761/1024 1142/758/1024
f 1146/762/1026 1147/763/1027 1148/764/1027
f 1148/764/1027 1149/765/1026 1146/762/1026
f 1150/766/1028 1151/767/1029 1152/768/1029
f 1152/768/1029 1153/769/1028 1150/766/1028
f 1154/770/1030 1155/771/1031 1156/772/1031
f 1156/772/1031 1157/773/1030 1154/770/1030
f 1158/774/1032 1159/775/1033 1160/776/1034
f 1160/776/1034 1161/777/1035 1158/774/1032
f 1162/742/1036 1163/778/1037 1164/779/1037
f 1164/779/1037 1165/745/1036 1162/742/1036
f 1166/746/1038 1167/780/1039 1168/781/1039
f 1168/781/1039 1169/749/1038 1166/746/1038
f 1170/782/1040 1171/783/1041 1172/784/1042
f 1172/784/1042 1173/785/1043 1170/782/1040
f 1174/786/1044 1175/787/1045 1176/788/1046
f 1176/788/1046 1177/789/1047 1174/786/1044
f 1178/790/1048 1179/791/1049 1180/792/1050
f 1180/792/1050 1181/793/1051 1178/790/1048
f 1182/794/1052 1183/795/1053 1184/796/1054
f 1184/796/1054 1185/797/1055 1182/794/1052
f 1186/798/1056 1187/799/1057 1188/800/1058
f 1188/800/1058 1189/801/1059 1186/798/1056
f 1190/802/1060 1191/803/1061 1192/804/1062
f 1192/804/1062 1193/805/1063 1190/802/1060
f 1194/806/1064 1195/807/1065 1196/808/1066
f 1196/808/1066 1197/809/1067 1194/806/1064
f 1198/774/1068 1199/810/1069 1200/811/1070
f 1200/811/1070 1201/777/1071 1198/774/1068
f 1202/782/1072 1203/783/1073 1204/812/1074
f 1204/812/1074 1205/785/1075 1202/782/1072
f 1206/786/1076 1207/813/1077 1208/814/1078
f 1208/814/1078 1209/789/1079 1206/786/1076
f 1207/813/1077 1210/798/1080 1211/801/1081
f 1211/801/1081 1208/814/1078 1207/813/1077
f 1203/783/1073 1206/786/1076 1209/789/1079
f 1209/789/1079 1204/812/1074 1203/783/1073
f 1199/810/1069 1202/782/1072 1205/785/1075
f 1205/785/1075 1200/811/1070 1199/810/1069
f 1195/807/1065 1198/774/1068 1201/777/1071
f 1201/777/1071 1196/808/1066 1195/807/1065
f 1183/795/1053 1194/815/1064 1197/816/1067
f 1197/816/1067 1184/796/1054 1183/795/1053
f 1179/791/1049 1182/794/1052 1185/797/1055
f 1185/797/1055 1180/792/1050 1179/791/1049
f 1191/803/1061 1178/790/1048 1181/793/1051
f 1181/793/1051 1192/804/1062 1191/803/1061
f 1187/799/1057 1190/802/1060 1193/805/1063
f 1193/805/1063 1188/800/1058 1187/799/1057
f 1175/787/1045 1186/798/1056 1189/801/1059
f 1189/801/1059 1176/788/1046 1175/787/1045
f 1171/783/1041 1174/786/1044 1177/789/1047
f 1177/789/1047 1172/784/1042 1171/783/1041
f 1167/780/1039 1212/750/1082 1213/753/1082
f 1213/753/1082 1168/781/1039 1167/780/1039
f 1159/775/1033 1170/782/1040 1173/785/1043
f 1173/785/1043 1160/776/1034 1159/775/1033
f 1163/778/1037 1166/746/1038 1169/749/1038
f 1169/749/1038 1164/779/1037 1163/778/1037
f 1147/763/1027 1162/817/1036 1165/818/1036
f 1165/818/1036 1148/764/1027 1147/763/1027
f 1143/759/1025 1146/762/1026 1149/765/1026
f 1149/765/1026 1144/760/1025 1143/759/1025
f 1155/771/1031 1142/758/1024 1145/761/1024
f 1145/761/1024 1156/772/1031 1155/771/1031
f 1151/767/1029 1154/770/1030 1157/773/1030
f 1157/773/1030 1152/768/1029 1151/767/1029
f 1139/755/1023 1150/766/1028 1153/769/1028
f 1153/769/1028 1140/756/1023 1139/755/1023
f 1135/751/1021 1138/754/1022 1141/757/1022
f 1141/757/1022 1136/752/1021 1135/751/1021
f 1131/747/1019 1134/750/1020 1137/753/1020
f 1137/753/1020 1132/748/1019 1131/747/1019
f 1127/743/1017 1130/746/1018 1133/749/1018
f 1133/749/1018 1128/744/1017 1127/743/1017
f 1214/819/1083 1215/820/1084 1216/821/1084
f 1216/821/1084 1217/822/1083 1214/819/1083
f 1218/823/1085 1219/824/1086 1220/825/1086
f 1220/825/1086 1221/826/1085 1218/823/1085
f 1222/827/1087 1223/828/1088 1224/829/1088
f 1224/829/1088 1225/830/1087 1222/827/1087
f 1226/831/1089 1227/832/1090 1228/833/1090
f 1228/833/1090 1229/834/1089 1226/831/1089
f 1230/835/1091 1231/836/1092 1232/837/1093
f 1232/837/1093 1233/838/1091 1230/835/1091
f 1234/839/1094 1235/840/1095 1236/841/1096
f 1236/841/1096 1237/842/1097 1234/839/1094
f 1238/843/1098 1239/844/1099 1240/845/1099
f 1240/845/1099 1241/846/1098 1238/843/1098
f 1242/847/1100 1243/848/1101 1244/849/1101
f 1244/849/1101 1245/850/1100 1242/847/1100
f 1246/819/1102 1247/820/1103 1248/851/1104
f 1248/851/1104 1249/822/1105 1246/819/1102
f 1250/823/1106 1251/852/1107 1252/825/1108
f 1252/825/1108 1253/826/1109 1250/823/1106
f 1254/827/1110 1255/853/1111 1256/829/1112
f 1256/829/1112 1257/830/1113 1254/827/1110
f 1258/831/1114 1259/854/1115 1260/855/1116
f 1260/855/1116 1261/834/1117 1258/831/1114
f 1262/835/1118 1263/856/1119 1264/857/1120
f 1264/857/1120 1265/838/1121 1262/835/1118
f 1266/839/1122 1267/858/1123 1268/859/1124
f 1268/859/1124 1269/842/1125 1266/839/1122
f 1270/843/1126 1271/844/1127 1272/860/1128
f 1272/860/1128 1273/846/1129 1270/843/1126
f 1274/847/1130 1275/861/1131 1276/849/1132
f 1276/849/1132 1277/850/1133 1274/847/1130
f 1278/819/1134 1279/820/1135 1280/821/1136
f 1280/821/1136 1281/822/1137 1278/819/1134
f 1282/823/1138 1283/852/1139 1284/862/1140
f 1284/862/1140 1285/826/1141 1282/823/1138
f 1286/827/1142 1287/863/1143 1288/829/1144
f 1288/829/1144 1289/830/1145 1286/827/1142
f 1290/831/1146 1291/832/1147 1292/855/1148
f 1292/855/1148 1293/834/1149 1290/831/1146
f 1294/835/1150 1295/864/1151 1296/865/1151
f 1296/865/1151 1297/838/1152 1294/835/1150
f 1298/839/1153 1299/858/1153 1300/859/1153
f 1300/859/1153 1301/842/1153 1298/839/1153
f 1302/843/1154 1303/844/1155 1304/866/1156
f 1304/866/1156 1305/846/1157 1302/843/1154
f 1306/847/1158 1307/848/1159 1308/867/1160
f 1308/867/1160 1309/850/1161 1306/847/1158
f 1299/858/1153 1310/868/1153 1311/869/1153
f 1311/869/1153 1300/859/1153 1299/858/1153
f 1295/864/1151 1298/839/1153 1301/842/1153
f 1301/842/1153 1296/865/1151 1295/864/1151
f 1307/848/1159 1294/835/1150 1297/838/1152
f 1297/838/1152 1308/867/1160 1307/848/1159
f 1303/844/1155 1306/847/1158 1309/850/1161
f 1309/850/1161 1304/866/1156 1303/844/1155
f 1291/832/1147 1302/843/1154 1305/846/1157
f 1305/846/1157 1292/855/1148 1291/832/1147
f 1287/863/1143 1290/831/1146 1293/834/1149
f 1293/834/1149 1288/829/1144 1287/863/1143
f 1283/852/1139 1286/827/1142 1289/830/1145
f 1289/830/1145 1284/862/1140 1283/852/1139
f 1279/820/1135 1282/823/1138 1285/826/1141
f 1285/826/1141 1280/821/1136 1279/820/1135
f 1267/858/1123 1278/868/1134 1281/869/1137
f 1281/869/1137 1268/859/1124 1267/858/1123
f 1263/856/1119 1266/839/1122 1269/842/1125
f 1269/842/1125 1264/857/1120 1263/856/1119
f 1275/861/1131 1262/835/1118 1265/838/1121
f 1265/838/1121 1276/849/1132 1275/861/1131
f 1271/844/1127 1274/847/1130 1277/850/1133
f 1277/850/1133 1272/860/1128 1271/844/1127
f 1259/854/1115 1270/843/1126 1273/846/1129
f 1273/846/1129 1260/855/1116 1259/854/1115
f 1255/853/1111 1258/831/1114 1261/834/1117
f 1261/834/1117 1256/829/1112 1255/853/1111
f 1251/852/1107 1254/827/1110 1257/830/1113
f 1257/830/1113 1252/825/1108 1251/852/1107
f 1247/820/1103 1250/823/1106 1253/826/1109
f 1253/826/1109 1248/851/1104 1247/820/1103
f 1235/840/1095 1246/868/1102 1249/869/1105
f 1249/869/1105 1236/841/1096 1235/840/1095
f 1231/836/1092 1234/839/1094 1237/842/1097
f 1237/842/1097 1232/837/1093 1231/836/1092
f 1243/848/1101 1230/835/1091 1233/838/1091
f 1233/838/1091 1244/849/1101 1243/848/1101
f 1239/844/1099 1242/847/1100 1245/850/1100
f 1245/850/1100 1240/845/1099 1239/844/1099
f 1227/832/1090 1238/843/1098 1241/846/1098
f 1241/846/1098 1228/833/1090 1227/832/1090
f 1223/828/1088 1226/831/1089 1229/834/1089
f 1229/834/1089 1224/829/1088 1223/828/1088
f 1219/824/1086 1222/827/1087 1225/830/1087
f 1225/830/1087 1220/825/1086 1219/824/1086
f 1215/820/1084 1218/823/1085 1221/826/1085
f 1221/826/1085 1216/821/1084 1215/820/1084
f 1312/870/1162 1313/871/1163 1314/872/1163
f 1314/872/1163 1389/873/1164 1312/870/1162
f 1315/874/1165 1316/875/1166 1317/876/1167
f 1317/876/1167 1318/877/1168 1315/874/1165
f 1319/878/1169 1320/879/1170 1321/880/1171
f 1321/880/1171 1322/881/1172 1319/878/1169
f 1323/882/1173 1324/883/1174 1325/884/1175
f 1325/884/1175 1326/885/1176 1323/882/1173
f 1327/886/1177 1328/887/1178 1329/888/1179
f 1329/888/1179 1330/889/1180 1327/886/1177
f 1331/890/1181 1332/891/1182 1333/892/1183
f 1333/892/1183 1334/893/1184 1331/890/1181
f 1335/894/1185 1336/895/1186 1337/896/1187
f 1337/896/1187 1338/897/1188 1335/894/1185
f 1339/898/1189 1340/899/1190 1341/900/1191
f 1341/900/1191 1342/901/1192 1339/898/1189
f 1343/870/1193 1344/871/1194 1345/872/1195
f 1345/872/1195 1346/873/1196 1343/870/1193
f 1344/871/1194 1347/874/1197 1348/877/1198
f 1348/877/1198 1345/872/1195 1344/871/1194
f 1332/891/1182 1343/902/1193 1346/903/1196
f 1346/903/1196 1333/892/1183 1332/891/1182
f 1328/887/1178 1331/890/1181 1334/893/1184
f 1334/893/1184 1329/888/1179 1328/887/1178
f 1340/899/1190 1327/886/1177 1330/889/1180
f 1330/889/1180 1341/900/1191 1340/899/1190
f 1336/895/1186 1339/898/1189 1342/901/1192
f 1342/901/1192 1337/896/1187 1336/895/1186
f 1324/883/1174 1335/894/1185 1338/897/1188
f 1338/897/1188 1325/884/1175 1324/883/1174
f 1320/879/1170 1323/882/1173 1326/885/1176
f 1326/885/1176 1321/880/1171 1320/879/1170
f 1316/875/1166 1319/878/1169 1322/881/1172
f 1322/881/1172 1317/876/1167 1316/875/1166
f 1313/871/1163 1315/874/1165 1318/877/1168
f 1318/877/1168 1314/872/1163 1313/871/1163
f 1349/904/1199 1350/905/1200 1351/906/1201
f 1351/906/1201 1352/907/1202 1349/904/1199
f 1353/908/1203 1354/909/1204 1355/910/1205
f 1355/910/1205 1356/911/1206 1353/908/1203
f 1357/912/1207 1358/913/1208 1359/914/1209
f 1359/914/1209 1360/915/1210 1357/912/1207
f 1361/916/1211 1362/917/1212 1363/918/1213
f 1363/918/1213 1364/919/1214 1361/916/1211
f 1365/920/1215 1366/921/1216 1367/922/1217
f 1367/922/1217 1368/923/1218 1365/920/1215
f 1369/924/1219 1370/925/1220 1371/926/1221
f 1371/926/1221 1372/927/1222 1369/924/1219
f 1373/904/1223 1374/928/1224 1375/929/1225
f 1375/929/1225 1376/907/1226 1373/904/1223
f 1377/908/1227 1378/909/1228 1379/930/1229
f 1379/930/1229 1380/911/1230 1377/908/1227
f 1381/931/1231 1382/932/1232 1383/933/1233
f 1383/933/1233 1384/934/1234 1381/931/1231
f 1385/935/1235 1386/936/1236 1387/937/1237
f 1387/937/1237 1388/938/1238 1385/935/1235
f 1378/909/1228 1312/939/1162 1389/940/1164
f 1389/940/1164 1379/930/1229 1378/909/1228
f 1374/928/1224 1377/908/1227 1380/911/1230
f 1380/911/1230 1375/929/1225 1374/928/1224
f 1386/936/1236 1373/904/1223 1376/907/1226
f 1376/907/1226 1387/937/1237 1386/936/1236
f 1382/932/1232 1385/935/1235 1388/938/1238
f 1388/938/1238 1383/933/1233 1382/932/1232
f 1370/925/1220 1381/931/1231 1384/934/1234
f 1384/934/1234 1371/926/1221 1370/925/1220
f 1366/921/1216 1369/924/1219 1372/927/1222
f 1372/927/1222 1367/922/1217 1366/921/1216
f 1362/917/1212 1365/920/1215 1368/923/1218
f 1368/923/1218 1363/918/1213 1362/917/1212
f 1358/913/1208 1361/916/1211 1364/919/1214
f 1364/919/1214 1359/914/1209 1358/913/1208
f 1354/909/1204 1357/939/1207 1360/940/1210
f 1360/940/1210 1355/910/1205 1354/909/1204
f 1350/905/1200 1353/908/1203 1356/911/1206
f 1356/911/1206 1351/906/1201 1350/905/1200
f 1390/936/1239 1349/904/1199 1352/907/1202
f 1352/907/1202 1391/941/1240 1390/936/1239
f 1392/942/241 1393/943/241 1394/944/241
f 1394/944/241 1460/945/241 1392/942/241
f 1395/946/241 1396/947/241 1397/948/241
f 1397/948/241 1398/949/241 1395/946/241
f 1399/950/241 1400/951/241 1401/952/241
f 1401/952/241 1402/953/241 1399/950/241
f 1403/954/241 1404/955/241 1405/956/241
f 1405/956/241 1406/957/241 1403/954/241
f 1407/958/241 1408/959/241 1409/960/241
f 1409/960/241 1410/961/241 1407/958/241
f 1411/962/241 1412/963/241 1413/964/241
f 1413/964/241 1414/965/241 1411/962/241
f 1415/966/241 1416/967/241 1417/968/241
f 1417/968/241 1418/969/241 1415/966/241
f 1416/967/241 1407/958/241 1410/961/241
f 1410/961/241 1417/968/241 1416/967/241
f 1412/963/241 1415/966/241 1418/969/241
f 1418/969/241 1413/964/241 1412/963/241
f 1404/955/241 1411/962/241 1414/965/241
f 1414/965/241 1405/956/241 1404/955/241
f 1400/951/241 1403/954/241 1406/957/241
f 1406/957/241 1401/952/241 1400/951/241
f 1396/947/241 1399/950/241 1402/953/241
f 1402/953/241 1397/948/241 1396/947/241
f 1393/943/241 1395/946/241 1398/949/241
f 1398/949/241 1394/944/241 1393/943/241
f 1419/970/241 1420/971/241 1421/972/241
f 1421/972/241 1422/973/241 1419/970/241
f 1423/974/241 1424/975/241 1425/976/241
f 1425/976/241 1426/977/241 1423/974/241
f 1427/978/241 1428/979/241 1429/980/241
f 1429/980/241 1430/981/241 1427/978/241
f 1431/982/241 1432/983/241 1433/984/241
f 1433/984/241 1434/985/241 1431/982/241
f 1435/986/241 1436/987/241 1437/988/241
f 1437/988/241 1438/989/241 1435/986/241
f 1439/990/241 1440/991/241 1441/992/241
f 1441/992/241 1442/993/241 1439/990/241
f 1443/994/241 1444/995/241 1445/996/241
f 1445/996/241 1446/997/241 1443/994/241
f 1447/998/241 1448/999/241 1449/1000/241
f 1449/1000/241 1450/1001/241 1447/998/241
f 1451/1002/241 1452/1003/241 1453/1004/241
f 1453/1004/241 1454/1005/241 1451/1002/241
f 1455/1006/241 1456/1007/241 1457/1008/241
f 1457/1008/241 1458/1009/241 1455/1006/241
f 1448/999/241 1459/1010/241 1460/1011/241
f 1460/1011/241 1449/1000/241 1448/999/241
f 1444/995/241 1447/998/241 1450/1001/241
f 1450/1001/241 1445/996/241 1444/995/241
f 1456/1007/241 1443/994/241 1446/997/241
f 1446/997/241 1457/1008/241 1456/1007/241
f 1452/1003/241 1455/1006/241 1458/1009/241
f 1458/1009/241 1453/1004/241 1452/1003/241
f 1436/987/241 1451/1002/241 1454/1005/241
f 1454/1005/241 1437/988/241 1436/987/241
f 1440/991/241 1461/970/241 1462/973/241
f 1462/973/241 1441/992/241 1440/991/241
f 1432/983/241 1439/990/241 1442/993/241
f 1442/993/241 1433/984/241 1432/983/241
f 1428/979/241 1431/982/241 1434/985/241
f 1434/985/241 1429/980/241 1428/979/241
f 1424/975/241 1427/1012/241 1430/1013/241
f 1430/1013/241 1425/976/241 1424/975/241
f 1420/971/241 1423/974/241 1426/977/241
f 1426/977/241 1421/972/241 1420/971/241
f 1463/1014/1241 1464/1015/1242 1465/1016/1243
f 1465/1016/1243 1466/1017/1244 1463/1014/1241
f 1467/1018/1245 1468/1019/1246 1469/1020/1247
f 1469/1020/1247 1470/1021/1248 1467/1018/1245
f 1471/1022/1249 1472/1023/1250 1473/1024/1251
f 1473/1024/1251 1474/1025/1252 1471/1022/1249
f 1475/1026/1253 1476/1027/1254 1477/1028/1255
f 1477/1028/1255 1478/1029/1256 1475/1026/1253
f 1479/1030/1257 1480/1031/1258 1481/1032/1259
f 1481/1032/1259 1482/1033/1260 1479/1030/1257
f 1483/1034/1261 1484/1035/1262 1485/1036/1263
f 1485/1036/1263 1486/1037/1264 1483/1034/1261
f 1487/1038/1265 1488/1039/1266 1489/1040/1267
f 1489/1040/1267 1490/1041/1268 1487/1038/1265
f 1491/1042/1269 1492/1043/1270 1493/1044/1271
f 1493/1044/1271 1494/1045/1272 1491/1042/1269
f 1495/1014/1273 1496/1046/1274 1497/1047/1275
f 1497/1047/1275 1498/1017/1276 1495/1014/1273
f 1499/1018/1277 1500/1048/1278 1501/1049/1279
f 1501/1049/1279 1502/1021/1280 1499/1018/1277
f 1503/1050/1281 1504/1051/1282 1505/1052/1282
f 1505/1052/1282 1506/1053/1283 1503/1050/1281
f 1507/1054/1284 1508/1055/1285 1509/1056/1285
f 1509/1056/1285 1510/1057/1284 1507/1054/1284
f 1511/1058/1286 1512/1059/1287 1513/1060/1287
f 1513/1060/1287 1514/1061/1286 1511/1058/1286
f 1515/1062/1288 1516/1063/1289 1517/1064/1289
f 1517/1064/1289 1518/1065/1288 1515/1062/1288
f 1519/1066/1290 1520/1067/1291 1521/1068/1291
f 1521/1068/1291 1522/1069/1281 1519/1066/1290
f 1523/1070/1292 1524/1071/1293 1525/1072/1293
f 1525/1072/1293 1526/1073/1292 1523/1070/1292
f 1527/1074/1294 1528/1075/1295 1529/1076/1296
f 1529/1076/1296 1530/1077/1294 1527/1074/1294
f 1531/1078/1297 1532/1079/1298 1533/1080/1299
f 1533/1080/1299 1534/1081/1300 1531/1078/1297
f 1535/1050/1301 1536/1082/1302 1537/1052/1303
f 1537/1052/1303 1538/1053/1304 1535/1050/1301
f 1539/1054/1305 1540/1083/1306 1541/1056/1307
f 1541/1056/1307 1542/1057/1308 1539/1054/1305
f 1543/1066/1309 1544/1067/1310 1545/1084/1311
f 1545/1084/1311 1546/1069/1312 1543/1066/1309
f 1544/1067/1310 1547/1070/1313 1548/1073/1314
f 1548/1073/1314 1545/1084/1311 1544/1067/1310
f 1540/1083/1306 1543/1066/1309 1546/1069/1312
f 1546/1069/1312 1541/1056/1307 1540/1083/1306
f 1536/1082/1302 1539/1054/1305 1542/1057/1308
f 1542/1057/1308 1537/1052/1303 1536/1082/1302
f 1532/1079/1298 1535/1050/1301 1538/1053/1304
f 1538/1053/1304 1533/1080/1299 1532/1079/1298
f 1528/1075/1295 1531/1078/1297 1534/1081/1300
f 1534/1081/1300 1529/1076/1296 1528/1075/1295
f 1516/1063/1289 1527/1085/1294 1530/1086/1294
f 1530/1086/1294 1517/1064/1289 1516/1063/1289
f 1512/1059/1287 1515/1062/1288 1518/1065/1288
f 1518/1065/1288 1513/1060/1287 1512/1059/1287
f 1524/1071/1293 1511/1058/1286 1514/1061/1286
f 1514/1061/1286 1525/1072/1293 1524/1071/1293
f 1520/1067/1291 1523/1070/1292 1526/1073/1292
f 1526/1073/1292 1521/1068/1291 1520/1067/1291
f 1508/1055/1285 1519/1066/1290 1522/1069/1281
f 1522/1069/1281 1509/1056/1285 1508/1055/1285
f 1504/1051/1282 1507/1054/1284 1510/1057/1284
f 1510/1057/1284 1505/1052/1282 1504/1051/1282
f 1549/1087/1315 1503/1050/1281 1506/1053/1283
f 1506/1053/1283 1550/1088/1316 1549/1087/1315
f 1496/1046/1274 1499/1018/1277 1502/1021/1280
f 1502/1021/1280 1497/1047/1275 1496/1046/1274
f 1484/1035/1262 1495/1089/1273 1498/1090/1276
f 1498/1090/1276 1485/1036/1263 1484/1035/1262
f 1480/1031/1258 1483/1034/1261 1486/1037/1264
f 1486/1037/1264 1481/1032/1259 1480/1031/1258
f 1492/1043/1270 1479/1030/1257 1482/1033/1260
f 1482/1033/1260 1493/1044/1271 1492/1043/1270
f 1488/1039/1266 1491/1042/1269 1494/1045/1272
f 1494/1045/1272 1489/1040/1267 1488/1039/1266
f 1476/1027/1254 1487/1038/1265 1490/1041/1268
f 1490/1041/1268 1477/1028/1255 1476/1027/1254
f 1472/1023/1250 1475/1026/1253 1478/1029/1256
f 1478/1029/1256 1473/1024/1251 1472/1023/1250
f 1468/1019/1246 1471/1022/1249 1474/1025/1252
f 1474/1025/1252 1469/1020/1247 1468/1019/1246
f 1464/1015/1242 1467/1018/1245 1470/1021/1248
f 1470/1021/1248 1465/1016/1243 1464/1015/1242
f 1551/1091/1317 1552/1092/1318 1553/1093/1319
f 1553/1093/1319 1554/1094/1320 1551/1091/1317
f 1555/1095/1321 1556/1096/1322 1557/1097/1323
f 1557/1097/1323 1558/1098/1324 1555/1095/1321
f 1559/1099/1325 1560/1100/1326 1561/1101/1327
f 1561/1101/1327 1562/1102/1325 1559/1099/1325
f 1556/1096/1322 1563/1103/1328 1466/1104/1329
f 1466/1104/1329 1557/1097/1323 1556/1096/1322
f 1552/1092/1318 1555/1095/1321 1558/1098/1324
f 1558/1098/1324 1553/1093/1319 1552/1092/1318
f 1560/1100/1326 1551/1091/1317 1554/1094/1320
f 1554/1094/1320 1561/1101/1327 1560/1100/1326
f 1564/1105/1330 1565/1106/1331 1566/1107/1332
f 1566/1107/1332 1567/1108/1330 1564/1105/1330
f 1568/1109/1333 1569/1110/1334 1570/1111/1335
f 1570/1111/1335 1571/1112/1336 1568/1109/1333
f 1572/1113/1337 1573/1114/1338 1574/1115/1339
f 1574/1115/1339 1575/1116/1340 1572/1113/1337
f 1576/1117/1341 1577/1118/1342 1578/1119/1343
f 1578/1119/1343 1579/1120/1344 1576/1117/1341
f 1580/1121/1345 1581/1122/1346 1582/1123/1347
f 1582/1123/1347 1583/1124/1348 1580/1121/1345
f 1584/1125/1349 1585/1126/1350 1586/1127/1351
f 1586/1127/1351 1587/1128/1352 1584/1125/1349
f 1588/1129/1353 1589/1130/1354 1590/1131/1355
f 1590/1131/1355 1591/1132/1356 1588/1129/1353
f 1585/1126/1350 1588/1129/1353 1591/1132/1356
f 1591/1132/1356 1586/1127/1351 1585/1126/1350
f 1581/1122/1346 1584/1125/1349 1587/1128/1352
f 1587/1128/1352 1582/1123/1347 1581/1122/1346
f 1577/1118/1342 1580/1121/1345 1583/1124/1348
f 1583/1124/1348 1578/1119/1343 1577/1118/1342
f 1573/1114/1338 1576/1117/1341 1579/1120/1344
f 1579/1120/1344 1574/1115/1339 1573/1114/1338
f 1569/1110/1334 1572/1133/1337 1575/1134/1340
f 1575/1134/1340 1570/1111/1335 1569/1110/1334
f 1565/1106/1331 1568/1109/1333 1571/1112/1336
f 1571/1112/1336 1566/1107/1332 1565/1106/1331
