# Blender 4.4.3
# www.blender.org
mtllib ROADSTRP.mtl
o ROADSTRP
v -115.544319 -1.552742 -6.543842
v -113.033478 -1.575948 -6.932656
v -113.033524 -1.575949 -7.748702
v -115.544312 -1.552742 -7.359879
v -110.522644 -1.596875 -7.311111
v -108.011818 -1.615496 -7.677773
v -108.011765 -1.615497 -8.493812
v -110.522598 -1.596875 -8.127162
v -105.501007 -1.631791 -8.031199
v -102.990173 -1.645736 -8.369945
v -102.990166 -1.645736 -9.185981
v -105.501045 -1.631791 -8.847233
v -100.479340 -1.657309 -8.692591
v -97.968498 -1.666488 -8.997663
v -97.968536 -1.666488 -9.813714
v -100.479332 -1.657309 -9.508628
v -95.457634 -1.673250 -9.283766
v -92.946800 -1.677570 -9.549453
v -92.946793 -1.677570 -10.365489
v -95.457634 -1.673250 -10.099814
v -90.436020 -1.679429 -9.793274
v -87.925171 -1.678860 -10.013789
v -87.925171 -1.678860 -10.829838
v -90.436035 -1.679429 -10.609314
v -75.371017 -1.671282 -10.716654
v -72.860184 -1.669548 -10.767216
v -72.860184 -1.669548 -11.583264
v -75.371017 -1.671282 -11.532702
v -70.349373 -1.667735 -10.784419
v -70.349373 -1.667735 -11.600468
v -85.414330 -1.677486 -10.209592
v -82.903496 -1.676042 -10.379206
v -82.903519 -1.676042 -11.195250
v -85.414337 -1.677486 -11.025623
v -80.392647 -1.674529 -10.521215
v -77.881836 -1.672942 -10.634179
v -77.881851 -1.672942 -11.450223
v -80.392662 -1.674529 -11.337259
v -113.033485 -1.575949 -15.877724
v -115.544319 -1.552743 -15.488899
v -115.544312 -1.552743 -14.139162
v -113.033524 -1.575950 -14.527985
v -108.011818 -1.615495 -16.622833
v -110.522690 -1.596874 -16.256176
v -110.522644 -1.596874 -14.906431
v -108.011841 -1.615495 -15.273095
v -102.990211 -1.645736 -17.315010
v -105.501045 -1.631791 -16.976254
v -105.500999 -1.631791 -15.626518
v -102.990166 -1.645736 -15.965264
v -97.968536 -1.666488 -17.942722
v -100.479378 -1.657310 -17.637646
v -100.479370 -1.657309 -16.287895
v -97.968536 -1.666488 -16.592985
v -92.946869 -1.677571 -18.494520
v -95.457649 -1.673250 -18.228828
v -95.457703 -1.673250 -16.879086
v -92.946854 -1.677571 -17.144772
v -87.925171 -1.678860 -18.958858
v -90.436020 -1.679430 -18.738333
v -90.436035 -1.679430 -17.388584
v -87.925186 -1.678860 -17.609116
v -72.860207 -1.669548 -19.712275
v -75.371033 -1.671283 -19.661716
v -75.371033 -1.671283 -18.311979
v -72.860207 -1.669548 -18.362537
v -70.349373 -1.667736 -19.729488
v -70.349388 -1.667736 -18.379745
v -82.903534 -1.676042 -19.324265
v -85.414368 -1.677486 -19.154650
v -85.414352 -1.677486 -17.804901
v -82.903519 -1.676042 -17.974527
v -77.881866 -1.672942 -19.579243
v -80.392685 -1.674528 -19.466274
v -80.392685 -1.674528 -18.116533
v -77.881866 -1.672942 -18.229488
v -67.838539 -1.667735 -10.784422
v -67.838531 -1.667735 -11.600469
v -67.838539 -1.667736 -18.379745
v -67.838554 -1.667736 -19.729485
v -118.055145 -1.527278 -15.091153
v -185.847565 -0.068943 -4.815658
v -188.358398 0.010545 -4.815696
v -188.358475 0.010536 -4.366821
v -185.847595 -0.068955 -4.366820
v -180.825882 -0.223032 -4.815658
v -183.336731 -0.146811 -4.815656
v -183.336792 -0.146821 -4.366821
v -180.825928 -0.223047 -4.366820
v -175.804245 -0.370457 -4.815659
v -178.315063 -0.297589 -4.815657
v -178.315170 -0.297608 -4.366819
v -175.804245 -0.370486 -4.366824
v -170.782578 -0.511045 -4.815659
v -173.293411 -0.441617 -4.815657
v -173.293518 -0.441657 -4.366822
v -170.782608 -0.511105 -4.366821
v -155.717606 -0.890028 -4.815657
v -158.228424 -0.831449 -4.815661
v -158.228500 -0.831700 -4.366821
v -155.717636 -0.890347 -4.366819
v -152.099426 -0.971121 -4.815300
v -150.695984 -1.001996 -4.366825
v -150.695938 -1.001513 -4.815656
v -153.206757 -0.946724 -4.815659
v -153.206833 -0.947117 -4.366819
v -165.760941 -0.644618 -4.815657
v -168.271774 -0.578719 -4.815656
v -168.271805 -0.578801 -4.366823
v -165.760941 -0.644733 -4.366822
v -160.739304 -0.771005 -4.815660
v -163.250076 -0.708722 -4.815658
v -163.250168 -0.708872 -4.366823
v -160.739273 -0.771203 -4.366819
v -145.674271 -1.105285 -4.815660
v -148.185104 -1.054375 -4.815657
v -148.185196 -1.054956 -4.366819
v -145.674271 -1.105983 -4.366825
v -140.652603 -1.201170 -4.815659
v -143.163452 -1.154225 -4.815657
v -143.163513 -1.155050 -4.366822
v -140.652679 -1.202139 -4.366824
v -135.630981 -1.290297 -4.815659
v -138.141815 -1.246101 -4.815657
v -138.141876 -1.247229 -4.366822
v -135.631012 -1.290298 -4.366821
v -131.044479 -1.363684 -4.815664
v -130.609344 -1.370288 -4.366819
v -130.609344 -1.370288 -4.815655
v -133.120148 -1.331324 -4.815656
v -133.120209 -1.331324 -4.366820
v -126.175133 -1.433997 -4.815660
v -125.587708 -1.441944 -4.366819
v -125.587708 -1.441942 -4.815655
v -128.098495 -1.407169 -4.815660
v -128.098541 -1.407168 -4.366823
v -128.098480 -1.403285 -5.310638
v -130.609268 -1.366868 -4.889820
v -125.587601 -1.437557 -4.913670
v -123.076797 -1.469661 -5.329573
v -123.076797 -1.469661 -6.145610
v -125.587601 -1.437557 -5.729718
v -118.055130 -1.527277 -6.962126
v -120.565948 -1.499575 -6.556895
v -120.565964 -1.499575 -5.740858
v -118.055092 -1.527277 -6.146092
v -185.847565 -0.068931 -4.879891
v -183.336761 -0.146797 -4.975370
v -183.336761 -0.146797 -6.325109
v -185.847565 -0.068931 -6.229631
v -180.825882 -0.223017 -5.100729
v -178.315048 -0.297569 -5.254525
v -178.315063 -0.297570 -6.604277
v -180.825867 -0.223017 -6.450467
v -175.804230 -0.370429 -5.435339
v -173.293427 -0.441575 -5.641700
v -173.293427 -0.441576 -6.991451
v -175.804230 -0.370430 -6.785079
v -170.782547 -0.510986 -5.872210
v -168.271744 -0.578637 -6.125402
v -168.271744 -0.578638 -7.475142
v -170.782608 -0.510987 -7.221949
v -155.717606 -0.889711 -7.681451
v -153.206802 -0.946330 -8.040613
v -153.206787 -0.946330 -9.390367
v -155.717560 -0.889711 -9.031190
v -150.695953 -1.001032 -8.412416
v -148.185089 -1.053792 -8.795407
v -148.185104 -1.053792 -10.145145
v -150.695969 -1.001032 -9.762154
v -165.760910 -0.644506 -6.399848
v -163.250076 -0.708571 -6.694109
v -163.250076 -0.708572 -8.043860
v -165.760910 -0.644507 -7.749588
v -160.739273 -0.770809 -7.006773
v -158.228409 -0.831196 -7.336354
v -158.228409 -0.831196 -8.686095
v -160.739273 -0.770809 -8.356505
v -145.674286 -1.104589 -9.188153
v -143.163452 -1.153400 -9.589226
v -143.163498 -1.153400 -10.938977
v -145.674271 -1.104589 -10.537907
v -140.652618 -1.200202 -9.997185
v -138.141815 -1.244973 -10.410590
v -138.141800 -1.244973 -11.760332
v -140.652618 -1.200202 -11.346938
v -135.630936 -1.287690 -10.828009
v -133.120148 -1.328328 -11.247983
v -133.120132 -1.328328 -12.597725
v -135.630936 -1.287689 -12.177746
v -130.609314 -1.366868 -11.669101
v -128.098480 -1.403285 -12.089922
v -128.098480 -1.403285 -13.439663
v -130.609268 -1.366868 -13.018840
v -125.587601 -1.437558 -12.508989
v -123.076797 -1.469663 -12.924893
v -123.076797 -1.469663 -14.274631
v -125.587593 -1.437558 -13.858731
v -120.566002 -1.499577 -13.336175
v -118.055153 -1.527278 -13.741411
v -120.565964 -1.499577 -14.685915
v -188.358398 0.010557 -6.165461
v -264.553131 17.704918 -278.031250
v -263.848267 17.704384 -277.452240
v -263.840576 17.731806 -278.005249
v -261.975525 17.795570 -277.937195
v -261.303772 17.791803 -277.368103
v -261.296112 17.816982 -277.912415
v -259.397247 17.866425 -277.843109
v -258.759216 17.858559 -277.286133
v -258.751648 17.881783 -277.819519
v -256.214569 18.061537 -277.206329
v -256.207092 18.081501 -277.726685
v -256.818451 18.035570 -277.748993
v -266.385071 17.630203 -278.098114
v -266.392700 17.600266 -277.538574
v -256.182495 19.825262 -347.209930
v -256.182495 19.787872 -344.699036
v -255.733673 19.787872 -344.699066
v -255.733673 19.825262 -347.209900
v -256.182495 19.748407 -342.188263
v -256.182495 19.706886 -339.677429
v -255.733673 19.706886 -339.677429
v -255.733673 19.748411 -342.188232
v -256.182495 19.663328 -337.166626
v -255.736176 19.670477 -337.166565
v -264.627258 20.123573 -423.788940
v -265.709442 20.123573 -421.095734
v -264.838287 20.123583 -420.886536
v -264.005981 20.123581 -423.513672
v -263.411835 20.123573 -426.257019
v -262.999695 20.123581 -426.079254
v -266.791687 20.118643 -418.184204
v -265.492950 20.123583 -418.209595
v -269.443878 20.118643 -421.515625
v -268.100616 20.118643 -419.407104
v -267.723694 20.118645 -419.647217
v -269.066956 20.118643 -421.755707
v -265.777405 20.123585 -416.580933
v -266.757416 20.118643 -417.298706
v -270.787109 20.118643 -423.624054
v -270.410217 20.118643 -423.864166
v -265.896240 20.123587 -415.900421
v 503.098663 -3.305620 -307.810211
v 503.291626 -3.305678 -307.156311
v 504.315460 -3.307244 -307.460999
v 507.979095 -3.313298 -309.262573
v 508.172058 -3.312930 -308.608673
v 509.188599 -3.313573 -308.911194
v 510.419312 -3.314730 -309.988770
v 510.612305 -3.314408 -309.334869
v 511.625214 -3.311005 -309.636292
v 505.538879 -3.310487 -308.536377
v 505.731842 -3.310069 -307.882507
v 506.752014 -3.311294 -308.186096
v 512.121033 -3.309340 -309.783844
v 513.052490 -3.305676 -310.061035
v 512.859558 -3.305618 -310.714935
v 511.266998 -3.311883 -310.241028
v 507.251892 -3.311895 -308.334839
v 506.397858 -3.311519 -308.791992
v 509.686462 -3.313887 -309.059357
v 508.832428 -3.313837 -309.516510
v 504.817291 -3.308012 -307.610352
v 503.963257 -3.306943 -308.067505
v 537.759766 -3.276701 -177.657928
v 540.205811 -3.276708 -178.309357
v 540.042114 -3.276708 -178.865601
v 537.610535 -3.276701 -178.165039
v 540.603394 -3.276702 -178.448273
v 540.446228 -3.276702 -178.982056
v 540.134583 -3.276707 -178.892242
v 540.590027 -3.305747 -179.023483
v 540.746887 -3.305747 -178.490524
v 541.021301 -3.305747 -179.147736
v 541.177490 -3.305747 -178.617218
v 550.807312 -3.305747 -181.967239
v 548.360779 -3.305747 -181.262375
v 548.504578 -3.305747 -180.774048
v 550.946899 -3.305747 -181.492996
v 543.619812 -3.305747 -179.336166
v 543.467834 -3.305747 -179.852615
v 552.230103 -3.276713 -181.888016
v 554.550293 -3.276713 -182.583405
v 554.424866 -3.276713 -183.009537
v 552.091492 -3.276713 -182.358978
v 552.086548 -3.305752 -181.845779
v 551.947693 -3.305752 -182.317535
v 545.914307 -3.305747 -180.557495
v 546.062195 -3.305747 -180.055115
v 572.761536 -3.276722 -95.135551
v 572.783203 -3.276722 -95.348396
v 563.789246 -3.276722 -95.349716
v 572.994873 -3.278139 -95.347870
v 293.720978 -3.304672 5.816978
v 294.275696 -3.304907 5.816411
v 294.275665 -3.308758 5.254132
v 293.720978 -3.335719 0.724987
v 294.275665 -3.332688 0.724428
v 294.275696 -3.331983 0.162088
v 293.720978 -3.332477 -1.820992
v 294.275696 -3.329458 -1.821559
v 294.275665 -3.326571 -2.383892
v 293.720978 -3.336250 3.270967
v 294.275665 -3.333363 3.270407
v 294.275665 -3.333102 2.708098
v 294.275665 -3.304904 -4.367483
v 293.720978 -3.304667 -4.366923
v 291.210266 -3.302513 -4.366965
v 293.721130 -3.304661 -4.366961
v 291.210236 -3.302501 -4.815793
v 293.721069 -3.304650 -4.815825
v 286.188568 -3.286412 -4.366965
v 288.699463 -3.296372 -4.366965
v 286.188568 -3.286397 -4.815796
v 288.699402 -3.296360 -4.815796
v 281.166931 -3.255728 -4.366965
v 283.677795 -3.272807 -4.366965
v 281.166901 -3.255699 -4.815796
v 283.677734 -3.272785 -4.815796
v 276.145264 -3.211848 -4.366965
v 278.656158 -3.235351 -4.366965
v 276.145233 -3.211788 -4.815796
v 278.656097 -3.235309 -4.815796
v 261.080292 -3.014900 -4.366966
v 263.591156 -3.053516 -4.366966
v 261.080261 -3.014581 -4.815797
v 263.591064 -3.053262 -4.815797
v 256.058624 -2.932105 -4.366966
v 257.462097 -2.955502 -4.815443
v 256.058594 -2.931622 -4.815797
v 258.569458 -2.973976 -4.815797
v 258.569519 -2.974373 -4.366966
v 271.123627 -3.156158 -4.366966
v 273.634491 -3.185393 -4.366965
v 271.123596 -3.156044 -4.815797
v 273.634430 -3.185309 -4.815796
v 266.101929 -3.090046 -4.366966
v 268.612823 -3.124319 -4.366966
v 266.101929 -3.089849 -4.815797
v 268.612762 -3.124166 -4.815797
v 251.036957 -2.843049 -4.366966
v 253.547852 -2.888274 -4.366966
v 251.036957 -2.842351 -4.815797
v 253.547760 -2.887690 -4.815797
v 246.015305 -2.749120 -4.366966
v 248.526199 -2.796608 -4.366966
v 246.015289 -2.748151 -4.815797
v 248.526108 -2.795780 -4.815797
v 240.993637 -2.651704 -4.366966
v 243.504532 -2.700762 -4.366966
v 240.993637 -2.651703 -4.815797
v 243.504456 -2.699631 -4.815797
v 235.971985 -2.552188 -4.366966
v 236.407135 -2.560859 -4.815797
v 235.971985 -2.552188 -4.815797
v 238.482819 -2.602122 -4.815797
v 238.482864 -2.602123 -4.366966
v 233.461197 -2.502077 -4.366966
v 233.461151 -2.502075 -4.815802
v 235.971954 -2.548765 -4.889964
v 233.461105 -2.498190 -5.310781
v 291.210236 -3.302490 -6.229760
v 288.699402 -3.296347 -6.325251
v 291.210236 -3.302490 -4.880019
v 288.699371 -3.296346 -4.975502
v 286.188538 -3.286381 -6.450604
v 283.677704 -3.272765 -6.604406
v 286.188568 -3.286381 -5.100866
v 283.677704 -3.272765 -5.254666
v 281.166901 -3.255671 -6.785213
v 278.656067 -3.235267 -6.991584
v 281.166901 -3.255671 -5.435473
v 278.656067 -3.235267 -5.641843
v 276.145233 -3.211729 -7.222085
v 273.634430 -3.185226 -7.475276
v 276.145203 -3.211729 -5.872345
v 273.634430 -3.185226 -6.125538
v 261.080261 -3.014263 -9.031334
v 258.569427 -2.973583 -9.390498
v 261.080261 -3.014262 -7.681590
v 258.569427 -2.973582 -8.040756
v 256.058594 -2.931140 -9.762300
v 253.547760 -2.887106 -10.145294
v 256.058594 -2.931140 -8.412555
v 253.547760 -2.887106 -8.795549
v 271.123566 -3.155931 -7.749732
v 268.612732 -3.124016 -8.043996
v 271.123566 -3.155931 -6.399988
v 268.612732 -3.124016 -6.694256
v 266.101898 -3.089652 -8.356644
v 263.591064 -3.053011 -8.686239
v 266.101898 -3.089652 -7.006904
v 263.591064 -3.053010 -7.336495
v 251.036942 -2.841655 -10.538039
v 248.526108 -2.794956 -10.939115
v 251.036942 -2.841655 -9.188300
v 248.526108 -2.794956 -9.589370
v 246.015274 -2.747181 -11.347070
v 243.504440 -2.698504 -11.760472
v 246.015274 -2.747181 -9.997324
v 243.504440 -2.698504 -10.410728
v 240.993607 -2.649094 -12.177884
v 238.482788 -2.599125 -12.597862
v 240.993591 -2.649094 -10.828138
v 238.482788 -2.599125 -11.248122
v 235.971954 -2.548767 -13.018983
v 233.461105 -2.498192 -13.439803
v 235.971954 -2.548767 -11.669247
v 233.461105 -2.498192 -12.090055
v 293.721039 -3.304638 -6.165593
v 226.708328 -2.367809 -4.366966
v 225.928650 -2.352405 -4.366966
v 226.708328 -2.363092 -3.576390
v 225.928696 -2.337585 0.724995
v 226.708328 -2.357423 1.515544
v 226.708328 -2.355238 0.724995
v 225.928680 -2.332686 -1.820995
v 226.708328 -2.351861 -1.030440
v 226.708328 -2.349496 -1.820990
v 225.928696 -2.341944 3.270970
v 226.708328 -2.360596 4.061505
v 226.708328 -2.360428 3.270970
v 218.396133 -2.199807 -6.932802
v 220.906952 -2.248076 -6.543977
v 218.396133 -2.199808 -7.748835
v 220.906952 -2.248076 -7.360019
v 213.374466 -2.106397 -7.677913
v 215.885300 -2.152524 -7.311264
v 213.374466 -2.106398 -8.493956
v 215.885300 -2.152525 -8.127306
v 228.439453 -2.397079 -5.329717
v 230.950287 -2.447572 -4.913815
v 228.439453 -2.397079 -6.145760
v 230.950287 -2.447572 -5.729853
v 223.417770 -2.297158 -6.146238
v 225.928619 -2.346884 -5.741003
v 223.417786 -2.297159 -6.962276
v 225.928619 -2.346884 -6.557041
v 208.352814 -2.018303 -8.370090
v 210.863632 -2.061600 -8.031337
v 208.352814 -2.018303 -9.186132
v 210.863632 -2.061600 -8.847380
v 203.331146 -1.936895 -8.997810
v 205.841980 -1.976677 -8.692719
v 203.331161 -1.936896 -9.813848
v 205.841995 -1.976677 -9.508762
v 198.309479 -1.863550 -9.549593
v 200.820312 -1.899129 -9.283916
v 198.309479 -1.863550 -10.365635
v 200.820312 -1.899129 -10.099954
v 193.287811 -1.799641 -10.013933
v 195.798645 -1.830330 -9.793421
v 193.287811 -1.799641 -10.829981
v 195.798660 -1.830330 -10.609459
v 178.222839 -1.678264 -10.767355
v 180.733658 -1.690163 -10.716800
v 178.222839 -1.678264 -11.583402
v 180.733658 -1.690163 -11.532843
v 175.712021 -1.670097 -10.784565
v 175.712021 -1.670097 -11.600608
v 188.266144 -1.746541 -10.379344
v 190.776978 -1.771654 -10.209728
v 188.266159 -1.746541 -11.195387
v 190.776993 -1.771654 -11.025766
v 183.244476 -1.705624 -10.634317
v 185.755310 -1.724473 -10.521358
v 183.244507 -1.705624 -11.450360
v 185.755310 -1.724473 -11.337398
v 220.906952 -2.248078 -15.489036
v 218.396133 -2.199809 -15.877858
v 220.906952 -2.248078 -14.139294
v 218.396133 -2.199809 -14.528115
v 215.885300 -2.152525 -16.256325
v 213.374466 -2.106399 -16.622982
v 215.885300 -2.152525 -14.906585
v 213.374466 -2.106399 -15.273239
v 230.950287 -2.447573 -13.858876
v 228.439453 -2.397080 -14.274774
v 230.950287 -2.447573 -12.509131
v 228.439453 -2.397080 -12.925034
v 225.928619 -2.346885 -14.686064
v 223.417786 -2.297161 -15.091299
v 225.928619 -2.346885 -13.336320
v 223.417786 -2.297160 -13.741555
v 210.863647 -2.061601 -16.976402
v 208.352814 -2.018303 -17.315151
v 210.863647 -2.061601 -15.626658
v 208.352814 -2.018303 -15.965412
v 205.841995 -1.976678 -17.637787
v 203.331161 -1.936896 -17.942871
v 205.841995 -1.976678 -16.288040
v 203.331161 -1.936896 -16.593132
v 200.820328 -1.899130 -18.228973
v 198.309494 -1.863551 -18.494650
v 200.820328 -1.899130 -16.879232
v 198.309494 -1.863551 -17.144909
v 195.798660 -1.830331 -18.738483
v 193.287827 -1.799642 -18.959000
v 195.798660 -1.830331 -17.388739
v 193.287827 -1.799641 -17.609261
v 180.733688 -1.690164 -19.661858
v 178.222870 -1.678265 -19.712425
v 180.733673 -1.690164 -18.312111
v 178.222870 -1.678265 -18.362686
v 175.712036 -1.670098 -19.729622
v 175.712036 -1.670098 -18.379883
v 190.777008 -1.771655 -19.154789
v 188.266174 -1.746542 -19.324409
v 190.777008 -1.771655 -17.805046
v 188.266174 -1.746542 -17.974670
v 185.755325 -1.724474 -19.466412
v 183.244507 -1.705625 -19.579380
v 185.755325 -1.724474 -18.116673
v 183.244507 -1.705625 -18.229639
v 173.201202 -1.667725 -10.784568
v 173.201187 -1.667725 -11.600608
v 173.201202 -1.667725 -18.379887
v 173.201187 -1.667725 -19.729622
v 231.537781 -2.463676 -4.815797
v 225.928711 -2.352405 5.816925
v 226.708328 -2.367808 5.816924
v 90.343712 -1.667720 -11.600584
v 92.854546 -1.667720 -11.600584
v 92.854546 -1.667720 -14.990223
v 92.854546 -1.667720 -18.379862
v 90.343712 -1.667720 -18.379862
v 90.343712 -1.667720 -14.990223
v 55.192089 -1.667724 -10.784542
v 57.702919 -1.667724 -10.784542
v 57.702919 -1.667723 -11.600582
v 55.192089 -1.667724 -11.600582
v 60.213753 -1.667723 -10.784542
v 62.724586 -1.667723 -10.784542
v 62.724586 -1.667723 -11.600582
v 60.213753 -1.667723 -11.600582
v 65.235413 -1.667723 -10.784542
v 67.746239 -1.667723 -10.784542
v 67.746239 -1.667723 -11.600582
v 65.235413 -1.667723 -11.600582
v 70.257072 -1.667722 -10.784542
v 72.767906 -1.667722 -10.784542
v 72.767906 -1.667722 -11.600582
v 70.257072 -1.667722 -11.600582
v 85.322060 -1.667721 -10.784544
v 87.832878 -1.667721 -10.784544
v 87.832878 -1.667721 -11.600584
v 85.322060 -1.667721 -11.600584
v 90.343712 -1.667720 -10.784544
v 92.854546 -1.667720 -10.784544
v 75.278732 -1.667722 -10.784542
v 77.789566 -1.667722 -10.784542
v 77.789566 -1.667722 -11.600582
v 75.278732 -1.667722 -11.600582
v 80.300400 -1.667721 -10.784542
v 82.811234 -1.667721 -10.784544
v 82.811234 -1.667721 -11.600584
v 80.300400 -1.667721 -11.600584
v 95.365379 -1.667720 -10.784544
v 97.876213 -1.667720 -10.784544
v 97.876213 -1.667720 -11.600584
v 95.365379 -1.667720 -11.600584
v 100.387047 -1.667719 -10.784544
v 102.897881 -1.667719 -10.784544
v 102.897873 -1.674688 -11.600584
v 100.387039 -1.674688 -11.600584
v 105.408707 -1.667719 -10.784544
v 107.919525 -1.667719 -10.784544
v 107.919510 -1.674687 -11.600584
v 105.408691 -1.674687 -11.600584
v 110.430359 -1.667718 -10.784544
v 112.941193 -1.667718 -10.784544
v 112.941177 -1.674687 -11.600584
v 110.430344 -1.674687 -11.600584
v 115.452026 -1.667718 -10.784544
v 117.962860 -1.667718 -10.784544
v 117.962845 -1.674686 -11.600584
v 115.452011 -1.674686 -11.600584
v 120.473694 -1.667718 -10.784544
v 120.473679 -1.674686 -11.600584
v 57.691658 -1.667721 -19.729572
v 55.181046 -1.667721 -19.729574
v 55.192089 -1.667724 -18.379860
v 57.702919 -1.667724 -18.379860
v 62.726692 -1.667721 -19.729568
v 60.214642 -1.667721 -19.729565
v 60.213753 -1.667723 -18.379860
v 62.724586 -1.667723 -18.379860
v 67.746475 -1.667721 -19.729570
v 65.235931 -1.667721 -19.729568
v 65.235413 -1.667723 -18.379860
v 67.746239 -1.667723 -18.379860
v 72.770927 -1.667721 -19.729576
v 70.255875 -1.667722 -19.729584
v 70.257072 -1.667722 -18.379860
v 72.767906 -1.667722 -18.379860
v 87.493240 -1.667721 -19.729603
v 85.319229 -1.667721 -19.729576
v 85.322060 -1.667721 -18.379860
v 87.832878 -1.667721 -18.379862
v 87.832878 -1.667721 -19.729605
v 92.854546 -1.667720 -19.729605
v 90.343712 -1.667720 -19.729605
v 77.679947 -1.667722 -19.729603
v 75.277069 -1.667721 -19.729572
v 75.278732 -1.667722 -18.379860
v 77.789566 -1.667722 -18.379860
v 77.789566 -1.667722 -19.729603
v 82.813301 -1.667721 -19.729588
v 80.299896 -1.667721 -19.729599
v 80.300400 -1.667721 -18.379860
v 82.811234 -1.667721 -18.379860
v 97.876541 -1.667721 -19.729563
v 95.364723 -1.667721 -19.729563
v 95.365372 -1.667720 -18.379862
v 97.876205 -1.667720 -18.379862
v 102.900673 -1.667721 -19.729565
v 100.389854 -1.667721 -19.729563
v 100.387024 -1.674688 -18.379862
v 102.897858 -1.674688 -18.379862
v 107.918823 -1.667720 -19.729580
v 105.406639 -1.667720 -19.729584
v 105.408691 -1.674687 -18.379862
v 107.919510 -1.674687 -18.379862
v 112.936737 -1.667721 -19.729563
v 110.428925 -1.667721 -19.729570
v 110.430344 -1.674687 -18.379862
v 112.941177 -1.674687 -18.379862
v 117.964104 -1.667720 -19.729574
v 115.459076 -1.667720 -19.729580
v 115.452011 -1.674686 -18.379862
v 117.962845 -1.674686 -18.379862
v 120.477173 -1.667721 -19.729568
v 120.473679 -1.674686 -18.379862
v 122.984512 -1.674686 -18.379862
v 113.266998 -1.667721 -19.729568
v 103.453644 -1.667721 -19.729572
v 95.365379 -1.667720 -14.990223
v 87.832878 -1.667721 -14.990223
v 78.605927 -1.667722 -19.729605
v 67.866592 -1.667721 -19.729572
v 58.049843 -1.667721 -19.729576
v 52.681263 -1.667724 -18.379860
v 52.681263 -1.667724 -11.600582
v 52.681263 -1.667724 -10.784542
v 94.566383 -1.667713 -20.042255
v 103.453697 -1.667713 -20.042253
v 103.453697 -1.667713 -20.148693
v 94.566383 -1.667713 -20.148695
v 104.379829 -1.667713 -20.042253
v 113.267143 -1.667713 -20.042252
v 113.267143 -1.667713 -20.148693
v 104.379829 -1.667713 -20.148693
v 114.193016 -1.667713 -20.042252
v 123.080322 -1.667713 -20.042252
v 123.080322 -1.667713 -20.148689
v 114.193016 -1.667713 -20.148693
v 58.979263 -1.667713 -20.042255
v 67.866570 -1.667713 -20.042253
v 67.866570 -1.667713 -20.148693
v 58.979263 -1.667713 -20.148695
v 68.792709 -1.667713 -20.042253
v 77.680016 -1.667713 -20.042252
v 77.680016 -1.667713 -20.148693
v 68.792709 -1.667713 -20.148693
v 78.605888 -1.667713 -20.042252
v 87.493202 -1.667713 -20.042252
v 87.493202 -1.667713 -20.148689
v 78.605888 -1.667713 -20.148693
v 114.192978 -1.667720 -19.729584
v 122.984505 -1.667721 -19.729561
v 123.080276 -1.667721 -19.729561
v 104.379807 -1.667720 -19.729588
v 113.266983 -1.667722 -20.042313
v 94.566345 -1.667721 -19.729565
v 68.792732 -1.667722 -19.729584
v 77.679893 -1.667722 -20.042320
v 58.979271 -1.667721 -19.729565
v 50.170467 -1.667721 -19.729574
v 49.162514 -1.667722 -20.042324
v 58.049828 -1.667722 -20.042324
v 25.062172 -1.667723 -11.600582
v 27.573006 -1.667723 -11.600582
v 27.573006 -1.667723 -14.990224
v 27.573006 -1.667723 -18.379862
v 25.062172 -1.667723 -18.379862
v 25.062172 -1.667723 -14.990224
v 15.018850 -1.667724 -10.784543
v 17.529671 -1.667723 -10.784543
v 17.529671 -1.667723 -11.600582
v 15.018850 -1.667724 -11.600582
v 20.040504 -1.667723 -10.784543
v 22.551338 -1.667723 -10.784543
v 22.551338 -1.667723 -11.600582
v 20.040504 -1.667723 -11.600582
v 25.062172 -1.667723 -10.784543
v 27.573006 -1.667723 -10.784543
v 30.083839 -1.667722 -10.784543
v 32.594673 -1.667722 -10.784543
v 32.594650 -1.667722 -11.601239
v 30.083817 -1.667722 -11.601239
v 45.148830 -1.667721 -10.784544
v 47.659653 -1.667721 -10.784544
v 47.659615 -1.667721 -11.601240
v 45.148804 -1.667721 -11.601240
v 50.170486 -1.667720 -10.784544
v 50.170486 -1.667720 -11.600584
v 35.105507 -1.667722 -10.784543
v 37.616341 -1.667722 -10.784543
v 37.616318 -1.667722 -11.601239
v 35.105484 -1.667722 -11.601239
v 40.127174 -1.667721 -10.784544
v 42.638008 -1.667721 -10.784544
v 42.637970 -1.667721 -11.601240
v 40.127151 -1.667721 -11.601239
v 17.517752 -1.667723 -19.729595
v 15.003616 -1.667723 -19.729603
v 15.018850 -1.667724 -18.379862
v 17.529671 -1.667723 -18.379862
v 22.549570 -1.667721 -19.729582
v 20.031649 -1.667722 -19.729588
v 20.040504 -1.667723 -18.379862
v 22.551338 -1.667723 -18.379862
v 27.573006 -1.667723 -19.729605
v 25.062172 -1.667723 -19.729605
v 32.591686 -1.667722 -19.729595
v 30.084476 -1.667722 -19.729603
v 30.083828 -1.667722 -18.384163
v 32.594662 -1.667722 -18.384163
v 47.662006 -1.667721 -19.729576
v 45.151310 -1.667721 -19.729582
v 45.148819 -1.667721 -18.384163
v 47.659615 -1.667720 -18.384163
v 48.236542 -1.667721 -19.729584
v 50.170486 -1.667720 -18.379864
v 37.614338 -1.667721 -19.729580
v 35.103130 -1.667722 -19.729588
v 35.105484 -1.667722 -18.384163
v 37.616329 -1.667721 -18.384163
v 42.639008 -1.667721 -19.729588
v 40.122368 -1.667721 -19.729595
v 40.127151 -1.667721 -18.384163
v 42.637997 -1.667721 -18.384163
v 52.681305 -1.667720 -19.729607
v 38.423233 -1.667721 -19.729588
v 29.535923 -1.667722 -19.729603
v 30.083828 -1.667722 -14.994526
v 22.970425 -1.667722 -19.729586
v 22.551338 -1.667723 -14.990224
v 13.157127 -1.667724 -19.729605
v 12.508028 -1.667724 -19.729605
v 12.508028 -1.667724 -11.600582
v 29.535885 -1.667713 -20.042253
v 38.423195 -1.667713 -20.042252
v 38.423195 -1.667713 -20.148693
v 29.535885 -1.667713 -20.148693
v 39.349331 -1.667713 -20.042252
v 48.236641 -1.667713 -20.042252
v 48.236641 -1.667713 -20.148691
v 39.349331 -1.667713 -20.148693
v 58.049828 -1.667713 -20.148689
v 49.162514 -1.667713 -20.148691
v 14.083162 -1.667713 -20.042252
v 22.970474 -1.667713 -20.042250
v 22.970474 -1.667713 -20.148689
v 14.083162 -1.667713 -20.148691
v 39.349342 -1.667721 -19.729597
v 48.236530 -1.667722 -20.042326
v 14.083099 -1.667722 -20.042332
v 14.083113 -1.667724 -19.729607
v 22.970411 -1.667722 -20.042330
v 49.162514 -1.667721 -19.729595
v -35.197750 -1.667729 -10.784544
v -32.686928 -1.667728 -10.784544
v -32.686928 -1.667728 -11.600584
v -35.197750 -1.667729 -11.600584
v -30.176094 -1.667728 -10.784544
v -27.665260 -1.667728 -10.784544
v -27.665260 -1.667728 -11.600584
v -30.176094 -1.667728 -11.600584
v -25.154427 -1.667728 -10.784544
v -22.643593 -1.667727 -10.784544
v -22.643593 -1.667727 -11.600584
v -25.154427 -1.667728 -11.600584
v -20.132759 -1.667727 -10.784544
v -17.621925 -1.667727 -10.784544
v -17.621925 -1.667727 -11.600584
v -20.132759 -1.667727 -11.600584
v -15.111105 -1.667727 -10.784544
v -12.600284 -1.667726 -10.784544
v -12.600284 -1.667726 -11.600584
v -15.111105 -1.667727 -11.600584
v -10.089450 -1.667726 -10.784544
v -7.578616 -1.667726 -10.784544
v -7.578616 -1.667726 -11.600584
v -10.089450 -1.667726 -11.600584
v 4.975541 -1.667725 -10.784544
v 7.486362 -1.667725 -10.784544
v 7.486362 -1.667724 -11.600584
v 4.975541 -1.667725 -11.600584
v 9.997195 -1.667724 -10.784544
v 12.508029 -1.667724 -10.784544
v 9.997195 -1.667724 -11.600584
v -5.067782 -1.667726 -10.784544
v -2.556949 -1.667725 -10.784544
v -2.556949 -1.667725 -11.600584
v -5.067782 -1.667726 -11.600584
v -0.046115 -1.667725 -10.784544
v 2.464719 -1.667725 -10.784544
v 2.464719 -1.667725 -11.600584
v -0.046115 -1.667725 -11.600584
v -34.986893 -1.667728 -19.729603
v -35.197750 -1.667729 -19.729605
v -35.197750 -1.667729 -18.379860
v -32.686928 -1.667728 -18.379862
v -32.690342 -1.667721 -19.729588
v -27.667852 -1.667721 -19.729588
v -30.176655 -1.667721 -19.729588
v -30.176094 -1.667728 -18.379862
v -27.665260 -1.667728 -18.379862
v -22.645027 -1.667726 -19.729599
v -25.155001 -1.667728 -19.729605
v -25.154440 -1.667728 -18.379862
v -22.643606 -1.667727 -18.379862
v -17.622313 -1.667722 -19.729588
v -20.136349 -1.667724 -19.729595
v -20.132772 -1.667727 -18.379862
v -17.621939 -1.667727 -18.379862
v -12.602489 -1.667725 -19.729597
v -15.111528 -1.667726 -19.729603
v -15.111105 -1.667727 -18.379862
v -12.600284 -1.667726 -18.379862
v -7.578679 -1.667722 -19.729588
v -10.090757 -1.667723 -19.729591
v -10.089450 -1.667726 -18.379862
v -7.578616 -1.667726 -18.379862
v 7.485976 -1.667723 -19.729591
v 4.977670 -1.667724 -19.729595
v 4.975541 -1.667725 -18.379864
v 7.486362 -1.667725 -18.379864
v 9.999213 -1.667722 -19.729588
v 9.997195 -1.667724 -18.379864
v 12.508029 -1.667724 -18.379864
v -2.555915 -1.667724 -19.729595
v -5.065316 -1.667725 -19.729601
v -5.067782 -1.667726 -18.379862
v -2.556949 -1.667725 -18.379862
v 2.465902 -1.667722 -19.729584
v -0.046140 -1.667723 -19.729591
v -0.046115 -1.667725 -18.379862
v 2.464719 -1.667725 -18.379862
v 3.343795 -1.667723 -19.729591
v -6.472952 -1.667724 -19.729595
v -16.286249 -1.667725 -19.729597
v -26.099583 -1.667725 -19.729599
v -37.708572 -1.667729 -18.379860
v -37.708572 -1.667729 -14.990223
v -35.197750 -1.667729 -14.990223
v -5.543468 -1.667713 -20.042255
v 3.343844 -1.667713 -20.042253
v 3.343844 -1.667713 -20.148693
v -5.543468 -1.667713 -20.148695
v 4.269979 -1.667713 -20.042253
v 13.157290 -1.667713 -20.042252
v 13.157290 -1.667713 -20.148693
v 4.269979 -1.667713 -20.148693
v -34.986870 -1.667713 -20.042255
v -26.099558 -1.667713 -20.042253
v -26.099558 -1.667713 -20.148693
v -34.986870 -1.667713 -20.148695
v -25.173424 -1.667713 -20.042253
v -16.286112 -1.667713 -20.042252
v -16.286112 -1.667713 -20.148693
v -25.173424 -1.667713 -20.148693
v -15.360239 -1.667713 -20.042252
v -6.472928 -1.667713 -20.042252
v -6.472928 -1.667713 -20.148689
v -15.360239 -1.667713 -20.148693
v 4.269916 -1.667724 -19.729599
v 13.157115 -1.667722 -20.042332
v -5.543530 -1.667722 -20.042336
v -5.543517 -1.667725 -19.729603
v 3.343781 -1.667722 -20.042336
v -15.360264 -1.667726 -19.729603
v -25.173449 -1.667721 -19.729561
v -16.286261 -1.667722 -20.042337
v -65.327705 -1.667731 -10.784541
v -62.816879 -1.667731 -10.784541
v -62.816879 -1.667731 -11.600581
v -65.327705 -1.667731 -11.600581
v -60.306053 -1.667731 -10.784541
v -57.795212 -1.667731 -10.784541
v -57.795212 -1.667731 -11.600581
v -60.306053 -1.667731 -11.600581
v -55.284386 -1.667730 -10.784541
v -52.773556 -1.667730 -10.784541
v -52.773556 -1.667730 -11.600581
v -55.284386 -1.667730 -11.600581
v -50.262711 -1.667730 -10.784541
v -47.751888 -1.667730 -10.784541
v -47.751888 -1.667730 -11.600581
v -50.262711 -1.667730 -11.600581
v -45.241062 -1.667730 -10.784541
v -42.730240 -1.667729 -10.784541
v -42.730240 -1.667729 -11.600581
v -45.241062 -1.667730 -11.600581
v -40.219406 -1.667729 -10.784541
v -37.708572 -1.667729 -10.784543
v -37.708572 -1.667729 -11.600582
v -40.219406 -1.667729 -11.600582
v -62.816879 -1.667731 -19.729603
v -65.327705 -1.667731 -18.379860
v -62.816879 -1.667731 -18.379860
v -57.795212 -1.667731 -19.729603
v -60.306057 -1.667731 -19.729603
v -60.306057 -1.667731 -18.379860
v -57.795212 -1.667731 -18.379860
v -55.284386 -1.667730 -19.729603
v -55.284386 -1.667730 -18.379860
v -52.773556 -1.667730 -18.379860
v -50.262711 -1.667730 -19.729603
v -50.262703 -1.667730 -18.379860
v -47.751888 -1.667730 -18.379860
v -42.730240 -1.667729 -19.729603
v -45.241062 -1.667730 -19.729603
v -45.241062 -1.667730 -18.379860
v -42.730240 -1.667729 -18.379860
v -40.219406 -1.667729 -18.379860
v -67.443481 -1.667732 -18.592228
v -67.838531 -1.667732 -18.379860
v -67.443481 -1.667732 -18.379860
v -67.838531 -1.667732 -14.990221
v -67.443481 -1.667732 -14.990221
v -67.443481 -1.667732 -15.523543
v -67.838531 -1.667732 -11.600581
v -67.443481 -1.667732 -11.600581
v -67.443481 -1.667732 -12.133904
v -67.443481 -1.667732 -10.912936
v -67.838531 -1.667732 -10.784541
v -67.443481 -1.667732 -10.784541
v -52.773544 -1.667731 -24.128914
v -57.795200 -1.667732 -24.128914
v -60.306046 -1.667732 -24.128914
v 125.495346 -1.667717 -10.784544
v 128.006165 -1.667717 -10.784544
v 128.006165 -1.667717 -11.600584
v 125.495346 -1.667717 -11.600584
v 130.516998 -1.667717 -10.784544
v 133.027832 -1.667716 -10.784544
v 133.027832 -1.667716 -11.600584
v 130.516998 -1.667717 -11.600584
v 135.538666 -1.667716 -10.784544
v 138.049484 -1.667716 -10.784544
v 138.049484 -1.667716 -11.600584
v 135.538666 -1.667716 -11.600584
v 140.560318 -1.667716 -10.784544
v 143.071152 -1.667715 -10.784544
v 143.071152 -1.667715 -11.600584
v 140.560318 -1.667715 -11.600584
v 145.581985 -1.667715 -10.784544
v 148.092819 -1.667715 -10.784544
v 148.092819 -1.667715 -11.600584
v 145.581985 -1.667715 -11.600584
v 150.603653 -1.667715 -10.784544
v 153.114487 -1.667714 -10.784544
v 153.114487 -1.667714 -11.600584
v 150.603653 -1.667715 -11.600584
v 165.668640 -1.667713 -10.784546
v 168.179459 -1.667713 -10.784546
v 168.179459 -1.667713 -11.600585
v 165.668640 -1.667713 -11.600585
v 170.690292 -1.667713 -10.784546
v 170.690292 -1.667713 -11.600585
v 155.625320 -1.667714 -10.784544
v 158.136154 -1.667714 -10.784544
v 158.136154 -1.667714 -11.600584
v 155.625320 -1.667714 -11.600584
v 160.646988 -1.667714 -10.784546
v 160.646988 -1.667714 -11.600584
v 128.005753 -1.667719 -19.729584
v 125.493805 -1.667718 -19.729599
v 125.495346 -1.667717 -18.379864
v 128.006165 -1.667717 -18.379864
v 132.897079 -1.667717 -19.729603
v 130.516113 -1.667720 -19.729572
v 130.516998 -1.667717 -18.379864
v 133.027832 -1.667716 -18.379864
v 133.027832 -1.667716 -19.729607
v 138.044708 -1.667718 -19.729584
v 135.534775 -1.667717 -19.729595
v 135.538666 -1.667716 -18.379864
v 138.049484 -1.667716 -18.379864
v 142.710388 -1.667716 -19.729599
v 140.553619 -1.667720 -19.729568
v 140.560318 -1.667716 -18.379864
v 143.071152 -1.667715 -18.379864
v 143.071152 -1.667715 -19.729607
v 148.084488 -1.667718 -19.729582
v 145.579285 -1.667717 -19.729595
v 145.581985 -1.667715 -18.379864
v 148.092819 -1.667715 -18.379864
v 152.523682 -1.667716 -19.729595
v 150.602249 -1.667720 -19.729568
v 150.603653 -1.667715 -18.379864
v 153.114487 -1.667714 -18.379864
v 153.114487 -1.667714 -19.729607
v 168.179443 -1.667713 -19.729607
v 165.668625 -1.667713 -19.729607
v 165.668625 -1.667713 -18.379864
v 168.179443 -1.667713 -18.379864
v 170.690277 -1.667713 -19.729607
v 170.690277 -1.667713 -18.379864
v 158.136139 -1.667714 -19.729607
v 155.625305 -1.667714 -19.729607
v 155.625305 -1.667714 -18.379864
v 158.136139 -1.667714 -18.379864
v 160.646973 -1.667714 -19.729607
v 160.646973 -1.667714 -18.379864
v 172.750366 -1.667712 -10.784544
v 172.750366 -1.667712 -11.454084
v 172.750366 -1.667712 -11.600585
v 172.750366 -1.667712 -14.381696
v 173.201126 -1.667712 -14.990225
v 172.750366 -1.667712 -14.990225
v 172.750366 -1.667712 -18.379864
v 172.750366 -1.667712 -17.771347
v 172.750366 -1.667712 -19.487299
v 172.750366 -1.667712 -19.729607
v 163.157806 -1.667713 -19.729607
v 163.157806 -1.667713 -18.379864
v 163.157822 -1.667713 -11.600585
v 163.157822 -1.667713 -10.784546
v 153.740555 -1.667714 -19.729607
v 153.740555 -1.667714 -18.716419
v 153.740555 -1.667714 -18.379864
v 153.114487 -1.667714 -14.990225
v 153.740555 -1.667714 -14.990225
v 153.740555 -1.667714 -15.835423
v 153.740555 -1.667714 -11.600584
v 153.740555 -1.667714 -12.445778
v 153.740555 -1.667714 -10.988020
v 153.740555 -1.667714 -10.784544
v 143.636383 -1.667715 -19.729607
v 133.823212 -1.667716 -19.729605
v 122.984512 -1.674686 -11.600584
v 122.984528 -1.667717 -10.784544
v 124.009766 -1.667713 -20.042255
v 132.897079 -1.667713 -20.148693
v 124.009766 -1.667713 -20.148695
v 133.823212 -1.667713 -20.042253
v 142.710526 -1.667713 -20.042252
v 142.710526 -1.667713 -20.148693
v 133.823212 -1.667713 -20.148693
v 152.523712 -1.667713 -20.148689
v 143.636398 -1.667713 -20.148693
v 143.636337 -1.667722 -20.042309
v 152.523636 -1.667722 -20.042307
v 142.710342 -1.667722 -20.042309
v 124.009766 -1.667717 -19.729607
v 132.897018 -1.667722 -20.042309
v -318.481750 20.118614 -542.936157
v -318.481750 20.118614 -542.547607
v -315.946777 20.118614 -542.547607
v -316.340729 20.118614 -542.936157
v -315.946777 20.118614 -542.936157
v -313.411743 20.118626 -542.547546
v -313.805756 20.118624 -542.936157
v -313.410370 20.118624 -542.936157
v -310.876770 20.118626 -542.547607
v -311.269379 20.118624 -542.936157
v -310.864075 20.118624 -542.936157
v -308.341766 20.118624 -542.547607
v -308.315643 20.118624 -542.936157
v -308.723053 20.118624 -542.936157
v 403.992035 29.574055 -744.348450
v 403.617004 29.573069 -744.166565
v 404.688385 29.573069 -741.869080
v 405.020660 29.573942 -742.030273
v 401.474335 29.573067 -748.761597
v 401.926605 29.574280 -749.003296
v 400.888702 29.574394 -751.342407
v 400.403046 29.573071 -751.059021
v 402.962097 29.574165 -746.669556
v 402.545654 29.573067 -746.464050
v -171.538635 19.853056 -389.309631
v -186.423889 19.853058 -372.101776
v -172.321030 19.853062 -358.891144
v -157.435760 19.853056 -376.098999
v 335.003571 13.019666 -410.584656
v 336.630615 13.018350 -408.508820
v 340.624023 13.018349 -411.336670
v 339.101257 13.019665 -413.487427
v 168.379715 13.888022 -464.671967
v 177.126251 13.642420 -454.933929
v 190.311554 13.840229 -468.018738
v 182.799881 14.280705 -476.381927
v 563.754028 -3.278038 -92.766510
v 572.748047 -3.278039 -92.765205
v 563.767517 -3.276722 -95.136848
v 563.798828 -3.278036 -89.460075
v 572.792847 -3.278036 -89.458771
v 348.960144 -3.278026 -12.236179
v 343.938324 -3.278026 -14.659601
v 343.938446 -3.278026 -12.236000
v 353.981720 -3.278125 -14.660046
v 353.981812 -3.278125 -12.236437
v 353.980896 -3.278131 -33.316444
v 343.937500 -3.278030 -33.315998
v 211.325378 -1.691035 -31.418468
v 216.509674 -1.691035 -31.418468
v 216.509674 -1.691036 -39.322613
v 211.325378 -1.691036 -39.322613
v 182.019333 -1.691035 -31.418468
v 187.203629 -1.691035 -31.418468
v 187.203629 -1.691036 -39.322613
v 182.019333 -1.691036 -39.322613
v 196.540695 -1.691035 -31.418468
v 201.724991 -1.691035 -31.418468
v 201.724991 -1.691036 -39.322613
v 196.540695 -1.691036 -39.322613
v 216.509674 -1.691039 -87.188248
v 211.325378 -1.691039 -87.188248
v 211.325378 -1.691037 -70.803078
v 216.509674 -1.691037 -70.803078
v 187.203629 -1.691039 -87.188248
v 182.019333 -1.691039 -87.188248
v 182.019333 -1.691037 -70.803078
v 187.203629 -1.691037 -70.803078
v 201.724991 -1.691039 -87.188248
v 196.540695 -1.691039 -87.188248
v 196.540695 -1.691037 -70.803078
v 201.724991 -1.691037 -70.803078
v 158.136124 -1.667721 -30.662735
v 153.449677 -1.667722 -30.662739
v 153.449661 -1.667721 -19.729557
v 158.136124 -1.667722 -36.719296
v 153.449677 -1.667723 -36.719296
v 173.201187 -1.667726 -30.662796
v 93.640198 -1.667721 -19.729568
v 93.640198 -1.667722 -30.662750
v 88.419220 -1.667722 -30.662750
v 88.419212 -1.667721 -19.729568
v 93.640198 -1.667723 -38.293377
v 88.419220 -1.667723 -38.293377
v 28.609755 -1.667721 -19.729580
v 28.609755 -1.667722 -30.662762
v 23.896423 -1.667722 -30.662762
v 23.896423 -1.667721 -19.729580
v 28.609755 -1.667723 -38.293388
v 23.896437 -1.667723 -38.293388
v -65.327698 -1.667732 -19.729603
v -59.049812 -1.669073 -41.021332
v -55.284355 -1.667732 -24.128914
v -47.751877 -1.667730 -19.729603
v -50.621483 -1.669071 -41.021332
v -40.219406 -1.667729 -19.729603
v -37.708572 -1.667729 -19.729603
v -35.196938 -1.669070 -41.021336
v -67.837715 -1.669074 -41.021332
v -67.838524 -1.667732 -19.729603
v -67.443474 -1.667732 -19.729603
v -52.773544 -1.667730 -19.729607
v -130.236649 19.583712 -480.907288
v -130.217865 19.576479 -491.821136
v -144.632568 19.576479 -491.821136
v -148.683563 19.583712 -480.907227
v -130.243637 19.576475 -471.366394
v -151.820419 19.576475 -471.366364
v -59.013580 11.081595 -377.095917
v -53.231148 11.093276 -368.925964
v -57.121063 11.977772 -385.538269
v -64.815506 11.078474 -385.292603
v -33.988293 11.216285 -359.343750
v -27.004093 11.263577 -358.366150
v -28.789120 11.977773 -385.538300
v 0.774652 11.503734 -362.541229
v 10.140428 11.573421 -365.181244
v 3.243775 13.434612 -385.538269
v 12.605934 11.573411 -367.931763
v 11.388531 14.212483 -386.548218
v -50.831421 11.113091 -365.486450
v -47.357086 11.140534 -363.653442
v -40.802486 11.175099 -361.114899
v -19.942245 11.316476 -358.197510
v -12.896242 11.374473 -358.842957
v -5.959776 11.437059 -360.296387
vn 0.0097 1.0000 -0.0000
vn 0.0088 1.0000 -0.0000
vn 0.0087 1.0000 -0.0000
vn 0.0096 1.0000 -0.0000
vn 0.0079 1.0000 -0.0000
vn 0.0070 1.0000 -0.0000
vn 0.0069 1.0000 -0.0000
vn 0.0078 1.0000 -0.0000
vn 0.0061 1.0000 -0.0000
vn 0.0051 1.0000 -0.0000
vn 0.0050 1.0000 -0.0000
vn 0.0060 1.0000 -0.0000
vn 0.0042 1.0000 -0.0000
vn 0.0032 1.0000 -0.0000
vn 0.0031 1.0000 -0.0000
vn 0.0041 1.0000 -0.0000
vn 0.0022 1.0000 -0.0000
vn 0.0013 1.0000 -0.0000
vn 0.0012 1.0000 -0.0000
vn 0.0003 1.0000 -0.0000
vn -0.0004 1.0000 -0.0000
vn 0.0002 1.0000 -0.0000
vn -0.0007 1.0000 -0.0000
vn -0.0006 1.0000 -0.0000
vn -0.0000 1.0000 -0.0000
vn 0.0110 0.9999 -0.0000
vn 0.0102 0.9999 -0.0000
vn 0.0101 0.9999 -0.0000
vn 0.0313 0.9995 -0.0000
vn 0.0316 0.9995 -0.0000
vn 0.0300 0.9995 -0.0000
vn 0.0307 0.9995 -0.0000
vn 0.0287 0.9996 0.0001
vn 0.0293 0.9996 -0.0000
vn 0.0273 0.9996 0.0001
vn 0.0280 0.9996 0.0001
vn 0.0230 0.9997 0.0007
vn 0.0237 0.9997 0.0006
vn 0.0219 0.9998 0.0006
vn 0.0214 0.9998 0.0010
vn 0.0213 0.9998 0.0011
vn 0.0223 0.9998 0.0009
vn 0.0223 0.9998 0.0008
vn 0.0259 0.9997 0.0003
vn 0.0266 0.9996 0.0002
vn 0.0244 0.9997 0.0004
vn 0.0252 0.9997 0.0003
vn 0.0199 0.9998 0.0015
vn 0.0207 0.9998 0.0013
vn 0.0199 0.9998 0.0016
vn 0.0183 0.9998 0.0021
vn 0.0191 0.9998 0.0018
vn 0.0191 0.9998 0.0019
vn 0.0183 0.9998 0.0022
vn 0.0168 0.9999 0.0001
vn 0.0178 0.9998 0.0025
vn 0.0178 0.9998 0.0024
vn 0.0167 0.9999 -0.0000
vn 0.0154 0.9999 0.0021
vn 0.0150 0.9999 -0.0001
vn 0.0166 0.9996 0.0219
vn 0.0160 0.9999 -0.0000
vn 0.0128 0.9999 0.0016
vn 0.0137 0.9999 -0.0002
vn 0.0135 0.9999 -0.0000
vn 0.0145 0.9999 0.0038
vn 0.0143 0.9999 -0.0000
vn 0.0149 0.9999 0.0082
vn 0.0191 0.9988 0.0461
vn 0.0091 1.0000 -0.0000
vn 0.0124 0.9999 -0.0000
vn 0.0123 0.9999 -0.0000
vn 0.0119 0.9999 0.0015
vn 0.0114 0.9999 -0.0000
vn 0.0115 0.9999 -0.0000
vn 0.0294 0.9996 -0.0000
vn 0.0287 0.9996 -0.0000
vn 0.0280 0.9996 -0.0000
vn 0.0286 0.9996 -0.0000
vn 0.0273 0.9996 -0.0000
vn 0.0266 0.9996 -0.0000
vn 0.0230 0.9997 -0.0000
vn 0.0222 0.9998 -0.0000
vn 0.0221 0.9998 -0.0000
vn 0.0229 0.9997 -0.0000
vn 0.0214 0.9998 -0.0000
vn 0.0207 0.9998 -0.0000
vn 0.0206 0.9998 -0.0000
vn 0.0259 0.9997 -0.0000
vn 0.0252 0.9997 -0.0000
vn 0.0251 0.9997 -0.0000
vn 0.0258 0.9997 -0.0000
vn 0.0244 0.9997 -0.0000
vn 0.0237 0.9997 -0.0000
vn 0.0236 0.9997 -0.0000
vn 0.0199 0.9998 -0.0000
vn 0.0191 0.9998 -0.0000
vn 0.0190 0.9998 -0.0000
vn 0.0198 0.9998 -0.0000
vn 0.0183 0.9998 -0.0000
vn 0.0175 0.9998 -0.0000
vn 0.0174 0.9998 -0.0000
vn 0.0182 0.9998 -0.0000
vn 0.0166 0.9999 -0.0000
vn 0.0158 0.9999 -0.0000
vn 0.0157 0.9999 -0.0000
vn 0.0150 0.9999 -0.0000
vn 0.0141 0.9999 -0.0000
vn 0.0140 0.9999 -0.0000
vn 0.0149 0.9999 -0.0000
vn 0.0133 0.9999 -0.0000
vn 0.0132 0.9999 -0.0000
vn -0.0420 0.9978 0.0520
vn -0.0383 0.9980 0.0498
vn -0.0377 0.9981 0.0490
vn -0.0353 0.9982 0.0483
vn -0.0310 0.9984 0.0465
vn -0.0304 0.9985 0.0458
vn -0.0272 0.9986 0.0452
vn -0.0538 0.9976 0.0433
vn -0.0527 0.9977 0.0427
vn -0.0783 0.9962 0.0394
vn -0.0762 0.9964 0.0371
vn -0.0798 0.9960 0.0411
vn -0.0426 0.9977 0.0528
vn -0.0000 0.9999 0.0149
vn -0.0000 0.9999 0.0153
vn -0.0000 0.9999 0.0161
vn -0.0009 0.9999 0.0157
vn -0.0000 0.9999 0.0155
vn -0.0160 0.9997 0.0173
vn -0.0142 0.9998 0.0170
vn -0.0005 1.0000 -0.0000
vn -0.0019 1.0000 0.0001
vn -0.0036 1.0000 -0.0000
vn -0.0045 1.0000 -0.0008
vn -0.0035 1.0000 -0.0004
vn 0.0014 1.0000 -0.0003
vn 0.0007 1.0000 -0.0008
vn 0.0004 1.0000 -0.0007
vn -0.0014 1.0000 -0.0001
vn -0.0032 1.0000 0.0005
vn 0.0014 1.0000 -0.0011
vn 0.0009 1.0000 -0.0009
vn -0.0035 1.0000 0.0010
vn -0.0036 1.0000 0.0011
vn -0.0033 1.0000 0.0006
vn 0.0009 1.0000 -0.0008
vn 0.0004 1.0000 -0.0006
vn 0.0018 1.0000 -0.0010
vn 0.0015 1.0000 -0.0005
vn 0.0904 0.9956 -0.0266
vn 0.0914 0.9954 -0.0269
vn 0.0921 0.9954 -0.0271
vn 0.0918 0.9954 -0.0270
vn -0.0919 0.9954 0.0271
vn -0.0924 0.9953 0.0272
vn -0.1827 0.9817 0.0538
vn -0.1829 0.9817 0.0538
vn 0.0023 1.0000 0.0003
vn 0.0036 1.0000 0.0004
vn -0.0000 1.0000 0.0003
vn 0.0064 1.0000 0.0006
vn -0.0024 1.0000 -0.0096
vn 0.0004 1.0000 -0.0068
vn -0.0038 0.9999 -0.0110
vn -0.0055 1.0000 0.0007
vn -0.0054 1.0000 0.0013
vn -0.0040 1.0000 0.0046
vn -0.0054 1.0000 0.0032
vn -0.0010 1.0000 0.0095
vn -0.0053 1.0000 -0.0060
vn -0.0052 1.0000 -0.0060
vn -0.0054 1.0000 0.0003
vn 0.0004 0.9999 0.0109
vn 0.0017 1.0000 -0.0000
vn 0.0009 1.0000 -0.0000
vn 0.0047 1.0000 -0.0000
vn 0.0075 1.0000 0.0001
vn 0.0100 1.0000 0.0001
vn 0.0087 1.0000 0.0001
vn 0.0158 0.9999 0.0007
vn 0.0150 0.9999 0.0006
vn 0.0172 0.9999 0.0010
vn 0.0168 0.9999 0.0006
vn 0.0173 0.9999 0.0011
vn 0.0164 0.9999 0.0009
vn 0.0164 0.9999 0.0008
vn 0.0122 0.9999 0.0003
vn 0.0111 0.9999 0.0002
vn 0.0122 0.9999 0.0002
vn 0.0141 0.9999 0.0004
vn 0.0132 0.9999 0.0003
vn 0.0183 0.9998 0.0016
vn 0.0178 0.9998 0.0013
vn 0.0183 0.9998 0.0015
vn 0.0191 0.9998 0.0022
vn 0.0187 0.9998 0.0019
vn 0.0191 0.9998 0.0021
vn 0.0187 0.9998 0.0018
vn 0.0196 0.9998 -0.0000
vn 0.0192 0.9998 0.0024
vn 0.0196 0.9998 0.0001
vn 0.0192 0.9998 0.0025
vn 0.0199 0.9998 0.0023
vn 0.0183 0.9996 0.0219
vn 0.0200 0.9998 -0.0000
vn 0.0193 0.9998 0.0066
vn 0.0157 0.9988 0.0461
vn 0.0196 0.9998 0.0085
vn 0.0016 1.0000 -0.0000
vn 0.0075 1.0000 -0.0000
vn 0.0074 1.0000 -0.0000
vn 0.0100 0.9999 -0.0000
vn 0.0111 0.9999 -0.0000
vn 0.0099 1.0000 -0.0000
vn 0.0165 0.9999 -0.0000
vn 0.0172 0.9999 -0.0000
vn 0.0178 0.9998 -0.0000
vn 0.0122 0.9999 -0.0000
vn 0.0142 0.9999 -0.0000
vn 0.0184 0.9998 -0.0000
vn 0.0188 0.9998 -0.0000
vn 0.0192 0.9998 -0.0000
vn 0.0195 0.9998 -0.0000
vn 0.0201 0.9998 -0.0000
vn 0.0198 0.9998 -0.0060
vn 0.0206 0.9998 -0.0068
vn 0.0211 0.9998 -0.0073
vn 0.0229 0.9997 0.0021
vn 0.0234 0.9997 0.0020
vn 0.0226 0.9997 0.0023
vn 0.0218 0.9998 -0.0026
vn 0.0224 0.9997 0.0022
vn 0.0216 0.9998 -0.0024
vn 0.0227 0.9997 0.0019
vn 0.0207 0.9998 0.0031
vn 0.0237 0.9997 0.0010
vn 0.0194 0.9998 -0.0000
vn 0.0181 0.9998 -0.0000
vn 0.0186 0.9998 -0.0000
vn 0.0241 0.9997 -0.0000
vn 0.0213 0.9998 0.0015
vn 0.0197 0.9998 -0.0000
vn 0.0169 0.9999 -0.0000
vn 0.0176 0.9998 -0.0000
vn 0.0155 0.9999 -0.0000
vn 0.0162 0.9999 -0.0000
vn 0.0154 0.9999 -0.0000
vn 0.0137 0.9999 -0.0000
vn 0.0146 0.9999 -0.0000
vn 0.0117 0.9999 -0.0000
vn 0.0128 0.9999 -0.0000
vn 0.0127 0.9999 -0.0000
vn 0.0040 1.0000 -0.0000
vn 0.0055 1.0000 -0.0000
vn 0.0054 1.0000 -0.0000
vn 0.0021 1.0000 -0.0000
vn 0.0094 1.0000 -0.0000
vn 0.0106 0.9999 -0.0000
vn 0.0105 0.9999 -0.0000
vn 0.0068 1.0000 -0.0000
vn 0.0082 1.0000 -0.0000
vn 0.0081 1.0000 -0.0000
vn 0.0005 1.0000 -0.0000
vn -0.0001 1.0000 -0.0000
vn 0.0220 0.9998 0.0034
vn 0.0198 0.9998 0.0041
vn 0.0011 1.0000 -0.0009
vn 0.0014 1.0000 -0.0000
vn -0.0000 1.0000 -0.0085
vn 0.0003 1.0000 -0.0077
vn -0.0022 1.0000 -0.0069
vn 0.0004 1.0000 0.0008
vn -0.0000 1.0000 0.0026
vn 0.0005 1.0000 0.0022
vn 0.0014 1.0000 0.0052
vn -0.0000 1.0000 0.0052
vn -0.0000 1.0000 0.0013
vn -0.0008 1.0000 0.0036
vn -0.0000 1.0000 0.0034
vn -0.0000 1.0000 0.0035
vn -0.0000 1.0000 0.0001
vn 0.0001 1.0000 0.0001
vn 0.0003 1.0000 0.0004
vn -0.0001 1.0000 -0.0001
vn -0.0003 1.0000 -0.0009
vn -0.0005 1.0000 0.0004
vn -0.0014 1.0000 -0.0000
vn -0.0021 1.0000 0.0010
vn 0.0066 0.9996 0.0289
vn 0.0053 0.9998 0.0205
vn 0.0075 0.9994 0.0352
vn 0.0090 0.9990 0.0446
vn 0.0003 1.0000 0.0001
vn -0.0000 1.0000 -0.0001
vn -0.0000 1.0000 -0.0007
vn -0.0000 1.0000 0.0002
vn -0.0000 1.0000 0.0008
vn -0.1140 0.9903 0.0796
vn -0.0276 0.9989 0.0367
vn -0.0645 0.9956 0.0683
vn -0.1132 0.9904 0.0798
vn -0.0117 0.9996 0.0267
vn -0.0206 0.9991 0.0383
vn -0.0269 0.9991 0.0320
vn 0.0179 0.9962 0.0856
vn 0.0361 0.9941 0.1022
vn -0.0402 0.9955 0.0852
vn 0.1446 0.9810 0.1296
vn -0.0616 0.9910 0.1188
vn -0.0236 0.9996 0.0171
vn -0.0176 0.9996 0.0233
vn -0.0141 0.9996 0.0259
vn -0.0071 0.9974 0.0712
vn 0.0013 0.9970 0.0777
vn 0.0113 0.9965 0.0830
vt 6.040627 1.000510
vt 6.248751 1.000510
vt 6.248751 1.999479
vt 6.040627 1.999480
vt 6.456877 1.000509
vt 6.665002 1.000508
vt 6.665002 1.999478
vt 6.456877 1.999478
vt 6.873127 1.000507
vt 7.081251 1.000507
vt 7.081251 1.999476
vt 6.873127 1.999477
vt 7.289376 1.000506
vt 7.497502 1.000505
vt 7.497502 1.999475
vt 7.289376 1.999475
vt 7.705627 1.000504
vt 7.913753 1.000504
vt 7.913753 1.999473
vt 7.705627 1.999474
vt 8.121878 1.000503
vt 8.330004 1.000502
vt 8.330004 1.999472
vt 8.121878 1.999472
vt 9.370630 1.000500
vt 9.578754 1.000500
vt 9.578754 1.999469
vt 9.370630 1.999470
vt 9.786880 1.000499
vt 9.786880 1.999468
vt 8.538129 1.000502
vt 8.746254 1.000501
vt 8.746254 1.999470
vt 8.538128 1.999471
vt 8.954380 1.000501
vt 9.162506 1.000501
vt 9.162506 1.999471
vt 8.954380 1.999470
vt 6.248751 1.000512
vt 6.040626 1.000511
vt 6.040626 1.999493
vt 6.248751 1.999493
vt 6.665001 1.000512
vt 6.456876 1.000512
vt 6.456876 1.999493
vt 6.665001 1.999494
vt 7.081251 1.000513
vt 6.873126 1.000513
vt 6.873126 1.999494
vt 7.081251 1.999495
vt 7.497501 1.000514
vt 7.289376 1.000514
vt 7.289376 1.999495
vt 7.497501 1.999496
vt 7.913753 1.000515
vt 7.705627 1.000515
vt 7.705627 1.999496
vt 7.913753 1.999496
vt 8.330004 1.000516
vt 8.121878 1.000516
vt 8.121878 1.999497
vt 8.330004 1.999497
vt 9.578753 1.000518
vt 9.370628 1.000518
vt 9.370629 1.999499
vt 9.578753 1.999499
vt 9.786879 1.000519
vt 9.786880 1.999500
vt 8.746253 1.000517
vt 8.538128 1.000516
vt 8.538128 1.999498
vt 8.746253 1.999498
vt 9.162504 1.000518
vt 8.954378 1.000517
vt 8.954379 1.999499
vt 9.162504 1.999499
vt 9.995005 1.000498
vt 9.995005 1.999468
vt 9.995005 1.999500
vt 9.995005 1.000519
vt 5.832501 1.000511
vt 5.832501 1.999493
vt 5.832502 1.999480
vt 5.832502 1.000511
vt 0.404610 2.119636
vt 0.005007 2.119658
vt 0.004997 1.862193
vt 0.404603 1.862192
vt 1.203812 2.119635
vt 0.804211 2.119635
vt 0.804200 1.862193
vt 1.203805 1.862192
vt 2.003009 2.119635
vt 1.603412 2.119635
vt 1.603396 1.862191
vt 2.003009 1.862193
vt 2.802212 2.119634
vt 2.402610 2.119634
vt 2.402594 1.862192
vt 2.802206 1.862191
vt 5.199814 2.119632
vt 4.800215 2.119634
vt 4.800201 1.862189
vt 5.199808 1.862188
vt 5.775647 2.119426
vt 5.999007 1.862190
vt 5.999016 2.119630
vt 5.599417 2.119632
vt 5.599403 1.862187
vt 3.601408 2.119633
vt 3.201807 2.119632
vt 3.201802 1.862191
vt 3.601408 1.862191
vt 4.400606 2.119633
vt 4.001015 2.119633
vt 4.000999 1.862191
vt 4.400610 1.862189
vt 6.798215 2.119632
vt 6.398616 2.119630
vt 6.398601 1.862187
vt 6.798215 1.862190
vt 7.597417 2.119630
vt 7.197814 2.119630
vt 7.197804 1.862188
vt 7.597405 1.862188
vt 8.396613 2.119630
vt 7.997012 2.119629
vt 7.997002 1.862187
vt 8.396607 1.862186
vt 9.126558 2.119632
vt 9.195808 1.862185
vt 9.195808 2.119627
vt 8.796214 2.119627
vt 8.796205 1.862185
vt 9.901517 2.119629
vt 9.995007 1.862184
vt 9.995007 2.119626
vt 9.595414 2.119629
vt 9.595406 1.862186
vt 5.000000 1.999483
vt 4.791875 1.999484
vt 4.791875 1.908696
vt 5.208126 1.000513
vt 5.416251 1.000512
vt 5.416251 1.999482
vt 5.208126 1.999483
vt 5.624377 1.999481
vt 5.624377 1.000512
vt 0.213119 1.999481
vt 0.421244 1.999482
vt 0.421244 1.000500
vt 0.213119 1.000500
vt 0.629369 1.999482
vt 0.837495 1.999483
vt 0.837495 1.000501
vt 0.629369 1.000501
vt 1.045620 1.999483
vt 1.253745 1.999483
vt 1.253745 1.000502
vt 1.045620 1.000502
vt 1.461872 1.999484
vt 1.669996 1.999484
vt 1.669996 1.000503
vt 1.461872 1.000503
vt 2.710622 1.999486
vt 2.918746 1.999486
vt 2.918746 1.000505
vt 2.710622 1.000505
vt 3.126872 1.999487
vt 3.334998 1.999487
vt 3.334998 1.000506
vt 3.126872 1.000505
vt 1.878121 1.999485
vt 2.086246 1.999485
vt 2.086246 1.000504
vt 1.878121 1.000503
vt 2.294372 1.999486
vt 2.502497 1.999486
vt 2.502497 1.000505
vt 2.294372 1.000504
vt 3.543122 1.999488
vt 3.751247 1.999488
vt 3.751247 1.000507
vt 3.543122 1.000506
vt 3.959373 1.999489
vt 4.167499 1.999489
vt 4.167499 1.000508
vt 3.959373 1.000507
vt 4.375624 1.999490
vt 4.583749 1.999490
vt 4.583749 1.000509
vt 4.375624 1.000508
vt 4.791874 1.999490
vt 5.000000 1.999491
vt 5.000000 1.000510
vt 4.791874 1.000509
vt 5.208125 1.999491
vt 5.416250 1.999492
vt 5.416251 1.000510
vt 5.208125 1.000510
vt 5.624376 1.999492
vt 5.624376 1.000511
vt 5.159427 1.000513
vt 4.755801 1.999484
vt 0.004994 1.999481
vt 0.004994 1.000499
vt 5.000000 1.393545
vt 0.368531 1.109319
vt 0.510683 0.866119
vt 0.508250 1.109270
vt 0.873966 1.109148
vt 1.009559 0.869786
vt 1.007188 1.109106
vt 1.379528 1.108976
vt 1.508439 0.874408
vt 1.506126 1.108931
vt 2.007314 0.879972
vt 2.005074 1.108767
vt 1.885197 1.108802
vt 0.009312 1.109445
vt 0.011801 0.863426
vt 2.998495 1.999520
vt 2.249228 1.999519
vt 2.249235 1.000527
vt 2.998487 1.000527
vt 1.499997 1.999519
vt 0.750752 1.999519
vt 0.750745 1.000526
vt 1.499990 1.000526
vt 0.001507 1.999518
vt 0.001492 1.000525
vt 1.244955 1.639531
vt 1.677859 1.443601
vt 1.848031 1.494125
vt 1.393825 1.669880
vt 0.880220 1.834480
vt 0.977917 1.854828
vt 2.158392 1.237824
vt 2.338501 1.328356
vt 1.052420 1.205510
vt 1.704466 1.202881
vt 1.705958 1.239650
vt 1.053917 1.242279
vt 2.653178 1.235335
vt 2.356486 1.200253
vt 0.400393 1.208139
vt 0.401884 1.244908
vt 2.784659 1.196470
vt 2.029351 1.870955
vt 2.029543 2.110662
vt 1.820009 2.110345
vt 1.030535 1.869445
vt 1.030728 2.109157
vt 0.822683 2.108840
vt 0.531123 1.868695
vt 0.531315 2.108402
vt 0.324014 2.108088
vt 1.529944 1.870200
vt 1.530137 2.109907
vt 1.321350 2.109592
vt 0.222540 2.107934
vt 0.031906 2.107647
vt 0.031713 1.867940
vt 0.357638 1.868429
vt 1.219049 2.109441
vt 1.354149 1.869936
vt 0.720793 2.108687
vt 0.855893 1.869183
vt 1.717303 2.110190
vt 1.852403 1.870690
vt 3.997828 1.990000
vt 3.419958 1.990000
vt 3.420148 1.010000
vt 3.998002 1.010000
vt 3.323922 1.990000
vt 3.324104 1.010000
vt 3.398172 1.010000
vt 3.289935 1.010000
vt 3.289753 1.990000
vt 3.187439 1.010000
vt 3.187258 1.990000
vt 0.861844 1.010000
vt 1.443243 1.010000
vt 1.443076 1.990000
vt 0.861682 1.990000
vt 2.605865 1.990000
vt 2.606040 1.010000
vt 0.725021 1.990000
vt 0.001998 1.990000
vt 0.002144 1.010000
vt 0.725182 1.010000
vt 0.759189 1.990000
vt 0.759350 1.010000
vt 2.024642 1.010000
vt 2.024470 1.990000
vt 0.995994 1.963291
vt 0.998393 1.999390
vt 0.004370 1.999502
vt 0.001971 1.963402
vt -0.023563 2.129132
vt -0.024061 1.875068
vt 0.089124 1.873664
vt 1.001436 2.116358
vt 1.000937 1.862305
vt 1.114134 1.860885
vt 1.513932 2.109975
vt 1.513435 1.855911
vt 1.626630 1.854502
vt 0.488939 2.122741
vt 0.488441 1.868688
vt 0.601631 1.867276
vt 2.025920 1.849532
vt 2.026419 2.103585
vt 9.578748 1.854817
vt 9.995005 1.854814
vt 9.578745 2.112031
vt 9.994998 2.112050
vt 8.746245 1.854818
vt 9.162504 1.854817
vt 8.746244 2.112035
vt 9.162493 2.112034
vt 7.913747 1.854818
vt 8.330004 1.854818
vt 7.913743 2.112036
vt 8.329992 2.112035
vt 7.081244 1.854819
vt 7.497506 1.854819
vt 7.081244 2.112036
vt 7.497497 2.112036
vt 4.583747 1.854821
vt 5.000003 1.854821
vt 4.583741 2.112038
vt 4.999990 2.112038
vt 3.751245 1.854822
vt 3.983916 2.111836
vt 3.751242 2.112039
vt 4.167494 2.112039
vt 4.167505 1.854821
vt 6.248748 1.854820
vt 6.665004 1.854819
vt 6.248744 2.112037
vt 6.664994 2.112036
vt 5.416245 1.854820
vt 5.832504 1.854820
vt 5.416241 2.112038
vt 5.832492 2.112037
vt 2.918745 1.854823
vt 3.335005 1.854822
vt 2.918744 2.112040
vt 3.334990 2.112039
vt 2.086246 1.854823
vt 2.502505 1.854823
vt 2.086241 2.112040
vt 2.502491 2.112040
vt 1.253744 1.854824
vt 1.670004 1.854824
vt 1.253744 2.112041
vt 1.669991 2.112041
vt 0.421245 1.854825
vt 0.493385 2.112041
vt 0.421245 2.112042
vt 0.837496 2.112041
vt 0.837504 1.854824
vt 0.005002 1.854825
vt 0.004995 2.112045
vt 1.999001 0.873656
vt 1.999001 1.112480
vt 1.843896 0.873656
vt 0.999997 1.112469
vt 0.844897 0.873656
vt 0.999997 0.873656
vt 1.499501 1.112470
vt 1.344400 0.873656
vt 1.499500 0.873656
vt 0.500496 1.112467
vt 0.345399 0.873656
vt 0.500496 0.873656
vt 0.000999 1.112463
vt 0.000999 0.873656
vt 0.183273 2.332999
vt 0.183273 1.666999
vt 0.940395 1.666999
vt 1.697517 1.666999
vt 1.697517 2.332999
vt 0.940395 2.332999
vt 0.213121 1.000529
vt 0.421246 1.000528
vt 0.421246 1.999498
vt 0.213121 1.999498
vt 0.629372 1.000527
vt 0.837497 1.000527
vt 0.837497 1.999496
vt 0.629372 1.999497
vt 1.045622 1.000526
vt 1.253747 1.000525
vt 1.253747 1.999495
vt 1.045622 1.999496
vt 1.461872 1.000525
vt 1.669998 1.000524
vt 1.669998 1.999493
vt 1.461872 1.999494
vt 2.710624 1.000522
vt 2.918748 1.000521
vt 2.918748 1.999491
vt 2.710624 1.999491
vt 0.000999 2.332999
vt 0.000999 1.666999
vt 1.878122 1.000523
vt 2.086248 1.000522
vt 2.086248 1.999492
vt 1.878122 1.999493
vt 2.294374 1.000522
vt 2.502499 1.000523
vt 2.502499 1.999492
vt 2.294374 1.999492
vt 3.543124 1.000519
vt 3.751250 1.000518
vt 3.751250 1.999488
vt 3.543124 1.999489
vt 3.959375 1.000518
vt 4.167500 1.000517
vt 4.167500 1.999486
vt 3.959375 1.999487
vt 4.375625 1.000516
vt 4.583750 1.000515
vt 4.583750 1.999485
vt 4.375625 1.999486
vt 4.791875 1.000515
vt 5.000000 1.000514
vt 0.629370 1.000501
vt 0.629370 1.999482
vt 1.461871 1.000503
vt 1.461870 1.999484
vt 2.890625 1.000505
vt 1.999001 1.666999
vt 1.999001 2.332999
vt 2.077166 1.000504
vt 5.027327 1.000510
vt 4.213389 1.000508
vt 1.999001 1.212935
vt 1.697517 1.001002
vt 1.999001 1.001002
vt 0.940395 1.000998
vt 0.183273 1.000998
vt 0.000999 1.000998
vt 1.999001 2.999000
vt 1.697517 2.999000
vt 0.940395 2.999000
vt 0.183273 2.999000
vt 0.000999 2.999000
vt 2.153915 1.000504
vt 1.263703 1.000502
vt 0.450802 1.000500
vt 0.004996 1.999499
vt 0.004996 1.000530
vt 13.814420 1.745769
vt 14.761399 1.745764
vt 14.761399 1.999399
vt 13.814420 1.999404
vt 14.860083 1.745764
vt 15.807062 1.745759
vt 15.807062 1.999394
vt 14.860083 1.999399
vt 15.905716 1.745759
vt 16.852695 1.745754
vt 16.852695 1.999389
vt 15.905716 1.999394
vt 10.022470 1.745789
vt 10.969450 1.745784
vt 10.969450 1.999419
vt 10.022470 1.999424
vt 11.068134 1.745784
vt 12.015114 1.745779
vt 12.015114 1.999414
vt 11.068134 1.999419
vt 12.113770 1.745779
vt 13.060749 1.745774
vt 13.060749 1.999409
vt 12.113770 1.999414
vt 16.040625 1.000543
vt 15.905716 1.000544
vt 16.842491 1.000540
vt 16.852695 1.000540
vt 14.969497 1.000548
vt 14.860082 1.000549
vt 15.807049 1.745796
vt 15.771860 1.000544
vt 15.807049 1.000544
vt 13.899489 1.000555
vt 13.814419 1.000555
vt 14.702477 1.000551
vt 14.761398 1.000550
vt 12.294266 1.000563
vt 12.113768 1.000564
vt 12.829101 1.000561
vt 13.060747 1.000560
vt 11.224038 1.000568
vt 11.068133 1.000569
vt 12.015100 1.745815
vt 11.759068 1.000566
vt 12.015100 1.000564
vt 10.154105 1.000575
vt 10.022470 1.000575
vt 10.956653 1.000571
vt 10.969450 1.000570
vt 9.083857 1.000580
vt 8.976456 1.745832
vt 8.976456 1.000581
vt 9.923435 1.745829
vt 9.885270 1.000577
vt 9.923435 1.000577
vt 9.351396 1.000579
vt 9.617755 1.000578
vt 0.527501 1.000501
vt 10.421774 1.000573
vt 10.689144 1.000572
vt 1.340479 1.000502
vt 11.492027 1.000567
vt 12.562081 1.000562
vt 14.167135 1.000553
vt 14.434940 1.000552
vt 4.290244 1.000508
vt 15.237180 1.000547
vt 15.504642 1.000546
vt 5.103948 1.000510
vt 16.307547 1.000542
vt 16.575323 1.000541
vt 0.183273 2.333001
vt 0.183273 1.667000
vt 0.940395 1.667000
vt 1.697517 1.667000
vt 1.697517 2.333001
vt 0.940395 2.333001
vt 0.000999 2.333001
vt 0.000999 1.667000
vt 1.999001 1.667000
vt 1.999001 2.333001
vt 9.626423 1.000518
vt 8.813250 1.000517
vt 1.999001 1.146337
vt 1.698478 1.001003
vt 1.999001 1.001000
vt 0.941356 1.001003
vt 0.183420 1.001007
vt 0.000999 1.001000
vt 1.999001 2.887445
vt 1.999001 2.999001
vt 1.697517 2.999001
vt 0.940395 2.999001
vt 0.183273 2.999001
vt 0.000999 2.999001
vt 6.718806 1.000513
vt 6.885158 1.745805
vt 7.832137 1.745800
vt 7.832137 1.999436
vt 6.885158 1.999440
vt 7.930821 1.745800
vt 8.877801 1.745795
vt 8.877801 1.999430
vt 7.930821 1.999435
vt 8.976456 1.745795
vt 9.923435 1.745790
vt 9.923435 1.999425
vt 8.976456 1.999430
vt 5.238604 1.745815
vt 6.185583 1.745810
vt 6.185583 1.999445
vt 5.238604 1.999450
vt 8.013190 1.000585
vt 7.930822 1.000586
vt 8.877789 1.745833
vt 8.816572 1.000581
vt 8.877789 1.000581
vt 6.943609 1.000592
vt 6.885159 1.000592
vt 7.745951 1.000588
vt 7.832138 1.000587
vt 5.336686 1.000600
vt 5.238601 1.745851
vt 5.238601 1.000600
vt 6.185579 1.745848
vt 6.140738 1.000597
vt 6.185580 1.000597
vt 6.795563 1.000513
vt 5.604577 1.000599
vt 5.872442 1.000598
vt 7.210764 1.000590
vt 7.478370 1.000589
vt 8.889956 1.000517
vt 8.281349 1.000584
vt 8.549047 1.000583
vt 9.703250 1.000518
vt 3.126873 1.000520
vt 3.334999 1.000520
vt 3.334999 1.999489
vt 3.126873 1.999490
vt 2.728123 1.000505
vt 5.905304 1.000511
vt 5.091652 1.000510
vt 4.278230 1.000508
vt 3.464859 1.000506
vt 1.998121 1.000500
vt 1.999001 1.993941
vt 1.697650 1.994780
vt 1.696770 1.001339
vt 0.940862 1.996887
vt 0.939981 1.003446
vt 0.184073 1.998994
vt 0.183192 1.005553
vt 0.001880 1.999502
vt 0.000999 1.006060
vt 3.147306 1.745825
vt 4.094285 1.745821
vt 4.094285 1.999456
vt 3.147306 1.999460
vt 4.192969 1.745820
vt 5.139948 1.745815
vt 5.139948 1.999450
vt 4.192969 1.999455
vt 0.009991 1.745842
vt 0.956970 1.745838
vt 0.956970 1.999473
vt 0.009991 1.999478
vt 1.055654 1.745837
vt 2.002634 1.745832
vt 2.002634 1.999467
vt 1.055654 1.999472
vt 2.101288 1.745832
vt 3.048268 1.745827
vt 3.048268 1.999462
vt 2.101288 1.999467
vt 4.268381 1.000605
vt 4.192966 1.745857
vt 4.192966 1.000606
vt 5.139933 1.745852
vt 5.070770 1.000601
vt 5.139933 1.000601
vt 3.198257 1.000612
vt 3.147304 1.745864
vt 3.147304 1.000612
vt 4.094282 1.745859
vt 4.000740 1.000608
vt 4.094283 1.000607
vt 2.127792 1.000617
vt 2.101288 1.745869
vt 2.101288 1.000617
vt 3.048268 1.745865
vt 2.930450 1.000614
vt 3.048269 1.000613
vt 1.057619 1.000623
vt 1.055655 1.745874
vt 1.055655 1.000623
vt 2.002621 1.745870
vt 1.860260 1.000618
vt 2.002621 1.000618
vt 0.254699 1.000628
vt 0.009991 1.745881
vt 0.009991 1.000629
vt 0.956971 1.745876
vt 0.789866 1.000625
vt 0.956971 1.000624
vt 0.522542 1.000626
vt 3.541549 1.000506
vt 1.325068 1.000621
vt 1.592378 1.000620
vt 4.354974 1.000508
vt 2.395140 1.000616
vt 2.662776 1.000615
vt 5.168692 1.000510
vt 3.465645 1.000610
vt 3.733071 1.000609
vt 5.982110 1.000511
vt 4.803446 1.000603
vt 4.535651 1.000604
vt 0.629371 1.000527
vt 0.629371 1.999497
vt 1.461873 1.000525
vt 1.461874 1.999494
vt 1.878123 1.000523
vt 1.878123 1.999493
vt 0.037740 1.000499
vt 0.037740 1.842302
vt 0.848759 2.099636
vt 0.848759 1.865981
vt 0.872476 1.865981
vt 0.470198 2.099636
vt 0.470198 1.865981
vt 0.529760 1.865981
vt 0.091636 2.099636
vt 0.091636 1.865981
vt 0.151199 1.865981
vt 0.037742 1.999499
vt 0.037742 1.157706
vt 0.000500 2.099636
vt 0.000500 1.865981
vt 0.014839 1.865981
vt 0.999500 1.865981
vt 0.999500 2.099636
vt 0.037740 1.999481
vt 0.037742 1.000530
vt 0.999499 1.000500
vt 0.999500 1.999500
vt 0.666501 1.999500
vt 0.666499 1.000499
vt 0.333502 1.999500
vt 0.333500 1.000500
vt 0.000500 1.999501
vt 0.000499 1.000500
vt 6.654166 1.000512
vt 7.467678 1.000514
vt 8.281059 1.000516
vt 9.957642 1.000498
vt 9.957641 1.820127
vt 0.183273 0.873669
vt 0.183273 1.111493
vt 0.150550 1.111493
vt 0.804472 1.111493
vt 0.940395 0.873670
vt 0.940395 1.111493
vt 1.697517 0.873676
vt 1.697517 1.111493
vt 1.561597 1.111493
vt 9.957642 1.999500
vt 9.957642 1.179857
vt 1.999001 0.873676
vt 1.999001 1.111493
vt 1.944878 1.111493
vt 8.381899 1.000516
vt 8.381899 1.750404
vt 1.697517 1.124751
vt 1.697517 0.864408
vt 1.772691 0.864408
vt 0.940395 1.124751
vt 0.940395 0.864408
vt 1.129182 0.864408
vt 0.183272 1.124750
vt 0.183272 0.864408
vt 0.372058 0.864408
vt 8.381899 1.999471
vt 8.381899 1.249591
vt 0.000999 1.124750
vt 0.000999 0.864408
vt 0.046448 0.864408
vt 7.544354 1.000514
vt 6.730931 1.000513
vt 5.840441 1.000511
vt 16.951733 1.745752
vt 17.898712 1.745747
vt 17.898712 1.999382
vt 16.951733 1.999387
vt 17.997396 1.745747
vt 18.944376 1.745742
vt 18.944376 1.999377
vt 17.997396 1.999382
vt 19.043030 1.745741
vt 19.990009 1.745737
vt 19.990009 1.999372
vt 19.043030 1.999376
vt 19.250053 1.000526
vt 19.043028 1.745778
vt 19.043028 1.000527
vt 19.990007 1.745775
vt 19.785273 1.000524
vt 19.990007 1.000523
vt 18.179771 1.000531
vt 17.997395 1.745783
vt 17.997395 1.000532
vt 18.944361 1.745778
vt 18.714552 1.000528
vt 18.944361 1.000527
vt 17.109861 1.000538
vt 16.951731 1.000538
vt 17.898710 1.745785
vt 17.645014 1.000535
vt 17.898710 1.000533
vt 0.000999 1.111493
vt 0.000999 0.873676
vt 9.957641 1.999468
vt 9.957642 1.000519
vt 1.999001 0.864408
vt 1.999001 1.124751
vt 8.381899 1.999497
vt 8.381899 1.000502
vt 5.917484 1.000511
vt 17.377520 1.000536
vt 18.447216 1.000530
vt 19.516993 1.000525
vt 0.000500 2.136759
vt 0.000500 1.843647
vt 0.249607 1.843658
vt 0.210894 2.136759
vt 0.249607 2.136759
vt 0.498719 1.843612
vt 0.460000 2.136759
vt 0.498854 2.136759
vt 0.747824 1.843647
vt 0.709244 2.136760
vt 0.749071 2.136760
vt 0.996935 1.843636
vt 0.999501 2.136760
vt 0.959466 2.136760
vt 0.249488 1.010000
vt 0.249048 1.100000
vt 0.000500 1.100000
vt 0.000888 1.010000
vt 0.746147 1.100000
vt 0.748659 1.010000
vt 0.999501 1.010000
vt 0.994691 1.100000
vt 0.498399 1.010000
vt 0.497598 1.100000
vt 0.000498 1.999500
vt 0.027960 1.013552
vt 0.999499 1.000499
vt 0.972037 1.986447
vt 0.999501 1.000499
vt 0.979653 1.999318
vt 0.006193 1.999501
vt 0.000500 1.000500
vt 0.750750 1.999500
vt 1.000500 1.999500
vt 1.000500 1.000500
vt 0.750750 1.000500
vt 0.000499 1.561389
vt 0.994522 1.561278
vt 0.005478 1.000612
vt 0.999501 1.000501
vt 0.001298 1.499341
vt 0.230645 1.998332
vt 0.001001 1.998177
vt 0.231247 1.000656
vt 0.001600 1.000503
vt 1.999003 1.001830
vt 1.998401 1.999505
vt 0.002497 1.000499
vt 0.002497 1.999499
vt 0.710430 1.999500
vt 0.710430 1.000499
vt 0.002497 1.000500
vt 0.710430 1.999499
vt 0.710430 1.000500
vt 0.002498 1.000499
vt 0.002498 1.999500
vt 4.997502 1.999501
vt 4.997502 1.000501
vt 3.529969 1.000500
vt 3.529969 1.999501
vt 4.997502 1.999500
vt 3.529969 1.000501
vt 3.529969 1.999500
vt 1.999001 1.999499
vt 0.713253 1.999499
vt 0.713253 1.000499
vt 1.999001 1.000499
vt 0.000999 1.999500
vt 0.000999 1.000500
vt 1.998990 2.999001
vt 0.000999 2.999002
vt 0.001010 1.001000
vt 1.999001 1.999500
vt 0.822275 1.999500
vt 0.822275 1.000500
vt 1.999001 1.000500
vt 0.286427 1.000999
vt 0.571856 1.000999
vt 1.000091 2.999001
vt 0.857285 1.413828
vt 1.142715 1.413828
vt 1.428144 1.413828
vt 1.713572 1.413827
vt 0.000999 1.976264
vt 0.000999 1.813646
vt 1.999001 1.999501
vt 0.000999 1.651028
vt 0.000999 1.488409
vt 0.000999 1.325790
vt 0.000999 1.163171
vt 0.000999 1.000553
vt 1.958216 2.999001
vt 1.999001 1.000999
vt 0.001092 2.999001
vt 0.000999 1.000999
vt 0.045908 1.000999
vt 1.713571 1.000999
vt 0.857283 1.000999
vt 0.001368 1.533526
vt 0.000499 1.000498
vt 0.667101 1.000498
vt 0.854438 1.533528
vt 0.001691 1.999498
vt 0.999501 1.999499
vt 0.150728 1.666427
vt 0.299955 1.378540
vt 0.199568 1.963913
vt 0.000999 1.955256
vt 0.796552 1.040888
vt 0.976792 1.006441
vt 0.930726 1.963914
vt 1.693673 1.153560
vt 1.935374 1.246587
vt 1.757393 1.963913
vt 1.999001 1.343507
vt 1.967583 1.999500
vt 0.361884 1.257341
vt 0.451546 1.192750
vt 0.620699 1.103299
vt 1.159036 1.000499
vt 1.340871 1.023242
vt 1.519879 1.074457
s 1
usemtl ROADSTRP.002
f 1/1/1 2/2/2 3/3/3
f 3/3/3 4/4/4 1/1/1
f 5/5/5 6/6/6 7/7/7
f 7/7/7 8/8/8 5/5/5
f 9/9/9 10/10/10 11/11/11
f 11/11/11 12/12/12 9/9/9
f 13/13/13 14/14/14 15/15/15
f 15/15/15 16/16/16 13/13/13
f 17/17/17 18/18/18 19/19/19
f 19/19/19 20/20/17 17/17/17
f 21/21/20 22/22/21 23/23/21
f 23/23/21 24/24/22 21/21/20
f 25/25/23 26/26/23 27/27/23
f 27/27/23 28/28/23 25/25/23
f 26/26/23 29/29/21 30/30/21
f 30/30/21 27/27/23 26/26/23
f 31/31/24 32/32/24 33/33/24
f 33/33/24 34/34/24 31/31/24
f 35/35/24 36/36/24 37/37/24
f 37/37/24 38/38/24 35/35/24
f 39/39/3 40/40/4 41/41/1
f 41/41/1 42/42/2 39/39/3
f 43/43/7 44/44/8 45/45/5
f 45/45/5 46/46/6 43/43/7
f 47/47/11 48/48/12 49/49/9
f 49/49/9 50/50/10 47/47/11
f 51/51/15 52/52/16 53/53/13
f 53/53/13 54/54/14 51/51/15
f 55/55/19 56/56/17 57/57/17
f 57/57/17 58/58/18 55/55/19
f 59/59/21 60/60/22 61/61/20
f 61/61/20 62/62/21 59/59/21
f 63/63/23 64/64/23 65/65/23
f 65/65/23 66/66/23 63/63/23
f 67/67/21 63/63/23 66/66/23
f 66/66/23 68/68/21 67/67/21
f 69/69/24 70/70/24 71/71/24
f 71/71/24 72/72/24 69/69/24
f 73/73/24 74/74/24 75/75/24
f 75/75/24 76/76/24 73/73/24
f 29/29/21 77/77/25 78/78/25
f 78/78/25 30/30/21 29/29/21
f 68/68/21 79/79/25 80/80/25
f 80/80/25 67/67/21 68/68/21
f 64/64/23 73/73/24 76/76/24
f 76/76/24 65/65/23 64/64/23
f 28/28/23 37/37/24 36/36/24
f 36/36/24 25/25/23 28/28/23
f 74/74/24 69/69/24 72/72/24
f 72/72/24 75/75/24 74/74/24
f 38/38/24 33/33/24 32/32/24
f 32/32/24 35/35/24 38/38/24
f 70/70/24 59/59/21 62/62/21
f 62/62/21 71/71/24 70/70/24
f 34/34/24 23/23/21 22/22/21
f 22/22/21 31/31/24 34/34/24
f 60/60/22 55/55/19 58/58/18
f 58/58/18 61/61/20 60/60/22
f 24/24/22 19/19/19 18/18/18
f 18/18/18 21/21/20 24/24/22
f 56/56/17 51/51/15 54/54/14
f 54/54/14 57/57/17 56/56/17
f 20/20/17 15/15/15 14/14/14
f 14/14/14 17/17/17 20/20/17
f 52/52/16 47/47/11 50/50/10
f 50/50/10 53/53/13 52/52/16
f 16/16/16 11/11/11 10/10/10
f 10/10/10 13/13/13 16/16/16
f 48/48/12 43/43/7 46/46/6
f 46/46/6 49/49/9 48/48/12
f 12/12/12 7/7/7 6/6/6
f 6/6/6 9/9/9 12/12/12
f 44/44/8 39/39/3 42/42/2
f 42/42/2 45/45/5 44/44/8
f 8/8/8 3/3/3 2/2/2
f 2/2/2 5/5/5 8/8/8
f 40/40/4 81/81/26 200/82/27
f 200/82/27 41/41/1 40/40/4
f 4/4/4 143/83/26 146/84/28
f 146/84/28 1/1/1 4/4/4
f 82/85/29 83/86/30 84/87/30
f 84/87/30 85/88/29 82/85/29
f 86/89/31 87/90/32 88/91/32
f 88/91/32 89/92/31 86/89/31
f 90/93/33 91/94/34 92/95/34
f 92/95/34 93/96/33 90/93/33
f 94/97/35 95/98/36 96/99/36
f 96/99/36 97/100/35 94/97/35
f 98/101/37 99/102/38 100/103/38
f 100/103/38 101/104/37 98/101/37
f 102/105/39 103/106/40 104/107/41
f 102/105/39 105/108/42 106/109/43
f 107/110/44 108/111/45 109/112/45
f 109/112/45 110/113/44 107/110/44
f 111/114/46 112/115/47 113/116/47
f 113/116/47 114/117/46 111/114/46
f 115/118/48 116/119/49 117/120/49
f 117/120/49 118/121/50 115/118/48
f 119/122/51 120/123/52 121/124/53
f 121/124/53 122/125/54 119/122/51
f 123/126/55 124/127/56 125/128/57
f 125/128/57 126/129/58 123/126/55
f 127/130/59 128/131/60 129/132/61
f 127/130/59 130/133/62 131/134/62
f 132/135/63 133/136/64 134/137/65
f 132/135/63 135/138/66 136/139/67
f 135/138/66 129/132/61 128/131/60
f 128/131/60 136/139/67 135/138/66
f 130/133/62 123/126/55 126/129/58
f 126/129/58 131/134/62 130/133/62
f 124/127/56 119/122/51 122/125/54
f 122/125/54 125/128/57 124/127/56
f 120/123/52 115/118/48 118/121/50
f 118/121/50 121/124/53 120/123/52
f 116/119/49 104/107/41 103/106/40
f 103/106/40 117/120/49 116/119/49
f 105/108/42 98/101/37 101/104/37
f 101/104/37 106/109/43 105/108/42
f 99/102/38 111/114/46 114/117/46
f 114/117/46 100/103/38 99/102/38
f 112/115/47 107/110/44 110/113/44
f 110/113/44 113/116/47 112/115/47
f 108/111/45 94/97/35 97/100/35
f 97/100/35 109/112/45 108/111/45
f 95/98/36 90/93/33 93/96/33
f 93/96/33 96/99/36 95/98/36
f 91/94/34 86/89/31 89/92/31
f 89/92/31 92/95/34 91/94/34
f 87/90/32 82/85/29 85/88/29
f 85/88/29 88/91/32 87/90/32
f 133/136/64 132/135/63 136/139/67
f 128/131/60 127/130/59 131/134/62
f 103/106/40 102/105/39 106/109/43
f 137/140/68 138/141/69 129/142/61
f 139/143/70 140/144/71 141/145/72
f 141/145/72 142/146/73 139/143/70
f 143/83/26 144/147/74 145/148/75
f 145/148/75 146/84/28 143/83/26
f 147/149/29 148/150/32 149/151/32
f 149/151/32 150/152/29 147/149/29
f 151/153/31 152/154/76 153/155/34
f 153/155/34 154/156/31 151/153/31
f 155/157/77 156/158/78 157/159/78
f 157/159/78 158/160/79 155/157/77
f 159/161/80 160/162/81 161/163/81
f 161/163/81 162/164/80 159/161/80
f 163/165/82 164/166/83 165/167/84
f 165/167/84 166/168/85 163/165/82
f 167/169/86 168/170/87 169/171/88
f 169/171/88 170/172/86 167/169/86
f 171/173/89 172/174/90 173/175/91
f 173/175/91 174/176/92 171/173/89
f 175/177/93 176/178/94 177/179/95
f 177/179/95 178/180/93 175/177/93
f 179/181/96 180/182/97 181/183/98
f 181/183/98 182/184/99 179/181/96
f 183/185/100 184/186/101 185/187/102
f 185/187/102 186/188/103 183/185/100
f 187/189/104 188/190/105 189/191/106
f 189/191/106 190/192/104 187/189/104
f 191/193/107 192/194/108 193/195/109
f 193/195/109 194/196/110 191/193/107
f 195/197/111 196/198/71 197/199/72
f 197/199/72 198/200/112 195/197/111
f 199/201/75 200/82/27 81/81/26
f 81/81/26 201/202/74 199/201/75
f 196/198/71 199/201/75 201/202/74
f 201/202/74 197/199/72 196/198/71
f 144/147/74 141/145/72 140/144/71
f 140/144/71 145/148/75 144/147/74
f 192/194/108 195/197/111 198/200/112
f 198/200/112 193/195/109 192/194/108
f 132/203/63 139/143/70 142/146/73
f 188/190/105 191/193/107 194/196/110
f 194/196/110 189/191/106 188/190/105
f 127/204/59 129/142/61 138/141/69
f 184/186/101 187/189/104 190/192/104
f 190/192/104 185/187/102 184/186/101
f 180/182/97 183/185/100 186/188/103
f 186/188/103 181/183/98 180/182/97
f 168/170/87 179/181/96 182/184/99
f 182/184/99 169/171/88 168/170/87
f 164/166/83 167/169/86 170/172/86
f 170/172/86 165/167/84 164/166/83
f 176/178/94 163/165/82 166/168/85
f 166/168/85 177/179/95 176/178/94
f 172/174/90 175/177/93 178/180/93
f 178/180/93 173/175/91 172/174/90
f 160/162/81 171/173/89 174/176/92
f 174/176/92 161/163/81 160/162/81
f 156/158/78 159/161/80 162/164/80
f 162/164/80 157/159/78 156/158/78
f 152/154/76 155/157/77 158/160/79
f 158/160/79 153/155/34 152/154/76
f 148/150/32 151/153/31 154/156/31
f 154/156/31 149/151/32 148/150/32
f 83/205/30 147/149/29 150/152/29
f 150/152/29 202/206/30 83/205/30
f 142/146/73 137/140/68 135/207/66
f 129/142/61 135/207/66 137/140/68
f 135/207/66 132/203/63 142/146/73
f 203/208/113 204/209/114 205/210/115
f 206/211/116 207/212/117 208/213/118
f 209/214/119 210/215/120 211/216/121
f 212/217/122 213/218/123 214/219/124
f 203/208/113 215/220/125 216/221/125
f 203/208/113 216/221/125 204/209/114
f 206/211/116 205/210/115 204/209/114
f 206/211/116 204/209/114 207/212/117
f 209/214/119 208/213/118 207/212/117
f 209/214/119 207/212/117 210/215/120
f 214/219/124 211/216/121 210/215/120
f 214/219/124 210/215/120 212/217/122
f 217/222/126 218/223/127 219/224/127
f 219/224/127 220/225/126 217/222/126
f 221/226/128 222/227/129 223/228/130
f 223/228/130 224/229/128 221/226/128
f 222/227/129 225/230/131 226/231/132
f 226/231/132 223/228/130 222/227/129
f 218/223/127 221/226/128 224/229/128
f 224/229/128 219/224/127 218/223/127
f 227/232/25 228/233/133 229/234/25
f 229/234/25 230/235/25 227/232/25
f 231/236/25 227/232/25 230/235/25
f 230/235/25 232/237/25 231/236/25
f 228/233/133 233/238/134 234/239/135
f 234/239/135 229/234/25 228/233/133
f 235/240/25 236/241/25 237/242/25
f 237/242/25 238/243/25 235/240/25
f 239/244/136 234/239/135 240/245/137
f 233/238/134 240/245/137 234/239/135
f 240/245/137 233/238/134 236/241/25
f 241/246/25 235/240/25 238/243/25
f 238/243/25 242/247/25 241/246/25
f 243/248/136 239/244/136 240/245/137
f 233/238/134 237/242/25 236/241/25
f 244/249/138 245/250/138 246/251/138
f 247/252/139 248/253/139 249/254/140
f 250/255/141 251/256/141 252/257/142
f 253/258/143 254/259/143 255/260/144
f 256/261/145 257/262/146 258/263/146
f 256/261/145 258/263/146 259/264/147
f 247/252/139 260/265/148 248/253/139
f 261/266/144 260/265/148 247/252/139
f 250/255/141 262/267/149 251/256/141
f 263/268/140 262/267/149 250/255/141
f 253/258/143 264/269/150 254/259/143
f 265/270/151 264/269/150 253/258/143
f 264/269/150 265/270/151 246/251/138
f 265/270/151 244/249/138 246/251/138
f 262/267/149 263/268/140 249/254/140
f 263/268/140 247/252/139 249/254/140
f 256/261/145 259/264/147 252/257/142
f 259/264/147 250/255/141 252/257/142
f 260/265/148 261/266/144 255/260/144
f 261/266/144 253/258/143 255/260/144
f 266/271/25 267/272/25 268/273/25
f 268/273/25 269/274/25 266/271/25
f 267/272/25 270/275/152 271/276/153
f 271/276/153 272/277/25 267/272/25
f 267/272/25 272/277/25 268/273/25
f 273/278/154 271/276/153 270/275/152
f 270/275/152 274/279/155 273/278/154
f 275/280/25 273/278/154 274/279/155
f 274/279/155 276/281/25 275/280/25
f 277/282/25 278/283/25 279/284/25
f 279/284/25 280/285/25 277/282/25
f 276/281/25 281/286/25 282/287/25
f 282/287/25 275/280/25 276/281/25
f 283/288/156 284/289/25 285/290/25
f 285/290/25 286/291/157 283/288/156
f 287/292/158 283/288/156 286/291/157
f 286/291/157 288/293/159 287/292/158
f 278/283/25 289/294/25 290/295/25
f 290/295/25 279/284/25 278/283/25
f 289/294/25 282/287/25 281/286/25
f 281/286/25 290/295/25 289/294/25
f 291/296/160 292/297/161 293/298/25
f 293/298/25 1099/299/162 291/296/160
f 292/297/161 291/296/160 294/296/163
f 295/300/164 296/301/165 297/302/166
f 298/303/167 299/304/167 300/305/168
f 301/306/169 302/307/170 303/308/171
f 304/309/172 305/310/173 306/311/174
f 303/308/171 307/312/175 301/306/169
f 307/312/175 308/313/175 301/306/169
f 304/309/172 306/311/174 299/304/167
f 304/309/172 299/304/167 298/303/167
f 298/303/167 300/305/168 302/307/170
f 298/303/167 302/307/170 301/306/169
f 295/300/164 297/302/166 305/310/173
f 295/300/164 305/310/173 304/309/172
f 309/314/176 310/315/177 311/316/176
f 312/317/177 311/316/176 310/315/177
f 313/318/178 314/319/14 315/320/178
f 316/321/14 315/320/178 314/319/14
f 317/322/179 318/323/9 319/324/179
f 320/325/9 319/324/179 318/323/9
f 321/326/180 322/327/181 323/328/180
f 324/329/181 323/328/180 322/327/181
f 325/330/182 326/331/183 327/332/182
f 328/333/183 327/332/182 326/331/183
f 329/334/184 330/335/185 331/336/186
f 332/337/187 330/335/185 333/338/188
f 334/339/189 335/340/190 336/341/191
f 337/342/190 336/341/191 335/340/190
f 338/343/192 339/344/193 340/345/192
f 341/346/193 340/345/192 339/344/193
f 342/347/194 343/348/195 344/349/196
f 345/350/195 344/349/196 343/348/195
f 346/351/197 347/352/198 348/353/199
f 349/354/200 348/353/199 347/352/198
f 350/355/201 351/356/202 352/357/203
f 353/358/204 352/357/203 351/356/202
f 354/359/96 355/360/205 356/361/206
f 357/362/99 355/360/205 358/363/99
f 359/364/207 354/359/96 360/365/208
f 356/361/206 360/365/208 354/359/96
f 358/363/99 350/355/201 357/362/99
f 352/357/203 357/362/99 350/355/201
f 351/356/202 346/351/197 353/358/204
f 348/353/199 353/358/204 346/351/197
f 347/352/198 342/347/194 349/354/200
f 344/349/196 349/354/200 342/347/194
f 343/348/195 329/334/184 345/350/195
f 331/336/186 345/350/195 329/334/184
f 333/338/188 325/330/182 332/337/187
f 327/332/182 332/337/187 325/330/182
f 326/331/183 338/343/192 328/333/183
f 340/345/192 328/333/183 338/343/192
f 339/344/193 334/339/189 341/346/193
f 336/341/191 341/346/193 334/339/189
f 335/340/190 321/326/180 337/342/190
f 323/328/180 337/342/190 321/326/180
f 322/327/181 317/322/179 324/329/181
f 319/324/179 324/329/181 317/322/179
f 318/323/9 313/318/178 320/325/9
f 315/320/178 320/325/9 313/318/178
f 314/319/14 309/314/176 316/321/14
f 311/316/176 316/321/14 309/314/176
f 355/360/205 354/359/96 358/363/99
f 330/335/185 329/334/184 333/338/188
f 361/141/209 362/140/210 356/142/206
f 363/152/176 364/151/14 365/149/211
f 366/150/14 365/149/211 364/151/14
f 367/156/178 368/155/9 369/153/178
f 370/154/9 369/153/178 368/155/9
f 371/160/212 372/159/2 373/157/213
f 374/158/3 373/157/213 372/159/2
f 375/164/214 376/163/215 377/161/216
f 378/162/215 377/161/216 376/163/215
f 379/168/105 380/167/104 381/165/105
f 382/166/217 381/165/105 380/167/104
f 383/172/218 384/171/219 385/169/218
f 386/170/219 385/169/218 384/171/219
f 387/176/220 388/175/112 389/173/220
f 390/174/112 389/173/220 388/175/112
f 391/180/221 392/179/107 393/177/108
f 394/178/107 393/177/108 392/179/107
f 395/184/222 396/183/223 397/181/100
f 398/182/223 397/181/100 396/183/223
f 399/188/224 400/187/225 401/185/224
f 402/186/225 401/185/224 400/187/225
f 403/192/99 404/191/207 405/189/99
f 406/190/207 405/189/99 404/191/207
f 407/196/226 408/195/226 409/193/226
f 410/194/226 409/193/226 408/195/226
f 404/191/207 407/196/226 406/190/207
f 409/193/226 406/190/207 407/196/226
f 356/142/206 355/204/205 361/141/209
f 400/187/225 403/192/99 402/186/225
f 405/189/99 402/186/225 403/192/99
f 396/183/223 399/188/224 398/182/223
f 401/185/224 398/182/223 399/188/224
f 384/171/219 395/184/222 386/170/219
f 397/181/100 386/170/219 395/184/222
f 380/167/104 383/172/218 382/166/217
f 385/169/218 382/166/217 383/172/218
f 392/179/107 379/168/105 394/178/107
f 381/165/105 394/178/107 379/168/105
f 388/175/112 391/180/221 390/174/112
f 393/177/108 390/174/112 391/180/221
f 376/163/215 387/176/220 378/162/215
f 389/173/220 378/162/215 387/176/220
f 372/159/2 375/164/214 374/158/3
f 377/161/216 374/158/3 375/164/214
f 368/155/9 371/160/212 370/154/9
f 373/157/213 370/154/9 371/160/212
f 364/151/14 367/156/178 366/150/14
f 369/153/178 366/150/14 367/156/178
f 411/206/177 363/152/176 312/205/177
f 365/149/211 312/205/177 363/152/176
f 360/207/208 356/142/206 362/140/210
f 412/366/227 413/367/228 414/368/229
f 415/369/230 416/370/231 417/371/232
f 418/372/233 419/373/234 420/374/235
f 421/375/236 422/376/237 423/377/238
f 424/2/98 425/1/239 426/3/98
f 427/4/239 426/3/98 425/1/239
f 428/6/240 429/5/241 430/7/240
f 431/8/241 430/7/240 429/5/241
f 432/144/226 433/143/242 434/145/207
f 435/146/243 434/145/207 433/143/242
f 436/84/244 437/148/96 438/83/244
f 439/147/96 438/83/244 437/148/96
f 440/10/245 441/9/246 442/11/245
f 443/12/101 442/11/245 441/9/246
f 444/14/247 445/13/248 446/15/249
f 447/16/248 446/15/249 445/13/248
f 448/18/250 449/17/251 450/19/250
f 451/20/251 450/19/250 449/17/251
f 452/22/252 453/21/253 454/23/252
f 455/24/254 454/23/252 453/21/253
f 456/26/255 457/25/256 458/27/255
f 459/28/257 458/27/255 457/25/256
f 460/29/258 456/26/255 461/30/258
f 458/27/255 461/30/258 456/26/255
f 462/32/259 463/31/260 464/33/259
f 465/34/261 464/33/259 463/31/260
f 466/36/262 467/35/263 468/37/262
f 469/38/264 468/37/262 467/35/263
f 470/40/239 471/39/98 472/41/239
f 473/42/98 472/41/239 471/39/98
f 474/44/241 475/43/240 476/45/241
f 477/46/240 476/45/241 475/43/240
f 478/200/226 479/199/207 480/197/226
f 481/198/226 480/197/226 479/199/207
f 482/202/96 483/81/244 484/201/96
f 485/82/244 484/201/96 483/81/244
f 486/48/101 487/47/245 488/49/246
f 489/50/245 488/49/246 487/47/245
f 490/52/248 491/51/249 492/53/248
f 493/54/247 492/53/248 491/51/249
f 494/56/251 495/55/250 496/57/251
f 497/58/250 496/57/251 495/55/250
f 498/60/254 499/59/252 500/61/253
f 501/62/252 500/61/253 499/59/252
f 502/64/257 503/63/255 504/65/256
f 505/66/255 504/65/256 503/63/255
f 503/63/255 506/67/258 505/66/255
f 507/68/258 505/66/255 506/67/258
f 508/70/261 509/69/259 510/71/260
f 511/72/259 510/71/260 509/69/259
f 512/74/264 513/73/262 514/75/263
f 515/76/262 514/75/263 513/73/262
f 516/77/265 460/29/258 517/78/20
f 461/30/258 517/78/20 460/29/258
f 518/79/266 507/68/258 519/80/25
f 506/67/258 519/80/25 507/68/258
f 513/73/262 502/64/257 515/76/262
f 504/65/256 515/76/262 502/64/257
f 468/37/262 459/28/257 466/36/262
f 457/25/256 466/36/262 459/28/257
f 509/69/259 512/74/264 511/72/259
f 514/75/263 511/72/259 512/74/264
f 464/33/259 469/38/264 462/32/259
f 467/35/263 462/32/259 469/38/264
f 499/59/252 508/70/261 501/62/252
f 510/71/260 501/62/252 508/70/261
f 454/23/252 465/34/261 452/22/252
f 463/31/260 452/22/252 465/34/261
f 495/55/250 498/60/254 497/58/250
f 500/61/253 497/58/250 498/60/254
f 450/19/250 455/24/254 448/18/250
f 453/21/253 448/18/250 455/24/254
f 491/51/249 494/56/251 493/54/247
f 496/57/251 493/54/247 494/56/251
f 446/15/249 451/20/251 444/14/247
f 449/17/251 444/14/247 451/20/251
f 487/47/245 490/52/248 489/50/245
f 492/53/248 489/50/245 490/52/248
f 442/11/245 447/16/248 440/10/245
f 445/13/248 440/10/245 447/16/248
f 475/43/240 486/48/101 477/46/240
f 488/49/246 477/46/240 486/48/101
f 430/7/240 443/12/101 428/6/240
f 441/9/246 428/6/240 443/12/101
f 471/39/98 474/44/241 473/42/98
f 476/45/241 473/42/98 474/44/241
f 426/3/98 431/8/241 424/2/98
f 429/5/241 424/2/98 431/8/241
f 483/81/244 470/40/239 485/82/244
f 472/41/239 485/82/244 470/40/239
f 438/83/244 427/4/239 436/84/244
f 425/1/239 436/84/244 427/4/239
f 479/199/207 482/202/96 481/198/226
f 484/201/96 481/198/226 482/202/96
f 434/145/207 439/147/96 432/144/226
f 437/148/96 432/144/226 439/147/96
f 408/195/226 478/200/226 410/194/226
f 480/197/226 410/194/226 478/200/226
f 433/143/242 520/203/267 435/146/243
f 362/140/210 435/146/243 360/207/208
f 520/203/267 360/207/208 435/146/243
f 521/378/268 522/379/268 422/376/237
f 521/378/268 422/376/237 421/375/236
f 415/369/230 417/371/232 419/373/234
f 415/369/230 419/373/234 418/372/233
f 418/372/233 420/374/235 414/368/229
f 418/372/233 414/368/229 413/367/228
f 421/375/236 423/377/238 416/370/231
f 421/375/236 416/370/231 415/369/230
f 523/380/25 524/381/25 525/382/25
f 526/383/25 527/384/25 528/385/25
f 529/386/25 530/387/25 531/388/25
f 531/388/25 532/389/25 529/386/25
f 533/390/25 534/391/25 535/392/25
f 535/392/25 536/393/25 533/390/25
f 537/394/25 538/395/25 539/396/25
f 539/396/25 540/397/25 537/394/25
f 541/398/25 542/399/25 543/400/25
f 543/400/25 544/401/25 541/398/25
f 545/402/25 546/403/25 547/404/25
f 547/404/25 548/405/25 545/402/25
f 549/406/25 550/407/25 524/381/25
f 524/381/25 523/380/25 549/406/25
f 551/408/25 552/409/25 553/410/25
f 553/410/25 554/411/25 551/408/25
f 555/412/25 556/413/25 557/414/25
f 557/414/25 558/415/25 555/412/25
f 559/416/25 560/417/269 561/418/270
f 561/418/270 562/419/25 559/416/25
f 563/420/271 564/421/271 565/422/271
f 565/422/271 566/423/272 563/420/271
f 567/424/271 568/425/271 569/426/271
f 569/426/271 570/427/271 567/424/271
f 571/428/271 572/429/271 573/140/271
f 573/140/271 574/141/271 571/428/271
f 575/143/271 576/144/271 577/145/271
f 577/145/271 578/146/271 575/143/271
f 579/148/271 1046/84/273 1045/83/271
f 1045/83/271 580/147/271 579/148/271
f 581/151/25 582/152/25 583/149/25
f 583/149/25 584/150/25 581/151/25
f 585/155/25 586/430/25 587/431/25
f 587/431/25 588/154/25 585/155/25
f 589/159/25 590/160/25 591/157/25
f 591/157/25 592/158/25 589/159/25
f 593/163/25 594/432/25 595/433/25
f 595/433/25 596/162/25 593/163/25
f 597/434/25 598/168/25 599/165/25
f 599/165/25 600/166/25 601/167/25
f 602/435/25 603/436/25 527/384/25
f 527/384/25 526/383/25 602/435/25
f 604/437/25 605/176/25 606/173/25
f 606/173/25 607/174/25 608/175/25
f 609/179/25 610/180/25 611/177/25
f 611/177/25 612/178/25 609/179/25
f 613/183/25 614/184/25 615/181/25
f 615/181/25 616/182/274 613/183/25
f 617/187/275 618/188/276 619/185/277
f 619/185/277 620/186/278 617/187/275
f 621/191/275 622/192/275 623/189/278
f 623/189/278 624/190/278 621/191/275
f 625/195/275 626/196/275 627/193/278
f 627/193/278 628/194/278 625/195/275
f 629/199/275 630/200/275 631/197/278
f 631/197/278 632/198/278 629/199/275
f 671/81/279 633/202/275 634/201/278
f 634/201/278 635/82/280 671/81/279
f 523/380/25 525/382/25 528/385/25
f 528/385/25 525/382/25 526/383/25
f 633/202/275 629/199/275 632/198/278
f 632/198/278 634/201/278 633/202/275
f 580/147/271 577/145/271 576/144/271
f 576/144/271 579/148/271 580/147/271
f 636/438/281 625/195/275 628/194/278
f 628/194/278 631/197/278 630/200/275
f 578/146/271 573/140/271 572/429/271
f 572/429/271 575/143/271 578/146/271
f 626/196/275 621/191/275 624/190/278
f 624/190/278 627/193/278 626/196/275
f 574/141/271 569/426/271 568/425/271
f 568/425/271 571/428/271 574/141/271
f 637/439/282 617/187/275 620/186/278
f 620/186/278 623/189/278 622/192/275
f 570/427/271 565/422/271 564/421/271
f 564/421/271 567/424/271 570/427/271
f 618/188/276 613/183/25 616/182/274
f 616/182/274 619/185/277 618/188/276
f 566/423/272 561/418/270 560/417/269
f 560/417/269 563/420/271 566/423/272
f 675/440/25 602/435/25 526/383/25
f 526/383/25 615/441/25 614/442/25
f 615/441/25 526/383/25 525/382/25
f 525/382/25 638/443/25 615/441/25
f 524/381/25 638/443/25 525/382/25
f 524/381/25 562/444/25 638/443/25
f 562/444/25 524/381/25 550/407/25
f 550/407/25 559/445/25 562/444/25
f 603/436/25 601/446/25 600/447/25
f 600/447/25 527/384/25 603/436/25
f 527/384/25 600/447/25 639/448/25
f 639/448/25 528/385/25 527/384/25
f 547/449/25 528/385/25 639/448/25
f 547/449/25 523/380/25 528/385/25
f 523/380/25 547/449/25 546/450/25
f 546/450/25 549/406/25 523/380/25
f 598/168/25 609/179/25 612/178/25
f 612/178/25 599/165/25 598/168/25
f 548/405/25 557/414/25 556/413/25
f 556/413/25 545/402/25 548/405/25
f 640/451/25 608/175/25 607/174/25
f 607/174/25 611/177/25 610/180/25
f 558/415/25 553/410/25 552/409/25
f 552/409/25 555/412/25 558/415/25
f 605/176/25 593/163/25 596/162/25
f 596/162/25 606/173/25 605/176/25
f 554/411/25 543/400/25 542/399/25
f 542/399/25 551/408/25 554/411/25
f 641/452/25 589/159/25 592/158/25
f 592/158/25 595/433/25 594/432/25
f 544/401/25 539/396/25 538/395/25
f 538/395/25 541/398/25 544/401/25
f 590/160/25 585/155/25 588/154/25
f 588/154/25 591/157/25 590/160/25
f 540/397/25 535/392/25 534/391/25
f 534/391/25 537/394/25 540/397/25
f 642/453/25 581/151/25 584/150/25
f 584/150/25 587/431/25 586/430/25
f 536/393/25 531/388/25 530/387/25
f 530/387/25 533/390/25 536/393/25
f 582/152/25 744/206/25 643/205/25
f 643/205/25 583/149/25 582/152/25
f 532/389/25 644/454/25 645/455/25
f 645/455/25 529/386/25 532/389/25
f 646/456/25 647/457/25 648/458/25
f 648/458/25 649/459/25 646/456/25
f 650/460/25 651/461/25 652/462/25
f 652/462/25 653/463/25 650/460/25
f 654/464/25 655/465/25 656/466/25
f 656/466/25 657/467/25 654/464/25
f 658/468/25 659/469/25 660/470/25
f 660/470/25 661/471/25 658/468/25
f 662/472/25 663/473/25 664/474/25
f 664/474/25 665/475/25 662/472/25
f 666/476/25 667/477/25 668/478/25
f 668/478/25 669/479/25 666/476/25
f 630/480/275 654/464/25 670/481/281
f 655/465/25 671/482/279 672/483/281
f 622/484/275 650/460/25 673/485/282
f 674/486/25 625/487/275 636/488/281
f 614/489/25 646/456/25 675/490/25
f 647/457/25 617/491/275 637/492/282
f 610/493/25 666/476/25 640/494/25
f 667/477/25 598/495/25 597/496/25
f 594/497/25 662/472/25 676/498/25
f 677/499/25 605/500/25 604/501/25
f 586/502/25 658/468/25 678/503/25
f 659/469/25 589/504/25 641/505/25
f 679/506/25 680/507/25 772/508/25
f 681/509/25 581/510/25 642/511/25
f 744/512/25 680/507/25 679/506/25
f 681/509/25 680/507/25 744/512/25
f 681/509/25 744/512/25 582/513/25
f 681/509/25 582/513/25 581/510/25
f 678/514/25 642/453/25 584/150/25
f 586/430/25 678/514/25 584/150/25
f 585/515/25 658/468/25 586/502/25
f 659/469/25 658/468/25 585/515/25
f 659/469/25 585/515/25 590/516/25
f 659/469/25 590/516/25 589/504/25
f 676/517/25 641/452/25 592/158/25
f 594/432/25 676/517/25 592/158/25
f 593/518/25 662/472/25 594/497/25
f 677/499/25 662/472/25 593/518/25
f 677/499/25 593/518/25 605/500/25
f 608/175/25 604/437/25 606/173/25
f 610/180/25 640/451/25 607/174/25
f 609/519/25 666/476/25 610/493/25
f 667/477/25 666/476/25 609/519/25
f 667/477/25 609/519/25 598/495/25
f 601/167/25 597/434/25 599/165/25
f 614/442/25 675/440/25 526/383/25
f 613/520/25 646/456/25 614/489/25
f 647/457/25 646/456/25 613/520/25
f 647/457/25 613/520/25 618/521/276
f 647/457/25 618/521/276 617/491/275
f 673/522/282 637/439/282 620/186/278
f 622/192/275 673/522/282 620/186/278
f 621/523/275 650/460/25 622/484/275
f 674/486/25 650/460/25 621/523/275
f 674/486/25 621/523/275 626/524/275
f 674/486/25 626/524/275 625/487/275
f 670/525/281 636/438/281 628/194/278
f 630/200/275 670/525/281 628/194/278
f 629/526/275 654/464/25 630/480/275
f 655/465/25 654/464/25 629/526/275
f 655/465/25 629/526/275 633/527/275
f 655/465/25 633/527/275 671/482/279
f 682/528/25 683/529/25 684/530/25
f 685/531/25 686/532/25 687/533/25
f 688/9/25 689/10/25 690/11/25
f 690/11/25 691/12/25 688/9/25
f 692/13/25 693/14/25 694/15/25
f 694/15/25 695/16/25 692/13/25
f 696/534/25 697/535/25 683/529/25
f 683/529/25 682/528/25 696/534/25
f 698/21/25 699/22/25 700/23/25
f 700/23/25 701/24/25 698/21/25
f 702/25/25 703/26/25 704/27/25
f 704/27/25 705/28/25 702/25/25
f 703/26/25 706/29/25 707/30/25
f 707/30/25 704/27/25 703/26/25
f 708/31/25 709/32/25 710/33/25
f 710/33/25 711/34/25 708/31/25
f 712/35/25 713/36/25 714/37/25
f 714/37/25 715/38/25 712/35/25
f 716/47/25 717/48/25 718/49/25
f 718/49/25 719/50/25 716/47/25
f 720/51/25 721/52/25 722/53/25
f 722/53/25 723/54/25 720/51/25
f 724/536/25 725/537/25 686/532/25
f 686/532/25 685/531/25 724/536/25
f 726/59/25 727/60/25 728/61/25
f 728/61/25 729/62/25 726/59/25
f 730/63/25 731/64/25 732/65/25
f 732/65/25 733/66/25 730/63/25
f 734/538/25 730/63/25 733/66/25
f 733/66/25 735/68/25 679/67/25
f 736/69/25 737/70/25 738/71/25
f 738/71/25 739/72/25 736/69/25
f 740/73/25 741/74/25 742/75/25
f 742/75/25 743/76/25 740/73/25
f 682/528/25 684/530/25 687/533/25
f 687/533/25 684/530/25 685/531/25
f 706/29/25 645/77/25 644/78/25
f 644/78/25 707/30/25 706/29/25
f 735/68/25 643/79/25 744/80/25
f 744/80/25 679/67/25 735/68/25
f 731/64/25 740/73/25 743/76/25
f 743/76/25 732/65/25 731/64/25
f 705/28/25 714/37/25 713/36/25
f 713/36/25 702/25/25 705/28/25
f 745/539/25 736/69/25 739/72/25
f 739/72/25 742/75/25 741/74/25
f 715/38/25 710/33/25 709/32/25
f 709/32/25 712/35/25 715/38/25
f 737/70/25 726/59/25 729/62/25
f 729/62/25 738/71/25 737/70/25
f 711/34/25 700/23/25 699/22/25
f 699/22/25 708/31/25 711/34/25
f 746/540/25 724/536/25 685/531/25
f 685/531/25 728/541/25 727/542/25
f 728/541/25 685/531/25 684/530/25
f 684/530/25 747/543/25 728/541/25
f 683/529/25 747/543/25 684/530/25
f 683/529/25 701/544/25 747/543/25
f 701/544/25 683/529/25 697/535/25
f 697/535/25 698/545/25 701/544/25
f 748/546/25 720/547/25 723/548/25
f 723/548/25 686/532/25 725/537/25
f 686/532/25 723/548/25 749/549/25
f 749/549/25 687/533/25 686/532/25
f 694/550/25 687/533/25 749/549/25
f 694/550/25 682/528/25 687/533/25
f 682/528/25 694/550/25 693/551/25
f 693/551/25 696/534/25 682/528/25
f 721/52/25 716/47/25 719/50/25
f 719/50/25 722/53/25 721/52/25
f 695/16/25 690/11/25 689/10/25
f 689/10/25 692/13/25 695/16/25
f 750/552/25 751/43/25 843/46/25
f 843/46/25 718/49/25 717/48/25
f 691/12/25 752/7/25 802/6/25
f 802/6/25 688/9/25 691/12/25
f 753/553/25 754/554/25 755/555/25
f 755/555/25 756/556/25 753/553/25
f 757/557/25 758/558/25 759/559/25
f 759/559/25 760/560/25 757/557/25
f 680/561/25 681/562/25 761/563/283
f 761/563/283 762/564/283 680/561/25
f 763/565/25 764/566/25 765/567/25
f 765/567/25 766/568/25 763/565/25
f 741/569/25 757/557/25 767/570/25
f 768/571/25 730/572/25 734/573/25
f 727/574/25 753/553/25 746/575/25
f 754/554/25 736/576/25 745/577/25
f 717/578/25 769/579/25 770/580/25
f 771/581/25 720/582/25 748/583/25
f 770/584/25 750/552/25 843/46/25
f 717/48/25 770/584/25 843/46/25
f 716/585/25 769/579/25 717/578/25
f 771/581/25 769/579/25 716/585/25
f 771/581/25 716/585/25 721/586/25
f 771/581/25 721/586/25 720/582/25
f 725/537/25 748/546/25 723/548/25
f 727/542/25 746/540/25 685/531/25
f 726/587/25 753/553/25 727/574/25
f 737/588/25 753/553/25 726/587/25
f 754/554/25 753/553/25 737/588/25
f 754/554/25 737/588/25 736/576/25
f 767/589/25 745/539/25 739/72/25
f 741/74/25 767/589/25 739/72/25
f 740/590/25 757/557/25 741/569/25
f 731/591/25 757/557/25 740/590/25
f 768/571/25 757/557/25 731/591/25
f 768/571/25 731/591/25 730/572/25
f 772/592/25 734/538/25 733/66/25
f 679/67/25 772/592/25 733/66/25
f 773/402/25 774/403/25 775/404/25
f 775/404/25 776/405/25 773/402/25
f 777/593/25 778/594/25 779/595/25
f 779/595/25 780/596/25 777/593/25
f 781/416/25 782/417/25 783/418/25
f 783/418/25 784/419/25 781/416/25
f 785/420/25 786/421/25 787/422/25
f 787/422/25 788/423/25 785/420/25
f 789/424/25 790/425/25 791/426/25
f 791/426/25 792/427/25 789/424/25
f 793/428/25 794/429/25 795/140/25
f 795/140/25 796/141/25 793/428/25
f 797/1/25 798/2/25 799/3/25
f 799/3/25 800/4/25 797/1/25
f 801/5/25 802/6/25 752/7/25
f 752/7/25 803/8/25 801/5/25
f 804/143/25 805/144/25 806/145/25
f 806/145/25 807/146/25 804/143/25
f 808/148/25 809/84/25 810/83/25
f 810/83/25 811/147/25 808/148/25
f 812/597/25 813/168/25 814/165/25
f 814/165/25 815/166/25 816/167/25
f 817/171/25 818/172/25 819/169/25
f 819/169/25 820/170/25 817/171/25
f 821/183/25 822/184/284 823/181/25
f 823/181/25 824/182/25 821/183/25
f 825/187/25 826/188/25 827/185/25
f 827/185/25 828/186/25 825/187/25
f 829/191/25 830/192/25 831/189/25
f 831/189/25 832/190/25 829/191/25
f 833/195/25 834/196/25 835/193/25
f 835/193/25 836/194/25 833/195/25
f 837/39/25 838/40/25 839/41/25
f 839/41/25 840/42/25 837/39/25
f 751/43/25 841/44/25 842/45/25
f 842/45/25 843/46/25 751/43/25
f 844/199/25 845/200/25 846/197/25
f 846/197/25 847/198/25 844/199/25
f 848/81/25 849/202/25 850/201/25
f 850/201/25 851/82/25 848/81/25
f 841/44/25 837/39/25 840/42/25
f 840/42/25 842/45/25 841/44/25
f 803/8/25 799/3/25 798/2/25
f 798/2/25 801/5/25 803/8/25
f 852/598/25 848/81/25 851/82/25
f 851/82/25 839/41/25 838/40/25
f 800/4/25 810/83/25 809/84/25
f 809/84/25 797/1/25 800/4/25
f 849/202/25 844/199/25 847/198/25
f 847/198/25 850/201/25 849/202/25
f 811/147/25 806/145/25 805/144/25
f 805/144/25 808/148/25 811/147/25
f 853/599/25 833/195/25 836/194/25
f 836/194/25 846/197/25 845/200/25
f 807/146/25 795/140/25 794/429/25
f 794/429/25 804/143/25 807/146/25
f 834/196/25 829/191/25 832/190/25
f 832/190/25 835/193/25 834/196/25
f 796/141/25 791/426/25 790/425/25
f 790/425/25 793/428/25 796/141/25
f 854/600/25 825/187/25 828/186/25
f 828/186/25 831/189/25 830/192/25
f 792/427/25 787/422/25 786/421/25
f 786/421/25 789/424/25 792/427/25
f 826/188/25 821/183/25 824/182/25
f 824/182/25 827/185/25 826/188/25
f 788/423/25 783/418/25 782/417/25
f 782/417/25 785/420/25 788/423/25
f 855/601/25 817/171/25 820/170/25
f 820/170/25 823/181/25 822/184/284
f 784/419/25 779/595/25 778/594/25
f 778/594/25 781/416/25 784/419/25
f 818/172/25 816/167/25 815/166/25
f 815/166/25 819/169/25 818/172/25
f 780/596/25 775/404/25 774/403/25
f 774/403/25 777/593/25 780/596/25
f 813/602/25 1157/603/25 856/604/25
f 856/604/25 814/605/25 813/602/25
f 814/605/25 856/604/25 857/606/25
f 857/606/25 858/607/25 814/605/25
f 909/608/25 858/607/25 857/606/25
f 909/608/25 776/609/25 858/607/25
f 776/609/25 909/608/25 908/610/25
f 908/610/25 773/611/25 776/609/25
f 859/612/25 860/613/25 861/614/25
f 861/614/25 862/615/25 859/612/25
f 863/616/25 864/617/25 865/618/25
f 865/618/25 866/619/25 863/616/25
f 867/620/25 868/621/25 869/622/25
f 869/622/25 870/623/25 867/620/25
f 871/624/25 872/625/25 873/626/25
f 873/626/25 874/627/25 871/624/25
f 875/628/25 876/629/25 877/630/25
f 877/630/25 878/631/25 875/628/25
f 838/632/25 863/633/25 879/634/25
f 880/635/25 751/636/25 750/637/25
f 845/638/25 881/639/25 882/640/25
f 883/641/25 848/642/25 852/643/25
f 830/644/25 875/645/25 884/646/25
f 876/647/25 833/648/25 853/649/25
f 822/650/284 871/651/25 885/652/285
f 886/653/25 825/654/25 854/655/25
f 816/656/25 867/657/25 812/658/25
f 868/659/25 817/660/25 855/661/25
f 818/662/25 867/657/25 816/656/25
f 868/659/25 867/657/25 818/662/25
f 868/659/25 818/662/25 817/660/25
f 816/167/25 812/597/25 814/165/25
f 885/663/285 855/601/25 820/170/25
f 822/184/284 885/663/285 820/170/25
f 821/664/25 871/651/25 822/650/284
f 826/665/25 871/651/25 821/664/25
f 886/653/25 871/651/25 826/665/25
f 886/653/25 826/665/25 825/654/25
f 884/666/25 854/600/25 828/186/25
f 830/192/25 884/666/25 828/186/25
f 829/667/25 875/645/25 830/644/25
f 834/668/25 875/645/25 829/667/25
f 876/647/25 875/645/25 834/668/25
f 876/647/25 834/668/25 833/648/25
f 882/669/25 853/599/25 836/194/25
f 845/200/25 882/669/25 836/194/25
f 844/670/25 881/639/25 845/638/25
f 849/671/25 881/639/25 844/670/25
f 883/641/25 881/639/25 849/671/25
f 883/641/25 849/671/25 848/642/25
f 879/672/25 852/598/25 851/82/25
f 838/40/25 879/672/25 851/82/25
f 880/635/25 841/673/25 751/636/25
f 880/635/25 863/633/25 841/673/25
f 841/673/25 863/633/25 837/674/25
f 837/674/25 863/633/25 838/632/25
f 887/386/25 888/387/25 889/388/25
f 889/388/25 890/389/25 887/386/25
f 891/675/25 892/391/25 893/392/25
f 893/392/25 894/676/25 891/675/25
f 895/394/25 896/395/25 897/396/25
f 897/396/25 898/397/25 895/394/25
f 899/677/25 900/399/25 901/400/25
f 901/400/25 902/678/25 899/677/25
f 903/679/25 904/409/25 905/410/25
f 905/410/25 906/680/25 903/679/25
f 907/412/25 908/413/25 909/414/25
f 909/414/25 910/415/25 907/412/25
f 911/151/25 1151/152/25 912/149/25
f 912/149/25 913/150/25 911/151/25
f 914/155/25 915/156/25 916/153/25
f 916/153/25 917/154/25 914/155/25
f 1162/159/25 918/160/25 919/157/25
f 919/157/25 920/158/25 1162/159/25
f 1154/163/25 921/164/25 922/161/25
f 922/161/25 923/162/25 1154/163/25
f 924/175/25 925/176/25 926/173/25
f 926/173/25 927/174/25 924/175/25
f 1157/179/25 1156/180/25 928/177/25
f 928/177/25 856/178/25 1157/179/25
f 1156/180/25 924/175/25 927/174/25
f 927/174/25 928/177/25 1156/180/25
f 910/415/25 905/410/25 904/409/25
f 904/409/25 907/412/25 910/415/25
f 925/176/25 1154/163/25 923/162/25
f 923/162/25 926/173/25 925/176/25
f 906/680/25 901/400/25 900/399/25
f 900/399/25 903/679/25 906/680/25
f 921/164/25 1162/159/25 920/158/25
f 920/158/25 922/161/25 921/164/25
f 902/678/25 897/396/25 896/395/25
f 896/395/25 899/677/25 902/678/25
f 918/160/25 914/155/25 917/154/25
f 917/154/25 919/157/25 918/160/25
f 898/397/25 893/392/25 892/391/25
f 892/391/25 895/394/25 898/397/25
f 915/156/25 911/151/25 913/150/25
f 913/150/25 916/153/25 915/156/25
f 894/676/25 889/388/25 888/387/25
f 888/387/25 891/675/25 894/676/25
f 1151/152/25 1161/681/25 929/682/25
f 930/683/25 931/684/25 929/685/25
f 932/686/25 933/687/25 934/688/25
f 935/689/25 936/690/25 937/691/25
f 890/389/25 936/692/25 938/693/25
f 939/694/25 940/695/25 938/696/25
f 929/685/25 1161/697/25 930/683/25
f 1161/697/25 1160/698/25 930/683/25
f 929/682/25 931/699/25 1151/152/25
f 931/699/25 912/149/25 1151/152/25
f 934/688/25 931/684/25 932/686/25
f 931/684/25 930/683/25 932/686/25
f 935/689/25 937/691/25 933/687/25
f 935/689/25 933/687/25 932/686/25
f 938/696/25 936/690/25 939/694/25
f 936/690/25 935/689/25 939/694/25
f 938/693/25 940/700/25 890/389/25
f 940/700/25 887/386/25 890/389/25
f 1162/701/25 941/702/25 1153/703/25
f 1162/701/25 1153/703/25 918/704/25
f 918/704/25 1153/703/25 942/705/25
f 918/704/25 942/705/25 914/706/25
f 914/706/25 942/705/25 943/707/286
f 914/706/25 943/707/286 915/708/25
f 944/1/25 945/2/25 946/3/25
f 946/3/25 947/4/287 944/1/25
f 948/5/25 949/6/25 950/7/25
f 950/7/25 951/8/25 948/5/25
f 952/9/25 953/10/25 954/11/25
f 954/11/25 955/12/25 952/9/25
f 956/13/25 957/14/25 958/15/25
f 958/15/25 959/16/25 956/13/25
f 960/17/25 961/18/25 962/19/25
f 962/19/25 963/20/25 960/17/25
f 964/21/25 965/22/25 966/23/25
f 966/23/25 967/24/25 964/21/25
f 968/25/25 969/26/25 970/27/25
f 970/27/25 971/28/25 968/25/25
f 969/26/25 972/29/25 973/30/25
f 973/30/25 970/27/25 969/26/25
f 974/31/25 975/32/25 976/33/25
f 976/33/25 977/34/25 974/31/25
f 975/32/25 978/35/25 979/38/25
f 979/38/25 976/33/25 975/32/25
f 980/39/25 981/40/288 982/41/289
f 982/41/289 983/42/25 980/39/25
f 984/709/25 985/44/25 986/45/25
f 986/45/25 987/46/25 988/43/25
f 989/47/25 990/48/25 991/49/25
f 991/49/25 992/50/25 989/47/25
f 993/710/25 994/52/25 995/53/25
f 995/53/25 996/54/25 997/51/25
f 998/55/25 999/56/25 1000/57/25
f 1000/57/25 1001/58/25 998/55/25
f 1002/711/25 1003/60/25 1004/61/25
f 1004/61/25 1005/62/25 1006/59/25
f 1007/63/25 1008/64/25 1009/65/25
f 1009/65/25 1010/66/25 1007/63/25
f 1011/67/25 1007/63/25 1010/66/25
f 1010/66/25 1012/68/25 1011/67/25
f 1013/69/25 1014/70/25 1015/71/25
f 1015/71/25 1016/72/25 1013/69/25
f 1017/74/25 1013/69/25 1016/72/25
f 1016/72/25 1018/75/25 1017/74/25
f 972/29/25 1019/712/25 1020/713/25
f 517/714/20 1021/715/25 1020/716/25
f 1022/717/25 1023/718/25 1024/719/25
f 518/720/266 1025/721/25 1026/722/25
f 1012/68/25 1025/723/25 1027/724/25
f 519/725/25 1028/726/25 1027/727/25
f 1008/64/25 1029/73/25 1030/76/25
f 1030/76/25 1009/65/25 1008/64/25
f 971/28/25 1031/37/25 1032/36/25
f 1032/36/25 968/25/25 971/28/25
f 978/35/25 1032/36/25 1031/37/25
f 1031/37/25 979/38/25 978/35/25
f 1018/75/25 1030/76/25 1029/73/25
f 1029/73/25 1017/74/25 1018/75/25
f 1014/70/25 1033/728/25 1034/729/25
f 1005/730/25 1035/731/25 1034/732/25
f 1036/733/25 1037/734/25 1038/735/25
f 966/736/25 1039/737/25 1040/738/25
f 977/34/25 1039/739/25 1041/740/25
f 965/741/25 1042/742/25 1041/743/25
f 1003/60/25 998/55/25 1001/58/25
f 1001/58/25 1004/61/25 1003/60/25
f 967/24/25 962/19/25 961/18/25
f 961/18/25 964/21/25 967/24/25
f 1043/744/25 997/51/25 996/54/25
f 996/54/25 1000/57/25 999/56/25
f 963/20/25 958/15/25 957/14/25
f 957/14/25 960/17/25 963/20/25
f 994/52/25 989/47/25 992/50/25
f 992/50/25 995/53/25 994/52/25
f 959/16/25 954/11/25 953/10/25
f 953/10/25 956/13/25 959/16/25
f 1044/745/25 988/43/25 987/46/25
f 987/46/25 991/49/25 990/48/25
f 955/12/25 950/7/25 949/6/25
f 949/6/25 952/9/25 955/12/25
f 985/44/25 980/39/25 983/42/25
f 983/42/25 986/45/25 985/44/25
f 951/8/25 946/3/25 945/2/25
f 945/2/25 948/5/25 951/8/25
f 672/746/281 671/81/279 635/82/280
f 635/82/280 982/41/289 981/40/288
f 947/4/287 1045/83/271 1046/84/273
f 1046/84/273 944/1/25 947/4/287
f 1047/747/25 1060/748/25 1048/749/283
f 1048/749/283 1049/750/25 1047/747/25
f 1050/751/25 1051/752/25 1052/753/25
f 1052/753/25 1053/754/25 1050/751/25
f 1056/755/25 1057/756/25 1054/757/283
f 1054/757/283 1055/758/283 1056/755/25
f 999/759/25 1056/760/25 1043/761/25
f 1057/762/25 1003/763/25 1002/764/25
f 990/765/25 1050/766/25 1044/767/25
f 1058/768/25 994/769/25 993/770/25
f 981/771/288 1047/747/25 1059/772/281
f 1060/773/25 985/774/25 984/775/25
f 1020/716/25 1019/776/25 517/714/20
f 1019/776/25 516/777/265 517/714/20
f 1020/713/25 1021/778/25 972/29/25
f 1021/778/25 973/30/25 972/29/25
f 1022/717/25 1021/715/25 1023/718/25
f 1021/715/25 517/714/20 1023/718/25
f 1026/722/25 1024/719/25 518/720/266
f 1024/719/25 1023/718/25 518/720/266
f 1027/727/25 1025/721/25 519/725/25
f 1025/721/25 518/720/266 519/725/25
f 1027/724/25 1028/779/25 1012/68/25
f 1028/779/25 1011/67/25 1012/68/25
f 1034/732/25 1033/780/25 1005/730/25
f 1033/780/25 1006/781/25 1005/730/25
f 1034/729/25 1035/782/25 1014/70/25
f 1035/782/25 1015/71/25 1014/70/25
f 1038/735/25 1035/731/25 1036/733/25
f 1035/731/25 1005/730/25 1036/733/25
f 966/736/25 1040/738/25 1037/734/25
f 966/736/25 1037/734/25 1036/733/25
f 1041/743/25 1039/737/25 965/741/25
f 1039/737/25 966/736/25 965/741/25
f 1041/740/25 1042/783/25 977/34/25
f 1042/783/25 974/31/25 977/34/25
f 1059/784/281 672/746/281 635/82/280
f 981/40/288 1059/784/281 635/82/280
f 980/785/25 1047/747/25 981/771/288
f 1060/773/25 1047/747/25 980/785/25
f 1060/773/25 980/785/25 985/774/25
f 988/43/25 984/709/25 986/45/25
f 990/48/25 1044/745/25 987/46/25
f 989/786/25 1050/766/25 990/765/25
f 1058/768/25 1050/766/25 989/786/25
f 1058/768/25 989/786/25 994/769/25
f 997/51/25 993/710/25 995/53/25
f 999/56/25 1043/744/25 996/54/25
f 998/787/25 1056/760/25 999/759/25
f 1057/762/25 1056/760/25 998/787/25
f 1057/762/25 998/787/25 1003/763/25
f 1006/59/25 1002/711/25 1004/61/25
f 1061/788/25 1062/789/25 1063/790/25
f 1064/791/25 1061/788/25 1063/790/25
f 1064/791/25 1063/790/25 1065/792/25
f 1065/792/25 1063/790/25 1066/793/25
f 1067/794/25 1065/792/25 1066/793/25
f 1067/794/25 1066/793/25 1068/795/25
f 1068/795/25 1066/793/25 1069/796/25
f 1070/797/25 1068/795/25 1069/796/25
f 1070/797/25 1069/796/25 1071/798/25
f 1072/799/25 1073/800/25 1074/801/25
f 1072/799/25 1074/801/25 1071/798/25
f 1072/799/25 1071/798/25 1069/796/25
f 1075/802/290 1076/803/290 1077/804/290
f 1077/804/290 1078/805/290 1075/802/290
f 1079/806/290 1080/807/290 1081/808/290
f 1081/808/290 1082/809/290 1079/806/290
f 1076/803/290 1075/802/290 1083/810/290
f 1083/810/290 1084/811/290 1076/803/290
f 1080/807/290 1079/806/290 1084/811/290
f 1084/811/290 1083/810/290 1080/807/290
f 1085/812/25 1086/813/25 1087/814/25
f 1087/814/25 1088/815/25 1085/812/25
f 1089/816/285 1090/817/285 1091/818/285
f 1089/816/285 1091/818/285 1092/819/285
f 1093/820/291 1094/821/292 1095/822/293
f 1095/822/293 1096/823/294 1093/820/291
f 1097/824/162 1098/825/295 1099/299/162
f 291/296/160 1099/299/162 1098/825/295
f 1100/826/25 1101/827/25 1097/824/162
f 1098/825/295 1097/824/162 1101/827/25
f 1098/825/295 294/296/163 291/296/160
f 294/296/163 1098/825/295 1101/825/25
f 1102/828/25 1103/829/25 1104/830/25
f 1103/829/25 1102/828/25 1105/831/25
f 1102/828/25 1106/832/25 1105/831/25
f 1107/833/25 1108/834/25 1103/829/25
f 1103/829/25 1105/831/25 1107/833/25
f 1109/835/25 1110/836/25 1111/837/25
f 1111/837/25 1112/838/25 1109/835/25
f 1113/839/25 1114/836/25 1115/840/25
f 1115/840/25 1116/841/25 1113/839/25
f 1117/842/25 1118/843/25 1119/837/25
f 1119/837/25 1120/838/25 1117/842/25
f 1121/844/25 1122/845/25 1123/846/25
f 1123/846/25 1124/847/25 1121/844/25
f 1125/848/25 1126/845/25 1127/849/25
f 1127/849/25 1128/850/25 1125/848/25
f 1129/844/25 1130/845/25 1131/846/25
f 1131/846/25 1132/847/25 1129/844/25
f 1013/851/25 1133/852/25 1134/853/25
f 1134/853/25 1135/854/25 1013/851/25
f 1136/855/25 1137/856/25 1134/853/25
f 1134/853/25 1133/852/25 1136/855/25
f 519/857/25 1138/858/25 1133/859/25
f 1133/859/25 1013/542/25 519/857/25
f 1139/860/25 1140/861/25 1141/862/25
f 1139/860/25 1141/862/25 1142/854/25
f 1143/855/25 1144/856/25 1141/862/25
f 1141/862/25 1140/861/25 1143/855/25
f 1145/860/25 1146/861/25 1147/862/25
f 1145/860/25 1147/862/25 1148/863/25
f 1149/855/25 1150/856/25 1147/862/25
f 1147/862/25 1146/861/25 1149/855/25
f 1151/864/25 911/865/25 1152/866/296
f 943/867/286 942/868/25 1152/866/296
f 1153/869/25 941/870/25 1152/866/296
f 921/871/25 1154/872/25 1155/873/296
f 925/874/25 924/875/25 1155/873/296
f 1156/876/25 1157/877/25 1155/873/296
f 1158/863/296 1155/873/296 1157/877/25
f 1157/877/25 813/878/25 1158/863/296
f 924/875/25 1156/876/25 1155/873/296
f 1154/872/25 925/874/25 1155/873/296
f 1155/879/296 1152/866/296 941/870/25
f 941/870/25 921/880/25 1155/879/296
f 942/868/25 1153/869/25 1152/866/296
f 911/865/25 943/867/286 1152/866/296
f 1152/866/296 1159/881/296 1160/882/25
f 1160/882/25 1161/883/25 1152/866/296
f 1161/883/25 1151/864/25 1152/866/296
f 941/870/25 1162/884/25 921/880/25
f 911/865/25 915/885/25 943/867/286
f 1163/886/25 1164/887/297 1165/888/297
f 1165/888/297 1166/889/298 1163/886/25
f 1167/890/299 1163/886/25 1166/889/298
f 1166/889/298 1168/891/299 1167/890/299
f 1169/892/300 1170/893/301 1171/894/302
f 1171/894/302 1172/895/303 1169/892/300
f 1173/896/304 1174/897/305 1175/898/306
f 1175/898/306 1171/894/302 1170/893/301
f 1176/899/307 1177/900/308 1178/901/309
f 1178/901/309 1175/898/306 1174/897/305
f 1177/900/308 1179/902/310 1180/903/311
f 1180/903/311 1178/901/309 1177/900/308
f 1170/893/301 1181/904/312 1175/898/306
f 1181/904/312 1182/905/313 1175/898/306
f 1182/905/313 1183/906/314 1175/898/306
f 1183/906/314 1173/896/304 1175/898/306
f 1174/897/305 1184/907/315 1178/901/309
f 1184/907/315 1185/908/316 1178/901/309
f 1185/908/316 1186/909/317 1178/901/309
f 1186/909/317 1176/899/307 1178/901/309
