# Blender 4.4.3
# www.blender.org
mtllib TVAN.mtl
o TVAN
v 156.031021 -1.321258 -24.609873
v 156.009399 -1.035301 -24.587536
v 156.023300 -0.775881 -24.569948
v 156.076981 -0.394839 -24.544117
v 156.198868 0.134263 -24.508245
v 157.012238 0.134263 -24.524103
v 157.012238 -1.320020 -24.626511
v 156.270111 0.235548 -24.439074
v 157.012238 0.240958 -24.454283
v 157.825607 0.134263 -24.508245
v 157.947495 -0.394839 -24.544117
v 158.001175 -0.775881 -24.569948
v 158.015076 -1.035301 -24.587536
v 157.993454 -1.321258 -24.609873
v 157.754364 0.235548 -24.439074
v 157.012238 -0.405038 -20.963072
v 156.131485 -0.429709 -20.983725
v 156.165817 -0.775881 -20.468954
v 157.012238 -0.775881 -20.427649
v 156.175446 -1.093862 -20.386341
v 157.012238 -1.093862 -20.345036
v 156.175446 -1.341959 -20.418541
v 157.012238 -1.341959 -20.377258
v 157.858658 -0.775881 -20.468954
v 157.892990 -0.429709 -20.983725
v 157.849030 -1.093862 -20.386341
v 157.849030 -1.341959 -20.418541
v 157.012238 0.133935 -21.515806
v 156.229706 0.134263 -21.524080
v 157.794769 0.134263 -21.524080
v 156.049545 -0.775881 -21.227695
v 156.114700 -0.479050 -21.191109
v 156.019012 -0.775881 -22.258472
v 156.115616 -0.479050 -21.160002
v 156.089813 -0.411948 -22.258472
v 156.209213 0.134263 -22.258472
v 156.130341 -0.399797 -21.191109
v 156.131439 -0.399797 -21.160002
v 156.007874 -0.962025 -23.781752
v 156.009338 -1.040669 -24.036993
v 156.273346 0.213864 -22.258472
v 156.283234 0.180613 -21.635916
v 156.094986 -0.775881 -20.606642
v 156.030914 -1.364802 -24.157547
v 156.011703 -1.158377 -24.125341
v 156.011810 -1.180061 -23.441166
v 156.031326 -1.381195 -23.427732
v 156.033081 -1.402968 -22.258472
v 156.008026 -1.039551 -23.553894
v 156.005127 -1.051996 -22.258472
v 156.035355 -1.413854 -21.413212
v 156.037048 -1.413854 -21.373331
v 156.016846 -1.188502 -21.356028
v 156.015411 -1.013959 -21.238323
v 156.004669 -1.051996 -21.424099
v 156.064102 -1.174637 -20.683521
v 156.071243 -1.341959 -20.671768
v 156.076660 -1.341959 -20.557234
v 156.061798 -1.093862 -20.559570
v 156.046295 -1.024157 -20.800039
v 156.047455 -0.951076 -21.028437
v 157.909775 -0.479050 -21.191109
v 157.974930 -0.775881 -21.227695
v 158.005463 -0.775881 -22.258472
v 157.908859 -0.479050 -21.160002
v 157.934662 -0.411948 -22.258472
v 157.815262 0.134263 -22.258472
v 157.894135 -0.399797 -21.191109
v 157.893036 -0.399797 -21.160002
v 158.016602 -0.962025 -23.781752
v 158.015137 -1.040669 -24.036993
v 157.751129 0.213864 -22.258472
v 157.741241 0.180613 -21.635916
v 157.929489 -0.775881 -20.606642
v 158.012772 -1.158377 -24.125341
v 157.993561 -1.364802 -24.157547
v 157.991394 -1.402968 -22.258472
v 157.993149 -1.381195 -23.427732
v 158.012665 -1.180061 -23.441166
v 158.016449 -1.039551 -23.553894
v 158.019348 -1.051996 -22.258472
v 158.007629 -1.188502 -21.356028
v 157.987427 -1.413854 -21.373331
v 157.989120 -1.413854 -21.413212
v 158.019806 -1.051996 -21.424099
v 158.009064 -1.013959 -21.238323
v 157.947815 -1.341959 -20.557234
v 157.953232 -1.341959 -20.671768
v 157.960373 -1.174637 -20.683521
v 157.978180 -1.024157 -20.800039
v 157.962677 -1.093862 -20.559570
v 157.977020 -0.951076 -21.028437
v 157.012238 0.184732 -21.635916
v 157.012238 0.219036 -22.258472
v 156.513794 -1.180061 -23.441166
v 156.513794 -1.039551 -23.553894
v 156.513794 -0.962025 -23.781752
v 156.513794 -1.040669 -24.036993
v 156.513794 -1.158377 -24.125341
v 156.513794 -1.364802 -24.157547
v 156.513794 -1.381195 -23.427732
v 156.513794 -1.174637 -20.683521
v 156.513794 -1.024157 -20.800039
v 156.513794 -0.951076 -21.028437
v 156.513794 -1.013959 -21.238323
v 156.513794 -1.188502 -21.356028
v 156.513794 -1.413854 -21.373331
v 156.513794 -1.341959 -20.671768
v 156.513794 -1.402968 -22.258472
v 156.513794 -1.413854 -21.413212
v 157.510681 -1.413854 -21.373331
v 157.510681 -1.341959 -20.671768
v 157.510681 -1.364802 -24.157547
v 157.510681 -1.381195 -23.427732
v 157.510681 -1.158377 -24.125341
v 157.510681 -1.040669 -24.036993
v 157.510681 -0.962025 -23.781752
v 157.510681 -1.039551 -23.553894
v 157.510681 -1.180061 -23.441166
v 157.510681 -1.188502 -21.356028
v 157.510681 -1.013959 -21.238323
v 157.510681 -0.951076 -21.028437
v 157.510681 -1.024157 -20.800039
v 157.510681 -1.174637 -20.683521
v 157.510681 -1.402968 -22.258472
v 157.510681 -1.413854 -21.413212
v 157.969620 -0.479050 -21.160002
v 157.974243 -0.485266 -21.149633
v 157.974243 -0.290023 -21.149633
v 157.969620 -0.399797 -21.160002
v 157.951126 -0.495561 -21.201477
v 157.955750 -0.479050 -21.191109
v 157.955750 -0.399797 -21.191109
v 157.951126 -0.277988 -21.201477
v 157.984146 -0.254873 -21.201477
v 157.990387 -0.278727 -21.149633
v 158.037964 -0.283485 -21.149633
v 158.050201 -0.261477 -21.201477
v 157.984146 -0.525281 -21.201477
v 157.993027 -0.502166 -21.149633
v 158.050201 -0.525281 -21.201477
v 158.041321 -0.502166 -21.149633
v 158.083221 -0.495561 -21.201477
v 158.060104 -0.485266 -21.149633
v 158.083221 -0.304406 -21.201477
v 158.060104 -0.312268 -21.149633
v 156.073349 -0.277988 -21.201477
v 156.073349 -0.495561 -21.201477
v 156.040329 -0.525281 -21.201477
v 155.974274 -0.525281 -21.201477
v 155.941254 -0.495561 -21.201477
v 155.941254 -0.304406 -21.201477
v 155.974274 -0.261477 -21.201477
v 156.040329 -0.254873 -21.201477
v 156.050232 -0.290023 -21.149633
v 156.050232 -0.485266 -21.149633
v 156.054855 -0.479050 -21.160002
v 156.054855 -0.399797 -21.160002
v 156.068726 -0.399797 -21.191109
v 156.068726 -0.479050 -21.191109
v 155.986511 -0.283485 -21.149633
v 156.034088 -0.278727 -21.149633
v 156.031448 -0.502166 -21.149633
v 155.983154 -0.502166 -21.149633
v 155.964371 -0.485266 -21.149633
v 155.964371 -0.312268 -21.149633
v 157.993835 -1.073063 -20.831911
v 157.993835 -1.011436 -21.021580
v 157.712906 -1.011436 -21.021580
v 157.712906 -1.073063 -20.831911
v 157.993835 -1.073063 -21.211250
v 157.712906 -1.073063 -21.211250
v 157.993835 -1.234406 -21.328472
v 157.712906 -1.234406 -21.328472
v 157.993835 -1.433836 -21.328472
v 157.712906 -1.433836 -21.328472
v 157.993835 -1.595178 -21.211250
v 157.712906 -1.595178 -21.211250
v 157.993835 -1.656805 -21.021580
v 157.712906 -1.656805 -21.021580
v 157.993835 -1.595178 -20.831911
v 157.712906 -1.595178 -20.831911
v 157.993835 -1.433836 -20.714689
v 157.712906 -1.433836 -20.714689
v 157.993835 -1.234406 -20.714689
v 157.712906 -1.234406 -20.714689
v 156.311569 -1.011436 -21.021580
v 156.030640 -1.011436 -21.021580
v 156.030640 -1.073063 -20.831911
v 156.311569 -1.073063 -20.831911
v 156.311569 -1.073063 -21.211250
v 156.030640 -1.073063 -21.211250
v 156.311569 -1.234406 -21.328472
v 156.030640 -1.234406 -21.328472
v 156.311569 -1.433836 -21.328472
v 156.030640 -1.433836 -21.328472
v 156.311569 -1.595178 -21.211250
v 156.030640 -1.595178 -21.211250
v 156.311569 -1.656805 -21.021580
v 156.030640 -1.656805 -21.021580
v 156.311569 -1.595178 -20.831911
v 156.030640 -1.595178 -20.831911
v 156.311569 -1.433836 -20.714689
v 156.030640 -1.433836 -20.714689
v 156.311569 -1.234406 -20.714689
v 156.030640 -1.234406 -20.714689
v 156.311569 -1.011436 -23.787970
v 156.030640 -1.011436 -23.787970
v 156.030640 -1.073063 -23.598301
v 156.311569 -1.073063 -23.598301
v 156.311569 -1.073063 -23.977638
v 156.030640 -1.073063 -23.977638
v 156.311569 -1.234406 -24.094862
v 156.030640 -1.234406 -24.094862
v 156.311569 -1.433836 -24.094862
v 156.030640 -1.433836 -24.094862
v 156.311569 -1.595178 -23.977638
v 156.030640 -1.595178 -23.977638
v 156.311569 -1.656805 -23.787970
v 156.030640 -1.656805 -23.787970
v 156.311569 -1.595178 -23.598301
v 156.030640 -1.595178 -23.598301
v 156.311569 -1.433836 -23.481079
v 156.030640 -1.433836 -23.481079
v 156.311569 -1.234406 -23.481079
v 156.030640 -1.234406 -23.481079
v 157.993835 -1.073063 -23.598301
v 157.993835 -1.011436 -23.787970
v 157.712906 -1.011436 -23.787970
v 157.712906 -1.073063 -23.598301
v 157.993835 -1.073063 -23.977638
v 157.712906 -1.073063 -23.977638
v 157.993835 -1.234406 -24.094862
v 157.712906 -1.234406 -24.094862
v 157.993835 -1.433836 -24.094862
v 157.712906 -1.433836 -24.094862
v 157.993835 -1.595178 -23.977638
v 157.712906 -1.595178 -23.977638
v 157.993835 -1.656805 -23.787970
v 157.712906 -1.656805 -23.787970
v 157.993835 -1.595178 -23.598301
v 157.712906 -1.595178 -23.598301
v 157.993835 -1.433836 -23.481079
v 157.712906 -1.433836 -23.481079
v 157.993835 -1.234406 -23.481079
v 157.712906 -1.234406 -23.481079
v -44.939072 -1.321258 -24.864521
v -44.960697 -1.035301 -24.842184
v -44.946800 -0.775881 -24.824596
v -44.893112 -0.394839 -24.798763
v -44.771233 0.134263 -24.762894
v -43.957859 0.134263 -24.778751
v -43.957859 -1.320020 -24.881159
v -44.699978 0.235548 -24.693722
v -43.957859 0.240958 -24.708931
v -43.144485 0.134263 -24.762894
v -43.022606 -0.394839 -24.798763
v -42.968918 -0.775881 -24.824596
v -42.955021 -1.035301 -24.842184
v -42.976646 -1.321258 -24.864521
v -43.215740 0.235548 -24.693722
v -43.957859 -0.405038 -21.217720
v -44.838608 -0.429709 -21.238373
v -44.804279 -0.775881 -20.723602
v -43.957859 -0.775881 -20.682297
v -44.794655 -1.093862 -20.640989
v -43.957859 -1.093862 -20.599684
v -44.794655 -1.341959 -20.673187
v -43.957859 -1.341959 -20.631907
v -43.111439 -0.775881 -20.723602
v -43.077110 -0.429709 -21.238373
v -43.121063 -1.093862 -20.640989
v -43.121063 -1.341959 -20.673187
v -43.957859 0.133935 -21.770454
v -44.740391 0.134263 -21.778728
v -43.175327 0.134263 -21.778728
v -44.920551 -0.775881 -21.482344
v -44.855400 -0.479050 -21.445757
v -44.951077 -0.775881 -22.513121
v -44.854477 -0.479050 -21.414650
v -44.880287 -0.411948 -22.513121
v -44.760876 0.134263 -22.513121
v -44.839760 -0.399797 -21.445757
v -44.838654 -0.399797 -21.414650
v -44.962219 -0.962025 -24.036400
v -44.960751 -1.040669 -24.291641
v -44.696743 0.213864 -22.513121
v -44.686867 0.180613 -21.890564
v -44.875107 -0.775881 -20.861290
v -44.939190 -1.364802 -24.412195
v -44.958385 -1.158377 -24.379990
v -44.958282 -1.180061 -23.695814
v -44.938774 -1.381195 -23.682381
v -44.937019 -1.402968 -22.513121
v -44.962067 -1.039551 -23.808542
v -44.964973 -1.051996 -22.513121
v -44.934750 -1.413854 -21.667862
v -44.933052 -1.413854 -21.627979
v -44.953247 -1.188502 -21.610676
v -44.954681 -1.013959 -21.492971
v -44.965427 -1.051996 -21.678747
v -44.906002 -1.174637 -20.938169
v -44.898861 -1.341959 -20.926416
v -44.893444 -1.341959 -20.811882
v -44.908291 -1.093862 -20.814219
v -44.923801 -1.024157 -21.054688
v -44.922638 -0.951076 -21.283085
v -43.060318 -0.479050 -21.445757
v -42.995167 -0.775881 -21.482344
v -42.964642 -0.775881 -22.513121
v -43.061241 -0.479050 -21.414650
v -43.035431 -0.411948 -22.513121
v -43.154842 0.134263 -22.513121
v -43.075958 -0.399797 -21.445757
v -43.077065 -0.399797 -21.414650
v -42.953499 -0.962025 -24.036400
v -42.954967 -1.040669 -24.291641
v -43.218975 0.213864 -22.513121
v -43.228851 0.180613 -21.890564
v -43.040611 -0.775881 -20.861290
v -42.957333 -1.158377 -24.379990
v -42.976528 -1.364802 -24.412195
v -42.978699 -1.402968 -22.513121
v -42.976944 -1.381195 -23.682381
v -42.957436 -1.180061 -23.695814
v -42.953651 -1.039551 -23.808542
v -42.950745 -1.051996 -22.513121
v -42.962471 -1.188502 -21.610676
v -42.982666 -1.413854 -21.627979
v -42.980968 -1.413854 -21.667862
v -42.950291 -1.051996 -21.678747
v -42.961037 -1.013959 -21.492971
v -43.022274 -1.341959 -20.811882
v -43.016857 -1.341959 -20.926416
v -43.009716 -1.174637 -20.938169
v -42.991917 -1.024157 -21.054688
v -43.007427 -1.093862 -20.814219
v -42.993080 -0.951076 -21.283085
v -43.957859 0.184732 -21.890564
v -43.957859 0.219036 -22.513121
v -44.456306 -1.180061 -23.695814
v -44.456306 -1.039551 -23.808542
v -44.456306 -0.962025 -24.036400
v -44.456306 -1.040669 -24.291641
v -44.456306 -1.158377 -24.379990
v -44.456306 -1.364802 -24.412195
v -44.456306 -1.381195 -23.682381
v -44.456306 -1.174637 -20.938169
v -44.456306 -1.024157 -21.054688
v -44.456306 -0.951076 -21.283085
v -44.456306 -1.013959 -21.492971
v -44.456306 -1.188502 -21.610676
v -44.456306 -1.413854 -21.627979
v -44.456306 -1.341959 -20.926416
v -44.456306 -1.402968 -22.513121
v -44.456306 -1.413854 -21.667862
v -43.459412 -1.413854 -21.627979
v -43.459412 -1.341959 -20.926416
v -43.459412 -1.364802 -24.412195
v -43.459412 -1.381195 -23.682381
v -43.459412 -1.158377 -24.379990
v -43.459412 -1.040669 -24.291641
v -43.459412 -0.962025 -24.036400
v -43.459412 -1.039551 -23.808542
v -43.459412 -1.180061 -23.695814
v -43.459412 -1.188502 -21.610676
v -43.459412 -1.013959 -21.492971
v -43.459412 -0.951076 -21.283085
v -43.459412 -1.024157 -21.054688
v -43.459412 -1.174637 -20.938169
v -43.459412 -1.402968 -22.513121
v -43.459412 -1.413854 -21.667862
v -43.000477 -0.479050 -21.414650
v -42.995853 -0.485266 -21.404282
v -42.995853 -0.290023 -21.404282
v -43.000477 -0.399797 -21.414650
v -43.018970 -0.495561 -21.456125
v -43.014347 -0.479050 -21.445757
v -43.014347 -0.399797 -21.445757
v -43.018970 -0.277988 -21.456125
v -42.985947 -0.254873 -21.456125
v -42.979713 -0.278727 -21.404282
v -42.932137 -0.283485 -21.404282
v -42.919903 -0.261477 -21.456125
v -42.985947 -0.525281 -21.456125
v -42.977077 -0.502166 -21.404282
v -42.919903 -0.525281 -21.456125
v -42.928772 -0.502166 -21.404282
v -42.886879 -0.495561 -21.456125
v -42.909996 -0.485266 -21.404282
v -42.886879 -0.304406 -21.456125
v -42.909996 -0.312268 -21.404282
v -44.896748 -0.277988 -21.456125
v -44.896748 -0.495561 -21.456125
v -44.929771 -0.525281 -21.456125
v -44.995815 -0.525281 -21.456125
v -45.028839 -0.495561 -21.456125
v -45.028839 -0.304406 -21.456125
v -44.995815 -0.261477 -21.456125
v -44.929771 -0.254873 -21.456125
v -44.919865 -0.290023 -21.404282
v -44.919865 -0.485266 -21.404282
v -44.915241 -0.479050 -21.414650
v -44.915241 -0.399797 -21.414650
v -44.901371 -0.399797 -21.445757
v -44.901371 -0.479050 -21.445757
v -44.983582 -0.283485 -21.404282
v -44.936005 -0.278727 -21.404282
v -44.938641 -0.502166 -21.404282
v -44.986946 -0.502166 -21.404282
v -45.005722 -0.485266 -21.404282
v -45.005722 -0.312268 -21.404282
v -42.976261 -1.073063 -21.086559
v -42.976261 -1.011436 -21.276228
v -43.257191 -1.011436 -21.276228
v -43.257191 -1.073063 -21.086559
v -42.976261 -1.073063 -21.465899
v -43.257191 -1.073063 -21.465899
v -42.976261 -1.234406 -21.583120
v -43.257191 -1.234406 -21.583120
v -42.976261 -1.433836 -21.583120
v -43.257191 -1.433836 -21.583120
v -42.976261 -1.595178 -21.465899
v -43.257191 -1.595178 -21.465899
v -42.976261 -1.656805 -21.276228
v -43.257191 -1.656805 -21.276228
v -42.976261 -1.595178 -21.086559
v -43.257191 -1.595178 -21.086559
v -42.976261 -1.433836 -20.969337
v -43.257191 -1.433836 -20.969337
v -42.976261 -1.234406 -20.969337
v -43.257191 -1.234406 -20.969337
v -44.658527 -1.011436 -21.276228
v -44.939457 -1.011436 -21.276228
v -44.939457 -1.073063 -21.086559
v -44.658527 -1.073063 -21.086559
v -44.658527 -1.073063 -21.465899
v -44.939457 -1.073063 -21.465899
v -44.658527 -1.234406 -21.583120
v -44.939457 -1.234406 -21.583120
v -44.658527 -1.433836 -21.583120
v -44.939457 -1.433836 -21.583120
v -44.658527 -1.595178 -21.465899
v -44.939457 -1.595178 -21.465899
v -44.658527 -1.656805 -21.276228
v -44.939457 -1.656805 -21.276228
v -44.658527 -1.595178 -21.086559
v -44.939457 -1.595178 -21.086559
v -44.658527 -1.433836 -20.969337
v -44.939457 -1.433836 -20.969337
v -44.658527 -1.234406 -20.969337
v -44.939457 -1.234406 -20.969337
v -44.658527 -1.011436 -24.042618
v -44.939457 -1.011436 -24.042618
v -44.939457 -1.073063 -23.852949
v -44.658527 -1.073063 -23.852949
v -44.658527 -1.073063 -24.232286
v -44.939457 -1.073063 -24.232286
v -44.658527 -1.234406 -24.349510
v -44.939457 -1.234406 -24.349510
v -44.658527 -1.433836 -24.349510
v -44.939457 -1.433836 -24.349510
v -44.658527 -1.595178 -24.232286
v -44.939457 -1.595178 -24.232286
v -44.658527 -1.656805 -24.042618
v -44.939457 -1.656805 -24.042618
v -44.658527 -1.595178 -23.852949
v -44.939457 -1.595178 -23.852949
v -44.658527 -1.433836 -23.735727
v -44.939457 -1.433836 -23.735727
v -44.658527 -1.234406 -23.735727
v -44.939457 -1.234406 -23.735727
v -42.976261 -1.073063 -23.852949
v -42.976261 -1.011436 -24.042618
v -43.257191 -1.011436 -24.042618
v -43.257191 -1.073063 -23.852949
v -42.976261 -1.073063 -24.232286
v -43.257191 -1.073063 -24.232286
v -42.976261 -1.234406 -24.349510
v -43.257191 -1.234406 -24.349510
v -42.976261 -1.433836 -24.349510
v -43.257191 -1.433836 -24.349510
v -42.976261 -1.595178 -24.232286
v -43.257191 -1.595178 -24.232286
v -42.976261 -1.656805 -24.042618
v -43.257191 -1.656805 -24.042618
v -42.976261 -1.595178 -23.852949
v -43.257191 -1.595178 -23.852949
v -42.976261 -1.433836 -23.735727
v -43.257191 -1.433836 -23.735727
v -42.976261 -1.234406 -23.735727
v -43.257191 -1.234406 -23.735727
v -232.691025 20.043255 -340.237915
v -232.715088 20.329212 -340.257599
v -232.731461 20.588633 -340.242279
v -232.752716 20.969675 -340.186646
v -232.778290 21.498775 -340.062195
v -232.694565 21.498775 -339.252991
v -232.592514 20.044493 -339.261536
v -232.841263 21.600061 -339.985413
v -232.764130 21.605471 -339.247162
v -232.642441 21.498775 -338.441132
v -232.596512 20.969675 -338.322662
v -232.566284 20.588633 -338.271332
v -232.547607 20.329212 -338.258942
v -232.527145 20.043255 -338.282349
v -232.717316 21.600061 -338.506348
v -236.243149 20.959475 -338.955597
v -236.296127 20.934805 -339.834991
v -236.806229 20.588633 -339.757812
v -236.776703 20.588633 -338.910889
v -236.887741 20.270651 -339.741333
v -236.859024 20.270651 -338.903992
v -236.855667 20.022554 -339.744019
v -236.826920 20.022554 -338.906677
v -236.664856 20.588633 -338.070892
v -236.149017 20.934805 -338.079651
v -236.747986 20.270651 -338.073578
v -236.715897 20.022554 -338.076263
v -235.692352 21.498447 -339.001770
v -235.749451 21.498775 -339.782257
v -235.618759 21.498775 -338.222656
v -236.059845 20.588633 -339.937042
v -236.090866 20.885464 -339.869049
v -235.035217 20.588633 -340.053528
v -236.121780 20.885464 -339.865540
v -235.029297 20.952566 -339.983002
v -235.019333 21.498775 -339.863983
v -236.089554 20.964716 -339.853485
v -236.120468 20.964716 -339.849762
v -233.518188 20.402489 -340.191833
v -233.263718 20.323843 -340.211700
v -235.013977 21.578377 -339.800079
v -235.633530 21.545126 -339.738251
v -236.674927 20.588633 -339.839874
v -233.141785 19.999710 -340.200256
v -233.175476 20.206137 -340.216705
v -233.857254 20.184452 -340.159485
v -233.869019 19.983318 -340.138916
v -235.034042 19.961546 -340.039520
v -233.745239 20.324963 -340.172668
v -235.036377 20.312517 -340.067383
v -235.876160 19.950659 -339.966675
v -235.915756 19.950659 -339.961639
v -235.934692 20.176012 -339.980347
v -236.052109 20.350554 -339.971924
v -235.867874 20.312517 -339.998169
v -236.600906 20.189877 -339.877106
v -236.612015 20.022554 -339.868988
v -236.725708 20.022554 -339.854034
v -236.724609 20.270651 -339.869019
v -236.486282 20.340357 -339.904572
v -236.258575 20.413437 -339.922485
v -235.940964 20.885464 -338.080231
v -235.899063 20.588633 -338.018372
v -234.869339 20.588633 -338.074036
v -235.972031 20.885464 -338.078552
v -234.875244 20.952566 -338.144562
v -234.885223 21.498775 -338.263580
v -235.942261 20.964716 -338.095825
v -235.973358 20.964716 -338.094330
v -233.350449 20.402489 -338.190125
v -233.096222 20.323843 -338.212921
v -234.890579 21.578377 -338.327484
v -235.511780 21.545126 -338.285339
v -236.521744 20.588633 -338.011810
v -233.008377 20.206137 -338.222656
v -232.977890 19.999710 -338.244476
v -234.870514 19.961546 -338.088043
v -233.705185 19.983318 -338.183929
v -233.690170 20.184452 -338.165619
v -233.577515 20.324963 -338.171265
v -234.868179 20.312517 -338.060181
v -235.768448 20.176012 -337.996521
v -235.752884 19.950659 -338.018066
v -235.713013 19.950659 -338.019714
v -235.699600 20.312517 -337.990051
v -235.885620 20.350554 -337.985260
v -236.569443 20.022554 -337.989410
v -236.454865 20.022554 -337.993561
v -236.442551 20.189877 -337.987427
v -236.324951 20.340357 -337.979431
v -236.565872 20.270651 -337.974792
v -236.097443 20.413437 -337.999664
v -235.572662 21.549246 -339.011780
v -234.952271 21.583549 -339.063782
v -233.815338 20.184452 -339.659241
v -233.703003 20.324963 -339.668671
v -233.475937 20.402489 -339.687683
v -233.221588 20.323843 -339.709015
v -233.133545 20.206137 -339.716400
v -233.101456 19.999710 -339.719086
v -233.828720 19.983318 -339.658142
v -236.563354 20.189877 -339.428986
v -236.447235 20.340357 -339.438690
v -236.219635 20.413437 -339.457764
v -236.010483 20.350554 -339.475311
v -235.893188 20.176012 -339.485138
v -235.875946 19.950659 -339.486572
v -236.575058 20.022554 -339.427979
v -234.993896 19.961546 -339.560486
v -235.836212 19.950659 -339.489899
v -235.792694 19.950659 -338.493164
v -236.491806 20.022554 -338.434570
v -233.018204 19.999710 -338.725647
v -233.745468 19.983318 -338.664703
v -233.050308 20.206137 -338.722961
v -233.138336 20.323843 -338.715607
v -233.392700 20.402489 -338.694275
v -233.619751 20.324963 -338.675262
v -233.732086 20.184452 -338.665833
v -235.809952 20.176012 -338.491730
v -235.927231 20.350554 -338.481873
v -236.136398 20.413437 -338.464355
v -236.363998 20.340357 -338.445282
v -236.480103 20.189877 -338.435547
v -234.910645 19.961546 -338.567078
v -235.752960 19.950659 -338.496490
v -235.966965 20.885464 -338.018005
v -235.976913 20.879248 -338.012543
v -235.976913 21.074490 -338.012543
v -235.966965 20.964716 -338.018005
v -235.927170 20.868952 -338.039917
v -235.937119 20.885464 -338.034424
v -235.937119 20.964716 -338.034424
v -235.927170 21.086525 -338.039917
v -235.924423 21.109640 -338.006989
v -235.975555 21.085787 -337.996460
v -235.971588 21.081028 -337.949036
v -235.918900 21.103035 -337.941193
v -235.924423 20.839231 -338.006989
v -235.975342 20.862347 -337.993835
v -235.918900 20.839231 -337.941193
v -235.971313 20.862347 -337.945709
v -235.916138 20.868952 -337.908264
v -235.969742 20.879248 -337.926971
v -235.916138 21.060106 -337.908264
v -235.969742 21.052244 -337.926971
v -236.083984 21.086525 -339.911133
v -236.083984 20.868952 -339.911133
v -236.086746 20.839231 -339.944031
v -236.092255 20.839231 -340.009857
v -236.095016 20.868952 -340.042755
v -236.095016 21.060106 -340.042755
v -236.092255 21.103037 -340.009857
v -236.086746 21.109640 -339.944031
v -236.137573 21.074490 -339.929840
v -236.137573 20.879248 -339.929840
v -236.126862 20.885464 -339.926086
v -236.126862 20.964716 -339.926086
v -236.094696 20.964716 -339.914856
v -236.094696 20.885464 -339.914856
v -236.142899 21.081028 -339.993317
v -236.138931 21.085787 -339.945923
v -236.139145 20.862347 -339.948547
v -236.143173 20.862347 -339.996674
v -236.144745 20.879248 -340.015381
v -236.144745 21.052244 -340.015381
v -236.291885 20.291451 -337.966492
v -236.102875 20.353077 -337.982330
v -236.126343 20.353077 -338.262268
v -236.315338 20.291451 -338.246429
v -235.913864 20.291451 -337.998169
v -235.937332 20.291451 -338.278107
v -235.797058 20.130108 -338.007965
v -235.820511 20.130108 -338.287903
v -235.797058 19.930677 -338.007965
v -235.820511 19.930677 -338.287903
v -235.913864 19.769335 -337.998169
v -235.937332 19.769335 -338.278107
v -236.102875 19.707708 -337.982330
v -236.126343 19.707708 -338.262268
v -236.291885 19.769335 -337.966492
v -236.315338 19.769335 -338.246429
v -236.408691 19.930677 -337.956696
v -236.432159 19.930677 -338.236633
v -236.408691 20.130108 -337.956696
v -236.432159 20.130108 -338.236633
v -236.243362 20.353077 -339.658722
v -236.266815 20.353077 -339.938660
v -236.455826 20.291451 -339.922821
v -236.432358 20.291451 -339.642883
v -236.054352 20.291451 -339.674561
v -236.077805 20.291451 -339.954498
v -235.937546 20.130108 -339.684326
v -235.960999 20.130108 -339.964294
v -235.937546 19.930677 -339.684326
v -235.960999 19.930677 -339.964294
v -236.054352 19.769335 -339.674561
v -236.077805 19.769335 -339.954498
v -236.243362 19.707708 -339.658722
v -236.266815 19.707708 -339.938660
v -236.432358 19.769335 -339.642883
v -236.455826 19.769335 -339.922821
v -236.549179 19.930677 -339.633087
v -236.572632 19.930677 -339.913025
v -236.549179 20.130108 -339.633087
v -236.572632 20.130108 -339.913025
v -233.486633 20.353077 -339.889740
v -233.510086 20.353077 -340.169678
v -233.699097 20.291451 -340.153839
v -233.675644 20.291451 -339.873901
v -233.297623 20.291451 -339.905579
v -233.321091 20.291451 -340.185516
v -233.180817 20.130108 -339.915344
v -233.204269 20.130108 -340.195312
v -233.180817 19.930677 -339.915344
v -233.204269 19.930677 -340.195312
v -233.297623 19.769335 -339.905579
v -233.321091 19.769335 -340.185516
v -233.486633 19.707708 -339.889740
v -233.510086 19.707708 -340.169678
v -233.675644 19.769335 -339.873901
v -233.699097 19.769335 -340.153839
v -233.792450 19.930677 -339.864105
v -233.815903 19.930677 -340.144043
v -233.792450 20.130108 -339.864105
v -233.815903 20.130108 -340.144043
v -233.535156 20.291451 -338.197510
v -233.346146 20.353077 -338.213348
v -233.369614 20.353077 -338.493286
v -233.558624 20.291451 -338.477448
v -233.157150 20.291451 -338.229187
v -233.180603 20.291451 -338.509125
v -233.040329 20.130108 -338.238953
v -233.063797 20.130108 -338.518921
v -233.040329 19.930677 -338.238953
v -233.063797 19.930677 -338.518921
v -233.157150 19.769335 -338.229187
v -233.180603 19.769335 -338.509125
v -233.346146 19.707708 -338.213348
v -233.369614 19.707708 -338.493286
v -233.535156 19.769335 -338.197510
v -233.558624 19.769335 -338.477448
v -233.651962 19.930677 -338.187714
v -233.675430 19.930677 -338.467651
v -233.651962 20.130108 -338.187714
v -233.675430 20.130108 -338.467651
v 259.860138 13.283162 -420.144989
v 259.829498 13.569119 -420.150208
v 259.822845 13.828540 -420.128815
v 259.831879 14.209581 -420.069916
v 259.871155 14.738684 -419.949097
v 260.343903 14.738684 -419.287018
v 260.428375 13.284401 -419.344879
v 259.854370 14.839969 -419.851227
v 260.286285 14.845379 -419.247559
v 260.790466 14.738684 -418.607025
v 260.888947 14.209581 -418.526733
v 260.940582 13.828540 -418.497040
v 260.962952 13.569119 -418.495514
v 260.969177 13.283162 -418.525970
v 260.693146 14.839969 -418.626709
v 257.406036 14.199383 -417.274597
v 256.925323 14.174711 -418.012878
v 256.520050 13.828540 -417.693634
v 256.964294 13.828540 -416.972015
v 256.457336 13.510558 -417.639008
v 256.896149 13.510558 -416.925323
v 256.483887 13.262462 -417.657227
v 256.922729 13.262462 -416.943542
v 257.476715 13.828540 -416.297058
v 257.920807 14.174711 -416.559631
v 257.403107 13.510558 -416.258301
v 257.429688 13.262462 -416.276489
v 257.862030 14.738356 -417.586945
v 257.426636 14.738684 -418.237213
v 258.311096 14.738684 -416.946045
v 257.080292 13.828540 -418.218353
v 257.086945 14.125369 -418.143921
v 257.913452 13.828540 -418.826050
v 257.061798 14.125369 -418.125580
v 257.953461 14.192472 -418.767670
v 258.020935 14.738684 -418.669128
v 257.095764 14.204623 -418.131042
v 257.070740 14.204623 -418.112549
v 259.163849 13.642396 -419.696106
v 259.375275 13.563751 -419.839111
v 258.057190 14.818285 -418.616241
v 257.549133 14.785033 -418.256256
v 256.593597 13.828540 -417.829895
v 259.486908 13.239618 -419.889465
v 259.449493 13.446042 -419.887115
v 258.885101 13.424359 -419.500366
v 258.885040 13.223225 -419.476685
v 257.921387 13.201452 -418.814453
v 258.975952 13.564869 -419.567200
v 257.905579 13.552424 -418.837524
v 257.225342 13.190566 -418.334900
v 257.193390 13.190566 -418.310974
v 257.167694 13.415918 -418.317841
v 257.069794 13.590461 -418.252533
v 257.216980 13.552424 -418.366364
v 256.639587 13.429783 -417.898834
v 256.633911 13.262462 -417.886292
v 256.542480 13.262462 -417.817108
v 256.536011 13.510558 -417.830658
v 256.725647 13.580263 -417.979370
v 256.914734 13.653344 -418.107483
v 258.101379 14.125369 -416.662964
v 258.168396 13.828540 -416.629913
v 259.036041 13.828540 -417.187225
v 258.075195 14.125369 -416.646149
v 258.996033 14.192472 -417.245636
v 258.928558 14.738684 -417.344147
v 258.092529 14.204623 -416.675873
v 258.066254 14.204623 -416.659210
v 260.299042 13.642396 -418.038879
v 260.508789 13.563751 -418.184357
v 258.892303 14.818285 -417.397064
v 258.373108 14.785033 -417.053375
v 257.630341 13.828540 -416.316437
v 260.580353 13.446042 -418.236206
v 260.596069 13.239618 -418.270264
v 259.028076 13.201452 -417.198822
v 259.993713 13.223225 -417.858154
v 260.015839 13.424359 -417.849670
v 260.110962 13.564869 -417.910248
v 259.043884 13.552424 -417.175781
v 258.292725 13.415918 -416.675446
v 258.295593 13.190566 -416.701904
v 258.329468 13.190566 -416.723022
v 258.355774 13.552424 -416.703857
v 258.196442 13.590461 -416.607758
v 257.599915 13.262462 -416.273376
v 257.697479 13.262462 -416.333618
v 257.711212 13.429783 -416.334381
v 257.817413 13.580263 -416.385529
v 257.610260 13.510558 -416.262451
v 258.005157 13.653344 -416.515564
v 257.961121 14.789152 -417.654816
v 258.474731 14.823456 -418.006653
v 259.168793 13.424359 -419.086243
v 259.261780 13.564869 -419.149933
v 259.449768 13.642396 -419.278717
v 259.660339 13.563751 -419.422943
v 259.733215 13.446042 -419.472870
v 259.759796 13.239618 -419.491089
v 259.157684 13.223225 -419.078644
v 256.893707 13.429783 -417.527832
v 256.989838 13.580263 -417.593689
v 257.178253 13.653345 -417.722748
v 257.351410 13.590461 -417.841370
v 257.448517 13.415918 -417.907867
v 257.462799 13.190566 -417.917664
v 256.884003 13.262462 -417.521179
v 258.193054 13.201452 -418.417877
v 257.495697 13.190566 -417.940186
v 258.026184 13.190566 -417.095215
v 257.447388 13.262462 -416.698730
v 260.323181 13.239618 -418.668640
v 259.721069 13.223225 -418.256195
v 260.296600 13.446042 -418.650452
v 260.223724 13.563751 -418.600525
v 260.013123 13.642396 -418.456268
v 259.825165 13.564869 -418.327515
v 259.732147 13.424359 -418.263794
v 258.011902 13.415918 -417.085419
v 257.914795 13.590461 -417.018921
v 257.741638 13.653345 -416.900299
v 257.553223 13.580263 -416.771240
v 257.457092 13.429783 -416.705383
v 258.756409 13.201452 -417.595428
v 258.059082 13.190566 -417.117737
v 258.109528 14.125371 -416.596039
v 258.103577 14.119154 -416.586365
v 258.103577 14.314397 -416.586365
v 258.109528 14.204623 -416.596039
v 258.133301 14.108859 -416.634735
v 258.127350 14.125371 -416.625061
v 258.127350 14.204623 -416.625061
v 258.133301 14.326432 -416.634735
v 258.151978 14.349547 -416.607483
v 258.112701 14.325694 -416.573029
v 258.139587 14.320935 -416.533783
v 258.189301 14.342943 -416.553009
v 258.151978 14.079140 -416.607483
v 258.114197 14.102255 -416.570862
v 258.189301 14.079140 -416.553009
v 258.141510 14.102255 -416.531006
v 258.207947 14.108859 -416.525757
v 258.152100 14.119154 -416.515533
v 258.207947 14.300014 -416.525757
v 258.152100 14.292152 -416.515533
v 257.072113 14.326432 -418.183899
v 257.072113 14.108859 -418.183899
v 257.053467 14.079140 -418.211151
v 257.016144 14.079140 -418.265625
v 256.997467 14.108859 -418.292877
v 256.997467 14.300014 -418.292877
v 257.016144 14.342943 -418.265625
v 257.053467 14.349547 -418.211151
v 257.016296 14.314397 -418.173676
v 257.016296 14.119154 -418.173676
v 257.027466 14.125371 -418.175720
v 257.027466 14.204623 -418.175720
v 257.060944 14.204623 -418.181854
v 257.060944 14.125371 -418.181854
v 256.980286 14.320935 -418.226227
v 257.007172 14.325694 -418.186981
v 257.005676 14.102255 -418.189178
v 256.978363 14.102255 -418.229004
v 256.967773 14.119154 -418.244507
v 256.967773 14.292152 -418.244507
v 257.852539 13.531357 -416.390656
v 258.009033 13.592984 -416.497833
v 257.850250 13.592984 -416.729584
v 257.693787 13.531357 -416.622406
v 258.165497 13.531357 -416.605011
v 258.006744 13.531357 -416.836792
v 258.262207 13.370015 -416.671265
v 258.103455 13.370015 -416.903015
v 258.262207 13.170585 -416.671265
v 258.103455 13.170585 -416.903015
v 258.165497 13.009242 -416.605011
v 258.006744 13.009242 -416.836792
v 258.009033 12.947615 -416.497833
v 257.850250 12.947615 -416.729584
v 257.852539 13.009242 -416.390656
v 257.693787 13.009242 -416.622406
v 257.755829 13.170585 -416.324402
v 257.597076 13.170585 -416.556152
v 257.755829 13.370015 -416.324402
v 257.597076 13.370015 -416.556152
v 257.058319 13.592984 -417.885712
v 256.899567 13.592984 -418.117462
v 256.743103 13.531357 -418.010284
v 256.901855 13.531357 -417.778503
v 257.214813 13.531357 -417.992889
v 257.056061 13.531357 -418.224670
v 257.311523 13.370015 -418.059143
v 257.152771 13.370015 -418.290894
v 257.311523 13.170585 -418.059143
v 257.152771 13.170585 -418.290894
v 257.214813 13.009242 -417.992889
v 257.056061 13.009242 -418.224670
v 257.058319 12.947615 -417.885712
v 256.899567 12.947615 -418.117462
v 256.901855 13.009242 -417.778503
v 256.743103 13.009242 -418.010284
v 256.805145 13.170585 -417.712280
v 256.646393 13.170585 -417.944031
v 256.805145 13.370015 -417.712280
v 256.646393 13.370015 -417.944031
v 259.340607 13.592984 -419.449066
v 259.181854 13.592984 -419.680817
v 259.025391 13.531357 -419.573639
v 259.184143 13.531357 -419.341858
v 259.497101 13.531357 -419.556244
v 259.338348 13.531357 -419.788025
v 259.593811 13.370015 -419.622498
v 259.435059 13.370015 -419.854248
v 259.593811 13.170585 -419.622498
v 259.435059 13.170585 -419.854248
v 259.497101 13.009242 -419.556244
v 259.338348 13.009242 -419.788025
v 259.340607 12.947615 -419.449066
v 259.181854 12.947615 -419.680817
v 259.184143 13.009242 -419.341858
v 259.025391 13.009242 -419.573639
v 259.087433 13.170585 -419.275635
v 258.928680 13.170585 -419.507385
v 259.087433 13.370015 -419.275635
v 258.928680 13.370015 -419.507385
v 260.134827 13.531357 -417.954010
v 260.291321 13.592984 -418.061188
v 260.132538 13.592984 -418.292938
v 259.976074 13.531357 -418.185760
v 260.447784 13.531357 -418.168365
v 260.289032 13.531357 -418.400146
v 260.544495 13.370015 -418.234619
v 260.385742 13.370015 -418.466370
v 260.544495 13.170585 -418.234619
v 260.385742 13.170585 -418.466370
v 260.447784 13.009242 -418.168365
v 260.289032 13.009242 -418.400146
v 260.291321 12.947615 -418.061188
v 260.132538 12.947615 -418.292938
v 260.134827 13.009242 -417.954010
v 259.976074 13.009242 -418.185760
v 260.038116 13.170585 -417.887756
v 259.879364 13.170585 -418.119507
v 260.038116 13.370015 -417.887756
v 259.879364 13.370015 -418.119507
v 267.792450 13.283163 -400.292694
v 267.761810 13.569120 -400.297913
v 267.755157 13.828541 -400.276489
v 267.764191 14.209582 -400.217621
v 267.803467 14.738684 -400.096802
v 268.276215 14.738684 -399.434723
v 268.360687 13.284402 -399.492584
v 267.786652 14.839970 -399.998901
v 268.218597 14.845380 -399.395264
v 268.722778 14.738684 -398.754700
v 268.821259 14.209582 -398.674438
v 268.872894 13.828541 -398.644745
v 268.895264 13.569120 -398.643219
v 268.901459 13.283163 -398.673676
v 268.625458 14.839970 -398.774414
v 265.338318 14.199385 -397.422272
v 264.857635 14.174712 -398.160583
v 264.452362 13.828542 -397.841339
v 264.896606 13.828542 -397.119690
v 264.389648 13.510560 -397.786713
v 264.828461 13.510560 -397.073029
v 264.416199 13.262464 -397.804901
v 264.855042 13.262464 -397.091217
v 265.409027 13.828542 -396.444733
v 265.853088 14.174713 -396.707336
v 265.335419 13.510560 -396.406006
v 265.361969 13.262464 -396.424194
v 265.794342 14.738358 -397.734650
v 265.358948 14.738684 -398.384918
v 266.243408 14.738685 -397.093719
v 265.012604 13.828541 -398.366058
v 265.019257 14.125370 -398.291626
v 265.845764 13.828541 -398.973755
v 264.994110 14.125370 -398.273285
v 265.885773 14.192473 -398.915344
v 265.953247 14.738684 -398.816833
v 265.028076 14.204624 -398.278717
v 265.003052 14.204624 -398.260223
v 267.096161 13.642397 -399.843781
v 267.307587 13.563752 -399.986816
v 265.989471 14.818286 -398.763916
v 265.481445 14.785034 -398.403961
v 264.525909 13.828541 -397.977600
v 267.419220 13.239619 -400.037170
v 267.381805 13.446043 -400.034790
v 266.817413 13.424360 -399.648071
v 266.817352 13.223226 -399.624390
v 265.853699 13.201454 -398.962158
v 266.908264 13.564870 -399.714905
v 265.837891 13.552425 -398.985229
v 265.157623 13.190567 -398.482605
v 265.125702 13.190567 -398.458679
v 265.100006 13.415919 -398.465546
v 265.002075 13.590462 -398.400208
v 265.149292 13.552425 -398.514069
v 264.571869 13.429784 -398.046509
v 264.566223 13.262463 -398.033997
v 264.474792 13.262463 -397.964783
v 264.468323 13.510559 -397.978363
v 264.657959 13.580264 -398.127045
v 264.847046 13.653345 -398.255157
v 266.033691 14.125371 -396.810669
v 266.100677 13.828542 -396.777588
v 266.968323 13.828542 -397.334930
v 266.007507 14.125371 -396.793854
v 266.928345 14.192474 -397.393341
v 266.860840 14.738685 -397.491852
v 266.024841 14.204625 -396.823578
v 265.998566 14.204625 -396.806915
v 268.231354 13.642397 -398.186584
v 268.441101 13.563752 -398.332031
v 266.824615 14.818287 -397.544769
v 266.305420 14.785035 -397.201080
v 265.562622 13.828542 -396.464111
v 268.512634 13.446043 -398.383911
v 268.528351 13.239619 -398.417969
v 266.960388 13.201455 -397.346527
v 267.926025 13.223226 -398.005859
v 267.948151 13.424360 -397.997375
v 268.043274 13.564870 -398.057953
v 266.976196 13.552426 -397.323486
v 266.225037 13.415920 -396.823151
v 266.227905 13.190568 -396.849579
v 266.261780 13.190568 -396.870728
v 266.288086 13.552426 -396.851562
v 266.128754 13.590463 -396.755463
v 265.532227 13.262464 -396.421082
v 265.629791 13.262464 -396.481323
v 265.643524 13.429785 -396.482086
v 265.749695 13.580265 -396.533234
v 265.542542 13.510560 -396.410156
v 265.937469 13.653346 -396.663269
v 265.893433 14.789154 -397.802521
v 266.407043 14.823457 -398.154358
v 267.101074 13.424360 -399.233948
v 267.194092 13.564870 -399.297638
v 267.382080 13.642397 -399.426422
v 267.592651 13.563752 -399.570648
v 267.665527 13.446043 -399.620575
v 267.692108 13.239619 -399.638794
v 267.089996 13.223226 -399.226349
v 264.826019 13.429785 -397.675537
v 264.922150 13.580265 -397.741364
v 265.110565 13.653347 -397.870453
v 265.283722 13.590462 -397.989044
v 265.380829 13.415919 -398.055573
v 265.395111 13.190567 -398.065369
v 264.816315 13.262464 -397.668884
v 266.125366 13.201454 -398.565582
v 265.428009 13.190567 -398.087891
v 265.958496 13.190568 -397.242920
v 265.379700 13.262464 -396.846436
v 268.255463 13.239619 -398.816345
v 267.653381 13.223226 -398.403900
v 268.228912 13.446043 -398.798126
v 268.156006 13.563752 -398.748199
v 267.945435 13.642397 -398.603973
v 267.757446 13.564870 -398.475189
v 267.664459 13.424360 -398.411499
v 265.944214 13.415920 -397.233124
v 265.847107 13.590463 -397.166626
v 265.673950 13.653347 -397.048004
v 265.485504 13.580265 -396.918915
v 265.389374 13.429785 -396.853088
v 266.688721 13.201455 -397.743134
v 265.991394 13.190568 -397.265442
v 266.041840 14.125373 -396.743713
v 266.035889 14.119156 -396.734039
v 266.035889 14.314399 -396.734039
v 266.041840 14.204625 -396.743713
v 266.065613 14.108861 -396.782410
v 266.059662 14.125373 -396.772736
v 266.059662 14.204625 -396.772736
v 266.065613 14.326434 -396.782410
v 266.084259 14.349549 -396.755188
v 266.045013 14.325696 -396.720734
v 266.071899 14.320937 -396.681488
v 266.121582 14.342945 -396.700684
v 266.084259 14.079142 -396.755188
v 266.046509 14.102257 -396.718567
v 266.121582 14.079142 -396.700684
v 266.073822 14.102257 -396.678711
v 266.140259 14.108861 -396.673462
v 266.084412 14.119156 -396.663208
v 266.140259 14.300016 -396.673462
v 266.084412 14.292154 -396.663208
v 265.004425 14.326433 -398.331604
v 265.004425 14.108860 -398.331604
v 264.985779 14.079141 -398.358856
v 264.948456 14.079141 -398.413330
v 264.929779 14.108860 -398.440582
v 264.929779 14.300015 -398.440582
v 264.948456 14.342944 -398.413330
v 264.985779 14.349548 -398.358856
v 264.948608 14.314398 -398.321381
v 264.948608 14.119155 -398.321381
v 264.959747 14.125372 -398.323425
v 264.959747 14.204624 -398.323425
v 264.993256 14.204624 -398.329559
v 264.993256 14.125372 -398.329559
v 264.912598 14.320936 -398.373932
v 264.939484 14.325695 -398.334686
v 264.937988 14.102256 -398.336853
v 264.910675 14.102256 -398.376709
v 264.900085 14.119155 -398.392212
v 264.900085 14.292153 -398.392212
v 265.784851 13.531359 -396.538330
v 265.941315 13.592986 -396.645538
v 265.782562 13.592986 -396.877289
v 265.626099 13.531359 -396.770111
v 266.097809 13.531359 -396.752716
v 265.939056 13.531359 -396.984467
v 266.194519 13.370017 -396.818970
v 266.035767 13.370017 -397.050720
v 266.194519 13.170587 -396.818970
v 266.035767 13.170587 -397.050720
v 266.097809 13.009244 -396.752716
v 265.939056 13.009244 -396.984467
v 265.941315 12.947618 -396.645538
v 265.782562 12.947618 -396.877289
v 265.784851 13.009244 -396.538330
v 265.626099 13.009244 -396.770111
v 265.688141 13.170587 -396.472107
v 265.529388 13.170587 -396.703857
v 265.688141 13.370017 -396.472107
v 265.529388 13.370017 -396.703857
v 264.990631 13.592985 -398.033386
v 264.831879 13.592985 -398.265167
v 264.675415 13.531358 -398.157990
v 264.834167 13.531358 -397.926208
v 265.147125 13.531358 -398.140594
v 264.988342 13.531358 -398.372345
v 265.243835 13.370016 -398.206848
v 265.085052 13.370016 -398.438599
v 265.243835 13.170586 -398.206848
v 265.085052 13.170586 -398.438599
v 265.147125 13.009243 -398.140594
v 264.988342 13.009243 -398.372345
v 264.990631 12.947617 -398.033386
v 264.831879 12.947617 -398.265167
v 264.834167 13.009243 -397.926208
v 264.675415 13.009243 -398.157990
v 264.737457 13.170587 -397.859985
v 264.578705 13.170586 -398.091736
v 264.737457 13.370017 -397.859985
v 264.578705 13.370016 -398.091736
v 267.272919 13.592985 -399.596771
v 267.114166 13.592985 -399.828522
v 266.957672 13.531358 -399.721344
v 267.116455 13.531358 -399.489563
v 267.429413 13.531358 -399.703949
v 267.270630 13.531358 -399.935699
v 267.526123 13.370016 -399.770203
v 267.367340 13.370016 -400.001953
v 267.526123 13.170586 -399.770203
v 267.367340 13.170586 -400.001953
v 267.429413 13.009243 -399.703949
v 267.270630 13.009243 -399.935699
v 267.272919 12.947617 -399.596771
v 267.114166 12.947617 -399.828522
v 267.116455 13.009243 -399.489563
v 266.957672 13.009243 -399.721344
v 267.019745 13.170586 -399.423340
v 266.860992 13.170586 -399.655090
v 267.019745 13.370016 -399.423340
v 266.860992 13.370016 -399.655090
v 268.067139 13.531358 -398.101685
v 268.223602 13.592985 -398.208893
v 268.064850 13.592985 -398.440643
v 267.908386 13.531358 -398.333466
v 268.380096 13.531358 -398.316071
v 268.221344 13.531358 -398.547821
v 268.476807 13.370016 -398.382324
v 268.318054 13.370016 -398.614075
v 268.476807 13.170586 -398.382324
v 268.318054 13.170586 -398.614075
v 268.380096 13.009243 -398.316071
v 268.221344 13.009243 -398.547821
v 268.223602 12.947617 -398.208893
v 268.064850 12.947617 -398.440643
v 268.067139 13.009243 -398.101685
v 267.908386 13.009243 -398.333466
v 267.970428 13.170586 -398.035461
v 267.811676 13.170586 -398.267212
v 267.970428 13.370016 -398.035461
v 267.811676 13.370016 -398.267212
v 474.257782 -3.311367 -270.047394
v 474.271515 -3.025409 -270.075287
v 474.252869 -2.765990 -270.087738
v 474.193848 -2.384947 -270.095825
v 474.066833 -1.855845 -270.092499
v 473.297699 -1.855845 -269.827454
v 473.329163 -3.310128 -269.730011
v 473.977783 -1.754560 -270.136444
v 473.276245 -1.749150 -269.893890
v 472.518829 -1.855845 -269.592590
v 472.413849 -2.384946 -269.520996
v 472.370697 -2.765989 -269.479919
v 472.362885 -3.025408 -269.458923
v 472.390320 -3.311366 -269.444305
v 472.565369 -1.754560 -269.680298
v 472.203339 -2.395147 -273.216156
v 473.047821 -2.419817 -273.467194
v 472.856964 -2.765990 -273.946503
v 472.038818 -2.765990 -273.725677
v 472.822418 -3.083971 -274.022156
v 472.013428 -3.083971 -273.804291
v 472.832306 -3.332068 -273.991516
v 472.023315 -3.332068 -273.773621
v 471.246033 -2.765990 -273.426270
v 471.371582 -2.419816 -272.925842
v 471.229797 -3.083971 -273.507843
v 471.239716 -3.332068 -273.477203
v 472.373199 -1.856174 -272.690186
v 473.120422 -1.855846 -272.922791
v 471.631104 -1.855846 -272.441833
v 473.200775 -2.765990 -273.260193
v 473.127533 -2.469159 -273.274994
v 473.546600 -2.765990 -272.288666
v 473.117096 -2.469159 -273.304321
v 473.479218 -2.402056 -272.266937
v 473.365601 -1.855845 -272.230225
v 473.112640 -2.389905 -273.270172
v 473.102051 -2.389905 -273.299438
v 474.025330 -2.952132 -270.842529
v 474.102356 -3.030777 -270.599213
v 473.304565 -1.776243 -272.210510
v 473.103851 -1.809496 -272.799927
v 472.966675 -2.765990 -273.837219
v 474.118896 -3.354911 -270.477844
v 474.127258 -3.148485 -270.514404
v 473.916901 -3.170168 -271.165436
v 473.894226 -3.371304 -271.172211
v 473.533234 -3.393075 -272.284363
v 473.955170 -3.029660 -271.059326
v 473.559814 -3.042104 -272.292938
v 473.271301 -3.403963 -273.088013
v 473.257416 -3.403963 -273.125458
v 473.271332 -3.178611 -273.148132
v 473.236511 -3.004068 -273.260559
v 473.303833 -3.042104 -273.087097
v 473.019684 -3.164746 -273.773560
v 473.009277 -3.332068 -273.782562
v 472.968933 -3.332068 -273.889893
v 472.983795 -3.083971 -273.892212
v 473.072449 -3.014266 -273.668152
v 473.141541 -2.941185 -273.450470
v 471.419312 -2.469158 -272.723328
v 471.368561 -2.765990 -272.668488
v 471.656281 -2.765990 -271.678223
v 471.410645 -2.469158 -272.753235
v 471.723663 -2.402056 -271.699982
v 471.837280 -1.855845 -271.736664
v 471.434204 -2.389904 -272.728149
v 471.425690 -2.389904 -272.758087
v 472.113800 -2.952132 -270.225220
v 472.193634 -3.030777 -269.982788
v 471.898315 -1.776243 -271.756378
v 471.716400 -1.809495 -272.351837
v 471.220947 -2.765990 -273.273468
v 472.223053 -3.148485 -269.899445
v 472.251221 -3.354910 -269.874695
v 471.669678 -3.393075 -271.682556
v 472.027313 -3.371304 -270.569336
v 472.012878 -3.170168 -270.550537
v 472.043945 -3.029660 -270.442108
v 471.643066 -3.042104 -271.673950
v 471.376892 -3.178611 -272.536316
v 471.401428 -3.403963 -272.526062
v 471.412079 -3.403963 -272.487610
v 471.386230 -3.042104 -272.467804
v 471.339355 -3.004067 -272.647888
v 471.188324 -3.332068 -273.314850
v 471.218353 -3.332068 -273.204193
v 471.215179 -3.164746 -273.190826
v 471.234039 -3.014266 -273.074463
v 471.174896 -3.083971 -273.308075
v 471.305328 -2.941185 -272.857483
v 472.410126 -1.805377 -272.575897
v 472.601440 -1.771073 -271.983459
v 473.439240 -3.170168 -271.011169
v 473.473877 -3.029660 -270.903900
v 473.543884 -2.952132 -270.687073
v 473.622345 -3.030777 -270.444183
v 473.649475 -3.148485 -270.360107
v 473.659393 -3.354911 -270.329468
v 473.435089 -3.371304 -271.023956
v 472.591766 -3.164746 -273.635376
v 472.627563 -3.014266 -273.524475
v 472.697754 -2.941185 -273.307159
v 472.762268 -3.004067 -273.107422
v 472.798431 -3.178611 -272.995392
v 472.803741 -3.403963 -272.978943
v 472.588165 -3.332068 -273.646545
v 473.075775 -3.393075 -272.136627
v 472.816010 -3.403963 -272.940979
v 471.855103 -3.403963 -272.672577
v 471.639496 -3.332068 -273.340179
v 472.710724 -3.354911 -270.023102
v 472.486450 -3.371304 -270.717590
v 472.700836 -3.148485 -270.053741
v 472.673676 -3.030777 -270.137817
v 472.595245 -2.952132 -270.380707
v 472.525208 -3.029660 -270.597534
v 472.490570 -3.170168 -270.704803
v 471.849792 -3.178611 -272.689056
v 471.813599 -3.004067 -272.801056
v 471.749115 -2.941185 -273.000793
v 471.678925 -3.014266 -273.218140
v 471.643097 -3.164746 -273.329010
v 472.127106 -3.393075 -271.830261
v 471.867340 -3.403963 -272.634644
v 471.352814 -2.469158 -272.734558
v 471.345215 -2.475374 -272.742981
v 471.345215 -2.280132 -272.742981
v 471.352814 -2.389904 -272.734558
v 471.383148 -2.485670 -272.700775
v 471.375580 -2.469158 -272.709198
v 471.375580 -2.389904 -272.709198
v 471.383148 -2.268096 -272.700775
v 471.351746 -2.244982 -272.690613
v 471.329865 -2.268835 -272.738037
v 471.284607 -2.273592 -272.723419
v 471.288879 -2.251585 -272.670319
v 471.351746 -2.515389 -272.690613
v 471.327362 -2.492274 -272.737213
v 471.288879 -2.515389 -272.670319
v 471.281403 -2.492274 -272.722382
v 471.257446 -2.485670 -272.660156
v 471.263519 -2.475374 -272.716614
v 471.257446 -2.294514 -272.660156
v 471.263519 -2.302377 -272.716614
v 473.170074 -2.268097 -273.277832
v 473.170074 -2.485670 -273.277832
v 473.201508 -2.515390 -273.287964
v 473.264343 -2.515390 -273.308289
v 473.295776 -2.485670 -273.318420
v 473.295776 -2.294515 -273.318420
v 473.264343 -2.251586 -273.308289
v 473.201508 -2.244982 -273.287964
v 473.176147 -2.280132 -273.334259
v 473.176147 -2.475375 -273.334259
v 473.174927 -2.469159 -273.322998
v 473.174927 -2.389905 -273.322998
v 473.171295 -2.389905 -273.289124
v 473.171295 -2.469159 -273.289124
v 473.236755 -2.273593 -273.353851
v 473.191498 -2.268835 -273.339233
v 473.194000 -2.492274 -273.340027
v 473.239960 -2.492274 -273.354889
v 473.257843 -2.475375 -273.360657
v 473.257843 -2.302377 -273.360657
v 471.228943 -3.063171 -273.039307
v 471.287231 -3.001544 -272.858826
v 471.554565 -3.001544 -272.945160
v 471.496277 -3.063171 -273.125641
v 471.345520 -3.063171 -272.678345
v 471.612854 -3.063171 -272.764679
v 471.381531 -3.224514 -272.566803
v 471.648865 -3.224514 -272.653137
v 471.381531 -3.423944 -272.566803
v 471.648865 -3.423944 -272.653137
v 471.345520 -3.585287 -272.678345
v 471.612854 -3.585287 -272.764679
v 471.287231 -3.646914 -272.858826
v 471.554565 -3.646914 -272.945160
v 471.228943 -3.585287 -273.039307
v 471.496277 -3.585287 -273.125641
v 471.192932 -3.423944 -273.150879
v 471.460266 -3.423944 -273.237213
v 471.192932 -3.224514 -273.150879
v 471.460266 -3.224514 -273.237213
v 472.888092 -3.001545 -273.375824
v 473.155426 -3.001545 -273.462158
v 473.097137 -3.063172 -273.642639
v 472.829803 -3.063172 -273.556305
v 472.946381 -3.063172 -273.195312
v 473.213715 -3.063172 -273.281647
v 472.982391 -3.224514 -273.083771
v 473.249725 -3.224514 -273.170105
v 472.982391 -3.423944 -273.083771
v 473.249725 -3.423944 -273.170105
v 472.946381 -3.585287 -273.195312
v 473.213715 -3.585287 -273.281647
v 472.888092 -3.646914 -273.375824
v 473.155426 -3.646914 -273.462158
v 472.829803 -3.585287 -273.556305
v 473.097137 -3.585287 -273.642639
v 472.793793 -3.423944 -273.667847
v 473.061127 -3.423944 -273.754181
v 472.793793 -3.224514 -273.667847
v 473.061127 -3.224514 -273.754181
v 473.738251 -3.001544 -270.743286
v 474.005585 -3.001544 -270.829620
v 473.947296 -3.063171 -271.010132
v 473.679962 -3.063171 -270.923798
v 473.796539 -3.063171 -270.562805
v 474.063873 -3.063171 -270.649139
v 473.832550 -3.224514 -270.451263
v 474.099884 -3.224514 -270.537598
v 473.832550 -3.423944 -270.451263
v 474.099884 -3.423944 -270.537598
v 473.796539 -3.585287 -270.562805
v 474.063873 -3.585287 -270.649139
v 473.738251 -3.646914 -270.743286
v 474.005585 -3.646914 -270.829620
v 473.679962 -3.585287 -270.923798
v 473.947296 -3.585287 -271.010132
v 473.643921 -3.423944 -271.035339
v 473.911255 -3.423944 -271.121674
v 473.643921 -3.224514 -271.035339
v 473.911255 -3.224514 -271.121674
v 472.079102 -3.063171 -270.406799
v 472.137390 -3.001544 -270.226318
v 472.404724 -3.001544 -270.312653
v 472.346436 -3.063171 -270.493134
v 472.195679 -3.063171 -270.045807
v 472.463013 -3.063171 -270.132141
v 472.231689 -3.224513 -269.934265
v 472.499023 -3.224514 -270.020599
v 472.231689 -3.423943 -269.934265
v 472.499023 -3.423944 -270.020599
v 472.195679 -3.585287 -270.045807
v 472.463013 -3.585287 -270.132141
v 472.137390 -3.646914 -270.226318
v 472.404724 -3.646914 -270.312653
v 472.079102 -3.585287 -270.406799
v 472.346436 -3.585287 -270.493134
v 472.043060 -3.423944 -270.518341
v 472.310394 -3.423944 -270.604675
v 472.043060 -3.224514 -270.518341
v 472.310394 -3.224514 -270.604675
v 571.695129 -2.953103 -90.585686
v 571.716431 -2.667146 -90.608337
v 571.702271 -2.407726 -90.625717
v 571.648254 -2.026684 -90.650764
v 571.525818 -1.497582 -90.684845
v 570.712769 -1.497582 -90.657104
v 570.714294 -2.951865 -90.554703
v 571.453552 -1.396297 -90.752968
v 570.711731 -1.390887 -90.726913
v 569.899231 -1.497582 -90.661064
v 569.777893 -2.026684 -90.623421
v 569.724609 -2.407726 -90.596802
v 569.710999 -2.667146 -90.579018
v 569.732910 -2.953103 -90.556999
v 569.969482 -1.396297 -90.731270
v 570.660706 -2.036883 -94.217751
v 571.541687 -2.061554 -94.209976
v 571.499817 -2.407726 -94.724190
v 570.652893 -2.407726 -94.753120
v 571.489014 -2.725707 -94.806656
v 570.651672 -2.725707 -94.835724
v 571.489441 -2.973804 -94.774460
v 570.652161 -2.973804 -94.803505
v 569.807190 -2.407726 -94.699440
v 569.780396 -2.061554 -94.184227
v 569.815613 -2.725707 -94.782188
v 569.816040 -2.973804 -94.749992
v 570.668823 -1.497910 -93.665077
v 571.451355 -1.497582 -93.668243
v 569.886475 -1.497582 -93.645363
v 571.627197 -2.407726 -93.967232
v 571.561523 -2.110895 -94.002861
v 571.672791 -2.407726 -92.937004
v 571.560120 -2.110895 -94.033951
v 571.601990 -2.043793 -92.935974
v 571.482605 -1.497582 -92.934227
v 571.545837 -2.031642 -94.002632
v 571.544312 -2.031642 -94.033722
v 571.706177 -2.593870 -91.414055
v 571.708435 -2.672515 -91.158821
v 571.418457 -1.417981 -92.933289
v 571.399475 -1.451233 -93.555634
v 571.572693 -2.407726 -94.587555
v 571.688660 -2.996648 -91.037964
v 571.707397 -2.790222 -91.070442
v 571.697266 -2.811906 -91.754547
v 571.677551 -3.013041 -91.767693
v 571.658691 -3.034813 -92.936806
v 571.702698 -2.671396 -91.641884
v 571.686646 -2.683842 -92.937210
v 571.644104 -3.045699 -93.781937
v 571.641785 -3.045699 -93.821793
v 571.661743 -2.820347 -93.839386
v 571.661438 -2.645804 -93.957100
v 571.674927 -2.683842 -93.771500
v 571.604675 -2.806482 -94.511131
v 571.597351 -2.973804 -94.522781
v 571.590271 -2.973804 -94.637222
v 571.605164 -2.725707 -94.635101
v 571.624207 -2.656002 -94.394890
v 571.626343 -2.582921 -94.166496
v 569.766602 -2.110895 -93.976616
v 569.702026 -2.407726 -93.939087
v 569.686523 -2.407726 -92.907967
v 569.767090 -2.110895 -94.007736
v 569.757324 -2.043793 -92.909004
v 569.876709 -1.497582 -92.910751
v 569.782227 -2.031642 -93.976845
v 569.782898 -2.031642 -94.007965
v 569.697693 -2.593870 -91.384689
v 569.702881 -2.672515 -91.129501
v 569.940857 -1.417981 -92.911690
v 569.941650 -1.451233 -93.534325
v 569.738342 -2.407726 -94.560738
v 569.706543 -2.790222 -91.041191
v 569.726196 -2.996648 -91.009277
v 569.700623 -3.034813 -92.908173
v 569.715942 -3.013041 -91.739014
v 569.696655 -2.811906 -91.725296
v 569.694519 -2.671396 -91.612526
v 569.672668 -2.683842 -92.907768
v 569.671204 -2.820347 -93.810287
v 569.691650 -3.045699 -93.793282
v 569.690491 -3.045699 -93.753380
v 569.659973 -2.683842 -93.742043
v 569.668030 -2.645804 -93.927956
v 569.719299 -2.973804 -94.609871
v 569.715576 -2.973804 -94.495270
v 569.708618 -2.806482 -94.483414
v 569.692505 -2.656002 -94.366646
v 569.704468 -2.725707 -94.607315
v 569.697021 -2.582921 -94.138290
v 570.670532 -1.447113 -93.544983
v 570.679688 -1.412809 -92.922485
v 571.195374 -2.811906 -91.747208
v 571.197021 -2.671396 -91.634491
v 571.200317 -2.593870 -91.406662
v 571.204041 -2.672515 -91.151443
v 571.205322 -2.790222 -91.063103
v 571.205811 -2.996648 -91.030907
v 571.195129 -3.013041 -91.760643
v 571.155029 -2.806482 -94.504562
v 571.156738 -2.656002 -94.388054
v 571.160095 -2.582921 -94.159683
v 571.163147 -2.645804 -93.949814
v 571.164856 -2.820347 -93.832123
v 571.165100 -3.045699 -93.814819
v 571.154846 -2.973804 -94.516312
v 571.178040 -3.034813 -92.929779
v 571.165710 -3.045699 -93.774948
v 570.168335 -3.045699 -93.800247
v 570.158081 -2.973804 -94.501740
v 570.209045 -2.996648 -91.016335
v 570.198364 -3.013041 -91.746071
v 570.208557 -2.790222 -91.048531
v 570.207275 -2.672515 -91.136871
v 570.203552 -2.593870 -91.392090
v 570.200195 -2.671396 -91.619919
v 570.198547 -2.811906 -91.732635
v 570.168091 -2.820347 -93.817551
v 570.166382 -2.645804 -93.935242
v 570.163269 -2.582921 -94.145111
v 570.159973 -2.656002 -94.373482
v 570.158264 -2.806482 -94.489983
v 570.181274 -3.034813 -92.915199
v 570.168884 -3.045699 -93.760376
v 569.706299 -2.110895 -94.006851
v 569.701538 -2.117112 -94.017151
v 569.701538 -1.921868 -94.017151
v 569.706299 -2.031642 -94.006851
v 569.725403 -2.127406 -93.965645
v 569.720642 -2.110895 -93.975945
v 569.720642 -2.031642 -93.975945
v 569.725403 -1.909833 -93.965645
v 569.692383 -1.886718 -93.965164
v 569.685425 -1.910572 -94.016914
v 569.637817 -1.915330 -94.016220
v 569.626343 -1.893323 -93.964195
v 569.692383 -2.157126 -93.965164
v 569.682800 -2.134011 -94.016876
v 569.626343 -2.157126 -93.964195
v 569.634460 -2.134011 -94.016167
v 569.593323 -2.127406 -93.963715
v 569.615723 -2.117112 -94.015892
v 569.593323 -1.936251 -93.963715
v 569.615723 -1.944113 -94.015892
v 571.603027 -1.909833 -93.993095
v 571.603027 -2.127406 -93.993095
v 571.636047 -2.157126 -93.993576
v 571.702026 -2.157126 -93.994545
v 571.735046 -2.127406 -93.995026
v 571.735046 -1.936251 -93.995026
v 571.702026 -1.893322 -93.994545
v 571.636047 -1.886718 -93.993576
v 571.625366 -1.921868 -94.045273
v 571.625366 -2.117112 -94.045273
v 571.620911 -2.110895 -94.034836
v 571.620911 -2.031642 -94.034836
v 571.607483 -2.031642 -94.003532
v 571.607483 -2.110895 -94.003532
v 571.689087 -1.915330 -94.046204
v 571.641479 -1.910572 -94.045509
v 571.644104 -2.134011 -94.045547
v 571.692444 -2.134011 -94.046257
v 571.711182 -2.117112 -94.046532
v 571.711182 -1.944113 -94.046532
v 569.677307 -2.704908 -94.334549
v 569.680115 -2.643281 -94.144897
v 569.960999 -2.643281 -94.149010
v 569.958191 -2.704908 -94.338654
v 569.682861 -2.704908 -93.955254
v 569.963745 -2.704908 -93.959358
v 569.684570 -2.866251 -93.838043
v 569.965454 -2.866251 -93.842148
v 569.684570 -3.065681 -93.838043
v 569.965454 -3.065681 -93.842148
v 569.682861 -3.227023 -93.955254
v 569.963745 -3.227023 -93.959358
v 569.680115 -3.288650 -94.144897
v 569.960999 -3.288650 -94.149010
v 569.677307 -3.227023 -94.334549
v 569.958191 -3.227023 -94.338654
v 569.675598 -3.065681 -94.451759
v 569.956482 -3.065681 -94.455864
v 569.675598 -2.866251 -94.451759
v 569.956482 -2.866251 -94.455864
v 571.362183 -2.643281 -94.169495
v 571.643066 -2.643281 -94.173599
v 571.640320 -2.704908 -94.363251
v 571.359375 -2.704908 -94.359138
v 571.364929 -2.704908 -93.979843
v 571.645874 -2.704908 -93.983948
v 571.366638 -2.866251 -93.862633
v 571.647583 -2.866251 -93.866737
v 571.366638 -3.065681 -93.862633
v 571.647583 -3.065681 -93.866737
v 571.364929 -3.227023 -93.979843
v 571.645874 -3.227023 -93.983948
v 571.362183 -3.288650 -94.169495
v 571.643066 -3.288650 -94.173599
v 571.359375 -3.227023 -94.359138
v 571.640320 -3.227023 -94.363251
v 571.357666 -3.065681 -94.476349
v 571.638611 -3.065681 -94.480453
v 571.357666 -2.866251 -94.476349
v 571.638611 -2.866251 -94.480453
v 571.402588 -2.643281 -91.403397
v 571.683533 -2.643281 -91.407501
v 571.680725 -2.704908 -91.597153
v 571.399841 -2.704908 -91.593048
v 571.405396 -2.704908 -91.213753
v 571.686279 -2.704908 -91.217857
v 571.407104 -2.866251 -91.096542
v 571.687988 -2.866251 -91.100647
v 571.407104 -3.065681 -91.096542
v 571.687988 -3.065681 -91.100647
v 571.405396 -3.227023 -91.213753
v 571.686279 -3.227023 -91.217857
v 571.402588 -3.288650 -91.403397
v 571.683533 -3.288650 -91.407501
v 571.399841 -3.227023 -91.593048
v 571.680725 -3.227023 -91.597153
v 571.398132 -3.065681 -91.710258
v 571.679016 -3.065681 -91.714363
v 571.398132 -2.866251 -91.710258
v 571.679016 -2.866251 -91.714363
v 569.717773 -2.704908 -91.568459
v 569.720520 -2.643281 -91.378807
v 570.001404 -2.643281 -91.382912
v 569.998657 -2.704908 -91.572563
v 569.723328 -2.704908 -91.189156
v 570.004211 -2.704908 -91.193268
v 569.725037 -2.866251 -91.071945
v 570.005920 -2.866251 -91.076057
v 569.725037 -3.065681 -91.071945
v 570.005920 -3.065681 -91.076057
v 569.723328 -3.227023 -91.189156
v 570.004211 -3.227023 -91.193268
v 569.720520 -3.288650 -91.378807
v 570.001404 -3.288650 -91.382912
v 569.717773 -3.227023 -91.568459
v 569.998657 -3.227023 -91.572563
v 569.716064 -3.065681 -91.685669
v 569.996948 -3.065681 -91.689774
v 569.716064 -2.866251 -91.685669
v 569.996948 -2.866251 -91.689774
vn -0.0207 0.0709 -0.9973
vn -0.0793 0.0716 -0.9943
vn -0.0358 0.0724 -0.9967
vn -0.0181 0.0717 -0.9973
vn -0.0204 0.2651 -0.9640
vn -0.0000 0.3187 -0.9479
vn -0.0000 0.0702 -0.9975
vn -0.0210 0.5739 -0.8187
vn -0.0000 0.5501 -0.8351
vn 0.0204 0.2652 -0.9640
vn 0.0187 0.0707 -0.9973
vn 0.0172 0.0689 -0.9975
vn 0.0236 0.0743 -0.9970
vn 0.0204 0.0725 -0.9972
vn 0.0210 0.5739 -0.8187
vn -0.0000 0.7685 0.6398
vn -0.0365 0.7671 0.6405
vn -0.0329 0.8256 0.5633
vn -0.0000 0.8221 0.5694
vn -0.0000 0.2511 0.9680
vn -0.0472 0.2498 0.9671
vn -0.0490 0.0641 0.9967
vn -0.0000 0.0621 0.9981
vn -0.0489 -0.1286 0.9905
vn -0.0000 -0.1288 0.9917
vn 0.0329 0.8256 0.5633
vn 0.0365 0.7671 0.6405
vn 0.0490 0.0641 0.9967
vn 0.0472 0.2498 0.9671
vn 0.0489 -0.1286 0.9905
vn -0.0000 0.8323 0.5543
vn -0.0159 0.8096 0.5868
vn 0.0159 0.8096 0.5868
vn -0.9857 0.1605 0.0508
vn -0.9785 0.2039 0.0313
vn -0.9920 0.1254 0.0116
vn -0.9779 0.2067 0.0301
vn -0.9743 0.2140 0.0702
vn -0.9791 0.2021 0.0209
vn -0.9447 0.3263 0.0327
vn -0.9026 0.4301 0.0175
vn -0.9791 0.2008 0.0339
vn -0.9789 0.2013 0.0344
vn -0.9953 0.0967 -0.0041
vn -0.9982 0.0607 -0.0021
vn -0.9999 -0.0155 -0.0035
vn -0.9998 -0.0211 -0.0059
vn -0.7738 0.6333 0.0154
vn -0.8183 0.5748 0.0038
vn -0.9299 0.3679 0.0043
vn -0.9832 0.1823 0.0019
vn -0.5887 0.8066 0.0524
vn -0.8689 0.2128 0.4470
vn -0.9135 0.2760 0.2988
vn -0.9974 -0.0723 -0.0066
vn -0.9958 -0.0912 -0.0090
vn -0.9993 -0.0184 -0.0337
vn -0.9990 -0.0435 0.0098
vn -0.9953 -0.0966 -0.0003
vn -0.9969 -0.0785 -0.0000
vn -0.9999 -0.0148 0.0006
vn -0.9999 -0.0156 -0.0004
vn -0.9960 -0.0872 0.0187
vn -0.9948 -0.0924 0.0422
vn -0.9967 -0.0761 0.0281
vn -0.9961 -0.0545 0.0688
vn -0.9993 0.0169 0.0324
vn -0.9971 -0.0689 0.0326
vn -0.9981 -0.0391 0.0472
vn -0.9982 -0.0475 0.0362
vn -0.9969 -0.0726 0.0288
vn -0.9954 -0.0878 0.0387
vn -0.7032 0.7035 -0.1033
vn -0.3818 0.8808 0.2802
vn -0.9946 0.0443 0.0937
vn -0.8990 0.0794 0.4306
vn -0.8226 -0.0618 0.5652
vn -0.8122 -0.0751 0.5785
vn -0.8393 0.0400 0.5423
vn 0.9785 0.2039 0.0313
vn 0.9857 0.1605 0.0508
vn 0.9920 0.1254 0.0116
vn 0.9779 0.2067 0.0301
vn 0.9743 0.2140 0.0702
vn 0.9791 0.2022 0.0209
vn 0.9026 0.4301 0.0175
vn 0.9447 0.3262 0.0327
vn 0.9791 0.2007 0.0339
vn 0.9789 0.2014 0.0344
vn 0.9982 0.0607 -0.0021
vn 0.9953 0.0966 -0.0041
vn 0.9998 -0.0208 -0.0059
vn 0.9999 -0.0155 -0.0035
vn 0.8184 0.5747 0.0038
vn 0.7737 0.6334 0.0154
vn 0.9299 0.3678 0.0043
vn 0.9832 0.1823 0.0019
vn 0.5888 0.8066 0.0524
vn 0.8689 0.2127 0.4470
vn 0.9115 0.2801 0.3013
vn 0.9993 -0.0182 -0.0337
vn 0.9958 -0.0914 -0.0090
vn 0.9974 -0.0723 -0.0066
vn 0.9969 -0.0785 -0.0000
vn 0.9953 -0.0965 -0.0003
vn 0.9990 -0.0435 0.0098
vn 0.9999 -0.0148 0.0006
vn 0.9999 -0.0156 -0.0004
vn 0.9967 -0.0761 0.0281
vn 0.9948 -0.0925 0.0422
vn 0.9960 -0.0872 0.0187
vn 0.9992 0.0242 0.0304
vn 0.9587 0.2846 -0.0029
vn 0.9982 -0.0476 0.0362
vn 0.9981 -0.0394 0.0472
vn 0.9971 -0.0690 0.0326
vn 0.9927 0.1042 0.0613
vn 0.9474 0.0342 0.3183
vn 0.9512 -0.2319 0.2035
vn 0.9186 -0.3174 0.2353
vn 0.8393 0.0400 0.5423
vn 0.8122 -0.0751 0.5785
vn 0.8226 -0.0618 0.5652
vn -0.0000 0.9744 0.2250
vn -0.0058 0.9710 0.2392
vn -0.0000 0.9995 0.0322
vn -0.0070 0.9995 0.0316
vn -0.0000 1.0000 0.0100
vn -0.0071 0.9999 0.0100
vn 0.0058 0.9710 0.2392
vn 0.0070 0.9995 0.0316
vn 0.0071 0.9999 0.0100
vn -1.0000 -0.0000 -0.0000
vn -1.0000 0.0001 -0.0000
vn -1.0000 -0.0001 -0.0000
vn -0.0000 -0.3969 0.9179
vn -0.0000 -0.1542 0.9880
vn -0.0000 -0.1541 0.9880
vn -0.0000 -0.3888 0.9213
vn -0.0000 -0.6003 0.7998
vn -0.0000 -0.9557 0.2945
vn -0.0000 -0.9557 0.2944
vn -0.0000 -0.0666 -0.9978
vn -0.0000 -0.6258 -0.7800
vn -0.0000 -0.9467 -0.3221
vn -0.0000 -0.9998 -0.0199
vn -0.0000 -0.9999 -0.0157
vn -0.0000 -0.9999 -0.0158
vn -0.0000 -0.9998 -0.0186
vn -0.0000 -1.0000 -0.0064
vn -0.0000 -1.0000 -0.0065
vn -0.0000 -0.9994 0.0340
vn -0.0000 -1.0000 -0.0000
vn -0.0000 -0.3366 0.9417
vn -0.0000 -0.0766 0.9971
vn -0.0000 -0.3287 0.9444
vn -0.0000 -0.5591 0.8291
vn -0.0000 -0.9579 0.2870
vn -0.0000 -0.0701 -0.9975
vn -0.0000 -0.6122 -0.7907
vn -0.0000 -0.9524 -0.3048
vn -0.0000 -0.9975 -0.0709
vn 1.0000 -0.0000 -0.0000
vn -0.0000 -0.9955 -0.0953
vn 0.0004 -0.9954 -0.0958
vn 0.0003 -0.9954 -0.0956
vn -0.0003 -0.9954 -0.0956
vn -0.0004 -0.9954 -0.0958
vn -0.0000 -0.9524 -0.3047
vn -0.9133 -0.0025 0.4072
vn -0.9133 -0.0008 0.4072
vn -0.9133 -0.0000 0.4072
vn -0.9133 -0.0000 0.4073
vn -0.9133 0.0003 0.4072
vn -0.9133 0.0001 0.4072
vn 0.0909 0.9088 0.4073
vn -0.5237 0.7483 0.4072
vn -0.5229 0.7492 0.4066
vn -0.5233 0.7487 0.4069
vn -0.5239 0.7480 0.4074
vn -0.6108 -0.6791 0.4072
vn -0.6106 -0.6792 0.4072
vn -0.6107 -0.6792 0.4072
vn -0.6108 -0.6790 0.4072
vn -0.0000 -0.9133 0.4072
vn -0.0000 -0.9134 0.4071
vn -0.0000 -0.9133 0.4073
vn 0.6111 -0.6786 0.4074
vn 0.6112 -0.6786 0.4074
vn 0.9133 -0.0000 0.4072
vn 0.9133 -0.0000 0.4073
vn 0.7240 0.5567 0.4073
vn 0.7239 0.5570 0.4072
vn 0.7240 0.5568 0.4073
vn 0.7241 0.5566 0.4073
vn -0.0000 -0.0000 1.0000
vn 0.0001 -0.0000 1.0000
vn -0.0000 -0.0000 -1.0000
vn -0.0000 1.0000 -0.0000
vn 0.9133 -0.0007 0.4072
vn 0.9133 -0.0019 0.4072
vn 0.9133 0.0001 0.4073
vn 0.9133 -0.0001 0.4072
vn -0.0909 0.9088 0.4073
vn -0.0909 0.9087 0.4075
vn -0.0908 0.9088 0.4071
vn 0.5235 0.7484 0.4071
vn 0.5235 0.7485 0.4071
vn 0.5236 0.7484 0.4072
vn 0.6108 -0.6790 0.4072
vn 0.6106 -0.6792 0.4072
vn 0.6110 -0.6788 0.4073
vn -0.6110 -0.6788 0.4073
vn -0.6112 -0.6786 0.4074
vn -0.6109 -0.6789 0.4073
vn -0.7240 0.5567 0.4073
vn -0.7242 0.5563 0.4074
vn -0.7240 0.5568 0.4073
vn -0.7238 0.5570 0.4072
vn -0.0001 -0.0000 1.0000
vn -0.0000 0.9511 0.3090
vn -0.0000 0.9511 -0.3090
vn -0.0000 0.9510 -0.3090
vn -0.0000 0.5878 -0.8090
vn -0.0000 -0.5878 -0.8090
vn -0.0000 -0.9511 -0.3090
vn -0.0000 -0.9511 0.3090
vn -0.0000 -0.5878 0.8090
vn -0.0000 0.5878 0.8090
vn 1.0000 0.0001 -0.0000
vn 1.0000 -0.0001 -0.0000
vn -0.0794 0.0716 -0.9943
vn -0.0357 0.0725 -0.9967
vn -0.0182 0.0717 -0.9973
vn 0.0205 0.0725 -0.9972
vn -0.9779 0.2067 0.0302
vn -0.9791 0.2022 0.0209
vn -0.9447 0.3262 0.0327
vn -0.9790 0.2009 0.0340
vn -0.9789 0.2014 0.0344
vn -0.9953 0.0966 -0.0041
vn -0.9981 0.0608 -0.0021
vn -0.9999 -0.0156 -0.0035
vn -0.9998 -0.0210 -0.0058
vn -0.8182 0.5749 0.0039
vn -0.5889 0.8065 0.0524
vn -0.9136 0.2760 0.2987
vn -0.9993 -0.0182 -0.0337
vn -0.9999 -0.0149 0.0006
vn -0.9960 -0.0872 0.0188
vn -0.9948 -0.0924 0.0423
vn -0.9967 -0.0760 0.0281
vn -0.9971 -0.0689 0.0327
vn -0.9981 -0.0393 0.0472
vn -0.9982 -0.0476 0.0363
vn -0.9969 -0.0726 0.0289
vn -0.9954 -0.0877 0.0388
vn -0.7035 0.7031 -0.1033
vn -0.3813 0.8809 0.2802
vn -0.9946 0.0442 0.0938
vn -0.8393 0.0400 0.5422
vn 0.9779 0.2067 0.0302
vn 0.9790 0.2009 0.0340
vn 0.9981 0.0608 -0.0021
vn 0.9998 -0.0210 -0.0058
vn 0.9999 -0.0156 -0.0035
vn 0.8183 0.5748 0.0039
vn 0.7738 0.6333 0.0154
vn 0.9833 0.1822 0.0019
vn 0.5889 0.8065 0.0524
vn 0.8689 0.2128 0.4470
vn 0.9993 -0.0183 -0.0337
vn 0.9958 -0.0912 -0.0090
vn 0.9999 -0.0149 0.0006
vn 0.9967 -0.0760 0.0281
vn 0.9948 -0.0924 0.0423
vn 0.9960 -0.0872 0.0188
vn 0.9992 0.0242 0.0305
vn 0.9586 0.2848 -0.0029
vn 0.9982 -0.0476 0.0363
vn 0.9981 -0.0393 0.0472
vn 0.9971 -0.0689 0.0327
vn 0.9512 -0.2318 0.2035
vn 0.9187 -0.3172 0.2353
vn 0.8393 0.0400 0.5422
vn -0.9132 -0.0000 0.4074
vn -0.9133 0.0002 0.4073
vn -0.9133 0.0001 0.4073
vn 0.0909 0.9088 0.4072
vn -0.5236 0.7483 0.4072
vn -0.6110 -0.6789 0.4072
vn -0.6111 -0.6788 0.4072
vn -0.6110 -0.6788 0.4072
vn -0.6109 -0.6789 0.4072
vn 0.6109 -0.6789 0.4072
vn 0.7239 0.5569 0.4072
vn 0.7239 0.5568 0.4072
vn 0.9133 -0.0000 0.4074
vn -0.0909 0.9088 0.4072
vn 0.5237 0.7483 0.4072
vn 0.6110 -0.6788 0.4072
vn 0.6111 -0.6788 0.4072
vn 0.6110 -0.6789 0.4072
vn -0.7239 0.5569 0.4072
vn -0.7240 0.5568 0.4072
vn 0.0002 -0.0000 1.0000
vn 0.9921 0.0709 -0.1040
vn 0.9841 0.0718 -0.1623
vn 0.9903 0.0724 -0.1189
vn 0.9923 0.0717 -0.1012
vn 0.9589 0.2651 -0.1008
vn 0.9446 0.3187 -0.0791
vn 0.9940 0.0702 -0.0833
vn 0.8140 0.5739 -0.0893
vn 0.8322 0.5501 -0.0697
vn 0.9623 0.2652 -0.0601
vn 0.9954 0.0707 -0.0647
vn 0.9954 0.0688 -0.0662
vn 0.9954 0.0744 -0.0597
vn 0.9954 0.0726 -0.0629
vn 0.8175 0.5739 -0.0475
vn -0.6376 0.7685 0.0534
vn -0.6413 0.7671 0.0171
vn -0.5641 0.8256 0.0143
vn -0.5674 0.8221 0.0476
vn -0.9646 0.2511 0.0808
vn -0.9677 0.2497 0.0337
vn -0.9974 0.0640 0.0344
vn -0.9946 0.0621 0.0833
vn -0.9911 -0.1285 0.0340
vn -0.9882 -0.1288 0.0828
vn -0.5586 0.8256 0.0798
vn -0.6352 0.7671 0.0899
vn -0.9892 0.0641 0.1321
vn -0.9598 0.2498 0.1278
vn -0.9830 -0.1285 0.1314
vn -0.5524 0.8323 0.0463
vn -0.5861 0.8096 0.0332
vn -0.5835 0.8095 0.0649
vn -0.1329 0.1605 -0.9780
vn -0.1127 0.2039 -0.9725
vn -0.0944 0.1254 -0.9876
vn -0.1118 0.2068 -0.9720
vn -0.1514 0.2140 -0.9650
vn -0.1026 0.2022 -0.9740
vn -0.1115 0.3262 -0.9387
vn -0.0928 0.4301 -0.8980
vn -0.1158 0.2010 -0.9727
vn -0.1162 0.2015 -0.9726
vn -0.0791 0.0966 -0.9922
vn -0.0813 0.0608 -0.9948
vn -0.0800 -0.0156 -0.9967
vn -0.0777 -0.0208 -0.9968
vn -0.0799 0.6332 -0.7698
vn -0.0722 0.5749 -0.8150
vn -0.0819 0.3679 -0.9263
vn -0.0840 0.1822 -0.9797
vn -0.1014 0.8066 -0.5824
vn -0.5177 0.2128 -0.8287
vn -0.3740 0.2759 -0.8854
vn -0.0767 -0.0723 -0.9944
vn -0.0741 -0.0912 -0.9931
vn -0.0498 -0.0184 -0.9986
vn -0.0931 -0.0435 -0.9947
vn -0.0828 -0.0966 -0.9919
vn -0.0832 -0.0785 -0.9934
vn -0.0841 -0.0147 -0.9964
vn -0.0831 -0.0156 -0.9964
vn -0.1017 -0.0873 -0.9910
vn -0.1250 -0.0926 -0.9878
vn -0.1109 -0.0761 -0.9909
vn -0.1520 -0.0545 -0.9869
vn -0.1157 0.0169 -0.9931
vn -0.1160 -0.0689 -0.9909
vn -0.1303 -0.0394 -0.9907
vn -0.1195 -0.0476 -0.9917
vn -0.1123 -0.0725 -0.9910
vn -0.1220 -0.0876 -0.9886
vn 0.0443 0.7021 -0.7107
vn -0.3095 0.8819 -0.3557
vn -0.1766 0.0444 -0.9833
vn -0.5042 0.0794 -0.8599
vn -0.6319 -0.0618 -0.7726
vn -0.6441 -0.0752 -0.7612
vn -0.6104 0.0400 -0.7911
vn 0.0507 0.2038 0.9777
vn 0.0317 0.1604 0.9865
vn 0.0713 0.1254 0.9895
vn 0.0517 0.2067 0.9770
vn 0.0115 0.2140 0.9768
vn 0.0610 0.2022 0.9775
vn 0.0579 0.4301 0.9009
vn 0.0463 0.3262 0.9442
vn 0.0477 0.2008 0.9785
vn 0.0475 0.2013 0.9784
vn 0.0854 0.0608 0.9945
vn 0.0872 0.0966 0.9915
vn 0.0893 -0.0212 0.9958
vn 0.0870 -0.0156 0.9961
vn 0.0645 0.5749 0.8157
vn 0.0493 0.6332 0.7724
vn 0.0734 0.3679 0.9270
vn 0.0803 0.1822 0.9800
vn -0.0030 0.8066 0.5912
vn -0.3730 0.2128 0.9031
vn -0.2242 0.2801 0.9334
vn 0.1168 -0.0183 0.9930
vn 0.0921 -0.0912 0.9916
vn 0.0898 -0.0723 0.9933
vn 0.0832 -0.0785 0.9934
vn 0.0835 -0.0965 0.9918
vn 0.0738 -0.0435 0.9963
vn 0.0830 -0.0150 0.9964
vn 0.0838 -0.0156 0.9964
vn 0.0551 -0.0761 0.9956
vn 0.0422 -0.0923 0.9948
vn 0.0650 -0.0872 0.9941
vn 0.0530 0.0242 0.9983
vn 0.0825 0.2845 0.9551
vn 0.0470 -0.0476 0.9978
vn 0.0362 -0.0393 0.9986
vn 0.0505 -0.0689 0.9963
vn 0.0219 0.1042 0.9943
vn -0.2382 0.0343 0.9706
vn -0.1233 -0.2319 0.9649
vn -0.1577 -0.3174 0.9351
vn -0.4703 0.0400 0.8816
vn -0.5086 -0.0751 0.8577
vn -0.4945 -0.0618 0.8670
vn -0.2243 0.9743 0.0188
vn -0.2388 0.9710 0.0142
vn -0.0320 0.9995 0.0027
vn -0.0321 0.9995 -0.0043
vn -0.0099 1.0000 0.0008
vn -0.0105 0.9999 -0.0062
vn -0.2379 0.9710 0.0258
vn -0.0309 0.9995 0.0096
vn -0.0093 0.9999 0.0079
vn -0.0835 -0.0000 -0.9965
vn -0.0834 -0.0002 -0.9965
vn -0.0836 -0.0000 -0.9965
vn -0.0835 0.0001 -0.9965
vn -0.0834 0.0002 -0.9965
vn -0.0836 0.0002 -0.9965
vn -0.0835 -0.0001 -0.9965
vn -0.0835 -0.0002 -0.9965
vn -0.9146 -0.3970 0.0767
vn -0.9846 -0.1541 0.0825
vn -0.9181 -0.3887 0.0770
vn -0.7969 -0.6004 0.0668
vn -0.7972 -0.6001 0.0668
vn -0.2934 -0.9557 0.0246
vn 0.9943 -0.0668 -0.0833
vn 0.9943 -0.0666 -0.0833
vn 0.9943 -0.0665 -0.0833
vn 0.7772 -0.6259 -0.0651
vn 0.7772 -0.6258 -0.0651
vn 0.7773 -0.6258 -0.0651
vn 0.3210 -0.9467 -0.0269
vn 0.0198 -0.9998 -0.0017
vn 0.0157 -0.9999 -0.0013
vn 0.0186 -0.9998 -0.0016
vn 0.0064 -1.0000 -0.0005
vn 0.0065 -1.0000 -0.0005
vn -0.0339 -0.9994 0.0028
vn -0.9384 -0.3366 0.0786
vn -0.9936 -0.0766 0.0833
vn -0.9411 -0.3288 0.0789
vn -0.8262 -0.5591 0.0692
vn -0.8262 -0.5591 0.0693
vn -0.2860 -0.9579 0.0240
vn 0.9941 -0.0701 -0.0833
vn 0.9941 -0.0700 -0.0833
vn 0.7880 -0.6121 -0.0660
vn 0.7879 -0.6122 -0.0660
vn 0.3036 -0.9525 -0.0254
vn 0.3037 -0.9524 -0.0254
vn 0.3036 -0.9525 -0.0255
vn 0.0707 -0.9975 -0.0059
vn 0.0835 0.0001 0.9965
vn 0.0829 -0.0000 0.9966
vn 0.0839 0.0001 0.9965
vn 0.0835 -0.0000 0.9965
vn 0.0831 0.0001 0.9965
vn 0.0837 -0.0000 0.9965
vn 0.0949 -0.9955 -0.0080
vn 0.0955 -0.9954 -0.0076
vn 0.0953 -0.9954 -0.0077
vn 0.0953 -0.9954 -0.0083
vn 0.0955 -0.9954 -0.0084
vn -0.9846 -0.1542 0.0825
vn -0.9147 -0.3969 0.0766
vn -0.9181 -0.3888 0.0769
vn -0.7970 -0.6003 0.0668
vn -0.7971 -0.6002 0.0668
vn -0.2935 -0.9557 0.0246
vn 0.9943 -0.0667 -0.0833
vn 0.7773 -0.6257 -0.0651
vn 0.0186 -0.9998 -0.0015
vn -0.9936 -0.0765 0.0833
vn -0.9411 -0.3287 0.0789
vn -0.8262 -0.5592 0.0692
vn -0.2861 -0.9579 0.0240
vn 0.9941 -0.0699 -0.0833
vn 0.7880 -0.6122 -0.0660
vn 0.7879 -0.6123 -0.0660
vn 0.3037 -0.9524 -0.0255
vn -0.4829 0.0025 -0.8757
vn -0.4822 0.0011 -0.8761
vn -0.4822 -0.0002 -0.8761
vn -0.4830 -0.0001 -0.8756
vn -0.4822 0.0005 -0.8761
vn -0.4823 0.0005 -0.8760
vn -0.4837 -0.0001 -0.8752
vn -0.4821 -0.0001 -0.8761
vn -0.3980 0.9089 0.1246
vn -0.3976 0.9091 0.1245
vn -0.3982 0.9088 0.1247
vn -0.4493 0.7483 -0.4880
vn -0.4490 0.7488 -0.4875
vn -0.4491 0.7486 -0.4878
vn -0.4494 0.7482 -0.4881
vn -0.4564 -0.6791 -0.5749
vn -0.4571 -0.6787 -0.5749
vn -0.4567 -0.6789 -0.5749
vn -0.4561 -0.6793 -0.5749
vn -0.4058 -0.9133 0.0340
vn -0.4059 -0.9133 0.0339
vn -0.3546 -0.6791 0.6427
vn -0.3547 -0.6795 0.6423
vn -0.3547 -0.6793 0.6425
vn -0.3546 -0.6790 0.6428
vn -0.3297 -0.0000 0.9441
vn -0.3301 -0.0000 0.9440
vn -0.3285 -0.0000 0.9445
vn -0.3282 -0.0000 0.9446
vn -0.3451 0.5572 0.7553
vn -0.3443 0.5572 0.7557
vn -0.3449 0.5572 0.7554
vn -0.3455 0.5571 0.7551
vn -0.9965 -0.0001 0.0835
vn -0.9965 -0.0000 0.0837
vn -0.9965 -0.0000 0.0836
vn -0.9965 0.0002 0.0836
vn -0.9965 0.0003 0.0836
vn -0.9965 -0.0004 0.0835
vn -0.9965 -0.0000 0.0834
vn 0.9965 -0.0001 -0.0836
vn 0.9965 -0.0001 -0.0837
vn 0.9965 -0.0000 -0.0835
vn 0.9965 -0.0000 -0.0834
vn -0.9965 -0.0002 0.0835
vn -0.9965 -0.0004 0.0834
vn -0.9965 -0.0002 0.0834
vn -0.9965 -0.0000 0.0835
vn 0.9965 0.0001 -0.0835
vn 0.9965 -0.0000 -0.0837
vn 0.9965 -0.0001 -0.0835
vn 0.9965 -0.0001 -0.0834
vn 0.9965 0.0002 -0.0835
vn 0.9965 0.0011 -0.0836
vn 0.9965 0.0002 -0.0836
vn 0.9965 0.0003 -0.0837
vn 0.9965 -0.0002 -0.0835
vn 0.9965 -0.0007 -0.0835
vn -0.3299 0.0001 0.9440
vn -0.3289 -0.0006 0.9444
vn -0.3290 -0.0009 0.9443
vn -0.3373 -0.0000 0.9414
vn -0.3278 -0.0006 0.9447
vn -0.3284 -0.0007 0.9445
vn -0.3297 0.0001 0.9441
vn -0.4133 0.9088 -0.0566
vn -0.4139 0.9086 -0.0567
vn -0.4129 0.9090 -0.0566
vn -0.3622 0.7478 0.5564
vn -0.3619 0.7477 0.5567
vn -0.3624 0.7480 0.5560
vn -0.3626 0.7481 0.5558
vn -0.3546 -0.6789 0.6429
vn -0.3545 -0.6789 0.6430
vn -0.3547 -0.6789 0.6429
vn -0.3548 -0.6789 0.6428
vn -0.4061 -0.9132 0.0339
vn -0.4058 -0.9133 0.0339
vn -0.4568 -0.6788 -0.5749
vn -0.4567 -0.6786 -0.5752
vn -0.4568 -0.6790 -0.5747
vn -0.4568 -0.6791 -0.5746
vn -0.4821 -0.0000 -0.8761
vn -0.4813 -0.0000 -0.8766
vn -0.4815 -0.0000 -0.8764
vn -0.4823 -0.0000 -0.8760
vn -0.4667 0.5567 -0.6873
vn -0.4668 0.5566 -0.6873
vn -0.4666 0.5567 -0.6873
vn -0.4665 0.5568 -0.6873
vn -0.9965 -0.0000 0.0833
vn -0.9965 -0.0000 0.0838
vn -0.9965 -0.0002 0.0836
vn -0.9965 -0.0008 0.0834
vn 0.9965 0.0005 -0.0834
vn 0.9965 0.0003 -0.0834
vn -0.0000 1.0000 -0.0001
vn -0.9965 0.0004 0.0836
vn -0.3079 0.9511 0.0258
vn 0.3079 0.9511 -0.0258
vn 0.3080 0.9510 -0.0258
vn 0.8062 0.5878 -0.0676
vn 0.8063 0.5877 -0.0675
vn 0.8061 0.5879 -0.0676
vn 0.8062 -0.5877 -0.0676
vn 0.8063 -0.5877 -0.0676
vn 0.8062 -0.5878 -0.0675
vn 0.3080 -0.9510 -0.0258
vn 0.3080 -0.9511 -0.0258
vn -0.3079 -0.9511 0.0258
vn -0.8062 -0.5877 0.0676
vn -0.8063 -0.5876 0.0676
vn -0.8062 -0.5878 0.0676
vn -0.8060 -0.5880 0.0675
vn -0.8062 0.5878 0.0676
vn -0.8062 0.5878 0.0675
vn 0.0834 -0.0000 0.9965
vn 0.0836 -0.0000 0.9965
vn 0.0832 -0.0000 0.9965
vn -0.0829 -0.0000 -0.9966
vn -0.0838 -0.0000 -0.9965
vn -0.0834 -0.0000 -0.9965
vn -0.0837 -0.0000 -0.9965
vn 0.3078 0.9511 -0.0258
vn 0.8063 0.5876 -0.0675
vn 0.8063 0.5877 -0.0676
vn 0.8063 -0.5876 -0.0675
vn 0.8063 -0.5877 -0.0675
vn 0.8064 -0.5875 -0.0675
vn 0.3079 -0.9511 -0.0258
vn -0.3078 -0.9511 0.0258
vn -0.3080 -0.9510 0.0258
vn -0.8061 -0.5879 0.0676
vn -0.0840 -0.0000 -0.9965
vn 0.8062 0.5878 -0.0675
vn 0.8061 -0.5879 -0.0676
vn 0.8062 -0.5878 -0.0676
vn 0.8061 -0.5878 -0.0676
vn 0.8061 -0.5879 -0.0675
vn -0.8061 -0.5879 0.0675
vn -0.8062 -0.5878 0.0675
vn -0.8063 -0.5877 0.0676
vn 0.0835 -0.0001 0.9965
vn 0.8061 0.5879 -0.0675
vn 0.8060 -0.5880 -0.0675
vn 0.8063 -0.5876 -0.0676
vn -0.0839 -0.0000 -0.9965
vn 0.8110 0.0709 -0.5807
vn 0.7749 0.0717 -0.6279
vn 0.8020 0.0725 -0.5929
vn 0.8125 0.0717 -0.5786
vn 0.7838 0.2651 -0.5616
vn 0.7820 0.3187 -0.5356
vn 0.8230 0.0702 -0.5637
vn 0.6636 0.5739 -0.4799
vn 0.6889 0.5501 -0.4719
vn 0.8068 0.2652 -0.5279
vn 0.8334 0.0707 -0.5482
vn 0.8326 0.0690 -0.5495
vn 0.8358 0.0744 -0.5440
vn 0.8342 0.0726 -0.5467
vn 0.6872 0.5740 -0.4453
vn -0.5279 0.7685 0.3616
vn -0.5490 0.7671 0.3318
vn -0.4833 0.8256 0.2912
vn -0.4698 0.8221 0.3218
vn -0.7986 0.2512 0.5470
vn -0.8245 0.2500 0.5076
vn -0.8500 0.0642 0.5229
vn -0.8234 0.0621 0.5640
vn -0.8448 -0.1285 0.5194
vn -0.8181 -0.1289 0.5604
vn -0.4461 0.8256 0.3455
vn -0.5077 0.7671 0.3920
vn -0.7946 0.0641 0.6037
vn -0.7712 0.2498 0.5855
vn -0.7896 -0.1285 0.6001
vn -0.4573 0.8323 0.3133
vn -0.4931 0.8096 0.3185
vn -0.4751 0.8096 0.3448
vn -0.5989 0.1604 -0.7846
vn -0.5789 0.2035 -0.7896
vn -0.5702 0.1254 -0.8119
vn -0.5777 0.2067 -0.7897
vn -0.6085 0.2140 -0.7641
vn -0.5706 0.2021 -0.7960
vn -0.5609 0.3262 -0.7609
vn -0.5245 0.4301 -0.7348
vn -0.5816 0.2007 -0.7883
vn -0.5818 0.2013 -0.7880
vn -0.5591 0.0967 -0.8234
vn -0.5624 0.0610 -0.8246
vn -0.5621 -0.0156 -0.8269
vn -0.5602 -0.0214 -0.8281
vn -0.4500 0.6332 -0.6297
vn -0.4656 0.5749 -0.6728
vn -0.5290 0.3679 -0.7647
vn -0.5572 0.1823 -0.8101
vn -0.3761 0.8065 -0.4562
vn -0.8597 0.2130 -0.4643
vn -0.7627 0.2760 -0.5849
vn -0.5582 -0.0723 -0.8266
vn -0.5553 -0.0913 -0.8266
vn -0.5370 -0.0181 -0.8434
vn -0.5725 -0.0436 -0.8187
vn -0.5622 -0.0965 -0.8213
vn -0.5634 -0.0786 -0.8224
vn -0.5655 -0.0146 -0.8246
vn -0.5648 -0.0156 -0.8251
vn -0.5781 -0.0871 -0.8113
vn -0.5965 -0.0922 -0.7973
vn -0.5869 -0.0761 -0.8061
vn -0.6195 -0.0547 -0.7831
vn -0.5914 0.0169 -0.8062
vn -0.5903 -0.0689 -0.8042
vn -0.6031 -0.0391 -0.7967
vn -0.5941 -0.0475 -0.8030
vn -0.5871 -0.0726 -0.8063
vn -0.5943 -0.0878 -0.7994
vn -0.3119 0.7049 -0.6370
vn -0.4473 0.8806 -0.1563
vn -0.6395 0.0443 -0.7675
vn -0.8634 0.0794 -0.4983
vn -0.9312 -0.0617 -0.3593
vn -0.9363 -0.0750 -0.3432
vn -0.9217 0.0400 -0.3859
vn 0.5270 0.2040 0.8250
vn 0.5152 0.1605 0.8419
vn 0.5511 0.1254 0.8250
vn 0.5275 0.2068 0.8240
vn 0.4926 0.2140 0.8435
vn 0.5361 0.2022 0.8196
vn 0.4956 0.4302 0.7545
vn 0.5069 0.3262 0.7979
vn 0.5254 0.2012 0.8267
vn 0.5249 0.2014 0.8270
vn 0.5658 0.0608 0.8223
vn 0.5658 0.0966 0.8189
vn 0.5698 -0.0210 0.8215
vn 0.5679 -0.0156 0.8229
vn 0.4593 0.5747 0.6773
vn 0.4245 0.6334 0.6470
vn 0.5220 0.3678 0.7696
vn 0.5541 0.1822 0.8122
vn 0.2897 0.8064 0.5156
vn 0.1219 0.2128 0.9695
vn 0.2665 0.2801 0.9222
vn 0.5926 -0.0180 0.8053
vn 0.5702 -0.0914 0.8164
vn 0.5691 -0.0723 0.8191
vn 0.5634 -0.0785 0.8224
vn 0.5628 -0.0966 0.8209
vn 0.5565 -0.0434 0.8297
vn 0.5646 -0.0147 0.8253
vn 0.5653 -0.0156 0.8247
vn 0.5401 -0.0761 0.8381
vn 0.5269 -0.0926 0.8449
vn 0.5473 -0.0873 0.8324
vn 0.5396 0.0242 0.8416
vn 0.5436 0.2849 0.7895
vn 0.5340 -0.0476 0.8441
vn 0.5246 -0.0394 0.8504
vn 0.5365 -0.0689 0.8411
vn 0.5105 0.1043 0.8535
vn 0.2728 0.0343 0.9615
vn 0.3697 -0.2318 0.8998
vn 0.3251 -0.3172 0.8909
vn 0.0268 0.0400 0.9988
vn -0.0180 -0.0751 0.9970
vn -0.0013 -0.0618 0.9981
vn -0.1857 0.9743 0.1272
vn -0.2006 0.9710 0.1304
vn -0.0265 0.9995 0.0182
vn -0.0300 0.9995 0.0121
vn -0.0082 1.0000 0.0056
vn -0.0122 0.9999 -0.0002
vn -0.1941 0.9710 0.1400
vn -0.0221 0.9995 0.0236
vn -0.0042 0.9999 0.0115
vn -0.5651 0.0001 -0.8250
vn -0.5653 0.0003 -0.8249
vn -0.5651 -0.0001 -0.8250
vn -0.5651 -0.0000 -0.8250
vn -0.5652 -0.0000 -0.8250
vn -0.5654 -0.0000 -0.8248
vn -0.5650 -0.0001 -0.8251
vn -0.7573 -0.3968 0.5187
vn -0.8152 -0.1541 0.5583
vn -0.8151 -0.1542 0.5584
vn -0.7601 -0.3888 0.5207
vn -0.6598 -0.6003 0.4520
vn -0.2429 -0.9557 0.1664
vn 0.8232 -0.0667 -0.5639
vn 0.8232 -0.0667 -0.5638
vn 0.8231 -0.0667 -0.5639
vn 0.8231 -0.0668 -0.5639
vn 0.6435 -0.6257 -0.4409
vn 0.6435 -0.6257 -0.4408
vn 0.6435 -0.6258 -0.4408
vn 0.2657 -0.9467 -0.1820
vn 0.0164 -0.9998 -0.0112
vn 0.0130 -0.9999 -0.0089
vn 0.0154 -0.9998 -0.0105
vn 0.0053 -1.0000 -0.0036
vn 0.0054 -1.0000 -0.0037
vn -0.0281 -0.9994 0.0192
vn -0.7769 -0.3365 0.5322
vn -0.8226 -0.0766 0.5634
vn -0.8225 -0.0766 0.5635
vn -0.7791 -0.3287 0.5338
vn -0.6841 -0.5590 0.4686
vn -0.6840 -0.5591 0.4685
vn -0.2368 -0.9579 0.1622
vn -0.2369 -0.9579 0.1622
vn -0.2367 -0.9579 0.1622
vn -0.2367 -0.9580 0.1621
vn 0.8230 -0.0700 -0.5637
vn 0.8230 -0.0699 -0.5637
vn 0.8230 -0.0703 -0.5637
vn 0.8230 -0.0704 -0.5637
vn 0.6524 -0.6121 -0.4469
vn 0.6524 -0.6121 -0.4468
vn 0.6523 -0.6122 -0.4469
vn 0.2514 -0.9524 -0.1722
vn 0.0585 -0.9975 -0.0401
vn 0.5652 -0.0000 0.8250
vn 0.5652 -0.0000 0.8249
vn 0.5653 -0.0000 0.8249
vn 0.5651 0.0001 0.8250
vn 0.5651 -0.0000 0.8250
vn 0.5654 -0.0000 0.8248
vn 0.0786 -0.9955 -0.0538
vn 0.0792 -0.9954 -0.0538
vn 0.0790 -0.9954 -0.0538
vn 0.0787 -0.9954 -0.0543
vn 0.0788 -0.9954 -0.0545
vn -0.8152 -0.1542 0.5584
vn -0.6599 -0.6002 0.4520
vn -0.6598 -0.6004 0.4520
vn -0.2428 -0.9557 0.1664
vn 0.8232 -0.0668 -0.5639
vn 0.8232 -0.0664 -0.5638
vn 0.8232 -0.0665 -0.5639
vn 0.8231 -0.0669 -0.5639
vn 0.6436 -0.6257 -0.4408
vn 0.6434 -0.6259 -0.4408
vn 0.6435 -0.6259 -0.4408
vn 0.2658 -0.9467 -0.1821
vn -0.7769 -0.3365 0.5321
vn -0.7792 -0.3288 0.5337
vn -0.6840 -0.5592 0.4685
vn 0.8230 -0.0698 -0.5637
vn 0.6523 -0.6122 -0.4468
vn 0.6525 -0.6120 -0.4468
vn 0.6523 -0.6123 -0.4468
vn -0.8516 -0.0025 -0.5243
vn -0.8511 -0.0006 -0.5250
vn -0.8520 -0.0002 -0.5236
vn -0.8527 0.0001 -0.5223
vn -0.8517 0.0010 -0.5240
vn -0.8514 0.0006 -0.5245
vn -0.8520 -0.0000 -0.5236
vn -0.8519 -0.0003 -0.5237
vn -0.2846 0.9088 0.3050
vn -0.2850 0.9087 0.3052
vn -0.2843 0.9090 0.3049
vn -0.6310 0.7490 -0.2020
vn -0.6316 0.7485 -0.2023
vn -0.6313 0.7487 -0.2022
vn -0.6308 0.7492 -0.2020
vn -0.6805 -0.6797 -0.2739
vn -0.6811 -0.6791 -0.2736
vn -0.6808 -0.6794 -0.2737
vn -0.6802 -0.6799 -0.2740
vn -0.3358 -0.9134 0.2301
vn -0.3368 -0.9130 0.2303
vn -0.3359 -0.9134 0.2301
vn -0.3351 -0.9137 0.2300
vn 0.0091 -0.6790 0.7341
vn 0.0093 -0.6786 0.7344
vn 0.0092 -0.6788 0.7342
vn 0.0091 -0.6791 0.7340
vn 0.1803 -0.0000 0.9836
vn 0.1802 -0.0000 0.9836
vn 0.1806 -0.0000 0.9836
vn 0.1806 -0.0000 0.9835
vn 0.0732 0.5567 0.8275
vn 0.0731 0.5568 0.8274
vn -0.8252 0.0001 0.5648
vn -0.8253 -0.0000 0.5646
vn -0.8250 -0.0000 0.5652
vn -0.8248 -0.0003 0.5654
vn -0.8249 -0.0005 0.5653
vn -0.8252 0.0003 0.5648
vn -0.8251 0.0009 0.5650
vn -0.8255 -0.0000 0.5644
vn 0.8252 0.0004 -0.5648
vn 0.8258 0.0007 -0.5640
vn 0.8249 0.0002 -0.5652
vn 0.8245 -0.0000 -0.5659
vn -0.8250 0.0002 0.5652
vn -0.8250 0.0004 0.5651
vn -0.8249 -0.0000 0.5653
vn 0.8249 -0.0000 -0.5653
vn 0.8250 -0.0000 -0.5651
vn 0.8257 -0.0000 -0.5641
vn 0.8253 -0.0000 -0.5647
vn 0.8248 -0.0000 -0.5655
vn 0.8245 -0.0000 -0.5658
vn 0.8248 -0.0000 -0.5654
vn 0.8247 -0.0000 -0.5655
vn 0.8250 0.0002 -0.5651
vn 0.8249 -0.0001 -0.5652
vn 0.8251 -0.0000 -0.5650
vn 0.8252 0.0001 -0.5649
vn 0.8253 0.0011 -0.5646
vn 0.1797 -0.0000 0.9837
vn 0.1801 0.0003 0.9837
vn 0.1840 -0.0000 0.9829
vn 0.1832 -0.0000 0.9831
vn 0.1808 -0.0002 0.9835
vn 0.1807 -0.0003 0.9835
vn 0.1805 -0.0000 0.9836
vn -0.3873 0.9088 0.1551
vn -0.3868 0.9091 0.1550
vn -0.3877 0.9086 0.1553
vn -0.0401 0.7481 0.6624
vn -0.0401 0.7480 0.6625
vn -0.0400 0.7482 0.6623
vn -0.0400 0.7483 0.6622
vn 0.0089 -0.6791 0.7340
vn 0.0093 -0.6792 0.7339
vn 0.0086 -0.6790 0.7341
vn 0.0083 -0.6790 0.7341
vn -0.3356 -0.9134 0.2302
vn -0.3349 -0.9137 0.2300
vn -0.3361 -0.9132 0.2304
vn -0.6811 -0.6790 -0.2739
vn -0.6814 -0.6787 -0.2741
vn -0.6809 -0.6793 -0.2738
vn -0.6807 -0.6795 -0.2737
vn -0.8522 -0.0000 -0.5232
vn -0.8521 -0.0000 -0.5234
vn -0.8521 -0.0000 -0.5233
vn -0.8522 -0.0000 -0.5231
vn -0.7451 0.5571 -0.3666
vn -0.7450 0.5573 -0.3666
vn -0.7452 0.5570 -0.3667
vn -0.7453 0.5568 -0.3667
vn -0.8253 -0.0004 0.5647
vn -0.8261 -0.0000 0.5635
vn -0.8259 -0.0001 0.5638
vn -0.8249 0.0001 0.5653
vn -0.8246 0.0002 0.5658
vn -0.8249 0.0002 0.5652
vn -0.8252 -0.0011 0.5649
vn -0.8253 -0.0047 0.5647
vn 0.8247 -0.0002 -0.5656
vn 0.8245 -0.0005 -0.5659
vn 0.8249 -0.0003 -0.5653
vn 0.8250 -0.0000 -0.5652
vn -0.8253 0.0001 0.5647
vn -0.8252 0.0001 0.5649
vn -0.8250 -0.0000 0.5651
vn -0.8253 -0.0000 0.5647
vn -0.2549 0.9511 0.1746
vn -0.2550 0.9510 0.1747
vn 0.2549 0.9511 -0.1746
vn 0.2550 0.9510 -0.1746
vn 0.6675 0.5878 -0.4572
vn 0.6675 0.5878 -0.4571
vn 0.6675 0.5877 -0.4572
vn 0.6675 0.5877 -0.4573
vn 0.6675 -0.5878 -0.4572
vn 0.6675 -0.5878 -0.4571
vn 0.6674 -0.5878 -0.4572
vn 0.6674 -0.5877 -0.4573
vn 0.2549 -0.9511 -0.1746
vn 0.2549 -0.9511 -0.1747
vn -0.2549 -0.9511 0.1746
vn -0.2549 -0.9510 0.1747
vn -0.2550 -0.9510 0.1747
vn -0.6674 -0.5878 0.4572
vn -0.6675 -0.5878 0.4571
vn -0.6674 0.5879 0.4572
vn -0.6672 0.5881 0.4571
vn -0.6675 0.5878 0.4572
vn -0.6676 0.5875 0.4572
vn 0.5650 -0.0000 0.8251
vn 0.5651 -0.0001 0.8250
vn 0.5652 0.0001 0.8250
vn 0.5651 -0.0002 0.8250
vn -0.5650 -0.0000 -0.8251
vn -0.5652 -0.0001 -0.8250
vn -0.5652 0.0002 -0.8249
vn -0.2550 0.9510 0.1746
vn -0.2550 0.9511 0.1746
vn 0.2550 0.9511 -0.1746
vn 0.6674 0.5878 -0.4572
vn 0.6675 -0.5877 -0.4573
vn 0.6675 -0.5877 -0.4572
vn 0.6674 -0.5879 -0.4571
vn 0.2550 -0.9511 -0.1746
vn -0.2550 -0.9511 0.1746
vn -0.2550 -0.9510 0.1746
vn -0.6675 -0.5877 0.4572
vn -0.6675 -0.5878 0.4572
vn -0.6673 -0.5879 0.4572
vn -0.8249 -0.0000 0.5652
vn -0.6675 0.5877 0.4572
vn -0.6674 0.5879 0.4571
vn -0.6675 0.5878 0.4571
vn -0.6676 0.5876 0.4572
vn -0.5652 -0.0000 -0.8249
vn -0.5661 -0.0000 -0.8243
vn 0.5651 -0.0000 0.8251
vn 0.5650 -0.0001 0.8251
vn 0.5652 0.0002 0.8250
vn 0.5652 -0.0003 0.8249
vn 0.6676 0.5877 -0.4572
vn 0.6673 0.5879 -0.4572
vn 0.6677 0.5875 -0.4571
vn 0.6675 -0.5876 -0.4573
vn 0.6674 -0.5880 -0.4571
vn -0.6674 -0.5879 0.4572
vn -0.6673 -0.5880 0.4572
vn -0.5649 -0.0000 -0.8251
vn -0.5656 -0.0000 -0.8247
vn 0.5652 -0.0007 0.8249
vn 0.5649 -0.0000 0.8252
vn -0.2549 0.9511 0.1747
vn -0.2549 0.9510 0.1747
vn 0.2550 0.9510 -0.1747
vn 0.6676 0.5878 -0.4570
vn 0.6674 -0.5878 -0.4573
vn 0.2550 -0.9510 -0.1746
vn -0.6674 0.5878 0.4572
vn -0.6673 0.5879 0.4572
vn 0.5656 -0.0000 0.8246
vn 0.7756 0.0717 -0.6272
vn 0.8023 0.0725 -0.5924
vn 0.8123 0.0718 -0.5789
vn 0.7838 0.2652 -0.5616
vn 0.6634 0.5742 -0.4798
vn 0.6890 0.5501 -0.4719
vn 0.8333 0.0707 -0.5482
vn 0.8358 0.0743 -0.5439
vn 0.8342 0.0725 -0.5466
vn -0.4834 0.8256 0.2912
vn -0.4698 0.8220 0.3218
vn -0.7986 0.2511 0.5470
vn -0.8246 0.2499 0.5076
vn -0.8448 -0.1284 0.5194
vn -0.8181 -0.1288 0.5604
vn -0.5077 0.7671 0.3921
vn -0.7946 0.0640 0.6037
vn -0.7895 -0.1286 0.6001
vn -0.4573 0.8323 0.3132
vn -0.4751 0.8096 0.3447
vn -0.5793 0.2037 -0.7893
vn -0.5775 0.2069 -0.7897
vn -0.6084 0.2141 -0.7642
vn -0.5706 0.2022 -0.7960
vn -0.5811 0.2009 -0.7887
vn -0.5814 0.2014 -0.7883
vn -0.5592 0.0966 -0.8234
vn -0.5622 -0.0155 -0.8269
vn -0.5602 -0.0212 -0.8281
vn -0.4500 0.6333 -0.6297
vn -0.4656 0.5749 -0.6729
vn -0.5291 0.3679 -0.7647
vn -0.5572 0.1822 -0.8101
vn -0.3758 0.8068 -0.4560
vn -0.8597 0.2131 -0.4642
vn -0.7627 0.2761 -0.5849
vn -0.5582 -0.0723 -0.8265
vn -0.5553 -0.0912 -0.8266
vn -0.5370 -0.0183 -0.8434
vn -0.5726 -0.0436 -0.8187
vn -0.5622 -0.0963 -0.8213
vn -0.5656 -0.0146 -0.8246
vn -0.5787 -0.0872 -0.8108
vn -0.5979 -0.0924 -0.7962
vn -0.5869 -0.0760 -0.8061
vn -0.6197 -0.0544 -0.7830
vn -0.5915 0.0170 -0.8061
vn -0.5907 -0.0689 -0.8040
vn -0.6031 -0.0393 -0.7967
vn -0.5942 -0.0476 -0.8029
vn -0.5875 -0.0726 -0.8060
vn -0.5947 -0.0877 -0.7992
vn -0.3115 0.7040 -0.6382
vn -0.4466 0.8809 -0.1564
vn -0.6398 0.0433 -0.7673
vn -0.8634 0.0793 -0.4983
vn -0.9312 -0.0618 -0.3593
vn -0.9363 -0.0751 -0.3432
vn -0.9217 0.0399 -0.3859
vn 0.5271 0.2039 0.8250
vn 0.5152 0.1604 0.8419
vn 0.5511 0.1253 0.8250
vn 0.5277 0.2067 0.8239
vn 0.4927 0.2141 0.8435
vn 0.5361 0.2021 0.8196
vn 0.5070 0.3262 0.7979
vn 0.5249 0.2009 0.8271
vn 0.5247 0.2014 0.8271
vn 0.5658 0.0610 0.8223
vn 0.5658 0.0966 0.8188
vn 0.5698 -0.0205 0.8215
vn 0.5679 -0.0157 0.8229
vn 0.4593 0.5748 0.6773
vn 0.4245 0.6333 0.6470
vn 0.2895 0.8065 0.5154
vn 0.1225 0.2128 0.9694
vn 0.2665 0.2802 0.9222
vn 0.5924 -0.0182 0.8054
vn 0.5703 -0.0912 0.8164
vn 0.5691 -0.0724 0.8191
vn 0.5634 -0.0785 0.8225
vn 0.5627 -0.0966 0.8210
vn 0.5646 -0.0146 0.8252
vn 0.5654 -0.0156 0.8247
vn 0.5401 -0.0761 0.8382
vn 0.5257 -0.0924 0.8456
vn 0.5467 -0.0872 0.8327
vn 0.5439 0.2851 0.7893
vn 0.5337 -0.0476 0.8444
vn 0.5241 -0.0394 0.8508
vn 0.5365 -0.0688 0.8411
vn 0.5104 0.1041 0.8536
vn 0.2727 0.0342 0.9615
vn 0.3702 -0.2323 0.8994
vn 0.3256 -0.3178 0.8905
vn 0.0270 0.0400 0.9988
vn -0.0180 -0.0750 0.9970
vn -0.0013 -0.0617 0.9981
vn -0.1857 0.9744 0.1272
vn -0.1940 0.9710 0.1400
vn -0.5652 0.0003 -0.8249
vn -0.5657 0.0003 -0.8246
vn -0.5651 -0.0001 -0.8251
vn -0.7572 -0.3970 0.5187
vn -0.8151 -0.1543 0.5584
vn -0.8151 -0.1541 0.5584
vn -0.7601 -0.3887 0.5207
vn -0.6597 -0.6004 0.4519
vn -0.2430 -0.9556 0.1664
vn 0.8232 -0.0666 -0.5639
vn 0.8232 -0.0665 -0.5638
vn 0.2658 -0.9467 -0.1820
vn -0.7768 -0.3366 0.5322
vn -0.8226 -0.0766 0.5635
vn -0.7791 -0.3289 0.5337
vn -0.6840 -0.5593 0.4684
vn 0.8230 -0.0699 -0.5638
vn 0.8230 -0.0700 -0.5638
vn 0.6523 -0.6121 -0.4469
vn 0.6524 -0.6122 -0.4468
vn 0.5642 -0.0000 0.8256
vn 0.5651 -0.0001 0.8251
vn 0.0793 -0.9954 -0.0539
vn -0.8152 -0.1540 0.5583
vn -0.8152 -0.1543 0.5583
vn -0.7573 -0.3969 0.5187
vn -0.7601 -0.3888 0.5206
vn -0.6598 -0.6003 0.4519
vn -0.6596 -0.6006 0.4519
vn -0.2430 -0.9557 0.1664
vn 0.8232 -0.0666 -0.5638
vn 0.6436 -0.6256 -0.4409
vn 0.6436 -0.6256 -0.4408
vn -0.8226 -0.0765 0.5635
vn -0.7769 -0.3364 0.5322
vn 0.8230 -0.0701 -0.5637
vn 0.8230 -0.0702 -0.5637
vn -0.8528 -0.0000 -0.5223
vn -0.8533 0.0001 -0.5215
vn -0.8510 -0.0000 -0.5251
vn -0.8524 0.0003 -0.5228
vn -0.8526 0.0003 -0.5225
vn -0.8514 -0.0000 -0.5245
vn -0.2846 0.9088 0.3052
vn -0.2853 0.9084 0.3055
vn -0.2846 0.9088 0.3053
vn -0.2839 0.9090 0.3050
vn -0.6318 0.7484 -0.2020
vn -0.6334 0.7469 -0.2023
vn -0.6326 0.7476 -0.2022
vn -0.6313 0.7488 -0.2019
vn -0.6811 -0.6789 -0.2741
vn -0.6821 -0.6781 -0.2738
vn -0.6815 -0.6786 -0.2740
vn -0.6808 -0.6792 -0.2742
vn -0.3359 -0.9133 0.2302
vn -0.3360 -0.9133 0.2303
vn 0.0091 -0.6787 0.7343
vn 0.0093 -0.6794 0.7338
vn 0.0092 -0.6790 0.7341
vn 0.0091 -0.6785 0.7345
vn 0.1804 -0.0000 0.9836
vn 0.1808 -0.0000 0.9835
vn 0.1809 -0.0000 0.9835
vn 0.0727 0.5569 0.8274
vn 0.0722 0.5571 0.8273
vn 0.0726 0.5570 0.8274
vn 0.0730 0.5568 0.8274
vn -0.8243 -0.0000 0.5662
vn -0.8250 -0.0001 0.5652
vn -0.8250 -0.0003 0.5652
vn -0.8247 -0.0003 0.5656
vn -0.8251 -0.0000 0.5649
vn -0.8247 -0.0000 0.5655
vn -0.8248 -0.0000 0.5655
vn 0.8254 0.0007 -0.5645
vn 0.8251 0.0002 -0.5649
vn -0.8252 -0.0000 0.5649
vn 0.8249 -0.0001 -0.5653
vn 0.8246 -0.0000 -0.5658
vn 0.8252 0.0001 -0.5648
vn 0.8250 -0.0001 -0.5652
vn 0.8248 -0.0005 -0.5654
vn 0.8251 0.0001 -0.5650
vn 0.8252 -0.0001 -0.5649
vn 0.8250 0.0001 -0.5651
vn 0.8248 0.0003 -0.5654
vn 0.8251 -0.0002 -0.5650
vn 0.8249 -0.0006 -0.5652
vn 0.8252 0.0011 -0.5648
vn 0.1795 -0.0000 0.9838
vn 0.1755 0.0001 0.9845
vn 0.1770 0.0006 0.9842
vn 0.1876 -0.0000 0.9823
vn 0.1796 -0.0002 0.9837
vn 0.1798 -0.0003 0.9837
vn 0.1791 0.0001 0.9838
vn -0.3873 0.9088 0.1552
vn -0.3875 0.9087 0.1550
vn -0.3871 0.9088 0.1553
vn -0.0406 0.7482 0.6623
vn -0.0409 0.7481 0.6623
vn -0.0402 0.7482 0.6622
vn 0.0108 -0.6789 0.7342
vn 0.0120 -0.6788 0.7342
vn 0.0099 -0.6789 0.7341
vn -0.3353 -0.9136 0.2298
vn -0.6807 -0.6794 -0.2738
vn -0.6813 -0.6788 -0.2740
vn -0.6815 -0.6785 -0.2741
vn -0.8525 -0.0000 -0.5227
vn -0.8520 -0.0000 -0.5235
vn -0.8526 -0.0000 -0.5225
vn -0.7449 0.5572 -0.3668
vn -0.7449 0.5572 -0.3669
vn -0.7449 0.5571 -0.3671
vn -0.8251 -0.0002 0.5650
vn -0.8248 0.0002 0.5654
vn -0.8248 0.0003 0.5654
vn -0.8247 -0.0007 0.5655
vn -0.8248 -0.0031 0.5655
vn 0.8251 0.0002 -0.5650
vn 0.8249 0.0005 -0.5653
vn 0.8250 0.0003 -0.5651
vn 0.8252 -0.0000 -0.5648
vn -0.8249 -0.0004 0.5653
vn -0.8247 -0.0007 0.5656
vn -0.8249 -0.0003 0.5652
vn 0.6674 0.5879 -0.4571
vn 0.6673 -0.5879 -0.4572
vn 0.5652 -0.0001 0.8250
vn 0.5649 -0.0000 0.8251
vn 0.5653 0.0001 0.8249
vn 0.5650 0.0001 0.8251
vn 0.5652 0.0001 0.8249
vn -0.5651 -0.0000 -0.8251
vn 0.6674 0.5877 -0.4573
vn 0.6673 0.5878 -0.4573
vn 0.6674 0.5878 -0.4573
vn 0.6672 -0.5878 -0.4574
vn 0.6676 -0.5877 -0.4571
vn 0.2550 -0.9510 -0.1747
vn -0.6676 -0.5876 0.4572
vn -0.6674 0.5877 0.4573
vn -0.5650 0.0002 -0.8251
vn 0.5648 -0.0000 0.8253
vn 0.5652 0.0003 0.8250
vn 0.2549 0.9511 -0.1747
vn 0.6672 0.5879 -0.4574
vn 0.6671 -0.5880 -0.4574
vn 0.6677 -0.5875 -0.4572
vn -0.2549 -0.9511 0.1747
vn -0.6675 -0.5876 0.4572
vn -0.6675 -0.5876 0.4573
vn -0.6675 0.5876 0.4572
vn -0.5658 -0.0000 -0.8246
vn 0.5652 -0.0005 0.8249
vn 0.5650 0.0002 0.8251
vn 0.6674 0.5880 -0.4570
vn 0.6673 0.5879 -0.4573
vn 0.6673 0.5878 -0.4574
vn 0.6674 -0.5879 -0.4572
vn 0.5652 -0.0001 0.8249
vn -0.5651 -0.0003 -0.8250
vn 0.3262 0.0709 0.9426
vn 0.3797 0.0719 0.9223
vn 0.3415 0.0723 0.9371
vn 0.3237 0.0717 0.9434
vn 0.3156 0.2651 0.9111
vn 0.2913 0.3187 0.9020
vn 0.3066 0.0702 0.9492
vn 0.2715 0.5739 0.7726
vn 0.2567 0.5501 0.7947
vn 0.2768 0.2651 0.9236
vn 0.2887 0.0707 0.9548
vn 0.2902 0.0688 0.9545
vn 0.2838 0.0743 0.9560
vn 0.2869 0.0726 0.9552
vn 0.2317 0.5736 0.7857
vn -0.1966 0.7685 -0.6089
vn -0.1621 0.7671 -0.6207
vn -0.1418 0.8256 -0.5461
vn -0.1750 0.8221 -0.5418
vn -0.2975 0.2511 -0.9211
vn -0.2523 0.2498 -0.9348
vn -0.2597 0.0640 -0.9636
vn -0.3067 0.0621 -0.9498
vn -0.2579 -0.1286 -0.9576
vn -0.3047 -0.1288 -0.9437
vn -0.2044 0.8256 -0.5259
vn -0.2316 0.7671 -0.5982
vn -0.3529 0.0640 -0.9335
vn -0.3421 0.2498 -0.9058
vn -0.3509 -0.1287 -0.9275
vn -0.1704 0.8323 -0.5275
vn -0.1652 0.8096 -0.5633
vn -0.1955 0.8096 -0.5535
vn 0.9224 0.1605 -0.3512
vn 0.9215 0.2040 -0.3304
vn 0.9405 0.1255 -0.3159
vn 0.9214 0.2065 -0.3292
vn 0.9056 0.2140 -0.3662
vn 0.9253 0.2022 -0.3208
vn 0.8889 0.3264 -0.3214
vn 0.8535 0.4301 -0.2940
vn 0.9213 0.2007 -0.3330
vn 0.9210 0.2013 -0.3335
vn 0.9484 0.0966 -0.3020
vn 0.9505 0.0607 -0.3048
vn 0.9526 -0.0156 -0.3040
vn 0.9532 -0.0216 -0.3017
vn 0.7316 0.6333 -0.2524
vn 0.7775 0.5748 -0.2551
vn 0.8836 0.3678 -0.2898
vn 0.9351 0.1822 -0.3039
vn 0.5437 0.8070 -0.2306
vn 0.6895 0.2126 -0.6924
vn 0.7775 0.2759 -0.5651
vn 0.9511 -0.0724 -0.3002
vn 0.9504 -0.0911 -0.2974
vn 0.9613 -0.0184 -0.2750
vn 0.9477 -0.0434 -0.3163
vn 0.9473 -0.0962 -0.3056
vn 0.9487 -0.0785 -0.3064
vn 0.9513 -0.0148 -0.3078
vn 0.9516 -0.0156 -0.3069
vn 0.9420 -0.0870 -0.3242
vn 0.9335 -0.0921 -0.3465
vn 0.9398 -0.0763 -0.3331
vn 0.9267 -0.0549 -0.3717
vn 0.9410 0.0169 -0.3379
vn 0.9388 -0.0690 -0.3374
vn 0.9353 -0.0397 -0.3517
vn 0.9388 -0.0478 -0.3412
vn 0.9399 -0.0726 -0.3337
vn 0.9353 -0.0879 -0.3427
vn 0.7013 0.7030 -0.1182
vn 0.2768 0.8803 -0.3853
vn 0.2766 0.8804 -0.3853
vn 0.9178 0.0434 -0.3947
vn 0.7232 0.0796 -0.6860
vn 0.6091 -0.0617 -0.7907
vn 0.5951 -0.0751 -0.8002
vn 0.6321 0.0401 -0.7739
vn -0.9409 0.2038 0.2706
vn -0.9537 0.1604 0.2546
vn -0.9476 0.1254 0.2938
vn -0.9400 0.2065 0.2716
vn -0.9487 0.2142 0.2326
vn -0.9382 0.2022 0.2810
vn -0.8643 0.4302 0.2607
vn -0.9091 0.3262 0.2592
vn -0.9423 0.2001 0.2685
vn -0.9422 0.2010 0.2680
vn -0.9492 0.0610 0.3087
vn -0.9459 0.0965 0.3097
vn -0.9496 -0.0205 0.3128
vn -0.9504 -0.0156 0.3106
vn -0.7797 0.5751 0.2477
vn -0.7410 0.6333 0.2231
vn -0.8862 0.3679 0.2817
vn -0.9362 0.1822 0.3004
vn -0.5765 0.8065 0.1311
vn -0.9642 0.2129 -0.1583
vn -0.9599 0.2802 -0.0066
vn -0.9405 -0.0185 0.3392
vn -0.9448 -0.0914 0.3146
vn -0.9471 -0.0724 0.3128
vn -0.9487 -0.0784 0.3064
vn -0.9471 -0.0968 0.3061
vn -0.9537 -0.0433 0.2977
vn -0.9517 -0.0159 0.3068
vn -0.9514 -0.0156 0.3076
vn -0.9570 -0.0761 0.2799
vn -0.9596 -0.0925 0.2657
vn -0.9535 -0.0873 0.2884
vn -0.9602 0.0242 0.2781
vn -0.9112 0.2852 0.2973
vn -0.9611 -0.0474 0.2722
vn -0.9644 -0.0391 0.2617
vn -0.9589 -0.0688 0.2753
vn -0.9635 0.1041 0.2468
vn -0.9993 0.0343 -0.0118
vn -0.9684 -0.2287 0.0990
vn -0.9478 -0.3135 0.0588
vn -0.9653 0.0400 -0.2581
vn -0.9507 -0.0753 -0.3009
vn -0.9565 -0.0619 -0.2850
vn -0.0692 0.9743 -0.2142
vn -0.0680 0.9710 -0.2294
vn -0.0099 0.9995 -0.0306
vn -0.0030 0.9995 -0.0322
vn -0.0031 1.0000 -0.0095
vn 0.0037 0.9999 -0.0116
vn -0.0790 0.9710 -0.2258
vn -0.0164 0.9995 -0.0279
vn -0.0098 0.9999 -0.0073
vn 0.9516 0.0001 -0.3073
vn 0.9516 0.0007 -0.3073
vn 0.9516 0.0002 -0.3073
vn 0.9516 -0.0000 -0.3073
vn 0.9516 0.0006 -0.3073
vn 0.9516 -0.0003 -0.3073
vn -0.2821 -0.3969 -0.8734
vn -0.3036 -0.1543 -0.9402
vn -0.3037 -0.1542 -0.9402
vn -0.2831 -0.3888 -0.8768
vn -0.2458 -0.6003 -0.7611
vn -0.2458 -0.6002 -0.7611
vn -0.0905 -0.9557 -0.2802
vn 0.3065 -0.0666 0.9495
vn 0.3065 -0.0667 0.9495
vn 0.3067 -0.0666 0.9495
vn 0.3067 -0.0665 0.9495
vn 0.2397 -0.6257 0.7423
vn 0.2397 -0.6256 0.7424
vn 0.2396 -0.6259 0.7422
vn 0.2396 -0.6260 0.7421
vn 0.0990 -0.9467 0.3066
vn 0.0990 -0.9467 0.3065
vn 0.0061 -0.9998 0.0189
vn 0.0048 -0.9999 0.0150
vn 0.0057 -0.9998 0.0177
vn 0.0020 -1.0000 0.0061
vn 0.0020 -1.0000 0.0062
vn -0.0105 -0.9994 -0.0324
vn -0.2893 -0.3365 -0.8961
vn -0.3064 -0.0766 -0.9488
vn -0.3064 -0.0765 -0.9488
vn -0.2902 -0.3287 -0.8987
vn -0.2548 -0.5590 -0.7890
vn -0.2549 -0.5591 -0.7889
vn -0.0882 -0.9579 -0.2731
vn 0.3066 -0.0701 0.9493
vn 0.3066 -0.0700 0.9493
vn 0.2430 -0.6122 0.7525
vn 0.2430 -0.6121 0.7525
vn 0.2429 -0.6123 0.7524
vn 0.0936 -0.9524 0.2900
vn 0.0937 -0.9524 0.2900
vn 0.0218 -0.9975 0.0675
vn -0.9516 -0.0000 0.3073
vn -0.9515 -0.0000 0.3075
vn -0.9516 0.0002 0.3073
vn -0.9516 -0.0001 0.3073
vn -0.9516 -0.0000 0.3074
vn -0.9515 0.0003 0.3076
vn -0.9516 -0.0003 0.3073
vn 0.0293 -0.9955 0.0907
vn 0.0291 -0.9954 0.0913
vn 0.0291 -0.9954 0.0911
vn 0.0296 -0.9954 0.0909
vn 0.0298 -0.9954 0.0911
vn -0.3036 -0.1542 -0.9402
vn -0.3036 -0.1542 -0.9403
vn -0.2821 -0.3968 -0.8735
vn -0.2832 -0.3888 -0.8767
vn 0.3066 -0.0666 0.9495
vn 0.2397 -0.6258 0.7423
vn -0.3065 -0.0766 -0.9488
vn -0.2894 -0.3366 -0.8961
vn -0.2903 -0.3288 -0.8987
vn -0.2548 -0.5592 -0.7889
vn 0.3065 -0.0701 0.9493
vn 0.3065 -0.0702 0.9493
vn 0.2430 -0.6122 0.7524
vn 0.7433 -0.0000 -0.6690
vn 0.7426 0.0002 -0.6698
vn 0.7436 -0.0000 -0.6686
vn 0.7445 -0.0000 -0.6676
vn 0.7436 0.0007 -0.6686
vn 0.7436 0.0005 -0.6687
vn 0.7439 -0.0000 -0.6683
vn 0.7434 -0.0000 -0.6688
vn -0.2116 0.9088 -0.3597
vn -0.2112 0.9090 -0.3594
vn -0.2120 0.9086 -0.3599
vn 0.3734 0.7482 -0.5484
vn 0.3737 0.7479 -0.5487
vn 0.3736 0.7480 -0.5485
vn 0.3733 0.7483 -0.5483
vn 0.4564 -0.6789 -0.5752
vn 0.4570 -0.6785 -0.5752
vn 0.4566 -0.6787 -0.5752
vn 0.4565 -0.6789 -0.5751
vn -0.1253 -0.9132 -0.3878
vn -0.1255 -0.9130 -0.3882
vn -0.1256 -0.9133 -0.3875
vn -0.7063 -0.6791 -0.1999
vn -0.7078 -0.6774 -0.2004
vn -0.7069 -0.6784 -0.2001
vn -0.7060 -0.6795 -0.1997
vn -0.9943 -0.0000 -0.1069
vn -0.9943 -0.0000 -0.1070
vn -0.8141 0.5567 -0.1651
vn -0.8137 0.5572 -0.1654
vn -0.8140 0.5569 -0.1652
vn -0.8143 0.5565 -0.1650
vn -0.3071 0.0001 -0.9517
vn -0.3058 -0.0000 -0.9521
vn -0.3075 -0.0001 -0.9516
vn -0.3075 0.0001 -0.9516
vn -0.3067 0.0004 -0.9518
vn -0.3068 -0.0004 -0.9518
vn -0.3072 -0.0012 -0.9517
vn -0.3075 0.0016 -0.9515
vn 0.3073 0.0002 0.9516
vn 0.3069 0.0004 0.9517
vn 0.3079 0.0001 0.9514
vn 0.3082 -0.0000 0.9513
vn -0.3077 0.0002 -0.9515
vn -0.3079 0.0004 -0.9514
vn -0.3076 0.0002 -0.9515
vn -0.3075 -0.0000 -0.9516
vn 0.3072 -0.0002 0.9516
vn 0.3059 -0.0000 0.9521
vn 0.3091 -0.0000 0.9510
vn 0.3077 -0.0000 0.9515
vn 0.3074 0.0001 0.9516
vn 0.3074 0.0002 0.9516
vn 0.3071 -0.0003 0.9517
vn 0.3071 -0.0016 0.9517
vn 0.3075 -0.0002 0.9516
vn 0.3060 -0.0000 0.9520
vn 0.3073 0.0001 0.9516
vn 0.3071 0.0001 0.9517
vn 0.3074 -0.0001 0.9516
vn 0.3077 -0.0003 0.9515
vn 0.3080 -0.0011 0.9514
vn -0.9943 -0.0001 -0.1070
vn -0.9942 -0.0020 -0.1072
vn -0.9942 -0.0076 -0.1071
vn -0.9942 0.0004 -0.1074
vn -0.9942 0.0002 -0.1073
vn -0.9942 0.0016 -0.1072
vn -0.9942 0.0026 -0.1072
vn -0.9943 -0.0003 -0.1070
vn -0.0382 0.9088 -0.4154
vn -0.0387 0.9087 -0.4156
vn -0.0386 0.9088 -0.4154
vn -0.0386 0.9089 -0.4152
vn -0.6238 0.7480 -0.2267
vn -0.6240 0.7478 -0.2268
vn -0.6235 0.7483 -0.2266
vn -0.6234 0.7484 -0.2265
vn -0.7073 -0.6782 -0.1997
vn -0.7089 -0.6765 -0.1995
vn -0.7065 -0.6790 -0.1996
vn -0.7052 -0.6803 -0.1998
vn -0.1255 -0.9133 -0.3876
vn -0.1256 -0.9132 -0.3877
vn -0.1254 -0.9133 -0.3875
vn 0.4569 -0.6780 -0.5758
vn 0.4574 -0.6770 -0.5766
vn 0.4565 -0.6787 -0.5752
vn 0.4562 -0.6794 -0.5747
vn 0.7440 -0.0000 -0.6682
vn 0.5632 0.5572 -0.6102
vn 0.5622 0.5585 -0.6099
vn 0.5635 0.5568 -0.6102
vn 0.5643 0.5559 -0.6104
vn -0.3077 -0.0000 -0.9515
vn -0.3084 -0.0000 -0.9513
vn -0.3061 0.0001 -0.9520
vn -0.3069 0.0001 -0.9517
vn -0.3076 -0.0001 -0.9515
vn -0.3068 -0.0003 -0.9518
vn -0.3074 -0.0000 -0.9516
vn -0.3084 -0.0000 -0.9512
vn 0.3072 -0.0001 0.9517
vn 0.3074 -0.0002 0.9516
vn 0.3069 -0.0000 0.9517
vn -0.3073 0.0002 -0.9516
vn -0.3073 0.0004 -0.9516
vn -0.3079 -0.0000 -0.9514
vn -0.0950 0.9510 -0.2941
vn -0.0950 0.9511 -0.2941
vn -0.0949 0.9510 -0.2941
vn 0.0950 0.9511 0.2941
vn 0.2487 0.5877 0.7699
vn 0.2488 0.5877 0.7699
vn 0.3074 -0.0000 0.9516
vn 0.3075 -0.0000 0.9516
vn 0.3073 -0.0000 0.9516
vn 0.3072 -0.0000 0.9516
vn 0.2487 -0.5877 0.7699
vn 0.2488 -0.5877 0.7699
vn 0.0950 -0.9511 0.2941
vn -0.0950 -0.9511 -0.2941
vn -0.0950 -0.9510 -0.2941
vn -0.0949 -0.9511 -0.2941
vn -0.2486 -0.5878 -0.7699
vn -0.2485 -0.5878 -0.7699
vn -0.2487 -0.5878 -0.7698
vn -0.2488 -0.5878 -0.7698
vn -0.3073 -0.0000 -0.9516
vn -0.3072 -0.0000 -0.9516
vn -0.2486 0.5878 -0.7699
vn -0.2485 0.5879 -0.7698
vn -0.2487 0.5878 -0.7699
vn -0.9516 0.0001 0.3073
vn -0.9517 -0.0000 0.3071
vn -0.9516 0.0001 0.3072
vn -0.9516 0.0007 0.3073
vn 0.9516 -0.0001 -0.3073
vn 0.9517 -0.0000 -0.3070
vn 0.9517 -0.0000 -0.3072
vn 0.9516 -0.0007 -0.3073
vn -0.0949 0.9511 -0.2941
vn -0.0949 0.9511 -0.2940
vn 0.0949 0.9511 0.2940
vn 0.0949 0.9511 0.2941
vn 0.2487 0.5878 0.7699
vn 0.2488 0.5876 0.7699
vn 0.0949 -0.9511 0.2940
vn -0.2487 -0.5877 -0.7699
vn -0.2488 -0.5877 -0.7699
vn -0.2488 0.5876 -0.7699
vn -0.2487 0.5877 -0.7699
vn -0.2486 0.5878 -0.7698
vn 0.9516 -0.0000 -0.3074
vn 0.9517 -0.0000 -0.3071
vn 0.9516 -0.0000 -0.3072
vn -0.9517 -0.0000 0.3072
vn -0.9516 0.0001 0.3074
vn -0.9516 -0.0001 0.3072
vn -0.9516 -0.0007 0.3073
vn 0.0950 0.9511 0.2940
vn 0.2486 0.5878 0.7698
vn 0.0949 -0.9511 0.2941
vn -0.0949 -0.9511 -0.2940
vn -0.2491 -0.5876 -0.7699
vn -0.2487 0.5878 -0.7698
vn -0.2488 0.5878 -0.7698
vn 0.9515 -0.0000 -0.3075
vn -0.9516 0.0013 0.3073
vn -0.9516 -0.0002 0.3073
vn -0.9515 -0.0000 0.3076
vn 0.0951 0.9510 0.2941
vn 0.2486 0.5878 0.7699
vn 0.2485 0.5878 0.7699
vn 0.2485 -0.5878 0.7699
vn 0.0950 -0.9511 0.2940
vn 0.0951 -0.9510 0.2941
vn -0.2485 0.5878 -0.7699
vn -0.9516 -0.0000 0.3072
vn 0.9515 -0.0000 -0.3076
vn 0.0353 0.0709 0.9969
vn 0.0945 0.0714 0.9930
vn 0.0504 0.0726 0.9961
vn 0.0325 0.0716 0.9969
vn 0.0344 0.2651 0.9636
vn 0.0138 0.3187 0.9478
vn 0.0146 0.0702 0.9974
vn 0.0329 0.5739 0.8183
vn 0.0122 0.5501 0.8350
vn -0.0063 0.2652 0.9642
vn -0.0041 0.0707 0.9975
vn -0.0026 0.0689 0.9976
vn -0.0090 0.0743 0.9972
vn -0.0058 0.0725 0.9973
vn -0.0090 0.5739 0.8189
vn -0.0094 0.7685 -0.6398
vn 0.0271 0.7671 -0.6409
vn 0.0246 0.8256 -0.5637
vn -0.0083 0.8221 -0.5693
vn -0.0142 0.2511 -0.9678
vn 0.0330 0.2499 -0.9677
vn 0.0344 0.0641 -0.9974
vn -0.0146 0.0621 -0.9980
vn 0.0344 -0.1286 -0.9911
vn -0.0145 -0.1288 -0.9916
vn -0.0411 0.8256 -0.5628
vn -0.0459 0.7671 -0.6399
vn -0.0636 0.0640 -0.9959
vn -0.0613 0.2498 -0.9663
vn -0.0634 -0.1286 -0.9897
vn -0.0081 0.8323 -0.5542
vn 0.0073 0.8096 -0.5870
vn -0.0245 0.8096 -0.5865
vn 0.9849 0.1602 -0.0652
vn 0.9778 0.2043 -0.0459
vn 0.9918 0.1254 -0.0261
vn 0.9773 0.2071 -0.0447
vn 0.9731 0.2142 -0.0844
vn 0.9787 0.2022 -0.0352
vn 0.9441 0.3265 -0.0465
vn 0.9023 0.4301 -0.0307
vn 0.9782 0.2019 -0.0478
vn 0.9783 0.2016 -0.0485
vn 0.9953 0.0966 -0.0105
vn 0.9981 0.0607 -0.0125
vn 0.9998 -0.0155 -0.0111
vn 0.9997 -0.0219 -0.0087
vn 0.7735 0.6332 -0.0267
vn 0.8183 0.5745 -0.0158
vn 0.9298 0.3678 -0.0179
vn 0.9831 0.1822 -0.0162
vn 0.5867 0.8075 -0.0609
vn 0.8621 0.2132 -0.4598
vn 0.9090 0.2761 -0.3121
vn 0.9974 -0.0722 -0.0080
vn 0.9958 -0.0913 -0.0055
vn 0.9997 -0.0175 0.0193
vn 0.9988 -0.0432 -0.0244
vn 0.9952 -0.0972 -0.0143
vn 0.9968 -0.0788 -0.0146
vn 0.9998 -0.0137 -0.0152
vn 0.9998 -0.0157 -0.0142
vn 0.9956 -0.0873 -0.0338
vn 0.9940 -0.0927 -0.0579
vn 0.9962 -0.0761 -0.0429
vn 0.9950 -0.0549 -0.0835
vn 0.9988 0.0167 -0.0470
vn 0.9965 -0.0689 -0.0472
vn 0.9973 -0.0389 -0.0617
vn 0.9976 -0.0474 -0.0508
vn 0.9964 -0.0726 -0.0434
vn 0.9947 -0.0877 -0.0533
vn 0.7026 0.7055 0.0922
vn 0.3727 0.8836 -0.2833
vn 0.9932 0.0433 -0.1085
vn 0.8927 0.0792 -0.4437
vn 0.8142 -0.0620 -0.5772
vn 0.8036 -0.0754 -0.5904
vn 0.8312 0.0399 -0.5545
vn -0.9789 0.2035 -0.0173
vn -0.9863 0.1607 -0.0364
vn -0.9921 0.1253 0.0029
vn -0.9783 0.2066 -0.0161
vn -0.9752 0.2140 -0.0560
vn -0.9793 0.2021 -0.0066
vn -0.9026 0.4305 -0.0043
vn -0.9451 0.3264 -0.0189
vn -0.9793 0.2013 -0.0199
vn -0.9793 0.2015 -0.0204
vn -0.9980 0.0603 0.0167
vn -0.9952 0.0965 0.0186
vn -0.9996 -0.0210 0.0205
vn -0.9997 -0.0155 0.0181
vn -0.8180 0.5751 0.0081
vn -0.7734 0.6339 -0.0041
vn -0.9298 0.3679 0.0093
vn -0.9832 0.1822 0.0125
vn -0.5894 0.8067 -0.0438
vn -0.8752 0.2130 -0.4344
vn -0.9147 0.2836 -0.2881
vn -0.9987 -0.0184 0.0482
vn -0.9956 -0.0911 0.0236
vn -0.9972 -0.0722 0.0212
vn -0.9968 -0.0786 0.0146
vn -0.9952 -0.0965 0.0148
vn -0.9991 -0.0428 0.0048
vn -0.9998 -0.0149 0.0141
vn -0.9998 -0.0157 0.0150
vn -0.9970 -0.0762 -0.0142
vn -0.9953 -0.0924 -0.0289
vn -0.9962 -0.0873 -0.0047
vn -0.9996 0.0242 -0.0159
vn -0.9590 0.2828 0.0166
vn -0.9986 -0.0474 -0.0214
vn -0.9987 -0.0386 -0.0324
vn -0.9975 -0.0690 -0.0178
vn -0.9935 0.1041 -0.0466
vn -0.9519 0.0342 -0.3044
vn -0.9870 0.1577 -0.0310
vn -0.9231 -0.3136 -0.2226
vn -0.8470 0.0400 -0.5301
vn -0.8206 -0.0753 -0.5665
vn -0.8308 -0.0620 -0.5532
vn -0.0033 0.9743 -0.2250
vn 0.0023 0.9710 -0.2392
vn -0.0005 0.9995 -0.0322
vn 0.0065 0.9995 -0.0317
vn -0.0001 1.0000 -0.0100
vn 0.0069 0.9999 -0.0101
vn -0.0093 0.9710 -0.2391
vn -0.0075 0.9995 -0.0315
vn -0.0072 0.9999 -0.0099
vn 0.9999 -0.0001 -0.0146
vn 0.9999 0.0013 -0.0144
vn 0.9999 0.0005 -0.0145
vn 0.9999 -0.0004 -0.0145
vn 0.9999 -0.0002 -0.0145
vn 0.9999 -0.0000 -0.0146
vn 0.9999 -0.0004 -0.0146
vn 0.9999 -0.0000 -0.0147
vn 0.9999 -0.0012 -0.0146
vn 0.9999 -0.0003 -0.0146
vn 0.9999 0.0001 -0.0146
vn 0.9999 0.0002 -0.0146
vn -0.0134 -0.3968 -0.9178
vn -0.0144 -0.1542 -0.9879
vn -0.0144 -0.1541 -0.9879
vn -0.0135 -0.3888 -0.9212
vn -0.0117 -0.6002 -0.7998
vn -0.0117 -0.6003 -0.7997
vn -0.0043 -0.9557 -0.2944
vn 0.0146 -0.0667 0.9977
vn 0.0146 -0.0666 0.9977
vn 0.0114 -0.6258 0.7799
vn 0.0047 -0.9467 0.3220
vn 0.0047 -0.9467 0.3221
vn 0.0003 -0.9998 0.0199
vn 0.0002 -0.9999 0.0157
vn 0.0002 -0.9999 0.0158
vn 0.0003 -0.9998 0.0186
vn 0.0001 -1.0000 0.0064
vn 0.0001 -1.0000 0.0065
vn -0.0005 -0.9994 -0.0340
vn -0.0138 -0.3366 -0.9416
vn -0.0146 -0.0765 -0.9970
vn -0.0146 -0.0766 -0.9970
vn -0.0138 -0.3287 -0.9443
vn -0.0121 -0.5591 -0.8290
vn -0.0042 -0.9579 -0.2869
vn -0.0042 -0.9579 -0.2870
vn 0.0146 -0.0701 0.9974
vn 0.0145 -0.0701 0.9974
vn 0.0116 -0.6122 0.7906
vn 0.0045 -0.9524 0.3047
vn 0.0045 -0.9524 0.3048
vn 0.0044 -0.9524 0.3047
vn 0.0010 -0.9975 0.0709
vn -0.9999 -0.0000 0.0146
vn -0.9999 -0.0000 0.0143
vn -0.9999 -0.0000 0.0145
vn -0.9999 0.0004 0.0147
vn -0.9999 -0.0001 0.0147
vn -0.9999 -0.0004 0.0146
vn -0.9999 -0.0005 0.0146
vn -0.9999 -0.0001 0.0146
vn -0.9999 -0.0000 0.0148
vn -0.9999 0.0002 0.0146
vn 0.0014 -0.9955 0.0953
vn 0.0010 -0.9954 0.0958
vn 0.0011 -0.9954 0.0956
vn 0.0017 -0.9954 0.0956
vn 0.0018 -0.9954 0.0958
vn -0.0117 -0.6002 -0.7997
vn -0.0043 -0.9557 -0.2945
vn -0.0137 -0.3366 -0.9415
vn -0.0121 -0.5592 -0.8290
vn 0.0116 -0.6123 0.7906
vn 0.0115 -0.6122 0.7906
vn 0.0045 -0.9525 0.3046
vn 0.9074 -0.0101 -0.4201
vn 0.9073 -0.0031 -0.4205
vn 0.9073 -0.0002 -0.4205
vn 0.9073 0.0005 -0.4206
vn 0.9075 0.0020 -0.4201
vn 0.9075 0.0010 -0.4200
vn 0.9076 0.0003 -0.4198
vn 0.9074 -0.0005 -0.4204
vn -0.0969 0.9087 -0.4060
vn -0.0968 0.9088 -0.4059
vn -0.0970 0.9087 -0.4061
vn 0.5174 0.7489 -0.4141
vn 0.5184 0.7478 -0.4149
vn 0.5179 0.7483 -0.4145
vn 0.5171 0.7492 -0.4139
vn 0.6051 -0.6790 -0.4158
vn 0.6072 -0.6765 -0.4166
vn 0.6060 -0.6779 -0.4162
vn 0.6042 -0.6799 -0.4155
vn -0.0059 -0.9135 -0.4067
vn -0.0061 -0.9133 -0.4072
vn -0.0058 -0.9137 -0.4063
vn -0.6169 -0.6787 -0.3985
vn -0.6158 -0.6800 -0.3979
vn -0.6164 -0.6793 -0.3982
vn -0.6173 -0.6782 -0.3987
vn -0.9189 -0.0000 -0.3945
vn -0.9189 -0.0000 -0.3944
vn -0.7293 0.5576 -0.3965
vn -0.7297 0.5573 -0.3961
vn -0.7294 0.5575 -0.3964
vn -0.7290 0.5578 -0.3968
vn -0.0147 -0.0000 -0.9999
vn -0.0143 -0.0000 -0.9999
vn -0.0148 -0.0000 -0.9999
vn -0.0149 -0.0000 -0.9999
vn -0.0147 -0.0001 -0.9999
vn -0.0145 0.0001 -0.9999
vn 0.0145 -0.0000 0.9999
vn 0.0144 -0.0000 0.9999
vn 0.0146 -0.0000 0.9999
vn 0.0147 -0.0000 0.9999
vn -0.0145 -0.0000 -0.9999
vn -0.0146 -0.0000 -0.9999
vn 0.0142 -0.0000 0.9999
vn 0.0148 0.0002 0.9999
vn 0.0141 -0.0000 0.9999
vn 0.0145 0.0001 0.9999
vn 0.0146 -0.0001 0.9999
vn -0.9193 -0.0002 -0.3937
vn -0.9195 -0.0029 -0.3930
vn -0.9193 -0.0101 -0.3934
vn -0.9196 0.0004 -0.3929
vn -0.9195 0.0002 -0.3932
vn -0.9195 0.0015 -0.3931
vn -0.9194 0.0026 -0.3932
vn -0.9193 -0.0004 -0.3936
vn 0.0851 0.9087 -0.4087
vn 0.0850 0.9087 -0.4086
vn 0.0851 0.9086 -0.4088
vn -0.5301 0.7480 -0.3993
vn -0.5305 0.7477 -0.3994
vn -0.5298 0.7484 -0.3991
vn -0.5296 0.7485 -0.3990
vn -0.6175 -0.6785 -0.3978
vn -0.6185 -0.6775 -0.3981
vn -0.6168 -0.6793 -0.3977
vn -0.6162 -0.6800 -0.3975
vn -0.0059 -0.9133 -0.4072
vn -0.0059 -0.9131 -0.4077
vn -0.0060 -0.9135 -0.4068
vn 0.6048 -0.6794 -0.4155
vn 0.6042 -0.6801 -0.4152
vn 0.6053 -0.6788 -0.4157
vn 0.6057 -0.6783 -0.4159
vn 0.9073 -0.0000 -0.4204
vn 0.7177 0.5576 -0.4170
vn 0.7180 0.5574 -0.4168
vn 0.7176 0.5577 -0.4171
vn 0.7174 0.5579 -0.4173
vn -0.0150 -0.0000 -0.9999
vn -0.0140 -0.0001 -0.9999
vn -0.0144 -0.0000 -0.9999
vn -0.0045 0.9511 -0.3090
vn -0.0045 0.9511 -0.3089
vn 0.0045 0.9510 0.3090
vn 0.0045 0.9510 0.3091
vn 0.0045 0.9511 0.3090
vn 0.0045 0.9511 0.3089
vn 0.0118 0.5878 0.8090
vn 0.0117 0.5877 0.8090
vn 0.0118 0.5878 0.8089
vn 0.0119 0.5878 0.8089
vn 0.0118 -0.5878 0.8089
vn 0.0119 -0.5878 0.8089
vn 0.0045 -0.9510 0.3090
vn 0.0045 -0.9510 0.3091
vn 0.0045 -0.9511 0.3090
vn 0.0045 -0.9511 0.3089
vn -0.0045 -0.9511 -0.3090
vn -0.0118 -0.5878 -0.8089
vn -0.0118 -0.5879 -0.8089
vn -0.0118 -0.5880 -0.8088
vn -0.0118 0.5878 -0.8089
vn -0.0118 0.5879 -0.8089
vn -0.0118 0.5880 -0.8088
vn -0.9999 -0.0002 0.0146
vn -0.9999 0.0002 0.0147
vn -0.9999 0.0001 0.0147
vn -0.9999 0.0001 0.0146
vn -0.9999 -0.0020 0.0146
vn 0.9999 -0.0002 -0.0146
vn 0.9999 0.0007 -0.0146
vn 0.9999 0.0020 -0.0146
vn -0.0045 0.9510 -0.3091
vn 0.0118 0.5877 0.8090
vn 0.0118 0.5880 0.8087
vn 0.0119 0.5875 0.8091
vn 0.0118 -0.5877 0.8090
vn 0.0118 -0.5879 0.8089
vn -0.0045 -0.9511 -0.3089
vn -0.0045 -0.9510 -0.3090
vn -0.0119 -0.5878 -0.8089
vn -0.0118 -0.5875 -0.8091
vn -0.0118 -0.5877 -0.8090
vn -0.0119 -0.5880 -0.8088
vn -0.0119 0.5877 -0.8090
vn -0.0118 0.5875 -0.8091
vn -0.0118 0.5877 -0.8090
vn -0.0119 0.5879 -0.8089
vn 0.9999 -0.0000 -0.0145
vn 0.9999 -0.0002 -0.0147
vn 0.9999 -0.0001 -0.0147
vn 0.9999 0.0013 -0.0146
vn -0.9999 -0.0000 0.0147
vn -0.0045 0.9510 -0.3090
vn 0.0119 -0.5876 0.8091
vn -0.0118 -0.5878 -0.8090
vn -0.0119 0.5880 -0.8088
vn -0.0118 0.5876 -0.8090
vn 0.9999 -0.0013 -0.0146
vn -0.9999 -0.0007 0.0146
vn -0.0045 -0.9510 -0.3091
vn -0.0118 0.5878 -0.8090
vn -0.9999 0.0013 0.0146
vn -0.9999 -0.0002 0.0147
vn 0.9999 0.0006 -0.0146
vt 0.334708 1.306695
vt 0.330561 1.361253
vt 0.333226 1.410748
vt 0.343521 1.483448
vt 0.348183 1.584395
vt 0.522869 1.584395
vt 0.522869 1.306932
vt 0.380558 1.603719
vt 0.522869 1.604752
vt 0.701713 1.584395
vt 0.702217 1.483448
vt 0.712512 1.410748
vt 0.715177 1.361253
vt 0.711030 1.306695
vt 0.665180 1.603719
vt 0.522869 1.291860
vt 0.330561 1.290721
vt 0.338057 1.218102
vt 0.522869 1.218102
vt 0.340158 1.151397
vt 0.522869 1.151397
vt 0.340158 1.103388
vt 0.522869 1.103388
vt 0.707681 1.218102
vt 0.715177 1.290721
vt 0.705580 1.151397
vt 0.705580 1.103388
vt 0.521829 1.006478
vt 0.521829 1.092819
vt 0.392528 1.092873
vt 0.376299 1.007246
vt 0.651131 1.092873
vt 0.667360 1.007246
vt 0.798707 1.761257
vt 0.807279 1.830055
vt 0.557188 1.761257
vt 0.814568 1.830055
vt 0.855871 1.841491
vt 0.557188 1.845607
vt 0.729261 1.972205
vt 0.557188 1.972205
vt 0.807279 1.848424
vt 0.814568 1.848424
vt 0.015592 1.761257
vt 0.200272 1.718113
vt 0.011471 1.701130
vt 0.140467 1.699886
vt 0.557188 1.990655
vt 0.046257 1.995680
vt 0.030049 1.972205
vt 0.021644 1.849573
vt 0.703057 1.982948
vt 0.976485 1.756937
vt 0.944224 1.756937
vt 0.006237 1.634852
vt 0.112221 1.624760
vt 0.119766 1.672604
vt 0.280074 1.667578
vt 0.283221 1.620960
vt 0.557188 1.615914
vt 0.253661 1.700145
vt 0.557188 1.697260
vt 0.755238 1.613391
vt 0.764583 1.613391
vt 0.768637 1.665622
vt 0.796216 1.706076
vt 0.752688 1.697260
vt 0.926210 1.668835
vt 0.928964 1.630054
vt 0.955801 1.630054
vt 0.955253 1.687557
vt 0.898910 1.703713
vt 0.845394 1.720651
vt 0.988298 1.630054
vt 0.995842 1.687557
vt 0.163202 1.031621
vt 0.013099 1.031621
vt 0.002079 1.008687
vt 0.163202 1.006991
vt 0.163202 1.159289
vt 0.011065 1.159289
vt 0.163202 1.604752
vt 0.010400 1.601633
vt 0.324324 1.008687
vt 0.313304 1.031621
vt 0.315338 1.159289
vt 0.316004 1.601633
vt 0.815848 1.220187
vt 0.815848 1.228208
vt 0.815848 1.244423
vt 0.815848 1.262586
vt 0.815848 1.268872
vt 0.815848 1.271164
vt 0.815848 1.219231
vt 0.815848 1.023953
vt 0.815848 1.032245
vt 0.815848 1.048497
vt 0.815848 1.063433
vt 0.815848 1.071809
vt 0.815848 1.073040
vt 0.815848 1.023117
vt 0.767521 1.268872
vt 0.769369 1.271164
vt 0.767293 1.262586
vt 0.767152 1.244423
vt 0.769408 1.219231
vt 0.767531 1.220187
vt 0.767166 1.228208
vt 0.815848 1.136027
vt 0.769577 1.136027
vt 0.815848 1.075878
vt 0.769796 1.075878
vt 0.769959 1.073040
vt 0.768015 1.071809
vt 0.767877 1.063433
vt 0.770961 1.048497
vt 0.773250 1.023117
vt 0.772563 1.023953
vt 0.770849 1.032245
vt 0.911803 1.073040
vt 0.911803 1.023117
vt 0.911803 1.271164
vt 0.911803 1.219231
vt 0.911803 1.268872
vt 0.911803 1.262586
vt 0.911803 1.244423
vt 0.911803 1.228208
vt 0.911803 1.220187
vt 0.911803 1.071809
vt 0.911803 1.063433
vt 0.911803 1.048497
vt 0.911803 1.032245
vt 0.911803 1.023953
vt 0.863825 1.304536
vt 0.958271 1.303352
vt 0.958282 1.271164
vt 0.769380 1.303352
vt 0.960130 1.268872
vt 0.960358 1.262586
vt 0.960499 1.244423
vt 0.958242 1.219231
vt 0.960120 1.220187
vt 0.960484 1.228208
vt 0.958073 1.136027
vt 0.911803 1.136027
vt 0.957855 1.075878
vt 0.911803 1.075878
vt 0.957692 1.073040
vt 0.959635 1.071809
vt 0.959773 1.063433
vt 0.956689 1.048497
vt 0.954400 1.023117
vt 0.955088 1.023953
vt 0.956801 1.032245
vt 0.773772 1.014967
vt 0.953879 1.014967
vt 0.944370 1.005097
vt 0.863825 1.002160
vt 0.783281 1.005097
vt 0.747340 1.364976
vt 0.748654 1.363238
vt 0.748654 1.417819
vt 0.747340 1.387132
vt 0.742084 1.360360
vt 0.743398 1.364976
vt 0.743398 1.387132
vt 0.742084 1.421184
vt 0.751469 1.427646
vt 0.753240 1.420977
vt 0.766763 1.419647
vt 0.770240 1.425799
vt 0.751469 1.352052
vt 0.753990 1.358514
vt 0.770240 1.352052
vt 0.767719 1.358514
vt 0.779626 1.360360
vt 0.773056 1.363238
vt 0.779626 1.413799
vt 0.773056 1.411601
vt 0.730331 1.364976
vt 0.725887 1.387132
vt 0.725572 1.387132
vt 0.730069 1.364976
vt 0.914241 1.391242
vt 0.923077 1.379241
vt 0.923077 1.325803
vt 0.914241 1.317495
vt 0.896570 1.317495
vt 0.887734 1.325803
vt 0.887734 1.386626
vt 0.896570 1.393089
vt 0.970894 1.386626
vt 0.970894 1.325803
vt 0.961538 1.317495
vt 0.942827 1.317495
vt 0.933472 1.325803
vt 0.933472 1.379241
vt 0.942827 1.391242
vt 0.961538 1.393089
vt 0.819802 1.417819
vt 0.819802 1.363238
vt 0.821065 1.364976
vt 0.821065 1.387132
vt 0.824856 1.387132
vt 0.824856 1.364976
vt 0.826119 1.360360
vt 0.826119 1.421184
vt 0.802389 1.419647
vt 0.815391 1.420977
vt 0.817094 1.427646
vt 0.799045 1.425799
vt 0.814670 1.358514
vt 0.817094 1.352052
vt 0.801469 1.358514
vt 0.799045 1.352052
vt 0.796338 1.363238
vt 0.790021 1.360360
vt 0.796338 1.411601
vt 0.790021 1.413799
vt 0.841693 1.387132
vt 0.837419 1.364976
vt 0.841996 1.387132
vt 0.837671 1.364976
vt 0.987526 1.448414
vt 0.987526 1.506480
vt 0.869023 1.506480
vt 0.869023 1.448414
vt 0.987526 1.564545
vt 0.869023 1.564545
vt 0.987526 1.600432
vt 0.869023 1.600432
vt 0.987526 1.412527
vt 0.869023 1.412527
vt 0.750983 1.479310
vt 0.725572 1.512787
vt 0.725572 1.554168
vt 0.750983 1.587645
vt 0.792100 1.600432
vt 0.833216 1.587645
vt 0.858628 1.554168
vt 0.858628 1.512787
vt 0.833216 1.479310
vt 0.792100 1.466523
vt 0.987526 1.506479
vt 0.869023 1.506479
s 1
usemtl TVAN
f 1/1/1 2/2/2 3/3/3
f 1/1/1 3/3/3 4/4/4
f 1/1/1 4/4/4 5/5/5
f 1/1/1 5/5/5 6/6/6
f 1/1/1 6/6/6 7/7/7
f 5/5/5 8/8/8 9/9/9
f 5/5/5 9/9/9 6/6/6
f 6/6/6 10/10/10 11/11/11
f 6/6/6 11/11/11 12/12/12
f 6/6/6 12/12/12 13/13/13
f 6/6/6 13/13/13 14/14/14
f 6/6/6 14/14/14 7/7/7
f 9/9/9 15/15/15 10/10/10
f 9/9/9 10/10/10 6/6/6
f 16/16/16 17/17/17 18/18/18
f 16/16/16 18/18/18 19/19/19
f 19/19/20 18/18/21 20/20/22
f 19/19/20 20/20/22 21/21/23
f 21/21/23 20/20/22 22/22/24
f 21/21/23 22/22/24 23/23/25
f 24/24/26 25/25/27 16/16/16
f 24/24/26 16/16/16 19/19/19
f 26/26/28 24/24/29 19/19/20
f 26/26/28 19/19/20 21/21/23
f 27/27/30 26/26/28 21/21/23
f 27/27/30 21/21/23 23/23/25
f 16/28/16 28/29/31 29/30/32
f 16/28/16 29/30/32 17/31/17
f 30/32/33 28/29/31 16/28/16
f 30/32/33 16/28/16 25/33/27
f 31/34/34 32/35/35 33/36/36
f 34/37/37 32/35/35 31/34/34
f 17/38/38 34/37/37 31/34/34
f 33/36/36 32/35/35 35/39/39
f 29/40/40 36/41/41 37/42/42
f 38/43/43 29/40/40 37/42/42
f 17/38/38 29/40/40 38/43/43
f 38/43/43 34/37/37 17/38/38
f 37/42/42 36/41/41 35/39/39
f 32/35/35 37/42/42 35/39/39
f 3/44/44 39/45/45 33/36/36
f 2/46/46 40/47/47 39/45/45
f 2/46/46 39/45/45 3/44/44
f 36/41/41 41/48/48 8/49/49
f 36/41/41 8/49/49 5/50/50
f 36/41/41 5/50/50 4/51/51
f 36/41/41 4/51/51 35/39/39
f 29/40/40 42/52/52 41/48/48
f 29/40/40 41/48/48 36/41/41
f 18/53/53 17/38/38 43/54/54
f 1/55/55 44/56/56 45/57/57
f 1/55/55 45/57/57 40/47/47
f 1/55/55 40/47/47 2/46/46
f 46/58/58 47/59/59 48/60/60
f 49/61/61 46/58/58 48/60/60
f 49/61/61 48/60/60 50/62/62
f 39/45/45 49/61/61 50/62/62
f 39/45/45 50/62/62 33/36/36
f 51/63/63 52/64/64 53/65/65
f 53/65/65 54/66/66 55/67/67
f 51/63/63 53/65/65 55/67/67
f 56/68/68 57/69/69 58/70/70
f 56/68/68 58/70/70 59/71/71
f 60/72/72 56/68/68 59/71/71
f 55/67/73 54/66/73 61/73/73
f 61/73/74 60/72/74 59/71/74
f 61/73/75 59/71/76 43/54/54
f 55/67/67 61/73/75 43/54/54
f 55/67/67 43/54/54 31/34/34
f 4/51/51 3/44/44 33/36/36
f 4/51/51 33/36/36 35/39/39
f 58/70/77 22/74/78 20/75/79
f 58/70/77 20/75/79 59/71/76
f 43/54/54 59/71/76 20/75/79
f 43/54/54 20/75/79 18/53/53
f 17/38/38 31/34/34 43/54/54
f 50/62/62 48/60/60 51/63/63
f 50/62/62 51/63/63 55/67/67
f 33/36/36 50/62/62 55/67/67
f 33/36/36 55/67/67 31/34/34
f 62/35/80 63/34/81 64/36/82
f 62/35/80 65/37/83 63/34/81
f 65/37/83 25/38/84 63/34/81
f 62/35/80 64/36/82 66/39/85
f 67/41/86 30/40/87 68/42/88
f 30/40/87 69/43/89 68/42/88
f 30/40/87 25/38/84 69/43/89
f 65/37/83 69/43/89 25/38/84
f 67/41/86 68/42/88 66/39/85
f 68/42/88 62/35/80 66/39/85
f 70/45/90 12/44/91 64/36/82
f 70/45/90 71/47/92 13/46/93
f 70/45/90 13/46/93 12/44/91
f 15/49/94 72/48/95 67/41/86
f 15/49/94 67/41/86 10/50/96
f 11/51/97 10/50/96 67/41/86
f 11/51/97 67/41/86 66/39/85
f 72/48/95 73/52/98 30/40/87
f 72/48/95 30/40/87 67/41/86
f 25/38/84 24/53/99 74/54/100
f 75/57/101 76/56/102 14/55/103
f 71/47/92 75/57/101 14/55/103
f 71/47/92 14/55/103 13/46/93
f 77/60/104 78/59/105 79/58/106
f 77/60/104 79/58/106 80/61/107
f 77/60/104 80/61/107 81/62/108
f 81/62/108 80/61/107 70/45/90
f 81/62/108 70/45/90 64/36/82
f 82/65/109 83/64/110 84/63/111
f 82/65/109 84/63/111 85/67/112
f 86/66/113 82/65/109 85/67/112
f 87/70/114 88/69/115 89/68/116
f 89/68/116 90/72/117 91/71/118
f 87/70/114 89/68/116 91/71/118
f 74/54/100 91/71/118 90/72/117
f 74/54/100 90/72/117 92/73/119
f 74/54/100 92/73/119 86/66/120
f 74/54/100 86/66/113 85/67/112
f 74/54/100 85/67/112 63/34/81
f 64/36/82 12/44/91 11/51/97
f 64/36/82 11/51/97 66/39/85
f 26/75/121 27/74/122 87/70/123
f 26/75/121 87/70/123 91/71/118
f 26/75/121 91/71/118 74/54/100
f 26/75/121 74/54/100 24/53/99
f 63/34/81 25/38/84 74/54/100
f 84/63/111 77/60/104 81/62/108
f 84/63/111 81/62/108 85/67/112
f 85/67/112 81/62/108 64/36/82
f 85/67/112 64/36/82 63/34/81
f 93/76/124 42/77/125 29/78/32
f 93/76/124 29/78/32 28/79/31
f 94/80/126 41/81/127 42/77/125
f 94/80/126 42/77/125 93/76/124
f 9/82/128 8/83/129 41/81/127
f 9/82/128 41/81/127 94/80/126
f 30/84/33 73/85/130 93/76/124
f 30/84/33 93/76/124 28/79/31
f 73/85/130 72/86/131 94/80/126
f 73/85/130 94/80/126 93/76/124
f 72/86/131 15/87/132 9/82/128
f 72/86/131 9/82/128 94/80/126
f 95/88/133 96/89/133 97/90/134
f 95/88/133 97/90/134 98/91/133
f 95/88/133 98/91/133 99/92/133
f 95/88/133 99/92/133 100/93/133
f 95/88/133 100/93/133 101/94/133
f 102/95/134 103/96/133 104/97/135
f 102/95/134 104/97/135 105/98/133
f 102/95/134 105/98/133 106/99/133
f 102/95/134 106/99/133 107/100/133
f 102/95/134 107/100/133 108/101/134
f 45/102/136 44/103/137 100/93/138
f 45/102/136 100/93/138 99/92/139
f 40/104/140 45/102/136 99/92/139
f 40/104/140 99/92/139 98/91/140
f 39/105/141 40/104/141 98/91/141
f 39/105/141 98/91/141 97/90/142
f 95/88/143 101/94/143 47/106/143
f 95/88/143 47/106/143 46/107/143
f 96/89/144 95/88/144 46/107/144
f 96/89/144 46/107/144 49/108/144
f 97/90/145 96/89/145 49/108/145
f 97/90/145 49/108/145 39/105/145
f 101/94/146 109/109/147 48/110/148
f 101/94/146 48/110/148 47/106/149
f 109/109/147 110/111/150 51/112/151
f 109/109/147 51/112/151 48/110/148
f 110/111/150 107/100/152 52/113/153
f 110/111/150 52/113/153 51/112/151
f 53/114/154 52/113/155 107/100/155
f 53/114/154 107/100/155 106/99/156
f 54/115/157 53/114/154 106/99/156
f 54/115/157 106/99/156 105/98/157
f 105/98/158 104/97/158 61/116/158
f 105/98/158 61/116/158 54/115/158
f 102/95/159 108/101/159 57/117/159
f 102/95/159 57/117/159 56/118/159
f 103/96/160 102/95/160 56/118/160
f 103/96/160 56/118/160 60/119/160
f 61/116/161 104/97/161 103/96/161
f 61/116/161 103/96/161 60/119/161
f 111/120/152 112/121/152 108/101/152
f 111/120/152 108/101/152 107/100/152
f 113/122/162 114/123/146 101/94/146
f 113/122/162 101/94/146 100/93/162
f 113/122/163 115/124/163 116/125/163
f 113/122/163 116/125/163 117/126/163
f 113/122/163 117/126/163 118/127/163
f 113/122/163 118/127/163 119/128/163
f 113/122/163 119/128/163 114/123/163
f 111/120/163 120/129/163 121/130/163
f 111/120/163 121/130/163 122/131/163
f 111/120/163 122/131/163 123/132/163
f 111/120/163 123/132/163 124/133/163
f 111/120/163 124/133/163 112/121/163
f 7/134/164 14/135/165 76/136/166
f 7/134/164 76/136/166 113/122/162
f 7/134/164 113/122/162 100/93/162
f 7/134/164 100/93/162 44/103/167
f 7/134/164 44/103/167 1/137/168
f 113/122/138 76/136/137 75/138/136
f 113/122/138 75/138/136 115/124/139
f 115/124/139 75/138/136 71/139/140
f 115/124/139 71/139/140 116/125/140
f 116/125/141 71/139/142 70/140/141
f 116/125/141 70/140/141 117/126/141
f 78/141/143 114/123/143 119/128/143
f 78/141/143 119/128/143 79/142/143
f 79/142/144 119/128/144 118/127/144
f 79/142/144 118/127/144 80/143/144
f 80/143/145 118/127/145 117/126/145
f 80/143/145 117/126/145 70/140/145
f 77/144/148 125/145/147 114/123/146
f 77/144/148 114/123/146 78/141/149
f 101/94/146 114/123/146 125/145/147
f 101/94/146 125/145/147 109/109/147
f 84/146/151 126/147/150 125/145/147
f 84/146/151 125/145/147 77/144/148
f 109/109/147 125/145/147 126/147/150
f 109/109/147 126/147/150 110/111/150
f 83/148/153 111/120/152 126/147/150
f 83/148/153 126/147/150 84/146/151
f 110/111/150 126/147/150 111/120/152
f 110/111/150 111/120/152 107/100/152
f 111/120/155 83/148/155 82/149/154
f 111/120/155 82/149/154 120/129/156
f 120/129/156 82/149/154 86/150/157
f 120/129/156 86/150/157 121/130/157
f 92/151/158 122/131/158 121/130/158
f 92/151/158 121/130/158 86/150/158
f 88/152/159 112/121/159 124/133/159
f 88/152/159 124/133/159 89/153/159
f 89/153/160 124/133/160 123/132/160
f 89/153/160 123/132/160 90/154/160
f 123/132/169 122/131/169 92/151/161
f 123/132/169 92/151/161 90/154/161
f 58/155/153 57/117/153 108/101/152
f 58/155/153 108/101/152 112/121/152
f 58/155/153 112/121/152 88/152/153
f 58/155/153 88/152/153 87/156/153
f 58/155/153 87/156/153 27/157/153
f 58/155/153 27/157/153 23/158/153
f 58/155/153 23/158/153 22/159/153
f 127/160/170 128/161/171 129/162/172
f 127/160/170 129/162/172 130/163/173
f 131/164/174 132/165/175 133/166/173
f 131/164/174 133/166/173 134/167/173
f 128/161/171 127/160/170 132/165/175
f 128/161/171 132/165/175 131/164/174
f 133/166/173 130/163/173 129/162/172
f 133/166/173 129/162/172 134/167/173
f 135/168/176 136/169/176 137/170/176
f 135/168/176 137/170/176 138/171/176
f 134/167/177 129/162/178 136/169/179
f 134/167/177 136/169/179 135/168/180
f 139/172/181 140/173/182 128/161/183
f 139/172/181 128/161/183 131/164/184
f 141/174/185 142/175/186 140/173/185
f 141/174/185 140/173/185 139/172/187
f 143/176/188 144/177/189 142/175/189
f 143/176/188 142/175/189 141/174/188
f 145/178/190 146/179/190 144/177/191
f 145/178/190 144/177/191 143/176/191
f 138/171/192 137/170/193 146/179/194
f 138/171/192 146/179/194 145/178/195
f 129/162/196 128/161/197 140/173/196
f 129/162/196 140/173/196 142/175/196
f 129/162/196 142/175/196 144/177/196
f 129/162/196 144/177/196 146/179/196
f 129/162/196 146/179/196 137/170/196
f 129/162/196 137/170/196 136/169/196
f 132/165/198 62/180/198 68/181/198
f 132/165/198 68/181/198 133/166/198
f 133/166/199 68/181/199 69/182/199
f 133/166/199 69/182/199 130/163/199
f 69/182/196 65/183/196 127/160/196
f 69/182/196 127/160/196 130/163/196
f 62/180/153 132/165/153 127/160/153
f 62/180/153 127/160/153 65/183/153
f 138/184/198 145/185/198 143/186/198
f 138/184/198 143/186/198 141/187/198
f 138/184/198 141/187/198 139/188/198
f 138/184/198 139/188/198 131/189/198
f 138/184/198 131/189/198 134/190/198
f 138/184/198 134/190/198 135/191/198
f 147/192/198 148/193/198 149/194/198
f 147/192/198 149/194/198 150/195/198
f 147/192/198 150/195/198 151/196/198
f 147/192/198 151/196/198 152/197/198
f 147/192/198 152/197/198 153/198/198
f 147/192/198 153/198/198 154/199/198
f 155/200/190 156/201/200 157/202/201
f 155/200/190 157/202/201 158/203/202
f 159/204/202 160/205/203 148/206/190
f 159/204/202 148/206/190 147/207/191
f 160/205/203 157/202/201 156/201/200
f 160/205/203 156/201/200 148/206/190
f 155/200/190 158/203/202 159/204/202
f 155/200/190 159/204/202 147/207/191
f 161/208/204 162/209/205 154/210/204
f 161/208/204 154/210/204 153/211/206
f 162/209/207 155/200/208 147/207/209
f 162/209/207 147/207/209 154/210/209
f 156/201/210 163/212/211 149/213/212
f 156/201/210 149/213/212 148/206/189
f 163/212/185 164/214/186 150/215/185
f 163/212/185 150/215/185 149/213/187
f 164/214/213 165/216/214 151/217/215
f 164/214/213 151/217/215 150/215/184
f 165/216/173 166/218/172 152/219/172
f 165/216/173 152/219/172 151/217/173
f 166/218/216 161/208/217 153/211/218
f 166/218/216 153/211/218 152/219/219
f 161/208/196 166/218/196 165/216/197
f 161/208/196 165/216/197 164/214/196
f 161/208/196 164/214/196 163/212/196
f 161/208/196 163/212/196 156/201/220
f 161/208/196 156/201/220 155/200/196
f 161/208/196 155/200/196 162/209/196
f 37/220/198 32/221/198 160/205/198
f 37/220/198 160/205/198 159/204/198
f 38/222/199 37/220/199 159/204/199
f 38/222/199 159/204/199 158/203/199
f 157/202/196 34/223/196 38/222/196
f 157/202/196 38/222/196 158/203/196
f 157/202/153 160/205/153 32/221/153
f 157/202/153 32/221/153 34/223/153
f 167/224/221 168/225/221 169/226/221
f 167/224/221 169/226/221 170/227/221
f 168/225/222 171/228/222 172/229/222
f 168/225/222 172/229/222 169/226/223
f 171/228/224 173/230/224 174/231/224
f 171/228/224 174/231/224 172/229/224
f 173/230/198 175/230/198 176/231/198
f 173/230/198 176/231/198 174/231/198
f 175/230/225 177/228/225 178/229/225
f 175/230/225 178/229/225 176/231/225
f 177/228/226 179/225/226 180/226/226
f 177/228/226 180/226/226 178/229/226
f 179/225/227 181/224/227 182/227/227
f 179/225/227 182/227/227 180/226/227
f 181/224/228 183/232/228 184/233/228
f 181/224/228 184/233/228 182/227/228
f 183/232/196 185/232/196 186/233/196
f 183/232/196 186/233/196 184/233/196
f 185/232/229 167/224/229 170/227/229
f 185/232/229 170/227/229 186/233/229
f 177/234/163 175/235/163 173/236/163
f 177/234/163 173/236/163 171/237/163
f 177/234/163 171/237/163 168/238/163
f 177/234/163 168/238/163 167/239/163
f 177/234/163 167/239/163 185/240/163
f 177/234/163 185/240/163 183/241/163
f 177/234/163 183/241/163 181/242/230
f 177/234/163 181/242/230 179/243/163
f 182/242/133 184/241/133 186/240/133
f 182/242/133 186/240/133 170/239/133
f 182/242/133 170/239/133 169/238/133
f 182/242/133 169/238/133 172/237/133
f 182/242/133 172/237/133 174/236/133
f 182/242/133 174/236/133 176/235/133
f 182/242/133 176/235/133 178/234/133
f 182/242/133 178/234/133 180/243/133
f 187/225/221 188/226/221 189/227/221
f 187/225/221 189/227/221 190/224/221
f 191/228/222 192/229/222 188/226/222
f 191/228/222 188/226/222 187/225/223
f 193/230/224 194/231/224 192/229/224
f 193/230/224 192/229/224 191/228/224
f 195/230/198 196/231/198 194/231/198
f 195/230/198 194/231/198 193/230/198
f 197/228/225 198/229/225 196/231/225
f 197/228/225 196/231/225 195/230/225
f 199/225/226 200/226/226 198/229/226
f 199/225/226 198/229/226 197/228/226
f 201/224/227 202/227/227 200/226/227
f 201/224/227 200/226/227 199/225/227
f 203/232/228 204/233/228 202/227/228
f 203/232/228 202/227/228 201/224/228
f 205/232/196 206/233/196 204/233/196
f 205/232/196 204/233/196 203/232/196
f 190/224/229 189/227/229 206/233/229
f 190/224/229 206/233/229 205/232/229
f 202/242/133 204/241/133 206/240/133
f 202/242/133 206/240/133 189/239/133
f 202/242/133 189/239/133 188/238/133
f 202/242/133 188/238/133 192/237/133
f 202/242/133 192/237/133 194/236/133
f 202/242/133 194/236/133 196/235/133
f 202/242/133 196/235/133 198/234/135
f 202/242/133 198/234/135 200/243/133
f 197/234/163 195/235/163 193/236/163
f 197/234/163 193/236/163 191/237/163
f 197/234/163 191/237/163 187/238/163
f 197/234/163 187/238/163 190/239/163
f 197/234/163 190/239/163 205/240/163
f 197/234/163 205/240/163 203/241/163
f 197/234/163 203/241/163 201/242/231
f 197/234/163 201/242/231 199/243/163
f 207/244/221 208/245/221 209/227/221
f 207/244/221 209/227/221 210/224/221
f 211/228/222 212/229/222 208/245/222
f 211/228/222 208/245/222 207/244/223
f 213/230/224 214/231/224 212/229/224
f 213/230/224 212/229/224 211/228/224
f 215/230/198 216/231/198 214/231/198
f 215/230/198 214/231/198 213/230/198
f 217/228/225 218/229/225 216/231/225
f 217/228/225 216/231/225 215/230/225
f 219/244/226 220/245/226 218/229/226
f 219/244/226 218/229/226 217/228/226
f 221/224/227 222/227/227 220/245/227
f 221/224/227 220/245/227 219/244/227
f 223/232/228 224/233/228 222/227/228
f 223/232/228 222/227/228 221/224/228
f 225/232/196 226/233/196 224/233/196
f 225/232/196 224/233/196 223/232/196
f 210/224/229 209/227/229 226/233/229
f 210/224/229 226/233/229 225/232/229
f 209/239/133 208/238/133 212/237/134
f 209/239/133 212/237/134 214/236/133
f 209/239/133 214/236/133 216/235/133
f 209/239/133 216/235/133 218/234/133
f 209/239/133 218/234/133 220/243/133
f 209/239/133 220/243/133 222/242/133
f 209/239/133 222/242/133 224/241/133
f 209/239/133 224/241/133 226/240/133
f 221/242/163 219/243/163 217/234/231
f 221/242/163 217/234/231 215/235/163
f 221/242/163 215/235/163 213/236/163
f 221/242/163 213/236/163 211/237/163
f 221/242/163 211/237/163 207/238/163
f 221/242/163 207/238/163 210/239/163
f 221/242/163 210/239/163 225/240/163
f 221/242/163 225/240/163 223/241/163
f 227/224/221 228/244/221 229/245/221
f 227/224/221 229/245/221 230/227/221
f 228/244/222 231/228/222 232/229/222
f 228/244/222 232/229/222 229/245/223
f 231/228/224 233/230/224 234/231/224
f 231/228/224 234/231/224 232/229/224
f 233/230/198 235/230/198 236/231/198
f 233/230/198 236/231/198 234/231/198
f 235/230/225 237/228/225 238/229/225
f 235/230/225 238/229/225 236/231/225
f 237/228/226 239/244/226 240/245/226
f 237/228/226 240/245/226 238/229/226
f 239/244/227 241/224/227 242/227/227
f 239/244/227 242/227/227 240/245/227
f 241/224/228 243/232/228 244/233/228
f 241/224/228 244/233/228 242/227/228
f 243/232/196 245/232/196 246/233/196
f 243/232/196 246/233/196 244/233/196
f 245/232/229 227/224/229 230/227/229
f 245/232/229 230/227/229 246/233/229
f 241/242/163 239/243/163 237/234/230
f 241/242/163 237/234/230 235/235/163
f 241/242/163 235/235/163 233/236/163
f 241/242/163 233/236/163 231/237/163
f 241/242/163 231/237/163 228/238/163
f 241/242/163 228/238/163 227/239/163
f 241/242/163 227/239/163 245/240/163
f 241/242/163 245/240/163 243/241/163
f 230/239/133 229/238/133 232/237/135
f 230/239/133 232/237/135 234/236/133
f 230/239/133 234/236/133 236/235/133
f 230/239/133 236/235/133 238/234/133
f 230/239/133 238/234/133 240/243/133
f 230/239/133 240/243/133 242/242/133
f 230/239/133 242/242/133 244/241/133
f 230/239/133 244/241/133 246/240/133
f 247/1/1 248/2/232 249/3/233
f 247/1/1 249/3/233 250/4/234
f 247/1/1 250/4/234 251/5/5
f 247/1/1 251/5/5 252/6/6
f 247/1/1 252/6/6 253/7/7
f 251/5/5 254/8/8 255/9/9
f 251/5/5 255/9/9 252/6/6
f 252/6/6 256/10/10 257/11/11
f 252/6/6 257/11/11 258/12/12
f 252/6/6 258/12/12 259/13/13
f 252/6/6 259/13/13 260/14/235
f 252/6/6 260/14/235 253/7/7
f 255/9/9 261/15/15 256/10/10
f 255/9/9 256/10/10 252/6/6
f 262/16/16 263/17/17 264/18/18
f 262/16/16 264/18/18 265/19/19
f 265/19/20 264/18/21 266/20/22
f 265/19/20 266/20/22 267/21/23
f 267/21/23 266/20/22 268/22/24
f 267/21/23 268/22/24 269/23/25
f 270/24/26 271/25/27 262/16/16
f 270/24/26 262/16/16 265/19/19
f 272/26/28 270/24/29 265/19/20
f 272/26/28 265/19/20 267/21/23
f 273/27/30 272/26/28 267/21/23
f 273/27/30 267/21/23 269/23/25
f 262/28/16 274/29/31 275/30/32
f 262/28/16 275/30/32 263/31/17
f 276/32/33 274/29/31 262/28/16
f 276/32/33 262/28/16 271/33/27
f 277/34/34 278/35/35 279/36/36
f 280/37/236 278/35/35 277/34/34
f 263/38/38 280/37/236 277/34/34
f 279/36/36 278/35/35 281/39/237
f 275/40/238 282/41/41 283/42/239
f 284/43/240 275/40/238 283/42/239
f 263/38/38 275/40/238 284/43/240
f 284/43/240 280/37/236 263/38/38
f 283/42/239 282/41/41 281/39/237
f 278/35/35 283/42/239 281/39/237
f 249/44/241 285/45/242 279/36/36
f 248/46/243 286/47/244 285/45/242
f 248/46/243 285/45/242 249/44/241
f 282/41/41 287/48/48 254/49/245
f 282/41/41 254/49/245 251/50/50
f 282/41/41 251/50/50 250/51/51
f 282/41/41 250/51/51 281/39/237
f 275/40/238 288/52/246 287/48/48
f 275/40/238 287/48/48 282/41/41
f 264/53/53 263/38/38 289/54/247
f 247/55/55 290/56/56 291/57/248
f 247/55/55 291/57/248 286/47/244
f 247/55/55 286/47/244 248/46/243
f 292/58/58 293/59/59 294/60/60
f 295/61/249 292/58/58 294/60/60
f 295/61/249 294/60/60 296/62/62
f 285/45/242 295/61/249 296/62/62
f 285/45/242 296/62/62 279/36/36
f 297/63/250 298/64/251 299/65/252
f 299/65/252 300/66/66 301/67/67
f 297/63/250 299/65/252 301/67/67
f 302/68/253 303/69/254 304/70/255
f 302/68/253 304/70/255 305/71/256
f 306/72/257 302/68/253 305/71/256
f 301/67/258 300/66/258 307/73/258
f 307/73/259 306/72/259 305/71/259
f 307/73/260 305/71/76 289/54/247
f 301/67/67 307/73/260 289/54/247
f 301/67/67 289/54/247 277/34/34
f 250/51/51 249/44/241 279/36/36
f 250/51/51 279/36/36 281/39/237
f 304/70/77 268/74/78 266/75/261
f 304/70/77 266/75/261 305/71/76
f 289/54/247 305/71/76 266/75/261
f 289/54/247 266/75/261 264/53/53
f 263/38/38 277/34/34 289/54/247
f 296/62/62 294/60/60 297/63/250
f 296/62/62 297/63/250 301/67/67
f 279/36/36 296/62/62 301/67/67
f 279/36/36 301/67/67 277/34/34
f 308/35/80 309/34/81 310/36/82
f 308/35/80 311/37/262 309/34/81
f 311/37/262 271/38/84 309/34/81
f 308/35/80 310/36/82 312/39/85
f 313/41/86 276/40/87 314/42/263
f 276/40/87 315/43/89 314/42/263
f 276/40/87 271/38/84 315/43/89
f 311/37/262 315/43/89 271/38/84
f 313/41/86 314/42/263 312/39/85
f 314/42/263 308/35/80 312/39/85
f 316/45/264 258/44/91 310/36/82
f 316/45/264 317/47/265 259/46/266
f 316/45/264 259/46/266 258/44/91
f 261/49/267 318/48/268 313/41/86
f 261/49/267 313/41/86 256/50/96
f 257/51/269 256/50/96 313/41/86
f 257/51/269 313/41/86 312/39/85
f 318/48/268 319/52/270 276/40/87
f 318/48/268 276/40/87 313/41/86
f 271/38/84 270/53/271 320/54/100
f 321/57/272 322/56/273 260/55/103
f 317/47/265 321/57/272 260/55/103
f 317/47/265 260/55/103 259/46/266
f 323/60/104 324/59/105 325/58/106
f 323/60/104 325/58/106 326/61/274
f 323/60/104 326/61/274 327/62/108
f 327/62/108 326/61/274 316/45/264
f 327/62/108 316/45/264 310/36/82
f 328/65/275 329/64/276 330/63/277
f 328/65/275 330/63/277 331/67/278
f 332/66/279 328/65/275 331/67/278
f 333/70/280 334/69/281 335/68/282
f 335/68/282 336/72/117 337/71/118
f 333/70/280 335/68/282 337/71/118
f 320/54/100 337/71/118 336/72/117
f 320/54/100 336/72/117 338/73/283
f 320/54/100 338/73/283 332/66/284
f 320/54/100 332/66/279 331/67/278
f 320/54/100 331/67/278 309/34/81
f 310/36/82 258/44/91 257/51/269
f 310/36/82 257/51/269 312/39/85
f 272/75/285 273/74/122 333/70/123
f 272/75/285 333/70/123 337/71/118
f 272/75/285 337/71/118 320/54/100
f 272/75/285 320/54/100 270/53/271
f 309/34/81 271/38/84 320/54/100
f 330/63/277 323/60/104 327/62/108
f 330/63/277 327/62/108 331/67/278
f 331/67/278 327/62/108 310/36/82
f 331/67/278 310/36/82 309/34/81
f 339/76/124 288/77/125 275/78/32
f 339/76/124 275/78/32 274/79/31
f 340/80/126 287/81/127 288/77/125
f 340/80/126 288/77/125 339/76/124
f 255/82/128 254/83/129 287/81/127
f 255/82/128 287/81/127 340/80/126
f 276/84/33 319/85/130 339/76/124
f 276/84/33 339/76/124 274/79/31
f 319/85/130 318/86/131 340/80/126
f 319/85/130 340/80/126 339/76/124
f 318/86/131 261/87/132 255/82/128
f 318/86/131 255/82/128 340/80/126
f 341/88/133 342/89/134 343/90/133
f 341/88/133 343/90/133 344/91/133
f 341/88/133 344/91/133 345/92/133
f 341/88/133 345/92/133 346/93/133
f 341/88/133 346/93/133 347/94/133
f 348/95/133 349/96/133 350/97/133
f 348/95/133 350/97/133 351/98/133
f 348/95/133 351/98/133 352/99/133
f 348/95/133 352/99/133 353/100/133
f 348/95/133 353/100/133 354/101/133
f 291/102/136 290/103/137 346/93/138
f 291/102/136 346/93/138 345/92/139
f 286/104/140 291/102/136 345/92/139
f 286/104/140 345/92/139 344/91/140
f 285/105/141 286/104/141 344/91/141
f 285/105/141 344/91/141 343/90/141
f 341/88/143 347/94/143 293/106/143
f 341/88/143 293/106/143 292/107/143
f 342/89/144 341/88/144 292/107/144
f 342/89/144 292/107/144 295/108/144
f 343/90/145 342/89/145 295/108/145
f 343/90/145 295/108/145 285/105/145
f 347/94/146 355/109/147 294/110/148
f 347/94/146 294/110/148 293/106/149
f 355/109/147 356/111/150 297/112/151
f 355/109/147 297/112/151 294/110/148
f 356/111/150 353/100/152 298/113/153
f 356/111/150 298/113/153 297/112/151
f 299/114/154 298/113/155 353/100/155
f 299/114/154 353/100/155 352/99/156
f 300/115/157 299/114/154 352/99/156
f 300/115/157 352/99/156 351/98/157
f 351/98/158 350/97/158 307/116/158
f 351/98/158 307/116/158 300/115/158
f 348/95/159 354/101/159 303/117/159
f 348/95/159 303/117/159 302/118/159
f 349/96/160 348/95/160 302/118/160
f 349/96/160 302/118/160 306/119/160
f 307/116/161 350/97/161 349/96/161
f 307/116/161 349/96/161 306/119/161
f 357/120/152 358/121/152 354/101/152
f 357/120/152 354/101/152 353/100/152
f 359/122/162 360/123/146 347/94/146
f 359/122/162 347/94/146 346/93/162
f 359/122/163 361/124/230 362/125/163
f 359/122/163 362/125/163 363/126/163
f 359/122/163 363/126/163 364/127/163
f 359/122/163 364/127/163 365/128/163
f 359/122/163 365/128/163 360/123/163
f 357/120/163 366/129/163 367/130/163
f 357/120/163 367/130/163 368/131/163
f 357/120/163 368/131/163 369/132/163
f 357/120/163 369/132/163 370/133/163
f 357/120/163 370/133/163 358/121/163
f 253/134/164 260/135/165 322/136/166
f 253/134/164 322/136/166 359/122/162
f 253/134/164 359/122/162 346/93/162
f 253/134/164 346/93/162 290/103/167
f 253/134/164 290/103/167 247/137/168
f 359/122/137 322/136/137 321/138/136
f 359/122/137 321/138/136 361/124/139
f 361/124/139 321/138/136 317/139/140
f 361/124/139 317/139/140 362/125/140
f 362/125/141 317/139/141 316/140/141
f 362/125/141 316/140/141 363/126/141
f 324/141/143 360/123/143 365/128/143
f 324/141/143 365/128/143 325/142/143
f 325/142/144 365/128/144 364/127/144
f 325/142/144 364/127/144 326/143/144
f 326/143/145 364/127/145 363/126/145
f 326/143/145 363/126/145 316/140/145
f 323/144/148 371/145/147 360/123/146
f 323/144/148 360/123/146 324/141/149
f 347/94/146 360/123/146 371/145/147
f 347/94/146 371/145/147 355/109/147
f 330/146/151 372/147/150 371/145/147
f 330/146/151 371/145/147 323/144/148
f 355/109/147 371/145/147 372/147/150
f 355/109/147 372/147/150 356/111/150
f 329/148/153 357/120/152 372/147/150
f 329/148/153 372/147/150 330/146/151
f 356/111/150 372/147/150 357/120/152
f 356/111/150 357/120/152 353/100/152
f 357/120/155 329/148/155 328/149/154
f 357/120/155 328/149/154 366/129/156
f 366/129/156 328/149/154 332/150/157
f 366/129/156 332/150/157 367/130/157
f 338/151/158 368/131/158 367/130/158
f 338/151/158 367/130/158 332/150/158
f 334/152/159 358/121/159 370/133/159
f 334/152/159 370/133/159 335/153/159
f 335/153/160 370/133/160 369/132/160
f 335/153/160 369/132/160 336/154/160
f 369/132/161 368/131/161 338/151/161
f 369/132/161 338/151/161 336/154/161
f 304/155/153 303/117/153 354/101/152
f 304/155/153 354/101/152 358/121/152
f 304/155/153 358/121/152 334/152/153
f 304/155/153 334/152/153 333/156/153
f 304/155/153 333/156/153 273/157/153
f 304/155/153 273/157/153 269/158/153
f 304/155/153 269/158/153 268/159/153
f 373/160/172 374/161/175 375/162/172
f 373/160/172 375/162/172 376/163/286
f 377/164/287 378/165/288 379/166/173
f 377/164/287 379/166/173 380/167/172
f 374/161/175 373/160/172 378/165/288
f 374/161/175 378/165/288 377/164/287
f 379/166/173 376/163/286 375/162/172
f 379/166/173 375/162/172 380/167/172
f 381/168/289 382/169/176 383/170/289
f 381/168/289 383/170/289 384/171/289
f 380/167/177 375/162/290 382/169/177
f 380/167/177 382/169/177 381/168/177
f 385/172/291 386/173/292 374/161/293
f 385/172/291 374/161/293 377/164/294
f 387/174/185 388/175/187 386/173/185
f 387/174/185 386/173/185 385/172/185
f 389/176/295 390/177/295 388/175/295
f 389/176/295 388/175/295 387/174/295
f 391/178/191 392/179/191 390/177/190
f 391/178/191 390/177/190 389/176/190
f 384/171/296 383/170/297 392/179/296
f 384/171/296 392/179/296 391/178/296
f 375/162/196 374/161/196 386/173/196
f 375/162/196 386/173/196 388/175/196
f 375/162/196 388/175/196 390/177/196
f 375/162/196 390/177/196 392/179/196
f 375/162/196 392/179/196 383/170/220
f 375/162/196 383/170/220 382/169/196
f 378/165/198 308/180/198 314/181/198
f 378/165/198 314/181/198 379/166/198
f 379/166/199 314/181/199 315/182/199
f 379/166/199 315/182/199 376/163/199
f 315/182/196 311/183/196 373/160/196
f 315/182/196 373/160/196 376/163/196
f 308/180/153 378/165/153 373/160/153
f 308/180/153 373/160/153 311/183/153
f 384/184/198 391/185/198 389/186/198
f 384/184/198 389/186/198 387/187/198
f 384/184/198 387/187/198 385/188/198
f 384/184/198 385/188/198 377/189/198
f 384/184/198 377/189/198 380/190/198
f 384/184/198 380/190/198 381/191/198
f 393/192/198 394/193/198 395/194/198
f 393/192/198 395/194/198 396/195/198
f 393/192/198 396/195/198 397/196/198
f 393/192/198 397/196/198 398/197/198
f 393/192/198 398/197/198 399/198/198
f 393/192/198 399/198/198 400/199/198
f 401/200/190 402/201/190 403/202/190
f 401/200/190 403/202/190 404/203/298
f 405/204/190 406/205/191 394/206/191
f 405/204/190 394/206/191 393/207/190
f 406/205/191 403/202/190 402/201/190
f 406/205/191 402/201/190 394/206/191
f 401/200/190 404/203/298 405/204/190
f 401/200/190 405/204/190 393/207/190
f 407/208/299 408/209/204 400/210/299
f 407/208/299 400/210/299 399/211/299
f 408/209/300 401/200/300 393/207/300
f 408/209/300 393/207/300 400/210/300
f 402/201/301 409/212/302 395/213/303
f 402/201/301 395/213/303 394/206/295
f 409/212/185 410/214/187 396/215/185
f 409/212/185 396/215/185 395/213/185
f 410/214/294 411/216/294 397/217/294
f 410/214/294 397/217/294 396/215/291
f 411/216/172 412/218/173 398/219/173
f 411/216/172 398/219/173 397/217/172
f 412/218/304 407/208/219 399/211/304
f 412/218/304 399/211/304 398/219/305
f 407/208/196 412/218/306 411/216/196
f 407/208/196 411/216/196 410/214/196
f 407/208/196 410/214/196 409/212/196
f 407/208/196 409/212/196 402/201/196
f 407/208/196 402/201/196 401/200/196
f 407/208/196 401/200/196 408/209/196
f 283/220/198 278/221/198 406/205/198
f 283/220/198 406/205/198 405/204/198
f 284/222/199 283/220/199 405/204/199
f 284/222/199 405/204/199 404/203/199
f 403/202/196 280/223/196 284/222/196
f 403/202/196 284/222/196 404/203/196
f 403/202/153 406/205/153 278/221/153
f 403/202/153 278/221/153 280/223/153
f 413/224/221 414/225/221 415/226/221
f 413/224/221 415/226/221 416/227/221
f 414/225/222 417/228/222 418/229/222
f 414/225/222 418/229/222 415/226/222
f 417/228/224 419/230/224 420/231/224
f 417/228/224 420/231/224 418/229/224
f 419/230/198 421/230/198 422/231/198
f 419/230/198 422/231/198 420/231/198
f 421/230/225 423/228/225 424/229/225
f 421/230/225 424/229/225 422/231/225
f 423/228/226 425/225/226 426/226/226
f 423/228/226 426/226/226 424/229/226
f 425/225/227 427/224/227 428/227/227
f 425/225/227 428/227/227 426/226/227
f 427/224/228 429/232/228 430/233/228
f 427/224/228 430/233/228 428/227/228
f 429/232/196 431/232/196 432/233/196
f 429/232/196 432/233/196 430/233/196
f 431/232/229 413/224/229 416/227/229
f 431/232/229 416/227/229 432/233/229
f 423/234/163 421/235/163 419/236/163
f 423/234/163 419/236/163 417/237/163
f 423/234/163 417/237/163 414/238/163
f 423/234/163 414/238/163 413/239/163
f 423/234/163 413/239/163 431/240/163
f 423/234/163 431/240/163 429/241/163
f 423/234/163 429/241/163 427/242/163
f 423/234/163 427/242/163 425/243/163
f 428/242/133 430/241/133 432/240/133
f 428/242/133 432/240/133 416/239/133
f 428/242/133 416/239/133 415/238/133
f 428/242/133 415/238/133 418/237/133
f 428/242/133 418/237/133 420/236/133
f 428/242/133 420/236/133 422/235/133
f 428/242/133 422/235/133 424/234/133
f 428/242/133 424/234/133 426/243/133
f 433/225/221 434/226/221 435/227/221
f 433/225/221 435/227/221 436/224/221
f 437/228/222 438/229/222 434/226/222
f 437/228/222 434/226/222 433/225/222
f 439/230/224 440/231/224 438/229/224
f 439/230/224 438/229/224 437/228/224
f 441/230/198 442/231/198 440/231/198
f 441/230/198 440/231/198 439/230/198
f 443/228/225 444/229/225 442/231/225
f 443/228/225 442/231/225 441/230/225
f 445/225/226 446/226/226 444/229/226
f 445/225/226 444/229/226 443/228/226
f 447/224/227 448/227/227 446/226/227
f 447/224/227 446/226/227 445/225/227
f 449/232/228 450/233/228 448/227/228
f 449/232/228 448/227/228 447/224/228
f 451/232/196 452/233/196 450/233/196
f 451/232/196 450/233/196 449/232/196
f 436/224/229 435/227/229 452/233/229
f 436/224/229 452/233/229 451/232/229
f 448/242/133 450/241/133 452/240/133
f 448/242/133 452/240/133 435/239/133
f 448/242/133 435/239/133 434/238/133
f 448/242/133 434/238/133 438/237/133
f 448/242/133 438/237/133 440/236/133
f 448/242/133 440/236/133 442/235/133
f 448/242/133 442/235/133 444/234/133
f 448/242/133 444/234/133 446/243/133
f 443/234/163 441/235/163 439/236/163
f 443/234/163 439/236/163 437/237/163
f 443/234/163 437/237/163 433/238/163
f 443/234/163 433/238/163 436/239/163
f 443/234/163 436/239/163 451/240/163
f 443/234/163 451/240/163 449/241/163
f 443/234/163 449/241/163 447/242/163
f 443/234/163 447/242/163 445/243/163
f 453/244/221 454/245/221 455/227/221
f 453/244/221 455/227/221 456/224/221
f 457/228/222 458/229/222 454/245/222
f 457/228/222 454/245/222 453/244/222
f 459/230/224 460/231/224 458/229/224
f 459/230/224 458/229/224 457/228/224
f 461/230/198 462/231/198 460/231/198
f 461/230/198 460/231/198 459/230/198
f 463/228/225 464/229/225 462/231/225
f 463/228/225 462/231/225 461/230/225
f 465/244/226 466/245/226 464/229/226
f 465/244/226 464/229/226 463/228/226
f 467/224/227 468/227/227 466/245/227
f 467/224/227 466/245/227 465/244/227
f 469/232/228 470/233/228 468/227/228
f 469/232/228 468/227/228 467/224/228
f 471/232/196 472/233/196 470/233/196
f 471/232/196 470/233/196 469/232/196
f 456/224/229 455/227/229 472/233/229
f 456/224/229 472/233/229 471/232/229
f 455/239/133 454/238/133 458/237/133
f 455/239/133 458/237/133 460/236/133
f 455/239/133 460/236/133 462/235/133
f 455/239/133 462/235/133 464/234/133
f 455/239/133 464/234/133 466/243/133
f 455/239/133 466/243/133 468/242/133
f 455/239/133 468/242/133 470/241/133
f 455/239/133 470/241/133 472/240/133
f 467/242/163 465/243/163 463/234/163
f 467/242/163 463/234/163 461/235/163
f 467/242/163 461/235/163 459/236/163
f 467/242/163 459/236/163 457/237/163
f 467/242/163 457/237/163 453/238/163
f 467/242/163 453/238/163 456/239/163
f 467/242/163 456/239/163 471/240/163
f 467/242/163 471/240/163 469/241/163
f 473/224/221 474/244/221 475/245/221
f 473/224/221 475/245/221 476/227/221
f 474/244/222 477/228/222 478/229/222
f 474/244/222 478/229/222 475/245/222
f 477/228/224 479/230/224 480/231/224
f 477/228/224 480/231/224 478/229/224
f 479/230/198 481/230/198 482/231/198
f 479/230/198 482/231/198 480/231/198
f 481/230/225 483/228/225 484/229/225
f 481/230/225 484/229/225 482/231/225
f 483/228/226 485/244/226 486/245/226
f 483/228/226 486/245/226 484/229/226
f 485/244/227 487/224/227 488/227/227
f 485/244/227 488/227/227 486/245/227
f 487/224/228 489/232/228 490/233/228
f 487/224/228 490/233/228 488/227/228
f 489/232/196 491/232/196 492/233/196
f 489/232/196 492/233/196 490/233/196
f 491/232/229 473/224/229 476/227/229
f 491/232/229 476/227/229 492/233/229
f 487/242/163 485/243/163 483/234/163
f 487/242/163 483/234/163 481/235/163
f 487/242/163 481/235/163 479/236/163
f 487/242/163 479/236/163 477/237/163
f 487/242/163 477/237/163 474/238/163
f 487/242/163 474/238/163 473/239/163
f 487/242/163 473/239/163 491/240/163
f 487/242/163 491/240/163 489/241/163
f 476/239/133 475/238/133 478/237/133
f 476/239/133 478/237/133 480/236/133
f 476/239/133 480/236/133 482/235/133
f 476/239/133 482/235/133 484/234/133
f 476/239/133 484/234/133 486/243/133
f 476/239/133 486/243/133 488/242/133
f 476/239/133 488/242/133 490/241/133
f 476/239/133 490/241/133 492/240/133
f 493/1/307 494/2/308 495/3/309
f 493/1/307 495/3/309 496/4/310
f 493/1/307 496/4/310 497/5/311
f 493/1/307 497/5/311 498/6/312
f 493/1/307 498/6/312 499/7/313
f 497/5/311 500/8/314 501/9/315
f 497/5/311 501/9/315 498/6/312
f 498/6/312 502/10/316 503/11/317
f 498/6/312 503/11/317 504/12/318
f 498/6/312 504/12/318 505/13/319
f 498/6/312 505/13/319 506/14/320
f 498/6/312 506/14/320 499/7/313
f 501/9/315 507/15/321 502/10/316
f 501/9/315 502/10/316 498/6/312
f 508/16/322 509/17/323 510/18/324
f 508/16/322 510/18/324 511/19/325
f 511/19/326 510/18/327 512/20/328
f 511/19/326 512/20/328 513/21/329
f 513/21/329 512/20/328 514/22/330
f 513/21/329 514/22/330 515/23/331
f 516/24/332 517/25/333 508/16/322
f 516/24/332 508/16/322 511/19/325
f 518/26/334 516/24/335 511/19/326
f 518/26/334 511/19/326 513/21/329
f 519/27/336 518/26/334 513/21/329
f 519/27/336 513/21/329 515/23/331
f 508/28/322 520/29/337 521/30/338
f 508/28/322 521/30/338 509/31/323
f 522/32/339 520/29/337 508/28/322
f 522/32/339 508/28/322 517/33/333
f 523/34/340 524/35/341 525/36/342
f 526/37/343 524/35/341 523/34/340
f 509/38/344 526/37/343 523/34/340
f 525/36/342 524/35/341 527/39/345
f 521/40/346 528/41/347 529/42/348
f 530/43/349 521/40/346 529/42/348
f 509/38/344 521/40/346 530/43/349
f 530/43/349 526/37/343 509/38/344
f 529/42/348 528/41/347 527/39/345
f 524/35/341 529/42/348 527/39/345
f 495/44/350 531/45/351 525/36/342
f 494/46/352 532/47/353 531/45/351
f 494/46/352 531/45/351 495/44/350
f 528/41/347 533/48/354 500/49/355
f 528/41/347 500/49/355 497/50/356
f 528/41/347 497/50/356 496/51/357
f 528/41/347 496/51/357 527/39/345
f 521/40/346 534/52/358 533/48/354
f 521/40/346 533/48/354 528/41/347
f 510/53/359 509/38/344 535/54/360
f 493/55/361 536/56/362 537/57/363
f 493/55/361 537/57/363 532/47/353
f 493/55/361 532/47/353 494/46/352
f 538/58/364 539/59/365 540/60/366
f 541/61/367 538/58/364 540/60/366
f 541/61/367 540/60/366 542/62/368
f 531/45/351 541/61/367 542/62/368
f 531/45/351 542/62/368 525/36/342
f 543/63/369 544/64/370 545/65/371
f 545/65/371 546/66/372 547/67/373
f 543/63/369 545/65/371 547/67/373
f 548/68/374 549/69/375 550/70/376
f 548/68/374 550/70/376 551/71/377
f 552/72/378 548/68/374 551/71/377
f 547/67/379 546/66/379 553/73/379
f 553/73/380 552/72/380 551/71/380
f 553/73/381 551/71/382 535/54/360
f 547/67/373 553/73/381 535/54/360
f 547/67/373 535/54/360 523/34/340
f 496/51/357 495/44/350 525/36/342
f 496/51/357 525/36/342 527/39/345
f 550/70/383 514/74/384 512/75/385
f 550/70/383 512/75/385 551/71/382
f 535/54/360 551/71/382 512/75/385
f 535/54/360 512/75/385 510/53/359
f 509/38/344 523/34/340 535/54/360
f 542/62/368 540/60/366 543/63/369
f 542/62/368 543/63/369 547/67/373
f 525/36/342 542/62/368 547/67/373
f 525/36/342 547/67/373 523/34/340
f 554/35/386 555/34/387 556/36/388
f 554/35/386 557/37/389 555/34/387
f 557/37/389 517/38/390 555/34/387
f 554/35/386 556/36/388 558/39/391
f 559/41/392 522/40/393 560/42/394
f 522/40/393 561/43/395 560/42/394
f 522/40/393 517/38/390 561/43/395
f 557/37/389 561/43/395 517/38/390
f 559/41/392 560/42/394 558/39/391
f 560/42/394 554/35/386 558/39/391
f 562/45/396 504/44/397 556/36/388
f 562/45/396 563/47/398 505/46/399
f 562/45/396 505/46/399 504/44/397
f 507/49/400 564/48/401 559/41/392
f 507/49/400 559/41/392 502/50/402
f 503/51/403 502/50/402 559/41/392
f 503/51/403 559/41/392 558/39/391
f 564/48/401 565/52/404 522/40/393
f 564/48/401 522/40/393 559/41/392
f 517/38/390 516/53/405 566/54/406
f 567/57/407 568/56/408 506/55/409
f 563/47/398 567/57/407 506/55/409
f 563/47/398 506/55/409 505/46/399
f 569/60/410 570/59/411 571/58/412
f 569/60/410 571/58/412 572/61/413
f 569/60/410 572/61/413 573/62/414
f 573/62/414 572/61/413 562/45/396
f 573/62/414 562/45/396 556/36/388
f 574/65/415 575/64/416 576/63/417
f 574/65/415 576/63/417 577/67/418
f 578/66/419 574/65/415 577/67/418
f 579/70/420 580/69/421 581/68/422
f 581/68/422 582/72/423 583/71/424
f 579/70/420 581/68/422 583/71/424
f 566/54/406 583/71/424 582/72/423
f 566/54/406 582/72/423 584/73/425
f 566/54/406 584/73/425 578/66/426
f 566/54/406 578/66/419 577/67/418
f 566/54/406 577/67/418 555/34/387
f 556/36/388 504/44/397 503/51/403
f 556/36/388 503/51/403 558/39/391
f 518/75/427 519/74/428 579/70/429
f 518/75/427 579/70/429 583/71/424
f 518/75/427 583/71/424 566/54/406
f 518/75/427 566/54/406 516/53/405
f 555/34/387 517/38/390 566/54/406
f 576/63/417 569/60/410 573/62/414
f 576/63/417 573/62/414 577/67/418
f 577/67/418 573/62/414 556/36/388
f 577/67/418 556/36/388 555/34/387
f 585/76/430 534/77/431 521/78/338
f 585/76/430 521/78/338 520/79/337
f 586/80/432 533/81/433 534/77/431
f 586/80/432 534/77/431 585/76/430
f 501/82/434 500/83/435 533/81/433
f 501/82/434 533/81/433 586/80/432
f 522/84/339 565/85/436 585/76/430
f 522/84/339 585/76/430 520/79/337
f 565/85/436 564/86/437 586/80/432
f 565/85/436 586/80/432 585/76/430
f 564/86/437 507/87/438 501/82/434
f 564/86/437 501/82/434 586/80/432
f 587/88/439 588/89/440 589/90/441
f 587/88/439 589/90/441 590/91/439
f 587/88/439 590/91/439 591/92/439
f 587/88/439 591/92/439 592/93/439
f 587/88/439 592/93/439 593/94/442
f 594/95/439 595/96/443 596/97/444
f 594/95/439 596/97/444 597/98/439
f 594/95/439 597/98/439 598/99/439
f 594/95/439 598/99/439 599/100/445
f 594/95/439 599/100/445 600/101/446
f 537/102/447 536/103/448 592/93/448
f 537/102/447 592/93/448 591/92/449
f 532/104/450 537/102/447 591/92/449
f 532/104/450 591/92/449 590/91/451
f 531/105/452 532/104/452 590/91/452
f 531/105/452 590/91/452 589/90/452
f 587/88/453 593/94/453 539/106/454
f 587/88/453 539/106/454 538/107/455
f 588/89/456 587/88/456 538/107/457
f 588/89/456 538/107/457 541/108/458
f 589/90/459 588/89/459 541/108/459
f 589/90/459 541/108/459 531/105/459
f 593/94/460 601/109/461 540/110/461
f 593/94/460 540/110/461 539/106/462
f 601/109/461 602/111/463 543/112/464
f 601/109/461 543/112/464 540/110/461
f 602/111/463 599/100/465 544/113/153
f 602/111/463 544/113/153 543/112/464
f 545/114/466 544/113/467 599/100/467
f 545/114/466 599/100/467 598/99/468
f 546/115/469 545/114/466 598/99/468
f 546/115/469 598/99/468 597/98/470
f 597/98/471 596/97/471 553/116/471
f 597/98/471 553/116/471 546/115/471
f 594/95/472 600/101/472 549/117/472
f 594/95/472 549/117/472 548/118/473
f 595/96/474 594/95/474 548/118/475
f 595/96/474 548/118/475 552/119/475
f 553/116/476 596/97/477 595/96/477
f 553/116/476 595/96/477 552/119/478
f 603/120/465 604/121/465 600/101/465
f 603/120/465 600/101/465 599/100/465
f 605/122/479 606/123/460 593/94/460
f 605/122/479 593/94/460 592/93/479
f 605/122/480 607/124/481 608/125/482
f 605/122/480 608/125/482 609/126/483
f 605/122/480 609/126/483 610/127/480
f 605/122/480 610/127/480 611/128/480
f 605/122/480 611/128/480 606/123/483
f 603/120/483 612/129/484 613/130/485
f 603/120/483 613/130/485 614/131/483
f 603/120/483 614/131/483 615/132/483
f 603/120/483 615/132/483 616/133/483
f 603/120/483 616/133/483 604/121/483
f 499/134/486 506/135/487 568/136/488
f 499/134/486 568/136/488 605/122/479
f 499/134/486 605/122/479 592/93/479
f 499/134/486 592/93/479 536/103/489
f 499/134/486 536/103/489 493/137/490
f 605/122/491 568/136/448 567/138/492
f 605/122/491 567/138/492 607/124/493
f 607/124/493 567/138/492 563/139/494
f 607/124/493 563/139/494 608/125/495
f 608/125/452 563/139/496 562/140/452
f 608/125/452 562/140/452 609/126/452
f 570/141/454 606/123/497 611/128/497
f 570/141/454 611/128/497 571/142/455
f 571/142/457 611/128/498 610/127/458
f 571/142/457 610/127/458 572/143/457
f 572/143/459 610/127/459 609/126/459
f 572/143/459 609/126/459 562/140/459
f 569/144/461 617/145/461 606/123/460
f 569/144/461 606/123/460 570/141/499
f 593/94/460 606/123/460 617/145/461
f 593/94/460 617/145/461 601/109/461
f 576/146/464 618/147/463 617/145/461
f 576/146/464 617/145/461 569/144/461
f 601/109/461 617/145/461 618/147/463
f 601/109/461 618/147/463 602/111/463
f 575/148/153 603/120/465 618/147/463
f 575/148/153 618/147/463 576/146/464
f 602/111/463 618/147/463 603/120/465
f 602/111/463 603/120/465 599/100/465
f 603/120/500 575/148/467 574/149/466
f 603/120/500 574/149/466 612/129/501
f 612/129/501 574/149/466 578/150/469
f 612/129/501 578/150/469 613/130/502
f 584/151/503 614/131/471 613/130/471
f 584/151/503 613/130/471 578/150/503
f 580/152/473 604/121/504 616/133/504
f 580/152/473 616/133/504 581/153/473
f 581/153/505 616/133/506 615/132/475
f 581/153/505 615/132/475 582/154/474
f 615/132/507 614/131/507 584/151/507
f 615/132/507 584/151/507 582/154/478
f 550/155/153 549/117/153 600/101/465
f 550/155/153 600/101/465 604/121/465
f 550/155/153 604/121/465 580/152/153
f 550/155/153 580/152/153 579/156/153
f 550/155/153 579/156/153 519/157/153
f 550/155/153 519/157/153 515/158/153
f 550/155/153 515/158/153 514/159/153
f 619/160/508 620/161/509 621/162/510
f 619/160/508 621/162/510 622/163/511
f 623/164/512 624/165/513 625/166/514
f 623/164/512 625/166/514 626/167/515
f 620/161/509 619/160/508 624/165/513
f 620/161/509 624/165/513 623/164/512
f 625/166/514 622/163/511 621/162/510
f 625/166/514 621/162/510 626/167/515
f 627/168/516 628/169/517 629/170/516
f 627/168/516 629/170/516 630/171/518
f 626/167/519 621/162/520 628/169/521
f 626/167/519 628/169/521 627/168/522
f 631/172/523 632/173/524 620/161/525
f 631/172/523 620/161/525 623/164/526
f 633/174/527 634/175/528 632/173/527
f 633/174/527 632/173/527 631/172/527
f 635/176/529 636/177/530 634/175/531
f 635/176/529 634/175/531 633/174/532
f 637/178/533 638/179/534 636/177/535
f 637/178/533 636/177/535 635/176/536
f 630/171/537 629/170/538 638/179/539
f 630/171/537 638/179/539 637/178/540
f 621/162/541 620/161/542 632/173/543
f 621/162/541 632/173/543 634/175/544
f 621/162/541 634/175/544 636/177/545
f 621/162/541 636/177/545 638/179/541
f 621/162/541 638/179/541 629/170/546
f 621/162/541 629/170/546 628/169/547
f 624/165/548 554/180/549 560/181/550
f 624/165/548 560/181/550 625/166/551
f 625/166/199 560/181/199 561/182/199
f 625/166/199 561/182/199 622/163/199
f 561/182/552 557/183/553 619/160/554
f 561/182/552 619/160/554 622/163/555
f 554/180/153 624/165/153 619/160/153
f 554/180/153 619/160/153 557/183/153
f 630/184/556 637/185/550 635/186/557
f 630/184/556 635/186/557 633/187/557
f 630/184/556 633/187/557 631/188/558
f 630/184/556 631/188/558 623/189/559
f 630/184/556 623/189/559 626/190/560
f 630/184/556 626/190/560 627/191/561
f 639/192/558 640/193/557 641/194/550
f 639/192/558 641/194/550 642/195/562
f 639/192/558 642/195/562 643/196/563
f 639/192/558 643/196/563 644/197/564
f 639/192/558 644/197/564 645/198/565
f 639/192/558 645/198/565 646/199/551
f 647/200/566 648/201/567 649/202/568
f 647/200/566 649/202/568 650/203/569
f 651/204/536 652/205/570 640/206/571
f 651/204/536 640/206/571 639/207/572
f 652/205/570 649/202/568 648/201/567
f 652/205/570 648/201/567 640/206/571
f 647/200/566 650/203/569 651/204/536
f 647/200/566 651/204/536 639/207/572
f 653/208/573 654/209/574 646/210/573
f 653/208/573 646/210/573 645/211/575
f 654/209/576 647/200/577 639/207/578
f 654/209/576 639/207/578 646/210/579
f 648/201/580 655/212/581 641/213/582
f 648/201/580 641/213/582 640/206/583
f 655/212/528 656/214/584 642/215/528
f 655/212/528 642/215/528 641/213/585
f 656/214/586 657/216/587 643/217/588
f 656/214/586 643/217/588 642/215/589
f 657/216/590 658/218/591 644/219/592
f 657/216/590 644/219/592 643/217/593
f 658/218/594 653/208/595 645/211/596
f 658/218/594 645/211/596 644/219/597
f 653/208/541 658/218/598 657/216/599
f 653/208/541 657/216/599 656/214/541
f 653/208/541 656/214/541 655/212/541
f 653/208/541 655/212/541 648/201/542
f 653/208/541 648/201/542 647/200/600
f 653/208/541 647/200/600 654/209/601
f 529/220/560 524/221/602 652/205/603
f 529/220/560 652/205/603 651/204/550
f 530/222/199 529/220/604 651/204/199
f 530/222/199 651/204/199 650/203/199
f 649/202/544 526/223/605 530/222/544
f 649/202/544 530/222/544 650/203/555
f 649/202/153 652/205/153 524/221/153
f 649/202/153 524/221/153 526/223/153
f 659/224/606 660/225/606 661/226/606
f 659/224/606 661/226/606 662/227/606
f 660/225/607 663/228/607 664/229/608
f 660/225/607 664/229/608 661/226/608
f 663/228/609 665/230/610 666/231/609
f 663/228/609 666/231/609 664/229/611
f 665/230/550 667/230/550 668/231/550
f 665/230/550 668/231/550 666/231/550
f 667/230/612 669/228/613 670/229/612
f 667/230/612 670/229/612 668/231/614
f 669/228/615 671/225/615 672/226/616
f 669/228/615 672/226/616 670/229/616
f 671/225/617 673/224/617 674/227/617
f 671/225/617 674/227/617 672/226/617
f 673/224/618 675/232/619 676/233/620
f 673/224/618 676/233/620 674/227/621
f 675/232/555 677/232/555 678/233/555
f 675/232/555 678/233/555 676/233/543
f 677/232/622 659/224/623 662/227/622
f 677/232/622 662/227/622 678/233/622
f 669/234/624 667/235/625 665/236/624
f 669/234/624 665/236/624 663/237/483
f 669/234/624 663/237/483 660/238/483
f 669/234/624 660/238/483 659/239/483
f 669/234/624 659/239/483 677/240/483
f 669/234/624 677/240/483 675/241/483
f 669/234/624 675/241/483 673/242/624
f 669/234/624 673/242/624 671/243/626
f 674/242/439 676/241/627 678/240/628
f 674/242/439 678/240/628 662/239/629
f 674/242/439 662/239/629 661/238/439
f 674/242/439 661/238/439 664/237/439
f 674/242/439 664/237/439 666/236/439
f 674/242/439 666/236/439 668/235/630
f 674/242/439 668/235/630 670/234/441
f 674/242/439 670/234/441 672/243/441
f 679/225/606 680/226/606 681/227/606
f 679/225/606 681/227/606 682/224/606
f 683/228/607 684/229/631 680/226/607
f 683/228/607 680/226/607 679/225/608
f 685/230/632 686/231/632 684/229/632
f 685/230/632 684/229/632 683/228/633
f 687/230/550 688/231/550 686/231/550
f 687/230/550 686/231/550 685/230/550
f 689/228/634 690/229/614 688/231/635
f 689/228/634 688/231/635 687/230/636
f 691/225/637 692/226/637 690/229/637
f 691/225/637 690/229/637 689/228/637
f 693/224/617 694/227/638 692/226/617
f 693/224/617 692/226/617 691/225/639
f 695/232/620 696/233/640 694/227/620
f 695/232/620 694/227/620 693/224/620
f 697/232/555 698/233/555 696/233/555
f 697/232/555 696/233/555 695/232/555
f 682/224/622 681/227/622 698/233/622
f 682/224/622 698/233/622 697/232/623
f 694/242/441 696/241/441 698/240/641
f 694/242/441 698/240/641 681/239/629
f 694/242/441 681/239/629 680/238/441
f 694/242/441 680/238/441 684/237/441
f 694/242/441 684/237/441 686/236/439
f 694/242/441 686/236/439 688/235/630
f 694/242/441 688/235/630 690/234/441
f 694/242/441 690/234/441 692/243/439
f 689/234/624 687/235/481 685/236/626
f 689/234/624 685/236/626 683/237/625
f 689/234/624 683/237/625 679/238/483
f 689/234/624 679/238/483 682/239/483
f 689/234/624 682/239/483 697/240/625
f 689/234/624 697/240/625 695/241/483
f 689/234/624 695/241/483 693/242/624
f 689/234/624 693/242/624 691/243/624
f 699/244/606 700/245/606 701/227/606
f 699/244/606 701/227/606 702/224/606
f 703/228/608 704/229/608 700/245/608
f 703/228/608 700/245/608 699/244/608
f 705/230/609 706/231/642 704/229/642
f 705/230/609 704/229/642 703/228/609
f 707/230/550 708/231/550 706/231/550
f 707/230/550 706/231/550 705/230/550
f 709/228/643 710/229/644 708/231/645
f 709/228/643 708/231/645 707/230/646
f 711/244/615 712/245/615 710/229/615
f 711/244/615 710/229/615 709/228/615
f 713/224/617 714/227/617 712/245/617
f 713/224/617 712/245/617 711/244/617
f 715/232/618 716/233/647 714/227/648
f 715/232/618 714/227/648 713/224/649
f 717/232/555 718/233/555 716/233/555
f 717/232/555 716/233/555 715/232/555
f 702/224/623 701/227/623 718/233/623
f 702/224/623 718/233/623 717/232/623
f 701/239/441 700/238/630 704/237/630
f 701/239/441 704/237/630 706/236/439
f 701/239/441 706/236/439 708/235/439
f 701/239/441 708/235/439 710/234/441
f 701/239/441 710/234/441 712/243/439
f 701/239/441 712/243/439 714/242/439
f 701/239/441 714/242/439 716/241/441
f 701/239/441 716/241/441 718/240/441
f 713/242/483 711/243/624 709/234/650
f 713/242/483 709/234/650 707/235/483
f 713/242/483 707/235/483 705/236/624
f 713/242/483 705/236/624 703/237/624
f 713/242/483 703/237/624 699/238/483
f 713/242/483 699/238/483 702/239/625
f 713/242/483 702/239/625 717/240/483
f 713/242/483 717/240/483 715/241/625
f 719/224/606 720/244/606 721/245/606
f 719/224/606 721/245/606 722/227/606
f 720/244/608 723/228/608 724/229/607
f 720/244/608 724/229/607 721/245/607
f 723/228/609 725/230/633 726/231/609
f 723/228/609 726/231/609 724/229/651
f 725/230/550 727/230/550 728/231/550
f 725/230/550 728/231/550 726/231/550
f 727/230/646 729/228/652 730/229/644
f 727/230/646 730/229/644 728/231/653
f 729/228/615 731/244/615 732/245/615
f 729/228/615 732/245/615 730/229/615
f 731/244/617 733/224/639 734/227/617
f 731/244/617 734/227/617 732/245/617
f 733/224/620 735/232/620 736/233/620
f 733/224/620 736/233/620 734/227/620
f 735/232/555 737/232/555 738/233/555
f 735/232/555 738/233/555 736/233/555
f 737/232/622 719/224/622 722/227/622
f 737/232/622 722/227/622 738/233/622
f 733/242/483 731/243/624 729/234/650
f 733/242/483 729/234/650 727/235/483
f 733/242/483 727/235/483 725/236/624
f 733/242/483 725/236/624 723/237/624
f 733/242/483 723/237/624 720/238/483
f 733/242/483 720/238/483 719/239/485
f 733/242/483 719/239/485 737/240/624
f 733/242/483 737/240/624 735/241/625
f 722/239/439 721/238/439 724/237/441
f 722/239/439 724/237/441 726/236/439
f 722/239/439 726/236/439 728/235/439
f 722/239/439 728/235/439 730/234/441
f 722/239/439 730/234/441 732/243/439
f 722/239/439 732/243/439 734/242/439
f 722/239/439 734/242/439 736/241/654
f 722/239/439 736/241/654 738/240/627
f 739/1/655 740/2/656 741/3/657
f 739/1/655 741/3/657 742/4/658
f 739/1/655 742/4/658 743/5/659
f 739/1/655 743/5/659 744/6/660
f 739/1/655 744/6/660 745/7/661
f 743/5/659 746/8/662 747/9/663
f 743/5/659 747/9/663 744/6/660
f 744/6/660 748/10/664 749/11/665
f 744/6/660 749/11/665 750/12/666
f 744/6/660 750/12/666 751/13/667
f 744/6/660 751/13/667 752/14/668
f 744/6/660 752/14/668 745/7/661
f 747/9/663 753/15/669 748/10/664
f 747/9/663 748/10/664 744/6/660
f 754/16/670 755/17/671 756/18/672
f 754/16/670 756/18/672 757/19/673
f 757/19/674 756/18/675 758/20/676
f 757/19/674 758/20/676 759/21/677
f 759/21/677 758/20/676 760/22/678
f 759/21/677 760/22/678 761/23/679
f 762/24/680 763/25/681 754/16/670
f 762/24/680 754/16/670 757/19/673
f 764/26/682 762/24/683 757/19/674
f 764/26/682 757/19/674 759/21/677
f 765/27/684 764/26/682 759/21/677
f 765/27/684 759/21/677 761/23/679
f 754/28/670 766/29/685 767/30/686
f 754/28/670 767/30/686 755/31/671
f 768/32/687 766/29/685 754/28/670
f 768/32/687 754/28/670 763/33/681
f 769/34/688 770/35/689 771/36/690
f 772/37/691 770/35/689 769/34/688
f 755/38/692 772/37/691 769/34/688
f 771/36/690 770/35/689 773/39/693
f 767/40/694 774/41/695 775/42/696
f 776/43/697 767/40/694 775/42/696
f 755/38/692 767/40/694 776/43/697
f 776/43/697 772/37/691 755/38/692
f 775/42/696 774/41/695 773/39/693
f 770/35/689 775/42/696 773/39/693
f 741/44/698 777/45/699 771/36/690
f 740/46/700 778/47/701 777/45/699
f 740/46/700 777/45/699 741/44/698
f 774/41/695 779/48/702 746/49/703
f 774/41/695 746/49/703 743/50/704
f 774/41/695 743/50/704 742/51/705
f 774/41/695 742/51/705 773/39/693
f 767/40/694 780/52/706 779/48/702
f 767/40/694 779/48/702 774/41/695
f 756/53/707 755/38/692 781/54/708
f 739/55/709 782/56/710 783/57/711
f 739/55/709 783/57/711 778/47/701
f 739/55/709 778/47/701 740/46/700
f 784/58/712 785/59/713 786/60/714
f 787/61/715 784/58/712 786/60/714
f 787/61/715 786/60/714 788/62/716
f 777/45/699 787/61/715 788/62/716
f 777/45/699 788/62/716 771/36/690
f 789/63/717 790/64/718 791/65/719
f 791/65/719 792/66/720 793/67/721
f 789/63/717 791/65/719 793/67/721
f 794/68/722 795/69/723 796/70/724
f 794/68/722 796/70/724 797/71/725
f 798/72/726 794/68/722 797/71/725
f 793/67/727 792/66/727 799/73/727
f 799/73/728 798/72/728 797/71/728
f 799/73/729 797/71/730 781/54/708
f 793/67/721 799/73/729 781/54/708
f 793/67/721 781/54/708 769/34/688
f 742/51/705 741/44/698 771/36/690
f 742/51/705 771/36/690 773/39/693
f 796/70/731 760/74/732 758/75/733
f 796/70/731 758/75/733 797/71/730
f 781/54/708 797/71/730 758/75/733
f 781/54/708 758/75/733 756/53/707
f 755/38/692 769/34/688 781/54/708
f 788/62/716 786/60/714 789/63/717
f 788/62/716 789/63/717 793/67/721
f 771/36/690 788/62/716 793/67/721
f 771/36/690 793/67/721 769/34/688
f 800/35/734 801/34/735 802/36/736
f 800/35/734 803/37/737 801/34/735
f 803/37/737 763/38/738 801/34/735
f 800/35/734 802/36/736 804/39/739
f 805/41/740 768/40/741 806/42/742
f 768/40/741 807/43/743 806/42/742
f 768/40/741 763/38/738 807/43/743
f 803/37/737 807/43/743 763/38/738
f 805/41/740 806/42/742 804/39/739
f 806/42/742 800/35/734 804/39/739
f 808/45/744 750/44/745 802/36/736
f 808/45/744 809/47/746 751/46/747
f 808/45/744 751/46/747 750/44/745
f 753/49/748 810/48/749 805/41/740
f 753/49/748 805/41/740 748/50/750
f 749/51/751 748/50/750 805/41/740
f 749/51/751 805/41/740 804/39/739
f 810/48/749 811/52/752 768/40/741
f 810/48/749 768/40/741 805/41/740
f 763/38/738 762/53/753 812/54/754
f 813/57/755 814/56/756 752/55/757
f 809/47/746 813/57/755 752/55/757
f 809/47/746 752/55/757 751/46/747
f 815/60/758 816/59/759 817/58/760
f 815/60/758 817/58/760 818/61/761
f 815/60/758 818/61/761 819/62/762
f 819/62/762 818/61/761 808/45/744
f 819/62/762 808/45/744 802/36/736
f 820/65/763 821/64/764 822/63/765
f 820/65/763 822/63/765 823/67/766
f 824/66/767 820/65/763 823/67/766
f 825/70/768 826/69/769 827/68/770
f 827/68/770 828/72/771 829/71/772
f 825/70/768 827/68/770 829/71/772
f 812/54/754 829/71/772 828/72/771
f 812/54/754 828/72/771 830/73/773
f 812/54/754 830/73/773 824/66/774
f 812/54/754 824/66/767 823/67/766
f 812/54/754 823/67/766 801/34/735
f 802/36/736 750/44/745 749/51/751
f 802/36/736 749/51/751 804/39/739
f 764/75/775 765/74/776 825/70/777
f 764/75/775 825/70/777 829/71/772
f 764/75/775 829/71/772 812/54/754
f 764/75/775 812/54/754 762/53/753
f 801/34/735 763/38/738 812/54/754
f 822/63/765 815/60/758 819/62/762
f 822/63/765 819/62/762 823/67/766
f 823/67/766 819/62/762 802/36/736
f 823/67/766 802/36/736 801/34/735
f 831/76/778 780/77/779 767/78/686
f 831/76/778 767/78/686 766/79/685
f 832/80/780 779/81/781 780/77/779
f 832/80/780 780/77/779 831/76/778
f 747/82/782 746/83/783 779/81/781
f 747/82/782 779/81/781 832/80/780
f 768/84/687 811/85/784 831/76/778
f 768/84/687 831/76/778 766/79/685
f 811/85/784 810/86/785 832/80/780
f 811/85/784 832/80/780 831/76/778
f 810/86/785 753/87/786 747/82/782
f 810/86/785 747/82/782 832/80/780
f 833/88/787 834/89/788 835/90/789
f 833/88/787 835/90/789 836/91/787
f 833/88/787 836/91/787 837/92/790
f 833/88/787 837/92/790 838/93/790
f 833/88/787 838/93/790 839/94/787
f 840/95/791 841/96/792 842/97/793
f 840/95/791 842/97/793 843/98/790
f 840/95/791 843/98/790 844/99/791
f 840/95/791 844/99/791 845/100/791
f 840/95/791 845/100/791 846/101/790
f 783/102/794 782/103/795 838/93/796
f 783/102/794 838/93/796 837/92/797
f 778/104/798 783/102/794 837/92/797
f 778/104/798 837/92/797 836/91/798
f 777/105/799 778/104/799 836/91/799
f 777/105/799 836/91/799 835/90/799
f 833/88/800 839/94/801 785/106/802
f 833/88/800 785/106/802 784/107/803
f 834/89/804 833/88/804 784/107/805
f 834/89/804 784/107/805 787/108/806
f 835/90/807 834/89/807 787/108/807
f 835/90/807 787/108/807 777/105/807
f 839/94/808 847/109/809 786/110/809
f 839/94/808 786/110/809 785/106/810
f 847/109/809 848/111/811 789/112/812
f 847/109/809 789/112/812 786/110/809
f 848/111/811 845/100/813 790/113/153
f 848/111/811 790/113/153 789/112/812
f 791/114/814 790/113/815 845/100/816
f 791/114/814 845/100/816 844/99/817
f 792/115/818 791/114/814 844/99/817
f 792/115/818 844/99/817 843/98/819
f 843/98/820 842/97/821 799/116/822
f 843/98/820 799/116/822 792/115/823
f 840/95/824 846/101/825 795/117/826
f 840/95/824 795/117/826 794/118/827
f 841/96/828 840/95/829 794/118/830
f 841/96/828 794/118/830 798/119/830
f 799/116/831 842/97/831 841/96/831
f 799/116/831 841/96/831 798/119/831
f 849/120/813 850/121/813 846/101/813
f 849/120/813 846/101/813 845/100/813
f 851/122/832 852/123/808 839/94/808
f 851/122/832 839/94/808 838/93/832
f 851/122/833 853/124/834 854/125/835
f 851/122/833 854/125/835 855/126/836
f 851/122/833 855/126/836 856/127/837
f 851/122/833 856/127/837 857/128/836
f 851/122/833 857/128/836 852/123/836
f 849/120/833 858/129/838 859/130/835
f 849/120/833 859/130/835 860/131/837
f 849/120/833 860/131/837 861/132/837
f 849/120/833 861/132/837 862/133/837
f 849/120/833 862/133/837 850/121/837
f 745/134/839 752/135/840 814/136/841
f 745/134/839 814/136/841 851/122/832
f 745/134/839 851/122/832 838/93/832
f 745/134/839 838/93/832 782/103/842
f 745/134/839 782/103/842 739/137/843
f 851/122/844 814/136/795 813/138/794
f 851/122/844 813/138/794 853/124/797
f 853/124/797 813/138/794 809/139/845
f 853/124/797 809/139/845 854/125/846
f 854/125/799 809/139/799 808/140/799
f 854/125/799 808/140/799 855/126/847
f 816/141/848 852/123/849 857/128/850
f 816/141/848 857/128/850 817/142/851
f 817/142/852 857/128/853 856/127/854
f 817/142/852 856/127/854 818/143/852
f 818/143/855 856/127/855 855/126/855
f 818/143/855 855/126/855 808/140/855
f 815/144/809 863/145/809 852/123/808
f 815/144/809 852/123/808 816/141/810
f 839/94/808 852/123/808 863/145/809
f 839/94/808 863/145/809 847/109/809
f 822/146/812 864/147/811 863/145/809
f 822/146/812 863/145/809 815/144/809
f 847/109/809 863/145/809 864/147/811
f 847/109/809 864/147/811 848/111/811
f 821/148/153 849/120/813 864/147/811
f 821/148/153 864/147/811 822/146/812
f 848/111/811 864/147/811 849/120/813
f 848/111/811 849/120/813 845/100/813
f 849/120/815 821/148/815 820/149/856
f 849/120/815 820/149/856 858/129/857
f 858/129/857 820/149/856 824/150/818
f 858/129/857 824/150/818 859/130/858
f 830/151/820 860/131/820 859/130/820
f 830/151/820 859/130/820 824/150/822
f 826/152/826 850/121/859 862/133/825
f 826/152/826 862/133/825 827/153/827
f 827/153/860 862/133/861 861/132/829
f 827/153/860 861/132/829 828/154/862
f 861/132/831 860/131/831 830/151/831
f 861/132/831 830/151/831 828/154/831
f 796/155/153 795/117/153 846/101/813
f 796/155/153 846/101/813 850/121/813
f 796/155/153 850/121/813 826/152/153
f 796/155/153 826/152/153 825/156/153
f 796/155/153 825/156/153 765/157/153
f 796/155/153 765/157/153 761/158/153
f 796/155/153 761/158/153 760/159/153
f 865/160/863 866/161/864 867/162/865
f 865/160/863 867/162/865 868/163/866
f 869/164/867 870/165/868 871/166/869
f 869/164/867 871/166/869 872/167/870
f 866/161/864 865/160/863 870/165/868
f 866/161/864 870/165/868 869/164/867
f 871/166/869 868/163/866 867/162/865
f 871/166/869 867/162/865 872/167/870
f 873/168/871 874/169/872 875/170/871
f 873/168/871 875/170/871 876/171/873
f 872/167/874 867/162/875 874/169/876
f 872/167/874 874/169/876 873/168/877
f 877/172/878 878/173/879 866/161/880
f 877/172/878 866/161/880 869/164/881
f 879/174/882 880/175/883 878/173/884
f 879/174/882 878/173/884 877/172/885
f 881/176/886 882/177/887 880/175/888
f 881/176/886 880/175/888 879/174/889
f 883/178/890 884/179/891 882/177/892
f 883/178/890 882/177/892 881/176/893
f 876/171/894 875/170/895 884/179/895
f 876/171/894 884/179/895 883/178/894
f 867/162/896 866/161/897 878/173/898
f 867/162/896 878/173/898 880/175/899
f 867/162/896 880/175/899 882/177/900
f 867/162/896 882/177/900 884/179/901
f 867/162/896 884/179/901 875/170/902
f 867/162/896 875/170/902 874/169/903
f 870/165/904 800/180/905 806/181/906
f 870/165/904 806/181/906 871/166/907
f 871/166/199 806/181/199 807/182/199
f 871/166/199 807/182/199 868/163/604
f 807/182/908 803/183/909 865/160/908
f 807/182/908 865/160/908 868/163/910
f 800/180/153 870/165/153 865/160/153
f 800/180/153 865/160/153 803/183/153
f 876/184/911 883/185/912 881/186/913
f 876/184/911 881/186/913 879/187/914
f 876/184/911 879/187/914 877/188/915
f 876/184/911 877/188/915 869/189/916
f 876/184/911 869/189/916 872/190/917
f 876/184/911 872/190/917 873/191/918
f 885/192/919 886/193/917 887/194/920
f 885/192/919 887/194/920 888/195/921
f 885/192/919 888/195/921 889/196/922
f 885/192/919 889/196/922 890/197/920
f 885/192/919 890/197/920 891/198/920
f 885/192/919 891/198/920 892/199/923
f 893/200/891 894/201/924 895/202/925
f 893/200/891 895/202/925 896/203/926
f 897/204/927 898/205/928 886/206/929
f 897/204/927 886/206/929 885/207/930
f 898/205/928 895/202/925 894/201/924
f 898/205/928 894/201/924 886/206/929
f 893/200/891 896/203/926 897/204/927
f 893/200/891 897/204/927 885/207/930
f 899/208/931 900/209/932 892/210/931
f 899/208/931 892/210/931 891/211/933
f 900/209/934 893/200/935 885/207/936
f 900/209/934 885/207/936 892/210/937
f 894/201/938 901/212/939 887/213/940
f 894/201/938 887/213/940 886/206/941
f 901/212/942 902/214/943 888/215/942
f 901/212/942 888/215/942 887/213/944
f 902/214/945 903/216/946 889/217/947
f 902/214/945 889/217/947 888/215/948
f 903/216/949 904/218/950 890/219/951
f 903/216/949 890/219/951 889/217/952
f 904/218/953 899/208/954 891/211/955
f 904/218/953 891/211/955 890/219/956
f 899/208/957 904/218/958 903/216/959
f 899/208/957 903/216/959 902/214/960
f 899/208/957 902/214/960 901/212/961
f 899/208/957 901/212/961 894/201/962
f 899/208/957 894/201/962 893/200/963
f 899/208/957 893/200/963 900/209/964
f 775/220/965 770/221/966 898/205/967
f 775/220/965 898/205/967 897/204/968
f 776/222/199 775/220/199 897/204/199
f 776/222/199 897/204/199 896/203/199
f 895/202/969 772/223/970 776/222/971
f 895/202/969 776/222/971 896/203/972
f 895/202/153 898/205/153 770/221/153
f 895/202/153 770/221/153 772/223/153
f 905/224/973 906/225/973 907/226/974
f 905/224/973 907/226/974 908/227/974
f 906/225/975 909/228/975 910/229/975
f 906/225/975 910/229/975 907/226/976
f 909/228/977 911/230/978 912/231/979
f 909/228/977 912/231/979 910/229/980
f 911/230/912 913/230/912 914/231/912
f 911/230/912 914/231/912 912/231/912
f 913/230/981 915/228/982 916/229/983
f 913/230/981 916/229/983 914/231/984
f 915/228/985 917/225/986 918/226/985
f 915/228/985 918/226/985 916/229/985
f 917/225/987 919/224/987 920/227/988
f 917/225/987 920/227/988 918/226/989
f 919/224/990 921/232/990 922/233/990
f 919/224/990 922/233/990 920/227/991
f 921/232/971 923/232/971 924/233/971
f 921/232/971 924/233/971 922/233/971
f 923/232/992 905/224/993 908/227/994
f 923/232/992 908/227/994 924/233/995
f 915/234/837 913/235/833 911/236/833
f 915/234/837 911/236/833 909/237/834
f 915/234/837 909/237/834 906/238/996
f 915/234/837 906/238/996 905/239/996
f 915/234/837 905/239/996 923/240/997
f 915/234/837 923/240/997 921/241/833
f 915/234/837 921/241/833 919/242/998
f 915/234/837 919/242/998 917/243/999
f 920/242/790 922/241/791 924/240/1000
f 920/242/790 924/240/1000 908/239/790
f 920/242/790 908/239/790 907/238/791
f 920/242/790 907/238/791 910/237/790
f 920/242/790 910/237/790 912/236/790
f 920/242/790 912/236/790 914/235/791
f 920/242/790 914/235/791 916/234/1001
f 920/242/790 916/234/1001 918/243/1002
f 925/225/1003 926/226/973 927/227/1004
f 925/225/1003 927/227/1004 928/224/1003
f 929/228/975 930/229/1005 926/226/1005
f 929/228/975 926/226/1005 925/225/975
f 931/230/977 932/231/1006 930/229/1006
f 931/230/977 930/229/1006 929/228/979
f 933/230/912 934/231/912 932/231/912
f 933/230/912 932/231/912 931/230/912
f 935/228/983 936/229/1007 934/231/1008
f 935/228/983 934/231/1008 933/230/1009
f 937/225/985 938/226/1010 936/229/1010
f 937/225/985 936/229/1010 935/228/985
f 939/224/1011 940/227/989 938/226/1012
f 939/224/1011 938/226/1012 937/225/987
f 941/232/990 942/233/1013 940/227/1014
f 941/232/990 940/227/1014 939/224/1015
f 943/232/898 944/233/910 942/233/1016
f 943/232/898 942/233/1016 941/232/971
f 928/224/1017 927/227/1018 944/233/1019
f 928/224/1017 944/233/1019 943/232/1020
f 940/242/1021 942/241/1022 944/240/790
f 940/242/1021 944/240/790 927/239/1000
f 940/242/1021 927/239/1000 926/238/791
f 940/242/1021 926/238/791 930/237/1000
f 940/242/1021 930/237/1000 932/236/1000
f 940/242/1021 932/236/1000 934/235/791
f 940/242/1021 934/235/791 936/234/791
f 940/242/1021 936/234/791 938/243/1021
f 935/234/837 933/235/833 931/236/833
f 935/234/837 931/236/833 929/237/1023
f 935/234/837 929/237/1023 925/238/833
f 935/234/837 925/238/833 928/239/837
f 935/234/837 928/239/837 943/240/1024
f 935/234/837 943/240/1024 941/241/836
f 935/234/837 941/241/836 939/242/1025
f 935/234/837 939/242/1025 937/243/1026
f 945/244/1003 946/245/974 947/227/974
f 945/244/1003 947/227/974 948/224/1003
f 949/228/975 950/229/975 946/245/975
f 949/228/975 946/245/975 945/244/975
f 951/230/1027 952/231/1028 950/229/979
f 951/230/1027 950/229/979 949/228/1029
f 953/230/912 954/231/912 952/231/912
f 953/230/912 952/231/912 951/230/912
f 955/228/983 956/229/1030 954/231/983
f 955/228/983 954/231/983 953/230/1031
f 957/244/985 958/245/985 956/229/985
f 957/244/985 956/229/985 955/228/985
f 959/224/1012 960/227/989 958/245/989
f 959/224/1012 958/245/989 957/244/1012
f 961/232/1032 962/233/1013 960/227/990
f 961/232/1032 960/227/990 959/224/1033
f 963/232/971 964/233/971 962/233/971
f 963/232/971 962/233/971 961/232/971
f 948/224/1017 947/227/1018 964/233/1019
f 948/224/1017 964/233/1019 963/232/1020
f 947/239/791 946/238/790 950/237/1001
f 947/239/791 950/237/1001 952/236/1021
f 947/239/791 952/236/1021 954/235/1034
f 947/239/791 954/235/1034 956/234/1000
f 947/239/791 956/234/1000 958/243/1021
f 947/239/791 958/243/1021 960/242/790
f 947/239/791 960/242/790 962/241/1034
f 947/239/791 962/241/1034 964/240/1035
f 959/242/997 957/243/1036 955/234/998
f 959/242/997 955/234/998 953/235/833
f 959/242/997 953/235/833 951/236/997
f 959/242/997 951/236/997 949/237/837
f 959/242/997 949/237/837 945/238/836
f 959/242/997 945/238/836 948/239/833
f 959/242/997 948/239/833 963/240/1037
f 959/242/997 963/240/1037 961/241/833
f 965/224/1038 966/244/1038 967/245/1039
f 965/224/1038 967/245/1039 968/227/974
f 966/244/975 969/228/975 970/229/975
f 966/244/975 970/229/975 967/245/1040
f 969/228/978 971/230/1041 972/231/979
f 969/228/978 972/231/979 970/229/980
f 971/230/912 973/230/912 974/231/912
f 971/230/912 974/231/912 972/231/912
f 973/230/983 975/228/982 976/229/983
f 973/230/983 976/229/983 974/231/1042
f 975/228/985 977/244/985 978/245/985
f 975/228/985 978/245/985 976/229/1043
f 977/244/988 979/224/1011 980/227/988
f 977/244/988 980/227/988 978/245/988
f 979/224/990 981/232/990 982/233/990
f 979/224/990 982/233/990 980/227/991
f 981/232/971 983/232/971 984/233/971
f 981/232/971 984/233/971 982/233/971
f 983/232/1044 965/224/1045 968/227/1044
f 983/232/1044 968/227/1044 984/233/1017
f 979/242/837 977/243/996 975/234/836
f 979/242/837 975/234/836 973/235/837
f 979/242/837 973/235/837 971/236/837
f 979/242/837 971/236/837 969/237/837
f 979/242/837 969/237/837 966/238/996
f 979/242/837 966/238/996 965/239/996
f 979/242/837 965/239/996 983/240/837
f 979/242/837 983/240/837 981/241/1046
f 968/239/790 967/238/791 970/237/1001
f 968/239/790 970/237/1001 972/236/791
f 968/239/790 972/236/791 974/235/1000
f 968/239/790 974/235/1000 976/234/1000
f 968/239/790 976/234/1000 978/243/791
f 968/239/790 978/243/791 980/242/790
f 968/239/790 980/242/790 982/241/791
f 968/239/790 982/241/791 984/240/791
f 985/1/655 986/2/1047 987/3/1048
f 985/1/655 987/3/1048 988/4/1049
f 985/1/655 988/4/1049 989/5/1050
f 985/1/655 989/5/1050 990/6/660
f 985/1/655 990/6/660 991/7/661
f 989/5/1050 992/8/1051 993/9/1052
f 989/5/1050 993/9/1052 990/6/660
f 990/6/660 994/10/664 995/11/1053
f 990/6/660 995/11/1053 996/12/666
f 990/6/660 996/12/666 997/13/1054
f 990/6/660 997/13/1054 998/14/1055
f 990/6/660 998/14/1055 991/7/661
f 993/9/1052 999/15/669 994/10/664
f 993/9/1052 994/10/664 990/6/660
f 1000/16/670 1001/17/671 1002/18/1056
f 1000/16/670 1002/18/1056 1003/19/1057
f 1003/19/1058 1002/18/1059 1004/20/676
f 1003/19/1058 1004/20/676 1005/21/677
f 1005/21/677 1004/20/676 1006/22/1060
f 1005/21/677 1006/22/1060 1007/23/1061
f 1008/24/680 1009/25/1062 1000/16/670
f 1008/24/680 1000/16/670 1003/19/1057
f 1010/26/1063 1008/24/683 1003/19/1058
f 1010/26/1063 1003/19/1058 1005/21/677
f 1011/27/1064 1010/26/1063 1005/21/677
f 1011/27/1064 1005/21/677 1007/23/1061
f 1000/28/670 1012/29/1065 1013/30/686
f 1000/28/670 1013/30/686 1001/31/671
f 1014/32/1066 1012/29/1065 1000/28/670
f 1014/32/1066 1000/28/670 1009/33/1062
f 1015/34/688 1016/35/1067 1017/36/690
f 1018/37/1068 1016/35/1067 1015/34/688
f 1001/38/1069 1018/37/1068 1015/34/688
f 1017/36/690 1016/35/1067 1019/39/1070
f 1013/40/694 1020/41/695 1021/42/1071
f 1022/43/1072 1013/40/694 1021/42/1071
f 1001/38/1069 1013/40/694 1022/43/1072
f 1022/43/1072 1018/37/1068 1001/38/1069
f 1021/42/1071 1020/41/695 1019/39/1070
f 1016/35/1067 1021/42/1071 1019/39/1070
f 987/44/1073 1023/45/699 1017/36/690
f 986/46/1074 1024/47/1075 1023/45/699
f 986/46/1074 1023/45/699 987/44/1073
f 1020/41/695 1025/48/1076 992/49/1077
f 1020/41/695 992/49/1077 989/50/1078
f 1020/41/695 989/50/1078 988/51/1079
f 1020/41/695 988/51/1079 1019/39/1070
f 1013/40/694 1026/52/1080 1025/48/1076
f 1013/40/694 1025/48/1076 1020/41/695
f 1002/53/1081 1001/38/1069 1027/54/1082
f 985/55/1083 1028/56/1084 1029/57/1085
f 985/55/1083 1029/57/1085 1024/47/1075
f 985/55/1083 1024/47/1075 986/46/1074
f 1030/58/1086 1031/59/1087 1032/60/714
f 1033/61/1088 1030/58/1086 1032/60/714
f 1033/61/1088 1032/60/714 1034/62/716
f 1023/45/699 1033/61/1088 1034/62/716
f 1023/45/699 1034/62/716 1017/36/690
f 1035/63/1089 1036/64/1090 1037/65/1091
f 1037/65/1091 1038/66/1092 1039/67/1093
f 1035/63/1089 1037/65/1091 1039/67/1093
f 1040/68/1094 1041/69/1095 1042/70/1096
f 1040/68/1094 1042/70/1096 1043/71/1097
f 1044/72/1098 1040/68/1094 1043/71/1097
f 1039/67/1099 1038/66/1099 1045/73/1099
f 1045/73/1100 1044/72/1100 1043/71/1100
f 1045/73/1101 1043/71/1102 1027/54/1082
f 1039/67/1093 1045/73/1101 1027/54/1082
f 1039/67/1093 1027/54/1082 1015/34/688
f 988/51/1079 987/44/1073 1017/36/690
f 988/51/1079 1017/36/690 1019/39/1070
f 1042/70/1103 1006/74/1104 1004/75/1105
f 1042/70/1103 1004/75/1105 1043/71/1102
f 1027/54/1082 1043/71/1102 1004/75/1105
f 1027/54/1082 1004/75/1105 1002/53/1081
f 1001/38/1069 1015/34/688 1027/54/1082
f 1034/62/716 1032/60/714 1035/63/1089
f 1034/62/716 1035/63/1089 1039/67/1093
f 1017/36/690 1034/62/716 1039/67/1093
f 1017/36/690 1039/67/1093 1015/34/688
f 1046/35/1106 1047/34/1107 1048/36/1108
f 1046/35/1106 1049/37/1109 1047/34/1107
f 1049/37/1109 1009/38/1110 1047/34/1107
f 1046/35/1106 1048/36/1108 1050/39/1111
f 1051/41/740 1014/40/1112 1052/42/1113
f 1014/40/1112 1053/43/1114 1052/42/1113
f 1014/40/1112 1009/38/1110 1053/43/1114
f 1049/37/1109 1053/43/1114 1009/38/1110
f 1051/41/740 1052/42/1113 1050/39/1111
f 1052/42/1113 1046/35/1106 1050/39/1111
f 1054/45/1115 996/44/1116 1048/36/1108
f 1054/45/1115 1055/47/1117 997/46/1118
f 1054/45/1115 997/46/1118 996/44/1116
f 999/49/1119 1056/48/1120 1051/41/740
f 999/49/1119 1051/41/740 994/50/750
f 995/51/751 994/50/750 1051/41/740
f 995/51/751 1051/41/740 1050/39/1111
f 1056/48/1120 1057/52/1121 1014/40/1112
f 1056/48/1120 1014/40/1112 1051/41/740
f 1009/38/1110 1008/53/1122 1058/54/1123
f 1059/57/1124 1060/56/1125 998/55/1126
f 1055/47/1117 1059/57/1124 998/55/1126
f 1055/47/1117 998/55/1126 997/46/1118
f 1061/60/1127 1062/59/1128 1063/58/760
f 1061/60/1127 1063/58/760 1064/61/1129
f 1061/60/1127 1064/61/1129 1065/62/1130
f 1065/62/1130 1064/61/1129 1054/45/1115
f 1065/62/1130 1054/45/1115 1048/36/1108
f 1066/65/1131 1067/64/1132 1068/63/1133
f 1066/65/1131 1068/63/1133 1069/67/766
f 1070/66/1134 1066/65/1131 1069/67/766
f 1071/70/1135 1072/69/1136 1073/68/1137
f 1073/68/1137 1074/72/1138 1075/71/1139
f 1071/70/1135 1073/68/1137 1075/71/1139
f 1058/54/1123 1075/71/1139 1074/72/1138
f 1058/54/1123 1074/72/1138 1076/73/1140
f 1058/54/1123 1076/73/1140 1070/66/1141
f 1058/54/1123 1070/66/1134 1069/67/766
f 1058/54/1123 1069/67/766 1047/34/1107
f 1048/36/1108 996/44/1116 995/51/751
f 1048/36/1108 995/51/751 1050/39/1111
f 1010/75/1142 1011/74/1143 1071/70/1144
f 1010/75/1142 1071/70/1144 1075/71/1139
f 1010/75/1142 1075/71/1139 1058/54/1123
f 1010/75/1142 1058/54/1123 1008/53/1122
f 1047/34/1107 1009/38/1110 1058/54/1123
f 1068/63/1133 1061/60/1127 1065/62/1130
f 1068/63/1133 1065/62/1130 1069/67/766
f 1069/67/766 1065/62/1130 1048/36/1108
f 1069/67/766 1048/36/1108 1047/34/1107
f 1077/76/1145 1026/77/779 1013/78/686
f 1077/76/1145 1013/78/686 1012/79/1065
f 1078/80/780 1025/81/781 1026/77/779
f 1078/80/780 1026/77/779 1077/76/1145
f 993/82/782 992/83/783 1025/81/781
f 993/82/782 1025/81/781 1078/80/780
f 1014/84/1066 1057/85/1146 1077/76/1145
f 1014/84/1066 1077/76/1145 1012/79/1065
f 1057/85/1146 1056/86/785 1078/80/780
f 1057/85/1146 1078/80/780 1077/76/1145
f 1056/86/785 999/87/786 993/82/782
f 1056/86/785 993/82/782 1078/80/780
f 1079/88/787 1080/89/1147 1081/90/793
f 1079/88/787 1081/90/793 1082/91/787
f 1079/88/787 1082/91/787 1083/92/791
f 1079/88/787 1083/92/791 1084/93/789
f 1079/88/787 1084/93/789 1085/94/787
f 1086/95/791 1087/96/1148 1088/97/1149
f 1086/95/791 1088/97/1149 1089/98/790
f 1086/95/791 1089/98/790 1090/99/787
f 1086/95/791 1090/99/787 1091/100/787
f 1086/95/791 1091/100/787 1092/101/1001
f 1029/102/1150 1028/103/1151 1084/93/1152
f 1029/102/1150 1084/93/1152 1083/92/1153
f 1024/104/1154 1029/102/1150 1083/92/1153
f 1024/104/1154 1083/92/1153 1082/91/845
f 1023/105/799 1024/104/799 1082/91/799
f 1023/105/799 1082/91/799 1081/90/1155
f 1079/88/1156 1085/94/802 1031/106/850
f 1079/88/1156 1031/106/850 1030/107/1157
f 1080/89/853 1079/88/853 1030/107/806
f 1080/89/853 1030/107/806 1033/108/806
f 1081/90/807 1080/89/1158 1033/108/807
f 1081/90/807 1033/108/807 1023/105/807
f 1085/94/808 1093/109/809 1032/110/809
f 1085/94/808 1032/110/809 1031/106/810
f 1093/109/809 1094/111/811 1035/112/812
f 1093/109/809 1035/112/812 1032/110/809
f 1094/111/811 1091/100/813 1036/113/153
f 1094/111/811 1036/113/153 1035/112/812
f 1037/114/1159 1036/113/1160 1091/100/1160
f 1037/114/1159 1091/100/1160 1090/99/1161
f 1038/115/858 1037/114/1159 1090/99/1161
f 1038/115/858 1090/99/1161 1089/98/1162
f 1089/98/820 1088/97/821 1045/116/820
f 1089/98/820 1045/116/820 1038/115/820
f 1086/95/825 1092/101/825 1041/117/1163
f 1086/95/825 1041/117/1163 1040/118/1164
f 1087/96/828 1086/95/1165 1040/118/1166
f 1087/96/828 1040/118/1166 1044/119/1166
f 1045/116/831 1088/97/831 1087/96/831
f 1045/116/831 1087/96/831 1044/119/831
f 1095/120/813 1096/121/813 1092/101/813
f 1095/120/813 1092/101/813 1091/100/813
f 1097/122/832 1098/123/808 1085/94/808
f 1097/122/832 1085/94/808 1084/93/832
f 1097/122/833 1099/124/1167 1100/125/838
f 1097/122/833 1100/125/838 1101/126/833
f 1097/122/833 1101/126/833 1102/127/1024
f 1097/122/833 1102/127/1024 1103/128/1168
f 1097/122/833 1103/128/1168 1098/123/837
f 1095/120/833 1104/129/838 1105/130/835
f 1095/120/833 1105/130/835 1106/131/837
f 1095/120/833 1106/131/837 1107/132/837
f 1095/120/833 1107/132/837 1108/133/836
f 1095/120/833 1108/133/836 1096/121/836
f 991/134/839 998/135/1169 1060/136/841
f 991/134/839 1060/136/841 1097/122/832
f 991/134/839 1097/122/832 1084/93/832
f 991/134/839 1084/93/832 1028/103/842
f 991/134/839 1028/103/842 985/137/843
f 1097/122/1170 1060/136/1171 1059/138/1172
f 1097/122/1170 1059/138/1172 1099/124/1173
f 1099/124/1173 1059/138/1172 1055/139/1174
f 1099/124/1173 1055/139/1174 1100/125/1175
f 1100/125/799 1055/139/799 1054/140/799
f 1100/125/799 1054/140/799 1101/126/1176
f 1062/141/848 1098/123/1177 1103/128/801
f 1062/141/848 1103/128/801 1063/142/848
f 1063/142/806 1103/128/1178 1102/127/1179
f 1063/142/806 1102/127/1179 1064/143/853
f 1064/143/807 1102/127/807 1101/126/807
f 1064/143/807 1101/126/807 1054/140/807
f 1061/144/809 1109/145/809 1098/123/808
f 1061/144/809 1098/123/808 1062/141/810
f 1085/94/808 1098/123/808 1109/145/809
f 1085/94/808 1109/145/809 1093/109/809
f 1068/146/812 1110/147/811 1109/145/809
f 1068/146/812 1109/145/809 1061/144/809
f 1093/109/809 1109/145/809 1110/147/811
f 1093/109/809 1110/147/811 1094/111/811
f 1067/148/153 1095/120/813 1110/147/811
f 1067/148/153 1110/147/811 1068/146/812
f 1094/111/811 1110/147/811 1095/120/813
f 1094/111/811 1095/120/813 1091/100/813
f 1095/120/815 1067/148/1180 1066/149/1181
f 1095/120/815 1066/149/1181 1104/129/857
f 1104/129/857 1066/149/1181 1070/150/818
f 1104/129/857 1070/150/818 1105/130/858
f 1076/151/820 1106/131/821 1105/130/820
f 1076/151/820 1105/130/820 1070/150/822
f 1072/152/1182 1096/121/859 1108/133/825
f 1072/152/1182 1108/133/825 1073/153/1183
f 1073/153/860 1108/133/830 1107/132/830
f 1073/153/860 1107/132/830 1074/154/862
f 1107/132/831 1106/131/831 1076/151/831
f 1107/132/831 1076/151/831 1074/154/831
f 1042/155/153 1041/117/153 1092/101/813
f 1042/155/153 1092/101/813 1096/121/813
f 1042/155/153 1096/121/813 1072/152/153
f 1042/155/153 1072/152/153 1071/156/153
f 1042/155/153 1071/156/153 1011/157/153
f 1042/155/153 1011/157/153 1007/158/153
f 1042/155/153 1007/158/153 1006/159/153
f 1111/160/1184 1112/161/1185 1113/162/949
f 1111/160/1184 1113/162/949 1114/163/1186
f 1115/164/1187 1116/165/1188 1117/166/1189
f 1115/164/1187 1117/166/1189 1118/167/951
f 1112/161/1185 1111/160/1184 1116/165/1188
f 1112/161/1185 1116/165/1188 1115/164/1187
f 1117/166/1189 1114/163/1186 1113/162/949
f 1117/166/1189 1113/162/949 1118/167/951
f 1119/168/1190 1120/169/1191 1121/170/1192
f 1119/168/1190 1121/170/1192 1122/171/1193
f 1118/167/1194 1113/162/1195 1120/169/1196
f 1118/167/1194 1120/169/1196 1119/168/1197
f 1123/172/1198 1124/173/1199 1112/161/1200
f 1123/172/1198 1112/161/1200 1115/164/1201
f 1125/174/1202 1126/175/1203 1124/173/1202
f 1125/174/1202 1124/173/1202 1123/172/882
f 1127/176/1204 1128/177/1205 1126/175/1206
f 1127/176/1204 1126/175/1206 1125/174/1207
f 1129/178/1208 1130/179/891 1128/177/1209
f 1129/178/1208 1128/177/1209 1127/176/1210
f 1122/171/1211 1121/170/1212 1130/179/1213
f 1122/171/1211 1130/179/1213 1129/178/1214
f 1113/162/971 1112/161/1215 1124/173/1216
f 1113/162/971 1124/173/1216 1126/175/1217
f 1113/162/971 1126/175/1217 1128/177/1218
f 1113/162/971 1128/177/1218 1130/179/1219
f 1113/162/971 1130/179/1219 1121/170/1220
f 1113/162/971 1121/170/1220 1120/169/1221
f 1116/165/904 1046/180/1222 1052/181/1223
f 1116/165/904 1052/181/1223 1117/166/968
f 1117/166/199 1052/181/199 1053/182/199
f 1117/166/199 1053/182/199 1114/163/604
f 1053/182/1224 1049/183/971 1111/160/1219
f 1053/182/1224 1111/160/1219 1114/163/972
f 1046/180/153 1116/165/153 1111/160/153
f 1046/180/153 1111/160/153 1049/183/153
f 1122/184/1225 1129/185/1226 1127/186/917
f 1122/184/1225 1127/186/917 1125/187/968
f 1122/184/1225 1125/187/968 1123/188/921
f 1122/184/1225 1123/188/921 1115/189/1227
f 1122/184/1225 1115/189/1227 1118/190/1228
f 1122/184/1225 1118/190/1228 1119/191/1229
f 1131/192/1230 1132/193/911 1133/194/1231
f 1131/192/1230 1133/194/1231 1134/195/1232
f 1131/192/1230 1134/195/1232 1135/196/1233
f 1131/192/1230 1135/196/1233 1136/197/1234
f 1131/192/1230 1136/197/1234 1137/198/1235
f 1131/192/1230 1137/198/1235 1138/199/1236
f 1139/200/1237 1140/201/1238 1141/202/1239
f 1139/200/1237 1141/202/1239 1142/203/1240
f 1143/204/924 1144/205/1241 1132/206/1242
f 1143/204/924 1132/206/1242 1131/207/1243
f 1144/205/1241 1141/202/1239 1140/201/1238
f 1144/205/1241 1140/201/1238 1132/206/1242
f 1139/200/1237 1142/203/1240 1143/204/924
f 1139/200/1237 1143/204/924 1131/207/1243
f 1145/208/1244 1146/209/1245 1138/210/1244
f 1145/208/1244 1138/210/1244 1137/211/1246
f 1146/209/1247 1139/200/1248 1131/207/1249
f 1146/209/1247 1131/207/1249 1138/210/937
f 1140/201/1250 1147/212/1251 1133/213/1252
f 1140/201/1250 1133/213/1252 1132/206/886
f 1147/212/882 1148/214/1253 1134/215/882
f 1147/212/882 1134/215/882 1133/213/944
f 1148/214/945 1149/216/1254 1135/217/1255
f 1148/214/945 1135/217/1255 1134/215/1256
f 1149/216/1257 1150/218/1258 1136/219/951
f 1149/216/1257 1136/219/951 1135/217/1259
f 1150/218/1260 1145/208/954 1137/211/1261
f 1150/218/1260 1137/211/1261 1136/219/1262
f 1145/208/1263 1150/218/958 1149/216/962
f 1145/208/1263 1149/216/962 1148/214/1264
f 1145/208/1263 1148/214/1264 1147/212/1265
f 1145/208/1263 1147/212/1265 1140/201/1265
f 1145/208/1263 1140/201/1265 1139/200/1266
f 1145/208/1263 1139/200/1266 1146/209/1267
f 1021/220/1268 1016/221/1269 1144/205/1270
f 1021/220/1268 1144/205/1270 1143/204/1271
f 1022/222/199 1021/220/199 1143/204/199
f 1022/222/199 1143/204/199 1142/203/199
f 1141/202/1272 1018/223/1273 1022/222/1274
f 1141/202/1272 1022/222/1274 1142/203/1219
f 1141/202/153 1144/205/153 1016/221/153
f 1141/202/153 1016/221/153 1018/223/153
f 1151/224/1003 1152/225/1003 1153/226/974
f 1151/224/1003 1153/226/974 1154/227/974
f 1152/225/975 1155/228/975 1156/229/975
f 1152/225/975 1156/229/975 1153/226/975
f 1155/228/1006 1157/230/1275 1158/231/1006
f 1155/228/1006 1158/231/1006 1156/229/980
f 1157/230/912 1159/230/912 1160/231/912
f 1157/230/912 1160/231/912 1158/231/912
f 1159/230/981 1161/228/1008 1162/229/983
f 1159/230/981 1162/229/983 1160/231/1276
f 1161/228/985 1163/225/985 1164/226/985
f 1161/228/985 1164/226/985 1162/229/985
f 1163/225/1012 1165/224/1012 1166/227/989
f 1163/225/1012 1166/227/989 1164/226/989
f 1165/224/1013 1167/232/1013 1168/233/991
f 1165/224/1013 1168/233/991 1166/227/991
f 1167/232/971 1169/232/971 1170/233/971
f 1167/232/971 1170/233/971 1168/233/971
f 1169/232/994 1151/224/992 1154/227/994
f 1169/232/994 1154/227/994 1170/233/1017
f 1161/234/1277 1159/235/1046 1157/236/1278
f 1161/234/1277 1157/236/1278 1155/237/837
f 1161/234/1277 1155/237/837 1152/238/1279
f 1161/234/1277 1152/238/1279 1151/239/837
f 1161/234/1277 1151/239/837 1169/240/1024
f 1161/234/1277 1169/240/1024 1167/241/1280
f 1161/234/1277 1167/241/1280 1165/242/1281
f 1161/234/1277 1165/242/1281 1163/243/1036
f 1166/242/790 1168/241/791 1170/240/1000
f 1166/242/790 1170/240/1000 1154/239/790
f 1166/242/790 1154/239/790 1153/238/1282
f 1166/242/790 1153/238/1282 1156/237/790
f 1166/242/790 1156/237/790 1158/236/791
f 1166/242/790 1158/236/791 1160/235/790
f 1166/242/790 1160/235/790 1162/234/793
f 1166/242/790 1162/234/793 1164/243/790
f 1171/225/1003 1172/226/973 1173/227/1004
f 1171/225/1003 1173/227/1004 1174/224/1003
f 1175/228/975 1176/229/975 1172/226/975
f 1175/228/975 1172/226/975 1171/225/1005
f 1177/230/1283 1178/231/1284 1176/229/1285
f 1177/230/1283 1176/229/1285 1175/228/979
f 1179/230/968 1180/231/968 1178/231/968
f 1179/230/968 1178/231/968 1177/230/968
f 1181/228/1008 1182/229/1286 1180/231/1042
f 1181/228/1008 1180/231/1042 1179/230/1287
f 1183/225/985 1184/226/985 1182/229/985
f 1183/225/985 1182/229/985 1181/228/1288
f 1185/224/1011 1186/227/989 1184/226/1012
f 1185/224/1011 1184/226/1012 1183/225/1011
f 1187/232/1013 1188/233/1289 1186/227/1013
f 1187/232/1013 1186/227/1013 1185/224/991
f 1189/232/898 1190/233/910 1188/233/1016
f 1189/232/898 1188/233/1016 1187/232/971
f 1174/224/1044 1173/227/1019 1190/233/994
f 1174/224/1044 1190/233/994 1189/232/1290
f 1186/242/790 1188/241/791 1190/240/1000
f 1186/242/790 1190/240/1000 1173/239/791
f 1186/242/790 1173/239/791 1172/238/791
f 1186/242/790 1172/238/791 1176/237/789
f 1186/242/790 1176/237/789 1178/236/789
f 1186/242/790 1178/236/789 1180/235/787
f 1186/242/790 1180/235/787 1182/234/1291
f 1186/242/790 1182/234/1291 1184/243/790
f 1181/234/837 1179/235/1292 1177/236/837
f 1181/234/837 1177/236/837 1175/237/834
f 1181/234/837 1175/237/834 1171/238/837
f 1181/234/837 1171/238/837 1174/239/1024
f 1181/234/837 1174/239/1024 1189/240/1024
f 1181/234/837 1189/240/1024 1187/241/998
f 1181/234/837 1187/241/998 1185/242/1293
f 1181/234/837 1185/242/1293 1183/243/837
f 1191/244/973 1192/245/973 1193/227/973
f 1191/244/973 1193/227/973 1194/224/973
f 1195/228/975 1196/229/1294 1192/245/975
f 1195/228/975 1192/245/975 1191/244/975
f 1197/230/1285 1198/231/1295 1196/229/1284
f 1197/230/1285 1196/229/1284 1195/228/979
f 1199/230/968 1200/231/968 1198/231/968
f 1199/230/968 1198/231/968 1197/230/968
f 1201/228/1007 1202/229/1296 1200/231/1042
f 1201/228/1007 1200/231/1042 1199/230/1297
f 1203/244/985 1204/245/985 1202/229/985
f 1203/244/985 1202/229/985 1201/228/1288
f 1205/224/987 1206/227/1298 1204/245/987
f 1205/224/987 1204/245/987 1203/244/987
f 1207/232/1299 1208/233/1013 1206/227/1013
f 1207/232/1299 1206/227/1013 1205/224/1300
f 1209/232/971 1210/233/971 1208/233/971
f 1209/232/971 1208/233/971 1207/232/971
f 1194/224/1020 1193/227/1017 1210/233/1301
f 1194/224/1020 1210/233/1301 1209/232/1020
f 1193/239/790 1192/238/790 1196/237/1000
f 1193/239/790 1196/237/1000 1198/236/1000
f 1193/239/790 1198/236/1000 1200/235/790
f 1193/239/790 1200/235/790 1202/234/790
f 1193/239/790 1202/234/790 1204/243/1282
f 1193/239/790 1204/243/1282 1206/242/790
f 1193/239/790 1206/242/790 1208/241/1000
f 1193/239/790 1208/241/1000 1210/240/1302
f 1205/242/833 1203/243/1303 1201/234/1304
f 1205/242/833 1201/234/1304 1199/235/836
f 1205/242/833 1199/235/836 1197/236/1277
f 1205/242/833 1197/236/1277 1195/237/837
f 1205/242/833 1195/237/837 1191/238/998
f 1205/242/833 1191/238/998 1194/239/837
f 1205/242/833 1194/239/837 1209/240/1278
f 1205/242/833 1209/240/1278 1207/241/1046
f 1211/224/1004 1212/244/973 1213/245/1003
f 1211/224/1004 1213/245/1003 1214/227/974
f 1212/244/975 1215/228/975 1216/229/975
f 1212/244/975 1216/229/975 1213/245/975
f 1215/228/1028 1217/230/1305 1218/231/1306
f 1215/228/1028 1218/231/1306 1216/229/1307
f 1217/230/912 1219/230/912 1220/231/912
f 1217/230/912 1220/231/912 1218/231/912
f 1219/230/983 1221/228/982 1222/229/1308
f 1219/230/983 1222/229/1308 1220/231/1276
f 1221/228/985 1223/244/985 1224/245/985
f 1221/228/985 1224/245/985 1222/229/985
f 1223/244/1011 1225/224/1011 1226/227/1012
f 1223/244/1011 1226/227/1012 1224/245/989
f 1225/224/1013 1227/232/1289 1228/233/1013
f 1225/224/1013 1228/233/1013 1226/227/991
f 1227/232/971 1229/232/971 1230/233/971
f 1227/232/971 1230/233/971 1228/233/971
f 1229/232/1017 1211/224/1017 1214/227/1017
f 1229/232/1017 1214/227/1017 1230/233/1017
f 1225/242/837 1223/243/1026 1221/234/1280
f 1225/242/837 1221/234/1280 1219/235/996
f 1225/242/837 1219/235/996 1217/236/1309
f 1225/242/837 1217/236/1309 1215/237/833
f 1225/242/837 1215/237/833 1212/238/837
f 1225/242/837 1212/238/837 1211/239/837
f 1225/242/837 1211/239/837 1229/240/833
f 1225/242/837 1229/240/833 1227/241/833
f 1214/239/790 1213/238/1310 1216/237/1291
f 1214/239/790 1216/237/1291 1218/236/787
f 1214/239/790 1218/236/787 1220/235/1149
f 1214/239/790 1220/235/1149 1222/234/1000
f 1214/239/790 1222/234/1000 1224/243/790
f 1214/239/790 1224/243/790 1226/242/790
f 1214/239/790 1226/242/790 1228/241/791
f 1214/239/790 1228/241/791 1230/240/791
f 1231/1/1311 1232/2/1312 1233/3/1313
f 1231/1/1311 1233/3/1313 1234/4/1314
f 1231/1/1311 1234/4/1314 1235/5/1315
f 1231/1/1311 1235/5/1315 1236/6/1316
f 1231/1/1311 1236/6/1316 1237/7/1317
f 1235/5/1315 1238/8/1318 1239/9/1319
f 1235/5/1315 1239/9/1319 1236/6/1316
f 1236/6/1316 1240/10/1320 1241/11/1321
f 1236/6/1316 1241/11/1321 1242/12/1322
f 1236/6/1316 1242/12/1322 1243/13/1323
f 1236/6/1316 1243/13/1323 1244/14/1324
f 1236/6/1316 1244/14/1324 1237/7/1317
f 1239/9/1319 1245/15/1325 1240/10/1320
f 1239/9/1319 1240/10/1320 1236/6/1316
f 1246/16/1326 1247/17/1327 1248/18/1328
f 1246/16/1326 1248/18/1328 1249/19/1329
f 1249/19/1330 1248/18/1331 1250/20/1332
f 1249/19/1330 1250/20/1332 1251/21/1333
f 1251/21/1333 1250/20/1332 1252/22/1334
f 1251/21/1333 1252/22/1334 1253/23/1335
f 1254/24/1336 1255/25/1337 1246/16/1326
f 1254/24/1336 1246/16/1326 1249/19/1329
f 1256/26/1338 1254/24/1339 1249/19/1330
f 1256/26/1338 1249/19/1330 1251/21/1333
f 1257/27/1340 1256/26/1338 1251/21/1333
f 1257/27/1340 1251/21/1333 1253/23/1335
f 1246/28/1326 1258/29/1341 1259/30/1342
f 1246/28/1326 1259/30/1342 1247/31/1327
f 1260/32/1343 1258/29/1341 1246/28/1326
f 1260/32/1343 1246/28/1326 1255/33/1337
f 1261/34/1344 1262/35/1345 1263/36/1346
f 1264/37/1347 1262/35/1345 1261/34/1344
f 1247/38/1348 1264/37/1347 1261/34/1344
f 1263/36/1346 1262/35/1345 1265/39/1349
f 1259/40/1350 1266/41/1351 1267/42/1352
f 1268/43/1353 1259/40/1350 1267/42/1352
f 1247/38/1348 1259/40/1350 1268/43/1353
f 1268/43/1353 1264/37/1347 1247/38/1348
f 1267/42/1352 1266/41/1351 1265/39/1349
f 1262/35/1345 1267/42/1352 1265/39/1349
f 1233/44/1354 1269/45/1355 1263/36/1346
f 1232/46/1356 1270/47/1357 1269/45/1355
f 1232/46/1356 1269/45/1355 1233/44/1354
f 1266/41/1351 1271/48/1358 1238/49/1359
f 1266/41/1351 1238/49/1359 1235/50/1360
f 1266/41/1351 1235/50/1360 1234/51/1361
f 1266/41/1351 1234/51/1361 1265/39/1349
f 1259/40/1350 1272/52/1362 1271/48/1358
f 1259/40/1350 1271/48/1358 1266/41/1351
f 1248/53/1363 1247/38/1348 1273/54/1364
f 1231/55/1365 1274/56/1366 1275/57/1367
f 1231/55/1365 1275/57/1367 1270/47/1357
f 1231/55/1365 1270/47/1357 1232/46/1356
f 1276/58/1368 1277/59/1369 1278/60/1370
f 1279/61/1371 1276/58/1368 1278/60/1370
f 1279/61/1371 1278/60/1370 1280/62/1372
f 1269/45/1355 1279/61/1371 1280/62/1372
f 1269/45/1355 1280/62/1372 1263/36/1346
f 1281/63/1373 1282/64/1374 1283/65/1375
f 1283/65/1375 1284/66/1376 1285/67/1377
f 1281/63/1373 1283/65/1375 1285/67/1377
f 1286/68/1378 1287/69/1379 1288/70/1380
f 1286/68/1378 1288/70/1380 1289/71/1381
f 1290/72/1382 1286/68/1378 1289/71/1381
f 1285/67/1383 1284/66/1383 1291/73/1383
f 1291/73/1384 1290/72/1385 1289/71/1384
f 1291/73/1386 1289/71/1387 1273/54/1364
f 1285/67/1377 1291/73/1386 1273/54/1364
f 1285/67/1377 1273/54/1364 1261/34/1344
f 1234/51/1361 1233/44/1354 1263/36/1346
f 1234/51/1361 1263/36/1346 1265/39/1349
f 1288/70/1388 1252/74/1389 1250/75/1390
f 1288/70/1388 1250/75/1390 1289/71/1387
f 1273/54/1364 1289/71/1387 1250/75/1390
f 1273/54/1364 1250/75/1390 1248/53/1363
f 1247/38/1348 1261/34/1344 1273/54/1364
f 1280/62/1372 1278/60/1370 1281/63/1373
f 1280/62/1372 1281/63/1373 1285/67/1377
f 1263/36/1346 1280/62/1372 1285/67/1377
f 1263/36/1346 1285/67/1377 1261/34/1344
f 1292/35/1391 1293/34/1392 1294/36/1393
f 1292/35/1391 1295/37/1394 1293/34/1392
f 1295/37/1394 1255/38/1395 1293/34/1392
f 1292/35/1391 1294/36/1393 1296/39/1396
f 1297/41/1397 1260/40/1398 1298/42/1399
f 1260/40/1398 1299/43/1400 1298/42/1399
f 1260/40/1398 1255/38/1395 1299/43/1400
f 1295/37/1394 1299/43/1400 1255/38/1395
f 1297/41/1397 1298/42/1399 1296/39/1396
f 1298/42/1399 1292/35/1391 1296/39/1396
f 1300/45/1401 1242/44/1402 1294/36/1393
f 1300/45/1401 1301/47/1403 1243/46/1404
f 1300/45/1401 1243/46/1404 1242/44/1402
f 1245/49/1405 1302/48/1406 1297/41/1397
f 1245/49/1405 1297/41/1397 1240/50/1407
f 1241/51/1408 1240/50/1407 1297/41/1397
f 1241/51/1408 1297/41/1397 1296/39/1396
f 1302/48/1406 1303/52/1409 1260/40/1398
f 1302/48/1406 1260/40/1398 1297/41/1397
f 1255/38/1395 1254/53/1410 1304/54/1411
f 1305/57/1412 1306/56/1413 1244/55/1414
f 1301/47/1403 1305/57/1412 1244/55/1414
f 1301/47/1403 1244/55/1414 1243/46/1404
f 1307/60/1415 1308/59/1416 1309/58/1417
f 1307/60/1415 1309/58/1417 1310/61/1418
f 1307/60/1415 1310/61/1418 1311/62/1419
f 1311/62/1419 1310/61/1418 1300/45/1401
f 1311/62/1419 1300/45/1401 1294/36/1393
f 1312/65/1420 1313/64/1421 1314/63/1422
f 1312/65/1420 1314/63/1422 1315/67/1423
f 1316/66/1424 1312/65/1420 1315/67/1423
f 1317/70/1425 1318/69/1426 1319/68/1427
f 1319/68/1427 1320/72/1428 1321/71/1429
f 1317/70/1425 1319/68/1427 1321/71/1429
f 1304/54/1411 1321/71/1429 1320/72/1428
f 1304/54/1411 1320/72/1428 1322/73/1430
f 1304/54/1411 1322/73/1430 1316/66/1431
f 1304/54/1411 1316/66/1424 1315/67/1423
f 1304/54/1411 1315/67/1423 1293/34/1392
f 1294/36/1393 1242/44/1402 1241/51/1408
f 1294/36/1393 1241/51/1408 1296/39/1396
f 1256/75/1432 1257/74/1433 1317/70/1434
f 1256/75/1432 1317/70/1434 1321/71/1429
f 1256/75/1432 1321/71/1429 1304/54/1411
f 1256/75/1432 1304/54/1411 1254/53/1410
f 1293/34/1392 1255/38/1395 1304/54/1411
f 1314/63/1422 1307/60/1415 1311/62/1419
f 1314/63/1422 1311/62/1419 1315/67/1423
f 1315/67/1423 1311/62/1419 1294/36/1393
f 1315/67/1423 1294/36/1393 1293/34/1392
f 1323/76/1435 1272/77/1436 1259/78/1342
f 1323/76/1435 1259/78/1342 1258/79/1341
f 1324/80/1437 1271/81/1438 1272/77/1436
f 1324/80/1437 1272/77/1436 1323/76/1435
f 1239/82/1439 1238/83/1440 1271/81/1438
f 1239/82/1439 1271/81/1438 1324/80/1437
f 1260/84/1343 1303/85/1441 1323/76/1435
f 1260/84/1343 1323/76/1435 1258/79/1341
f 1303/85/1441 1302/86/1442 1324/80/1437
f 1303/85/1441 1324/80/1437 1323/76/1435
f 1302/86/1442 1245/87/1443 1239/82/1439
f 1302/86/1442 1239/82/1439 1324/80/1437
f 1325/88/1444 1326/89/1445 1327/90/1446
f 1325/88/1444 1327/90/1446 1328/91/1447
f 1325/88/1444 1328/91/1447 1329/92/1447
f 1325/88/1444 1329/92/1447 1330/93/1447
f 1325/88/1444 1330/93/1447 1331/94/1447
f 1332/95/1444 1333/96/1448 1334/97/1449
f 1332/95/1444 1334/97/1449 1335/98/1447
f 1332/95/1444 1335/98/1447 1336/99/1444
f 1332/95/1444 1336/99/1444 1337/100/1444
f 1332/95/1444 1337/100/1444 1338/101/1447
f 1275/102/1450 1274/103/1451 1330/93/1452
f 1275/102/1450 1330/93/1452 1329/92/1453
f 1270/104/1454 1275/102/1450 1329/92/1453
f 1270/104/1454 1329/92/1453 1328/91/1455
f 1269/105/1456 1270/104/1456 1328/91/1456
f 1269/105/1456 1328/91/1456 1327/90/1456
f 1325/88/1457 1331/94/1458 1277/106/1459
f 1325/88/1457 1277/106/1459 1276/107/1460
f 1326/89/1461 1325/88/1462 1276/107/1463
f 1326/89/1461 1276/107/1463 1279/108/1464
f 1327/90/1465 1326/89/1465 1279/108/1466
f 1327/90/1465 1279/108/1466 1269/105/1466
f 1331/94/1467 1339/109/1468 1278/110/1468
f 1331/94/1467 1278/110/1468 1277/106/1469
f 1339/109/1468 1340/111/1470 1281/112/1471
f 1339/109/1468 1281/112/1471 1278/110/1468
f 1340/111/1470 1337/100/1472 1282/113/153
f 1340/111/1470 1282/113/153 1281/112/1471
f 1283/114/1473 1282/113/1474 1337/100/1475
f 1283/114/1473 1337/100/1475 1336/99/1476
f 1284/115/1477 1283/114/1473 1336/99/1476
f 1284/115/1477 1336/99/1476 1335/98/1478
f 1335/98/1479 1334/97/1479 1291/116/1479
f 1335/98/1479 1291/116/1479 1284/115/1479
f 1332/95/1480 1338/101/1480 1287/117/1481
f 1332/95/1480 1287/117/1481 1286/118/1481
f 1333/96/1482 1332/95/1483 1286/118/1484
f 1333/96/1482 1286/118/1484 1290/119/1484
f 1291/116/1485 1334/97/1486 1333/96/1486
f 1291/116/1485 1333/96/1486 1290/119/1485
f 1341/120/1472 1342/121/1472 1338/101/1472
f 1341/120/1472 1338/101/1472 1337/100/1472
f 1343/122/1487 1344/123/1467 1331/94/1467
f 1343/122/1487 1331/94/1467 1330/93/1487
f 1343/122/1488 1345/124/1489 1346/125/1490
f 1343/122/1488 1346/125/1490 1347/126/1488
f 1343/122/1488 1347/126/1488 1348/127/1488
f 1343/122/1488 1348/127/1488 1349/128/1488
f 1343/122/1488 1349/128/1488 1344/123/1491
f 1341/120/1492 1350/129/1493 1351/130/1494
f 1341/120/1492 1351/130/1494 1352/131/1488
f 1341/120/1492 1352/131/1488 1353/132/1490
f 1341/120/1492 1353/132/1490 1354/133/1492
f 1341/120/1492 1354/133/1492 1342/121/1491
f 1237/134/1495 1244/135/1496 1306/136/1497
f 1237/134/1495 1306/136/1497 1343/122/1487
f 1237/134/1495 1343/122/1487 1330/93/1487
f 1237/134/1495 1330/93/1487 1274/103/1498
f 1237/134/1495 1274/103/1498 1231/137/1499
f 1343/122/1500 1306/136/1501 1305/138/1502
f 1343/122/1500 1305/138/1502 1345/124/1503
f 1345/124/1503 1305/138/1502 1301/139/1455
f 1345/124/1503 1301/139/1455 1346/125/1454
f 1346/125/1456 1301/139/1456 1300/140/1456
f 1346/125/1456 1300/140/1456 1347/126/1456
f 1308/141/1504 1344/123/1457 1349/128/1457
f 1308/141/1504 1349/128/1457 1309/142/1504
f 1309/142/1461 1349/128/1461 1348/127/1461
f 1309/142/1461 1348/127/1461 1310/143/1505
f 1310/143/1466 1348/127/1466 1347/126/1466
f 1310/143/1466 1347/126/1466 1300/140/1466
f 1307/144/1468 1355/145/1468 1344/123/1467
f 1307/144/1468 1344/123/1467 1308/141/1469
f 1331/94/1467 1344/123/1467 1355/145/1468
f 1331/94/1467 1355/145/1468 1339/109/1468
f 1314/146/1471 1356/147/1470 1355/145/1468
f 1314/146/1471 1355/145/1468 1307/144/1468
f 1339/109/1468 1355/145/1468 1356/147/1470
f 1339/109/1468 1356/147/1470 1340/111/1470
f 1313/148/153 1341/120/1472 1356/147/1470
f 1313/148/153 1356/147/1470 1314/146/1471
f 1340/111/1470 1356/147/1470 1341/120/1472
f 1340/111/1470 1341/120/1472 1337/100/1472
f 1341/120/1506 1313/148/1475 1312/149/1507
f 1341/120/1506 1312/149/1507 1350/129/1508
f 1350/129/1508 1312/149/1507 1316/150/1509
f 1350/129/1508 1316/150/1509 1351/130/1509
f 1322/151/1479 1352/131/1479 1351/130/1479
f 1322/151/1479 1351/130/1479 1316/150/1479
f 1318/152/1510 1342/121/1481 1354/133/1481
f 1318/152/1510 1354/133/1481 1319/153/1511
f 1319/153/1512 1354/133/1512 1353/132/1512
f 1319/153/1512 1353/132/1512 1320/154/1512
f 1353/132/1486 1352/131/1486 1322/151/1485
f 1353/132/1486 1322/151/1485 1320/154/1485
f 1288/155/153 1287/117/153 1338/101/1472
f 1288/155/153 1338/101/1472 1342/121/1472
f 1288/155/153 1342/121/1472 1318/152/153
f 1288/155/153 1318/152/153 1317/156/153
f 1288/155/153 1317/156/153 1257/157/153
f 1288/155/153 1257/157/153 1253/158/153
f 1288/155/153 1253/158/153 1252/159/153
f 1357/160/1513 1358/161/1514 1359/162/1515
f 1357/160/1513 1359/162/1515 1360/163/1516
f 1361/164/1517 1362/165/1518 1363/166/1519
f 1361/164/1517 1363/166/1519 1364/167/1520
f 1358/161/1514 1357/160/1513 1362/165/1518
f 1358/161/1514 1362/165/1518 1361/164/1517
f 1363/166/1519 1360/163/1516 1359/162/1515
f 1363/166/1519 1359/162/1515 1364/167/1520
f 1365/168/1521 1366/169/1522 1367/170/1521
f 1365/168/1521 1367/170/1521 1368/171/1523
f 1364/167/1524 1359/162/1525 1366/169/1526
f 1364/167/1524 1366/169/1526 1365/168/1527
f 1369/172/1528 1370/173/1529 1358/161/1530
f 1369/172/1528 1358/161/1530 1361/164/1531
f 1371/174/1532 1372/175/1533 1370/173/1532
f 1371/174/1532 1370/173/1532 1369/172/1534
f 1373/176/1535 1374/177/1536 1372/175/1537
f 1373/176/1535 1372/175/1537 1371/174/1538
f 1375/178/1539 1376/179/1539 1374/177/1540
f 1375/178/1539 1374/177/1540 1373/176/1540
f 1368/171/1541 1367/170/1542 1376/179/1543
f 1368/171/1541 1376/179/1543 1375/178/1544
f 1359/162/1545 1358/161/1546 1370/173/1547
f 1359/162/1545 1370/173/1547 1372/175/1548
f 1359/162/1545 1372/175/1548 1374/177/1549
f 1359/162/1545 1374/177/1549 1376/179/1550
f 1359/162/1545 1376/179/1550 1367/170/1551
f 1359/162/1545 1367/170/1551 1366/169/1552
f 1362/165/1553 1292/180/1554 1298/181/1555
f 1362/165/1553 1298/181/1555 1363/166/1556
f 1363/166/199 1298/181/199 1299/182/199
f 1363/166/199 1299/182/199 1360/163/199
f 1299/182/1557 1295/183/1558 1357/160/1559
f 1299/182/1557 1357/160/1559 1360/163/1560
f 1292/180/153 1362/165/153 1357/160/153
f 1292/180/153 1357/160/153 1295/183/153
f 1368/184/1561 1375/185/1562 1373/186/1563
f 1368/184/1561 1373/186/1563 1371/187/1564
f 1368/184/1561 1371/187/1564 1369/188/1565
f 1368/184/1561 1369/188/1565 1361/189/1566
f 1368/184/1561 1361/189/1566 1364/190/1567
f 1368/184/1561 1364/190/1567 1365/191/1568
f 1377/192/1569 1378/193/1570 1379/194/1571
f 1377/192/1569 1379/194/1571 1380/195/1571
f 1377/192/1569 1380/195/1571 1381/196/1572
f 1377/192/1569 1381/196/1572 1382/197/1573
f 1377/192/1569 1382/197/1573 1383/198/1574
f 1377/192/1569 1383/198/1574 1384/199/1575
f 1385/200/1576 1386/201/1577 1387/202/1578
f 1385/200/1576 1387/202/1578 1388/203/1579
f 1389/204/1580 1390/205/1581 1378/206/1582
f 1389/204/1580 1378/206/1582 1377/207/1583
f 1390/205/1581 1387/202/1578 1386/201/1577
f 1390/205/1581 1386/201/1577 1378/206/1582
f 1385/200/1576 1388/203/1579 1389/204/1580
f 1385/200/1576 1389/204/1580 1377/207/1583
f 1391/208/1584 1392/209/1585 1384/210/1586
f 1391/208/1584 1384/210/1586 1383/211/1587
f 1392/209/1588 1385/200/1589 1377/207/1590
f 1392/209/1588 1377/207/1590 1384/210/1591
f 1386/201/1592 1393/212/1593 1379/213/1594
f 1386/201/1592 1379/213/1594 1378/206/1595
f 1393/212/1596 1394/214/1597 1380/215/1596
f 1393/212/1596 1380/215/1596 1379/213/1598
f 1394/214/1599 1395/216/1600 1381/217/1601
f 1394/214/1599 1381/217/1601 1380/215/1602
f 1395/216/1519 1396/218/1603 1382/219/1603
f 1395/216/1519 1382/219/1603 1381/217/1519
f 1396/218/1604 1391/208/1605 1383/211/1606
f 1396/218/1604 1383/211/1606 1382/219/1607
f 1391/208/1608 1396/218/1609 1395/216/1610
f 1391/208/1608 1395/216/1610 1394/214/1611
f 1391/208/1608 1394/214/1611 1393/212/1612
f 1391/208/1608 1393/212/1612 1386/201/1613
f 1391/208/1608 1386/201/1613 1385/200/1614
f 1391/208/1608 1385/200/1614 1392/209/1615
f 1267/220/1616 1262/221/1574 1390/205/1617
f 1267/220/1616 1390/205/1617 1389/204/1618
f 1268/222/199 1267/220/199 1389/204/199
f 1268/222/199 1389/204/199 1388/203/199
f 1387/202/1619 1264/223/1620 1268/222/1619
f 1387/202/1619 1268/222/1619 1388/203/1621
f 1387/202/153 1390/205/153 1262/221/153
f 1387/202/153 1262/221/153 1264/223/153
f 1397/224/1622 1398/225/1623 1399/226/1622
f 1397/224/1622 1399/226/1622 1400/227/1624
f 1398/225/1625 1401/228/1625 1402/229/1625
f 1398/225/1625 1402/229/1625 1399/226/1625
f 1401/228/1626 1403/230/1626 1404/231/1626
f 1401/228/1626 1404/231/1626 1402/229/1627
f 1403/230/1628 1405/230/1629 1406/231/1630
f 1403/230/1628 1406/231/1630 1404/231/1631
f 1405/230/1632 1407/228/1633 1408/229/1632
f 1405/230/1632 1408/229/1632 1406/231/1632
f 1407/228/1634 1409/225/1634 1410/226/1634
f 1407/228/1634 1410/226/1634 1408/229/1634
f 1409/225/1635 1411/224/1636 1412/227/1637
f 1409/225/1635 1412/227/1637 1410/226/1637
f 1411/224/1638 1413/232/1639 1414/233/1640
f 1411/224/1638 1414/233/1640 1412/227/1641
f 1413/232/1642 1415/232/1643 1416/233/1614
f 1413/232/1642 1416/233/1614 1414/233/1560
f 1415/232/1644 1397/224/1645 1400/227/1644
f 1415/232/1644 1400/227/1644 1416/233/1646
f 1407/234/1647 1405/235/1488 1403/236/1648
f 1407/234/1647 1403/236/1648 1401/237/1488
f 1407/234/1647 1401/237/1488 1398/238/1491
f 1407/234/1647 1398/238/1491 1397/239/1488
f 1407/234/1647 1397/239/1488 1415/240/1649
f 1407/234/1647 1415/240/1649 1413/241/1491
f 1407/234/1647 1413/241/1491 1411/242/1491
f 1407/234/1647 1411/242/1491 1409/243/1650
f 1412/242/1651 1414/241/1652 1416/240/1653
f 1412/242/1651 1416/240/1653 1400/239/1447
f 1412/242/1651 1400/239/1447 1399/238/1444
f 1412/242/1651 1399/238/1444 1402/237/1447
f 1412/242/1651 1402/237/1447 1404/236/1651
f 1412/242/1651 1404/236/1651 1406/235/1444
f 1412/242/1651 1406/235/1444 1408/234/1444
f 1412/242/1651 1408/234/1444 1410/243/1654
f 1417/225/1655 1418/226/1622 1419/227/1622
f 1417/225/1655 1419/227/1622 1420/224/1656
f 1421/228/1657 1422/229/1657 1418/226/1657
f 1421/228/1657 1418/226/1657 1417/225/1658
f 1423/230/1627 1424/231/1659 1422/229/1626
f 1423/230/1627 1422/229/1626 1421/228/1660
f 1425/230/1630 1426/231/1631 1424/231/1630
f 1425/230/1630 1424/231/1630 1423/230/1630
f 1427/228/1632 1428/229/1632 1426/231/1632
f 1427/228/1632 1426/231/1632 1425/230/1633
f 1429/225/1661 1430/226/1661 1428/229/1661
f 1429/225/1661 1428/229/1661 1427/228/1661
f 1431/224/1636 1432/227/1636 1430/226/1636
f 1431/224/1636 1430/226/1636 1429/225/1637
f 1433/232/1662 1434/233/1662 1432/227/1662
f 1433/232/1662 1432/227/1662 1431/224/1663
f 1435/232/1642 1436/233/1642 1434/233/1642
f 1435/232/1642 1434/233/1642 1433/232/1643
f 1420/224/1646 1419/227/1664 1436/233/1665
f 1420/224/1646 1436/233/1665 1435/232/1666
f 1432/242/1447 1434/241/1667 1436/240/1668
f 1432/242/1447 1436/240/1668 1419/239/1447
f 1432/242/1447 1419/239/1447 1418/238/1447
f 1432/242/1447 1418/238/1447 1422/237/1447
f 1432/242/1447 1422/237/1447 1424/236/1669
f 1432/242/1447 1424/236/1669 1426/235/1447
f 1432/242/1447 1426/235/1447 1428/234/1651
f 1432/242/1447 1428/234/1651 1430/243/1447
f 1427/234/1488 1425/235/1488 1423/236/1670
f 1427/234/1488 1423/236/1670 1421/237/1488
f 1427/234/1488 1421/237/1488 1417/238/1671
f 1427/234/1488 1417/238/1671 1420/239/1488
f 1427/234/1488 1420/239/1488 1435/240/1672
f 1427/234/1488 1435/240/1672 1433/241/1647
f 1427/234/1488 1433/241/1647 1431/242/1490
f 1427/234/1488 1431/242/1490 1429/243/1673
f 1437/244/1656 1438/245/1656 1439/227/1656
f 1437/244/1656 1439/227/1656 1440/224/1656
f 1441/228/1657 1442/229/1658 1438/245/1657
f 1441/228/1657 1438/245/1657 1437/244/1674
f 1443/230/1659 1444/231/1626 1442/229/1626
f 1443/230/1659 1442/229/1626 1441/228/1675
f 1445/230/1628 1446/231/1631 1444/231/1630
f 1445/230/1628 1444/231/1630 1443/230/1629
f 1447/228/1632 1448/229/1632 1446/231/1632
f 1447/228/1632 1446/231/1632 1445/230/1633
f 1449/244/1634 1450/245/1676 1448/229/1676
f 1449/244/1634 1448/229/1676 1447/228/1634
f 1451/224/1677 1452/227/1677 1450/245/1677
f 1451/224/1677 1450/245/1677 1449/244/1677
f 1453/232/1640 1454/233/1641 1452/227/1640
f 1453/232/1640 1452/227/1640 1451/224/1678
f 1455/232/1642 1456/233/1560 1454/233/1614
f 1455/232/1642 1454/233/1614 1453/232/1643
f 1440/224/1679 1439/227/1665 1456/233/1679
f 1440/224/1679 1456/233/1679 1455/232/1680
f 1439/239/1651 1438/238/1654 1442/237/1444
f 1439/239/1651 1442/237/1444 1444/236/1444
f 1439/239/1651 1444/236/1444 1446/235/1651
f 1439/239/1651 1446/235/1651 1448/234/1447
f 1439/239/1651 1448/234/1447 1450/243/1444
f 1439/239/1651 1450/243/1444 1452/242/1447
f 1439/239/1651 1452/242/1447 1454/241/1667
f 1439/239/1651 1454/241/1667 1456/240/1681
f 1451/242/1647 1449/243/1682 1447/234/1647
f 1451/242/1647 1447/234/1647 1445/235/1488
f 1451/242/1647 1445/235/1488 1443/236/1488
f 1451/242/1647 1443/236/1488 1441/237/1491
f 1451/242/1647 1441/237/1491 1437/238/1683
f 1451/242/1647 1437/238/1683 1440/239/1488
f 1451/242/1647 1440/239/1488 1455/240/1684
f 1451/242/1647 1455/240/1684 1453/241/1492
f 1457/224/1623 1458/244/1622 1459/245/1656
f 1457/224/1623 1459/245/1656 1460/227/1656
f 1458/244/1674 1461/228/1674 1462/229/1674
f 1458/244/1674 1462/229/1674 1459/245/1685
f 1461/228/1686 1463/230/1626 1464/231/1686
f 1461/228/1686 1464/231/1686 1462/229/1687
f 1463/230/1630 1465/230/1631 1466/231/1630
f 1463/230/1630 1466/231/1630 1464/231/1630
f 1465/230/1688 1467/228/1688 1468/229/1688
f 1465/230/1688 1468/229/1688 1466/231/1688
f 1467/228/1689 1469/244/1689 1470/245/1689
f 1467/228/1689 1470/245/1689 1468/229/1690
f 1469/244/1635 1471/224/1636 1472/227/1677
f 1469/244/1635 1472/227/1677 1470/245/1677
f 1471/224/1639 1473/232/1639 1474/233/1639
f 1471/224/1639 1474/233/1639 1472/227/1639
f 1473/232/1642 1475/232/1642 1476/233/1642
f 1473/232/1642 1476/233/1642 1474/233/1643
f 1475/232/1691 1457/224/1691 1460/227/1691
f 1475/232/1691 1460/227/1691 1476/233/1691
f 1471/242/1491 1469/243/1673 1467/234/1491
f 1471/242/1491 1467/234/1491 1465/235/1488
f 1471/242/1491 1465/235/1488 1463/236/1692
f 1471/242/1491 1463/236/1692 1461/237/1647
f 1471/242/1491 1461/237/1647 1458/238/1647
f 1471/242/1491 1458/238/1647 1457/239/1492
f 1471/242/1491 1457/239/1492 1475/240/1492
f 1471/242/1491 1475/240/1492 1473/241/1489
f 1460/239/1667 1459/238/1447 1462/237/1651
f 1460/239/1667 1462/237/1651 1464/236/1447
f 1460/239/1667 1464/236/1447 1466/235/1447
f 1460/239/1667 1466/235/1447 1468/234/1447
f 1460/239/1667 1468/234/1447 1470/243/1447
f 1460/239/1667 1470/243/1447 1472/242/1667
f 1460/239/1667 1472/242/1667 1474/241/1693
f 1460/239/1667 1474/241/1693 1476/240/1667
f 1477/1/1694 1478/2/1695 1479/3/1696
f 1477/1/1694 1479/3/1696 1480/4/1697
f 1477/1/1694 1480/4/1697 1481/5/1698
f 1477/1/1694 1481/5/1698 1482/6/1699
f 1477/1/1694 1482/6/1699 1483/7/1700
f 1481/5/1698 1484/8/1701 1485/9/1702
f 1481/5/1698 1485/9/1702 1482/6/1699
f 1482/6/1699 1486/10/1703 1487/11/1704
f 1482/6/1699 1487/11/1704 1488/12/1705
f 1482/6/1699 1488/12/1705 1489/13/1706
f 1482/6/1699 1489/13/1706 1490/14/1707
f 1482/6/1699 1490/14/1707 1483/7/1700
f 1485/9/1702 1491/15/1708 1486/10/1703
f 1485/9/1702 1486/10/1703 1482/6/1699
f 1492/16/1709 1493/17/1710 1494/18/1711
f 1492/16/1709 1494/18/1711 1495/19/1712
f 1495/19/1713 1494/18/1714 1496/20/1715
f 1495/19/1713 1496/20/1715 1497/21/1716
f 1497/21/1716 1496/20/1715 1498/22/1717
f 1497/21/1716 1498/22/1717 1499/23/1718
f 1500/24/1719 1501/25/1720 1492/16/1709
f 1500/24/1719 1492/16/1709 1495/19/1712
f 1502/26/1721 1500/24/1722 1495/19/1713
f 1502/26/1721 1495/19/1713 1497/21/1716
f 1503/27/1723 1502/26/1721 1497/21/1716
f 1503/27/1723 1497/21/1716 1499/23/1718
f 1492/28/1709 1504/29/1724 1505/30/1725
f 1492/28/1709 1505/30/1725 1493/31/1710
f 1506/32/1726 1504/29/1724 1492/28/1709
f 1506/32/1726 1492/28/1709 1501/33/1720
f 1507/34/1727 1508/35/1728 1509/36/1729
f 1510/37/1730 1508/35/1728 1507/34/1727
f 1493/38/1731 1510/37/1730 1507/34/1727
f 1509/36/1729 1508/35/1728 1511/39/1732
f 1505/40/1733 1512/41/1734 1513/42/1735
f 1514/43/1736 1505/40/1733 1513/42/1735
f 1493/38/1731 1505/40/1733 1514/43/1736
f 1514/43/1736 1510/37/1730 1493/38/1731
f 1513/42/1735 1512/41/1734 1511/39/1732
f 1508/35/1728 1513/42/1735 1511/39/1732
f 1479/44/1737 1515/45/1738 1509/36/1729
f 1478/46/1739 1516/47/1740 1515/45/1738
f 1478/46/1739 1515/45/1738 1479/44/1737
f 1512/41/1734 1517/48/1741 1484/49/1742
f 1512/41/1734 1484/49/1742 1481/50/1743
f 1512/41/1734 1481/50/1743 1480/51/1744
f 1512/41/1734 1480/51/1744 1511/39/1732
f 1505/40/1733 1518/52/1745 1517/48/1741
f 1505/40/1733 1517/48/1741 1512/41/1734
f 1494/53/1746 1493/38/1731 1519/54/1747
f 1477/55/1748 1520/56/1749 1521/57/1750
f 1477/55/1748 1521/57/1750 1516/47/1740
f 1477/55/1748 1516/47/1740 1478/46/1739
f 1522/58/1751 1523/59/1752 1524/60/1753
f 1525/61/1754 1522/58/1751 1524/60/1753
f 1525/61/1754 1524/60/1753 1526/62/1755
f 1515/45/1738 1525/61/1754 1526/62/1755
f 1515/45/1738 1526/62/1755 1509/36/1729
f 1527/63/1756 1528/64/1757 1529/65/1758
f 1529/65/1758 1530/66/1759 1531/67/1760
f 1527/63/1756 1529/65/1758 1531/67/1760
f 1532/68/1761 1533/69/1762 1534/70/1763
f 1532/68/1761 1534/70/1763 1535/71/1764
f 1536/72/1765 1532/68/1761 1535/71/1764
f 1531/67/1766 1530/66/1766 1537/73/1766
f 1537/73/1767 1536/72/1767 1535/71/1767
f 1537/73/1768 1535/71/1769 1519/54/1747
f 1531/67/1760 1537/73/1768 1519/54/1747
f 1531/67/1760 1519/54/1747 1507/34/1727
f 1480/51/1744 1479/44/1737 1509/36/1729
f 1480/51/1744 1509/36/1729 1511/39/1732
f 1534/70/1770 1498/74/1771 1496/75/1772
f 1534/70/1770 1496/75/1772 1535/71/1769
f 1519/54/1747 1535/71/1769 1496/75/1772
f 1519/54/1747 1496/75/1772 1494/53/1746
f 1493/38/1731 1507/34/1727 1519/54/1747
f 1526/62/1755 1524/60/1753 1527/63/1756
f 1526/62/1755 1527/63/1756 1531/67/1760
f 1509/36/1729 1526/62/1755 1531/67/1760
f 1509/36/1729 1531/67/1760 1507/34/1727
f 1538/35/1773 1539/34/1774 1540/36/1775
f 1538/35/1773 1541/37/1776 1539/34/1774
f 1541/37/1776 1501/38/1777 1539/34/1774
f 1538/35/1773 1540/36/1775 1542/39/1778
f 1543/41/1779 1506/40/1780 1544/42/1781
f 1506/40/1780 1545/43/1782 1544/42/1781
f 1506/40/1780 1501/38/1777 1545/43/1782
f 1541/37/1776 1545/43/1782 1501/38/1777
f 1543/41/1779 1544/42/1781 1542/39/1778
f 1544/42/1781 1538/35/1773 1542/39/1778
f 1546/45/1783 1488/44/1784 1540/36/1775
f 1546/45/1783 1547/47/1785 1489/46/1786
f 1546/45/1783 1489/46/1786 1488/44/1784
f 1491/49/1787 1548/48/1788 1543/41/1779
f 1491/49/1787 1543/41/1779 1486/50/1789
f 1487/51/1790 1486/50/1789 1543/41/1779
f 1487/51/1790 1543/41/1779 1542/39/1778
f 1548/48/1788 1549/52/1791 1506/40/1780
f 1548/48/1788 1506/40/1780 1543/41/1779
f 1501/38/1777 1500/53/1792 1550/54/1793
f 1551/57/1794 1552/56/1795 1490/55/1796
f 1547/47/1785 1551/57/1794 1490/55/1796
f 1547/47/1785 1490/55/1796 1489/46/1786
f 1553/60/1797 1554/59/1798 1555/58/1799
f 1553/60/1797 1555/58/1799 1556/61/1800
f 1553/60/1797 1556/61/1800 1557/62/1801
f 1557/62/1801 1556/61/1800 1546/45/1783
f 1557/62/1801 1546/45/1783 1540/36/1775
f 1558/65/1802 1559/64/1803 1560/63/1804
f 1558/65/1802 1560/63/1804 1561/67/1805
f 1562/66/1806 1558/65/1802 1561/67/1805
f 1563/70/1807 1564/69/1808 1565/68/1809
f 1565/68/1809 1566/72/1810 1567/71/1811
f 1563/70/1807 1565/68/1809 1567/71/1811
f 1550/54/1793 1567/71/1811 1566/72/1810
f 1550/54/1793 1566/72/1810 1568/73/1812
f 1550/54/1813 1568/73/1813 1562/66/1813
f 1550/54/1793 1562/66/1806 1561/67/1805
f 1550/54/1793 1561/67/1805 1539/34/1774
f 1540/36/1775 1488/44/1784 1487/51/1790
f 1540/36/1775 1487/51/1790 1542/39/1778
f 1502/75/1814 1503/74/1815 1563/70/1816
f 1502/75/1814 1563/70/1816 1567/71/1811
f 1502/75/1814 1567/71/1811 1550/54/1793
f 1502/75/1814 1550/54/1793 1500/53/1792
f 1539/34/1774 1501/38/1777 1550/54/1793
f 1560/63/1804 1553/60/1797 1557/62/1801
f 1560/63/1804 1557/62/1801 1561/67/1805
f 1561/67/1805 1557/62/1801 1540/36/1775
f 1561/67/1805 1540/36/1775 1539/34/1774
f 1569/76/1817 1518/77/1818 1505/78/1725
f 1569/76/1817 1505/78/1725 1504/79/1724
f 1570/80/1819 1517/81/1820 1518/77/1818
f 1570/80/1819 1518/77/1818 1569/76/1817
f 1485/82/1821 1484/83/1822 1517/81/1820
f 1485/82/1821 1517/81/1820 1570/80/1819
f 1506/84/1726 1549/85/1823 1569/76/1817
f 1506/84/1726 1569/76/1817 1504/79/1724
f 1549/85/1823 1548/86/1824 1570/80/1819
f 1549/85/1823 1570/80/1819 1569/76/1817
f 1548/86/1824 1491/87/1825 1485/82/1821
f 1548/86/1824 1485/82/1821 1570/80/1819
f 1571/88/1826 1572/89/1827 1573/90/1828
f 1571/88/1826 1573/90/1828 1574/91/1829
f 1571/88/1826 1574/91/1829 1575/92/1830
f 1571/88/1826 1575/92/1830 1576/93/1831
f 1571/88/1826 1576/93/1831 1577/94/1832
f 1578/95/1826 1579/96/1833 1580/97/1834
f 1578/95/1826 1580/97/1834 1581/98/1835
f 1578/95/1826 1581/98/1835 1582/99/1836
f 1578/95/1826 1582/99/1836 1583/100/1837
f 1578/95/1826 1583/100/1837 1584/101/1831
f 1521/102/1838 1520/103/1839 1576/93/1840
f 1521/102/1838 1576/93/1840 1575/92/1841
f 1516/104/1842 1521/102/1838 1575/92/1841
f 1516/104/1842 1575/92/1841 1574/91/1843
f 1515/105/1844 1516/104/1844 1574/91/1844
f 1515/105/1844 1574/91/1844 1573/90/1844
f 1571/88/1845 1577/94/1845 1523/106/1846
f 1571/88/1845 1523/106/1846 1522/107/1846
f 1572/89/1847 1571/88/1847 1522/107/1847
f 1572/89/1847 1522/107/1847 1525/108/1847
f 1573/90/1848 1572/89/1848 1525/108/1849
f 1573/90/1848 1525/108/1849 1515/105/1849
f 1577/94/1850 1585/109/1851 1524/110/1852
f 1577/94/1850 1524/110/1852 1523/106/1853
f 1585/109/1851 1586/111/1854 1527/112/1855
f 1585/109/1851 1527/112/1855 1524/110/1852
f 1586/111/1854 1583/100/1856 1528/113/153
f 1586/111/1854 1528/113/153 1527/112/1855
f 1529/114/1857 1528/113/1858 1583/100/1859
f 1529/114/1857 1583/100/1859 1582/99/1860
f 1530/115/1861 1529/114/1857 1582/99/1860
f 1530/115/1861 1582/99/1860 1581/98/1861
f 1581/98/1862 1580/97/1862 1537/116/1863
f 1581/98/1862 1537/116/1863 1530/115/1863
f 1578/95/1864 1584/101/1864 1533/117/1864
f 1578/95/1864 1533/117/1864 1532/118/1865
f 1579/96/1866 1578/95/1866 1532/118/1866
f 1579/96/1866 1532/118/1866 1536/119/1866
f 1537/116/1867 1580/97/1868 1579/96/1868
f 1537/116/1867 1579/96/1868 1536/119/1869
f 1587/120/1856 1588/121/1856 1584/101/1856
f 1587/120/1856 1584/101/1856 1583/100/1856
f 1589/122/1870 1590/123/1850 1577/94/1850
f 1589/122/1870 1577/94/1850 1576/93/1870
f 1589/122/1871 1591/124/1872 1592/125/1873
f 1589/122/1871 1592/125/1873 1593/126/1874
f 1589/122/1871 1593/126/1874 1594/127/1875
f 1589/122/1871 1594/127/1875 1595/128/1876
f 1589/122/1871 1595/128/1876 1590/123/1877
f 1587/120/1878 1596/129/1871 1597/130/1879
f 1587/120/1878 1597/130/1879 1598/131/1877
f 1587/120/1878 1598/131/1877 1599/132/1878
f 1587/120/1878 1599/132/1878 1600/133/1880
f 1587/120/1878 1600/133/1880 1588/121/1880
f 1483/134/1881 1490/135/1882 1552/136/1883
f 1483/134/1881 1552/136/1883 1589/122/1870
f 1483/134/1881 1589/122/1870 1576/93/1870
f 1483/134/1881 1576/93/1870 1520/103/1884
f 1483/134/1881 1520/103/1884 1477/137/1885
f 1589/122/1840 1552/136/1840 1551/138/1838
f 1589/122/1840 1551/138/1838 1591/124/1841
f 1591/124/1841 1551/138/1838 1547/139/1886
f 1591/124/1841 1547/139/1886 1592/125/1843
f 1592/125/1844 1547/139/1844 1546/140/1844
f 1592/125/1844 1546/140/1844 1593/126/1887
f 1554/141/1845 1590/123/1845 1595/128/1845
f 1554/141/1845 1595/128/1845 1555/142/1845
f 1555/142/1847 1595/128/1847 1594/127/1847
f 1555/142/1847 1594/127/1847 1556/143/1847
f 1556/143/1848 1594/127/1848 1593/126/1848
f 1556/143/1848 1593/126/1848 1546/140/1849
f 1553/144/1851 1601/145/1851 1590/123/1850
f 1553/144/1851 1590/123/1850 1554/141/1853
f 1577/94/1850 1590/123/1850 1601/145/1851
f 1577/94/1850 1601/145/1851 1585/109/1851
f 1560/146/1855 1602/147/1854 1601/145/1851
f 1560/146/1855 1601/145/1851 1553/144/1851
f 1585/109/1851 1601/145/1851 1602/147/1854
f 1585/109/1851 1602/147/1854 1586/111/1854
f 1559/148/153 1587/120/1856 1602/147/1854
f 1559/148/153 1602/147/1854 1560/146/1855
f 1586/111/1854 1602/147/1854 1587/120/1856
f 1586/111/1854 1587/120/1856 1583/100/1856
f 1587/120/1859 1559/148/1859 1558/149/1888
f 1587/120/1859 1558/149/1888 1596/129/1860
f 1596/129/1860 1558/149/1888 1562/150/1889
f 1596/129/1860 1562/150/1889 1597/130/1861
f 1568/151/1863 1598/131/1863 1597/130/1863
f 1568/151/1863 1597/130/1863 1562/150/1863
f 1564/152/1864 1588/121/1864 1600/133/1864
f 1564/152/1864 1600/133/1864 1565/153/1864
f 1565/153/1890 1600/133/1891 1599/132/1891
f 1565/153/1890 1599/132/1891 1566/154/1890
f 1599/132/1867 1598/131/1892 1568/151/1868
f 1599/132/1867 1568/151/1868 1566/154/1868
f 1534/155/153 1533/117/153 1584/101/1856
f 1534/155/153 1584/101/1856 1588/121/1856
f 1534/155/153 1588/121/1856 1564/152/153
f 1534/155/153 1564/152/153 1563/156/153
f 1534/155/153 1563/156/153 1503/157/153
f 1534/155/153 1503/157/153 1499/158/153
f 1534/155/153 1499/158/153 1498/159/153
f 1603/160/1893 1604/161/1894 1605/162/1895
f 1603/160/1893 1605/162/1895 1606/163/1896
f 1607/164/1897 1608/165/1898 1609/166/1899
f 1607/164/1897 1609/166/1899 1610/167/1900
f 1604/161/1894 1603/160/1893 1608/165/1898
f 1604/161/1894 1608/165/1898 1607/164/1897
f 1609/166/1899 1606/163/1896 1605/162/1895
f 1609/166/1899 1605/162/1895 1610/167/1900
f 1611/168/1901 1612/169/1902 1613/170/1901
f 1611/168/1901 1613/170/1901 1614/171/1903
f 1610/167/1904 1605/162/1905 1612/169/1906
f 1610/167/1904 1612/169/1906 1611/168/1907
f 1615/172/1908 1616/173/1909 1604/161/1910
f 1615/172/1908 1604/161/1910 1607/164/1911
f 1617/174/1912 1618/175/1913 1616/173/1912
f 1617/174/1912 1616/173/1912 1615/172/1914
f 1619/176/1915 1620/177/1916 1618/175/1917
f 1619/176/1915 1618/175/1917 1617/174/1918
f 1621/178/1919 1622/179/1919 1620/177/1919
f 1621/178/1919 1620/177/1919 1619/176/1920
f 1614/171/1921 1613/170/1922 1622/179/1923
f 1614/171/1921 1622/179/1923 1621/178/1924
f 1605/162/1925 1604/161/1926 1616/173/1927
f 1605/162/1925 1616/173/1927 1618/175/1925
f 1605/162/1925 1618/175/1925 1620/177/1928
f 1605/162/1925 1620/177/1928 1622/179/1925
f 1605/162/1925 1622/179/1925 1613/170/1929
f 1605/162/1925 1613/170/1929 1612/169/1930
f 1608/165/1931 1538/180/1932 1544/181/1933
f 1608/165/1931 1544/181/1933 1609/166/1934
f 1609/166/199 1544/181/199 1545/182/199
f 1609/166/199 1545/182/199 1606/163/199
f 1545/182/1935 1541/183/1936 1603/160/1936
f 1545/182/1935 1603/160/1936 1606/163/1935
f 1538/180/153 1608/165/153 1603/160/153
f 1538/180/153 1603/160/153 1541/183/153
f 1614/184/1934 1621/185/1933 1619/186/1937
f 1614/184/1934 1619/186/1937 1617/187/1931
f 1614/184/1934 1617/187/1931 1615/188/1934
f 1614/184/1934 1615/188/1934 1607/189/1934
f 1614/184/1934 1607/189/1934 1610/190/1931
f 1614/184/1934 1610/190/1931 1611/191/1938
f 1623/192/1933 1624/193/1939 1625/194/1933
f 1623/192/1933 1625/194/1933 1626/195/1934
f 1623/192/1933 1626/195/1934 1627/196/1934
f 1623/192/1933 1627/196/1934 1628/197/1933
f 1623/192/1933 1628/197/1933 1629/198/1940
f 1623/192/1933 1629/198/1940 1630/199/1941
f 1631/200/1942 1632/201/1943 1633/202/1944
f 1631/200/1942 1633/202/1944 1634/203/1945
f 1635/204/1946 1636/205/1947 1624/206/1948
f 1635/204/1946 1624/206/1948 1623/207/1949
f 1636/205/1947 1633/202/1944 1632/201/1943
f 1636/205/1947 1632/201/1943 1624/206/1948
f 1631/200/1942 1634/203/1945 1635/204/1946
f 1631/200/1942 1635/204/1946 1623/207/1949
f 1637/208/1950 1638/209/1951 1630/210/1950
f 1637/208/1950 1630/210/1950 1629/211/1952
f 1638/209/1953 1631/200/1954 1623/207/1955
f 1638/209/1953 1623/207/1955 1630/210/1956
f 1632/201/1957 1639/212/1958 1625/213/1959
f 1632/201/1957 1625/213/1959 1624/206/1960
f 1639/212/1961 1640/214/1962 1626/215/1961
f 1639/212/1961 1626/215/1961 1625/213/1963
f 1640/214/1964 1641/216/1965 1627/217/1966
f 1640/214/1964 1627/217/1966 1626/215/1967
f 1641/216/1968 1642/218/1968 1628/219/1968
f 1641/216/1968 1628/219/1968 1627/217/1968
f 1642/218/1969 1637/208/1970 1629/211/1971
f 1642/218/1969 1629/211/1971 1628/219/1972
f 1637/208/1925 1642/218/1973 1641/216/1927
f 1637/208/1925 1641/216/1927 1640/214/1927
f 1637/208/1925 1640/214/1927 1639/212/1925
f 1637/208/1925 1639/212/1925 1632/201/1925
f 1637/208/1925 1632/201/1925 1631/200/1935
f 1637/208/1925 1631/200/1935 1638/209/1974
f 1513/220/1933 1508/221/1934 1636/205/1934
f 1513/220/1933 1636/205/1934 1635/204/1933
f 1514/222/199 1513/220/199 1635/204/199
f 1514/222/199 1635/204/199 1634/203/199
f 1633/202/1935 1510/223/1975 1514/222/1935
f 1633/202/1935 1514/222/1935 1634/203/1936
f 1633/202/153 1636/205/153 1508/221/153
f 1633/202/153 1508/221/153 1510/223/153
f 1643/224/1976 1644/225/1977 1645/226/1976
f 1643/224/1976 1645/226/1976 1646/227/1976
f 1644/225/1978 1647/228/1979 1648/229/1980
f 1644/225/1978 1648/229/1980 1645/226/1981
f 1647/228/1982 1649/230/1983 1650/231/1984
f 1647/228/1982 1650/231/1984 1648/229/1985
f 1649/230/1933 1651/230/1933 1652/231/1933
f 1649/230/1933 1652/231/1933 1650/231/1933
f 1651/230/1986 1653/228/1986 1654/229/1986
f 1651/230/1986 1654/229/1986 1652/231/1987
f 1653/228/1988 1655/225/1989 1656/226/1990
f 1653/228/1988 1656/226/1990 1654/229/1991
f 1655/225/1992 1657/224/1992 1658/227/1992
f 1655/225/1992 1658/227/1992 1656/226/1992
f 1657/224/1993 1659/232/1993 1660/233/1994
f 1657/224/1993 1660/233/1994 1658/227/1995
f 1659/232/1936 1661/232/1936 1662/233/1936
f 1659/232/1936 1662/233/1936 1660/233/1936
f 1661/232/1996 1643/224/1996 1646/227/1997
f 1661/232/1996 1646/227/1997 1662/233/1998
f 1653/234/1999 1651/235/1871 1649/236/1871
f 1653/234/1999 1649/236/1871 1647/237/1873
f 1653/234/1999 1647/237/1873 1644/238/2000
f 1653/234/1999 1644/238/2000 1643/239/2001
f 1653/234/1999 1643/239/2001 1661/240/1878
f 1653/234/1999 1661/240/1878 1659/241/2002
f 1653/234/1999 1659/241/2002 1657/242/1871
f 1653/234/1999 1657/242/1871 1655/243/2003
f 1658/242/1837 1660/241/1831 1662/240/1831
f 1658/242/1837 1662/240/1831 1646/239/1833
f 1658/242/1837 1646/239/1833 1645/238/2004
f 1658/242/1837 1645/238/2004 1648/237/1835
f 1658/242/1837 1648/237/1835 1650/236/2004
f 1658/242/1837 1650/236/2004 1652/235/1836
f 1658/242/1837 1652/235/1836 1654/234/2005
f 1658/242/1837 1654/234/2005 1656/243/2006
f 1663/225/1976 1664/226/1977 1665/227/1976
f 1663/225/1976 1665/227/1976 1666/224/2007
f 1667/228/1980 1668/229/1978 1664/226/1980
f 1667/228/1980 1664/226/1980 1663/225/1981
f 1669/230/2008 1670/231/2009 1668/229/1984
f 1669/230/2008 1668/229/1984 1667/228/2010
f 1671/230/1933 1672/231/1933 1670/231/1933
f 1671/230/1933 1670/231/1933 1669/230/1933
f 1673/228/2011 1674/229/2012 1672/231/1986
f 1673/228/2011 1672/231/1986 1671/230/2011
f 1675/225/1990 1676/226/1990 1674/229/1990
f 1675/225/1990 1674/229/1990 1673/228/1990
f 1677/224/1992 1678/227/2013 1676/226/2013
f 1677/224/1992 1676/226/2013 1675/225/2014
f 1679/232/2015 1680/233/2016 1678/227/2017
f 1679/232/2015 1678/227/2017 1677/224/2018
f 1681/232/1936 1682/233/1936 1680/233/1936
f 1681/232/1936 1680/233/1936 1679/232/1936
f 1666/224/2019 1665/227/2020 1682/233/2021
f 1666/224/2019 1682/233/2021 1681/232/2022
f 1678/242/1836 1680/241/1831 1682/240/1831
f 1678/242/1836 1682/240/1831 1665/239/2023
f 1678/242/1836 1665/239/2023 1664/238/2024
f 1678/242/1836 1664/238/2024 1668/237/2025
f 1678/242/1836 1668/237/2025 1670/236/1836
f 1678/242/1836 1670/236/1836 1672/235/1826
f 1678/242/1836 1672/235/1826 1674/234/1826
f 1678/242/1836 1674/234/1826 1676/243/2026
f 1673/234/1871 1671/235/1871 1669/236/1871
f 1673/234/1871 1669/236/1871 1667/237/1873
f 1673/234/1871 1667/237/1873 1663/238/2027
f 1673/234/1871 1663/238/2027 1666/239/1875
f 1673/234/1871 1666/239/1875 1681/240/1878
f 1673/234/1871 1681/240/1878 1679/241/2002
f 1673/234/1871 1679/241/2002 1677/242/1880
f 1673/234/1871 1677/242/1880 1675/243/1871
f 1683/244/2028 1684/245/1977 1685/227/2028
f 1683/244/2028 1685/227/2028 1686/224/2007
f 1687/228/1980 1688/229/1981 1684/245/1981
f 1687/228/1980 1684/245/1981 1683/244/1978
f 1689/230/1984 1690/231/1985 1688/229/1984
f 1689/230/1984 1688/229/1984 1687/228/1984
f 1691/230/1933 1692/231/1933 1690/231/1933
f 1691/230/1933 1690/231/1933 1689/230/1933
f 1693/228/1986 1694/229/2029 1692/231/2011
f 1693/228/1986 1692/231/2011 1691/230/2012
f 1695/244/1990 1696/245/1991 1694/229/1990
f 1695/244/1990 1694/229/1990 1693/228/1990
f 1697/224/2014 1698/227/2014 1696/245/2014
f 1697/224/2014 1696/245/2014 1695/244/2014
f 1699/232/2017 1700/233/1993 1698/227/2030
f 1699/232/2017 1698/227/2030 1697/224/2017
f 1701/232/1936 1702/233/1936 1700/233/1936
f 1701/232/1936 1700/233/1936 1699/232/1936
f 1686/224/1996 1685/227/2031 1702/233/1996
f 1686/224/1996 1702/233/1996 1701/232/2032
f 1685/239/1826 1684/238/2033 1688/237/1832
f 1685/239/1826 1688/237/1832 1690/236/1826
f 1685/239/1826 1690/236/1826 1692/235/1836
f 1685/239/1826 1692/235/1836 1694/234/1837
f 1685/239/1826 1694/234/1837 1696/243/1837
f 1685/239/1826 1696/243/1837 1698/242/1833
f 1685/239/1826 1698/242/1833 1700/241/1831
f 1685/239/1826 1700/241/1831 1702/240/1831
f 1697/242/1878 1695/243/2034 1693/234/1877
f 1697/242/1878 1693/234/1877 1691/235/1878
f 1697/242/1878 1691/235/1878 1689/236/1880
f 1697/242/1878 1689/236/1880 1687/237/2000
f 1697/242/1878 1687/237/2000 1683/238/2001
f 1697/242/1878 1683/238/2001 1686/239/1873
f 1697/242/1878 1686/239/1873 1701/240/1871
f 1697/242/1878 1701/240/1871 1699/241/1871
f 1703/224/1976 1704/244/1977 1705/245/2028
f 1703/224/1976 1705/245/2028 1706/227/2007
f 1704/244/1980 1707/228/1980 1708/229/1980
f 1704/244/1980 1708/229/1980 1705/245/1980
f 1707/228/2008 1709/230/2008 1710/231/2008
f 1707/228/2008 1710/231/2008 1708/229/1984
f 1709/230/1933 1711/230/1933 1712/231/1933
f 1709/230/1933 1712/231/1933 1710/231/1933
f 1711/230/2011 1713/228/2011 1714/229/2011
f 1711/230/2011 1714/229/2011 1712/231/1986
f 1713/228/1990 1715/244/1990 1716/245/1990
f 1713/228/1990 1716/245/1990 1714/229/1990
f 1715/244/1992 1717/224/2013 1718/227/2014
f 1715/244/1992 1718/227/2014 1716/245/2035
f 1717/224/1993 1719/232/2015 1720/233/1993
f 1717/224/1993 1720/233/1993 1718/227/1993
f 1719/232/1936 1721/232/1936 1722/233/1936
f 1719/232/1936 1722/233/1936 1720/233/1936
f 1721/232/2021 1703/224/2021 1706/227/2036
f 1721/232/2021 1706/227/2036 1722/233/1996
f 1717/242/2002 1715/243/2037 1713/234/1878
f 1717/242/2002 1713/234/1878 1711/235/1878
f 1717/242/2002 1711/235/1878 1709/236/2002
f 1717/242/2002 1709/236/2002 1707/237/1875
f 1717/242/2002 1707/237/1875 1704/238/2038
f 1717/242/2002 1704/238/2038 1703/239/1873
f 1717/242/2002 1703/239/1873 1721/240/1871
f 1717/242/2002 1721/240/1871 1719/241/1871
f 1706/239/1837 1705/238/2026 1708/237/2039
f 1706/239/1837 1708/237/2039 1710/236/1836
f 1706/239/1837 1710/236/1836 1712/235/2004
f 1706/239/1837 1712/235/2004 1714/234/2024
f 1706/239/1837 1714/234/2024 1716/243/2024
f 1706/239/1837 1716/243/2024 1718/242/2023
f 1706/239/1837 1718/242/2023 1720/241/1831
f 1706/239/1837 1720/241/1831 1722/240/1831
